time_stamp,humidity,pm2.5_alt,pm2.5_atm,pm2.5_cf_1
2021-09-08 19:00:00+02:00,23.2,4.3,7.271,7.321
2021-09-08 20:00:00+02:00,29.733,4.5,7.7975,7.801
2021-09-08 21:00:00+02:00,34.767,4.6,7.923,7.9455
2021-09-08 22:00:00+02:00,40.233,4.8,8.378,8.3845
2021-09-08 23:00:00+02:00,43.167,4.3,7.4565,7.4565
2021-09-09 00:00:00+02:00,45.666,4.3,7.2265,7.2265
2021-09-09 01:00:00+02:00,48.7,3.6,6.186,6.186
2021-09-09 02:00:00+02:00,50.1,3.3,5.541,5.541
2021-09-09 03:00:00+02:00,51.334,4.7,8.0735,8.2735
2021-09-09 04:00:00+02:00,52.334,4.2,7.0655,7.1745
2021-09-09 05:00:00+02:00,52.166,4.4,7.556,7.618
2021-09-09 06:00:00+02:00,53.633,5.1,8.819,8.8515
2021-09-09 07:00:00+02:00,53.4,8.8,13.6215,15.3185
2021-09-09 08:00:00+02:00,49.933,4.7,8.1015,8.1015
2021-09-09 09:00:00+02:00,43.4,5.1,8.778,8.7965
2021-09-09 10:00:00+02:00,35.067,4.6,7.9885,8.0205
2021-09-09 11:00:00+02:00,30.233,5.0,8.48,8.576
2021-09-09 12:00:00+02:00,28.934,5.1,8.9525,8.955
2021-09-09 13:00:00+02:00,27.767,5.5,9.4645,9.5265
2021-09-09 14:00:00+02:00,23.534,4.8,8.2265,8.303
2021-09-09 15:00:00+02:00,19.934,5.0,8.602,8.6395
2021-09-09 16:00:00+02:00,18.0,4.0,6.809,6.84
2021-09-09 17:00:00+02:00,16.0,3.9,6.5975,6.618
2021-09-09 18:00:00+02:00,15.966,3.2,5.3635,5.369
2021-09-09 19:00:00+02:00,26.066,4.3,7.372,7.3725
2021-09-09 20:00:00+02:00,34.534,4.1,7.133,7.133
2021-09-09 21:00:00+02:00,39.233,5.1,8.6595,8.703
2021-09-09 22:00:00+02:00,43.166,5.1,8.7865,8.8065
2021-09-09 23:00:00+02:00,45.9,4.9,8.423,8.425
2021-09-10 00:00:00+02:00,46.6,5.1,8.5315,8.591
2021-09-10 01:00:00+02:00,48.166,5.0,8.3715,8.4695
2021-09-10 02:00:00+02:00,50.034,4.5,7.573,7.573
2021-09-10 03:00:00+02:00,51.9,6.2,10.421,10.885
2021-09-10 04:00:00+02:00,52.534,5.6,9.616,9.638
2021-09-10 05:00:00+02:00,53.667,6.1,10.0385,10.344
2021-09-10 06:00:00+02:00,53.966,8.8,14.429,15.35
2021-09-10 07:00:00+02:00,53.233,7.0,11.9455,12.1195
2021-09-10 08:00:00+02:00,48.166,7.2,12.382,12.5925
2021-09-10 09:00:00+02:00,41.666,6.7,11.609,11.6775
2021-09-10 10:00:00+02:00,33.4,5.8,10.0275,10.0275
2021-09-10 11:00:00+02:00,27.633,5.4,9.301,9.301
2021-09-10 12:00:00+02:00,22.0,5.4,9.171,9.2355
2021-09-10 13:00:00+02:00,19.733,5.1,8.556,8.76
2021-09-10 14:00:00+02:00,17.434,4.5,7.7225,7.7225
2021-09-10 15:00:00+02:00,16.767,4.4,7.5695,7.6355
2021-09-10 16:00:00+02:00,15.3,4.2,7.0875,7.119
2021-09-10 17:00:00+02:00,13.733,3.5,5.932,5.932
2021-09-10 18:00:00+02:00,15.1,3.6,6.1595,6.1595
2021-09-10 19:00:00+02:00,23.7,8.4,13.1555,14.583
2021-09-10 20:00:00+02:00,31.933,7.8,13.158,13.483
2021-09-10 21:00:00+02:00,35.7,6.8,11.33,11.626
2021-09-10 22:00:00+02:00,39.167,6.1,10.478,10.5275
2021-09-10 23:00:00+02:00,42.3,5.4,9.3235,9.3375
2021-09-11 00:00:00+02:00,44.133,5.4,9.45,9.4525
2021-09-11 01:00:00+02:00,46.433,5.7,9.777,9.7885
2021-09-11 02:00:00+02:00,47.367,6.0,10.1755,10.3085
2021-09-11 03:00:00+02:00,48.6,6.7,11.307,11.6655
2021-09-11 04:00:00+02:00,50.1,7.0,11.97,12.182
2021-09-11 05:00:00+02:00,51.267,7.2,12.402,12.5795
2021-09-11 06:00:00+02:00,51.3,7.3,12.4825,12.6335
2021-09-11 07:00:00+02:00,52.333,9.3,15.3565,16.4205
2021-09-11 08:00:00+02:00,48.367,8.7,14.722,15.2555
2021-09-11 09:00:00+02:00,41.0,9.7,15.845,16.9295
2021-09-11 10:00:00+02:00,31.9,10.3,16.3,17.95
2021-09-11 11:00:00+02:00,25.4,7.1,11.9565,12.2235
2021-09-11 12:00:00+02:00,21.5,5.8,10.055,10.081
2021-09-11 13:00:00+02:00,19.4,5.8,9.6595,9.922
2021-09-11 14:00:00+02:00,17.433,5.4,9.2925,9.3335
2021-09-11 15:00:00+02:00,16.433,4.9,8.4145,8.441
2021-09-11 16:00:00+02:00,15.5,5.0,8.4635,8.4645
2021-09-11 17:00:00+02:00,15.067,4.4,7.435,7.435
2021-09-11 18:00:00+02:00,16.0,4.3,7.35,7.4255
2021-09-11 19:00:00+02:00,24.933,6.0,10.363,10.449
2021-09-11 20:00:00+02:00,31.9,5.7,9.804,9.8055
2021-09-11 21:00:00+02:00,37.166,5.9,10.295,10.295
2021-09-11 22:00:00+02:00,40.7,5.9,10.0965,10.0995
2021-09-11 23:00:00+02:00,43.633,6.1,10.4725,10.5215
2021-09-12 00:00:00+02:00,45.3,6.6,11.3055,11.3975
2021-09-12 01:00:00+02:00,45.567,6.4,10.9555,11.0105
2021-09-12 02:00:00+02:00,47.833,6.6,11.0635,11.225
2021-09-12 03:00:00+02:00,50.7,7.9,13.3225,13.72
2021-09-12 04:00:00+02:00,50.567,7.0,11.9,11.9725
2021-09-12 05:00:00+02:00,51.166,7.9,13.485,13.7645
2021-09-12 06:00:00+02:00,52.867,9.7,15.2615,16.6105
2021-09-12 07:00:00+02:00,50.966,8.9,14.6655,15.3485
2021-09-12 08:00:00+02:00,48.0,8.4,14.16,14.3365
2021-09-12 09:00:00+02:00,41.033,7.9,13.251,13.3695
2021-09-12 10:00:00+02:00,34.266,7.3,12.3005,12.408
2021-09-12 11:00:00+02:00,27.4,6.6,11.2125,11.252
2021-09-12 12:00:00+02:00,22.066,5.6,9.6755,9.7035
2021-09-12 13:00:00+02:00,18.966,5.7,9.952,9.985
2021-09-12 14:00:00+02:00,16.467,5.6,9.7115,9.7165
2021-09-12 15:00:00+02:00,15.066,5.3,9.086,9.1075
2021-09-12 16:00:00+02:00,14.1,5.0,8.616,8.624
2021-09-12 17:00:00+02:00,13.1,4.4,7.525,7.525
2021-09-12 18:00:00+02:00,14.267,4.6,7.868,7.9555
2021-09-12 19:00:00+02:00,23.466,6.4,11.0785,11.164
2021-09-12 20:00:00+02:00,31.733,6.7,11.3345,11.556
2021-09-12 21:00:00+02:00,35.5,7.1,12.1915,12.2775
2021-09-12 22:00:00+02:00,38.966,6.1,10.488,10.502
2021-09-12 23:00:00+02:00,40.934,5.7,9.905,9.9065
2021-09-13 00:00:00+02:00,43.7,6.2,10.6065,10.6775
2021-09-13 01:00:00+02:00,45.867,5.6,9.603,9.603
2021-09-13 02:00:00+02:00,47.534,5.7,9.725,9.725
2021-09-13 03:00:00+02:00,48.1,6.9,11.806,11.963
2021-09-13 04:00:00+02:00,49.067,6.4,10.7375,10.929
2021-09-13 05:00:00+02:00,49.4,6.5,11.287,11.335
2021-09-13 06:00:00+02:00,48.233,7.4,12.2795,12.8695
2021-09-13 07:00:00+02:00,48.034,7.7,13.129,13.3245
2021-09-13 08:00:00+02:00,43.533,7.0,11.9645,12.026
2021-09-13 09:00:00+02:00,36.667,6.8,11.6105,11.685
2021-09-13 10:00:00+02:00,29.334,6.1,10.3285,10.436
2021-09-13 11:00:00+02:00,22.966,5.6,9.6675,9.679
2021-09-13 12:00:00+02:00,17.966,5.2,8.955,9.019
2021-09-13 13:00:00+02:00,16.0,4.4,7.47,7.4995
2021-09-13 14:00:00+02:00,14.566,4.5,7.621,7.6645
2021-09-13 15:00:00+02:00,14.1,4.4,7.5325,7.5475
2021-09-13 16:00:00+02:00,13.233,4.2,7.1975,7.211
2021-09-13 17:00:00+02:00,13.0,4.1,6.938,6.938
2021-09-13 18:00:00+02:00,16.3,4.6,7.7225,7.8635
2021-09-13 19:00:00+02:00,26.267,9.0,13.5945,15.574
2021-09-13 20:00:00+02:00,31.367,6.3,10.767,10.846
2021-09-13 21:00:00+02:00,35.566,6.2,10.6465,10.6505
2021-09-13 22:00:00+02:00,38.633,5.7,9.684,9.687
2021-09-13 23:00:00+02:00,41.234,5.2,8.88,8.88
2021-09-14 00:00:00+02:00,43.0,5.5,9.252,9.2565
2021-09-14 01:00:00+02:00,43.8,4.9,8.301,8.301
2021-09-14 02:00:00+02:00,45.3,4.9,8.294,8.294
2021-09-14 03:00:00+02:00,45.834,5.4,9.1665,9.203
2021-09-14 04:00:00+02:00,47.733,5.2,8.8905,8.8905
2021-09-14 05:00:00+02:00,47.733,5.7,9.4965,9.5885
2021-09-14 06:00:00+02:00,46.0,6.6,11.128,11.3285
2021-09-14 07:00:00+02:00,45.733,7.1,11.859,12.273
2021-09-14 08:00:00+02:00,43.05,6.2,10.6345,10.657
2021-09-14 09:00:00+02:00,36.217,5.9,10.081,10.21
2021-09-14 10:00:00+02:00,29.636,6.2,10.178,10.4755
2021-09-14 11:00:00+02:00,23.733,5.3,8.9465,8.9465
2021-09-14 12:00:00+02:00,19.834,5.2,8.7735,8.8
2021-09-14 13:00:00+02:00,17.134,4.5,7.7785,7.7845
2021-09-14 14:00:00+02:00,15.566,4.5,7.5595,7.5695
2021-09-14 15:00:00+02:00,15.034,4.4,7.535,7.5375
2021-09-14 16:00:00+02:00,14.567,4.7,8.0085,8.009
2021-09-14 17:00:00+02:00,13.959,4.2,7.1335,7.139
2021-09-14 18:00:00+02:00,16.166,4.5,7.471,7.4715
2021-09-14 19:00:00+02:00,26.1,5.7,9.8315,9.872
2021-09-14 20:00:00+02:00,33.344,5.5,9.44,9.444
2021-09-14 21:00:00+02:00,37.034,7.5,12.6,12.732
2021-09-14 22:00:00+02:00,39.933,6.6,11.084,11.1125
2021-09-14 23:00:00+02:00,42.334,5.8,9.8005,9.8005
2021-09-15 00:00:00+02:00,44.933,6.1,10.3055,10.3055
2021-09-15 01:00:00+02:00,45.7,6.4,10.4385,10.703
2021-09-15 02:00:00+02:00,46.767,6.4,10.4595,10.702
2021-09-15 03:00:00+02:00,46.267,6.7,11.175,11.2515
2021-09-15 04:00:00+02:00,47.7,6.4,10.7805,10.782
2021-09-15 05:00:00+02:00,46.834,8.0,13.292,13.597
2021-09-15 06:00:00+02:00,45.867,6.8,11.439,11.463
2021-09-15 07:00:00+02:00,45.6,9.1,14.5405,15.4645
2021-09-15 08:00:00+02:00,41.567,7.4,12.6045,12.7185
2021-09-15 09:00:00+02:00,34.733,7.7,12.974,13.1615
2021-09-15 10:00:00+02:00,28.166,7.3,12.3515,12.4315
2021-09-15 11:00:00+02:00,22.267,5.6,9.437,9.562
2021-09-15 12:00:00+02:00,17.867,5.3,8.9775,8.9775
2021-09-15 13:00:00+02:00,14.034,4.8,7.9515,7.995
2021-09-15 14:00:00+02:00,12.034,4.1,6.775,6.775
2021-09-15 15:00:00+02:00,12.0,4.0,6.6475,6.656
2021-09-15 16:00:00+02:00,11.233,4.1,6.6145,6.632
2021-09-15 17:00:00+02:00,13.867,6.5,10.78,11.1675
2021-09-15 18:00:00+02:00,20.534,4.4,7.4055,7.4055
2021-09-15 19:00:00+02:00,23.166,5.2,8.611,8.627
2021-09-15 20:00:00+02:00,24.066,5.7,9.5555,9.561
2021-09-15 21:00:00+02:00,25.867,7.3,12.2455,12.285
2021-09-15 22:00:00+02:00,28.4,8.5,14.0525,14.5005
2021-09-15 23:00:00+02:00,30.6,7.9,13.3695,13.561
2021-09-16 00:00:00+02:00,31.3,6.8,11.5135,11.5445
2021-09-16 01:00:00+02:00,30.934,6.1,10.439,10.439
2021-09-16 02:00:00+02:00,31.5,5.8,9.777,9.778
2021-09-16 03:00:00+02:00,33.234,5.1,8.608,8.608
2021-09-16 04:00:00+02:00,34.9,4.9,8.123,8.123
2021-09-16 05:00:00+02:00,34.833,5.0,8.3515,8.3515
2021-09-16 06:00:00+02:00,36.966,8.1,12.9365,13.862
2021-09-16 07:00:00+02:00,37.9,10.8,16.8905,18.6555
2021-09-16 08:00:00+02:00,34.933,9.9,15.82,17.0655
2021-09-16 09:00:00+02:00,32.834,8.5,14.2545,14.617
2021-09-16 10:00:00+02:00,28.633,3.6,5.9545,5.9545
2021-09-16 11:00:00+02:00,25.6,2.5,4.0985,4.0985
2021-09-16 12:00:00+02:00,24.0,3.1,5.1565,5.1565
2021-09-16 13:00:00+02:00,23.178,2.5,4.1675,4.1675
2021-09-16 22:00:00+02:00,36.8,3.2,5.183,5.183
2021-09-16 23:00:00+02:00,37.3,3.6,6.045,6.045
2021-09-17 00:00:00+02:00,38.267,4.9,8.3495,8.365
2021-09-17 01:00:00+02:00,41.233,4.8,8.055,8.08
2021-09-17 02:00:00+02:00,43.666,4.7,7.882,7.882
2021-09-17 03:00:00+02:00,45.534,4.6,7.697,7.697
2021-09-17 04:00:00+02:00,47.334,4.3,7.2335,7.2335
2021-09-17 05:00:00+02:00,47.9,4.6,7.7835,7.7835
2021-09-17 06:00:00+02:00,47.966,8.0,13.3855,13.7365
2021-09-17 07:00:00+02:00,47.666,7.3,12.376,12.548
2021-09-17 08:00:00+02:00,44.466,10.1,15.903,17.309
2021-09-17 09:00:00+02:00,39.633,9.0,14.878,15.534
2021-09-17 10:00:00+02:00,35.133,8.2,13.833,14.2745
2021-09-17 11:00:00+02:00,41.666,4.3,7.1485,7.1485
2021-09-17 12:00:00+02:00,61.442,4.5,7.369,7.3725
2021-09-17 13:00:00+02:00,57.834,5.0,8.119,8.24
2021-09-17 14:00:00+02:00,52.7,5.0,8.349,8.4375
2021-09-17 15:00:00+02:00,53.5,4.8,7.7585,8.1175
2021-09-17 16:00:00+02:00,49.867,4.0,6.628,6.787
2021-09-17 17:00:00+02:00,50.333,4.5,7.5235,7.78
2021-09-17 18:00:00+02:00,51.166,2.8,4.4205,4.4205
2021-09-17 19:00:00+02:00,57.067,4.8,8.013,8.184
2021-09-17 20:00:00+02:00,58.833,7.2,10.441,12.1305
2021-09-17 21:00:00+02:00,59.5,2.8,4.533,4.5455
2021-09-17 22:00:00+02:00,61.667,2.6,4.221,4.2655
2021-09-17 23:00:00+02:00,58.8,2.5,3.4665,3.805
2021-09-18 00:00:00+02:00,59.267,2.0,2.96,2.96
2021-09-18 01:00:00+02:00,59.533,1.5,2.0955,2.0955
2021-09-18 02:00:00+02:00,59.767,1.3,1.741,1.741
2021-09-18 03:00:00+02:00,59.367,1.4,1.887,1.887
2021-09-18 04:00:00+02:00,60.2,1.3,1.8495,1.8495
2021-09-18 05:00:00+02:00,60.767,1.9,2.8845,2.8845
2021-09-18 06:00:00+02:00,61.5,3.7,6.0515,6.0515
2021-09-18 07:00:00+02:00,62.367,3.1,5.01,5.01
2021-09-18 08:00:00+02:00,59.733,3.6,5.9095,5.959
2021-09-18 09:00:00+02:00,53.834,3.3,5.2635,5.265
2021-09-18 10:00:00+02:00,45.2,3.2,5.2835,5.2935
2021-09-18 11:00:00+02:00,35.5,2.3,3.6965,3.701
2021-09-18 12:00:00+02:00,27.467,2.4,3.8455,3.883
2021-09-18 13:00:00+02:00,25.4,2.6,4.09,4.144
2021-09-18 14:00:00+02:00,26.267,2.6,4.091,4.18
2021-09-18 15:00:00+02:00,26.8,2.4,3.7265,3.7705
2021-09-18 16:00:00+02:00,25.8,2.2,3.4585,3.469
2021-09-18 17:00:00+02:00,22.034,2.2,3.3485,3.4805
2021-09-18 18:00:00+02:00,26.0,2.2,3.38,3.4095
2021-09-18 19:00:00+02:00,33.133,3.2,5.23,5.2395
2021-09-18 20:00:00+02:00,42.733,3.7,6.2925,6.3145
2021-09-18 21:00:00+02:00,53.067,3.4,5.6645,5.6965
2021-09-18 22:00:00+02:00,56.6,3.7,6.113,6.113
2021-09-18 23:00:00+02:00,58.666,2.8,4.475,4.475
2021-09-19 00:00:00+02:00,56.867,2.9,4.682,4.682
2021-09-19 01:00:00+02:00,56.666,2.4,3.8285,3.8285
2021-09-19 02:00:00+02:00,57.9,2.6,4.2095,4.2095
2021-09-19 03:00:00+02:00,59.367,2.5,3.9455,3.9455
2021-09-19 04:00:00+02:00,59.8,3.2,5.273,5.2745
2021-09-19 05:00:00+02:00,60.967,3.1,5.0245,5.0465
2021-09-19 06:00:00+02:00,61.067,3.4,5.6155,5.6155
2021-09-19 07:00:00+02:00,59.233,4.1,6.493,6.883
2021-09-19 08:00:00+02:00,56.733,4.6,7.465,7.752
2021-09-19 09:00:00+02:00,51.7,4.1,6.9055,6.9055
2021-09-19 10:00:00+02:00,43.834,4.8,7.7605,8.168
2021-09-19 11:00:00+02:00,38.666,4.8,7.9555,8.017
2021-09-19 12:00:00+02:00,34.133,4.0,6.7325,6.745
2021-09-19 13:00:00+02:00,30.934,4.0,6.6005,6.6005
2021-09-19 14:00:00+02:00,32.233,4.7,7.9275,7.952
2021-09-19 15:00:00+02:00,29.9,5.4,9.0405,9.157
2021-09-19 16:00:00+02:00,28.2,3.3,5.476,5.507
2021-09-19 17:00:00+02:00,28.233,3.6,5.83,5.83
2021-09-19 18:00:00+02:00,36.0,3.9,6.5505,6.5825
2021-09-19 19:00:00+02:00,43.733,4.8,8.0845,8.0875
2021-09-19 20:00:00+02:00,48.3,6.0,10.0895,10.246
2021-09-19 21:00:00+02:00,52.266,5.7,9.631,9.68
2021-09-19 22:00:00+02:00,56.1,6.0,10.074,10.074
2021-09-19 23:00:00+02:00,58.6,5.6,9.3955,9.402
2021-09-20 00:00:00+02:00,59.7,4.2,7.068,7.068
2021-09-20 01:00:00+02:00,60.5,4.6,7.671,7.671
2021-09-20 02:00:00+02:00,59.0,4.2,7.029,7.029
2021-09-20 03:00:00+02:00,59.367,3.7,6.1275,6.1275
2021-09-20 04:00:00+02:00,58.467,3.6,5.9415,5.9415
2021-09-20 05:00:00+02:00,60.4,3.7,6.025,6.0275
2021-09-20 06:00:00+02:00,60.133,3.3,5.339,5.339
2021-09-20 07:00:00+02:00,58.566,3.8,6.494,6.532
2021-09-20 08:00:00+02:00,58.2,4.9,8.295,8.3365
2021-09-20 09:00:00+02:00,60.084,3.5,6.11,6.1125
2021-09-20 10:00:00+02:00,60.25,1.7,2.6395,2.6395
2021-09-20 13:00:00+02:00,57.233,4.4,7.2205,7.2205
2021-09-20 14:00:00+02:00,54.733,4.0,6.573,6.573
2021-09-20 15:00:00+02:00,53.666,3.4,5.5365,5.5365
2021-09-20 16:00:00+02:00,51.933,3.5,5.6505,5.653
2021-09-20 17:00:00+02:00,50.233,3.6,5.8805,5.9025
2021-09-20 18:00:00+02:00,50.933,4.2,6.863,6.9365
2021-09-20 19:00:00+02:00,49.8,5.1,8.4265,8.4635
2021-09-20 20:00:00+02:00,53.6,7.2,11.6645,12.272
2021-09-20 21:00:00+02:00,57.133,6.5,10.8665,11.023
2021-09-20 22:00:00+02:00,58.334,4.7,7.774,7.778
2021-09-20 23:00:00+02:00,59.534,4.9,8.243,8.2515
2021-09-21 00:00:00+02:00,60.4,5.0,8.1275,8.231
2021-09-21 01:00:00+02:00,62.433,4.5,7.2965,7.298
2021-09-21 02:00:00+02:00,63.167,4.0,6.5175,6.5245
2021-09-21 03:00:00+02:00,60.767,5.1,8.151,8.57
2021-09-21 04:00:00+02:00,61.3,4.6,7.426,7.6405
2021-09-21 05:00:00+02:00,62.133,5.1,8.3105,8.4715
2021-09-21 06:00:00+02:00,62.9,4.6,7.6105,7.629
2021-09-21 07:00:00+02:00,62.066,6.6,10.8905,11.135
2021-09-21 08:00:00+02:00,58.766,8.8,14.535,15.042
2021-09-21 09:00:00+02:00,54.133,8.9,14.4655,14.885
2021-09-21 10:00:00+02:00,47.733,8.1,12.85,13.499
2021-09-21 11:00:00+02:00,38.267,4.2,6.849,6.901
2021-09-21 12:00:00+02:00,36.7,4.5,7.5105,7.533
2021-09-21 13:00:00+02:00,35.767,5.2,8.682,8.7365
2021-09-21 14:00:00+02:00,30.233,3.9,6.416,6.4205
2021-09-21 15:00:00+02:00,30.867,4.3,7.158,7.18
2021-09-21 16:00:00+02:00,31.166,4.2,6.996,7.0045
2021-09-21 17:00:00+02:00,31.733,4.8,8.154,8.2125
2021-09-21 18:00:00+02:00,33.967,3.9,6.2955,6.2955
2021-09-21 19:00:00+02:00,37.334,5.9,9.702,9.836
2021-09-21 20:00:00+02:00,42.9,6.3,10.395,10.6495
2021-09-21 21:00:00+02:00,48.534,6.3,10.64,10.6855
2021-09-21 22:00:00+02:00,51.967,6.1,10.339,10.3705
2021-09-21 23:00:00+02:00,54.4,5.2,8.817,8.818
2021-09-22 00:00:00+02:00,56.133,4.7,7.741,7.741
2021-09-22 01:00:00+02:00,56.0,3.8,6.292,6.292
2021-09-22 02:00:00+02:00,56.5,3.6,5.959,5.959
2021-09-22 03:00:00+02:00,55.267,3.6,5.943,5.943
2021-09-22 04:00:00+02:00,56.533,4.5,7.295,7.598
2021-09-22 05:00:00+02:00,55.334,5.6,9.376,9.423
2021-09-22 06:00:00+02:00,54.367,4.7,7.8675,7.8675
2021-09-22 07:00:00+02:00,52.834,6.8,11.144,11.7305
2021-09-22 08:00:00+02:00,52.166,7.1,10.791,11.9915
2021-09-22 09:00:00+02:00,49.9,6.6,10.7665,11.18
2021-09-22 10:00:00+02:00,47.434,6.2,10.452,10.513
2021-09-22 11:00:00+02:00,43.067,8.6,14.205,14.6685
2021-09-22 12:00:00+02:00,36.067,7.7,12.5025,13.081
2021-09-22 13:00:00+02:00,29.1,6.0,9.609,10.231
2021-09-22 14:00:00+02:00,25.6,5.0,8.363,8.3825
2021-09-22 15:00:00+02:00,28.434,5.4,9.051,9.2385
2021-09-22 16:00:00+02:00,30.034,6.3,10.275,10.701
2021-09-22 17:00:00+02:00,31.833,7.2,11.6365,12.103
2021-09-22 18:00:00+02:00,35.833,13.5,19.301,23.322
2021-09-22 19:00:00+02:00,35.5,6.2,10.318,10.5655
2021-09-22 20:00:00+02:00,40.067,8.4,13.7525,14.2265
2021-09-22 21:00:00+02:00,46.367,7.4,12.3565,12.4055
2021-09-22 22:00:00+02:00,52.133,5.5,9.323,9.3235
2021-09-22 23:00:00+02:00,54.7,4.5,7.4845,7.4845
2021-09-23 00:00:00+02:00,54.367,3.8,6.162,6.162
2021-09-23 01:00:00+02:00,55.7,4.4,7.252,7.252
2021-09-23 02:00:00+02:00,57.133,4.0,6.646,6.646
2021-09-23 03:00:00+02:00,53.533,3.3,5.423,5.4625
2021-09-23 04:00:00+02:00,52.911,4.3,6.84,7.1905
2021-09-23 05:00:00+02:00,57.4,4.6,7.6275,7.689
2021-09-23 06:00:00+02:00,58.267,4.6,7.759,7.778
2021-09-23 07:00:00+02:00,57.234,6.3,10.6995,10.7885
2021-09-23 08:00:00+02:00,54.833,4.6,7.757,7.7585
2021-09-23 09:00:00+02:00,45.2,3.7,5.977,5.9885
2021-09-23 10:00:00+02:00,34.233,4.8,7.5335,7.9495
2021-09-23 11:00:00+02:00,29.133,3.0,4.775,4.7795
2021-09-23 12:00:00+02:00,25.233,3.1,5.0415,5.1225
2021-09-23 13:00:00+02:00,23.067,3.2,5.042,5.0495
2021-09-23 14:00:00+02:00,21.733,2.6,4.158,4.158
2021-09-23 15:00:00+02:00,19.934,2.7,4.252,4.3565
2021-09-23 16:00:00+02:00,19.733,2.6,4.081,4.0865
2021-09-23 17:00:00+02:00,17.434,3.3,5.2865,5.2865
2021-09-23 18:00:00+02:00,25.666,3.9,6.385,6.385
2021-09-23 19:00:00+02:00,36.8,6.5,10.735,10.979
2021-09-23 20:00:00+02:00,43.2,6.1,10.3445,10.363
2021-09-23 21:00:00+02:00,46.666,5.6,9.2815,9.293
2021-09-23 22:00:00+02:00,48.633,4.5,7.494,7.494
2021-09-23 23:00:00+02:00,48.433,3.6,6.019,6.019
2021-09-24 00:00:00+02:00,48.0,4.3,7.1145,7.116
2021-09-24 01:00:00+02:00,48.1,3.2,5.154,5.154
2021-09-24 02:00:00+02:00,48.867,3.0,4.7965,4.7965
2021-09-24 03:00:00+02:00,49.267,2.6,4.11,4.11
2021-09-24 04:00:00+02:00,50.067,3.8,6.321,6.321
2021-09-24 05:00:00+02:00,50.7,3.7,6.1745,6.1745
2021-09-24 06:00:00+02:00,50.7,4.4,7.3965,7.4045
2021-09-24 07:00:00+02:00,49.8,6.0,10.1265,10.236
2021-09-24 08:00:00+02:00,47.0,5.6,9.4675,9.4715
2021-09-24 09:00:00+02:00,40.133,4.6,7.687,7.738
2021-09-24 10:00:00+02:00,36.933,5.4,9.119,9.135
2021-09-24 11:00:00+02:00,30.2,3.6,5.9745,5.9745
2021-09-24 12:00:00+02:00,23.089,2.9,4.7255,4.7765
2021-09-24 13:00:00+02:00,22.0,2.0,3.09,3.09
2021-09-25 20:00:00+02:00,46.733,7.5,12.9625,12.992
2021-09-25 21:00:00+02:00,49.5,8.2,13.691,13.8305
2021-09-25 22:00:00+02:00,51.466,6.9,11.595,11.6665
2021-09-25 23:00:00+02:00,52.7,5.7,9.6775,9.68
2021-09-26 00:00:00+02:00,55.133,5.7,9.6605,9.6605
2021-09-26 01:00:00+02:00,56.0,4.9,8.271,8.271
2021-09-26 02:00:00+02:00,56.034,4.7,7.7705,7.772
2021-09-26 03:00:00+02:00,56.933,5.2,8.881,8.972
2021-09-26 04:00:00+02:00,55.3,4.4,7.4525,7.4525
2021-09-26 05:00:00+02:00,54.334,4.4,7.5025,7.523
2021-09-26 06:00:00+02:00,54.3,4.8,8.142,8.142
2021-09-26 07:00:00+02:00,53.5,5.5,9.3115,9.317
2021-09-26 08:00:00+02:00,50.433,6.0,10.2065,10.2085
2021-09-26 09:00:00+02:00,43.233,4.7,7.714,7.772
2021-09-26 10:00:00+02:00,37.167,4.3,7.342,7.3625
2021-09-26 11:00:00+02:00,31.166,4.3,7.1115,7.2055
2021-09-26 12:00:00+02:00,25.867,4.6,7.5815,7.6405
2021-09-26 13:00:00+02:00,23.334,3.3,5.5055,5.5265
2021-09-26 14:00:00+02:00,21.534,4.0,6.6195,6.635
2021-09-26 15:00:00+02:00,20.966,3.9,6.4255,6.432
2021-09-26 16:00:00+02:00,21.367,3.8,6.307,6.307
2021-09-26 17:00:00+02:00,20.966,5.9,9.719,10.109
2021-09-26 18:00:00+02:00,29.4,6.4,10.962,11.1355
2021-09-26 19:00:00+02:00,37.7,7.6,12.749,13.144
2021-09-26 20:00:00+02:00,42.867,7.3,12.3445,12.497
2021-09-26 21:00:00+02:00,45.834,8.2,13.793,14.049
2021-09-26 22:00:00+02:00,48.267,7.0,11.778,11.919
2021-09-26 23:00:00+02:00,51.167,5.1,8.528,8.528
2021-09-27 00:00:00+02:00,50.267,4.8,8.033,8.033
2021-09-27 01:00:00+02:00,54.333,4.2,7.0405,7.0405
2021-09-27 02:00:00+02:00,55.967,4.2,7.0495,7.0495
2021-09-27 03:00:00+02:00,57.733,4.3,7.2005,7.2075
2021-09-27 04:00:00+02:00,55.767,4.1,6.8925,6.895
2021-09-27 05:00:00+02:00,55.467,4.2,6.993,6.993
2021-09-27 06:00:00+02:00,56.533,4.5,7.613,7.613
2021-09-27 07:00:00+02:00,55.034,4.9,8.2845,8.2995
2021-09-27 08:00:00+02:00,53.367,5.0,8.468,8.487
2021-09-27 09:00:00+02:00,47.267,6.0,10.1185,10.1275
2021-09-27 10:00:00+02:00,39.733,4.9,8.236,8.252
2021-09-27 11:00:00+02:00,34.233,4.8,8.103,8.183
2021-09-27 12:00:00+02:00,30.633,4.3,7.3425,7.3635
2021-09-27 13:00:00+02:00,27.767,4.6,7.703,7.81
2021-09-27 14:00:00+02:00,26.367,4.4,7.2355,7.237
2021-09-27 15:00:00+02:00,26.8,5.2,8.443,8.505
2021-09-27 16:00:00+02:00,29.7,6.4,10.364,10.619
2021-09-27 17:00:00+02:00,32.334,7.8,12.6935,12.9835
2021-09-27 18:00:00+02:00,44.6,7.4,12.103,12.1455
2021-09-27 19:00:00+02:00,50.933,7.6,12.359,12.6195
2021-09-27 20:00:00+02:00,52.939,5.5,8.88,8.881
2021-09-27 21:00:00+02:00,57.067,4.9,7.8895,7.8895
2021-09-27 22:00:00+02:00,58.834,5.2,8.4085,8.41
2021-09-27 23:00:00+02:00,59.567,5.4,8.714,8.728
2021-09-28 00:00:00+02:00,58.333,5.4,8.83,8.8565
2021-09-28 01:00:00+02:00,57.133,5.2,8.4515,8.4515
2021-09-28 02:00:00+02:00,58.35,5.1,8.2205,8.2205
2021-09-28 03:00:00+02:00,60.133,6.4,10.5375,10.5755
2021-09-28 04:00:00+02:00,62.934,7.1,11.666,11.84
2021-09-28 05:00:00+02:00,62.567,6.5,10.859,10.9855
2021-09-28 06:00:00+02:00,58.1,5.4,8.868,8.939
2021-09-28 07:00:00+02:00,57.0,6.1,10.106,10.233
2021-09-28 08:00:00+02:00,55.8,7.6,12.289,12.76
2021-09-28 09:00:00+02:00,54.666,5.4,8.943,8.949
2021-09-28 10:00:00+02:00,55.534,6.2,10.155,10.296
2021-09-28 11:00:00+02:00,57.9,8.9,14.525,15.07
2021-09-28 12:00:00+02:00,57.666,8.7,13.988,14.684
2021-09-28 13:00:00+02:00,52.367,4.7,7.653,7.6545
2021-09-28 14:00:00+02:00,49.433,5.6,9.1565,9.179
2021-09-28 15:00:00+02:00,47.3,8.1,13.176,13.78
2021-09-28 16:00:00+02:00,45.3,7.5,12.403,12.699
2021-09-28 17:00:00+02:00,44.4,7.3,12.285,12.321
2021-09-28 18:00:00+02:00,48.767,9.7,15.4715,16.432
2021-09-28 19:00:00+02:00,53.0,9.3,15.213,15.772
2021-09-28 20:00:00+02:00,56.933,10.3,16.1625,17.3195
2021-09-28 21:00:00+02:00,57.834,9.8,15.701,16.486
2021-09-28 22:00:00+02:00,59.334,9.2,14.962,15.488
2021-09-28 23:00:00+02:00,60.733,8.8,14.3755,14.7285
2021-09-29 00:00:00+02:00,61.7,8.3,13.6435,13.8055
2021-09-29 01:00:00+02:00,60.833,7.2,11.928,11.9595
2021-09-29 02:00:00+02:00,60.1,7.0,11.4155,11.497
2021-09-29 03:00:00+02:00,58.834,6.8,11.192,11.212
2021-09-29 04:00:00+02:00,59.2,6.4,10.634,10.6385
2021-09-29 05:00:00+02:00,60.133,6.2,10.227,10.2275
2021-09-29 06:00:00+02:00,59.9,7.4,12.0615,12.31
2021-09-29 07:00:00+02:00,61.0,8.6,13.2745,14.6935
2021-09-29 08:00:00+02:00,57.8,9.2,14.9395,15.5245
2021-09-29 09:00:00+02:00,53.966,8.6,14.314,14.558
2021-09-29 10:00:00+02:00,48.187,9.2,14.698,15.2795
2021-09-29 13:00:00+02:00,37.0,10.2,16.255,17.2875
2021-09-29 14:00:00+02:00,37.167,9.6,15.435,16.0725
2021-09-29 15:00:00+02:00,35.633,9.7,15.4705,16.1295
2021-09-29 16:00:00+02:00,32.767,12.0,17.69,19.935
2021-09-29 17:00:00+02:00,34.666,12.3,18.243,20.6785
2021-09-29 18:00:00+02:00,38.933,13.2,19.1095,22.3315
2021-09-29 19:00:00+02:00,41.867,15.6,21.1115,26.309
2021-09-29 20:00:00+02:00,46.2,18.3,23.3375,31.368
2021-09-29 21:00:00+02:00,51.4,19.7,24.2065,33.7165
2021-09-29 22:00:00+02:00,55.367,20.4,24.6715,34.8715
2021-09-29 23:00:00+02:00,58.3,19.5,24.0845,33.3755
2021-09-30 00:00:00+02:00,59.867,18.8,23.602,32.172
2021-09-30 01:00:00+02:00,61.034,18.0,23.0485,30.7565
2021-09-30 02:00:00+02:00,60.133,18.2,23.1615,31.0555
2021-09-30 03:00:00+02:00,59.1,17.5,22.673,29.8515
2021-09-30 04:00:00+02:00,58.367,17.1,22.376,29.1995
2021-09-30 05:00:00+02:00,58.533,16.5,21.914,28.021
2021-09-30 06:00:00+02:00,56.355,12.5,18.5555,21.522
2021-09-30 07:00:00+02:00,53.633,10.0,16.0575,17.109
2021-09-30 08:00:00+02:00,57.933,15.1,21.227,25.989
2021-09-30 09:00:00+02:00,61.1,9.5,15.327,16.2125
2021-09-30 10:00:00+02:00,60.233,9.7,15.664,16.7685
2021-09-30 11:00:00+02:00,61.5,10.5,16.6275,18.0335
2021-09-30 12:00:00+02:00,60.267,7.0,12.036,12.1315
2021-09-30 13:00:00+02:00,58.933,5.2,8.798,8.9045
2021-09-30 14:00:00+02:00,57.966,7.3,11.4105,12.49
2021-09-30 15:00:00+02:00,56.508,4.6,7.7185,7.9535
2021-09-30 20:00:00+02:00,60.767,6.4,10.537,10.861
2021-09-30 21:00:00+02:00,60.966,6.2,10.36,10.4265
2021-09-30 22:00:00+02:00,61.0,6.1,10.1845,10.294
2021-09-30 23:00:00+02:00,61.133,4.9,8.17,8.17
2021-10-01 00:00:00+02:00,61.333,4.1,6.906,6.927
2021-10-01 01:00:00+02:00,61.0,3.2,5.1265,5.1365
2021-10-01 02:00:00+02:00,61.067,2.2,3.483,3.483
2021-10-01 03:00:00+02:00,61.0,2.0,3.155,3.155
2021-10-01 04:00:00+02:00,61.267,2.5,3.993,3.993
2021-10-01 05:00:00+02:00,61.433,3.3,5.307,5.313
2021-10-01 06:00:00+02:00,60.867,6.4,10.567,10.699
2021-10-01 07:00:00+02:00,59.4,9.5,15.213,15.882
2021-10-01 08:00:00+02:00,58.733,9.2,14.9745,15.493
2021-10-01 09:00:00+02:00,57.7,9.3,14.67,15.5085
2021-10-01 10:00:00+02:00,55.967,7.7,12.7565,12.869
2021-10-01 11:00:00+02:00,52.733,7.4,12.185,12.394
2021-10-01 12:00:00+02:00,53.6,10.8,16.802,18.3925
2021-10-01 13:00:00+02:00,51.7,10.1,15.7775,16.9275
2021-10-01 14:00:00+02:00,47.867,9.2,14.89,15.4575
2021-10-01 15:00:00+02:00,46.566,8.8,14.2025,14.557
2021-10-01 16:00:00+02:00,46.067,8.9,14.4215,15.021
2021-10-01 17:00:00+02:00,46.5,10.0,16.057,17.041
2021-10-01 18:00:00+02:00,48.767,13.2,19.046,22.4975
2021-10-01 19:00:00+02:00,52.333,16.9,22.2585,29.071
2021-10-01 20:00:00+02:00,55.466,17.9,23.0365,30.772
2021-10-01 21:00:00+02:00,58.6,17.0,22.3805,29.1365
2021-10-01 22:00:00+02:00,60.266,16.3,21.8895,27.972
2021-10-01 23:00:00+02:00,63.534,15.6,21.2465,26.493
2021-10-02 00:00:00+02:00,63.433,14.6,20.5315,24.968
2021-10-02 01:00:00+02:00,62.267,14.4,20.2835,24.474
2021-10-02 02:00:00+02:00,61.767,13.6,19.5725,23.026
2021-10-02 03:00:00+02:00,59.2,13.4,19.434,22.766
2021-10-02 04:00:00+02:00,59.536,11.8,17.754,19.876
2021-10-02 05:00:00+02:00,61.966,10.6,16.4505,17.7735
2021-10-02 06:00:00+02:00,61.3,11.2,16.943,19.0485
2021-10-02 07:00:00+02:00,61.4,10.8,16.8075,18.4465
2021-10-02 08:00:00+02:00,61.633,10.1,16.0935,17.202
2021-10-02 09:00:00+02:00,57.433,12.4,18.3515,20.9955
2021-10-02 10:00:00+02:00,49.934,11.8,17.615,19.918
2021-10-02 11:00:00+02:00,48.633,11.9,17.6375,19.852
2021-10-02 12:00:00+02:00,45.9,11.5,17.156,19.173
2021-10-02 13:00:00+02:00,,19.3,,
2021-10-20 10:00:00+02:00,44.0,19.5,24.7225,34.905
2021-10-21 15:00:00+02:00,29.0,,6.59,6.59
2021-10-30 18:00:00+02:00,46.0,55.5,64.465,97.255
2021-10-30 19:00:00+02:00,51.0,64.1,73.0625,110.2125
2021-10-30 20:00:00+02:00,53.0,70.6,83.91,126.42
2021-10-30 21:00:00+02:00,56.0,54.3,63.64,95.96
2021-10-30 22:00:00+02:00,56.0,50.4,58.2,87.825
2021-11-08 13:00:00+01:00,56.255,18.8,27.732,31.5605
2021-11-08 14:00:00+01:00,57.567,25.8,37.0445,43.5345
2021-11-08 15:00:00+01:00,57.433,26.0,37.972,44.0425
2021-11-08 16:00:00+01:00,58.467,40.2,50.044,69.848
2021-11-08 17:00:00+01:00,57.333,38.4,49.1035,67.45400000000001
2021-11-08 18:00:00+01:00,57.534,52.9,65.1755,93.804
2021-11-08 19:00:00+01:00,57.067,59.3,69.638,105.5715
2021-11-08 20:00:00+01:00,56.334,41.9,51.5225,73.0935
2021-11-08 21:00:00+01:00,56.267,27.2,39.8425,46.7435
2021-11-08 22:00:00+01:00,57.467,37.3,48.5385,64.7975
2021-11-08 23:00:00+01:00,58.1,22.5,34.6855,37.8635
2021-11-09 00:00:00+01:00,58.666,23.1,35.288,38.593500000000006
2021-11-09 01:00:00+01:00,59.0,14.4,23.158,23.3405
2021-11-09 02:00:00+01:00,59.067,16.1,26.399,26.6555
2021-11-09 03:00:00+01:00,59.1,27.2,39.31100000000001,46.211
2021-11-09 04:00:00+01:00,59.8,37.2,47.953,64.4745
2021-11-09 05:00:00+01:00,59.767,32.8,44.626000000000005,56.337
2021-11-09 06:00:00+01:00,60.166,35.2,46.637,61.1865
2021-11-09 07:00:00+01:00,61.0,43.4,53.2395,76.3035
2021-11-09 08:00:00+01:00,60.133,45.3,54.6195,79.348
2021-11-09 09:00:00+01:00,57.8,48.1,56.3805,83.8535
2021-11-09 10:00:00+01:00,54.3,46.2,55.2435,80.0535
2021-11-09 11:00:00+01:00,50.933,21.0,32.265,34.584999999999994
2021-11-09 12:00:00+01:00,49.466,27.2,38.1025,45.46
2021-11-09 13:00:00+01:00,48.867,26.4,36.724,43.62
2021-11-09 14:00:00+01:00,45.966,22.6,32.259,36.624
2021-11-09 15:00:00+01:00,46.033,20.4,30.2405,33.1605
2021-11-09 16:00:00+01:00,47.8,37.3,48.471,63.981
2021-11-09 17:00:00+01:00,50.733,52.5,62.1245,92.1045
2021-11-09 18:00:00+01:00,55.7,96.6,114.5575,173.046
2021-11-09 19:00:00+01:00,57.7,98.1,116.945,176.6535
2021-11-09 20:00:00+01:00,57.834,103.8,124.2525,187.5855
2021-11-09 21:00:00+01:00,58.367,208.9,250.2385,376.5395
2021-11-09 22:00:00+01:00,57.7,138.3,166.057,250.3035
2021-11-09 23:00:00+01:00,56.4,98.9,118.509,178.984
2021-11-10 00:00:00+01:00,56.867,67.7,80.3235,121.5315
2021-11-10 01:00:00+01:00,57.6,69.8,83.0635,125.7655
2021-11-10 02:00:00+01:00,57.433,64.8,77.288,116.72
2021-11-10 03:00:00+01:00,57.967,36.6,47.868,63.47
2021-11-10 04:00:00+01:00,58.0,35.9,47.3365,62.358
2021-11-10 05:00:00+01:00,58.0,32.2,44.81,56.0745
2021-11-10 06:00:00+01:00,57.767,38.3,49.4285,67.34100000000001
2021-11-10 07:00:00+01:00,57.3,40.3,51.2135,71.6515
2021-11-10 08:00:00+01:00,57.733,45.5,55.0095,80.777
2021-11-10 09:00:00+01:00,56.9,52.1,61.2885,92.4005
2021-11-10 10:00:00+01:00,53.367,47.3,56.317,82.836
2021-11-10 11:00:00+01:00,51.834,55.9,64.7365,98.174
2021-11-10 12:00:00+01:00,50.166,43.0,51.881,74.2875
2021-11-10 13:00:00+01:00,50.966,48.1,56.168,83.678
2021-11-10 14:00:00+01:00,51.8,52.3,61.308,91.7575
2021-11-10 15:00:00+01:00,51.983,60.2,70.952,106.1585
2021-11-10 16:00:00+01:00,54.2,69.4,81.5675,123.5385
2021-11-10 17:00:00+01:00,55.5,60.3,70.328,106.6995
2021-11-10 18:00:00+01:00,56.666,53.9,62.904,95.199
2021-11-10 19:00:00+01:00,57.067,51.3,60.296,90.3295
2021-11-10 20:00:00+01:00,57.267,51.3,60.066500000000005,90.4835
2021-11-10 21:00:00+01:00,58.0,59.6,70.1135,106.284
2021-11-10 22:00:00+01:00,58.966,64.6,76.39099999999999,115.826
2021-11-10 23:00:00+01:00,58.133,69.9,82.905,125.5875
2021-11-11 00:00:00+01:00,59.034,67.6,79.862,121.023
2021-11-11 01:00:00+01:00,58.0,73.8,88.08099999999999,133.3
2021-11-11 02:00:00+01:00,58.0,69.0,82.465,124.836
2021-11-11 03:00:00+01:00,58.334,65.5,78.15950000000001,118.485
2021-11-11 04:00:00+01:00,59.0,66.1,78.489,118.9835
2021-11-11 05:00:00+01:00,58.3,64.7,76.3455,115.7355
2021-11-11 06:00:00+01:00,56.6,55.4,66.8595,98.0085
2021-11-11 07:00:00+01:00,55.466,32.8,44.53,56.205
2021-11-11 08:00:00+01:00,56.066,34.2,45.8445,58.6995
2021-11-11 09:00:00+01:00,55.0,35.6,46.793,61.246
2021-11-11 10:00:00+01:00,53.067,37.2,48.117,63.9785
2021-11-11 11:00:00+01:00,53.067,38.7,48.443,66.15700000000001
2021-11-11 12:00:00+01:00,53.034,36.2,47.3275,61.5465
2021-11-11 13:00:00+01:00,53.233,30.8,42.6085,52.3025
2021-11-11 14:00:00+01:00,53.067,34.0,44.959,57.5925
2021-11-11 15:00:00+01:00,53.133,38.2,48.2075,65.6145
2021-11-11 16:00:00+01:00,53.933,41.1,50.6295,70.69749999999999
2021-11-11 17:00:00+01:00,54.0,43.8,52.788,75.92099999999999
2021-11-11 18:00:00+01:00,54.034,49.5,59.626000000000005,85.82050000000001
2021-11-11 19:00:00+01:00,54.233,40.2,50.1485,69.265
2021-11-11 20:00:00+01:00,55.5,38.8,49.0365,67.108
2021-11-11 21:00:00+01:00,55.4,41.1,50.6285,71.17
2021-11-11 22:00:00+01:00,56.9,43.0,52.38,74.809
2021-11-11 23:00:00+01:00,57.6,42.3,51.8605,73.7245
2021-11-12 00:00:00+01:00,58.033,38.3,49.144000000000005,66.88
2021-11-12 01:00:00+01:00,58.466,32.0,44.2615,55.2935
2021-11-12 02:00:00+01:00,57.033,31.1,43.333,53.446
2021-11-12 03:00:00+01:00,58.267,26.8,39.5075,45.6655
2021-11-12 04:00:00+01:00,58.867,25.1,37.758,42.483
2021-11-12 05:00:00+01:00,58.966,23.7,36.3245,39.996
2021-11-12 06:00:00+01:00,58.2,24.2,36.931,41.346
2021-11-12 07:00:00+01:00,58.3,29.9,42.545,52.150000000000006
2021-11-12 08:00:00+01:00,58.067,32.7,45.060500000000005,57.299
2021-11-12 09:00:00+01:00,56.5,35.7,47.4645,62.198
2021-11-12 10:00:00+01:00,55.2,38.9,50.159000000000006,68.0565
2021-11-12 11:00:00+01:00,53.0,37.2,48.0715,64.7285
2021-11-12 12:00:00+01:00,52.567,22.3,34.3475,37.8085
2021-11-12 13:00:00+01:00,52.733,18.7,30.071,31.4395
2021-11-12 14:00:00+01:00,53.767,26.2,38.233,44.9135
2021-11-12 15:00:00+01:00,53.633,42.1,52.01,73.9435
2021-11-12 16:00:00+01:00,54.567,35.0,47.161,60.524
2021-11-12 17:00:00+01:00,54.2,33.7,45.1405,57.4745
2021-11-12 18:00:00+01:00,55.3,57.2,67.65100000000001,101.359
2021-11-12 19:00:00+01:00,55.367,50.3,60.121,88.626
2021-11-12 20:00:00+01:00,55.133,67.3,78.868,119.4965
2021-11-12 21:00:00+01:00,55.833,53.5,62.692,94.5855
2021-11-12 22:00:00+01:00,55.8,50.8,59.891000000000005,89.80199999999999
2021-11-12 23:00:00+01:00,57.233,47.1,55.78,82.576
2021-11-13 00:00:00+01:00,58.5,41.7,51.41,72.71350000000001
2021-11-13 01:00:00+01:00,60.5,38.8,49.56999999999999,67.7755
2021-11-13 02:00:00+01:00,59.966,35.0,46.645,60.4025
2021-11-13 03:00:00+01:00,58.067,19.4,31.079500000000003,32.0245
2021-11-13 04:00:00+01:00,57.966,18.9,30.411,30.8965
2021-11-13 05:00:00+01:00,58.0,15.5,24.994,25.008
2021-11-13 06:00:00+01:00,58.0,17.5,28.4505,28.6875
2021-11-13 07:00:00+01:00,57.567,23.1,35.4885,38.989
2021-11-13 08:00:00+01:00,57.2,30.4,42.435500000000005,52.222
2021-11-13 09:00:00+01:00,56.867,34.1,45.9505,59.46
2021-11-13 10:00:00+01:00,55.0,40.1,50.191500000000005,69.75
2021-11-13 11:00:00+01:00,51.7,51.9,60.127,89.3875
2021-11-13 12:00:00+01:00,52.433,45.8,53.7415,78.79050000000001
2021-11-13 13:00:00+01:00,53.2,46.9,54.787000000000006,80.90950000000001
2021-11-13 14:00:00+01:00,54.0,60.7,69.5775,105.7045
2021-11-13 15:00:00+01:00,54.1,79.4,91.9745,139.179
2021-11-13 16:00:00+01:00,55.0,92.3,107.2015,161.97750000000002
2021-11-13 17:00:00+01:00,56.466,121.9,143.1125,215.872
2021-11-13 18:00:00+01:00,58.567,154.6,181.655,273.716
2021-11-13 19:00:00+01:00,61.633,148.4,174.7305,263.2805
2021-11-13 20:00:00+01:00,61.833,144.4,169.5575,255.5295
2021-11-13 21:00:00+01:00,59.7,153.2,179.7225,270.788
2021-11-13 22:00:00+01:00,59.966,193.4,227.0815,341.825
2021-11-13 23:00:00+01:00,60.466,208.0,243.94,367.0635
2021-11-14 00:00:00+01:00,60.3,191.0,223.909,337.084
2021-11-14 01:00:00+01:00,61.5,190.5,223.7015,336.755
2021-11-14 02:00:00+01:00,60.933,173.3,203.611,306.61
2021-11-14 03:00:00+01:00,60.933,150.4,176.219,265.5125
2021-11-14 04:00:00+01:00,61.0,162.7,190.786,287.3515
2021-11-14 05:00:00+01:00,60.966,116.0,135.99200000000002,205.2075
2021-11-14 06:00:00+01:00,61.2,59.8,68.84649999999999,104.443
2021-11-14 07:00:00+01:00,61.0,55.2,63.6455,96.4835
2021-11-14 08:00:00+01:00,61.233,66.3,76.73150000000001,116.293
2021-11-14 09:00:00+01:00,61.3,78.0,91.3245,138.2335
2021-11-14 10:00:00+01:00,62.2,89.3,104.8185,158.5085
2021-11-14 11:00:00+01:00,61.066,91.5,107.5675,162.56400000000002
2021-11-14 12:00:00+01:00,60.867,94.4,110.521,166.94150000000002
2021-11-14 13:00:00+01:00,60.1,93.1,108.97,164.654
2021-11-14 14:00:00+01:00,60.0,89.6,104.513,158.07049999999998
2021-11-14 15:00:00+01:00,59.233,88.7,103.873,157.031
2021-11-14 16:00:00+01:00,58.333,92.2,107.18,161.9975
2021-11-14 17:00:00+01:00,57.3,87.6,101.677,153.7
2021-11-14 18:00:00+01:00,57.966,79.0,91.9165,139.1385
2021-11-14 19:00:00+01:00,58.334,88.1,102.9575,155.68
2021-11-14 20:00:00+01:00,57.567,85.0,99.026,149.7475
2021-11-14 21:00:00+01:00,57.8,82.0,95.288,144.07600000000002
2021-11-14 22:00:00+01:00,57.067,78.0,90.546,137.022
2021-11-14 23:00:00+01:00,57.067,80.9,93.903,142.05
2021-11-15 00:00:00+01:00,57.0,79.2,91.5405,138.55
2021-11-15 01:00:00+01:00,57.0,69.6,80.5515,122.0865
2021-11-15 02:00:00+01:00,57.166,65.3,75.274,114.1485
2021-11-15 03:00:00+01:00,57.5,61.4,70.406,106.813
2021-11-15 04:00:00+01:00,57.0,66.0,76.1095,115.393
2021-11-15 05:00:00+01:00,56.534,56.3,64.759,98.292
2021-11-15 06:00:00+01:00,55.966,59.9,69.0955,104.8785
2021-11-15 07:00:00+01:00,55.633,64.9,75.14,113.939
2021-11-15 08:00:00+01:00,53.133,57.0,65.4495,99.2845
2021-11-15 09:00:00+01:00,52.567,56.3,64.71199999999999,98.1835
2021-11-15 10:00:00+01:00,52.2,58.2,66.583,101.0415
2021-11-15 11:00:00+01:00,52.3,56.7,65.128,98.8455
2021-11-15 12:00:00+01:00,52.433,57.4,65.90299999999999,99.98
2021-11-15 13:00:00+01:00,51.966,57.8,66.2555,100.551
2021-11-15 14:00:00+01:00,51.767,59.6,68.582,104.112
2021-11-15 15:00:00+01:00,52.1,56.6,65.1625,98.956
2021-11-15 16:00:00+01:00,52.233,59.1,68.214,103.537
2021-11-15 17:00:00+01:00,51.567,57.8,67.08500000000001,101.759
2021-11-15 18:00:00+01:00,52.6,57.9,67.076,101.7715
2021-11-15 19:00:00+01:00,54.6,59.8,70.23400000000001,106.583
2021-11-15 20:00:00+01:00,55.466,64.7,76.07300000000001,115.29
2021-11-15 21:00:00+01:00,54.867,56.6,66.11699999999999,100.3685
2021-11-15 22:00:00+01:00,54.0,53.9,62.902,95.359
2021-11-15 23:00:00+01:00,54.833,53.5,62.6425,95.013
2021-11-16 00:00:00+01:00,55.433,52.6,61.703500000000005,93.4645
2021-11-16 01:00:00+01:00,56.0,53.6,63.042,95.5875
2021-11-16 02:00:00+01:00,56.933,52.8,62.26050000000001,94.196
2021-11-16 03:00:00+01:00,57.0,49.3,58.524,87.816
2021-11-16 04:00:00+01:00,57.0,49.1,58.0745,87.26050000000001
2021-11-16 05:00:00+01:00,57.067,49.5,58.6895,87.9735
2021-11-16 06:00:00+01:00,57.433,56.9,66.75,101.311
2021-11-16 07:00:00+01:00,56.3,52.0,60.9395,92.1945
2021-11-16 08:00:00+01:00,56.567,54.8,64.2435,97.3875
2021-11-16 09:00:00+01:00,56.867,50.5,59.7045,90.006
2021-11-16 10:00:00+01:00,55.966,51.6,60.9455,91.635
2021-11-16 11:00:00+01:00,55.367,54.6,64.278,96.925
2021-11-16 12:00:00+01:00,55.8,59.9,70.3985,106.8295
2021-11-16 13:00:00+01:00,55.233,54.1,63.1285,95.7895
2021-11-16 14:00:00+01:00,54.1,54.1,63.2925,95.847
2021-11-16 15:00:00+01:00,54.0,51.3,59.95,90.716
2021-11-16 16:00:00+01:00,54.1,55.6,65.267,98.9525
2021-11-16 17:00:00+01:00,55.666,62.2,73.555,111.4575
2021-11-16 18:00:00+01:00,57.567,67.1,79.8165,120.945
2021-11-16 19:00:00+01:00,56.6,76.4,90.6815,137.26049999999998
2021-11-16 20:00:00+01:00,55.334,92.7,110.5295,167.0265
2021-11-16 21:00:00+01:00,54.767,89.2,106.257,160.571
2021-11-16 22:00:00+01:00,54.433,79.7,94.6965,143.2825
2021-11-16 23:00:00+01:00,54.166,75.4,89.3195,135.2125
2021-11-17 00:00:00+01:00,54.0,73.2,86.60249999999999,131.1365
2021-11-17 01:00:00+01:00,54.267,74.0,87.3805,132.323
2021-11-17 02:00:00+01:00,55.0,71.6,84.366,127.772
2021-11-17 03:00:00+01:00,55.567,73.1,86.1915,130.51999999999998
2021-11-17 04:00:00+01:00,56.233,70.6,83.269,126.132
2021-11-17 05:00:00+01:00,56.367,71.4,84.4635,127.8875
2021-11-17 06:00:00+01:00,57.3,87.0,103.339,156.213
2021-11-17 07:00:00+01:00,56.7,87.0,103.4985,156.5265
2021-11-17 08:00:00+01:00,55.533,78.4,92.36,139.737
2021-11-17 09:00:00+01:00,53.1,72.2,84.6575,128.1875
2021-11-17 10:00:00+01:00,49.8,45.1,54.744,78.32849999999999
2021-11-17 11:00:00+01:00,48.0,35.6,46.2375,60.5395
2021-11-17 12:00:00+01:00,47.767,39.4,48.9105,67.31899999999999
2021-11-17 13:00:00+01:00,48.034,51.2,59.615,88.8215
2021-11-17 14:00:00+01:00,48.966,62.2,71.4465,108.4385
2021-11-17 15:00:00+01:00,49.2,66.7,77.184,117.011
2021-11-17 16:00:00+01:00,50.034,65.2,75.6705,114.3725
2021-11-17 17:00:00+01:00,50.633,55.5,64.987,96.6275
2021-11-17 18:00:00+01:00,51.767,64.5,75.2205,113.4435
2021-11-17 19:00:00+01:00,53.9,108.9,129.161,194.962
2021-11-17 20:00:00+01:00,55.6,87.9,103.3835,156.292
2021-11-17 21:00:00+01:00,55.466,87.5,102.96,155.6415
2021-11-17 22:00:00+01:00,55.2,92.8,109.2765,165.163
2021-11-17 23:00:00+01:00,55.966,71.5,84.146,127.4535
2021-11-18 00:00:00+01:00,55.233,69.9,81.599,123.587
2021-11-18 01:00:00+01:00,54.7,64.8,75.4945,114.425
2021-11-18 02:00:00+01:00,56.666,53.9,62.6735,95.015
2021-11-18 03:00:00+01:00,56.367,53.8,62.4555,94.783
2021-11-18 04:00:00+01:00,58.434,54.8,63.510000000000005,96.449
2021-11-18 05:00:00+01:00,58.133,61.7,71.838,108.952
2021-11-18 06:00:00+01:00,58.633,67.7,78.756,119.35
2021-11-18 07:00:00+01:00,57.767,52.9,62.599500000000006,92.7205
2021-11-18 08:00:00+01:00,55.2,29.4,41.131,49.859
2021-11-18 09:00:00+01:00,54.267,28.5,40.6835,48.32599999999999
2021-11-18 10:00:00+01:00,52.666,28.3,40.577,48.3545
2021-11-18 11:00:00+01:00,52.034,50.9,60.506,89.5265
2021-11-18 12:00:00+01:00,51.3,45.3,54.228,78.9515
2021-11-18 13:00:00+01:00,52.267,34.3,45.5305,59.052
2021-11-18 14:00:00+01:00,49.1,30.5,42.0365,52.1875
2021-11-18 15:00:00+01:00,47.567,48.5,58.9905,84.8575
2021-11-18 16:00:00+01:00,52.4,77.1,91.1515,137.9115
2021-11-18 17:00:00+01:00,54.367,57.9,68.2855,103.564
2021-11-18 18:00:00+01:00,55.767,51.1,61.8635,92.546
2021-11-18 19:00:00+01:00,57.2,52.4,63.514,96.0725
2021-11-18 20:00:00+01:00,58.933,42.6,54.9255,78.95
2021-11-18 21:00:00+01:00,58.867,38.3,51.849,71.172
2021-11-18 22:00:00+01:00,58.166,33.0,47.5585,60.6555
2021-11-18 23:00:00+01:00,57.6,29.3,44.4705,53.6525
2021-11-19 00:00:00+01:00,58.834,26.3,41.650000000000006,48.0205
2021-11-19 01:00:00+01:00,60.334,21.4,36.3715,38.7505
2021-11-19 02:00:00+01:00,59.666,27.6,42.6135,51.1005
2021-11-19 03:00:00+01:00,61.566,15.2,26.9615,26.9775
2021-11-19 04:00:00+01:00,58.933,17.7,30.28,30.8075
2021-11-19 05:00:00+01:00,57.733,23.2,37.772,41.733
2021-11-19 06:00:00+01:00,56.966,23.4,38.2335,42.5245
2021-11-19 07:00:00+01:00,55.367,42.5,57.0995,79.467
2021-11-19 08:00:00+01:00,53.567,73.1,90.964,137.8225
2021-11-19 09:00:00+01:00,49.833,47.1,58.104,86.256
2021-11-19 10:00:00+01:00,45.034,41.3,51.4475,73.239
2021-11-19 11:00:00+01:00,42.133,23.7,34.1315,39.794
2021-11-19 12:00:00+01:00,37.667,25.7,36.6965,42.703
2021-11-19 13:00:00+01:00,33.8,19.7,29.798,31.9465
2021-11-19 14:00:00+01:00,34.466,13.9,21.631,21.7505
2021-11-19 15:00:00+01:00,36.233,54.7,64.312,94.377
2021-11-19 16:00:00+01:00,40.167,112.1,129.937,196.0985
2021-11-19 17:00:00+01:00,43.633,85.9,99.8325,150.93099999999998
2021-11-19 18:00:00+01:00,45.6,63.4,73.97,112.1875
2021-11-19 19:00:00+01:00,48.3,64.7,76.13749999999999,115.3655
2021-11-19 20:00:00+01:00,49.333,164.2,196.462,295.86249999999995
2021-11-19 21:00:00+01:00,50.4,136.9,164.26049999999998,247.5885
2021-11-19 22:00:00+01:00,50.966,149.7,179.528,270.538
2021-11-19 23:00:00+01:00,52.234,91.5,112.018,165.6385
2021-11-20 00:00:00+01:00,52.4,38.8,51.275,69.255
2021-11-20 01:00:00+01:00,52.7,116.0,141.6245,213.765
2021-11-20 02:00:00+01:00,53.034,116.5,143.6725,216.864
2021-11-20 03:00:00+01:00,53.834,102.8,127.305,192.214
2021-11-20 04:00:00+01:00,54.0,78.5,95.9355,145.1905
2021-11-20 05:00:00+01:00,54.1,63.8,77.777,117.9475
2021-11-20 06:00:00+01:00,54.933,63.8,79.0205,119.721
2021-11-20 07:00:00+01:00,55.067,70.9,87.9585,133.251
2021-11-20 08:00:00+01:00,56.333,54.9,67.0925,101.7695
2021-11-20 09:00:00+01:00,52.067,68.3,81.196,123.035
2021-11-20 10:00:00+01:00,45.767,74.4,86.97399999999999,131.6705
2021-11-20 11:00:00+01:00,38.133,43.6,51.35,74.279
2021-11-20 12:00:00+01:00,34.334,36.7,46.388,61.8005
2021-11-20 13:00:00+01:00,33.633,39.0,47.72,65.7365
2021-11-20 14:00:00+01:00,33.167,42.2,50.0595,71.6345
2021-11-20 15:00:00+01:00,37.434,56.3,64.1685,96.8575
2021-11-20 16:00:00+01:00,44.1,80.8,93.036,140.77499999999998
2021-11-20 17:00:00+01:00,50.4,93.6,109.5905,165.55
2021-11-20 18:00:00+01:00,54.367,81.6,96.3705,145.7275
2021-11-20 19:00:00+01:00,56.633,74.7,88.98400000000001,134.69799999999998
2021-11-20 20:00:00+01:00,57.633,58.5,69.554,105.562
2021-11-20 21:00:00+01:00,58.2,57.1,68.27600000000001,103.7565
2021-11-20 22:00:00+01:00,58.633,46.0,56.666,84.0725
2021-11-20 23:00:00+01:00,58.367,40.6,52.6465,74.012
2021-11-21 00:00:00+01:00,59.767,37.3,51.01,68.947
2021-11-21 01:00:00+01:00,60.0,31.1,45.957,56.9215
2021-11-21 02:00:00+01:00,59.733,25.7,41.08,47.1065
2021-11-21 03:00:00+01:00,59.367,25.5,40.7645,46.573
2021-11-21 04:00:00+01:00,59.433,23.4,38.413,42.6485
2021-11-21 05:00:00+01:00,57.7,25.5,40.3005,46.693
2021-11-21 06:00:00+01:00,55.1,78.8,99.2865,150.216
2021-11-21 07:00:00+01:00,54.734,70.6,89.174,135.136
2021-11-21 08:00:00+01:00,53.567,83.5,104.363,157.86200000000002
2021-11-21 09:00:00+01:00,50.867,98.3,119.19,180.062
2021-11-21 10:00:00+01:00,45.034,94.0,110.7535,167.357
2021-11-21 11:00:00+01:00,38.666,72.8,86.212,130.4375
2021-11-21 12:00:00+01:00,31.77,54.6,63.6875,96.3665
2021-11-21 13:00:00+01:00,27.767,49.4,56.4375,84.882
2021-11-21 14:00:00+01:00,27.867,51.6,59.399,88.684
2021-11-21 15:00:00+01:00,32.733,73.0,83.486,126.309
2021-11-21 16:00:00+01:00,41.9,98.9,114.2815,172.519
2021-11-21 17:00:00+01:00,50.0,146.8,172.3235,259.6825
2021-11-21 18:00:00+01:00,51.967,135.5,160.857,242.467
2021-11-21 19:00:00+01:00,53.767,133.4,159.83249999999998,240.9755
2021-11-21 20:00:00+01:00,54.3,116.3,139.3365,210.249
2021-11-21 21:00:00+01:00,55.034,209.4,251.057,377.7915
2021-11-21 22:00:00+01:00,55.5,223.6,269.376,405.283
2021-11-21 23:00:00+01:00,56.267,234.0,284.55100000000004,428.114
2021-11-22 00:00:00+01:00,57.0,246.9,300.85,452.6185
2021-11-22 01:00:00+01:00,56.966,238.4,290.7515,437.403
2021-11-22 02:00:00+01:00,57.767,221.3,271.32,408.2845
2021-11-22 03:00:00+01:00,57.633,164.8,203.872,307.1365
2021-11-22 04:00:00+01:00,58.133,110.9,137.10500000000002,206.9965
2021-11-22 05:00:00+01:00,57.733,125.1,154.8225,233.5775
2021-11-22 06:00:00+01:00,57.633,133.5,165.21699999999998,249.1725
2021-11-22 07:00:00+01:00,57.7,158.9,196.576,296.1825
2021-11-22 08:00:00+01:00,55.567,186.5,227.243,342.154
2021-11-22 09:00:00+01:00,54.034,193.6,230.8805,347.5635
2021-11-22 10:00:00+01:00,51.9,140.0,165.38,249.2995
2021-11-22 11:00:00+01:00,50.5,92.5,108.2305,163.57350000000002
2021-11-22 12:00:00+01:00,49.233,77.1,89.5075,135.5145
2021-11-22 13:00:00+01:00,50.4,50.6,60.018,88.187
2021-11-22 14:00:00+01:00,52.133,39.9,49.9705,69.6185
2021-11-22 15:00:00+01:00,54.666,28.3,41.039,49.0685
2021-11-22 16:00:00+01:00,56.0,32.5,44.9935,56.7525
2021-11-22 17:00:00+01:00,55.533,38.4,49.432,67.33000000000001
2021-11-22 18:00:00+01:00,56.267,37.9,49.058,66.2565
2021-11-22 19:00:00+01:00,57.733,31.9,44.27,55.817
2021-11-22 20:00:00+01:00,58.067,30.3,42.992,52.8195
2021-11-22 21:00:00+01:00,59.067,24.5,37.35850000000001,42.200500000000005
2021-11-22 22:00:00+01:00,59.034,28.0,40.656,48.8945
2021-11-22 23:00:00+01:00,60.034,25.8,38.7505,44.509
2021-11-23 00:00:00+01:00,60.666,24.1,36.88,40.9955
2021-11-23 01:00:00+01:00,59.467,22.0,34.3575,36.907
2021-11-23 02:00:00+01:00,59.0,24.3,36.963,41.405
2021-11-23 03:00:00+01:00,58.9,28.7,40.944500000000005,48.9685
2021-11-23 04:00:00+01:00,59.0,21.9,34.064499999999995,36.765
2021-11-23 05:00:00+01:00,58.834,19.7,31.268500000000003,32.581
2021-11-23 06:00:00+01:00,59.834,29.6,41.86,51.2265
2021-11-23 07:00:00+01:00,60.434,25.9,38.6025,44.8565
2021-11-23 08:00:00+01:00,60.1,45.2,56.311,79.79400000000001
2021-11-23 09:00:00+01:00,59.867,47.6,56.9675,84.04400000000001
2021-11-23 10:00:00+01:00,57.9,49.2,58.129,86.5555
2021-11-23 11:00:00+01:00,57.0,34.5,45.7105,59.4305
2021-11-23 12:00:00+01:00,56.0,31.3,43.2615,53.768
2021-11-23 13:00:00+01:00,55.166,30.0,41.967,51.125
2021-11-23 14:00:00+01:00,55.0,34.5,46.7455,59.277
2021-11-23 15:00:00+01:00,55.0,31.3,43.0845,53.196
2021-11-23 16:00:00+01:00,55.067,33.8,45.3865,58.115
2021-11-23 17:00:00+01:00,55.5,35.7,46.809,61.492
2021-11-23 18:00:00+01:00,54.767,35.8,46.927,61.608
2021-11-23 19:00:00+01:00,54.067,38.1,48.64,66.116
2021-11-23 20:00:00+01:00,53.5,36.5,47.633,63.476
2021-11-23 21:00:00+01:00,53.933,45.0,54.0745,79.155
2021-11-23 22:00:00+01:00,54.0,39.8,49.846500000000006,69.1795
2021-11-23 23:00:00+01:00,54.0,37.0,47.713,63.777
2021-11-24 00:00:00+01:00,55.233,34.6,46.914,60.6725
2021-11-24 01:00:00+01:00,54.367,38.4,49.371,67.214
2021-11-24 02:00:00+01:00,54.0,34.2,46.4065,59.6785
2021-11-24 03:00:00+01:00,54.0,37.1,48.5885,65.254
2021-11-24 04:00:00+01:00,53.033,33.5,45.801,58.287
2021-11-24 05:00:00+01:00,52.666,35.0,47.4495,62.182500000000005
2021-11-24 06:00:00+01:00,53.034,42.8,53.6335,76.9855
2021-11-24 07:00:00+01:00,51.867,43.9,54.67100000000001,79.4645
2021-11-24 08:00:00+01:00,50.466,41.6,52.94,75.19200000000001
2021-11-24 09:00:00+01:00,50.666,44.9,56.597,81.6785
2021-11-24 10:00:00+01:00,50.633,52.0,62.4105,94.7325
2021-11-24 11:00:00+01:00,50.1,50.9,60.6475,91.827
2021-11-24 12:00:00+01:00,48.034,49.3,58.283,87.4135
2021-11-24 13:00:00+01:00,47.133,45.9,54.5985,80.4975
2021-11-24 14:00:00+01:00,47.133,41.1,51.2015,71.887
2021-11-24 15:00:00+01:00,48.0,45.6,54.3895,80.28200000000001
2021-11-24 16:00:00+01:00,48.767,47.6,56.4725,84.251
2021-11-24 17:00:00+01:00,49.0,53.6,62.9075,95.391
2021-11-24 18:00:00+01:00,49.0,50.2,59.0925,89.24799999999999
2021-11-24 19:00:00+01:00,49.0,71.8,85.084,128.78050000000002
2021-11-24 20:00:00+01:00,49.534,77.8,92.761,140.3535
2021-11-24 21:00:00+01:00,50.567,93.4,112.2145,169.554
2021-11-24 22:00:00+01:00,53.133,91.4,110.9965,167.8135
2021-11-24 23:00:00+01:00,55.834,85.8,105.8205,160.099
2021-11-25 00:00:00+01:00,56.7,79.6,99.74,150.94600000000003
2021-11-25 01:00:00+01:00,57.667,64.9,81.685,123.863
2021-11-25 02:00:00+01:00,60.2,58.3,73.598,111.7515
2021-11-25 03:00:00+01:00,57.833,58.8,72.9805,110.832
2021-11-25 04:00:00+01:00,56.067,62.7,77.5125,117.628
2021-11-25 05:00:00+01:00,55.067,71.4,88.219,133.6165
2021-11-25 06:00:00+01:00,55.867,82.2,102.0105,154.37150000000003
2021-11-25 07:00:00+01:00,56.567,91.2,112.925,170.78750000000002
2021-11-25 08:00:00+01:00,55.4,89.1,109.153,165.10449999999997
2021-11-25 09:00:00+01:00,52.667,97.3,117.719,177.923
2021-11-25 10:00:00+01:00,49.267,101.2,120.8535,182.529
2021-11-25 11:00:00+01:00,45.4,76.5,89.80250000000001,135.9115
2021-11-25 12:00:00+01:00,42.2,87.8,101.945,154.09449999999998
2021-11-25 13:00:00+01:00,40.567,78.3,89.606,135.668
2021-11-25 14:00:00+01:00,43.6,81.0,93.6915,141.7285
2021-11-25 15:00:00+01:00,45.6,89.7,104.343,157.6685
2021-11-25 16:00:00+01:00,48.534,109.9,129.456,195.354
2021-11-25 17:00:00+01:00,52.467,154.9,184.627,278.147
2021-11-25 18:00:00+01:00,53.733,135.2,161.711,243.758
2021-11-25 19:00:00+01:00,55.133,128.4,153.8545,232.014
2021-11-25 20:00:00+01:00,55.4,144.7,173.7265,261.7885
2021-11-25 21:00:00+01:00,56.0,170.2,204.049,307.264
2021-11-25 22:00:00+01:00,56.133,179.8,215.693,324.8185
2021-11-25 23:00:00+01:00,56.834,199.1,239.0695,359.9735
2021-11-26 00:00:00+01:00,57.367,167.4,202.0015,304.2945
2021-11-26 01:00:00+01:00,57.0,179.7,215.9815,325.3335
2021-11-26 02:00:00+01:00,55.633,153.8,184.4525,277.9525
2021-11-26 03:00:00+01:00,55.0,153.7,184.1425,277.43100000000004
2021-11-26 04:00:00+01:00,55.0,113.1,135.3435,204.196
2021-11-26 05:00:00+01:00,56.166,96.0,114.813,173.5975
2021-11-26 06:00:00+01:00,57.867,96.7,116.2755,175.7575
2021-11-26 07:00:00+01:00,57.834,107.8,129.2105,195.088
2021-11-26 08:00:00+01:00,58.6,119.0,142.9985,215.685
2021-11-26 09:00:00+01:00,59.0,119.0,141.964,214.203
2021-11-26 10:00:00+01:00,59.5,95.3,112.9335,170.5875
2021-11-26 11:00:00+01:00,56.133,124.2,145.5375,219.5105
2021-11-26 12:00:00+01:00,55.733,144.6,169.035,254.7555
2021-11-26 13:00:00+01:00,53.133,141.5,162.912,245.5735
2021-11-26 14:00:00+01:00,54.2,94.9,109.6845,165.659
2021-11-26 15:00:00+01:00,54.867,64.9,75.07650000000001,113.7925
2021-11-26 16:00:00+01:00,55.0,80.9,94.6375,143.19299999999998
2021-11-26 17:00:00+01:00,56.233,111.6,132.71050000000002,200.2405
2021-11-26 18:00:00+01:00,60.0,90.7,108.348,163.7655
2021-11-26 19:00:00+01:00,61.133,95.3,114.483,172.941
2021-11-26 20:00:00+01:00,60.3,98.1,118.0,178.2045
2021-11-26 21:00:00+01:00,60.733,63.7,76.001,115.098
2021-11-26 22:00:00+01:00,60.133,44.8,54.581500000000005,79.77
2021-11-26 23:00:00+01:00,58.967,29.7,42.697,52.031
2021-11-27 00:00:00+01:00,58.5,29.7,42.6665,52.027
2021-11-27 01:00:00+01:00,58.6,21.7,34.4005,37.242
2021-11-27 02:00:00+01:00,59.633,34.1,46.3115,60.137
2021-11-27 03:00:00+01:00,59.334,23.8,36.885000000000005,40.9705
2021-11-27 04:00:00+01:00,59.0,20.3,33.0785,34.8985
2021-11-27 05:00:00+01:00,59.0,18.0,29.817,30.4345
2021-11-27 06:00:00+01:00,58.867,18.5,30.418,31.1215
2021-11-27 07:00:00+01:00,59.133,21.2,33.9635,36.432500000000005
2021-11-27 08:00:00+01:00,59.0,32.7,44.8815,57.021
2021-11-27 09:00:00+01:00,59.1,45.7,55.209500000000006,81.09
2021-11-27 10:00:00+01:00,59.334,45.3,54.782,80.14150000000001
2021-11-27 11:00:00+01:00,58.433,56.0,65.562,99.373
2021-11-27 12:00:00+01:00,57.4,56.8,65.66900000000001,99.7055
2021-11-27 13:00:00+01:00,51.4,56.0,63.121,95.8205
2021-11-27 14:00:00+01:00,41.633,52.9,59.5395,89.668
2021-11-27 15:00:00+01:00,44.1,48.0,54.702,81.21199999999999
2021-11-27 16:00:00+01:00,53.966,55.4,63.7685,96.644
2021-11-27 17:00:00+01:00,55.9,63.2,73.4315,111.3445
2021-11-27 18:00:00+01:00,56.067,72.4,84.586,128.0905
2021-11-27 19:00:00+01:00,57.267,91.4,107.9545,163.139
2021-11-27 20:00:00+01:00,58.334,112.5,133.329,201.1885
2021-11-27 21:00:00+01:00,59.834,135.7,161.5805,243.561
2021-11-27 22:00:00+01:00,61.0,116.0,137.8745,207.9965
2021-11-27 23:00:00+01:00,61.133,106.6,126.1965,190.483
2021-11-28 00:00:00+01:00,61.2,89.7,105.634,159.6755
2021-11-28 01:00:00+01:00,60.466,111.1,131.4815,198.429
2021-11-28 02:00:00+01:00,59.933,104.0,122.9905,185.7095
2021-11-28 03:00:00+01:00,59.767,97.8,115.6635,174.716
2021-11-28 04:00:00+01:00,61.5,73.8,87.28450000000001,132.0785
2021-11-28 05:00:00+01:00,60.334,72.6,85.689,129.75549999999998
2021-11-28 06:00:00+01:00,60.633,69.9,83.40899999999999,125.747
2021-11-28 07:00:00+01:00,60.867,88.1,105.0165,158.73950000000002
2021-11-28 08:00:00+01:00,58.3,48.8,58.5355,86.557
2021-11-28 09:00:00+01:00,43.966,7.1,9.375,9.5655
2021-11-28 10:00:00+01:00,39.767,6.0,7.345499999999999,7.3505
2021-11-28 11:00:00+01:00,42.242,8.9,12.402,12.6795
2021-11-28 12:00:00+01:00,50.975,18.9,28.277500000000003,30.741
2021-11-28 13:00:00+01:00,58.266,26.6,38.0285,45.0285
2021-11-28 14:00:00+01:00,59.5,47.0,56.42100000000001,82.12950000000001
2021-11-28 15:00:00+01:00,58.3,20.3,31.5835,34.1025
2021-11-28 16:00:00+01:00,58.034,19.1,30.338500000000003,32.3185
2021-11-28 17:00:00+01:00,55.534,27.5,39.184,47.7885
2021-11-28 18:00:00+01:00,55.133,26.8,39.581,47.040000000000006
2021-11-28 19:00:00+01:00,55.166,25.9,37.32,45.269000000000005
2021-11-28 20:00:00+01:00,56.5,50.7,63.759,91.546
2021-11-28 21:00:00+01:00,57.7,53.8,66.17349999999999,97.658
2021-11-28 22:00:00+01:00,57.267,41.9,54.106,74.799
2021-11-28 23:00:00+01:00,57.133,24.2,37.5285,42.1345
2021-11-29 00:00:00+01:00,57.034,32.1,44.9095,56.191500000000005
2021-11-29 01:00:00+01:00,57.8,31.9,44.97,56.123
2021-11-29 02:00:00+01:00,60.767,27.0,41.0065,47.875
2021-11-29 03:00:00+01:00,62.834,24.1,37.578,43.286
2021-11-29 04:00:00+01:00,61.0,18.5,30.507,32.5225
2021-11-29 05:00:00+01:00,59.666,26.0,40.8065,47.0985
2021-11-29 06:00:00+01:00,60.667,38.6,52.6415,72.6545
2021-11-29 07:00:00+01:00,60.3,27.5,42.389,51.1485
2021-11-29 08:00:00+01:00,58.1,19.0,31.714,33.4625
2021-11-29 09:00:00+01:00,57.233,26.8,41.2415,48.328
2021-11-29 10:00:00+01:00,58.7,25.3,39.143,44.8435
2021-11-29 11:00:00+01:00,55.834,23.6,36.9995,41.475
2021-11-29 12:00:00+01:00,51.433,23.0,36.263,40.4025
2021-11-29 13:00:00+01:00,52.034,27.9,41.7965,50.199
2021-11-29 14:00:00+01:00,53.6,31.5,45.3395,56.7925
2021-11-29 15:00:00+01:00,55.066,38.8,52.2655,71.69
2021-11-29 16:00:00+01:00,54.834,54.2,66.8315,100.8475
2021-11-29 17:00:00+01:00,56.733,53.3,66.8115,100.507
2021-11-29 18:00:00+01:00,56.966,53.0,66.3975,99.867
2021-11-29 19:00:00+01:00,56.867,49.6,62.66499999999999,93.1985
2021-11-29 20:00:00+01:00,58.033,45.4,58.508,85.4385
2021-11-29 21:00:00+01:00,56.533,46.4,59.4195,87.626
2021-11-29 22:00:00+01:00,56.133,53.6,67.6665,101.6335
2021-11-29 23:00:00+01:00,56.433,41.5,55.63,78.25
2021-11-30 00:00:00+01:00,57.1,28.1,44.1955,52.673
2021-11-30 01:00:00+01:00,56.4,22.0,36.8815,40.4285
2021-11-30 02:00:00+01:00,57.3,18.2,32.6495,33.3695
2021-11-30 03:00:00+01:00,58.1,16.2,29.3985,29.6115
2021-11-30 04:00:00+01:00,57.9,17.8,32.0165,33.031
2021-11-30 05:00:00+01:00,57.867,22.8,39.636,43.539
2021-11-30 06:00:00+01:00,58.2,25.3,42.7655,48.8835
2021-11-30 07:00:00+01:00,58.4,28.9,46.596,56.545
2021-11-30 08:00:00+01:00,56.767,30.3,47.998000000000005,58.9695
2021-11-30 09:00:00+01:00,51.4,37.5,52.4785,71.1
2021-11-30 10:00:00+01:00,44.5,50.7,61.964,93.2335
2021-11-30 11:00:00+01:00,37.0,37.4,47.321,66.08699999999999
2021-11-30 12:00:00+01:00,27.2,10.3,15.506,15.983
2021-11-30 13:00:00+01:00,25.0,10.0,15.215,15.394
2021-11-30 14:00:00+01:00,23.7,9.7,14.684,14.7195
2021-11-30 15:00:00+01:00,25.966,13.7,21.589,22.282
2021-11-30 16:00:00+01:00,28.3,13.5,21.503500000000003,22.118
2021-11-30 17:00:00+01:00,30.033,13.7,22.405,22.886000000000003
2021-11-30 18:00:00+01:00,30.867,12.8,21.2815,21.3765
2021-11-30 19:00:00+01:00,32.666,12.9,20.8805,21.306
2021-11-30 20:00:00+01:00,33.6,12.1,18.839,19.489
2021-11-30 21:00:00+01:00,32.267,10.3,16.0035,16.187
2021-11-30 22:00:00+01:00,31.367,8.4,12.4455,12.5485
2021-11-30 23:00:00+01:00,30.733,6.3,8.7385,8.758
2021-12-01 00:00:00+01:00,31.8,5.3,6.682,6.7275
2021-12-01 01:00:00+01:00,31.3,4.2,4.7415,4.7415
2021-12-01 02:00:00+01:00,31.0,4.9,5.6875,5.695500000000001
2021-12-01 03:00:00+01:00,31.0,4.5,5.0600000000000005,5.0600000000000005
2021-12-01 04:00:00+01:00,31.3,6.0,7.295,7.834
2021-12-01 05:00:00+01:00,32.834,5.8,7.4505,7.544
2021-12-01 06:00:00+01:00,34.133,15.1,22.5,24.2645
2021-12-01 07:00:00+01:00,35.5,18.2,26.344,30.465
2021-12-01 08:00:00+01:00,35.567,7.3,10.433,10.435
2021-12-01 09:00:00+01:00,34.633,7.2,9.797,9.9055
2021-12-01 10:00:00+01:00,33.1,7.0,9.607,9.6575
2021-12-01 11:00:00+01:00,32.666,6.7,8.901,9.058
2021-12-01 12:00:00+01:00,30.733,9.5,12.935,13.6135
2021-12-01 13:00:00+01:00,30.733,9.4,13.0795,13.49
2021-12-01 14:00:00+01:00,30.2,8.9,12.243,12.5545
2021-12-01 15:00:00+01:00,30.133,7.9,11.045,11.2845
2021-12-01 16:00:00+01:00,32.267,9.8,14.5445,14.6685
2021-12-01 17:00:00+01:00,33.9,8.7,12.631999999999998,12.8845
2021-12-01 18:00:00+01:00,34.0,8.8,12.7545,12.8535
2021-12-01 19:00:00+01:00,33.0,7.2,10.182,10.2605
2021-12-01 20:00:00+01:00,33.0,7.3,10.3695,10.3695
2021-12-01 21:00:00+01:00,35.0,6.7,9.18,9.183
2021-12-01 22:00:00+01:00,36.0,6.1,8.001999999999999,8.1255
2021-12-01 23:00:00+01:00,35.666,4.5,5.24,5.24
2021-12-02 00:00:00+01:00,36.433,4.5,5.258,5.2585
2021-12-02 01:00:00+01:00,37.9,4.9,5.9025,5.9025
2021-12-02 02:00:00+01:00,40.767,8.2,12.008,12.017
2021-12-02 03:00:00+01:00,41.3,5.4,6.953,6.953
2021-12-02 04:00:00+01:00,42.133,3.9,4.2215,4.2215
2021-12-02 05:00:00+01:00,42.666,4.3,4.6685,4.6685
2021-12-02 06:00:00+01:00,41.633,5.8,7.199999999999999,7.314500000000001
2021-12-02 07:00:00+01:00,41.534,7.3,9.999,10.025
2021-12-02 08:00:00+01:00,40.167,15.2,22.6175,24.037
2021-12-02 09:00:00+01:00,37.4,9.2,12.804,13.1995
2021-12-02 10:00:00+01:00,35.333,4.9,5.7925,5.795
2021-12-02 11:00:00+01:00,34.567,4.5,5.1735,5.1735
2021-12-02 12:00:00+01:00,33.633,5.8,7.2025,7.3855
2021-12-02 13:00:00+01:00,33.8,4.9,5.834499999999999,5.843
2021-12-02 14:00:00+01:00,31.8,8.4,11.525,11.649
2021-12-02 15:00:00+01:00,33.433,6.1,7.6455,7.874
2021-12-02 16:00:00+01:00,35.833,7.3,9.9825,9.9825
2021-12-02 17:00:00+01:00,35.434,24.6,32.322,40.6995
2021-12-02 18:00:00+01:00,38.233,9.9,14.2025,14.5035
2021-12-02 19:00:00+01:00,38.966,14.6,20.796,22.9095
2021-12-02 20:00:00+01:00,39.467,12.8,18.6365,19.5725
2021-12-02 21:00:00+01:00,54.867,7.4,10.5425,10.5425
2021-12-02 22:00:00+01:00,59.066,6.6,9.4605,9.5295
2021-12-02 23:00:00+01:00,59.4,5.7,7.8625,7.9305
2021-12-03 00:00:00+01:00,60.1,4.7,5.971,5.971
2021-12-03 01:00:00+01:00,61.034,4.5,5.707000000000001,5.707000000000001
2021-12-03 02:00:00+01:00,62.0,3.7,4.188,4.188
2021-12-03 03:00:00+01:00,60.034,5.7,7.69,7.798500000000001
2021-12-03 04:00:00+01:00,57.1,5.1,6.4135,6.7625
2021-12-03 05:00:00+01:00,57.966,6.3,8.915,9.096
2021-12-03 06:00:00+01:00,59.334,36.7,49.3165,68.2225
2021-12-03 07:00:00+01:00,60.666,16.9,28.299,29.6725
2021-12-03 08:00:00+01:00,60.966,26.8,40.0895,48.2795
2021-12-03 09:00:00+01:00,60.7,24.7,38.9425,44.667
2021-12-03 10:00:00+01:00,59.7,23.0,36.837,40.841
2021-12-03 11:00:00+01:00,57.267,28.6,42.382,51.238
2021-12-03 12:00:00+01:00,53.933,21.9,34.941500000000005,38.1555
2021-12-03 13:00:00+01:00,49.2,20.7,32.972,35.3435
2021-12-03 14:00:00+01:00,43.766,32.2,44.463,56.1675
2021-12-03 15:00:00+01:00,41.033,33.4,45.2555,58.7045
2021-12-03 16:00:00+01:00,49.567,54.7,66.86250000000001,101.056
2021-12-03 17:00:00+01:00,55.067,64.3,80.9075,122.7265
2021-12-03 18:00:00+01:00,60.034,58.2,75.16499999999999,114.146
2021-12-03 19:00:00+01:00,61.633,58.3,75.78899999999999,114.9045
2021-12-03 20:00:00+01:00,60.3,45.7,61.494,89.945
2021-12-03 21:00:00+01:00,60.733,40.1,56.5475,79.178
2021-12-03 22:00:00+01:00,60.567,46.8,64.9965,93.2935
2021-12-03 23:00:00+01:00,60.333,32.3,50.062,63.3075
2021-12-04 00:00:00+01:00,59.833,44.4,65.5955,89.19
2021-12-04 01:00:00+01:00,59.966,27.5,45.426,53.9945
2021-12-04 02:00:00+01:00,59.067,21.5,38.2805,41.541
2021-12-04 03:00:00+01:00,57.133,36.6,54.29,72.9425
2021-12-04 04:00:00+01:00,53.733,32.2,49.601,63.178
2021-12-04 05:00:00+01:00,53.867,24.9,42.0385,47.628
2021-12-04 06:00:00+01:00,54.6,28.4,46.2855,55.916
2021-12-04 07:00:00+01:00,55.5,29.3,47.23,57.986
2021-12-04 08:00:00+01:00,55.6,41.0,59.259,83.1685
2021-12-04 09:00:00+01:00,52.3,47.3,64.973,93.2265
2021-12-04 10:00:00+01:00,45.5,69.1,87.65350000000001,132.8635
2021-12-04 11:00:00+01:00,39.833,64.3,80.0675,121.2135
2021-12-04 12:00:00+01:00,35.433,53.5,63.9285,96.762
2021-12-04 13:00:00+01:00,32.033,66.4,77.012,116.662
2021-12-04 14:00:00+01:00,30.066,91.6,106.105,160.3195
2021-12-04 15:00:00+01:00,37.767,96.1,115.357,174.279
2021-12-04 16:00:00+01:00,46.166,112.4,139.9385,211.2115
2021-12-04 17:00:00+01:00,50.0,111.1,140.6935,212.367
2021-12-04 18:00:00+01:00,52.834,104.9,134.884,203.6655
2021-12-04 19:00:00+01:00,53.867,102.5,132.898,200.703
2021-12-04 20:00:00+01:00,53.85,190.9,246.2025,370.6805
2021-12-04 21:00:00+01:00,51.433,198.6,254.6625,383.3445
2021-12-04 22:00:00+01:00,50.611,165.1,211.6685,318.877
2021-12-04 23:00:00+01:00,50.6,159.8,204.8065,308.588
2021-12-05 00:00:00+01:00,52.233,172.7,221.3555,333.403
2021-12-05 01:00:00+01:00,51.475,169.3,214.7995,323.5335
2021-12-05 02:00:00+01:00,51.0,129.3,163.535,246.648
2021-12-05 03:00:00+01:00,53.033,94.0,118.954,179.7945
2021-12-05 04:00:00+01:00,54.1,79.3,100.1575,151.574
2021-12-05 05:00:00+01:00,54.0,68.5,85.46549999999999,129.5335
2021-12-05 06:00:00+01:00,54.633,71.8,89.542,135.6615
2021-12-05 07:00:00+01:00,55.067,78.4,97.849,148.14
2021-12-05 08:00:00+01:00,55.334,92.1,115.1785,174.1395
2021-12-05 09:00:00+01:00,56.5,99.9,124.109,187.4795
2021-12-05 10:00:00+01:00,56.034,108.4,131.6655,198.8215
2021-12-05 11:00:00+01:00,55.433,127.3,152.5375,230.0505
2021-12-05 12:00:00+01:00,51.3,132.9,155.813,234.983
2021-12-05 13:00:00+01:00,51.267,139.2,162.55200000000002,245.054
2021-12-05 14:00:00+01:00,55.166,132.6,155.6155,234.599
2021-12-05 15:00:00+01:00,57.442,107.1,126.3435,190.7085
2021-12-05 16:00:00+01:00,60.034,35.8,49.0445,64.4635
2021-12-05 17:00:00+01:00,56.666,42.1,53.2645,75.7385
2021-12-05 18:00:00+01:00,55.633,62.1,74.1525,112.4085
2021-12-05 19:00:00+01:00,55.933,53.7,65.232,97.308
2021-12-05 20:00:00+01:00,57.667,34.6,47.3855,62.1535
2021-12-05 21:00:00+01:00,56.5,56.2,70.121,101.8525
2021-12-05 22:00:00+01:00,58.4,52.2,64.903,95.119
2021-12-05 23:00:00+01:00,60.067,25.6,39.293000000000006,44.8835
2021-12-06 00:00:00+01:00,61.2,20.8,33.7755,36.2835
2021-12-06 01:00:00+01:00,61.633,13.5,22.3355,22.336
2021-12-06 02:00:00+01:00,62.033,12.8,21.5965,21.5965
2021-12-06 03:00:00+01:00,62.8,14.5,24.61,24.6145
2021-12-06 04:00:00+01:00,61.367,13.2,22.208,22.223
2021-12-06 05:00:00+01:00,61.133,14.8,24.9925,25.2395
2021-12-06 06:00:00+01:00,61.4,18.8,32.0965,33.172
2021-12-06 07:00:00+01:00,59.033,23.7,38.063,42.371
2021-12-06 08:00:00+01:00,57.733,24.6,39.257,44.327
2021-12-06 09:00:00+01:00,56.266,25.9,40.142,46.1845
2021-12-06 10:00:00+01:00,53.966,35.4,48.636,64.175
2021-12-06 11:00:00+01:00,52.733,33.1,47.2465,59.87349999999999
2021-12-06 12:00:00+01:00,53.567,28.5,42.3485,51.3565
2021-12-06 13:00:00+01:00,52.367,33.0,46.58,59.6995
2021-12-06 14:00:00+01:00,51.733,31.4,45.174,56.736
2021-12-06 15:00:00+01:00,51.733,32.0,45.729,57.758
2021-12-06 16:00:00+01:00,52.0,57.2,70.174,105.1175
2021-12-06 17:00:00+01:00,52.7,65.4,80.7465,120.66
2021-12-06 18:00:00+01:00,53.633,75.0,92.248,139.671
2021-12-06 19:00:00+01:00,54.966,66.1,81.236,123.1475
2021-12-06 20:00:00+01:00,50.833,54.8,69.0,101.3085
2021-12-06 21:00:00+01:00,46.334,37.2,50.306,67.133
2021-12-06 22:00:00+01:00,49.6,57.1,69.708,105.7575
2021-12-06 23:00:00+01:00,53.0,50.0,63.9855,92.944
2021-12-07 00:00:00+01:00,55.4,30.9,45.8985,56.8035
2021-12-07 01:00:00+01:00,55.466,27.5,42.5405,50.149
2021-12-07 02:00:00+01:00,55.1,21.4,36.0035,38.426
2021-12-07 03:00:00+01:00,56.8,18.1,32.2375,32.886
2021-12-07 04:00:00+01:00,57.466,18.7,33.5085,34.3805
2021-12-07 05:00:00+01:00,58.0,22.2,38.067,41.7385
2021-12-07 06:00:00+01:00,58.166,39.2,56.8145,76.01599999999999
2021-12-07 07:00:00+01:00,56.633,33.9,50.42400000000001,65.06700000000001
2021-12-07 08:00:00+01:00,54.267,34.2,50.2005,65.036
2021-12-07 09:00:00+01:00,53.034,34.8,50.5175,65.988
2021-12-07 10:00:00+01:00,52.4,31.1,46.7865,57.884
2021-12-07 11:00:00+01:00,50.367,30.0,45.2355,55.0235
2021-12-07 12:00:00+01:00,47.633,28.5,43.0035,51.3465
2021-12-07 13:00:00+01:00,42.066,28.0,41.31,49.265
2021-12-07 14:00:00+01:00,42.7,28.8,42.468,50.945
2021-12-07 15:00:00+01:00,43.734,41.1,57.218500000000006,77.2825
2021-12-07 16:00:00+01:00,47.1,53.7,67.8775,102.1185
2021-12-07 17:00:00+01:00,49.6,52.0,66.7325,100.3495
2021-12-07 18:00:00+01:00,50.966,49.5,63.68899999999999,95.799
2021-12-07 19:00:00+01:00,49.2,61.5,78.0635,118.2785
2021-12-07 20:00:00+01:00,50.2,52.1,66.3145,100.393
2021-12-07 21:00:00+01:00,51.233,49.3,63.368,94.7525
2021-12-07 22:00:00+01:00,50.466,66.0,84.555,128.0215
2021-12-07 23:00:00+01:00,50.2,58.9,75.3605,114.3385
2021-12-08 00:00:00+01:00,52.767,45.5,60.846,88.8335
2021-12-08 01:00:00+01:00,54.1,34.2,51.363,66.5395
2021-12-08 02:00:00+01:00,54.867,29.9,47.551,57.7345
2021-12-08 03:00:00+01:00,52.2,24.3,41.0055,45.94
2021-12-08 04:00:00+01:00,52.367,23.5,40.254000000000005,44.613
2021-12-08 05:00:00+01:00,53.834,22.0,39.0955,42.414
2021-12-08 06:00:00+01:00,54.067,44.9,65.5325,91.039
2021-12-08 07:00:00+01:00,51.567,48.6,68.619,97.6225
2021-12-08 08:00:00+01:00,51.0,44.1,61.9555,88.84800000000001
2021-12-08 09:00:00+01:00,49.5,51.4,68.407,102.0065
2021-12-08 10:00:00+01:00,43.567,45.3,58.842,85.5375
2021-12-08 11:00:00+01:00,37.833,46.0,57.187,83.8695
2021-12-08 12:00:00+01:00,31.967,30.5,42.49,53.0425
2021-12-08 13:00:00+01:00,30.334,57.6,67.6505,102.423
2021-12-08 14:00:00+01:00,31.834,72.4,85.6545,129.14600000000002
2021-12-08 15:00:00+01:00,34.767,104.5,125.0235,188.76
2021-12-08 16:00:00+01:00,40.034,89.2,108.383,163.861
2021-12-08 17:00:00+01:00,44.5,134.5,168.329,253.8565
2021-12-08 18:00:00+01:00,47.867,149.5,187.8065,283.0055
2021-12-08 19:00:00+01:00,47.867,178.0,223.664,336.83050000000003
2021-12-08 20:00:00+01:00,45.4,153.1,191.807,289.0435
2021-12-08 21:00:00+01:00,44.633,107.0,148.1395,204.8145
2021-12-08 22:00:00+01:00,45.467,106.0,133.4915,201.5705
2021-12-08 23:00:00+01:00,45.633,83.9,105.3085,159.3025
2021-12-09 00:00:00+01:00,46.0,66.7,83.53999999999999,126.613
2021-12-09 01:00:00+01:00,46.8,63.0,78.6265,119.3265
2021-12-09 02:00:00+01:00,48.633,81.6,103.236,156.2255
2021-12-09 03:00:00+01:00,50.233,54.6,68.68350000000001,104.2085
2021-12-09 04:00:00+01:00,50.933,53.5,66.995,101.8645
2021-12-09 05:00:00+01:00,51.433,83.9,106.8995,161.71550000000002
2021-12-09 06:00:00+01:00,52.267,77.3,98.3035,148.832
2021-12-09 07:00:00+01:00,52.667,63.5,79.97149999999999,121.3125
2021-12-09 08:00:00+01:00,56.3,36.5,50.496,67.5975
2021-12-09 09:00:00+01:00,56.834,45.6,59.2115,85.1065
2021-12-09 10:00:00+01:00,56.867,64.5,80.0565,120.353
2021-12-09 11:00:00+01:00,57.0,76.3,93.9245,142.1885
2021-12-09 12:00:00+01:00,57.1,38.4,51.0155,69.8755
2021-12-09 13:00:00+01:00,57.0,75.8,93.0495,140.8995
2021-12-09 14:00:00+01:00,57.7,46.7,62.544,86.1315
2021-12-09 15:00:00+01:00,58.433,34.8,48.4795,63.65
2021-12-09 16:00:00+01:00,58.367,36.8,50.308,67.6525
2021-12-09 17:00:00+01:00,60.233,37.6,51.2705,69.599
2021-12-09 18:00:00+01:00,59.3,39.0,52.845,72.9935
2021-12-09 19:00:00+01:00,58.567,35.4,50.337,66.2105
2021-12-09 20:00:00+01:00,57.567,32.4,47.522000000000006,60.165000000000006
2021-12-09 21:00:00+01:00,56.566,30.5,45.4035,55.884
2021-12-09 22:00:00+01:00,55.166,29.3,44.1995,53.3935
2021-12-09 23:00:00+01:00,55.367,26.4,41.3355,47.6835
2021-12-10 00:00:00+01:00,55.733,27.8,42.5185,50.3415
2021-12-10 01:00:00+01:00,55.0,35.6,49.314,65.25800000000001
2021-12-10 02:00:00+01:00,54.733,30.8,45.3385,55.8045
2021-12-10 03:00:00+01:00,55.0,34.9,49.005,63.813500000000005
2021-12-10 04:00:00+01:00,55.433,37.0,50.574,67.735
2021-12-10 05:00:00+01:00,56.067,42.7,55.0355,79.1945
2021-12-10 06:00:00+01:00,55.2,53.4,66.1095,99.9755
2021-12-10 07:00:00+01:00,54.733,56.4,69.9205,105.7715
2021-12-10 08:00:00+01:00,53.966,51.2,63.658,96.067
2021-12-10 09:00:00+01:00,52.667,62.7,77.28649999999999,117.2235
2021-12-10 10:00:00+01:00,51.7,60.8,75.03550000000001,113.071
2021-12-10 11:00:00+01:00,48.267,57.6,68.78450000000001,104.088
2021-12-10 12:00:00+01:00,43.367,45.2,54.397000000000006,78.3545
2021-12-10 13:00:00+01:00,44.0,53.4,63.22,94.2325
2021-12-10 14:00:00+01:00,46.8,52.3,62.0405,93.293
2021-12-10 15:00:00+01:00,47.2,52.1,62.374,93.0765
2021-12-10 16:00:00+01:00,48.666,47.1,57.7345,84.30000000000001
2021-12-10 17:00:00+01:00,49.834,39.1,50.1655,69.05449999999999
2021-12-10 18:00:00+01:00,51.3,45.0,58.908,82.14699999999999
2021-12-10 19:00:00+01:00,53.466,71.6,88.587,133.793
2021-12-10 20:00:00+01:00,53.666,45.4,56.127,82.57300000000001
2021-12-10 21:00:00+01:00,53.4,52.8,64.465,97.488
2021-12-10 22:00:00+01:00,53.9,49.6,60.724500000000006,91.8435
2021-12-10 23:00:00+01:00,54.6,40.5,53.249,74.5315
2021-12-11 00:00:00+01:00,55.4,32.3,46.915,58.8085
2021-12-11 01:00:00+01:00,55.933,32.7,47.1615,60.036
2021-12-11 02:00:00+01:00,56.567,34.7,49.4575,64.4295
2021-12-11 03:00:00+01:00,56.933,35.1,49.9975,65.604
2021-12-11 04:00:00+01:00,57.0,35.2,49.8285,65.5065
2021-12-11 05:00:00+01:00,57.466,33.8,48.5955,62.694500000000005
2021-12-11 06:00:00+01:00,57.4,35.5,49.653000000000006,65.4465
2021-12-11 07:00:00+01:00,57.4,29.1,44.39,53.642
2021-12-11 08:00:00+01:00,57.367,29.3,44.982,54.384
2021-12-11 09:00:00+01:00,56.8,42.5,57.4955,80.7935
2021-12-11 10:00:00+01:00,57.367,57.1,73.5125,108.9155
2021-12-11 11:00:00+01:00,56.767,83.0,105.6865,159.9005
2021-12-11 12:00:00+01:00,56.534,79.2,99.5675,150.686
2021-12-11 13:00:00+01:00,56.3,62.8,78.3615,118.5365
2021-12-11 14:00:00+01:00,55.733,43.9,56.3665,81.125
2021-12-11 15:00:00+01:00,55.433,48.2,60.9455,90.003
2021-12-11 16:00:00+01:00,55.5,58.9,74.2485,111.424
2021-12-11 17:00:00+01:00,55.633,68.2,86.525,131.10649999999998
2021-12-11 18:00:00+01:00,56.233,91.8,118.3475,178.886
2021-12-11 19:00:00+01:00,57.0,78.2,100.9835,151.9495
2021-12-11 20:00:00+01:00,57.267,79.1,101.8015,153.43099999999998
2021-12-11 21:00:00+01:00,58.267,60.6,78.298,117.0415
2021-12-11 22:00:00+01:00,58.2,47.4,61.6075,90.507
2021-12-11 23:00:00+01:00,58.7,43.5,58.3865,82.646
2021-12-12 00:00:00+01:00,59.0,37.1,51.577,69.848
2021-12-12 01:00:00+01:00,55.0,21.0,34.706,37.4065
2021-12-12 02:00:00+01:00,51.666,18.2,31.1435,32.0225
2021-12-12 03:00:00+01:00,50.334,18.3,31.4,32.02
2021-12-12 04:00:00+01:00,49.233,18.1,31.3435,31.948
2021-12-12 05:00:00+01:00,48.466,18.1,31.0445,31.865
2021-12-12 06:00:00+01:00,47.233,19.9,33.5385,35.318
2021-12-12 07:00:00+01:00,45.867,18.6,31.771,32.981
2021-12-12 08:00:00+01:00,44.966,18.3,31.413000000000004,32.47
2021-12-12 09:00:00+01:00,44.166,21.5,35.5855,38.764
2021-12-12 10:00:00+01:00,42.833,19.1,32.073,33.8845
2021-12-12 11:00:00+01:00,41.567,21.0,34.2975,37.1305
2021-12-12 12:00:00+01:00,41.334,20.5,33.859,36.2245
2021-12-12 13:00:00+01:00,39.267,20.8,33.6805,36.171
2021-12-12 14:00:00+01:00,39.6,22.0,34.877,38.662
2021-12-12 15:00:00+01:00,44.6,25.6,40.77,47.3715
2021-12-12 16:00:00+01:00,47.0,23.5,38.42,42.4805
2021-12-12 17:00:00+01:00,46.3,24.4,39.336,44.2215
2021-12-12 18:00:00+01:00,44.7,23.5,37.879,42.0025
2021-12-12 19:00:00+01:00,43.1,35.0,52.432500000000005,66.92999999999999
2021-12-12 20:00:00+01:00,41.966,32.6,46.264,59.5515
2021-12-12 21:00:00+01:00,40.466,23.9,36.3895,42.2165
2021-12-12 22:00:00+01:00,39.533,19.5,31.4925,33.577
2021-12-12 23:00:00+01:00,40.3,24.4,38.618,43.526
2021-12-13 00:00:00+01:00,42.067,21.3,34.3505,37.747
2021-12-13 01:00:00+01:00,45.8,16.9,27.792,29.9975
2021-12-13 02:00:00+01:00,48.267,14.1,24.0145,24.5905
2021-12-13 03:00:00+01:00,50.467,12.0,20.82,20.82
2021-12-13 04:00:00+01:00,53.534,13.7,23.9925,24.867
2021-12-13 05:00:00+01:00,54.0,18.7,31.530500000000004,34.879
2021-12-13 06:00:00+01:00,54.0,20.0,35.2505,37.7785
2021-12-13 07:00:00+01:00,53.833,26.8,43.637,51.614
2021-12-13 08:00:00+01:00,52.2,30.3,46.6045,57.6475
2021-12-13 09:00:00+01:00,48.767,36.4,51.701,69.0765
2021-12-13 10:00:00+01:00,47.5,29.0,44.6285,54.2495
2021-12-13 11:00:00+01:00,50.666,39.3,54.5165,75.20400000000001
2021-12-13 12:00:00+01:00,49.166,46.3,59.23,87.423
2021-12-13 13:00:00+01:00,50.166,48.2,61.08,90.97
2021-12-13 14:00:00+01:00,51.2,61.3,77.13650000000001,116.625
2021-12-13 15:00:00+01:00,52.466,52.6,66.53800000000001,99.9965
2021-12-13 16:00:00+01:00,54.067,53.7,67.614,102.2005
2021-12-13 17:00:00+01:00,56.567,73.4,92.152,139.567
2021-12-13 18:00:00+01:00,59.1,58.0,73.521,111.5
2021-12-13 19:00:00+01:00,60.7,57.5,72.979,110.871
2021-12-13 20:00:00+01:00,59.133,59.8,74.92699999999999,113.736
2021-12-13 21:00:00+01:00,58.833,58.1,73.2645,110.041
2021-12-13 22:00:00+01:00,59.7,48.2,62.870000000000005,90.698
2021-12-13 23:00:00+01:00,60.367,35.5,49.72,65.718
2021-12-14 00:00:00+01:00,61.567,36.0,50.3985,66.9865
2021-12-14 01:00:00+01:00,60.867,26.3,41.2505,47.633
2021-12-14 02:00:00+01:00,59.833,25.9,40.522,46.579
2021-12-14 03:00:00+01:00,58.0,21.2,34.984,37.342
2021-12-14 04:00:00+01:00,57.767,20.9,34.6535,36.828
2021-12-14 05:00:00+01:00,57.3,21.5,35.1785,37.7085
2021-12-14 06:00:00+01:00,56.733,46.9,60.274,84.9925
2021-12-14 07:00:00+01:00,56.0,43.2,55.9055,78.565
2021-12-14 08:00:00+01:00,55.733,36.2,49.067,65.4835
2021-12-14 09:00:00+01:00,53.834,34.2,46.897000000000006,60.797
2021-12-14 10:00:00+01:00,54.733,38.1,50.0605,68.398
2021-12-14 11:00:00+01:00,54.133,33.6,46.2025,59.48
2021-12-14 12:00:00+01:00,53.9,27.1,40.082,46.904
2021-12-14 13:00:00+01:00,54.0,27.6,40.7115,47.964
2021-12-14 14:00:00+01:00,55.433,29.7,42.6995,52.087500000000006
2021-12-14 15:00:00+01:00,55.3,33.0,45.639,58.3155
2021-12-14 16:00:00+01:00,55.034,35.3,47.262,62.366
2021-12-14 17:00:00+01:00,54.567,45.2,55.9525,80.6115
2021-12-14 18:00:00+01:00,56.267,62.5,74.4765,112.519
2021-12-14 19:00:00+01:00,58.133,66.9,80.3945,121.7825
2021-12-14 20:00:00+01:00,58.466,61.3,73.684,111.1945
2021-12-14 21:00:00+01:00,57.8,53.5,64.985,96.387
2021-12-14 22:00:00+01:00,57.466,63.4,76.2825,115.7285
2021-12-14 23:00:00+01:00,59.0,44.5,55.6735,81.16
2021-12-15 00:00:00+01:00,58.367,36.8,49.538,66.4125
2021-12-15 01:00:00+01:00,58.0,36.7,49.6335,65.9935
2021-12-15 02:00:00+01:00,57.767,39.1,51.2595,70.763
2021-12-15 03:00:00+01:00,58.0,36.5,49.323,65.8355
2021-12-15 04:00:00+01:00,58.0,36.5,49.654,66.284
2021-12-15 05:00:00+01:00,60.334,34.4,48.421,62.727
2021-12-15 06:00:00+01:00,59.233,49.1,60.9965,89.82650000000001
2021-12-15 07:00:00+01:00,59.0,43.8,55.2305,79.946
2021-12-15 08:00:00+01:00,58.467,45.9,58.3095,83.77799999999999
2021-12-15 09:00:00+01:00,60.7,51.3,63.19199999999999,94.077
2021-12-15 10:00:00+01:00,59.9,52.2,62.857,95.077
2021-12-15 11:00:00+01:00,59.8,54.5,64.9455,98.091
2021-12-15 12:00:00+01:00,59.566,48.8,60.11,86.7325
2021-12-15 13:00:00+01:00,57.466,34.1,46.0715,59.431
2021-12-15 14:00:00+01:00,56.4,28.9,41.322,49.843
2021-12-15 15:00:00+01:00,55.667,36.9,47.8955,64.5015
2021-12-15 16:00:00+01:00,54.966,47.5,57.52,84.381
2021-12-15 17:00:00+01:00,54.0,55.7,65.578,99.0385
2021-12-15 18:00:00+01:00,53.966,84.5,100.583,152.12
2021-12-15 19:00:00+01:00,57.867,103.1,123.6905,186.7765
2021-12-15 20:00:00+01:00,59.166,90.2,108.2945,163.8265
2021-12-15 21:00:00+01:00,59.233,78.3,93.3865,141.417
2021-12-15 22:00:00+01:00,59.433,55.2,65.58699999999999,99.4095
2021-12-15 23:00:00+01:00,56.834,58.1,68.46549999999999,103.8665
2021-12-16 00:00:00+01:00,57.733,45.0,54.3905,79.695
2021-12-16 01:00:00+01:00,58.0,39.0,49.7835,68.3785
2021-12-16 02:00:00+01:00,57.233,41.3,51.4385,72.5195
2021-12-16 03:00:00+01:00,59.867,39.7,51.0455,70.586
2021-12-16 04:00:00+01:00,59.828,38.8,50.628,69.2935
2021-12-16 05:00:00+01:00,59.0,37.5,49.8705,67.1465
2021-12-16 06:00:00+01:00,59.767,44.7,56.236,81.043
2021-12-16 07:00:00+01:00,59.034,45.9,57.544,83.47649999999999
2021-12-16 08:00:00+01:00,57.133,48.6,59.9665,87.838
2021-12-16 09:00:00+01:00,55.2,65.4,78.7295,119.354
2021-12-16 10:00:00+01:00,53.1,46.6,57.45,83.1725
2021-12-16 11:00:00+01:00,53.0,33.6,45.6775,58.5305
2021-12-16 12:00:00+01:00,52.367,28.9,41.455,49.6615
2021-12-16 13:00:00+01:00,54.733,34.1,46.174,59.694
2021-12-16 14:00:00+01:00,56.433,36.3,48.2265,63.9845
2021-12-16 15:00:00+01:00,58.367,39.6,50.9725,70.5135
2021-12-16 16:00:00+01:00,59.3,41.3,53.2765,74.0145
2021-12-16 17:00:00+01:00,59.834,44.3,55.935,80.2925
2021-12-16 18:00:00+01:00,59.667,39.8,52.7705,71.45349999999999
2021-12-16 19:00:00+01:00,60.567,42.4,54.515,76.428
2021-12-16 20:00:00+01:00,61.167,37.6,49.809,67.069
2021-12-16 21:00:00+01:00,60.966,34.4,47.2905,61.042
2021-12-16 22:00:00+01:00,60.867,32.4,45.7,57.849500000000006
2021-12-16 23:00:00+01:00,59.166,29.4,42.423,51.447
2021-12-17 00:00:00+01:00,58.966,26.6,39.943,46.322500000000005
2021-12-17 01:00:00+01:00,59.733,27.5,41.1935,48.36
2021-12-17 02:00:00+01:00,60.6,26.7,40.3305,46.901
2021-12-17 03:00:00+01:00,61.566,23.2,36.1805,39.7645
2021-12-17 04:00:00+01:00,61.2,20.2,32.225,33.7015
2021-12-17 05:00:00+01:00,61.5,15.0,23.903,24.5445
2021-12-17 06:00:00+01:00,61.4,20.9,31.8525,36.006
2021-12-17 07:00:00+01:00,58.9,31.6,45.043000000000006,56.471
2021-12-17 08:00:00+01:00,60.533,39.0,52.935,71.57300000000001
2021-12-17 09:00:00+01:00,58.566,41.7,53.488,75.458
2021-12-17 10:00:00+01:00,53.4,50.6,61.2955,90.2035
2021-12-17 11:00:00+01:00,49.8,39.7,50.41,69.1225
2021-12-17 12:00:00+01:00,47.034,19.7,30.916,32.7035
2021-12-17 13:00:00+01:00,43.567,20.6,32.059,34.652
2021-12-17 14:00:00+01:00,39.367,19.4,29.6265,31.948500000000003
2021-12-17 15:00:00+01:00,40.233,17.1,27.724,28.2925
2021-12-17 16:00:00+01:00,43.267,31.7,43.2985,55.8095
2021-12-17 17:00:00+01:00,46.034,60.6,72.626,109.979
2021-12-17 18:00:00+01:00,48.266,80.9,98.418,148.91199999999998
2021-12-17 19:00:00+01:00,48.5,82.9,101.264,153.227
2021-12-17 20:00:00+01:00,49.766,113.2,139.60649999999998,210.7155
2021-12-17 21:00:00+01:00,50.2,115.9,143.9475,217.2415
2021-12-17 22:00:00+01:00,50.633,63.9,81.6345,120.2775
2021-12-17 23:00:00+01:00,46.733,45.0,56.9905,82.53550000000001
2021-12-18 00:00:00+01:00,45.133,26.8,39.999,47.334500000000006
2021-12-18 01:00:00+01:00,45.4,16.5,26.4125,27.783
2021-12-18 02:00:00+01:00,45.834,12.5,20.114,20.191000000000003
2021-12-18 03:00:00+01:00,45.0,11.2,17.744999999999997,17.744999999999997
2021-12-18 04:00:00+01:00,44.267,10.0,15.836,15.836
2021-12-18 05:00:00+01:00,44.0,10.5,16.6925,16.7005
2021-12-18 06:00:00+01:00,44.233,13.2,21.923,22.2365
2021-12-18 07:00:00+01:00,43.867,23.5,36.9565,42.197500000000005
2021-12-18 08:00:00+01:00,42.9,28.2,42.0875,50.6005
2021-12-18 09:00:00+01:00,42.067,21.8,35.1115,38.5945
2021-12-18 10:00:00+01:00,41.367,23.6,36.927,41.7765
2021-12-18 11:00:00+01:00,40.633,23.8,36.957,41.976
2021-12-18 12:00:00+01:00,38.5,21.5,33.9285,37.066
2021-12-18 13:00:00+01:00,36.966,22.2,34.198,37.902
2021-12-18 14:00:00+01:00,36.333,24.5,37.2725,42.298
2021-12-18 15:00:00+01:00,35.767,33.1,45.465,57.9415
2021-12-18 16:00:00+01:00,40.9,52.4,65.1205,96.616
2021-12-18 17:00:00+01:00,45.7,57.6,72.4705,110.0165
2021-12-18 18:00:00+01:00,48.6,57.2,73.416,111.3285
2021-12-18 19:00:00+01:00,49.8,56.6,73.2245,110.964
2021-12-18 20:00:00+01:00,51.4,46.8,62.116,92.2185
2021-12-18 21:00:00+01:00,54.467,35.9,53.346500000000006,70.8835
2021-12-18 22:00:00+01:00,54.1,37.3,54.078,73.05799999999999
2021-12-18 23:00:00+01:00,53.3,32.1,49.2535,61.973
2021-12-19 00:00:00+01:00,52.067,25.3,41.544,47.3265
2021-12-19 01:00:00+01:00,48.433,24.8,39.9485,45.0395
2021-12-19 02:00:00+01:00,47.3,22.0,36.3205,39.8325
2021-12-19 03:00:00+01:00,49.0,30.5,44.84,57.445
2021-12-19 04:00:00+01:00,47.2,28.5,42.8135,52.4905
2021-12-19 05:00:00+01:00,46.567,30.5,45.739,56.340500000000006
2021-12-19 06:00:00+01:00,46.0,36.6,50.8245,68.053
2021-12-19 07:00:00+01:00,45.433,50.8,67.4345,97.7915
2021-12-19 08:00:00+01:00,44.7,70.4,88.3575,133.7935
2021-12-19 09:00:00+01:00,43.733,96.7,119.526,180.6415
2021-12-19 10:00:00+01:00,39.367,86.0,102.911,155.608
2021-12-19 11:00:00+01:00,33.867,70.4,82.025,124.252
2021-12-19 12:00:00+01:00,29.633,73.7,85.1365,128.863
2021-12-19 13:00:00+01:00,25.166,43.2,53.22,73.785
2021-12-19 14:00:00+01:00,21.933,24.2,33.389,40.018
2021-12-19 15:00:00+01:00,27.433,37.5,47.108,63.3055
2021-12-19 16:00:00+01:00,35.0,65.9,76.761,116.252
2021-12-19 17:00:00+01:00,39.166,122.6,146.2575,220.576
2021-12-19 18:00:00+01:00,42.166,156.6,188.3225,283.683
2021-12-19 19:00:00+01:00,46.367,137.4,169.563,255.622
2021-12-19 20:00:00+01:00,49.266,71.4,89.79650000000001,136.044
2021-12-19 21:00:00+01:00,50.233,100.5,126.658,191.35
2021-12-19 22:00:00+01:00,53.2,81.0,104.02,157.3775
2021-12-19 23:00:00+01:00,54.567,69.4,89.67699999999999,135.905
2021-12-20 00:00:00+01:00,55.9,44.3,59.705,86.42150000000001
2021-12-20 01:00:00+01:00,56.966,29.3,46.7145,56.44799999999999
2021-12-20 02:00:00+01:00,56.467,22.4,38.766000000000005,42.346
2021-12-20 03:00:00+01:00,56.6,25.0,41.2585,47.431
2021-12-20 04:00:00+01:00,54.267,20.1,35.2595,37.081500000000005
2021-12-20 05:00:00+01:00,55.767,19.2,34.623999999999995,35.961
2021-12-20 06:00:00+01:00,55.767,19.1,34.341,35.784
2021-12-20 07:00:00+01:00,54.733,31.0,48.064,60.2435
2021-12-20 08:00:00+01:00,54.767,37.8,54.5785,74.186
2021-12-20 09:00:00+01:00,53.966,40.7,56.4105,79.3415
2021-12-20 10:00:00+01:00,52.4,43.5,57.398,83.1485
2021-12-20 11:00:00+01:00,50.167,51.8,64.5825,97.4885
2021-12-20 12:00:00+01:00,42.733,35.9,46.7095,63.848
2021-12-20 13:00:00+01:00,34.166,17.9,28.3735,29.8415
2021-12-20 14:00:00+01:00,29.733,18.3,28.436,30.478500000000004
2021-12-20 15:00:00+01:00,29.7,28.3,39.3455,49.435
2021-12-20 16:00:00+01:00,37.633,57.2,70.83600000000001,105.835
2021-12-20 17:00:00+01:00,43.167,68.6,87.027,131.927
2021-12-20 18:00:00+01:00,47.0,60.0,77.61000000000001,117.7745
2021-12-20 19:00:00+01:00,49.367,62.3,81.971,124.3675
2021-12-20 20:00:00+01:00,51.1,69.7,92.9015,140.756
2021-12-20 21:00:00+01:00,52.0,57.4,76.241,115.7785
2021-12-20 22:00:00+01:00,52.066,60.0,79.65299999999999,120.7845
2021-12-20 23:00:00+01:00,52.633,46.2,63.6365,93.4565
2021-12-21 00:00:00+01:00,53.534,37.3,55.438,75.1735
2021-12-21 01:00:00+01:00,53.867,36.2,54.4675,72.65100000000001
2021-12-21 02:00:00+01:00,54.633,31.4,50.241,62.854
2021-12-21 03:00:00+01:00,54.466,27.8,46.6725,55.5155
2021-12-21 04:00:00+01:00,54.867,24.8,43.228,49.271
2021-12-21 05:00:00+01:00,54.267,22.9,40.8095,45.1385
2021-12-21 06:00:00+01:00,54.233,27.0,46.045,54.055
2021-12-21 07:00:00+01:00,54.4,36.6,56.066,75.15899999999999
2021-12-21 08:00:00+01:00,54.666,39.4,59.067,81.4545
2021-12-21 09:00:00+01:00,52.466,44.3,62.7395,89.6235
2021-12-21 10:00:00+01:00,43.1,120.3,155.585,234.741
2021-12-21 11:00:00+01:00,33.267,39.5,54.512,72.818
2021-12-21 12:00:00+01:00,28.0,19.0,30.652,32.3745
2021-12-21 13:00:00+01:00,24.434,16.4,26.329,26.984
2021-12-21 14:00:00+01:00,21.1,16.3,25.256500000000003,26.571
2021-12-21 15:00:00+01:00,25.066,31.7,43.559,55.793
2021-12-21 16:00:00+01:00,30.633,70.0,87.9505,129.527
2021-12-21 17:00:00+01:00,30.867,40.8,53.2695,74.856
2021-12-21 18:00:00+01:00,30.1,35.9,51.2345,67.164
2021-12-21 19:00:00+01:00,31.133,30.7,45.351,56.517
2021-12-21 20:00:00+01:00,34.067,71.1,91.803,135.519
2021-12-21 21:00:00+01:00,36.234,87.4,110.9,167.656
2021-12-21 22:00:00+01:00,36.2,101.0,129.3,195.3105
2021-12-21 23:00:00+01:00,35.367,71.5,90.876,137.673
2021-12-22 00:00:00+01:00,36.834,75.5,96.4025,145.9855
2021-12-22 01:00:00+01:00,37.166,60.7,77.00450000000001,116.823
2021-12-22 02:00:00+01:00,37.2,38.4,52.8465,72.4255
2021-12-22 03:00:00+01:00,37.233,40.9,54.935500000000005,77.77000000000001
2021-12-22 04:00:00+01:00,38.5,42.4,55.9735,80.7055
2021-12-22 05:00:00+01:00,38.3,42.7,56.4755,81.463
2021-12-22 06:00:00+01:00,38.767,52.5,67.477,101.593
2021-12-22 07:00:00+01:00,39.933,56.0,71.89750000000001,109.2375
2021-12-22 08:00:00+01:00,39.0,64.8,82.5295,125.1985
2021-12-22 09:00:00+01:00,39.0,69.4,88.411,133.98399999999998
2021-12-22 10:00:00+01:00,36.767,61.5,77.38050000000001,117.4275
2021-12-22 11:00:00+01:00,34.4,67.5,84.6965,128.317
2021-12-22 12:00:00+01:00,33.766,61.9,76.9545,116.6785
2021-12-22 13:00:00+01:00,33.367,48.9,60.7205,90.613
2021-12-22 14:00:00+01:00,32.067,42.8,54.3785,78.37
2021-12-22 15:00:00+01:00,33.0,51.0,62.152,93.856
2021-12-22 16:00:00+01:00,33.334,48.5,60.096500000000006,89.78999999999999
2021-12-22 17:00:00+01:00,34.6,93.8,117.0055,176.79899999999998
2021-12-22 18:00:00+01:00,37.0,117.1,147.8075,223.1205
2021-12-22 19:00:00+01:00,42.633,108.0,141.214,213.207
2021-12-22 20:00:00+01:00,46.266,105.1,140.7725,212.548
2021-12-22 21:00:00+01:00,47.9,91.6,123.8905,187.2845
2021-12-22 22:00:00+01:00,48.0,80.5,109.268,165.332
2021-12-22 23:00:00+01:00,49.433,66.4,90.812,137.6625
2021-12-23 00:00:00+01:00,50.433,55.6,76.064,115.56
2021-12-23 01:00:00+01:00,50.267,54.9,75.41,114.508
2021-12-23 02:00:00+01:00,50.4,49.4,68.343,103.0005
2021-12-23 03:00:00+01:00,51.033,45.8,64.2655,95.3125
2021-12-23 04:00:00+01:00,49.6,51.4,69.935,105.574
2021-12-23 05:00:00+01:00,48.767,54.5,73.35400000000001,111.266
2021-12-23 06:00:00+01:00,48.1,93.6,128.469,194.1595
2021-12-23 07:00:00+01:00,47.367,96.5,131.673,198.9895
2021-12-23 08:00:00+01:00,46.1,111.7,150.5205,227.232
2021-12-23 09:00:00+01:00,44.966,108.9,145.15800000000002,219.169
2021-12-23 10:00:00+01:00,42.9,156.7,203.3785,306.4035
2021-12-23 11:00:00+01:00,40.367,140.0,178.04899999999998,268.3775
2021-12-23 12:00:00+01:00,39.0,123.8,154.004,232.375
2021-12-23 13:00:00+01:00,38.8,124.5,153.5875,231.734
2021-12-23 14:00:00+01:00,36.334,137.1,165.8275,250.03
2021-12-23 15:00:00+01:00,37.633,192.6,234.5425,353.141
2021-12-23 16:00:00+01:00,42.367,249.2,308.807,464.5465
2021-12-23 17:00:00+01:00,46.367,250.6,315.9,475.2125
2021-12-23 18:00:00+01:00,47.867,240.7,303.633,456.815
2021-12-23 19:00:00+01:00,48.467,319.3,401.0595,602.9404999999999
2021-12-23 20:00:00+01:00,48.3,355.3,445.2045,669.211
2021-12-23 21:00:00+01:00,49.8,178.4,226.0775,338.386
2021-12-23 22:00:00+01:00,46.966,27.7,40.366,48.536
2021-12-23 23:00:00+01:00,48.2,45.4,55.8515,82.461
2021-12-24 00:00:00+01:00,49.933,52.7,65.1545,96.7485
2021-12-24 01:00:00+01:00,50.334,77.7,96.077,145.3775
2021-12-24 02:00:00+01:00,50.6,77.8,97.9905,145.017
2021-12-24 03:00:00+01:00,45.633,5.6,7.032500000000001,7.032500000000001
2021-12-24 04:00:00+01:00,43.0,5.8,7.3035,7.3035
2021-12-24 05:00:00+01:00,43.633,6.9,9.267,9.267
2021-12-24 06:00:00+01:00,43.5,10.5,15.971,16.061500000000002
2021-12-24 07:00:00+01:00,43.8,13.6,20.5,21.718
2021-12-24 08:00:00+01:00,43.334,10.8,16.3615,16.4675
2021-12-24 09:00:00+01:00,40.766,11.8,17.6355,18.028
2021-12-24 10:00:00+01:00,37.733,10.7,14.966,15.6695
2021-12-24 11:00:00+01:00,36.334,8.4,11.2375,11.584
2021-12-24 12:00:00+01:00,36.367,9.8,13.3005,13.9255
2021-12-24 13:00:00+01:00,34.367,9.5,13.595,13.7505
2021-12-24 14:00:00+01:00,33.767,7.8,10.4125,10.436
2021-12-24 15:00:00+01:00,35.0,13.5,19.0315,20.9
2021-12-24 16:00:00+01:00,35.867,16.0,22.146500000000003,25.1065
2021-12-24 17:00:00+01:00,37.733,14.6,20.8115,22.4795
2021-12-24 18:00:00+01:00,38.067,22.3,29.295,37.7775
2021-12-24 19:00:00+01:00,38.0,12.6,18.055,18.895
2021-12-24 20:00:00+01:00,38.0,12.4,17.9165,18.5815
2021-12-24 21:00:00+01:00,38.233,11.6,16.3765,16.8995
2021-12-24 22:00:00+01:00,38.3,11.9,16.6725,17.723
2021-12-24 23:00:00+01:00,38.933,12.6,17.191,18.8805
2021-12-25 00:00:00+01:00,39.0,10.0,13.335,14.207
2021-12-25 01:00:00+01:00,39.466,11.3,15.3955,16.753500000000003
2021-12-25 02:00:00+01:00,41.334,11.2,15.3135,16.4795
2021-12-25 03:00:00+01:00,43.234,8.6,11.3835,11.7585
2021-12-25 04:00:00+01:00,42.867,10.4,14.0445,15.0465
2021-12-25 05:00:00+01:00,43.1,8.3,10.9465,11.248
2021-12-25 06:00:00+01:00,43.367,11.1,15.1085,16.418499999999998
2021-12-25 07:00:00+01:00,41.267,10.7,14.1545,15.4865
2021-12-25 08:00:00+01:00,40.8,11.8,15.995,17.711
2021-12-25 09:00:00+01:00,40.833,12.0,16.363,17.9565
2021-12-25 10:00:00+01:00,39.7,11.2,15.4035,16.5375
2021-12-25 11:00:00+01:00,37.367,7.8,10.639,10.6475
2021-12-25 12:00:00+01:00,37.0,9.6,13.336,13.9395
2021-12-25 13:00:00+01:00,35.734,10.9,15.5375,16.2265
2021-12-25 14:00:00+01:00,35.067,20.4,28.7905,33.278
2021-12-25 15:00:00+01:00,37.367,11.0,15.585,16.3175
2021-12-25 16:00:00+01:00,40.067,16.6,24.607,26.3175
2021-12-25 17:00:00+01:00,39.867,19.0,27.9705,30.599
2021-12-25 18:00:00+01:00,39.166,13.6,20.378,20.9985
2021-12-25 19:00:00+01:00,47.334,28.8,38.5745,48.0265
2021-12-25 20:00:00+01:00,56.067,68.0,78.491,117.786
2021-12-25 21:00:00+01:00,58.367,65.3,76.2295,114.5015
2021-12-25 22:00:00+01:00,59.767,75.7,87.94800000000001,133.0965
2021-12-25 23:00:00+01:00,60.5,79.1,92.3065,139.647
2021-12-26 00:00:00+01:00,61.167,70.1,81.252,122.771
2021-12-26 01:00:00+01:00,60.3,48.2,56.026,82.80799999999999
2021-12-26 02:00:00+01:00,60.3,49.9,57.18,85.8845
2021-12-26 03:00:00+01:00,60.4,50.1,58.82599999999999,86.367
2021-12-26 04:00:00+01:00,60.933,13.4,20.5115,20.811
2021-12-26 05:00:00+01:00,60.633,18.3,28.37,29.7605
2021-12-26 06:00:00+01:00,60.666,19.5,30.9595,32.631
2021-12-26 07:00:00+01:00,59.8,14.3,22.619,22.9655
2021-12-26 08:00:00+01:00,59.133,14.9,23.8305,24.1835
2021-12-26 09:00:00+01:00,57.867,17.8,28.174,29.814
2021-12-26 10:00:00+01:00,58.034,21.2,33.4575,36.2155
2021-12-26 11:00:00+01:00,59.334,28.2,41.4575,49.802
2021-12-26 12:00:00+01:00,59.033,26.7,40.0885,47.16
2021-12-26 13:00:00+01:00,58.0,25.0,38.248000000000005,43.723
2021-12-26 14:00:00+01:00,57.7,21.4,33.907,37.6515
2021-12-26 15:00:00+01:00,56.334,17.8,29.1225,30.515
2021-12-26 16:00:00+01:00,56.334,23.5,36.733,41.4585
2021-12-26 17:00:00+01:00,56.466,20.5,33.090500000000006,35.853500000000004
2021-12-26 18:00:00+01:00,55.534,21.7,34.021,37.717
2021-12-26 19:00:00+01:00,55.0,24.0,37.0505,42.2845
2021-12-26 20:00:00+01:00,55.067,25.8,39.2285,45.9295
2021-12-26 21:00:00+01:00,55.666,33.0,46.884,60.367
2021-12-26 22:00:00+01:00,56.933,20.2,33.3345,35.9025
2021-12-26 23:00:00+01:00,57.7,17.9,30.476,31.3775
2021-12-27 00:00:00+01:00,56.966,14.9,24.9505,25.5305
2021-12-27 01:00:00+01:00,56.8,17.3,29.380000000000003,30.041
2021-12-27 02:00:00+01:00,57.0,16.7,28.4495,29.1545
2021-12-27 03:00:00+01:00,57.0,21.7,36.4625,39.101
2021-12-27 04:00:00+01:00,57.0,28.1,42.573,51.7805
2021-12-27 05:00:00+01:00,56.834,27.1,41.813500000000005,50.216
2021-12-27 06:00:00+01:00,56.0,17.9,30.3515,32.483000000000004
2021-12-27 07:00:00+01:00,55.834,27.2,42.0775,50.942
2021-12-27 08:00:00+01:00,55.267,16.8,28.821,30.042
2021-12-27 09:00:00+01:00,54.666,18.4,31.277,33.208
2021-12-27 10:00:00+01:00,54.133,21.2,34.927,38.235
2021-12-27 11:00:00+01:00,52.3,18.8,31.169000000000004,32.8285
2021-12-27 12:00:00+01:00,51.9,19.9,32.1475,35.463
2021-12-27 13:00:00+01:00,52.966,30.6,44.553,55.229
2021-12-27 14:00:00+01:00,52.9,28.6,42.621,51.985
2021-12-27 15:00:00+01:00,52.9,28.6,42.6385,52.0675
2021-12-27 16:00:00+01:00,51.033,33.4,47.4775,60.8995
2021-12-27 17:00:00+01:00,50.267,35.6,48.953,64.86500000000001
2021-12-27 18:00:00+01:00,50.7,34.9,48.6595,63.925
2021-12-27 19:00:00+01:00,51.0,35.1,48.832,64.3135
2021-12-27 20:00:00+01:00,51.733,55.6,69.97049999999999,103.9375
2021-12-27 21:00:00+01:00,53.966,70.9,88.7655,134.5015
2021-12-27 22:00:00+01:00,54.433,64.3,80.222,121.7235
2021-12-27 23:00:00+01:00,54.6,49.8,63.892,93.876
2021-12-28 00:00:00+01:00,55.0,44.5,56.4105,83.1555
2021-12-28 01:00:00+01:00,55.0,25.7,40.068,45.9525
2021-12-28 02:00:00+01:00,55.0,18.5,30.99,31.812
2021-12-28 03:00:00+01:00,55.133,17.1,29.373,29.6025
2021-12-28 04:00:00+01:00,55.466,14.1,23.7695,23.777
2021-12-28 05:00:00+01:00,55.0,13.9,23.1665,23.239
2021-12-28 06:00:00+01:00,54.633,19.2,31.7985,33.537
2021-12-28 07:00:00+01:00,54.034,21.0,34.5735,37.114
2021-12-28 08:00:00+01:00,53.267,33.0,47.2345,60.178
2021-12-28 09:00:00+01:00,53.0,38.9,52.267,71.2425
2021-12-28 10:00:00+01:00,51.2,54.1,65.39099999999999,99.0515
2021-12-28 11:00:00+01:00,48.8,62.7,75.7165,114.883
2021-12-28 12:00:00+01:00,47.1,79.6,95.2205,144.017
2021-12-28 13:00:00+01:00,44.733,87.0,102.267,154.629
2021-12-28 14:00:00+01:00,42.567,73.4,84.8415,128.41750000000002
2021-12-28 15:00:00+01:00,49.4,81.8,97.399,147.302
2021-12-28 16:00:00+01:00,54.133,93.1,113.426,171.4895
2021-12-28 17:00:00+01:00,55.534,100.6,123.487,186.5615
2021-12-28 18:00:00+01:00,55.067,118.0,144.9795,218.8015
2021-12-28 19:00:00+01:00,55.966,147.1,180.7885,272.493
2021-12-28 20:00:00+01:00,55.567,159.9,195.0695,293.925
2021-12-28 21:00:00+01:00,56.3,169.0,206.7305,311.35400000000004
2021-12-28 22:00:00+01:00,56.0,178.0,218.237,328.66
2021-12-28 23:00:00+01:00,56.4,172.2,211.245,318.151
2021-12-29 00:00:00+01:00,55.466,118.4,144.9065,218.649
2021-12-29 01:00:00+01:00,55.767,123.8,151.934,229.186
2021-12-29 02:00:00+01:00,58.934,134.6,165.447,249.4755
2021-12-29 03:00:00+01:00,60.166,121.6,150.0545,226.3995
2021-12-29 04:00:00+01:00,60.533,124.6,153.1225,231.021
2021-12-29 05:00:00+01:00,61.2,106.8,130.13150000000002,196.477
2021-12-29 06:00:00+01:00,60.834,105.1,126.6355,191.314
2021-12-29 07:00:00+01:00,59.966,105.2,126.8455,191.5435
2021-12-29 08:00:00+01:00,60.0,116.4,139.8385,211.025
2021-12-29 09:00:00+01:00,61.933,92.0,109.2605,165.166
2021-12-29 10:00:00+01:00,56.367,130.2,152.6585,230.17
2021-12-29 11:00:00+01:00,53.433,111.6,129.9645,196.163
2021-12-29 12:00:00+01:00,50.867,43.1,50.996,73.0075
2021-12-29 13:00:00+01:00,46.734,52.5,60.1625,89.663
2021-12-29 14:00:00+01:00,41.967,64.8,73.9905,111.528
2021-12-29 15:00:00+01:00,44.1,52.5,59.5305,90.0195
2021-12-29 16:00:00+01:00,49.733,52.9,62.1995,92.316
2021-12-29 17:00:00+01:00,52.834,74.4,87.4815,132.4205
2021-12-29 18:00:00+01:00,53.034,99.5,118.1535,178.46550000000002
2021-12-29 19:00:00+01:00,55.533,158.0,188.3435,283.7085
2021-12-29 20:00:00+01:00,58.133,158.1,189.5625,285.53200000000004
2021-12-29 21:00:00+01:00,57.666,177.8,212.53,320.025
2021-12-29 22:00:00+01:00,57.233,171.3,205.8765,310.0325
2021-12-29 23:00:00+01:00,57.5,169.7,204.3915,307.828
2021-12-30 00:00:00+01:00,59.534,120.4,146.1885,220.623
2021-12-30 01:00:00+01:00,60.933,51.0,61.2785,91.9335
2021-12-30 02:00:00+01:00,62.4,81.5,101.2975,150.572
2021-12-30 03:00:00+01:00,60.633,44.4,56.0325,80.1905
2021-12-30 04:00:00+01:00,61.666,38.8,50.894000000000005,70.132
2021-12-30 05:00:00+01:00,60.334,67.8,83.076,125.111
2021-12-30 06:00:00+01:00,59.733,38.8,50.989,70.0195
2021-12-30 07:00:00+01:00,61.233,37.8,50.73350000000001,68.9595
2021-12-30 08:00:00+01:00,60.0,46.6,58.5355,85.5375
2021-12-30 09:00:00+01:00,58.233,85.4,104.076,157.4225
2021-12-30 10:00:00+01:00,56.233,105.0,127.2315,192.1485
2021-12-30 11:00:00+01:00,54.633,116.7,140.0145,211.24
2021-12-30 12:00:00+01:00,50.867,111.4,131.685,198.726
2021-12-30 13:00:00+01:00,48.3,113.4,135.0235,203.728
2021-12-30 14:00:00+01:00,46.7,92.6,110.544,167.003
2021-12-30 15:00:00+01:00,44.767,115.1,135.666,204.623
2021-12-30 16:00:00+01:00,49.3,129.7,152.228,229.5135
2021-12-30 17:00:00+01:00,52.667,139.3,164.389,247.762
2021-12-30 18:00:00+01:00,54.067,111.5,131.9255,199.104
2021-12-30 19:00:00+01:00,54.533,102.3,121.194,182.9835
2021-12-30 20:00:00+01:00,54.6,57.3,67.459,102.0595
2021-12-30 21:00:00+01:00,53.633,52.5,62.316,93.443
2021-12-30 22:00:00+01:00,53.9,47.1,56.363,83.27799999999999
2021-12-30 23:00:00+01:00,54.367,89.5,106.5605,160.73399999999998
2021-12-31 00:00:00+01:00,55.0,110.8,132.7715,200.2255
2021-12-31 01:00:00+01:00,56.033,46.5,60.510000000000005,83.0855
2021-12-31 02:00:00+01:00,57.267,38.3,51.511,68.2435
2021-12-31 03:00:00+01:00,56.5,34.8,46.751000000000005,61.8005
2021-12-31 04:00:00+01:00,57.0,45.2,56.484,81.6835
2021-12-31 05:00:00+01:00,57.4,61.1,74.021,112.382
2021-12-31 06:00:00+01:00,56.933,82.3,100.528,152.083
2021-12-31 07:00:00+01:00,58.166,85.6,106.25,159.969
2021-12-31 08:00:00+01:00,55.767,125.2,152.759,230.4515
2021-12-31 09:00:00+01:00,53.966,123.5,148.808,224.4295
2021-12-31 10:00:00+01:00,48.733,152.5,178.542,269.025
2021-12-31 11:00:00+01:00,41.4,98.2,113.4615,171.348
2021-12-31 12:00:00+01:00,35.233,48.1,57.6825,81.6635
2021-12-31 13:00:00+01:00,31.166,41.8,50.7115,71.1785
2021-12-31 14:00:00+01:00,26.433,35.2,45.0275,59.0285
2021-12-31 15:00:00+01:00,32.233,42.9,51.451,73.1745
2021-12-31 16:00:00+01:00,44.2,120.1,138.2465,208.4865
2021-12-31 17:00:00+01:00,51.367,176.3,204.0385,307.2305
2021-12-31 18:00:00+01:00,55.567,119.7,140.7755,212.336
2021-12-31 19:00:00+01:00,56.034,127.0,150.12,226.3855
2021-12-31 20:00:00+01:00,56.8,110.0,130.6775,197.2225
2021-12-31 21:00:00+01:00,56.534,115.9,137.817,207.8975
2021-12-31 22:00:00+01:00,57.466,248.4,296.264,445.625
2021-12-31 23:00:00+01:00,57.133,250.9,300.033,451.259
2022-01-01 00:00:00+01:00,58.3,277.0,332.2075,499.6015
2022-01-01 01:00:00+01:00,59.3,76.1,93.0285,138.5205
2022-01-01 02:00:00+01:00,57.867,87.1,108.287,158.95850000000002
2022-01-01 03:00:00+01:00,57.334,85.0,102.7045,155.3785
2022-01-01 04:00:00+01:00,57.466,25.7,37.582,44.7615
2022-01-01 05:00:00+01:00,55.3,43.4,54.5255,78.34299999999999
2022-01-01 06:00:00+01:00,56.467,48.3,61.5505,88.5655
2022-01-01 07:00:00+01:00,55.967,33.5,46.2625,60.1625
2022-01-01 08:00:00+01:00,54.966,45.5,58.582,82.289
2022-01-01 09:00:00+01:00,53.1,37.1,48.2465,65.1185
2022-01-01 10:00:00+01:00,46.4,31.7,42.617,54.035
2022-01-01 11:00:00+01:00,39.966,34.4,44.317,57.957
2022-01-01 12:00:00+01:00,34.666,76.7,87.408,132.26600000000002
2022-01-01 13:00:00+01:00,30.8,51.4,61.0805,87.96199999999999
2022-01-01 14:00:00+01:00,26.133,13.6,20.772,21.1205
2022-01-01 15:00:00+01:00,29.233,34.9,45.772000000000006,58.48
2022-01-01 16:00:00+01:00,37.3,53.1,62.7065,91.3925
2022-01-01 17:00:00+01:00,46.133,83.7,96.733,146.2735
2022-01-01 18:00:00+01:00,50.367,68.8,80.0445,121.266
2022-01-01 19:00:00+01:00,52.467,64.3,75.43,114.29
2022-01-01 20:00:00+01:00,52.6,44.8,53.568,78.6765
2022-01-01 21:00:00+01:00,53.467,41.1,51.239,72.61449999999999
2022-01-01 22:00:00+01:00,54.633,36.7,48.0925,64.7455
2022-01-01 23:00:00+01:00,56.066,30.5,43.1205,53.176
2022-01-02 00:00:00+01:00,56.367,25.2,38.1865,43.584500000000006
2022-01-02 01:00:00+01:00,57.233,22.6,35.588,39.029
2022-01-02 02:00:00+01:00,56.8,21.2,33.836,36.2525
2022-01-02 03:00:00+01:00,57.0,20.0,32.152,34.3395
2022-01-02 04:00:00+01:00,57.8,18.7,30.511000000000003,32.1185
2022-01-02 05:00:00+01:00,57.966,19.2,31.369,33.4045
2022-01-02 06:00:00+01:00,57.3,18.3,30.432,31.474
2022-01-02 07:00:00+01:00,56.534,34.5,47.9855,62.595
2022-01-02 08:00:00+01:00,55.334,42.7,55.9405,77.8255
2022-01-02 09:00:00+01:00,53.833,49.3,60.357,88.267
2022-01-02 10:00:00+01:00,47.15,89.6,104.812,158.4555
2022-01-02 11:00:00+01:00,41.067,95.3,110.62,167.10399999999998
2022-01-02 12:00:00+01:00,34.967,73.3,84.7245,127.097
2022-01-02 13:00:00+01:00,29.767,40.0,49.792,69.5165
2022-01-02 14:00:00+01:00,26.166,47.1,55.8895,80.7925
2022-01-02 15:00:00+01:00,32.933,70.5,80.475,121.561
2022-01-02 16:00:00+01:00,42.133,92.8,107.3325,162.126
2022-01-02 17:00:00+01:00,48.434,127.8,149.6805,225.722
2022-01-02 18:00:00+01:00,52.0,89.6,105.8995,160.048
2022-01-02 19:00:00+01:00,54.2,92.7,110.902,167.5625
2022-01-02 20:00:00+01:00,54.6,81.0,97.134,146.92950000000002
2022-01-02 21:00:00+01:00,54.7,66.4,79.657,120.76
2022-01-02 22:00:00+01:00,56.034,68.0,83.0135,125.8495
2022-01-02 23:00:00+01:00,55.6,53.0,64.199,97.527
2022-01-03 00:00:00+01:00,55.567,60.3,74.334,111.8555
2022-01-03 01:00:00+01:00,54.967,34.2,48.0445,62.587
2022-01-03 02:00:00+01:00,55.534,47.1,59.7065,87.3715
2022-01-03 03:00:00+01:00,54.5,34.2,48.231,62.7725
2022-01-03 04:00:00+01:00,54.466,31.8,46.648,58.5655
2022-01-03 05:00:00+01:00,54.433,49.0,61.584,91.506
2022-01-03 06:00:00+01:00,53.766,57.0,70.738,106.8215
2022-01-03 07:00:00+01:00,53.966,100.2,124.962,188.7875
2022-01-03 08:00:00+01:00,54.167,136.2,169.856,256.099
2022-01-03 09:00:00+01:00,51.933,137.5,167.858,253.074
2022-01-03 10:00:00+01:00,47.267,132.7,158.6215,239.172
2022-01-03 11:00:00+01:00,40.8,79.0,91.4225,138.3775
2022-01-03 12:00:00+01:00,37.034,46.8,56.0745,79.651
2022-01-03 13:00:00+01:00,35.867,27.8,38.7095,46.255
2022-01-03 14:00:00+01:00,33.461,28.5,39.3425,47.3975
2022-01-03 15:00:00+01:00,35.333,47.9,56.8365,82.024
2022-01-03 16:00:00+01:00,42.075,69.8,80.849,122.438
2022-01-03 17:00:00+01:00,46.7,59.3,68.9325,104.608
2022-01-03 18:00:00+01:00,48.4,60.8,71.38499999999999,108.2155
2022-01-03 19:00:00+01:00,49.633,58.5,69.037,104.515
2022-01-03 20:00:00+01:00,51.4,53.9,63.9525,96.7145
2022-01-03 21:00:00+01:00,52.3,64.4,77.2125,116.878
2022-01-03 22:00:00+01:00,53.367,52.9,63.28,96.2835
2022-01-03 23:00:00+01:00,53.034,82.1,99.61,150.69799999999998
2022-01-04 00:00:00+01:00,53.6,119.6,146.9795,221.8055
2022-01-04 01:00:00+01:00,54.733,139.4,171.992,259.327
2022-01-04 02:00:00+01:00,54.867,140.3,174.14350000000002,262.50350000000003
2022-01-04 03:00:00+01:00,54.4,125.0,154.798,233.5035
2022-01-04 04:00:00+01:00,54.1,108.6,133.90449999999998,202.1515
2022-01-04 05:00:00+01:00,53.867,93.7,114.7605,173.50650000000002
2022-01-04 06:00:00+01:00,53.466,88.9,108.91,164.7225
2022-01-04 07:00:00+01:00,54.534,102.4,127.187,192.1565
2022-01-04 08:00:00+01:00,53.433,110.3,135.80849999999998,205.013
2022-01-04 09:00:00+01:00,50.867,129.7,156.1935,235.498
2022-01-04 10:00:00+01:00,45.467,80.4,96.366,141.524
2022-01-04 11:00:00+01:00,37.334,12.3,18.3485,18.7785
2022-01-04 12:00:00+01:00,36.3,9.0,12.7105,12.7535
2022-01-04 13:00:00+01:00,36.533,8.9,12.397,12.4475
2022-01-04 14:00:00+01:00,37.1,9.6,13.478,13.549
2022-01-04 15:00:00+01:00,37.966,13.2,19.1515,19.954
2022-01-04 16:00:00+01:00,37.8,14.3,21.223,21.961
2022-01-04 17:00:00+01:00,38.633,18.8,27.3495,30.268
2022-01-04 18:00:00+01:00,37.867,15.8,23.5505,25.002
2022-01-04 19:00:00+01:00,37.133,16.5,24.2405,26.715
2022-01-04 20:00:00+01:00,36.9,18.0,26.1165,29.3315
2022-01-04 21:00:00+01:00,37.367,58.8,70.069,101.362
2022-01-04 22:00:00+01:00,37.567,34.6,44.3575,58.325
2022-01-04 23:00:00+01:00,40.334,63.3,73.839,110.695
2022-01-05 00:00:00+01:00,42.166,37.6,47.416,64.45400000000001
2022-01-05 01:00:00+01:00,44.133,60.6,71.1775,105.447
2022-01-05 02:00:00+01:00,47.0,35.7,45.80800000000001,61.5575
2022-01-05 03:00:00+01:00,47.6,28.9,40.66,49.0505
2022-01-05 04:00:00+01:00,46.233,14.8,22.528,23.397
2022-01-05 05:00:00+01:00,41.467,12.4,17.3155,19.6215
2022-01-05 06:00:00+01:00,39.2,11.0,16.131,16.8075
2022-01-05 07:00:00+01:00,39.0,9.7,14.1355,14.2235
2022-01-05 08:00:00+01:00,38.267,9.6,13.7295,13.774
2022-01-05 09:00:00+01:00,35.9,8.1,11.281,11.2835
2022-01-05 10:00:00+01:00,32.466,9.4,13.3345,13.5285
2022-01-05 11:00:00+01:00,27.967,9.6,13.796499999999998,13.986999999999998
2022-01-05 12:00:00+01:00,27.2,7.4,10.098,10.098
2022-01-05 13:00:00+01:00,29.733,8.5,12.018,12.174
2022-01-05 14:00:00+01:00,29.3,10.2,14.8465,15.0395
2022-01-05 15:00:00+01:00,30.133,11.9,17.694,18.413
2022-01-05 16:00:00+01:00,32.7,15.1,22.634,23.765
2022-01-05 17:00:00+01:00,33.233,17.0,25.3285,27.086
2022-01-05 18:00:00+01:00,34.367,20.5,28.358,33.3315
2022-01-05 19:00:00+01:00,43.892,14.5,20.886,22.5765
2022-01-05 20:00:00+01:00,48.4,13.3,19.139,20.707
2022-01-05 21:00:00+01:00,50.834,9.0,13.2095,13.3915
2022-01-05 22:00:00+01:00,52.767,7.1,9.9495,9.9495
2022-01-05 23:00:00+01:00,53.867,5.4,6.922000000000001,6.922000000000001
2022-01-06 00:00:00+01:00,54.867,6.1,8.056,8.072
2022-01-06 01:00:00+01:00,54.267,5.0,6.038,6.2940000000000005
2022-01-06 02:00:00+01:00,54.9,10.4,16.8705,17.0565
2022-01-06 03:00:00+01:00,56.0,8.8,13.891000000000002,13.891000000000002
2022-01-06 04:00:00+01:00,56.933,14.8,24.834,25.875
2022-01-06 05:00:00+01:00,58.6,12.8,20.9895,21.9295
2022-01-06 06:00:00+01:00,58.233,22.0,36.208,40.385000000000005
2022-01-06 07:00:00+01:00,57.834,32.9,47.840500000000006,61.292
2022-01-06 08:00:00+01:00,57.034,63.4,81.4245,121.862
2022-01-06 09:00:00+01:00,56.8,57.2,72.514,109.245
2022-01-06 10:00:00+01:00,56.567,69.9,89.062,133.946
2022-01-06 11:00:00+01:00,55.733,83.9,105.8525,160.1105
2022-01-06 12:00:00+01:00,55.034,102.1,128.4545,194.009
2022-01-06 13:00:00+01:00,54.166,198.8,246.1015,370.475
2022-01-06 14:00:00+01:00,54.0,212.7,264.035,397.4025
2022-01-06 15:00:00+01:00,54.2,242.1,301.2735,453.2305
2022-01-06 16:00:00+01:00,56.466,190.1,240.284,361.7655
2022-01-06 17:00:00+01:00,56.666,203.5,256.6415,386.321
2022-01-06 18:00:00+01:00,57.2,145.8,185.438,279.488
2022-01-06 19:00:00+01:00,54.767,123.0,153.515,231.626
2022-01-06 20:00:00+01:00,54.666,111.8,140.96949999999998,212.793
2022-01-06 21:00:00+01:00,55.4,142.2,180.05700000000002,271.4595
2022-01-06 22:00:00+01:00,56.034,176.2,223.1075,335.996
2022-01-06 23:00:00+01:00,55.2,101.2,127.1095,191.9025
2022-01-07 00:00:00+01:00,53.767,59.0,73.6955,110.604
2022-01-07 01:00:00+01:00,53.0,32.2,46.7265,59.332
2022-01-07 02:00:00+01:00,53.5,38.6,52.3415,71.6305
2022-01-07 03:00:00+01:00,54.534,34.7,49.2075,64.1695
2022-01-07 04:00:00+01:00,55.6,34.0,48.827,62.8425
2022-01-07 05:00:00+01:00,54.9,36.7,51.4295,69.119
2022-01-07 06:00:00+01:00,55.633,42.1,56.3395,81.02199999999999
2022-01-07 07:00:00+01:00,55.733,42.8,57.3765,82.8605
2022-01-07 08:00:00+01:00,55.0,47.4,62.81,93.5225
2022-01-07 09:00:00+01:00,54.2,70.7,93.341,141.377
2022-01-07 10:00:00+01:00,51.166,83.5,108.661,164.35
2022-01-07 11:00:00+01:00,44.434,52.6,66.518,99.437
2022-01-07 12:00:00+01:00,38.3,37.9,49.6145,68.381
2022-01-07 13:00:00+01:00,32.267,22.2,34.018,37.6485
2022-01-07 14:00:00+01:00,27.8,15.3,24.18,24.621
2022-01-07 15:00:00+01:00,29.166,15.1,24.603,24.8625
2022-01-07 16:00:00+01:00,36.733,40.1,53.9165,73.724
2022-01-07 17:00:00+01:00,42.466,39.6,54.24250000000001,74.99
2022-01-07 18:00:00+01:00,44.066,45.6,60.116,86.761
2022-01-07 19:00:00+01:00,41.833,59.6,76.876,113.0305
2022-01-07 20:00:00+01:00,40.067,29.5,44.6095,54.5685
2022-01-07 21:00:00+01:00,40.933,23.5,38.7835,42.9435
2022-01-07 22:00:00+01:00,41.067,24.7,40.1735,45.316
2022-01-07 23:00:00+01:00,42.1,26.3,42.027,48.587
2022-01-08 00:00:00+01:00,43.0,30.5,46.444,56.827
2022-01-08 01:00:00+01:00,43.1,30.7,46.642,57.322
2022-01-08 02:00:00+01:00,42.666,29.7,45.336,55.277
2022-01-08 03:00:00+01:00,42.7,26.0,41.693,47.9335
2022-01-08 04:00:00+01:00,43.966,28.1,44.1645,52.14149999999999
2022-01-08 05:00:00+01:00,43.066,25.5,41.251000000000005,47.141
2022-01-08 06:00:00+01:00,42.5,28.2,44.1085,52.319
2022-01-08 07:00:00+01:00,42.8,29.0,44.9945,54.2235
2022-01-08 08:00:00+01:00,43.166,29.0,45.232,54.52
2022-01-08 09:00:00+01:00,41.3,31.3,46.703,58.254000000000005
2022-01-08 10:00:00+01:00,40.534,37.5,51.706,69.8365
2022-01-08 11:00:00+01:00,39.067,43.7,56.8,81.7615
2022-01-08 12:00:00+01:00,40.5,38.7,53.0035,72.36099999999999
2022-01-08 13:00:00+01:00,42.533,35.2,49.9025,65.47
2022-01-08 14:00:00+01:00,43.933,36.4,51.1255,68.43350000000001
2022-01-08 15:00:00+01:00,45.067,40.7,55.1575,76.6215
2022-01-08 16:00:00+01:00,47.367,43.5,57.119,82.739
2022-01-08 17:00:00+01:00,47.667,43.2,57.931,82.917
2022-01-08 18:00:00+01:00,46.133,40.5,55.008,77.233
2022-01-08 19:00:00+01:00,45.166,42.4,56.846,81.14099999999999
2022-01-08 20:00:00+01:00,44.567,38.2,53.207,72.6785
2022-01-08 21:00:00+01:00,43.6,34.8,50.0255,65.493
2022-01-08 22:00:00+01:00,44.966,46.8,60.8835,89.886
2022-01-08 23:00:00+01:00,45.0,46.3,60.0085,88.735
2022-01-09 00:00:00+01:00,45.133,46.9,60.481,90.0005
2022-01-09 01:00:00+01:00,47.6,39.5,54.8005,76.044
2022-01-09 02:00:00+01:00,48.0,33.5,49.828500000000005,63.89149999999999
2022-01-09 03:00:00+01:00,47.6,52.4,67.678,102.074
2022-01-09 04:00:00+01:00,48.733,62.8,81.77000000000001,124.0425
2022-01-09 05:00:00+01:00,49.133,52.6,68.5,104.1795
2022-01-09 06:00:00+01:00,50.2,68.6,91.511,138.66
2022-01-09 07:00:00+01:00,50.433,72.8,98.183,148.68099999999998
2022-01-09 08:00:00+01:00,48.966,76.6,103.549,156.761
2022-01-09 09:00:00+01:00,47.666,68.9,90.47,137.1095
2022-01-09 10:00:00+01:00,44.267,98.9,127.213,192.144
2022-01-09 11:00:00+01:00,42.933,88.7,113.595,171.73149999999998
2022-01-09 12:00:00+01:00,42.666,94.8,119.881,181.1725
2022-01-09 13:00:00+01:00,42.633,90.3,112.6925,170.3305
2022-01-09 14:00:00+01:00,43.867,76.5,95.289,144.2825
2022-01-09 15:00:00+01:00,45.4,86.5,108.408,163.973
2022-01-09 16:00:00+01:00,47.4,84.2,106.824,161.624
2022-01-09 17:00:00+01:00,47.1,71.5,90.603,137.316
2022-01-09 18:00:00+01:00,49.267,95.5,123.5935,186.737
2022-01-09 19:00:00+01:00,49.1,82.0,105.431,159.52550000000002
2022-01-09 20:00:00+01:00,47.6,101.2,128.77100000000002,194.5095
2022-01-09 21:00:00+01:00,47.534,82.3,104.6605,158.378
2022-01-09 22:00:00+01:00,48.0,71.3,90.672,137.3945
2022-01-09 23:00:00+01:00,48.0,76.7,97.991,148.39100000000002
2022-01-10 00:00:00+01:00,48.067,67.6,86.1795,130.642
2022-01-10 01:00:00+01:00,49.3,67.9,87.48,131.9755
2022-01-10 02:00:00+01:00,45.733,42.0,56.448,79.92
2022-01-10 03:00:00+01:00,44.0,37.4,52.94,71.07300000000001
2022-01-10 04:00:00+01:00,44.0,37.5,52.761,71.1915
2022-01-10 05:00:00+01:00,44.067,35.5,51.254000000000005,67.597
2022-01-10 06:00:00+01:00,45.0,40.0,54.809,76.1885
2022-01-10 07:00:00+01:00,44.1,38.2,53.325500000000005,72.53450000000001
2022-01-10 08:00:00+01:00,43.034,34.5,50.334,65.61500000000001
2022-01-10 09:00:00+01:00,41.7,33.1,48.5855,62.0265
2022-01-10 10:00:00+01:00,39.5,28.4,43.74250000000001,52.242
2022-01-10 11:00:00+01:00,37.966,28.9,43.804,52.654
2022-01-10 12:00:00+01:00,38.067,40.1,53.1735,74.50649999999999
2022-01-10 13:00:00+01:00,40.966,50.2,62.37049999999999,94.3705
2022-01-10 14:00:00+01:00,46.833,58.7,73.8725,112.1085
2022-01-10 15:00:00+01:00,48.434,55.7,70.14850000000001,106.405
2022-01-10 16:00:00+01:00,49.1,69.0,87.6995,132.953
2022-01-10 17:00:00+01:00,50.166,76.4,97.49,147.634
2022-01-10 18:00:00+01:00,52.0,82.8,106.432,161.035
2022-01-10 19:00:00+01:00,52.767,84.5,109.1825,165.1525
2022-01-10 20:00:00+01:00,52.067,94.6,122.1815,184.624
2022-01-10 21:00:00+01:00,53.8,77.9,101.1315,153.0845
2022-01-10 22:00:00+01:00,54.6,61.7,80.277,121.8285
2022-01-10 23:00:00+01:00,55.0,46.9,62.340500000000006,92.174
2022-01-11 00:00:00+01:00,54.9,44.9,59.5395,87.479
2022-01-11 01:00:00+01:00,54.933,44.8,59.079,86.8195
2022-01-11 02:00:00+01:00,54.566,46.2,60.012,89.393
2022-01-11 03:00:00+01:00,54.4,46.7,60.167,89.9365
2022-01-11 04:00:00+01:00,53.567,47.1,59.9585,90.0785
2022-01-11 05:00:00+01:00,53.0,48.7,61.599,92.848
2022-01-11 06:00:00+01:00,50.833,43.9,56.956,82.8175
2022-01-11 07:00:00+01:00,48.867,44.7,57.7125,84.551
2022-01-11 08:00:00+01:00,48.467,41.8,55.511,79.044
2022-01-11 09:00:00+01:00,48.9,41.2,55.316500000000005,78.1465
2022-01-11 10:00:00+01:00,49.166,49.1,62.898,94.082
2022-01-11 11:00:00+01:00,48.233,46.0,60.4565,87.37950000000001
2022-01-11 12:00:00+01:00,46.267,40.0,54.188500000000005,75.69149999999999
2022-01-11 13:00:00+01:00,45.234,40.2,54.2615,75.9635
2022-01-11 14:00:00+01:00,44.8,40.9,54.8635,77.37100000000001
2022-01-11 15:00:00+01:00,44.0,37.5,52.24250000000001,70.7305
2022-01-11 16:00:00+01:00,43.3,43.8,57.096,83.2925
2022-01-11 17:00:00+01:00,49.267,49.8,64.3125,96.6295
2022-01-11 18:00:00+01:00,49.567,49.7,64.202,95.9995
2022-01-11 19:00:00+01:00,50.4,44.0,58.566,84.953
2022-01-11 20:00:00+01:00,51.5,39.2,55.615,75.077
2022-01-11 21:00:00+01:00,51.7,42.4,57.3445,82.11949999999999
2022-01-11 22:00:00+01:00,51.766,42.4,57.644,82.3315
2022-01-11 23:00:00+01:00,51.933,43.8,58.7835,85.63550000000001
2022-01-12 00:00:00+01:00,52.367,39.7,55.625,77.145
2022-01-12 01:00:00+01:00,51.9,41.6,56.9645,80.76400000000001
2022-01-12 02:00:00+01:00,51.3,40.8,56.436,78.8485
2022-01-12 03:00:00+01:00,51.8,36.0,52.2215,69.06299999999999
2022-01-12 04:00:00+01:00,50.834,34.1,50.672,65.162
2022-01-12 05:00:00+01:00,50.466,40.3,55.7315,77.7165
2022-01-12 06:00:00+01:00,50.0,35.3,51.60850000000001,67.535
2022-01-12 07:00:00+01:00,49.6,36.1,52.1155,68.944
2022-01-12 08:00:00+01:00,47.733,38.8,55.2725,74.3965
2022-01-12 09:00:00+01:00,44.7,31.1,46.998,58.35849999999999
2022-01-12 10:00:00+01:00,41.834,23.8,38.965500000000006,43.5535
2022-01-12 11:00:00+01:00,39.0,28.3,43.4305,52.6465
2022-01-12 12:00:00+01:00,40.4,41.2,56.343,79.73949999999999
2022-01-12 13:00:00+01:00,35.666,28.8,44.283,53.346
2022-01-12 14:00:00+01:00,33.2,35.8,49.937,66.3045
2022-01-12 15:00:00+01:00,32.3,37.7,50.943,69.491
2022-01-12 16:00:00+01:00,39.133,57.4,74.43,112.782
2022-01-12 17:00:00+01:00,41.633,54.2,71.2505,107.643
2022-01-12 18:00:00+01:00,43.534,52.4,70.2265,105.208
2022-01-12 19:00:00+01:00,45.834,56.5,76.525,115.7195
2022-01-12 20:00:00+01:00,47.834,54.9,74.646,112.9125
2022-01-12 21:00:00+01:00,46.1,63.2,84.561,128.2165
2022-01-12 22:00:00+01:00,42.3,50.5,69.42500000000001,100.404
2022-01-12 23:00:00+01:00,40.567,47.6,63.22,94.415
2022-01-13 00:00:00+01:00,44.2,47.6,65.064,96.755
2022-01-13 01:00:00+01:00,44.666,40.2,58.5,81.44300000000001
2022-01-13 02:00:00+01:00,46.867,36.1,55.059,73.251
2022-01-13 03:00:00+01:00,48.367,30.0,49.9465,60.8725
2022-01-13 04:00:00+01:00,49.4,35.7,55.375,73.44550000000001
2022-01-13 05:00:00+01:00,48.933,33.9,54.078500000000005,69.9705
2022-01-13 06:00:00+01:00,49.067,44.8,66.2925,94.1605
2022-01-13 07:00:00+01:00,49.1,53.3,75.69749999999999,114.206
2022-01-13 08:00:00+01:00,47.633,50.0,71.00450000000001,105.6865
2022-01-13 09:00:00+01:00,43.767,41.2,60.813,85.588
2022-01-13 10:00:00+01:00,41.1,30.9,49.93,61.7905
2022-01-13 11:00:00+01:00,38.6,30.8,47.9775,59.432
2022-01-13 12:00:00+01:00,39.666,25.7,41.724500000000006,47.8125
2022-01-13 13:00:00+01:00,38.2,26.2,41.3155,47.732
2022-01-13 14:00:00+01:00,36.5,32.1,46.379000000000005,58.5725
2022-01-13 15:00:00+01:00,39.667,38.9,53.146,73.4205
2022-01-13 16:00:00+01:00,44.733,47.0,63.1105,92.6845
2022-01-13 17:00:00+01:00,46.133,81.1,107.511,162.676
2022-01-13 18:00:00+01:00,47.6,83.6,112.619,170.337
2022-01-13 19:00:00+01:00,48.3,76.6,103.9205,157.3395
2022-01-13 20:00:00+01:00,48.466,62.8,85.735,130.0165
2022-01-13 21:00:00+01:00,48.5,80.6,111.5615,168.762
2022-01-13 22:00:00+01:00,47.933,76.2,104.776,158.615
2022-01-13 23:00:00+01:00,46.334,71.2,95.919,145.3025
2022-01-14 00:00:00+01:00,46.666,100.3,135.0775,204.0435
2022-01-14 01:00:00+01:00,46.267,82.3,110.2175,166.72750000000002
2022-01-14 02:00:00+01:00,44.567,68.8,91.0825,138.047
2022-01-14 03:00:00+01:00,46.666,64.9,86.799,131.6165
2022-01-14 04:00:00+01:00,47.834,69.3,93.324,141.438
2022-01-14 05:00:00+01:00,48.0,60.9,82.07849999999999,124.572
2022-01-14 06:00:00+01:00,48.767,70.6,96.17,145.68349999999998
2022-01-14 07:00:00+01:00,48.367,77.9,105.8375,160.175
2022-01-14 08:00:00+01:00,48.433,110.7,150.357,226.9845
2022-01-14 09:00:00+01:00,46.034,141.5,186.256,280.7525
2022-01-14 10:00:00+01:00,40.9,91.2,113.98,172.34300000000002
2022-01-14 11:00:00+01:00,37.566,85.7,103.2475,156.147
2022-01-14 12:00:00+01:00,34.334,67.5,79.3255,119.817
2022-01-14 13:00:00+01:00,30.3,43.4,51.844,74.1345
2022-01-14 14:00:00+01:00,26.334,41.7,50.104,71.184
2022-01-14 15:00:00+01:00,29.608,38.0,47.529,63.897
2022-01-14 16:00:00+01:00,38.344,48.2,57.0865,84.789
2022-01-14 17:00:00+01:00,42.2,53.9,63.817,96.612
2022-01-14 18:00:00+01:00,45.025,47.7,57.908,86.07749999999999
2022-01-14 19:00:00+01:00,47.1,47.4,58.947500000000005,86.96549999999999
2022-01-14 20:00:00+01:00,48.0,60.3,74.13550000000001,111.365
2022-01-14 21:00:00+01:00,50.534,55.0,68.838,103.552
2022-01-14 22:00:00+01:00,51.367,62.7,79.568,118.9705
2022-01-14 23:00:00+01:00,53.6,39.3,53.7705,74.67
2022-01-15 00:00:00+01:00,55.367,28.6,44.639,53.372
2022-01-15 01:00:00+01:00,55.934,28.5,44.546,53.206
2022-01-15 02:00:00+01:00,56.067,32.9,49.80800000000001,62.918
2022-01-15 03:00:00+01:00,55.1,72.0,97.1385,142.529
2022-01-15 04:00:00+01:00,57.533,24.7,41.7775,47.2735
2022-01-15 05:00:00+01:00,59.0,23.7,40.655,45.3815
2022-01-15 06:00:00+01:00,59.666,26.1,43.744,51.243
2022-01-15 07:00:00+01:00,57.9,32.2,49.6985,63.413
2022-01-15 08:00:00+01:00,58.0,40.0,57.6925,79.525
2022-01-15 09:00:00+01:00,56.034,53.4,70.2535,104.87
2022-01-15 10:00:00+01:00,50.3,48.6,60.1035,90.3865
2022-01-15 11:00:00+01:00,44.1,48.0,57.999,86.213
2022-01-15 12:00:00+01:00,36.566,35.3,46.8445,61.4455
2022-01-15 13:00:00+01:00,30.7,25.8,37.1915,43.1715
2022-01-15 14:00:00+01:00,27.566,39.2,48.0665,66.1875
2022-01-15 15:00:00+01:00,28.566,52.7,60.6845,90.5985
2022-01-15 16:00:00+01:00,36.9,86.4,103.147,155.9635
2022-01-15 17:00:00+01:00,44.767,90.6,112.5185,170.109
2022-01-15 18:00:00+01:00,49.367,79.6,101.366,153.433
2022-01-15 19:00:00+01:00,51.9,73.3,95.0485,143.962
2022-01-15 20:00:00+01:00,53.3,59.8,77.73349999999999,117.9695
2022-01-15 21:00:00+01:00,54.367,51.4,67.524,102.113
2022-01-15 22:00:00+01:00,54.133,50.6,66.3985,100.1705
2022-01-15 23:00:00+01:00,54.3,47.6,63.469,94.595
2022-01-16 00:00:00+01:00,53.834,44.9,60.95,88.9975
2022-01-16 01:00:00+01:00,53.233,40.4,57.549,79.62700000000001
2022-01-16 02:00:00+01:00,53.534,32.9,50.6715,64.13
2022-01-16 03:00:00+01:00,53.966,27.8,46.158,54.3785
2022-01-16 04:00:00+01:00,54.566,26.2,44.465,51.1355
2022-01-16 05:00:00+01:00,53.367,26.2,44.49250000000001,51.187
2022-01-16 06:00:00+01:00,54.0,27.3,46.1685,54.374
2022-01-16 07:00:00+01:00,53.1,30.4,49.197500000000005,60.7375
2022-01-16 08:00:00+01:00,52.733,42.9,61.957,87.482
2022-01-16 09:00:00+01:00,50.867,54.8,72.905,109.739
2022-01-16 10:00:00+01:00,45.1,59.6,74.6325,113.184
2022-01-16 11:00:00+01:00,39.0,81.4,98.6355,149.2415
2022-01-16 12:00:00+01:00,33.533,60.5,71.30199999999999,108.1345
2022-01-16 13:00:00+01:00,30.366,65.2,75.1695,113.9395
2022-01-16 14:00:00+01:00,27.166,60.2,68.376,103.661
2022-01-16 15:00:00+01:00,28.9,85.8,99.4795,150.381
2022-01-16 16:00:00+01:00,37.0,102.5,123.724,186.805
2022-01-16 17:00:00+01:00,44.5,124.6,156.24,235.703
2022-01-16 18:00:00+01:00,47.834,130.9,166.47899999999998,251.114
2022-01-16 19:00:00+01:00,49.5,126.1,162.1715,244.643
2022-01-16 20:00:00+01:00,51.733,110.8,145.101,219.0315
2022-01-16 21:00:00+01:00,51.733,100.9,131.894,199.2335
2022-01-16 22:00:00+01:00,52.834,91.8,121.476,183.584
2022-01-16 23:00:00+01:00,53.367,68.6,90.74,137.483
2022-01-17 00:00:00+01:00,52.367,68.3,89.892,136.281
2022-01-17 01:00:00+01:00,53.334,49.8,65.8015,99.3615
2022-01-17 02:00:00+01:00,52.966,43.8,59.557500000000005,86.6565
2022-01-17 03:00:00+01:00,52.466,41.7,57.6475,82.069
2022-01-17 04:00:00+01:00,51.833,41.3,56.7235,80.21549999999999
2022-01-17 05:00:00+01:00,50.867,44.8,59.3665,86.8775
2022-01-17 06:00:00+01:00,51.534,68.1,90.2955,134.6585
2022-01-17 07:00:00+01:00,51.5,59.4,77.85650000000001,117.441
2022-01-17 08:00:00+01:00,50.508,103.5,136.18849999999998,205.6815
2022-01-17 09:00:00+01:00,49.267,67.2,86.003,130.3745
2022-01-17 10:00:00+01:00,43.733,74.8,91.7495,138.989
2022-01-17 11:00:00+01:00,37.633,111.0,131.447,198.413
2022-01-17 12:00:00+01:00,32.933,144.5,167.8605,252.971
2022-01-17 13:00:00+01:00,29.267,110.1,125.799,189.8205
2022-01-17 14:00:00+01:00,24.466,39.4,49.0535,66.109
2022-01-17 15:00:00+01:00,28.034,62.9,75.10499999999999,108.9445
2022-01-17 16:00:00+01:00,33.733,112.7,132.074,199.306
2022-01-17 17:00:00+01:00,36.834,110.8,132.10750000000002,199.351
2022-01-17 18:00:00+01:00,39.1,138.8,166.5755,251.075
2022-01-17 19:00:00+01:00,38.967,89.2,106.8825,161.4885
2022-01-17 20:00:00+01:00,39.9,57.5,69.3215,104.5275
2022-01-17 21:00:00+01:00,40.4,50.8,61.212,92.422
2022-01-17 22:00:00+01:00,41.667,58.1,69.71700000000001,105.775
2022-01-17 23:00:00+01:00,43.6,110.2,134.2415,202.602
2022-01-18 00:00:00+01:00,44.633,96.2,117.513,176.599
2022-01-18 01:00:00+01:00,44.034,12.6,18.689,20.165
2022-01-18 02:00:00+01:00,42.133,7.0,10.102,10.102
2022-01-18 03:00:00+01:00,37.233,7.3,10.539,10.539
2022-01-18 04:00:00+01:00,39.567,13.1,20.719,21.556
2022-01-18 05:00:00+01:00,43.334,15.2,25.2155,26.1165
2022-01-18 06:00:00+01:00,45.7,16.8,28.2615,29.5115
2022-01-18 07:00:00+01:00,46.0,37.5,51.3085,69.32900000000001
2022-01-18 08:00:00+01:00,45.067,37.0,50.62350000000001,68.247
2022-01-18 09:00:00+01:00,40.733,45.3,57.8935,83.0695
2022-01-18 10:00:00+01:00,30.9,29.8,42.466,52.6895
2022-01-18 11:00:00+01:00,25.133,19.7,30.8635,33.0995
2022-01-18 12:00:00+01:00,21.6,16.0,25.4225,25.91
2022-01-18 13:00:00+01:00,20.934,12.5,18.2595,19.4765
2022-01-18 14:00:00+01:00,23.534,10.3,15.587,15.6345
2022-01-18 15:00:00+01:00,25.267,14.7,22.951,23.8415
2022-01-18 16:00:00+01:00,29.9,33.0,43.5355,57.977
2022-01-18 17:00:00+01:00,36.334,67.6,82.952,125.3135
2022-01-18 18:00:00+01:00,41.367,50.2,64.106,94.943
2022-01-18 19:00:00+01:00,44.066,51.8,66.7,100.0685
2022-01-18 20:00:00+01:00,46.767,44.0,59.4235,86.274
2022-01-18 21:00:00+01:00,48.034,39.3,55.377,77.095
2022-01-18 22:00:00+01:00,48.167,32.5,49.6425,63.20399999999999
2022-01-18 23:00:00+01:00,47.3,27.7,44.7055,52.9265
2022-01-19 00:00:00+01:00,48.1,28.5,45.612,54.7905
2022-01-19 01:00:00+01:00,48.2,27.3,43.927,51.8735
2022-01-19 02:00:00+01:00,48.967,28.7,45.535,55.7205
2022-01-19 03:00:00+01:00,50.0,19.7,35.052499999999995,37.2795
2022-01-19 04:00:00+01:00,51.433,19.1,34.713,36.6585
2022-01-19 05:00:00+01:00,51.6,21.0,37.67,40.39
2022-01-19 06:00:00+01:00,52.0,25.6,43.61750000000001,50.4815
2022-01-19 07:00:00+01:00,50.867,32.9,51.4485,66.257
2022-01-19 08:00:00+01:00,50.334,39.4,57.5685,79.93350000000001
2022-01-19 09:00:00+01:00,47.5,42.0,58.2665,82.3735
2022-01-19 10:00:00+01:00,40.3,74.5,93.1955,141.0695
2022-01-19 11:00:00+01:00,34.4,54.4,66.423,98.452
2022-01-19 12:00:00+01:00,28.4,23.9,35.875,40.834
2022-01-19 13:00:00+01:00,25.467,30.1,41.2505,51.258
2022-01-19 14:00:00+01:00,23.633,37.7,47.3395,64.16499999999999
2022-01-19 15:00:00+01:00,24.133,37.9,47.9775,65.1285
2022-01-19 16:00:00+01:00,31.166,67.7,81.4395,122.566
2022-01-19 17:00:00+01:00,39.3,84.4,105.532,159.642
2022-01-19 18:00:00+01:00,43.534,69.7,89.205,135.1815
2022-01-19 19:00:00+01:00,44.3,61.5,79.268,120.2235
2022-01-19 20:00:00+01:00,46.433,49.7,65.369,98.526
2022-01-19 21:00:00+01:00,45.867,44.3,59.4765,87.229
2022-01-19 22:00:00+01:00,45.5,50.8,66.5805,100.361
2022-01-19 23:00:00+01:00,45.334,73.4,96.938,146.75799999999998
2022-01-20 00:00:00+01:00,46.633,118.2,158.9745,239.882
2022-01-20 01:00:00+01:00,46.966,115.4,155.457,234.6275
2022-01-20 02:00:00+01:00,46.733,114.2,153.8985,232.0065
2022-01-20 03:00:00+01:00,35.233,9.3,14.35,14.6685
2022-01-20 04:00:00+01:00,35.834,38.9,51.886,72.60499999999999
2022-01-20 05:00:00+01:00,38.7,36.9,51.4855,69.7945
2022-01-20 06:00:00+01:00,38.767,25.1,38.357,44.9115
2022-01-20 07:00:00+01:00,37.2,17.2,25.348,29.495
2022-01-20 08:00:00+01:00,36.0,9.6,14.7655,14.7685
2022-01-20 09:00:00+01:00,35.267,13.4,19.653,22.013
2022-01-20 10:00:00+01:00,34.933,8.8,13.229,13.2795
2022-01-20 11:00:00+01:00,34.034,11.9,18.455,18.8145
2022-01-20 12:00:00+01:00,33.534,43.3,54.071,75.27449999999999
2022-01-20 13:00:00+01:00,35.4,56.7,66.1915,100.319
2022-01-20 14:00:00+01:00,39.166,48.7,57.624,85.7225
2022-01-20 15:00:00+01:00,42.867,71.0,84.4405,127.7775
2022-01-20 16:00:00+01:00,46.367,92.7,111.102,167.8735
2022-01-20 17:00:00+01:00,51.1,45.1,58.8525,80.3065
2022-01-20 18:00:00+01:00,53.167,47.2,58.7515,84.4385
2022-01-20 19:00:00+01:00,53.3,31.1,42.5195,54.99
2022-01-20 20:00:00+01:00,52.5,31.0,43.8905,55.9765
2022-01-20 21:00:00+01:00,54.534,44.0,56.7885,81.76249999999999
2022-01-20 22:00:00+01:00,56.166,32.1,46.0415,59.103
2022-01-20 23:00:00+01:00,56.367,33.0,46.6545,60.539
2022-01-21 00:00:00+01:00,53.666,15.3,25.7475,26.3515
2022-01-21 01:00:00+01:00,50.867,13.9,23.6325,23.6525
2022-01-21 02:00:00+01:00,47.8,10.0,15.825,15.83
2022-01-21 03:00:00+01:00,52.034,11.7,19.698,19.698
2022-01-21 04:00:00+01:00,52.0,14.9,25.6225,25.807
2022-01-21 05:00:00+01:00,51.7,15.3,26.2975,26.68
2022-01-21 06:00:00+01:00,51.267,37.2,51.5155,69.982
2022-01-21 07:00:00+01:00,51.433,49.4,63.115,94.4415
2022-01-21 08:00:00+01:00,49.567,33.4,47.0795,62.327
2022-01-21 09:00:00+01:00,44.167,11.9,19.917,19.9605
2022-01-21 10:00:00+01:00,41.6,14.4,24.046,24.742
2022-01-21 11:00:00+01:00,38.867,13.3,22.365,22.658
2022-01-21 12:00:00+01:00,35.133,14.9,24.697,25.4975
2022-01-21 13:00:00+01:00,28.233,12.9,20.7015,21.0925
2022-01-21 14:00:00+01:00,23.3,9.8,15.223,15.3055
2022-01-21 15:00:00+01:00,19.434,9.8,14.994,15.185
2022-01-21 16:00:00+01:00,20.934,17.6,26.7845,30.6535
2022-01-21 17:00:00+01:00,28.066,57.8,74.132,112.023
2022-01-21 18:00:00+01:00,34.7,54.7,72.471,108.684
2022-01-21 19:00:00+01:00,38.466,41.0,58.2355,82.485
2022-01-21 20:00:00+01:00,39.966,34.6,52.8,69.5305
2022-01-21 21:00:00+01:00,39.1,19.0,34.4845,36.608
2022-01-21 22:00:00+01:00,38.867,20.8,37.0595,39.9275
2022-01-21 23:00:00+01:00,37.933,38.7,56.5595,76.998
2022-01-22 00:00:00+01:00,38.734,50.9,70.7685,102.368
2022-01-22 01:00:00+01:00,37.567,44.8,60.7165,88.9145
2022-01-22 02:00:00+01:00,37.1,36.2,52.512,70.441
2022-01-22 03:00:00+01:00,40.034,18.9,33.293,35.5835
2022-01-22 04:00:00+01:00,38.966,11.8,20.9145,20.9825
2022-01-22 05:00:00+01:00,38.233,13.7,23.8185,25.08
2022-01-22 06:00:00+01:00,39.0,33.6,51.4655,66.4085
2022-01-22 07:00:00+01:00,37.867,28.6,45.5175,55.7235
2022-01-22 08:00:00+01:00,37.367,47.4,63.7345,93.909
2022-01-22 09:00:00+01:00,35.233,34.7,49.286,66.525
2022-01-22 10:00:00+01:00,34.466,56.4,73.3765,108.313
2022-01-22 11:00:00+01:00,34.966,59.8,75.4295,113.394
2022-01-22 12:00:00+01:00,35.966,41.5,55.745,78.0665
2022-01-22 13:00:00+01:00,47.767,19.8,33.837500000000006,35.783500000000004
2022-01-22 14:00:00+01:00,52.5,22.7,37.7955,41.612
2022-01-22 15:00:00+01:00,52.534,27.5,41.8955,50.851
2022-01-22 16:00:00+01:00,49.3,24.1,38.521,43.666
2022-01-22 17:00:00+01:00,50.2,26.6,41.662000000000006,49.0705
2022-01-22 18:00:00+01:00,49.3,34.9,49.859,65.96549999999999
2022-01-22 19:00:00+01:00,49.8,25.6,41.228,47.7235
2022-01-22 20:00:00+01:00,49.833,44.2,59.222,86.0435
2022-01-22 21:00:00+01:00,44.8,38.1,54.2665,73.19800000000001
2022-01-22 22:00:00+01:00,46.4,46.4,63.325,91.727
2022-01-22 23:00:00+01:00,50.034,33.0,51.809,66.5
2022-01-23 00:00:00+01:00,51.8,23.1,42.1075,46.57
2022-01-23 01:00:00+01:00,52.334,18.9,35.898,37.407
2022-01-23 02:00:00+01:00,51.633,15.8,30.305,30.621
2022-01-23 03:00:00+01:00,52.2,18.8,34.9065,39.1925
2022-01-23 04:00:00+01:00,51.0,15.7,30.134,30.717
2022-01-23 05:00:00+01:00,47.3,14.7,27.428,27.569000000000003
2022-01-23 06:00:00+01:00,44.589,16.0,29.3035,29.945
2022-01-23 07:00:00+01:00,44.567,16.5,29.6105,30.9805
2022-01-23 08:00:00+01:00,45.4,22.8,39.4165,43.7265
2022-01-23 09:00:00+01:00,46.25,28.0,45.5385,54.415000000000006
2022-01-23 10:00:00+01:00,47.0,32.7,50.197,64.19999999999999
2022-01-23 11:00:00+01:00,48.633,27.6,44.6375,52.86750000000001
2022-01-23 12:00:00+01:00,49.633,23.1,38.3305,42.935
2022-01-23 13:00:00+01:00,51.0,17.8,31.566,32.5775
2022-01-23 14:00:00+01:00,49.167,19.5,33.962,35.796499999999995
2022-01-23 15:00:00+01:00,53.133,28.2,43.763,53.745000000000005
2022-01-23 16:00:00+01:00,54.067,34.9,50.727500000000006,66.81049999999999
2022-01-23 17:00:00+01:00,54.467,37.2,52.683,71.1655
2022-01-23 18:00:00+01:00,55.166,35.9,52.267,69.3645
2022-01-23 19:00:00+01:00,56.267,30.0,47.1695,58.1115
2022-01-23 20:00:00+01:00,53.834,45.2,60.8245,87.735
2022-01-23 21:00:00+01:00,54.067,36.9,52.915000000000006,70.823
2022-01-23 22:00:00+01:00,52.966,42.1,57.4725,81.22800000000001
2022-01-23 23:00:00+01:00,52.633,56.1,71.89599999999999,108.9965
2022-01-24 00:00:00+01:00,52.0,65.3,84.2245,127.318
2022-01-24 01:00:00+01:00,53.334,58.5,77.0525,115.101
2022-01-24 02:00:00+01:00,53.433,83.5,109.7355,166.0035
2022-01-24 03:00:00+01:00,53.0,76.2,99.2825,150.3355
2022-01-24 04:00:00+01:00,52.666,74.6,97.4445,147.6365
2022-01-24 05:00:00+01:00,52.534,72.2,95.2225,144.2645
2022-01-24 06:00:00+01:00,53.2,55.5,73.0255,110.49
2022-01-24 07:00:00+01:00,51.767,44.2,59.672,87.0095
2022-01-24 08:00:00+01:00,50.4,56.0,74.0245,112.4515
2022-01-24 09:00:00+01:00,49.033,57.1,76.9735,114.1055
2022-01-24 10:00:00+01:00,38.334,19.9,33.936499999999995,36.0765
2022-01-24 11:00:00+01:00,34.6,21.2,35.5455,38.2345
2022-01-24 12:00:00+01:00,30.233,15.9,26.364,26.9445
2022-01-24 13:00:00+01:00,26.233,16.5,26.8325,27.311
2022-01-24 14:00:00+01:00,27.267,23.6,36.8095,41.213
2022-01-24 15:00:00+01:00,29.233,23.5,37.6535,42.206
2022-01-24 16:00:00+01:00,27.8,36.3,50.7035,67.095
2022-01-24 17:00:00+01:00,31.6,52.2,69.596,102.428
2022-01-24 18:00:00+01:00,36.067,67.0,90.9345,137.8585
2022-01-24 19:00:00+01:00,39.867,58.9,81.8715,124.049
2022-01-24 20:00:00+01:00,41.7,42.3,63.480500000000006,90.577
2022-01-24 21:00:00+01:00,42.834,41.3,63.2175,89.825
2022-01-24 22:00:00+01:00,43.567,37.8,60.897000000000006,82.963
2022-01-24 23:00:00+01:00,44.0,35.9,59.349,78.751
2022-01-25 00:00:00+01:00,44.9,37.3,62.1615,82.367
2022-01-25 01:00:00+01:00,45.067,27.1,50.7375,59.27550000000001
2022-01-25 02:00:00+01:00,44.3,23.7,46.1475,51.1905
2022-01-25 03:00:00+01:00,43.3,23.1,45.2695,49.807
2022-01-25 04:00:00+01:00,43.1,24.6,47.307,53.5505
2022-01-25 05:00:00+01:00,42.933,24.2,47.4965,53.336
2022-01-25 06:00:00+01:00,42.966,28.7,53.491,64.2035
2022-01-25 07:00:00+01:00,41.767,37.8,63.844,85.1525
2022-01-25 08:00:00+01:00,40.5,61.3,91.5195,138.2845
2022-01-25 09:00:00+01:00,36.067,45.7,69.3565,97.9255
2022-01-25 10:00:00+01:00,31.566,55.7,76.5425,115.3295
2022-01-25 11:00:00+01:00,27.834,37.5,54.510000000000005,73.167
2022-01-25 12:00:00+01:00,24.667,38.6,52.683,72.761
2022-01-25 13:00:00+01:00,23.934,51.3,63.9465,96.9885
2022-01-25 14:00:00+01:00,23.466,45.4,57.60850000000001,84.9345
2022-01-25 15:00:00+01:00,22.966,48.6,60.8595,90.5175
2022-01-25 16:00:00+01:00,25.466,84.8,106.8645,161.4685
2022-01-25 17:00:00+01:00,25.767,100.6,127.439,192.5275
2022-01-25 18:00:00+01:00,27.233,108.1,138.5375,209.1565
2022-01-25 19:00:00+01:00,29.434,147.7,189.8135,286.0765
2022-01-25 20:00:00+01:00,33.0,134.8,176.87349999999998,266.7015
2022-01-25 21:00:00+01:00,34.633,99.6,132.3875,199.985
2022-01-25 22:00:00+01:00,36.567,131.2,177.4425,267.5685
2022-01-25 23:00:00+01:00,40.4,92.9,127.3995,192.555
2022-01-26 00:00:00+01:00,42.0,69.5,95.8365,145.1575
2022-01-26 01:00:00+01:00,42.367,36.1,56.4025,74.872
2022-01-26 02:00:00+01:00,43.067,26.5,47.023,54.6655
2022-01-26 03:00:00+01:00,43.0,23.8,43.326,48.246
2022-01-26 04:00:00+01:00,43.166,20.4,38.4885,41.043000000000006
2022-01-26 05:00:00+01:00,42.966,21.7,40.3385,43.839
2022-01-26 06:00:00+01:00,42.267,26.0,45.6235,52.8345
2022-01-26 07:00:00+01:00,40.534,39.0,57.452,79.361
2022-01-26 08:00:00+01:00,37.367,56.7,75.332,114.3265
2022-01-26 09:00:00+01:00,37.633,50.5,68.5175,101.6505
2022-01-26 10:00:00+01:00,37.633,47.8,63.9725,94.2035
2022-01-26 11:00:00+01:00,34.334,79.0,100.3035,151.741
2022-01-26 12:00:00+01:00,33.033,60.4,74.9635,112.813
2022-01-26 13:00:00+01:00,32.0,69.3,84.336,126.458
2022-01-26 14:00:00+01:00,29.7,44.1,53.217,77.485
2022-01-26 15:00:00+01:00,27.867,42.0,51.23,72.8925
2022-01-26 16:00:00+01:00,31.8,63.8,75.7355,114.7955
2022-01-26 17:00:00+01:00,39.966,93.9,118.832,179.5695
2022-01-26 18:00:00+01:00,45.733,113.1,147.78300000000002,223.0565
2022-01-26 19:00:00+01:00,48.733,101.1,134.53300000000002,203.1955
2022-01-26 20:00:00+01:00,49.367,112.1,150.005,226.4015
2022-01-26 21:00:00+01:00,50.267,80.2,107.967,163.39749999999998
2022-01-26 22:00:00+01:00,50.9,62.1,83.7095,126.9605
2022-01-26 23:00:00+01:00,51.0,50.0,68.142,102.1405
2022-01-27 00:00:00+01:00,51.2,36.2,55.0285,73.33449999999999
2022-01-27 01:00:00+01:00,50.9,31.8,51.072,63.991
2022-01-27 02:00:00+01:00,50.433,26.6,45.7635,53.081
2022-01-27 03:00:00+01:00,51.233,24.6,43.971500000000006,49.427
2022-01-27 04:00:00+01:00,50.966,26.8,46.5615,54.498000000000005
2022-01-27 05:00:00+01:00,51.233,24.8,44.325500000000005,50.129000000000005
2022-01-27 06:00:00+01:00,50.8,28.1,47.7,57.007000000000005
2022-01-27 07:00:00+01:00,51.0,38.5,57.886,79.62549999999999
2022-01-27 08:00:00+01:00,50.267,52.4,73.32300000000001,108.6015
2022-01-27 09:00:00+01:00,47.6,53.9,71.9445,108.4315
2022-01-27 10:00:00+01:00,43.867,101.6,132.68,200.398
2022-01-27 11:00:00+01:00,38.1,133.4,165.59949999999998,249.697
2022-01-27 12:00:00+01:00,33.633,59.0,73.0215,108.4925
2022-01-27 13:00:00+01:00,28.666,49.6,58.6895,88.316
2022-01-27 14:00:00+01:00,25.1,46.5,54.466,80.106
2022-01-27 15:00:00+01:00,26.6,94.0,109.942,166.0745
2022-01-27 16:00:00+01:00,32.566,118.1,141.212,213.0175
2022-01-27 17:00:00+01:00,39.7,131.1,162.744,245.42900000000003
2022-01-27 18:00:00+01:00,43.7,138.9,175.608,264.7665
2022-01-27 19:00:00+01:00,45.034,223.5,284.5385,428.1505
2022-01-27 20:00:00+01:00,47.367,262.8,336.7165,506.4645
2022-01-27 21:00:00+01:00,47.0,304.1,384.1875,577.7155
2022-01-27 22:00:00+01:00,47.267,297.5,378.9155,569.759
2022-01-27 23:00:00+01:00,48.133,262.1,338.785,509.5765
2022-01-28 00:00:00+01:00,49.633,266.8,348.6915,524.457
2022-01-28 01:00:00+01:00,50.133,280.0,366.5485,551.2335
2022-01-28 02:00:00+01:00,49.933,228.1,302.51649999999995,455.18
2022-01-28 03:00:00+01:00,49.8,156.2,210.206,316.7325
2022-01-28 04:00:00+01:00,49.633,122.4,165.16750000000002,249.157
2022-01-28 05:00:00+01:00,48.1,90.9,119.739,180.9905
2022-01-28 06:00:00+01:00,48.333,51.8,73.1375,102.5555
2022-01-28 07:00:00+01:00,47.766,47.3,65.3565,94.295
2022-01-28 08:00:00+01:00,45.867,49.0,65.5705,95.931
2022-01-28 09:00:00+01:00,43.334,139.5,178.52,269.0295
2022-01-28 10:00:00+01:00,44.2,112.5,145.7775,216.943
2022-01-28 11:00:00+01:00,41.1,81.5,100.2115,151.1605
2022-01-28 12:00:00+01:00,38.7,117.1,140.998,212.732
2022-01-28 13:00:00+01:00,37.767,114.5,137.163,206.968
2022-01-28 14:00:00+01:00,35.2,105.9,125.616,189.639
2022-01-28 15:00:00+01:00,32.0,74.6,86.4165,130.808
2022-01-28 16:00:00+01:00,33.666,67.6,79.8535,120.085
2022-01-28 17:00:00+01:00,43.4,81.1,100.5255,152.1295
2022-01-28 18:00:00+01:00,46.0,78.8,98.945,149.7645
2022-01-28 19:00:00+01:00,47.633,108.3,137.599,207.751
2022-01-28 20:00:00+01:00,48.334,87.8,111.866,169.1785
2022-01-28 21:00:00+01:00,49.9,79.9,102.433,155.0115
2022-01-28 22:00:00+01:00,47.133,84.0,106.7845,161.4855
2022-01-28 23:00:00+01:00,47.1,61.8,78.5005,118.7715
2022-01-29 00:00:00+01:00,44.166,59.5,74.5685,112.598
2022-01-29 01:00:00+01:00,44.4,71.4,89.43799999999999,135.50799999999998
2022-01-29 02:00:00+01:00,38.4,22.8,30.3835,40.994
2022-01-29 03:00:00+01:00,35.833,10.8,17.301,17.4115
2022-01-29 04:00:00+01:00,39.133,15.9,27.293,27.662
2022-01-29 05:00:00+01:00,40.7,13.1,22.3215,22.432
2022-01-29 06:00:00+01:00,41.967,22.5,37.302,41.625
2022-01-29 07:00:00+01:00,43.034,29.7,45.7065,56.3065
2022-01-29 08:00:00+01:00,42.033,34.4,49.804,65.368
2022-01-29 09:00:00+01:00,39.0,36.3,50.230500000000006,67.382
2022-01-29 10:00:00+01:00,31.2,20.7,32.135,35.463
2022-01-29 11:00:00+01:00,26.133,22.1,32.694,37.257000000000005
2022-01-29 12:00:00+01:00,25.333,13.8,21.019,21.875
2022-01-29 13:00:00+01:00,23.1,15.4,22.5885,24.526
2022-01-29 14:00:00+01:00,20.4,20.1,28.897,32.3945
2022-01-29 15:00:00+01:00,22.967,23.7,32.202,40.938
2022-01-29 16:00:00+01:00,26.267,28.9,38.829,49.9665
2022-01-29 17:00:00+01:00,31.034,55.5,67.852,100.429
2022-01-29 18:00:00+01:00,34.933,59.8,72.7325,110.361
2022-01-29 19:00:00+01:00,35.767,74.7,92.281,139.676
2022-01-29 20:00:00+01:00,35.4,93.6,115.622,174.7505
2022-01-29 21:00:00+01:00,35.834,129.4,160.465,242.0055
2022-01-29 22:00:00+01:00,36.333,143.0,177.637,267.778
2022-01-29 23:00:00+01:00,35.2,121.8,150.605,227.1625
2022-01-30 00:00:00+01:00,35.466,111.9,139.326,210.3325
2022-01-30 01:00:00+01:00,34.166,75.3,93.5645,141.483
2022-01-30 02:00:00+01:00,33.767,52.9,65.72,98.5785
2022-01-30 03:00:00+01:00,35.867,37.2,51.4245,69.3435
2022-01-30 04:00:00+01:00,38.492,52.4,66.42699999999999,99.9905
2022-01-30 05:00:00+01:00,40.3,57.6,73.79599999999999,111.6
2022-01-30 06:00:00+01:00,41.3,65.0,83.3655,126.39
2022-01-30 07:00:00+01:00,41.267,63.9,82.3725,124.9265
2022-01-30 08:00:00+01:00,41.034,65.1,83.68199999999999,126.8525
2022-01-30 09:00:00+01:00,35.367,85.9,106.064,160.332
2022-01-30 10:00:00+01:00,27.267,59.3,69.52799999999999,105.306
2022-01-30 11:00:00+01:00,21.933,43.3,52.8155,75.67099999999999
2022-01-30 12:00:00+01:00,18.5,38.7,48.597,66.0375
2022-01-30 13:00:00+01:00,16.067,20.9,29.5445,33.995
2022-01-30 14:00:00+01:00,15.8,11.0,16.5005,16.5065
2022-01-30 15:00:00+01:00,16.133,17.7,26.108,28.3155
2022-01-30 16:00:00+01:00,19.966,34.3,44.318,57.719
2022-01-30 17:00:00+01:00,28.4,60.5,71.085,107.2705
2022-01-30 18:00:00+01:00,35.067,64.3,76.06800000000001,115.347
2022-01-30 19:00:00+01:00,39.534,54.9,66.519,101.109
2022-01-30 20:00:00+01:00,41.8,49.7,61.6675,92.4115
2022-01-30 21:00:00+01:00,44.034,52.9,66.66,100.163
2022-01-30 22:00:00+01:00,46.4,36.2,51.294,68.4485
2022-01-30 23:00:00+01:00,47.233,32.1,48.174,60.92400000000001
2022-01-31 00:00:00+01:00,47.534,28.6,45.1085,54.013
2022-01-31 01:00:00+01:00,48.867,21.9,37.933,41.0195
2022-01-31 02:00:00+01:00,50.0,18.4,32.959,34.0275
2022-01-31 03:00:00+01:00,49.034,18.4,32.7105,34.197
2022-01-31 04:00:00+01:00,48.5,18.2,32.7665,33.911
2022-01-31 05:00:00+01:00,47.566,21.3,36.949,39.8295
2022-01-31 06:00:00+01:00,47.767,39.1,58.452,76.7695
2022-01-31 07:00:00+01:00,46.3,53.2,71.4525,104.6165
2022-01-31 08:00:00+01:00,44.934,95.8,125.137,189.0865
2022-01-31 09:00:00+01:00,41.666,123.4,156.71699999999998,236.465
2022-01-31 10:00:00+01:00,38.5,129.2,160.7325,242.4605
2022-01-31 11:00:00+01:00,34.433,109.5,134.25,202.6865
2022-01-31 12:00:00+01:00,33.067,88.4,106.559,161.036
2022-01-31 13:00:00+01:00,33.9,64.5,77.1675,116.94
2022-01-31 14:00:00+01:00,34.6,69.2,83.34,126.233
2022-01-31 15:00:00+01:00,34.933,111.2,135.261,204.231
2022-01-31 16:00:00+01:00,36.867,144.6,177.01,266.852
2022-01-31 17:00:00+01:00,37.166,91.4,111.9865,169.287
2022-01-31 18:00:00+01:00,46.9,39.6,52.529,73.065
2022-01-31 19:00:00+01:00,52.166,57.4,73.0875,110.3235
2022-01-31 20:00:00+01:00,57.133,49.9,66.83800000000001,97.249
2022-01-31 21:00:00+01:00,56.5,40.3,54.8505,76.566
2022-01-31 22:00:00+01:00,56.166,49.1,63.182,93.5175
2022-01-31 23:00:00+01:00,55.3,69.3,87.964,133.2865
2022-02-01 00:00:00+01:00,55.6,65.9,83.3725,126.4175
2022-02-01 01:00:00+01:00,55.733,56.9,72.513,109.037
2022-02-01 02:00:00+01:00,55.833,37.5,52.103,70.2345
2022-02-01 03:00:00+01:00,56.367,66.3,84.009,127.025
2022-02-01 04:00:00+01:00,55.267,81.7,104.123,155.672
2022-02-01 05:00:00+01:00,55.1,107.1,136.215,205.6575
2022-02-01 06:00:00+01:00,55.433,106.4,134.6525,202.991
2022-02-01 07:00:00+01:00,56.733,40.8,55.5945,76.965
2022-02-01 08:00:00+01:00,56.6,33.9,48.5095,63.101
2022-02-01 09:00:00+01:00,56.5,31.2,46.3855,57.9005
2022-02-01 10:00:00+01:00,57.466,28.3,43.1695,52.423
2022-02-01 11:00:00+01:00,53.8,39.3,52.7505,73.2515
2022-02-01 12:00:00+01:00,52.833,40.8,54.596,75.571
2022-02-01 13:00:00+01:00,52.2,29.0,42.875,51.8095
2022-02-01 14:00:00+01:00,48.367,40.0,53.402,71.15549999999999
2022-02-01 15:00:00+01:00,41.9,41.0,52.106,71.7825
2022-02-01 16:00:00+01:00,37.167,59.8,71.242,106.6245
2022-02-01 17:00:00+01:00,46.867,83.5,103.4705,156.5445
2022-02-01 18:00:00+01:00,51.7,62.7,79.7855,121.0275
2022-02-01 19:00:00+01:00,53.2,54.7,70.658,107.1395
2022-02-01 20:00:00+01:00,54.633,53.0,69.3955,105.1
2022-02-01 21:00:00+01:00,53.9,47.8,62.7025,93.957
2022-02-01 22:00:00+01:00,52.9,40.3,56.713,78.91
2022-02-01 23:00:00+01:00,52.067,49.8,66.27799999999999,98.41
2022-02-02 00:00:00+01:00,49.733,51.2,67.277,100.751
2022-02-02 01:00:00+01:00,49.3,61.8,80.0805,120.985
2022-02-02 02:00:00+01:00,47.633,47.7,63.01,92.438
2022-02-02 03:00:00+01:00,48.0,46.9,63.4995,91.916
2022-02-02 04:00:00+01:00,47.1,26.2,41.9015,49.706
2022-02-02 05:00:00+01:00,47.834,33.5,50.0885,64.8075
2022-02-02 06:00:00+01:00,47.166,51.4,67.708,100.492
2022-02-02 07:00:00+01:00,44.867,44.0,61.14150000000001,84.85
2022-02-02 08:00:00+01:00,44.2,64.1,81.9145,123.8855
2022-02-02 09:00:00+01:00,40.466,48.2,62.8795,90.421
2022-02-02 10:00:00+01:00,38.9,82.1,101.558,153.6445
2022-02-02 11:00:00+01:00,36.8,85.8,104.872,158.60500000000002
2022-02-02 12:00:00+01:00,33.433,42.3,52.7985,74.80600000000001
2022-02-02 13:00:00+01:00,33.5,23.7,35.476,40.64
2022-02-02 14:00:00+01:00,30.333,62.4,74.358,109.356
2022-02-02 15:00:00+01:00,27.333,27.0,36.5465,45.0485
2022-02-02 16:00:00+01:00,29.334,45.3,53.979,77.8155
2022-02-02 17:00:00+01:00,36.133,54.2,63.865,96.7695
2022-02-02 18:00:00+01:00,41.666,49.2,60.029,90.0775
2022-02-02 19:00:00+01:00,45.233,48.6,60.7705,90.723
2022-02-02 20:00:00+01:00,47.966,43.8,57.608,82.27950000000001
2022-02-02 21:00:00+01:00,48.033,44.7,57.745000000000005,84.0005
2022-02-02 22:00:00+01:00,49.6,30.0,45.3125,56.0715
2022-02-02 23:00:00+01:00,45.767,21.8,35.715,39.134
2022-02-03 00:00:00+01:00,43.633,16.2,27.792,28.3275
2022-02-03 01:00:00+01:00,43.234,16.4,27.61,28.432
2022-02-03 02:00:00+01:00,41.5,15.4,25.5455,26.359
2022-02-03 03:00:00+01:00,41.466,16.4,27.103,28.4035
2022-02-03 04:00:00+01:00,43.9,20.4,34.003,36.6415
2022-02-03 05:00:00+01:00,44.3,19.2,31.6215,34.122
2022-02-03 06:00:00+01:00,46.367,24.1,39.3745,44.42
2022-02-03 07:00:00+01:00,45.767,27.7,43.2685,51.2985
2022-02-03 08:00:00+01:00,46.033,30.7,45.883,56.979
2022-02-03 09:00:00+01:00,43.533,36.2,50.177,66.40899999999999
2022-02-03 10:00:00+01:00,32.367,19.0,29.076500000000003,32.062
2022-02-03 11:00:00+01:00,25.4,12.9,20.1365,20.474
2022-02-03 12:00:00+01:00,24.966,12.9,19.9805,20.2015
2022-02-03 13:00:00+01:00,23.934,14.0,20.388,21.9945
2022-02-03 14:00:00+01:00,23.5,11.9,17.198,18.3145
2022-02-03 15:00:00+01:00,23.0,15.5,21.7535,24.1225
2022-02-03 16:00:00+01:00,23.8,28.8,39.2825,48.659
2022-02-03 17:00:00+01:00,32.8,56.4,67.233,101.856
2022-02-03 18:00:00+01:00,37.067,55.1,67.3415,101.809
2022-02-03 19:00:00+01:00,39.6,52.1,65.20100000000001,97.6205
2022-02-03 20:00:00+01:00,39.8,49.9,62.649,93.4355
2022-02-03 21:00:00+01:00,39.933,46.7,59.869,87.579
2022-02-03 22:00:00+01:00,39.867,43.7,56.818,81.459
2022-02-03 23:00:00+01:00,39.7,58.7,73.9785,110.044
2022-02-04 00:00:00+01:00,40.5,78.4,98.486,148.221
2022-02-04 01:00:00+01:00,43.133,133.7,169.856,256.1225
2022-02-04 02:00:00+01:00,43.334,96.9,123.1985,186.1825
2022-02-04 03:00:00+01:00,45.034,133.2,170.9465,257.7525
2022-02-04 04:00:00+01:00,46.0,105.3,136.116,205.536
2022-02-04 05:00:00+01:00,46.733,133.1,173.161,261.1035
2022-02-04 06:00:00+01:00,47.133,152.6,198.9775,299.858
2022-02-04 07:00:00+01:00,46.566,119.8,155.9845,235.3345
2022-02-04 08:00:00+01:00,45.867,150.4,193.735,291.9495
2022-02-04 09:00:00+01:00,40.967,156.6,194.1625,292.551
2022-02-04 10:00:00+01:00,32.467,81.5,96.393,145.779
2022-02-04 11:00:00+01:00,27.633,75.6,87.261,132.03750000000002
2022-02-04 12:00:00+01:00,23.767,39.0,48.7885,65.927
2022-02-04 13:00:00+01:00,21.334,16.8,24.914,26.872
2022-02-04 14:00:00+01:00,22.4,9.0,12.7285,13.0215
2022-02-04 15:00:00+01:00,24.534,10.7,15.357,15.571
2022-02-04 16:00:00+01:00,26.434,20.5,30.634500000000003,33.292
2022-02-04 17:00:00+01:00,31.8,22.1,32.495999999999995,35.9995
2022-02-04 18:00:00+01:00,33.5,25.6,36.064,42.5275
2022-02-04 19:00:00+01:00,35.534,49.3,57.341,84.963
2022-02-04 20:00:00+01:00,36.633,49.1,57.063500000000005,85.38
2022-02-04 21:00:00+01:00,36.534,67.3,77.936,118.0135
2022-02-04 22:00:00+01:00,38.6,83.8,98.2545,148.5545
2022-02-04 23:00:00+01:00,40.433,111.5,130.91649999999998,197.5785
2022-02-05 00:00:00+01:00,41.3,111.2,131.1945,197.9725
2022-02-05 01:00:00+01:00,41.433,105.1,123.6555,186.6765
2022-02-05 02:00:00+01:00,41.9,91.2,107.3185,162.175
2022-02-05 03:00:00+01:00,41.566,66.0,77.1685,116.9095
2022-02-05 04:00:00+01:00,43.5,55.3,64.6625,98.1045
2022-02-05 05:00:00+01:00,44.466,48.2,57.3565,85.595
2022-02-05 06:00:00+01:00,42.9,62.0,72.63550000000001,109.3485
2022-02-05 07:00:00+01:00,43.0,45.3,54.589,80.51650000000001
2022-02-05 08:00:00+01:00,42.9,56.4,66.7375,100.1045
2022-02-05 09:00:00+01:00,39.833,67.5,78.084,118.312
2022-02-05 10:00:00+01:00,36.567,63.3,72.654,109.8685
2022-02-05 11:00:00+01:00,33.767,51.0,59.671,87.3235
2022-02-05 12:00:00+01:00,32.834,44.0,54.4735,73.985
2022-02-05 13:00:00+01:00,33.566,31.1,41.937,51.787000000000006
2022-02-05 14:00:00+01:00,42.2,28.3,39.184,47.1095
2022-02-05 15:00:00+01:00,44.867,29.1,39.5385,48.3975
2022-02-05 16:00:00+01:00,43.534,31.9,43.441500000000005,53.6585
2022-02-05 17:00:00+01:00,49.166,31.1,42.285,52.497
2022-02-05 18:00:00+01:00,51.15,30.5,42.1075,51.6905
2022-02-05 19:00:00+01:00,46.617,33.3,44.3855,57.239
2022-02-05 20:00:00+01:00,42.767,23.9,35.6725,39.884
2022-02-05 21:00:00+01:00,43.133,30.1,41.872,51.9735
2022-02-05 22:00:00+01:00,42.3,30.2,41.837,51.4465
2022-02-05 23:00:00+01:00,42.433,47.7,57.4685,83.816
2022-02-06 00:00:00+01:00,39.0,30.6,42.04900000000001,52.592
2022-02-06 01:00:00+01:00,38.133,31.5,42.8435,53.936
2022-02-06 02:00:00+01:00,40.167,30.6,42.319,52.371
2022-02-06 03:00:00+01:00,42.567,27.0,39.3215,45.95
2022-02-06 04:00:00+01:00,45.267,18.4,28.6015,31.7685
2022-02-06 05:00:00+01:00,47.867,15.0,25.1645,25.4415
2022-02-06 06:00:00+01:00,50.633,19.1,31.783,33.9615
2022-02-06 07:00:00+01:00,51.534,28.0,43.08,51.575
2022-02-06 08:00:00+01:00,50.633,34.8,48.962,64.1505
2022-02-06 09:00:00+01:00,44.033,58.7,70.032,106.0595
2022-02-06 10:00:00+01:00,38.034,70.7,83.75800000000001,125.869
2022-02-06 11:00:00+01:00,32.867,38.4,47.938,65.5485
2022-02-06 12:00:00+01:00,29.633,62.0,69.976,105.739
2022-02-06 13:00:00+01:00,25.967,32.7,40.1905,54.225
2022-02-06 14:00:00+01:00,25.333,10.5,14.9655,15.5445
2022-02-06 15:00:00+01:00,24.466,9.8,13.6795,14.0425
2022-02-06 16:00:00+01:00,25.1,10.5,15.2835,15.4715
2022-02-06 17:00:00+01:00,30.0,15.6,22.5085,24.746
2022-02-06 18:00:00+01:00,31.633,16.7,22.938,27.1535
2022-02-06 19:00:00+01:00,32.666,11.5,17.253999999999998,17.363
2022-02-06 20:00:00+01:00,32.2,14.3,22.3305,22.581
2022-02-06 21:00:00+01:00,33.533,8.1,11.493,11.494
2022-02-06 22:00:00+01:00,33.633,7.6,10.4835,10.508
2022-02-06 23:00:00+01:00,32.9,6.9,9.3055,9.3055
2022-02-07 00:00:00+01:00,33.133,8.4,11.8875,11.9675
2022-02-07 01:00:00+01:00,34.433,8.8,12.645500000000002,12.675
2022-02-07 02:00:00+01:00,35.433,8.7,12.4315,12.58
2022-02-07 03:00:00+01:00,35.6,8.4,11.881,12.096
2022-02-07 04:00:00+01:00,32.666,7.8,11.008,11.0115
2022-02-07 05:00:00+01:00,32.9,20.4,27.268500000000003,32.8635
2022-02-07 06:00:00+01:00,32.9,15.7,21.4175,24.448500000000003
2022-02-07 07:00:00+01:00,33.667,9.6,13.9605,14.200499999999998
2022-02-07 08:00:00+01:00,33.334,12.3,18.809,18.877
2022-02-07 09:00:00+01:00,34.767,14.4,21.6715,22.529
2022-02-07 10:00:00+01:00,49.3,12.7,20.1805,20.701
2022-02-07 11:00:00+01:00,54.267,13.5,21.497,22.6165
2022-02-07 12:00:00+01:00,54.8,13.2,21.8935,22.0785
2022-02-07 13:00:00+01:00,54.733,18.0,29.4395,31.2485
2022-02-07 14:00:00+01:00,49.434,19.7,31.259,33.4065
2022-02-07 15:00:00+01:00,35.067,12.5,18.568,19.7725
2022-02-07 16:00:00+01:00,38.1,16.4,25.765500000000003,26.908
2022-02-07 17:00:00+01:00,41.6,48.8,61.0805,87.6935
2022-02-07 18:00:00+01:00,47.233,48.8,61.343,89.569
2022-02-07 19:00:00+01:00,50.2,45.8,60.2785,85.08850000000001
2022-02-07 20:00:00+01:00,54.6,34.0,49.4905,64.322
2022-02-07 21:00:00+01:00,54.566,31.1,47.284,58.88
2022-02-07 22:00:00+01:00,49.166,22.7,37.2385,41.1125
2022-02-07 23:00:00+01:00,43.833,16.7,28.5325,29.405
2022-02-08 00:00:00+01:00,43.834,21.6,35.2515,38.4465
2022-02-08 01:00:00+01:00,44.9,32.8,46.27,59.5535
2022-02-08 02:00:00+01:00,39.267,6.7,9.461,9.461
2022-02-08 03:00:00+01:00,39.166,5.1,6.583500000000001,6.583500000000001
2022-02-08 04:00:00+01:00,40.5,5.6,7.367,7.367
2022-02-08 05:00:00+01:00,41.7,7.0,10.2315,10.2315
2022-02-08 06:00:00+01:00,41.467,17.1,27.2475,29.454500000000003
2022-02-08 07:00:00+01:00,41.867,34.3,48.034,62.909000000000006
2022-02-08 08:00:00+01:00,40.466,26.8,40.433,47.599
2022-02-08 09:00:00+01:00,39.367,16.1,25.8915,26.91
2022-02-08 10:00:00+01:00,37.933,11.8,18.9545,19.0595
2022-02-08 11:00:00+01:00,34.733,11.4,17.761,17.98
2022-02-08 12:00:00+01:00,29.034,9.9,14.8215,14.8985
2022-02-08 13:00:00+01:00,25.7,10.1,14.782,15.1695
2022-02-08 14:00:00+01:00,21.934,13.4,18.935,20.836
2022-02-08 15:00:00+01:00,21.534,14.0,20.7425,21.7705
2022-02-08 16:00:00+01:00,23.633,30.9,41.3265,53.3145
2022-02-08 17:00:00+01:00,27.666,51.3,61.604,89.807
2022-02-08 18:00:00+01:00,29.9,47.1,56.575500000000005,83.383
2022-02-08 19:00:00+01:00,31.367,35.9,47.456,63.0595
2022-02-08 20:00:00+01:00,32.767,52.1,62.63249999999999,92.4195
2022-02-08 21:00:00+01:00,31.3,26.5,38.473,45.63849999999999
2022-02-08 22:00:00+01:00,33.633,42.5,54.349,75.99350000000001
2022-02-08 23:00:00+01:00,34.933,32.1,44.558,56.922
2022-02-09 00:00:00+01:00,34.666,28.5,39.6335,49.616
2022-02-09 01:00:00+01:00,34.7,23.1,32.236,39.9585
2022-02-09 02:00:00+01:00,35.867,34.9,46.4945,61.9315
2022-02-09 03:00:00+01:00,37.567,25.3,38.5075,44.4005
2022-02-09 04:00:00+01:00,39.534,27.0,40.006,48.349500000000006
2022-02-09 05:00:00+01:00,40.834,35.7,49.5185,65.6385
2022-02-09 06:00:00+01:00,41.534,41.9,54.388,77.723
2022-02-09 07:00:00+01:00,39.466,47.4,61.207,87.32650000000001
2022-02-09 08:00:00+01:00,37.033,37.8,49.9915,67.97200000000001
2022-02-09 09:00:00+01:00,31.867,35.0,45.8755,61.0805
2022-02-09 10:00:00+01:00,26.233,22.2,32.677499999999995,36.2055
2022-02-09 11:00:00+01:00,21.5,15.4,22.7585,23.9035
2022-02-09 12:00:00+01:00,19.0,15.1,23.3125,24.2645
2022-02-09 13:00:00+01:00,18.334,11.4,17.4015,17.6595
2022-02-09 14:00:00+01:00,16.966,10.7,15.7815,16.1045
2022-02-09 15:00:00+01:00,16.4,15.6,24.6205,25.0985
2022-02-09 16:00:00+01:00,17.333,26.2,37.1265,43.515
2022-02-09 17:00:00+01:00,27.5,62.2,72.22800000000001,107.5705
2022-02-09 18:00:00+01:00,35.3,74.0,85.37049999999999,129.2335
2022-02-09 19:00:00+01:00,39.8,62.0,72.4065,109.7795
2022-02-09 20:00:00+01:00,42.7,46.8,56.0145,82.577
2022-02-09 21:00:00+01:00,44.9,42.6,53.315,75.483
2022-02-09 22:00:00+01:00,45.0,31.7,44.3935,55.641000000000005
2022-02-09 23:00:00+01:00,46.933,33.1,45.916,58.8975
2022-02-10 00:00:00+01:00,46.567,32.1,45.2425,56.7165
2022-02-10 01:00:00+01:00,46.967,69.7,87.1345,128.9755
2022-02-10 02:00:00+01:00,47.233,71.1,88.6845,132.7
2022-02-10 03:00:00+01:00,49.733,15.8,26.6895,27.1095
2022-02-10 04:00:00+01:00,50.966,18.6,31.106500000000004,32.8245
2022-02-10 05:00:00+01:00,49.433,20.4,33.8115,36.2695
2022-02-10 06:00:00+01:00,48.966,26.3,40.586,48.018
2022-02-10 07:00:00+01:00,49.534,32.8,47.452,61.069500000000005
2022-02-10 08:00:00+01:00,47.933,43.0,57.0495,80.4865
2022-02-10 09:00:00+01:00,40.767,57.9,69.412,103.7065
2022-02-10 10:00:00+01:00,32.933,62.8,73.23750000000001,110.6795
2022-02-10 11:00:00+01:00,26.7,48.6,58.909,84.2925
2022-02-10 12:00:00+01:00,20.267,16.1,25.039,25.688
2022-02-10 13:00:00+01:00,18.1,20.7,31.245,33.696
2022-02-10 14:00:00+01:00,17.4,22.0,32.82,35.901
2022-02-10 15:00:00+01:00,16.1,19.0,29.2875,30.8915
2022-02-10 16:00:00+01:00,16.367,25.3,36.5515,42.165
2022-02-10 17:00:00+01:00,25.834,52.0,60.8205,89.416
2022-02-10 18:00:00+01:00,32.1,66.4,77.1245,116.203
2022-02-10 19:00:00+01:00,34.8,53.1,62.504000000000005,93.411
2022-02-10 20:00:00+01:00,38.633,48.9,57.9875,86.648
2022-02-10 21:00:00+01:00,42.4,39.9,50.83,71.22
2022-02-10 22:00:00+01:00,45.4,33.3,46.7095,59.834
2022-02-10 23:00:00+01:00,47.6,28.8,43.29600000000001,51.8765
2022-02-11 00:00:00+01:00,49.3,24.3,38.7095,43.469
2022-02-11 01:00:00+01:00,51.4,22.2,36.7615,40.083
2022-02-11 02:00:00+01:00,53.2,18.7,32.5595,33.727000000000004
2022-02-11 03:00:00+01:00,53.733,16.9,30.046,30.5355
2022-02-11 04:00:00+01:00,53.7,17.2,29.5645,30.829
2022-02-11 05:00:00+01:00,53.466,17.7,31.2305,32.304
2022-02-11 06:00:00+01:00,52.633,19.4,33.654,35.275
2022-02-11 07:00:00+01:00,50.033,28.0,43.32599999999999,51.848
2022-02-11 08:00:00+01:00,47.4,44.6,58.689,83.03399999999999
2022-02-11 09:00:00+01:00,40.334,62.5,75.7085,112.575
2022-02-11 10:00:00+01:00,32.0,67.5,77.9445,118.1215
2022-02-11 11:00:00+01:00,24.7,45.3,54.424,79.559
2022-02-11 12:00:00+01:00,18.566,11.7,17.831,17.9685
2022-02-11 13:00:00+01:00,16.7,12.4,19.2025,19.28
2022-02-11 14:00:00+01:00,16.066,11.2,17.07,17.076999999999998
2022-02-11 15:00:00+01:00,15.7,14.3,22.196,22.503
2022-02-11 16:00:00+01:00,17.067,25.6,36.3,42.5625
2022-02-11 17:00:00+01:00,25.767,19.8,29.4005,32.3
2022-02-11 18:00:00+01:00,29.733,37.8,46.765,64.1385
2022-02-11 19:00:00+01:00,31.133,44.0,52.333,75.1515
2022-02-11 20:00:00+01:00,31.3,23.2,32.398,37.6125
2022-02-11 21:00:00+01:00,31.067,11.5,16.705000000000002,17.3785
2022-02-11 22:00:00+01:00,34.966,9.5,14.003,14.003
2022-02-11 23:00:00+01:00,39.933,10.2,15.8095,15.8095
2022-02-12 00:00:00+01:00,45.3,13.6,21.356,21.9925
2022-02-12 01:00:00+01:00,43.934,9.4,14.213,14.223
2022-02-12 02:00:00+01:00,45.367,12.0,19.3545,19.366
2022-02-12 03:00:00+01:00,47.5,12.9,20.5055,20.9245
2022-02-12 04:00:00+01:00,49.422,11.6,18.528,18.621
2022-02-12 05:00:00+01:00,50.242,13.2,21.047,21.719
2022-02-12 06:00:00+01:00,50.372,17.1,27.976000000000003,29.2275
2022-02-12 07:00:00+01:00,51.206,22.3,34.4985,39.0925
2022-02-12 08:00:00+01:00,50.344,22.5,35.3635,39.471
2022-02-12 09:00:00+01:00,43.633,21.1,31.5055,36.1585
2022-02-12 10:00:00+01:00,36.034,14.9,23.369,23.835
2022-02-12 11:00:00+01:00,31.8,13.0,19.342,20.1375
2022-02-12 12:00:00+01:00,28.4,11.4,17.0905,17.262999999999998
2022-02-12 13:00:00+01:00,28.2,12.6,19.867,20.0285
2022-02-12 14:00:00+01:00,25.366,10.9,16.362000000000002,16.365499999999997
2022-02-12 15:00:00+01:00,24.767,11.0,16.427,16.4295
2022-02-12 16:00:00+01:00,26.3,14.0,21.147,22.1245
2022-02-12 17:00:00+01:00,28.733,36.5,47.193,63.172
2022-02-12 18:00:00+01:00,34.333,55.3,66.9425,99.94
2022-02-12 19:00:00+01:00,39.1,53.9,65.959,99.8355
2022-02-12 20:00:00+01:00,42.534,62.0,77.51650000000001,117.605
2022-02-12 21:00:00+01:00,44.566,62.0,78.126,118.533
2022-02-12 22:00:00+01:00,45.733,61.1,77.17699999999999,116.902
2022-02-12 23:00:00+01:00,47.367,56.5,71.46000000000001,108.5255
2022-02-13 00:00:00+01:00,48.067,51.0,65.306,98.594
2022-02-13 01:00:00+01:00,49.367,46.7,60.857,90.969
2022-02-13 02:00:00+01:00,49.834,48.6,63.446,95.1045
2022-02-13 03:00:00+01:00,51.3,43.6,58.7915,85.542
2022-02-13 04:00:00+01:00,52.4,36.3,53.4465,71.4075
2022-02-13 05:00:00+01:00,52.966,33.4,51.235,65.4945
2022-02-13 06:00:00+01:00,53.867,31.2,50.08,62.382
2022-02-13 07:00:00+01:00,54.933,33.5,52.53,67.31899999999999
2022-02-13 08:00:00+01:00,53.334,40.7,58.713,81.642
2022-02-13 09:00:00+01:00,50.7,55.9,73.52799999999999,109.9925
2022-02-13 10:00:00+01:00,41.667,61.6,75.28,114.2365
2022-02-13 11:00:00+01:00,34.166,49.6,58.2085,87.8295
2022-02-13 12:00:00+01:00,29.3,52.9,60.511,91.493
2022-02-13 13:00:00+01:00,25.4,48.7,58.598,83.5995
2022-02-13 14:00:00+01:00,23.066,36.9,46.213,61.745
2022-02-13 15:00:00+01:00,21.634,32.3,42.5435,53.5535
2022-02-13 16:00:00+01:00,21.034,42.7,51.022,71.7205
2022-02-13 17:00:00+01:00,30.367,67.6,78.9315,119.631
2022-02-13 18:00:00+01:00,36.467,98.3,119.0645,179.9195
2022-02-13 19:00:00+01:00,41.6,85.1,106.388,160.93900000000002
2022-02-13 20:00:00+01:00,44.5,81.4,102.8525,155.647
2022-02-13 21:00:00+01:00,46.367,70.2,89.3055,135.393
2022-02-13 22:00:00+01:00,47.234,61.7,78.4945,119.083
2022-02-13 23:00:00+01:00,49.267,53.8,69.375,105.3865
2022-02-14 00:00:00+01:00,51.433,43.8,59.322500000000005,86.424
2022-02-14 01:00:00+01:00,50.867,41.5,57.1325,80.99350000000001
2022-02-14 02:00:00+01:00,50.733,42.1,57.834,82.132
2022-02-14 03:00:00+01:00,50.267,40.3,56.067,78.385
2022-02-14 04:00:00+01:00,50.767,39.7,57.1515,76.63050000000001
2022-02-14 05:00:00+01:00,49.034,39.9,54.9205,76.18700000000001
2022-02-14 06:00:00+01:00,48.066,66.2,84.0385,127.424
2022-02-14 07:00:00+01:00,47.367,69.3,87.75550000000001,132.976
2022-02-14 08:00:00+01:00,47.267,61.3,77.0695,116.6895
2022-02-14 09:00:00+01:00,46.133,98.7,123.7035,186.936
2022-02-14 10:00:00+01:00,42.767,130.7,159.3945,240.3365
2022-02-14 11:00:00+01:00,37.867,146.0,174.14249999999998,262.42600000000004
2022-02-14 12:00:00+01:00,35.833,112.3,131.49450000000002,198.413
2022-02-14 13:00:00+01:00,34.5,68.6,78.9915,119.669
2022-02-14 14:00:00+01:00,30.267,71.4,80.87899999999999,122.439
2022-02-14 15:00:00+01:00,35.8,91.0,104.663,158.214
2022-02-14 16:00:00+01:00,39.666,137.0,159.8075,240.85
2022-02-14 17:00:00+01:00,41.966,175.5,205.3495,309.2215
2022-02-14 18:00:00+01:00,44.066,175.7,206.159,310.405
2022-02-14 19:00:00+01:00,38.034,19.4,28.303,31.6415
2022-02-14 20:00:00+01:00,37.0,12.3,18.7415,18.773
2022-02-14 21:00:00+01:00,36.133,10.9,16.332,16.339
2022-02-14 22:00:00+01:00,36.0,10.0,14.6865,14.6865
2022-02-14 23:00:00+01:00,36.867,9.9,14.432,14.432
2022-02-15 00:00:00+01:00,36.933,9.6,13.9475,13.969
2022-02-15 01:00:00+01:00,37.8,23.2,31.939,38.392
2022-02-15 02:00:00+01:00,39.534,26.1,32.8,44.094
2022-02-15 03:00:00+01:00,40.534,26.3,35.3095,44.94
2022-02-15 04:00:00+01:00,43.967,54.3,66.7385,97.49
2022-02-15 05:00:00+01:00,45.767,59.8,71.932,107.711
2022-02-15 06:00:00+01:00,47.367,42.2,54.1585,76.1605
2022-02-15 07:00:00+01:00,48.2,38.4,51.006,68.398
2022-02-15 08:00:00+01:00,46.166,62.9,74.44649999999999,112.442
2022-02-15 09:00:00+01:00,39.867,78.1,92.5785,138.42450000000002
2022-02-15 10:00:00+01:00,30.9,10.6,15.6755,15.857
2022-02-15 11:00:00+01:00,26.567,9.2,13.1555,13.265
2022-02-15 12:00:00+01:00,24.566,9.0,12.9765,12.9775
2022-02-15 13:00:00+01:00,25.2,10.2,14.9085,14.92
2022-02-15 14:00:00+01:00,28.034,11.0,16.198,16.599
2022-02-15 15:00:00+01:00,28.834,10.2,14.9655,15.0295
2022-02-15 16:00:00+01:00,28.8,13.4,20.232,20.6185
2022-02-15 17:00:00+01:00,30.066,29.5,38.083,48.987
2022-02-15 18:00:00+01:00,31.233,27.1,36.414,45.1135
2022-02-15 19:00:00+01:00,32.834,34.3,43.0995,57.7085
2022-02-15 20:00:00+01:00,34.5,20.1,29.0565,32.553
2022-02-15 21:00:00+01:00,44.466,25.5,33.665499999999994,41.976
2022-02-15 22:00:00+01:00,57.034,9.3,13.8765,13.9225
2022-02-15 23:00:00+01:00,55.9,9.6,14.1195,14.459
2022-02-16 00:00:00+01:00,54.734,13.8,21.7525,22.2255
2022-02-16 01:00:00+01:00,54.033,20.3,31.0315,33.9315
2022-02-16 02:00:00+01:00,54.034,16.1,25.812,26.3825
2022-02-16 03:00:00+01:00,55.0,17.8,28.603,29.703
2022-02-16 04:00:00+01:00,55.267,20.2,32.063,34.273
2022-02-16 05:00:00+01:00,56.867,24.8,36.9605,42.5715
2022-02-16 06:00:00+01:00,58.233,16.1,25.623,27.223
2022-02-16 07:00:00+01:00,58.4,34.3,46.776,61.03999999999999
2022-02-16 08:00:00+01:00,55.534,50.2,60.626000000000005,88.708
2022-02-16 09:00:00+01:00,52.1,58.8,68.8395,104.248
2022-02-16 10:00:00+01:00,50.234,11.9,18.1845,18.333
2022-02-16 11:00:00+01:00,45.1,15.8,24.459000000000003,25.1995
2022-02-16 12:00:00+01:00,41.666,12.1,17.998,18.342
2022-02-16 13:00:00+01:00,36.966,14.7,22.604,23.013
2022-02-16 14:00:00+01:00,30.1,10.9,16.4535,16.4545
2022-02-16 15:00:00+01:00,27.367,13.3,20.639,20.691
2022-02-16 16:00:00+01:00,25.6,17.7,25.936,28.503
2022-02-16 17:00:00+01:00,36.5,42.4,50.8765,72.12
2022-02-16 18:00:00+01:00,44.3,68.2,79.14599999999999,119.884
2022-02-16 19:00:00+01:00,49.767,78.8,92.786,140.3985
2022-02-16 20:00:00+01:00,53.0,57.3,67.649,102.496
2022-02-16 21:00:00+01:00,54.266,42.8,53.7225,77.16550000000001
2022-02-16 22:00:00+01:00,54.633,35.9,48.572500000000005,64.344
2022-02-16 23:00:00+01:00,54.8,29.4,43.0175,52.466
2022-02-17 00:00:00+01:00,54.067,27.0,41.0495,48.0125
2022-02-17 01:00:00+01:00,53.7,49.2,63.540000000000006,90.6895
2022-02-17 02:00:00+01:00,53.2,70.9,87.8035,133.0575
2022-02-17 03:00:00+01:00,53.867,85.6,107.0915,162.0015
2022-02-17 04:00:00+01:00,53.6,77.1,96.5045,146.1515
2022-02-17 05:00:00+01:00,52.233,79.6,98.9915,149.8295
2022-02-17 06:00:00+01:00,50.2,65.0,80.505,122.071
2022-02-17 07:00:00+01:00,47.133,68.8,83.94999999999999,127.2765
2022-02-17 08:00:00+01:00,42.767,63.0,75.325,114.2395
2022-02-17 09:00:00+01:00,32.333,37.2,45.0315,64.42349999999999
2022-02-17 10:00:00+01:00,22.133,10.2,13.9625,14.717
2022-02-17 11:00:00+01:00,20.267,8.2,11.2785,11.292
2022-02-17 12:00:00+01:00,18.4,7.0,9.211,9.2135
2022-02-17 13:00:00+01:00,18.0,6.3,7.904999999999999,7.904999999999999
2022-02-17 14:00:00+01:00,18.133,6.8,8.763,8.767
2022-02-17 15:00:00+01:00,19.8,7.0,9.103,9.103
2022-02-17 16:00:00+01:00,21.833,7.3,9.8415,9.8435
2022-02-17 17:00:00+01:00,24.934,12.6,18.4045,18.65
2022-02-17 18:00:00+01:00,27.6,14.8,22.349,22.831000000000003
2022-02-17 19:00:00+01:00,29.666,46.1,55.1155,78.2505
2022-02-17 20:00:00+01:00,34.133,89.3,103.934,157.05849999999998
2022-02-17 21:00:00+01:00,37.6,63.4,75.6585,110.595
2022-02-17 22:00:00+01:00,41.066,33.2,44.0435,57.7185
2022-02-17 23:00:00+01:00,45.1,30.8,44.1975,53.5865
2022-02-18 00:00:00+01:00,46.034,31.0,43.557500000000005,54.202
2022-02-18 01:00:00+01:00,45.8,21.5,33.813,36.5395
2022-02-18 02:00:00+01:00,44.9,35.7,46.5025,62.509
2022-02-18 03:00:00+01:00,45.9,20.6,32.6725,35.0505
2022-02-18 04:00:00+01:00,46.4,21.5,34.1145,36.7795
2022-02-18 05:00:00+01:00,49.0,23.7,36.5415,41.4285
2022-02-18 06:00:00+01:00,51.133,36.4,50.832,64.93350000000001
2022-02-18 07:00:00+01:00,51.966,37.4,50.999,68.441
2022-02-18 08:00:00+01:00,49.333,39.9,51.7165,71.682
2022-02-18 09:00:00+01:00,40.834,48.8,57.3335,85.168
2022-02-18 10:00:00+01:00,33.5,34.4,44.7215,58.6105
2022-02-18 11:00:00+01:00,25.633,19.5,29.479,31.82
2022-02-18 12:00:00+01:00,19.9,14.5,22.6075,22.87
2022-02-18 13:00:00+01:00,16.666,8.9,12.84,12.849
2022-02-18 14:00:00+01:00,14.8,9.0,12.8755,12.924
2022-02-18 15:00:00+01:00,13.8,8.4,11.873,11.8785
2022-02-18 16:00:00+01:00,16.9,8.8,12.753,12.77
2022-02-18 17:00:00+01:00,21.167,16.5,25.4275,26.234
2022-02-18 18:00:00+01:00,24.534,33.1,43.3065,55.5325
2022-02-18 19:00:00+01:00,25.767,26.6,35.0415,43.93
2022-02-18 20:00:00+01:00,24.433,21.6,27.9395,35.039500000000004
2022-02-18 21:00:00+01:00,27.1,55.3,63.6395,95.484
2022-02-18 22:00:00+01:00,29.467,60.2,69.2485,104.722
2022-02-18 23:00:00+01:00,31.034,80.0,92.2815,139.575
2022-02-19 00:00:00+01:00,34.367,89.4,103.282,156.13150000000002
2022-02-19 01:00:00+01:00,37.166,82.1,95.944,145.13600000000002
2022-02-19 02:00:00+01:00,37.7,67.6,79.251,120.096
2022-02-19 03:00:00+01:00,38.2,54.1,63.056,95.7345
2022-02-19 04:00:00+01:00,39.233,47.1,56.3945,83.35249999999999
2022-02-19 05:00:00+01:00,38.233,34.5,45.4945,59.4045
2022-02-19 06:00:00+01:00,39.934,59.5,70.86850000000001,104.337
2022-02-19 07:00:00+01:00,41.767,60.7,71.4065,108.331
2022-02-19 08:00:00+01:00,40.466,68.8,80.994,122.704
2022-02-19 09:00:00+01:00,38.767,97.6,114.7215,173.30599999999998
2022-02-19 10:00:00+01:00,36.066,89.5,103.7655,156.8285
2022-02-19 11:00:00+01:00,31.267,26.2,33.4055,43.67700000000001
2022-02-19 12:00:00+01:00,30.0,17.9,26.32,28.375
2022-02-19 13:00:00+01:00,30.233,49.4,59.6375,84.3845
2022-02-19 14:00:00+01:00,29.833,21.9,32.062,35.519
2022-02-19 15:00:00+01:00,29.866,21.5,31.5765,34.6985
2022-02-19 16:00:00+01:00,34.733,30.3,40.7925,50.519000000000005
2022-02-19 17:00:00+01:00,38.233,31.6,42.163,52.9005
2022-02-19 18:00:00+01:00,33.0,21.5,31.4545,34.6995
2022-02-19 19:00:00+01:00,31.267,16.9,24.986,26.712000000000003
2022-02-19 20:00:00+01:00,34.292,12.1,18.374,18.5245
2022-02-19 21:00:00+01:00,41.133,9.9,14.682,14.682
2022-02-19 22:00:00+01:00,46.867,10.7,16.414,16.414
2022-02-19 23:00:00+01:00,50.9,11.7,18.318,18.327
2022-02-20 00:00:00+01:00,52.0,9.4,13.9995,13.9995
2022-02-20 01:00:00+01:00,53.266,8.4,12.4485,12.4485
2022-02-20 02:00:00+01:00,52.567,9.4,14.124,14.125
2022-02-20 03:00:00+01:00,53.367,8.9,13.4915,13.4915
2022-02-20 04:00:00+01:00,55.4,8.7,13.4065,13.4295
2022-02-20 05:00:00+01:00,57.933,6.6,9.627,9.686
2022-02-20 06:00:00+01:00,56.0,7.5,10.705,10.705
2022-02-20 07:00:00+01:00,56.334,13.8,22.1475,22.4995
2022-02-20 08:00:00+01:00,57.7,19.0,30.6665,32.2455
2022-02-20 09:00:00+01:00,55.566,22.8,34.777,38.5445
2022-02-20 10:00:00+01:00,54.534,36.1,46.4135,61.733
2022-02-20 11:00:00+01:00,52.433,48.3,56.2275,83.305
2022-02-20 12:00:00+01:00,50.4,36.9,46.8965,62.721
2022-02-20 13:00:00+01:00,49.133,32.9,43.57599999999999,55.4345
2022-02-20 14:00:00+01:00,49.166,22.3,33.219,36.0415
2022-02-20 15:00:00+01:00,49.166,26.0,37.418000000000006,43.206
2022-02-20 16:00:00+01:00,50.233,36.1,46.0795,61.120000000000005
2022-02-20 17:00:00+01:00,51.666,40.4,49.4695,68.882
2022-02-20 18:00:00+01:00,51.034,39.2,48.2395,66.2655
2022-02-20 19:00:00+01:00,51.0,39.2,48.2555,66.042
2022-02-20 20:00:00+01:00,51.5,39.6,48.8245,67.018
2022-02-20 21:00:00+01:00,53.334,33.5,44.357,56.275000000000006
2022-02-20 22:00:00+01:00,55.4,30.0,41.628,50.2225
2022-02-20 23:00:00+01:00,55.934,30.8,42.678,52.215
2022-02-21 00:00:00+01:00,56.5,33.3,45.1325,57.3895
2022-02-21 01:00:00+01:00,57.5,34.2,46.143,59.5455
2022-02-21 02:00:00+01:00,58.0,32.1,44.4025,55.7325
2022-02-21 03:00:00+01:00,59.167,29.8,42.892,51.959
2022-02-21 04:00:00+01:00,60.7,28.4,42.1645,50.2965
2022-02-21 05:00:00+01:00,61.4,24.9,38.816,44.048
2022-02-21 06:00:00+01:00,61.067,23.3,37.5035,41.898
2022-02-21 07:00:00+01:00,58.4,26.9,41.3965,48.6425
2022-02-21 08:00:00+01:00,55.0,54.6,66.648,99.3285
2022-02-21 09:00:00+01:00,50.3,75.5,89.7215,134.211
2022-02-21 10:00:00+01:00,35.566,10.1,14.586,14.6695
2022-02-21 11:00:00+01:00,34.466,9.5,13.604500000000002,13.669999999999998
2022-02-21 12:00:00+01:00,33.767,12.0,17.572499999999998,17.911
2022-02-21 13:00:00+01:00,34.233,12.1,18.02,18.179
2022-02-21 14:00:00+01:00,36.433,10.0,14.5375,14.5375
2022-02-21 15:00:00+01:00,40.133,12.8,18.179,19.2605
2022-02-21 16:00:00+01:00,49.9,29.5,39.23,48.69
2022-02-21 17:00:00+01:00,54.834,41.1,51.212,70.5685
2022-02-21 18:00:00+01:00,56.334,53.2,64.0315,92.041
2022-02-21 19:00:00+01:00,54.033,20.0,25.7215,33.1205
2022-02-21 20:00:00+01:00,53.133,8.2,12.4665,12.4675
2022-02-21 21:00:00+01:00,54.233,11.6,19.338,19.347
2022-02-21 22:00:00+01:00,54.0,19.6,32.1455,34.966
2022-02-21 23:00:00+01:00,55.4,37.6,51.6845,70.2775
2022-02-22 00:00:00+01:00,55.367,45.7,57.8625,85.0745
2022-02-22 01:00:00+01:00,57.0,19.3,31.744,33.8145
2022-02-22 02:00:00+01:00,57.7,25.3,36.6335,45.4245
2022-02-22 03:00:00+01:00,56.2,44.4,55.859,81.765
2022-02-22 04:00:00+01:00,55.267,36.9,50.3015,67.172
2022-02-22 05:00:00+01:00,55.433,31.9,46.182500000000005,57.6285
2022-02-22 06:00:00+01:00,57.534,31.7,45.825,58.01
2022-02-22 07:00:00+01:00,55.167,34.6,47.761,62.8415
2022-02-22 08:00:00+01:00,53.433,27.9,40.092,49.688
2022-02-22 09:00:00+01:00,54.867,32.3,44.9905,57.816500000000005
2022-02-22 10:00:00+01:00,48.542,16.6,26.01,27.421
2022-02-22 11:00:00+01:00,43.267,12.6,19.3755,19.5905
2022-02-22 12:00:00+01:00,38.466,9.8,14.2315,14.447
2022-02-22 13:00:00+01:00,34.067,11.2,16.8555,16.951
2022-02-22 14:00:00+01:00,33.567,12.8,18.5655,19.3165
2022-02-22 15:00:00+01:00,33.1,11.9,17.722,18.07
2022-02-22 16:00:00+01:00,28.566,17.5,25.763,28.1655
2022-02-22 17:00:00+01:00,35.767,17.6,27.301,28.8725
2022-02-22 18:00:00+01:00,39.666,53.4,63.685500000000005,93.9415
2022-02-22 19:00:00+01:00,43.867,77.6,92.38,139.7545
2022-02-22 20:00:00+01:00,46.733,73.1,87.344,131.9
2022-02-22 21:00:00+01:00,48.034,76.0,91.586,138.5845
2022-02-22 22:00:00+01:00,49.7,47.6,60.335,87.623
2022-02-22 23:00:00+01:00,49.867,31.4,45.8615,57.715
2022-02-23 00:00:00+01:00,49.8,20.9,35.5125,37.8085
2022-02-23 01:00:00+01:00,50.334,18.7,32.402,33.503
2022-02-23 02:00:00+01:00,51.034,13.0,22.6715,22.712
2022-02-23 03:00:00+01:00,51.067,11.8,19.256,20.1335
2022-02-23 04:00:00+01:00,50.334,13.3,23.022,23.3045
2022-02-23 05:00:00+01:00,50.433,13.6,22.439,24.2035
2022-02-23 06:00:00+01:00,50.6,15.8,28.087,28.7395
2022-02-23 07:00:00+01:00,49.1,19.8,33.972,36.6765
2022-02-23 08:00:00+01:00,44.4,32.8,46.5415,59.9605
2022-02-23 09:00:00+01:00,38.867,29.5,42.638000000000005,52.4115
2022-02-23 10:00:00+01:00,31.166,28.4,40.139,48.1585
2022-02-23 11:00:00+01:00,25.1,21.3,30.9125,34.915
2022-02-23 12:00:00+01:00,21.367,9.8,14.1415,14.3305
2022-02-23 13:00:00+01:00,20.367,11.7,17.724,17.805500000000002
2022-02-23 14:00:00+01:00,20.6,8.9,13.0355,13.0365
2022-02-23 15:00:00+01:00,20.133,9.7,14.203,14.226
2022-02-23 16:00:00+01:00,18.434,11.0,16.7305,16.7985
2022-02-23 17:00:00+01:00,26.4,37.9,46.2865,63.7265
2022-02-23 18:00:00+01:00,34.367,49.8,59.11,87.595
2022-02-23 19:00:00+01:00,39.666,41.7,51.914,73.9925
2022-02-23 20:00:00+01:00,43.633,34.4,47.41,61.95
2022-02-23 21:00:00+01:00,45.467,29.3,43.6215,52.938
2022-02-23 22:00:00+01:00,47.567,26.1,40.8435,47.632000000000005
2022-02-23 23:00:00+01:00,49.4,22.7,37.4305,41.1255
2022-02-24 00:00:00+01:00,50.2,22.4,37.352,40.8195
2022-02-24 01:00:00+01:00,51.5,17.7,30.853,31.7185
2022-02-24 02:00:00+01:00,52.067,13.8,24.13,24.2165
2022-02-24 03:00:00+01:00,52.067,11.8,20.244,20.245
2022-02-24 04:00:00+01:00,52.867,13.2,22.776,23.3495
2022-02-24 05:00:00+01:00,52.0,15.8,27.876,28.78
2022-02-24 06:00:00+01:00,51.967,15.4,27.225,27.9435
2022-02-24 07:00:00+01:00,51.8,19.5,34.2315,36.23
2022-02-24 08:00:00+01:00,46.867,25.1,39.7625,45.7705
2022-02-24 09:00:00+01:00,38.5,26.4,39.2065,45.816500000000005
2022-02-24 10:00:00+01:00,31.0,34.3,45.2935,58.8035
2022-02-24 11:00:00+01:00,24.233,22.1,32.6505,36.4805
2022-02-24 12:00:00+01:00,18.7,14.8,23.323500000000003,23.69
2022-02-24 13:00:00+01:00,15.1,15.9,24.426,25.2145
2022-02-24 14:00:00+01:00,13.366,10.4,15.6815,15.7175
2022-02-24 15:00:00+01:00,11.733,9.2,13.3345,13.413
2022-02-24 16:00:00+01:00,10.166,17.6,25.7345,27.9625
2022-02-24 17:00:00+01:00,17.8,40.5,49.5435,68.528
2022-02-24 18:00:00+01:00,25.1,79.4,92.406,138.329
2022-02-24 19:00:00+01:00,31.0,66.9,78.011,118.235
2022-02-24 20:00:00+01:00,33.166,48.1,57.7015,85.499
2022-02-24 21:00:00+01:00,34.9,44.5,54.4215,79.4755
2022-02-24 22:00:00+01:00,34.933,39.1,50.313,69.724
2022-02-24 23:00:00+01:00,35.0,29.7,42.43,52.037
2022-02-25 00:00:00+01:00,34.9,25.0,37.547,43.156
2022-02-25 01:00:00+01:00,36.633,69.8,83.90450000000001,127.0855
2022-02-25 02:00:00+01:00,38.0,58.8,71.0055,107.756
2022-02-25 03:00:00+01:00,39.533,50.4,60.926,92.3095
2022-02-25 04:00:00+01:00,41.1,60.3,73.82300000000001,111.982
2022-02-25 05:00:00+01:00,41.7,50.7,62.379000000000005,94.344
2022-02-25 06:00:00+01:00,42.233,45.3,58.9425,85.042
2022-02-25 07:00:00+01:00,39.534,62.8,79.27850000000001,117.456
2022-02-25 08:00:00+01:00,35.6,47.7,60.80200000000001,86.412
2022-02-25 09:00:00+01:00,26.534,42.1,51.7605,72.93950000000001
2022-02-25 10:00:00+01:00,20.9,32.3,42.7605,54.525000000000006
2022-02-25 11:00:00+01:00,17.767,15.9,24.664,25.4035
2022-02-25 12:00:00+01:00,17.834,9.6,14.0075,14.036
2022-02-25 13:00:00+01:00,21.267,12.7,19.2305,19.5355
2022-02-25 14:00:00+01:00,26.133,12.7,19.4155,19.6495
2022-02-25 15:00:00+01:00,28.291,14.1,21.8085,21.987
2022-02-25 16:00:00+01:00,27.466,12.6,19.225,19.352
2022-02-25 17:00:00+01:00,28.066,11.5,17.5735,17.598
2022-02-25 18:00:00+01:00,28.0,9.4,13.7515,13.7605
2022-02-25 19:00:00+01:00,30.9,10.5,16.183999999999997,16.2095
2022-02-25 20:00:00+01:00,39.567,10.6,16.387,16.508499999999998
2022-02-25 21:00:00+01:00,49.833,12.6,20.577,21.039
2022-02-25 22:00:00+01:00,51.767,20.5,34.350500000000004,36.6415
2022-02-25 23:00:00+01:00,52.8,17.9,30.165,31.942500000000003
2022-02-26 00:00:00+01:00,54.2,36.3,50.6915,67.69200000000001
2022-02-26 01:00:00+01:00,55.3,25.6,40.946,47.208
2022-02-26 02:00:00+01:00,57.2,19.3,33.0045,34.6305
2022-02-26 03:00:00+01:00,57.5,20.8,34.486000000000004,37.36
2022-02-26 04:00:00+01:00,57.867,25.4,38.524,46.090500000000006
2022-02-26 05:00:00+01:00,55.633,27.8,42.515,50.2895
2022-02-26 06:00:00+01:00,56.233,31.7,46.3415,58.3665
2022-02-26 07:00:00+01:00,57.666,20.6,34.486,37.18
2022-02-26 08:00:00+01:00,57.567,31.2,45.544,57.4945
2022-02-26 09:00:00+01:00,55.6,24.0,38.08,43.4455
2022-02-26 10:00:00+01:00,48.5,16.0,26.725500000000004,27.3255
2022-02-26 11:00:00+01:00,48.166,20.1,32.8,35.357
2022-02-26 12:00:00+01:00,52.8,42.7,56.260000000000005,79.5495
2022-02-26 13:00:00+01:00,54.466,68.5,84.9485,128.6325
2022-02-26 14:00:00+01:00,55.034,56.8,69.882,105.2335
2022-02-26 15:00:00+01:00,54.666,60.2,73.3695,111.0275
2022-02-26 16:00:00+01:00,55.867,49.8,61.5895,91.5615
2022-02-26 17:00:00+01:00,56.0,43.7,55.5395,80.154
2022-02-26 18:00:00+01:00,56.133,41.6,54.0935,76.79249999999999
2022-02-26 19:00:00+01:00,57.034,34.9,49.1435,64.3385
2022-02-26 20:00:00+01:00,56.867,38.0,51.732,70.57300000000001
2022-02-26 21:00:00+01:00,56.666,42.2,55.2585,79.146
2022-02-26 22:00:00+01:00,56.1,46.8,60.0655,87.26599999999999
2022-02-26 23:00:00+01:00,55.833,59.6,73.7975,112.0105
2022-02-27 00:00:00+01:00,55.1,61.4,75.7675,114.922
2022-02-27 01:00:00+01:00,53.166,41.7,54.1085,77.012
2022-02-27 02:00:00+01:00,42.633,18.2,29.9875,31.0815
2022-02-27 03:00:00+01:00,42.0,15.8,25.451,26.48
2022-02-27 04:00:00+01:00,50.567,15.8,26.897,27.151
2022-02-27 05:00:00+01:00,54.933,20.0,33.924499999999995,35.5545
2022-02-27 06:00:00+01:00,56.233,24.3,38.971,44.378
2022-02-27 07:00:00+01:00,56.0,24.8,39.8745,45.3755
2022-02-27 08:00:00+01:00,55.567,34.0,49.1905,63.406000000000006
2022-02-27 09:00:00+01:00,55.233,46.0,60.452,87.28
2022-02-27 10:00:00+01:00,56.767,58.9,75.345,113.0805
2022-02-27 11:00:00+01:00,57.5,72.5,92.6795,140.196
2022-02-27 12:00:00+01:00,58.034,70.7,89.924,136.259
2022-02-27 13:00:00+01:00,59.034,89.2,114.4925,173.094
2022-02-27 14:00:00+01:00,59.167,88.6,113.09,171.0385
2022-02-27 15:00:00+01:00,59.034,112.3,142.267,214.7565
2022-02-27 16:00:00+01:00,59.567,137.5,173.643,261.8285
2022-02-27 17:00:00+01:00,58.367,52.8,70.05449999999999,97.259
2022-02-27 18:00:00+01:00,55.3,36.3,49.606,65.00450000000001
2022-02-27 19:00:00+01:00,55.0,39.0,52.2085,70.1085
2022-02-27 20:00:00+01:00,55.267,50.7,64.4055,92.5465
2022-02-27 21:00:00+01:00,56.367,84.0,104.3305,157.8415
2022-02-27 22:00:00+01:00,58.633,52.9,67.328,98.696
2022-02-27 23:00:00+01:00,59.3,29.3,44.2255,53.2345
2022-02-28 00:00:00+01:00,59.933,25.2,40.1495,45.462500000000006
2022-02-28 01:00:00+01:00,60.0,24.4,39.438,44.007000000000005
2022-02-28 02:00:00+01:00,58.7,22.0,36.525,39.247
2022-02-28 03:00:00+01:00,58.034,26.4,41.6635,47.9385
2022-02-28 04:00:00+01:00,58.166,29.5,45.036,54.7205
2022-02-28 05:00:00+01:00,58.0,26.5,42.403,48.978
2022-02-28 06:00:00+01:00,58.433,37.7,53.0995,71.1535
2022-02-28 07:00:00+01:00,57.633,39.3,54.082,74.41550000000001
2022-02-28 08:00:00+01:00,54.067,31.8,47.764,59.5275
2022-02-28 09:00:00+01:00,47.834,30.6,45.334,55.511
2022-02-28 10:00:00+01:00,46.0,27.7,42.511,49.7865
2022-02-28 11:00:00+01:00,49.167,29.1,43.9815,52.8255
2022-02-28 12:00:00+01:00,52.767,40.9,54.4745,76.6315
2022-02-28 13:00:00+01:00,54.133,33.8,49.186,63.49249999999999
2022-02-28 14:00:00+01:00,56.5,32.8,48.7705,62.0255
2022-02-28 15:00:00+01:00,56.333,39.3,53.989,74.5845
2022-02-28 16:00:00+01:00,57.133,43.9,58.111,84.0275
2022-02-28 17:00:00+01:00,55.233,45.6,58.944500000000005,86.8625
2022-02-28 18:00:00+01:00,53.666,45.2,58.506,85.46700000000001
2022-02-28 19:00:00+01:00,53.466,59.6,76.4965,114.546
2022-02-28 20:00:00+01:00,56.334,66.4,85.6285,129.7815
2022-02-28 21:00:00+01:00,56.1,56.3,73.0955,109.384
2022-02-28 22:00:00+01:00,57.167,43.8,58.563,84.2655
2022-02-28 23:00:00+01:00,55.867,30.6,46.664,57.325
2022-03-01 00:00:00+01:00,55.067,26.1,42.076,48.3735
2022-03-01 01:00:00+01:00,55.0,24.7,40.6925,45.568
2022-03-01 02:00:00+01:00,56.467,25.2,41.2865,46.6075
2022-03-01 03:00:00+01:00,56.1,25.9,41.758,47.424
2022-03-01 04:00:00+01:00,55.75,26.5,42.0455,48.6145
2022-03-01 05:00:00+01:00,55.3,37.0,53.5595,70.1605
2022-03-01 06:00:00+01:00,53.333,28.1,43.8355,52.2505
2022-03-01 07:00:00+01:00,53.466,33.3,49.507000000000005,63.3635
2022-03-01 08:00:00+01:00,54.8,47.1,62.254000000000005,91.126
2022-03-01 09:00:00+01:00,51.666,40.7,55.113,77.0335
2022-03-01 10:00:00+01:00,46.0,26.6,41.705,48.2665
2022-03-01 11:00:00+01:00,44.1,29.6,44.3365,53.68
2022-03-01 12:00:00+01:00,45.6,35.7,50.0865,65.3005
2022-03-01 13:00:00+01:00,44.933,36.1,49.8445,65.72
2022-03-01 14:00:00+01:00,43.233,35.2,48.961,64.1375
2022-03-01 15:00:00+01:00,46.733,35.7,50.344,65.831
2022-03-01 16:00:00+01:00,49.434,40.6,55.205,77.024
2022-03-01 17:00:00+01:00,50.867,47.8,61.493,90.887
2022-03-01 18:00:00+01:00,50.633,61.0,76.94200000000001,116.3595
2022-03-01 19:00:00+01:00,50.633,55.6,69.888,106.097
2022-03-01 20:00:00+01:00,51.9,52.5,66.8785,100.976
2022-03-01 21:00:00+01:00,53.0,48.4,62.718,93.4665
2022-03-01 22:00:00+01:00,54.233,43.7,58.468,84.61250000000001
2022-03-01 23:00:00+01:00,55.533,42.9,58.057,83.37950000000001
2022-03-02 00:00:00+01:00,56.133,39.9,56.117,77.42699999999999
2022-03-02 01:00:00+01:00,56.233,40.4,56.548,78.17949999999999
2022-03-02 02:00:00+01:00,56.867,36.3,54.4125,70.995
2022-03-02 03:00:00+01:00,56.767,29.7,47.9115,57.613
2022-03-02 04:00:00+01:00,55.2,26.4,44.0545,50.7535
2022-03-02 05:00:00+01:00,53.5,27.1,44.702,52.0945
2022-03-02 06:00:00+01:00,53.6,32.1,50.2315,63.2085
2022-03-02 07:00:00+01:00,51.5,49.2,66.414,97.4685
2022-03-02 08:00:00+01:00,45.834,40.4,54.8935,76.61449999999999
2022-03-02 09:00:00+01:00,42.067,26.3,40.870000000000005,47.3675
2022-03-02 10:00:00+01:00,38.233,21.6,34.783500000000004,37.417
2022-03-02 11:00:00+01:00,32.934,24.7,37.1565,42.202
2022-03-02 12:00:00+01:00,27.834,23.1,34.6505,38.0105
2022-03-02 13:00:00+01:00,26.233,22.4,33.59,36.765
2022-03-02 14:00:00+01:00,26.166,24.4,36.1505,40.6935
2022-03-02 15:00:00+01:00,22.233,24.1,35.061,39.3025
2022-03-02 16:00:00+01:00,19.733,25.7,37.066,42.615
2022-03-02 17:00:00+01:00,23.566,38.7,49.0365,67.17949999999999
2022-03-02 18:00:00+01:00,32.666,71.7,87.366,132.2455
2022-03-02 19:00:00+01:00,37.733,54.7,68.4275,103.6825
2022-03-02 20:00:00+01:00,41.133,54.8,69.709,105.866
2022-03-02 21:00:00+01:00,44.267,49.8,64.3805,97.1385
2022-03-02 22:00:00+01:00,44.966,43.0,58.521,83.58449999999999
2022-03-02 23:00:00+01:00,44.767,33.8,50.4255,64.7205
2022-03-03 00:00:00+01:00,44.334,32.2,49.091,61.5775
2022-03-03 01:00:00+01:00,44.8,33.4,50.786,64.5135
2022-03-03 02:00:00+01:00,44.5,39.8,55.944500000000005,77.99600000000001
2022-03-03 03:00:00+01:00,45.8,37.6,54.563,73.8115
2022-03-03 04:00:00+01:00,45.667,31.4,49.4455,61.4395
2022-03-03 05:00:00+01:00,44.867,31.5,49.3945,61.634
2022-03-03 06:00:00+01:00,43.767,30.5,48.349500000000006,59.28
2022-03-03 07:00:00+01:00,42.434,36.2,53.5115,71.3035
2022-03-03 08:00:00+01:00,38.1,34.5,49.826,64.779
2022-03-03 09:00:00+01:00,32.434,44.6,55.1785,80.9325
2022-03-03 10:00:00+01:00,27.3,34.5,45.1215,59.5555
2022-03-03 11:00:00+01:00,21.8,23.4,34.756,38.242
2022-03-03 12:00:00+01:00,18.0,23.6,34.7135,38.3375
2022-03-03 13:00:00+01:00,15.466,24.1,34.4995,38.8525
2022-03-03 14:00:00+01:00,13.267,20.2,30.1455,32.114999999999995
2022-03-03 15:00:00+01:00,12.067,21.6,31.4175,34.346000000000004
2022-03-03 16:00:00+01:00,11.634,28.2,38.298,46.153
2022-03-03 17:00:00+01:00,20.166,48.8,57.194,84.381
2022-03-03 18:00:00+01:00,28.666,53.0,63.20099999999999,95.8065
2022-03-03 19:00:00+01:00,32.7,49.7,62.651,93.2245
2022-03-03 20:00:00+01:00,35.133,40.6,54.7145,77.1365
2022-03-03 21:00:00+01:00,37.2,42.2,56.896,81.11500000000001
2022-03-03 22:00:00+01:00,38.534,43.8,58.742,84.8185
2022-03-03 23:00:00+01:00,40.734,34.0,50.7505,65.8125
2022-03-04 00:00:00+01:00,40.966,30.8,47.5525,58.6815
2022-03-04 01:00:00+01:00,41.767,22.9,39.206500000000005,43.286
2022-03-04 02:00:00+01:00,42.8,20.0,35.2345,37.537
2022-03-04 03:00:00+01:00,42.733,20.6,36.082,38.9875
2022-03-04 04:00:00+01:00,43.534,20.8,35.923,38.8665
2022-03-04 05:00:00+01:00,44.8,21.3,37.368,40.444
2022-03-04 06:00:00+01:00,42.933,31.6,48.9045,61.1015
2022-03-04 07:00:00+01:00,39.767,37.4,52.9875,71.728
2022-03-04 08:00:00+01:00,36.35,31.4,46.4105,58.152
2022-03-04 09:00:00+01:00,30.534,25.7,39.5205,45.16
2022-03-04 10:00:00+01:00,28.1,32.4,45.4885,57.419
2022-03-04 11:00:00+01:00,24.1,34.4,45.7925,59.1635
2022-03-04 12:00:00+01:00,21.233,37.8,47.798,64.1505
2022-03-04 13:00:00+01:00,19.4,38.9,47.523,64.9125
2022-03-04 14:00:00+01:00,18.7,35.3,45.094,58.91
2022-03-04 15:00:00+01:00,16.7,30.4,40.813,49.692
2022-03-04 16:00:00+01:00,15.633,37.2,46.047,61.497
2022-03-04 17:00:00+01:00,21.633,61.6,71.418,107.635
2022-03-04 18:00:00+01:00,29.334,106.7,129.36700000000002,195.319
2022-03-04 19:00:00+01:00,34.633,97.3,121.0095,182.8425
2022-03-04 20:00:00+01:00,35.567,112.9,139.7395,210.932
2022-03-04 21:00:00+01:00,36.034,100.4,123.443,186.487
2022-03-04 22:00:00+01:00,36.367,58.1,68.523,104.1405
2022-03-04 23:00:00+01:00,38.934,52.7,62.438,94.4585
2022-03-05 00:00:00+01:00,40.133,45.8,55.854,81.6425
2022-03-05 01:00:00+01:00,42.6,54.7,65.477,99.3525
2022-03-05 02:00:00+01:00,44.5,53.1,63.5385,96.486
2022-03-05 03:00:00+01:00,46.733,52.5,63.1825,95.8
2022-03-05 04:00:00+01:00,48.1,51.7,62.1405,94.482
2022-03-05 05:00:00+01:00,47.4,53.9,65.1095,98.9345
2022-03-05 06:00:00+01:00,46.5,53.5,65.1505,99.003
2022-03-05 07:00:00+01:00,44.4,51.6,62.644,94.8945
2022-03-05 08:00:00+01:00,45.066,55.7,67.288,102.3125
2022-03-05 09:00:00+01:00,42.166,51.7,62.146,93.9625
2022-03-05 10:00:00+01:00,38.334,46.3,55.8525,82.5385
2022-03-05 11:00:00+01:00,32.633,37.9,47.962500000000006,64.663
2022-03-05 12:00:00+01:00,29.2,33.6,44.378,56.432500000000005
2022-03-05 13:00:00+01:00,27.767,33.8,44.5035,56.731
2022-03-05 14:00:00+01:00,26.4,31.4,42.5365,52.2815
2022-03-05 15:00:00+01:00,26.933,30.6,42.359,51.584
2022-03-05 16:00:00+01:00,27.033,24.6,36.436,40.6415
2022-03-05 17:00:00+01:00,28.133,24.6,36.959,41.3415
2022-03-05 18:00:00+01:00,29.6,30.1,42.7575,52.4135
2022-03-05 19:00:00+01:00,30.233,38.6,50.1215,68.85650000000001
2022-03-05 20:00:00+01:00,31.066,38.0,49.82,67.4665
2022-03-05 21:00:00+01:00,35.267,92.0,114.1555,172.57600000000002
2022-03-05 22:00:00+01:00,38.034,76.3,95.192,144.144
2022-03-05 23:00:00+01:00,39.833,74.5,92.8215,140.596
2022-03-06 00:00:00+01:00,40.8,65.2,80.74549999999999,122.4965
2022-03-06 01:00:00+01:00,37.3,28.8,42.327,51.554
2022-03-06 02:00:00+01:00,35.233,16.5,27.7645,28.1035
2022-03-06 03:00:00+01:00,35.7,18.6,31.067,32.159
2022-03-06 04:00:00+01:00,37.0,17.9,29.948500000000003,30.8875
2022-03-06 05:00:00+01:00,38.1,18.8,31.2105,32.782000000000004
2022-03-06 06:00:00+01:00,46.6,17.6,30.9685,31.6095
2022-03-06 07:00:00+01:00,51.666,19.4,33.8965,35.282
2022-03-06 08:00:00+01:00,52.267,26.4,42.6845,49.389
2022-03-06 09:00:00+01:00,52.733,33.8,50.3595,64.64
2022-03-06 10:00:00+01:00,52.966,37.9,53.5095,72.6655
2022-03-06 11:00:00+01:00,52.0,43.9,57.8415,83.29150000000001
2022-03-06 12:00:00+01:00,52.0,52.3,66.839,99.31
2022-03-06 13:00:00+01:00,51.7,33.3,48.172,61.328
2022-03-06 14:00:00+01:00,52.367,39.5,53.1535,73.62049999999999
2022-03-06 15:00:00+01:00,53.666,45.5,58.3915,85.454
2022-03-06 16:00:00+01:00,54.666,55.8,70.3555,106.0345
2022-03-06 17:00:00+01:00,55.0,60.7,76.15950000000001,115.5855
2022-03-06 18:00:00+01:00,55.8,58.9,74.2885,112.6305
2022-03-06 19:00:00+01:00,54.967,48.2,60.261,90.781
2022-03-06 20:00:00+01:00,55.034,52.6,65.9445,99.987
2022-03-06 21:00:00+01:00,56.2,47.0,59.8595,88.9105
2022-03-06 22:00:00+01:00,55.767,46.8,59.408,88.538
2022-03-06 23:00:00+01:00,56.334,41.9,55.831,79.143
2022-03-07 00:00:00+01:00,57.233,35.6,50.936,66.7645
2022-03-07 01:00:00+01:00,57.233,32.0,47.854,59.482
2022-03-07 02:00:00+01:00,56.766,31.7,47.396,58.61149999999999
2022-03-07 03:00:00+01:00,58.2,25.8,41.6505,47.2895
2022-03-07 04:00:00+01:00,58.534,22.8,38.21,41.4835
2022-03-07 05:00:00+01:00,57.4,22.9,37.9495,41.574
2022-03-07 06:00:00+01:00,57.533,29.7,45.631,55.8165
2022-03-07 07:00:00+01:00,55.867,41.3,55.528000000000006,78.219
2022-03-07 08:00:00+01:00,53.834,49.2,61.739,92.83
2022-03-07 09:00:00+01:00,52.633,51.5,65.15950000000001,97.73
2022-03-07 10:00:00+01:00,51.567,52.0,65.0325,98.2615
2022-03-07 11:00:00+01:00,49.2,52.1,64.946,98.2425
2022-03-07 12:00:00+01:00,47.5,53.0,65.8935,99.71
2022-03-07 13:00:00+01:00,50.834,46.5,60.4015,88.6375
2022-03-07 14:00:00+01:00,50.534,44.8,58.975,85.88
2022-03-07 15:00:00+01:00,48.166,47.7,60.912000000000006,90.00999999999999
2022-03-07 16:00:00+01:00,46.267,50.1,62.798,94.012
2022-03-07 17:00:00+01:00,48.2,58.2,73.027,110.6935
2022-03-07 18:00:00+01:00,49.433,71.8,91.3125,138.332
2022-03-07 19:00:00+01:00,37.267,43.5,55.86150000000001,80.06049999999999
2022-03-07 20:00:00+01:00,34.034,40.5,54.0615,74.624
2022-03-07 21:00:00+01:00,32.0,34.2,49.1535,63.184
2022-03-07 22:00:00+01:00,35.433,46.8,61.325,89.8375
2022-03-07 23:00:00+01:00,42.466,44.5,60.1755,86.9795
2022-03-08 00:00:00+01:00,45.433,37.8,55.5965,74.394
2022-03-08 01:00:00+01:00,45.433,32.7,50.4935,63.458
2022-03-08 02:00:00+01:00,48.4,38.4,56.362,76.07499999999999
2022-03-08 03:00:00+01:00,50.567,35.0,53.2895,69.3155
2022-03-08 04:00:00+01:00,52.5,34.4,53.2015,68.477
2022-03-08 05:00:00+01:00,52.966,35.3,54.219,70.9325
2022-03-08 06:00:00+01:00,51.4,41.0,59.68899999999999,82.514
2022-03-08 07:00:00+01:00,49.4,41.0,58.742,82.138
2022-03-08 08:00:00+01:00,46.367,40.8,57.117,79.719
2022-03-08 09:00:00+01:00,41.534,42.7,56.9205,80.9705
2022-03-08 10:00:00+01:00,31.3,36.3,48.803,64.12349999999999
2022-03-08 11:00:00+01:00,26.934,40.8,50.6025,70.5445
2022-03-08 12:00:00+01:00,25.434,29.2,40.511,48.9495
2022-03-08 13:00:00+01:00,25.567,25.4,36.8475,41.959500000000006
2022-03-08 14:00:00+01:00,24.933,22.5,33.625,36.6195
2022-03-08 15:00:00+01:00,29.1,23.5,35.2565,39.151
2022-03-08 16:00:00+01:00,23.633,22.3,33.2355,36.507
2022-03-08 17:00:00+01:00,29.633,31.0,42.6365,53.283
2022-03-08 18:00:00+01:00,36.767,47.1,59.0735,85.5205
2022-03-08 19:00:00+01:00,41.6,61.7,77.0135,116.783
2022-03-08 20:00:00+01:00,44.6,48.5,61.6605,92.1445
2022-03-08 21:00:00+01:00,45.666,51.5,65.90299999999999,98.885
2022-03-08 22:00:00+01:00,48.466,50.2,65.6575,98.397
2022-03-08 23:00:00+01:00,49.067,42.8,57.9,83.368
2022-03-09 00:00:00+01:00,50.067,37.9,54.348,73.672
2022-03-09 01:00:00+01:00,50.733,31.7,49.3305,61.543
2022-03-09 02:00:00+01:00,51.834,26.9,44.929,52.2055
2022-03-09 03:00:00+01:00,52.3,23.9,41.93,46.615
2022-03-09 04:00:00+01:00,54.0,23.1,41.714,45.9825
2022-03-09 05:00:00+01:00,53.867,22.0,40.257,43.453
2022-03-09 06:00:00+01:00,54.0,26.0,46.0235,53.0045
2022-03-09 07:00:00+01:00,53.233,32.0,52.1215,65.83500000000001
2022-03-09 08:00:00+01:00,46.767,39.1,55.5255,76.3295
2022-03-09 09:00:00+01:00,36.067,30.6,44.5375,54.749
2022-03-09 10:00:00+01:00,32.466,30.7,43.303,52.8955
2022-03-09 11:00:00+01:00,29.2,32.3,43.515,54.3
2022-03-09 12:00:00+01:00,28.133,34.5,45.0295,57.9255
2022-03-09 13:00:00+01:00,25.066,33.4,43.5745,55.2515
2022-03-09 14:00:00+01:00,23.434,29.5,40.44499999999999,48.561
2022-03-09 15:00:00+01:00,24.066,28.0,39.2895,46.334
2022-03-09 16:00:00+01:00,26.267,32.0,43.185500000000005,53.8185
2022-03-09 17:00:00+01:00,26.3,37.9,48.143,64.994
2022-03-09 18:00:00+01:00,31.334,62.4,73.21100000000001,110.3185
2022-03-09 19:00:00+01:00,35.533,67.0,80.122,121.3585
2022-03-09 20:00:00+01:00,37.666,54.5,65.3295,99.144
2022-03-09 21:00:00+01:00,39.767,51.7,62.6105,94.1605
2022-03-09 22:00:00+01:00,41.7,50.0,61.46,92.0385
2022-03-09 23:00:00+01:00,44.2,44.5,56.5565,82.1265
2022-03-10 00:00:00+01:00,41.6,36.2,49.8365,65.385
2022-03-10 01:00:00+01:00,39.0,27.4,40.8845,47.6635
2022-03-10 02:00:00+01:00,40.267,25.4,39.525,44.6885
2022-03-10 03:00:00+01:00,42.4,24.9,39.595,44.3345
2022-03-10 04:00:00+01:00,41.666,25.2,39.4255,44.541
2022-03-10 05:00:00+01:00,39.734,30.9,44.764,55.269
2022-03-10 06:00:00+01:00,39.467,29.0,43.4845,52.1615
2022-03-10 07:00:00+01:00,38.7,34.4,47.8495,62.08
2022-03-10 08:00:00+01:00,35.267,35.3,47.511,62.538
2022-03-10 09:00:00+01:00,32.7,31.5,43.835,54.523
2022-03-10 10:00:00+01:00,30.867,30.5,42.055,51.6
2022-03-10 11:00:00+01:00,34.533,19.3,30.0315,31.412
2022-03-10 12:00:00+01:00,34.833,20.2,31.066,32.895
2022-03-10 13:00:00+01:00,35.7,24.0,35.73,40.064
2022-03-10 14:00:00+01:00,34.15,27.2,39.3015,46.2445
2022-03-10 15:00:00+01:00,27.912,20.4,31.0715,33.047
2022-03-10 16:00:00+01:00,19.441,14.7,22.4045,22.5965
2022-03-10 17:00:00+01:00,20.933,16.3,25.4985,26.1445
2022-03-10 18:00:00+01:00,27.0,60.8,75.3695,110.7555
2022-03-10 19:00:00+01:00,35.0,66.7,83.9025,127.1855
2022-03-10 20:00:00+01:00,39.466,63.7,81.81649999999999,124.122
2022-03-10 21:00:00+01:00,41.867,61.5,80.013,121.4
2022-03-10 22:00:00+01:00,43.7,56.9,74.8625,113.6995
2022-03-10 23:00:00+01:00,43.1,56.4,74.85,112.6635
2022-03-11 00:00:00+01:00,43.733,72.9,97.6685,147.92899999999997
2022-03-11 01:00:00+01:00,44.333,68.0,91.8495,138.977
2022-03-11 02:00:00+01:00,43.633,56.0,75.43299999999999,114.225
2022-03-11 03:00:00+01:00,44.334,56.0,76.833,115.4595
2022-03-11 04:00:00+01:00,45.133,41.6,59.825,85.03550000000001
2022-03-11 05:00:00+01:00,45.5,47.7,67.328,98.83
2022-03-11 06:00:00+01:00,46.633,44.8,64.179,93.434
2022-03-11 07:00:00+01:00,44.933,53.5,74.251,110.4185
2022-03-11 08:00:00+01:00,32.567,23.5,39.0155,43.933
2022-03-11 09:00:00+01:00,27.6,25.1,39.6295,45.274
2022-03-11 10:00:00+01:00,24.434,24.1,37.2575,41.8185
2022-03-11 11:00:00+01:00,21.167,22.1,34.0135,36.9905
2022-03-11 12:00:00+01:00,18.7,20.6,31.933,34.3305
2022-03-11 13:00:00+01:00,17.133,20.2,31.1205,33.095
2022-03-11 14:00:00+01:00,17.133,21.4,32.538,35.1555
2022-03-11 15:00:00+01:00,15.333,19.2,29.127,30.626
2022-03-11 16:00:00+01:00,12.834,19.9,29.8625,31.771
2022-03-11 17:00:00+01:00,15.166,26.8,37.5065,45.654
2022-03-11 18:00:00+01:00,19.367,53.3,65.0235,97.529
2022-03-11 19:00:00+01:00,26.067,57.1,72.7805,109.548
2022-03-11 20:00:00+01:00,31.5,61.3,79.8885,121.185
2022-03-11 21:00:00+01:00,34.033,63.9,84.87,128.66199999999998
2022-03-11 22:00:00+01:00,36.066,48.0,65.838,97.77
2022-03-11 23:00:00+01:00,37.834,43.7,62.479,89.78550000000001
2022-03-12 00:00:00+01:00,39.367,35.7,55.4465,73.549
2022-03-12 01:00:00+01:00,40.7,28.7,48.9655,58.738
2022-03-12 02:00:00+01:00,40.4,26.8,46.7745,54.71549999999999
2022-03-12 03:00:00+01:00,40.2,23.6,43.0675,47.724
2022-03-12 04:00:00+01:00,41.666,23.4,43.41,48.093500000000006
2022-03-12 05:00:00+01:00,42.0,23.1,43.2245,47.5475
2022-03-12 06:00:00+01:00,41.733,25.0,45.9325,51.9975
2022-03-12 07:00:00+01:00,38.666,29.9,50.4965,61.7345
2022-03-12 08:00:00+01:00,32.767,31.9,49.738,62.4785
2022-03-12 09:00:00+01:00,25.434,31.8,46.8535,58.9405
2022-03-12 10:00:00+01:00,20.5,30.8,44.3155,55.188
2022-03-12 11:00:00+01:00,17.6,24.1,36.501000000000005,40.971
2022-03-12 12:00:00+01:00,13.666,17.7,27.562,28.4355
2022-03-12 13:00:00+01:00,12.0,16.6,25.382,26.124
2022-03-12 14:00:00+01:00,11.6,17.1,25.923,27.027
2022-03-12 15:00:00+01:00,11.4,18.5,28.0625,29.428
2022-03-12 16:00:00+01:00,9.833,20.3,30.4145,32.436
2022-03-12 17:00:00+01:00,12.0,22.6,33.7105,36.927
2022-03-12 18:00:00+01:00,17.634,47.8,59.1545,85.795
2022-03-12 19:00:00+01:00,24.833,101.5,129.0865,194.7745
2022-03-12 20:00:00+01:00,29.6,81.4,105.558,159.7355
2022-03-12 21:00:00+01:00,32.034,73.8,96.68,146.428
2022-03-12 22:00:00+01:00,33.834,58.7,77.39250000000001,117.5105
2022-03-12 23:00:00+01:00,35.2,48.9,65.702,98.7865
2022-03-13 00:00:00+01:00,37.0,41.6,59.693,84.39099999999999
2022-03-13 01:00:00+01:00,37.733,34.6,53.2785,69.387
2022-03-13 02:00:00+01:00,38.0,29.7,49.03,59.8155
2022-03-13 03:00:00+01:00,37.367,30.3,49.024,60.4525
2022-03-13 04:00:00+01:00,37.367,32.7,51.521,65.701
2022-03-13 05:00:00+01:00,38.534,26.0,45.232,52.2385
2022-03-13 06:00:00+01:00,39.233,32.3,52.2525,66.481
2022-03-13 07:00:00+01:00,37.167,40.4,58.5445,81.72649999999999
2022-03-13 08:00:00+01:00,30.034,50.8,65.158,98.2095
2022-03-13 09:00:00+01:00,22.833,42.1,53.8925,77.21100000000001
2022-03-13 10:00:00+01:00,17.533,31.8,43.825,55.466
2022-03-13 11:00:00+01:00,13.567,24.5,35.668,40.3125
2022-03-13 12:00:00+01:00,11.367,20.8,30.6415,33.556
2022-03-13 13:00:00+01:00,8.9,15.4,23.662,23.9785
2022-03-13 14:00:00+01:00,8.2,18.6,28.4235,29.653
2022-03-13 15:00:00+01:00,7.8,18.5,28.852000000000004,29.924
2022-03-13 16:00:00+01:00,7.3,19.1,29.6365,30.901000000000003
2022-03-13 17:00:00+01:00,9.967,35.6,45.6615,59.771
2022-03-13 18:00:00+01:00,18.834,56.6,68.6385,99.6855
2022-03-13 19:00:00+01:00,25.3,77.5,93.239,141.1805
2022-03-13 20:00:00+01:00,29.334,67.6,83.45849999999999,126.541
2022-03-13 21:00:00+01:00,31.267,60.7,75.2945,114.2805
2022-03-13 22:00:00+01:00,33.7,47.6,60.8155,90.679
2022-03-13 23:00:00+01:00,36.267,40.1,55.1335,76.975
2022-03-14 00:00:00+01:00,37.034,34.2,50.2685,65.3175
2022-03-14 01:00:00+01:00,39.4,29.2,46.3415,56.011
2022-03-14 02:00:00+01:00,38.466,39.1,55.767,75.64750000000001
2022-03-14 03:00:00+01:00,39.233,29.2,46.319,56.289
2022-03-14 04:00:00+01:00,40.933,26.6,44.136,51.790000000000006
2022-03-14 05:00:00+01:00,40.233,34.4,51.771,67.798
2022-03-14 06:00:00+01:00,40.225,38.1,55.1715,75.45949999999999
2022-03-14 07:00:00+01:00,39.334,52.8,71.01249999999999,104.6535
2022-03-14 08:00:00+01:00,32.567,53.7,67.6685,100.313
2022-03-14 09:00:00+01:00,24.9,46.6,55.2725,81.854
2022-03-14 10:00:00+01:00,19.934,34.8,44.982,58.9715
2022-03-14 11:00:00+01:00,15.6,31.2,41.974,52.267
2022-03-14 12:00:00+01:00,12.858,30.7,41.747,51.668
2022-03-14 13:00:00+01:00,10.4,23.3,34.618,38.3145
2022-03-14 14:00:00+01:00,9.4,21.9,33.039,35.7505
2022-03-14 15:00:00+01:00,9.133,21.5,32.403000000000006,34.958
2022-03-14 16:00:00+01:00,8.466,22.7,33.514,37.047
2022-03-14 17:00:00+01:00,13.634,39.7,49.086,67.333
2022-03-14 18:00:00+01:00,20.466,66.0,75.3925,113.788
2022-03-14 19:00:00+01:00,25.967,88.9,104.052,157.253
2022-03-14 20:00:00+01:00,30.433,62.9,74.24350000000001,112.592
2022-03-14 21:00:00+01:00,32.6,58.8,70.071,106.419
2022-03-14 22:00:00+01:00,33.867,49.3,59.444500000000005,89.486
2022-03-14 23:00:00+01:00,35.6,43.5,55.119,79.689
2022-03-15 00:00:00+01:00,36.666,39.2,51.968,71.814
2022-03-15 01:00:00+01:00,36.666,34.7,48.621,63.417
2022-03-15 02:00:00+01:00,36.733,29.8,44.457,53.985
2022-03-15 03:00:00+01:00,37.767,31.1,45.9075,56.7395
2022-03-15 04:00:00+01:00,38.233,31.7,46.6065,58.264
2022-03-15 05:00:00+01:00,40.0,30.4,46.0715,56.65299999999999
2022-03-15 06:00:00+01:00,42.0,33.3,48.9575,62.6245
2022-03-15 07:00:00+01:00,38.5,42.0,54.8305,77.4605
2022-03-15 08:00:00+01:00,32.267,41.3,51.182,72.684
2022-03-15 09:00:00+01:00,26.433,52.3,59.688,90.242
2022-03-15 10:00:00+01:00,22.034,31.9,42.511,53.5815
2022-03-15 11:00:00+01:00,19.767,23.2,34.0325,37.9785
2022-03-15 12:00:00+01:00,19.567,17.2,26.193,27.271
2022-03-15 13:00:00+01:00,19.4,11.0,16.133,16.1955
2022-03-15 14:00:00+01:00,19.9,10.5,15.519,15.5605
2022-03-15 15:00:00+01:00,20.1,9.5,13.8085,13.8165
2022-03-15 16:00:00+01:00,22.3,13.6,20.626,21.0885
2022-03-15 17:00:00+01:00,24.1,26.1,35.7535,42.6185
2022-03-15 18:00:00+01:00,25.8,27.6,38.246,45.343
2022-03-15 19:00:00+01:00,26.034,21.3,30.9345,34.597
2022-03-15 20:00:00+01:00,26.466,16.7,25.4385,26.2905
2022-03-15 21:00:00+01:00,27.834,20.2,29.95,32.3545
2022-03-15 22:00:00+01:00,27.967,15.2,22.7945,23.445500000000003
2022-03-15 23:00:00+01:00,24.0,14.0,20.6805,21.5455
2022-03-16 00:00:00+01:00,22.1,12.6,18.9335,18.9585
2022-03-16 01:00:00+01:00,21.034,10.9,15.8825,15.8825
2022-03-16 02:00:00+01:00,21.0,10.1,14.576,14.576
2022-03-16 03:00:00+01:00,21.367,9.9,14.3615,14.3615
2022-03-16 04:00:00+01:00,22.0,9.9,14.385,14.385
2022-03-16 05:00:00+01:00,22.966,12.7,18.753,19.0685
2022-03-16 06:00:00+01:00,25.1,33.4,41.7415,54.867
2022-03-16 07:00:00+01:00,26.334,19.0,27.1005,30.09
2022-03-16 08:00:00+01:00,26.8,14.3,22.021,22.215
2022-03-16 09:00:00+01:00,28.166,14.2,21.033,21.7265
2022-03-16 10:00:00+01:00,27.9,13.0,19.443,19.7385
2022-03-16 11:00:00+01:00,26.667,13.6,20.426,20.669
2022-03-16 12:00:00+01:00,26.867,14.6,22.3335,22.474
2022-03-16 13:00:00+01:00,29.0,15.8,23.921,24.4315
2022-03-16 14:00:00+01:00,30.9,15.6,23.9,24.263
2022-03-16 15:00:00+01:00,30.267,15.9,24.009500000000003,24.5515
2022-03-16 16:00:00+01:00,29.7,16.4,25.133,25.5585
2022-03-16 17:00:00+01:00,30.867,24.9,35.032000000000004,40.374
2022-03-16 18:00:00+01:00,29.733,26.6,37.0865,43.510000000000005
2022-03-16 19:00:00+01:00,30.0,22.3,33.0175,35.6435
2022-03-16 20:00:00+01:00,30.566,27.5,38.1555,44.5805
2022-03-16 21:00:00+01:00,31.367,30.0,40.2695,48.7255
2022-03-16 22:00:00+01:00,33.367,35.1,44.5215,57.712
2022-03-16 23:00:00+01:00,35.633,36.8,45.995000000000005,60.94799999999999
2022-03-17 00:00:00+01:00,38.133,35.5,45.6055,59.4875
2022-03-17 01:00:00+01:00,40.767,35.1,45.514,59.108
2022-03-17 02:00:00+01:00,41.466,33.8,44.486,56.603
2022-03-17 03:00:00+01:00,43.533,36.1,47.174,60.894000000000005
2022-03-17 04:00:00+01:00,43.367,35.1,45.717,59.0155
2022-03-17 05:00:00+01:00,43.466,37.0,47.137,62.649
2022-03-17 06:00:00+01:00,44.8,41.6,51.395,71.2985
2022-03-17 07:00:00+01:00,42.867,50.7,58.3815,87.248
2022-03-17 08:00:00+01:00,38.734,47.9,54.4645,81.051
2022-03-17 09:00:00+01:00,35.133,43.2,50.055,71.6065
2022-03-17 10:00:00+01:00,34.733,48.8,54.901,81.2225
2022-03-17 11:00:00+01:00,33.075,41.4,48.685,67.98
2022-03-17 12:00:00+01:00,32.067,38.5,46.598,62.865
2022-03-17 13:00:00+01:00,31.0,37.7,46.251000000000005,61.94200000000001
2022-03-17 14:00:00+01:00,30.2,29.6,39.826,48.03
2022-03-17 15:00:00+01:00,31.367,27.6,38.125,44.581500000000005
2022-03-17 16:00:00+01:00,32.133,28.0,38.596,45.3885
2022-03-17 17:00:00+01:00,33.8,35.3,44.6985,58.4905
2022-03-17 18:00:00+01:00,34.133,45.1,52.5205,76.182
2022-03-17 19:00:00+01:00,35.767,46.2,53.0405,78.306
2022-03-17 20:00:00+01:00,36.867,64.7,74.14099999999999,111.864
2022-03-17 21:00:00+01:00,37.567,44.4,51.717,75.018
2022-03-17 22:00:00+01:00,38.2,42.5,50.5155,71.7245
2022-03-17 23:00:00+01:00,39.367,49.9,56.436,85.34549999999999
2022-03-18 00:00:00+01:00,40.7,47.3,54.672,80.493
2022-03-18 01:00:00+01:00,42.566,42.9,51.219,73.392
2022-03-18 02:00:00+01:00,46.3,43.6,52.128,75.20349999999999
2022-03-18 03:00:00+01:00,48.4,46.2,54.2015,80.48949999999999
2022-03-18 04:00:00+01:00,49.133,46.7,54.9045,81.964
2022-03-18 05:00:00+01:00,49.233,47.9,56.2335,84.5625
2022-03-18 06:00:00+01:00,49.7,47.2,56.3065,84.0815
2022-03-18 07:00:00+01:00,50.534,49.8,59.487,89.869
2022-03-18 08:00:00+01:00,51.133,53.4,63.98,97.2075
2022-03-18 09:00:00+01:00,48.466,53.5,62.71,95.3375
2022-03-18 10:00:00+01:00,43.9,50.5,58.4885,87.87899999999999
2022-03-18 11:00:00+01:00,31.733,39.5,47.71,65.5495
2022-03-18 12:00:00+01:00,23.066,27.4,37.747,44.0375
2022-03-18 13:00:00+01:00,22.6,27.7,38.2105,44.7545
2022-03-18 14:00:00+01:00,20.3,21.6,32.0965,34.349
2022-03-18 15:00:00+01:00,20.666,23.6,34.3855,37.9685
2022-03-18 16:00:00+01:00,19.934,22.2,32.925,35.604
2022-03-18 17:00:00+01:00,19.867,22.1,33.017,35.684
2022-03-18 18:00:00+01:00,21.0,23.9,35.5025,39.599
2022-03-18 19:00:00+01:00,23.233,36.2,46.5245,61.7085
2022-03-18 20:00:00+01:00,26.466,47.3,58.200500000000005,82.99799999999999
2022-03-18 21:00:00+01:00,31.866,66.7,80.81450000000001,122.3525
2022-03-18 22:00:00+01:00,35.133,89.1,111.945,169.255
2022-03-18 23:00:00+01:00,37.4,87.4,110.958,167.80149999999998
2022-03-19 00:00:00+01:00,40.834,58.8,75.633,114.744
2022-03-19 01:00:00+01:00,43.934,43.1,58.3425,84.0715
2022-03-19 02:00:00+01:00,45.367,33.9,51.151,65.754
2022-03-19 03:00:00+01:00,46.767,31.7,49.69,62.1125
2022-03-19 04:00:00+01:00,47.3,32.9,51.045,65.1435
2022-03-19 05:00:00+01:00,48.0,30.0,48.575,59.474
2022-03-19 06:00:00+01:00,47.733,34.0,52.332,67.5325
2022-03-19 07:00:00+01:00,45.267,36.2,53.3215,70.9475
2022-03-19 08:00:00+01:00,39.566,38.2,52.4615,71.50200000000001
2022-03-19 09:00:00+01:00,29.5,39.7,50.1715,70.071
2022-03-19 10:00:00+01:00,24.8,41.9,50.5185,71.714
2022-03-19 11:00:00+01:00,18.033,22.2,32.8455,35.801500000000004
2022-03-19 12:00:00+01:00,14.466,24.9,34.7625,40.1205
2022-03-19 13:00:00+01:00,14.0,23.2,33.942499999999995,37.5905
2022-03-19 14:00:00+01:00,13.2,23.8,34.702,38.4615
2022-03-19 15:00:00+01:00,13.2,28.3,38.91,46.2295
2022-03-19 16:00:00+01:00,13.3,26.0,37.0055,42.518
2022-03-19 17:00:00+01:00,15.133,25.8,36.713,42.028000000000006
2022-03-19 18:00:00+01:00,18.966,32.2,42.744,53.7885
2022-03-19 19:00:00+01:00,20.933,44.0,52.962,75.58349999999999
2022-03-19 20:00:00+01:00,22.733,45.1,56.167,77.9655
2022-03-19 21:00:00+01:00,26.934,126.5,151.652,228.686
2022-03-19 22:00:00+01:00,31.634,120.4,146.9105,221.6945
2022-03-19 23:00:00+01:00,35.867,56.3,69.28649999999999,105.066
2022-03-20 00:00:00+01:00,39.434,53.1,66.8275,101.2125
2022-03-20 01:00:00+01:00,41.133,45.5,59.0405,87.1105
2022-03-20 02:00:00+01:00,42.8,40.9,56.385000000000005,79.303
2022-03-20 03:00:00+01:00,43.5,41.7,57.18,80.90950000000001
2022-03-20 04:00:00+01:00,43.466,40.4,55.766,78.0035
2022-03-20 05:00:00+01:00,44.867,44.0,60.168,85.94200000000001
2022-03-20 06:00:00+01:00,46.166,44.1,60.1365,87.399
2022-03-20 07:00:00+01:00,43.966,63.2,81.7295,123.8335
2022-03-20 08:00:00+01:00,35.133,72.7,89.862,136.1895
2022-03-20 09:00:00+01:00,26.134,42.0,51.9015,73.24
2022-03-20 10:00:00+01:00,16.833,18.7,27.851,30.022
2022-03-20 11:00:00+01:00,13.133,16.4,24.9725,25.456
2022-03-20 12:00:00+01:00,11.233,18.1,27.074,28.3985
2022-03-20 13:00:00+01:00,10.667,19.8,28.3715,31.419
2022-03-20 14:00:00+01:00,10.4,18.5,27.153,28.9475
2022-03-20 15:00:00+01:00,11.033,20.4,29.8005,32.3805
2022-03-20 16:00:00+01:00,10.233,16.8,25.239,26.239
2022-03-20 17:00:00+01:00,10.633,18.8,28.4015,29.8895
2022-03-20 18:00:00+01:00,13.966,24.0,35.397,39.8175
2022-03-20 19:00:00+01:00,17.466,81.8,96.84,146.45049999999998
2022-03-20 20:00:00+01:00,19.5,59.8,72.4,107.2165
2022-03-20 21:00:00+01:00,23.0,81.0,98.531,149.086
2022-03-20 22:00:00+01:00,27.534,89.4,112.029,169.268
2022-03-20 23:00:00+01:00,31.933,50.0,63.759,96.103
2022-03-21 00:00:00+01:00,35.033,53.5,69.94200000000001,105.5255
2022-03-21 01:00:00+01:00,36.3,44.8,60.26649999999999,88.363
2022-03-21 02:00:00+01:00,37.466,40.5,57.4335,80.32900000000001
2022-03-21 03:00:00+01:00,38.7,35.9,54.0825,72.0125
2022-03-21 04:00:00+01:00,39.9,32.2,50.9245,64.4725
2022-03-21 05:00:00+01:00,41.533,32.5,51.7275,65.7735
2022-03-21 06:00:00+01:00,41.834,36.0,55.202,73.393
2022-03-21 07:00:00+01:00,40.7,37.2,55.718,75.1585
2022-03-21 08:00:00+01:00,33.167,39.7,53.356,74.126
2022-03-21 09:00:00+01:00,22.867,36.8,47.614,63.4785
2022-03-21 10:00:00+01:00,18.767,31.5,42.404,52.7945
2022-03-21 11:00:00+01:00,15.534,27.1,37.8575,43.954
2022-03-21 12:00:00+01:00,13.133,22.8,33.579,36.545
2022-03-21 13:00:00+01:00,11.934,25.5,35.635,41.0905
2022-03-21 14:00:00+01:00,10.2,20.6,31.085,32.9205
2022-03-21 15:00:00+01:00,9.1,22.8,33.590999999999994,36.7805
2022-03-21 16:00:00+01:00,8.733,22.3,33.214,35.956
2022-03-21 17:00:00+01:00,10.034,25.2,36.1545,40.886
2022-03-21 18:00:00+01:00,14.066,45.2,53.063,76.5645
2022-03-21 19:00:00+01:00,20.067,57.9,67.7125,102.5535
2022-03-21 20:00:00+01:00,25.1,61.1,73.204,111.02
2022-03-21 21:00:00+01:00,28.733,56.5,70.016,106.36
2022-03-21 22:00:00+01:00,30.733,48.1,61.9875,91.679
2022-03-21 23:00:00+01:00,32.067,41.2,55.8865,78.84649999999999
2022-03-22 00:00:00+01:00,33.666,39.0,55.566,75.6825
2022-03-22 01:00:00+01:00,34.4,33.6,50.4965,64.761
2022-03-22 02:00:00+01:00,36.067,32.0,49.5545,62.08
2022-03-22 03:00:00+01:00,37.5,32.4,50.1295,63.472
2022-03-22 04:00:00+01:00,38.1,34.6,52.699,68.9125
2022-03-22 05:00:00+01:00,38.834,34.2,52.27,68.10549999999999
2022-03-22 06:00:00+01:00,39.933,40.8,60.137,82.9705
2022-03-22 07:00:00+01:00,36.533,44.2,60.25,86.386
2022-03-22 08:00:00+01:00,29.5,61.1,74.827,113.5685
2022-03-22 09:00:00+01:00,21.633,57.5,68.179,102.4655
2022-03-22 10:00:00+01:00,15.8,37.4,46.2735,62.1215
2022-03-22 11:00:00+01:00,13.0,34.5,43.8525,56.682
2022-03-22 12:00:00+01:00,11.334,27.4,38.109,44.6355
2022-03-22 13:00:00+01:00,10.2,26.3,37.244,42.873000000000005
2022-03-22 14:00:00+01:00,10.3,26.8,37.696,43.7895
2022-03-22 15:00:00+01:00,10.834,27.7,38.5565,45.3575
2022-03-22 16:00:00+01:00,9.833,27.7,38.493,45.216
2022-03-22 17:00:00+01:00,10.8,34.1,43.849,56.6535
2022-03-22 18:00:00+01:00,18.134,62.9,72.072,107.821
2022-03-22 19:00:00+01:00,23.567,66.4,76.3175,115.651
2022-03-22 20:00:00+01:00,26.6,54.2,62.7475,95.2695
2022-03-22 21:00:00+01:00,29.0,52.4,61.783,93.4185
2022-03-22 22:00:00+01:00,31.934,48.8,59.49250000000001,89.3675
2022-03-22 23:00:00+01:00,33.534,49.6,61.228,92.636
2022-03-23 00:00:00+01:00,35.0,50.3,62.316,94.4325
2022-03-23 01:00:00+01:00,35.967,51.0,63.3595,96.244
2022-03-23 02:00:00+01:00,36.733,48.2,60.6335,91.1995
2022-03-23 03:00:00+01:00,36.966,47.7,60.3885,90.2015
2022-03-23 04:00:00+01:00,38.0,46.8,59.998,89.4435
2022-03-23 05:00:00+01:00,37.534,48.8,61.3895,92.417
2022-03-23 06:00:00+01:00,38.334,47.9,60.96549999999999,91.1615
2022-03-23 07:00:00+01:00,34.033,55.3,67.1295,101.8455
2022-03-23 08:00:00+01:00,28.134,65.7,77.1335,116.9775
2022-03-23 09:00:00+01:00,21.8,54.9,62.477,93.9065
2022-03-23 10:00:00+01:00,16.134,33.5,43.0955,54.881
2022-03-23 11:00:00+01:00,12.8,29.2,39.7305,47.6465
2022-03-23 12:00:00+01:00,10.6,26.4,37.2475,42.8755
2022-03-23 13:00:00+01:00,9.666,25.4,36.1615,41.325500000000005
2022-03-23 14:00:00+01:00,9.1,23.4,34.153,37.69
2022-03-23 15:00:00+01:00,9.0,23.3,34.291,37.707
2022-03-23 16:00:00+01:00,8.566,25.0,35.9045,40.5565
2022-03-23 17:00:00+01:00,9.233,31.4,41.7145,51.954
2022-03-23 18:00:00+01:00,17.166,60.9,69.428,104.4365
2022-03-23 19:00:00+01:00,22.767,65.3,73.81700000000001,111.785
2022-03-23 20:00:00+01:00,26.1,55.6,63.4495,96.347
2022-03-23 21:00:00+01:00,27.966,48.2,56.3765,84.07300000000001
2022-03-23 22:00:00+01:00,30.067,48.3,57.205,85.2715
2022-03-23 23:00:00+01:00,32.966,42.8,52.961,76.47
2022-03-24 00:00:00+01:00,34.367,38.9,50.708,69.693
2022-03-24 01:00:00+01:00,36.333,37.5,50.5065,67.6885
2022-03-24 02:00:00+01:00,37.3,33.1,46.9795,59.49550000000001
2022-03-24 03:00:00+01:00,37.133,33.1,47.229,59.9045
2022-03-24 04:00:00+01:00,37.2,33.0,47.272000000000006,59.843
2022-03-24 05:00:00+01:00,36.7,33.5,47.3405,60.4455
2022-03-24 06:00:00+01:00,35.767,37.1,50.481,67.77799999999999
2022-03-24 07:00:00+01:00,31.7,41.3,51.503,72.87450000000001
2022-03-24 08:00:00+01:00,25.233,38.3,47.638,65.0335
2022-03-24 09:00:00+01:00,19.5,35.5,44.927,58.8755
2022-03-24 10:00:00+01:00,14.633,29.9,40.5915,49.3425
2022-03-24 11:00:00+01:00,11.267,25.3,36.242,41.123
2022-03-24 12:00:00+01:00,8.8,27.6,38.679,45.4935
2022-03-24 13:00:00+01:00,8.033,24.3,35.22,39.6445
2022-03-24 14:00:00+01:00,7.267,23.3,34.2325,37.8995
2022-03-24 15:00:00+01:00,6.4,21.4,31.9895,34.414500000000004
2022-03-24 16:00:00+01:00,6.133,22.0,32.67,35.492
2022-03-24 17:00:00+01:00,7.066,25.3,35.645,41.4735
2022-03-24 18:00:00+01:00,14.2,44.5,52.192,75.348
2022-03-24 19:00:00+01:00,19.0,54.3,61.529,92.7185
2022-03-24 20:00:00+01:00,21.666,48.7,56.048,82.878
2022-03-24 21:00:00+01:00,22.733,38.1,47.897000000000006,65.2135
2022-03-24 22:00:00+01:00,24.066,34.3,45.349,58.607
2022-03-24 23:00:00+01:00,25.5,32.7,44.4585,56.439
2022-03-25 00:00:00+01:00,27.233,33.8,45.9775,58.595
2022-03-25 01:00:00+01:00,28.6,29.1,41.765,50.29
2022-03-25 02:00:00+01:00,29.8,28.9,41.7535,50.1125
2022-03-25 03:00:00+01:00,32.233,28.9,42.716,51.254
2022-03-25 04:00:00+01:00,33.233,31.8,45.294,56.9735
2022-03-25 05:00:00+01:00,33.633,34.6,48.572,62.79899999999999
2022-03-25 06:00:00+01:00,34.133,39.2,52.3285,71.816
2022-03-25 07:00:00+01:00,31.933,38.1,49.58,67.6835
2022-03-25 08:00:00+01:00,26.5,36.7,46.9285,62.788
2022-03-25 09:00:00+01:00,18.633,34.7,44.358,57.67100000000001
2022-03-25 10:00:00+01:00,14.034,33.1,43.0485,54.6875
2022-03-25 11:00:00+01:00,11.334,30.5,40.815,49.829
2022-03-25 12:00:00+01:00,10.334,23.9,34.504000000000005,38.3825
2022-03-25 13:00:00+01:00,9.034,19.6,29.411,30.7365
2022-03-25 14:00:00+01:00,8.634,18.3,27.6085,28.582
2022-03-25 15:00:00+01:00,8.033,18.2,27.461,28.705
2022-03-25 16:00:00+01:00,8.034,17.3,26.5855,27.197
2022-03-25 17:00:00+01:00,8.9,19.1,28.4385,30.3715
2022-03-25 18:00:00+01:00,15.8,39.8,48.609,66.7585
2022-03-25 19:00:00+01:00,21.733,53.3,60.52,90.862
2022-03-25 20:00:00+01:00,25.733,72.7,82.9085,125.5365
2022-03-25 21:00:00+01:00,29.034,72.6,83.753,126.827
2022-03-25 22:00:00+01:00,31.2,62.1,72.411,109.7485
2022-03-25 23:00:00+01:00,32.633,50.7,59.5685,89.8385
2022-03-26 00:00:00+01:00,33.867,40.6,50.886,71.607
2022-03-26 01:00:00+01:00,35.1,35.9,48.0005,63.4215
2022-03-26 02:00:00+01:00,36.725,33.0,46.405,59.066500000000005
2022-03-26 03:00:00+01:00,37.4,31.1,44.72,55.37
2022-03-26 04:00:00+01:00,38.0,28.8,42.851,51.4225
2022-03-26 05:00:00+01:00,38.967,28.1,42.3935,50.5155
2022-03-26 06:00:00+01:00,39.666,29.9,44.3825,54.201
2022-03-26 07:00:00+01:00,35.566,34.3,46.67,60.819500000000005
2022-03-26 08:00:00+01:00,27.7,32.8,43.8235,55.815
2022-03-26 09:00:00+01:00,20.467,32.6,42.8155,54.3155
2022-03-26 10:00:00+01:00,16.434,19.5,29.551,31.3085
2022-03-26 11:00:00+01:00,13.067,16.0,24.626,24.9925
2022-03-26 12:00:00+01:00,11.233,13.4,20.7115,20.7585
2022-03-26 13:00:00+01:00,10.034,16.1,24.5335,25.1425
2022-03-26 14:00:00+01:00,9.9,16.3,25.143,25.493
2022-03-26 15:00:00+01:00,9.966,17.7,27.1065,27.824
2022-03-26 16:00:00+01:00,8.633,18.6,28.199,29.159
2022-03-26 17:00:00+01:00,10.1,24.9,34.957,40.513
2022-03-26 18:00:00+01:00,17.8,55.6,62.776,94.4325
2022-03-26 19:00:00+01:00,23.0,55.0,62.373,93.943
2022-03-26 20:00:00+01:00,25.534,48.2,55.164,81.60900000000001
2022-03-26 21:00:00+01:00,27.567,38.6,47.559,65.09649999999999
2022-03-26 22:00:00+01:00,29.6,37.4,47.311,63.6515
2022-03-26 23:00:00+01:00,31.1,33.7,44.751000000000005,57.4405
2022-03-27 00:00:00+01:00,33.133,32.2,44.2255,55.5
2022-03-27 01:00:00+01:00,33.2,31.6,43.657,54.396
2022-03-27 02:00:00+01:00,33.567,29.6,41.950500000000005,50.935
2022-03-27 03:00:00+01:00,35.0,26.8,39.5195,46.0785
2022-03-27 04:00:00+01:00,35.2,25.4,38.051,43.35
2022-03-27 05:00:00+01:00,36.966,26.9,40.0895,46.861
2022-03-27 06:00:00+01:00,38.0,29.9,42.9785,52.5525
2022-03-27 07:00:00+01:00,34.867,31.2,43.408,53.768
2022-03-27 08:00:00+01:00,27.934,40.5,49.249,69.15
2022-03-27 09:00:00+01:00,21.633,36.1,45.594,60.941
2022-03-27 10:00:00+01:00,16.467,27.6,38.4665,45.261
2022-03-27 11:00:00+01:00,13.534,25.5,36.1975,41.047
2022-03-27 12:00:00+01:00,11.9,26.0,36.5185,41.6245
2022-03-27 13:00:00+01:00,10.633,27.5,38.0595,44.2935
2022-03-27 14:00:00+01:00,9.867,31.0,41.1935,50.3905
2022-03-27 15:00:00+01:00,10.034,29.2,39.5925,47.302
2022-03-27 16:00:00+01:00,11.034,18.7,28.268,29.178
2022-03-27 17:00:00+01:00,12.367,21.4,31.8225,34.1285
2022-03-27 18:00:00+01:00,18.9,43.9,53.2795,74.0025
2022-03-27 19:00:00+01:00,25.8,77.7,87.9685,133.02949999999998
2022-03-27 20:00:00+01:00,28.966,92.2,104.9805,158.5865
2022-03-27 21:00:00+01:00,32.133,71.2,80.8845,122.352
2022-03-27 22:00:00+01:00,34.133,52.8,59.572500000000005,90.281
2022-03-27 23:00:00+01:00,36.666,46.9,54.0115,80.557
2022-03-28 00:00:00+01:00,38.6,52.7,60.721,92.0415
2022-03-28 01:00:00+01:00,40.334,53.4,61.8275,93.9545
2022-03-28 02:00:00+01:00,41.133,47.7,55.9385,83.6765
2022-03-28 03:00:00+01:00,42.733,43.3,53.1985,76.4705
2022-03-28 04:00:00+01:00,42.633,40.7,51.141000000000005,71.882
2022-03-28 05:00:00+01:00,43.8,40.3,51.44,71.5175
2022-03-28 06:00:00+01:00,43.333,45.3,55.523,80.54499999999999
2022-03-28 07:00:00+01:00,40.2,56.5,65.975,99.5335
2022-03-28 08:00:00+01:00,32.867,65.4,74.499,112.9545
2022-03-28 09:00:00+01:00,24.2,43.4,51.073,73.0635
2022-03-28 10:00:00+01:00,18.967,34.4,44.052,56.864
2022-03-28 11:00:00+01:00,15.667,23.0,33.471000000000004,37.038
2022-03-28 12:00:00+01:00,13.434,19.3,29.226,30.345
2022-03-28 13:00:00+01:00,12.0,21.9,31.906,34.7905
2022-03-28 14:00:00+01:00,11.7,25.1,35.568,40.4275
2022-03-28 15:00:00+01:00,11.334,23.7,34.0105,37.8055
2022-03-28 16:00:00+01:00,11.166,24.8,35.512,39.945
2022-03-28 17:00:00+01:00,12.833,25.6,36.2735,41.5105
2022-03-28 18:00:00+01:00,19.933,43.1,51.3305,72.46100000000001
2022-03-28 19:00:00+01:00,25.933,50.9,57.463,86.1225
2022-03-28 20:00:00+01:00,29.367,55.0,61.73650000000001,92.7675
2022-03-28 21:00:00+01:00,30.466,63.6,71.128,107.8
2022-03-28 22:00:00+01:00,31.534,79.4,89.5995,135.45499999999998
2022-03-28 23:00:00+01:00,34.034,85.8,97.172,146.9955
2022-03-29 00:00:00+01:00,35.334,75.7,85.6365,129.6835
2022-03-29 01:00:00+01:00,36.1,74.0,83.806,126.84
2022-03-29 02:00:00+01:00,36.733,77.2,87.67500000000001,132.6985
2022-03-29 03:00:00+01:00,37.1,75.8,86.81649999999999,131.461
2022-03-29 04:00:00+01:00,39.1,79.7,92.35,139.7495
2022-03-29 05:00:00+01:00,40.133,80.6,94.382,142.77949999999998
2022-03-29 06:00:00+01:00,40.466,95.0,111.283,168.1455
2022-03-29 07:00:00+01:00,35.933,85.2,97.911,148.106
2022-03-29 08:00:00+01:00,27.066,53.4,62.2705,90.0955
2022-03-29 09:00:00+01:00,20.3,30.3,40.5415,49.36
2022-03-29 10:00:00+01:00,15.2,31.0,41.0655,50.397
2022-03-29 11:00:00+01:00,11.367,32.3,42.191500000000005,52.721
2022-03-29 12:00:00+01:00,10.167,33.0,42.7625,54.1215
2022-03-29 13:00:00+01:00,10.1,38.8,47.1205,64.551
2022-03-29 14:00:00+01:00,11.933,29.4,40.0325,48.3385
2022-03-29 15:00:00+01:00,12.1,25.9,36.8665,42.2115
2022-03-29 16:00:00+01:00,13.7,29.2,40.0735,48.2665
2022-03-29 17:00:00+01:00,15.7,31.3,42.0005,52.272000000000006
2022-03-29 18:00:00+01:00,18.834,28.3,38.594,46.7055
2022-03-29 19:00:00+01:00,20.534,23.7,34.0705,38.434
2022-03-29 20:00:00+01:00,22.6,18.4,27.3195,29.108
2022-03-29 21:00:00+01:00,22.233,17.2,26.551,27.1695
2022-03-29 22:00:00+01:00,23.3,18.2,27.6805,28.719
2022-03-29 23:00:00+01:00,25.4,17.2,26.5665,27.0915
2022-03-30 00:00:00+01:00,25.066,15.0,22.73,22.9795
2022-03-30 01:00:00+01:00,25.3,12.8,19.320500000000003,19.3215
2022-03-30 02:00:00+01:00,26.8,11.8,17.6255,17.6385
2022-03-30 03:00:00+01:00,28.9,12.4,18.486,18.701
2022-03-30 04:00:00+01:00,30.434,13.7,20.7815,21.140500000000003
2022-03-30 05:00:00+01:00,31.966,13.5,20.5135,20.619
2022-03-30 06:00:00+01:00,32.3,13.8,21.0935,21.248
2022-03-30 07:00:00+01:00,32.2,14.7,22.3945,22.6855
2022-03-30 08:00:00+01:00,31.0,13.5,20.718,20.7475
2022-03-30 09:00:00+01:00,27.9,13.0,19.8435,19.8505
2022-03-30 10:00:00+01:00,26.867,12.5,18.929,18.945
2022-03-30 11:00:00+01:00,24.8,12.3,18.503500000000003,18.688
2022-03-30 12:00:00+01:00,24.742,13.6,21.011,21.086
2022-03-30 13:00:00+01:00,24.633,13.8,21.279,21.405
2022-03-30 14:00:00+01:00,25.067,13.2,20.371,20.4305
2022-03-30 15:00:00+01:00,27.833,10.2,15.079,15.079
2022-03-30 16:00:00+01:00,28.8,10.3,15.2505,15.2505
2022-03-30 17:00:00+01:00,30.2,10.3,15.346,15.3515
2022-03-30 18:00:00+01:00,32.2,8.7,12.118,12.149
2022-03-30 19:00:00+01:00,32.5,11.7,17.331,17.5655
2022-03-30 20:00:00+01:00,34.5,8.3,11.3795,11.3825
2022-03-30 21:00:00+01:00,41.3,14.5,21.948,22.61
2022-03-30 22:00:00+01:00,48.0,23.0,33.589,37.484
2022-03-30 23:00:00+01:00,47.2,33.4,43.7335,55.983
2022-03-31 00:00:00+01:00,47.067,25.4,36.5395,41.9905
2022-03-31 01:00:00+01:00,48.2,35.5,45.3475,60.066500000000005
2022-03-31 02:00:00+01:00,53.566,30.8,41.581,51.344
2022-03-31 03:00:00+01:00,54.734,29.3,39.6265,48.3095
2022-03-31 04:00:00+01:00,55.333,25.5,36.3705,41.8985
2022-03-31 05:00:00+01:00,56.267,28.0,38.9525,46.335
2022-03-31 06:00:00+01:00,57.233,32.8,43.2535,55.1525
2022-03-31 07:00:00+01:00,56.233,34.9,44.654,57.9665
2022-03-31 08:00:00+01:00,55.534,39.6,47.6465,65.4035
2022-03-31 09:00:00+01:00,54.367,40.8,48.881,67.857
2022-03-31 10:00:00+01:00,53.034,38.3,46.726,63.294
2022-03-31 11:00:00+01:00,49.767,40.5,48.449,67.5725
2022-03-31 12:00:00+01:00,49.367,39.4,47.226,64.613
2022-03-31 13:00:00+01:00,47.566,37.0,45.5495,60.3565
2022-03-31 14:00:00+01:00,47.666,33.3,43.0055,54.513000000000005
2022-03-31 15:00:00+01:00,54.667,28.5,38.842,46.2825
2022-03-31 16:00:00+01:00,56.534,38.0,46.459,62.741
2022-03-31 17:00:00+01:00,57.367,35.2,44.4495,57.9235
2022-03-31 18:00:00+01:00,56.567,42.7,50.103,70.6265
2022-03-31 19:00:00+01:00,55.966,34.9,44.252,57.253
2022-03-31 20:00:00+01:00,56.834,66.5,74.494,112.307
2022-03-31 21:00:00+01:00,58.7,65.3,72.771,110.311
2022-03-31 22:00:00+01:00,58.367,50.6,57.097,84.493
2022-03-31 23:00:00+01:00,57.9,50.0,55.9105,83.57050000000001
2022-04-01 00:00:00+01:00,58.334,45.6,51.907,76.114
2022-04-01 01:00:00+01:00,58.867,44.2,51.0925,73.7085
2022-04-01 02:00:00+01:00,62.1,36.5,45.774,60.8115
2022-04-01 03:00:00+01:00,62.9,35.2,44.688500000000005,58.7625
2022-04-01 04:00:00+01:00,59.566,13.5,19.9865,20.364
2022-04-01 05:00:00+01:00,60.267,29.7,37.032,48.2835
2022-04-01 06:00:00+01:00,58.8,21.3,30.554,34.3935
2022-04-01 07:00:00+01:00,54.833,14.5,21.366,22.719
2022-04-01 08:00:00+01:00,48.9,7.3,10.16,10.188
2022-04-01 09:00:00+01:00,41.367,6.9,9.0595,9.197
2022-04-01 10:00:00+01:00,38.225,6.8,9.03,9.03
2022-04-01 11:00:00+01:00,36.566,7.2,9.811,9.811
2022-04-01 12:00:00+01:00,33.434,7.8,10.404,10.4045
2022-04-01 13:00:00+01:00,29.066,7.0,9.285,9.3045
2022-04-01 14:00:00+01:00,37.067,7.9,10.7755,10.8915
2022-04-01 15:00:00+01:00,35.433,6.4,8.2655,8.271
2022-04-01 16:00:00+01:00,38.8,7.8,10.6555,10.868
2022-04-01 17:00:00+01:00,43.067,13.2,19.4775,20.2095
2022-04-01 18:00:00+01:00,43.567,34.6,44.537,58.124
2022-04-01 19:00:00+01:00,48.1,31.7,41.814,52.9485
2022-04-01 20:00:00+01:00,52.0,30.6,41.083,51.082
2022-04-01 21:00:00+01:00,53.267,24.2,34.6485,39.444
2022-04-01 22:00:00+01:00,55.534,15.0,23.114,23.4015
2022-04-01 23:00:00+01:00,57.166,16.0,24.276,25.142
2022-04-02 00:00:00+01:00,60.933,20.7,29.948,33.227000000000004
2022-04-02 01:00:00+01:00,60.5,10.7,15.9115,15.9115
2022-04-02 02:00:00+01:00,58.066,6.1,7.8865,7.8865
2022-04-02 03:00:00+01:00,59.633,5.5,6.846,6.846
2022-04-02 04:00:00+01:00,58.433,6.7,8.884500000000001,8.884500000000001
2022-04-02 05:00:00+01:00,56.8,11.7,17.4775,17.5085
2022-04-02 06:00:00+01:00,57.7,18.9,28.9105,30.0285
2022-04-02 07:00:00+01:00,58.0,23.3,35.2165,38.634
2022-04-02 08:00:00+01:00,57.9,22.9,35.044,38.4205
2022-04-02 09:00:00+01:00,56.966,10.3,15.739,16.279
2022-04-02 10:00:00+01:00,58.433,7.9,11.9875,11.993
2022-04-02 11:00:00+01:00,56.4,6.9,10.112,10.112
2022-04-02 12:00:00+01:00,54.5,8.3,12.5565,12.589
2022-04-02 13:00:00+01:00,50.667,8.1,12.0305,12.102
2022-04-02 14:00:00+01:00,48.034,11.3,17.558500000000002,17.560000000000002
2022-04-02 15:00:00+01:00,47.2,11.8,18.4995,18.527
2022-04-02 16:00:00+01:00,47.133,17.5,27.662,28.655
2022-04-02 17:00:00+01:00,47.633,20.2,31.460500000000003,33.5545
2022-04-02 18:00:00+01:00,49.767,23.0,34.4295,39.07
2022-04-02 19:00:00+01:00,51.334,32.7,44.6045,56.887
2022-04-02 20:00:00+01:00,50.9,24.9,36.293,41.862
2022-04-02 21:00:00+01:00,47.7,17.7,28.637,29.193
2022-04-02 22:00:00+01:00,47.833,18.4,29.9315,30.4835
2022-04-02 23:00:00+01:00,49.2,19.9,31.3605,32.956
2022-04-03 00:00:00+01:00,49.2,21.5,33.701,35.9855
2022-04-03 01:00:00+01:00,49.733,20.9,32.9955,34.722
2022-04-03 02:00:00+01:00,51.767,22.0,34.944,37.735
2022-04-03 03:00:00+01:00,54.3,21.6,34.676,37.2955
2022-04-03 04:00:00+01:00,53.8,17.9,30.2985,30.7255
2022-04-03 05:00:00+01:00,55.4,19.6,32.801500000000004,34.4955
2022-04-03 06:00:00+01:00,53.433,21.2,34.6175,37.1605
2022-04-03 07:00:00+01:00,52.067,20.8,34.563,36.742
2022-04-03 08:00:00+01:00,49.267,22.0,35.6095,38.5
2022-04-03 09:00:00+01:00,46.5,21.1,34.340999999999994,36.8185
2022-04-03 10:00:00+01:00,46.633,22.8,35.9215,39.991
2022-04-03 11:00:00+01:00,40.767,21.9,34.4235,37.506
2022-04-03 12:00:00+01:00,39.633,21.1,33.18,35.587500000000006
2022-04-03 13:00:00+01:00,37.7,19.5,31.105,32.6515
2022-04-03 14:00:00+01:00,41.034,24.1,36.813500000000005,41.545
2022-04-03 15:00:00+01:00,36.4,20.7,32.563,34.7595
2022-04-03 16:00:00+01:00,32.8,17.8,28.142,29.0835
2022-04-03 17:00:00+01:00,31.6,17.6,27.7825,28.543
2022-04-03 18:00:00+01:00,35.166,33.6,45.736,58.8725
2022-04-03 19:00:00+01:00,40.0,36.8,48.9865,65.8985
2022-04-03 20:00:00+01:00,43.5,40.0,52.608,73.473
2022-04-03 21:00:00+01:00,46.067,39.0,52.483,72.558
2022-04-03 22:00:00+01:00,50.267,31.3,47.3365,58.66
2022-04-03 23:00:00+01:00,51.466,30.7,46.931,57.548
2022-04-04 00:00:00+01:00,51.233,36.3,51.6545,68.436
2022-04-04 01:00:00+01:00,53.4,30.1,46.8985,57.347
2022-04-04 02:00:00+01:00,53.6,28.6,45.6745,54.59
2022-04-04 03:00:00+01:00,51.633,28.2,45.163,53.819
2022-04-04 04:00:00+01:00,52.9,24.8,41.913,47.2945
2022-04-04 05:00:00+01:00,53.0,34.6,51.898,67.678
2022-04-04 06:00:00+01:00,52.067,32.1,49.4955,62.354
2022-04-04 07:00:00+01:00,49.6,37.6,52.892,71.723
2022-04-04 08:00:00+01:00,41.5,55.2,67.711,102.1775
2022-04-04 09:00:00+01:00,33.1,30.6,42.2925,53.10850000000001
2022-04-04 10:00:00+01:00,25.7,15.8,24.386000000000003,24.7965
2022-04-04 11:00:00+01:00,22.5,15.0,23.1545,23.4675
2022-04-04 12:00:00+01:00,20.733,15.5,24.075,24.283
2022-04-04 13:00:00+01:00,19.1,17.2,26.176,27.13
2022-04-04 14:00:00+01:00,18.034,15.5,23.866,24.19
2022-04-04 15:00:00+01:00,16.966,13.8,21.378500000000003,21.449
2022-04-04 16:00:00+01:00,16.5,12.8,19.699,19.7285
2022-04-04 17:00:00+01:00,14.767,15.0,22.617,23.5875
2022-04-04 18:00:00+01:00,22.5,29.2,39.1035,48.147000000000006
2022-04-04 19:00:00+01:00,31.866,51.2,59.5685,88.939
2022-04-04 20:00:00+01:00,38.5,44.4,53.617,78.1465
2022-04-04 21:00:00+01:00,41.567,35.8,47.8995,63.2615
2022-04-04 22:00:00+01:00,43.7,29.0,42.439,51.075
2022-04-04 23:00:00+01:00,43.934,27.6,40.942,48.4235
2022-04-05 00:00:00+01:00,43.834,25.3,38.631,44.182500000000005
2022-04-05 01:00:00+01:00,47.334,17.3,29.622,30.05
2022-04-05 02:00:00+01:00,49.267,18.2,30.9175,31.829500000000003
2022-04-05 03:00:00+01:00,50.2,18.3,31.2255,32.313500000000005
2022-04-05 04:00:00+01:00,51.0,15.9,27.856,27.9825
2022-04-05 05:00:00+01:00,49.367,18.5,31.395000000000003,32.692
2022-04-05 06:00:00+01:00,46.633,36.1,49.553,65.5805
2022-04-05 07:00:00+01:00,38.666,36.4,45.4675,64.0435
2022-04-05 08:00:00+01:00,30.267,7.6,10.5145,10.5145
2022-04-05 09:00:00+01:00,25.4,7.3,9.7845,9.786
2022-04-05 10:00:00+01:00,21.767,7.0,9.2645,9.409
2022-04-05 11:00:00+01:00,18.3,6.9,9.3845,9.402
2022-04-05 12:00:00+01:00,16.1,6.6,8.8375,8.885
2022-04-05 13:00:00+01:00,15.233,6.2,8.099,8.1455
2022-04-05 14:00:00+01:00,14.034,6.3,8.307,8.3195
2022-04-05 15:00:00+01:00,13.163,7.3,10.057,10.1455
2022-04-05 16:00:00+01:00,12.867,7.6,10.799,10.836
2022-04-05 17:00:00+01:00,11.767,8.0,11.54,11.54
2022-04-05 18:00:00+01:00,19.9,22.7,32.6375,37.398
2022-04-05 19:00:00+01:00,29.0,38.4,47.918,65.1355
2022-04-05 20:00:00+01:00,33.867,32.5,42.517,54.533
2022-04-05 21:00:00+01:00,35.667,25.3,36.317,41.758
2022-04-05 22:00:00+01:00,37.8,20.7,31.4875,34.461
2022-04-05 23:00:00+01:00,39.533,15.7,24.994,25.4165
2022-04-06 00:00:00+01:00,41.267,13.0,20.577,20.606
2022-04-06 01:00:00+01:00,44.267,12.8,20.126,20.126
2022-04-06 02:00:00+01:00,45.0,12.7,19.7715,20.1445
2022-04-06 03:00:00+01:00,46.067,13.0,20.7285,20.9735
2022-04-06 04:00:00+01:00,46.733,12.5,20.215,20.2175
2022-04-06 05:00:00+01:00,48.133,16.1,26.279,27.006
2022-04-06 06:00:00+01:00,47.166,24.3,36.919,42.2295
2022-04-06 07:00:00+01:00,41.733,20.8,32.135,34.695
2022-04-06 08:00:00+01:00,33.367,22.1,32.477999999999994,36.041
2022-04-06 09:00:00+01:00,26.9,20.7,31.216,33.8
2022-04-06 10:00:00+01:00,23.033,17.1,26.821,27.578000000000003
2022-04-06 11:00:00+01:00,20.133,13.6,21.102,21.26
2022-04-06 12:00:00+01:00,18.2,11.6,17.908,17.923000000000002
2022-04-06 13:00:00+01:00,15.5,10.4,15.742,15.8815
2022-04-06 14:00:00+01:00,13.334,9.9,14.607500000000002,14.892
2022-04-06 15:00:00+01:00,12.334,11.6,16.619999999999997,17.44
2022-04-06 16:00:00+01:00,12.966,9.7,14.3575,14.3585
2022-04-06 17:00:00+01:00,11.867,11.4,17.1265,17.39
2022-04-06 18:00:00+01:00,10.633,10.5,15.3755,15.718
2022-04-06 19:00:00+02:00,10.633,10.5,15.3755,15.718
2022-04-06 20:00:00+02:00,11.5,8.7,12.409,12.4105
2022-04-06 21:00:00+02:00,10.7,7.4,9.709,9.7095
2022-04-06 22:00:00+02:00,10.733,9.6,13.8185,13.822499999999998
2022-04-06 23:00:00+02:00,11.733,12.8,19.314,19.567500000000003
2022-04-07 00:00:00+02:00,17.967,5.6,6.724,6.724
2022-04-07 01:00:00+02:00,25.566,6.1,7.473,7.5505
2022-04-07 02:00:00+02:00,44.966,6.0,7.6295,7.665999999999999
2022-04-07 03:00:00+02:00,53.933,6.0,7.6105,7.6105
2022-04-07 04:00:00+02:00,53.834,6.7,8.9085,8.9555
2022-04-07 05:00:00+02:00,53.5,6.3,8.2585,8.2585
2022-04-07 06:00:00+02:00,54.466,17.7,26.3325,28.261000000000003
2022-04-07 07:00:00+02:00,55.767,16.1,25.5955,26.166
2022-04-07 08:00:00+02:00,55.534,14.3,22.4785,22.6195
2022-04-07 09:00:00+02:00,52.534,15.3,23.329,24.3085
2022-04-07 10:00:00+02:00,49.434,9.7,14.247,14.421
2022-04-07 11:00:00+02:00,42.7,8.5,12.148,12.1745
2022-04-07 12:00:00+02:00,37.867,8.2,11.612,11.646
2022-04-07 13:00:00+02:00,32.534,10.0,14.392,14.5995
2022-04-07 14:00:00+02:00,31.566,9.0,12.735,12.8025
2022-04-07 15:00:00+02:00,32.333,7.9,10.8625,10.8625
2022-04-07 16:00:00+02:00,28.7,7.5,10.432,10.449
2022-04-07 17:00:00+02:00,26.633,7.4,10.122,10.122
2022-04-07 18:00:00+02:00,25.834,9.8,14.456,14.5295
2022-04-07 19:00:00+02:00,32.534,27.4,38.131,45.334
2022-04-07 20:00:00+02:00,37.4,23.4,33.517,37.9535
2022-04-07 21:00:00+02:00,34.067,11.3,16.753,16.8045
2022-04-07 22:00:00+02:00,34.3,11.2,16.7055,16.7055
2022-04-07 23:00:00+02:00,30.0,9.3,13.206,13.2165
2022-04-08 00:00:00+02:00,28.666,8.6,11.7935,11.7935
2022-04-08 01:00:00+02:00,31.566,8.8,12.288,12.291
2022-04-08 02:00:00+02:00,34.067,10.9,15.5005,15.8575
2022-04-08 03:00:00+02:00,34.434,9.9,13.972,14.1135
2022-04-08 04:00:00+02:00,35.0,8.9,12.2445,12.4025
2022-04-08 05:00:00+02:00,35.5,10.3,13.766000000000002,14.828
2022-04-08 06:00:00+02:00,36.233,18.4,24.9065,28.9495
2022-04-08 07:00:00+02:00,36.0,11.4,16.05,17.110500000000002
2022-04-08 08:00:00+02:00,33.166,14.3,20.859,21.7325
2022-04-08 09:00:00+02:00,30.2,7.4,9.828,9.8445
2022-04-08 10:00:00+02:00,26.967,5.9,7.463999999999999,7.463999999999999
2022-04-08 11:00:00+02:00,25.534,5.8,7.298999999999999,7.298999999999999
2022-04-08 12:00:00+02:00,24.3,5.6,6.9345,6.9345
2022-04-08 13:00:00+02:00,25.233,5.8,7.2405,7.2425
2022-04-08 14:00:00+02:00,25.4,6.2,7.9605,7.965
2022-04-08 15:00:00+02:00,24.7,6.2,8.11,8.11
2022-04-08 16:00:00+02:00,24.2,6.4,8.3535,8.3535
2022-04-08 17:00:00+02:00,24.8,6.1,7.917,7.9185
2022-04-08 18:00:00+02:00,27.6,6.7,8.7875,8.7965
2022-04-08 19:00:00+02:00,28.5,6.1,7.795,7.795
2022-04-08 20:00:00+02:00,29.034,6.2,7.993499999999999,8.0045
2022-04-08 21:00:00+02:00,29.966,5.9,7.3805,7.384
2022-04-08 22:00:00+02:00,31.1,6.9,8.8565,8.903500000000001
2022-04-08 23:00:00+02:00,33.3,8.3,11.07,11.1345
2022-04-09 00:00:00+02:00,34.666,10.2,14.069,14.4585
2022-04-09 01:00:00+02:00,33.5,8.5,11.1575,11.1985
2022-04-09 02:00:00+02:00,33.733,7.8,10.119,10.337
2022-04-09 03:00:00+02:00,35.767,8.3,11.1415,11.244
2022-04-09 04:00:00+02:00,36.9,9.1,12.996,13.008
2022-04-09 05:00:00+02:00,35.834,8.7,11.9645,12.375
2022-04-09 06:00:00+02:00,33.034,7.8,10.8285,10.858
2022-04-09 07:00:00+02:00,31.833,11.2,16.465,16.676000000000002
2022-04-09 08:00:00+02:00,31.233,15.2,23.114,24.106
2022-04-09 09:00:00+02:00,27.566,6.8,9.103,9.103
2022-04-09 10:00:00+02:00,26.367,7.0,9.5435,9.5815
2022-04-09 11:00:00+02:00,25.3,8.0,11.137,11.164
2022-04-09 12:00:00+02:00,24.9,7.7,10.6445,10.6585
2022-04-09 13:00:00+02:00,25.334,9.0,12.8745,12.878
2022-04-09 14:00:00+02:00,37.166,9.3,13.423,13.665
2022-04-09 15:00:00+02:00,49.433,11.5,16.990000000000002,17.925
2022-04-09 16:00:00+02:00,51.633,10.2,15.297,15.628
2022-04-09 17:00:00+02:00,52.834,11.4,17.769,18.088
2022-04-09 18:00:00+02:00,51.867,12.6,19.981,20.301
2022-04-09 19:00:00+02:00,54.967,13.3,21.508,21.9635
2022-04-09 20:00:00+02:00,53.867,17.4,28.612,29.576
2022-04-09 21:00:00+02:00,56.233,14.0,22.8355,23.4105
2022-04-09 22:00:00+02:00,56.034,13.9,22.9375,23.2105
2022-04-09 23:00:00+02:00,57.3,14.8,22.488,25.342
2022-04-10 00:00:00+02:00,57.9,11.3,18.187,18.4315
2022-04-10 01:00:00+02:00,57.267,11.9,19.3985,19.451
2022-04-10 02:00:00+02:00,57.534,15.9,26.0775,27.045
2022-04-10 03:00:00+02:00,58.2,8.8,13.568,13.5715
2022-04-10 04:00:00+02:00,59.2,8.4,12.833,12.8735
2022-04-10 05:00:00+02:00,58.933,6.2,8.6225,8.6225
2022-04-10 06:00:00+02:00,59.067,8.7,13.235499999999998,13.497
2022-04-10 07:00:00+02:00,58.8,10.3,16.224,16.486
2022-04-10 08:00:00+02:00,58.367,12.2,19.991,20.0465
2022-04-10 09:00:00+02:00,55.733,15.6,25.073500000000003,25.874
2022-04-10 10:00:00+02:00,48.834,13.0,20.213,20.6055
2022-04-10 11:00:00+02:00,41.2,12.6,19.135,19.7925
2022-04-10 12:00:00+02:00,37.834,14.9,21.1215,23.7005
2022-04-10 13:00:00+02:00,33.166,9.5,13.9795,13.996
2022-04-10 14:00:00+02:00,31.067,10.0,14.883,14.883
2022-04-10 15:00:00+02:00,28.534,11.9,17.6515,17.8735
2022-04-10 16:00:00+02:00,26.933,10.7,15.6895,15.86
2022-04-10 17:00:00+02:00,23.5,10.5,14.913,15.4305
2022-04-10 18:00:00+02:00,19.4,11.2,16.6495,16.8715
2022-04-10 19:00:00+02:00,25.767,22.8,32.8935,37.739
2022-04-10 20:00:00+02:00,36.167,44.9,54.473,78.80099999999999
2022-04-10 21:00:00+02:00,40.933,34.7,46.9145,60.7095
2022-04-10 22:00:00+02:00,43.367,32.9,45.608,58.081500000000005
2022-04-10 23:00:00+02:00,46.834,23.0,36.3575,40.166
2022-04-11 00:00:00+02:00,48.933,16.2,27.5265,27.7545
2022-04-11 01:00:00+02:00,50.767,14.9,25.697,25.7815
2022-04-11 02:00:00+02:00,52.767,14.2,24.422,24.468
2022-04-11 03:00:00+02:00,53.633,14.1,24.313,24.4815
2022-04-11 04:00:00+02:00,55.433,13.9,24.0465,24.657
2022-04-11 05:00:00+02:00,55.767,14.5,25.2515,25.6185
2022-04-11 06:00:00+02:00,54.767,18.1,31.483,32.6555
2022-04-11 07:00:00+02:00,50.466,21.2,35.221000000000004,37.868
2022-04-11 08:00:00+02:00,44.434,22.7,35.8945,39.675
2022-04-11 09:00:00+02:00,36.667,19.3,30.51,32.059
2022-04-11 10:00:00+02:00,27.767,12.5,19.218,19.3725
2022-04-11 11:00:00+02:00,21.967,10.4,15.084,15.2745
2022-04-11 12:00:00+02:00,17.233,8.9,12.66,12.67
2022-04-11 13:00:00+02:00,16.2,10.0,14.6885,14.849
2022-04-11 14:00:00+02:00,16.1,7.7,10.6255,10.636
2022-04-11 15:00:00+02:00,15.934,7.1,9.603,9.608
2022-04-11 16:00:00+02:00,14.233,6.8,9.018,9.018
2022-04-11 17:00:00+02:00,13.8,6.9,9.3085,9.3115
2022-04-11 18:00:00+02:00,11.967,10.3,14.632,15.21
2022-04-11 19:00:00+02:00,20.566,21.2,30.5315,34.487
2022-04-11 20:00:00+02:00,29.2,38.8,47.7195,65.7
2022-04-11 21:00:00+02:00,34.5,38.6,48.3125,66.2245
2022-04-11 22:00:00+02:00,37.0,32.6,44.079,56.241
2022-04-11 23:00:00+02:00,39.567,25.3,37.3295,43.0025
2022-04-12 00:00:00+02:00,39.9,19.9,31.217,32.972500000000004
2022-04-12 01:00:00+02:00,40.5,14.8,23.4835,23.8015
2022-04-12 02:00:00+02:00,42.334,11.9,18.673,18.685
2022-04-12 03:00:00+02:00,42.2,9.3,14.0355,14.0355
2022-04-12 04:00:00+02:00,42.8,12.0,18.8995,18.979
2022-04-12 05:00:00+02:00,44.0,13.5,21.7405,21.9995
2022-04-12 06:00:00+02:00,44.433,25.7,36.5005,44.896
2022-04-12 07:00:00+02:00,42.433,20.1,31.943,34.3915
2022-04-12 08:00:00+02:00,36.966,21.6,33.529,36.429
2022-04-12 09:00:00+02:00,29.267,17.2,26.8765,27.541000000000004
2022-04-12 10:00:00+02:00,22.167,14.7,22.511,22.939
2022-04-12 11:00:00+02:00,16.9,8.8,12.6665,12.6835
2022-04-12 12:00:00+02:00,14.864,8.0,11.149,11.3925
2022-04-12 13:00:00+02:00,12.834,8.3,11.84,12.0275
2022-04-12 14:00:00+02:00,12.5,7.9,11.12,11.125
2022-04-12 15:00:00+02:00,12.2,8.1,11.726,11.739
2022-04-12 16:00:00+02:00,11.534,8.9,12.952,13.0705
2022-04-12 17:00:00+02:00,11.267,10.0,14.585,14.6915
2022-04-12 18:00:00+02:00,11.767,10.7,15.981000000000002,15.989
2022-04-12 19:00:00+02:00,17.834,13.7,21.1515,21.7305
2022-04-12 20:00:00+02:00,26.267,30.5,40.7695,51.510000000000005
2022-04-12 21:00:00+02:00,32.966,28.0,39.269,46.903
2022-04-12 22:00:00+02:00,36.466,24.6,35.937,40.666
2022-04-12 23:00:00+02:00,39.733,28.0,38.822500000000005,46.807500000000005
2022-04-13 00:00:00+02:00,41.1,18.1,28.423,29.603
2022-04-13 01:00:00+02:00,44.3,13.3,21.1855,21.1855
2022-04-13 02:00:00+02:00,45.933,11.4,17.8035,17.8035
2022-04-13 03:00:00+02:00,48.6,10.8,16.8545,16.953
2022-04-13 04:00:00+02:00,48.367,11.6,17.872,18.3615
2022-04-13 05:00:00+02:00,49.233,11.5,18.318,18.4175
2022-04-13 06:00:00+02:00,49.9,16.7,26.5445,28.156
2022-04-13 07:00:00+02:00,49.0,16.3,26.632,27.548
2022-04-13 08:00:00+02:00,42.934,24.3,36.474,41.3025
2022-04-13 09:00:00+02:00,35.367,24.2,35.796,40.388
2022-04-13 10:00:00+02:00,29.066,23.8,34.843500000000006,39.086
2022-04-13 11:00:00+02:00,26.233,17.8,27.8,28.553
2022-04-13 12:00:00+02:00,20.7,14.5,22.9965,23.115
2022-04-13 13:00:00+02:00,17.034,15.8,25.0575,25.3675
2022-04-13 14:00:00+02:00,14.6,14.0,21.922,22.0875
2022-04-13 15:00:00+02:00,13.066,10.6,16.147,16.161
2022-04-13 16:00:00+02:00,12.133,9.6,14.5275,14.5275
2022-04-13 17:00:00+02:00,11.834,9.3,13.725,13.7945
2022-04-13 18:00:00+02:00,10.5,9.7,14.3695,14.3695
2022-04-13 19:00:00+02:00,14.534,13.1,20.43,20.625
2022-04-13 20:00:00+02:00,20.733,25.9,36.94,43.254
2022-04-13 21:00:00+02:00,27.566,42.8,51.114,73.484
2022-04-13 22:00:00+02:00,30.6,32.0,42.4945,53.937
2022-04-13 23:00:00+02:00,35.666,30.5,42.3985,51.6285
2022-04-14 00:00:00+02:00,37.967,19.0,30.037,31.271
2022-04-14 01:00:00+02:00,40.367,15.4,24.7695,24.8315
2022-04-14 02:00:00+02:00,42.8,14.7,23.603,23.9645
2022-04-14 03:00:00+02:00,44.4,14.2,22.728,23.209
2022-04-14 04:00:00+02:00,46.267,14.6,23.7575,24.2495
2022-04-14 05:00:00+02:00,47.934,15.2,24.6645,25.358
2022-04-14 06:00:00+02:00,49.3,17.0,28.351,29.2885
2022-04-14 07:00:00+02:00,47.966,22.3,34.84,38.8065
2022-04-14 08:00:00+02:00,41.8,31.1,43.6045,54.8565
2022-04-14 09:00:00+02:00,31.633,25.3,36.8575,42.5095
2022-04-14 10:00:00+02:00,24.067,16.6,25.7785,26.6145
2022-04-14 11:00:00+02:00,20.133,14.5,22.942,23.023
2022-04-14 12:00:00+02:00,15.333,12.1,18.705,18.8945
2022-04-14 13:00:00+02:00,12.166,11.2,17.217,17.274
2022-04-14 14:00:00+02:00,10.0,10.5,15.9735,16.0585
2022-04-14 15:00:00+02:00,8.133,10.1,15.279,15.305
2022-04-14 16:00:00+02:00,7.3,9.2,13.419,13.6565
2022-04-14 17:00:00+02:00,7.0,8.2,11.825500000000002,11.825500000000002
2022-04-14 18:00:00+02:00,7.133,10.4,15.804,15.804
2022-04-14 19:00:00+02:00,13.933,24.5,34.47,40.5655
2022-04-14 20:00:00+02:00,22.833,29.4,40.357,49.3545
2022-04-14 21:00:00+02:00,28.133,23.3,34.652,38.341
2022-04-14 22:00:00+02:00,31.733,22.3,33.534000000000006,36.4665
2022-04-14 23:00:00+02:00,33.9,23.7,34.295,39.2835
2022-04-15 00:00:00+02:00,36.267,18.3,28.001,29.797
2022-04-15 01:00:00+02:00,38.267,15.3,24.379,24.5885
2022-04-15 02:00:00+02:00,39.133,16.2,24.567500000000003,25.912
2022-04-15 03:00:00+02:00,40.433,14.4,23.076500000000003,23.1815
2022-04-15 04:00:00+02:00,40.5,15.0,24.1485,24.2665
2022-04-15 05:00:00+02:00,41.2,17.1,27.363,28.0835
2022-04-15 06:00:00+02:00,42.1,19.3,30.536,32.0985
2022-04-15 07:00:00+02:00,39.6,21.5,32.5505,35.4995
2022-04-15 08:00:00+02:00,34.233,24.8,35.49,41.369
2022-04-15 09:00:00+02:00,28.8,30.5,41.4085,51.709
2022-04-15 10:00:00+02:00,23.633,21.0,32.115,34.577
2022-04-15 11:00:00+02:00,18.7,14.6,22.989,23.32
2022-04-15 12:00:00+02:00,15.867,10.1,15.4515,15.4545
2022-04-15 13:00:00+02:00,15.067,14.3,22.594,22.8295
2022-04-15 14:00:00+02:00,14.034,13.4,21.1195,21.316
2022-04-15 15:00:00+02:00,13.366,12.9,20.1895,20.5165
2022-04-15 16:00:00+02:00,15.0,15.1,23.9875,24.434
2022-04-15 17:00:00+02:00,17.233,20.9,31.512,34.6335
2022-04-15 18:00:00+02:00,20.767,13.9,21.2455,22.176
2022-04-15 19:00:00+02:00,22.9,12.3,18.8,19.0615
2022-04-15 20:00:00+02:00,25.967,18.0,27.4385,29.2485
2022-04-15 21:00:00+02:00,30.967,22.3,32.8375,36.476
2022-04-15 22:00:00+02:00,34.834,21.2,31.9445,34.604
2022-04-15 23:00:00+02:00,37.7,21.4,31.486,34.854
2022-04-16 00:00:00+02:00,42.133,15.5,24.4145,24.573
2022-04-16 01:00:00+02:00,43.733,14.4,22.528,22.5785
2022-04-16 02:00:00+02:00,44.933,14.3,22.2135,22.3145
2022-04-16 03:00:00+02:00,46.1,13.9,21.3755,21.539
2022-04-16 04:00:00+02:00,47.133,14.3,21.8575,22.063
2022-04-16 05:00:00+02:00,48.733,18.4,26.994,29.880000000000003
2022-04-16 06:00:00+02:00,48.666,19.2,28.884500000000003,31.011000000000003
2022-04-16 07:00:00+02:00,50.433,24.3,35.347,39.7755
2022-04-16 08:00:00+02:00,44.3,19.6,29.994,31.5395
2022-04-16 09:00:00+02:00,38.4,17.5,25.9905,27.987
2022-04-16 10:00:00+02:00,31.966,11.8,17.7065,17.7775
2022-04-16 11:00:00+02:00,25.634,10.3,14.951,15.398
2022-04-16 12:00:00+02:00,23.767,8.1,11.4655,11.49
2022-04-16 13:00:00+02:00,24.233,8.2,11.611,11.641
2022-04-16 14:00:00+02:00,22.767,7.7,10.821,10.85
2022-04-16 15:00:00+02:00,22.233,7.2,9.933,9.9695
2022-04-16 16:00:00+02:00,26.4,8.8,12.631,12.7795
2022-04-16 17:00:00+02:00,28.833,10.0,14.7085,14.7885
2022-04-16 18:00:00+02:00,30.233,10.1,14.9065,15.149
2022-04-16 19:00:00+02:00,30.867,11.5,17.619500000000002,17.6545
2022-04-16 20:00:00+02:00,30.7,11.3,17.051000000000002,17.052500000000002
2022-04-16 21:00:00+02:00,32.567,11.3,16.8535,16.926000000000002
2022-04-16 22:00:00+02:00,34.967,12.4,18.7965,18.963
2022-04-16 23:00:00+02:00,35.1,11.9,17.813499999999998,17.8375
2022-04-17 00:00:00+02:00,36.166,12.7,19.2995,19.305
2022-04-17 01:00:00+02:00,40.834,12.3,18.5335,18.5335
2022-04-17 02:00:00+02:00,49.867,12.4,18.887,18.887
2022-04-17 03:00:00+02:00,51.733,13.4,20.758,20.8065
2022-04-17 04:00:00+02:00,52.733,13.5,20.844,20.8445
2022-04-17 05:00:00+02:00,51.1,13.3,20.6725,20.6725
2022-04-17 06:00:00+02:00,49.933,15.1,23.999,24.092
2022-04-17 07:00:00+02:00,45.334,13.0,20.1185,20.124
2022-04-17 08:00:00+02:00,40.233,13.5,21.1735,21.2115
2022-04-17 09:00:00+02:00,37.833,14.2,22.5175,22.694000000000003
2022-04-17 10:00:00+02:00,34.433,11.4,17.236,17.2765
2022-04-17 11:00:00+02:00,27.433,9.7,14.1455,14.189
2022-04-17 12:00:00+02:00,25.233,11.4,16.459,16.8815
2022-04-17 13:00:00+02:00,20.233,9.3,13.102,13.102
2022-04-17 14:00:00+02:00,18.567,8.1,11.357,11.357
2022-04-17 15:00:00+02:00,18.0,7.6,10.473,10.5745
2022-04-17 16:00:00+02:00,18.2,8.1,11.226,11.2325
2022-04-17 17:00:00+02:00,18.867,8.6,12.1145,12.1345
2022-04-17 18:00:00+02:00,20.434,9.0,12.8775,12.895
2022-04-17 19:00:00+02:00,21.533,11.7,16.516000000000002,17.33
2022-04-17 20:00:00+02:00,22.633,13.4,19.442500000000003,20.461
2022-04-17 21:00:00+02:00,23.0,9.7,14.1025,14.2285
2022-04-17 22:00:00+02:00,23.367,8.6,12.2345,12.2345
2022-04-17 23:00:00+02:00,24.434,8.6,12.1675,12.1675
2022-04-18 00:00:00+02:00,25.966,11.0,16.563,16.759500000000003
2022-04-18 01:00:00+02:00,35.0,14.8,23.1145,24.371
2022-04-18 02:00:00+02:00,39.5,12.2,19.0615,19.9245
2022-04-18 03:00:00+02:00,42.7,9.5,14.7315,14.7315
2022-04-18 04:00:00+02:00,45.534,11.1,17.922,18.1815
2022-04-18 05:00:00+02:00,46.534,12.6,21.439,21.5755
2022-04-18 06:00:00+02:00,47.367,15.1,26.022,26.6945
2022-04-18 07:00:00+02:00,45.867,15.2,26.022,26.418
2022-04-18 08:00:00+02:00,37.834,15.0,24.575,25.064
2022-04-18 09:00:00+02:00,29.2,14.3,22.555,22.853
2022-04-18 10:00:00+02:00,25.1,12.8,19.6945,19.812
2022-04-18 11:00:00+02:00,21.367,12.1,18.17,18.29
2022-04-18 12:00:00+02:00,16.867,9.4,13.697,13.7035
2022-04-18 13:00:00+02:00,16.067,11.0,16.512999999999998,16.526
2022-04-18 14:00:00+02:00,17.434,13.3,20.2185,20.554
2022-04-18 15:00:00+02:00,18.666,10.1,14.816,14.95
2022-04-18 16:00:00+02:00,17.767,10.1,14.507,15.049500000000002
2022-04-18 17:00:00+02:00,15.067,9.1,13.1525,13.257
2022-04-18 18:00:00+02:00,15.8,11.9,17.116999999999997,18.2325
2022-04-18 19:00:00+02:00,20.467,13.8,21.485,21.652
2022-04-18 20:00:00+02:00,24.52,21.7,31.7055,35.51
2022-04-18 21:00:00+02:00,31.867,35.8,47.328,61.9675
2022-04-18 22:00:00+02:00,36.067,25.0,37.664,42.693
2022-04-18 23:00:00+02:00,39.867,23.0,35.8325,39.7965
2022-04-19 00:00:00+02:00,42.334,18.9,30.921,32.624
2022-04-19 01:00:00+02:00,43.9,15.2,25.564,25.8105
2022-04-19 02:00:00+02:00,44.9,13.8,23.222,23.243
2022-04-19 03:00:00+02:00,44.9,12.8,21.175,21.214
2022-04-19 04:00:00+02:00,43.334,12.9,21.13,21.13
2022-04-19 05:00:00+02:00,41.966,19.8,31.3575,34.545
2022-04-19 06:00:00+02:00,41.534,16.4,27.7855,28.3565
2022-04-19 07:00:00+02:00,39.534,18.2,29.806,31.1635
2022-04-19 08:00:00+02:00,34.5,20.8,32.408,34.8485
2022-04-19 09:00:00+02:00,32.534,18.5,28.759,30.618
2022-04-19 10:00:00+02:00,30.834,13.9,22.062,22.079500000000003
2022-04-19 11:00:00+02:00,25.7,13.6,20.9085,21.0865
2022-04-19 12:00:00+02:00,21.3,12.9,19.733,19.763
2022-04-19 13:00:00+02:00,20.466,12.7,19.161,19.309
2022-04-19 14:00:00+02:00,21.533,10.7,15.971,16.016
2022-04-19 15:00:00+02:00,23.834,10.5,15.614999999999998,15.671
2022-04-19 16:00:00+02:00,22.767,10.4,15.4005,15.5645
2022-04-19 17:00:00+02:00,22.9,10.0,14.9095,14.922
2022-04-19 18:00:00+02:00,26.133,12.1,18.374,18.4855
2022-04-19 19:00:00+02:00,31.066,15.6,24.32,24.855
2022-04-19 20:00:00+02:00,41.1,15.5,24.0435,24.5785
2022-04-19 21:00:00+02:00,43.8,14.7,23.0215,23.1915
2022-04-19 22:00:00+02:00,45.9,16.0,25.086,25.639000000000003
2022-04-19 23:00:00+02:00,47.767,17.7,28.017000000000003,28.773000000000003
2022-04-20 00:00:00+02:00,52.8,19.4,30.707,32.134
2022-04-20 01:00:00+02:00,56.534,17.5,27.857,28.3775
2022-04-20 02:00:00+02:00,55.733,12.0,18.4045,18.405
2022-04-20 03:00:00+02:00,55.633,10.4,14.494,15.8065
2022-04-20 04:00:00+02:00,57.1,5.5,7.160500000000001,7.160500000000001
2022-04-20 05:00:00+02:00,58.0,6.5,8.905,8.9105
2022-04-20 06:00:00+02:00,58.166,8.9,13.4455,13.4455
2022-04-20 07:00:00+02:00,57.633,10.7,16.768,16.773
2022-04-20 08:00:00+02:00,55.967,9.1,13.651,13.696
2022-04-20 09:00:00+02:00,55.034,11.7,18.335,18.402
2022-04-20 10:00:00+02:00,54.0,14.5,22.917,23.4755
2022-04-20 11:00:00+02:00,52.834,15.3,24.173,24.797
2022-04-20 12:00:00+02:00,45.425,14.2,21.494,22.2985
2022-04-20 13:00:00+02:00,33.6,20.3,30.2015,32.1555
2022-04-20 14:00:00+02:00,28.133,18.4,28.108,28.96
2022-04-20 15:00:00+02:00,28.758,14.6,22.365,22.6475
2022-04-20 16:00:00+02:00,26.567,15.6,23.149,24.018
2022-04-20 17:00:00+02:00,26.466,19.1,28.7435,30.518
2022-04-20 18:00:00+02:00,22.133,20.5,30.322,32.851
2022-04-20 19:00:00+02:00,30.1,34.8,44.441500000000005,58.040000000000006
2022-04-20 20:00:00+02:00,38.933,42.8,51.486,73.5715
2022-04-20 21:00:00+02:00,45.5,41.1,51.6295,71.8625
2022-04-20 22:00:00+02:00,47.834,32.5,44.7835,56.6125
2022-04-20 23:00:00+02:00,49.966,32.2,44.8535,56.1205
2022-04-21 00:00:00+02:00,51.4,25.3,38.4,43.8835
2022-04-21 01:00:00+02:00,51.733,23.4,36.229,40.557500000000005
2022-04-21 02:00:00+02:00,52.9,19.1,31.7785,32.9505
2022-04-21 03:00:00+02:00,53.1,21.8,34.5015,38.051
2022-04-21 04:00:00+02:00,54.0,19.3,31.46,33.4755
2022-04-21 05:00:00+02:00,55.0,19.4,32.4495,34.033500000000004
2022-04-21 06:00:00+02:00,53.867,19.8,32.7045,34.701
2022-04-21 07:00:00+02:00,53.433,25.4,38.917,44.9735
2022-04-21 08:00:00+02:00,49.767,26.3,39.257000000000005,45.6165
2022-04-21 09:00:00+02:00,46.834,33.9,45.974,59.371
2022-04-21 10:00:00+02:00,40.966,31.7,43.1255,54.0415
2022-04-21 11:00:00+02:00,38.867,38.3,47.976,66.006
2022-04-21 12:00:00+02:00,36.567,49.9,56.9375,85.27
2022-04-21 13:00:00+02:00,33.733,37.1,46.4795,62.32600000000001
2022-04-21 14:00:00+02:00,35.533,27.2,37.972,44.471
2022-04-21 15:00:00+02:00,33.6,23.9,34.248999999999995,38.843
2022-04-21 16:00:00+02:00,34.4,27.7,38.682,45.675
2022-04-21 17:00:00+02:00,34.0,33.9,43.822,56.8995
2022-04-21 18:00:00+02:00,34.5,40.6,49.123000000000005,68.52
2022-04-21 19:00:00+02:00,38.9,66.9,75.832,114.8515
2022-04-21 20:00:00+02:00,46.567,65.1,73.646,111.555
2022-04-21 21:00:00+02:00,53.533,63.0,71.44800000000001,108.3575
2022-04-21 22:00:00+02:00,56.066,63.5,71.8965,108.899
2022-04-21 23:00:00+02:00,57.733,75.3,86.1585,130.452
2022-04-22 00:00:00+02:00,58.133,80.1,91.8745,138.9915
2022-04-22 01:00:00+02:00,58.834,65.3,74.085,112.3945
2022-04-22 02:00:00+02:00,58.467,60.6,68.219,103.497
2022-04-22 03:00:00+02:00,59.867,52.7,59.0265,89.7815
2022-04-22 04:00:00+02:00,59.6,44.2,51.590500000000006,74.4365
2022-04-22 05:00:00+02:00,59.267,38.2,47.01349999999999,63.4235
2022-04-22 06:00:00+02:00,59.367,40.5,48.7395,67.717
2022-04-22 07:00:00+02:00,58.4,48.4,57.418,81.963
2022-04-22 08:00:00+02:00,55.5,38.6,47.2695,63.54900000000001
2022-04-22 09:00:00+02:00,51.1,34.6,44.701,56.9915
2022-04-22 10:00:00+02:00,49.367,33.2,42.9205,54.592
2022-04-22 11:00:00+02:00,40.2,21.7,32.018,34.5985
2022-04-22 12:00:00+02:00,42.434,19.3,29.3655,30.869
2022-04-22 13:00:00+02:00,54.733,13.8,20.820500000000003,21.43
2022-04-22 14:00:00+02:00,56.0,25.5,36.0,41.8515
2022-04-22 15:00:00+02:00,54.034,30.4,40.523,49.3945
2022-04-22 16:00:00+02:00,53.966,36.5,45.131,59.562
2022-04-22 17:00:00+02:00,52.466,30.1,39.450500000000005,48.995
2022-04-22 18:00:00+02:00,51.2,19.6,29.393,31.349
2022-04-22 19:00:00+02:00,53.934,28.2,37.123000000000005,46.3715
2022-04-22 20:00:00+02:00,57.6,28.6,38.6385,47.1205
2022-04-22 21:00:00+02:00,58.1,25.8,36.705,42.2705
2022-04-22 22:00:00+02:00,55.067,10.8,15.687,15.957
2022-04-22 23:00:00+02:00,59.067,8.9,12.3275,12.98
2022-04-23 00:00:00+02:00,59.466,11.6,16.1715,17.5895
2022-04-23 01:00:00+02:00,59.666,10.6,15.823,15.831499999999998
2022-04-23 02:00:00+02:00,60.467,11.1,16.011,16.6185
2022-04-23 03:00:00+02:00,61.2,6.8,9.112,9.112
2022-04-23 04:00:00+02:00,61.8,8.1,11.8545,11.8915
2022-04-23 05:00:00+02:00,63.133,8.9,12.986,13.049
2022-04-23 06:00:00+02:00,62.433,12.7,19.8685,20.237
2022-04-23 07:00:00+02:00,60.8,16.0,24.9245,25.7505
2022-04-23 08:00:00+02:00,58.367,15.6,23.509,24.7855
2022-04-23 09:00:00+02:00,52.867,19.1,27.7775,30.3905
2022-04-23 10:00:00+02:00,44.867,13.2,19.818,20.176
2022-04-23 11:00:00+02:00,41.425,10.8,16.099,16.125999999999998
2022-04-23 12:00:00+02:00,40.9,10.1,14.8915,14.895
2022-04-23 13:00:00+02:00,38.633,11.0,15.968,16.417
2022-04-23 14:00:00+02:00,38.233,12.9,19.5415,19.752
2022-04-23 15:00:00+02:00,37.267,10.6,15.7195,15.739
2022-04-23 16:00:00+02:00,36.633,12.8,19.338,19.677
2022-04-23 17:00:00+02:00,31.666,7.7,10.658,10.658
2022-04-23 18:00:00+02:00,28.133,7.0,9.384,9.406
2022-04-23 19:00:00+02:00,35.133,14.8,22.754,23.672
2022-04-23 20:00:00+02:00,42.834,23.8,34.418,39.060500000000005
2022-04-23 21:00:00+02:00,46.133,18.9,28.907,30.5495
2022-04-23 22:00:00+02:00,48.267,22.2,32.906,36.5915
2022-04-23 23:00:00+02:00,47.333,20.8,30.967,33.997
2022-04-24 00:00:00+02:00,47.566,14.3,21.7605,22.3055
2022-04-24 01:00:00+02:00,49.333,27.0,36.562,44.6445
2022-04-24 02:00:00+02:00,50.733,36.7,46.354,62.2255
2022-04-24 03:00:00+02:00,49.334,25.5,35.8555,42.246
2022-04-24 04:00:00+02:00,47.934,10.7,15.8925,15.978
2022-04-24 05:00:00+02:00,47.067,12.5,19.173,19.3715
2022-04-24 06:00:00+02:00,46.033,19.5,28.951500000000003,31.4915
2022-04-24 07:00:00+02:00,46.667,24.0,35.4,40.1445
2022-04-24 08:00:00+02:00,42.067,21.1,32.2855,34.8045
2022-04-24 09:00:00+02:00,36.933,14.4,22.1555,22.683
2022-04-24 10:00:00+02:00,40.728,7.4,9.8605,9.9385
2022-04-24 11:00:00+02:00,35.267,5.0,5.6145,5.734500000000001
2022-04-24 12:00:00+02:00,33.1,5.5,6.762,6.8740000000000006
2022-04-24 13:00:00+02:00,42.466,6.0,7.4825,7.486000000000001
2022-04-24 14:00:00+02:00,32.466,6.0,7.557,7.6235
2022-04-24 15:00:00+02:00,30.767,5.2,6.1625,6.1625
2022-04-24 16:00:00+02:00,32.8,5.4,6.673,6.673
2022-04-24 17:00:00+02:00,29.433,5.7,7.143,7.1445
2022-04-24 18:00:00+02:00,29.267,6.7,9.051,9.2265
2022-04-24 19:00:00+02:00,29.7,6.2,7.916,7.9255
2022-04-24 20:00:00+02:00,32.267,5.9,7.4785,7.48
2022-04-24 21:00:00+02:00,40.3,7.1,9.5865,9.6485
2022-04-24 22:00:00+02:00,50.5,9.6,13.855,14.078
2022-04-24 23:00:00+02:00,53.467,10.7,15.5245,15.997
2022-04-25 00:00:00+02:00,53.567,10.5,15.162,15.896
2022-04-25 01:00:00+02:00,51.034,7.9,10.5535,11.1185
2022-04-25 02:00:00+02:00,55.534,8.5,11.8495,12.2995
2022-04-25 03:00:00+02:00,57.3,6.7,8.5395,9.033
2022-04-25 04:00:00+02:00,57.467,3.9,4.133,4.133
2022-04-25 05:00:00+02:00,56.733,5.6,7.035500000000001,7.035500000000001
2022-04-25 06:00:00+02:00,56.966,6.3,8.4555,8.4555
2022-04-25 07:00:00+02:00,54.834,6.0,7.789,7.842499999999999
2022-04-25 08:00:00+02:00,47.0,5.5,6.5675,6.6080000000000005
2022-04-25 09:00:00+02:00,39.733,4.9,5.4165,5.4165
2022-04-25 10:00:00+02:00,33.267,4.1,4.299,4.299
2022-04-25 11:00:00+02:00,30.966,4.5,5.059,5.059
2022-04-25 12:00:00+02:00,26.733,4.2,4.4785,4.4785
2022-04-25 13:00:00+02:00,23.567,3.8,3.9205,3.9205
2022-04-25 14:00:00+02:00,22.834,3.9,4.105,4.112
2022-04-25 15:00:00+02:00,22.566,3.9,3.994,3.994
2022-04-25 16:00:00+02:00,22.233,3.9,4.027,4.027
2022-04-25 17:00:00+02:00,22.566,4.5,4.9835,5.010999999999999
2022-04-25 18:00:00+02:00,22.133,4.6,5.206,5.206
2022-04-25 19:00:00+02:00,26.934,8.0,11.466,11.495
2022-04-25 20:00:00+02:00,33.7,11.7,17.704,17.721
2022-04-25 21:00:00+02:00,36.066,10.8,16.2795,16.4515
2022-04-25 22:00:00+02:00,40.333,12.7,19.4585,19.5835
2022-04-25 23:00:00+02:00,44.633,11.0,16.4035,16.5865
2022-04-26 00:00:00+02:00,47.966,13.5,19.055,21.1475
2022-04-26 01:00:00+02:00,49.833,10.1,13.199000000000002,14.816
2022-04-26 02:00:00+02:00,50.9,9.0,11.7705,13.0965
2022-04-26 03:00:00+02:00,53.733,6.1,8.2345,8.237
2022-04-26 04:00:00+02:00,54.6,7.8,11.4945,11.587
2022-04-26 05:00:00+02:00,54.466,7.6,10.7025,10.765
2022-04-26 06:00:00+02:00,55.534,9.1,13.752,13.753
2022-04-26 07:00:00+02:00,52.7,11.7,17.948500000000003,18.1865
2022-04-26 08:00:00+02:00,50.034,9.5,13.978,13.984
2022-04-26 09:00:00+02:00,43.3,10.7,15.7885,16.001
2022-04-26 10:00:00+02:00,33.933,8.5,12.2415,12.2575
2022-04-26 11:00:00+02:00,29.5,10.0,15.086,15.1805
2022-04-26 12:00:00+02:00,25.133,8.6,12.4135,12.474
2022-04-26 13:00:00+02:00,26.834,7.9,11.177,11.3135
2022-04-26 14:00:00+02:00,23.534,6.8,9.312,9.377
2022-04-26 15:00:00+02:00,20.966,5.7,7.356,7.356
2022-04-26 16:00:00+02:00,27.934,5.7,7.3505,7.352
2022-04-26 17:00:00+02:00,25.4,7.2,9.9805,9.983
2022-04-26 18:00:00+02:00,23.666,8.2,11.563,11.6445
2022-04-26 19:00:00+02:00,30.267,13.3,20.0925,20.7085
2022-04-26 20:00:00+02:00,41.733,18.3,28.1305,29.446
2022-04-26 21:00:00+02:00,46.966,16.9,26.191,26.8485
2022-04-26 22:00:00+02:00,49.034,18.4,27.7475,29.386
2022-04-26 23:00:00+02:00,52.4,17.9,26.7515,28.594500000000004
2022-04-27 00:00:00+02:00,54.733,13.6,20.425,21.136000000000003
2022-04-27 01:00:00+02:00,55.0,10.1,14.8295,14.8785
2022-04-27 02:00:00+02:00,54.667,9.5,13.903,13.9375
2022-04-27 03:00:00+02:00,56.5,10.4,14.8085,15.4365
2022-04-27 04:00:00+02:00,56.633,11.7,17.225,18.5175
2022-04-27 05:00:00+02:00,55.6,9.4,13.871,13.9655
2022-04-27 06:00:00+02:00,54.433,11.3,17.299500000000002,17.429000000000002
2022-04-27 07:00:00+02:00,54.0,15.5,23.787,25.055
2022-04-27 08:00:00+02:00,53.5,23.3,33.4705,38.384
2022-04-27 09:00:00+02:00,49.833,24.0,34.254000000000005,39.4295
2022-04-27 10:00:00+02:00,52.0,15.7,23.666,24.332
2022-04-27 11:00:00+02:00,53.767,13.9,20.546,21.0325
2022-04-27 12:00:00+02:00,53.666,12.6,18.5265,19.059
2022-04-27 13:00:00+02:00,55.5,10.1,15.0015,15.2685
2022-04-27 14:00:00+02:00,57.367,12.9,18.93,20.226
2022-04-27 15:00:00+02:00,56.9,15.0,20.991,24.126
2022-04-27 16:00:00+02:00,57.2,12.4,18.5395,18.9605
2022-04-27 17:00:00+02:00,57.9,14.5,22.014000000000003,22.536
2022-04-27 18:00:00+02:00,60.933,19.8,29.742,31.739
2022-04-27 19:00:00+02:00,60.867,22.8,33.91,37.3465
2022-04-27 20:00:00+02:00,60.667,19.7,29.9995,31.788
2022-04-27 21:00:00+02:00,59.533,19.5,29.983,31.621
2022-04-27 22:00:00+02:00,59.6,15.8,25.033,25.229
2022-04-27 23:00:00+02:00,60.434,16.4,25.974,26.429
2022-04-28 00:00:00+02:00,60.533,14.4,22.714,22.8585
2022-04-28 01:00:00+02:00,57.667,12.7,19.706,19.729
2022-04-28 02:00:00+02:00,56.7,13.0,19.9225,19.96
2022-04-28 03:00:00+02:00,58.367,13.0,19.962,19.9655
2022-04-28 04:00:00+02:00,57.733,13.4,20.8465,20.928
2022-04-28 05:00:00+02:00,55.4,14.7,22.8965,22.96
2022-04-28 06:00:00+02:00,53.533,15.3,23.67,23.98
2022-04-28 07:00:00+02:00,53.3,19.5,29.9595,31.3925
2022-04-28 08:00:00+02:00,53.466,18.1,27.982,29.0195
2022-04-28 09:00:00+02:00,49.834,15.6,24.1715,24.448
2022-04-28 10:00:00+02:00,45.834,17.4,26.118,27.579
2022-04-28 11:00:00+02:00,42.834,18.3,27.348,28.8995
2022-04-28 12:00:00+02:00,38.1,17.3,26.138,26.9855
2022-04-28 13:00:00+02:00,35.666,19.1,28.448,30.244
2022-04-28 14:00:00+02:00,33.966,16.1,24.618,25.257
2022-04-28 15:00:00+02:00,33.7,15.7,24.1905,24.757
2022-04-28 16:00:00+02:00,34.034,15.5,23.8695,24.162
2022-04-28 17:00:00+02:00,34.933,16.9,25.4225,26.3425
2022-04-28 18:00:00+02:00,36.9,26.3,35.1285,42.4295
2022-04-28 19:00:00+02:00,41.7,40.2,49.161,66.871
2022-04-28 20:00:00+02:00,46.2,29.2,40.0035,48.480500000000006
2022-04-28 21:00:00+02:00,47.133,27.0,37.747,44.024
2022-04-28 22:00:00+02:00,50.933,30.3,40.72,49.928
2022-04-28 23:00:00+02:00,52.666,25.3,36.086,41.463
2022-04-29 00:00:00+02:00,54.167,25.1,35.6485,40.977
2022-04-29 01:00:00+02:00,56.034,21.1,31.0655,34.3375
2022-04-29 02:00:00+02:00,57.4,17.5,27.222,27.8885
2022-04-29 03:00:00+02:00,58.334,17.3,26.5195,27.427
2022-04-29 04:00:00+02:00,59.233,17.1,26.838,27.381500000000003
2022-04-29 05:00:00+02:00,59.034,18.3,28.547,29.649
2022-04-29 06:00:00+02:00,58.833,21.5,32.654,35.774
2022-04-29 07:00:00+02:00,57.633,24.2,35.7485,40.548
2022-04-29 08:00:00+02:00,50.633,23.9,34.4605,38.8935
2022-04-29 09:00:00+02:00,40.566,23.2,34.0165,38.0925
2022-04-29 10:00:00+02:00,32.867,19.4,29.6485,31.5195
2022-04-29 11:00:00+02:00,29.167,14.1,21.762500000000003,22.0395
2022-04-29 12:00:00+02:00,24.933,12.8,19.722,19.749
2022-04-29 13:00:00+02:00,23.966,12.3,18.888,18.953
2022-04-29 14:00:00+02:00,21.034,10.5,15.761,15.823
2022-04-29 15:00:00+02:00,20.2,10.3,15.381,15.4665
2022-04-29 16:00:00+02:00,19.2,10.0,15.085,15.085
2022-04-29 17:00:00+02:00,20.267,12.6,19.388,19.4315
2022-04-29 18:00:00+02:00,23.034,11.8,18.158,18.203
2022-04-29 19:00:00+02:00,26.333,16.0,24.744,25.4655
2022-04-29 20:00:00+02:00,35.766,22.8,33.95,37.574
2022-04-29 21:00:00+02:00,41.5,27.7,38.3535,45.9365
2022-04-29 22:00:00+02:00,45.667,32.2,43.0245,55.0395
2022-04-29 23:00:00+02:00,48.133,36.5,49.145,64.63850000000001
2022-04-30 00:00:00+02:00,50.434,20.7,31.728,34.0255
2022-04-30 01:00:00+02:00,52.7,19.2,30.0055,31.876
2022-04-30 02:00:00+02:00,54.633,14.9,23.6295,23.924
2022-04-30 03:00:00+02:00,55.666,17.8,26.5835,29.3665
2022-04-30 04:00:00+02:00,55.367,14.4,22.95,23.207
2022-04-30 05:00:00+02:00,54.767,15.7,24.97,25.641
2022-04-30 06:00:00+02:00,55.367,17.9,28.049,29.5545
2022-04-30 07:00:00+02:00,53.5,18.5,28.792,30.271500000000003
2022-04-30 08:00:00+02:00,47.434,18.1,27.6745,29.343000000000004
2022-04-30 09:00:00+02:00,37.433,19.0,29.0675,30.7755
2022-04-30 10:00:00+02:00,30.466,17.2,27.0795,27.999
2022-04-30 11:00:00+02:00,26.367,15.3,23.1785,24.024
2022-04-30 12:00:00+02:00,25.4,12.2,18.4755,18.806
2022-04-30 13:00:00+02:00,25.633,10.8,15.981000000000002,16.368
2022-04-30 14:00:00+02:00,24.033,12.0,18.504,18.674
2022-04-30 15:00:00+02:00,24.934,14.5,22.568,22.867
2022-04-30 16:00:00+02:00,24.633,15.7,24.215,24.9085
2022-04-30 17:00:00+02:00,22.967,15.5,24.0505,24.43
2022-04-30 18:00:00+02:00,21.733,15.2,23.732,24.1835
2022-04-30 19:00:00+02:00,26.567,19.0,29.2015,31.02
2022-04-30 20:00:00+02:00,34.733,29.0,39.8705,48.585
2022-04-30 21:00:00+02:00,41.275,30.8,41.75149999999999,51.8475
2022-04-30 22:00:00+02:00,46.817,30.4,41.133,50.5505
2022-04-30 23:00:00+02:00,48.834,33.5,43.581,55.8915
2022-05-01 00:00:00+02:00,52.033,35.7,45.3855,59.749
2022-05-01 01:00:00+02:00,53.933,31.7,42.3835,53.005
2022-05-01 02:00:00+02:00,57.267,28.1,39.6315,47.1975
2022-05-01 03:00:00+02:00,57.9,25.5,37.338,42.8
2022-05-01 04:00:00+02:00,57.466,25.6,37.3455,42.8115
2022-05-01 05:00:00+02:00,57.466,24.7,36.7015,41.6025
2022-05-01 06:00:00+02:00,57.067,26.5,38.1525,44.482
2022-05-01 07:00:00+02:00,55.167,27.7,39.0225,46.0715
2022-05-01 08:00:00+02:00,48.892,30.1,40.6525,49.7225
2022-05-01 09:00:00+02:00,44.525,34.4,44.1705,57.044
2022-05-01 10:00:00+02:00,40.034,29.1,39.697500000000005,47.88
2022-05-01 11:00:00+02:00,35.041,24.5,35.314499999999995,39.6685
2022-05-01 12:00:00+02:00,30.617,19.0,28.695500000000003,30.069000000000003
2022-05-01 13:00:00+02:00,27.467,16.1,24.8625,25.3095
2022-05-01 14:00:00+02:00,29.825,14.6,22.6965,22.872
2022-05-01 15:00:00+02:00,36.1,16.4,25.101,25.8625
2022-05-01 16:00:00+02:00,30.466,11.5,17.122999999999998,17.134
2022-05-01 17:00:00+02:00,30.933,10.7,15.7155,15.865
2022-05-01 18:00:00+02:00,33.666,11.7,17.511499999999998,17.7285
2022-05-01 19:00:00+02:00,39.5,21.0,31.362,34.0185
2022-05-01 20:00:00+02:00,44.267,27.7,38.352,45.483
2022-05-01 21:00:00+02:00,47.6,24.4,34.7335,39.454
2022-05-01 22:00:00+02:00,53.867,14.1,21.6545,21.765
2022-05-01 23:00:00+02:00,58.666,14.8,22.371,22.6335
2022-05-02 00:00:00+02:00,56.6,14.0,20.9885,21.1685
2022-05-02 01:00:00+02:00,56.233,11.3,16.749000000000002,16.749499999999998
2022-05-02 02:00:00+02:00,55.7,10.6,15.5295,15.5295
2022-05-02 03:00:00+02:00,55.8,12.2,17.9485,18.2205
2022-05-02 04:00:00+02:00,56.933,13.4,19.926,20.31
2022-05-02 05:00:00+02:00,55.433,14.4,21.091,21.941
2022-05-02 06:00:00+02:00,54.433,15.0,22.447,22.828000000000003
2022-05-02 07:00:00+02:00,55.5,16.1,23.9375,24.7425
2022-05-02 08:00:00+02:00,54.933,17.8,26.2035,27.454500000000003
2022-05-02 09:00:00+02:00,53.9,17.8,26.6095,27.3375
2022-05-02 10:00:00+02:00,51.466,18.4,27.7575,28.747
2022-05-02 11:00:00+02:00,45.667,22.3,32.196,35.071
2022-05-02 12:00:00+02:00,40.933,22.7,32.9505,35.6745
2022-05-02 13:00:00+02:00,40.966,26.7,37.021,42.814
2022-05-02 14:00:00+02:00,38.9,23.3,33.6715,36.97
2022-05-02 15:00:00+02:00,33.934,23.7,34.3665,37.914
2022-05-02 16:00:00+02:00,33.833,24.5,35.115,39.273
2022-05-02 17:00:00+02:00,41.633,27.3,37.9805,44.194
2022-05-02 18:00:00+02:00,46.334,23.2,33.3635,36.7525
2022-05-02 19:00:00+02:00,45.733,21.2,31.2815,33.6345
2022-05-02 20:00:00+02:00,45.233,25.1,35.697,40.77
2022-05-02 21:00:00+02:00,47.434,27.3,38.0505,44.493
2022-05-02 22:00:00+02:00,51.067,25.5,36.237,41.205
2022-05-02 23:00:00+02:00,55.466,27.4,38.104,44.793000000000006
2022-05-03 00:00:00+02:00,55.534,22.2,32.782000000000004,35.34
2022-05-03 01:00:00+02:00,56.466,20.0,30.4475,31.8285
2022-05-03 02:00:00+02:00,55.766,17.3,26.671,27.08
2022-05-03 03:00:00+02:00,56.433,17.3,27.021,27.4245
2022-05-03 04:00:00+02:00,55.767,16.9,26.5315,26.751
2022-05-03 05:00:00+02:00,55.334,17.6,27.5725,28.0265
2022-05-03 06:00:00+02:00,55.033,21.0,31.8195,34.052
2022-05-03 07:00:00+02:00,53.9,26.6,37.840500000000006,43.8495
2022-05-03 08:00:00+02:00,51.6,30.5,41.3235,50.8535
2022-05-03 09:00:00+02:00,46.367,20.7,30.3855,32.813
2022-05-03 10:00:00+02:00,38.0,19.7,29.532000000000004,31.434
2022-05-03 11:00:00+02:00,29.3,15.1,23.2685,23.688
2022-05-03 12:00:00+02:00,22.133,10.9,16.36,16.372999999999998
2022-05-03 13:00:00+02:00,20.267,10.3,15.3285,15.672
2022-05-03 14:00:00+02:00,21.066,11.8,18.016,18.087
2022-05-03 15:00:00+02:00,20.267,10.6,16.143,16.177500000000002
2022-05-03 16:00:00+02:00,18.8,10.7,16.048000000000002,16.2925
2022-05-03 17:00:00+02:00,19.834,10.2,15.552,15.552
2022-05-03 18:00:00+02:00,20.034,11.1,16.832,16.9865
2022-05-03 19:00:00+02:00,23.4,12.2,18.7045,18.965
2022-05-03 20:00:00+02:00,32.867,19.0,29.515,31.0835
2022-05-03 21:00:00+02:00,39.267,20.6,31.393500000000003,33.5945
2022-05-03 22:00:00+02:00,43.633,20.2,30.594500000000004,33.0415
2022-05-03 23:00:00+02:00,46.067,19.0,29.048,30.964
2022-05-04 00:00:00+02:00,47.834,30.1,40.4745,53.014
2022-05-04 01:00:00+02:00,49.167,16.6,25.067,26.615
2022-05-04 02:00:00+02:00,49.834,15.0,23.9655,24.0745
2022-05-04 03:00:00+02:00,51.267,14.7,23.385,23.403
2022-05-04 04:00:00+02:00,52.633,16.2,25.9915,26.3875
2022-05-04 05:00:00+02:00,52.3,18.6,29.255,30.7155
2022-05-04 06:00:00+02:00,51.6,21.3,32.411,35.3055
2022-05-04 07:00:00+02:00,47.6,22.0,33.2115,36.375
2022-05-04 08:00:00+02:00,41.066,19.0,29.091500000000003,30.8005
2022-05-04 09:00:00+02:00,37.267,18.5,28.318,29.7015
2022-05-04 10:00:00+02:00,27.6,15.3,23.846,24.364
2022-05-04 11:00:00+02:00,19.2,12.7,19.149,19.832
2022-05-04 12:00:00+02:00,17.7,12.1,18.2965,18.842
2022-05-04 13:00:00+02:00,14.567,9.8,14.91,14.9385
2022-05-04 14:00:00+02:00,11.933,9.8,14.5165,14.5555
2022-05-04 15:00:00+02:00,11.6,9.6,14.171,14.239
2022-05-04 16:00:00+02:00,11.0,9.9,14.982500000000002,15.086
2022-05-04 17:00:00+02:00,11.034,9.8,14.5325,14.5335
2022-05-04 18:00:00+02:00,11.534,9.2,13.641,13.641
2022-05-04 19:00:00+02:00,15.9,14.0,20.785,22.056
2022-05-04 20:00:00+02:00,25.666,15.6,24.653,25.0335
2022-05-04 21:00:00+02:00,30.167,16.5,25.5585,26.341
2022-05-04 22:00:00+02:00,33.067,15.6,23.5125,25.03
2022-05-04 23:00:00+02:00,36.0,14.2,21.93,22.282
2022-05-05 00:00:00+02:00,41.767,17.3,25.7085,27.6145
2022-05-05 01:00:00+02:00,43.133,16.3,24.306,25.8705
2022-05-05 02:00:00+02:00,44.1,16.1,23.7725,25.406
2022-05-05 03:00:00+02:00,48.534,14.6,22.2035,22.8685
2022-05-05 04:00:00+02:00,49.8,15.0,23.046,23.5795
2022-05-05 05:00:00+02:00,49.4,14.8,22.981,23.08
2022-05-05 06:00:00+02:00,51.3,19.0,28.4355,30.5585
2022-05-05 07:00:00+02:00,47.767,18.9,28.0645,30.292
2022-05-05 08:00:00+02:00,42.034,18.3,28.1245,29.374
2022-05-05 09:00:00+02:00,35.4,16.7,25.799,26.3855
2022-05-05 10:00:00+02:00,25.834,13.5,20.765,21.0345
2022-05-05 11:00:00+02:00,20.933,13.3,20.6205,20.833
2022-05-05 12:00:00+02:00,19.1,13.1,20.559,20.5925
2022-05-05 13:00:00+02:00,19.834,12.9,20.084000000000003,20.134
2022-05-05 14:00:00+02:00,20.267,12.1,18.84,18.8405
2022-05-05 15:00:00+02:00,22.267,14.8,23.377,23.691
2022-05-05 16:00:00+02:00,23.867,16.4,25.7405,26.306
2022-05-05 17:00:00+02:00,23.334,16.2,25.422,25.7835
2022-05-05 18:00:00+02:00,24.333,19.4,29.157000000000004,31.295
2022-05-05 19:00:00+02:00,31.6,22.5,33.6975,36.951
2022-05-05 20:00:00+02:00,37.7,25.9,37.069500000000005,43.45
2022-05-05 21:00:00+02:00,43.1,25.6,36.74,42.248000000000005
2022-05-05 22:00:00+02:00,46.3,24.1,35.154,39.3245
2022-05-05 23:00:00+02:00,47.9,23.7,34.6845,38.783
2022-05-06 00:00:00+02:00,47.8,21.1,31.7825,34.0105
2022-05-06 01:00:00+02:00,48.733,20.5,30.986,32.863
2022-05-06 02:00:00+02:00,51.0,21.7,32.2325,34.9935
2022-05-06 03:00:00+02:00,50.233,19.1,29.026000000000003,30.2705
2022-05-06 04:00:00+02:00,50.367,21.2,31.257,33.898
2022-05-06 05:00:00+02:00,48.633,18.6,28.25,29.2905
2022-05-06 06:00:00+02:00,48.233,19.0,28.811,30.1385
2022-05-06 07:00:00+02:00,46.767,23.0,33.504999999999995,37.196
2022-05-06 08:00:00+02:00,45.8,21.5,32.0105,34.716
2022-05-06 09:00:00+02:00,43.233,25.5,36.328,41.694
2022-05-06 10:00:00+02:00,40.2,24.6,35.361,40.059
2022-05-06 11:00:00+02:00,39.666,17.9,27.025,28.105000000000004
2022-05-06 12:00:00+02:00,44.833,14.8,22.9555,23.12
2022-05-06 13:00:00+02:00,43.3,15.0,23.205,23.3945
2022-05-06 14:00:00+02:00,40.347,14.1,21.667,21.8665
2022-05-06 15:00:00+02:00,40.834,13.0,19.5825,19.6365
2022-05-06 16:00:00+02:00,47.167,14.5,22.232,22.3945
2022-05-06 17:00:00+02:00,52.733,14.3,21.306,21.796
2022-05-06 18:00:00+02:00,55.1,14.0,20.926,21.289
2022-05-06 19:00:00+02:00,57.2,20.3,29.7455,32.201
2022-05-06 20:00:00+02:00,56.945,14.3,21.8475,22.0985
2022-05-06 21:00:00+02:00,57.233,15.9,24.1905,24.543
2022-05-06 22:00:00+02:00,59.5,16.0,24.4145,24.7295
2022-05-06 23:00:00+02:00,60.666,17.1,25.831,26.619
2022-05-07 00:00:00+02:00,61.567,14.9,22.204,22.269
2022-05-07 01:00:00+02:00,60.334,15.6,22.302,23.7465
2022-05-07 02:00:00+02:00,61.6,12.7,18.852,18.882
2022-05-07 03:00:00+02:00,62.167,12.5,18.4945,18.509
2022-05-07 04:00:00+02:00,60.166,10.9,15.72,15.771
2022-05-07 05:00:00+02:00,61.367,13.0,19.164,19.5295
2022-05-07 06:00:00+02:00,62.7,17.1,25.1085,26.8045
2022-05-07 07:00:00+02:00,62.067,18.9,27.0,29.717
2022-05-07 08:00:00+02:00,59.8,20.3,29.3625,32.4435
2022-05-07 09:00:00+02:00,56.433,20.5,30.661,32.7245
2022-05-07 10:00:00+02:00,52.067,20.7,30.454,32.648
2022-05-07 11:00:00+02:00,48.933,22.3,32.7275,35.5965
2022-05-07 12:00:00+02:00,47.034,25.9,36.1265,41.301
2022-05-07 13:00:00+02:00,47.0,30.5,40.186,48.7295
2022-05-07 14:00:00+02:00,46.967,30.1,40.026,48.2565
2022-05-07 15:00:00+02:00,46.834,25.1,35.283500000000004,40.138
2022-05-07 16:00:00+02:00,47.966,18.9,28.547,29.7035
2022-05-07 17:00:00+02:00,48.267,21.1,31.0825,33.2185
2022-05-07 18:00:00+02:00,47.8,29.6,39.549,47.6125
2022-05-07 19:00:00+02:00,51.267,39.5,47.0995,64.3365
2022-05-07 20:00:00+02:00,57.7,22.4,32.3475,35.088
2022-05-07 21:00:00+02:00,59.733,19.8,29.288,30.987
2022-05-07 22:00:00+02:00,61.8,22.9,32.541,36.2045
2022-05-07 23:00:00+02:00,61.767,25.4,35.6355,40.462500000000006
2022-05-08 00:00:00+02:00,64.067,22.4,32.5145,35.0895
2022-05-08 01:00:00+02:00,62.067,17.9,26.537,27.172
2022-05-08 02:00:00+02:00,64.167,17.1,25.043,25.77
2022-05-08 03:00:00+02:00,64.933,13.7,20.257,20.28
2022-05-08 04:00:00+02:00,63.133,15.7,23.1135,23.7435
2022-05-08 05:00:00+02:00,63.0,11.8,17.223,17.243000000000002
2022-05-08 06:00:00+02:00,64.034,12.0,17.7595,17.762999999999998
2022-05-08 07:00:00+02:00,61.034,15.6,23.0825,23.997
2022-05-08 08:00:00+02:00,57.933,15.8,23.3535,24.095
2022-05-08 09:00:00+02:00,55.234,21.9,29.413000000000004,34.534
2022-05-08 10:00:00+02:00,51.2,17.6,25.417,27.411
2022-05-08 11:00:00+02:00,45.133,22.0,31.8865,34.236999999999995
2022-05-08 12:00:00+02:00,38.967,19.2,28.917,30.179
2022-05-08 13:00:00+02:00,35.4,22.2,33.269,36.7655
2022-05-08 14:00:00+02:00,30.267,23.1,34.0635,38.004000000000005
2022-05-08 15:00:00+02:00,28.1,17.4,27.146,27.8575
2022-05-08 16:00:00+02:00,28.2,16.7,26.0105,26.418
2022-05-08 17:00:00+02:00,27.733,16.3,25.2335,25.6625
2022-05-08 18:00:00+02:00,30.733,16.5,25.7245,26.209
2022-05-08 19:00:00+02:00,42.166,17.6,27.106,27.976
2022-05-08 20:00:00+02:00,47.8,10.3,15.2125,15.3215
2022-05-08 21:00:00+02:00,46.858,8.1,11.267,11.2685
2022-05-08 22:00:00+02:00,49.034,11.1,15.844,16.512999999999998
2022-05-08 23:00:00+02:00,54.533,9.4,13.542,13.542
2022-05-09 00:00:00+02:00,53.467,9.1,13.006,13.0155
2022-05-09 01:00:00+02:00,54.067,10.0,14.562,14.572500000000002
2022-05-09 02:00:00+02:00,53.234,10.4,15.133,15.2055
2022-05-09 03:00:00+02:00,54.034,9.3,13.277,13.277
2022-05-09 04:00:00+02:00,53.433,10.9,16.0765,16.0765
2022-05-09 05:00:00+02:00,55.433,10.9,16.256999999999998,16.308
2022-05-09 06:00:00+02:00,55.367,11.9,17.522,17.603
2022-05-09 07:00:00+02:00,52.033,11.1,16.296,16.387
2022-05-09 08:00:00+02:00,51.067,11.6,17.0705,17.304000000000002
2022-05-09 09:00:00+02:00,50.666,12.5,18.694,18.8835
2022-05-09 10:00:00+02:00,44.834,12.7,19.335,19.3555
2022-05-09 11:00:00+02:00,37.7,14.3,22.137,22.3385
2022-05-09 12:00:00+02:00,31.334,14.4,22.232,22.672
2022-05-09 13:00:00+02:00,28.6,13.6,20.6465,21.0025
2022-05-09 14:00:00+02:00,24.534,12.3,18.9475,19.0425
2022-05-09 15:00:00+02:00,22.466,13.1,19.512,20.18
2022-05-09 16:00:00+02:00,21.967,13.5,20.0515,20.741
2022-05-09 17:00:00+02:00,23.534,15.2,23.248,24.4645
2022-05-09 18:00:00+02:00,29.9,16.3,25.163,25.956000000000003
2022-05-09 19:00:00+02:00,36.6,14.5,22.7995,22.863
2022-05-09 20:00:00+02:00,41.067,18.4,28.2365,29.679
2022-05-09 21:00:00+02:00,45.834,20.1,30.4995,32.3655
2022-05-09 22:00:00+02:00,50.533,20.2,30.449,32.3315
2022-05-09 23:00:00+02:00,52.9,17.7,27.4435,28.187
2022-05-10 00:00:00+02:00,55.7,18.0,27.4955,28.4735
2022-05-10 01:00:00+02:00,56.734,17.9,27.063,28.2735
2022-05-10 02:00:00+02:00,59.133,18.6,27.143500000000003,29.349
2022-05-10 03:00:00+02:00,59.666,18.2,26.9585,28.833
2022-05-10 04:00:00+02:00,59.4,15.4,24.056,24.19
2022-05-10 05:00:00+02:00,57.933,15.1,23.395,23.493
2022-05-10 06:00:00+02:00,59.034,18.8,28.465000000000003,30.212000000000003
2022-05-10 07:00:00+02:00,56.933,18.7,28.6065,29.8635
2022-05-10 08:00:00+02:00,53.9,18.8,28.3595,29.7435
2022-05-10 09:00:00+02:00,46.133,17.0,25.874,26.813
2022-05-10 10:00:00+02:00,35.3,14.9,23.0885,23.457
2022-05-10 11:00:00+02:00,28.934,13.5,20.8925,20.9395
2022-05-10 12:00:00+02:00,23.1,11.6,17.53,17.5555
2022-05-10 13:00:00+02:00,20.966,12.1,18.227,18.2555
2022-05-10 14:00:00+02:00,19.767,11.6,17.3365,17.363
2022-05-10 15:00:00+02:00,20.733,11.2,16.9585,16.9615
2022-05-10 16:00:00+02:00,23.233,12.3,18.912,19.061
2022-05-10 17:00:00+02:00,23.466,10.9,16.2555,16.257
2022-05-10 18:00:00+02:00,25.067,10.9,16.4985,16.505499999999998
2022-05-10 19:00:00+02:00,34.567,19.2,28.2395,30.82
2022-05-10 20:00:00+02:00,41.9,16.0,24.7515,25.2455
2022-05-10 21:00:00+02:00,44.8,17.0,26.234,26.6775
2022-05-10 22:00:00+02:00,50.334,16.9,25.9195,26.5425
2022-05-10 23:00:00+02:00,52.967,15.9,24.612,25.025
2022-05-11 00:00:00+02:00,54.666,15.4,23.729,23.904
2022-05-11 01:00:00+02:00,55.7,14.1,21.503500000000003,21.503500000000003
2022-05-11 02:00:00+02:00,54.966,14.6,22.4855,22.5395
2022-05-11 03:00:00+02:00,55.067,15.0,22.924,23.1655
2022-05-11 04:00:00+02:00,55.367,15.1,23.2975,23.484
2022-05-11 05:00:00+02:00,55.767,15.9,24.183,24.6815
2022-05-11 06:00:00+02:00,55.433,20.8,29.813,33.637
2022-05-11 07:00:00+02:00,52.8,16.5,25.2455,25.8255
2022-05-11 08:00:00+02:00,48.3,15.4,23.715,24.096
2022-05-11 09:00:00+02:00,42.334,14.2,22.1025,22.1395
2022-05-11 10:00:00+02:00,33.934,12.1,18.5455,18.6485
2022-05-11 11:00:00+02:00,26.834,11.1,16.693,16.7865
2022-05-11 12:00:00+02:00,19.434,11.5,17.2045,17.241
2022-05-11 13:00:00+02:00,16.5,11.9,17.82,18.2515
2022-05-11 14:00:00+02:00,15.066,9.5,14.1745,14.1745
2022-05-11 15:00:00+02:00,12.533,10.5,15.695,15.697
2022-05-11 16:00:00+02:00,13.1,10.7,15.6655,15.6755
2022-05-11 17:00:00+02:00,13.933,10.3,14.9495,15.4
2022-05-11 18:00:00+02:00,16.7,9.4,14.0515,14.1235
2022-05-11 19:00:00+02:00,23.0,14.3,22.0795,22.4245
2022-05-11 20:00:00+02:00,31.834,12.9,19.99,19.9915
2022-05-11 21:00:00+02:00,36.2,13.0,20.2035,20.2175
2022-05-11 22:00:00+02:00,38.0,14.0,21.092,21.478
2022-05-11 23:00:00+02:00,38.9,11.2,16.9825,17.0015
2022-05-12 00:00:00+02:00,38.867,10.7,16.0205,16.0205
2022-05-12 01:00:00+02:00,41.2,10.8,16.1785,16.1785
2022-05-12 02:00:00+02:00,43.133,10.3,15.3375,15.3375
2022-05-12 03:00:00+02:00,44.567,10.7,15.9065,15.9065
2022-05-12 04:00:00+02:00,45.867,10.8,16.0375,16.0375
2022-05-12 05:00:00+02:00,45.0,11.7,17.4205,17.4205
2022-05-12 06:00:00+02:00,44.633,11.6,17.393,17.393
2022-05-12 07:00:00+02:00,41.5,13.6,20.904,21.0115
2022-05-12 08:00:00+02:00,37.567,12.6,19.0705,19.0815
2022-05-12 09:00:00+02:00,31.433,10.2,15.145499999999998,15.145499999999998
2022-05-12 10:00:00+02:00,25.1,8.4,11.8525,11.8525
2022-05-12 11:00:00+02:00,22.066,10.5,15.573,15.6315
2022-05-12 12:00:00+02:00,20.767,11.5,17.0475,17.274
2022-05-12 13:00:00+02:00,19.767,11.5,17.223,17.5695
2022-05-12 14:00:00+02:00,18.366,11.2,16.869,16.869
2022-05-12 15:00:00+02:00,18.066,11.4,17.424,17.429499999999997
2022-05-12 16:00:00+02:00,18.067,12.0,18.2275,18.306
2022-05-12 17:00:00+02:00,17.966,13.2,20.3045,20.4315
2022-05-12 18:00:00+02:00,17.767,13.1,20.111,20.131500000000003
2022-05-12 19:00:00+02:00,26.2,19.8,29.495,31.953
2022-05-12 20:00:00+02:00,34.9,17.6,26.9925,27.648000000000003
2022-05-12 21:00:00+02:00,40.433,15.8,24.481,24.7135
2022-05-12 22:00:00+02:00,44.0,15.2,23.5325,23.6085
2022-05-12 23:00:00+02:00,47.434,15.9,24.7075,24.8915
2022-05-13 00:00:00+02:00,50.567,16.0,24.68,25.0895
2022-05-13 01:00:00+02:00,50.5,14.9,22.836,22.8415
2022-05-13 02:00:00+02:00,52.067,15.3,23.4355,23.5965
2022-05-13 03:00:00+02:00,52.534,15.4,23.3885,23.48
2022-05-13 04:00:00+02:00,52.666,16.1,24.5765,24.9645
2022-05-13 05:00:00+02:00,55.167,16.8,25.6495,26.1905
2022-05-13 06:00:00+02:00,53.133,17.8,26.746,27.851
2022-05-13 07:00:00+02:00,48.8,19.4,29.0925,30.829
2022-05-13 08:00:00+02:00,44.1,18.6,28.256500000000003,29.44
2022-05-13 09:00:00+02:00,37.233,18.2,27.3045,28.834
2022-05-13 10:00:00+02:00,27.133,10.4,15.445,15.449
2022-05-13 11:00:00+02:00,25.066,11.6,17.402,17.4115
2022-05-13 12:00:00+02:00,21.133,12.7,19.275,19.3365
2022-05-13 13:00:00+02:00,18.533,10.0,14.987000000000002,14.987000000000002
2022-05-13 14:00:00+02:00,17.659,10.8,15.9565,16.276
2022-05-13 15:00:00+02:00,18.733,9.9,14.5715,14.5985
2022-05-13 16:00:00+02:00,20.166,10.5,15.6345,15.6345
2022-05-13 17:00:00+02:00,21.466,12.3,18.634,18.6495
2022-05-13 18:00:00+02:00,22.967,15.2,23.1815,23.862
2022-05-13 19:00:00+02:00,25.875,15.9,24.3115,24.938
2022-05-13 20:00:00+02:00,35.9,17.7,27.0885,28.2265
2022-05-13 21:00:00+02:00,43.9,20.0,30.0515,31.6195
2022-05-13 22:00:00+02:00,48.0,20.8,31.2675,33.174
2022-05-13 23:00:00+02:00,49.467,20.1,30.396,32.0645
2022-05-14 00:00:00+02:00,51.0,19.2,28.982,30.1555
2022-05-14 01:00:00+02:00,53.433,20.3,30.013,31.896500000000003
2022-05-14 02:00:00+02:00,54.7,19.4,29.058,30.256500000000003
2022-05-14 03:00:00+02:00,54.4,20.5,30.198,32.051
2022-05-14 04:00:00+02:00,59.7,20.9,31.0695,32.9045
2022-05-14 05:00:00+02:00,60.667,19.0,28.4015,29.663
2022-05-14 06:00:00+02:00,61.5,19.9,29.497,31.495
2022-05-14 07:00:00+02:00,58.9,17.3,26.3255,26.915
2022-05-14 08:00:00+02:00,53.6,13.8,21.045,21.1415
2022-05-14 09:00:00+02:00,50.133,11.6,17.4575,17.569
2022-05-14 10:00:00+02:00,35.6,10.7,15.9825,15.999
2022-05-14 11:00:00+02:00,29.2,10.5,16.08,16.126
2022-05-14 12:00:00+02:00,24.033,10.0,14.9145,14.9145
2022-05-14 13:00:00+02:00,18.533,8.6,12.686,12.796499999999998
2022-05-14 14:00:00+02:00,16.566,7.9,11.3815,11.5415
2022-05-14 15:00:00+02:00,17.1,9.1,13.626,13.7525
2022-05-14 16:00:00+02:00,18.434,8.9,13.1305,13.147
2022-05-14 17:00:00+02:00,17.934,8.9,13.089,13.2625
2022-05-14 18:00:00+02:00,18.733,9.2,13.6395,13.712
2022-05-14 19:00:00+02:00,22.5,10.3,15.654,15.7235
2022-05-14 20:00:00+02:00,31.8,11.7,18.1485,18.3235
2022-05-14 21:00:00+02:00,37.767,13.3,20.977,21.014000000000003
2022-05-14 22:00:00+02:00,43.1,12.9,20.0535,20.1875
2022-05-14 23:00:00+02:00,47.233,14.5,22.2255,22.867
2022-05-15 00:00:00+02:00,49.6,14.5,21.993,22.6975
2022-05-15 01:00:00+02:00,51.334,11.5,17.846,17.869500000000002
2022-05-15 02:00:00+02:00,51.567,12.0,18.6535,18.7495
2022-05-15 03:00:00+02:00,53.633,13.3,20.577,21.1525
2022-05-15 04:00:00+02:00,52.433,15.8,22.7725,24.9915
2022-05-15 05:00:00+02:00,51.534,13.0,19.325,20.2245
2022-05-15 06:00:00+02:00,52.834,14.5,21.661,22.6805
2022-05-15 07:00:00+02:00,47.567,11.4,17.608,17.628
2022-05-15 08:00:00+02:00,42.334,11.5,17.6875,17.7025
2022-05-15 09:00:00+02:00,35.733,12.0,18.6165,18.661
2022-05-15 10:00:00+02:00,29.2,10.8,16.4205,16.4325
2022-05-15 11:00:00+02:00,23.5,9.3,13.987,13.9915
2022-05-15 12:00:00+02:00,19.8,9.1,13.65,13.663
2022-05-15 13:00:00+02:00,16.366,8.7,12.909,12.9165
2022-05-15 14:00:00+02:00,14.767,8.9,12.922999999999998,13.118
2022-05-15 15:00:00+02:00,13.933,9.1,13.3375,13.4815
2022-05-15 16:00:00+02:00,14.6,8.7,12.807,12.807
2022-05-15 17:00:00+02:00,15.367,9.6,14.1995,14.249
2022-05-15 18:00:00+02:00,16.934,9.5,14.168500000000002,14.204
2022-05-15 19:00:00+02:00,21.966,12.4,17.413,19.392
2022-05-15 20:00:00+02:00,31.134,12.6,19.7195,19.8065
2022-05-15 21:00:00+02:00,37.633,14.8,22.703,23.2895
2022-05-15 22:00:00+02:00,40.933,14.6,23.244,23.4525
2022-05-15 23:00:00+02:00,43.933,12.8,20.0905,20.1125
2022-05-16 00:00:00+02:00,46.334,13.7,21.1675,21.446
2022-05-16 01:00:00+02:00,47.933,11.7,17.869,17.869500000000002
2022-05-16 02:00:00+02:00,48.7,10.8,16.206500000000002,16.206500000000002
2022-05-16 03:00:00+02:00,48.666,17.0,23.3945,27.037
2022-05-16 04:00:00+02:00,48.3,11.5,17.6965,17.773
2022-05-16 05:00:00+02:00,49.166,13.5,19.7865,20.892
2022-05-16 06:00:00+02:00,49.0,15.4,22.454,24.0085
2022-05-16 07:00:00+02:00,44.933,14.0,21.4245,21.9975
2022-05-16 08:00:00+02:00,38.767,13.5,21.018500000000003,21.1095
2022-05-16 09:00:00+02:00,32.934,16.3,24.4835,26.0855
2022-05-16 10:00:00+02:00,26.433,13.4,20.5055,20.9075
2022-05-16 11:00:00+02:00,22.534,15.0,22.4065,23.625
2022-05-16 12:00:00+02:00,20.7,14.0,21.351,22.1895
2022-05-16 13:00:00+02:00,18.256,12.6,19.163,19.8585
2022-05-16 14:00:00+02:00,16.767,12.8,18.531,20.234
2022-05-16 15:00:00+02:00,16.233,11.0,16.806,16.9025
2022-05-16 16:00:00+02:00,15.667,10.9,16.502499999999998,16.548000000000002
2022-05-16 17:00:00+02:00,15.317,9.8,14.697500000000002,14.745
2022-05-16 18:00:00+02:00,19.236,11.6,17.5385,17.698999999999998
2022-05-16 19:00:00+02:00,28.975,13.6,21.312,21.7425
2022-05-16 20:00:00+02:00,36.067,14.8,23.2385,23.478
2022-05-16 21:00:00+02:00,36.725,13.7,21.2345,21.386000000000003
2022-05-16 22:00:00+02:00,38.541,11.3,17.228,17.228
2022-05-16 23:00:00+02:00,42.167,12.5,19.2965,19.2965
2022-05-17 00:00:00+02:00,42.233,11.3,17.157,17.1685
2022-05-17 01:00:00+02:00,44.1,11.5,17.4815,17.502
2022-05-17 02:00:00+02:00,48.234,11.5,17.448,17.576
2022-05-17 03:00:00+02:00,49.933,14.4,20.6145,22.328000000000003
2022-05-17 04:00:00+02:00,49.5,13.2,19.01,20.262
2022-05-17 05:00:00+02:00,47.2,11.0,16.5745,16.5745
2022-05-17 06:00:00+02:00,47.167,13.4,19.977,20.4905
2022-05-17 07:00:00+02:00,47.666,14.1,21.8105,22.0835
2022-05-17 08:00:00+02:00,42.4,12.8,19.541,19.6325
2022-05-17 09:00:00+02:00,39.2,11.5,17.1875,17.2085
2022-05-17 10:00:00+02:00,34.466,10.9,16.375500000000002,16.375500000000002
2022-05-17 11:00:00+02:00,31.4,22.6,30.3495,37.2415
2022-05-17 12:00:00+02:00,30.166,22.7,31.5,37.36
2022-05-17 13:00:00+02:00,33.633,17.5,25.932,27.934
2022-05-17 14:00:00+02:00,40.233,12.6,19.2885,19.3515
2022-05-17 15:00:00+02:00,43.233,12.6,19.1555,19.231
2022-05-17 16:00:00+02:00,40.567,11.1,16.5575,16.5605
2022-05-17 17:00:00+02:00,40.3,11.4,17.069499999999998,17.3015
2022-05-17 18:00:00+02:00,37.816,11.7,17.4535,17.9145
2022-05-17 19:00:00+02:00,38.367,11.6,17.647,17.6715
2022-05-17 20:00:00+02:00,40.933,11.8,17.411,18.0375
2022-05-17 21:00:00+02:00,52.667,7.1,9.747,9.7605
2022-05-17 22:00:00+02:00,56.367,6.8,9.2235,9.243
2022-05-17 23:00:00+02:00,55.133,6.9,9.2665,9.2665
2022-05-18 00:00:00+02:00,56.233,7.9,10.384,10.957
2022-05-18 01:00:00+02:00,58.367,8.9,11.3275,12.665
2022-05-18 02:00:00+02:00,62.334,6.0,7.768,7.768
2022-05-18 03:00:00+02:00,61.833,6.3,8.0535,8.0535
2022-05-18 04:00:00+02:00,60.267,11.5,15.1225,17.046
2022-05-18 05:00:00+02:00,58.567,10.7,15.41,15.8275
2022-05-18 06:00:00+02:00,55.334,12.7,19.109,19.2155
2022-05-18 07:00:00+02:00,53.4,16.8,25.714,26.534
2022-05-18 08:00:00+02:00,53.933,18.6,28.094,29.3655
2022-05-18 09:00:00+02:00,47.333,17.5,26.911,27.773000000000003
2022-05-18 10:00:00+02:00,39.166,15.3,23.824,24.2485
2022-05-18 11:00:00+02:00,34.842,12.6,19.4545,19.5005
2022-05-18 12:00:00+02:00,25.6,9.4,14.226499999999998,14.226499999999998
2022-05-18 13:00:00+02:00,24.733,9.4,14.1065,14.1105
2022-05-18 14:00:00+02:00,23.267,8.4,12.265999999999998,12.265999999999998
2022-05-18 15:00:00+02:00,20.4,8.5,12.2375,12.412
2022-05-18 16:00:00+02:00,19.433,7.5,10.7335,10.7335
2022-05-18 17:00:00+02:00,19.1,6.7,9.366,9.366
2022-05-18 18:00:00+02:00,20.7,6.7,9.4675,9.4675
2022-05-18 19:00:00+02:00,22.9,6.9,9.702,9.7715
2022-05-18 20:00:00+02:00,25.1,8.2,11.907,11.924
2022-05-18 21:00:00+02:00,30.166,10.8,16.2855,16.569
2022-05-18 22:00:00+02:00,37.9,9.2,13.3995,13.4845
2022-05-18 23:00:00+02:00,43.6,11.0,16.3145,16.695
2022-05-19 00:00:00+02:00,48.267,9.6,14.386500000000002,14.6045
2022-05-19 01:00:00+02:00,51.267,8.5,12.4085,12.4085
2022-05-19 02:00:00+02:00,53.206,9.4,14.1245,14.176
2022-05-19 03:00:00+02:00,53.0,7.8,11.2895,11.2895
2022-05-19 04:00:00+02:00,53.0,10.0,14.91,15.515
2022-05-19 05:00:00+02:00,52.433,8.2,12.4445,12.446
2022-05-19 06:00:00+02:00,50.967,9.6,14.4205,14.974
2022-05-19 07:00:00+02:00,44.6,9.1,13.1975,13.1975
2022-05-19 08:00:00+02:00,36.934,9.8,14.0125,14.437
2022-05-19 09:00:00+02:00,29.233,8.1,11.2675,11.419
2022-05-19 10:00:00+02:00,20.334,9.9,12.859,14.512
2022-05-19 11:00:00+02:00,16.3,6.8,9.061,9.176
2022-05-19 12:00:00+02:00,14.267,6.2,8.0615,8.0615
2022-05-19 13:00:00+02:00,12.767,6.1,7.897,7.897
2022-05-19 14:00:00+02:00,12.2,5.5,7.048,7.048
2022-05-19 15:00:00+02:00,11.434,5.4,6.798500000000001,6.798500000000001
2022-05-19 16:00:00+02:00,11.0,5.6,7.1275,7.1275
2022-05-19 17:00:00+02:00,11.7,5.8,7.6395,7.6395
2022-05-19 18:00:00+02:00,13.066,6.3,8.4475,8.4475
2022-05-19 19:00:00+02:00,16.467,9.5,13.3735,13.811
2022-05-19 20:00:00+02:00,25.467,9.7,14.276,14.28
2022-05-19 21:00:00+02:00,32.733,10.5,15.764,15.825499999999998
2022-05-19 22:00:00+02:00,36.334,9.4,13.7085,13.7085
2022-05-19 23:00:00+02:00,39.834,9.7,14.164,14.6545
2022-05-20 00:00:00+02:00,43.067,9.5,14.024,14.188
2022-05-20 01:00:00+02:00,44.0,12.4,17.739,18.8335
2022-05-20 02:00:00+02:00,44.1,8.8,12.4735,12.498
2022-05-20 03:00:00+02:00,44.7,10.0,13.766,14.838
2022-05-20 04:00:00+02:00,43.066,8.8,12.431,12.477
2022-05-20 05:00:00+02:00,42.0,8.2,11.481,11.4815
2022-05-20 06:00:00+02:00,40.4,10.6,15.1625,15.473
2022-05-20 07:00:00+02:00,38.733,16.5,25.4285,26.0885
2022-05-20 08:00:00+02:00,33.5,13.1,19.863,20.2045
2022-05-20 09:00:00+02:00,28.034,9.8,14.3415,14.3975
2022-05-20 10:00:00+02:00,21.0,9.8,14.243,14.3225
2022-05-20 11:00:00+02:00,14.567,7.8,10.866,10.867
2022-05-20 12:00:00+02:00,9.067,7.4,10.2635,10.393
2022-05-20 13:00:00+02:00,10.9,6.6,8.904,8.904
2022-05-20 14:00:00+02:00,11.534,7.2,9.854,9.854
2022-05-20 15:00:00+02:00,12.767,9.6,13.9115,14.04
2022-05-20 16:00:00+02:00,14.733,8.9,12.979,12.995
2022-05-20 17:00:00+02:00,16.534,8.3,11.734,11.8035
2022-05-20 18:00:00+02:00,18.366,8.7,12.5525,12.554
2022-05-20 19:00:00+02:00,24.9,14.8,22.4595,23.271
2022-05-20 20:00:00+02:00,33.367,17.4,26.7545,27.99
2022-05-20 21:00:00+02:00,37.233,18.3,26.9265,29.519
2022-05-20 22:00:00+02:00,38.966,14.3,21.9845,22.5245
2022-05-20 23:00:00+02:00,40.133,11.4,17.2145,17.228
2022-05-21 00:00:00+02:00,41.3,11.3,17.029,17.031
2022-05-21 01:00:00+02:00,43.166,10.7,15.71,15.71
2022-05-21 02:00:00+02:00,44.367,10.6,15.6085,15.6085
2022-05-21 03:00:00+02:00,46.267,11.5,16.7695,16.8395
2022-05-21 04:00:00+02:00,44.233,13.5,19.525,20.3255
2022-05-21 05:00:00+02:00,45.934,13.5,20.0065,20.9975
2022-05-21 06:00:00+02:00,44.033,11.5,16.8905,17.316000000000003
2022-05-21 07:00:00+02:00,39.534,14.0,21.063,21.7005
2022-05-21 08:00:00+02:00,35.566,12.0,17.927500000000002,17.936
2022-05-21 09:00:00+02:00,31.834,11.2,16.612000000000002,16.667
2022-05-21 10:00:00+02:00,28.567,13.8,21.2915,21.4045
2022-05-21 11:00:00+02:00,24.534,13.2,20.1395,20.3875
2022-05-21 12:00:00+02:00,21.4,10.5,15.57,15.6325
2022-05-21 13:00:00+02:00,19.9,9.9,14.77,14.77
2022-05-21 14:00:00+02:00,18.033,8.4,12.219,12.224
2022-05-21 15:00:00+02:00,17.434,7.9,11.065,11.144
2022-05-21 16:00:00+02:00,17.067,7.8,10.9265,10.9265
2022-05-21 17:00:00+02:00,18.666,8.0,11.2515,11.339
2022-05-21 18:00:00+02:00,21.367,8.1,11.4805,11.502
2022-05-21 19:00:00+02:00,26.334,9.6,14.1235,14.1235
2022-05-21 20:00:00+02:00,33.166,11.7,17.6415,17.7095
2022-05-21 21:00:00+02:00,38.1,17.4,26.69,27.629
2022-05-21 22:00:00+02:00,40.0,15.7,24.3645,24.7695
2022-05-21 23:00:00+02:00,43.067,14.0,21.4925,21.515
2022-05-22 00:00:00+02:00,46.5,18.9,26.4615,30.2815
2022-05-22 01:00:00+02:00,46.7,12.8,19.1085,19.464
2022-05-22 02:00:00+02:00,48.0,12.1,17.811999999999998,18.3025
2022-05-22 03:00:00+02:00,46.9,10.8,15.9225,15.9225
2022-05-22 04:00:00+02:00,49.2,12.5,18.3065,18.9945
2022-05-22 05:00:00+02:00,51.75,8.8,12.4185,12.4185
2022-05-22 06:00:00+02:00,51.578,9.0,12.5525,12.5525
2022-05-22 07:00:00+02:00,49.033,9.1,13.092,13.0995
2022-05-22 08:00:00+02:00,44.266,10.3,14.875,14.892
2022-05-22 09:00:00+02:00,39.7,10.6,15.165500000000002,15.4655
2022-05-22 10:00:00+02:00,33.4,10.0,14.22,14.2275
2022-05-22 11:00:00+02:00,32.267,10.6,15.723,15.7945
2022-05-22 12:00:00+02:00,30.334,10.2,15.0835,15.085
2022-05-22 13:00:00+02:00,27.434,10.5,15.5475,15.5475
2022-05-22 14:00:00+02:00,26.034,11.4,17.0265,17.0455
2022-05-22 15:00:00+02:00,26.066,11.4,17.1205,17.131
2022-05-22 16:00:00+02:00,25.634,12.8,19.1935,19.312
2022-05-22 17:00:00+02:00,25.867,12.6,18.9515,18.9625
2022-05-22 18:00:00+02:00,27.433,11.9,17.861,17.8645
2022-05-22 19:00:00+02:00,30.166,11.3,16.9835,16.991
2022-05-22 20:00:00+02:00,34.9,11.2,16.711,16.711
2022-05-22 21:00:00+02:00,35.867,10.0,14.7115,14.712
2022-05-22 22:00:00+02:00,41.533,13.3,20.0475,20.5625
2022-05-22 23:00:00+02:00,44.667,12.5,18.677,19.3045
2022-05-23 00:00:00+02:00,47.367,15.2,22.764000000000003,23.923
2022-05-23 01:00:00+02:00,50.166,14.0,20.589,21.6135
2022-05-23 02:00:00+02:00,50.1,11.7,17.603,17.603
2022-05-23 03:00:00+02:00,45.934,10.9,15.746,15.951
2022-05-23 04:00:00+02:00,46.266,10.3,14.9975,14.9975
2022-05-23 05:00:00+02:00,48.966,10.8,15.9745,15.9745
2022-05-23 06:00:00+02:00,53.334,12.4,18.844,18.9265
2022-05-23 07:00:00+02:00,51.967,14.6,22.237,22.5895
2022-05-23 08:00:00+02:00,47.767,15.6,24.2075,24.633000000000003
2022-05-23 09:00:00+02:00,40.933,13.5,20.785,20.891
2022-05-23 10:00:00+02:00,32.2,12.4,18.7825,18.83
2022-05-23 11:00:00+02:00,28.2,12.0,18.3985,18.4
2022-05-23 12:00:00+02:00,25.633,12.4,18.7955,18.9815
2022-05-23 13:00:00+02:00,23.834,11.7,18.038,18.0585
2022-05-23 14:00:00+02:00,22.6,11.9,18.318,18.3205
2022-05-23 15:00:00+02:00,23.0,13.0,20.0645,20.2395
2022-05-23 16:00:00+02:00,23.633,12.6,19.3415,19.3455
2022-05-23 17:00:00+02:00,24.367,11.1,16.966,16.9845
2022-05-23 18:00:00+02:00,27.166,11.0,16.633499999999998,16.633499999999998
2022-05-23 19:00:00+02:00,30.883,11.5,17.703,17.703
2022-05-23 20:00:00+02:00,36.2,13.4,20.794,20.8245
2022-05-23 21:00:00+02:00,40.733,15.1,23.277,23.835
2022-05-23 22:00:00+02:00,46.133,17.8,26.8435,28.570500000000003
2022-05-23 23:00:00+02:00,50.267,16.4,25.7575,26.125
2022-05-24 00:00:00+02:00,52.6,17.1,26.595,27.1875
2022-05-24 01:00:00+02:00,56.767,18.1,27.854,28.7345
2022-05-24 02:00:00+02:00,54.767,18.7,28.517000000000003,29.8465
2022-05-24 03:00:00+02:00,55.066,19.0,29.155,30.3775
2022-05-24 04:00:00+02:00,56.467,18.5,28.438,29.621
2022-05-24 05:00:00+02:00,56.667,22.8,32.543,37.015
2022-05-24 06:00:00+02:00,56.367,19.6,29.6275,31.251
2022-05-24 07:00:00+02:00,53.034,19.7,30.0415,31.7085
2022-05-24 08:00:00+02:00,48.767,20.9,31.753500000000003,34.009
2022-05-24 09:00:00+02:00,42.334,22.9,33.8855,37.2845
2022-05-24 10:00:00+02:00,33.233,16.2,25.182,25.5925
2022-05-24 11:00:00+02:00,29.034,15.8,23.871,25.0775
2022-05-24 12:00:00+02:00,25.233,11.4,17.482,17.518
2022-05-24 13:00:00+02:00,22.9,11.4,17.3675,17.4535
2022-05-24 14:00:00+02:00,20.267,10.9,16.5575,16.5765
2022-05-24 15:00:00+02:00,19.833,12.2,18.673,18.695
2022-05-24 16:00:00+02:00,20.233,14.2,21.5815,21.778
2022-05-24 17:00:00+02:00,21.966,13.8,21.5375,21.547
2022-05-24 18:00:00+02:00,25.466,14.4,22.4,22.404
2022-05-24 19:00:00+02:00,30.8,22.4,31.8415,36.287
2022-05-24 20:00:00+02:00,39.334,19.2,29.257,30.9955
2022-05-24 21:00:00+02:00,45.8,19.1,29.148,30.392
2022-05-24 22:00:00+02:00,46.7,19.5,29.736,31.311
2022-05-24 23:00:00+02:00,44.2,16.8,25.7955,26.4695
2022-05-25 00:00:00+02:00,45.8,14.8,22.7945,22.895
2022-05-25 01:00:00+02:00,46.133,13.6,20.721,20.724
2022-05-25 02:00:00+02:00,45.766,13.1,19.339,19.8405
2022-05-25 03:00:00+02:00,46.5,13.5,19.4095,20.548
2022-05-25 04:00:00+02:00,47.5,12.1,18.2605,18.702
2022-05-25 05:00:00+02:00,47.834,11.6,17.289,17.453
2022-05-25 06:00:00+02:00,47.367,12.7,19.0045,19.2695
2022-05-25 07:00:00+02:00,45.867,13.5,20.116,20.404
2022-05-25 08:00:00+02:00,40.5,14.2,21.8005,21.928
2022-05-25 09:00:00+02:00,34.0,14.0,21.5325,21.6445
2022-05-25 10:00:00+02:00,30.5,13.9,21.595,21.7315
2022-05-25 11:00:00+02:00,27.5,14.5,21.8935,22.9465
2022-05-25 12:00:00+02:00,24.834,13.1,20.2735,20.304
2022-05-25 13:00:00+02:00,23.8,13.0,20.1705,20.2055
2022-05-25 14:00:00+02:00,23.133,12.7,19.471,19.514
2022-05-25 15:00:00+02:00,21.6,12.5,19.1845,19.2755
2022-05-25 16:00:00+02:00,20.933,12.7,19.419,19.446
2022-05-25 17:00:00+02:00,21.5,12.5,19.1345,19.1805
2022-05-25 18:00:00+02:00,24.2,14.5,22.5115,22.7775
2022-05-25 19:00:00+02:00,31.733,15.0,23.67,23.868
2022-05-25 20:00:00+02:00,38.867,18.1,27.556,28.792500000000004
2022-05-25 21:00:00+02:00,33.767,13.5,20.4615,21.066000000000003
2022-05-25 22:00:00+02:00,39.567,10.8,16.0725,16.091
2022-05-25 23:00:00+02:00,41.233,8.7,12.383500000000002,12.383500000000002
2022-05-26 00:00:00+02:00,44.167,8.3,11.658,11.658
2022-05-26 01:00:00+02:00,50.034,7.1,9.555,9.556
2022-05-26 02:00:00+02:00,53.567,6.5,8.547,8.547
2022-05-26 03:00:00+02:00,51.767,5.9,7.545,7.545
2022-05-26 04:00:00+02:00,51.733,6.7,8.854,8.854
2022-05-26 05:00:00+02:00,51.0,6.6,8.7585,8.7585
2022-05-26 06:00:00+02:00,50.9,6.9,9.238,9.238
2022-05-26 07:00:00+02:00,50.766,8.0,11.0165,11.158
2022-05-26 08:00:00+02:00,47.466,10.1,14.8075,14.872
2022-05-26 09:00:00+02:00,42.867,10.3,15.021,15.206500000000002
2022-05-26 10:00:00+02:00,37.567,9.7,14.0225,14.1145
2022-05-26 11:00:00+02:00,32.267,8.1,11.502,11.502
2022-05-26 12:00:00+02:00,29.5,8.0,11.198,11.204
2022-05-26 13:00:00+02:00,25.567,9.0,12.3825,13.027
2022-05-26 14:00:00+02:00,23.633,7.4,10.114,10.114
2022-05-26 15:00:00+02:00,23.267,7.1,9.6265,9.6265
2022-05-26 16:00:00+02:00,24.1,7.8,10.841,10.8645
2022-05-26 17:00:00+02:00,25.966,9.7,13.6175,14.273
2022-05-26 18:00:00+02:00,27.9,9.6,13.3185,13.771
2022-05-26 19:00:00+02:00,29.666,8.1,11.2545,11.4845
2022-05-26 20:00:00+02:00,33.633,8.2,11.5925,11.5925
2022-05-26 21:00:00+02:00,38.367,9.7,14.255,14.503
2022-05-26 22:00:00+02:00,43.767,13.8,19.062,21.363
2022-05-26 23:00:00+02:00,48.034,13.2,19.636,20.822
2022-05-27 00:00:00+02:00,51.3,12.5,18.8285,19.186
2022-05-27 01:00:00+02:00,53.567,11.0,15.885000000000002,16.2635
2022-05-27 02:00:00+02:00,55.2,10.4,15.312,15.34
2022-05-27 03:00:00+02:00,55.834,14.4,20.146,22.1375
2022-05-27 04:00:00+02:00,57.567,12.3,18.067,18.1385
2022-05-27 05:00:00+02:00,58.258,16.5,24.3605,25.3765
2022-05-27 06:00:00+02:00,58.467,16.8,24.5885,25.777
2022-05-27 07:00:00+02:00,55.966,21.5,30.065,34.213
2022-05-27 08:00:00+02:00,50.166,18.1,27.391,28.280500000000004
2022-05-27 09:00:00+02:00,41.767,16.9,25.735,26.3745
2022-05-27 10:00:00+02:00,35.6,16.3,25.326,25.912
2022-05-27 11:00:00+02:00,31.567,16.3,25.6175,26.206
2022-05-27 12:00:00+02:00,27.8,16.0,25.43,26.0975
2022-05-27 13:00:00+02:00,24.433,14.8,23.7355,23.916
2022-05-27 14:00:00+02:00,23.034,14.5,23.4495,23.607
2022-05-27 15:00:00+02:00,22.7,15.5,24.368,25.0975
2022-05-27 16:00:00+02:00,20.534,13.6,21.7485,21.786
2022-05-27 17:00:00+02:00,20.566,12.9,20.4865,20.5535
2022-05-27 18:00:00+02:00,22.966,12.9,20.5775,20.5885
2022-05-27 19:00:00+02:00,27.367,17.6,27.7485,28.773000000000003
2022-05-27 20:00:00+02:00,35.567,19.7,30.388,32.5915
2022-05-27 21:00:00+02:00,42.4,23.1,34.4515,38.729
2022-05-27 22:00:00+02:00,47.9,24.4,35.8545,40.591
2022-05-27 23:00:00+02:00,49.5,25.5,36.8235,42.4895
2022-05-28 00:00:00+02:00,53.166,28.2,39.441,47.3125
2022-05-28 01:00:00+02:00,54.767,26.1,37.6695,43.8765
2022-05-28 02:00:00+02:00,55.333,27.1,38.521,45.437
2022-05-28 03:00:00+02:00,50.767,24.8,35.7785,41.214
2022-05-28 04:00:00+02:00,45.933,16.8,25.389,27.097
2022-05-28 05:00:00+02:00,41.7,6.5,8.629,8.679
2022-05-28 06:00:00+02:00,41.067,6.1,7.791499999999999,7.791499999999999
2022-05-28 07:00:00+02:00,42.534,11.1,15.8755,16.3935
2022-05-28 08:00:00+02:00,43.7,9.2,13.232,13.2505
2022-05-28 09:00:00+02:00,43.4,9.0,12.74,12.8385
2022-05-28 10:00:00+02:00,41.233,8.0,10.9675,11.013
2022-05-28 11:00:00+02:00,37.066,8.5,11.7425,11.9055
2022-05-28 12:00:00+02:00,37.2,8.2,11.203,11.34
2022-05-28 13:00:00+02:00,40.433,8.2,11.392,11.393
2022-05-28 14:00:00+02:00,49.333,11.9,17.8465,17.988500000000002
2022-05-28 15:00:00+02:00,52.4,12.2,18.003,18.416
2022-05-28 16:00:00+02:00,49.5,9.5,13.466,13.659
2022-05-28 17:00:00+02:00,46.933,9.9,14.2005,14.2115
2022-05-28 18:00:00+02:00,48.0,12.4,17.9665,18.997
2022-05-28 19:00:00+02:00,49.834,10.6,15.7125,15.7305
2022-05-28 20:00:00+02:00,50.3,12.5,18.6695,19.024
2022-05-28 21:00:00+02:00,49.4,11.0,15.942,16.3855
2022-05-28 22:00:00+02:00,48.0,7.7,10.634,10.634
2022-05-28 23:00:00+02:00,49.9,8.9,12.69,12.69
2022-05-29 00:00:00+02:00,54.7,14.9,22.5935,22.759
2022-05-29 01:00:00+02:00,58.0,11.9,17.64,17.663
2022-05-29 02:00:00+02:00,58.834,13.3,18.819,19.904
2022-05-29 03:00:00+02:00,57.7,9.8,13.9445,13.972
2022-05-29 04:00:00+02:00,57.633,12.7,18.779,18.806
2022-05-29 05:00:00+02:00,56.933,10.6,15.5335,15.546
2022-05-29 06:00:00+02:00,55.534,9.1,12.8705,12.8705
2022-05-29 07:00:00+02:00,53.0,12.0,17.4665,17.544999999999998
2022-05-29 08:00:00+02:00,50.9,12.2,18.089,18.191
2022-05-29 09:00:00+02:00,46.534,9.4,13.4055,13.436
2022-05-29 10:00:00+02:00,42.6,11.6,17.0355,17.0655
2022-05-29 11:00:00+02:00,38.667,9.4,13.5145,13.5145
2022-05-29 12:00:00+02:00,35.733,13.0,19.1505,19.666
2022-05-29 13:00:00+02:00,36.466,13.2,20.1635,20.2735
2022-05-29 14:00:00+02:00,40.367,12.1,17.9415,18.326
2022-05-29 15:00:00+02:00,41.9,10.6,15.6625,15.835
2022-05-29 16:00:00+02:00,47.5,12.2,18.331,18.6445
2022-05-29 17:00:00+02:00,46.2,12.2,18.1025,18.5385
2022-05-29 18:00:00+02:00,44.7,11.7,17.509,17.62
2022-05-29 19:00:00+02:00,43.834,12.4,18.613,19.0535
2022-05-29 20:00:00+02:00,46.433,12.6,19.196,19.498
2022-05-29 21:00:00+02:00,49.334,11.6,17.188499999999998,17.8795
2022-05-29 22:00:00+02:00,53.434,9.9,14.656,14.6615
2022-05-29 23:00:00+02:00,53.034,11.0,16.064999999999998,16.5775
2022-05-30 00:00:00+02:00,52.367,8.6,11.9985,11.9985
2022-05-30 01:00:00+02:00,50.233,7.5,10.126,10.126
2022-05-30 02:00:00+02:00,52.067,14.5,18.9375,22.073
2022-05-30 03:00:00+02:00,56.733,8.7,12.337,12.337
2022-05-30 04:00:00+02:00,58.466,10.6,15.143999999999998,15.166
2022-05-30 05:00:00+02:00,58.834,11.5,16.7805,16.8795
2022-05-30 06:00:00+02:00,58.166,11.6,17.165,17.3145
2022-05-30 07:00:00+02:00,57.4,13.8,20.9915,21.7105
2022-05-30 08:00:00+02:00,56.2,13.0,19.84,19.948500000000003
2022-05-30 09:00:00+02:00,55.067,17.7,26.296,27.6865
2022-05-30 10:00:00+02:00,53.567,19.7,29.3615,31.223
2022-05-30 11:00:00+02:00,51.466,17.3,26.097,27.003
2022-05-30 12:00:00+02:00,49.667,17.2,25.9995,27.0315
2022-05-30 13:00:00+02:00,49.3,17.0,25.6755,26.5845
2022-05-30 14:00:00+02:00,49.367,15.1,22.9725,23.22
2022-05-30 15:00:00+02:00,45.834,15.5,23.4885,23.837
2022-05-30 16:00:00+02:00,46.867,15.1,22.81,23.422
2022-05-30 17:00:00+02:00,47.034,14.9,22.5355,23.076
2022-05-30 18:00:00+02:00,47.967,12.9,19.0925,19.218
2022-05-30 19:00:00+02:00,49.334,14.4,21.2295,21.8925
2022-05-30 20:00:00+02:00,50.534,13.6,20.2285,20.397
2022-05-30 21:00:00+02:00,54.566,20.1,27.9295,31.4835
2022-05-30 22:00:00+02:00,56.666,16.1,23.202,24.0715
2022-05-30 23:00:00+02:00,57.434,15.6,22.4365,23.573
2022-05-31 00:00:00+02:00,58.7,16.1,23.911,24.1605
2022-05-31 01:00:00+02:00,58.667,18.0,26.443,27.285
2022-05-31 02:00:00+02:00,58.433,17.1,25.0235,25.512
2022-05-31 03:00:00+02:00,58.966,16.2,23.8555,23.9705
2022-05-31 04:00:00+02:00,60.1,17.7,25.814,26.5195
2022-05-31 05:00:00+02:00,62.367,19.4,28.2715,29.6295
2022-05-31 06:00:00+02:00,62.966,17.1,25.556,26.138
2022-05-31 07:00:00+02:00,63.066,15.4,23.125,23.5565
2022-05-31 08:00:00+02:00,60.5,15.4,22.5225,23.5205
2022-05-31 09:00:00+02:00,55.6,11.8,17.323,17.506
2022-05-31 10:00:00+02:00,48.067,10.8,15.9215,16.036
2022-05-31 11:00:00+02:00,45.3,11.0,16.1,16.2455
2022-05-31 12:00:00+02:00,42.667,10.2,14.785,14.942
2022-05-31 13:00:00+02:00,41.233,11.5,16.9675,17.069
2022-05-31 14:00:00+02:00,45.434,14.3,21.6165,21.8445
2022-05-31 15:00:00+02:00,45.3,16.7,25.4365,26.0935
2022-05-31 16:00:00+02:00,48.666,18.4,27.339,28.777500000000003
2022-05-31 17:00:00+02:00,43.633,11.0,15.755,15.899
2022-05-31 18:00:00+02:00,42.933,8.4,11.1705,11.558
2022-05-31 19:00:00+02:00,47.034,8.8,12.5905,12.6995
2022-05-31 20:00:00+02:00,52.967,10.5,15.5545,15.641
2022-05-31 21:00:00+02:00,55.933,14.7,20.5545,22.822000000000003
2022-05-31 22:00:00+02:00,59.233,13.6,19.414,20.947
2022-05-31 23:00:00+02:00,60.566,11.0,16.2575,16.3765
2022-06-01 00:00:00+02:00,60.8,19.1,24.159,29.6785
2022-06-01 01:00:00+02:00,60.966,8.5,11.9455,11.9455
2022-06-01 02:00:00+02:00,61.166,7.8,10.7585,10.7585
2022-06-01 03:00:00+02:00,60.233,8.6,12.3625,12.3765
2022-06-01 04:00:00+02:00,59.267,8.0,11.141,11.141
2022-06-01 05:00:00+02:00,59.9,10.5,14.924,15.5135
2022-06-01 06:00:00+02:00,60.1,10.7,15.966,16.0645
2022-06-01 07:00:00+02:00,56.334,10.8,16.1415,16.1415
2022-06-01 08:00:00+02:00,52.6,14.4,21.2085,22.0405
2022-06-01 09:00:00+02:00,43.567,13.0,19.5235,19.796
2022-06-01 10:00:00+02:00,36.466,14.9,21.8245,22.7585
2022-06-01 11:00:00+02:00,33.433,20.8,27.2715,32.523
2022-06-01 12:00:00+02:00,30.334,22.3,29.0435,35.0565
2022-06-01 13:00:00+02:00,26.666,17.7,24.7235,27.268
2022-06-01 14:00:00+02:00,25.7,15.3,22.0355,23.2295
2022-06-01 15:00:00+02:00,25.466,16.5,23.522,25.289500000000004
2022-06-01 16:00:00+02:00,26.433,18.5,25.5945,28.667
2022-06-01 17:00:00+02:00,29.433,20.4,27.2225,31.8605
2022-06-01 18:00:00+02:00,29.2,21.0,28.3725,32.802
2022-06-01 19:00:00+02:00,32.434,18.1,25.3445,27.8075
2022-06-01 20:00:00+02:00,39.3,34.0,42.92700000000001,56.018
2022-06-01 21:00:00+02:00,46.0,19.1,28.58,30.6305
2022-06-01 22:00:00+02:00,51.867,18.4,26.911,28.9385
2022-06-01 23:00:00+02:00,55.133,19.4,28.872,31.3575
2022-06-02 00:00:00+02:00,56.867,16.8,25.55,26.206000000000003
2022-06-02 01:00:00+02:00,58.066,15.8,24.067,24.4635
2022-06-02 02:00:00+02:00,58.7,17.5,26.391,27.7855
2022-06-02 03:00:00+02:00,59.633,15.0,22.7545,23.133000000000003
2022-06-02 04:00:00+02:00,57.067,14.4,22.143,22.2915
2022-06-02 05:00:00+02:00,57.3,14.9,22.987,23.5255
2022-06-02 06:00:00+02:00,56.0,15.0,23.102,23.51
2022-06-02 07:00:00+02:00,51.066,15.8,24.287,24.797
2022-06-02 08:00:00+02:00,45.433,15.2,23.2975,23.6375
2022-06-02 09:00:00+02:00,37.0,10.8,15.875,15.887
2022-06-02 10:00:00+02:00,31.633,9.4,13.564,13.564
2022-06-02 11:00:00+02:00,28.0,9.2,13.39,13.3975
2022-06-02 12:00:00+02:00,23.733,9.3,13.6145,13.6305
2022-06-02 13:00:00+02:00,22.3,10.1,15.171,15.218
2022-06-02 14:00:00+02:00,22.467,11.4,17.307000000000002,17.3315
2022-06-02 15:00:00+02:00,23.8,12.2,18.6565,18.663
2022-06-02 16:00:00+02:00,23.9,13.1,20.231,20.379
2022-06-02 17:00:00+02:00,24.2,12.5,19.1045,19.119
2022-06-02 18:00:00+02:00,26.1,12.5,19.2325,19.2875
2022-06-02 19:00:00+02:00,28.6,12.4,18.9155,18.9155
2022-06-02 20:00:00+02:00,34.966,14.7,22.7245,23.007
2022-06-02 21:00:00+02:00,39.6,17.6,26.851,27.9255
2022-06-02 22:00:00+02:00,41.966,16.9,26.061,26.6075
2022-06-02 23:00:00+02:00,46.5,24.1,34.07,38.758
2022-06-03 00:00:00+02:00,50.833,18.4,27.669,28.8235
2022-06-03 01:00:00+02:00,48.667,9.1,12.571,12.7225
2022-06-03 02:00:00+02:00,47.766,6.9,9.0405,9.0405
2022-06-03 03:00:00+02:00,49.433,6.7,8.65,8.65
2022-06-03 04:00:00+02:00,50.5,7.0,9.2745,9.2745
2022-06-03 05:00:00+02:00,51.567,7.8,10.6595,10.6595
2022-06-03 06:00:00+02:00,52.8,9.2,12.9535,13.004
2022-06-03 07:00:00+02:00,51.6,12.2,17.579,18.291
2022-06-03 08:00:00+02:00,48.967,12.1,17.5195,18.1975
2022-06-03 09:00:00+02:00,45.2,10.9,16.0775,16.1465
2022-06-03 10:00:00+02:00,38.0,12.5,18.7795,18.855
2022-06-03 11:00:00+02:00,33.1,13.9,20.7955,21.044
2022-06-03 12:00:00+02:00,28.6,11.9,17.788,17.8815
2022-06-03 13:00:00+02:00,26.867,12.4,18.673,18.7005
2022-06-03 14:00:00+02:00,26.934,12.4,18.7005,18.735
2022-06-03 15:00:00+02:00,26.867,13.2,19.8945,19.901
2022-06-03 16:00:00+02:00,26.867,14.0,21.192,21.256
2022-06-03 17:00:00+02:00,28.967,16.0,24.701,24.971
2022-06-03 18:00:00+02:00,31.533,17.7,27.003,27.7525
2022-06-03 19:00:00+02:00,35.367,20.7,30.570500000000003,33.3465
2022-06-03 20:00:00+02:00,39.7,20.6,31.033,33.306
2022-06-03 21:00:00+02:00,42.409,22.9,33.6155,37.2855
2022-06-03 22:00:00+02:00,44.5,18.1,28.006,29.109
2022-06-03 23:00:00+02:00,49.5,19.0,29.063,30.547
2022-06-04 00:00:00+02:00,54.834,20.8,31.064,33.445
2022-06-04 01:00:00+02:00,57.8,21.7,32.245,34.959
2022-06-04 02:00:00+02:00,58.533,23.3,34.094500000000004,37.6295
2022-06-04 03:00:00+02:00,57.5,23.1,33.836,37.278
2022-06-04 04:00:00+02:00,59.034,25.2,36.156,41.233
2022-06-04 05:00:00+02:00,59.633,24.7,35.7615,40.3375
2022-06-04 06:00:00+02:00,58.767,25.3,36.104,40.991
2022-06-04 07:00:00+02:00,56.833,27.9,38.518,45.608
2022-06-04 08:00:00+02:00,52.567,23.2,33.8635,37.474
2022-06-04 09:00:00+02:00,48.067,19.7,29.09,31.1625
2022-06-04 10:00:00+02:00,33.467,10.6,15.5015,15.5245
2022-06-04 11:00:00+02:00,27.1,9.3,13.278,13.3345
2022-06-04 12:00:00+02:00,26.7,8.7,12.293,12.2945
2022-06-04 13:00:00+02:00,25.367,8.3,11.678,11.679
2022-06-04 14:00:00+02:00,23.3,8.1,11.357,11.4535
2022-06-04 15:00:00+02:00,22.066,7.1,9.827,9.831
2022-06-04 16:00:00+02:00,22.8,6.7,9.0255,9.0515
2022-06-04 17:00:00+02:00,23.533,8.4,12.0695,12.08
2022-06-04 18:00:00+02:00,25.733,8.5,12.2865,12.311
2022-06-04 19:00:00+02:00,30.8,9.8,14.3035,14.318
2022-06-04 20:00:00+02:00,37.4,10.8,16.001,16.0505
2022-06-04 21:00:00+02:00,44.9,15.2,23.355,23.6395
2022-06-04 22:00:00+02:00,48.9,13.2,20.1485,20.1545
2022-06-04 23:00:00+02:00,52.834,20.7,28.758,34.041000000000004
2022-06-05 00:00:00+02:00,53.1,12.6,19.177,19.1825
2022-06-05 01:00:00+02:00,55.1,13.5,20.178,20.7845
2022-06-05 02:00:00+02:00,57.0,11.6,17.216,17.3905
2022-06-05 03:00:00+02:00,57.666,12.0,17.975,18.1255
2022-06-05 04:00:00+02:00,56.2,11.1,16.3645,16.5825
2022-06-05 05:00:00+02:00,56.467,14.6,20.7305,23.1445
2022-06-05 06:00:00+02:00,57.534,12.6,18.605,19.288
2022-06-05 07:00:00+02:00,54.0,13.1,19.1775,20.1075
2022-06-05 08:00:00+02:00,48.167,13.0,19.593,19.7305
2022-06-05 09:00:00+02:00,41.566,12.6,18.846,18.9215
2022-06-05 10:00:00+02:00,34.433,12.4,18.7735,18.865
2022-06-05 11:00:00+02:00,29.466,9.5,13.8745,13.8825
2022-06-05 12:00:00+02:00,24.8,8.9,12.777,12.8455
2022-06-05 13:00:00+02:00,21.666,10.1,14.486,14.6765
2022-06-05 14:00:00+02:00,23.666,12.0,17.817999999999998,17.875500000000002
2022-06-05 15:00:00+02:00,22.4,10.8,15.924,16.136499999999998
2022-06-05 16:00:00+02:00,27.275,12.2,18.6015,18.676
2022-06-05 17:00:00+02:00,29.0,10.9,16.3255,16.3445
2022-06-05 18:00:00+02:00,30.367,10.1,14.965,14.965
2022-06-05 19:00:00+02:00,37.867,11.4,17.3265,17.4405
2022-06-05 20:00:00+02:00,43.133,15.4,23.471,24.132
2022-06-05 21:00:00+02:00,47.9,16.5,25.0745,25.9675
2022-06-05 22:00:00+02:00,51.3,14.6,22.6315,22.986
2022-06-05 23:00:00+02:00,52.733,13.3,20.394,20.5065
2022-06-06 00:00:00+02:00,52.367,12.8,19.599,19.647
2022-06-06 01:00:00+02:00,57.733,12.8,19.3975,19.5685
2022-06-06 02:00:00+02:00,55.8,10.8,16.011499999999998,16.076
2022-06-06 03:00:00+02:00,55.4,11.6,16.240000000000002,17.3285
2022-06-06 04:00:00+02:00,55.1,10.0,14.779,14.779
2022-06-06 05:00:00+02:00,55.0,9.7,14.049,14.1315
2022-06-06 06:00:00+02:00,54.9,10.5,15.5885,15.599
2022-06-06 07:00:00+02:00,55.166,14.7,22.8025,23.16
2022-06-06 08:00:00+02:00,54.1,16.3,24.5735,25.327
2022-06-06 09:00:00+02:00,54.767,13.1,19.642,19.652
2022-06-06 10:00:00+02:00,54.467,13.2,19.753500000000003,19.7665
2022-06-06 11:00:00+02:00,54.867,15.2,22.7705,23.28
2022-06-06 12:00:00+02:00,50.067,19.5,27.4365,30.466
2022-06-06 13:00:00+02:00,45.867,17.2,25.516,26.621
2022-06-06 14:00:00+02:00,42.0,16.7,25.1615,25.7695
2022-06-06 15:00:00+02:00,37.433,15.8,23.9435,24.198
2022-06-06 16:00:00+02:00,37.867,15.4,23.151,23.5635
2022-06-06 17:00:00+02:00,38.534,15.1,22.924,23.0405
2022-06-06 18:00:00+02:00,37.3,14.9,22.7285,22.782
2022-06-06 19:00:00+02:00,38.2,15.5,23.526,23.832
2022-06-06 20:00:00+02:00,44.4,16.7,25.42,25.893
2022-06-06 21:00:00+02:00,50.133,20.0,29.468,31.436
2022-06-06 22:00:00+02:00,52.666,22.9,32.4895,36.743
2022-06-06 23:00:00+02:00,56.8,21.0,30.338,33.4865
2022-06-07 00:00:00+02:00,58.367,19.3,28.7385,30.1905
2022-06-07 01:00:00+02:00,59.367,17.5,26.3035,27.0165
2022-06-07 02:00:00+02:00,59.867,17.1,25.569000000000003,26.254
2022-06-07 03:00:00+02:00,59.933,18.4,26.7775,28.536
2022-06-07 04:00:00+02:00,59.633,16.4,24.61,25.2045
2022-06-07 05:00:00+02:00,60.0,16.7,25.073,25.779
2022-06-07 06:00:00+02:00,58.067,16.7,25.1145,25.8855
2022-06-07 07:00:00+02:00,56.767,17.9,26.578,27.957
2022-06-07 08:00:00+02:00,52.4,18.0,26.607,27.8505
2022-06-07 09:00:00+02:00,44.334,19.7,28.4965,30.728
2022-06-07 10:00:00+02:00,37.6,18.1,26.9945,28.2505
2022-06-07 11:00:00+02:00,32.566,16.7,24.9665,25.624
2022-06-07 12:00:00+02:00,31.233,19.3,28.067500000000003,30.05
2022-06-07 13:00:00+02:00,28.367,19.7,29.663,31.439
2022-06-07 14:00:00+02:00,26.6,22.3,32.9155,35.667500000000004
2022-06-07 15:00:00+02:00,26.067,22.6,33.227999999999994,36.0805
2022-06-07 16:00:00+02:00,28.067,22.4,33.0065,35.7685
2022-06-07 17:00:00+02:00,29.6,21.8,32.204,34.6735
2022-06-07 18:00:00+02:00,30.633,21.9,32.2005,34.6895
2022-06-07 19:00:00+02:00,33.233,24.9,35.0935,39.567
2022-06-07 20:00:00+02:00,39.633,31.4,41.0965,50.86150000000001
2022-06-07 21:00:00+02:00,45.8,27.8,38.326,44.976
2022-06-07 22:00:00+02:00,49.633,28.0,38.5045,45.283
2022-06-07 23:00:00+02:00,50.667,28.1,38.4065,45.187
2022-06-08 00:00:00+02:00,52.6,30.4,40.2265,48.941
2022-06-08 01:00:00+02:00,53.966,30.3,40.005,48.5885
2022-06-08 02:00:00+02:00,54.5,30.8,40.431,49.454
2022-06-08 03:00:00+02:00,57.138,25.6,33.7755,41.0445
2022-06-08 04:00:00+02:00,63.034,4.9,5.5525,5.5665
2022-06-08 05:00:00+02:00,62.367,5.4,6.444,6.445
2022-06-08 06:00:00+02:00,62.9,5.8,7.18,7.1815
2022-06-08 07:00:00+02:00,59.267,8.3,11.431,11.745
2022-06-08 08:00:00+02:00,58.967,6.4,8.1105,8.122
2022-06-08 09:00:00+02:00,54.533,5.6,7.062,7.167
2022-06-08 10:00:00+02:00,49.266,6.5,8.174,8.181000000000001
2022-06-08 11:00:00+02:00,43.133,6.7,8.7105,8.7105
2022-06-08 12:00:00+02:00,40.767,8.4,11.5955,11.607
2022-06-08 13:00:00+02:00,41.734,7.9,10.6495,10.6495
2022-06-08 14:00:00+02:00,37.7,8.5,11.6305,11.666
2022-06-08 15:00:00+02:00,33.867,9.6,13.409,13.425
2022-06-08 16:00:00+02:00,32.867,8.4,11.579,11.587
2022-06-08 17:00:00+02:00,36.1,8.6,11.7475,11.75
2022-06-08 18:00:00+02:00,48.9,9.8,14.139,14.3415
2022-06-08 19:00:00+02:00,56.433,13.6,18.9125,21.1815
2022-06-08 20:00:00+02:00,58.6,8.9,12.5825,12.794
2022-06-08 21:00:00+02:00,59.5,9.1,13.052,13.1085
2022-06-08 22:00:00+02:00,60.4,10.2,15.067,15.507
2022-06-08 23:00:00+02:00,63.166,8.4,11.854,11.9125
2022-06-09 00:00:00+02:00,62.4,8.6,12.4815,12.592
2022-06-09 01:00:00+02:00,62.067,8.9,12.7495,12.8555
2022-06-09 02:00:00+02:00,60.8,8.2,11.083,11.1605
2022-06-09 03:00:00+02:00,62.2,10.6,14.1715,15.418
2022-06-09 04:00:00+02:00,62.133,8.6,11.732,12.0935
2022-06-09 05:00:00+02:00,61.567,10.5,15.0155,15.234
2022-06-09 06:00:00+02:00,62.267,9.4,13.674,13.715
2022-06-09 07:00:00+02:00,60.133,14.2,19.7215,21.56
2022-06-09 08:00:00+02:00,54.734,14.3,21.1275,21.961
2022-06-09 09:00:00+02:00,49.3,15.4,22.3915,24.1125
2022-06-09 10:00:00+02:00,45.2,13.9,20.825,21.5
2022-06-09 11:00:00+02:00,43.266,14.3,20.3585,21.806
2022-06-09 12:00:00+02:00,40.467,11.3,16.829,16.8535
2022-06-09 13:00:00+02:00,39.267,11.5,17.09,17.1805
2022-06-09 14:00:00+02:00,49.633,9.4,12.869,13.518
2022-06-09 15:00:00+02:00,55.7,8.0,10.897,10.972
2022-06-09 16:00:00+02:00,55.466,9.0,12.9975,13.063
2022-06-09 17:00:00+02:00,55.966,8.4,11.868,11.874
2022-06-09 18:00:00+02:00,57.433,21.9,28.419000000000004,35.021
2022-06-09 19:00:00+02:00,59.834,13.2,20.0275,20.2975
2022-06-09 20:00:00+02:00,59.4,10.4,15.216,15.228
2022-06-09 21:00:00+02:00,59.4,13.5,19.48,20.6415
2022-06-09 22:00:00+02:00,60.067,13.0,19.3535,20.052
2022-06-09 23:00:00+02:00,59.867,8.9,12.514,12.5425
2022-06-10 00:00:00+02:00,60.267,8.0,10.902,10.902
2022-06-10 01:00:00+02:00,62.4,8.5,11.991,11.991
2022-06-10 02:00:00+02:00,63.367,9.0,12.738,12.738
2022-06-10 03:00:00+02:00,62.5,7.8,10.6685,10.6685
2022-06-10 04:00:00+02:00,62.8,7.5,10.096,10.1035
2022-06-10 05:00:00+02:00,62.133,8.3,11.4005,11.4005
2022-06-10 06:00:00+02:00,62.3,10.8,15.8045,16.048
2022-06-10 07:00:00+02:00,62.0,13.6,20.5465,20.7405
2022-06-10 08:00:00+02:00,61.0,15.7,23.705,24.3525
2022-06-10 09:00:00+02:00,60.1,22.2,31.143,35.876000000000005
2022-06-10 10:00:00+02:00,58.533,22.9,31.8045,36.9865
2022-06-10 11:00:00+02:00,57.267,19.7,28.9925,31.4505
2022-06-10 12:00:00+02:00,56.833,22.0,31.964,35.698
2022-06-10 13:00:00+02:00,56.0,18.6,27.7355,29.656
2022-06-10 14:00:00+02:00,56.4,16.7,24.947000000000003,25.873
2022-06-10 15:00:00+02:00,58.534,17.5,25.7075,27.643
2022-06-10 16:00:00+02:00,58.233,15.9,23.9875,24.605
2022-06-10 17:00:00+02:00,57.233,17.7,26.2355,27.698500000000003
2022-06-10 18:00:00+02:00,50.966,15.5,23.5565,23.898
2022-06-10 19:00:00+02:00,49.217,18.6,27.582,29.4955
2022-06-10 20:00:00+02:00,50.433,16.4,25.015,25.8685
2022-06-10 21:00:00+02:00,50.067,17.1,26.087,26.894
2022-06-10 22:00:00+02:00,50.8,15.7,24.037,24.4095
2022-06-10 23:00:00+02:00,51.1,14.8,22.779,22.9875
2022-06-11 00:00:00+02:00,53.933,22.6,31.233,36.804
2022-06-11 01:00:00+02:00,54.2,13.1,19.93,19.949
2022-06-11 02:00:00+02:00,54.433,15.0,22.145,23.043
2022-06-11 03:00:00+02:00,55.433,14.0,21.219,21.7715
2022-06-11 04:00:00+02:00,55.834,15.2,22.1625,23.503
2022-06-11 05:00:00+02:00,58.033,19.8,27.3365,31.339
2022-06-11 06:00:00+02:00,58.834,17.1,24.812,26.9135
2022-06-11 07:00:00+02:00,57.967,14.4,21.873,22.288
2022-06-11 08:00:00+02:00,54.234,14.1,21.603,21.9845
2022-06-11 09:00:00+02:00,51.233,13.8,21.091,21.347
2022-06-11 10:00:00+02:00,50.233,14.5,22.205,22.7515
2022-06-11 11:00:00+02:00,46.066,14.3,21.7105,21.9735
2022-06-11 12:00:00+02:00,47.0,14.0,21.205,21.366
2022-06-11 13:00:00+02:00,47.3,13.4,20.372,20.3945
2022-06-11 14:00:00+02:00,43.666,15.5,23.51,23.864
2022-06-11 15:00:00+02:00,42.367,15.4,23.244,23.5525
2022-06-11 16:00:00+02:00,51.4,19.1,28.295,30.111
2022-06-11 17:00:00+02:00,56.7,16.0,24.4925,24.9215
2022-06-11 18:00:00+02:00,39.234,12.9,19.501,19.6435
2022-06-11 19:00:00+02:00,35.667,10.9,16.2205,16.2285
2022-06-11 20:00:00+02:00,43.967,14.9,21.6845,23.212000000000003
2022-06-11 21:00:00+02:00,48.633,12.2,18.454,18.4705
2022-06-11 22:00:00+02:00,54.367,13.6,20.746,21.12
2022-06-11 23:00:00+02:00,59.734,14.9,21.816,22.9045
2022-06-12 00:00:00+02:00,61.166,15.0,21.6995,23.1315
2022-06-12 01:00:00+02:00,61.966,10.5,15.5165,15.544
2022-06-12 02:00:00+02:00,62.9,11.7,17.2835,17.681
2022-06-12 03:00:00+02:00,63.5,11.8,17.462,17.816499999999998
2022-06-12 04:00:00+02:00,64.967,13.6,20.1395,20.9015
2022-06-12 05:00:00+02:00,64.966,12.7,18.965,19.273
2022-06-12 06:00:00+02:00,61.334,11.1,16.619,16.664
2022-06-12 07:00:00+02:00,57.8,11.8,17.7925,17.863
2022-06-12 08:00:00+02:00,50.034,13.2,19.752,20.08
2022-06-12 09:00:00+02:00,42.267,13.4,20.3855,20.8305
2022-06-12 10:00:00+02:00,38.367,13.4,20.539,20.7365
2022-06-12 11:00:00+02:00,35.467,14.8,22.481,22.9385
2022-06-12 12:00:00+02:00,32.467,14.8,22.4085,22.861
2022-06-12 13:00:00+02:00,25.367,14.0,20.9425,21.3685
2022-06-12 14:00:00+02:00,21.5,11.4,17.1905,17.3295
2022-06-12 15:00:00+02:00,18.466,9.8,14.3675,14.37
2022-06-12 16:00:00+02:00,19.0,9.8,14.3825,14.3995
2022-06-12 17:00:00+02:00,21.133,10.1,14.914,14.914
2022-06-12 18:00:00+02:00,22.9,11.8,17.7595,17.853
2022-06-12 19:00:00+02:00,26.833,11.9,18.009,18.1345
2022-06-12 20:00:00+02:00,35.067,12.8,19.769,19.9025
2022-06-12 21:00:00+02:00,42.367,12.8,19.7135,19.7575
2022-06-12 22:00:00+02:00,48.367,13.8,21.5515,21.895
2022-06-12 23:00:00+02:00,51.367,12.9,19.8555,19.9515
2022-06-13 00:00:00+02:00,53.534,13.5,20.675,21.018
2022-06-13 01:00:00+02:00,53.333,11.8,17.7795,17.7795
2022-06-13 02:00:00+02:00,53.934,13.9,20.349,21.3075
2022-06-13 03:00:00+02:00,54.267,12.1,18.338,18.354
2022-06-13 04:00:00+02:00,53.6,14.2,21.140500000000003,22.2185
2022-06-13 05:00:00+02:00,53.6,11.9,17.9895,18.0065
2022-06-13 06:00:00+02:00,53.1,13.4,20.4155,20.7255
2022-06-13 07:00:00+02:00,49.0,14.1,21.6305,21.869
2022-06-13 08:00:00+02:00,44.767,15.7,24.2605,24.9555
2022-06-13 09:00:00+02:00,40.4,13.3,20.458,20.6365
2022-06-13 10:00:00+02:00,35.566,13.0,19.9315,20.1635
2022-06-13 11:00:00+02:00,27.3,13.7,21.064,21.6555
2022-06-13 12:00:00+02:00,22.733,12.9,19.2365,19.904
2022-06-13 13:00:00+02:00,18.366,12.3,18.6675,18.738
2022-06-13 14:00:00+02:00,16.8,11.9,18.051,18.1155
2022-06-13 15:00:00+02:00,18.566,12.5,18.825000000000003,18.9485
2022-06-13 16:00:00+02:00,16.966,12.6,18.812,19.169
2022-06-13 17:00:00+02:00,15.9,12.0,18.0295,18.135
2022-06-13 18:00:00+02:00,17.5,12.2,18.2535,18.3065
2022-06-13 19:00:00+02:00,21.7,14.4,21.2815,22.6385
2022-06-13 20:00:00+02:00,29.733,16.8,25.427,26.752
2022-06-13 21:00:00+02:00,36.8,15.8,23.9465,24.697
2022-06-13 22:00:00+02:00,42.466,18.9,27.5485,30.292
2022-06-13 23:00:00+02:00,44.334,18.6,27.686,29.619
2022-06-14 00:00:00+02:00,41.733,16.4,24.6645,25.611
2022-06-14 01:00:00+02:00,41.867,10.5,15.418,15.418
2022-06-14 02:00:00+02:00,50.433,10.1,14.7375,14.7375
2022-06-14 03:00:00+02:00,53.534,13.6,19.3265,20.877
2022-06-14 04:00:00+02:00,54.6,14.8,21.08,23.456
2022-06-14 05:00:00+02:00,52.933,10.5,15.606,15.6365
2022-06-14 06:00:00+02:00,54.733,12.6,18.8615,19.2775
2022-06-14 07:00:00+02:00,53.767,13.7,20.537,21.472
2022-06-14 08:00:00+02:00,45.566,15.5,22.794,23.995
2022-06-14 09:00:00+02:00,38.267,12.7,19.324,19.71
2022-06-14 10:00:00+02:00,24.8,9.9,14.1755,14.1815
2022-06-14 11:00:00+02:00,22.067,9.6,13.8775,13.983
2022-06-14 12:00:00+02:00,19.867,10.1,14.489,14.543500000000002
2022-06-14 13:00:00+02:00,20.466,10.5,15.303,15.3095
2022-06-14 14:00:00+02:00,19.866,10.9,15.9495,16.0075
2022-06-14 15:00:00+02:00,18.367,10.2,14.7895,14.808
2022-06-14 16:00:00+02:00,17.7,10.1,14.466,14.5335
2022-06-14 17:00:00+02:00,17.966,10.9,15.645,15.872
2022-06-14 18:00:00+02:00,20.267,10.3,14.729,14.77
2022-06-14 19:00:00+02:00,23.1,10.8,15.619,15.75
2022-06-14 20:00:00+02:00,28.6,10.0,14.6275,14.637
2022-06-14 21:00:00+02:00,37.466,14.5,21.422,22.4035
2022-06-14 22:00:00+02:00,42.767,11.1,16.628,16.628
2022-06-14 23:00:00+02:00,46.3,13.4,19.6325,20.7455
2022-06-15 00:00:00+02:00,49.867,13.4,19.9565,20.396
2022-06-15 01:00:00+02:00,51.4,12.7,18.8205,19.0775
2022-06-15 02:00:00+02:00,52.633,11.0,16.1435,16.192999999999998
2022-06-15 03:00:00+02:00,53.0,11.7,17.492,17.66
2022-06-15 04:00:00+02:00,55.167,13.7,20.095,21.7245
2022-06-15 05:00:00+02:00,54.7,14.0,20.77,21.594
2022-06-15 06:00:00+02:00,52.933,12.2,18.0855,18.262
2022-06-15 07:00:00+02:00,47.666,13.1,19.225,19.873
2022-06-15 08:00:00+02:00,42.267,13.9,20.64,21.133
2022-06-15 09:00:00+02:00,34.3,13.9,20.9745,21.4315
2022-06-15 10:00:00+02:00,22.7,12.4,18.466,18.667
2022-06-15 11:00:00+02:00,17.4,12.6,18.393,18.692
2022-06-15 12:00:00+02:00,15.8,10.8,15.706,15.782
2022-06-15 13:00:00+02:00,14.634,10.5,15.016,15.274
2022-06-15 14:00:00+02:00,12.834,8.1,11.227,11.227
2022-06-15 15:00:00+02:00,13.267,8.8,12.4415,12.4605
2022-06-15 16:00:00+02:00,14.8,9.6,13.8995,13.9035
2022-06-15 17:00:00+02:00,16.034,9.4,13.427,13.427
2022-06-15 18:00:00+02:00,18.3,10.2,14.879,14.882
2022-06-15 19:00:00+02:00,22.466,11.8,17.619,17.6385
2022-06-15 20:00:00+02:00,27.6,12.6,18.8915,19.22
2022-06-15 21:00:00+02:00,34.766,15.6,23.526,24.4035
2022-06-15 22:00:00+02:00,41.633,12.8,19.659,19.703
2022-06-15 23:00:00+02:00,47.166,14.5,22.547,22.723
2022-06-16 00:00:00+02:00,49.834,15.5,23.587,24.5755
2022-06-16 01:00:00+02:00,51.966,16.0,24.036,25.1635
2022-06-16 02:00:00+02:00,53.034,14.5,22.1855,22.64
2022-06-16 03:00:00+02:00,52.867,16.5,24.351,26.0735
2022-06-16 04:00:00+02:00,53.266,13.7,21.164,21.203
2022-06-16 05:00:00+02:00,54.534,14.8,22.8935,23.198
2022-06-16 06:00:00+02:00,53.133,15.5,23.6555,24.2235
2022-06-16 07:00:00+02:00,49.1,19.3,28.6035,30.8
2022-06-16 08:00:00+02:00,43.167,15.6,23.687,24.347
2022-06-16 09:00:00+02:00,36.4,17.6,26.3005,27.6835
2022-06-16 10:00:00+02:00,29.066,15.1,23.182,23.6015
2022-06-16 11:00:00+02:00,25.9,14.1,21.605,21.8715
2022-06-16 12:00:00+02:00,22.2,14.6,22.0285,22.4695
2022-06-16 13:00:00+02:00,19.033,11.8,17.795,17.803
2022-06-16 14:00:00+02:00,16.333,10.7,15.72,15.72
2022-06-16 15:00:00+02:00,15.034,11.3,16.698500000000003,16.7305
2022-06-16 16:00:00+02:00,14.666,12.3,18.278,18.4515
2022-06-16 17:00:00+02:00,15.8,11.6,17.3345,17.554499999999997
2022-06-16 18:00:00+02:00,20.133,12.7,19.089,19.4175
2022-06-16 19:00:00+02:00,28.833,15.1,23.0225,23.687
2022-06-16 20:00:00+02:00,33.3,14.3,22.3815,22.645
2022-06-16 21:00:00+02:00,36.8,15.2,23.609,24.01
2022-06-16 22:00:00+02:00,39.433,15.6,23.98,24.557
2022-06-16 23:00:00+02:00,43.5,15.9,24.55,25.113
2022-06-17 00:00:00+02:00,47.1,17.0,25.7005,26.745
2022-06-17 01:00:00+02:00,48.0,16.6,25.439,26.275
2022-06-17 02:00:00+02:00,52.133,16.5,25.454,26.201500000000003
2022-06-17 03:00:00+02:00,53.567,17.2,26.077,27.2925
2022-06-17 04:00:00+02:00,55.767,18.7,27.694000000000003,29.7335
2022-06-17 05:00:00+02:00,55.0,16.8,25.624,26.4665
2022-06-17 06:00:00+02:00,57.466,19.0,28.579,30.4605
2022-06-17 07:00:00+02:00,51.267,17.7,26.9835,28.347
2022-06-17 08:00:00+02:00,48.2,12.4,18.942,18.9635
2022-06-17 09:00:00+02:00,43.733,12.1,18.0715,18.1335
2022-06-17 10:00:00+02:00,38.733,12.2,18.406,18.478
2022-06-17 11:00:00+02:00,37.567,13.5,20.396,20.89
2022-06-17 12:00:00+02:00,33.633,13.2,19.775,20.0915
2022-06-17 13:00:00+02:00,28.334,13.2,19.6795,19.8775
2022-06-17 14:00:00+02:00,25.933,14.2,21.6065,21.899
2022-06-17 15:00:00+02:00,24.466,17.1,25.23,26.926
2022-06-17 16:00:00+02:00,21.7,15.5,23.3665,24.171
2022-06-17 17:00:00+02:00,23.267,15.2,23.3225,23.8675
2022-06-17 18:00:00+02:00,25.166,16.4,24.8245,25.787
2022-06-17 19:00:00+02:00,28.067,14.5,21.78,22.192
2022-06-17 20:00:00+02:00,30.867,13.7,21.0225,21.229
2022-06-17 21:00:00+02:00,37.133,16.2,24.957,25.628
2022-06-17 22:00:00+02:00,44.067,17.6,27.0525,28.0885
2022-06-17 23:00:00+02:00,48.966,15.4,24.0955,24.505
2022-06-18 00:00:00+02:00,53.234,15.1,23.0095,23.1945
2022-06-18 01:00:00+02:00,55.333,16.4,24.694000000000003,25.4625
2022-06-18 02:00:00+02:00,57.3,15.6,23.562,24.078
2022-06-18 03:00:00+02:00,59.0,15.4,23.316,24.0455
2022-06-18 04:00:00+02:00,59.8,15.3,23.482,24.0735
2022-06-18 05:00:00+02:00,60.4,14.4,22.1025,22.1755
2022-06-18 06:00:00+02:00,58.433,14.3,22.0605,22.145
2022-06-18 07:00:00+02:00,55.6,15.2,23.3565,23.812
2022-06-18 08:00:00+02:00,46.567,14.5,22.474,22.683
2022-06-18 09:00:00+02:00,34.367,10.7,15.751,15.771
2022-06-18 10:00:00+02:00,27.367,11.0,16.079,16.636499999999998
2022-06-18 11:00:00+02:00,24.533,11.7,16.999499999999998,17.478
2022-06-18 12:00:00+02:00,22.834,11.5,17.1795,17.307499999999997
2022-06-18 13:00:00+02:00,21.5,11.8,17.485500000000002,17.601
2022-06-18 14:00:00+02:00,19.934,11.7,17.308500000000002,17.45
2022-06-18 15:00:00+02:00,17.733,10.4,15.0335,15.043
2022-06-18 16:00:00+02:00,17.534,11.0,16.0735,16.081500000000002
2022-06-18 17:00:00+02:00,18.0,10.6,15.4985,15.499
2022-06-18 18:00:00+02:00,18.966,10.5,15.3205,15.508500000000002
2022-06-18 19:00:00+02:00,21.434,11.0,15.8515,15.9785
2022-06-18 20:00:00+02:00,26.534,13.2,19.8165,20.074
2022-06-18 21:00:00+02:00,35.467,14.3,21.9145,22.1135
2022-06-18 22:00:00+02:00,40.833,15.5,23.4985,23.8985
2022-06-18 23:00:00+02:00,45.066,14.6,22.199,22.4435
2022-06-19 00:00:00+02:00,48.033,14.0,21.027,21.202
2022-06-19 01:00:00+02:00,49.567,14.9,22.05,22.4585
2022-06-19 02:00:00+02:00,50.133,14.5,21.3875,21.916
2022-06-19 03:00:00+02:00,52.4,13.0,19.4605,19.7065
2022-06-19 04:00:00+02:00,52.9,15.9,23.1595,24.9025
2022-06-19 05:00:00+02:00,54.267,13.3,20.3035,20.39
2022-06-19 06:00:00+02:00,53.633,14.3,21.6805,22.0685
2022-06-19 07:00:00+02:00,49.1,14.5,21.8805,22.1635
2022-06-19 08:00:00+02:00,43.934,14.4,21.7555,21.8735
2022-06-19 09:00:00+02:00,35.267,14.7,22.301,22.632
2022-06-19 10:00:00+02:00,28.233,14.0,21.228,21.417
2022-06-19 11:00:00+02:00,23.434,13.0,19.583,19.7425
2022-06-19 12:00:00+02:00,18.8,10.5,15.5805,15.599
2022-06-19 13:00:00+02:00,17.767,10.5,15.703,15.73
2022-06-19 14:00:00+02:00,17.934,10.9,16.445500000000003,16.471
2022-06-19 15:00:00+02:00,17.367,11.6,17.493,17.618499999999997
2022-06-19 16:00:00+02:00,16.4,11.1,16.608,16.619
2022-06-19 17:00:00+02:00,16.834,11.9,17.8215,17.875
2022-06-19 18:00:00+02:00,18.566,10.6,16.002499999999998,16.002499999999998
2022-06-19 19:00:00+02:00,21.5,11.9,18.012999999999998,18.1835
2022-06-19 20:00:00+02:00,27.7,14.1,21.32,21.8215
2022-06-19 21:00:00+02:00,35.867,26.1,36.4,42.647
2022-06-19 22:00:00+02:00,40.933,17.2,26.439,27.678
2022-06-19 23:00:00+02:00,44.267,14.7,22.897,23.0555
2022-06-20 00:00:00+02:00,46.834,15.5,23.8605,24.252
2022-06-20 01:00:00+02:00,48.6,18.5,27.0925,29.4095
2022-06-20 02:00:00+02:00,50.0,15.6,24.1255,24.5495
2022-06-20 03:00:00+02:00,50.567,16.7,25.305,26.202
2022-06-20 04:00:00+02:00,50.767,16.7,25.231,25.956
2022-06-20 05:00:00+02:00,50.767,17.5,26.3095,27.2705
2022-06-20 06:00:00+02:00,49.7,19.0,28.6245,30.2625
2022-06-20 07:00:00+02:00,46.133,19.1,29.0655,30.719
2022-06-20 08:00:00+02:00,40.466,20.1,30.057,32.1775
2022-06-20 09:00:00+02:00,32.0,17.6,26.67,27.8035
2022-06-20 10:00:00+02:00,24.233,15.1,22.5495,23.3865
2022-06-20 11:00:00+02:00,18.667,11.3,16.857,16.8635
2022-06-20 12:00:00+02:00,15.733,10.4,15.451,15.4695
2022-06-20 13:00:00+02:00,13.267,9.9,14.2515,14.281
2022-06-20 14:00:00+02:00,10.4,8.2,11.589,11.589
2022-06-20 15:00:00+02:00,14.1,10.3,15.149,15.199
2022-06-20 16:00:00+02:00,15.067,10.4,15.0295,15.0425
2022-06-20 17:00:00+02:00,15.1,9.5,13.4345,13.4785
2022-06-20 18:00:00+02:00,17.3,8.4,11.9515,11.9515
2022-06-20 19:00:00+02:00,22.133,9.4,13.968,13.981
2022-06-20 20:00:00+02:00,29.667,14.4,21.3035,22.106
2022-06-20 21:00:00+02:00,31.834,14.1,21.466,21.588
2022-06-20 22:00:00+02:00,34.2,15.1,23.1605,23.448
2022-06-20 23:00:00+02:00,35.733,16.0,24.3855,24.9085
2022-06-21 00:00:00+02:00,36.0,15.9,23.9525,24.3825
2022-06-21 01:00:00+02:00,35.433,14.1,21.109,21.2325
2022-06-21 02:00:00+02:00,39.334,13.7,20.349,20.626
2022-06-21 03:00:00+02:00,41.767,13.6,19.8825,20.736
2022-06-21 04:00:00+02:00,41.666,12.9,19.258,19.3905
2022-06-21 05:00:00+02:00,44.367,13.9,21.393,21.4705
2022-06-21 06:00:00+02:00,44.767,13.8,21.038,21.1865
2022-06-21 07:00:00+02:00,41.267,14.5,22.185,22.5005
2022-06-21 08:00:00+02:00,36.867,14.4,21.846,21.961
2022-06-21 09:00:00+02:00,33.534,13.8,20.9795,21.0135
2022-06-21 10:00:00+02:00,27.434,14.7,22.0505,22.3375
2022-06-21 11:00:00+02:00,23.492,14.5,21.775,22.0215
2022-06-21 12:00:00+02:00,21.166,14.6,22.295,22.4755
2022-06-21 13:00:00+02:00,20.0,13.4,20.3895,20.49
2022-06-21 14:00:00+02:00,18.6,13.5,20.6025,20.728
2022-06-21 15:00:00+02:00,17.534,12.9,19.734,19.7775
2022-06-21 16:00:00+02:00,19.834,14.4,21.883,22.305
2022-06-21 17:00:00+02:00,22.434,14.1,21.3325,21.406
2022-06-21 18:00:00+02:00,25.233,14.1,21.406,21.434
2022-06-21 19:00:00+02:00,31.034,16.8,25.396,26.2245
2022-06-21 20:00:00+02:00,35.733,16.1,24.69,25.313
2022-06-21 21:00:00+02:00,40.433,17.3,25.4745,26.603500000000004
2022-06-21 22:00:00+02:00,42.9,17.2,25.9075,26.723
2022-06-21 23:00:00+02:00,45.1,18.7,27.844,29.313
2022-06-22 00:00:00+02:00,48.333,17.4,26.565,27.1275
2022-06-22 01:00:00+02:00,45.133,15.6,23.739,23.9905
2022-06-22 02:00:00+02:00,46.367,14.9,22.805,22.8895
2022-06-22 03:00:00+02:00,47.9,14.1,21.3645,21.3655
2022-06-22 04:00:00+02:00,51.466,16.5,25.1605,25.8555
2022-06-22 05:00:00+02:00,53.034,15.0,22.765,22.8825
2022-06-22 06:00:00+02:00,52.2,17.8,26.789,27.9445
2022-06-22 07:00:00+02:00,45.534,16.0,24.4325,25.1525
2022-06-22 08:00:00+02:00,41.4,16.0,24.463,25.2805
2022-06-22 09:00:00+02:00,38.667,15.5,23.667,24.2845
2022-06-22 10:00:00+02:00,34.1,14.5,22.113,22.3925
2022-06-22 11:00:00+02:00,30.9,15.6,23.769,24.371
2022-06-22 12:00:00+02:00,29.9,15.4,23.134,23.7475
2022-06-22 13:00:00+02:00,26.966,16.7,24.1975,25.7
2022-06-22 14:00:00+02:00,24.7,13.1,19.959,20.056
2022-06-22 15:00:00+02:00,27.0,15.3,22.723,23.426
2022-06-22 16:00:00+02:00,28.3,16.7,23.819,25.3715
2022-06-22 17:00:00+02:00,28.533,17.2,24.875,26.428
2022-06-22 18:00:00+02:00,28.933,16.7,24.316,25.632
2022-06-22 19:00:00+02:00,34.234,15.9,23.833,24.4825
2022-06-22 20:00:00+02:00,39.133,18.6,27.483000000000004,29.127
2022-06-22 21:00:00+02:00,41.933,17.9,26.686,28.007
2022-06-22 22:00:00+02:00,46.666,18.4,27.872,29.090000000000003
2022-06-22 23:00:00+02:00,48.767,16.8,25.4445,26.2315
2022-06-23 00:00:00+02:00,48.0,15.8,24.138,24.362
2022-06-23 01:00:00+02:00,51.3,16.5,24.8865,25.3295
2022-06-23 02:00:00+02:00,49.966,17.2,25.8235,26.6395
2022-06-23 03:00:00+02:00,52.0,17.3,25.604,26.642
2022-06-23 04:00:00+02:00,51.934,17.4,25.981,26.956
2022-06-23 05:00:00+02:00,53.333,19.4,28.7195,30.396
2022-06-23 06:00:00+02:00,54.633,19.7,29.3545,31.317
2022-06-23 07:00:00+02:00,50.8,19.7,28.945,31.0955
2022-06-23 08:00:00+02:00,50.034,17.2,25.574,26.518500000000003
2022-06-23 09:00:00+02:00,47.334,11.0,16.1205,16.134
2022-06-23 10:00:00+02:00,45.6,10.6,15.397,15.4025
2022-06-23 11:00:00+02:00,39.967,9.5,13.4345,13.4835
2022-06-23 12:00:00+02:00,36.434,8.9,12.5885,12.646
2022-06-23 13:00:00+02:00,31.567,9.3,12.879,12.978
2022-06-23 14:00:00+02:00,27.553,11.6,16.3445,16.689999999999998
2022-06-23 15:00:00+02:00,28.591,12.5,17.729,17.956
2022-06-23 16:00:00+02:00,30.3,11.2,16.087,16.118
2022-06-23 17:00:00+02:00,27.966,12.2,17.5935,17.7065
2022-06-23 18:00:00+02:00,29.9,12.9,18.5405,18.7465
2022-06-23 19:00:00+02:00,30.3,13.0,18.825,19.103
2022-06-23 20:00:00+02:00,33.034,12.1,17.8795,18.112
2022-06-23 21:00:00+02:00,38.767,12.5,18.820500000000003,18.993
2022-06-23 22:00:00+02:00,43.8,13.5,19.7295,20.474
2022-06-23 23:00:00+02:00,45.466,12.9,19.492,19.559
2022-06-24 00:00:00+02:00,47.4,13.3,19.4545,20.077
2022-06-24 01:00:00+02:00,48.3,12.2,18.0985,18.2405
2022-06-24 02:00:00+02:00,51.3,12.8,19.119,19.2335
2022-06-24 03:00:00+02:00,52.6,13.5,20.176,20.588
2022-06-24 04:00:00+02:00,54.467,12.7,19.08,19.1125
2022-06-24 05:00:00+02:00,55.0,12.6,18.9355,19.0155
2022-06-24 06:00:00+02:00,55.6,14.2,21.23,22.0625
2022-06-24 07:00:00+02:00,52.4,14.6,22.18,22.3995
2022-06-24 08:00:00+02:00,46.9,16.1,24.2145,25.018
2022-06-24 09:00:00+02:00,40.966,16.5,24.9225,25.9095
2022-06-24 10:00:00+02:00,35.233,15.3,23.202,23.6415
2022-06-24 11:00:00+02:00,29.834,15.6,23.3705,24.066
2022-06-24 12:00:00+02:00,24.333,13.4,20.4595,20.635
2022-06-24 13:00:00+02:00,20.733,11.5,16.971,17.1455
2022-06-24 14:00:00+02:00,20.567,11.3,16.781,17.15
2022-06-24 15:00:00+02:00,21.3,9.4,13.725,13.73
2022-06-24 16:00:00+02:00,20.733,11.0,16.2285,16.332
2022-06-24 17:00:00+02:00,23.133,10.4,15.224,15.3855
2022-06-24 18:00:00+02:00,24.1,9.9,14.497,14.497
2022-06-24 19:00:00+02:00,25.967,10.6,15.704,15.7225
2022-06-24 20:00:00+02:00,31.534,14.7,21.4125,22.412
2022-06-24 21:00:00+02:00,37.7,14.2,21.612,21.955
2022-06-24 22:00:00+02:00,43.4,15.7,23.7405,24.3725
2022-06-24 23:00:00+02:00,44.767,14.2,21.743,21.9495
2022-06-25 00:00:00+02:00,45.267,12.1,18.183,18.1835
2022-06-25 01:00:00+02:00,44.4,11.7,17.14,17.14
2022-06-25 02:00:00+02:00,46.867,14.6,21.1515,22.0835
2022-06-25 03:00:00+02:00,48.9,12.6,18.192500000000003,18.8345
2022-06-25 04:00:00+02:00,46.6,11.0,16.228,16.2315
2022-06-25 05:00:00+02:00,47.067,10.5,15.3945,15.3975
2022-06-25 06:00:00+02:00,46.466,11.4,16.232999999999997,16.467
2022-06-25 07:00:00+02:00,42.767,13.5,20.0395,20.5335
2022-06-25 08:00:00+02:00,38.434,13.5,20.175,20.434
2022-06-25 09:00:00+02:00,33.867,12.7,18.73,18.8885
2022-06-25 10:00:00+02:00,28.3,14.6,21.3075,21.9025
2022-06-25 11:00:00+02:00,27.8,14.1,20.335,20.866
2022-06-25 12:00:00+02:00,26.733,12.8,18.5085,19.1345
2022-06-25 13:00:00+02:00,33.067,11.9,17.5365,17.5485
2022-06-25 14:00:00+02:00,35.533,12.2,17.9025,18.009
2022-06-25 15:00:00+02:00,25.3,9.4,13.3885,13.3885
2022-06-25 16:00:00+02:00,23.166,9.7,14.161,14.1705
2022-06-25 17:00:00+02:00,26.3,9.4,13.535,13.5365
2022-06-25 18:00:00+02:00,33.7,17.8,25.2845,27.9985
2022-06-25 19:00:00+02:00,49.633,13.6,20.816,21.0685
2022-06-25 20:00:00+02:00,55.867,13.5,20.7365,20.7665
2022-06-25 21:00:00+02:00,54.4,12.3,18.5735,18.61
2022-06-25 22:00:00+02:00,54.534,11.5,17.3065,17.3165
2022-06-25 23:00:00+02:00,56.8,9.9,14.577,14.59
2022-06-26 00:00:00+02:00,56.8,9.2,13.0795,13.081
2022-06-26 01:00:00+02:00,57.6,8.8,12.3505,12.3505
2022-06-26 02:00:00+02:00,57.7,8.5,11.864,11.864
2022-06-26 03:00:00+02:00,57.067,9.3,13.2885,13.390999999999998
2022-06-26 04:00:00+02:00,57.233,13.0,19.704,20.2865
2022-06-26 05:00:00+02:00,58.233,12.8,17.567500000000003,19.229
2022-06-26 06:00:00+02:00,56.166,10.1,14.6345,14.6375
2022-06-26 07:00:00+02:00,52.034,11.7,17.081,17.273
2022-06-26 08:00:00+02:00,48.1,13.1,19.4795,19.7765
2022-06-26 09:00:00+02:00,42.167,14.7,21.4615,22.2885
2022-06-26 10:00:00+02:00,34.434,11.7,17.107,17.126
2022-06-26 11:00:00+02:00,29.033,14.0,20.457,20.967
2022-06-26 12:00:00+02:00,24.467,11.2,16.264,16.5525
2022-06-26 13:00:00+02:00,20.4,7.8,10.8825,10.987
2022-06-26 14:00:00+02:00,18.066,7.0,9.5335,9.5335
2022-06-26 15:00:00+02:00,16.267,6.7,8.924,8.9295
2022-06-26 16:00:00+02:00,16.433,6.8,9.109,9.109
2022-06-26 17:00:00+02:00,16.434,7.0,9.593,9.593
2022-06-26 18:00:00+02:00,18.334,8.7,12.611,12.674500000000002
2022-06-26 19:00:00+02:00,22.933,10.1,15.0585,15.1245
2022-06-26 20:00:00+02:00,29.6,13.3,19.7095,20.3475
2022-06-26 21:00:00+02:00,37.967,14.7,22.0275,22.7255
2022-06-26 22:00:00+02:00,42.3,15.7,23.343,24.3865
2022-06-26 23:00:00+02:00,44.233,15.3,22.8665,23.765
2022-06-27 00:00:00+02:00,45.834,20.0,26.449,31.965
2022-06-27 01:00:00+02:00,47.067,22.4,28.2525,35.914500000000004
2022-06-27 02:00:00+02:00,47.633,27.5,33.317,45.5915
2022-06-27 03:00:00+02:00,47.667,21.1,26.974,35.3715
2022-06-27 04:00:00+02:00,49.3,13.7,19.7215,21.805
2022-06-27 05:00:00+02:00,50.5,26.7,34.9645,47.63
2022-06-27 06:00:00+02:00,47.567,12.9,16.399,21.9075
2022-06-27 07:00:00+02:00,43.267,3.9,6.642499999999999,6.869
2022-06-27 08:00:00+02:00,39.067,3.8,6.6455,6.6585
2022-06-27 09:00:00+02:00,33.3,4.1,7.0685,7.1185
2022-06-27 10:00:00+02:00,27.333,3.6,6.187,6.1885
2022-06-27 11:00:00+02:00,21.367,3.6,6.116,6.116
2022-06-27 12:00:00+02:00,20.067,3.6,6.267,6.2785
2022-06-27 13:00:00+02:00,18.133,3.3,5.5985,5.5985
2022-06-27 14:00:00+02:00,15.466,2.9,4.9675,4.9675
2022-06-27 15:00:00+02:00,14.9,3.0,5.1595,5.2025
2022-06-27 16:00:00+02:00,15.0,2.7,4.517,4.517
2022-06-27 17:00:00+02:00,15.9,2.6,4.419,4.419
2022-06-27 18:00:00+02:00,19.634,3.3,5.5915,5.5915
2022-06-27 19:00:00+02:00,23.334,3.9,6.6955,6.696
2022-06-27 20:00:00+02:00,27.7,4.3,7.458,7.4975
2022-06-27 21:00:00+02:00,33.334,5.1,9.0725,9.0725
2022-06-27 22:00:00+02:00,39.0,5.5,9.5295,9.5295
2022-06-27 23:00:00+02:00,43.433,6.4,11.224,11.4385
2022-06-28 00:00:00+02:00,45.466,5.6,9.743,9.7575
2022-06-28 01:00:00+02:00,48.5,5.4,9.3195,9.333
2022-06-28 02:00:00+02:00,50.4,6.0,9.96,10.2825
2022-06-28 03:00:00+02:00,52.567,5.9,9.8135,10.094
2022-06-28 04:00:00+02:00,52.133,5.9,10.1565,10.227
2022-06-28 05:00:00+02:00,53.8,7.2,11.31,12.383
2022-06-28 06:00:00+02:00,53.967,5.8,10.1325,10.138
2022-06-28 07:00:00+02:00,50.367,7.3,11.566,12.391
2022-06-28 08:00:00+02:00,45.166,7.5,12.6595,13.138
2022-06-28 09:00:00+02:00,36.983,6.8,11.8695,11.924
2022-06-28 10:00:00+02:00,30.8,7.6,13.1405,13.465
2022-06-28 11:00:00+02:00,28.066,7.5,13.0995,13.1715
2022-06-28 12:00:00+02:00,22.5,10.8,17.172,19.344
2022-06-28 13:00:00+02:00,17.834,8.2,13.9705,14.6005
2022-06-28 14:00:00+02:00,17.5,6.3,11.079,11.0945
2022-06-28 15:00:00+02:00,16.466,5.9,10.243,10.3325
2022-06-28 16:00:00+02:00,16.7,6.0,10.506,10.506
2022-06-28 17:00:00+02:00,17.7,5.5,9.7415,9.7415
2022-06-28 18:00:00+02:00,19.966,5.2,9.043,9.043
2022-06-28 19:00:00+02:00,23.233,4.4,7.716,7.716
2022-06-28 20:00:00+02:00,26.334,4.8,8.3085,8.3415
2022-06-28 21:00:00+02:00,28.5,5.1,8.7905,8.7905
2022-06-28 22:00:00+02:00,31.767,5.6,9.557,9.5585
2022-06-28 23:00:00+02:00,36.267,5.7,9.882,9.882
2022-06-29 00:00:00+02:00,40.566,5.9,10.2675,10.2675
2022-06-29 01:00:00+02:00,44.034,5.7,9.795,9.842
2022-06-29 02:00:00+02:00,46.834,6.8,11.327,11.851
2022-06-29 03:00:00+02:00,48.933,6.1,10.313,10.448
2022-06-29 04:00:00+02:00,50.833,6.1,10.5965,10.6025
2022-06-29 05:00:00+02:00,52.4,6.4,10.964,11.0485
2022-06-29 06:00:00+02:00,52.5,6.5,11.2795,11.3105
2022-06-29 07:00:00+02:00,46.967,7.6,13.0255,13.188
2022-06-29 08:00:00+02:00,41.033,8.7,14.262,15.088
2022-06-29 09:00:00+02:00,35.8,37.3,46.9395,63.868
2022-06-29 10:00:00+02:00,31.966,33.4,42.317,55.941
2022-06-29 11:00:00+02:00,25.9,26.5,35.714,43.1845
2022-06-29 12:00:00+02:00,21.066,21.3,30.1715,33.945
2022-06-29 13:00:00+02:00,18.467,19.3,27.96,30.4695
2022-06-29 14:00:00+02:00,18.434,18.1,26.435,28.3825
2022-06-29 15:00:00+02:00,20.0,18.8,27.1455,29.5945
2022-06-29 16:00:00+02:00,23.0,19.1,27.131,29.753500000000003
2022-06-29 17:00:00+02:00,19.366,17.2,24.217,26.3035
2022-06-29 18:00:00+02:00,22.566,18.1,25.463,27.833
2022-06-29 19:00:00+02:00,30.034,28.1,35.3125,46.7745
2022-06-29 20:00:00+02:00,35.067,33.8,41.7685,57.7175
2022-06-29 21:00:00+02:00,36.433,37.2,46.356,64.49849999999999
2022-06-29 22:00:00+02:00,38.6,22.5,29.9335,39.249
2022-06-29 23:00:00+02:00,40.4,6.5,11.1665,11.1885
2022-06-30 00:00:00+02:00,45.133,6.7,11.199,11.329
2022-06-30 01:00:00+02:00,47.9,8.1,13.1685,13.9665
2022-06-30 02:00:00+02:00,50.2,7.1,11.9895,12.1995
2022-06-30 03:00:00+02:00,50.733,6.2,10.5315,10.5775
2022-06-30 04:00:00+02:00,49.7,5.9,9.974,10.023
2022-06-30 05:00:00+02:00,49.767,5.8,9.9445,9.946
2022-06-30 06:00:00+02:00,48.8,5.9,10.1085,10.156
2022-06-30 07:00:00+02:00,45.034,5.8,9.9365,9.9555
2022-06-30 08:00:00+02:00,38.3,20.5,26.9475,34.1195
2022-06-30 09:00:00+02:00,31.767,19.6,25.909,30.635
2022-06-30 10:00:00+02:00,27.233,16.8,23.559,25.7385
2022-06-30 11:00:00+02:00,25.067,16.0,22.575000000000003,24.4
2022-06-30 12:00:00+02:00,22.666,18.5,24.738,28.7045
2022-06-30 13:00:00+02:00,20.934,4.8,7.503,7.776999999999999
2022-06-30 14:00:00+02:00,20.367,3.2,5.334,5.371
2022-06-30 15:00:00+02:00,18.433,3.4,5.7685,5.825
2022-06-30 16:00:00+02:00,18.834,3.0,4.982,5.014
2022-06-30 17:00:00+02:00,19.834,3.4,5.6885,5.834
2022-06-30 18:00:00+02:00,21.133,3.3,5.5955,5.5985
2022-06-30 19:00:00+02:00,23.467,3.5,5.823,5.823
2022-06-30 20:00:00+02:00,26.7,3.6,6.111,6.111
2022-06-30 21:00:00+02:00,33.466,4.1,6.8645,6.8695
2022-06-30 22:00:00+02:00,39.6,4.7,7.893,7.9265
2022-06-30 23:00:00+02:00,43.466,5.0,8.387,8.4455
2022-07-01 00:00:00+02:00,45.1,4.2,7.222,7.222
2022-07-01 01:00:00+02:00,47.3,4.1,6.9005,6.9005
2022-07-01 02:00:00+02:00,48.767,5.6,8.984,9.625
2022-07-01 03:00:00+02:00,48.433,4.4,7.304,7.3305
2022-07-01 04:00:00+02:00,49.4,5.4,8.953,9.308
2022-07-01 05:00:00+02:00,49.7,4.5,7.645,7.646
2022-07-01 06:00:00+02:00,51.633,5.1,8.4925,8.6485
2022-07-01 07:00:00+02:00,45.566,5.3,8.9895,9.0185
2022-07-01 08:00:00+02:00,39.834,5.6,9.661,9.753
2022-07-01 09:00:00+02:00,32.6,3.7,6.2125,6.2445
2022-07-01 10:00:00+02:00,22.334,2.1,3.374,3.3755
2022-07-01 11:00:00+02:00,17.433,1.9,3.0395,3.0395
2022-07-01 12:00:00+02:00,13.534,1.7,2.657,2.657
2022-07-01 13:00:00+02:00,12.466,2.0,3.056,3.056
2022-07-01 14:00:00+02:00,11.333,2.0,3.16,3.16
2022-07-01 15:00:00+02:00,10.034,2.2,3.6625,3.6625
2022-07-01 16:00:00+02:00,9.767,2.5,4.0635,4.0635
2022-07-01 17:00:00+02:00,9.566,2.3,3.832,3.832
2022-07-01 18:00:00+02:00,10.8,2.0,3.2065,3.2065
2022-07-01 19:00:00+02:00,13.834,3.1,5.105,5.2515
2022-07-01 20:00:00+02:00,21.6,2.8,4.7335,4.7335
2022-07-01 21:00:00+02:00,26.4,3.5,5.852,5.859
2022-07-01 22:00:00+02:00,29.7,3.5,5.8845,5.911
2022-07-01 23:00:00+02:00,34.8,4.0,6.715,6.715
2022-07-02 00:00:00+02:00,36.367,3.9,6.5715,6.5715
2022-07-02 01:00:00+02:00,38.067,3.4,5.6,5.6115
2022-07-02 02:00:00+02:00,39.1,3.1,5.324,5.324
2022-07-02 03:00:00+02:00,37.367,3.1,5.1135,5.1135
2022-07-02 04:00:00+02:00,37.867,2.6,4.206,4.2235
2022-07-02 05:00:00+02:00,44.166,2.9,4.901,4.9155
2022-07-02 06:00:00+02:00,45.767,2.6,4.189,4.197
2022-07-02 07:00:00+02:00,43.767,1.1,1.4995,1.4995
2022-07-02 08:00:00+02:00,43.6,1.2,1.698,1.6995
2022-07-02 09:00:00+02:00,39.7,2.0,3.273,3.302
2022-07-02 10:00:00+02:00,35.367,2.6,4.055,4.2455
2022-07-02 11:00:00+02:00,30.733,2.5,3.8765,4.0045
2022-07-02 12:00:00+02:00,25.067,1.9,3.001,3.001
2022-07-02 13:00:00+02:00,23.466,1.6,2.4135,2.4135
2022-07-02 14:00:00+02:00,20.834,1.6,2.4715,2.4715
2022-07-02 15:00:00+02:00,19.6,1.7,2.6645,2.6745
2022-07-02 16:00:00+02:00,19.2,1.9,2.9395,2.9395
2022-07-02 17:00:00+02:00,20.466,1.8,2.832,2.832
2022-07-02 18:00:00+02:00,21.6,2.2,3.5985,3.6135
2022-07-02 19:00:00+02:00,22.934,2.3,3.5575,3.5575
2022-07-02 20:00:00+02:00,27.534,2.6,4.225,4.3115
2022-07-02 21:00:00+02:00,32.534,2.6,4.2745,4.3225
2022-07-02 22:00:00+02:00,38.834,3.0,4.67,4.869
2022-07-02 23:00:00+02:00,43.7,2.1,3.3905,3.3905
2022-07-03 00:00:00+02:00,46.567,2.4,3.8255,3.8255
2022-07-03 01:00:00+02:00,48.733,3.1,4.804,5.0625
2022-07-03 02:00:00+02:00,50.267,2.3,3.7045,3.706
2022-07-03 03:00:00+02:00,52.233,2.6,4.0715,4.2125
2022-07-03 04:00:00+02:00,53.466,2.5,4.134,4.1555
2022-07-03 05:00:00+02:00,54.9,2.2,3.601,3.601
2022-07-03 06:00:00+02:00,54.933,2.5,4.1975,4.2445
2022-07-03 07:00:00+02:00,49.0,2.3,3.6335,3.6335
2022-07-03 08:00:00+02:00,43.2,3.7,6.201,6.335
2022-07-03 09:00:00+02:00,36.167,2.9,4.5955,4.627
2022-07-03 10:00:00+02:00,30.6,3.1,5.1755,5.177
2022-07-03 11:00:00+02:00,27.1,3.8,6.0895,6.3945
2022-07-03 12:00:00+02:00,23.9,3.7,6.023,6.048
2022-07-03 13:00:00+02:00,21.267,3.6,6.1095,6.1095
2022-07-03 14:00:00+02:00,20.334,4.3,7.254,7.2645
2022-07-03 15:00:00+02:00,20.133,3.7,5.98,5.98
2022-07-03 16:00:00+02:00,19.534,4.1,6.736,6.8245
2022-07-03 17:00:00+02:00,19.333,3.3,5.474,5.474
2022-07-03 18:00:00+02:00,20.833,3.7,6.1935,6.1935
2022-07-03 19:00:00+02:00,24.7,4.4,7.3665,7.404
2022-07-03 20:00:00+02:00,28.733,4.6,7.4915,7.7845
2022-07-03 21:00:00+02:00,34.034,5.3,8.2755,8.9245
2022-07-03 22:00:00+02:00,40.1,3.8,6.3975,6.3975
2022-07-03 23:00:00+02:00,44.833,3.9,6.443,6.443
2022-07-04 00:00:00+02:00,47.834,4.8,8.0495,8.052
2022-07-04 01:00:00+02:00,50.2,5.2,8.4795,8.7605
2022-07-04 02:00:00+02:00,51.633,4.6,7.634,7.634
2022-07-04 03:00:00+02:00,52.834,4.6,7.503,7.503
2022-07-04 04:00:00+02:00,54.667,5.3,8.9155,8.973
2022-07-04 05:00:00+02:00,54.233,4.9,8.217,8.217
2022-07-04 06:00:00+02:00,53.0,5.5,9.285,9.3865
2022-07-04 07:00:00+02:00,50.066,6.7,10.9565,11.213
2022-07-04 08:00:00+02:00,44.767,6.9,11.2415,11.7455
2022-07-04 09:00:00+02:00,37.6,6.6,11.097,11.2075
2022-07-04 10:00:00+02:00,31.067,5.6,9.4195,9.421
2022-07-04 11:00:00+02:00,25.933,5.5,9.0675,9.176
2022-07-04 12:00:00+02:00,21.2,4.6,7.615,7.6235
2022-07-04 13:00:00+02:00,18.633,4.9,8.1425,8.1425
2022-07-04 14:00:00+02:00,16.7,5.0,8.2475,8.2475
2022-07-04 15:00:00+02:00,14.733,3.9,6.336,6.336
2022-07-04 16:00:00+02:00,12.034,2.9,4.602,4.6055
2022-07-04 17:00:00+02:00,12.067,2.3,3.658,3.658
2022-07-04 18:00:00+02:00,16.533,2.8,4.4885,4.4885
2022-07-04 19:00:00+02:00,20.3,3.7,6.123,6.2175
2022-07-04 20:00:00+02:00,24.6,4.1,6.9365,6.95
2022-07-04 21:00:00+02:00,29.0,4.5,7.183,7.573
2022-07-04 22:00:00+02:00,32.133,4.7,7.8285,7.9915
2022-07-04 23:00:00+02:00,34.9,7.0,11.9745,12.0085
2022-07-05 00:00:00+02:00,36.867,7.1,11.9885,11.992
2022-07-05 01:00:00+02:00,41.334,8.4,13.792,14.411
2022-07-05 02:00:00+02:00,42.833,9.2,14.4865,15.5435
2022-07-05 03:00:00+02:00,43.534,8.3,13.6295,14.0565
2022-07-05 04:00:00+02:00,45.267,8.3,13.891,13.9875
2022-07-05 05:00:00+02:00,45.666,8.7,14.247,14.6425
2022-07-05 06:00:00+02:00,44.834,6.1,10.273,10.2995
2022-07-05 07:00:00+02:00,44.367,6.7,11.398,11.449
2022-07-05 08:00:00+02:00,41.9,5.8,9.769,9.828
2022-07-05 09:00:00+02:00,42.633,3.7,6.1815,6.1815
2022-07-05 10:00:00+02:00,37.7,5.2,8.5885,8.862
2022-07-05 11:00:00+02:00,32.3,4.6,7.723,7.727
2022-07-05 12:00:00+02:00,29.467,4.7,7.8295,7.899
2022-07-05 13:00:00+02:00,26.8,4.5,7.6045,7.6045
2022-07-05 14:00:00+02:00,27.233,4.7,7.91,7.9715
2022-07-05 15:00:00+02:00,29.067,4.2,7.1365,7.1675
2022-07-05 16:00:00+02:00,33.167,3.7,6.3695,6.411
2022-07-05 17:00:00+02:00,45.367,3.6,5.993,6.0045
2022-07-05 18:00:00+02:00,49.5,4.2,6.9825,7.0055
2022-07-05 19:00:00+02:00,49.8,2.7,4.526,4.526
2022-07-05 20:00:00+02:00,48.833,2.9,4.8555,4.8575
2022-07-05 21:00:00+02:00,52.467,2.9,4.782,4.784
2022-07-05 22:00:00+02:00,53.133,2.8,4.7035,4.714
2022-07-05 23:00:00+02:00,54.534,2.6,4.233,4.2445
2022-07-06 00:00:00+02:00,57.666,2.5,4.0535,4.0535
2022-07-06 01:00:00+02:00,57.3,2.6,4.1225,4.1225
2022-07-06 02:00:00+02:00,57.933,2.6,4.1965,4.1965
2022-07-06 03:00:00+02:00,60.5,3.2,5.2605,5.2675
2022-07-06 04:00:00+02:00,60.9,3.1,4.9855,4.9855
2022-07-06 05:00:00+02:00,60.834,3.7,5.6925,6.129
2022-07-06 06:00:00+02:00,59.333,3.1,5.095,5.095
2022-07-06 07:00:00+02:00,55.166,2.7,4.3765,4.3785
2022-07-06 08:00:00+02:00,51.733,2.7,4.4095,4.4095
2022-07-06 09:00:00+02:00,42.933,2.8,4.6205,4.6205
2022-07-06 10:00:00+02:00,30.8,3.9,6.3285,6.5725
2022-07-06 11:00:00+02:00,22.767,3.3,5.5585,5.661
2022-07-06 12:00:00+02:00,16.7,3.2,5.4775,5.494
2022-07-06 13:00:00+02:00,15.9,3.0,5.0375,5.064
2022-07-06 14:00:00+02:00,15.3,2.7,4.592,4.592
2022-07-06 15:00:00+02:00,14.9,3.0,5.1335,5.1385
2022-07-06 16:00:00+02:00,13.9,2.5,4.306,4.31
2022-07-06 17:00:00+02:00,13.966,2.5,4.294,4.295
2022-07-06 18:00:00+02:00,14.666,2.8,4.744,4.754
2022-07-06 19:00:00+02:00,16.334,3.2,5.6325,5.669
2022-07-06 20:00:00+02:00,18.7,4.9,7.685,8.555
2022-07-06 21:00:00+02:00,24.2,4.0,6.916,6.9415
2022-07-06 22:00:00+02:00,31.166,3.5,6.101,6.101
2022-07-06 23:00:00+02:00,35.633,3.6,6.1255,6.1255
2022-07-07 00:00:00+02:00,38.833,3.3,5.596,5.596
2022-07-07 01:00:00+02:00,41.9,2.9,4.8285,4.8285
2022-07-07 02:00:00+02:00,43.5,2.8,4.94,4.94
2022-07-07 20:00:00+02:00,23.483,3.1,5.2445,5.3565
2022-07-07 21:00:00+02:00,29.767,3.0,5.123,5.1325
2022-07-07 22:00:00+02:00,42.1,3.3,5.635,5.654
2022-07-07 23:00:00+02:00,53.467,1.8,2.8155,2.8155
2022-07-08 00:00:00+02:00,55.8,1.1,1.5705,1.5705
2022-07-08 01:00:00+02:00,58.234,1.2,1.6995,1.6995
2022-07-08 02:00:00+02:00,57.6,1.2,1.746,1.746
2022-07-08 03:00:00+02:00,57.433,1.3,1.736,1.802
2022-07-08 04:00:00+02:00,57.433,1.9,2.943,2.943
2022-07-08 05:00:00+02:00,57.4,1.6,2.399,2.399
2022-07-08 06:00:00+02:00,58.067,2.3,3.564,3.761
2022-07-08 07:00:00+02:00,58.767,3.5,5.9365,6.0875
2022-07-08 08:00:00+02:00,58.7,3.7,6.068,6.2845
2022-07-08 09:00:00+02:00,57.833,3.2,5.299,5.304
2022-07-08 10:00:00+02:00,54.9,2.0,3.14,3.14
2022-07-08 11:00:00+02:00,53.733,2.8,4.595,4.7395
2022-07-08 12:00:00+02:00,50.556,2.8,4.606,4.6925
2022-08-12 11:00:00+02:00,25.875,3.5,5.618,5.674
2022-08-12 12:00:00+02:00,21.2,2.0,3.15,3.238
2022-08-12 13:00:00+02:00,17.8,1.2,1.749,1.749
2022-08-12 14:00:00+02:00,15.2,1.3,1.7725000000000002,1.7725000000000002
2022-08-12 15:00:00+02:00,15.767,1.6,2.4025,2.4025
2022-08-12 16:00:00+02:00,17.267,1.7,2.601,2.605
2022-08-12 17:00:00+02:00,18.566,1.7,2.731,2.731
2022-08-12 18:00:00+02:00,20.433,1.7,2.5265,2.5265
2022-08-12 19:00:00+02:00,24.067,2.9,4.721,4.8725
2022-08-12 20:00:00+02:00,28.466,3.3,5.538,5.5525
2022-08-12 21:00:00+02:00,40.334,3.0,5.071,5.071
2022-08-12 22:00:00+02:00,55.833,3.8,6.3525,6.4135
2022-08-12 23:00:00+02:00,58.867,3.9,6.618,6.625
2022-08-13 00:00:00+02:00,58.466,4.1,6.877000000000001,6.928
2022-08-13 01:00:00+02:00,58.067,3.9,6.555,6.555
2022-08-13 02:00:00+02:00,57.433,4.6,7.549,7.731
2022-08-13 03:00:00+02:00,57.666,4.3,7.321,7.3215
2022-08-13 04:00:00+02:00,56.666,4.6,7.6335,7.766
2022-08-13 05:00:00+02:00,55.733,4.5,7.518,7.5475
2022-08-13 06:00:00+02:00,56.534,5.3,8.993500000000001,9.034
2022-08-13 07:00:00+02:00,54.367,4.6,7.7365,7.7365
2022-08-13 08:00:00+02:00,52.8,4.5,7.5905,7.6165
2022-08-13 09:00:00+02:00,49.633,4.0,6.549,6.5545
2022-08-13 10:00:00+02:00,42.933,3.6,6.0145,6.016
2022-08-13 11:00:00+02:00,40.6,3.8,6.5715,6.573
2022-08-13 12:00:00+02:00,39.133,3.9,6.6235,6.6235
2022-08-13 13:00:00+02:00,40.133,4.1,6.8735,6.8735
2022-08-13 14:00:00+02:00,39.1,4.2,6.923,6.9565
2022-08-13 15:00:00+02:00,49.7,6.5,10.974,11.118
2022-08-13 16:00:00+02:00,54.367,6.6,10.942,11.147
2022-08-13 17:00:00+02:00,54.3,6.6,10.9435,11.1245
2022-08-13 18:00:00+02:00,58.367,6.3,10.5645,10.593
2022-08-13 19:00:00+02:00,60.867,8.8,13.202,14.894
2022-08-13 20:00:00+02:00,61.066,4.8,7.943,7.943
2022-08-13 21:00:00+02:00,61.7,4.3,7.0205,7.0375
2022-08-13 22:00:00+02:00,62.4,3.8,6.235,6.235
2022-08-13 23:00:00+02:00,63.233,3.8,6.222,6.2615
2022-08-14 00:00:00+02:00,63.2,3.1,5.052,5.052
2022-08-14 01:00:00+02:00,62.267,2.5,3.9505,3.9505
2022-08-14 02:00:00+02:00,62.3,3.9,5.8785,6.417
2022-08-14 03:00:00+02:00,61.6,3.0,4.888,4.888
2022-08-14 04:00:00+02:00,60.767,2.6,4.209,4.209
2022-08-14 05:00:00+02:00,61.133,2.5,3.9995,3.9995
2022-08-14 06:00:00+02:00,62.2,3.2,5.193,5.2235000000000005
2022-08-14 07:00:00+02:00,61.6,3.5,5.7035,5.7035
2022-08-14 08:00:00+02:00,59.1,4.2,6.8915,6.9205
2022-08-14 09:00:00+02:00,56.167,3.1,5.033,5.0375
2022-08-14 10:00:00+02:00,52.334,3.5,5.6715,5.6995
2022-08-14 11:00:00+02:00,48.0,3.8,6.1705,6.1775
2022-08-14 12:00:00+02:00,38.733,3.9,6.2845,6.2845
2022-08-14 13:00:00+02:00,31.2,3.9,6.315,6.3155
2022-08-14 14:00:00+02:00,28.133,3.9,6.31,6.311
2022-08-14 15:00:00+02:00,24.567,3.7,5.9595,5.9595
2022-08-14 16:00:00+02:00,24.5,4.0,6.4185,6.4185
2022-08-14 17:00:00+02:00,26.433,4.0,6.4405,6.4445
2022-08-14 18:00:00+02:00,29.666,3.7,6.0305,6.0305
2022-08-14 19:00:00+02:00,36.633,4.4,7.181,7.2015
2022-08-14 20:00:00+02:00,43.833,5.7,9.4125,9.4735
2022-08-14 21:00:00+02:00,47.8,5.6,9.382,9.391
2022-08-14 22:00:00+02:00,50.367,4.8,8.058,8.0645
2022-08-14 23:00:00+02:00,51.466,4.5,7.2905,7.2905
2022-08-15 00:00:00+02:00,52.1,4.3,7.004,7.0055
2022-08-15 01:00:00+02:00,52.034,4.1,6.732,6.732
2022-08-15 02:00:00+02:00,53.0,4.2,6.8185,6.843
2022-08-15 03:00:00+02:00,52.9,4.0,6.4165,6.4165
2022-08-15 04:00:00+02:00,53.0,4.1,6.624,6.624
2022-08-15 05:00:00+02:00,52.766,3.9,6.3465,6.3465
2022-08-15 06:00:00+02:00,53.167,4.7,7.7355,7.76
2022-08-15 07:00:00+02:00,50.933,5.4,8.3665,8.9525
2022-08-15 08:00:00+02:00,46.4,5.0,8.207,8.224
2022-08-15 09:00:00+02:00,41.433,4.8,7.929,7.93
2022-08-15 10:00:00+02:00,33.033,4.3,7.0275,7.0275
2022-08-15 11:00:00+02:00,27.133,4.2,6.952,6.9525
2022-08-15 12:00:00+02:00,22.9,3.7,5.8825,6.0155
2022-08-15 13:00:00+02:00,20.1,3.5,5.636,5.6435
2022-08-15 14:00:00+02:00,19.1,3.0,4.7205,4.861
2022-08-15 15:00:00+02:00,19.8,2.9,4.697,4.699
2022-08-15 16:00:00+02:00,18.566,2.2,3.548,3.548
2022-08-15 17:00:00+02:00,17.834,2.1,3.1965,3.2095
2022-08-15 18:00:00+02:00,19.3,2.6,3.9605,4.133
2022-08-15 19:00:00+02:00,27.0,3.3,5.429,5.429
2022-08-15 20:00:00+02:00,32.633,4.2,6.962,6.972
2022-08-15 21:00:00+02:00,33.267,3.1,4.9765,4.9765
2022-08-15 22:00:00+02:00,35.334,3.0,4.981,4.981
2022-08-15 23:00:00+02:00,39.233,3.1,5.0725,5.0725
2022-08-16 00:00:00+02:00,41.7,2.8,4.5015,4.5015
2022-08-16 01:00:00+02:00,41.6,2.6,4.1675,4.1675
2022-08-16 02:00:00+02:00,43.433,2.8,4.4485,4.4605
2022-08-16 03:00:00+02:00,45.534,2.8,4.6335,4.6335
2022-08-16 04:00:00+02:00,46.0,2.8,4.545,4.545
2022-08-16 05:00:00+02:00,46.2,3.0,4.819,4.819
2022-08-16 06:00:00+02:00,45.767,3.5,5.871,5.871
2022-08-16 07:00:00+02:00,43.467,5.2,8.5105,8.571
2022-08-16 08:00:00+02:00,51.7,4.9,8.1465,8.1605
2022-08-16 09:00:00+02:00,54.934,5.1,8.369,8.4195
2022-08-16 10:00:00+02:00,44.0,4.8,7.964,7.9835
2022-08-16 11:00:00+02:00,38.166,4.5,7.484,7.484
2022-08-16 12:00:00+02:00,32.617,3.3,5.4205,5.432
2022-08-16 13:00:00+02:00,24.6,3.0,4.9445,4.9445
2022-08-16 14:00:00+02:00,21.067,3.2,5.1695,5.172
2022-08-16 15:00:00+02:00,20.566,3.1,5.044,5.048
2022-08-16 16:00:00+02:00,30.9,2.9,4.8145,4.9245
2022-08-16 17:00:00+02:00,46.334,2.4,3.6875,3.6875
2022-08-16 18:00:00+02:00,44.267,2.3,3.5355,3.5355
2022-08-16 19:00:00+02:00,50.633,2.1,3.2805,3.2805
2022-08-16 20:00:00+02:00,53.867,2.1,3.3985,3.3985
2022-08-16 21:00:00+02:00,53.933,2.8,4.5295,4.5295
2022-08-16 22:00:00+02:00,54.267,2.9,4.72,4.72
2022-08-16 23:00:00+02:00,54.5,3.2,5.1145,5.235
2022-08-17 00:00:00+02:00,54.267,3.2,5.1805,5.1805
2022-08-17 01:00:00+02:00,53.966,3.0,4.82,4.82
2022-08-17 02:00:00+02:00,54.067,3.4,5.6085,5.6085
2022-08-17 03:00:00+02:00,54.0,2.9,4.7675,4.7675
2022-08-17 04:00:00+02:00,54.8,3.0,4.9075,4.9075
2022-08-17 05:00:00+02:00,55.0,3.4,5.5215,5.5215
2022-08-17 06:00:00+02:00,55.1,4.0,6.644,6.6475
2022-08-17 07:00:00+02:00,53.767,5.1,8.545,8.6115
2022-08-17 08:00:00+02:00,50.433,4.7,7.9115,7.9145
2022-08-17 09:00:00+02:00,44.867,5.3,8.826,8.941
2022-08-17 10:00:00+02:00,37.1,3.4,5.76,5.76
2022-08-17 11:00:00+02:00,30.634,3.8,6.3725,6.41
2022-08-17 12:00:00+02:00,26.367,3.5,5.8180000000000005,5.83
2022-08-17 13:00:00+02:00,21.4,3.5,5.8185,5.863
2022-08-17 14:00:00+02:00,17.767,2.9,4.7605,4.775
2022-08-17 15:00:00+02:00,15.334,2.7,4.3005,4.3485
2022-08-17 16:00:00+02:00,15.067,2.5,4.007499999999999,4.007499999999999
2022-08-17 17:00:00+02:00,14.867,2.4,3.857,3.857
2022-08-17 18:00:00+02:00,17.2,2.5,4.024,4.024
2022-08-17 19:00:00+02:00,26.6,3.4,5.7645,5.7645
2022-08-17 20:00:00+02:00,34.567,4.0,6.601,6.601
2022-08-17 21:00:00+02:00,38.334,4.3,7.2165,7.2405
2022-08-17 22:00:00+02:00,42.8,3.7,6.1105,6.1105
2022-08-17 23:00:00+02:00,43.9,3.4,5.6455,5.6455
2022-08-18 00:00:00+02:00,46.3,3.3,5.36,5.36
2022-08-18 01:00:00+02:00,45.867,3.3,5.331,5.331
2022-08-18 02:00:00+02:00,46.3,3.2,5.1625,5.193
2022-08-18 03:00:00+02:00,48.334,4.5,7.0615,7.4385
2022-08-18 04:00:00+02:00,48.933,3.3,5.494,5.494
2022-08-18 05:00:00+02:00,49.0,3.6,5.782,5.782
2022-08-18 06:00:00+02:00,49.6,4.1,6.8295,6.8295
2022-08-18 07:00:00+02:00,49.341,5.1,8.6505,8.6505
2022-08-18 08:00:00+02:00,45.267,5.7,9.694,9.7045
2022-08-18 09:00:00+02:00,39.063,4.8,8.1015,8.124
2022-08-18 10:00:00+02:00,29.601,3.9,6.5395,6.566
2022-08-18 11:00:00+02:00,24.966,3.7,6.259,6.259
2022-08-18 12:00:00+02:00,18.834,3.9,6.5115,6.5745
2022-08-18 13:00:00+02:00,13.367,3.2,5.043,5.051
2022-08-18 14:00:00+02:00,12.0,3.4,5.497,5.4975
2022-08-18 15:00:00+02:00,14.866,2.9,4.644,4.644
2022-08-18 16:00:00+02:00,17.9,4.3,7.1875,7.3505
2022-08-18 17:00:00+02:00,23.4,3.5,5.792,5.792
2022-08-18 18:00:00+02:00,24.4,4.1,6.879,6.881
2022-08-18 19:00:00+02:00,31.733,4.2,7.157,7.157
2022-08-18 20:00:00+02:00,38.467,5.2,8.8665,8.9505
2022-08-18 21:00:00+02:00,42.733,5.6,9.362,9.3825
2022-08-18 22:00:00+02:00,46.133,5.4,9.1335,9.1375
2022-08-18 23:00:00+02:00,46.9,5.0,8.364,8.364
2022-08-19 00:00:00+02:00,49.7,4.9,8.1775,8.1775
2022-08-19 01:00:00+02:00,50.166,5.5,8.7175,9.171
2022-08-19 02:00:00+02:00,49.867,4.5,7.3915,7.404
2022-08-19 03:00:00+02:00,50.033,5.7,8.928,9.465
2022-08-19 04:00:00+02:00,49.834,4.3,7.2175,7.2175
2022-08-19 05:00:00+02:00,49.9,4.5,7.65,7.655
2022-08-19 06:00:00+02:00,49.5,4.5,7.5175,7.5175
2022-08-19 07:00:00+02:00,47.3,5.4,9.2735,9.2735
2022-08-19 08:00:00+02:00,44.933,5.0,8.537,8.5685
2022-08-19 09:00:00+02:00,38.822,5.1,8.74,8.7705
2022-08-19 10:00:00+02:00,36.3,3.5,5.854,5.854
2022-08-19 11:00:00+02:00,38.133,3.1,5.1235,5.1235
2022-08-19 12:00:00+02:00,49.833,4.1,6.8875,6.894
2022-08-19 13:00:00+02:00,49.0,4.3,7.132,7.2325
2022-08-19 14:00:00+02:00,49.067,4.4,7.5175,7.5255
2022-08-19 15:00:00+02:00,42.433,4.2,7.019,7.0225
2022-08-19 16:00:00+02:00,41.267,3.7,6.3245,6.3245
2022-08-19 17:00:00+02:00,50.192,3.2,5.251,5.251
2022-08-19 18:00:00+02:00,55.9,3.7,5.512,6.131
2022-08-19 19:00:00+02:00,57.6,2.2,3.599,3.599
2022-08-19 20:00:00+02:00,58.3,3.0,4.9175,4.9415
2022-08-19 21:00:00+02:00,61.067,2.6,4.157,4.176
2022-08-19 22:00:00+02:00,62.2,2.7,4.323,4.3275
2022-08-19 23:00:00+02:00,63.334,2.1,3.411,3.411
2022-08-20 00:00:00+02:00,62.975,2.5,4.1755,4.1755
2022-08-20 01:00:00+02:00,63.766,2.6,4.198,4.198
2022-08-20 02:00:00+02:00,62.633,3.2,5.26,5.315
2022-08-20 03:00:00+02:00,63.5,2.8,4.583,4.583
2022-08-20 16:00:00+02:00,60.0,4.5,7.51,7.51
2022-08-20 17:00:00+02:00,58.775,5.1,8.124,8.382
2022-08-20 18:00:00+02:00,58.4,4.7,7.6045,7.7605
2022-08-20 19:00:00+02:00,59.2,5.0,8.2035,8.2065
2022-08-20 20:00:00+02:00,61.933,7.2,11.686,11.998
2022-08-20 21:00:00+02:00,61.9,5.1,8.6065,8.633
2022-08-20 22:00:00+02:00,61.022,3.8,6.3145,6.3145
2022-08-20 23:00:00+02:00,59.833,5.9,8.225,9.641
2022-08-21 00:00:00+02:00,59.733,3.3,5.4645,5.4725
2022-08-21 01:00:00+02:00,57.767,3.0,4.8095,4.8095
2022-08-21 02:00:00+02:00,59.633,2.4,3.8275,3.8275
2022-08-21 03:00:00+02:00,61.0,1.9,2.822,2.822
2022-08-21 04:00:00+02:00,59.917,1.9,3.004,3.0105
2022-08-21 05:00:00+02:00,62.0,2.2,3.509,3.509
2022-08-21 06:00:00+02:00,61.275,1.7,2.5795,2.5795
2022-08-21 07:00:00+02:00,61.034,2.8,4.012,4.4495
2022-08-21 08:00:00+02:00,59.333,2.4,3.541,3.706
2022-08-21 09:00:00+02:00,58.233,2.3,3.7035,3.7605
2022-08-21 10:00:00+02:00,55.233,2.0,3.1725,3.2045
2022-08-21 11:00:00+02:00,46.567,1.3,1.806,1.8355
2022-08-21 12:00:00+02:00,42.767,1.6,2.3325,2.3395
2022-08-21 13:00:00+02:00,39.133,1.5,2.322,2.322
2022-08-21 14:00:00+02:00,38.733,2.6,3.8545,4.1365
2022-08-21 15:00:00+02:00,36.667,2.5,3.85,3.945
2022-08-21 16:00:00+02:00,40.734,1.8,2.7235,2.7235
2022-08-21 17:00:00+02:00,44.1,1.4,1.94,1.94
2022-08-21 18:00:00+02:00,51.133,1.7,2.711,2.711
2022-08-21 19:00:00+02:00,55.067,2.3,3.619,3.6635
2022-08-21 20:00:00+02:00,56.166,2.3,3.556,3.5855
2022-08-21 21:00:00+02:00,54.1,1.8,2.741,2.7545
2022-08-21 22:00:00+02:00,56.2,1.1,1.553,1.553
2022-08-21 23:00:00+02:00,59.1,1.0,1.212,1.212
2022-08-22 00:00:00+02:00,58.5,0.8,0.8675,0.8675
2022-08-22 01:00:00+02:00,59.233,0.9,1.005,1.005
2022-08-22 02:00:00+02:00,59.767,1.5,2.2935,2.2935
2022-08-22 03:00:00+02:00,60.9,3.0,4.5695,4.8285
2022-08-22 04:00:00+02:00,60.266,2.6,4.1515,4.155
2022-08-22 05:00:00+02:00,60.567,3.0,4.869,4.869
2022-08-22 06:00:00+02:00,60.5,3.4,5.6675,5.6675
2022-08-22 07:00:00+02:00,60.933,4.2,6.9435,6.971
2022-08-22 08:00:00+02:00,59.0,3.5,5.8,5.8205
2022-08-22 09:00:00+02:00,58.933,3.3,5.563,5.563
2022-08-22 10:00:00+02:00,59.1,2.9,4.8215,4.824
2022-08-22 11:00:00+02:00,56.034,3.1,4.9785,5.058
2022-08-22 12:00:00+02:00,56.633,3.5,5.956,5.956
2022-08-22 13:00:00+02:00,55.0,2.1,3.288,3.288
2022-08-22 14:00:00+02:00,53.4,1.3,1.869,1.869
2022-08-22 15:00:00+02:00,53.633,1.4,1.975,1.975
2022-08-22 16:00:00+02:00,56.5,1.3,1.9005,1.9005
2022-08-22 17:00:00+02:00,58.9,1.8,2.743,2.743
2022-08-22 18:00:00+02:00,56.833,1.9,2.947,2.947
2022-08-22 19:00:00+02:00,56.833,1.5,2.2315,2.2325
2022-08-22 20:00:00+02:00,57.233,2.0,2.882,3.0825
2022-08-22 21:00:00+02:00,58.6,1.4,1.968,1.968
2022-08-22 22:00:00+02:00,60.733,0.6,0.5645,0.5655
2022-08-22 23:00:00+02:00,61.067,0.6,0.64,0.64
2022-08-23 00:00:00+02:00,61.233,0.3,0.1535,0.1535
2022-08-23 01:00:00+02:00,61.2,1.0,1.087,1.274
2022-08-23 02:00:00+02:00,59.8,0.2,0.021,0.021
2022-08-23 03:00:00+02:00,60.333,0.4,0.277,0.277
2022-08-23 04:00:00+02:00,62.0,0.4,0.3735,0.3735
2022-08-23 05:00:00+02:00,62.133,0.5,0.4225,0.4225
2022-08-23 06:00:00+02:00,61.966,0.8,0.9555,0.9555
2022-08-23 07:00:00+02:00,61.067,1.3,1.792,1.792
2022-08-23 08:00:00+02:00,60.133,1.5,2.411,2.411
2022-08-23 09:00:00+02:00,58.667,1.6,2.4385,2.608
2022-08-23 10:00:00+02:00,55.3,1.3,1.968,1.968
2022-08-23 11:00:00+02:00,53.234,1.7,2.5655,2.5955
2022-08-23 12:00:00+02:00,53.966,3.1,4.5395,4.966
2022-08-23 13:00:00+02:00,52.834,1.9,3.0715,3.072
2022-08-23 14:00:00+02:00,49.0,1.5,2.269,2.269
2022-08-23 15:00:00+02:00,46.133,1.5,2.299,2.299
2022-08-23 16:00:00+02:00,44.667,1.8,2.8345,2.8375
2022-08-23 17:00:00+02:00,46.466,1.8,2.7285,2.7285
2022-08-23 18:00:00+02:00,49.9,2.2,3.533,3.533
2022-08-23 19:00:00+02:00,51.733,2.4,3.6845,3.7925
2022-08-23 20:00:00+02:00,51.733,2.4,3.8615,3.8615
2022-08-23 21:00:00+02:00,55.0,2.5,4.0205,4.0205
2022-08-23 22:00:00+02:00,57.433,2.0,3.19,3.19
2022-08-23 23:00:00+02:00,58.733,2.3,3.7715,3.7715
2022-08-24 00:00:00+02:00,58.933,2.0,3.199,3.199
2022-08-24 01:00:00+02:00,60.0,1.8,2.742,2.742
2022-08-24 02:00:00+02:00,59.933,1.8,2.7425,2.7425
2022-08-24 03:00:00+02:00,61.3,2.1,3.432,3.44
2022-08-24 04:00:00+02:00,60.0,1.9,2.9515,2.9515
2022-08-24 05:00:00+02:00,58.8,2.0,3.1725,3.1725
2022-08-24 06:00:00+02:00,60.534,2.5,4.0525,4.0525
2022-08-24 07:00:00+02:00,60.767,2.8,4.4915,4.5055
2022-08-24 08:00:00+02:00,57.733,3.4,5.831,5.844
2022-08-24 09:00:00+02:00,54.833,3.1,5.23,5.2505
2022-08-24 10:00:00+02:00,53.166,3.1,5.104,5.1055
2022-08-24 11:00:00+02:00,48.367,2.3,3.5665,3.5695
2022-08-24 12:00:00+02:00,45.433,2.0,3.1755,3.1805
2022-08-24 13:00:00+02:00,41.733,2.6,4.059,4.2255
2022-08-24 14:00:00+02:00,39.834,3.2,5.2925,5.334
2022-08-24 15:00:00+02:00,38.434,3.1,5.004,5.004
2022-08-24 16:00:00+02:00,38.034,2.8,4.5545,4.5545
2022-08-24 17:00:00+02:00,39.367,3.5,5.6805,5.687
2022-08-24 18:00:00+02:00,39.833,3.0,4.8115,4.813
2022-08-24 19:00:00+02:00,45.733,3.7,6.188,6.188
2022-08-24 20:00:00+02:00,49.534,4.6,7.4655,7.561
2022-08-24 21:00:00+02:00,50.3,4.4,7.4665,7.4675
2022-08-24 22:00:00+02:00,52.767,4.0,6.612,6.612
2022-08-24 23:00:00+02:00,55.267,4.1,6.6975,6.6975
2022-08-25 00:00:00+02:00,56.467,3.9,6.4225,6.4225
2022-08-25 01:00:00+02:00,58.0,3.9,6.395,6.395
2022-08-25 02:00:00+02:00,59.4,3.8,6.2465,6.2545
2022-08-25 04:00:00+02:00,59.883,3.8,6.1365,6.1365
2022-08-25 05:00:00+02:00,62.133,3.8,6.1935,6.1935
2022-08-25 06:00:00+02:00,63.333,4.1,6.751,6.773
2022-08-25 07:00:00+02:00,61.533,4.7,7.7895,7.812
2022-08-25 08:00:00+02:00,59.4,5.1,8.4695,8.4845
2022-08-25 09:00:00+02:00,53.8,5.8,9.87,9.9455
2022-08-25 10:00:00+02:00,45.5,5.9,9.7605,9.8365
2022-08-25 11:00:00+02:00,40.3,5.0,8.278,8.3055
2022-08-25 12:00:00+02:00,35.567,5.4,8.9305,9.017
2022-08-25 13:00:00+02:00,31.767,6.2,9.9825,10.3095
2022-08-25 14:00:00+02:00,31.967,6.8,11.271,11.287
2022-08-25 15:00:00+02:00,32.567,9.4,15.02,15.5695
2022-08-25 16:00:00+02:00,30.9,10.6,16.4845,17.717
2022-08-25 17:00:00+02:00,30.767,11.2,17.042,18.648
2022-08-25 18:00:00+02:00,32.2,14.1,19.8075,23.594
2022-08-25 19:00:00+02:00,37.367,16.9,22.193,28.633
2022-08-25 20:00:00+02:00,44.1,19.3,23.745,32.5375
2022-08-25 21:00:00+02:00,50.434,21.0,24.7895,35.1935
2022-08-25 22:00:00+02:00,55.367,22.4,25.6515,37.551
2022-08-25 23:00:00+02:00,58.666,23.6,26.6885,39.556
2022-08-26 00:00:00+02:00,59.466,21.9,25.3465,36.743
2022-08-26 01:00:00+02:00,60.2,21.5,25.1205,36.0925
2022-08-26 02:00:00+02:00,61.0,21.5,25.144,36.033
2022-08-26 03:00:00+02:00,60.834,22.7,26.669,38.5315
2022-08-26 04:00:00+02:00,61.233,21.0,25.0025,35.4125
2022-08-26 05:00:00+02:00,61.867,19.4,23.846,32.8605
2022-08-26 06:00:00+02:00,62.4,19.9,24.3545,33.712
2022-08-26 07:00:00+02:00,62.6,18.9,23.4885,31.917
2022-08-26 08:00:00+02:00,59.733,17.8,22.8365,30.154
2022-08-26 09:00:00+02:00,54.8,16.0,21.4205,26.874
2022-08-26 10:00:00+02:00,45.867,15.2,20.8205,25.605
2022-08-26 11:00:00+02:00,38.466,14.7,20.4125,24.795
2022-08-26 12:00:00+02:00,32.966,13.1,19.09,22.1785
2022-08-26 13:00:00+02:00,29.767,10.8,16.955,18.5555
2022-08-26 14:00:00+02:00,27.5,9.1,15.0175,15.6455
2022-08-26 15:00:00+02:00,24.434,7.6,12.7315,13.029
2022-08-26 16:00:00+02:00,22.4,5.8,9.859,9.868
2022-08-26 17:00:00+02:00,21.3,4.9,8.3,8.3
2022-08-26 18:00:00+02:00,23.7,5.9,10.0115,10.0115
2022-08-26 19:00:00+02:00,34.7,7.9,13.373,13.6455
2022-08-26 20:00:00+02:00,43.933,9.0,14.94,15.4565
2022-08-26 21:00:00+02:00,48.767,9.6,15.648,16.434
2022-08-26 22:00:00+02:00,52.267,9.0,15.087,15.504
2022-08-26 23:00:00+02:00,54.867,9.2,15.139,15.659
2022-08-27 00:00:00+02:00,56.367,9.4,15.484,16.0725
2022-08-27 01:00:00+02:00,57.833,10.0,16.019,16.95
2022-08-27 02:00:00+02:00,57.767,10.6,16.7225,18.1325
2022-08-27 03:00:00+02:00,57.466,10.9,17.029,18.637
2022-08-27 04:00:00+02:00,57.7,10.7,16.6945,18.066
2022-08-27 05:00:00+02:00,58.1,11.2,17.207,19.0055
2022-08-27 06:00:00+02:00,59.233,12.3,18.228,20.7715
2022-08-27 07:00:00+02:00,58.0,12.6,18.65,21.545
2022-08-27 08:00:00+02:00,53.733,12.5,18.6135,21.3845
2022-08-27 09:00:00+02:00,47.767,11.6,17.679,19.7325
2022-08-27 10:00:00+02:00,39.666,10.9,16.909,18.411
2022-08-27 11:00:00+02:00,33.4,10.6,16.7,18.1065
2022-08-27 12:00:00+02:00,29.0,10.6,16.739,18.1425
2022-08-27 13:00:00+02:00,25.567,9.9,16.1455,17.17
2022-08-27 14:00:00+02:00,25.2,9.3,15.4535,16.054
2022-08-27 15:00:00+02:00,29.967,8.4,13.715,14.4065
2022-08-27 16:00:00+02:00,32.0,5.6,9.42,9.42
2022-08-27 17:00:00+02:00,36.566,5.9,9.9075,9.9075
2022-08-27 18:00:00+02:00,41.466,6.8,11.3155,11.3985
2022-08-27 19:00:00+02:00,45.966,7.4,12.3355,12.468
2022-08-27 20:00:00+02:00,47.267,7.6,12.597,12.7875
2022-08-27 21:00:00+02:00,46.333,8.1,13.659,13.797
2022-08-27 22:00:00+02:00,45.933,9.5,15.3475,16.171
2022-08-27 23:00:00+02:00,49.5,7.7,12.933,13.019
2022-08-28 00:00:00+02:00,48.433,6.6,11.0655,11.0685
2022-08-28 01:00:00+02:00,51.2,8.2,13.694,13.9295
2022-08-28 02:00:00+02:00,54.4,7.3,12.1165,12.24
2022-08-28 03:00:00+02:00,54.4,7.2,11.487,12.0555
2022-08-28 04:00:00+02:00,53.233,5.8,9.5485,9.5485
2022-08-28 05:00:00+02:00,52.1,5.5,9.1945,9.1945
2022-08-28 06:00:00+02:00,54.9,6.1,10.342,10.3745
2022-08-28 07:00:00+02:00,52.8,7.3,11.8415,12.193
2022-08-28 08:00:00+02:00,49.567,7.0,11.76,11.81
2022-08-28 09:00:00+02:00,47.933,7.4,12.2245,12.4315
2022-08-28 10:00:00+02:00,45.833,7.3,12.179,12.19
2022-08-28 11:00:00+02:00,43.7,7.3,12.249,12.5345
2022-08-28 12:00:00+02:00,36.3,6.3,10.4145,10.4345
2022-08-28 13:00:00+02:00,28.034,5.2,8.6975,8.7435
2022-08-28 14:00:00+02:00,24.0,4.3,6.971,6.971
2022-08-28 15:00:00+02:00,21.334,3.6,5.9375,5.939
2022-08-28 16:00:00+02:00,18.9,3.0,4.8835,4.8835
2022-08-28 17:00:00+02:00,19.1,2.9,4.6785,4.6785
2022-08-28 18:00:00+02:00,30.0,3.0,4.8615,4.8615
2022-08-28 19:00:00+02:00,43.7,2.7,4.4635,4.4635
2022-08-28 20:00:00+02:00,49.633,2.7,4.3705,4.3705
2022-08-28 21:00:00+02:00,46.533,4.1,6.621,6.759
2022-08-28 22:00:00+02:00,46.425,3.3,5.2025,5.2025
2022-08-28 23:00:00+02:00,50.834,3.6,5.8575,5.8575
2022-08-29 00:00:00+02:00,50.333,3.8,6.1195,6.1195
2022-08-29 01:00:00+02:00,51.966,3.7,6.1295,6.1295
2022-08-29 02:00:00+02:00,52.6,4.1,6.7075,6.732
2022-08-29 03:00:00+02:00,53.367,4.0,6.3865,6.3865
2022-08-29 04:00:00+02:00,54.9,4.5,7.361,7.423
2022-08-29 05:00:00+02:00,56.2,4.3,6.8965,6.8965
2022-08-29 06:00:00+02:00,55.1,5.6,9.397,9.501
2022-08-29 07:00:00+02:00,54.2,5.8,9.7225,9.7675
2022-08-29 08:00:00+02:00,53.7,5.3,8.662,8.6725
2022-08-29 09:00:00+02:00,52.233,4.9,8.087,8.109
2022-08-29 10:00:00+02:00,51.867,4.5,7.2745,7.2745
2022-08-29 11:00:00+02:00,47.834,4.3,6.852,6.9735
2022-08-29 12:00:00+02:00,41.692,4.2,6.811,6.8905
2022-08-29 13:00:00+02:00,39.4,3.8,6.2455,6.25
2022-08-29 14:00:00+02:00,35.567,3.3,5.4605,5.4635
2022-08-29 15:00:00+02:00,35.733,2.7,4.4115,4.429
2022-08-29 16:00:00+02:00,32.834,3.8,6.3245,6.464
2022-08-29 17:00:00+02:00,34.666,3.4,5.6745,5.7135
2022-08-29 18:00:00+02:00,42.466,3.4,5.6705,5.6735
2022-08-29 19:00:00+02:00,45.3,3.2,5.1705,5.1725
2022-08-29 20:00:00+02:00,49.2,3.4,5.6135,5.6145
2022-08-29 21:00:00+02:00,51.233,2.9,4.8235,4.8245
2022-08-29 22:00:00+02:00,53.067,3.2,4.9305,5.2115
2022-08-29 23:00:00+02:00,56.1,3.0,4.8445,4.8445
2022-08-30 00:00:00+02:00,57.466,3.3,5.2835,5.422
2022-08-30 01:00:00+02:00,58.367,2.6,4.152,4.152
2022-08-30 02:00:00+02:00,57.534,2.5,3.915,3.915
2022-08-30 03:00:00+02:00,56.733,3.1,5.0085,5.017
2022-08-30 04:00:00+02:00,57.8,3.5,5.669,5.673
2022-08-30 05:00:00+02:00,57.834,3.4,5.528,5.528
2022-08-30 06:00:00+02:00,57.7,4.2,6.6825,6.93
2022-08-30 07:00:00+02:00,55.267,7.6,11.6355,12.993
2022-08-30 08:00:00+02:00,54.966,3.8,6.11,6.11
2022-08-30 09:00:00+02:00,49.6,2.8,4.587,4.587
2022-08-30 10:00:00+02:00,40.133,2.5,4.091,4.091
2022-08-30 11:00:00+02:00,32.966,2.9,4.7245,4.7665
2022-08-30 12:00:00+02:00,29.267,2.8,4.6745,4.676
2022-08-30 13:00:00+02:00,26.1,3.0,4.9815,5.0375
2022-08-30 14:00:00+02:00,23.467,2.3,3.5635,3.5635
2022-08-30 15:00:00+02:00,23.7,3.4,5.5695,5.7295
2022-08-30 16:00:00+02:00,24.5,3.1,4.787,4.9615
2022-08-30 17:00:00+02:00,24.767,3.3,5.439,5.439
2022-08-30 18:00:00+02:00,29.1,3.5,5.8685,5.897
2022-08-30 19:00:00+02:00,36.467,4.3,7.299,7.3275
2022-08-30 20:00:00+02:00,41.633,4.6,7.6885,7.6915
2022-08-30 21:00:00+02:00,46.767,4.4,7.3295,7.373
2022-08-30 22:00:00+02:00,51.334,4.2,6.997,7.005
2022-08-30 23:00:00+02:00,52.933,4.4,7.2355,7.2815
2022-08-31 00:00:00+02:00,52.7,3.5,5.8025,5.8025
2022-08-31 01:00:00+02:00,54.466,3.7,6.1805,6.182
2022-08-31 02:00:00+02:00,54.466,3.4,5.573,5.573
2022-08-31 03:00:00+02:00,56.0,3.5,5.754,5.777
2022-08-31 04:00:00+02:00,54.133,3.5,5.6585,5.6585
2022-08-31 05:00:00+02:00,55.8,4.2,6.7315,6.946
2022-08-31 06:00:00+02:00,57.4,4.1,6.7265,6.749
2022-08-31 07:00:00+02:00,55.666,4.5,7.61,7.623
2022-08-31 08:00:00+02:00,52.2,4.7,7.7985,7.7985
2022-08-31 09:00:00+02:00,47.466,4.5,7.387,7.4
2022-08-31 10:00:00+02:00,38.867,4.9,8.092,8.138
2022-08-31 11:00:00+02:00,33.334,4.5,7.473,7.486
2022-08-31 12:00:00+02:00,30.367,4.5,7.413,7.4515
2022-08-31 13:00:00+02:00,25.967,3.7,6.1575,6.1575
2022-08-31 14:00:00+02:00,23.233,3.7,6.131,6.131
2022-08-31 15:00:00+02:00,26.2,3.9,6.4505,6.4505
2022-08-31 16:00:00+02:00,32.933,3.2,5.233,5.233
2022-08-31 17:00:00+02:00,44.1,2.6,4.185,4.1865
2022-08-31 18:00:00+02:00,50.434,3.1,4.922,4.9825
2022-08-31 19:00:00+02:00,54.767,8.1,12.2485,13.811
2022-08-31 20:00:00+02:00,56.166,5.0,8.506,8.5455
2022-08-31 21:00:00+02:00,58.666,3.7,6.135,6.135
2022-08-31 22:00:00+02:00,58.267,3.9,6.4685,6.5065
2022-08-31 23:00:00+02:00,58.166,3.4,5.676,5.676
2022-09-01 00:00:00+02:00,60.933,3.4,5.541,5.541
2022-09-01 01:00:00+02:00,63.0,3.9,6.4575,6.55
2022-09-01 02:00:00+02:00,63.166,3.5,5.741,5.741
2022-09-01 03:00:00+02:00,60.2,4.1,6.802,6.802
2022-09-01 04:00:00+02:00,59.367,5.2,8.6165,8.8265
2022-09-01 05:00:00+02:00,60.633,5.2,8.583,8.583
2022-09-01 06:00:00+02:00,62.067,5.7,9.59,9.6105
2022-09-01 07:00:00+02:00,61.533,5.1,8.5105,8.5265
2022-09-01 08:00:00+02:00,62.267,2.7,4.4125,4.415
2022-09-01 09:00:00+02:00,61.067,1.9,3.011,3.011
2022-09-01 10:00:00+02:00,60.2,4.1,5.3605,6.743
2022-09-01 11:00:00+02:00,60.166,1.6,2.439,2.496
2022-09-01 12:00:00+02:00,60.166,1.3,1.929,1.9385
2022-09-01 13:00:00+02:00,60.067,1.2,1.6795,1.6795
2022-09-01 14:00:00+02:00,59.633,1.9,3.127,3.127
2022-09-01 15:00:00+02:00,60.834,4.5,7.63,7.86
2022-09-01 16:00:00+02:00,61.067,6.3,10.481,11.0455
2022-09-01 17:00:00+02:00,61.1,3.9,6.5815,6.7025
2022-09-01 18:00:00+02:00,59.067,3.0,4.9575,4.9575
2022-09-01 19:00:00+02:00,59.133,3.0,4.943,4.9475
2022-09-01 20:00:00+02:00,58.434,3.0,4.9185,5.028
2022-09-01 21:00:00+02:00,58.167,2.7,4.384,4.384
2022-09-01 22:00:00+02:00,59.333,3.6,6.025,6.0755
2022-09-01 23:00:00+02:00,61.534,3.1,5.048,5.048
2022-09-02 00:00:00+02:00,61.966,4.0,6.1625,6.7415
2022-09-02 01:00:00+02:00,61.2,2.4,4.0105,4.0105
2022-09-02 02:00:00+02:00,61.233,1.9,2.9615,2.9615
2022-09-02 03:00:00+02:00,61.133,1.9,2.8705,2.8705
2022-09-02 04:00:00+02:00,61.633,2.3,3.8115,3.8115
2022-09-02 05:00:00+02:00,62.8,2.3,3.74,3.74
2022-09-02 06:00:00+02:00,63.367,3.7,6.071,6.115
2022-09-02 07:00:00+02:00,62.3,4.1,7.019,7.024
2022-09-02 08:00:00+02:00,58.8,2.9,4.8905,4.8905
2022-09-02 09:00:00+02:00,54.233,3.0,5.0555,5.0555
2022-09-02 10:00:00+02:00,52.133,3.5,6.0105,6.0555
2022-09-02 11:00:00+02:00,49.166,3.8,6.515,6.516
2022-09-02 12:00:00+02:00,43.367,2.9,4.727,4.7335
2022-09-02 13:00:00+02:00,41.0,2.7,4.3315,4.389
2022-09-02 14:00:00+02:00,37.433,2.9,4.3825,4.736
2022-09-02 15:00:00+02:00,35.133,2.3,3.7635,3.7635
2022-09-02 16:00:00+02:00,31.767,1.9,3.035,3.035
2022-09-02 17:00:00+02:00,28.767,1.8,2.7675,2.7935
2022-09-02 18:00:00+02:00,25.867,1.9,2.984,3.015
2022-09-02 19:00:00+02:00,38.267,4.6,7.882,8.0435
2022-09-02 20:00:00+02:00,47.533,3.9,6.8195,6.822
2022-09-02 21:00:00+02:00,52.534,3.3,5.82,5.82
2022-09-02 22:00:00+02:00,54.1,3.9,6.8315,6.8855
2022-09-02 23:00:00+02:00,54.467,3.2,5.376,5.376
2022-09-03 00:00:00+02:00,53.966,2.6,4.278,4.278
2022-09-03 01:00:00+02:00,55.0,2.6,4.323,4.4345
2022-09-03 02:00:00+02:00,55.267,2.5,4.211,4.2225
2022-09-03 03:00:00+02:00,56.1,2.6,4.2925,4.2925
2022-09-03 04:00:00+02:00,57.9,3.0,5.0075,5.0285
2022-09-03 05:00:00+02:00,57.534,2.6,4.298,4.298
2022-09-03 06:00:00+02:00,58.267,3.5,6.0375,6.0915
2022-09-03 07:00:00+02:00,56.334,3.6,6.307,6.31
2022-09-03 08:00:00+02:00,53.5,3.3,5.5085,5.5085
2022-09-03 09:00:00+02:00,48.633,3.3,5.4445,5.448
2022-09-03 10:00:00+02:00,38.933,3.5,5.9075,5.925
2022-09-03 11:00:00+02:00,31.767,4.1,7.064,7.086
2022-09-03 12:00:00+02:00,26.9,3.1,5.159,5.159
2022-09-03 13:00:00+02:00,24.5,2.7,4.621,4.621
2022-09-03 14:00:00+02:00,24.767,3.3,5.6825,5.6905
2022-09-03 15:00:00+02:00,26.066,3.1,5.273,5.273
2022-09-03 16:00:00+02:00,27.934,3.4,5.699,5.699
2022-09-03 17:00:00+02:00,30.733,3.4,5.7905,5.7905
2022-09-03 18:00:00+02:00,33.966,4.4,7.3545,7.357
2022-09-03 19:00:00+02:00,40.267,6.3,10.6635,10.8275
2022-09-03 20:00:00+02:00,45.5,6.7,11.6535,11.662
2022-09-03 21:00:00+02:00,50.4,8.3,14.17,14.4085
2022-09-03 22:00:00+02:00,54.066,8.9,15.0145,15.6115
2022-09-03 23:00:00+02:00,56.367,8.5,14.5265,14.7745
2022-09-04 00:00:00+02:00,57.7,8.8,14.845,15.2165
2022-09-04 01:00:00+02:00,57.567,8.2,13.985,14.231
2022-09-04 02:00:00+02:00,58.567,7.9,13.4435,13.6075
2022-09-04 03:00:00+02:00,57.633,7.4,12.6145,12.7555
2022-09-04 04:00:00+02:00,57.466,6.4,11.1465,11.1465
2022-09-04 05:00:00+02:00,58.267,6.7,11.489,11.606
2022-09-04 06:00:00+02:00,59.733,7.1,12.1885,12.285
2022-09-04 07:00:00+02:00,58.834,6.9,11.833,11.976
2022-09-04 08:00:00+02:00,57.633,6.7,11.564,11.5995
2022-09-04 09:00:00+02:00,56.566,6.8,11.7835,11.804
2022-09-04 10:00:00+02:00,56.434,9.7,14.985,16.626
2022-09-04 11:00:00+02:00,56.667,4.7,7.9185,7.9495
2022-09-04 12:00:00+02:00,59.5,5.2,8.184,8.7365
2022-09-04 13:00:00+02:00,52.733,4.1,6.8635,6.8875
2022-09-04 14:00:00+02:00,38.266,2.9,4.757,4.8645
2022-09-04 15:00:00+02:00,32.8,2.6,4.175,4.202
2022-09-04 16:00:00+02:00,29.3,2.8,4.714,4.7195
2022-09-04 17:00:00+02:00,27.666,2.3,3.84,3.84
2022-09-04 18:00:00+02:00,27.466,3.3,5.43,5.5075
2022-09-04 19:00:00+02:00,40.467,3.5,5.9665,5.9665
2022-09-04 20:00:00+02:00,49.933,5.0,8.6895,8.6895
2022-09-04 21:00:00+02:00,55.733,6.8,11.5725,11.615
2022-09-04 22:00:00+02:00,58.967,6.5,11.2365,11.315
2022-09-04 23:00:00+02:00,60.9,6.8,11.599,11.6965
2022-09-05 00:00:00+02:00,60.966,6.7,11.535,11.562
2022-09-05 01:00:00+02:00,60.966,6.4,10.927,20.3585
2022-09-05 02:00:00+02:00,60.667,7.1,12.0595,12.28
2022-09-05 03:00:00+02:00,62.533,7.0,11.882,12.028
2022-09-05 04:00:00+02:00,62.4,7.4,12.4615,12.663
2022-09-05 05:00:00+02:00,62.9,7.0,11.9275,11.9885
2022-09-05 06:00:00+02:00,61.966,8.4,13.7835,14.3635
2022-09-05 07:00:00+02:00,60.466,10.0,15.9175,17.21
2022-09-05 08:00:00+02:00,58.1,8.8,14.688,15.166
2022-09-05 09:00:00+02:00,53.466,10.8,16.968,18.5285
2022-09-05 10:00:00+02:00,46.133,11.9,18.1055,20.498
2022-09-05 11:00:00+02:00,35.633,9.4,15.2475,16.1795
2022-09-05 12:00:00+02:00,29.8,7.8,13.218,13.391
2022-09-05 13:00:00+02:00,26.0,6.8,11.7275,11.7435
2022-09-05 14:00:00+02:00,23.3,5.1,8.77,8.77
2022-09-05 15:00:00+02:00,22.867,4.4,7.448,7.4575
2022-09-05 16:00:00+02:00,21.733,3.5,5.8575,5.863
2022-09-05 17:00:00+02:00,21.4,3.3,5.4285,5.4385
2022-09-05 18:00:00+02:00,21.267,3.4,5.574,5.574
2022-09-05 19:00:00+02:00,32.966,4.5,7.682,7.685
2022-09-05 20:00:00+02:00,43.233,5.7,9.7625,9.909
2022-09-05 21:00:00+02:00,49.534,5.0,8.485,8.4975
2022-09-05 22:00:00+02:00,52.5,5.2,8.8635,8.8775
2022-09-05 23:00:00+02:00,54.933,5.4,9.2555,9.2635
2022-09-06 00:00:00+02:00,55.433,5.4,8.9545,8.9545
2022-09-06 01:00:00+02:00,56.067,5.5,9.234,9.234
2022-09-06 02:00:00+02:00,57.233,6.3,10.569,10.619
2022-09-06 03:00:00+02:00,57.034,7.3,11.8925,12.1865
2022-09-06 04:00:00+02:00,56.633,6.7,11.3445,11.382
2022-09-06 05:00:00+02:00,56.933,6.4,10.8385,10.971
2022-09-06 06:00:00+02:00,56.8,8.1,13.188,13.8255
2022-09-06 07:00:00+02:00,56.034,7.7,12.9165,12.9845
2022-09-06 08:00:00+02:00,53.775,7.8,13.097,13.1545
2022-09-06 09:00:00+02:00,47.567,8.1,13.3985,13.7035
2022-09-06 10:00:00+02:00,38.8,8.4,13.3885,14.214
2022-09-06 11:00:00+02:00,32.367,6.7,11.2315,11.301
2022-09-06 12:00:00+02:00,28.334,6.1,10.2845,10.2845
2022-09-06 13:00:00+02:00,24.333,6.1,10.2615,10.37
2022-09-06 14:00:00+02:00,20.933,4.5,7.689,7.689
2022-09-06 15:00:00+02:00,19.233,4.3,7.1515,7.1805
2022-09-06 16:00:00+02:00,16.434,3.3,5.443,5.4545
2022-09-06 17:00:00+02:00,16.2,3.1,5.1935,5.1965
2022-09-06 18:00:00+02:00,21.5,4.1,6.9765,6.9765
2022-09-06 19:00:00+02:00,34.7,4.7,7.9865,7.992
2022-09-06 20:00:00+02:00,44.0,6.1,10.3775,10.3815
2022-09-06 21:00:00+02:00,48.267,6.0,10.1835,10.22
2022-09-06 22:00:00+02:00,50.4,5.7,9.633,9.641
2022-09-06 23:00:00+02:00,52.266,5.5,9.233,9.237
2022-09-07 00:00:00+02:00,51.334,5.1,8.519,8.5205
2022-09-07 01:00:00+02:00,52.0,4.4,7.2105,7.2105
2022-09-07 02:00:00+02:00,54.0,4.8,7.9905,7.9905
2022-09-07 03:00:00+02:00,53.767,4.6,7.525,7.525
2022-09-07 04:00:00+02:00,54.633,4.5,7.594,7.594
2022-09-07 05:00:00+02:00,53.867,4.5,7.495,7.495
2022-09-07 06:00:00+02:00,54.0,5.0,8.318,8.318
2022-09-07 07:00:00+02:00,52.9,6.6,11.252,11.272
2022-09-07 08:00:00+02:00,50.133,7.5,12.3655,12.9495
2022-09-07 09:00:00+02:00,43.6,6.7,11.114,11.3405
2022-09-07 10:00:00+02:00,36.9,5.6,9.184,9.4155
2022-09-07 11:00:00+02:00,29.567,4.9,8.13,8.2035
2022-09-07 12:00:00+02:00,25.233,4.2,7.0035,7.032
2022-09-07 13:00:00+02:00,22.334,3.0,4.9045,4.906
2022-09-07 14:00:00+02:00,20.3,2.6,4.222,4.31
2022-09-07 15:00:00+02:00,21.4,1.7,2.5745,2.5745
2022-09-07 16:00:00+02:00,21.067,2.0,3.0035,3.073
2022-09-07 17:00:00+02:00,21.934,2.2,3.5435,3.544
2022-09-07 18:00:00+02:00,24.834,3.6,5.629,5.9745
2022-09-07 19:00:00+02:00,34.834,3.6,6.028,6.028
2022-09-07 20:00:00+02:00,40.733,4.0,6.833,6.904
2022-09-07 21:00:00+02:00,42.6,3.3,5.533,5.538
2022-09-07 22:00:00+02:00,49.0,1.4,2.0585,2.0585
2022-09-07 23:00:00+02:00,53.433,1.1,1.4845,1.4845
2022-09-08 00:00:00+02:00,54.733,1.1,1.514,1.514
2022-09-08 01:00:00+02:00,54.833,1.2,1.6545,1.7155
2022-09-08 02:00:00+02:00,55.5,1.1,1.4855,1.4855
2022-09-08 03:00:00+02:00,56.4,1.1,1.4415,1.4415
2022-09-08 04:00:00+02:00,57.166,1.3,1.7675,1.7675
2022-09-08 05:00:00+02:00,57.367,2.0,3.215,3.2185
2022-09-08 06:00:00+02:00,58.167,2.6,4.1935,4.1945
2022-09-08 07:00:00+02:00,56.733,4.5,7.8355,7.856
2022-09-08 08:00:00+02:00,52.933,4.7,8.015,8.115
2022-09-08 09:00:00+02:00,47.5,4.2,6.997,7.147
2022-09-08 10:00:00+02:00,38.433,4.1,7.023,7.0505
2022-09-08 11:00:00+02:00,30.5,3.6,5.9575,5.9655
2022-09-08 12:00:00+02:00,24.4,2.9,4.695,4.753
2022-09-08 13:00:00+02:00,21.3,2.5,3.9985,3.9985
2022-09-08 14:00:00+02:00,21.067,2.0,3.223,3.223
2022-09-08 15:00:00+02:00,22.0,2.1,3.2875,3.2875
2022-09-08 16:00:00+02:00,23.5,2.4,3.8705,3.8705
2022-09-08 17:00:00+02:00,27.166,3.0,4.9205,4.9205
2022-09-08 18:00:00+02:00,29.4,3.6,5.908,5.966
2022-09-08 19:00:00+02:00,32.534,3.8,6.221,6.221
2022-09-08 20:00:00+02:00,40.4,4.8,7.9025,7.974
2022-09-08 21:00:00+02:00,35.667,3.4,5.6045,5.608
2022-09-08 22:00:00+02:00,35.334,3.0,4.826,4.826
2022-09-08 23:00:00+02:00,38.367,3.8,6.262,6.262
2022-09-09 00:00:00+02:00,42.233,4.2,7.031,7.031
2022-09-09 01:00:00+02:00,44.833,4.0,6.6745,6.6745
2022-09-09 02:00:00+02:00,53.9,3.1,5.067,5.068
2022-09-09 03:00:00+02:00,54.767,1.4,2.104,2.104
2022-09-09 04:00:00+02:00,58.3,1.4,1.9205,1.9205
2022-09-09 05:00:00+02:00,59.767,2.0,3.0705,3.0875
2022-09-09 06:00:00+02:00,60.534,2.3,3.6425,3.6595
2022-09-09 07:00:00+02:00,61.867,3.4,5.6515,5.685
2022-09-09 08:00:00+02:00,58.7,3.5,5.831,5.832
2022-09-09 09:00:00+02:00,51.633,5.1,8.244,8.495
2022-09-09 10:00:00+02:00,49.133,5.1,8.4735,8.5255
2022-09-09 11:00:00+02:00,47.4,4.3,7.2045,7.2225
2022-09-09 12:00:00+02:00,38.4,2.7,4.509,4.509
2022-09-09 13:00:00+02:00,34.133,2.6,4.0695,4.0695
2022-09-09 14:00:00+02:00,31.9,3.0,4.834,4.834
2022-09-09 15:00:00+02:00,33.833,3.2,4.999,5.229
2022-09-09 16:00:00+02:00,41.9,2.7,4.4615,4.4615
2022-09-09 17:00:00+02:00,49.633,2.1,3.2075,3.2605
2022-09-09 18:00:00+02:00,52.7,2.5,3.61,3.935
2022-09-09 19:00:00+02:00,55.633,3.8,5.8565,6.4845
2022-09-09 20:00:00+02:00,60.2,2.7,4.3565,4.4025
2022-09-09 21:00:00+02:00,60.833,2.7,4.5775,4.5775
2022-09-09 22:00:00+02:00,61.267,2.5,4.122,4.125
2022-09-09 23:00:00+02:00,62.033,2.5,3.7055,3.892
2022-09-10 00:00:00+02:00,61.3,2.2,3.385,3.4945
2022-09-10 01:00:00+02:00,61.8,1.6,2.323,2.323
2022-09-10 02:00:00+02:00,60.633,1.6,2.4315,2.4315
2022-09-10 03:00:00+02:00,62.567,1.1,1.3245,1.3245
2022-09-10 04:00:00+02:00,60.767,0.9,1.2105,1.2105
2022-09-10 05:00:00+02:00,61.333,1.4,2.186,2.186
2022-09-10 06:00:00+02:00,61.834,1.3,1.9925,1.9925
2022-09-10 07:00:00+02:00,61.8,2.4,3.727,3.847
2022-09-10 08:00:00+02:00,59.533,1.4,2.135,2.135
2022-09-10 09:00:00+02:00,53.967,1.4,2.0135,2.0135
2022-09-10 10:00:00+02:00,48.767,1.5,2.2065,2.2135
2022-09-10 11:00:00+02:00,44.166,1.5,2.2105,2.2105
2022-09-10 12:00:00+02:00,38.9,1.4,1.971,1.971
2022-09-10 13:00:00+02:00,34.633,2.0,3.0765,3.1345
2022-09-10 14:00:00+02:00,33.666,2.2,3.5035,3.5215
2022-09-10 15:00:00+02:00,32.566,2.2,3.4855,3.498
2022-09-10 16:00:00+02:00,28.733,1.1,1.504,1.504
2022-09-10 17:00:00+02:00,29.233,1.2,1.7355,1.7355
2022-09-10 18:00:00+02:00,39.334,1.7,2.6545,2.6545
2022-09-10 19:00:00+02:00,53.267,5.2,7.6935,8.888
2022-09-10 20:00:00+02:00,56.166,1.9,3.0185,3.0185
2022-09-10 21:00:00+02:00,58.0,2.5,4.025,4.025
2022-09-10 22:00:00+02:00,58.325,2.3,3.7475,3.7475
2022-09-12 23:00:00+02:00,52.0,2.8,4.79,4.79
2022-09-13 00:00:00+02:00,52.0,3.2,5.774,5.774
2022-09-13 01:00:00+02:00,52.533,4.5,6.0775,7.262
2022-09-13 02:00:00+02:00,52.933,3.4,5.1885,5.6845
2022-09-13 03:00:00+02:00,52.6,2.0,3.066,3.0745
2022-09-13 04:00:00+02:00,52.7,1.8,2.8075,2.8075
2022-09-13 05:00:00+02:00,54.433,2.1,3.2125,3.213
2022-09-13 06:00:00+02:00,54.067,2.4,3.865,3.865
2022-09-13 07:00:00+02:00,52.466,3.0,4.955,4.955
2022-09-13 08:00:00+02:00,49.467,2.7,4.4315,4.432
2022-09-13 09:00:00+02:00,42.467,2.9,4.8435,4.847
2022-09-13 10:00:00+02:00,34.942,3.4,5.4735,5.5405
2022-09-13 11:00:00+02:00,29.275,2.3,3.7445,3.774
2022-09-13 12:00:00+02:00,25.369,1.2,1.586,1.6485
2022-09-13 13:00:00+02:00,22.633,0.7,0.7125,0.7125
2022-09-13 14:00:00+02:00,21.517,0.8,1.011,1.011
2022-09-13 15:00:00+02:00,21.058,1.2,1.579,1.579
2022-09-13 16:00:00+02:00,20.3,1.7,2.6585,2.671
2022-09-13 17:00:00+02:00,18.575,1.5,2.2015,2.2015
2022-09-13 18:00:00+02:00,22.509,2.4,3.75,3.7925
2022-09-13 19:00:00+02:00,35.7,2.3,3.738,3.738
2022-09-13 20:00:00+02:00,42.958,4.2,7.102,7.1045
2022-09-13 21:00:00+02:00,46.483,2.2,3.628,3.628
2022-09-13 22:00:00+02:00,47.867,1.8,3.02,3.02
2022-09-13 23:00:00+02:00,48.1,1.5,2.318,2.318
2022-09-14 00:00:00+02:00,49.1,1.3,1.879,1.879
2022-09-14 01:00:00+02:00,49.6,1.3,1.8425,1.8425
2022-09-14 02:00:00+02:00,50.167,1.4,2.0925,2.0925
2022-09-14 03:00:00+02:00,50.633,1.4,1.993,1.993
2022-09-14 04:00:00+02:00,51.466,1.7,2.6525,2.6525
2022-09-14 05:00:00+02:00,52.7,2.1,3.4255,3.4255
2022-09-14 06:00:00+02:00,52.6,2.3,3.7315,3.7315
2022-09-14 07:00:00+02:00,50.5,3.3,5.3095,5.369
2022-09-14 08:00:00+02:00,46.159,5.9,9.679,10.032
2022-09-14 09:00:00+02:00,40.067,3.8,6.3175,6.335
2022-09-14 10:00:00+02:00,32.2,2.0,3.1185,3.1185
2022-09-14 11:00:00+02:00,30.345,1.4,2.094,2.094
2022-09-14 12:00:00+02:00,28.84,1.6,2.444,2.444
2022-09-14 13:00:00+02:00,28.944,1.3,1.977,1.977
2022-09-14 14:00:00+02:00,27.409,1.2,1.787,1.787
2022-09-14 15:00:00+02:00,24.914,1.1,1.5355,1.5355
2022-09-14 16:00:00+02:00,25.1,1.1,1.5105,1.5105
2022-09-14 17:00:00+02:00,25.5,1.2,1.626,1.633
2022-09-14 18:00:00+02:00,27.933,1.2,1.6945,1.6945
2022-09-14 19:00:00+02:00,29.0,1.7,2.5305,2.5595
2022-09-14 20:00:00+02:00,29.0,1.3,1.943,1.943
2022-09-14 21:00:00+02:00,29.459,1.3,1.7765,1.7765
2022-09-14 22:00:00+02:00,30.225,1.2,1.7605,1.7605
2022-09-14 23:00:00+02:00,28.8,1.2,1.71,1.71
2022-09-15 00:00:00+02:00,32.7,1.7,2.6585,2.6625
2022-09-15 01:00:00+02:00,34.767,1.6,2.4205,2.4205
2022-09-15 02:00:00+02:00,34.166,1.4,2.0995,2.0995
2022-09-15 03:00:00+02:00,36.978,2.0,3.114,3.114
2022-09-15 04:00:00+02:00,39.9,2.1,3.4575,3.4605
2022-09-15 05:00:00+02:00,42.367,2.2,3.4745,3.4775
2022-09-15 06:00:00+02:00,39.166,2.5,4.0595,4.071
2022-09-15 07:00:00+02:00,35.409,3.0,5.0585,5.0585
2022-09-15 08:00:00+02:00,41.591,4.1,7.3025,7.3635
2022-09-15 09:00:00+02:00,52.192,5.4,8.9745,9.332
2022-09-15 10:00:00+02:00,41.4,2.2,3.4825,3.4825
2022-09-15 11:00:00+02:00,36.45,1.9,3.124,3.124
2022-09-15 12:00:00+02:00,35.5,1.6,2.335,2.335
2022-09-15 13:00:00+02:00,30.125,1.6,2.338,2.338
2022-09-15 14:00:00+02:00,26.75,1.2,1.6905,1.6905
2022-10-26 08:00:00+02:00,56.733,8.8,14.0285,15.0715
2022-10-26 09:00:00+02:00,54.433,8.6,14.2675,14.7935
2022-10-26 10:00:00+02:00,50.8,9.2,15.026,15.859
2022-10-26 11:00:00+02:00,46.367,6.4,10.7765,10.8405
2022-10-26 12:00:00+02:00,41.867,6.5,10.8,11.1245
2022-10-26 13:00:00+02:00,37.767,4.4,7.2835,7.2835
2022-10-26 14:00:00+02:00,32.3,4.2,7.1445,7.1445
2022-10-26 15:00:00+02:00,30.466,3.3,5.484,5.5075
2022-10-26 16:00:00+02:00,32.466,3.8,6.4055,6.4255
2022-10-26 17:00:00+02:00,37.533,6.1,10.235,10.2935
2022-10-26 18:00:00+02:00,43.7,7.9,13.1615,13.606
2022-10-26 19:00:00+02:00,48.933,9.9,16.033,17.0365
2022-10-26 20:00:00+02:00,53.3,10.6,16.8125,18.283
2022-10-26 21:00:00+02:00,55.167,9.2,15.15,15.8165
2022-10-26 22:00:00+02:00,56.5,7.7,12.85,13.023
2022-10-26 23:00:00+02:00,57.1,6.1,10.418,10.4215
2022-10-27 00:00:00+02:00,57.7,5.3,8.934,8.934
2022-10-27 01:00:00+02:00,58.2,4.8,8.0055,8.0055
2022-10-27 02:00:00+02:00,59.0,5.0,8.1275,8.271
2022-10-27 03:00:00+02:00,58.567,4.5,7.568,7.6065
2022-10-27 04:00:00+02:00,59.0,4.2,7.0305,7.061
2022-10-27 05:00:00+02:00,59.034,4.9,7.8015,8.235
2022-10-27 06:00:00+02:00,58.067,4.4,7.3625,7.3785
2022-10-27 07:00:00+02:00,59.0,4.7,7.988,7.988
2022-10-27 08:00:00+02:00,58.133,4.6,7.7205,7.7205
2022-10-27 09:00:00+02:00,55.667,6.1,9.83,10.2295
2022-10-27 10:00:00+02:00,50.367,7.1,12.093,12.131
2022-10-27 11:00:00+02:00,46.067,6.4,11.0325,11.078
2022-10-27 12:00:00+02:00,42.9,4.5,7.6285,7.6285
2022-10-27 13:00:00+02:00,39.35,4.1,6.818,6.845
2022-10-27 14:00:00+02:00,35.2,3.9,6.523,6.523
2022-10-27 15:00:00+02:00,34.967,4.4,7.407,7.4635
2022-10-27 16:00:00+02:00,38.2,5.9,10.1195,10.1225
2022-10-27 17:00:00+02:00,42.066,6.5,10.9375,11.0645
2022-10-27 18:00:00+02:00,48.867,9.1,14.9645,15.754
2022-10-27 19:00:00+02:00,52.034,11.2,17.4045,19.4305
2022-10-27 20:00:00+02:00,53.666,16.5,22.199,29.095
2022-10-27 21:00:00+02:00,55.933,16.4,22.2865,28.9125
2022-10-27 22:00:00+02:00,57.167,13.7,19.6735,23.9515
2022-10-27 23:00:00+02:00,57.0,9.2,15.3605,15.9475
2022-10-28 00:00:00+02:00,57.6,9.6,15.5875,16.51
2022-10-28 01:00:00+02:00,58.966,6.8,11.712,11.738
2022-10-28 02:00:00+02:00,59.867,7.3,12.061,12.458
2022-10-28 03:00:00+02:00,60.967,6.5,10.8985,11.124
2022-10-28 04:00:00+02:00,61.5,6.0,10.2375,10.2395
2022-10-28 05:00:00+02:00,62.2,7.3,12.3875,12.4515
2022-10-28 06:00:00+02:00,62.167,9.2,15.1365,15.763
2022-10-28 07:00:00+02:00,61.966,7.3,12.0825,12.472
2022-10-28 08:00:00+02:00,61.733,6.8,11.623,11.7225
2022-10-28 09:00:00+02:00,60.1,8.2,13.876,14.1975
2022-10-28 10:00:00+02:00,55.367,10.9,17.267,19.107
2022-10-28 11:00:00+02:00,50.466,13.8,20.1265,24.2525
2022-10-28 12:00:00+02:00,45.666,9.0,14.928,15.6345
2022-10-28 13:00:00+02:00,42.133,7.1,12.0925,12.1215
2022-10-28 14:00:00+02:00,39.033,7.6,12.8665,12.9475
2022-10-28 15:00:00+02:00,39.0,9.5,15.5595,16.467
2022-10-28 16:00:00+02:00,39.7,11.1,17.231,19.0085
2022-10-28 17:00:00+02:00,43.6,12.5,18.7975,21.7435
2022-10-28 18:00:00+02:00,50.367,16.2,22.0635,28.3295
2022-10-28 19:00:00+02:00,52.633,18.2,23.362,31.618
2022-10-28 20:00:00+02:00,54.966,18.6,23.7715,32.573
2022-10-28 21:00:00+02:00,57.0,20.6,25.2555,36.456
2022-10-28 22:00:00+02:00,58.867,18.7,24.016,33.2065
2022-10-28 23:00:00+02:00,59.4,19.0,24.126,33.5825
2022-10-29 00:00:00+02:00,61.967,15.5,21.535,27.1565
2022-10-29 01:00:00+02:00,61.466,13.4,19.7095,23.3095
2022-10-29 02:00:00+02:00,61.9,12.9,19.15,22.3265
2022-10-29 03:00:00+02:00,62.334,11.5,17.733,19.886
2022-10-29 04:00:00+02:00,63.0,10.6,16.7525,18.193
2022-10-29 05:00:00+02:00,63.034,10.3,16.4305,17.7685
2022-10-29 06:00:00+02:00,61.867,12.0,18.154,20.7455
2022-10-29 07:00:00+02:00,61.067,10.9,17.1765,18.8995
2022-10-29 08:00:00+02:00,60.633,11.5,17.8105,20.0215
2022-10-29 09:00:00+02:00,59.034,13.1,19.3615,22.7535
2022-10-29 10:00:00+02:00,54.133,14.3,20.5335,25.199
2022-10-29 11:00:00+02:00,47.433,14.8,20.833,26.281
2022-10-29 12:00:00+02:00,41.4,9.2,15.304,15.891
2022-10-29 13:00:00+02:00,38.166,8.8,14.8345,15.2205
2022-10-29 14:00:00+02:00,36.534,9.3,15.2785,15.999
2022-10-29 15:00:00+02:00,37.867,12.2,18.353,20.949
2022-10-29 16:00:00+02:00,37.466,12.8,18.891,21.927
2022-10-29 17:00:00+02:00,39.6,14.7,20.586,25.117
2022-10-29 18:00:00+02:00,47.667,17.5,22.803,30.2235
2022-10-29 19:00:00+02:00,51.733,31.6,36.8495,55.6215
2022-10-29 20:00:00+02:00,54.4,24.1,27.9795,42.2035
2022-10-29 21:00:00+02:00,55.0,23.7,27.888,41.3235
2022-10-29 22:00:00+02:00,55.791,19.7,24.4415,34.3505
2022-10-29 23:00:00+02:00,56.267,15.2,21.1235,26.4445
2022-10-30 00:00:00+02:00,57.567,13.8,20.0785,23.95
2022-10-30 01:00:00+02:00,56.659,12.8,18.9505,22.1365
2022-10-30 02:00:00+02:00,55.933,12.9,18.89,22.315
2022-10-30 03:00:00+02:00,55.067,19.5,24.4185,34.1375
2022-10-30 04:00:00+02:00,55.433,17.5,22.9525,30.556
2022-10-30 05:00:00+02:00,55.633,8.7,14.259,15.0
2022-10-30 06:00:00+02:00,54.966,9.8,15.6505,16.7535
2022-10-30 07:00:00+02:00,54.1,14.2,20.391,24.657
2022-10-30 08:00:00+02:00,54.5,15.9,21.6485,27.6485
2022-10-30 09:00:00+02:00,50.834,11.5,17.9365,20.2495
2022-10-30 10:00:00+02:00,46.7,11.9,18.343,20.99
2022-10-30 11:00:00+02:00,40.534,10.6,17.086,18.8465
2022-10-30 12:00:00+02:00,34.367,7.0,12.343,12.407
2022-10-30 13:00:00+02:00,30.709,5.5,9.417,9.4215
2022-10-30 14:00:00+02:00,27.834,7.0,11.8705,11.92
2022-10-30 15:00:00+02:00,26.9,7.9,13.0415,13.5715
2022-10-30 16:00:00+02:00,29.9,10.4,16.373,17.9665
2022-10-30 17:00:00+02:00,37.133,11.3,17.6,19.6225
2022-10-30 18:00:00+02:00,44.966,15.8,21.605,27.593
2022-10-30 19:00:00+02:00,49.367,16.1,22.038,28.2985
2022-10-30 20:00:00+02:00,52.633,15.5,21.446,27.032
2022-10-30 21:00:00+02:00,53.0,16.4,22.135,28.6315
2022-10-30 22:00:00+02:00,53.567,11.3,17.591,19.688
2022-10-30 23:00:00+02:00,53.733,8.9,14.898,15.351
2022-10-31 00:00:00+02:00,53.867,6.9,11.612,11.6715
2022-10-31 01:00:00+02:00,55.067,6.1,10.4305,10.4745
2022-10-31 02:00:00+02:00,54.933,4.9,8.107,8.2125
2022-10-31 03:00:00+02:00,55.0,4.0,6.7155,6.72
2022-10-31 04:00:00+02:00,55.333,3.6,5.9725,5.9725
2022-10-31 05:00:00+02:00,54.0,3.4,5.682,5.682
2022-10-31 06:00:00+02:00,54.3,4.4,7.1445,7.286
2022-10-31 07:00:00+02:00,53.534,12.5,17.2125,21.8755
2022-10-31 08:00:00+02:00,52.3,19.9,25.108,35.4075
2022-10-31 09:00:00+02:00,48.9,16.1,21.995,28.484
2022-10-31 10:00:00+02:00,43.266,12.8,18.943,22.326
2022-10-31 11:00:00+02:00,37.9,9.3,15.476,16.1915
2022-10-31 12:00:00+02:00,32.2,7.0,12.124,12.236
2022-10-31 13:00:00+02:00,30.167,7.2,12.251,12.465
2022-10-31 14:00:00+02:00,27.033,6.1,10.389,10.3955
2022-10-31 15:00:00+02:00,27.4,9.1,14.4665,15.671
2022-10-31 16:00:00+02:00,30.166,8.5,14.169,14.5305
2022-10-31 17:00:00+02:00,36.0,10.8,17.051,18.6955
2022-10-31 18:00:00+02:00,44.3,16.1,21.906,28.3755
2022-10-31 19:00:00+02:00,49.633,17.3,22.869,30.243
2022-10-31 20:00:00+02:00,52.4,16.3,21.996,28.2805
2022-10-31 21:00:00+02:00,52.666,13.6,19.8675,23.7515
2022-10-31 22:00:00+02:00,52.6,10.4,16.708,18.137
2022-10-31 23:00:00+02:00,52.867,10.5,16.669,18.223
2022-11-01 00:00:00+02:00,52.367,9.5,15.6135,16.462
2022-11-01 01:00:00+02:00,53.6,8.8,14.6485,15.076
2022-11-01 02:00:00+02:00,53.833,7.2,12.1535,12.2645
2022-11-01 03:00:00+02:00,54.0,7.0,11.6365,11.9215
2022-11-01 04:00:00+02:00,53.7,8.2,13.613,14.053
2022-11-01 05:00:00+02:00,53.733,15.7,21.569,27.392
2022-11-01 06:00:00+02:00,52.9,17.8,23.346,31.566
2022-11-01 07:00:00+02:00,53.033,14.7,20.8425,25.8985
2022-11-01 08:00:00+02:00,51.6,14.9,21.0465,26.359
2022-11-01 09:00:00+02:00,48.3,14.5,20.7455,25.4725
2022-11-01 10:00:00+02:00,40.967,13.0,19.3295,22.6835
2022-11-01 11:00:00+02:00,34.0,11.7,17.9755,20.2605
2022-11-01 12:00:00+02:00,30.033,11.3,17.6905,19.789
2022-11-01 13:00:00+02:00,28.0,11.3,17.4655,19.4535
2022-11-01 14:00:00+02:00,19.3,5.0,7.534,8.31
2022-11-01 15:00:00+02:00,14.966,0.9,1.189,1.189
2022-11-01 16:00:00+02:00,15.567,2.7,4.1135,4.4315
2022-11-01 17:00:00+02:00,21.567,3.8,5.994,6.4105
2022-11-01 18:00:00+02:00,27.233,6.4,10.74,11.0785
2022-11-01 19:00:00+02:00,31.7,9.3,15.2385,16.2005
2022-11-01 20:00:00+02:00,34.934,8.6,14.3405,15.0755
2022-11-01 21:00:00+02:00,38.566,11.1,17.2595,19.522
2022-11-01 22:00:00+02:00,40.934,9.0,14.534,15.68
2022-11-01 23:00:00+02:00,40.133,4.4,7.481,7.4925
2022-11-02 00:00:00+02:00,42.1,3.4,5.77,5.801
2022-11-02 01:00:00+02:00,44.767,2.6,4.121,4.262
2022-11-02 02:00:00+02:00,46.834,2.3,3.638,3.638
2022-11-02 03:00:00+02:00,47.133,2.4,3.8835,3.8835
2022-11-02 04:00:00+02:00,48.6,3.0,4.9325,4.9665
2022-11-02 05:00:00+02:00,49.433,2.6,4.241,4.241
2022-11-02 06:00:00+02:00,47.8,3.4,5.599,5.599
2022-11-02 07:00:00+02:00,47.166,3.9,6.5655,6.567
2022-11-02 08:00:00+02:00,47.433,4.4,7.4885,7.4885
2022-11-02 09:00:00+02:00,45.666,5.2,8.9205,8.941
2022-11-02 10:00:00+02:00,39.7,8.2,13.9595,14.301
2022-11-02 11:00:00+02:00,34.267,6.8,11.5085,11.705
2022-11-02 12:00:00+02:00,28.067,5.6,9.4295,9.62
2022-11-02 13:00:00+02:00,22.733,3.3,5.3525,5.378
2022-11-02 14:00:00+02:00,20.633,2.7,4.4305,4.4305
2022-11-02 15:00:00+02:00,21.233,3.8,6.4215,6.49
2022-11-02 16:00:00+02:00,23.834,3.4,5.6705,5.6725
2022-11-02 17:00:00+02:00,31.634,7.5,12.591,12.7265
2022-11-02 18:00:00+02:00,38.4,11.1,17.31,19.315
2022-11-02 19:00:00+01:00,46.6,14.6,20.7265,25.522
2022-11-02 20:00:00+01:00,46.933,14.2,20.4115,24.825
2022-11-02 21:00:00+01:00,48.433,12.0,18.209,20.8945
2022-11-02 22:00:00+01:00,49.834,9.6,15.624,16.5525
2022-11-02 23:00:00+01:00,50.234,8.3,13.9975,14.2315
2022-11-03 00:00:00+01:00,52.534,7.2,12.249,12.315
2022-11-03 01:00:00+01:00,52.766,6.1,10.435,10.4355
2022-11-03 02:00:00+01:00,53.534,5.5,9.3275,9.3275
2022-11-03 03:00:00+01:00,53.534,6.0,10.2285,10.283
2022-11-03 04:00:00+01:00,54.4,4.7,7.961,7.961
2022-11-03 05:00:00+01:00,54.5,5.1,8.612,8.613
2022-11-03 06:00:00+01:00,54.8,5.3,9.001,9.02
2022-11-03 07:00:00+01:00,54.6,5.8,9.884,9.9035
2022-11-03 08:00:00+01:00,51.066,5.7,9.704,9.709
2022-11-03 09:00:00+01:00,45.334,6.6,11.212,11.2395
2022-11-03 10:00:00+01:00,39.834,6.4,10.9015,10.9125
2022-11-03 11:00:00+01:00,38.567,7.1,11.9975,12.117
2022-11-03 12:00:00+01:00,37.4,7.9,13.2805,13.6
2022-11-03 13:00:00+01:00,34.067,8.1,13.8065,14.0265
2022-11-03 14:00:00+01:00,33.375,9.0,15.1155,15.621
2022-11-03 15:00:00+01:00,36.7,10.2,16.49,17.8005
2022-11-03 16:00:00+01:00,40.0,12.6,18.7255,21.8055
2022-11-03 17:00:00+01:00,45.267,15.0,21.0245,26.1045
2022-11-03 18:00:00+01:00,49.533,16.0,21.7745,27.892
2022-11-03 19:00:00+01:00,52.9,17.6,23.0555,30.7305
2022-11-03 20:00:00+01:00,53.7,16.1,21.914,28.014
2022-11-03 21:00:00+01:00,54.267,12.6,18.9595,21.9635
2022-11-03 22:00:00+01:00,54.867,11.5,17.8185,19.9605
2022-11-03 23:00:00+01:00,54.867,10.1,16.308,17.459
2022-11-04 00:00:00+01:00,54.0,10.2,16.467,17.7605
2022-11-04 01:00:00+01:00,54.1,10.7,16.6185,18.4755
2022-11-04 02:00:00+01:00,54.4,16.6,22.1235,28.983
2022-11-04 03:00:00+01:00,55.0,10.4,16.7235,18.118
2022-11-04 04:00:00+01:00,54.767,15.2,21.2315,26.545
2022-11-04 05:00:00+01:00,55.367,13.9,20.0915,24.1525
2022-11-04 06:00:00+01:00,54.034,17.8,23.2815,31.369
2022-11-04 07:00:00+01:00,55.3,18.4,23.9,32.5025
2022-11-04 08:00:00+01:00,55.334,19.9,24.7555,35.1245
2022-11-04 09:00:00+01:00,53.433,16.3,22.1655,28.661
2022-11-04 10:00:00+01:00,54.5,16.4,22.196,28.6995
2022-11-04 11:00:00+01:00,54.767,17.5,23.0365,30.776
2022-11-04 12:00:00+01:00,55.6,19.7,24.7165,34.834
2022-11-04 13:00:00+01:00,56.233,24.8,29.133,43.718
2022-11-04 14:00:00+01:00,45.633,6.5,8.5145,11.0725
2022-11-04 15:00:00+01:00,37.466,1.8,2.7325,2.7325
2022-11-04 16:00:00+01:00,45.267,18.4,23.1975,32.05
2022-11-04 17:00:00+01:00,54.367,1.8,2.635,2.653
2022-11-04 18:00:00+01:00,56.233,6.6,10.5015,11.253
2022-11-04 19:00:00+01:00,58.125,6.8,11.5775,11.714
2022-11-04 20:00:00+01:00,59.233,10.4,16.2185,18.031
2022-11-04 21:00:00+01:00,58.8,5.2,8.588,8.683
2022-11-04 22:00:00+01:00,59.2,7.0,12.117,12.1255
2022-11-04 23:00:00+01:00,59.2,8.4,14.3035,14.616
2022-11-05 00:00:00+01:00,58.966,10.4,16.6185,18.0215
2022-11-05 01:00:00+01:00,59.267,8.3,13.84,14.182
2022-11-05 02:00:00+01:00,59.966,4.2,7.1075,7.1075
2022-11-05 03:00:00+01:00,59.3,4.1,6.8355,6.8355
2022-11-05 04:00:00+01:00,59.2,2.3,3.637,3.637
2022-11-05 05:00:00+01:00,58.667,0.7,0.883,0.883
2022-11-05 06:00:00+01:00,58.0,1.1,1.5285,1.5285
2022-11-05 07:00:00+01:00,57.767,2.2,3.7215,3.7215
2022-11-05 08:00:00+01:00,57.133,3.4,5.6145,5.7225
2022-11-05 09:00:00+01:00,55.967,5.2,8.318,8.8925
2022-11-05 10:00:00+01:00,55.4,4.5,7.0395,7.635
2022-11-05 11:00:00+01:00,57.0,3.2,5.3085,5.3085
2022-11-05 12:00:00+01:00,57.833,3.4,5.613,5.616
2022-11-05 13:00:00+01:00,58.034,3.5,5.7545,5.756
2022-11-05 14:00:00+01:00,58.534,5.4,8.7365,9.094
2022-11-05 15:00:00+01:00,58.733,5.7,9.4975,9.7115
2022-11-05 16:00:00+01:00,60.4,6.6,10.948,11.199
2022-11-05 17:00:00+01:00,60.6,7.8,11.806,13.225
2022-11-05 18:00:00+01:00,59.233,8.6,13.2715,14.894
2022-11-05 19:00:00+01:00,58.5,5.6,9.4315,9.548
2022-11-05 20:00:00+01:00,58.567,6.1,10.141,10.4505
2022-11-05 21:00:00+01:00,58.2,7.9,13.034,13.5795
2022-11-05 22:00:00+01:00,58.067,5.4,9.082,9.161
2022-11-05 23:00:00+01:00,58.433,3.2,5.344,5.3455
2022-11-06 00:00:00+01:00,59.0,3.1,5.1175,5.1175
2022-11-06 01:00:00+01:00,58.6,3.0,4.831,4.831
2022-11-06 02:00:00+01:00,58.067,2.6,4.0825,4.0825
2022-11-06 03:00:00+01:00,58.9,3.6,5.8345,5.9655
2022-11-06 04:00:00+01:00,60.0,2.8,4.412,4.4185
2022-11-06 05:00:00+01:00,59.433,2.0,3.022,3.022
2022-11-06 06:00:00+01:00,60.966,3.4,5.5825,5.622
2022-11-06 07:00:00+01:00,61.6,4.0,6.113,6.611
2022-11-06 08:00:00+01:00,61.0,3.7,6.107,6.1125
2022-11-06 09:00:00+01:00,60.7,5.3,8.7805,8.8615
2022-11-06 10:00:00+01:00,59.166,4.6,7.706,7.866
2022-11-06 11:00:00+01:00,59.133,4.5,7.5205,7.564
2022-11-06 12:00:00+01:00,57.034,3.2,5.2205,5.222
2022-11-06 13:00:00+01:00,57.6,3.9,6.4695,6.517
2022-11-06 14:00:00+01:00,57.966,3.9,6.4445,6.4445
2022-11-06 15:00:00+01:00,58.133,5.1,8.585,8.5975
2022-11-06 16:00:00+01:00,56.7,6.3,10.452,10.708
2022-11-06 17:00:00+01:00,55.466,9.5,15.407,16.344
2022-11-06 18:00:00+01:00,56.567,7.5,12.585,12.837
2022-11-06 19:00:00+01:00,55.811,6.7,11.11,11.3925
2022-11-06 20:00:00+01:00,55.467,7.6,12.6135,12.955
2022-11-06 21:00:00+01:00,54.834,5.7,9.586,9.7615
2022-11-06 22:00:00+01:00,54.267,8.1,12.4865,13.843
2022-11-06 23:00:00+01:00,54.133,11.8,18.0035,20.3875
2022-11-07 00:00:00+01:00,54.034,7.2,12.151,12.1745
2022-11-07 01:00:00+01:00,54.567,8.5,14.185,14.4825
2022-11-07 02:00:00+01:00,54.4,7.1,12.1215,12.1295
2022-11-07 03:00:00+01:00,56.367,7.9,13.375,13.5385
2022-11-07 04:00:00+01:00,56.867,6.5,10.997,10.997
2022-11-07 05:00:00+01:00,54.9,6.5,10.8985,11.045
2022-11-07 06:00:00+01:00,55.166,6.9,11.829,11.8905
2022-11-07 07:00:00+01:00,52.967,6.5,10.929,11.093
2022-11-07 08:00:00+01:00,51.8,4.9,8.0175,8.214
2022-11-07 09:00:00+01:00,51.067,4.8,7.928,8.028
2022-11-07 10:00:00+01:00,49.433,6.3,10.6525,10.7175
2022-11-07 11:00:00+01:00,47.558,9.8,14.2385,16.661
2022-11-07 12:00:00+01:00,46.584,9.7,14.375,16.5995
2022-11-07 13:00:00+01:00,46.0,5.6,9.436,9.5345
2022-11-07 14:00:00+01:00,45.5,4.8,7.9795,7.9795
2022-11-07 15:00:00+01:00,44.966,5.3,8.314,8.91
2022-11-07 16:00:00+01:00,44.966,8.2,12.735,14.145
2022-11-07 17:00:00+01:00,47.433,11.2,17.222,19.23
2022-11-07 18:00:00+01:00,50.1,9.3,14.511,15.99
2022-11-07 19:00:00+01:00,49.367,5.9,9.95,9.984
2022-11-07 20:00:00+01:00,50.3,14.9,20.9055,26.063
2022-11-07 21:00:00+01:00,52.833,14.1,20.0265,24.5205
2022-11-07 22:00:00+01:00,56.133,8.3,14.0435,14.3505
2022-11-07 23:00:00+01:00,57.0,9.0,14.557,15.228
2022-11-08 00:00:00+01:00,57.433,6.9,11.6335,11.775
2022-11-08 01:00:00+01:00,57.466,5.0,8.2905,8.33
2022-11-08 02:00:00+01:00,57.034,4.6,7.5265,7.591
2022-11-08 03:00:00+01:00,58.566,4.6,7.5935,7.632
2022-11-08 04:00:00+01:00,58.433,4.0,6.602,6.604
2022-11-08 05:00:00+01:00,59.2,4.2,6.925,7.0355
2022-11-08 06:00:00+01:00,59.067,5.1,8.5625,8.6435
2022-11-08 07:00:00+01:00,57.5,8.3,13.784,14.3545
2022-11-08 08:00:00+01:00,55.633,12.8,18.979,22.2625
2022-11-08 09:00:00+01:00,50.791,14.5,20.7215,25.526
2022-11-08 10:00:00+01:00,46.8,11.8,18.2815,20.906
2022-11-08 11:00:00+01:00,43.834,9.4,15.4,16.2935
2022-11-08 12:00:00+01:00,40.933,7.5,12.4965,12.772
2022-11-08 13:00:00+01:00,37.333,6.1,10.2935,10.302
2022-11-08 14:00:00+01:00,36.334,6.5,10.949,11.0215
2022-11-08 15:00:00+01:00,38.108,9.2,15.094,15.827
2022-11-08 16:00:00+01:00,45.267,12.9,19.289,22.603
2022-11-08 17:00:00+01:00,50.966,23.0,27.7755,40.5925
2022-11-08 18:00:00+01:00,54.467,18.4,23.8595,32.5045
2022-11-08 19:00:00+01:00,56.666,18.7,23.8605,32.851
2022-11-08 20:00:00+01:00,57.667,18.4,23.615,32.148
2022-11-08 21:00:00+01:00,57.2,13.9,20.1955,24.437
2022-11-08 22:00:00+01:00,58.0,11.6,17.707,19.9325
2022-11-08 23:00:00+01:00,58.9,8.2,13.9395,14.198
2022-11-09 00:00:00+01:00,58.4,7.5,12.504,12.6315
2022-11-09 01:00:00+01:00,57.666,6.5,11.1275,11.142
2022-11-09 02:00:00+01:00,57.2,5.7,9.588,9.588
2022-11-09 03:00:00+01:00,55.767,5.9,9.8295,9.9095
2022-11-09 04:00:00+01:00,53.6,10.8,17.0555,18.6995
2022-11-09 05:00:00+01:00,54.034,8.6,13.928,14.8725
2022-11-09 06:00:00+01:00,55.167,9.7,15.322,16.718
2022-11-09 07:00:00+01:00,53.466,21.1,25.6585,37.2445
2022-11-09 08:00:00+01:00,52.0,19.0,24.1555,33.743
2022-11-09 09:00:00+01:00,47.7,13.6,19.842,23.8055
2022-11-09 10:00:00+01:00,42.466,10.4,16.5675,17.9195
2022-11-09 11:00:00+01:00,37.8,6.8,11.7845,11.8415
2022-11-09 12:00:00+01:00,34.633,7.7,13.007,13.414
2022-11-09 13:00:00+01:00,31.467,6.6,11.2495,11.3075
2022-11-09 14:00:00+01:00,29.334,6.6,11.205,11.277
2022-11-09 15:00:00+01:00,29.167,7.2,12.436,12.769
2022-11-09 16:00:00+01:00,38.067,11.4,17.502,19.819
2022-11-09 17:00:00+01:00,44.933,13.5,19.836,23.7675
2022-11-09 18:00:00+01:00,47.0,11.6,17.9695,20.335
2022-11-09 19:00:00+01:00,46.433,10.1,16.2715,17.5165
2022-11-09 20:00:00+01:00,48.0,7.1,12.1545,12.2095
2022-11-09 21:00:00+01:00,48.1,6.4,10.914,10.93
2022-11-09 22:00:00+01:00,48.267,8.4,14.0115,14.544
2022-11-09 23:00:00+01:00,49.4,7.1,11.766,12.025
2022-11-10 00:00:00+01:00,49.8,4.5,7.5705,7.5735
2022-11-10 01:00:00+01:00,50.534,5.0,8.323,8.405
2022-11-10 02:00:00+01:00,51.333,5.7,9.311,9.757
2022-11-10 03:00:00+01:00,52.633,3.7,5.9415,6.0045
2022-11-10 04:00:00+01:00,54.0,3.7,6.1095,6.1095
2022-11-10 05:00:00+01:00,53.267,5.6,9.179,9.5505
2022-11-10 06:00:00+01:00,52.9,8.5,13.23,14.65
2022-11-10 07:00:00+01:00,52.4,8.7,14.4475,15.184
2022-11-10 08:00:00+01:00,51.066,10.9,16.881,19.0515
2022-11-10 09:00:00+01:00,44.034,8.1,13.4275,14.074
2022-11-10 10:00:00+01:00,37.5,6.8,11.581,11.8525
2022-11-10 11:00:00+01:00,31.767,4.4,7.5255,7.5255
2022-11-10 12:00:00+01:00,32.233,4.1,6.9305,6.931
2022-11-10 13:00:00+01:00,36.666,3.4,5.473,5.5805
2022-11-10 14:00:00+01:00,40.166,2.4,3.8175,3.8175
2022-11-10 15:00:00+01:00,41.467,4.0,6.5075,6.699
2022-11-10 16:00:00+01:00,43.7,4.8,8.0105,8.0825
2022-11-10 17:00:00+01:00,45.334,10.0,15.8735,17.449
2022-11-10 18:00:00+01:00,48.0,8.2,13.4165,14.1245
2022-11-10 19:00:00+01:00,50.933,7.9,13.414,13.589
2022-11-10 20:00:00+01:00,50.3,8.1,13.5305,13.876
2022-11-10 21:00:00+01:00,50.0,7.8,13.1635,13.411
2022-11-10 22:00:00+01:00,50.933,7.8,12.897,13.437
2022-11-10 23:00:00+01:00,51.133,7.3,12.2915,12.327
2022-11-11 00:00:00+01:00,52.1,7.0,11.942,12.006
2022-11-11 01:00:00+01:00,53.567,6.7,11.2915,11.51
2022-11-11 02:00:00+01:00,54.367,5.4,8.944,8.955
2022-11-11 03:00:00+01:00,54.666,5.3,8.804,8.9505
2022-11-11 04:00:00+01:00,55.133,6.6,11.0935,11.336
2022-11-11 05:00:00+01:00,57.0,6.5,11.017,11.086
2022-11-11 06:00:00+01:00,57.567,7.6,12.731,13.0435
2022-11-11 07:00:00+01:00,57.867,10.6,16.7715,18.5295
2022-11-11 08:00:00+01:00,55.033,10.6,16.8615,18.372
2022-11-11 09:00:00+01:00,51.2,11.0,17.2415,18.989
2022-11-11 10:00:00+01:00,46.3,8.0,13.4065,13.7
2022-11-11 11:00:00+01:00,41.966,5.4,9.1395,9.1845
2022-11-11 12:00:00+01:00,36.7,4.9,8.098,8.167
2022-11-11 13:00:00+01:00,31.034,2.8,4.484,4.484
2022-11-11 14:00:00+01:00,29.633,2.8,4.691,4.691
2022-11-11 15:00:00+01:00,33.867,4.4,7.5115,7.5585
2022-11-11 16:00:00+01:00,37.5,6.3,10.453,10.7325
2022-11-11 17:00:00+01:00,43.4,12.6,18.975,22.039
2022-11-11 18:00:00+01:00,46.867,12.4,18.8575,21.839
2022-11-11 19:00:00+01:00,50.833,11.6,18.0235,20.2965
2022-11-11 20:00:00+01:00,52.966,12.1,18.383,20.979
2022-11-11 21:00:00+01:00,54.466,10.7,16.9855,18.572
2022-11-11 22:00:00+01:00,54.367,10.0,16.1255,17.336
2022-11-11 23:00:00+01:00,54.133,7.5,12.8775,12.9655
2022-11-12 00:00:00+01:00,55.6,6.6,11.3835,11.423
2022-11-12 01:00:00+01:00,55.5,5.7,9.574,9.586
2022-11-12 02:00:00+01:00,55.8,5.5,9.3185,9.327
2022-11-12 03:00:00+01:00,55.834,5.0,8.3675,8.3975
2022-11-12 04:00:00+01:00,55.534,5.2,8.7335,8.7375
2022-11-12 05:00:00+01:00,55.334,5.5,9.1245,9.418
2022-11-12 06:00:00+01:00,54.034,5.3,9.0125,9.0375
2022-11-12 07:00:00+01:00,52.7,6.1,10.586,10.602
2022-11-12 08:00:00+01:00,52.5,9.5,14.9415,16.19
2022-11-12 09:00:00+01:00,50.733,13.4,19.5895,23.4345
2022-11-12 10:00:00+01:00,50.966,17.4,23.1895,30.3765
2022-11-12 11:00:00+01:00,49.966,12.1,18.4825,21.18
2022-11-12 12:00:00+01:00,46.566,10.7,16.8285,18.6045
2022-11-12 13:00:00+01:00,39.466,7.4,12.4435,12.7605
2022-11-12 14:00:00+01:00,37.733,6.5,11.1225,11.1975
2022-11-12 15:00:00+01:00,40.867,5.6,9.3795,9.381
2022-11-12 16:00:00+01:00,45.933,7.5,12.5695,12.7205
2022-11-12 17:00:00+01:00,48.534,9.5,15.117,16.2015
2022-11-12 18:00:00+01:00,48.933,13.6,19.583,23.513
2022-11-12 19:00:00+01:00,49.534,11.2,17.376,19.309
2022-11-12 20:00:00+01:00,51.834,10.0,16.0485,17.129
2022-11-12 21:00:00+01:00,51.433,10.0,15.969,16.9425
2022-11-12 22:00:00+01:00,51.767,10.2,16.249,17.3345
2022-11-12 23:00:00+01:00,52.0,10.3,16.5405,17.83
2022-11-13 00:00:00+01:00,52.633,10.1,16.298,17.415
2022-11-13 01:00:00+01:00,53.1,10.3,16.434,17.632
2022-11-13 02:00:00+01:00,54.267,10.1,16.2295,17.362
2022-11-13 03:00:00+01:00,55.3,9.3,15.4815,16.136
2022-11-13 04:00:00+01:00,54.034,8.7,14.6895,14.9925
2022-11-13 05:00:00+01:00,54.966,9.0,15.0645,15.5295
2022-11-13 06:00:00+01:00,54.4,8.7,14.7465,15.0505
2022-11-13 07:00:00+01:00,53.3,9.3,15.3875,16.0575
2022-11-13 08:00:00+01:00,52.733,9.8,16.14,17.1835
2022-11-13 09:00:00+01:00,52.534,10.6,17.079,18.7505
2022-11-13 10:00:00+01:00,52.933,13.0,19.4535,22.9555
2022-11-13 11:00:00+01:00,51.633,14.5,20.72,25.608
2022-11-13 12:00:00+01:00,50.567,14.9,21.1395,26.615
2022-11-13 13:00:00+01:00,49.3,14.0,20.23,24.558
2022-11-13 14:00:00+01:00,48.0,14.3,20.572,25.1485
2022-11-13 15:00:00+01:00,48.233,16.6,22.3175,29.2
2022-11-13 16:00:00+01:00,49.433,18.6,23.9075,32.8965
2022-11-13 17:00:00+01:00,49.767,22.4,26.7865,39.9085
2022-11-13 18:00:00+01:00,51.267,26.8,31.484,47.6545
2022-11-13 19:00:00+01:00,52.0,25.7,30.2135,45.7225
2022-11-13 20:00:00+01:00,51.633,21.2,25.8875,37.607
2022-11-13 21:00:00+01:00,51.133,20.8,25.503,36.9775
2022-11-13 22:00:00+01:00,53.534,21.5,26.125,38.1865
2022-11-13 23:00:00+01:00,53.534,18.9,24.19,33.4545
2022-11-14 00:00:00+01:00,53.6,16.9,22.714,30.0035
2022-11-14 01:00:00+01:00,55.2,14.3,20.634,25.2275
2022-11-14 02:00:00+01:00,55.867,13.2,19.538,23.096
2022-11-14 03:00:00+01:00,56.367,11.1,17.3895,19.28
2022-11-14 04:00:00+01:00,57.3,9.6,15.7755,16.568
2022-11-14 05:00:00+01:00,55.0,11.2,17.5035,19.478
2022-11-14 06:00:00+01:00,54.5,9.5,15.712,16.507
2022-11-14 07:00:00+01:00,54.3,9.8,16.0245,17.059
2022-11-14 08:00:00+01:00,55.8,12.3,18.6075,21.4975
2022-11-14 09:00:00+01:00,55.1,13.9,20.166,24.4455
2022-11-14 10:00:00+01:00,52.633,13.9,20.1735,24.279
2022-11-14 11:00:00+01:00,49.867,17.7,23.246,31.2095
2022-11-14 12:00:00+01:00,48.0,17.0,22.6705,29.805
2022-11-14 13:00:00+01:00,48.5,18.6,24.1945,33.123
2022-11-14 14:00:00+01:00,49.867,16.3,22.2385,28.852
2022-11-14 15:00:00+01:00,51.2,19.1,24.3935,34.081
2022-11-14 16:00:00+01:00,52.0,20.4,25.373,36.7475
2022-11-14 17:00:00+01:00,52.233,16.9,22.9035,30.4265
2022-11-14 18:00:00+01:00,52.6,17.3,23.1715,30.9655
2022-11-14 19:00:00+01:00,53.966,16.2,22.4325,29.2175
2022-11-14 20:00:00+01:00,54.1,11.9,18.4445,21.042
2022-11-14 21:00:00+01:00,54.5,13.7,20.2425,24.452
2022-11-14 22:00:00+01:00,54.666,13.9,20.179,24.5455
2022-11-14 23:00:00+01:00,55.0,12.0,18.2845,20.8325
2022-11-15 00:00:00+01:00,55.567,8.1,13.0815,13.814
2022-11-15 01:00:00+01:00,55.9,6.0,10.0285,10.0315
2022-11-15 02:00:00+01:00,55.0,6.6,11.128,11.1295
2022-11-15 03:00:00+01:00,54.466,7.5,12.779,12.8105
2022-11-15 04:00:00+01:00,54.933,5.1,8.62,8.6235
2022-11-15 05:00:00+01:00,55.7,4.4,7.4,7.4045
2022-11-15 06:00:00+01:00,55.867,5.7,9.684,9.684
2022-11-15 07:00:00+01:00,55.0,7.4,12.4545,12.6395
2022-11-15 08:00:00+01:00,54.767,8.3,14.1275,14.3405
2022-11-15 09:00:00+01:00,53.766,11.4,17.6595,19.7505
2022-11-15 10:00:00+01:00,53.067,15.2,21.272,26.791
2022-11-15 11:00:00+01:00,51.534,15.1,21.266,26.65
2022-11-15 12:00:00+01:00,50.166,15.0,21.1225,26.345
2022-11-15 13:00:00+01:00,44.367,15.1,20.9545,26.556
2022-11-15 14:00:00+01:00,41.37,10.7,17.045,18.7265
2022-11-15 15:00:00+01:00,44.834,17.6,22.969,31.0615
2022-11-15 16:00:00+01:00,48.9,28.0,32.818,49.6925
2022-11-15 17:00:00+01:00,51.934,29.5,34.5245,52.3065
2022-11-15 18:00:00+01:00,54.233,27.3,32.063,48.5035
2022-11-15 19:00:00+01:00,55.0,30.5,35.6665,54.0545
2022-11-15 20:00:00+01:00,55.0,25.9,30.461,45.8785
2022-11-15 21:00:00+01:00,55.166,32.7,38.681,58.333
2022-11-15 22:00:00+01:00,54.434,42.5,50.1005,75.7055
2022-11-15 23:00:00+01:00,55.0,29.9,34.988,53.0265
2022-11-16 00:00:00+01:00,55.0,21.6,26.1805,38.0315
2022-11-16 01:00:00+01:00,55.0,41.1,48.205,72.809
2022-11-16 02:00:00+01:00,55.0,37.9,44.5175,67.3335
2022-11-16 03:00:00+01:00,54.966,25.5,29.758,44.926
2022-11-16 04:00:00+01:00,55.0,18.2,23.5375,32.004
2022-11-16 05:00:00+01:00,55.6,19.9,24.59,34.689
2022-11-16 06:00:00+01:00,56.3,18.8,23.938,33.0705
2022-11-16 07:00:00+01:00,55.8,18.4,23.6885,32.397
2022-11-16 08:00:00+01:00,54.95,18.0,23.3325,31.5245
2022-11-16 09:00:00+01:00,53.933,22.2,26.5645,39.059
2022-11-16 10:00:00+01:00,53.034,24.3,28.5885,42.8425
2022-11-16 11:00:00+01:00,53.433,26.2,30.7325,46.408
2022-11-16 12:00:00+01:00,54.867,34.7,40.678,61.5885
2022-11-16 13:00:00+01:00,56.133,30.2,35.346,53.5695
2022-11-16 14:00:00+01:00,56.034,26.8,31.233,47.2845
2022-11-16 15:00:00+01:00,56.0,29.7,34.6075,52.4755
2022-11-16 16:00:00+01:00,56.3,25.7,30.448,45.608
2022-11-16 17:00:00+01:00,57.767,20.1,25.278,35.2865
2022-11-16 18:00:00+01:00,58.633,21.0,25.99,36.727
2022-11-16 19:00:00+01:00,59.0,22.9,27.1895,40.179
2022-11-16 20:00:00+01:00,59.367,14.7,19.5555,25.6985
2022-11-16 21:00:00+01:00,58.633,4.9,8.352,8.352
2022-11-16 22:00:00+01:00,57.633,3.6,6.0865,6.0865
2022-11-16 23:00:00+01:00,57.567,6.1,10.2465,10.424
2022-11-17 00:00:00+01:00,58.25,6.6,11.167,11.224
2022-11-17 01:00:00+01:00,59.367,2.4,3.8445,3.8445
2022-11-17 02:00:00+01:00,59.167,1.4,2.0625,2.0625
2022-11-17 03:00:00+01:00,59.733,1.9,2.8435,2.8435
2022-11-17 04:00:00+01:00,58.133,3.0,4.8595,4.8595
2022-11-17 05:00:00+01:00,57.466,3.3,5.4335,5.4335
2022-11-17 06:00:00+01:00,56.567,3.8,6.2635,6.2635
2022-11-17 07:00:00+01:00,55.534,5.8,9.705,9.9395
2022-11-17 08:00:00+01:00,55.3,6.4,10.7855,10.8405
2022-11-17 09:00:00+01:00,54.034,4.8,7.907,7.926
2022-11-17 10:00:00+01:00,53.0,5.5,9.129,9.129
2022-11-17 11:00:00+01:00,53.0,5.3,8.9855,8.9885
2022-11-17 12:00:00+01:00,52.841,6.1,10.1995,10.272
2022-11-17 13:00:00+01:00,52.0,6.5,11.136,11.1755
2022-11-17 14:00:00+01:00,52.0,7.5,12.627,12.6945
2022-11-17 15:00:00+01:00,52.367,9.2,15.1095,15.7125
2022-11-17 16:00:00+01:00,53.666,11.1,17.3025,19.1165
2022-11-17 17:00:00+01:00,54.933,12.2,18.406,21.0585
2022-11-17 18:00:00+01:00,55.433,12.9,19.1615,22.3495
2022-11-17 19:00:00+01:00,55.433,17.7,23.1595,31.1395
2022-11-17 20:00:00+01:00,57.733,11.6,17.654,19.8505
2022-11-17 21:00:00+01:00,57.0,14.3,20.5035,25.033
2022-11-17 22:00:00+01:00,57.066,14.5,20.505,25.4545
2022-11-17 23:00:00+01:00,57.4,10.4,16.2465,18.03
2022-11-18 00:00:00+01:00,58.6,9.4,15.233,16.2585
2022-11-18 01:00:00+01:00,58.567,6.9,11.5915,11.6915
2022-11-18 02:00:00+01:00,58.567,6.0,10.075,10.075
2022-11-18 03:00:00+01:00,59.466,6.3,10.483,10.718
2022-11-18 04:00:00+01:00,59.067,6.1,10.35,10.389
2022-11-18 05:00:00+01:00,59.0,10.2,16.086,17.5165
2022-11-18 06:00:00+01:00,58.5,11.3,17.588,19.7565
2022-11-18 07:00:00+01:00,58.733,14.0,20.138,24.3865
2022-11-18 08:00:00+01:00,57.666,10.5,16.8015,18.297
2022-11-18 09:00:00+01:00,56.1,5.6,9.3915,9.622
2022-11-18 10:00:00+01:00,55.4,5.0,8.5315,8.534
2022-11-18 11:00:00+01:00,57.333,11.1,17.1655,19.2155
2022-11-18 12:00:00+01:00,58.9,6.5,10.8855,11.11
2022-11-18 13:00:00+01:00,58.867,8.1,13.115,13.999
2022-11-18 14:00:00+01:00,57.6,7.4,12.3275,12.861
2022-11-18 15:00:00+01:00,56.833,5.4,8.972,9.158
2022-11-18 16:00:00+01:00,56.834,9.8,15.6715,16.92
2022-11-18 17:00:00+01:00,56.933,12.9,19.08,22.507
2022-11-18 18:00:00+01:00,56.567,12.4,18.1885,21.674
2022-11-18 19:00:00+01:00,57.466,7.8,12.882,13.49
2022-11-18 20:00:00+01:00,57.734,5.0,8.4255,8.438
2022-11-18 21:00:00+01:00,56.533,3.5,5.763,5.763
2022-11-18 22:00:00+01:00,56.633,6.8,11.6005,11.731
2022-11-18 23:00:00+01:00,57.034,8.5,13.9125,14.67
2022-11-19 00:00:00+01:00,57.534,12.1,18.1635,21.0555
2022-11-19 01:00:00+01:00,58.966,12.3,18.4255,21.5605
2022-11-19 02:00:00+01:00,58.967,8.8,14.7455,15.2595
2022-11-19 03:00:00+01:00,59.6,8.3,14.111,14.295
2022-11-19 04:00:00+01:00,59.233,7.3,12.5175,12.5905
2022-11-19 05:00:00+01:00,59.067,5.5,9.248,9.265
2022-11-19 06:00:00+01:00,60.267,5.2,8.7765,8.8005
2022-11-19 07:00:00+01:00,59.666,5.9,10.14,10.14
2022-11-19 08:00:00+01:00,57.5,7.8,13.163,13.44
2022-11-19 09:00:00+01:00,56.933,8.7,14.5445,15.0515
2022-11-19 10:00:00+01:00,56.433,7.3,12.2815,12.461
2022-11-19 11:00:00+01:00,56.0,9.6,15.753,16.782
2022-11-19 12:00:00+01:00,55.867,7.6,12.6615,12.8835
2022-11-19 13:00:00+01:00,55.067,8.5,14.2575,14.632
2022-11-19 14:00:00+01:00,56.0,10.9,16.8715,18.788
2022-11-19 15:00:00+01:00,56.567,9.6,15.6435,16.388
2022-11-19 16:00:00+01:00,56.833,11.5,17.7725,20.2155
2022-11-19 17:00:00+01:00,57.966,16.6,22.451,29.19
2022-11-19 18:00:00+01:00,58.0,12.3,18.433,21.4845
2022-11-19 19:00:00+01:00,57.9,6.5,11.0475,11.164
2022-11-19 20:00:00+01:00,58.233,9.7,15.7495,16.8375
2022-11-19 21:00:00+01:00,58.166,4.3,7.154,7.163
2022-11-19 22:00:00+01:00,58.1,5.1,8.5515,8.61
2022-11-19 23:00:00+01:00,58.0,3.5,5.826,5.826
2022-11-20 00:00:00+01:00,57.966,2.0,2.9775,2.9775
2022-11-20 01:00:00+01:00,58.0,1.4,2.0295,2.0295
2022-11-20 02:00:00+01:00,57.867,1.3,1.76,1.76
2022-11-20 03:00:00+01:00,56.8,0.7,0.655,0.655
2022-11-20 04:00:00+01:00,56.334,0.7,0.7965,0.7965
2022-11-20 05:00:00+01:00,56.0,0.6,0.601,0.601
2022-11-20 06:00:00+01:00,56.0,0.9,1.128,1.128
2022-11-20 07:00:00+01:00,56.0,1.0,1.237,1.237
2022-11-20 08:00:00+01:00,56.367,2.3,3.6225,3.6225
2022-11-20 09:00:00+01:00,55.7,2.2,3.399,3.4055
2022-11-20 10:00:00+01:00,54.367,3.0,4.323,4.901
2022-11-20 11:00:00+01:00,53.233,1.6,2.362,2.366
2022-11-20 12:00:00+01:00,53.4,2.1,3.252,3.2525
2022-11-20 13:00:00+01:00,54.6,4.2,7.1915,7.1915
2022-11-20 14:00:00+01:00,55.0,5.1,8.785,8.7895
2022-11-20 15:00:00+01:00,55.133,5.8,9.7845,9.998
2022-11-20 16:00:00+01:00,55.034,7.9,13.294,13.689
2022-11-20 17:00:00+01:00,54.966,7.7,13.056,13.4805
2022-11-20 18:00:00+01:00,54.867,4.1,6.9475,6.9725
2022-11-20 19:00:00+01:00,54.966,7.8,12.7765,13.3695
2022-11-20 20:00:00+01:00,55.133,11.7,17.93,20.346
2022-11-20 21:00:00+01:00,55.933,9.7,15.216,16.833
2022-11-20 22:00:00+01:00,55.6,5.4,9.133,9.1435
2022-11-20 23:00:00+01:00,56.0,5.7,9.534,9.5385
2022-11-21 00:00:00+01:00,55.9,5.4,8.977,8.977
2022-11-21 01:00:00+01:00,55.933,5.4,9.0895,9.0895
2022-11-21 02:00:00+01:00,56.067,6.7,11.072,11.2925
2022-11-21 03:00:00+01:00,56.966,4.8,8.1325,8.1325
2022-11-21 04:00:00+01:00,57.0,4.6,7.6715,7.6715
2022-11-21 05:00:00+01:00,57.466,4.5,7.446,7.448
2022-11-21 06:00:00+01:00,56.6,3.8,6.4245,6.4435
2022-11-21 07:00:00+01:00,55.267,4.5,7.577,7.577
2022-11-21 08:00:00+01:00,53.767,5.6,9.559,9.5595
2022-11-21 09:00:00+01:00,52.733,8.3,13.83,14.434
2022-11-21 10:00:00+01:00,51.7,10.1,15.7675,17.3115
2022-11-21 11:00:00+01:00,51.0,10.1,16.228,17.6455
2022-11-21 12:00:00+01:00,49.834,12.1,18.123,20.995
2022-11-21 13:00:00+01:00,47.6,9.2,15.0645,15.795
2022-11-21 14:00:00+01:00,44.45,8.9,14.896,15.28
2022-11-21 15:00:00+01:00,43.733,11.4,17.5425,19.6045
2022-11-21 16:00:00+01:00,48.9,19.8,24.8955,34.895
2022-11-21 17:00:00+01:00,52.9,21.5,25.873,37.7215
2022-11-21 18:00:00+01:00,54.8,23.9,28.1555,42.217
2022-11-21 19:00:00+01:00,54.834,25.7,30.379,45.4405
2022-11-21 20:00:00+01:00,53.234,42.4,50.0665,75.6615
2022-11-21 21:00:00+01:00,54.534,45.2,53.522,80.828
2022-11-21 22:00:00+01:00,55.666,46.2,54.7045,82.603
2022-11-21 23:00:00+01:00,55.867,33.2,39.2955,59.4965
2022-11-22 00:00:00+01:00,56.0,28.8,34.057,51.633
2022-11-22 01:00:00+01:00,55.6,22.7,27.513,40.2415
2022-11-22 02:00:00+01:00,54.567,14.2,20.409,24.771
2022-11-22 03:00:00+01:00,54.933,12.8,19.1595,22.2635
2022-11-22 04:00:00+01:00,55.233,14.7,20.859,25.77
2022-11-22 05:00:00+01:00,54.567,15.3,21.493,26.9755
2022-11-22 06:00:00+01:00,54.867,19.3,24.6135,34.276
2022-11-22 07:00:00+01:00,53.7,18.9,24.0215,33.2465
2022-11-22 08:00:00+01:00,53.0,16.1,21.9485,28.2435
2022-11-22 09:00:00+01:00,53.067,17.1,22.676,29.982
2022-11-22 10:00:00+01:00,54.567,24.7,29.355,43.87
2022-11-22 11:00:00+01:00,55.666,24.1,28.6765,42.6605
2022-11-22 12:00:00+01:00,55.5,17.5,23.3595,30.943
2022-11-22 13:00:00+01:00,54.334,13.6,19.8955,23.789
2022-11-22 14:00:00+01:00,52.633,12.2,18.5735,21.324
2022-11-22 15:00:00+01:00,51.6,11.4,17.802,20.009
2022-11-22 16:00:00+01:00,52.966,12.8,19.053,22.311
2022-11-22 17:00:00+01:00,53.666,13.1,19.451,22.9725
2022-11-22 18:00:00+01:00,54.3,16.1,21.808,28.181
2022-11-22 19:00:00+01:00,55.0,17.0,22.5955,29.69
2022-11-22 20:00:00+01:00,54.9,16.4,22.1285,28.8705
2022-11-22 21:00:00+01:00,56.767,20.3,25.708,35.667
2022-11-22 22:00:00+01:00,57.367,11.1,16.8075,19.187
2022-11-22 23:00:00+01:00,57.666,4.5,7.5,7.5
2022-11-23 00:00:00+01:00,59.034,3.1,4.967,4.967
2022-11-23 01:00:00+01:00,58.433,1.6,2.4575,2.4575
2022-11-23 02:00:00+01:00,58.034,0.8,0.9185,0.9185
2022-11-23 03:00:00+01:00,57.733,0.2,0.0725,0.0725
2022-11-23 04:00:00+01:00,56.0,0.1,0.0055,0.0055
2022-11-23 05:00:00+01:00,55.467,2.5,3.6265,3.9925
2022-11-23 06:00:00+01:00,55.334,1.6,2.294,2.2995
2022-11-23 07:00:00+01:00,56.834,1.8,2.8105,2.813
2022-11-23 08:00:00+01:00,57.034,1.5,2.3205,2.3205
2022-11-23 09:00:00+01:00,55.933,2.6,4.2475,4.2475
2022-11-23 10:00:00+01:00,53.8,1.7,2.6565,2.6705
2022-11-23 11:00:00+01:00,52.8,1.6,2.259,2.259
2022-11-23 12:00:00+01:00,52.466,1.3,1.8685,1.8685
2022-11-23 13:00:00+01:00,52.233,1.8,2.6945,2.6945
2022-11-23 14:00:00+01:00,52.534,2.4,3.8085,3.8575
2022-11-23 15:00:00+01:00,53.0,4.1,6.923,6.9245
2022-11-23 16:00:00+01:00,54.433,9.1,14.1705,15.684
2022-11-23 17:00:00+01:00,55.034,9.4,15.1105,16.4245
2022-11-23 18:00:00+01:00,55.966,10.9,17.038,19.0405
2022-11-23 19:00:00+01:00,54.733,8.4,14.019,14.575
2022-11-23 20:00:00+01:00,53.633,5.7,9.647,9.6795
2022-11-23 21:00:00+01:00,51.834,4.6,7.743,7.824
2022-11-23 22:00:00+01:00,51.867,4.6,7.783,7.8055
2022-11-23 23:00:00+01:00,51.966,6.3,10.0955,10.592
2022-11-24 00:00:00+01:00,52.0,5.9,10.008,10.022
2022-11-24 01:00:00+01:00,52.1,7.9,12.7625,13.5985
2022-11-24 02:00:00+01:00,53.166,6.4,10.8835,10.964
2022-11-24 03:00:00+01:00,54.0,4.4,7.3725,7.3725
2022-11-24 04:00:00+01:00,54.0,5.2,8.7255,8.7255
2022-11-24 05:00:00+01:00,54.0,6.4,11.08,11.1585
2022-11-24 06:00:00+01:00,54.567,6.1,10.258,10.472
2022-11-24 07:00:00+01:00,54.034,10.4,16.2175,18.3945
2022-11-24 08:00:00+01:00,53.033,12.6,18.7405,22.115
2022-11-24 09:00:00+01:00,48.966,18.2,23.9535,32.032
2022-11-24 10:00:00+01:00,47.3,14.7,20.909,25.954
2022-11-24 11:00:00+01:00,45.133,16.8,22.658,29.872
2022-11-24 12:00:00+01:00,40.933,14.8,20.9325,26.213
2022-11-24 13:00:00+01:00,37.567,12.5,18.3725,21.9855
2022-11-24 14:00:00+01:00,35.1,14.7,20.8525,25.9245
2022-11-24 15:00:00+01:00,37.466,14.9,20.972,26.283
2022-11-24 16:00:00+01:00,43.6,18.2,23.9505,32.0515
2022-11-24 17:00:00+01:00,49.667,16.3,22.1675,28.782
2022-11-24 18:00:00+01:00,51.2,17.3,23.0885,30.641
2022-11-24 19:00:00+01:00,52.5,12.9,19.1645,22.6625
2022-11-24 20:00:00+01:00,51.166,10.3,16.452,17.9275
2022-11-24 21:00:00+01:00,50.367,10.1,16.0625,17.528
2022-11-24 22:00:00+01:00,49.733,22.7,29.017,40.174
2022-11-24 23:00:00+01:00,50.133,15.9,21.824,28.1025
2022-11-25 00:00:00+01:00,50.2,14.6,20.387,25.8045
2022-11-25 01:00:00+01:00,51.6,17.9,22.633,31.583
2022-11-25 02:00:00+01:00,53.367,5.4,9.168,9.256
2022-11-25 03:00:00+01:00,54.367,3.8,6.443,6.443
2022-11-25 04:00:00+01:00,53.767,3.7,6.231,6.231
2022-11-25 05:00:00+01:00,52.666,4.1,6.991,7.017
2022-11-25 06:00:00+01:00,53.2,5.4,9.267,9.377
2022-11-25 07:00:00+01:00,53.6,7.0,11.9245,12.3345
2022-11-25 08:00:00+01:00,51.533,18.1,23.458,31.916
2022-11-25 09:00:00+01:00,47.1,18.2,23.5995,32.238
2022-11-25 10:00:00+01:00,41.567,15.8,21.6335,28.0365
2022-11-25 11:00:00+01:00,36.2,11.3,17.7815,19.9675
2022-11-25 12:00:00+01:00,32.667,8.8,14.8095,15.3875
2022-11-25 13:00:00+01:00,29.967,8.1,13.7125,14.1425
2022-11-25 14:00:00+01:00,29.3,8.3,14.0075,14.5565
2022-11-25 15:00:00+01:00,34.8,12.7,19.1135,22.3405
2022-11-25 16:00:00+01:00,42.434,21.4,26.736,38.0765
2022-11-25 17:00:00+01:00,48.067,23.9,28.7205,42.577
2022-11-25 18:00:00+01:00,51.6,20.6,25.359,36.626
2022-11-25 19:00:00+01:00,52.4,18.4,23.7505,32.581
2022-11-25 20:00:00+01:00,52.633,15.9,21.881,28.0295
2022-11-25 21:00:00+01:00,52.0,14.5,20.7375,25.5755
2022-11-25 22:00:00+01:00,52.9,12.1,18.5405,21.2655
2022-11-25 23:00:00+01:00,53.8,10.6,16.8575,18.495
2022-11-26 00:00:00+01:00,54.433,10.1,16.18,17.5555
2022-11-26 01:00:00+01:00,55.4,7.8,13.2685,13.53
2022-11-26 02:00:00+01:00,55.633,6.6,11.4035,11.4285
2022-11-26 03:00:00+01:00,55.933,6.8,11.13,11.9365
2022-11-26 04:00:00+01:00,54.933,6.0,10.095,10.411
2022-11-26 05:00:00+01:00,54.834,6.1,10.1575,10.376
2022-11-26 06:00:00+01:00,55.333,5.8,10.0485,10.0725
2022-11-26 07:00:00+01:00,55.4,9.2,14.9185,16.269
2022-11-26 08:00:00+01:00,54.7,9.7,16.0055,16.9765
2022-11-26 09:00:00+01:00,51.633,19.8,24.6655,35.2405
2022-11-26 10:00:00+01:00,50.966,24.6,28.9325,43.686
2022-11-26 11:00:00+01:00,49.9,32.4,38.0855,57.5695
2022-11-26 12:00:00+01:00,48.8,38.4,45.1265,68.2495
2022-11-26 13:00:00+01:00,48.767,30.4,35.737,54.152
2022-11-26 14:00:00+01:00,49.0,30.8,35.9605,54.482
2022-11-26 15:00:00+01:00,49.4,41.1,48.338,73.0605
2022-11-26 16:00:00+01:00,50.0,49.3,57.7525,87.19
2022-11-26 17:00:00+01:00,50.367,60.8,71.401,107.6415
2022-11-26 18:00:00+01:00,51.334,41.7,49.0855,74.197
2022-11-26 19:00:00+01:00,52.7,40.2,47.2255,71.427
2022-11-26 20:00:00+01:00,53.666,49.7,58.3785,88.107
2022-11-26 21:00:00+01:00,55.4,25.2,30.2095,44.479
2022-11-26 22:00:00+01:00,56.0,21.6,26.8695,38.2435
2022-11-26 23:00:00+01:00,56.2,29.5,35.108,52.24
2022-11-27 00:00:00+01:00,55.2,35.5,41.596,62.9695
2022-11-27 01:00:00+01:00,55.067,38.2,44.5185,67.328
2022-11-27 02:00:00+01:00,55.5,41.3,48.402,73.1635
2022-11-27 03:00:00+01:00,56.0,42.9,50.5785,76.4125
2022-11-27 04:00:00+01:00,55.933,32.2,38.02,56.9665
2022-11-27 05:00:00+01:00,55.733,27.9,33.718,49.0885
2022-11-27 06:00:00+01:00,56.367,29.9,35.2805,52.8
2022-11-27 07:00:00+01:00,56.166,22.1,26.8265,38.9175
2022-11-27 08:00:00+01:00,57.0,30.3,35.444,53.7375
2022-11-27 09:00:00+01:00,55.367,31.8,37.108,56.2225
2022-11-27 10:00:00+01:00,54.0,26.9,31.5925,47.9165
2022-11-27 11:00:00+01:00,52.0,20.4,25.0825,35.7695
2022-11-27 12:00:00+01:00,50.466,17.0,22.5305,29.709
2022-11-27 13:00:00+01:00,48.567,11.4,17.6855,19.751
2022-11-27 14:00:00+01:00,49.0,14.3,20.39,24.7715
2022-11-27 15:00:00+01:00,48.966,16.6,22.2295,28.7785
2022-11-27 16:00:00+01:00,49.367,20.2,25.096,35.3925
2022-11-27 17:00:00+01:00,52.2,18.2,23.492,31.842
2022-11-27 18:00:00+01:00,52.033,23.3,27.6705,40.999
2022-11-27 19:00:00+01:00,53.367,28.5,33.327,50.252
2022-11-27 20:00:00+01:00,52.933,30.5,35.527,53.837
2022-11-27 21:00:00+01:00,52.1,17.6,22.749,30.7335
2022-11-27 22:00:00+01:00,51.567,11.9,18.0815,20.5115
2022-11-27 23:00:00+01:00,52.8,16.1,21.944,28.2215
2022-11-28 00:00:00+01:00,53.334,15.5,21.7825,27.439
2022-11-28 01:00:00+01:00,54.167,10.2,16.3665,17.676
2022-11-28 02:00:00+01:00,53.567,7.5,12.56,12.5975
2022-11-28 03:00:00+01:00,52.8,5.6,9.369,9.371
2022-11-28 04:00:00+01:00,53.0,5.9,9.992,9.992
2022-11-28 05:00:00+01:00,54.709,5.3,8.7975,8.7975
2022-11-28 06:00:00+01:00,54.933,7.5,12.3895,12.7325
2022-11-28 07:00:00+01:00,54.8,7.9,13.254,13.535
2022-11-28 08:00:00+01:00,51.767,10.6,16.98,18.568
2022-11-28 09:00:00+01:00,49.334,10.8,17.2625,19.036
2022-11-28 10:00:00+01:00,47.133,9.9,16.2195,17.434
2022-11-28 11:00:00+01:00,45.3,8.8,14.844,15.2475
2022-11-28 12:00:00+01:00,43.9,8.6,14.458,14.866
2022-11-28 13:00:00+01:00,44.6,9.4,15.4185,16.086
2022-11-28 14:00:00+01:00,44.666,9.9,16.0435,17.0475
2022-11-28 15:00:00+01:00,45.0,9.8,16.048,17.041
2022-11-28 16:00:00+01:00,45.0,11.6,17.907,20.301
2022-11-28 17:00:00+01:00,45.0,12.5,18.8,21.8435
2022-11-28 18:00:00+01:00,45.7,11.1,17.4055,19.277
2022-11-28 19:00:00+01:00,46.0,12.5,18.7465,21.663
2022-11-28 20:00:00+01:00,46.433,14.1,20.5115,24.9775
2022-11-28 21:00:00+01:00,47.466,13.9,20.303,24.5545
2022-11-28 22:00:00+01:00,48.7,13.9,20.3845,24.709
2022-11-28 23:00:00+01:00,49.1,13.1,19.5985,23.1455
2022-11-29 00:00:00+01:00,49.0,10.9,17.3595,19.1925
2022-11-29 01:00:00+01:00,49.0,10.9,17.2695,19.022
2022-11-29 02:00:00+01:00,50.1,11.3,17.6835,19.708
2022-11-29 03:00:00+01:00,50.733,11.5,17.8945,20.141
2022-11-29 04:00:00+01:00,51.0,11.1,17.5085,19.4265
2022-11-29 05:00:00+01:00,51.434,11.6,18.1065,20.4385
2022-11-29 06:00:00+01:00,51.0,12.4,18.99,22.03
2022-11-29 07:00:00+01:00,50.933,17.4,22.9765,30.6425
2022-11-29 08:00:00+01:00,53.367,18.1,23.609,32.151
2022-11-29 09:00:00+01:00,52.2,15.4,21.6765,27.499
2022-11-29 10:00:00+01:00,50.9,15.5,21.656,27.4335
2022-11-29 11:00:00+01:00,50.034,14.9,21.0955,26.2415
2022-11-29 12:00:00+01:00,49.4,14.8,21.066,26.025
2022-11-29 13:00:00+01:00,48.034,14.7,20.7625,25.5335
2022-11-29 14:00:00+01:00,48.0,14.6,20.7095,25.379
2022-11-29 15:00:00+01:00,48.6,14.0,20.208,24.3415
2022-11-29 16:00:00+01:00,48.133,14.4,20.5235,25.0405
2022-11-29 17:00:00+01:00,48.067,16.4,22.182,28.717
2022-11-29 18:00:00+01:00,48.0,15.8,21.7045,27.5495
2022-11-29 19:00:00+01:00,48.0,16.9,22.5345,29.5545
2022-11-29 20:00:00+01:00,49.267,18.9,24.159,33.392
2022-11-29 21:00:00+01:00,50.666,19.4,24.5,34.0895
2022-11-29 22:00:00+01:00,51.8,19.6,24.5045,34.4095
2022-11-29 23:00:00+01:00,52.9,19.7,24.5255,34.565
2022-11-30 00:00:00+01:00,54.266,23.5,28.016,41.342
2022-11-30 01:00:00+01:00,55.267,18.8,23.918,33.075
2022-11-30 02:00:00+01:00,54.933,13.6,20.0065,23.9685
2022-11-30 03:00:00+01:00,55.0,11.8,18.1225,20.454
2022-11-30 04:00:00+01:00,54.9,11.8,18.08,20.411
2022-11-30 05:00:00+01:00,55.633,12.4,18.9025,21.8255
2022-11-30 06:00:00+01:00,55.067,12.2,18.7315,21.525
2022-11-30 07:00:00+01:00,55.0,11.8,18.218,20.637
2022-11-30 08:00:00+01:00,54.7,11.1,17.4965,19.3815
2022-11-30 09:00:00+01:00,54.433,12.0,18.358,20.9585
2022-11-30 10:00:00+01:00,54.1,12.4,18.635,21.594
2022-11-30 11:00:00+01:00,54.133,11.6,18.0105,20.3335
2022-11-30 12:00:00+01:00,54.0,11.3,17.6065,19.625
2022-11-30 13:00:00+01:00,54.034,11.1,17.4205,19.3035
2022-11-30 14:00:00+01:00,54.75,12.7,18.994,22.1185
2022-11-30 15:00:00+01:00,54.6,14.2,20.3575,24.677
2022-11-30 16:00:00+01:00,54.933,14.4,20.623,25.1375
2022-11-30 17:00:00+01:00,54.166,13.7,19.7165,23.5035
2022-11-30 18:00:00+01:00,54.067,12.5,18.7325,21.836
2022-11-30 19:00:00+01:00,54.067,20.6,25.563,36.277
2022-11-30 20:00:00+01:00,54.267,25.4,30.239,45.0465
2022-11-30 21:00:00+01:00,56.534,25.1,30.2365,44.3025
2022-11-30 22:00:00+01:00,56.966,17.3,22.822,30.481
2022-11-30 23:00:00+01:00,55.534,8.8,14.4905,14.926
2022-12-01 00:00:00+01:00,55.0,7.8,12.98,13.004
2022-12-01 01:00:00+01:00,55.0,7.2,12.0335,12.0345
2022-12-01 02:00:00+01:00,54.166,6.3,10.4285,10.4285
2022-12-01 03:00:00+01:00,56.066,5.9,9.8135,9.814
2022-12-01 04:00:00+01:00,56.9,5.9,9.7045,9.7045
2022-12-01 05:00:00+01:00,56.9,6.6,11.159,11.159
2022-12-01 06:00:00+01:00,56.5,7.6,12.73,12.882
2022-12-01 07:00:00+01:00,55.166,7.8,13.097,13.1655
2022-12-01 08:00:00+01:00,54.867,9.1,15.037,15.5245
2022-12-01 09:00:00+01:00,54.0,8.3,13.796,13.976
2022-12-01 10:00:00+01:00,53.834,9.4,15.2615,15.9895
2022-12-01 11:00:00+01:00,54.966,8.4,13.8325,14.2775
2022-12-01 12:00:00+01:00,54.5,8.7,14.29,14.722
2022-12-01 13:00:00+01:00,53.966,8.6,14.1255,14.481
2022-12-01 14:00:00+01:00,53.667,11.4,17.3395,19.5185
2022-12-01 15:00:00+01:00,52.633,10.7,16.759,18.2535
2022-12-01 16:00:00+01:00,51.3,16.9,22.86,29.547
2022-12-01 17:00:00+01:00,51.067,12.3,18.497,21.3205
2022-12-01 18:00:00+01:00,52.233,26.4,31.533,46.629
2022-12-01 19:00:00+01:00,53.433,38.0,44.623,67.4955
2022-12-01 20:00:00+01:00,54.4,37.2,43.6515,66.0475
2022-12-01 21:00:00+01:00,52.9,19.4,25.142,33.908
2022-12-01 22:00:00+01:00,52.334,10.9,16.9645,18.8835
2022-12-01 23:00:00+01:00,53.133,7.6,12.873,12.904
2022-12-02 00:00:00+01:00,54.133,7.4,12.489,12.554
2022-12-02 01:00:00+01:00,54.2,6.8,11.2965,11.2965
2022-12-02 02:00:00+01:00,55.034,7.9,13.38,13.423
2022-12-02 03:00:00+01:00,56.034,8.2,13.6865,13.855
2022-12-02 04:00:00+01:00,56.7,7.8,12.994,13.138
2022-12-02 05:00:00+01:00,56.7,7.7,13.0815,13.1975
2022-12-02 06:00:00+01:00,55.534,8.9,14.762,15.2305
2022-12-02 07:00:00+01:00,55.733,10.9,17.1975,18.9965
2022-12-02 08:00:00+01:00,56.133,11.3,17.5535,19.6035
2022-12-02 09:00:00+01:00,55.666,12.8,19.0125,22.175
2022-12-02 10:00:00+01:00,54.266,14.7,20.878,25.757
2022-12-02 11:00:00+01:00,52.166,15.5,21.3285,26.8495
2022-12-02 12:00:00+01:00,51.534,16.9,22.2385,29.481
2022-12-02 13:00:00+01:00,52.0,18.8,23.9215,33.114
2022-12-02 14:00:00+01:00,52.034,17.0,22.671,30.0185
2022-12-02 15:00:00+01:00,52.0,13.9,19.984,23.9965
2022-12-02 16:00:00+01:00,52.666,13.4,19.5875,23.179
2022-12-02 17:00:00+01:00,53.0,13.5,19.56,23.1485
2022-12-02 18:00:00+01:00,53.166,13.2,19.3805,22.777
2022-12-02 19:00:00+01:00,53.966,13.0,19.1615,22.3055
2022-12-02 20:00:00+01:00,53.2,13.9,20.0355,24.1315
2022-12-02 21:00:00+01:00,53.034,14.3,20.4105,24.8275
2022-12-02 22:00:00+01:00,52.633,12.3,18.5915,21.383
2022-12-02 23:00:00+01:00,52.533,12.2,18.4885,21.115
2022-12-03 00:00:00+01:00,53.166,12.2,18.596,21.269
2022-12-03 01:00:00+01:00,54.7,12.9,19.249,22.4795
2022-12-03 02:00:00+01:00,56.0,12.0,18.377,20.9355
2022-12-03 03:00:00+01:00,56.0,10.4,16.6625,18.001
2022-12-03 04:00:00+01:00,56.367,11.6,17.849,20.121
2022-12-03 05:00:00+01:00,56.2,10.8,17.2225,18.9515
2022-12-03 06:00:00+01:00,57.0,11.2,17.5545,19.511
2022-12-03 07:00:00+01:00,56.9,11.8,18.3,20.8215
2022-12-03 08:00:00+01:00,56.0,12.8,19.3115,22.5935
2022-12-03 09:00:00+01:00,55.2,13.7,20.0195,24.0215
2022-12-03 10:00:00+01:00,54.3,16.3,22.5235,28.727
2022-12-03 11:00:00+01:00,53.767,15.3,21.4455,27.163
2022-12-03 12:00:00+01:00,54.633,20.0,25.101,35.7795
2022-12-03 13:00:00+01:00,54.834,21.0,25.6745,37.377
2022-12-03 14:00:00+01:00,54.4,20.4,25.482,36.5795
2022-12-03 15:00:00+01:00,53.966,18.3,23.7435,32.411
2022-12-03 16:00:00+01:00,54.0,17.8,23.2845,31.3925
2022-12-03 17:00:00+01:00,54.0,17.8,23.361,31.5985
2022-12-03 18:00:00+01:00,54.666,21.3,25.9975,38.1845
2022-12-03 19:00:00+01:00,54.867,17.8,23.4115,31.67
2022-12-03 20:00:00+01:00,54.133,15.2,21.42,26.903
2022-12-03 21:00:00+01:00,55.166,18.5,23.959,33.121
2022-12-03 22:00:00+01:00,57.1,19.4,24.6155,34.7845
2022-12-03 23:00:00+01:00,57.1,17.6,23.3105,31.4485
2022-12-04 00:00:00+01:00,57.733,16.3,22.311,29.015
2022-12-04 01:00:00+01:00,57.2,14.1,20.443,24.8375
2022-12-04 02:00:00+01:00,58.034,12.5,18.9955,22.0055
2022-12-04 03:00:00+01:00,57.567,10.8,17.145,18.8255
2022-12-04 04:00:00+01:00,57.334,10.2,16.3335,17.5985
2022-12-04 05:00:00+01:00,56.233,7.8,13.1995,13.252
2022-12-04 06:00:00+01:00,55.433,7.3,12.417,12.4245
2022-12-04 07:00:00+01:00,55.3,9.8,15.8575,17.1
2022-12-04 08:00:00+01:00,55.767,12.3,18.507,21.397
2022-12-04 09:00:00+01:00,54.5,14.2,20.337,24.7295
2022-12-04 10:00:00+01:00,54.067,15.7,21.614,27.519
2022-12-04 11:00:00+01:00,53.334,21.5,26.029,38.0755
2022-12-04 12:00:00+01:00,52.933,20.9,25.685,37.242
2022-12-04 13:00:00+01:00,53.534,24.6,29.0355,43.9095
2022-12-04 14:00:00+01:00,53.367,24.5,28.7875,43.5875
2022-12-04 15:00:00+01:00,52.0,23.3,27.9105,41.276
2022-12-04 16:00:00+01:00,52.534,18.6,24.176,33.179
2022-12-04 17:00:00+01:00,53.8,24.0,28.2515,42.6045
2022-12-04 18:00:00+01:00,53.133,24.6,28.8455,43.6545
2022-12-04 19:00:00+01:00,52.834,23.9,29.1335,42.1785
2022-12-04 20:00:00+01:00,52.133,27.5,32.4745,49.072
2022-12-04 21:00:00+01:00,52.867,23.0,27.35,40.817
2022-12-04 22:00:00+01:00,52.9,20.5,25.317,36.4515
2022-12-04 23:00:00+01:00,53.5,17.2,22.9545,30.572
2022-12-05 00:00:00+01:00,54.633,15.0,21.2715,26.5395
2022-12-05 01:00:00+01:00,57.1,17.7,23.8895,31.28
2022-12-05 02:00:00+01:00,56.3,16.6,22.516,29.476
2022-12-05 03:00:00+01:00,56.0,16.2,22.251,28.754
2022-12-05 04:00:00+01:00,57.0,14.5,20.8405,25.7555
2022-12-05 05:00:00+01:00,57.0,11.2,17.667,19.706
2022-12-05 06:00:00+01:00,56.867,11.3,17.721,19.7995
2022-12-05 07:00:00+01:00,56.0,13.1,19.544,23.044
2022-12-05 08:00:00+01:00,55.966,12.8,19.202,22.517
2022-12-05 09:00:00+01:00,56.6,17.2,22.9175,30.4545
2022-12-05 10:00:00+01:00,55.967,20.7,25.4925,36.74
2022-12-05 11:00:00+01:00,54.466,22.6,27.0245,40.4685
2022-12-05 12:00:00+01:00,54.0,25.2,30.0185,45.315
2022-12-05 13:00:00+01:00,55.166,22.7,27.311,40.778
2022-12-05 14:00:00+01:00,55.867,25.3,30.1575,45.638
2022-12-05 15:00:00+01:00,56.7,31.4,37.4875,56.795
2022-12-05 16:00:00+01:00,56.067,28.1,33.673,51.0755
2022-12-05 17:00:00+01:00,56.666,28.4,34.059,51.6555
2022-12-05 18:00:00+01:00,56.2,30.5,36.437,55.225
2022-12-05 19:00:00+01:00,57.0,31.6,37.753,57.1945
2022-12-05 20:00:00+01:00,58.067,36.9,44.2115,66.8765
2022-12-05 21:00:00+01:00,58.133,37.2,44.4795,67.2705
2022-12-05 22:00:00+01:00,58.9,39.8,47.441,71.726
2022-12-05 23:00:00+01:00,58.834,39.6,47.441,71.7195
2022-12-06 00:00:00+01:00,58.2,38.1,45.7205,69.1275
2022-12-06 01:00:00+01:00,58.733,40.2,47.9605,72.4895
2022-12-06 02:00:00+01:00,58.9,39.4,46.94,70.977
2022-12-06 03:00:00+01:00,59.534,39.4,46.7955,70.75
2022-12-06 04:00:00+01:00,58.934,32.5,38.125,57.7455
2022-12-06 05:00:00+01:00,58.8,32.3,38.0425,57.4335
2022-12-06 06:00:00+01:00,58.933,27.7,32.3945,48.833
2022-12-06 07:00:00+01:00,58.933,31.7,36.9465,55.983
2022-12-06 08:00:00+01:00,59.167,25.9,30.6885,45.83
2022-12-06 09:00:00+01:00,59.633,23.2,27.678,40.8845
2022-12-06 10:00:00+01:00,57.367,38.2,44.888,67.892
2022-12-06 11:00:00+01:00,56.3,29.4,35.215,52.1815
2022-12-06 12:00:00+01:00,54.133,10.1,16.169,17.377
2022-12-06 13:00:00+01:00,54.334,9.6,15.6525,16.5435
2022-12-06 14:00:00+01:00,55.0,14.6,20.2795,25.426
2022-12-06 15:00:00+01:00,55.3,15.4,21.2625,26.904
2022-12-06 16:00:00+01:00,56.6,18.1,23.3045,31.565
2022-12-06 17:00:00+01:00,56.466,13.1,19.343,22.8295
2022-12-06 18:00:00+01:00,56.867,11.0,17.289,19.1375
2022-12-06 19:00:00+01:00,57.0,9.6,15.6305,16.5185
2022-12-06 20:00:00+01:00,56.8,9.2,15.252,15.9885
2022-12-06 21:00:00+01:00,57.367,11.1,17.503,19.425
2022-12-06 22:00:00+01:00,57.633,10.8,17.179,18.9275
2022-12-06 23:00:00+01:00,58.167,13.0,19.474,22.9565
2022-12-07 00:00:00+01:00,58.367,10.7,16.854,18.397
2022-12-07 01:00:00+01:00,57.966,9.5,15.6695,16.422
2022-12-07 02:00:00+01:00,58.334,9.2,15.3125,15.8515
2022-12-07 03:00:00+01:00,58.0,8.7,14.6995,14.9645
2022-12-07 04:00:00+01:00,58.633,8.5,14.3005,14.521
2022-12-07 05:00:00+01:00,58.166,8.2,13.807,13.9935
2022-12-07 06:00:00+01:00,58.067,9.8,15.9225,17.0665
2022-12-07 07:00:00+01:00,58.166,12.7,18.9785,22.1395
2022-12-07 08:00:00+01:00,57.834,11.8,18.0275,20.434
2022-12-07 09:00:00+01:00,56.6,9.5,15.304,16.3855
2022-12-07 10:00:00+01:00,55.633,12.5,18.8935,21.9885
2022-12-07 11:00:00+01:00,55.834,12.7,19.055,22.371
2022-12-07 12:00:00+01:00,55.067,13.5,19.6775,23.4245
2022-12-07 13:00:00+01:00,54.467,12.9,19.112,22.492
2022-12-07 14:00:00+01:00,54.7,11.0,17.216,19.1705
2022-12-07 15:00:00+01:00,55.9,9.3,15.4365,16.2435
2022-12-07 16:00:00+01:00,55.933,11.2,17.452,19.5815
2022-12-07 17:00:00+01:00,56.034,16.2,21.837,28.4385
2022-12-07 18:00:00+01:00,57.267,14.6,20.7065,25.493
2022-12-07 19:00:00+01:00,56.4,10.4,16.696,18.177
2022-12-07 20:00:00+01:00,56.334,8.1,13.702,14.045
2022-12-07 21:00:00+01:00,56.834,8.5,14.409,14.698
2022-12-07 22:00:00+01:00,56.0,7.6,12.774,12.906
2022-12-07 23:00:00+01:00,56.4,8.3,14.1565,14.38
2022-12-08 00:00:00+01:00,57.0,8.2,13.9245,14.182
2022-12-08 01:00:00+01:00,57.233,11.4,17.654,19.8695
2022-12-08 02:00:00+01:00,57.067,10.6,16.8835,18.432
2022-12-08 03:00:00+01:00,58.0,11.4,17.981,20.223
2022-12-08 04:00:00+01:00,58.6,11.1,17.474,19.3665
2022-12-08 05:00:00+01:00,57.666,9.7,15.8825,16.8945
2022-12-08 06:00:00+01:00,56.0,9.7,15.74,16.72
2022-12-08 07:00:00+01:00,56.0,10.3,16.432,17.664
2022-12-08 08:00:00+01:00,55.267,11.3,17.477,19.468
2022-12-08 09:00:00+01:00,55.067,11.8,18.0735,20.624
2022-12-08 10:00:00+01:00,56.0,14.9,21.0165,26.0295
2022-12-08 11:00:00+01:00,56.5,16.3,22.2075,28.7
2022-12-08 12:00:00+01:00,57.334,16.9,22.615,29.862
2022-12-08 13:00:00+01:00,54.7,17.7,23.2315,31.164
2022-12-08 14:00:00+01:00,54.9,16.0,21.9295,28.0665
2022-12-08 15:00:00+01:00,54.3,19.3,24.3005,33.855
2022-12-08 16:00:00+01:00,54.6,22.7,26.8555,40.142
2022-12-08 17:00:00+01:00,54.867,23.7,27.761,41.863
2022-12-08 18:00:00+01:00,55.767,28.4,33.525,50.8275
2022-12-08 19:00:00+01:00,55.3,25.9,30.493,46.252
2022-12-08 20:00:00+01:00,55.5,25.9,30.3455,46.0465
2022-12-08 21:00:00+01:00,56.933,24.4,29.092,43.58
2022-12-08 22:00:00+01:00,57.233,23.5,28.7095,41.571
2022-12-08 23:00:00+01:00,57.3,30.3,36.1115,54.7225
2022-12-09 00:00:00+01:00,59.267,22.8,27.44,41.054
2022-12-09 01:00:00+01:00,60.233,18.8,24.2205,33.7565
2022-12-09 02:00:00+01:00,60.166,21.7,26.24,38.973
2022-12-09 03:00:00+01:00,59.533,18.5,23.9025,33.0485
2022-12-09 04:00:00+01:00,60.0,12.4,18.9415,22.083
2022-12-09 05:00:00+01:00,59.833,11.3,17.824,19.961
2022-12-09 06:00:00+01:00,59.4,12.3,18.831,21.7115
2022-12-09 07:00:00+01:00,58.633,15.3,21.3595,27.094
2022-12-09 08:00:00+01:00,58.4,21.6,26.2535,38.5825
2022-12-09 09:00:00+01:00,58.0,25.0,29.6485,44.8345
2022-12-09 10:00:00+01:00,57.233,27.1,32.025,48.586
2022-12-09 11:00:00+01:00,56.567,30.3,35.828,54.3265
2022-12-09 12:00:00+01:00,56.567,34.9,41.1895,62.3475
2022-12-09 13:00:00+01:00,56.966,44.0,52.168,78.801
2022-12-09 14:00:00+01:00,57.133,39.7,47.0215,71.102
2022-12-09 15:00:00+01:00,58.666,35.1,41.563,62.9115
2022-12-09 16:00:00+01:00,58.367,33.2,39.136,59.2675
2022-12-09 17:00:00+01:00,58.334,38.4,45.5325,68.8495
2022-12-09 18:00:00+01:00,58.534,41.3,48.9135,73.9435
2022-12-09 19:00:00+01:00,57.3,42.4,50.2935,76.0205
2022-12-09 20:00:00+01:00,55.767,41.3,48.955,74.006
2022-12-09 21:00:00+01:00,46.6,6.9,9.4185,12.0905
2022-12-09 22:00:00+01:00,41.567,1.8,2.6265,2.818
2022-12-09 23:00:00+01:00,40.1,1.4,1.9855,2.0
2022-12-10 00:00:00+01:00,40.334,1.2,1.619,1.619
2022-12-10 01:00:00+01:00,43.067,1.2,1.4815,1.5815
2022-12-10 02:00:00+01:00,42.8,1.9,2.576,2.86
2022-12-10 03:00:00+01:00,43.166,1.3,1.7915,1.7915
2022-12-10 04:00:00+01:00,47.966,3.9,5.922,6.531
2022-12-10 05:00:00+01:00,56.667,4.8,7.647,8.144
2022-12-10 06:00:00+01:00,59.4,6.5,10.984,11.242
2022-12-10 07:00:00+01:00,60.733,10.6,16.725,18.521
2022-12-10 08:00:00+01:00,60.633,12.0,17.587,21.0255
2022-12-10 09:00:00+01:00,59.966,15.4,20.91,27.015
2022-12-10 10:00:00+01:00,59.0,19.3,24.2795,33.894
2022-12-10 11:00:00+01:00,58.967,16.6,22.3835,29.35
2022-12-10 12:00:00+01:00,59.733,10.4,15.945,18.126
2022-12-10 13:00:00+01:00,58.566,3.4,5.29,5.63
2022-12-10 14:00:00+01:00,60.534,4.0,6.5905,6.634
2022-12-10 15:00:00+01:00,60.933,4.7,7.97,8.127
2022-12-10 16:00:00+01:00,58.7,6.0,9.089,10.2585
2022-12-10 17:00:00+01:00,57.5,3.7,6.286,6.3595
2022-12-10 18:00:00+01:00,57.834,2.6,4.2225,4.2225
2022-12-10 19:00:00+01:00,57.867,2.7,4.2645,4.2645
2022-12-10 20:00:00+01:00,58.666,2.6,4.114,4.1735
2022-12-10 21:00:00+01:00,58.966,2.7,4.296,4.43
2022-12-10 22:00:00+01:00,59.0,1.6,2.437,2.437
2022-12-10 23:00:00+01:00,59.034,1.6,2.4405,2.5855
2022-12-11 00:00:00+01:00,59.633,1.0,1.3355,1.3355
2022-12-11 01:00:00+01:00,60.233,1.0,1.309,1.323
2022-12-11 02:00:00+01:00,61.633,1.3,1.869,1.9865
2022-12-11 03:00:00+01:00,62.0,0.8,1.008,1.101
2022-12-11 04:00:00+01:00,61.334,1.5,2.17,2.3235
2022-12-11 05:00:00+01:00,61.133,2.0,3.0085,3.1595
2022-12-11 06:00:00+01:00,61.067,2.2,3.496,3.549
2022-12-11 07:00:00+01:00,60.709,3.7,5.7475,6.326
2022-12-11 08:00:00+01:00,59.9,6.6,10.342,11.52
2022-12-11 09:00:00+01:00,58.567,7.5,12.898,13.093
2022-12-11 10:00:00+01:00,50.234,7.0,11.865,11.918
2022-12-11 11:00:00+01:00,44.5,5.2,8.719,8.7335
2022-12-11 12:00:00+01:00,43.633,5.5,9.3725,9.3795
2022-12-11 13:00:00+01:00,42.6,5.5,9.2315,9.4
2022-12-11 14:00:00+01:00,43.3,6.3,10.7355,10.789
2022-12-11 15:00:00+01:00,43.834,6.6,11.1605,11.3045
2022-12-11 16:00:00+01:00,44.633,8.4,13.594,14.488
2022-12-11 17:00:00+01:00,45.0,7.5,12.5465,12.995
2022-12-11 18:00:00+01:00,47.2,11.9,18.2215,20.797
2022-12-11 19:00:00+01:00,47.466,11.2,17.394,19.4385
2022-12-11 20:00:00+01:00,49.933,11.7,17.9295,20.3445
2022-12-11 21:00:00+01:00,47.133,7.6,12.751,13.1165
2022-12-11 22:00:00+01:00,44.966,6.9,11.287,11.728
2022-12-11 23:00:00+01:00,49.333,7.2,12.2485,12.517
2022-12-12 00:00:00+01:00,53.033,6.6,11.2065,11.407
2022-12-12 01:00:00+01:00,55.067,5.6,9.3005,9.4115
2022-12-12 02:00:00+01:00,54.933,6.0,9.7495,10.454
2022-12-12 03:00:00+01:00,52.7,5.9,9.552,10.1295
2022-12-12 04:00:00+01:00,51.733,4.8,8.102,8.1025
2022-12-12 05:00:00+01:00,51.233,5.4,9.099,9.099
2022-12-12 06:00:00+01:00,50.067,7.4,12.464,12.6675
2022-12-12 07:00:00+01:00,49.767,8.2,13.751,14.199
2022-12-12 08:00:00+01:00,50.666,19.1,24.473,34.516
2022-12-12 09:00:00+01:00,51.2,17.8,23.8595,31.925
2022-12-12 10:00:00+01:00,49.666,20.2,25.576,36.2535
2022-12-12 11:00:00+01:00,47.467,18.4,24.0705,32.7675
2022-12-12 12:00:00+01:00,44.666,9.8,15.909,17.1115
2022-12-12 13:00:00+01:00,41.233,7.9,12.923,13.624
2022-12-12 14:00:00+01:00,34.3,6.0,10.1195,10.1585
2022-12-12 15:00:00+01:00,37.534,8.5,13.9255,14.622
2022-12-12 16:00:00+01:00,44.534,18.5,24.25,33.0125
2022-12-12 17:00:00+01:00,48.467,26.8,33.468,49.7505
2022-12-12 18:00:00+01:00,50.767,26.1,32.51,48.6415
2022-12-12 19:00:00+01:00,51.533,25.1,31.9085,47.3585
2022-12-12 20:00:00+01:00,51.0,21.2,27.533,39.66
2022-12-12 21:00:00+01:00,50.9,17.4,24.5025,32.6885
2022-12-12 22:00:00+01:00,51.933,14.7,22.835,28.1805
2022-12-12 23:00:00+01:00,53.0,11.1,19.0075,21.04
2022-12-13 00:00:00+01:00,52.834,12.2,20.3005,23.6055
2022-12-13 01:00:00+01:00,51.666,9.8,17.2005,18.4855
2022-12-13 02:00:00+01:00,51.834,9.5,16.043,18.3915
2022-12-13 03:00:00+01:00,51.7,7.6,13.549,14.568
2022-12-13 04:00:00+01:00,50.334,5.8,10.678,10.8545
2022-12-13 05:00:00+01:00,50.067,5.8,10.395,10.571
2022-12-13 06:00:00+01:00,50.067,9.0,15.59,17.0485
2022-12-13 07:00:00+01:00,49.4,10.0,17.1,18.7945
2022-12-13 08:00:00+01:00,48.967,13.8,21.382,25.745
2022-12-13 09:00:00+01:00,47.8,29.2,36.8465,54.44
2022-12-13 10:00:00+01:00,45.5,38.1,46.6695,70.655
2022-12-13 11:00:00+01:00,45.267,27.5,33.226,50.44
2022-12-13 12:00:00+01:00,46.067,24.5,29.2995,44.2125
2022-12-13 13:00:00+01:00,47.9,26.3,31.7195,47.9565
2022-12-13 14:00:00+01:00,46.2,21.0,26.0535,37.85
2022-12-13 15:00:00+01:00,44.834,22.4,27.0745,40.3925
2022-12-13 16:00:00+01:00,45.0,24.0,28.3135,43.069
2022-12-13 17:00:00+01:00,45.833,23.7,28.017,42.3
2022-12-13 18:00:00+01:00,46.8,23.9,28.097,42.701
2022-12-13 19:00:00+01:00,47.5,23.4,27.5075,41.8565
2022-12-13 20:00:00+01:00,48.2,22.6,26.8755,40.5125
2022-12-13 21:00:00+01:00,48.8,23.0,27.3805,41.246
2022-12-13 22:00:00+01:00,49.3,24.8,29.5965,44.6155
2022-12-13 23:00:00+01:00,49.933,27.9,33.109,50.231
2022-12-14 00:00:00+01:00,50.734,24.5,29.077,44.2465
2022-12-14 01:00:00+01:00,52.534,23.4,27.812,42.1185
2022-12-14 02:00:00+01:00,53.933,23.9,28.6345,43.3505
2022-12-14 03:00:00+01:00,54.7,22.9,27.8655,41.618
2022-12-14 04:00:00+01:00,53.834,21.9,26.7675,39.693
2022-12-14 05:00:00+01:00,54.0,23.7,28.4225,43.0275
2022-12-14 06:00:00+01:00,54.466,25.9,31.172,47.3375
2022-12-14 07:00:00+01:00,55.0,27.6,33.337,50.6215
2022-12-14 08:00:00+01:00,54.5,29.9,36.032,54.6755
2022-12-14 09:00:00+01:00,55.133,33.4,40.3835,61.1925
2022-12-14 10:00:00+01:00,54.767,38.5,46.6695,70.601
2022-12-14 11:00:00+01:00,54.1,39.0,47.119,71.3055
2022-12-14 12:00:00+01:00,54.0,41.3,49.7795,75.344
2022-12-14 13:00:00+01:00,53.334,44.2,53.013,80.221
2022-12-14 14:00:00+01:00,53.333,51.9,62.7265,94.711
2022-12-14 15:00:00+01:00,52.267,51.4,61.7045,93.113
2022-12-14 16:00:00+01:00,52.5,54.2,64.8465,97.874
2022-12-14 17:00:00+01:00,52.534,45.0,53.355,80.553
2022-12-14 18:00:00+01:00,52.9,54.3,64.865,97.8635
2022-12-14 19:00:00+01:00,54.966,56.5,67.7535,102.194
2022-12-14 20:00:00+01:00,55.0,43.1,51.6905,78.1675
2022-12-14 21:00:00+01:00,54.433,43.6,52.1045,78.9495
2022-12-14 22:00:00+01:00,53.867,45.3,53.9055,81.489
2022-12-14 23:00:00+01:00,54.4,46.6,55.635,84.1875
2022-12-15 00:00:00+01:00,54.0,36.8,43.527,65.8515
2022-12-15 01:00:00+01:00,54.267,30.7,36.495,55.31
2022-12-15 02:00:00+01:00,54.966,30.8,36.737,55.636
2022-12-15 03:00:00+01:00,55.0,30.4,36.2585,55.04
2022-12-15 04:00:00+01:00,55.367,24.2,28.9085,43.7895
2022-12-15 05:00:00+01:00,56.7,23.9,28.4755,43.4995
2022-12-15 06:00:00+01:00,57.4,26.6,31.761,48.463
2022-12-15 07:00:00+01:00,56.6,28.0,33.3585,50.6985
2022-12-15 08:00:00+01:00,56.334,29.2,34.9195,53.0555
2022-12-15 09:00:00+01:00,56.666,29.8,35.5235,53.9215
2022-12-15 10:00:00+01:00,54.2,37.8,44.8835,67.8765
2022-12-15 11:00:00+01:00,52.6,45.5,54.331,82.0555
2022-12-15 12:00:00+01:00,50.9,59.8,70.9055,106.926
2022-12-15 13:00:00+01:00,47.166,63.3,74.992,113.0515
2022-12-15 14:00:00+01:00,47.267,60.6,71.3305,107.5475
2022-12-15 15:00:00+01:00,51.233,63.0,73.962,111.511
2022-12-15 16:00:00+01:00,54.4,52.3,61.5955,92.953
2022-12-15 17:00:00+01:00,56.4,64.5,75.763,114.201
2022-12-15 18:00:00+01:00,56.5,84.3,99.1905,149.3305
2022-12-15 19:00:00+01:00,56.034,105.6,123.6035,185.9635
2022-12-15 20:00:00+01:00,55.525,62.4,73.222,110.3915
2022-12-15 21:00:00+01:00,56.034,52.1,61.256,92.4485
2022-12-15 22:00:00+01:00,57.233,36.2,42.601,64.4555
2022-12-15 23:00:00+01:00,57.666,31.4,36.6825,55.5955
2022-12-16 00:00:00+01:00,57.166,31.7,37.215,56.4095
2022-12-16 01:00:00+01:00,58.0,28.4,33.327,50.5835
2022-12-16 02:00:00+01:00,58.966,27.6,32.6275,49.5125
2022-12-16 03:00:00+01:00,57.666,25.7,30.228,45.9155
2022-12-16 04:00:00+01:00,57.3,26.8,31.342,47.578
2022-12-16 05:00:00+01:00,58.233,29.2,34.459,52.2435
2022-12-16 06:00:00+01:00,57.966,36.5,43.4445,65.732
2022-12-16 07:00:00+01:00,58.2,48.3,57.418,86.6865
2022-12-16 08:00:00+01:00,58.067,56.8,67.4275,101.698
2022-12-16 09:00:00+01:00,57.0,60.5,71.6225,107.987
2022-12-16 10:00:00+01:00,55.966,63.8,75.3495,113.58
2022-12-16 11:00:00+01:00,54.2,83.6,98.625,148.4875
2022-12-16 12:00:00+01:00,50.667,77.6,90.992,137.033
2022-12-16 13:00:00+01:00,38.3,6.0,8.7105,10.326
2022-12-16 14:00:00+01:00,31.366,3.4,4.752,5.6875
2022-12-16 15:00:00+01:00,31.034,3.7,5.4125,6.1945
2022-12-16 16:00:00+01:00,34.133,7.3,9.9595,12.668
2022-12-16 17:00:00+01:00,42.666,24.8,28.8545,43.571
2022-12-16 18:00:00+01:00,48.8,26.6,30.977,46.9855
2022-12-16 19:00:00+01:00,53.433,28.8,33.508,50.817
2022-12-16 20:00:00+01:00,53.466,40.0,47.1155,71.2265
2022-12-16 21:00:00+01:00,53.434,42.9,50.4335,76.215
2022-12-16 22:00:00+01:00,54.966,48.7,57.605,86.9615
2022-12-16 23:00:00+01:00,57.633,47.3,55.775,84.2295
2022-12-17 00:00:00+01:00,59.166,40.5,47.602,71.9625
2022-12-17 01:00:00+01:00,59.2,12.7,17.111,22.2325
2022-12-17 02:00:00+01:00,57.8,2.6,4.292,4.292
2022-12-17 03:00:00+01:00,57.233,5.8,7.8855,10.4115
2022-12-17 04:00:00+01:00,57.0,2.8,4.571,4.571
2022-12-17 05:00:00+01:00,57.034,5.3,8.971,8.982
2022-12-17 06:00:00+01:00,57.433,7.8,12.9915,13.144
2022-12-17 07:00:00+01:00,56.633,11.0,17.117,18.953
2022-12-17 08:00:00+01:00,55.433,12.2,18.282,20.953
2022-12-17 09:00:00+01:00,53.934,13.9,19.998,24.1165
2022-12-17 10:00:00+01:00,53.8,19.6,25.1105,34.469
2022-12-17 11:00:00+01:00,54.433,18.0,23.4885,31.554
2022-12-17 12:00:00+01:00,53.6,15.1,21.1605,26.5565
2022-12-17 13:00:00+01:00,52.867,14.6,20.6105,25.484
2022-12-17 14:00:00+01:00,52.4,18.4,23.607,32.0995
2022-12-17 15:00:00+01:00,52.867,23.3,28.2985,41.247
2022-12-17 16:00:00+01:00,53.433,15.8,21.606,27.535
2022-12-17 17:00:00+01:00,53.0,15.5,21.334,27.0265
2022-12-17 18:00:00+01:00,52.1,15.7,21.61,27.3685
2022-12-17 19:00:00+01:00,50.834,16.3,22.035,28.349
2022-12-17 20:00:00+01:00,50.9,18.5,23.6315,32.283
2022-12-17 21:00:00+01:00,51.867,25.7,30.148,45.4075
2022-12-17 22:00:00+01:00,50.933,18.7,23.8155,32.687
2022-12-17 23:00:00+01:00,50.7,20.6,25.334,36.176
2022-12-18 00:00:00+01:00,49.867,16.7,22.3235,29.056
2022-12-18 01:00:00+01:00,49.567,14.4,20.521,24.9135
2022-12-18 02:00:00+01:00,51.267,15.3,21.285,26.7195
2022-12-18 03:00:00+01:00,52.633,14.1,20.313,24.485
2022-12-18 04:00:00+01:00,51.7,12.5,18.711,21.524
2022-12-18 05:00:00+01:00,53.833,13.9,20.3385,24.5585
2022-12-18 06:00:00+01:00,53.967,15.9,21.7435,27.6075
2022-12-18 07:00:00+01:00,52.1,13.5,19.86,23.5135
2022-12-18 08:00:00+01:00,51.7,16.0,21.8015,27.814
2022-12-18 09:00:00+01:00,50.334,15.9,21.8285,27.779
2022-12-18 10:00:00+01:00,48.534,21.0,25.583,37.065
2022-12-18 11:00:00+01:00,44.834,17.5,23.0125,30.7265
2022-12-18 12:00:00+01:00,40.2,10.1,16.0955,17.5885
2022-12-18 13:00:00+01:00,33.666,5.2,8.824,8.836
2022-12-18 14:00:00+01:00,30.267,7.2,11.84,12.3745
2022-12-18 15:00:00+01:00,33.6,8.0,13.444,13.824
2022-12-18 16:00:00+01:00,41.433,15.7,21.665,27.7715
2022-12-18 17:00:00+01:00,45.367,21.0,26.5115,37.2715
2022-12-18 18:00:00+01:00,48.2,36.2,43.3325,65.278
2022-12-18 19:00:00+01:00,51.0,50.6,61.5265,92.9135
2022-12-18 20:00:00+01:00,51.633,55.7,68.453,103.3095
2022-12-18 21:00:00+01:00,50.9,38.9,47.4535,71.807
2022-12-18 22:00:00+01:00,51.267,43.8,54.004,81.6685
2022-12-18 23:00:00+01:00,50.966,28.9,35.526,53.816
2022-12-19 00:00:00+01:00,51.367,18.2,24.849,34.008
2022-12-19 01:00:00+01:00,50.233,14.3,21.6125,26.1885
2022-12-19 02:00:00+01:00,50.0,13.6,21.0665,25.1105
2022-12-19 03:00:00+01:00,50.192,13.8,21.105,25.4935
2022-12-19 04:00:00+01:00,50.0,14.5,21.4765,26.596
2022-12-19 05:00:00+01:00,50.067,13.5,20.5145,24.5705
2022-12-19 06:00:00+01:00,49.867,14.7,21.673,27.0455
2022-12-19 07:00:00+01:00,48.933,15.9,22.531,28.861
2022-12-19 08:00:00+01:00,48.0,14.1,21.0095,25.461
2022-12-19 09:00:00+01:00,48.0,16.5,23.01,30.0
2022-12-19 10:00:00+01:00,48.0,15.4,22.148,27.8995
2022-12-19 11:00:00+01:00,46.733,16.0,22.3625,28.7945
2022-12-19 12:00:00+01:00,47.7,19.5,25.332,35.5975
2022-12-19 13:00:00+01:00,48.9,23.3,29.1595,43.033
2022-12-19 14:00:00+01:00,49.834,21.4,26.799,39.5295
2022-12-19 15:00:00+01:00,49.733,21.2,26.483,38.999
2022-12-19 16:00:00+01:00,49.0,17.6,23.892,32.2505
2022-12-19 17:00:00+01:00,47.1,21.4,26.63,38.788
2022-12-19 18:00:00+01:00,46.933,24.7,29.495,44.691
2022-12-19 19:00:00+01:00,46.133,23.6,28.0505,42.5735
2022-12-19 20:00:00+01:00,46.966,24.7,29.626,44.907
2022-12-19 21:00:00+01:00,47.834,21.9,27.689,39.9205
2022-12-19 22:00:00+01:00,47.1,15.2,21.433,27.0905
2022-12-19 23:00:00+01:00,47.5,18.7,24.2625,33.62
2022-12-20 00:00:00+01:00,48.0,19.9,25.317,35.929
2022-12-20 01:00:00+01:00,48.0,14.6,21.12,26.12
2022-12-20 02:00:00+01:00,48.7,12.3,19.046,22.059
2022-12-20 03:00:00+01:00,49.0,12.6,19.254,22.554
2022-12-20 04:00:00+01:00,48.433,11.8,18.3685,20.9655
2022-12-20 05:00:00+01:00,49.0,11.1,17.7315,19.7725
2022-12-20 06:00:00+01:00,49.0,12.9,19.2415,22.752
2022-12-20 07:00:00+01:00,49.0,13.1,19.6015,23.1775
2022-12-20 08:00:00+01:00,49.0,13.0,19.362,22.707
2022-12-20 09:00:00+01:00,48.267,15.4,21.6145,27.2365
2022-12-20 10:00:00+01:00,47.6,20.0,25.112,35.8265
2022-12-20 11:00:00+01:00,47.0,22.3,26.7035,39.9135
2022-12-20 12:00:00+01:00,45.767,18.9,24.124,33.5345
2022-12-20 13:00:00+01:00,45.834,22.1,26.8055,39.2905
2022-12-20 14:00:00+01:00,47.466,25.0,29.5115,44.791
2022-12-20 15:00:00+01:00,49.133,27.7,32.8635,49.7985
2022-12-20 16:00:00+01:00,50.166,28.7,34.112,51.71
2022-12-20 17:00:00+01:00,51.8,34.0,40.8915,61.9015
2022-12-20 18:00:00+01:00,51.767,30.9,36.9205,55.9945
2022-12-20 19:00:00+01:00,51.534,33.0,39.466,59.809
2022-12-20 20:00:00+01:00,51.966,40.4,48.5875,73.616
2022-12-20 21:00:00+01:00,52.0,43.0,51.8385,78.501
2022-12-20 22:00:00+01:00,52.5,42.7,51.6025,78.154
2022-12-20 23:00:00+01:00,53.267,42.7,51.745,78.255
2022-12-21 00:00:00+01:00,54.0,35.3,43.069,65.29
2022-12-21 01:00:00+01:00,54.0,31.7,38.4655,58.317
2022-12-21 02:00:00+01:00,54.0,38.2,46.731,70.7595
2022-12-21 03:00:00+01:00,53.666,33.1,40.126,60.7705
2022-12-21 04:00:00+01:00,53.0,32.9,39.9915,60.574
2022-12-21 05:00:00+01:00,53.466,34.9,42.081,63.7705
2022-12-21 06:00:00+01:00,53.133,37.2,44.775,67.8235
2022-12-21 07:00:00+01:00,53.0,41.3,49.6265,75.1555
2022-12-21 08:00:00+01:00,52.733,47.0,55.6195,83.8995
2022-12-21 09:00:00+01:00,51.6,63.2,74.8505,112.8465
2022-12-21 10:00:00+01:00,48.933,67.1,79.2695,119.447
2022-12-21 11:00:00+01:00,46.534,77.3,90.9105,136.9085
2022-12-21 12:00:00+01:00,43.633,52.1,61.316,92.551
2022-12-21 13:00:00+01:00,41.733,73.3,86.005,129.577
2022-12-21 14:00:00+01:00,40.466,63.4,74.731,112.6525
2022-12-21 15:00:00+01:00,43.933,40.1,47.2465,71.411
2022-12-21 16:00:00+01:00,47.0,42.7,50.2735,75.976
2022-12-21 17:00:00+01:00,49.166,36.7,43.2775,65.479
2022-12-21 18:00:00+01:00,50.25,30.3,36.194,53.7535
2022-12-21 19:00:00+01:00,49.433,55.6,65.42,98.6905
2022-12-21 20:00:00+01:00,49.733,69.1,81.475,122.779
2022-12-21 21:00:00+01:00,51.334,92.5,108.6495,163.519
2022-12-21 22:00:00+01:00,52.267,95.1,111.725,168.134
2022-12-21 23:00:00+01:00,52.0,82.3,96.759,145.683
2022-12-22 00:00:00+01:00,52.1,60.9,71.4165,107.6775
2022-12-22 01:00:00+01:00,52.934,53.9,63.098,95.208
2022-12-22 02:00:00+01:00,53.967,55.8,65.4015,98.6595
2022-12-22 03:00:00+01:00,53.666,52.3,61.4645,92.751
2022-12-22 04:00:00+01:00,53.9,56.3,65.9565,99.4745
2022-12-22 05:00:00+01:00,54.0,60.4,70.648,106.5295
2022-12-22 06:00:00+01:00,54.267,63.4,74.1295,111.767
2022-12-22 07:00:00+01:00,53.433,63.1,74.0035,111.566
2022-12-22 08:00:00+01:00,53.0,63.3,74.187,111.847
2022-12-22 09:00:00+01:00,52.334,64.7,76.0845,114.6755
2022-12-22 10:00:00+01:00,50.166,57.5,67.5875,101.9365
2022-12-22 11:00:00+01:00,47.767,57.9,68.0965,102.7175
2022-12-22 12:00:00+01:00,43.733,45.0,52.92,79.941
2022-12-22 13:00:00+01:00,42.666,46.8,54.798,82.762
2022-12-22 14:00:00+01:00,44.4,68.4,79.95,120.493
2022-12-22 15:00:00+01:00,45.633,72.5,84.8015,127.755
2022-12-22 16:00:00+01:00,47.334,74.8,87.8695,132.37
2022-12-22 17:00:00+01:00,49.767,100.2,117.0555,176.1355
2022-12-22 18:00:00+01:00,52.034,119.5,138.997,209.0795
2022-12-22 19:00:00+01:00,52.0,127.7,148.9875,224.043
2022-12-22 20:00:00+01:00,52.433,132.0,153.5415,230.89
2022-12-22 21:00:00+01:00,53.667,105.5,123.125,185.2405
2022-12-22 22:00:00+01:00,53.133,77.4,90.5565,136.388
2022-12-22 23:00:00+01:00,53.2,117.1,136.0955,204.6815
2022-12-23 00:00:00+01:00,54.9,111.7,129.676,195.078
2022-12-23 01:00:00+01:00,56.6,21.8,26.588,38.1585
2022-12-23 02:00:00+01:00,55.633,28.7,33.314,50.355
2022-12-23 03:00:00+01:00,55.566,30.7,35.6545,54.074
2022-12-23 04:00:00+01:00,55.966,52.5,61.2875,92.4855
2022-12-23 05:00:00+01:00,56.3,25.7,30.8985,45.252
2022-12-23 06:00:00+01:00,56.834,11.0,16.524,19.2495
2022-12-23 07:00:00+01:00,56.533,15.8,22.073,27.917
2022-12-23 08:00:00+01:00,55.0,53.0,62.518,94.3255
2022-12-23 09:00:00+01:00,52.966,51.3,60.327,91.0665
2022-12-23 10:00:00+01:00,50.4,55.1,64.957,98.0
2022-12-23 11:00:00+01:00,43.834,38.6,46.0565,68.5215
2022-12-23 12:00:00+01:00,34.666,2.5,3.973,4.0475
2022-12-23 13:00:00+01:00,31.066,2.1,3.3515,3.3515
2022-12-23 14:00:00+01:00,29.066,2.1,2.907,3.187
2022-12-23 15:00:00+01:00,31.972,6.7,10.341,11.641
2022-12-23 16:00:00+01:00,38.684,21.1,26.509,37.614
2022-12-23 17:00:00+01:00,43.367,29.1,35.107,52.2565
2022-12-23 18:00:00+01:00,45.234,33.1,39.4625,59.111
2022-12-23 19:00:00+01:00,47.133,69.2,81.863,123.329
2022-12-23 20:00:00+01:00,49.834,85.5,100.9905,152.035
2022-12-23 21:00:00+01:00,51.6,96.4,114.147,171.7615
2022-12-23 22:00:00+01:00,52.8,99.1,116.9915,176.0275
2022-12-23 23:00:00+01:00,53.7,73.4,86.8465,130.8225
2022-12-24 00:00:00+01:00,54.0,65.9,77.497,116.8005
2022-12-24 01:00:00+01:00,53.867,72.9,85.6965,129.0975
2022-12-24 02:00:00+01:00,54.6,68.6,80.8725,121.8605
2022-12-24 03:00:00+01:00,53.767,67.0,78.699,118.609
2022-12-24 04:00:00+01:00,53.933,62.4,73.1845,110.3345
2022-12-24 05:00:00+01:00,53.4,54.8,64.1095,96.711
2022-12-24 06:00:00+01:00,54.2,57.1,67.0755,101.182
2022-12-24 07:00:00+01:00,54.767,61.7,72.5315,109.367
2022-12-24 08:00:00+01:00,54.633,58.0,68.2035,102.8605
2022-12-24 09:00:00+01:00,53.034,52.9,62.2915,93.988
2022-12-24 10:00:00+01:00,50.8,59.9,70.732,106.6395
2022-12-24 11:00:00+01:00,49.666,69.2,81.506,122.8005
2022-12-24 12:00:00+01:00,48.534,66.0,77.5335,116.8695
2022-12-24 13:00:00+01:00,49.7,75.5,88.9495,133.968
2022-12-24 14:00:00+01:00,53.3,94.5,110.7005,166.6055
2022-12-24 15:00:00+01:00,56.334,88.2,103.172,155.299
2022-12-24 16:00:00+01:00,58.534,68.9,80.754,121.707
2022-12-24 17:00:00+01:00,59.966,47.0,55.172,83.279
2022-12-24 18:00:00+01:00,58.233,31.2,36.6735,55.312
2022-12-24 19:00:00+01:00,56.867,54.8,64.126,96.7535
2022-12-24 20:00:00+01:00,57.166,60.6,71.298,107.5195
2022-12-24 21:00:00+01:00,57.966,60.2,70.8895,106.8695
2022-12-24 22:00:00+01:00,58.5,75.2,88.58,133.4125
2022-12-24 23:00:00+01:00,60.467,80.6,94.791,142.738
2022-12-25 00:00:00+01:00,61.7,60.0,70.76,106.689
2022-12-25 01:00:00+01:00,61.7,39.2,46.1075,69.705
2022-12-25 02:00:00+01:00,60.566,23.9,28.2575,42.308
2022-12-25 03:00:00+01:00,59.867,18.6,23.8785,32.646
2022-12-25 04:00:00+01:00,59.534,18.0,23.4,31.7655
2022-12-25 05:00:00+01:00,60.067,15.0,21.191,26.3665
2022-12-25 06:00:00+01:00,58.933,18.7,24.145,32.9545
2022-12-25 07:00:00+01:00,59.367,17.0,22.775,29.9935
2022-12-25 08:00:00+01:00,58.233,17.2,22.631,30.262
2022-12-25 09:00:00+01:00,57.7,18.2,23.4245,31.88
2022-12-25 10:00:00+01:00,54.9,30.4,35.6695,54.0195
2022-12-25 11:00:00+01:00,53.166,40.5,47.365,71.611
2022-12-25 12:00:00+01:00,51.2,34.9,40.8525,61.8355
2022-12-25 13:00:00+01:00,49.0,28.3,33.1245,50.231
2022-12-25 14:00:00+01:00,48.7,37.8,44.272,66.979
2022-12-25 15:00:00+01:00,49.133,41.9,49.256,74.444
2022-12-25 16:00:00+01:00,50.5,71.9,83.986,126.5325
2022-12-25 17:00:00+01:00,52.1,93.0,108.7315,163.6395
2022-12-25 18:00:00+01:00,54.267,96.8,113.2905,170.483
2022-12-25 19:00:00+01:00,55.333,106.5,124.5035,187.291
2022-12-25 20:00:00+01:00,55.567,88.4,103.4265,155.695
2022-12-25 21:00:00+01:00,56.567,94.8,110.757,166.682
2022-12-25 22:00:00+01:00,56.7,83.5,97.504,146.7965
2022-12-25 23:00:00+01:00,57.533,82.2,96.0615,144.6375
2022-12-26 00:00:00+01:00,57.267,25.8,30.7745,45.3785
2022-12-26 01:00:00+01:00,56.267,16.9,23.5295,30.196
2022-12-26 02:00:00+01:00,55.1,29.2,35.2945,51.4115
2022-12-26 03:00:00+01:00,56.2,46.3,54.0415,81.6105
2022-12-26 04:00:00+01:00,56.0,42.7,49.5905,74.9435
2022-12-26 05:00:00+01:00,56.933,41.1,47.718,72.1365
2022-12-26 06:00:00+01:00,56.834,47.4,55.251,83.4315
2022-12-26 07:00:00+01:00,58.0,42.1,49.1035,74.2145
2022-12-26 08:00:00+01:00,57.4,38.0,44.5735,67.4005
2022-12-26 09:00:00+01:00,55.9,28.1,33.1435,49.727
2022-12-26 10:00:00+01:00,49.966,46.5,54.661,82.5665
2022-12-26 11:00:00+01:00,44.716,26.7,31.4575,47.7265
2022-12-26 13:00:00+01:00,36.0,31.6,39.0215,55.5815
2022-12-26 14:00:00+01:00,44.0,53.2,61.89,94.02
2022-12-26 15:00:00+01:00,53.0,42.4,51.6775,74.209
2022-12-26 16:00:00+01:00,53.0,38.2,48.2615,67.2415
2022-12-26 17:00:00+01:00,53.0,56.7,67.6405,101.653
2022-12-26 18:00:00+01:00,53.0,69.1,82.61600000000001,124.869
2022-12-26 19:00:00+01:00,53.0,73.6,88.5425,133.7975
2022-12-26 20:00:00+01:00,53.0,80.3,96.825,146.188
2022-12-26 21:00:00+01:00,53.0,79.8,96.532,145.75650000000002
2022-12-26 22:00:00+01:00,53.0,64.2,77.006,116.424
2022-12-26 23:00:00+01:00,53.0,47.2,57.01649999999999,85.271
2022-12-27 00:00:00+01:00,53.0,35.2,46.5455,63.327000000000005
2022-12-27 01:00:00+01:00,53.0,26.9,39.9305,48.1805
2022-12-27 02:00:00+01:00,53.0,21.1,34.109,37.566
2022-12-27 03:00:00+01:00,53.0,18.3,31.1335,32.675
2022-12-27 04:00:00+01:00,53.0,18.1,30.779,32.1845
2022-12-27 05:00:00+01:00,53.0,17.7,30.409,31.539
2022-12-27 06:00:00+01:00,53.0,19.2,31.995,33.985
2022-12-27 07:00:00+01:00,53.0,26.2,39.02,46.88549999999999
2022-12-27 08:00:00+01:00,53.0,69.8,85.19149999999999,126.153
2022-12-27 09:00:00+01:00,53.0,106.1,129.635,195.4315
2022-12-27 10:00:00+01:00,53.0,131.8,160.18900000000002,241.2565
2022-12-27 11:00:00+01:00,53.0,134.1,162.918,245.35
2022-12-27 12:00:00+01:00,53.0,53.5,66.9065,97.005
2022-12-27 13:00:00+01:00,53.0,33.0,44.895,59.177
2022-12-27 14:00:00+01:00,53.0,26.7,39.6245,48.2495
2022-12-27 15:00:00+01:00,53.0,17.7,28.488,32.343
2022-12-27 16:00:00+01:00,53.0,11.7,21.8235,22.361
2022-12-27 17:00:00+01:00,53.0,18.1,30.54,32.487
2022-12-27 18:00:00+01:00,53.0,6.3,11.3535,11.363
2022-12-27 19:00:00+01:00,53.0,22.5,31.263,40.7515
2022-12-27 20:00:00+01:00,53.0,14.9,24.555,26.7485
2022-12-27 21:00:00+01:00,53.0,4.3,7.241,7.241
2022-12-27 22:00:00+01:00,53.0,6.5,9.914,11.0405
2022-12-27 23:00:00+01:00,53.0,21.2,34.251999999999995,38.155
2022-12-28 00:00:00+01:00,53.0,23.7,36.7805,42.5965
2022-12-28 01:00:00+01:00,53.0,20.2,31.915,36.032
2022-12-28 02:00:00+01:00,53.0,32.0,45.792,57.2035
2022-12-28 03:00:00+01:00,53.0,14.2,24.2045,25.2605
2022-12-28 04:00:00+01:00,53.0,13.0,22.6865,23.2435
2022-12-28 05:00:00+01:00,53.0,16.8,27.9165,29.506
2022-12-28 06:00:00+01:00,53.0,20.8,32.1025,35.433
2022-12-28 07:00:00+01:00,53.0,26.5,37.3775,45.031000000000006
2022-12-28 08:00:00+01:00,53.0,35.5,44.9055,61.0225
2022-12-28 09:00:00+01:00,53.0,41.2,50.637,71.71700000000001
2022-12-28 10:00:00+01:00,53.0,41.5,52.2,75.241
2022-12-28 11:00:00+01:00,53.0,54.9,67.011,101.253
2022-12-28 12:00:00+01:00,53.0,81.3,98.737,149.0925
2022-12-28 13:00:00+01:00,53.0,60.4,72.738,109.481
2022-12-28 14:00:00+01:00,53.0,52.5,63.5595,96.049
2022-12-28 15:00:00+01:00,53.0,56.1,67.1175,101.555
2022-12-28 16:00:00+01:00,53.0,79.7,96.5125,145.7375
2022-12-28 17:00:00+01:00,53.0,100.8,122.1135,184.072
2022-12-28 18:00:00+01:00,53.0,104.2,125.6775,189.44600000000003
2022-12-28 19:00:00+01:00,53.0,88.3,105.2625,158.833
2022-12-28 20:00:00+01:00,53.0,75.2,88.998,134.3805
2022-12-28 21:00:00+01:00,53.0,67.6,79.4845,120.1515
2022-12-28 22:00:00+01:00,53.0,85.1,100.9815,152.328
2022-12-28 23:00:00+01:00,53.0,155.2,185.7145,279.469
2022-12-29 00:00:00+01:00,53.0,160.4,190.79700000000005,287.0955
2022-12-29 01:00:00+01:00,53.0,186.1,219.762,330.5235
2022-12-29 02:00:00+01:00,53.0,125.4,148.00400000000002,222.9005
2022-12-29 03:00:00+01:00,53.0,52.7,62.0785,93.0985
2022-12-29 04:00:00+01:00,53.0,64.2,76.10300000000001,115.0375
2022-12-29 05:00:00+01:00,53.0,86.1,103.139,155.62849999999997
2022-12-29 06:00:00+01:00,53.0,78.9,94.336,142.434
2022-12-29 07:00:00+01:00,53.0,90.7,109.7005,165.5195
2022-12-29 08:00:00+01:00,53.0,120.9,147.7955,222.654
2022-12-29 09:00:00+01:00,53.0,119.2,145.555,219.3405
2022-12-29 10:00:00+01:00,53.0,87.3,107.654,161.442
2022-12-29 11:00:00+01:00,53.0,5.8,9.8845,9.8845
2022-12-29 12:00:00+01:00,53.0,3.1,4.066,4.5615000000000006
2022-12-29 13:00:00+01:00,53.0,4.3,6.6975,6.952999999999999
2022-12-29 14:00:00+01:00,53.0,3.9,5.9785,6.0825
2022-12-29 15:00:00+01:00,53.0,6.9,10.438,11.7115
2022-12-29 16:00:00+01:00,53.0,6.2,10.332,10.4485
2022-12-29 17:00:00+01:00,53.0,7.7,12.757,13.2565
2022-12-29 18:00:00+01:00,53.0,9.4,16.7305,16.923000000000002
2022-12-29 19:00:00+01:00,53.0,7.5,11.942,12.9685
2022-12-29 20:00:00+01:00,53.0,6.0,10.4335,10.459
2022-12-29 21:00:00+01:00,53.0,7.0,10.7395,11.8495
2022-12-29 22:00:00+01:00,53.0,3.6,5.4775,5.5545
2022-12-29 23:00:00+01:00,53.0,3.0,4.7795000000000005,4.786
2022-12-30 00:00:00+01:00,53.0,2.9,4.382,4.536
2022-12-30 01:00:00+01:00,53.0,2.0,2.779,2.78
2022-12-30 02:00:00+01:00,53.0,2.1,2.75,2.7575000000000003
2022-12-30 03:00:00+01:00,53.0,2.0,2.62,2.62
2022-12-30 04:00:00+01:00,53.0,4.1,5.431,6.2835
2022-12-30 05:00:00+01:00,53.0,2.8,3.6105,3.876
2022-12-30 06:00:00+01:00,53.0,2.8,4.2415,4.303
2022-12-30 07:00:00+01:00,53.0,4.5,7.01,7.459
2022-12-30 08:00:00+01:00,53.0,6.5,10.0645,10.8955
2022-12-30 09:00:00+01:00,53.0,6.5,10.7195,11.1595
2022-12-30 10:00:00+01:00,53.0,7.2,11.8785,12.4655
2022-12-30 11:00:00+01:00,53.0,6.8,11.5915,11.755
2022-12-30 12:00:00+01:00,53.0,7.9,12.254,13.7345
2022-12-30 13:00:00+01:00,53.0,9.2,14.464,15.9885
2022-12-30 14:00:00+01:00,53.0,8.9,14.832,15.97
2022-12-30 15:00:00+01:00,53.0,36.1,48.91,65.502
2022-12-30 16:00:00+01:00,53.0,68.3,83.449,124.7455
2022-12-30 17:00:00+01:00,53.0,46.2,57.147,82.94300000000001
2022-12-30 18:00:00+01:00,53.0,35.7,48.429,63.777
2022-12-30 19:00:00+01:00,53.0,15.8,25.958,27.959000000000003
2022-12-30 20:00:00+01:00,53.0,19.1,30.2035,34.260000000000005
2022-12-30 21:00:00+01:00,53.0,12.0,21.0335,21.985
2022-12-30 22:00:00+01:00,53.0,11.4,19.098,21.1595
2022-12-30 23:00:00+01:00,53.0,6.6,10.5135,11.094
2022-12-31 00:00:00+01:00,53.0,4.0,6.586,6.586
2022-12-31 01:00:00+01:00,53.0,4.0,6.5745000000000005,6.5745000000000005
2022-12-31 02:00:00+01:00,53.0,9.5,16.4585,16.887500000000003
2022-12-31 03:00:00+01:00,53.0,4.8,7.935,8.1
2022-12-31 04:00:00+01:00,53.0,7.2,10.744,12.2945
2022-12-31 05:00:00+01:00,53.0,4.6,7.3305,7.758999999999999
2022-12-31 06:00:00+01:00,53.0,4.4,7.493,7.525
2022-12-31 07:00:00+01:00,53.0,20.6,27.5475,36.702
2022-12-31 08:00:00+01:00,53.0,34.4,45.958,61.899
2022-12-31 09:00:00+01:00,53.0,47.7,58.5305,86.9385
2022-12-31 10:00:00+01:00,53.0,45.7,56.306,83.20349999999999
2022-12-31 11:00:00+01:00,53.0,26.8,36.237,48.905
2022-12-31 12:00:00+01:00,53.0,5.4,8.2655,9.031
2022-12-31 13:00:00+01:00,53.0,6.6,10.728000000000002,11.5495
2022-12-31 14:00:00+01:00,53.0,10.8,19.222,19.7575
2022-12-31 15:00:00+01:00,53.0,15.0,26.018,27.43
2022-12-31 16:00:00+01:00,53.0,49.9,62.6635,90.683
2022-12-31 17:00:00+01:00,53.0,53.0,64.614,95.375
2022-12-31 18:00:00+01:00,53.0,47.4,59.8765,85.46000000000001
2022-12-31 19:00:00+01:00,53.0,37.8,49.2625,68.118
2022-12-31 20:00:00+01:00,53.0,54.0,66.346,97.7925
2022-12-31 21:00:00+01:00,53.0,89.2,107.5905,162.038
2022-12-31 22:00:00+01:00,53.0,98.5,119.4395,179.411
2022-12-31 23:00:00+01:00,53.0,50.2,60.5355,90.4715
2023-01-01 00:00:00+01:00,53.0,99.6,119.5535,180.2705
2023-01-01 01:00:00+01:00,53.0,56.3,69.3295,100.92
2023-01-01 02:00:00+01:00,53.0,42.1,52.810500000000005,75.2735
2023-01-01 03:00:00+01:00,53.0,30.7,42.2845,54.327
2023-01-01 04:00:00+01:00,53.0,25.3,37.084,44.916
2023-01-01 05:00:00+01:00,53.0,56.1,67.02799999999999,100.2785
2023-01-01 06:00:00+01:00,53.0,17.8,28.507,31.983
2023-01-01 07:00:00+01:00,53.0,13.4,24.0115,24.296
2023-01-01 08:00:00+01:00,53.0,23.2,34.4255,41.2025
2023-01-01 09:00:00+01:00,53.0,42.8,55.33,76.8305
2023-01-01 10:00:00+01:00,53.0,30.2,41.8705,53.7575
2023-01-01 11:00:00+01:00,53.0,23.8,35.664,42.809
2023-01-01 12:00:00+01:00,53.0,22.6,35.2615,41.308
2023-01-01 13:00:00+01:00,53.0,16.6,28.9335,30.3745
2023-01-01 14:00:00+01:00,53.0,21.9,35.178,40.0885
2023-01-01 15:00:00+01:00,53.0,23.2,36.425,42.026
2023-01-01 16:00:00+01:00,53.0,42.2,52.605,76.0235
2023-01-01 17:00:00+01:00,53.0,55.9,67.88499999999999,100.643
2023-01-01 18:00:00+01:00,53.0,44.3,54.0535,79.5075
2023-01-01 19:00:00+01:00,53.0,42.8,52.667,76.5595
2023-01-01 20:00:00+01:00,53.0,42.3,52.411,75.23349999999999
2023-01-01 21:00:00+01:00,53.0,38.8,49.175,69.1115
2023-01-01 22:00:00+01:00,53.0,31.4,43.3735,55.9905
2023-01-01 23:00:00+01:00,53.0,25.8,38.628,45.74
2023-01-02 00:00:00+01:00,53.0,22.3,35.137,39.2555
2023-01-02 01:00:00+01:00,53.0,19.7,32.3535,34.7415
2023-01-02 02:00:00+01:00,53.0,17.9,29.9285,31.3825
2023-01-02 03:00:00+01:00,53.0,18.1,29.5475,31.7485
2023-01-02 04:00:00+01:00,53.0,16.5,27.6785,29.386000000000003
2023-01-02 05:00:00+01:00,53.0,17.5,29.125,31.7445
2023-01-02 06:00:00+01:00,53.0,23.6,36.703,43.2265
2023-01-02 07:00:00+01:00,53.0,16.1,27.818,28.578
2023-01-02 08:00:00+01:00,53.0,25.1,38.1275,44.935
2023-01-02 09:00:00+01:00,53.0,53.9,66.626,97.5025
2023-01-02 10:00:00+01:00,53.0,45.2,55.4975,81.1185
2023-01-02 11:00:00+01:00,53.0,90.7,110.3705,166.539
2023-01-02 12:00:00+01:00,53.0,45.5,55.972,83.2675
2023-01-02 13:00:00+01:00,53.0,41.5,52.2455,76.092
2023-01-02 14:00:00+01:00,53.0,55.7,67.857,102.11
2023-01-02 15:00:00+01:00,53.0,66.9,80.9385,122.122
2023-01-02 16:00:00+01:00,53.0,64.0,77.293,116.2855
2023-01-02 17:00:00+01:00,53.0,106.0,128.20850000000002,193.289
2023-01-02 18:00:00+01:00,53.0,87.1,105.289,158.918
2023-01-02 19:00:00+01:00,53.0,69.2,83.3005,125.944
2023-01-02 20:00:00+01:00,53.0,73.8,88.96549999999999,134.404
2023-01-02 21:00:00+01:00,53.0,77.6,93.853,141.768
2023-01-02 22:00:00+01:00,53.0,59.7,71.77350000000001,108.2485
2023-01-02 23:00:00+01:00,53.0,47.5,57.561,85.1595
2023-01-03 00:00:00+01:00,53.0,37.2,48.31,66.21300000000001
2023-01-03 01:00:00+01:00,53.0,32.1,44.821,57.012
2023-01-03 02:00:00+01:00,53.0,22.8,35.488,40.001000000000005
2023-01-03 03:00:00+01:00,53.0,21.1,33.351,36.8625
2023-01-03 04:00:00+01:00,53.0,26.0,38.466,46.0435
2023-01-03 05:00:00+01:00,53.0,19.7,30.9805,35.5745
2023-01-03 06:00:00+01:00,53.0,24.5,36.676,43.755
2023-01-03 07:00:00+01:00,53.0,26.0,38.7335,46.536
2023-01-03 08:00:00+01:00,53.0,22.1,34.783500000000004,39.0255
2023-01-03 09:00:00+01:00,53.0,45.1,56.2625,81.0935
2023-01-03 10:00:00+01:00,53.0,44.3,56.0555,79.4375
2023-01-03 11:00:00+01:00,53.0,16.3,27.086,29.528
2023-01-03 12:00:00+01:00,53.0,14.7,25.054,26.403
2023-01-03 13:00:00+01:00,53.0,11.9,18.458,21.144
2023-01-03 14:00:00+01:00,53.0,11.5,18.628500000000003,20.732
2023-01-03 15:00:00+01:00,53.0,27.8,39.368,49.494
2023-01-03 16:00:00+01:00,53.0,45.7,55.8645,82.1175
2023-01-03 17:00:00+01:00,53.0,58.7,71.708,106.4195
2023-01-03 18:00:00+01:00,53.0,98.4,119.0435,179.564
2023-01-03 19:00:00+01:00,53.0,65.1,78.3615,118.498
2023-01-03 20:00:00+01:00,53.0,78.3,94.4865,142.7325
2023-01-03 21:00:00+01:00,53.0,67.8,81.1285,122.6575
2023-01-03 22:00:00+01:00,53.0,139.0,168.372,253.536
2023-01-03 23:00:00+01:00,53.0,57.5,68.4045,103.548
2023-01-04 00:00:00+01:00,53.0,61.0,72.9415,110.3645
2023-01-04 01:00:00+01:00,53.0,65.6,78.7755,119.1475
2023-01-04 02:00:00+01:00,53.0,124.3,149.89,225.8215
2023-01-04 03:00:00+01:00,53.0,109.0,131.038,197.517
2023-01-04 04:00:00+01:00,53.0,101.6,122.104,184.124
2023-01-04 05:00:00+01:00,53.0,69.9,83.36,125.9965
2023-01-04 06:00:00+01:00,53.0,59.5,70.6395,106.865
2023-01-04 07:00:00+01:00,53.0,60.5,72.588,109.838
2023-01-04 08:00:00+01:00,53.0,56.1,67.265,101.7165
2023-01-04 09:00:00+01:00,53.0,43.8,53.528000000000006,78.7475
2023-01-04 10:00:00+01:00,53.0,32.6,44.5635,58.4375
2023-01-04 11:00:00+01:00,53.0,30.8,43.374,55.577
2023-01-04 12:00:00+01:00,53.0,27.0,39.7435,47.871
2023-01-04 13:00:00+01:00,53.0,26.7,39.563500000000005,47.4525
2023-01-04 14:00:00+01:00,53.0,27.6,40.227,48.856
2023-01-04 15:00:00+01:00,53.0,32.3,44.0095,57.5195
2023-01-04 16:00:00+01:00,53.0,48.8,59.0985,88.1825
2023-01-04 17:00:00+01:00,53.0,77.6,93.808,141.6905
2023-01-04 18:00:00+01:00,53.0,82.2,99.0965,149.6275
2023-01-04 19:00:00+01:00,53.0,77.9,93.9055,141.8395
2023-01-04 20:00:00+01:00,53.0,68.8,82.471,124.67
2023-01-04 21:00:00+01:00,53.0,63.3,75.68950000000001,114.522
2023-01-04 22:00:00+01:00,53.0,60.8,72.3195,109.3935
2023-01-04 23:00:00+01:00,53.0,49.0,58.3815,87.491
2023-01-05 00:00:00+01:00,53.0,44.7,53.5105,79.39949999999999
2023-01-05 01:00:00+01:00,53.0,59.1,70.67349999999999,106.752
2023-01-05 02:00:00+01:00,53.0,69.2,83.7805,125.6165
2023-01-05 03:00:00+01:00,53.0,85.5,103.023,155.4955
2023-01-05 04:00:00+01:00,53.0,61.8,73.6625,111.3625
2023-01-05 05:00:00+01:00,53.0,61.5,72.57749999999999,109.3175
2023-01-05 06:00:00+01:00,53.0,70.0,83.1425,125.535
2023-01-05 07:00:00+01:00,53.0,81.7,97.846,147.64600000000002
2023-01-05 08:00:00+01:00,53.0,103.9,126.476,190.671
2023-01-05 09:00:00+01:00,53.0,106.3,129.453,195.1775
2023-01-05 10:00:00+01:00,53.0,101.2,122.7255,185.0545
2023-01-05 11:00:00+01:00,53.0,89.4,109.105,164.69299999999998
2023-01-05 12:00:00+01:00,53.0,72.2,87.4685,132.23000000000002
2023-01-05 13:00:00+01:00,53.0,39.2,52.079,71.0455
2023-01-05 14:00:00+01:00,53.0,32.5,44.106,58.147000000000006
2023-01-05 15:00:00+01:00,53.0,53.6,65.086,97.286
2023-01-05 16:00:00+01:00,53.0,70.2,85.1265,128.563
2023-01-05 17:00:00+01:00,53.0,84.6,102.6865,155.0025
2023-01-05 18:00:00+01:00,53.0,46.5,58.069,83.8135
2023-01-05 19:00:00+01:00,53.0,60.9,73.287,110.8555
2023-01-05 20:00:00+01:00,53.0,58.6,70.4885,106.745
2023-01-05 21:00:00+01:00,53.0,56.8,68.2945,103.3325
2023-01-05 22:00:00+01:00,53.0,47.4,57.532,85.668
2023-01-05 23:00:00+01:00,53.0,41.0,52.048,73.928
2023-01-06 00:00:00+01:00,53.0,33.4,45.04600000000001,59.4995
2023-01-06 01:00:00+01:00,53.0,26.5,39.2715,47.094
2023-01-06 02:00:00+01:00,53.0,21.6,34.3905,38.197
2023-01-06 03:00:00+01:00,53.0,43.5,54.2025,78.3295
2023-01-06 04:00:00+01:00,53.0,20.8,33.143,36.5025
2023-01-06 05:00:00+01:00,53.0,23.4,35.7625,40.9465
2023-01-06 06:00:00+01:00,53.0,25.9,38.351,45.5565
2023-01-06 07:00:00+01:00,53.0,34.2,45.524,60.5265
2023-01-06 08:00:00+01:00,53.0,72.1,87.006,130.82
2023-01-06 09:00:00+01:00,53.0,65.6,79.2145,119.031
2023-01-06 10:00:00+01:00,53.0,73.0,88.24199999999999,133.371
2023-01-06 11:00:00+01:00,53.0,77.8,95.23,143.87900000000002
2023-01-06 12:00:00+01:00,53.0,51.5,63.861,95.676
2023-01-06 13:00:00+01:00,53.0,37.4,48.9775,69.1455
2023-01-06 14:00:00+01:00,53.0,48.9,60.734,90.03
2023-01-06 15:00:00+01:00,53.0,64.5,78.338,118.507
2023-01-06 16:00:00+01:00,53.0,113.8,138.171,208.2265
2023-01-06 17:00:00+01:00,53.0,108.8,132.134,199.1755
2023-01-06 18:00:00+01:00,53.0,92.8,112.7575,170.089
2023-01-06 19:00:00+01:00,53.0,62.3,74.7595,113.1305
2023-01-06 20:00:00+01:00,53.0,56.5,67.8235,102.5285
2023-01-06 21:00:00+01:00,53.0,51.0,61.12950000000001,91.663
2023-01-06 22:00:00+01:00,53.0,40.0,50.4195,71.59100000000001
2023-01-06 23:00:00+01:00,53.0,39.6,50.8145,71.053
2023-01-07 00:00:00+01:00,53.0,59.5,72.139,107.5815
2023-01-07 01:00:00+01:00,53.0,168.8,204.4225,307.567
2023-01-07 02:00:00+01:00,53.0,71.9,87.8195,128.903
2023-01-07 03:00:00+01:00,53.0,70.2,84.407,125.817
2023-01-07 04:00:00+01:00,53.0,81.2,98.735,145.7535
2023-01-07 05:00:00+01:00,53.0,28.3,40.089,49.0405
2023-01-07 06:00:00+01:00,53.0,31.6,44.322,55.605
2023-01-07 07:00:00+01:00,53.0,33.7,44.403,58.645
2023-01-07 08:00:00+01:00,53.0,42.3,51.7185,73.6635
2023-01-07 09:00:00+01:00,53.0,132.0,159.86649999999997,240.71
2023-01-07 10:00:00+01:00,53.0,138.9,171.486,258.1905
2023-01-07 11:00:00+01:00,53.0,107.3,130.4025,196.5995
2023-01-07 12:00:00+01:00,53.0,73.4,88.53999999999999,133.812
2023-01-07 13:00:00+01:00,53.0,34.8,46.4515,62.4695
2023-01-07 14:00:00+01:00,53.0,12.1,21.887500000000003,21.932
2023-01-07 15:00:00+01:00,53.0,24.7,35.4955,43.5475
2023-01-07 16:00:00+01:00,53.0,39.2,49.574,70.202
2023-01-07 17:00:00+01:00,53.0,57.1,68.743,102.7575
2023-01-07 18:00:00+01:00,53.0,49.5,59.189,88.8665
2023-01-07 19:00:00+01:00,53.0,37.8,48.2455,67.02199999999999
2023-01-07 20:00:00+01:00,53.0,35.0,46.269000000000005,62.399
2023-01-07 21:00:00+01:00,53.0,31.7,43.5375,56.0925
2023-01-07 22:00:00+01:00,53.0,28.6,40.739,50.0215
2023-01-07 23:00:00+01:00,53.0,25.3,37.376,43.902
2023-01-08 00:00:00+01:00,53.0,26.6,38.5985,46.249
2023-01-08 01:00:00+01:00,53.0,26.9,38.6665,46.817
2023-01-08 02:00:00+01:00,53.0,27.4,39.547,48.407
2023-01-08 03:00:00+01:00,53.0,16.6,27.956,28.7155
2023-01-08 04:00:00+01:00,53.0,17.8,28.273,31.5545
2023-01-08 05:00:00+01:00,53.0,9.1,17.386,17.389
2023-01-08 06:00:00+01:00,53.0,10.7,20.155,20.2605
2023-01-08 07:00:00+01:00,53.0,11.8,21.2975,21.618
2023-01-08 08:00:00+01:00,53.0,14.4,25.107,25.53
2023-01-08 09:00:00+01:00,53.0,15.2,26.313,27.1025
2023-01-08 10:00:00+01:00,53.0,11.2,19.82,20.452
2023-01-08 11:00:00+01:00,53.0,6.5,11.327,11.348
2023-01-08 12:00:00+01:00,53.0,4.9,7.9015,7.9015
2023-01-08 13:00:00+01:00,53.0,4.3,6.93,6.93
2023-01-08 14:00:00+01:00,53.0,3.7,5.8175,5.8205
2023-01-08 15:00:00+01:00,53.0,4.2,6.7575,6.763
2023-01-08 16:00:00+01:00,53.0,6.4,11.1995,11.200500000000002
2023-01-08 17:00:00+01:00,53.0,5.1,8.7645,8.846
2023-01-08 18:00:00+01:00,53.0,7.6,12.677,13.012
2023-01-08 19:00:00+01:00,53.0,7.1,12.5135,12.54
2023-01-08 20:00:00+01:00,53.0,3.8,6.173,6.173
2023-01-08 21:00:00+01:00,53.0,6.1,10.119,10.363
2023-01-08 22:00:00+01:00,53.0,5.3,8.681000000000001,8.681000000000001
2023-01-08 23:00:00+01:00,53.0,4.3,6.917,6.917
2023-01-09 00:00:00+01:00,53.0,3.7,5.9575,5.9575
2023-01-09 01:00:00+01:00,53.0,5.1,8.628,8.628
2023-01-09 02:00:00+01:00,53.0,10.5,19.48,19.682
2023-01-09 03:00:00+01:00,53.0,18.8,31.277,33.19
2023-01-09 04:00:00+01:00,53.0,21.7,34.6295,38.512
2023-01-09 05:00:00+01:00,53.0,4.2,6.478,6.5865
2023-01-09 06:00:00+01:00,53.0,0.9,0.6659999999999999,0.6659999999999999
2023-01-09 07:00:00+01:00,53.0,1.7,2.128,2.145
2023-01-09 08:00:00+01:00,53.0,1.8,2.2965,2.3045
2023-01-09 09:00:00+01:00,53.0,3.2,4.202999999999999,4.87
2023-01-09 10:00:00+01:00,53.0,2.6,3.751,3.8135
2023-01-09 11:00:00+01:00,53.0,2.4,3.5625,3.5835
2023-01-09 12:00:00+01:00,53.0,1.1,1.2345,1.2345
2023-01-09 13:00:00+01:00,53.0,2.2,2.782,2.972
2023-01-09 14:00:00+01:00,53.0,2.1,2.8255,2.949
2023-01-09 15:00:00+01:00,53.0,4.4,6.0835,7.0
2023-01-09 16:00:00+01:00,53.0,2.3,3.3080000000000003,3.3080000000000003
2023-01-09 17:00:00+01:00,53.0,13.6,22.398,24.5445
2023-01-09 18:00:00+01:00,53.0,23.1,35.889,41.5905
2023-01-09 19:00:00+01:00,53.0,63.3,77.13,115.5355
2023-01-09 20:00:00+01:00,53.0,87.3,105.6985,159.54399999999998
2023-01-09 21:00:00+01:00,53.0,34.8,47.0525,62.217
2023-01-09 22:00:00+01:00,53.0,5.8,9.4975,9.657
2023-01-09 23:00:00+01:00,53.0,1.0,0.924,0.924
2023-01-10 00:00:00+01:00,53.0,0.6,0.513,0.513
2023-01-10 01:00:00+01:00,53.0,0.3,0.0855,0.0855
2023-01-10 02:00:00+01:00,53.0,0.2,0.094,0.094
2023-01-10 03:00:00+01:00,53.0,0.7,0.746,0.8075
2023-01-10 04:00:00+01:00,53.0,0.5,0.3225,0.3225
2023-01-10 05:00:00+01:00,53.0,0.6,0.5515,0.5515
2023-01-10 06:00:00+01:00,53.0,0.9,0.9315,0.9315
2023-01-10 07:00:00+01:00,53.0,3.2,4.942,4.943
2023-01-10 08:00:00+01:00,53.0,4.6,7.576,7.583
2023-01-10 09:00:00+01:00,53.0,5.1,8.5125,8.6645
2023-01-10 10:00:00+01:00,53.0,3.8,6.0155,6.0155
2023-01-10 11:00:00+01:00,53.0,4.3,6.931,6.952
2023-01-10 12:00:00+01:00,53.0,7.8,12.2645,13.5015
2023-01-10 13:00:00+01:00,53.0,6.7,11.7595,11.8605
2023-01-10 14:00:00+01:00,53.0,9.7,18.3945,18.4545
2023-01-10 15:00:00+01:00,53.0,9.6,17.0925,17.3955
2023-01-10 16:00:00+01:00,53.0,11.8,20.4485,22.028
2023-01-10 17:00:00+01:00,53.0,8.0,14.726,14.7415
2023-01-10 18:00:00+01:00,53.0,9.5,17.761000000000003,17.7715
2023-01-10 19:00:00+01:00,53.0,10.7,19.3655,19.6805
2023-01-10 20:00:00+01:00,53.0,12.6,22.219,23.0255
2023-01-10 21:00:00+01:00,53.0,11.8,20.8525,21.619
2023-01-10 22:00:00+01:00,53.0,6.4,11.6405,11.6585
2023-01-10 23:00:00+01:00,53.0,4.3,7.4025,7.4025
2023-01-11 00:00:00+01:00,53.0,4.0,6.91,6.91
2023-01-11 01:00:00+01:00,53.0,4.9,7.281499999999999,8.131
2023-01-11 02:00:00+01:00,53.0,2.9,4.3265,4.5055
2023-01-11 03:00:00+01:00,53.0,1.8,2.248,2.248
2023-01-11 04:00:00+01:00,53.0,1.8,2.3185,2.3185
2023-01-11 05:00:00+01:00,53.0,3.8,5.2940000000000005,5.9855
2023-01-11 06:00:00+01:00,53.0,6.6,11.93,12.029
2023-01-11 07:00:00+01:00,53.0,12.8,22.9805,23.976
2023-01-11 08:00:00+01:00,53.0,28.0,39.0275,50.028000000000006
2023-01-11 09:00:00+01:00,53.0,20.9,29.833,37.253
2023-01-11 10:00:00+01:00,53.0,5.4,9.5715,9.5715
2023-01-11 11:00:00+01:00,53.0,4.0,6.6135,6.6135
2023-01-11 12:00:00+01:00,53.0,8.5,14.814,15.019
2023-01-11 13:00:00+01:00,53.0,7.1,13.3905,13.415
2023-01-11 14:00:00+01:00,53.0,10.0,18.632,19.148
2023-01-11 15:00:00+01:00,53.0,10.7,19.5115,20.0155
2023-01-11 16:00:00+01:00,53.0,33.7,44.9215,60.7085
2023-01-11 17:00:00+01:00,53.0,40.2,51.987,72.76400000000001
2023-01-11 18:00:00+01:00,53.0,48.1,58.42700000000001,86.7655
2023-01-11 19:00:00+01:00,53.0,38.6,49.303,69.1885
2023-01-11 20:00:00+01:00,53.0,42.0,52.965,74.7615
2023-01-11 21:00:00+01:00,53.0,41.3,51.2705,73.7795
2023-01-11 22:00:00+01:00,53.0,30.9,42.5935,54.4825
2023-01-11 23:00:00+01:00,53.0,33.8,44.815,59.2575
2023-01-12 00:00:00+01:00,53.0,24.6,36.913,42.751000000000005
2023-01-12 01:00:00+01:00,53.0,19.0,30.454500000000003,32.9465
2023-01-12 02:00:00+01:00,53.0,51.5,64.68599999999999,92.4095
2023-01-12 03:00:00+01:00,53.0,50.9,62.790000000000006,90.969
2023-01-12 04:00:00+01:00,53.0,18.7,28.8705,33.22
2023-01-12 05:00:00+01:00,53.0,23.1,34.3835,40.1985
2023-01-12 06:00:00+01:00,53.0,21.5,33.781,37.96
2023-01-12 07:00:00+01:00,53.0,25.9,37.885000000000005,45.7065
2023-01-12 08:00:00+01:00,53.0,30.0,42.088,53.2315
2023-01-12 09:00:00+01:00,53.0,35.3,47.044,63.057
2023-01-12 10:00:00+01:00,53.0,33.8,44.629000000000005,60.346
2023-01-12 11:00:00+01:00,53.0,49.9,61.9645,90.964
2023-01-12 12:00:00+01:00,53.0,34.3,45.6515,61.417
2023-01-12 13:00:00+01:00,53.0,28.6,41.0595,51.145
2023-01-12 14:00:00+01:00,53.0,22.2,35.099999999999994,39.9475
2023-01-12 15:00:00+01:00,53.0,21.2,32.843,37.9175
2023-01-12 16:00:00+01:00,53.0,33.7,45.467,60.5035
2023-01-12 17:00:00+01:00,53.0,95.4,116.217,175.286
2023-01-12 18:00:00+01:00,53.0,81.5,99.092,149.6195
2023-01-12 19:00:00+01:00,53.0,118.3,144.446,217.6335
2023-01-12 20:00:00+01:00,53.0,127.0,155.243,233.776
2023-01-12 21:00:00+01:00,53.0,101.1,122.3555,184.3745
2023-01-12 22:00:00+01:00,53.0,48.7,57.4875,86.155
2023-01-12 23:00:00+01:00,53.0,39.0,48.817,68.21600000000001
2023-01-13 00:00:00+01:00,53.0,29.3,40.745,50.921
2023-01-13 01:00:00+01:00,53.0,23.8,35.70399999999999,40.9505
2023-01-13 02:00:00+01:00,53.0,20.2,32.087,34.7415
2023-01-13 03:00:00+01:00,53.0,54.0,65.116,95.6495
2023-01-13 04:00:00+01:00,53.0,23.2,34.2275,39.7265
2023-01-13 05:00:00+01:00,53.0,35.7,45.6195,62.1775
2023-01-13 06:00:00+01:00,53.0,74.7,87.3925,132.087
2023-01-13 07:00:00+01:00,53.0,80.2,95.1815,143.66649999999998
2023-01-13 08:00:00+01:00,53.0,87.3,104.7275,157.49599999999998
2023-01-13 09:00:00+01:00,53.0,126.0,152.6855,229.938
2023-01-13 10:00:00+01:00,53.0,133.8,163.11900000000003,245.666
2023-01-13 11:00:00+01:00,53.0,63.3,76.3595,115.2295
2023-01-13 12:00:00+01:00,53.0,38.0,49.1335,68.37450000000001
2023-01-13 13:00:00+01:00,53.0,22.9,35.9995,40.995
2023-01-13 14:00:00+01:00,53.0,57.8,72.1045,105.786
2023-01-13 15:00:00+01:00,53.0,94.6,115.0085,173.498
2023-01-13 16:00:00+01:00,53.0,82.7,100.236,151.341
2023-01-13 17:00:00+01:00,53.0,136.3,166.6695,250.9405
2023-01-13 18:00:00+01:00,53.0,202.1,244.9615,368.3285
2023-01-13 19:00:00+01:00,53.0,141.3,171.3215,257.932
2023-01-13 20:00:00+01:00,53.0,144.3,175.38,264.0165
2023-01-13 21:00:00+01:00,53.0,132.0,160.59050000000002,241.884
2023-01-13 22:00:00+01:00,53.0,133.8,163.232,245.829
2023-01-13 23:00:00+01:00,53.0,128.7,156.243,235.302
2023-01-14 00:00:00+01:00,53.0,61.9,75.67099999999999,112.228
2023-01-14 01:00:00+01:00,53.0,81.0,97.534,147.24849999999998
2023-01-14 02:00:00+01:00,53.0,40.0,50.661,71.5725
2023-01-14 03:00:00+01:00,53.0,44.8,56.2315,80.428
2023-01-14 04:00:00+01:00,53.0,104.3,126.799,189.077
2023-01-14 05:00:00+01:00,53.0,48.6,60.596,86.7925
2023-01-14 06:00:00+01:00,53.0,47.5,57.8545,85.922
2023-01-14 07:00:00+01:00,53.0,62.6,75.18950000000001,113.7635
2023-01-14 08:00:00+01:00,53.0,46.2,56.36,83.1575
2023-01-14 09:00:00+01:00,53.0,46.7,56.671,83.6605
2023-01-14 10:00:00+01:00,53.0,54.6,66.189,98.3145
2023-01-14 11:00:00+01:00,53.0,21.3,33.9265,37.9025
2023-01-14 12:00:00+01:00,53.0,22.9,35.843,41.0325
2023-01-14 13:00:00+01:00,53.0,14.9,26.0115,26.753
2023-01-14 14:00:00+01:00,53.0,11.6,21.1305,21.4265
2023-01-14 15:00:00+01:00,53.0,27.6,39.623000000000005,48.67
2023-01-14 16:00:00+01:00,53.0,46.8,58.641,84.021
2023-01-14 17:00:00+01:00,53.0,63.8,76.767,115.9465
2023-01-14 18:00:00+01:00,53.0,50.9,60.999,91.468
2023-01-14 19:00:00+01:00,53.0,47.2,57.8785,85.1455
2023-01-14 20:00:00+01:00,53.0,45.3,55.2515,81.174
2023-01-14 21:00:00+01:00,53.0,36.3,46.6465,63.844
2023-01-14 22:00:00+01:00,53.0,38.4,48.389,67.856
2023-01-14 23:00:00+01:00,53.0,46.9,56.227500000000006,83.51400000000001
2023-01-15 00:00:00+01:00,53.0,45.3,55.9005,80.47900000000001
2023-01-15 01:00:00+01:00,53.0,122.3,146.4035,220.5565
2023-01-15 02:00:00+01:00,53.0,99.1,118.2505,178.398
2023-01-15 03:00:00+01:00,53.0,56.8,67.6985,101.135
2023-01-15 04:00:00+01:00,53.0,90.1,106.836,161.2695
2023-01-15 05:00:00+01:00,53.0,90.0,106.1945,160.323
2023-01-15 06:00:00+01:00,53.0,71.5,84.455,127.6775
2023-01-15 07:00:00+01:00,53.0,64.2,76.0435,115.0565
2023-01-15 08:00:00+01:00,53.0,97.8,116.593,175.88
2023-01-15 09:00:00+01:00,53.0,89.6,107.3735,162.03050000000002
2023-01-15 10:00:00+01:00,53.0,104.1,127.1285,191.693
2023-01-15 11:00:00+01:00,53.0,80.8,98.2325,148.376
2023-01-15 12:00:00+01:00,53.0,31.3,40.486,56.648
2023-01-15 13:00:00+01:00,53.0,4.6,7.434,7.461
2023-01-15 14:00:00+01:00,53.0,4.1,6.593,6.6105
2023-01-15 15:00:00+01:00,53.0,7.8,13.6245,13.8075
2023-01-15 16:00:00+01:00,53.0,13.3,22.919,23.6655
2023-01-15 17:00:00+01:00,53.0,9.9,17.371000000000002,17.746499999999997
2023-01-15 18:00:00+01:00,53.0,9.1,14.893,15.7645
2023-01-15 19:00:00+01:00,53.0,6.9,11.8895,12.0015
2023-01-15 20:00:00+01:00,53.0,5.3,8.7775,8.846499999999999
2023-01-15 21:00:00+01:00,53.0,4.4,6.9975000000000005,7.1335
2023-01-15 22:00:00+01:00,53.0,4.1,6.6235,6.6235
2023-01-15 23:00:00+01:00,53.0,2.7,4.2755,4.2755
2023-01-16 00:00:00+01:00,53.0,18.5,28.497,32.929
2023-01-16 01:00:00+01:00,53.0,22.5,31.9235,39.9495
2023-01-16 02:00:00+01:00,53.0,3.9,6.4705,6.534
2023-01-16 03:00:00+01:00,53.0,4.0,6.385,6.4595
2023-01-16 04:00:00+01:00,53.0,4.3,7.058999999999999,7.0625
2023-01-16 05:00:00+01:00,53.0,3.5,5.8345,5.8345
2023-01-16 06:00:00+01:00,53.0,11.1,18.567,19.7305
2023-01-16 07:00:00+01:00,53.0,32.4,44.221,57.8535
2023-01-16 08:00:00+01:00,53.0,35.1,46.6365,62.445
2023-01-16 09:00:00+01:00,53.0,38.5,48.9665,68.6115
2023-01-16 10:00:00+01:00,53.0,36.9,47.477500000000006,65.6695
2023-01-16 11:00:00+01:00,53.0,16.7,28.0835,29.3725
2023-01-16 12:00:00+01:00,53.0,10.1,17.711,18.3005
2023-01-16 13:00:00+01:00,53.0,22.2,34.0305,39.707
2023-01-16 14:00:00+01:00,53.0,25.1,37.4885,45.4375
2023-01-16 15:00:00+01:00,53.0,28.4,40.478,51.3645
2023-01-16 16:00:00+01:00,53.0,66.8,80.85050000000001,121.849
2023-01-16 17:00:00+01:00,53.0,106.2,129.591,195.3645
2023-01-16 18:00:00+01:00,53.0,83.9,102.3945,153.9235
2023-01-16 19:00:00+01:00,53.0,148.0,180.6075,271.8645
2023-01-16 20:00:00+01:00,53.0,158.8,193.7055,291.486
2023-01-16 21:00:00+01:00,53.0,180.0,218.72,328.97900000000004
2023-01-16 22:00:00+01:00,53.0,135.9,165.2815,248.873
2023-01-16 23:00:00+01:00,53.0,148.7,180.769,272.087
2023-01-17 00:00:00+01:00,53.0,68.1,84.037,124.455
2023-01-17 01:00:00+01:00,53.0,3.0,4.5015,4.5015
2023-01-17 02:00:00+01:00,53.0,0.9,1.0285,1.0285
2023-01-17 03:00:00+01:00,53.0,2.3,3.3705,3.3705
2023-01-17 04:00:00+01:00,53.0,4.4,6.202,7.2325
2023-01-17 05:00:00+01:00,53.0,6.0,10.5195,10.5195
2023-01-17 06:00:00+01:00,53.0,19.5,28.072,35.29900000000001
2023-01-17 07:00:00+01:00,53.0,35.6,47.209,64.686
2023-01-17 08:00:00+01:00,53.0,68.9,83.7025,126.4595
2023-01-17 09:00:00+01:00,53.0,72.9,88.2815,133.4465
2023-01-17 10:00:00+01:00,53.0,72.2,87.3475,132.0325
2023-01-17 11:00:00+01:00,53.0,66.8,80.5645,121.831
2023-01-17 12:00:00+01:00,53.0,60.6,72.9345,110.3715
2023-01-17 13:00:00+01:00,53.0,65.1,78.5515,118.8075
2023-01-17 14:00:00+01:00,53.0,39.0,50.554,70.82499999999999
2023-01-17 15:00:00+01:00,53.0,40.9,52.1785,74.48349999999999
2023-01-17 16:00:00+01:00,53.0,68.2,82.4275,124.6315
2023-01-17 17:00:00+01:00,53.0,64.2,77.2985,116.938
2023-01-17 18:00:00+01:00,53.0,66.7,80.8005,121.7095
2023-01-17 19:00:00+01:00,53.0,12.6,20.1695,22.5
2023-01-17 20:00:00+01:00,53.0,15.7,26.6135,28.288
2023-01-17 21:00:00+01:00,53.0,33.8,45.738,61.744
2023-01-17 22:00:00+01:00,53.0,53.1,63.8285,96.36
2023-01-17 23:00:00+01:00,53.0,54.9,66.06,99.8425
2023-01-18 00:00:00+01:00,53.0,56.6,70.001,102.773
2023-01-18 01:00:00+01:00,53.0,15.8,26.5655,27.807
2023-01-18 02:00:00+01:00,53.0,15.1,25.02,25.202
2023-01-18 03:00:00+01:00,53.0,12.0,20.569,20.569
2023-01-18 04:00:00+01:00,53.0,3.4,5.179,5.271
2023-01-18 05:00:00+01:00,53.0,2.9,4.095000000000001,4.347
2023-01-18 06:00:00+01:00,53.0,8.6,16.163,16.323
2023-01-18 07:00:00+01:00,53.0,29.0,38.528,52.4115
2023-01-18 08:00:00+01:00,53.0,30.2,42.4545,54.1265
2023-01-18 09:00:00+01:00,53.0,32.4,44.033,58.3275
2023-01-18 10:00:00+01:00,53.0,45.4,55.79,82.734
2023-01-18 11:00:00+01:00,53.0,2.8,3.317,3.95
2023-01-18 12:00:00+01:00,53.0,5.3,7.353,8.607
2023-01-18 13:00:00+01:00,53.0,4.9,8.4535,8.4535
2023-01-18 14:00:00+01:00,53.0,2.7,4.0425,4.108499999999999
2023-01-18 15:00:00+01:00,53.0,3.9,6.156499999999999,6.1805
2023-01-18 16:00:00+01:00,53.0,9.9,15.4565,17.549
2023-01-18 17:00:00+01:00,53.0,5.5,9.595,9.736
2023-01-18 18:00:00+01:00,53.0,9.3,15.2545,16.5865
2023-01-18 19:00:00+01:00,53.0,19.8,30.438,35.526
2023-01-18 20:00:00+01:00,53.0,47.9,59.016,86.9855
2023-01-18 21:00:00+01:00,53.0,23.0,34.7825,41.004000000000005
2023-01-18 22:00:00+01:00,53.0,17.3,29.2335,31.292
2023-01-18 23:00:00+01:00,53.0,22.5,35.388000000000005,39.9375
2023-01-19 00:00:00+01:00,53.0,16.8,28.886,29.7205
2023-01-19 01:00:00+01:00,53.0,14.3,25.077,25.5005
2023-01-19 02:00:00+01:00,53.0,11.4,20.421,20.746
2023-01-19 03:00:00+01:00,53.0,9.3,16.945,16.978
2023-01-19 04:00:00+01:00,53.0,8.0,14.861,14.9045
2023-01-19 05:00:00+01:00,53.0,6.1,10.806,10.806
2023-01-19 06:00:00+01:00,53.0,5.1,8.881,8.881
2023-01-19 07:00:00+01:00,53.0,15.1,26.2065,27.556
2023-01-19 08:00:00+01:00,53.0,19.6,29.942,34.8575
2023-01-19 09:00:00+01:00,53.0,14.5,24.909,26.054
2023-01-19 10:00:00+01:00,53.0,5.4,9.2875,9.393
2023-01-19 11:00:00+01:00,53.0,2.8,4.399,4.399
2023-01-19 12:00:00+01:00,53.0,10.3,16.817,18.3465
2023-01-19 13:00:00+01:00,53.0,10.5,18.803,19.302
2023-01-19 14:00:00+01:00,53.0,14.4,24.575000000000003,25.148
2023-01-19 15:00:00+01:00,53.0,19.4,30.8435,33.0165
2023-01-19 16:00:00+01:00,53.0,22.4,34.26,38.2705
2023-01-19 17:00:00+01:00,53.0,27.4,39.311,47.435
2023-01-19 18:00:00+01:00,53.0,33.3,44.5075,58.4185
2023-01-19 19:00:00+01:00,53.0,30.5,42.318,53.7725
2023-01-19 20:00:00+01:00,53.0,28.8,41.0735,50.766000000000005
2023-01-19 21:00:00+01:00,53.0,29.4,41.4825,51.616
2023-01-19 22:00:00+01:00,53.0,21.0,33.373999999999995,36.48
2023-01-19 23:00:00+01:00,53.0,24.5,36.921,42.436
2023-01-20 00:00:00+01:00,53.0,25.9,38.096500000000006,44.3525
2023-01-20 01:00:00+01:00,53.0,24.5,36.3055,41.4925
2023-01-20 02:00:00+01:00,53.0,20.5,32.17,34.7315
2023-01-20 03:00:00+01:00,53.0,24.8,36.001,41.338
2023-01-20 04:00:00+01:00,53.0,23.2,34.6085,39.048
2023-01-20 05:00:00+01:00,53.0,23.8,35.253,40.2365
2023-01-20 06:00:00+01:00,53.0,25.8,37.1845,43.70099999999999
2023-01-20 07:00:00+01:00,53.0,32.5,43.25,56.179
2023-01-20 08:00:00+01:00,53.0,34.3,44.759,59.2625
2023-01-20 09:00:00+01:00,53.0,46.2,55.3365,81.1045
2023-01-20 10:00:00+01:00,53.0,47.6,56.162,83.555
2023-01-20 11:00:00+01:00,53.0,54.1,63.3035,95.046
2023-01-20 12:00:00+01:00,53.0,39.6,49.73,68.22300000000001
2023-01-20 13:00:00+01:00,53.0,29.3,40.1045,49.358
2023-01-20 14:00:00+01:00,53.0,27.7,39.0185,47.002
2023-01-20 15:00:00+01:00,53.0,29.6,40.688,50.2755
2023-01-20 16:00:00+01:00,53.0,35.8,45.3875,61.015
2023-01-20 17:00:00+01:00,53.0,41.0,49.2425,70.5155
2023-01-20 18:00:00+01:00,53.0,38.6,48.0305,66.093
2023-01-20 19:00:00+01:00,53.0,34.1,43.9545,57.9045
2023-01-20 20:00:00+01:00,53.0,36.8,45.9825,63.0815
2023-01-20 21:00:00+01:00,53.0,38.9,47.745000000000005,66.67699999999999
2023-01-20 22:00:00+01:00,53.0,36.0,45.433,61.8055
2023-01-20 23:00:00+01:00,53.0,36.8,46.1075,63.2075
2023-01-21 00:00:00+01:00,53.0,28.7,39.8975,49.0205
2023-01-21 01:00:00+01:00,53.0,29.6,40.561,50.2535
2023-01-21 02:00:00+01:00,53.0,28.1,39.6695,48.158
2023-01-21 03:00:00+01:00,53.0,26.7,38.254,45.313
2023-01-21 04:00:00+01:00,53.0,29.0,39.8265,49.1555
2023-01-21 05:00:00+01:00,53.0,29.1,40.4885,49.7035
2023-01-21 06:00:00+01:00,53.0,28.4,39.772,48.23
2023-01-21 07:00:00+01:00,53.0,31.6,42.599500000000006,54.084
2023-01-21 08:00:00+01:00,53.0,51.3,61.1235,88.8085
2023-01-21 09:00:00+01:00,53.0,39.4,48.203,68.077
2023-01-21 10:00:00+01:00,53.0,31.2,42.233,53.1485
2023-01-21 11:00:00+01:00,53.0,34.1,44.5085,58.7485
2023-01-21 12:00:00+01:00,53.0,48.1,55.805,84.2175
2023-01-21 13:00:00+01:00,53.0,42.5,50.4395,73.65799999999999
2023-01-21 14:00:00+01:00,53.0,41.0,49.9505,70.6925
2023-01-21 15:00:00+01:00,53.0,32.3,43.144,54.993
2023-01-21 16:00:00+01:00,53.0,31.9,42.835,54.4725
2023-01-21 17:00:00+01:00,53.0,34.7,45.0535,59.6235
2023-01-21 18:00:00+01:00,53.0,30.1,41.448,51.593
2023-01-21 19:00:00+01:00,53.0,44.9,52.694500000000005,77.929
2023-01-21 20:00:00+01:00,53.0,56.4,65.97,99.8745
2023-01-21 21:00:00+01:00,53.0,36.9,46.5825,64.14750000000001
2023-01-21 22:00:00+01:00,53.0,29.0,40.3385,49.587
2023-01-21 23:00:00+01:00,53.0,47.6,55.777,83.404
2023-01-22 00:00:00+01:00,53.0,46.0,53.558,80.3425
2023-01-22 01:00:00+01:00,53.0,43.5,51.5115,75.7895
2023-01-22 02:00:00+01:00,53.0,28.3,38.9875,48.602
2023-01-22 03:00:00+01:00,53.0,13.4,23.016,23.637
2023-01-22 04:00:00+01:00,53.0,10.8,19.0995,19.532
2023-01-22 05:00:00+01:00,53.0,11.6,19.323,20.3525
2023-01-22 06:00:00+01:00,53.0,13.6,22.5735,24.027
2023-01-22 07:00:00+01:00,53.0,12.7,22.390500000000003,23.0215
2023-01-22 08:00:00+01:00,53.0,16.2,27.666,28.5545
2023-01-22 09:00:00+01:00,53.0,30.2,41.7195,52.9405
2023-01-22 10:00:00+01:00,53.0,42.2,52.6105,74.83000000000001
2023-01-22 11:00:00+01:00,53.0,30.4,42.1805,53.785
2023-01-22 12:00:00+01:00,53.0,22.7,34.988,39.941
2023-01-22 13:00:00+01:00,53.0,24.4,37.2735,43.1805
2023-01-22 14:00:00+01:00,53.0,25.3,37.301,44.1225
2023-01-22 15:00:00+01:00,53.0,33.7,44.6845,59.2835
2023-01-22 16:00:00+01:00,53.0,43.9,52.718,77.424
2023-01-22 17:00:00+01:00,53.0,55.9,65.546,98.9985
2023-01-22 18:00:00+01:00,53.0,69.6,82.595,124.825
2023-01-22 19:00:00+01:00,53.0,58.5,68.7415,104.0485
2023-01-22 20:00:00+01:00,53.0,53.1,61.892,93.624
2023-01-22 21:00:00+01:00,53.0,37.7,47.2515,65.499
2023-01-22 22:00:00+01:00,53.0,21.8,33.3705,36.849
2023-01-22 23:00:00+01:00,53.0,16.0,26.838,27.669
2023-01-23 00:00:00+01:00,53.0,19.5,30.723,32.992999999999995
2023-01-23 01:00:00+01:00,53.0,30.0,41.1565,51.2175
2023-01-23 02:00:00+01:00,53.0,24.6,36.053,41.66
2023-01-23 03:00:00+01:00,53.0,16.5,27.275,27.7595
2023-01-23 04:00:00+01:00,53.0,11.4,19.925,19.928
2023-01-23 05:00:00+01:00,53.0,14.3,24.771,25.8145
2023-01-23 06:00:00+01:00,53.0,16.5,28.427,30.2515
2023-01-23 07:00:00+01:00,53.0,21.9,34.6995,39.381
2023-01-23 08:00:00+01:00,53.0,32.4,43.9105,57.4245
2023-01-23 09:00:00+01:00,53.0,66.5,78.44999999999999,118.45
2023-01-23 10:00:00+01:00,53.0,87.2,104.224,157.3545
2023-01-23 11:00:00+01:00,53.0,67.0,79.5605,120.211
2023-01-23 12:00:00+01:00,53.0,62.0,73.888,111.647
2023-01-23 13:00:00+01:00,53.0,89.4,107.405,162.02249999999998
2023-01-23 14:00:00+01:00,53.0,135.1,163.839,246.6925
2023-01-23 15:00:00+01:00,53.0,67.0,79.9785,120.5375
2023-01-23 16:00:00+01:00,53.0,43.8,53.2485,77.3625
2023-01-23 17:00:00+01:00,53.0,64.8,77.0815,116.5485
2023-01-23 18:00:00+01:00,53.0,56.6,67.17949999999999,100.913
2023-01-23 19:00:00+01:00,53.0,69.2,82.465,124.591
2023-01-23 20:00:00+01:00,53.0,59.5,71.76599999999999,106.859
2023-01-23 21:00:00+01:00,53.0,35.8,46.156,62.6865
2023-01-23 22:00:00+01:00,53.0,51.5,61.6665,91.66
2023-01-23 23:00:00+01:00,53.0,45.3,54.967,80.15299999999999
2023-01-24 00:00:00+01:00,53.0,39.4,48.5365,68.6465
2023-01-24 01:00:00+01:00,53.0,45.8,54.0765,80.5265
2023-01-24 02:00:00+01:00,53.0,40.3,49.105,70.11250000000001
2023-01-24 03:00:00+01:00,53.0,36.0,46.009,62.6065
2023-01-24 04:00:00+01:00,53.0,32.7,43.593,56.6705
2023-01-24 05:00:00+01:00,53.0,29.4,41.003,50.571
2023-01-24 06:00:00+01:00,53.0,47.9,60.5195,85.61349999999999
2023-01-24 07:00:00+01:00,53.0,56.6,67.09450000000001,101.251
2023-01-24 08:00:00+01:00,53.0,60.8,72.17949999999999,108.9645
2023-01-24 09:00:00+01:00,53.0,117.8,142.045,214.012
2023-01-24 10:00:00+01:00,53.0,61.1,76.5955,110.0445
2023-01-24 11:00:00+01:00,53.0,22.1,34.529,39.381
2023-01-24 12:00:00+01:00,53.0,21.7,34.628,39.3095
2023-01-24 13:00:00+01:00,53.0,26.1,38.921,46.7985
2023-01-24 14:00:00+01:00,53.0,32.3,44.0145,57.639
2023-01-24 15:00:00+01:00,53.0,54.0,64.52,97.0
2023-01-24 16:00:00+01:00,53.0,103.2,123.025,185.475
2023-01-24 17:00:00+01:00,53.0,103.5,123.659,186.5005
2023-01-24 18:00:00+01:00,53.0,139.7,167.7125,252.588
2023-01-24 19:00:00+01:00,53.0,162.3,194.3615,292.5445
2023-01-24 20:00:00+01:00,53.0,150.8,181.1145,272.6445
2023-01-24 21:00:00+01:00,53.0,158.6,190.5585,286.75199999999995
2023-01-24 22:00:00+01:00,53.0,114.9,137.54649999999998,207.2715
2023-01-24 23:00:00+01:00,53.0,148.4,177.99900000000002,267.9835
2023-01-25 00:00:00+01:00,53.0,105.0,125.2935,188.9415
2023-01-25 01:00:00+01:00,53.0,90.2,107.3875,161.9595
2023-01-25 02:00:00+01:00,53.0,114.6,137.0885,206.463
2023-01-25 03:00:00+01:00,53.0,96.7,114.762,173.18099999999998
2023-01-25 04:00:00+01:00,53.0,104.1,123.856,186.7995
2023-01-25 05:00:00+01:00,53.0,106.9,126.621,190.951
2023-01-25 06:00:00+01:00,53.0,119.7,142.022,214.0425
2023-01-25 07:00:00+01:00,53.0,97.3,115.8155,174.447
2023-01-25 08:00:00+01:00,53.0,46.9,55.25,82.297
2023-01-25 09:00:00+01:00,53.0,59.3,70.207,106.1375
2023-01-25 10:00:00+01:00,53.0,58.3,69.16999999999999,104.786
2023-01-25 11:00:00+01:00,53.0,46.2,56.221,82.0375
2023-01-25 12:00:00+01:00,53.0,40.1,49.7865,70.9905
2023-01-25 13:00:00+01:00,53.0,36.8,47.161,64.3955
2023-01-25 14:00:00+01:00,53.0,48.1,57.18,85.1235
2023-01-25 15:00:00+01:00,53.0,63.4,75.36349999999999,113.73
2023-01-25 16:00:00+01:00,53.0,51.6,60.998000000000005,92.083
2023-01-25 17:00:00+01:00,53.0,66.7,79.158,119.4735
2023-01-25 18:00:00+01:00,53.0,58.2,69.338,103.5615
2023-01-25 19:00:00+01:00,53.0,48.2,57.854,85.34
2023-01-25 20:00:00+01:00,53.0,36.0,46.229,62.16799999999999
2023-01-25 21:00:00+01:00,53.0,36.0,46.0495,62.191500000000005
2023-01-25 22:00:00+01:00,53.0,34.2,44.4915,58.8315
2023-01-25 23:00:00+01:00,53.0,32.7,43.2055,55.5275
2023-01-26 00:00:00+01:00,53.0,34.1,44.191500000000005,57.61
2023-01-26 01:00:00+01:00,53.0,34.1,44.2845,57.759
2023-01-26 02:00:00+01:00,53.0,30.5,41.6155,51.8365
2023-01-26 03:00:00+01:00,53.0,27.2,38.9835,46.2665
2023-01-26 04:00:00+01:00,53.0,27.9,39.6815,47.5335
2023-01-26 05:00:00+01:00,53.0,28.3,40.0275,48.134
2023-01-26 06:00:00+01:00,53.0,30.0,41.3815,51.3155
2023-01-26 07:00:00+01:00,53.0,31.7,42.6295,53.899
2023-01-26 08:00:00+01:00,53.0,31.1,42.1375,52.754000000000005
2023-01-26 09:00:00+01:00,53.0,33.3,43.899,57.0045
2023-01-26 10:00:00+01:00,53.0,31.8,42.647000000000006,54.2805
2023-01-26 11:00:00+01:00,53.0,29.2,40.6385,50.023
2023-01-26 12:00:00+01:00,53.0,27.6,39.2855,47.295
2023-01-26 13:00:00+01:00,53.0,28.0,39.653000000000006,48.111
2023-01-26 14:00:00+01:00,53.0,27.9,39.8515,48.316
2023-01-26 15:00:00+01:00,53.0,26.7,38.5915,45.9975
2023-01-26 16:00:00+01:00,53.0,29.0,40.527,49.6895
2023-01-26 17:00:00+01:00,53.0,32.3,43.468,55.817
2023-01-26 18:00:00+01:00,53.0,33.5,45.8795,58.3295
2023-01-26 19:00:00+01:00,53.0,28.8,40.494,49.4265
2023-01-26 20:00:00+01:00,53.0,31.2,42.618,53.872
2023-01-26 21:00:00+01:00,53.0,25.8,37.977,44.6725
2023-01-26 22:00:00+01:00,53.0,25.8,37.267,43.9175
2023-01-26 23:00:00+01:00,53.0,19.6,31.2505,33.111000000000004
2023-01-27 00:00:00+01:00,53.0,24.0,35.32,40.2775
2023-01-27 01:00:00+01:00,53.0,25.5,36.804,42.9035
2023-01-27 02:00:00+01:00,53.0,24.9,36.2455,41.6145
2023-01-27 03:00:00+01:00,53.0,23.1,34.5145,38.6255
2023-01-27 04:00:00+01:00,53.0,22.6,33.8235,37.5045
2023-01-27 05:00:00+01:00,53.0,24.6,35.938500000000005,41.1375
2023-01-27 06:00:00+01:00,53.0,28.1,39.355,47.717
2023-01-27 07:00:00+01:00,53.0,30.7,41.6075,52.5945
2023-01-27 08:00:00+01:00,53.0,35.5,45.2465,61.175
2023-01-27 09:00:00+01:00,53.0,43.6,52.248000000000005,76.2775
2023-01-27 10:00:00+01:00,53.0,50.2,59.801,88.71600000000001
2023-01-27 11:00:00+01:00,53.0,39.2,48.606,68.537
2023-01-27 12:00:00+01:00,53.0,40.2,49.898,70.4605
2023-01-27 13:00:00+01:00,53.0,37.4,47.185,65.0285
2023-01-27 14:00:00+01:00,53.0,33.6,44.4465,58.1375
2023-01-27 15:00:00+01:00,53.0,36.3,46.4215,63.0075
2023-01-27 16:00:00+01:00,53.0,34.9,45.2115,60.409000000000006
2023-01-27 17:00:00+01:00,53.0,41.0,50.074,71.309
2023-01-27 18:00:00+01:00,53.0,49.3,57.796,86.41
2023-01-27 19:00:00+01:00,53.0,54.2,63.747,95.8595
2023-01-27 20:00:00+01:00,53.0,93.1,110.632,166.93
2023-01-27 21:00:00+01:00,53.0,102.6,122.106,184.18
2023-01-27 22:00:00+01:00,53.0,84.4,99.802,150.64749999999998
2023-01-27 23:00:00+01:00,53.0,73.9,86.9225,131.4435
2023-01-28 00:00:00+01:00,53.0,43.7,52.339,75.553
2023-01-28 01:00:00+01:00,53.0,39.6,48.1565,68.21549999999999
2023-01-28 02:00:00+01:00,53.0,41.3,49.817,71.2765
2023-01-28 03:00:00+01:00,53.0,38.8,47.3755,66.381
2023-01-28 04:00:00+01:00,53.0,40.3,48.721,69.1755
2023-01-28 05:00:00+01:00,53.0,42.1,50.433,72.644
2023-01-28 06:00:00+01:00,53.0,47.8,55.202,82.539
2023-01-28 07:00:00+01:00,53.0,48.9,56.491,85.475
2023-01-28 08:00:00+01:00,53.0,60.0,70.4075,106.5375
2023-01-28 09:00:00+01:00,53.0,56.1,65.421,99.093
2023-01-28 10:00:00+01:00,53.0,54.1,62.958,95.5635
2023-01-28 11:00:00+01:00,53.0,48.6,57.399,85.28399999999999
2023-01-28 12:00:00+01:00,53.0,37.8,46.654,64.566
2023-01-28 13:00:00+01:00,53.0,44.6,53.01,77.863
2023-01-28 14:00:00+01:00,53.0,48.3,56.533,84.89099999999999
2023-01-28 15:00:00+01:00,53.0,55.0,64.0315,97.037
2023-01-28 16:00:00+01:00,53.0,55.0,64.078,96.8655
2023-01-28 17:00:00+01:00,53.0,60.7,70.89500000000001,107.081
2023-01-28 18:00:00+01:00,53.0,62.5,72.877,110.186
2023-01-28 19:00:00+01:00,53.0,64.6,75.46700000000001,114.25
2023-01-28 20:00:00+01:00,53.0,59.4,69.10300000000001,104.56
2023-01-28 21:00:00+01:00,53.0,55.1,63.863,96.756
2023-01-28 22:00:00+01:00,53.0,54.1,62.7315,94.9915
2023-01-28 23:00:00+01:00,53.0,44.4,51.85,77.05199999999999
2023-01-29 00:00:00+01:00,53.0,44.0,51.9575,76.4615
2023-01-29 01:00:00+01:00,53.0,37.5,47.3795,64.52250000000001
2023-01-29 02:00:00+01:00,53.0,36.4,46.5305,62.377
2023-01-29 03:00:00+01:00,53.0,34.5,44.299,58.6335
2023-01-29 04:00:00+01:00,53.0,34.6,44.631,58.93
2023-01-29 05:00:00+01:00,53.0,33.7,44.132000000000005,57.52
2023-01-29 06:00:00+01:00,53.0,35.7,45.408,61.165
2023-01-29 07:00:00+01:00,53.0,41.1,49.682500000000005,71.3485
2023-01-29 08:00:00+01:00,53.0,47.0,55.453,81.9345
2023-01-29 09:00:00+01:00,53.0,44.7,53.2625,78.111
2023-01-29 10:00:00+01:00,53.0,40.9,49.486,71.229
2023-01-29 11:00:00+01:00,53.0,37.8,47.1785,65.3575
2023-01-29 12:00:00+01:00,53.0,36.8,46.347,63.417
2023-01-29 13:00:00+01:00,53.0,40.2,49.4615,69.91300000000001
2023-01-29 14:00:00+01:00,53.0,38.3,47.707,66.5495
2023-01-29 15:00:00+01:00,53.0,57.7,68.0745,102.7485
2023-01-29 16:00:00+01:00,53.0,46.8,55.6195,82.5505
2023-01-29 17:00:00+01:00,53.0,49.9,58.614,88.14099999999999
2023-01-29 18:00:00+01:00,53.0,70.8,83.30699999999999,125.829
2023-01-29 19:00:00+01:00,53.0,79.8,94.824,143.119
2023-01-29 20:00:00+01:00,53.0,69.6,83.0445,125.174
2023-01-29 21:00:00+01:00,53.0,34.3,44.9605,60.0805
2023-01-29 22:00:00+01:00,53.0,19.6,31.436,33.814
2023-01-29 23:00:00+01:00,53.0,29.7,41.1285,51.39
2023-01-30 00:00:00+01:00,53.0,30.1,41.341,52.044
2023-01-30 01:00:00+01:00,53.0,34.3,44.624,59.2415
2023-01-30 02:00:00+01:00,53.0,34.1,44.4705,58.872
2023-01-30 03:00:00+01:00,53.0,35.8,45.786,61.691
2023-01-30 04:00:00+01:00,53.0,34.9,45.1275,60.2605
2023-01-30 05:00:00+01:00,53.0,34.1,44.5405,59.1545
2023-01-30 06:00:00+01:00,53.0,32.0,42.6835,54.8995
2023-01-30 07:00:00+01:00,53.0,39.1,48.123,67.793
2023-01-30 08:00:00+01:00,53.0,37.6,47.9205,65.4345
2023-01-30 09:00:00+01:00,53.0,29.7,40.8165,50.8655
2023-01-30 10:00:00+01:00,53.0,26.7,38.4525,46.0925
2023-01-30 11:00:00+01:00,53.0,33.1,44.316,58.121
2023-01-30 12:00:00+01:00,53.0,35.2,46.3825,62.0825
2023-01-30 13:00:00+01:00,53.0,32.6,44.1165,57.1765
2023-01-30 14:00:00+01:00,53.0,34.3,45.571,60.764
2023-01-30 15:00:00+01:00,53.0,28.0,39.976,49.563
2023-01-30 16:00:00+01:00,53.0,46.3,56.935,83.3495
2023-01-30 17:00:00+01:00,53.0,64.2,77.2585,116.745
2023-01-30 18:00:00+01:00,53.0,65.4,78.036,117.952
2023-01-30 19:00:00+01:00,53.0,68.7,82.41550000000001,124.5965
2023-01-30 20:00:00+01:00,53.0,83.3,100.566,151.767
2023-01-30 21:00:00+01:00,53.0,72.4,86.533,130.707
2023-01-30 22:00:00+01:00,53.0,68.6,82.205,124.291
2023-01-30 23:00:00+01:00,53.0,70.0,84.01,126.99
2023-01-31 00:00:00+01:00,53.0,46.4,54.817,81.765
2023-01-31 01:00:00+01:00,53.0,37.9,48.505,65.7805
2023-01-31 02:00:00+01:00,53.0,27.1,38.601,46.2565
2023-01-31 03:00:00+01:00,53.0,26.1,37.411,44.5005
2023-01-31 04:00:00+01:00,53.0,21.5,33.076,36.4035
2023-01-31 05:00:00+01:00,53.0,21.9,33.69199999999999,37.581500000000005
2023-01-31 06:00:00+01:00,53.0,29.9,41.2555,51.9515
2023-01-31 07:00:00+01:00,53.0,42.2,52.8365,74.539
2023-01-31 08:00:00+01:00,53.0,35.1,46.1465,61.222
2023-01-31 09:00:00+01:00,53.0,28.5,39.71,49.476
2023-01-31 10:00:00+01:00,53.0,23.3,35.836,40.9435
2023-01-31 11:00:00+01:00,53.0,11.9,21.78,22.04
2023-01-31 12:00:00+01:00,53.0,15.0,26.2255,26.826500000000003
2023-01-31 13:00:00+01:00,53.0,17.9,29.3615,32.072
2023-01-31 14:00:00+01:00,53.0,14.9,25.385,26.646
2023-01-31 15:00:00+01:00,53.0,7.5,13.234,13.5065
2023-01-31 16:00:00+01:00,53.0,21.7,34.066,38.8045
2023-01-31 17:00:00+01:00,53.0,59.3,72.08250000000001,108.4195
2023-01-31 18:00:00+01:00,53.0,56.0,67.0775,101.4915
2023-01-31 19:00:00+01:00,53.0,63.9,76.2065,114.458
2023-01-31 20:00:00+01:00,53.0,50.7,61.40899999999999,91.746
2023-01-31 21:00:00+01:00,53.0,53.6,64.3155,96.3685
2023-01-31 22:00:00+01:00,53.0,30.9,42.1925,54.7315
2023-01-31 23:00:00+01:00,53.0,63.2,78.9545,113.79
2023-02-01 00:00:00+01:00,53.0,100.0,120.1175,180.957
2023-02-01 01:00:00+01:00,53.0,56.4,69.0315,101.7735
2023-02-01 02:00:00+01:00,53.0,46.5,56.560500000000005,83.68700000000001
2023-02-01 03:00:00+01:00,53.0,41.3,51.503,73.4335
2023-02-01 04:00:00+01:00,53.0,44.1,53.1445,77.5555
2023-02-01 05:00:00+01:00,53.0,43.2,52.3005,75.653
2023-02-01 06:00:00+01:00,53.0,35.2,45.3315,61.5535
2023-02-01 07:00:00+01:00,53.0,58.3,70.48599999999999,104.4635
2023-02-01 08:00:00+01:00,53.0,80.3,95.932,144.616
2023-02-01 09:00:00+01:00,53.0,48.5,61.244,87.657
2023-02-01 10:00:00+01:00,53.0,42.0,53.238,75.88550000000001
2023-02-01 11:00:00+01:00,53.0,38.3,50.26,70.0925
2023-02-01 12:00:00+01:00,53.0,22.5,34.8575,40.646
2023-02-01 13:00:00+01:00,53.0,18.9,31.188,34.5035
2023-02-01 14:00:00+01:00,53.0,15.6,25.5645,28.167
2023-02-01 15:00:00+01:00,53.0,28.8,39.889,50.9705
2023-02-01 16:00:00+01:00,53.0,57.0,69.92699999999999,103.521
2023-02-01 17:00:00+01:00,53.0,54.8,67.69749999999999,99.997
2023-02-01 18:00:00+01:00,53.0,52.8,64.167,96.417
2023-02-01 19:00:00+01:00,53.0,56.7,68.58949999999999,102.367
2023-02-01 20:00:00+01:00,53.0,47.1,56.413,83.7085
2023-02-01 21:00:00+01:00,53.0,43.4,52.8105,76.53049999999999
2023-02-01 22:00:00+01:00,53.0,56.4,67.2715,100.267
2023-02-01 23:00:00+01:00,53.0,47.9,57.384,84.949
2023-02-02 00:00:00+01:00,53.0,40.1,49.421,70.4285
2023-02-02 01:00:00+01:00,53.0,31.4,42.447,54.413
2023-02-02 02:00:00+01:00,53.0,27.1,38.7815,46.7905
2023-02-02 03:00:00+01:00,53.0,20.3,32.1395,34.9195
2023-02-02 04:00:00+01:00,53.0,15.7,26.134,27.3305
2023-02-02 05:00:00+01:00,53.0,32.7,44.116,57.908
2023-02-02 06:00:00+01:00,53.0,84.1,99.6795,150.26
2023-02-02 07:00:00+01:00,53.0,107.9,130.0885,196.1375
2023-02-02 08:00:00+01:00,53.0,111.3,134.4725,202.511
2023-02-02 09:00:00+01:00,53.0,96.2,117.4545,177.18099999999998
2023-02-02 10:00:00+01:00,53.0,68.6,83.6345,125.7095
2023-02-02 11:00:00+01:00,53.0,25.6,38.4035,45.7465
2023-02-02 12:00:00+01:00,53.0,21.9,34.597,38.6585
2023-02-02 13:00:00+01:00,53.0,23.2,35.9525,40.687
2023-02-02 14:00:00+01:00,53.0,15.1,26.1015,26.624
2023-02-02 15:00:00+01:00,53.0,13.0,23.1245,23.504
2023-02-02 16:00:00+01:00,53.0,8.5,16.0035,16.011499999999998
2023-02-02 17:00:00+01:00,53.0,18.1,27.8865,33.5375
2023-02-02 18:00:00+01:00,53.0,20.8,31.3025,37.926
2023-02-02 19:00:00+01:00,53.0,16.4,28.5515,30.2045
2023-02-02 20:00:00+01:00,53.0,14.0,25.1585,25.7435
2023-02-02 21:00:00+01:00,53.0,7.1,12.365,12.718
2023-02-02 22:00:00+01:00,53.0,7.2,12.1765,13.06
2023-02-02 23:00:00+01:00,53.0,8.3,14.2775,14.642
2023-02-03 00:00:00+01:00,53.0,2.4,3.298,3.298
2023-02-03 01:00:00+01:00,53.0,6.0,9.257,9.8625
2023-02-03 02:00:00+01:00,53.0,7.3,12.8895,12.9175
2023-02-03 03:00:00+01:00,53.0,7.1,11.758,11.988499999999998
2023-02-03 04:00:00+01:00,53.0,9.1,13.3995,15.276
2023-02-03 05:00:00+01:00,53.0,9.1,13.753,15.54
2023-02-03 06:00:00+01:00,53.0,9.9,17.884500000000003,18.295
2023-02-03 07:00:00+01:00,53.0,19.7,31.0635,34.432
2023-02-03 08:00:00+01:00,53.0,38.5,50.384,68.894
2023-02-03 09:00:00+01:00,53.0,35.4,47.869,63.8725
2023-02-03 10:00:00+01:00,53.0,25.7,38.046,46.23
2023-02-03 11:00:00+01:00,53.0,29.5,41.9485,53.7165
2023-02-03 12:00:00+01:00,53.0,35.1,47.253,64.8645
2023-02-03 13:00:00+01:00,53.0,28.0,41.237,50.767
2023-02-03 14:00:00+01:00,53.0,33.3,45.2975,60.214
2023-02-03 15:00:00+01:00,53.0,39.8,50.7615,71.7485
2023-02-03 16:00:00+01:00,53.0,40.8,52.477,73.8845
2023-02-03 17:00:00+01:00,53.0,51.1,63.8005,92.8975
2023-02-03 18:00:00+01:00,53.0,81.4,98.969,149.4105
2023-02-03 19:00:00+01:00,53.0,102.6,125.0675,188.596
2023-02-03 20:00:00+01:00,53.0,80.4,97.833,147.2735
2023-02-03 21:00:00+01:00,53.0,48.9,59.394,88.38550000000001
2023-02-03 22:00:00+01:00,53.0,54.4,65.335,98.702
2023-02-03 23:00:00+01:00,53.0,47.2,57.673,85.3905
2023-02-04 00:00:00+01:00,53.0,39.9,49.827,71.34299999999999
2023-02-04 01:00:00+01:00,53.0,39.3,49.7235,70.4525
2023-02-04 02:00:00+01:00,53.0,39.5,50.32,71.2705
2023-02-04 03:00:00+01:00,53.0,23.9,36.358,42.6115
2023-02-04 04:00:00+01:00,53.0,18.8,30.303,33.6105
2023-02-04 05:00:00+01:00,53.0,13.2,23.752,24.018
2023-02-04 06:00:00+01:00,53.0,23.4,35.846000000000004,41.798
2023-02-04 07:00:00+01:00,53.0,28.1,40.784,50.1365
2023-02-04 08:00:00+01:00,53.0,26.8,39.511,47.472
2023-02-04 09:00:00+01:00,53.0,19.0,30.9525,33.976
2023-02-04 10:00:00+01:00,53.0,7.4,13.6315,13.6495
2023-02-04 11:00:00+01:00,53.0,3.4,5.640499999999999,5.647
2023-02-04 12:00:00+01:00,53.0,4.6,7.8525,7.951499999999999
2023-02-04 13:00:00+01:00,53.0,6.0,9.987,10.4245
2023-02-04 14:00:00+01:00,53.0,5.2,9.308,9.3085
2023-02-04 15:00:00+01:00,53.0,6.3,11.509,11.535
2023-02-04 16:00:00+01:00,53.0,7.9,14.9605,15.0005
2023-02-04 17:00:00+01:00,53.0,11.5,20.607,21.4935
2023-02-04 18:00:00+01:00,53.0,9.2,17.0815,17.2425
2023-02-04 19:00:00+01:00,53.0,7.4,13.427499999999998,13.4445
2023-02-04 20:00:00+01:00,53.0,12.4,21.54,22.9695
2023-02-04 21:00:00+01:00,53.0,14.9,26.107,26.928
2023-02-04 22:00:00+01:00,53.0,11.6,19.908,20.5995
2023-02-04 23:00:00+01:00,53.0,6.1,10.756,10.802
2023-02-05 00:00:00+01:00,53.0,3.8,6.319,6.319
2023-02-05 01:00:00+01:00,53.0,3.7,5.9735,5.9735
2023-02-05 02:00:00+01:00,53.0,4.0,6.4055,6.4055
2023-02-05 03:00:00+01:00,53.0,4.0,6.48,6.48
2023-02-05 04:00:00+01:00,53.0,3.2,5.1505,5.222
2023-02-05 05:00:00+01:00,53.0,3.5,5.499499999999999,5.6295
2023-02-05 06:00:00+01:00,53.0,3.8,6.427,6.427
2023-02-05 07:00:00+01:00,53.0,6.6,11.493,11.505
2023-02-05 08:00:00+01:00,53.0,9.4,17.372999999999998,17.395
2023-02-05 09:00:00+01:00,53.0,8.0,13.709499999999998,14.106000000000002
2023-02-05 10:00:00+01:00,53.0,6.5,11.256,11.256
2023-02-05 11:00:00+01:00,53.0,7.2,12.769,12.7765
2023-02-05 12:00:00+01:00,53.0,8.4,15.1195,15.224
2023-02-05 13:00:00+01:00,53.0,9.1,16.755499999999998,16.831
2023-02-05 14:00:00+01:00,53.0,8.5,15.529,15.5835
2023-02-05 15:00:00+01:00,53.0,8.3,15.3655,15.3765
2023-02-05 16:00:00+01:00,53.0,9.6,18.086,18.195500000000003
2023-02-05 17:00:00+01:00,53.0,13.5,23.2785,24.465
2023-02-05 18:00:00+01:00,53.0,23.0,35.008,39.9275
2023-02-05 19:00:00+01:00,53.0,20.9,32.955,36.075
2023-02-05 20:00:00+01:00,53.0,26.8,38.6085,46.7855
2023-02-05 21:00:00+01:00,53.0,26.9,39.006,47.297
2023-02-05 22:00:00+01:00,53.0,19.7,30.93,33.9035
2023-02-05 23:00:00+01:00,53.0,16.1,27.3325,27.6935
2023-02-06 00:00:00+01:00,53.0,12.4,21.626,21.626
2023-02-06 01:00:00+01:00,53.0,13.1,22.3595,22.3915
2023-02-06 02:00:00+01:00,53.0,14.8,24.5985,24.614
2023-02-06 03:00:00+01:00,53.0,18.2,29.0255,30.4285
2023-02-06 04:00:00+01:00,53.0,19.9,31.559,33.739999999999995
2023-02-06 05:00:00+01:00,53.0,25.5,37.2575,43.4605
2023-02-06 06:00:00+01:00,53.0,22.4,34.1575,38.1925
2023-02-06 07:00:00+01:00,53.0,28.2,39.747,48.5585
2023-02-06 08:00:00+01:00,53.0,27.7,39.513,48.0085
2023-02-06 09:00:00+01:00,53.0,23.1,34.689,39.63849999999999
2023-02-06 10:00:00+01:00,53.0,16.7,27.065,28.284
2023-02-06 11:00:00+01:00,53.0,17.4,28.0395,29.442500000000003
2023-02-06 12:00:00+01:00,53.0,19.2,30.419,32.33
2023-02-06 13:00:00+01:00,53.0,18.3,29.497,31.037
2023-02-06 14:00:00+01:00,53.0,20.0,31.705,34.1395
2023-02-06 15:00:00+01:00,53.0,19.6,31.189,33.338
2023-02-06 16:00:00+01:00,53.0,18.7,30.446,32.064
2023-02-06 17:00:00+01:00,53.0,20.1,32.1195,34.484
2023-02-06 18:00:00+01:00,53.0,21.6,33.5045,37.0385
2023-02-06 19:00:00+01:00,53.0,24.5,36.2765,42.157
2023-02-06 20:00:00+01:00,53.0,32.8,43.535,56.341
2023-02-06 21:00:00+01:00,53.0,25.0,36.791,42.6615
2023-02-06 22:00:00+01:00,53.0,27.7,39.236,47.317
2023-02-06 23:00:00+01:00,53.0,42.6,52.8445,74.4855
2023-02-07 00:00:00+01:00,53.0,44.0,53.4115,76.93
2023-02-07 01:00:00+01:00,53.0,39.4,49.47,68.8275
2023-02-07 02:00:00+01:00,53.0,35.7,45.943,61.7835
2023-02-07 03:00:00+01:00,53.0,35.2,45.7385,61.027
2023-02-07 04:00:00+01:00,53.0,33.2,43.8415,57.1395
2023-02-07 05:00:00+01:00,53.0,33.9,44.429,58.278
2023-02-07 06:00:00+01:00,53.0,39.5,49.3445,68.7225
2023-02-07 07:00:00+01:00,53.0,46.0,54.1825,80.54849999999999
2023-02-07 08:00:00+01:00,53.0,63.8,75.80199999999999,114.6505
2023-02-07 09:00:00+01:00,53.0,96.1,114.7475,173.1245
2023-02-07 10:00:00+01:00,53.0,60.0,71.043,107.3065
2023-02-07 11:00:00+01:00,53.0,41.0,50.538,72.13
2023-02-07 12:00:00+01:00,53.0,26.1,37.555,44.498000000000005
2023-02-07 13:00:00+01:00,53.0,19.1,30.748,32.578
2023-02-07 14:00:00+01:00,53.0,19.7,31.316,33.759
2023-02-07 15:00:00+01:00,53.0,23.7,35.917,40.9465
2023-02-07 16:00:00+01:00,53.0,27.7,39.2445,47.55
2023-02-07 17:00:00+01:00,53.0,29.0,40.571,49.8855
2023-02-07 18:00:00+01:00,53.0,85.9,102.411,154.5915
2023-02-07 19:00:00+01:00,53.0,74.1,87.66650000000001,132.49
2023-02-07 20:00:00+01:00,53.0,77.2,92.0715,139.1095
2023-02-07 21:00:00+01:00,53.0,61.6,72.21950000000001,109.278
2023-02-07 22:00:00+01:00,53.0,46.7,55.33,81.8265
2023-02-07 23:00:00+01:00,53.0,39.0,48.3955,67.76499999999999
2023-02-08 00:00:00+01:00,53.0,32.2,42.705,54.7765
2023-02-08 01:00:00+01:00,53.0,30.9,41.801,52.443
2023-02-08 02:00:00+01:00,53.0,28.2,39.657,47.9275
2023-02-08 03:00:00+01:00,53.0,27.5,38.9265,46.302
2023-02-08 04:00:00+01:00,53.0,29.2,40.763000000000005,50.014
2023-02-08 05:00:00+01:00,53.0,30.9,41.876,52.5985
2023-02-08 06:00:00+01:00,53.0,51.4,63.906000000000006,90.497
2023-02-08 07:00:00+01:00,53.0,78.8,93.4905,141.25549999999998
2023-02-08 08:00:00+01:00,53.0,72.8,85.888,129.788
2023-02-08 09:00:00+01:00,53.0,70.3,82.696,125.028
2023-02-08 10:00:00+01:00,53.0,60.3,70.7415,106.8035
2023-02-08 11:00:00+01:00,53.0,53.5,62.072500000000005,93.835
2023-02-08 12:00:00+01:00,53.0,43.5,51.6315,75.905
2023-02-08 13:00:00+01:00,53.0,40.3,48.8965,69.8195
2023-02-08 14:00:00+01:00,53.0,36.2,45.8145,62.206500000000005
2023-02-08 15:00:00+01:00,53.0,41.8,50.239,72.4105
2023-02-08 16:00:00+01:00,53.0,45.1,52.7695,78.51249999999999
2023-02-08 17:00:00+01:00,53.0,41.4,49.9135,71.83250000000001
2023-02-08 18:00:00+01:00,53.0,51.6,60.551,91.311
2023-02-08 19:00:00+01:00,53.0,47.2,55.739,82.8555
2023-02-08 20:00:00+01:00,53.0,48.5,56.3355,85.19399999999999
2023-02-08 21:00:00+01:00,53.0,54.8,63.8495,96.6815
2023-02-08 22:00:00+01:00,53.0,55.8,65.3325,99.054
2023-02-08 23:00:00+01:00,53.0,49.6,57.790000000000006,87.6005
2023-02-09 00:00:00+01:00,53.0,49.2,57.204,86.8485
2023-02-09 01:00:00+01:00,53.0,61.3,72.1105,109.219
2023-02-09 02:00:00+01:00,53.0,76.1,88.8375,134.28300000000002
2023-02-09 03:00:00+01:00,53.0,73.1,84.93,128.3485
2023-02-09 04:00:00+01:00,53.0,64.1,74.2945,112.416
2023-02-09 05:00:00+01:00,53.0,63.8,73.79400000000001,111.711
2023-02-09 06:00:00+01:00,53.0,68.8,79.97300000000001,120.9365
2023-02-09 07:00:00+01:00,53.0,71.5,83.3635,126.0545
2023-02-09 08:00:00+01:00,53.0,78.2,91.23,137.853
2023-02-09 09:00:00+01:00,53.0,90.1,105.1525,158.75650000000002
2023-02-09 10:00:00+01:00,53.0,88.4,103.646,156.462
2023-02-09 11:00:00+01:00,53.0,79.1,92.6925,140.0365
2023-02-09 12:00:00+01:00,53.0,68.7,79.9005,120.884
2023-02-09 13:00:00+01:00,53.0,60.4,69.9395,105.879
2023-02-09 14:00:00+01:00,53.0,54.2,62.473,94.577
2023-02-09 15:00:00+01:00,53.0,51.5,59.5235,90.053
2023-02-09 16:00:00+01:00,53.0,56.3,64.8545,98.269
2023-02-09 17:00:00+01:00,53.0,70.6,82.265,124.3795
2023-02-09 18:00:00+01:00,53.0,89.0,105.3855,159.1045
2023-02-09 19:00:00+01:00,53.0,95.0,112.942,170.417
2023-02-09 20:00:00+01:00,53.0,85.1,100.808,152.209
2023-02-09 21:00:00+01:00,53.0,78.4,92.675,140.006
2023-02-09 22:00:00+01:00,53.0,81.2,96.1965,145.32999999999998
2023-02-09 23:00:00+01:00,53.0,69.0,81.181,122.8125
2023-02-10 00:00:00+01:00,53.0,70.5,83.035,125.588
2023-02-10 01:00:00+01:00,53.0,66.6,78.22749999999999,118.401
2023-02-10 02:00:00+01:00,53.0,60.9,71.43799999999999,108.1815
2023-02-10 03:00:00+01:00,53.0,56.7,66.18100000000001,100.3225
2023-02-10 04:00:00+01:00,53.0,58.3,67.858,102.812
2023-02-10 05:00:00+01:00,53.0,60.8,71.143,107.658
2023-02-10 06:00:00+01:00,53.0,66.0,77.342,117.089
2023-02-10 07:00:00+01:00,53.0,72.7,85.8375,129.781
2023-02-10 08:00:00+01:00,53.0,78.0,92.225,139.3535
2023-02-10 09:00:00+01:00,53.0,71.4,84.1665,127.2505
2023-02-10 10:00:00+01:00,53.0,61.2,71.9525,108.9605
2023-02-10 11:00:00+01:00,53.0,53.9,63.5705,96.167
2023-02-10 12:00:00+01:00,53.0,48.1,56.807,85.473
2023-02-10 13:00:00+01:00,53.0,43.6,52.547,77.056
2023-02-10 14:00:00+01:00,53.0,40.3,49.4565,70.565
2023-02-10 15:00:00+01:00,53.0,41.8,50.8985,73.5945
2023-02-10 16:00:00+01:00,53.0,42.6,51.514,75.23500000000001
2023-02-10 17:00:00+01:00,53.0,67.3,79.8215,120.589
2023-02-10 18:00:00+01:00,53.0,96.3,114.4225,172.6395
2023-02-10 19:00:00+01:00,53.0,89.0,105.094,158.6255
2023-02-10 20:00:00+01:00,53.0,93.2,110.945,167.4315
2023-02-10 21:00:00+01:00,53.0,81.1,95.883,144.849
2023-02-10 22:00:00+01:00,53.0,75.7,89.5275,135.2975
2023-02-10 23:00:00+01:00,53.0,64.9,76.473,115.7
2023-02-11 00:00:00+01:00,53.0,57.1,66.908,101.3955
2023-02-11 01:00:00+01:00,53.0,53.8,62.888,95.351
2023-02-11 02:00:00+01:00,53.0,55.6,65.2895,98.7665
2023-02-11 03:00:00+01:00,53.0,48.8,57.397000000000006,86.354
2023-02-11 04:00:00+01:00,53.0,45.9,54.412,80.9845
2023-02-11 05:00:00+01:00,53.0,43.2,51.177,75.3765
2023-02-11 06:00:00+01:00,53.0,47.1,55.2205,81.512
2023-02-11 07:00:00+01:00,53.0,49.6,56.6625,85.9085
2023-02-11 08:00:00+01:00,53.0,57.2,65.939,99.91
2023-02-11 09:00:00+01:00,53.0,57.3,66.4485,100.5935
2023-02-11 10:00:00+01:00,53.0,72.2,86.038,129.9475
2023-02-11 11:00:00+01:00,53.0,60.9,73.3475,110.899
2023-02-11 12:00:00+01:00,53.0,47.5,57.274,86.181
2023-02-11 13:00:00+01:00,53.0,44.3,53.396,78.7325
2023-02-11 14:00:00+01:00,53.0,47.3,55.9455,84.10249999999999
2023-02-11 15:00:00+01:00,53.0,53.2,63.322500000000005,95.309
2023-02-11 16:00:00+01:00,53.0,72.1,86.55449999999999,130.7995
2023-02-11 17:00:00+01:00,53.0,104.9,127.32,191.9635
2023-02-11 18:00:00+01:00,53.0,131.4,159.5355,240.229
2023-02-11 19:00:00+01:00,53.0,119.0,142.6445,214.899
2023-02-11 20:00:00+01:00,53.0,115.4,139.051,209.502
2023-02-11 21:00:00+01:00,53.0,108.4,130.828,197.158
2023-02-11 22:00:00+01:00,53.0,90.8,108.8255,164.1525
2023-02-11 23:00:00+01:00,53.0,82.8,99.0045,149.373
2023-02-12 00:00:00+01:00,53.0,74.2,88.718,134.05200000000002
2023-02-12 01:00:00+01:00,53.0,154.8,186.6445,280.8675
2023-02-12 02:00:00+01:00,53.0,134.7,162.691,244.9475
2023-02-12 03:00:00+01:00,53.0,99.6,119.702,180.5195
2023-02-12 04:00:00+01:00,53.0,51.1,60.19,90.778
2023-02-12 05:00:00+01:00,53.0,68.0,80.94300000000001,121.567
2023-02-12 06:00:00+01:00,53.0,69.0,82.717,124.066
2023-02-12 07:00:00+01:00,53.0,38.3,47.9825,67.1755
2023-02-12 08:00:00+01:00,53.0,50.4,59.905,90.1125
2023-02-12 09:00:00+01:00,53.0,58.9,69.9505,105.6625
2023-02-12 10:00:00+01:00,53.0,46.5,56.034,82.7105
2023-02-12 11:00:00+01:00,53.0,37.3,47.708,65.9995
2023-02-12 12:00:00+01:00,53.0,33.7,45.0355,59.532
2023-02-12 13:00:00+01:00,53.0,20.5,32.967,35.958
2023-02-12 14:00:00+01:00,53.0,20.1,32.459,35.123
2023-02-12 15:00:00+01:00,53.0,22.5,35.1085,39.502
2023-02-12 16:00:00+01:00,53.0,35.4,46.4805,62.7895
2023-02-12 17:00:00+01:00,53.0,60.5,72.57300000000001,109.861
2023-02-12 18:00:00+01:00,53.0,90.9,110.5675,166.8385
2023-02-12 19:00:00+01:00,53.0,79.4,95.8395,144.7505
2023-02-12 20:00:00+01:00,53.0,69.2,83.429,126.138
2023-02-12 21:00:00+01:00,53.0,62.2,74.7855,113.116
2023-02-12 22:00:00+01:00,53.0,59.5,71.356,107.788
2023-02-12 23:00:00+01:00,53.0,64.0,76.8055,116.199
2023-02-13 00:00:00+01:00,53.0,54.2,63.89149999999999,96.574
2023-02-13 01:00:00+01:00,53.0,42.1,50.98,74.221
2023-02-13 02:00:00+01:00,53.0,37.1,47.5905,65.425
2023-02-13 03:00:00+01:00,53.0,34.8,45.986,60.668
2023-02-13 04:00:00+01:00,53.0,32.3,43.365,56.139
2023-02-13 05:00:00+01:00,53.0,34.6,45.082,59.7445
2023-02-13 06:00:00+01:00,53.0,33.8,44.205,58.4265
2023-02-13 07:00:00+01:00,53.0,37.6,47.096,65.07249999999999
2023-02-13 08:00:00+01:00,53.0,40.2,49.400000000000006,69.826
2023-02-13 09:00:00+01:00,53.0,66.0,80.838,122.239
2023-02-13 10:00:00+01:00,53.0,51.7,64.716,95.885
2023-02-13 11:00:00+01:00,53.0,17.1,28.756,30.486
2023-02-13 12:00:00+01:00,53.0,16.6,27.8135,29.3175
2023-02-13 13:00:00+01:00,53.0,18.3,29.7985,32.2825
2023-02-13 14:00:00+01:00,53.0,16.6,28.301,28.9765
2023-02-13 15:00:00+01:00,53.0,15.5,26.8765,27.6035
2023-02-13 16:00:00+01:00,53.0,13.1,23.413,24.5055
2023-02-13 17:00:00+01:00,53.0,33.3,44.9545,59.4535
2023-02-13 18:00:00+01:00,53.0,64.6,78.2295,118.006
2023-02-13 19:00:00+01:00,53.0,74.2,89.387,135.059
2023-02-13 20:00:00+01:00,53.0,56.9,67.40100000000001,101.9865
2023-02-13 21:00:00+01:00,53.0,47.4,55.706500000000005,83.53200000000001
2023-02-13 22:00:00+01:00,53.0,37.8,47.1535,65.86
2023-02-13 23:00:00+01:00,53.0,39.5,50.2845,68.77250000000001
2023-02-14 00:00:00+01:00,53.0,33.4,43.667,57.365
2023-02-14 01:00:00+01:00,53.0,31.8,43.721,55.346
2023-02-14 02:00:00+01:00,53.0,24.0,35.9105,41.069
2023-02-14 03:00:00+01:00,53.0,22.6,34.389,38.4995
2023-02-14 04:00:00+01:00,53.0,23.1,35.066,39.814
2023-02-14 05:00:00+01:00,53.0,23.8,35.811,41.1035
2023-02-14 06:00:00+01:00,53.0,23.8,35.683,41.087
2023-02-14 07:00:00+01:00,53.0,32.0,42.8555,55.5405
2023-02-14 08:00:00+01:00,53.0,38.0,48.0645,66.68100000000001
2023-02-14 09:00:00+01:00,53.0,40.9,51.89149999999999,73.39150000000001
2023-02-14 10:00:00+01:00,53.0,56.5,68.09049999999999,102.972
2023-02-14 11:00:00+01:00,53.0,36.2,47.3075,65.3355
2023-02-14 12:00:00+01:00,53.0,15.9,26.9215,27.7115
2023-02-14 13:00:00+01:00,53.0,17.4,28.9875,30.536500000000004
2023-02-14 14:00:00+01:00,53.0,18.3,30.184,31.894
2023-02-14 15:00:00+01:00,53.0,15.4,26.4705,27.091
2023-02-14 16:00:00+01:00,53.0,18.3,29.7875,31.704
2023-02-14 17:00:00+01:00,53.0,38.9,49.32,69.365
2023-02-14 18:00:00+01:00,53.0,80.5,97.3665,146.79149999999998
2023-02-14 19:00:00+01:00,53.0,88.8,107.815,162.6505
2023-02-14 20:00:00+01:00,53.0,62.1,73.4065,110.984
2023-02-14 21:00:00+01:00,53.0,56.9,66.2625,100.227
2023-02-14 22:00:00+01:00,53.0,47.2,55.135000000000005,82.47300000000001
2023-02-14 23:00:00+01:00,53.0,42.7,51.3555,73.9325
2023-02-15 00:00:00+01:00,53.0,36.5,46.168,62.541
2023-02-15 01:00:00+01:00,53.0,36.5,46.471,62.848
2023-02-15 02:00:00+01:00,53.0,32.4,43.03,55.6045
2023-02-15 03:00:00+01:00,53.0,33.3,44.012,57.301
2023-02-15 04:00:00+01:00,53.0,31.7,42.739,54.278
2023-02-15 05:00:00+01:00,53.0,29.5,40.5535,50.23650000000001
2023-02-15 06:00:00+01:00,53.0,37.5,47.6245,64.602
2023-02-15 07:00:00+01:00,53.0,36.9,46.44799999999999,63.8125
2023-02-15 08:00:00+01:00,53.0,41.7,50.3655,73.03800000000001
2023-02-15 09:00:00+01:00,53.0,54.7,65.555,98.833
2023-02-15 10:00:00+01:00,53.0,32.9,44.6395,58.6375
2023-02-15 11:00:00+01:00,53.0,25.7,38.102,44.843
2023-02-15 12:00:00+01:00,53.0,30.0,41.988,52.352
2023-02-15 13:00:00+01:00,53.0,25.5,37.9205,44.3935
2023-02-15 14:00:00+01:00,53.0,25.8,38.033,44.583
2023-02-15 15:00:00+01:00,53.0,28.7,40.6775,49.7395
2023-02-15 16:00:00+01:00,53.0,33.8,45.1715,59.5475
2023-02-15 17:00:00+01:00,53.0,52.5,62.1705,93.9095
2023-02-15 18:00:00+01:00,53.0,81.4,98.283,148.41750000000002
2023-02-15 19:00:00+01:00,53.0,77.2,93.141,140.69150000000002
2023-02-15 20:00:00+01:00,53.0,80.7,96.242,145.3125
2023-02-15 21:00:00+01:00,53.0,63.6,74.7585,113.0145
2023-02-15 22:00:00+01:00,53.0,58.6,68.4385,103.558
2023-02-15 23:00:00+01:00,53.0,50.4,58.166,88.05449999999999
2023-02-16 00:00:00+01:00,53.0,44.8,52.7965,77.6485
2023-02-16 01:00:00+01:00,53.0,38.2,47.1025,65.658
2023-02-16 02:00:00+01:00,53.0,37.7,46.951,64.681
2023-02-16 03:00:00+01:00,53.0,37.5,47.641,64.245
2023-02-16 04:00:00+01:00,53.0,30.7,41.896,52.3395
2023-02-16 05:00:00+01:00,53.0,31.8,42.92,54.8805
2023-02-16 06:00:00+01:00,53.0,32.7,43.4095,56.5715
2023-02-16 07:00:00+01:00,53.0,39.0,48.0915,68.03049999999999
2023-02-16 08:00:00+01:00,53.0,53.4,62.8615,94.878
2023-02-16 09:00:00+01:00,53.0,67.7,81.8655,123.8085
2023-02-16 10:00:00+01:00,53.0,67.6,81.92150000000001,123.7115
2023-02-16 11:00:00+01:00,53.0,45.5,55.491,81.8245
2023-02-16 12:00:00+01:00,53.0,56.8,68.421,102.3425
2023-02-16 13:00:00+01:00,53.0,40.1,49.822,71.22649999999999
2023-02-16 14:00:00+01:00,53.0,36.0,46.8195,63.75449999999999
2023-02-16 15:00:00+01:00,53.0,34.0,45.2965,60.335
2023-02-16 16:00:00+01:00,53.0,52.8,63.509,94.6405
2023-02-16 17:00:00+01:00,53.0,66.7,79.92500000000001,120.8635
2023-02-16 18:00:00+01:00,53.0,85.6,103.488,156.241
2023-02-16 19:00:00+01:00,53.0,77.6,93.7545,141.6135
2023-02-16 20:00:00+01:00,53.0,69.3,83.3905,126.0585
2023-02-16 21:00:00+01:00,53.0,57.3,68.4645,103.6625
2023-02-16 22:00:00+01:00,53.0,44.2,53.5265,78.74449999999999
2023-02-16 23:00:00+01:00,53.0,38.7,49.0365,68.328
2023-02-17 00:00:00+01:00,53.0,30.3,41.941,52.9385
2023-02-17 01:00:00+01:00,53.0,27.8,39.903000000000006,48.5685
2023-02-17 02:00:00+01:00,53.0,25.9,37.8425,44.6305
2023-02-17 03:00:00+01:00,53.0,24.6,36.471,42.2105
2023-02-17 04:00:00+01:00,53.0,22.0,33.929,37.6415
2023-02-17 05:00:00+01:00,53.0,20.4,32.0815,34.781
2023-02-17 06:00:00+01:00,53.0,22.8,34.718999999999994,39.4735
2023-02-17 07:00:00+01:00,53.0,36.1,47.515,62.6465
2023-02-17 08:00:00+01:00,53.0,39.6,49.1595,69.94550000000001
2023-02-17 09:00:00+01:00,53.0,51.1,61.62949999999999,92.7225
2023-02-17 10:00:00+01:00,53.0,43.8,53.857,78.9525
2023-02-17 11:00:00+01:00,53.0,32.8,42.923,59.572
2023-02-17 12:00:00+01:00,53.0,10.7,20.1325,20.177
2023-02-17 13:00:00+01:00,53.0,7.1,12.5395,12.5785
2023-02-17 14:00:00+01:00,53.0,12.6,22.232,22.6295
2023-02-17 15:00:00+01:00,53.0,17.3,28.754,30.523000000000003
2023-02-17 16:00:00+01:00,53.0,16.1,26.9335,28.7185
2023-02-17 17:00:00+01:00,53.0,18.9,30.4445,32.824
2023-02-17 18:00:00+01:00,53.0,18.8,30.4825,32.6295
2023-02-17 19:00:00+01:00,53.0,35.1,46.4605,62.5835
2023-02-17 20:00:00+01:00,53.0,37.5,48.3315,66.737
2023-02-17 21:00:00+01:00,53.0,16.4,27.437,28.1515
2023-02-17 22:00:00+01:00,53.0,43.3,54.476,78.06700000000001
2023-02-17 23:00:00+01:00,53.0,57.4,68.74600000000001,104.06
2023-02-18 00:00:00+01:00,53.0,59.6,71.63,108.297
2023-02-18 01:00:00+01:00,53.0,38.4,48.962500000000006,68.929
2023-02-18 02:00:00+01:00,53.0,37.3,48.2475,67.2
2023-02-18 03:00:00+01:00,53.0,32.4,44.2895,57.744
2023-02-18 04:00:00+01:00,53.0,29.2,41.8495,52.098
2023-02-18 05:00:00+01:00,53.0,42.9,54.6485,77.446
2023-02-18 06:00:00+01:00,53.0,35.3,46.8015,63.9245
2023-02-18 07:00:00+01:00,53.0,57.4,70.0755,105.489
2023-02-18 08:00:00+01:00,53.0,77.6,94.6795,142.9865
2023-02-18 09:00:00+01:00,53.0,47.2,57.6585,85.538
2023-02-18 10:00:00+01:00,53.0,31.6,43.935,57.676
2023-02-18 11:00:00+01:00,53.0,17.6,26.6825,31.829
2023-02-18 12:00:00+01:00,53.0,11.9,20.662,20.9055
2023-02-18 13:00:00+01:00,53.0,11.5,21.2515,21.2695
2023-02-18 14:00:00+01:00,53.0,14.4,23.6085,25.2675
2023-02-18 15:00:00+01:00,53.0,20.3,32.388,36.0975
2023-02-18 16:00:00+01:00,53.0,18.1,28.987,32.25
2023-02-18 17:00:00+01:00,53.0,18.7,29.713,32.758
2023-02-18 18:00:00+01:00,53.0,22.1,33.94,38.371
2023-02-18 19:00:00+01:00,53.0,17.4,28.596,30.181
2023-02-18 20:00:00+01:00,53.0,17.6,28.901,30.462000000000003
2023-02-18 21:00:00+01:00,53.0,15.5,26.4045,26.781
2023-02-18 22:00:00+01:00,53.0,45.6,56.697500000000005,81.95400000000001
2023-02-18 23:00:00+01:00,53.0,54.7,65.7425,99.564
2023-02-19 00:00:00+01:00,53.0,51.9,61.962,93.5685
2023-02-19 01:00:00+01:00,53.0,61.6,73.424,111.1315
2023-02-19 02:00:00+01:00,53.0,54.8,65.575,98.625
2023-02-19 03:00:00+01:00,53.0,24.3,36.43000000000001,42.4205
2023-02-19 04:00:00+01:00,53.0,20.7,32.67,35.777
2023-02-19 05:00:00+01:00,53.0,20.2,32.323,35.045
2023-02-19 06:00:00+01:00,53.0,23.1,34.7175,40.207
2023-02-19 07:00:00+01:00,53.0,43.8,55.5535,78.73949999999999
2023-02-19 08:00:00+01:00,53.0,60.9,73.3395,111.0285
2023-02-19 09:00:00+01:00,53.0,57.9,69.902,105.623
2023-02-19 10:00:00+01:00,53.0,21.0,30.3205,38.3095
2023-02-19 11:00:00+01:00,53.0,10.6,19.0505,19.052
2023-02-19 12:00:00+01:00,53.0,11.5,20.745,20.7515
2023-02-19 13:00:00+01:00,53.0,13.0,23.064,23.146500000000003
2023-02-19 14:00:00+01:00,53.0,10.6,19.0515,19.0905
2023-02-19 15:00:00+01:00,53.0,11.2,20.101,20.138
2023-02-19 16:00:00+01:00,53.0,17.2,28.719,30.2665
2023-02-19 17:00:00+01:00,53.0,29.7,41.772,52.6465
2023-02-19 18:00:00+01:00,53.0,23.0,35.281000000000006,40.448
2023-02-19 19:00:00+01:00,53.0,19.8,31.413,34.82
2023-02-19 20:00:00+01:00,53.0,37.7,48.1655,66.9575
2023-02-19 21:00:00+01:00,53.0,33.1,44.552,58.355
2023-02-19 22:00:00+01:00,53.0,26.2,38.845,45.972
2023-02-19 23:00:00+01:00,53.0,20.5,33.025000000000006,35.7445
2023-02-20 00:00:00+01:00,53.0,18.4,30.4555,31.677
2023-02-20 01:00:00+01:00,53.0,16.8,28.2505,28.9805
2023-02-20 02:00:00+01:00,53.0,16.5,27.715,28.376
2023-02-20 03:00:00+01:00,53.0,16.7,27.2385,28.9405
2023-02-20 04:00:00+01:00,53.0,20.3,31.3425,34.8715
2023-02-20 05:00:00+01:00,53.0,16.6,27.8055,28.916
2023-02-20 06:00:00+01:00,53.0,21.5,32.932,37.164
2023-02-20 07:00:00+01:00,53.0,25.7,37.649,44.6235
2023-02-20 08:00:00+01:00,53.0,33.2,45.243,59.4855
2023-02-20 09:00:00+01:00,53.0,33.7,45.177,60.1135
2023-02-20 10:00:00+01:00,53.0,36.0,47.6505,65.997
2023-02-20 11:00:00+01:00,53.0,21.0,34.3555,38.084
2023-02-20 12:00:00+01:00,53.0,8.7,15.9375,16.0205
2023-02-20 13:00:00+01:00,53.0,7.9,14.6225,14.632
2023-02-20 14:00:00+01:00,53.0,8.4,14.921,15.177
2023-02-20 15:00:00+01:00,53.0,8.3,15.3185,15.3695
2023-02-20 16:00:00+01:00,53.0,11.7,20.637500000000003,21.7685
2023-02-20 17:00:00+01:00,53.0,34.7,46.6435,62.3085
2023-02-20 18:00:00+01:00,53.0,57.7,68.95649999999999,104.3475
2023-02-20 19:00:00+01:00,53.0,42.3,52.213,76.3015
2023-02-20 20:00:00+01:00,53.0,37.3,47.941500000000005,66.5285
2023-02-20 21:00:00+01:00,53.0,32.5,44.4275,58.0045
2023-02-20 22:00:00+01:00,53.0,35.1,46.549,63.016000000000005
2023-02-20 23:00:00+01:00,53.0,42.9,56.0765,77.8615
2023-02-21 00:00:00+01:00,53.0,42.3,54.959500000000006,76.561
2023-02-21 01:00:00+01:00,53.0,71.9,87.405,132.0845
2023-02-21 02:00:00+01:00,53.0,68.7,82.907,125.336
2023-02-21 03:00:00+01:00,53.0,57.9,69.661,105.4635
2023-02-21 04:00:00+01:00,53.0,44.4,54.1155,80.515
2023-02-21 05:00:00+01:00,53.0,47.5,57.126,85.76849999999999
2023-02-21 06:00:00+01:00,53.0,70.9,85.8015,129.649
2023-02-21 07:00:00+01:00,53.0,82.8,100.911,152.3815
2023-02-21 08:00:00+01:00,53.0,59.4,72.5675,109.551
2023-02-21 09:00:00+01:00,53.0,42.2,53.118,77.672
2023-02-21 10:00:00+01:00,53.0,32.0,44.7545,58.965500000000006
2023-02-21 11:00:00+01:00,53.0,22.3,35.283,41.0595
2023-02-21 12:00:00+01:00,53.0,6.9,12.5225,12.5225
2023-02-21 13:00:00+01:00,53.0,6.3,11.2055,11.2055
2023-02-21 14:00:00+01:00,53.0,11.2,21.1225,21.2715
2023-02-21 15:00:00+01:00,53.0,10.5,19.8185,19.8235
2023-02-21 16:00:00+01:00,53.0,14.3,24.654,25.599
2023-02-21 17:00:00+01:00,53.0,38.2,49.0025,68.403
2023-02-21 18:00:00+01:00,53.0,46.9,56.505,84.203
2023-02-21 19:00:00+01:00,53.0,45.2,54.549,80.8735
2023-02-21 20:00:00+01:00,53.0,44.9,54.5275,80.28649999999999
2023-02-21 21:00:00+01:00,53.0,42.2,52.6445,75.0735
2023-02-21 22:00:00+01:00,53.0,34.3,45.752,60.71
2023-02-21 23:00:00+01:00,53.0,30.3,42.6485,53.593
2023-02-22 00:00:00+01:00,53.0,29.0,41.423,51.064
2023-02-22 01:00:00+01:00,53.0,26.3,38.845,45.8605
2023-02-22 02:00:00+01:00,53.0,26.3,38.631,46.156
2023-02-22 03:00:00+01:00,53.0,22.0,34.162000000000006,38.0645
2023-02-22 04:00:00+01:00,53.0,19.8,31.774,34.008
2023-02-22 05:00:00+01:00,53.0,20.5,32.526,35.453
2023-02-22 06:00:00+01:00,53.0,24.1,36.5465,42.071
2023-02-22 07:00:00+01:00,53.0,28.7,41.092,50.472
2023-02-22 08:00:00+01:00,53.0,30.7,42.7095,54.0525
2023-02-22 09:00:00+01:00,53.0,41.5,51.9495,74.1385
2023-02-22 10:00:00+01:00,53.0,29.1,41.09,51.3205
2023-02-22 11:00:00+01:00,53.0,21.8,34.54,38.4235
2023-02-22 12:00:00+01:00,53.0,22.0,34.558,38.2375
2023-02-22 13:00:00+01:00,53.0,21.3,33.605000000000004,37.025
2023-02-22 14:00:00+01:00,53.0,20.8,33.1105,35.987
2023-02-22 15:00:00+01:00,53.0,21.2,33.5215,36.6345
2023-02-22 16:00:00+01:00,53.0,31.8,43.313500000000005,55.5425
2023-02-22 17:00:00+01:00,53.0,48.3,58.459,85.7915
2023-02-22 18:00:00+01:00,53.0,68.1,81.2915,122.7855
2023-02-22 19:00:00+01:00,53.0,72.0,85.8805,129.8135
2023-02-22 20:00:00+01:00,53.0,62.4,74.588,112.874
2023-02-22 21:00:00+01:00,53.0,63.0,74.874,113.301
2023-02-22 22:00:00+01:00,53.0,54.2,64.193,97.0905
2023-02-22 23:00:00+01:00,53.0,50.8,60.315,90.5925
2023-02-23 00:00:00+01:00,53.0,40.5,49.7215,71.383
2023-02-23 01:00:00+01:00,53.0,41.3,50.764,72.67099999999999
2023-02-23 02:00:00+01:00,53.0,38.3,48.4525,66.889
2023-02-23 03:00:00+01:00,53.0,34.9,45.698,61.146
2023-02-23 04:00:00+01:00,53.0,33.4,44.5045,58.044
2023-02-23 05:00:00+01:00,53.0,34.0,44.9825,59.3745
2023-02-23 06:00:00+01:00,53.0,34.0,45.049,59.5435
2023-02-23 07:00:00+01:00,53.0,36.4,47.254,64.402
2023-02-23 08:00:00+01:00,53.0,44.8,54.039,79.828
2023-02-23 09:00:00+01:00,53.0,40.2,50.38549999999999,71.515
2023-02-23 10:00:00+01:00,53.0,50.6,59.7245,90.081
2023-02-23 11:00:00+01:00,53.0,41.0,50.7685,72.8395
2023-02-23 12:00:00+01:00,53.0,26.5,39.106,46.6425
2023-02-23 13:00:00+01:00,53.0,20.2,31.431,36.167
2023-02-23 14:00:00+01:00,53.0,12.3,22.145,22.214
2023-02-23 15:00:00+01:00,53.0,16.2,27.678,28.9655
2023-02-23 16:00:00+01:00,53.0,21.5,34.0535,37.639
2023-02-23 17:00:00+01:00,53.0,57.3,69.29650000000001,103.1035
2023-02-23 18:00:00+01:00,53.0,75.2,90.3895,136.5695
2023-02-23 19:00:00+01:00,53.0,59.6,71.34899999999999,107.9925
2023-02-23 20:00:00+01:00,53.0,73.4,88.2955,133.39
2023-02-23 21:00:00+01:00,53.0,70.2,84.092,127.0905
2023-02-23 22:00:00+01:00,53.0,52.8,62.8695,95.073
2023-02-23 23:00:00+01:00,53.0,47.3,56.219,84.0175
2023-02-24 00:00:00+01:00,53.0,42.0,51.827,74.4435
2023-02-24 01:00:00+01:00,53.0,32.3,43.93,56.7825
2023-02-24 02:00:00+01:00,53.0,28.4,40.8045,49.6175
2023-02-24 03:00:00+01:00,53.0,25.9,38.52,45.158
2023-02-24 04:00:00+01:00,53.0,25.0,37.6485,43.58
2023-02-24 05:00:00+01:00,53.0,25.0,37.756,43.802
2023-02-24 06:00:00+01:00,53.0,38.8,49.7815,68.577
2023-02-24 07:00:00+01:00,53.0,71.3,85.6295,129.446
2023-02-24 08:00:00+01:00,53.0,72.8,88.224,133.3445
2023-02-24 09:00:00+01:00,53.0,58.6,72.01599999999999,106.4675
2023-02-24 10:00:00+01:00,53.0,9.2,16.927999999999997,16.936999999999998
2023-02-24 11:00:00+01:00,53.0,7.2,12.3285,12.3365
2023-02-24 12:00:00+01:00,53.0,6.5,10.5525,10.685
2023-02-24 13:00:00+01:00,53.0,6.0,9.6055,9.64
2023-02-24 14:00:00+01:00,53.0,7.7,12.9275,13.217
2023-02-24 15:00:00+01:00,53.0,9.6,17.8505,17.856
2023-02-24 16:00:00+01:00,53.0,12.2,21.4815,21.9915
2023-02-24 17:00:00+01:00,53.0,15.9,26.39,28.2225
2023-02-24 18:00:00+01:00,53.0,22.6,34.948,40.0525
2023-02-24 19:00:00+01:00,53.0,18.2,29.4445,32.0065
2023-02-24 20:00:00+01:00,53.0,12.8,22.368,22.8435
2023-02-24 21:00:00+01:00,53.0,11.8,20.7945,21.344
2023-02-24 22:00:00+01:00,53.0,12.4,20.644,22.5035
2023-02-24 23:00:00+01:00,53.0,11.5,20.761,20.91
2023-02-25 00:00:00+01:00,53.0,15.4,25.7095,26.911
2023-02-25 01:00:00+01:00,53.0,9.0,16.781,16.782
2023-02-25 02:00:00+01:00,53.0,8.1,15.243,15.243
2023-02-25 03:00:00+01:00,53.0,4.6,7.339499999999999,7.372999999999999
2023-02-25 04:00:00+01:00,53.0,1.2,1.2725,1.2725
2023-02-25 05:00:00+01:00,53.0,1.2,1.3370000000000002,1.3370000000000002
2023-02-25 06:00:00+01:00,53.0,1.5,1.8395,1.8435
2023-02-25 07:00:00+01:00,53.0,1.8,2.309,2.309
2023-02-25 08:00:00+01:00,53.0,8.3,13.649,13.964
2023-02-25 09:00:00+01:00,53.0,10.2,18.747,18.789
2023-02-25 10:00:00+01:00,53.0,11.8,21.28,21.452
2023-02-25 11:00:00+01:00,53.0,9.8,17.814,18.171
2023-02-25 12:00:00+01:00,53.0,10.1,18.4925,18.551
2023-02-25 13:00:00+01:00,53.0,11.3,19.779,20.061
2023-02-25 14:00:00+01:00,53.0,7.9,14.402,14.4105
2023-02-25 15:00:00+01:00,53.0,5.8,9.455,9.704
2023-02-25 16:00:00+01:00,53.0,21.3,34.339,38.183
2023-02-25 17:00:00+01:00,53.0,18.2,29.7545,32.7755
2023-02-25 18:00:00+01:00,53.0,7.8,14.543,14.561
2023-02-25 19:00:00+01:00,53.0,5.8,10.321,10.339
2023-02-25 20:00:00+01:00,53.0,5.2,9.7795,9.7795
2023-02-25 21:00:00+01:00,53.0,8.5,14.389,15.086
2023-02-25 22:00:00+01:00,53.0,6.8,11.8855,12.422
2023-02-25 23:00:00+01:00,53.0,8.0,14.5195,14.697
2023-02-26 00:00:00+01:00,53.0,7.2,12.6855,12.6855
2023-02-26 01:00:00+01:00,53.0,8.0,13.718,13.8745
2023-02-26 02:00:00+01:00,53.0,8.5,14.3955,14.8445
2023-02-26 03:00:00+01:00,53.0,5.7,9.9765,9.9795
2023-02-26 04:00:00+01:00,53.0,10.3,18.285,18.6995
2023-02-26 05:00:00+01:00,53.0,10.6,19.2675,19.285
2023-02-26 06:00:00+01:00,53.0,9.6,16.967,17.03
2023-02-26 07:00:00+01:00,53.0,18.0,29.234,32.226
2023-02-26 08:00:00+01:00,53.0,30.3,41.1715,52.9255
2023-02-26 09:00:00+01:00,53.0,36.1,46.6715,63.522
2023-02-26 10:00:00+01:00,53.0,20.3,32.998,36.623000000000005
2023-02-26 11:00:00+01:00,53.0,58.9,71.6245,105.504
2023-02-26 12:00:00+01:00,53.0,54.5,64.756,97.3225
2023-02-26 13:00:00+01:00,53.0,51.5,61.139,92.0045
2023-02-26 14:00:00+01:00,53.0,56.2,65.60900000000001,99.2395
2023-02-26 15:00:00+01:00,53.0,51.1,59.369,89.7025
2023-02-26 16:00:00+01:00,53.0,47.0,55.6495,82.7175
2023-02-26 17:00:00+01:00,53.0,41.8,50.787,73.535
2023-02-26 18:00:00+01:00,53.0,53.9,62.9415,95.1615
2023-02-26 19:00:00+01:00,53.0,56.7,66.61850000000001,100.893
2023-02-26 20:00:00+01:00,53.0,55.5,65.3895,98.7445
2023-02-26 21:00:00+01:00,53.0,62.3,73.11850000000001,110.535
2023-02-26 22:00:00+01:00,53.0,88.0,104.3125,157.474
2023-02-26 23:00:00+01:00,53.0,60.4,70.46950000000001,106.688
2023-02-27 00:00:00+01:00,53.0,41.0,50.674,71.353
2023-02-27 01:00:00+01:00,53.0,21.1,32.602000000000004,35.6505
2023-02-27 02:00:00+01:00,53.0,14.4,23.9585,24.009
2023-02-27 03:00:00+01:00,53.0,10.4,18.4245,18.427
2023-02-27 04:00:00+01:00,53.0,9.1,16.137,16.131
2023-02-27 05:00:00+01:00,53.0,13.5,23.246,23.467
2023-02-27 06:00:00+01:00,53.0,19.1,30.8685,33.0145
2023-02-27 07:00:00+01:00,53.0,20.9,32.8095,36.085
2023-02-27 08:00:00+01:00,53.0,21.6,33.293,36.599
2023-02-27 09:00:00+01:00,53.0,22.1,33.738,37.177
2023-02-27 10:00:00+01:00,53.0,22.8,34.623,38.6935
2023-02-27 11:00:00+01:00,53.0,21.7,33.4675,36.5595
2023-02-27 12:00:00+01:00,53.0,23.8,35.784000000000006,40.567
2023-02-27 13:00:00+01:00,53.0,27.7,39.3935,47.0745
2023-02-27 14:00:00+01:00,53.0,32.9,43.694,56.374
2023-02-27 15:00:00+01:00,53.0,35.0,44.7385,59.4075
2023-02-27 16:00:00+01:00,53.0,35.7,45.2655,60.468
2023-02-27 17:00:00+01:00,53.0,40.1,48.649,68.61949999999999
2023-02-27 18:00:00+01:00,53.0,33.6,43.921,57.4935
2023-02-27 19:00:00+01:00,53.0,35.2,45.0595,60.387
2023-02-27 20:00:00+01:00,53.0,35.3,45.197500000000005,60.5305
2023-02-27 21:00:00+01:00,53.0,29.0,40.1355,49.120000000000005
2023-02-27 22:00:00+01:00,53.0,31.2,41.7595,52.749
2023-02-27 23:00:00+01:00,53.0,32.8,42.831,55.1995
2023-02-28 00:00:00+01:00,53.0,27.9,38.9195,46.632
2023-02-28 01:00:00+01:00,53.0,21.6,32.821,35.7085
2023-02-28 02:00:00+01:00,53.0,17.3,27.953,28.3605
2023-02-28 03:00:00+01:00,53.0,14.3,23.3315,23.334
2023-02-28 04:00:00+01:00,53.0,12.0,20.66,20.66
2023-02-28 05:00:00+01:00,53.0,11.1,19.452,19.452
2023-02-28 06:00:00+01:00,53.0,15.6,25.583,26.0235
2023-02-28 07:00:00+01:00,53.0,23.3,35.129,39.74
2023-02-28 08:00:00+01:00,53.0,25.5,36.929,43.179
2023-02-28 09:00:00+01:00,53.0,23.0,34.316500000000005,38.899
2023-02-28 10:00:00+01:00,53.0,27.2,38.574,45.952
2023-02-28 11:00:00+01:00,53.0,24.6,36.2995,41.7375
2023-02-28 12:00:00+01:00,53.0,26.6,38.4405,45.42
2023-02-28 13:00:00+01:00,53.0,23.3,35.184,39.383
2023-02-28 14:00:00+01:00,53.0,27.8,39.582,47.39149999999999
2023-02-28 15:00:00+01:00,53.0,33.6,44.503,57.8765
2023-02-28 16:00:00+01:00,53.0,29.4,40.798,50.0185
2023-02-28 17:00:00+01:00,53.0,30.4,41.3575,51.536
2023-02-28 18:00:00+01:00,53.0,38.3,47.731,65.691
2023-02-28 19:00:00+01:00,53.0,44.7,52.893,77.824
2023-02-28 20:00:00+01:00,53.0,37.6,47.0925,64.6245
2023-02-28 21:00:00+01:00,53.0,43.4,51.6305,75.65350000000001
2023-02-28 22:00:00+01:00,53.0,27.5,38.7835,46.267
2023-02-28 23:00:00+01:00,53.0,25.7,37.0355,43.059
2023-03-01 00:00:00+01:00,53.0,27.3,38.5825,45.6895
2023-03-01 01:00:00+01:00,53.0,27.9,38.982,46.488
2023-03-01 02:00:00+01:00,53.0,27.9,39.0725,46.414
2023-03-01 03:00:00+01:00,53.0,26.8,38.131,44.537
2023-03-01 04:00:00+01:00,53.0,24.1,35.626999999999995,40.156
2023-03-01 05:00:00+01:00,53.0,21.7,33.1665,36.2925
2023-03-01 06:00:00+01:00,53.0,26.8,38.325,45.607
2023-03-01 07:00:00+01:00,53.0,29.3,40.719,50.2125
2023-03-01 08:00:00+01:00,53.0,32.0,42.982,55.2665
2023-03-01 09:00:00+01:00,53.0,30.8,41.75749999999999,53.2495
2023-03-01 10:00:00+01:00,53.0,26.6,39.008,46.876000000000005
2023-03-01 11:00:00+01:00,53.0,32.2,43.6395,56.8645
2023-03-01 12:00:00+01:00,53.0,28.1,40.479,49.541
2023-03-01 13:00:00+01:00,53.0,24.7,37.554,43.7535
2023-03-01 14:00:00+01:00,53.0,20.6,33.3625,36.6075
2023-03-01 15:00:00+01:00,53.0,31.2,43.3465,55.183
2023-03-01 16:00:00+01:00,53.0,67.4,82.55199999999999,120.5505
2023-03-01 17:00:00+01:00,53.0,99.7,118.701,178.94150000000002
2023-03-01 18:00:00+01:00,53.0,108.0,128.289,193.3495
2023-03-01 19:00:00+01:00,53.0,124.0,147.9475,222.85
2023-03-01 20:00:00+01:00,53.0,119.9,142.5765,214.8105
2023-03-01 21:00:00+01:00,53.0,104.0,124.161,187.1735
2023-03-01 22:00:00+01:00,53.0,93.8,111.796,168.61700000000002
2023-03-01 23:00:00+01:00,53.0,46.8,57.593,82.494
2023-03-02 00:00:00+01:00,53.0,27.3,38.557,46.69
2023-03-02 01:00:00+01:00,53.0,16.6,27.701,28.9495
2023-03-02 02:00:00+01:00,53.0,16.0,27.143,27.5135
2023-03-02 03:00:00+01:00,53.0,19.1,29.593,33.2385
2023-03-02 04:00:00+01:00,53.0,36.0,45.7965,62.9325
2023-03-02 05:00:00+01:00,53.0,20.1,32.0855,34.668
2023-03-02 06:00:00+01:00,53.0,29.7,41.353,51.688
2023-03-02 07:00:00+01:00,53.0,37.9,47.7395,66.21350000000001
2023-03-02 08:00:00+01:00,53.0,51.2,60.7715,91.0835
2023-03-02 09:00:00+01:00,53.0,67.3,81.048,121.281
2023-03-02 10:00:00+01:00,53.0,46.6,57.981,83.7415
2023-03-02 11:00:00+01:00,53.0,58.3,70.393,105.334
2023-03-02 12:00:00+01:00,53.0,38.9,50.6015,69.4745
2023-03-02 13:00:00+01:00,53.0,30.9,42.977,54.6685
2023-03-02 14:00:00+01:00,53.0,27.2,39.828,47.4265
2023-03-02 15:00:00+01:00,53.0,29.3,41.4375,51.658
2023-03-02 16:00:00+01:00,53.0,39.8,50.7325,70.126
2023-03-02 17:00:00+01:00,53.0,62.5,74.438,112.263
2023-03-02 18:00:00+01:00,53.0,73.6,88.16300000000001,133.25099999999998
2023-03-02 19:00:00+01:00,53.0,63.7,76.293,115.0555
2023-03-02 20:00:00+01:00,53.0,70.7,84.506,127.6585
2023-03-02 21:00:00+01:00,53.0,66.4,78.43950000000001,118.6635
2023-03-02 22:00:00+01:00,53.0,59.8,70.2015,106.185
2023-03-02 23:00:00+01:00,53.0,59.8,69.947,105.966
2023-03-03 00:00:00+01:00,53.0,49.8,58.364,87.8275
2023-03-03 01:00:00+01:00,53.0,44.2,52.4755,77.4985
2023-03-03 02:00:00+01:00,53.0,43.5,51.5965,76.0295
2023-03-03 03:00:00+01:00,53.0,35.3,45.4165,60.9945
2023-03-03 04:00:00+01:00,53.0,37.5,47.3245,64.4705
2023-03-03 05:00:00+01:00,53.0,32.7,43.424,56.2645
2023-03-03 06:00:00+01:00,53.0,35.2,45.303,60.801
2023-03-03 07:00:00+01:00,53.0,42.7,51.402,74.629
2023-03-03 08:00:00+01:00,53.0,61.9,72.9465,110.238
2023-03-03 09:00:00+01:00,53.0,61.4,73.4195,110.8535
2023-03-03 10:00:00+01:00,53.0,50.0,61.127,89.2995
2023-03-03 11:00:00+01:00,53.0,37.2,48.3095,66.13900000000001
2023-03-03 12:00:00+01:00,53.0,29.9,42.029,52.976
2023-03-03 13:00:00+01:00,53.0,82.9,99.497,150.2335
2023-03-03 14:00:00+01:00,53.0,43.4,53.8825,77.13550000000001
2023-03-03 15:00:00+01:00,53.0,36.9,47.9235,64.8515
2023-03-03 16:00:00+01:00,53.0,37.8,49.095,67.0935
2023-03-03 17:00:00+01:00,53.0,66.5,79.56649999999999,120.2775
2023-03-03 18:00:00+01:00,53.0,54.7,65.1585,98.389
2023-03-03 19:00:00+01:00,53.0,66.7,79.7695,120.5205
2023-03-03 20:00:00+01:00,53.0,69.1,82.6875,125.001
2023-03-03 21:00:00+01:00,53.0,59.7,70.9405,107.393
2023-03-03 22:00:00+01:00,53.0,59.0,70.2505,106.122
2023-03-03 23:00:00+01:00,53.0,52.7,62.145,94.0555
2023-03-04 00:00:00+01:00,53.0,46.2,54.835,82.15100000000001
2023-03-04 01:00:00+01:00,53.0,41.6,50.7395,73.537
2023-03-04 02:00:00+01:00,53.0,36.1,46.371,62.67099999999999
2023-03-04 03:00:00+01:00,53.0,32.6,43.931,56.6885
2023-03-04 04:00:00+01:00,53.0,33.7,44.714,58.3515
2023-03-04 05:00:00+01:00,53.0,32.4,43.732,56.2025
2023-03-04 06:00:00+01:00,53.0,34.9,45.729,60.615
2023-03-04 07:00:00+01:00,53.0,38.0,47.83,66.31450000000001
2023-03-04 08:00:00+01:00,53.0,44.1,53.7295,78.4405
2023-03-04 09:00:00+01:00,53.0,50.1,61.4205,89.826
2023-03-04 10:00:00+01:00,53.0,52.2,62.724,93.5495
2023-03-04 11:00:00+01:00,53.0,51.7,62.0805,93.477
2023-03-04 12:00:00+01:00,53.0,43.4,53.0055,77.794
2023-03-04 13:00:00+01:00,53.0,35.1,46.1655,62.2535
2023-03-04 14:00:00+01:00,53.0,33.2,44.5715,57.8885
2023-03-04 15:00:00+01:00,53.0,24.0,35.7795,40.6415
2023-03-04 16:00:00+01:00,53.0,23.9,36.173,41.1965
2023-03-04 17:00:00+01:00,53.0,38.2,48.7445,67.18549999999999
2023-03-04 18:00:00+01:00,53.0,66.5,79.7585,120.611
2023-03-04 19:00:00+01:00,53.0,60.0,72.0135,108.995
2023-03-04 20:00:00+01:00,53.0,64.4,77.44300000000001,117.0235
2023-03-04 21:00:00+01:00,53.0,56.3,66.614,100.824
2023-03-04 22:00:00+01:00,53.0,52.3,61.6105,93.11
2023-03-04 23:00:00+01:00,53.0,42.5,51.272,75.295
2023-03-05 00:00:00+01:00,53.0,37.0,46.599,64.35
2023-03-05 01:00:00+01:00,53.0,34.8,45.114,60.3365
2023-03-05 02:00:00+01:00,53.0,31.2,42.3755,53.63
2023-03-05 03:00:00+01:00,53.0,30.1,41.32599999999999,51.416
2023-03-05 04:00:00+01:00,53.0,28.8,40.3845,49.4
2023-03-05 05:00:00+01:00,53.0,32.1,43.457,54.9675
2023-03-05 06:00:00+01:00,53.0,30.2,41.3265,51.456
2023-03-05 07:00:00+01:00,53.0,36.4,46.437,63.031
2023-03-05 08:00:00+01:00,53.0,37.4,47.289,65.2165
2023-03-05 09:00:00+01:00,53.0,38.0,48.454,67.4255
2023-03-05 10:00:00+01:00,53.0,44.9,54.7415,80.951
2023-03-05 11:00:00+01:00,53.0,13.8,23.2985,23.9735
2023-03-05 12:00:00+01:00,53.0,10.6,17.782,19.066000000000003
2023-03-05 13:00:00+01:00,53.0,9.0,16.444499999999998,16.474
2023-03-05 14:00:00+01:00,53.0,8.5,15.8815,15.883
2023-03-05 15:00:00+01:00,53.0,10.0,18.232,18.36
2023-03-05 16:00:00+01:00,53.0,12.1,21.8555,21.938
2023-03-05 17:00:00+01:00,53.0,30.2,41.8415,53.1315
2023-03-05 18:00:00+01:00,53.0,47.3,59.239,85.023
2023-03-05 19:00:00+01:00,53.0,74.0,89.2415,134.873
2023-03-05 20:00:00+01:00,53.0,64.0,76.2965,115.324
2023-03-05 21:00:00+01:00,53.0,65.6,78.5395,118.707
2023-03-05 22:00:00+01:00,53.0,45.3,54.0415,79.5865
2023-03-05 23:00:00+01:00,53.0,38.0,47.428,65.7835
2023-03-06 00:00:00+01:00,53.0,34.5,44.5645,59.32599999999999
2023-03-06 01:00:00+01:00,53.0,30.0,41.011,51.352500000000006
2023-03-06 02:00:00+01:00,53.0,29.0,40.099,49.518
2023-03-06 03:00:00+01:00,53.0,25.6,37.1465,43.456
2023-03-06 04:00:00+01:00,53.0,28.1,39.4385,47.835
2023-03-06 05:00:00+01:00,53.0,33.8,44.1865,58.191500000000005
2023-03-06 06:00:00+01:00,53.0,50.6,59.826,88.6785
2023-03-06 07:00:00+01:00,53.0,55.9,65.658,99.3815
2023-03-06 08:00:00+01:00,53.0,88.2,106.086,160.06799999999998
2023-03-06 09:00:00+01:00,53.0,86.8,106.071,160.11849999999998
2023-03-06 10:00:00+01:00,53.0,76.4,92.697,140.05450000000002
2023-03-06 11:00:00+01:00,53.0,25.6,34.9585,46.5475
2023-03-06 12:00:00+01:00,53.0,8.6,15.967,15.9735
2023-03-06 13:00:00+01:00,53.0,11.4,20.695,20.759
2023-03-06 14:00:00+01:00,53.0,11.0,20.183,20.2365
2023-03-06 15:00:00+01:00,53.0,14.4,24.8885,25.562
2023-03-06 16:00:00+01:00,53.0,35.1,46.267,62.6615
2023-03-06 17:00:00+01:00,53.0,35.6,46.9395,63.321
2023-03-06 18:00:00+01:00,53.0,34.0,45.021,60.0365
2023-03-06 19:00:00+01:00,53.0,42.8,53.6375,76.97749999999999
2023-03-06 20:00:00+01:00,53.0,62.8,76.11250000000001,114.154
2023-03-06 21:00:00+01:00,53.0,49.9,61.472,90.294
2023-03-06 22:00:00+01:00,53.0,33.9,45.098,60.5825
2023-03-06 23:00:00+01:00,53.0,27.8,40.0025,49.0765
2023-03-07 00:00:00+01:00,53.0,30.6,42.7715,54.263000000000005
2023-03-07 01:00:00+01:00,53.0,21.3,33.781,37.644
2023-03-07 02:00:00+01:00,53.0,23.2,36.042,40.815
2023-03-07 03:00:00+01:00,53.0,23.0,35.2675,40.351
2023-03-07 04:00:00+01:00,53.0,16.5,27.7755,28.6895
2023-03-07 05:00:00+01:00,53.0,21.3,33.3925,37.292
2023-03-07 06:00:00+01:00,53.0,26.8,39.2945,48.221
2023-03-07 07:00:00+01:00,53.0,43.8,54.568,78.77
2023-03-07 08:00:00+01:00,53.0,50.3,61.1595,90.9785
2023-03-07 09:00:00+01:00,53.0,75.2,91.2235,137.8255
2023-03-07 10:00:00+01:00,53.0,29.8,37.697,54.044
2023-03-07 11:00:00+01:00,53.0,4.4,7.398000000000001,7.421
2023-03-07 12:00:00+01:00,53.0,3.9,6.4675,6.5465
2023-03-07 13:00:00+01:00,53.0,3.4,5.7330000000000005,5.7330000000000005
2023-03-07 14:00:00+01:00,53.0,2.4,3.605,3.605
2023-03-07 15:00:00+01:00,53.0,3.7,6.1445,6.259
2023-03-07 16:00:00+01:00,53.0,5.4,9.478,9.6775
2023-03-07 17:00:00+01:00,53.0,10.1,18.1115,18.306
2023-03-07 18:00:00+01:00,53.0,10.3,18.261,18.716
2023-03-07 19:00:00+01:00,53.0,13.5,23.865,24.576500000000003
2023-03-07 20:00:00+01:00,53.0,8.3,14.2835,14.8365
2023-03-07 21:00:00+01:00,53.0,4.0,6.438000000000001,6.5735
2023-03-07 22:00:00+01:00,53.0,2.9,4.6835,4.7235000000000005
2023-03-07 23:00:00+01:00,53.0,2.4,3.783,3.783
2023-03-08 00:00:00+01:00,53.0,2.3,3.394,3.394
2023-03-08 01:00:00+01:00,53.0,2.4,3.8235,3.8235
2023-03-08 02:00:00+01:00,53.0,2.3,3.076,3.0765
2023-03-08 03:00:00+01:00,53.0,1.7,1.9835,1.9835
2023-03-08 04:00:00+01:00,53.0,3.0,4.631,4.631
2023-03-08 05:00:00+01:00,53.0,6.3,10.6545,10.696000000000002
2023-03-08 06:00:00+01:00,53.0,17.4,28.4905,31.745
2023-03-08 07:00:00+01:00,53.0,32.0,43.838,57.51649999999999
2023-03-08 08:00:00+01:00,53.0,25.5,34.9105,46.061
2023-03-08 09:00:00+01:00,53.0,7.3,12.3205,12.7585
2023-03-08 10:00:00+01:00,53.0,4.0,6.6240000000000006,6.6240000000000006
2023-03-08 11:00:00+01:00,53.0,2.8,4.5145,4.5145
2023-03-08 12:00:00+01:00,53.0,3.2,4.5345,4.759
2023-03-08 13:00:00+01:00,53.0,3.4,5.375,5.5505
2023-03-08 14:00:00+01:00,53.0,2.8,4.146,4.1595
2023-03-08 15:00:00+01:00,53.0,2.2,3.258,3.258
2023-03-08 16:00:00+01:00,53.0,3.4,5.5995,5.5995
2023-03-08 17:00:00+01:00,53.0,7.5,12.424,13.1985
2023-03-08 18:00:00+01:00,53.0,9.6,16.4045,16.878999999999998
2023-03-08 19:00:00+01:00,53.0,9.2,16.5065,16.8395
2023-03-08 20:00:00+01:00,53.0,6.5,11.823,11.8335
2023-03-08 21:00:00+01:00,53.0,3.7,6.159,6.159
2023-03-08 22:00:00+01:00,53.0,2.0,2.607,2.6325
2023-03-08 23:00:00+01:00,53.0,1.9,2.479,2.479
2023-03-09 00:00:00+01:00,53.0,1.3,1.384,1.384
2023-03-09 01:00:00+01:00,53.0,1.5,1.7815,1.7815
2023-03-09 02:00:00+01:00,53.0,1.7,2.1015,2.114
2023-03-09 03:00:00+01:00,53.0,1.4,1.5499999999999998,1.5499999999999998
2023-03-09 04:00:00+01:00,53.0,1.2,1.353,1.38
2023-03-09 05:00:00+01:00,53.0,1.2,1.314,1.314
2023-03-09 06:00:00+01:00,53.0,2.5,3.7785,3.836
2023-03-09 07:00:00+01:00,53.0,3.1,4.743,4.758
2023-03-09 08:00:00+01:00,53.0,2.6,3.6255,3.8725
2023-03-09 09:00:00+01:00,53.0,2.9,4.4085,4.435
2023-03-09 10:00:00+01:00,53.0,1.6,1.8575,1.8575
2023-03-09 11:00:00+01:00,53.0,1.5,1.524,1.524
2023-03-09 12:00:00+01:00,53.0,1.2,1.1575,1.1575
2023-03-09 13:00:00+01:00,53.0,1.2,1.1225,1.1225
2023-03-09 14:00:00+01:00,53.0,1.3,1.4045,1.405
2023-03-09 15:00:00+01:00,53.0,1.4,1.412,1.412
2023-03-09 16:00:00+01:00,53.0,1.4,1.531,1.531
2023-03-09 17:00:00+01:00,53.0,3.7,6.029999999999999,6.156000000000001
2023-03-09 18:00:00+01:00,53.0,11.8,20.5155,21.0155
2023-03-09 19:00:00+01:00,53.0,11.6,21.2635,21.539
2023-03-09 20:00:00+01:00,53.0,10.1,18.947,19.159
2023-03-09 21:00:00+01:00,53.0,6.7,12.1745,12.1745
2023-03-09 22:00:00+01:00,53.0,3.9,6.422,6.422
2023-03-09 23:00:00+01:00,53.0,10.6,19.709,19.809
2023-03-10 00:00:00+01:00,53.0,2.9,4.6595,4.66
2023-03-10 01:00:00+01:00,53.0,6.0,10.564,10.564
2023-03-10 02:00:00+01:00,53.0,5.0,8.7785,8.7785
2023-03-10 03:00:00+01:00,53.0,7.0,12.741499999999998,12.758
2023-03-10 04:00:00+01:00,53.0,4.9,8.532499999999999,8.532499999999999
2023-03-10 05:00:00+01:00,53.0,1.7,2.0115,2.0955
2023-03-10 06:00:00+01:00,53.0,1.9,2.5540000000000003,2.567
2023-03-10 07:00:00+01:00,53.0,6.8,13.0005,13.0285
2023-03-10 08:00:00+01:00,53.0,9.4,17.348,17.686999999999998
2023-03-10 09:00:00+01:00,53.0,10.7,19.706,20.2585
2023-03-10 10:00:00+01:00,53.0,5.0,8.8505,8.9045
2023-03-10 11:00:00+01:00,53.0,10.3,17.6425,18.69
2023-03-10 12:00:00+01:00,53.0,7.1,13.347,13.431
2023-03-10 13:00:00+01:00,53.0,2.7,3.9565,3.9565
2023-03-10 14:00:00+01:00,53.0,3.0,4.2835,4.3635
2023-03-10 15:00:00+01:00,53.0,2.9,4.3740000000000006,4.3740000000000006
2023-03-10 16:00:00+01:00,53.0,12.0,18.6205,20.9685
2023-03-10 17:00:00+01:00,53.0,24.6,36.789,43.5315
2023-03-10 18:00:00+01:00,53.0,11.0,19.6435,19.868
2023-03-10 19:00:00+01:00,53.0,27.6,40.0655,49.537
2023-03-10 20:00:00+01:00,53.0,55.7,70.25399999999999,101.185
2023-03-10 21:00:00+01:00,53.0,45.1,56.375,81.66399999999999
2023-03-10 22:00:00+01:00,53.0,5.6,9.0925,9.446
2023-03-10 23:00:00+01:00,53.0,9.6,12.7835,16.4625
2023-03-11 00:00:00+01:00,53.0,46.6,57.375,86.264
2023-03-11 01:00:00+01:00,53.0,42.0,52.993,76.937
2023-03-11 02:00:00+01:00,53.0,11.6,19.92,20.898
2023-03-11 03:00:00+01:00,53.0,20.8,31.3165,37.515
2023-03-11 04:00:00+01:00,53.0,27.1,40.0155,48.631
2023-03-11 05:00:00+01:00,53.0,25.7,38.974,46.836
2023-03-11 06:00:00+01:00,53.0,40.6,52.0855,74.202
2023-03-11 07:00:00+01:00,53.0,40.9,51.6635,74.53
2023-03-11 08:00:00+01:00,53.0,48.9,59.9805,88.9975
2023-03-11 09:00:00+01:00,53.0,40.0,52.2525,72.44999999999999
2023-03-11 10:00:00+01:00,53.0,15.4,25.4005,27.748
2023-03-11 11:00:00+01:00,53.0,5.2,9.2875,9.51
2023-03-11 12:00:00+01:00,53.0,5.4,9.59,9.5925
2023-03-11 13:00:00+01:00,53.0,5.2,8.8335,8.8335
2023-03-11 14:00:00+01:00,53.0,10.6,19.0565,19.8905
2023-03-11 15:00:00+01:00,53.0,17.3,29.389,30.988
2023-03-11 16:00:00+01:00,53.0,16.8,28.7635,29.8945
2023-03-11 17:00:00+01:00,53.0,23.9,36.217,43.022
2023-03-11 18:00:00+01:00,53.0,42.5,53.944,76.8765
2023-03-11 19:00:00+01:00,53.0,66.8,80.715,121.965
2023-03-11 20:00:00+01:00,53.0,51.6,63.8095,93.9195
2023-03-11 21:00:00+01:00,53.0,38.1,49.604,68.837
2023-03-11 22:00:00+01:00,53.0,29.8,41.7825,53.1425
2023-03-11 23:00:00+01:00,53.0,16.9,29.2845,30.2185
2023-03-12 00:00:00+01:00,53.0,13.9,25.0025,25.404
2023-03-12 01:00:00+01:00,53.0,5.6,9.9265,9.9265
2023-03-12 02:00:00+01:00,53.0,4.8,7.9725,7.9725
2023-03-12 03:00:00+01:00,53.0,4.9,8.381,8.441
2023-03-12 04:00:00+01:00,53.0,3.0,5.0285,5.0285
2023-03-12 05:00:00+01:00,53.0,3.1,5.2165,5.2275
2023-03-12 06:00:00+01:00,53.0,8.6,16.026,16.084
2023-03-12 07:00:00+01:00,53.0,5.5,9.53,9.53
2023-03-12 08:00:00+01:00,53.0,4.3,6.992999999999999,6.992999999999999
2023-03-12 09:00:00+01:00,53.0,4.1,6.808999999999999,6.808999999999999
2023-03-12 10:00:00+01:00,53.0,2.9,4.656,4.656
2023-03-12 11:00:00+01:00,53.0,3.9,6.417,6.4190000000000005
2023-03-12 12:00:00+01:00,53.0,4.0,6.6225000000000005,6.837
2023-03-12 13:00:00+01:00,53.0,3.5,5.6475,5.6675
2023-03-12 14:00:00+01:00,53.0,4.2,7.1155,7.1155
2023-03-12 15:00:00+01:00,53.0,3.8,6.34,6.3415
2023-03-12 16:00:00+01:00,53.0,6.2,10.92,10.989
2023-03-12 17:00:00+01:00,53.0,7.9,14.791,14.8215
2023-03-12 18:00:00+01:00,53.0,36.4,48.44,65.633
2023-03-12 19:00:00+01:00,53.0,46.9,56.7555,84.663
2023-03-12 20:00:00+01:00,53.0,40.9,50.702,73.33000000000001
2023-03-12 21:00:00+01:00,53.0,27.9,40.7135,49.93300000000001
2023-03-12 22:00:00+01:00,53.0,22.2,34.72,39.048
2023-03-12 23:00:00+01:00,53.0,18.2,30.357,32.121
2023-03-13 00:00:00+01:00,53.0,13.1,23.649,24.11
2023-03-13 01:00:00+01:00,53.0,10.9,20.026,20.568
2023-03-13 02:00:00+01:00,53.0,14.8,24.9115,26.393
2023-03-13 03:00:00+01:00,53.0,10.4,19.168,19.4585
2023-03-13 04:00:00+01:00,53.0,10.7,17.9345,19.106
2023-03-13 05:00:00+01:00,53.0,11.3,20.309,20.525
2023-03-13 06:00:00+01:00,53.0,15.2,25.6835,27.064
2023-03-13 07:00:00+01:00,53.0,30.5,42.307,54.675
2023-03-13 08:00:00+01:00,53.0,35.5,47.029,64.6435
2023-03-13 09:00:00+01:00,53.0,25.5,38.834500000000006,46.354
2023-03-13 10:00:00+01:00,53.0,24.0,37.5075,43.8575
2023-03-13 11:00:00+01:00,53.0,16.4,28.555,29.709000000000003
2023-03-13 12:00:00+01:00,53.0,9.8,18.876,18.9275
2023-03-13 13:00:00+01:00,53.0,7.7,14.273,14.3215
2023-03-13 14:00:00+01:00,53.0,7.1,13.0675,13.092
2023-03-13 15:00:00+01:00,53.0,7.2,12.8175,13.1595
2023-03-13 16:00:00+01:00,53.0,2.9,4.418,4.4265
2023-03-13 17:00:00+01:00,53.0,4.5,7.222,7.222
2023-03-13 18:00:00+01:00,53.0,13.2,23.027,23.1935
2023-03-13 19:00:00+01:00,53.0,9.8,18.1505,18.177
2023-03-13 20:00:00+01:00,53.0,5.2,9.051,9.072
2023-03-13 21:00:00+01:00,53.0,4.0,6.5335,6.5335
2023-03-13 22:00:00+01:00,53.0,2.0,2.603,2.603
2023-03-13 23:00:00+01:00,53.0,2.0,2.8085,2.809
2023-03-14 00:00:00+01:00,53.0,1.9,2.521,2.521
2023-03-14 01:00:00+01:00,53.0,1.4,1.6395,1.6395
2023-03-14 02:00:00+01:00,53.0,1.3,1.396,1.396
2023-03-14 03:00:00+01:00,53.0,1.0,0.922,0.922
2023-03-14 04:00:00+01:00,53.0,1.0,0.89,0.89
2023-03-14 05:00:00+01:00,53.0,1.0,1.055,1.055
2023-03-14 06:00:00+01:00,53.0,1.1,1.181,1.181
2023-03-14 07:00:00+01:00,53.0,1.5,1.761,1.761
2023-03-14 08:00:00+01:00,53.0,1.2,1.21,1.21
2023-03-14 09:00:00+01:00,53.0,1.6,1.9715,1.9715
2023-03-14 10:00:00+01:00,53.0,1.5,1.809,1.809
2023-03-14 11:00:00+01:00,53.0,1.2,1.173,1.2035
2023-03-14 12:00:00+01:00,53.0,1.0,0.899,0.899
2023-03-14 13:00:00+01:00,53.0,0.8,0.6325000000000001,0.6325000000000001
2023-03-14 14:00:00+01:00,53.0,1.4,1.5875,1.5875
2023-03-14 15:00:00+01:00,53.0,1.9,2.233,2.3675
2023-03-14 16:00:00+01:00,53.0,2.7,4.2355,4.2355
2023-03-14 17:00:00+01:00,53.0,4.2,6.603,6.756
2023-03-14 18:00:00+01:00,53.0,3.6,5.310499999999999,5.67
2023-03-14 19:00:00+01:00,53.0,3.8,4.846,5.856
2023-03-14 20:00:00+01:00,53.0,3.5,5.572,5.572
2023-03-14 21:00:00+01:00,53.0,6.6,11.8935,11.9375
2023-03-14 22:00:00+01:00,53.0,7.8,13.411,13.885
2023-03-14 23:00:00+01:00,53.0,5.0,9.1065,9.1065
2023-03-15 00:00:00+01:00,53.0,2.3,3.4615,3.4615
2023-03-15 01:00:00+01:00,53.0,2.2,3.1645,3.1645
2023-03-15 02:00:00+01:00,53.0,1.7,2.2645,2.2645
2023-03-15 03:00:00+01:00,53.0,2.0,2.7515,2.7515
2023-03-15 04:00:00+01:00,53.0,2.1,3.0765,3.0775
2023-03-15 05:00:00+01:00,53.0,1.5,2.0025,2.0035
2023-03-15 06:00:00+01:00,53.0,6.6,12.455,12.5435
2023-03-15 07:00:00+01:00,53.0,15.9,26.5505,28.7695
2023-03-15 08:00:00+01:00,53.0,13.6,23.567500000000003,24.761
2023-03-15 09:00:00+01:00,53.0,16.5,26.784,30.7495
2023-03-15 10:00:00+01:00,53.0,4.8,8.318,8.332
2023-03-15 11:00:00+01:00,53.0,5.9,10.5115,10.781
2023-03-15 12:00:00+01:00,53.0,5.5,9.795,9.804
2023-03-15 13:00:00+01:00,53.0,6.0,10.7895,10.8745
2023-03-15 14:00:00+01:00,53.0,5.4,9.018,9.48
2023-03-15 15:00:00+01:00,53.0,6.3,11.215,11.5295
2023-03-15 16:00:00+01:00,53.0,6.3,11.425,11.471
2023-03-15 17:00:00+01:00,53.0,4.0,6.5505,6.554
2023-03-15 18:00:00+01:00,53.0,10.4,17.877499999999998,18.8805
2023-03-15 19:00:00+01:00,53.0,16.2,26.9465,29.0615
2023-03-15 20:00:00+01:00,53.0,20.7,33.2505,36.33
2023-03-15 21:00:00+01:00,53.0,29.7,42.166,53.373000000000005
2023-03-15 22:00:00+01:00,53.0,34.8,46.43,62.2115
2023-03-15 23:00:00+01:00,53.0,17.2,29.16,30.935
2023-03-16 00:00:00+01:00,53.0,15.1,25.7655,26.988
2023-03-16 01:00:00+01:00,53.0,7.7,13.757,13.757
2023-03-16 02:00:00+01:00,53.0,7.4,13.5825,13.617
2023-03-16 03:00:00+01:00,53.0,5.7,9.519,9.5205
2023-03-16 04:00:00+01:00,53.0,6.6,11.4255,11.4255
2023-03-16 05:00:00+01:00,53.0,9.3,17.075000000000003,17.201999999999998
2023-03-16 06:00:00+01:00,53.0,20.0,31.1075,34.3805
2023-03-16 07:00:00+01:00,53.0,20.4,32.7985,36.1425
2023-03-16 08:00:00+01:00,53.0,11.6,21.6265,21.896
2023-03-16 09:00:00+01:00,53.0,10.3,18.8595,19.4115
2023-03-16 10:00:00+01:00,53.0,9.3,17.36,17.567
2023-03-16 11:00:00+01:00,53.0,8.4,15.7065,15.8355
2023-03-16 12:00:00+01:00,53.0,7.9,14.623,14.711
2023-03-16 13:00:00+01:00,53.0,5.5,9.6525,9.6555
2023-03-16 14:00:00+01:00,53.0,5.4,9.035,9.0625
2023-03-16 15:00:00+01:00,53.0,6.6,11.7415,11.742
2023-03-16 16:00:00+01:00,53.0,6.6,12.172,12.1745
2023-03-16 17:00:00+01:00,53.0,6.5,11.771999999999998,11.7875
2023-03-16 18:00:00+01:00,53.0,18.0,26.934,32.7285
2023-03-16 19:00:00+01:00,53.0,48.7,59.3235,87.95599999999999
2023-03-16 20:00:00+01:00,53.0,40.4,50.325,72.174
2023-03-16 21:00:00+01:00,53.0,36.9,47.5665,64.8605
2023-03-16 22:00:00+01:00,53.0,33.2,44.1375,57.7285
2023-03-16 23:00:00+01:00,53.0,25.9,37.566,44.5795
2023-03-17 00:00:00+01:00,53.0,18.6,29.8635,31.368
2023-03-17 01:00:00+01:00,53.0,16.7,27.5185,28.417
2023-03-17 02:00:00+01:00,53.0,14.4,24.0605,24.3725
2023-03-17 03:00:00+01:00,53.0,13.8,23.4955,23.593
2023-03-17 04:00:00+01:00,53.0,14.3,24.1795,24.731
2023-03-17 05:00:00+01:00,53.0,14.7,24.9395,25.788
2023-03-17 06:00:00+01:00,53.0,22.0,33.3555,37.86
2023-03-17 07:00:00+01:00,53.0,21.5,33.5005,37.226
2023-03-17 08:00:00+01:00,53.0,23.1,35.6815,40.7525
2023-03-17 09:00:00+01:00,53.0,22.1,34.5045,39.3185
2023-03-17 10:00:00+01:00,53.0,22.5,35.3705,40.373000000000005
2023-03-17 11:00:00+01:00,53.0,13.2,23.2265,23.9245
2023-03-17 12:00:00+01:00,53.0,4.1,6.615,6.615
2023-03-17 13:00:00+01:00,53.0,5.8,9.9965,10.0315
2023-03-17 14:00:00+01:00,53.0,6.1,10.5885,10.6125
2023-03-17 15:00:00+01:00,53.0,7.3,13.4505,13.4505
2023-03-17 16:00:00+01:00,53.0,8.6,16.431,16.456
2023-03-17 17:00:00+01:00,53.0,12.8,22.96,23.1225
2023-03-17 18:00:00+01:00,53.0,31.3,42.9285,55.988
2023-03-17 19:00:00+01:00,53.0,60.0,74.736,109.215
2023-03-17 20:00:00+01:00,53.0,83.3,101.021,152.511
2023-03-17 21:00:00+01:00,53.0,51.7,62.113,93.6515
2023-03-17 22:00:00+01:00,53.0,41.8,52.4995,74.66499999999999
2023-03-17 23:00:00+01:00,53.0,34.5,45.971,60.51349999999999
2023-03-18 00:00:00+01:00,53.0,29.4,41.096500000000006,51.046
2023-03-18 01:00:00+01:00,53.0,26.0,38.305,45.063500000000005
2023-03-18 02:00:00+01:00,53.0,25.6,37.467,44.246
2023-03-18 03:00:00+01:00,53.0,25.5,37.551,44.3185
2023-03-18 04:00:00+01:00,53.0,24.8,36.639,42.898
2023-03-18 05:00:00+01:00,53.0,26.9,39.131,46.826
2023-03-18 06:00:00+01:00,53.0,27.0,38.677,46.563
2023-03-18 07:00:00+01:00,53.0,30.0,41.907,52.7785
2023-03-18 08:00:00+01:00,53.0,36.4,48.115,65.7815
2023-03-18 09:00:00+01:00,53.0,29.9,42.828,54.856
2023-03-18 10:00:00+01:00,53.0,28.8,41.5595,51.9995
2023-03-18 11:00:00+01:00,53.0,18.5,31.184,32.939
2023-03-18 12:00:00+01:00,53.0,15.4,26.951500000000003,27.7245
2023-03-18 13:00:00+01:00,53.0,10.4,19.7825,19.806
2023-03-18 14:00:00+01:00,53.0,12.4,22.659,22.8865
2023-03-18 15:00:00+01:00,53.0,10.4,19.7215,19.7365
2023-03-18 16:00:00+01:00,53.0,12.1,22.3545,22.4845
2023-03-18 17:00:00+01:00,53.0,16.0,27.4395,28.9005
2023-03-18 18:00:00+01:00,53.0,35.2,46.7735,62.93
2023-03-18 19:00:00+01:00,53.0,77.4,93.932,141.411
2023-03-18 20:00:00+01:00,53.0,65.5,78.90549999999999,119.365
2023-03-18 21:00:00+01:00,53.0,58.4,70.1215,106.1155
2023-03-18 22:00:00+01:00,53.0,47.0,56.9955,84.824
2023-03-18 23:00:00+01:00,53.0,40.0,50.560500000000005,72.0565
2023-03-19 00:00:00+01:00,53.0,33.7,45.603,60.5025
2023-03-19 01:00:00+01:00,53.0,28.2,40.958,50.34
2023-03-19 02:00:00+01:00,53.0,25.6,38.5625,45.7275
2023-03-19 03:00:00+01:00,53.0,24.1,36.97,42.8705
2023-03-19 04:00:00+01:00,53.0,21.8,34.694,38.614
2023-03-19 05:00:00+01:00,53.0,21.7,34.485,38.272
2023-03-19 06:00:00+01:00,53.0,24.4,37.12,43.1785
2023-03-19 07:00:00+01:00,53.0,43.6,55.263,79.3955
2023-03-19 08:00:00+01:00,53.0,43.7,54.605500000000006,80.9865
2023-03-19 09:00:00+01:00,53.0,40.3,51.0885,72.9065
2023-03-19 10:00:00+01:00,53.0,23.4,36.44,42.584
2023-03-19 11:00:00+01:00,53.0,14.4,25.872,26.3
2023-03-19 12:00:00+01:00,53.0,12.4,23.4675,23.4975
2023-03-19 13:00:00+01:00,53.0,11.1,21.3205,21.332
2023-03-19 14:00:00+01:00,53.0,14.7,25.795,27.0475
2023-03-19 15:00:00+01:00,53.0,14.6,26.0255,26.4945
2023-03-19 16:00:00+01:00,53.0,25.1,38.037000000000006,44.969
2023-03-19 17:00:00+01:00,53.0,36.1,47.4535,65.272
2023-03-19 18:00:00+01:00,53.0,46.8,58.7975,85.06700000000001
2023-03-19 19:00:00+01:00,53.0,69.0,83.2015,125.741
2023-03-19 20:00:00+01:00,53.0,49.0,59.7985,88.7315
2023-03-19 21:00:00+01:00,53.0,52.2,63.8205,93.8565
2023-03-19 22:00:00+01:00,53.0,39.6,50.2745,71.4265
2023-03-19 23:00:00+01:00,53.0,30.5,43.119,54.61
2023-03-20 00:00:00+01:00,53.0,23.4,36.055,41.698
2023-03-20 01:00:00+01:00,53.0,20.2,32.8515,36.029
2023-03-20 02:00:00+01:00,53.0,17.6,29.4535,31.294
2023-03-20 03:00:00+01:00,53.0,15.8,27.0135,28.408
2023-03-20 04:00:00+01:00,53.0,13.7,24.6035,24.8735
2023-03-20 05:00:00+01:00,53.0,14.2,25.104,25.7985
2023-03-20 06:00:00+01:00,53.0,20.4,32.797,36.3495
2023-03-20 07:00:00+01:00,53.0,21.3,34.051,37.758
2023-03-20 08:00:00+01:00,53.0,21.3,34.422,38.201
2023-03-20 09:00:00+01:00,53.0,13.8,24.4945,25.157
2023-03-20 10:00:00+01:00,53.0,23.0,35.7375,41.194
2023-03-20 11:00:00+01:00,53.0,10.7,19.807,19.878500000000003
2023-03-20 12:00:00+01:00,53.0,7.5,14.1815,14.192
2023-03-20 13:00:00+01:00,53.0,5.6,9.749,9.751
2023-03-20 14:00:00+01:00,53.0,5.1,8.6785,8.84
2023-03-20 15:00:00+01:00,53.0,6.9,12.896,12.9395
2023-03-20 16:00:00+01:00,53.0,7.6,13.914,13.997
2023-03-20 17:00:00+01:00,53.0,7.1,12.766,12.868
2023-03-20 18:00:00+01:00,53.0,17.6,28.2895,31.891
2023-03-20 19:00:00+01:00,53.0,19.7,31.557,34.8365
2023-03-20 20:00:00+01:00,53.0,17.4,28.046,31.2575
2023-03-20 21:00:00+01:00,53.0,11.4,21.023,21.2075
2023-03-20 22:00:00+01:00,53.0,9.0,16.375500000000002,16.957
2023-03-20 23:00:00+01:00,53.0,11.2,20.4345,20.766
2023-03-21 00:00:00+01:00,53.0,14.6,25.1205,26.2465
2023-03-21 01:00:00+01:00,53.0,10.3,19.5515,19.589
2023-03-21 02:00:00+01:00,53.0,18.4,27.698,33.531
2023-03-21 03:00:00+01:00,53.0,9.0,17.067,17.078
2023-03-21 04:00:00+01:00,53.0,9.9,18.1105,18.586
2023-03-21 05:00:00+01:00,53.0,8.9,17.082,17.1065
2023-03-21 06:00:00+01:00,53.0,11.2,21.071,21.4795
2023-03-21 07:00:00+01:00,53.0,17.8,29.637,31.6385
2023-03-21 08:00:00+01:00,53.0,13.8,24.7155,25.012500000000003
2023-03-21 09:00:00+01:00,53.0,24.8,37.358,44.203
2023-03-21 10:00:00+01:00,53.0,36.6,47.6105,65.65899999999999
2023-03-21 11:00:00+01:00,53.0,22.3,34.852000000000004,39.418
2023-03-21 12:00:00+01:00,53.0,19.5,31.9685,34.2365
2023-03-21 13:00:00+01:00,53.0,22.4,34.87,39.10850000000001
2023-03-21 14:00:00+01:00,53.0,15.9,27.345,28.7545
2023-03-21 15:00:00+01:00,53.0,7.6,14.257,14.297
2023-03-21 16:00:00+01:00,53.0,7.9,15.2715,15.2715
2023-03-21 17:00:00+01:00,53.0,12.7,22.419,23.435
2023-03-21 18:00:00+01:00,53.0,32.2,44.597,58.2105
2023-03-21 19:00:00+01:00,53.0,34.2,45.9025,61.2285
2023-03-21 20:00:00+01:00,53.0,38.8,50.637,69.418
2023-03-21 21:00:00+01:00,53.0,29.3,42.235,52.669
2023-03-21 22:00:00+01:00,53.0,20.4,33.558499999999995,36.626000000000005
2023-03-21 23:00:00+01:00,53.0,19.2,31.995,34.248
2023-03-22 00:00:00+01:00,53.0,15.7,27.2975,27.5965
2023-03-22 01:00:00+01:00,53.0,14.9,26.049,27.094
2023-03-22 02:00:00+01:00,53.0,16.5,27.407,29.6955
2023-03-22 03:00:00+01:00,53.0,11.6,21.911,21.911
2023-03-22 04:00:00+01:00,53.0,14.0,25.0755,25.2255
2023-03-22 05:00:00+01:00,53.0,14.4,25.6785,26.167
2023-03-22 06:00:00+01:00,53.0,19.0,30.922,33.897000000000006
2023-03-22 07:00:00+01:00,53.0,21.5,34.417500000000004,38.5465
2023-03-22 08:00:00+01:00,53.0,21.8,34.84,39.2455
2023-03-22 09:00:00+01:00,53.0,19.2,32.332,34.792500000000004
2023-03-22 10:00:00+01:00,53.0,22.2,34.8765,39.551
2023-03-22 11:00:00+01:00,53.0,8.2,15.9195,15.9815
2023-03-22 12:00:00+01:00,53.0,9.3,17.2375,17.625
2023-03-22 13:00:00+01:00,53.0,6.8,12.4805,12.504
2023-03-22 14:00:00+01:00,53.0,5.0,8.546,8.546
2023-03-22 15:00:00+01:00,53.0,5.9,10.1265,10.492
2023-03-22 16:00:00+01:00,53.0,4.4,7.6455,7.6455
2023-03-22 17:00:00+01:00,53.0,8.2,14.252,15.0055
2023-03-22 18:00:00+01:00,53.0,17.2,27.494,31.7725
2023-03-22 19:00:00+01:00,53.0,32.6,44.794,58.299
2023-03-22 20:00:00+01:00,53.0,32.6,44.291,57.9935
2023-03-22 21:00:00+01:00,53.0,25.0,37.789,44.321
2023-03-22 22:00:00+01:00,53.0,23.7,36.477,42.3605
2023-03-22 23:00:00+01:00,53.0,16.3,27.53,29.3505
2023-03-23 00:00:00+01:00,53.0,10.4,20.11,20.138
2023-03-23 01:00:00+01:00,53.0,9.3,17.9715,18.0485
2023-03-23 02:00:00+01:00,53.0,8.9,17.1475,17.2425
2023-03-23 03:00:00+01:00,53.0,7.9,15.346,15.346
2023-03-23 04:00:00+01:00,53.0,8.5,16.2715,16.2725
2023-03-23 05:00:00+01:00,53.0,14.4,25.5215,26.018
2023-03-23 06:00:00+01:00,53.0,17.7,29.0495,32.369
2023-03-23 07:00:00+01:00,53.0,21.8,34.7405,39.124
2023-03-23 08:00:00+01:00,53.0,14.5,25.645,26.175
2023-03-23 09:00:00+01:00,53.0,13.6,25.462,25.865
2023-03-23 10:00:00+01:00,53.0,9.6,19.3285,19.382
2023-03-23 11:00:00+01:00,53.0,5.7,10.525,10.525
2023-03-23 12:00:00+01:00,53.0,4.4,7.541,7.541
2023-03-23 13:00:00+01:00,53.0,4.0,6.7535,6.7620000000000005
2023-03-23 14:00:00+01:00,53.0,4.7,8.099499999999999,8.1845
2023-03-23 15:00:00+01:00,53.0,3.6,6.1415,6.1415
2023-03-23 16:00:00+01:00,53.0,9.9,18.713,19.1075
2023-03-23 17:00:00+01:00,53.0,16.0,26.829,28.9225
2023-03-23 18:00:00+01:00,53.0,31.8,44.0735,57.1145
2023-03-23 19:00:00+01:00,53.0,34.9,47.15,62.4575
2023-03-23 20:00:00+01:00,53.0,30.1,42.7415,53.8365
2023-03-23 21:00:00+01:00,53.0,25.0,37.9615,44.5755
2023-03-23 22:00:00+01:00,53.0,23.7,36.7395,42.3085
2023-03-23 23:00:00+01:00,53.0,18.0,30.1525,32.0215
2023-03-24 00:00:00+01:00,53.0,16.1,27.466,29.0595
2023-03-24 01:00:00+01:00,53.0,12.5,22.776,23.316000000000003
2023-03-24 02:00:00+01:00,53.0,10.0,19.587,19.587
2023-03-24 03:00:00+01:00,53.0,10.8,20.4165,20.6785
2023-03-24 04:00:00+01:00,53.0,15.2,26.093,27.3805
2023-03-24 05:00:00+01:00,53.0,12.4,23.1085,23.19
2023-03-24 06:00:00+01:00,53.0,28.6,40.9215,51.73
2023-03-24 07:00:00+01:00,53.0,30.1,42.9845,55.0035
2023-03-24 08:00:00+01:00,53.0,15.1,23.3015,27.411
2023-03-24 09:00:00+01:00,53.0,3.6,6.0545,6.0835
2023-03-24 10:00:00+01:00,53.0,3.4,5.484500000000001,5.577999999999999
2023-03-24 11:00:00+01:00,53.0,2.3,3.351,3.354
2023-03-24 12:00:00+01:00,53.0,3.0,3.7285,4.2215
2023-03-24 13:00:00+01:00,53.0,1.9,2.4415,2.4415
2023-03-24 14:00:00+01:00,53.0,2.0,2.676,2.676
2023-03-24 15:00:00+01:00,53.0,2.3,3.423,3.4245
2023-03-24 16:00:00+01:00,53.0,5.6,9.277,9.6795
2023-03-24 17:00:00+01:00,53.0,4.2,7.1225000000000005,7.1315
2023-03-24 18:00:00+01:00,53.0,4.2,7.212,7.212
2023-03-24 19:00:00+01:00,53.0,6.0,10.545,10.7385
2023-03-24 20:00:00+01:00,53.0,4.4,7.5355,7.5355
2023-03-24 21:00:00+01:00,53.0,3.3,5.484500000000001,5.484500000000001
2023-03-24 22:00:00+01:00,53.0,3.3,5.5925,5.5985
2023-03-24 23:00:00+01:00,53.0,3.6,6.155,6.159
2023-03-25 00:00:00+01:00,53.0,3.8,6.4670000000000005,6.4670000000000005
2023-03-25 01:00:00+01:00,53.0,4.7,7.931,7.931
2023-03-25 02:00:00+01:00,53.0,6.4,11.47,11.47
2023-03-25 03:00:00+01:00,53.0,7.5,13.585,13.722
2023-03-25 04:00:00+01:00,53.0,5.0,8.451,8.4935
2023-03-25 05:00:00+01:00,53.0,9.0,16.817,17.3295
2023-03-25 06:00:00+01:00,53.0,14.5,26.0995,26.8475
2023-03-25 07:00:00+01:00,53.0,11.7,21.705,21.866
2023-03-25 08:00:00+01:00,53.0,9.2,17.844,17.86
2023-03-25 09:00:00+01:00,53.0,10.7,20.28,20.461
2023-03-25 10:00:00+01:00,53.0,17.1,29.384500000000003,30.487
2023-03-25 11:00:00+01:00,53.0,18.5,31.179,33.21
2023-03-25 12:00:00+01:00,53.0,16.6,28.6145,30.0245
2023-03-25 13:00:00+01:00,53.0,14.4,25.6935,26.283
2023-03-25 14:00:00+01:00,53.0,11.5,21.119,21.5335
2023-03-25 15:00:00+01:00,53.0,5.4,9.28,9.374
2023-03-25 16:00:00+01:00,53.0,5.8,9.8185,9.8365
2023-03-25 17:00:00+01:00,53.0,6.5,10.657,11.1455
2023-03-25 18:00:00+01:00,53.0,9.0,15.639,15.8675
2023-03-25 19:00:00+01:00,53.0,15.7,25.1465,28.1545
2023-03-25 20:00:00+01:00,53.0,54.8,67.2885,99.102
2023-03-25 21:00:00+01:00,53.0,37.6,49.17700000000001,67.5785
2023-03-25 22:00:00+01:00,53.0,40.4,51.7125,73.019
2023-03-25 23:00:00+01:00,53.0,26.2,38.3625,46.196
2023-03-26 00:00:00+01:00,53.0,15.7,25.4365,27.7425
2023-03-26 01:00:00+01:00,53.0,11.5,20.0625,20.6895
2023-03-26 02:00:00+01:00,53.0,4.9,8.5135,8.514
2023-03-26 03:00:00+01:00,53.0,17.9,30.125,32.0765
2023-03-26 04:00:00+01:00,53.0,11.1,19.3335,20.0465
2023-03-26 05:00:00+01:00,53.0,15.1,25.889,27.2925
2023-03-26 06:00:00+01:00,53.0,9.0,17.083,17.106499999999997
2023-03-26 07:00:00+01:00,53.0,22.6,36.314,41.4735
2023-03-26 08:00:00+01:00,53.0,16.1,28.6485,30.405
2023-03-26 09:00:00+01:00,53.0,11.2,21.6255,21.772
2023-03-26 10:00:00+01:00,53.0,10.6,20.9395,20.9665
2023-03-26 11:00:00+01:00,53.0,7.8,14.3305,14.5335
2023-03-26 12:00:00+01:00,53.0,5.2,9.0085,9.0085
2023-03-26 13:00:00+01:00,53.0,4.3,7.262499999999999,7.262499999999999
2023-03-26 14:00:00+01:00,53.0,4.8,8.1055,8.1055
2023-03-26 15:00:00+01:00,53.0,3.3,5.18,5.2170000000000005
2023-03-26 16:00:00+01:00,53.0,2.0,2.7935000000000003,2.794
2023-03-26 17:00:00+01:00,53.0,2.5,3.661,3.661
2023-03-26 18:00:00+01:00,53.0,4.6,7.809,7.84
2023-03-26 19:00:00+01:00,53.0,5.6,9.8485,9.8485
2023-03-26 20:00:00+01:00,53.0,12.7,22.384,23.2235
2023-03-26 21:00:00+01:00,53.0,4.0,6.811,6.811
2023-03-26 22:00:00+01:00,53.0,2.6,4.215999999999999,4.215999999999999
2023-03-26 23:00:00+01:00,53.0,3.3,5.4755,5.4935
2023-03-27 00:00:00+01:00,53.0,3.5,5.783,5.783
2023-03-27 01:00:00+01:00,53.0,4.0,6.494,6.494
2023-03-27 02:00:00+01:00,53.0,2.8,4.336,4.336
2023-03-27 03:00:00+01:00,53.0,1.2,1.2005,1.2005
2023-03-27 04:00:00+01:00,53.0,2.6,3.7825,3.783
2023-03-27 05:00:00+01:00,53.0,9.5,15.0675,16.573999999999998
2023-03-27 06:00:00+01:00,53.0,15.5,24.9235,27.511
2023-03-27 07:00:00+01:00,53.0,1.0,0.9795,0.9795
2023-03-27 08:00:00+01:00,53.0,1.5,1.756,1.756
2023-03-27 09:00:00+01:00,53.0,3.4,4.9555,5.3465
2023-03-27 10:00:00+01:00,53.0,3.3,5.069000000000001,5.170999999999999
2023-03-27 11:00:00+01:00,53.0,5.6,8.478,9.0885
2023-03-27 12:00:00+01:00,53.0,3.2,4.9795,4.9825
2023-03-27 13:00:00+01:00,53.0,4.6,7.5945,7.702500000000001
2023-03-27 14:00:00+01:00,53.0,7.9,12.819,13.367
2023-03-27 15:00:00+01:00,53.0,8.5,14.909,15.1975
2023-03-27 16:00:00+01:00,53.0,9.7,16.2835,16.9865
2023-03-27 17:00:00+01:00,53.0,13.7,23.4615,24.592
2023-03-27 18:00:00+01:00,53.0,17.2,28.256,30.475
2023-03-27 19:00:00+01:00,53.0,27.7,39.9175,48.8495
2023-03-27 20:00:00+01:00,53.0,25.1,36.0805,45.8755
2023-03-27 21:00:00+01:00,53.0,9.3,17.584,17.8445
2023-03-27 22:00:00+01:00,53.0,6.9,12.802,12.8165
2023-03-27 23:00:00+01:00,53.0,6.9,12.6935,12.6935
2023-03-28 00:00:00+01:00,53.0,15.4,23.8535,27.1065
2023-03-28 01:00:00+01:00,53.0,6.4,10.329,10.8895
2023-03-28 02:00:00+01:00,53.0,6.8,10.2775,11.4135
2023-03-28 03:00:00+01:00,53.0,8.0,11.2605,13.6845
2023-03-28 04:00:00+01:00,53.0,3.6,6.112,6.112
2023-03-28 05:00:00+01:00,53.0,6.9,11.738,11.8545
2023-03-28 06:00:00+01:00,53.0,16.1,26.2325,28.534
2023-03-28 07:00:00+01:00,53.0,24.9,35.871,44.3365
2023-03-28 08:00:00+01:00,53.0,17.8,28.9145,31.8
2023-03-28 09:00:00+01:00,53.0,6.6,11.981,12.071
2023-03-28 10:00:00+01:00,53.0,3.4,5.3975,5.3975
2023-03-28 11:00:00+01:00,53.0,3.9,6.18,6.414
2023-03-28 12:00:00+01:00,53.0,3.0,4.6795,4.7645
2023-03-28 13:00:00+01:00,53.0,3.4,5.447,5.45
2023-03-28 14:00:00+01:00,53.0,4.5,7.692500000000001,7.704499999999999
2023-03-28 15:00:00+01:00,53.0,2.9,4.46,4.46
2023-03-28 16:00:00+01:00,53.0,4.1,6.5095,6.682
2023-03-28 17:00:00+01:00,53.0,4.1,6.952500000000001,6.9615
2023-03-28 18:00:00+01:00,53.0,12.2,21.4905,22.3855
2023-03-28 19:00:00+01:00,53.0,34.8,46.3035,62.42100000000001
2023-03-28 20:00:00+01:00,53.0,31.5,43.645,56.2165
2023-03-28 21:00:00+01:00,53.0,20.2,32.2855,34.924499999999995
2023-03-28 22:00:00+01:00,53.0,20.7,32.813500000000005,35.8535
2023-03-28 23:00:00+01:00,53.0,19.1,29.475,33.959999999999994
2023-03-29 00:00:00+01:00,53.0,15.9,25.64,27.956
2023-03-29 01:00:00+01:00,53.0,9.2,16.203,16.700499999999998
2023-03-29 02:00:00+01:00,53.0,8.9,15.587,16.064999999999998
2023-03-29 03:00:00+01:00,53.0,7.7,12.366,13.271
2023-03-29 04:00:00+01:00,53.0,8.4,14.468,14.534
2023-03-29 05:00:00+01:00,53.0,28.1,37.863,49.4125
2023-03-29 06:00:00+01:00,53.0,17.7,29.7725,31.1085
2023-03-29 07:00:00+01:00,53.0,27.7,39.8185,48.98
2023-03-29 08:00:00+01:00,53.0,20.2,32.934,36.0735
2023-03-29 09:00:00+01:00,53.0,17.2,28.884500000000003,30.927
2023-03-29 10:00:00+01:00,53.0,13.5,24.5085,25.4905
2023-03-29 11:00:00+01:00,53.0,15.3,27.2215,28.338
2023-03-29 12:00:00+01:00,53.0,15.4,28.0875,28.857
2023-03-29 13:00:00+01:00,53.0,17.0,29.1305,30.185
2023-03-29 14:00:00+01:00,53.0,10.9,20.8075,20.976
2023-03-29 15:00:00+01:00,53.0,9.6,18.864,19.0205
2023-03-29 16:00:00+01:00,53.0,15.5,26.573500000000003,27.744
2023-03-29 17:00:00+01:00,53.0,16.2,26.573,29.641
2023-03-29 18:00:00+01:00,53.0,24.1,35.664,42.479
2023-03-29 19:00:00+01:00,53.0,6.5,11.474,11.474
2023-03-29 20:00:00+01:00,53.0,4.5,7.253,7.253
2023-03-29 21:00:00+01:00,53.0,3.0,4.7405,4.7405
2023-03-29 22:00:00+01:00,53.0,28.7,36.23,51.5155
2023-03-29 23:00:00+01:00,53.0,51.4,61.5225,93.121
2023-03-30 00:00:00+01:00,53.0,61.4,73.989,111.958
2023-03-30 01:00:00+01:00,53.0,53.7,64.82249999999999,97.9525
2023-03-30 02:00:00+01:00,53.0,46.5,57.096,84.9925
2023-03-30 03:00:00+01:00,53.0,59.0,71.19399999999999,106.367
2023-03-30 04:00:00+01:00,53.0,39.8,50.834500000000006,72.7775
2023-03-30 05:00:00+01:00,53.0,64.0,77.434,115.91
2023-03-30 06:00:00+01:00,53.0,54.7,66.451,100.088
2023-03-30 07:00:00+01:00,53.0,43.2,53.7465,78.6125
2023-03-30 08:00:00+01:00,53.0,20.8,30.0345,37.944
2023-03-30 09:00:00+01:00,53.0,2.4,3.484,3.5075000000000003
2023-03-30 10:00:00+01:00,53.0,2.7,4.107,4.1195
2023-03-30 11:00:00+01:00,53.0,2.6,3.5915,3.7255
2023-03-30 12:00:00+01:00,53.0,1.9,2.352,2.352
2023-03-30 13:00:00+01:00,53.0,1.6,1.894,1.894
2023-03-30 14:00:00+01:00,53.0,1.7,2.018,2.018
2023-03-30 15:00:00+01:00,53.0,2.3,3.3085000000000004,3.3085000000000004
2023-03-30 16:00:00+01:00,53.0,2.7,4.3335,4.3335
2023-03-30 17:00:00+01:00,53.0,2.6,3.9005,3.9125
2023-03-30 18:00:00+01:00,53.0,4.6,7.306,7.504
2023-03-30 19:00:00+01:00,53.0,3.7,5.9675,5.9795
2023-03-30 20:00:00+01:00,53.0,3.2,5.2775,5.2775
2023-03-30 21:00:00+01:00,53.0,5.4,9.1505,9.351
2023-03-30 22:00:00+01:00,53.0,2.5,3.839,3.839
2023-03-30 23:00:00+01:00,53.0,2.0,2.7905,2.7905
2023-03-31 00:00:00+01:00,53.0,1.8,2.2655,2.2655
2023-03-31 01:00:00+01:00,53.0,2.5,3.434,3.545
2023-03-31 02:00:00+01:00,53.0,1.8,2.2275,2.2275
2023-03-31 03:00:00+01:00,53.0,3.6,5.8645,5.8645
2023-03-31 04:00:00+01:00,53.0,7.3,13.3195,14.0425
2023-03-31 05:00:00+01:00,53.0,11.6,21.2145,21.695500000000003
2023-03-31 06:00:00+01:00,53.0,28.1,39.4465,50.3385
2023-03-31 07:00:00+01:00,53.0,3.7,6.234999999999999,6.271
2023-03-31 08:00:00+01:00,53.0,3.3,5.269500000000001,5.3845
2023-03-31 09:00:00+01:00,53.0,2.0,2.96,2.96
2023-03-31 10:00:00+01:00,53.0,2.2,3.0235,3.0235
2023-03-31 11:00:00+01:00,53.0,2.4,3.6325,3.713
2023-03-31 12:00:00+01:00,53.0,2.1,2.9890000000000003,2.9890000000000003
2023-03-31 13:00:00+01:00,53.0,2.2,3.1675,3.1675
2023-03-31 14:00:00+01:00,53.0,3.5,5.872,5.872
2023-03-31 15:00:00+01:00,53.0,2.5,3.894,3.894
2023-03-31 16:00:00+01:00,53.0,3.6,6.024,6.0355
2023-03-31 17:00:00+01:00,53.0,4.3,7.314999999999999,7.320500000000001
2023-03-31 18:00:00+01:00,53.0,9.3,16.512,16.798000000000002
2023-03-31 19:00:00+01:00,53.0,5.9,10.44,10.4495
2023-03-31 20:00:00+01:00,53.0,4.0,6.9095,6.9095
2023-03-31 21:00:00+01:00,53.0,3.1,4.779999999999999,4.854
2023-03-31 22:00:00+01:00,53.0,4.7,7.101,7.7415
2023-03-31 23:00:00+01:00,53.0,3.1,4.8245000000000005,5.036
2023-04-01 00:00:00+01:00,53.0,3.0,5.011,5.076499999999999
2023-04-01 01:00:00+01:00,53.0,5.5,10.2395,10.2395
2023-04-01 02:00:00+01:00,53.0,5.8,10.5045,10.5775
2023-04-01 03:00:00+01:00,53.0,4.4,7.8255,7.8255
2023-04-01 04:00:00+01:00,53.0,2.1,2.9605,2.9605
2023-04-01 05:00:00+01:00,53.0,1.4,1.636,1.636
2023-04-01 06:00:00+01:00,53.0,10.4,16.380000000000003,17.9155
2023-04-01 07:00:00+01:00,53.0,9.6,17.9555,17.993000000000002
2023-04-01 08:00:00+01:00,53.0,6.4,11.408,11.539
2023-04-01 09:00:00+01:00,53.0,12.0,19.024,21.811
2023-04-01 10:00:00+01:00,53.0,6.4,9.935,10.999
2023-04-01 11:00:00+01:00,53.0,3.4,4.504,5.018
2023-04-01 12:00:00+01:00,53.0,1.2,1.307,1.307
2023-04-01 13:00:00+01:00,53.0,1.0,0.9255,0.9255
2023-04-01 14:00:00+01:00,53.0,1.4,1.6509999999999998,1.6509999999999998
2023-04-01 15:00:00+01:00,53.0,1.4,1.5025,1.5025
2023-04-01 16:00:00+01:00,53.0,2.4,3.327,3.327
2023-04-01 17:00:00+01:00,53.0,4.9,7.664,8.1805
2023-04-01 18:00:00+01:00,53.0,6.7,11.384,11.854
2023-04-01 19:00:00+01:00,53.0,5.1,8.669,8.6715
2023-04-01 20:00:00+01:00,53.0,18.4,30.045,33.2595
2023-04-01 21:00:00+01:00,53.0,13.1,23.3285,24.0815
2023-04-01 22:00:00+01:00,53.0,16.7,28.6155,29.8655
2023-04-01 23:00:00+01:00,53.0,13.4,23.8365,24.366
2023-04-02 00:00:00+01:00,53.0,15.5,26.657,27.7005
2023-04-02 01:00:00+01:00,53.0,7.8,13.863,14.0295
2023-04-02 02:00:00+01:00,53.0,12.5,21.936,23.3715
2023-04-02 03:00:00+01:00,53.0,7.1,12.1075,12.583
2023-04-02 04:00:00+01:00,53.0,13.8,24.8885,25.162
2023-04-02 05:00:00+01:00,53.0,5.5,9.786,9.8495
2023-04-02 06:00:00+01:00,53.0,8.4,15.2305,15.467
2023-04-02 07:00:00+01:00,53.0,15.6,27.282,28.641
2023-04-02 08:00:00+01:00,53.0,11.8,20.2165,21.9395
2023-04-02 09:00:00+01:00,53.0,6.5,12.1045,12.114
2023-04-02 10:00:00+01:00,53.0,4.9,8.538499999999999,8.555
2023-04-02 11:00:00+01:00,53.0,3.1,4.992,5.0295000000000005
2023-04-02 12:00:00+01:00,53.0,4.1,6.827500000000001,6.8885000000000005
2023-04-02 13:00:00+01:00,53.0,3.9,6.3805,6.3805
2023-04-02 14:00:00+01:00,53.0,3.6,5.647,5.714
2023-04-02 15:00:00+01:00,53.0,2.7,4.033,4.1080000000000005
2023-04-02 16:00:00+01:00,53.0,2.8,4.3175,4.3260000000000005
2023-04-02 17:00:00+01:00,53.0,4.8,8.2625,8.284
2023-04-02 18:00:00+01:00,53.0,7.5,13.57,13.6255
2023-04-02 19:00:00+01:00,53.0,10.9,18.775,20.0325
2023-04-02 20:00:00+01:00,53.0,14.1,25.088,25.7445
2023-04-02 21:00:00+01:00,53.0,21.8,31.405,39.1715
2023-04-02 22:00:00+01:00,53.0,5.1,6.672000000000001,8.1425
2023-04-02 23:00:00+01:00,53.0,2.9,4.398,4.398
2023-04-03 00:00:00+01:00,53.0,3.7,5.952500000000001,5.952500000000001
2023-04-03 01:00:00+01:00,53.0,4.5,7.2065,7.2065
2023-04-03 02:00:00+01:00,53.0,6.6,11.2845,11.2845
2023-04-03 03:00:00+01:00,53.0,7.4,12.991499999999998,12.9945
2023-04-03 04:00:00+01:00,53.0,7.2,12.483,12.493
2023-04-03 05:00:00+01:00,53.0,9.3,17.107,17.221
2023-04-03 06:00:00+01:00,53.0,12.0,21.889,22.3485
2023-04-03 07:00:00+01:00,53.0,12.9,23.005000000000003,23.839
2023-04-03 08:00:00+01:00,53.0,15.9,26.8355,29.061
2023-04-03 09:00:00+01:00,53.0,13.3,23.5755,24.432
2023-04-03 10:00:00+01:00,53.0,14.7,25.7025,26.648
2023-04-03 11:00:00+01:00,53.0,15.5,26.257,27.785
2023-04-03 12:00:00+01:00,53.0,12.7,22.92,23.145
2023-04-03 13:00:00+01:00,53.0,16.6,28.2845,29.546
2023-04-03 14:00:00+01:00,53.0,21.6,34.241,38.203
2023-04-03 15:00:00+01:00,53.0,24.5,37.041,43.2195
2023-04-03 16:00:00+01:00,53.0,19.9,32.0115,34.935
2023-04-03 17:00:00+01:00,53.0,41.1,51.76,72.882
2023-04-03 18:00:00+01:00,53.0,44.6,53.8365,79.37450000000001
2023-04-03 19:00:00+01:00,53.0,38.9,49.495000000000005,69.5445
2023-04-03 20:00:00+01:00,53.0,14.6,25.669,26.0675
2023-04-03 21:00:00+01:00,53.0,14.4,25.307,25.8685
2023-04-03 22:00:00+01:00,53.0,11.8,21.9915,22.3665
2023-04-03 23:00:00+01:00,53.0,7.5,13.8845,14.0225
2023-04-04 00:00:00+01:00,53.0,7.3,11.9605,12.7415
2023-04-04 01:00:00+01:00,53.0,7.0,12.316,12.5885
2023-04-04 02:00:00+01:00,53.0,6.2,11.204,11.2125
2023-04-04 03:00:00+01:00,53.0,6.5,12.099,12.099
2023-04-04 04:00:00+01:00,53.0,9.5,17.519,17.8415
2023-04-04 05:00:00+01:00,53.0,17.3,28.619,30.2045
2023-04-04 06:00:00+01:00,53.0,15.7,27.2345,27.557
2023-04-04 07:00:00+01:00,53.0,21.3,33.7775,37.729
2023-04-04 08:00:00+01:00,53.0,13.0,23.5375,24.4055
2023-04-04 09:00:00+01:00,53.0,12.4,22.5345,23.17
2023-04-04 10:00:00+01:00,53.0,11.6,21.691000000000003,21.902
2023-04-04 11:00:00+01:00,53.0,10.9,20.679,20.9725
2023-04-04 12:00:00+01:00,53.0,11.4,21.785,21.9735
2023-04-04 13:00:00+01:00,53.0,13.4,24.5935,25.192
2023-04-04 14:00:00+01:00,53.0,13.5,24.651,25.6585
2023-04-04 15:00:00+01:00,53.0,13.9,25.3735,25.851
2023-04-04 16:00:00+01:00,53.0,15.1,26.7805,27.728
2023-04-04 17:00:00+01:00,53.0,16.4,28.6325,29.542
2023-04-04 18:00:00+01:00,53.0,18.8,31.159,33.4425
2023-04-04 19:00:00+01:00,53.0,18.8,31.343,33.1945
2023-04-04 20:00:00+01:00,53.0,21.9,34.6565,38.6675
2023-04-04 21:00:00+01:00,53.0,25.0,37.6535,44.054
2023-04-04 22:00:00+01:00,53.0,28.2,40.438500000000005,49.4545
2023-04-04 23:00:00+01:00,53.0,25.6,38.169,44.7755
2023-04-05 00:00:00+01:00,53.0,22.1,34.208,38.039
2023-04-05 01:00:00+01:00,53.0,21.6,33.633,37.096500000000006
2023-04-05 02:00:00+01:00,53.0,20.5,32.7635,35.381
2023-04-05 03:00:00+01:00,53.0,18.9,31.100500000000004,32.714
2023-04-05 04:00:00+01:00,53.0,15.9,27.446,27.8085
2023-04-05 05:00:00+01:00,53.0,18.2,30.435,32.198
2023-04-05 06:00:00+01:00,53.0,19.8,32.3505,34.908500000000004
2023-04-05 07:00:00+01:00,53.0,19.2,31.5935,33.6395
2023-04-05 08:00:00+01:00,53.0,21.6,34.0895,37.825
2023-04-05 09:00:00+01:00,53.0,22.9,35.376000000000005,39.892
2023-04-05 10:00:00+01:00,53.0,20.1,32.705,35.5585
2023-04-05 11:00:00+01:00,53.0,21.5,34.122,37.778000000000006
2023-04-05 12:00:00+01:00,53.0,19.5,31.9685,34.0955
2023-04-05 13:00:00+01:00,53.0,19.9,32.3005,34.7825
2023-04-05 14:00:00+01:00,53.0,18.4,30.799,32.3215
2023-04-05 15:00:00+01:00,53.0,21.2,34.004,37.6845
2023-04-05 16:00:00+01:00,53.0,27.7,40.631,48.9525
2023-04-05 17:00:00+01:00,53.0,25.4,37.943,44.664
2023-04-05 18:00:00+01:00,53.0,32.4,43.753,56.897000000000006
2023-04-05 19:00:00+02:00,53.0,32.4,43.753,56.897000000000006
2023-04-05 20:00:00+02:00,53.0,46.6,56.0035,83.00649999999999
2023-04-05 21:00:00+02:00,53.0,49.8,60.04,88.7415
2023-04-05 22:00:00+02:00,53.0,41.9,51.6595,73.5805
2023-04-05 23:00:00+02:00,53.0,39.3,49.128,68.661
2023-04-06 00:00:00+02:00,53.0,32.0,43.1275,55.165
2023-04-06 01:00:00+02:00,53.0,27.9,39.662,47.6315
2023-04-06 02:00:00+02:00,53.0,24.0,35.858999999999995,40.6835
2023-04-06 03:00:00+02:00,53.0,22.8,34.759,38.8095
2023-04-06 04:00:00+02:00,53.0,23.4,34.917,39.651
2023-04-06 05:00:00+02:00,53.0,24.6,35.808499999999995,41.3795
2023-04-06 06:00:00+02:00,53.0,26.7,37.8665,45.431
2023-04-06 07:00:00+02:00,53.0,26.2,37.5895,44.7145
2023-04-06 08:00:00+02:00,53.0,18.6,30.5255,32.5025
2023-04-06 09:00:00+02:00,53.0,14.2,24.9835,25.307
2023-04-06 10:00:00+02:00,53.0,13.4,23.7815,24.713
2023-04-06 11:00:00+02:00,53.0,10.4,19.6245,20.1255
2023-04-06 12:00:00+02:00,53.0,9.7,18.956,19.07
2023-04-06 13:00:00+02:00,53.0,9.4,18.595,18.604
2023-04-06 14:00:00+02:00,53.0,10.2,19.6035,19.8295
2023-04-06 15:00:00+02:00,53.0,10.0,19.5395,19.5395
2023-04-06 16:00:00+02:00,53.0,11.0,21.2525,21.354
2023-04-06 17:00:00+02:00,53.0,11.5,21.843,21.971
2023-04-06 18:00:00+02:00,53.0,12.3,23.458,23.779
2023-04-06 19:00:00+02:00,53.0,29.7,41.7655,53.7415
2023-04-06 20:00:00+02:00,53.0,37.5,48.8205,67.42
2023-04-06 21:00:00+02:00,53.0,36.6,48.935,65.8745
2023-04-06 22:00:00+02:00,53.0,31.4,43.836,56.171
2023-04-06 23:00:00+02:00,53.0,28.5,41.2095,50.8745
2023-04-07 00:00:00+02:00,53.0,19.6,32.5955,35.106
2023-04-07 01:00:00+02:00,53.0,18.7,31.328000000000003,33.1495
2023-04-07 02:00:00+02:00,53.0,17.8,29.746,31.1275
2023-04-07 03:00:00+02:00,53.0,14.6,26.202,26.320500000000003
2023-04-07 04:00:00+02:00,53.0,13.7,25.0645,25.1135
2023-04-07 05:00:00+02:00,53.0,16.7,28.022,29.492
2023-04-07 06:00:00+02:00,53.0,19.0,31.4465,33.6335
2023-04-07 07:00:00+02:00,53.0,19.9,32.7755,35.497
2023-04-07 08:00:00+02:00,53.0,38.7,49.7375,70.736
2023-04-07 09:00:00+02:00,53.0,44.1,53.828,79.655
2023-04-07 10:00:00+02:00,53.0,29.7,42.1075,53.7785
2023-04-07 11:00:00+02:00,53.0,22.6,35.8005,40.5425
2023-04-07 12:00:00+02:00,53.0,21.5,34.284000000000006,38.1305
2023-04-07 13:00:00+02:00,53.0,16.8,28.5355,29.794
2023-04-07 14:00:00+02:00,53.0,17.0,28.9905,29.909
2023-04-07 15:00:00+02:00,53.0,15.3,26.647,27.0285
2023-04-07 16:00:00+02:00,53.0,15.5,26.965,27.339
2023-04-07 17:00:00+02:00,53.0,13.2,23.8355,23.8755
2023-04-07 18:00:00+02:00,53.0,11.2,21.3295,21.339
2023-04-07 19:00:00+02:00,53.0,19.9,31.646,36.325500000000005
2023-04-07 20:00:00+02:00,53.0,22.1,35.101,39.355500000000006
2023-04-07 21:00:00+02:00,53.0,25.8,38.5565,46.226
2023-04-07 22:00:00+02:00,53.0,42.3,53.422,76.366
2023-04-07 23:00:00+02:00,53.0,41.4,51.2815,74.85849999999999
2023-04-08 00:00:00+02:00,53.0,29.4,41.5145,51.973
2023-04-08 01:00:00+02:00,53.0,26.4,38.82899999999999,45.7305
2023-04-08 02:00:00+02:00,53.0,25.3,37.9745,44.0855
2023-04-08 03:00:00+02:00,53.0,30.3,42.394,53.206500000000005
2023-04-08 04:00:00+02:00,53.0,25.1,37.8985,44.176
2023-04-08 05:00:00+02:00,53.0,28.1,40.2795,49.3325
2023-04-08 06:00:00+02:00,53.0,27.8,40.683,49.17100000000001
2023-04-08 07:00:00+02:00,53.0,24.8,37.472,43.968
2023-04-08 08:00:00+02:00,53.0,24.4,37.254,43.471
2023-04-08 09:00:00+02:00,53.0,56.2,67.4265,102.033
2023-04-08 10:00:00+02:00,53.0,40.7,51.145,73.5655
2023-04-08 11:00:00+02:00,53.0,17.5,29.113,31.261000000000003
2023-04-08 12:00:00+02:00,53.0,11.6,21.8135,21.898
2023-04-08 13:00:00+02:00,53.0,13.2,23.8695,24.09
2023-04-08 14:00:00+02:00,53.0,12.0,22.2205,22.2295
2023-04-08 15:00:00+02:00,53.0,9.7,18.543,18.578
2023-04-08 16:00:00+02:00,53.0,10.5,19.6355,19.809
2023-04-08 17:00:00+02:00,53.0,12.7,22.8135,22.820500000000003
2023-04-08 18:00:00+02:00,53.0,17.7,29.612,30.839
2023-04-08 19:00:00+02:00,53.0,19.7,31.884,33.8035
2023-04-08 20:00:00+02:00,53.0,30.7,42.1755,53.528
2023-04-08 21:00:00+02:00,53.0,30.1,41.458,51.935
2023-04-08 22:00:00+02:00,53.0,30.9,42.318,53.107
2023-04-08 23:00:00+02:00,53.0,28.4,40.1985,48.545
2023-04-09 00:00:00+02:00,53.0,27.3,39.1895,46.472
2023-04-09 01:00:00+02:00,53.0,27.2,39.036,46.254000000000005
2023-04-09 02:00:00+02:00,53.0,25.8,37.751000000000005,43.809
2023-04-09 03:00:00+02:00,53.0,22.9,34.795,38.604
2023-04-09 04:00:00+02:00,53.0,22.1,34.0085,37.4405
2023-04-09 05:00:00+02:00,53.0,22.5,34.3465,38.086
2023-04-09 06:00:00+02:00,53.0,23.4,35.376999999999995,39.675
2023-04-09 07:00:00+02:00,53.0,12.6,21.571,22.906
2023-04-09 08:00:00+02:00,53.0,13.7,24.371,25.281
2023-04-09 09:00:00+02:00,53.0,17.6,29.2645,30.712
2023-04-09 10:00:00+02:00,53.0,22.7,35.301,40.0025
2023-04-09 11:00:00+02:00,53.0,20.1,32.629000000000005,35.6425
2023-04-09 12:00:00+02:00,53.0,22.2,34.5085,39.148
2023-04-09 13:00:00+02:00,53.0,34.2,45.4785,59.627
2023-04-09 14:00:00+02:00,53.0,32.1,43.3815,55.518
2023-04-09 15:00:00+02:00,53.0,35.7,45.979,61.6085
2023-04-09 16:00:00+02:00,53.0,40.7,49.900000000000006,70.666
2023-04-09 17:00:00+02:00,53.0,48.6,57.3,85.5955
2023-04-09 18:00:00+02:00,53.0,45.8,54.5765,80.47749999999999
2023-04-09 19:00:00+02:00,53.0,36.3,46.623,63.1525
2023-04-09 20:00:00+02:00,53.0,35.5,45.9485,61.786
2023-04-09 21:00:00+02:00,53.0,29.7,41.4915,51.51
2023-04-09 22:00:00+02:00,53.0,29.4,41.209,51.2735
2023-04-09 23:00:00+02:00,53.0,20.4,32.649,35.0595
2023-04-10 00:00:00+02:00,53.0,20.1,32.2135,34.33
2023-04-10 01:00:00+02:00,53.0,23.1,35.3405,39.705
2023-04-10 02:00:00+02:00,53.0,26.0,38.327,44.8235
2023-04-10 03:00:00+02:00,53.0,23.6,35.7915,40.352
2023-04-10 04:00:00+02:00,53.0,19.2,30.917,32.6125
2023-04-10 05:00:00+02:00,53.0,23.3,35.056,39.854
2023-04-10 06:00:00+02:00,53.0,23.5,35.7565,40.4475
2023-04-10 07:00:00+02:00,53.0,27.4,39.4555,47.298
2023-04-10 08:00:00+02:00,53.0,25.2,37.24,43.485
2023-04-10 09:00:00+02:00,53.0,23.2,35.4015,39.7715
2023-04-10 10:00:00+02:00,53.0,23.2,35.1225,40.032
2023-04-10 11:00:00+02:00,53.0,22.2,34.371,38.1545
2023-04-10 12:00:00+02:00,53.0,20.5,32.252,35.159499999999994
2023-04-10 13:00:00+02:00,53.0,17.1,28.586,29.387500000000003
2023-04-10 14:00:00+02:00,53.0,17.0,28.4335,29.078000000000003
2023-04-10 15:00:00+02:00,53.0,15.8,26.487,26.938
2023-04-10 16:00:00+02:00,53.0,14.2,24.4535,24.6465
2023-04-10 17:00:00+02:00,53.0,13.1,23.3275,23.5415
2023-04-10 18:00:00+02:00,53.0,15.8,26.636000000000003,27.3495
2023-04-10 19:00:00+02:00,53.0,34.9,45.3645,61.027
2023-04-10 20:00:00+02:00,53.0,35.3,46.1105,62.0095
2023-04-10 21:00:00+02:00,53.0,31.7,43.4725,55.822500000000005
2023-04-10 22:00:00+02:00,53.0,28.0,40.2295,48.929
2023-04-10 23:00:00+02:00,53.0,23.6,36.2915,41.2705
2023-04-11 00:00:00+02:00,53.0,20.5,32.938500000000005,35.5415
2023-04-11 01:00:00+02:00,53.0,19.6,31.6805,33.596
2023-04-11 02:00:00+02:00,53.0,19.0,31.046,32.5265
2023-04-11 03:00:00+02:00,53.0,17.9,29.6425,30.4665
2023-04-11 04:00:00+02:00,53.0,18.6,30.354,31.535
2023-04-11 05:00:00+02:00,53.0,19.3,31.3835,33.15
2023-04-11 06:00:00+02:00,53.0,21.5,33.9525,37.2845
2023-04-11 07:00:00+02:00,53.0,30.0,41.801,52.7025
2023-04-11 08:00:00+02:00,53.0,25.4,37.9235,44.221
2023-04-11 09:00:00+02:00,53.0,28.0,40.3325,49.1035
2023-04-11 10:00:00+02:00,53.0,13.6,23.42,23.482
2023-04-11 11:00:00+02:00,53.0,10.4,18.8255,18.835
2023-04-11 12:00:00+02:00,53.0,10.3,18.717,18.99
2023-04-11 13:00:00+02:00,53.0,7.2,12.106,12.337
2023-04-11 14:00:00+02:00,53.0,5.8,9.3335,9.3515
2023-04-11 15:00:00+02:00,53.0,6.3,10.7935,10.796
2023-04-11 16:00:00+02:00,53.0,8.1,15.1535,15.1565
2023-04-11 17:00:00+02:00,53.0,9.6,17.4955,17.7835
2023-04-11 18:00:00+02:00,53.0,15.6,26.545,27.7565
2023-04-11 19:00:00+02:00,53.0,44.3,54.405,78.796
2023-04-11 20:00:00+02:00,53.0,44.5,54.908,79.62049999999999
2023-04-11 21:00:00+02:00,53.0,57.1,68.225,102.906
2023-04-11 22:00:00+02:00,53.0,45.5,55.092,81.54849999999999
2023-04-11 23:00:00+02:00,53.0,31.0,42.9665,54.802
2023-04-12 00:00:00+02:00,53.0,29.7,41.9085,52.2615
2023-04-12 01:00:00+02:00,53.0,30.7,42.834,53.9375
2023-04-12 02:00:00+02:00,53.0,29.1,41.4265,50.974
2023-04-12 03:00:00+02:00,53.0,28.6,40.8405,49.9285
2023-04-12 04:00:00+02:00,53.0,26.3,38.3475,45.663
2023-04-12 05:00:00+02:00,53.0,22.2,34.8525,38.7735
2023-04-12 06:00:00+02:00,53.0,23.0,35.5065,40.463
2023-04-12 07:00:00+02:00,53.0,23.2,35.959,40.7735
2023-04-12 08:00:00+02:00,53.0,20.2,32.804,35.718999999999994
2023-04-12 09:00:00+02:00,53.0,11.5,21.1495,21.4245
2023-04-12 10:00:00+02:00,53.0,7.9,12.0115,13.531
2023-04-12 11:00:00+02:00,53.0,3.8,6.2785,6.28
2023-04-12 12:00:00+02:00,53.0,3.3,5.1925,5.2235
2023-04-12 13:00:00+02:00,53.0,3.4,5.7035,5.71
2023-04-12 14:00:00+02:00,53.0,2.8,4.748,4.748
2023-04-12 15:00:00+02:00,53.0,4.9,8.448500000000001,8.6665
2023-04-12 16:00:00+02:00,53.0,3.8,6.256,6.3385
2023-04-12 17:00:00+02:00,53.0,4.4,7.844,7.8485
2023-04-12 18:00:00+02:00,53.0,7.1,12.662,12.864
2023-04-12 19:00:00+02:00,53.0,18.5,30.1895,33.393
2023-04-12 20:00:00+02:00,53.0,36.1,47.177,64.5595
2023-04-12 21:00:00+02:00,53.0,25.9,38.637,46.046
2023-04-12 22:00:00+02:00,53.0,25.6,38.2815,45.279
2023-04-12 23:00:00+02:00,53.0,19.1,31.2305,33.781
2023-04-13 00:00:00+02:00,53.0,14.3,24.2175,26.218
2023-04-13 01:00:00+02:00,53.0,9.8,17.953,18.48
2023-04-13 02:00:00+02:00,53.0,10.2,18.4295,19.315
2023-04-13 03:00:00+02:00,53.0,11.2,20.0595,21.187
2023-04-13 04:00:00+02:00,53.0,15.9,27.58,28.1425
2023-04-13 05:00:00+02:00,53.0,22.2,35.349500000000006,39.8205
2023-04-13 06:00:00+02:00,53.0,37.7,49.6025,68.346
2023-04-13 07:00:00+02:00,53.0,36.0,47.5535,65.786
2023-04-13 08:00:00+02:00,53.0,31.9,45.2195,59.7105
2023-04-13 09:00:00+02:00,53.0,31.0,43.767,56.3635
2023-04-13 10:00:00+02:00,53.0,25.4,38.25449999999999,45.421
2023-04-13 11:00:00+02:00,53.0,18.9,31.652500000000003,33.5995
2023-04-13 12:00:00+02:00,53.0,17.5,29.343,31.2735
2023-04-13 13:00:00+02:00,53.0,19.6,32.238,35.3365
2023-04-13 14:00:00+02:00,53.0,22.2,35.262,39.879000000000005
2023-04-13 15:00:00+02:00,53.0,22.8,35.702,40.7895
2023-04-13 16:00:00+02:00,53.0,22.3,35.3595,39.933
2023-04-13 17:00:00+02:00,53.0,23.8,36.7095,42.538
2023-04-13 18:00:00+02:00,53.0,24.3,37.192,43.4735
2023-04-13 19:00:00+02:00,53.0,22.2,35.2085,39.4985
2023-04-13 20:00:00+02:00,53.0,29.2,41.7755,52.113
2023-04-13 21:00:00+02:00,53.0,33.6,45.2275,59.885000000000005
2023-04-13 22:00:00+02:00,53.0,30.0,42.4465,53.4275
2023-04-13 23:00:00+02:00,53.0,35.6,47.082,63.325500000000005
2023-04-14 00:00:00+02:00,53.0,23.1,34.296499999999995,40.9495
2023-04-14 01:00:00+02:00,53.0,6.2,10.2285,10.3815
2023-04-14 02:00:00+02:00,53.0,3.0,4.825,4.825
2023-04-14 03:00:00+02:00,53.0,3.6,4.6275,5.3885000000000005
2023-04-14 04:00:00+02:00,53.0,1.1,1.1845,1.1845
2023-04-14 05:00:00+02:00,53.0,1.7,1.916,2.2825
2023-04-14 06:00:00+02:00,53.0,2.3,3.361,3.402
2023-04-14 07:00:00+02:00,53.0,4.0,6.8795,6.889
2023-04-14 08:00:00+02:00,53.0,3.9,6.69,6.707
2023-04-14 09:00:00+02:00,53.0,10.3,18.802,19.5945
2023-04-14 10:00:00+02:00,53.0,11.6,21.5635,21.7885
2023-04-14 11:00:00+02:00,53.0,5.8,10.275,10.2805
2023-04-14 12:00:00+02:00,53.0,4.5,7.602500000000001,7.7475
2023-04-14 13:00:00+02:00,53.0,0.9,0.9875,0.9875
2023-04-14 14:00:00+02:00,53.0,0.6,0.446,0.446
2023-04-14 15:00:00+02:00,53.0,0.8,0.7635000000000001,0.768
2023-04-14 16:00:00+02:00,53.0,0.9,0.748,0.748
2023-04-14 17:00:00+02:00,53.0,0.8,0.7385,0.7385
2023-04-14 18:00:00+02:00,53.0,2.7,3.528,3.9165
2023-04-14 19:00:00+02:00,53.0,3.9,5.499499999999999,6.058
2023-04-14 20:00:00+02:00,53.0,9.2,14.3065,15.951999999999998
2023-04-14 21:00:00+02:00,53.0,24.6,34.65,44.3835
2023-04-14 22:00:00+02:00,53.0,40.3,51.4785,73.2475
2023-04-14 23:00:00+02:00,53.0,13.9,24.7875,25.5405
2023-04-15 00:00:00+02:00,53.0,16.3,28.0465,29.1995
2023-04-15 01:00:00+02:00,53.0,30.0,42.361,53.723
2023-04-15 02:00:00+02:00,53.0,11.8,20.5265,21.631
2023-04-15 03:00:00+02:00,53.0,21.9,29.906,39.3935
2023-04-15 04:00:00+02:00,53.0,28.4,38.265,50.864
2023-04-15 05:00:00+02:00,53.0,24.6,38.3375,44.993
2023-04-15 06:00:00+02:00,53.0,21.3,34.8315,38.9345
2023-04-15 07:00:00+02:00,53.0,25.1,38.1365,45.512
2023-04-15 08:00:00+02:00,53.0,36.5,48.8295,67.311
2023-04-15 09:00:00+02:00,53.0,11.8,17.266,21.0475
2023-04-15 10:00:00+02:00,53.0,1.4,1.539,1.539
2023-04-15 11:00:00+02:00,53.0,1.3,1.4155,1.4265
2023-04-15 12:00:00+02:00,53.0,0.8,0.597,0.597
2023-04-15 13:00:00+02:00,53.0,0.9,0.8995,0.8995
2023-04-15 14:00:00+02:00,53.0,1.7,2.229,2.259
2023-04-15 15:00:00+02:00,53.0,1.0,0.991,0.991
2023-04-15 16:00:00+02:00,53.0,1.4,1.5445000000000002,1.5445000000000002
2023-04-15 17:00:00+02:00,53.0,1.7,2.093,2.093
2023-04-15 18:00:00+02:00,53.0,7.5,13.548,13.6085
2023-04-15 19:00:00+02:00,53.0,7.2,12.023,12.259
2023-04-15 20:00:00+02:00,53.0,10.1,17.5745,18.195
2023-04-15 21:00:00+02:00,53.0,2.2,3.0335,3.0455
2023-04-15 22:00:00+02:00,53.0,2.8,4.296,4.296
2023-04-15 23:00:00+02:00,53.0,4.5,7.4815,7.4815
2023-04-16 00:00:00+02:00,53.0,8.8,13.6435,15.5665
2023-04-16 01:00:00+02:00,53.0,5.9,9.843,10.31
2023-04-16 02:00:00+02:00,53.0,6.7,11.8135,11.8135
2023-04-16 03:00:00+02:00,53.0,10.4,18.91,19.5755
2023-04-16 04:00:00+02:00,53.0,7.2,13.761,13.788
2023-04-16 05:00:00+02:00,53.0,6.5,11.9295,11.9295
2023-04-16 06:00:00+02:00,53.0,4.9,8.4625,8.4625
2023-04-16 07:00:00+02:00,53.0,9.5,17.7775,17.833
2023-04-16 08:00:00+02:00,53.0,15.2,26.445,27.8355
2023-04-16 09:00:00+02:00,53.0,10.7,20.19,20.212
2023-04-16 10:00:00+02:00,53.0,10.5,19.7175,19.8805
2023-04-16 11:00:00+02:00,53.0,7.9,15.846,15.8475
2023-04-16 12:00:00+02:00,53.0,6.2,10.892,10.942
2023-04-16 13:00:00+02:00,53.0,8.6,16.683999999999997,16.703500000000002
2023-04-16 14:00:00+02:00,53.0,11.4,21.3275,21.4795
2023-04-16 15:00:00+02:00,53.0,13.6,24.633,24.7145
2023-04-16 16:00:00+02:00,53.0,10.1,19.3715,19.3715
2023-04-16 17:00:00+02:00,53.0,13.0,23.788,23.9285
2023-04-16 18:00:00+02:00,53.0,13.0,23.794,24.0915
2023-04-16 19:00:00+02:00,53.0,18.6,30.977,32.9045
2023-04-16 20:00:00+02:00,53.0,27.2,39.9605,48.6145
2023-04-16 21:00:00+02:00,53.0,26.4,39.405,46.983
2023-04-16 22:00:00+02:00,53.0,15.1,26.473,27.009500000000003
2023-04-16 23:00:00+02:00,53.0,12.8,22.8985,23.7335
2023-04-17 00:00:00+02:00,53.0,9.3,17.0885,17.101
2023-04-17 01:00:00+02:00,53.0,4.9,8.4695,8.4695
2023-04-17 02:00:00+02:00,53.0,3.2,5.1685,5.1685
2023-04-17 03:00:00+02:00,53.0,2.3,3.567,3.567
2023-04-17 04:00:00+02:00,53.0,4.2,6.7785,6.7785
2023-04-17 05:00:00+02:00,53.0,6.8,11.8815,11.8815
2023-04-17 06:00:00+02:00,53.0,10.3,19.0745,19.213
2023-04-17 07:00:00+02:00,53.0,16.7,27.621,29.14
2023-04-17 08:00:00+02:00,53.0,11.6,21.2805,21.2805
2023-04-17 09:00:00+02:00,53.0,9.8,18.465,18.473
2023-04-17 10:00:00+02:00,53.0,10.0,18.7325,18.7365
2023-04-17 11:00:00+02:00,53.0,10.2,19.2195,19.285
2023-04-17 12:00:00+02:00,53.0,11.5,21.4985,21.6405
2023-04-17 13:00:00+02:00,53.0,12.2,22.2615,22.7195
2023-04-17 14:00:00+02:00,53.0,15.1,26.43,27.0935
2023-04-17 15:00:00+02:00,53.0,19.4,31.948500000000003,34.2705
2023-04-17 16:00:00+02:00,53.0,24.0,36.345,42.2855
2023-04-17 17:00:00+02:00,53.0,29.0,41.1645,51.0175
2023-04-17 18:00:00+02:00,53.0,33.3,45.259,59.0855
2023-04-17 19:00:00+02:00,53.0,49.2,59.729,87.23949999999999
2023-04-17 20:00:00+02:00,53.0,55.1,65.4165,98.267
2023-04-17 21:00:00+02:00,53.0,53.6,66.6875,96.5195
2023-04-17 22:00:00+02:00,53.0,19.4,32.0575,34.5445
2023-04-17 23:00:00+02:00,53.0,30.2,42.302,53.3515
2023-04-18 00:00:00+02:00,53.0,19.7,32.5025,35.0635
2023-04-18 01:00:00+02:00,53.0,9.1,16.7485,16.816
2023-04-18 02:00:00+02:00,53.0,10.0,16.331500000000002,17.579
2023-04-18 03:00:00+02:00,53.0,7.1,12.27,12.2815
2023-04-18 04:00:00+02:00,53.0,5.9,10.1735,10.178999999999998
2023-04-18 05:00:00+02:00,53.0,11.0,21.145000000000003,21.184
2023-04-18 06:00:00+02:00,53.0,24.9,37.361,43.852
2023-04-18 07:00:00+02:00,53.0,21.6,34.058,37.492
2023-04-18 08:00:00+02:00,53.0,21.5,33.827,37.104
2023-04-18 09:00:00+02:00,53.0,23.9,36.1095,41.228
2023-04-18 10:00:00+02:00,53.0,32.1,44.3765,55.758
2023-04-18 11:00:00+02:00,53.0,20.1,31.100500000000004,34.8935
2023-04-18 12:00:00+02:00,53.0,15.6,26.6735,27.4105
2023-04-18 13:00:00+02:00,53.0,15.8,26.3675,28.006
2023-04-18 14:00:00+02:00,53.0,15.6,25.9365,26.6465
2023-04-18 15:00:00+02:00,53.0,15.3,26.2575,26.617
2023-04-18 16:00:00+02:00,53.0,20.4,32.744,35.769000000000005
2023-04-18 17:00:00+02:00,53.0,20.3,32.5145,35.572
2023-04-18 18:00:00+02:00,53.0,29.2,41.636,51.5175
2023-04-18 19:00:00+02:00,53.0,27.2,39.7315,48.526
2023-04-18 20:00:00+02:00,53.0,25.5,38.428,45.2295
2023-04-18 21:00:00+02:00,53.0,31.0,43.1405,55.1185
2023-04-18 22:00:00+02:00,53.0,18.4,29.9065,32.475500000000004
2023-04-18 23:00:00+02:00,53.0,16.6,28.2235,28.9095
2023-04-19 00:00:00+02:00,53.0,18.4,29.2775,31.965
2023-04-19 01:00:00+02:00,53.0,20.2,32.1565,35.3855
2023-04-19 02:00:00+02:00,53.0,17.4,28.5525,30.0135
2023-04-19 03:00:00+02:00,53.0,16.8,27.987,29.348
2023-04-19 04:00:00+02:00,53.0,16.7,27.192500000000003,28.4005
2023-04-19 05:00:00+02:00,53.0,20.8,32.0175,35.105
2023-04-19 06:00:00+02:00,53.0,19.8,31.164500000000004,33.7025
2023-04-19 07:00:00+02:00,53.0,18.6,30.09,31.967
2023-04-19 08:00:00+02:00,53.0,14.0,23.6235,24.418
2023-04-19 09:00:00+02:00,53.0,11.5,20.569,20.744
2023-04-19 10:00:00+02:00,53.0,10.0,18.355,18.3565
2023-04-19 11:00:00+02:00,53.0,10.0,18.202,18.6075
2023-04-19 12:00:00+02:00,53.0,9.4,17.072499999999998,17.384
2023-04-19 13:00:00+02:00,53.0,6.9,12.341,12.3575
2023-04-19 14:00:00+02:00,53.0,6.2,11.0625,11.0625
2023-04-19 15:00:00+02:00,53.0,8.8,14.1925,15.409
2023-04-19 16:00:00+02:00,53.0,10.4,19.3315,19.454500000000003
2023-04-19 17:00:00+02:00,53.0,9.9,17.631999999999998,18.239
2023-04-19 18:00:00+02:00,53.0,12.2,21.378500000000003,22.3295
2023-04-19 19:00:00+02:00,53.0,20.8,33.3465,36.9565
2023-04-19 20:00:00+02:00,53.0,33.6,44.776,59.696
2023-04-19 21:00:00+02:00,53.0,38.0,48.5765,67.39150000000001
2023-04-19 22:00:00+02:00,53.0,29.3,41.936,52.218
2023-04-19 23:00:00+02:00,53.0,29.7,42.596500000000006,52.7535
2023-04-20 00:00:00+02:00,53.0,17.4,29.5875,30.6025
2023-04-20 01:00:00+02:00,53.0,14.6,25.88,26.221
2023-04-20 02:00:00+02:00,53.0,14.4,24.9405,26.1945
2023-04-20 03:00:00+02:00,53.0,12.0,21.861,22.406
2023-04-20 04:00:00+02:00,53.0,11.0,20.189,20.778
2023-04-20 05:00:00+02:00,53.0,14.9,26.16,26.673
2023-04-20 06:00:00+02:00,53.0,13.9,24.6065,25.205
2023-04-20 07:00:00+02:00,53.0,17.0,28.7525,30.2855
2023-04-20 08:00:00+02:00,53.0,16.7,28.79,30.0605
2023-04-20 09:00:00+02:00,53.0,19.3,31.963500000000003,34.363
2023-04-20 10:00:00+02:00,53.0,18.0,30.2935,31.8885
2023-04-20 11:00:00+02:00,53.0,19.3,31.7855,34.054500000000004
2023-04-20 12:00:00+02:00,53.0,18.9,31.1565,33.136
2023-04-20 13:00:00+02:00,53.0,16.0,27.776,28.7385
2023-04-20 14:00:00+02:00,53.0,10.9,20.6755,20.7575
2023-04-20 15:00:00+02:00,53.0,9.4,18.3155,18.3755
2023-04-20 16:00:00+02:00,53.0,9.0,17.356,17.368000000000002
2023-04-20 17:00:00+02:00,53.0,8.5,16.4105,16.4735
2023-04-20 18:00:00+02:00,53.0,11.0,19.2885,20.5715
2023-04-20 19:00:00+02:00,53.0,11.9,21.5555,22.1795
2023-04-20 20:00:00+02:00,53.0,18.8,31.011000000000003,33.235
2023-04-20 21:00:00+02:00,53.0,32.5,44.352,57.888000000000005
2023-04-20 22:00:00+02:00,53.0,29.7,42.0115,52.6935
2023-04-20 23:00:00+02:00,53.0,25.6,38.242,44.841
2023-04-21 00:00:00+02:00,53.0,22.5,35.339,39.5705
2023-04-21 01:00:00+02:00,53.0,18.7,30.8945,32.51
2023-04-21 02:00:00+02:00,53.0,16.5,28.1045,28.495
2023-04-21 03:00:00+02:00,53.0,19.6,31.2655,34.096000000000004
2023-04-21 04:00:00+02:00,53.0,16.0,27.47,27.7815
2023-04-21 05:00:00+02:00,53.0,16.7,28.5015,29.0205
2023-04-21 06:00:00+02:00,53.0,20.3,32.712,35.61
2023-04-21 07:00:00+02:00,53.0,21.2,33.917,37.451
2023-04-21 08:00:00+02:00,53.0,26.3,39.563,47.7165
2023-04-21 09:00:00+02:00,53.0,24.2,37.4115,44.357
2023-04-21 10:00:00+02:00,53.0,18.1,30.5725,32.324
2023-04-21 11:00:00+02:00,53.0,15.5,26.9845,27.875
2023-04-21 12:00:00+02:00,53.0,9.7,18.012,18.061
2023-04-21 13:00:00+02:00,53.0,6.1,10.6775,10.6775
2023-04-21 14:00:00+02:00,53.0,6.5,11.6595,11.663
2023-04-21 15:00:00+02:00,53.0,6.9,12.7995,12.8065
2023-04-21 16:00:00+02:00,53.0,6.4,11.323,11.323
2023-04-21 17:00:00+02:00,53.0,4.8,8.0575,8.0575
2023-04-21 18:00:00+02:00,53.0,5.9,10.3955,10.3955
2023-04-21 19:00:00+02:00,53.0,13.0,22.2125,23.772
2023-04-21 20:00:00+02:00,53.0,23.2,35.9445,41.242
2023-04-21 21:00:00+02:00,53.0,22.1,34.7915,39.102
2023-04-21 22:00:00+02:00,53.0,19.5,32.106,34.709
2023-04-21 23:00:00+02:00,53.0,17.6,29.783,31.2875
2023-04-22 00:00:00+02:00,53.0,14.2,25.2725,25.4495
2023-04-22 01:00:00+02:00,53.0,12.2,22.7515,22.7615
2023-04-22 02:00:00+02:00,53.0,10.9,20.450000000000003,20.5565
2023-04-22 03:00:00+02:00,53.0,10.8,20.431,20.7485
2023-04-22 04:00:00+02:00,53.0,10.5,20.021,20.0385
2023-04-22 05:00:00+02:00,53.0,14.8,25.7205,26.61
2023-04-22 06:00:00+02:00,53.0,14.0,25.009,25.517000000000003
2023-04-22 07:00:00+02:00,53.0,13.5,24.4685,24.7545
2023-04-22 08:00:00+02:00,53.0,12.7,23.2395,23.744
2023-04-22 09:00:00+02:00,53.0,17.9,30.0455,32.768
2023-04-22 10:00:00+02:00,53.0,10.5,20.536,20.7175
2023-04-22 11:00:00+02:00,53.0,8.3,16.15,16.162
2023-04-22 12:00:00+02:00,53.0,6.9,12.738,12.738
2023-04-22 13:00:00+02:00,53.0,6.3,11.3805,11.4235
2023-04-22 14:00:00+02:00,53.0,6.9,12.186,12.473
2023-04-22 15:00:00+02:00,53.0,7.3,13.442,13.447500000000002
2023-04-22 16:00:00+02:00,53.0,6.5,11.775,11.775
2023-04-22 17:00:00+02:00,53.0,7.8,14.039,14.2745
2023-04-22 18:00:00+02:00,53.0,6.5,11.785,11.785
2023-04-22 19:00:00+02:00,53.0,12.4,22.5695,23.1265
2023-04-22 20:00:00+02:00,53.0,24.1,36.3755,42.635
2023-04-22 21:00:00+02:00,53.0,28.2,40.723,49.8615
2023-04-22 22:00:00+02:00,53.0,25.1,38.028,44.6685
2023-04-22 23:00:00+02:00,53.0,29.5,42.236,52.5585
2023-04-23 00:00:00+02:00,53.0,21.2,33.969,37.5955
2023-04-23 01:00:00+02:00,53.0,18.4,30.655500000000004,32.605999999999995
2023-04-23 02:00:00+02:00,53.0,16.8,28.545,29.763
2023-04-23 03:00:00+02:00,53.0,17.3,29.2005,30.752
2023-04-23 04:00:00+02:00,53.0,16.4,28.2815,29.373
2023-04-23 05:00:00+02:00,53.0,17.3,29.012,30.727000000000004
2023-04-23 06:00:00+02:00,53.0,17.2,29.4405,30.4985
2023-04-23 07:00:00+02:00,53.0,20.3,33.1945,36.4765
2023-04-23 08:00:00+02:00,53.0,23.5,36.7965,42.674
2023-04-23 09:00:00+02:00,53.0,17.2,29.9895,31.5575
2023-04-23 10:00:00+02:00,53.0,13.2,24.266,24.6935
2023-04-23 11:00:00+02:00,53.0,7.2,13.553,13.646
2023-04-23 12:00:00+02:00,53.0,3.0,5.013,5.013
2023-04-23 13:00:00+02:00,53.0,3.5,5.8775,5.8815
2023-04-23 14:00:00+02:00,53.0,4.0,6.9145,6.9235
2023-04-23 15:00:00+02:00,53.0,4.2,7.1235,7.1235
2023-04-23 16:00:00+02:00,53.0,4.9,8.174,8.1745
2023-04-23 17:00:00+02:00,53.0,3.6,6.186,6.186
2023-04-23 18:00:00+02:00,53.0,6.7,10.7825,11.493
2023-04-23 19:00:00+02:00,53.0,9.8,18.4735,18.504
2023-04-23 20:00:00+02:00,53.0,17.5,29.4625,30.8145
2023-04-23 21:00:00+02:00,53.0,21.8,34.141000000000005,38.7115
2023-04-23 22:00:00+02:00,53.0,14.5,25.7455,26.06
2023-04-23 23:00:00+02:00,53.0,15.0,26.1895,27.204500000000003
2023-04-24 00:00:00+02:00,53.0,12.8,23.315,23.6665
2023-04-24 01:00:00+02:00,53.0,20.9,34.0255,37.371
2023-04-24 02:00:00+02:00,53.0,16.0,27.9,28.483
2023-04-24 03:00:00+02:00,53.0,14.1,25.8345,25.9785
2023-04-24 04:00:00+02:00,53.0,11.6,21.14,22.1805
2023-04-24 05:00:00+02:00,53.0,3.8,6.2205,6.2205
2023-04-24 06:00:00+02:00,53.0,9.6,16.938000000000002,17.984
2023-04-24 07:00:00+02:00,53.0,18.6,30.905,33.498999999999995
2023-04-24 08:00:00+02:00,53.0,23.1,36.2025,41.3675
2023-04-24 09:00:00+02:00,53.0,23.5,36.9015,42.563
2023-04-24 10:00:00+02:00,53.0,34.3,46.4075,62.0385
2023-04-24 11:00:00+02:00,53.0,30.3,42.8005,54.272
2023-04-24 12:00:00+02:00,53.0,22.4,35.117999999999995,39.5505
2023-04-24 13:00:00+02:00,53.0,19.3,31.816,34.378
2023-04-24 14:00:00+02:00,53.0,25.0,36.973,43.643
2023-04-24 15:00:00+02:00,53.0,18.5,30.666,32.5585
2023-04-24 16:00:00+02:00,53.0,29.3,41.852,51.979
2023-04-24 17:00:00+02:00,53.0,6.9,10.732,11.657
2023-04-24 18:00:00+02:00,53.0,6.8,11.781,11.812
2023-04-24 19:00:00+02:00,53.0,20.2,32.4895,35.364
2023-04-24 20:00:00+02:00,53.0,17.5,28.988,31.3485
2023-04-24 21:00:00+02:00,53.0,16.5,28.038,29.0895
2023-04-24 22:00:00+02:00,53.0,16.2,27.5745,29.061
2023-04-24 23:00:00+02:00,53.0,13.1,21.948500000000003,23.511000000000003
2023-04-25 00:00:00+02:00,53.0,2.9,4.3625,4.3635
2023-04-25 01:00:00+02:00,53.0,1.0,0.9615,0.9615
2023-04-25 02:00:00+02:00,53.0,1.5,1.6255000000000002,1.637
2023-04-25 03:00:00+02:00,53.0,1.3,1.3150000000000002,1.3150000000000002
2023-04-25 04:00:00+02:00,53.0,4.5,6.8945,7.323
2023-04-25 05:00:00+02:00,53.0,4.4,7.1105,7.310499999999999
2023-04-25 06:00:00+02:00,53.0,5.1,8.5325,8.776
2023-04-25 07:00:00+02:00,53.0,7.7,14.2865,14.2985
2023-04-25 08:00:00+02:00,53.0,4.3,7.3095,7.3255
2023-04-25 09:00:00+02:00,53.0,3.0,4.395,4.408
2023-04-25 10:00:00+02:00,53.0,2.2,2.846,2.9885
2023-04-25 11:00:00+02:00,53.0,2.7,3.855,3.907
2023-04-25 12:00:00+02:00,53.0,3.4,5.791499999999999,5.791499999999999
2023-04-25 13:00:00+02:00,53.0,3.1,5.208,5.2135
2023-04-25 14:00:00+02:00,53.0,2.3,3.3005,3.3005
2023-04-25 15:00:00+02:00,53.0,2.4,3.5345,3.569
2023-04-25 16:00:00+02:00,53.0,1.9,2.57,2.5825
2023-04-25 17:00:00+02:00,53.0,2.0,2.601,2.601
2023-04-25 18:00:00+02:00,53.0,3.7,6.093,6.121499999999999
2023-04-25 19:00:00+02:00,53.0,4.2,6.849,6.849
2023-04-25 20:00:00+02:00,53.0,4.2,6.902,6.902
2023-04-25 21:00:00+02:00,53.0,3.9,6.564,6.564
2023-04-25 22:00:00+02:00,53.0,3.0,4.778499999999999,4.778499999999999
2023-04-25 23:00:00+02:00,53.0,2.8,4.4645,4.4645
2023-04-26 00:00:00+02:00,53.0,1.6,2.066,2.066
2023-04-26 01:00:00+02:00,53.0,4.5,7.565,7.595499999999999
2023-04-26 02:00:00+02:00,53.0,1.9,2.4565,2.4565
2023-04-26 03:00:00+02:00,53.0,3.4,4.946,5.2685
2023-04-26 04:00:00+02:00,53.0,4.6,7.9535,8.1425
2023-04-26 05:00:00+02:00,53.0,7.4,13.38,13.38
2023-04-26 06:00:00+02:00,53.0,10.7,19.507,19.6405
2023-04-26 07:00:00+02:00,53.0,10.6,18.3065,19.232
2023-04-26 08:00:00+02:00,53.0,10.1,17.698500000000003,18.779
2023-04-26 09:00:00+02:00,53.0,4.3,7.019,7.029
2023-04-26 10:00:00+02:00,53.0,4.9,8.375,8.3785
2023-04-26 11:00:00+02:00,53.0,5.0,8.4645,8.5585
2023-04-26 12:00:00+02:00,53.0,4.1,6.7315000000000005,6.832
2023-04-26 13:00:00+02:00,53.0,3.9,6.3795,6.4405
2023-04-26 14:00:00+02:00,53.0,3.2,5.3305,5.331
2023-04-26 15:00:00+02:00,53.0,2.8,4.5405,4.5405
2023-04-26 16:00:00+02:00,53.0,3.3,5.237500000000001,5.238
2023-04-26 17:00:00+02:00,53.0,3.0,4.8225,4.8225
2023-04-26 18:00:00+02:00,53.0,3.7,6.1240000000000006,6.1240000000000006
2023-04-26 19:00:00+02:00,53.0,6.6,11.4435,11.5235
2023-04-26 20:00:00+02:00,53.0,16.5,27.4165,29.5775
2023-04-26 21:00:00+02:00,53.0,19.9,31.789,34.9695
2023-04-26 22:00:00+02:00,53.0,15.4,27.195500000000003,27.6045
2023-04-26 23:00:00+02:00,53.0,18.6,30.058,33.2405
2023-04-27 00:00:00+02:00,53.0,17.2,28.682,30.3225
2023-04-27 01:00:00+02:00,53.0,9.8,18.59,18.7975
2023-04-27 02:00:00+02:00,53.0,9.7,16.958,17.8285
2023-04-27 03:00:00+02:00,53.0,6.9,11.482,11.827
2023-04-27 04:00:00+02:00,53.0,9.6,15.7375,16.5765
2023-04-27 05:00:00+02:00,53.0,7.1,11.397,12.1705
2023-04-27 06:00:00+02:00,53.0,9.4,17.203,17.375999999999998
2023-04-27 07:00:00+02:00,53.0,10.0,18.7405,18.9565
2023-04-27 08:00:00+02:00,53.0,7.0,12.951,12.951
2023-04-27 09:00:00+02:00,53.0,7.3,13.6445,13.6505
2023-04-27 10:00:00+02:00,53.0,8.4,14.484,15.214
2023-04-27 11:00:00+02:00,53.0,5.5,9.5095,9.510000000000002
2023-04-27 12:00:00+02:00,53.0,5.1,8.6065,8.82
2023-04-27 13:00:00+02:00,53.0,5.0,8.68,8.782499999999999
2023-04-27 14:00:00+02:00,53.0,4.0,6.7245,6.731
2023-04-27 15:00:00+02:00,53.0,3.7,6.356999999999999,6.3580000000000005
2023-04-27 16:00:00+02:00,53.0,3.9,6.672000000000001,6.673
2023-04-27 17:00:00+02:00,53.0,3.3,5.686,5.686
2023-04-27 18:00:00+02:00,53.0,3.6,6.1595,6.1595
2023-04-27 19:00:00+02:00,53.0,8.8,14.495,15.4395
2023-04-27 20:00:00+02:00,53.0,15.6,27.0515,28.4095
2023-04-27 21:00:00+02:00,53.0,18.3,30.961,32.6305
2023-04-27 22:00:00+02:00,53.0,14.7,25.814,26.0645
2023-04-27 23:00:00+02:00,53.0,15.2,26.8475,27.2745
2023-04-28 00:00:00+02:00,53.0,13.1,23.8965,24.33
2023-04-28 01:00:00+02:00,53.0,12.4,21.975,23.039
2023-04-28 02:00:00+02:00,53.0,10.5,19.79,20.213
2023-04-28 03:00:00+02:00,53.0,7.7,14.4835,14.4835
2023-04-28 04:00:00+02:00,53.0,7.0,12.6925,12.696000000000002
2023-04-28 05:00:00+02:00,53.0,9.3,15.7265,16.764
2023-04-28 06:00:00+02:00,53.0,9.7,18.5765,18.7075
2023-04-28 07:00:00+02:00,53.0,10.0,19.494,19.5
2023-04-28 08:00:00+02:00,53.0,13.6,24.236,25.319000000000003
2023-04-28 09:00:00+02:00,53.0,12.5,22.99,23.431
2023-04-28 10:00:00+02:00,53.0,11.0,20.954,20.9555
2023-04-28 11:00:00+02:00,53.0,7.6,13.8785,14.0245
2023-04-28 12:00:00+02:00,53.0,5.8,10.279,10.3955
2023-04-28 13:00:00+02:00,53.0,4.8,8.525500000000001,8.5275
2023-04-28 14:00:00+02:00,53.0,7.0,12.538,12.7905
2023-04-28 15:00:00+02:00,53.0,7.7,14.5225,14.577
2023-04-28 16:00:00+02:00,53.0,6.9,12.417,12.544
2023-04-28 17:00:00+02:00,53.0,11.3,19.8655,21.1275
2023-04-28 18:00:00+02:00,53.0,15.1,26.5575,27.8515
2023-04-28 19:00:00+02:00,53.0,19.6,31.8935,35.318
2023-04-28 20:00:00+02:00,53.0,21.2,34.0355,37.949
2023-04-28 21:00:00+02:00,53.0,24.3,37.5365,43.4805
2023-04-28 22:00:00+02:00,53.0,24.9,38.1285,44.6985
2023-04-28 23:00:00+02:00,53.0,23.5,36.519000000000005,41.903000000000006
2023-04-29 00:00:00+02:00,53.0,19.9,32.9205,35.639
2023-04-29 01:00:00+02:00,53.0,21.1,34.0475,37.615
2023-04-29 02:00:00+02:00,53.0,14.2,25.472,26.1115
2023-04-29 03:00:00+02:00,53.0,14.7,26.014,26.603
2023-04-29 04:00:00+02:00,53.0,14.6,26.0095,26.286
2023-04-29 05:00:00+02:00,53.0,18.5,30.932,32.8945
2023-04-29 06:00:00+02:00,53.0,15.8,27.7835,28.556
2023-04-29 07:00:00+02:00,53.0,15.7,27.4855,28.5195
2023-04-29 08:00:00+02:00,53.0,23.5,36.846,42.326
2023-04-29 09:00:00+02:00,53.0,22.2,35.3745,39.855
2023-04-29 10:00:00+02:00,53.0,14.8,25.5355,27.119
2023-04-29 11:00:00+02:00,53.0,8.3,15.055,15.2955
2023-04-29 12:00:00+02:00,53.0,6.7,12.1495,12.1495
2023-04-29 13:00:00+02:00,53.0,5.4,9.469,9.469
2023-04-29 14:00:00+02:00,53.0,3.9,6.615,6.664
2023-04-29 15:00:00+02:00,53.0,3.8,6.4190000000000005,6.4190000000000005
2023-04-29 16:00:00+02:00,53.0,6.6,11.407,12.053
2023-04-29 17:00:00+02:00,53.0,5.2,9.1595,9.16
2023-04-29 18:00:00+02:00,53.0,5.3,9.04,9.143
2023-04-29 19:00:00+02:00,53.0,5.6,9.8475,9.8475
2023-04-29 20:00:00+02:00,53.0,15.2,26.765500000000003,27.6775
2023-04-29 21:00:00+02:00,53.0,15.3,26.884,27.484
2023-04-29 22:00:00+02:00,53.0,13.9,25.1835,25.475
2023-04-29 23:00:00+02:00,53.0,16.6,28.561,30.012500000000003
2023-04-30 00:00:00+02:00,53.0,14.4,25.8585,26.4115
2023-04-30 01:00:00+02:00,53.0,10.1,19.718,19.728
2023-04-30 02:00:00+02:00,53.0,8.6,17.0395,17.0395
2023-04-30 03:00:00+02:00,53.0,11.1,20.2605,21.3915
2023-04-30 04:00:00+02:00,53.0,10.8,19.3265,20.553
2023-04-30 05:00:00+02:00,53.0,11.4,20.012,21.6905
2023-04-30 06:00:00+02:00,53.0,9.6,18.4715,18.579
2023-04-30 07:00:00+02:00,53.0,10.2,19.4655,19.5735
2023-04-30 08:00:00+02:00,53.0,9.4,17.7905,17.972
2023-04-30 09:00:00+02:00,53.0,6.9,13.317,13.317
2023-04-30 10:00:00+02:00,53.0,5.1,9.021,9.036
2023-04-30 11:00:00+02:00,53.0,7.0,12.7315,12.9665
2023-04-30 12:00:00+02:00,53.0,7.4,13.2515,13.353
2023-04-30 13:00:00+02:00,53.0,9.7,16.4705,17.4545
2023-04-30 14:00:00+02:00,53.0,7.2,12.698,12.745
2023-04-30 15:00:00+02:00,53.0,7.0,12.7495,12.7495
2023-04-30 16:00:00+02:00,53.0,7.3,12.892,13.049
2023-04-30 17:00:00+02:00,53.0,7.4,12.0845,12.7585
2023-04-30 18:00:00+02:00,53.0,10.9,18.8895,19.923
2023-04-30 19:00:00+02:00,53.0,17.5,27.801,32.267
2023-04-30 20:00:00+02:00,53.0,17.4,27.93,30.908500000000004
2023-04-30 21:00:00+02:00,53.0,16.6,27.839,29.2245
2023-04-30 22:00:00+02:00,53.0,23.5,35.443,42.22
2023-04-30 23:00:00+02:00,53.0,17.5,28.5125,31.496
2023-05-01 00:00:00+02:00,53.0,11.9,21.6065,21.821
2023-05-01 01:00:00+02:00,53.0,11.7,21.1085,21.1085
2023-05-01 02:00:00+02:00,53.0,14.1,24.024,24.854
2023-05-01 03:00:00+02:00,53.0,12.8,22.567,22.681
2023-05-01 04:00:00+02:00,53.0,11.4,19.904,21.012500000000003
2023-05-01 05:00:00+02:00,53.0,9.5,17.929000000000002,17.953000000000003
2023-05-01 06:00:00+02:00,53.0,10.4,19.062,19.236
2023-05-01 07:00:00+02:00,53.0,13.6,23.5075,24.4075
2023-05-01 08:00:00+02:00,53.0,14.6,25.592,25.8115
2023-05-01 09:00:00+02:00,53.0,13.5,24.108,24.3985
2023-05-01 10:00:00+02:00,53.0,10.4,19.7835,19.8075
2023-05-01 11:00:00+02:00,53.0,8.1,15.5825,15.5855
2023-05-01 12:00:00+02:00,53.0,5.9,10.281,10.3285
2023-05-01 13:00:00+02:00,53.0,5.0,8.3215,8.3215
2023-05-01 14:00:00+02:00,53.0,6.0,10.3355,10.3455
2023-05-01 15:00:00+02:00,53.0,7.3,14.2165,14.2165
2023-05-01 16:00:00+02:00,53.0,7.7,14.801,15.0315
2023-05-01 17:00:00+02:00,53.0,7.2,13.933,13.933
2023-05-01 18:00:00+02:00,53.0,7.9,15.3955,15.408
2023-05-01 19:00:00+02:00,53.0,13.5,24.8645,25.4865
2023-05-01 20:00:00+02:00,53.0,22.4,34.123999999999995,40.7225
2023-05-01 21:00:00+02:00,53.0,29.0,41.3965,51.783
2023-05-01 22:00:00+02:00,53.0,26.2,39.33,46.921
2023-05-01 23:00:00+02:00,53.0,26.1,38.957,46.4625
2023-05-02 00:00:00+02:00,53.0,22.8,36.003,41.0145
2023-05-02 01:00:00+02:00,53.0,24.1,37.234,43.0035
2023-05-02 02:00:00+02:00,53.0,32.1,44.9525,57.144000000000005
2023-05-02 03:00:00+02:00,53.0,24.2,37.073,43.109
2023-05-02 04:00:00+02:00,53.0,18.9,31.844,33.765
2023-05-02 05:00:00+02:00,53.0,19.9,32.94,35.7305
2023-05-02 06:00:00+02:00,53.0,19.0,31.876,33.845
2023-05-02 07:00:00+02:00,53.0,20.5,33.6435,36.7705
2023-05-02 08:00:00+02:00,53.0,24.3,37.492,43.514
2023-05-02 09:00:00+02:00,53.0,26.4,39.49,46.8545
2023-05-02 10:00:00+02:00,53.0,26.1,39.1005,46.692
2023-05-02 11:00:00+02:00,53.0,25.8,38.497,45.5275
2023-05-02 12:00:00+02:00,53.0,24.7,37.656000000000006,43.822
2023-05-02 13:00:00+02:00,53.0,27.6,40.1615,48.5685
2023-05-02 14:00:00+02:00,53.0,23.4,36.0815,41.0445
2023-05-02 15:00:00+02:00,53.0,25.9,38.6275,45.891
2023-05-02 16:00:00+02:00,53.0,29.4,41.645,51.849
2023-05-02 17:00:00+02:00,53.0,52.9,62.437,93.7295
2023-05-02 18:00:00+02:00,53.0,50.6,60.263,89.139
2023-05-02 19:00:00+02:00,53.0,39.8,49.2415,69.71
2023-05-02 20:00:00+02:00,53.0,69.7,82.1775,124.1815
2023-05-02 21:00:00+02:00,53.0,67.0,78.807,119.1725
2023-05-02 22:00:00+02:00,53.0,61.4,72.0755,109.042
2023-05-02 23:00:00+02:00,53.0,62.4,72.94749999999999,110.4
2023-05-03 00:00:00+02:00,53.0,47.8,57.2255,83.96350000000001
2023-05-03 01:00:00+02:00,53.0,39.4,48.647,68.487
2023-05-03 02:00:00+02:00,53.0,35.2,45.599,60.907
2023-05-03 03:00:00+02:00,53.0,28.9,41.2425,50.118
2023-05-03 04:00:00+02:00,53.0,22.1,34.288,37.9385
2023-05-03 05:00:00+02:00,53.0,17.0,28.5765,29.0105
2023-05-03 06:00:00+02:00,53.0,15.0,25.4975,25.6035
2023-05-03 07:00:00+02:00,53.0,18.6,30.4915,32.278
2023-05-03 08:00:00+02:00,53.0,22.6,35.2145,39.409
2023-05-03 09:00:00+02:00,53.0,22.5,34.7385,38.6635
2023-05-03 10:00:00+02:00,53.0,21.5,33.9285,37.47
2023-05-03 11:00:00+02:00,53.0,19.2,31.439,33.324
2023-05-03 12:00:00+02:00,53.0,18.6,30.6395,32.4155
2023-05-03 13:00:00+02:00,53.0,21.7,33.5685,37.586
2023-05-03 14:00:00+02:00,53.0,21.3,33.310500000000005,36.5695
2023-05-03 15:00:00+02:00,53.0,20.6,32.926,35.9995
2023-05-03 16:00:00+02:00,53.0,22.1,34.3835,38.396
2023-05-03 17:00:00+02:00,53.0,28.2,40.202,49.1655
2023-05-03 18:00:00+02:00,53.0,48.5,60.5365,85.7985
2023-05-03 19:00:00+02:00,53.0,29.8,41.927,51.9825
2023-05-03 20:00:00+02:00,53.0,26.0,37.8605,44.9685
2023-05-03 21:00:00+02:00,53.0,22.5,34.7205,38.9715
2023-05-03 22:00:00+02:00,53.0,28.2,40.3775,49.468
2023-05-03 23:00:00+02:00,53.0,25.0,37.388000000000005,43.7085
2023-05-04 00:00:00+02:00,53.0,13.5,23.924,24.432
2023-05-04 01:00:00+02:00,53.0,13.0,23.2055,23.253
2023-05-04 02:00:00+02:00,53.0,14.1,24.5525,24.7075
2023-05-04 03:00:00+02:00,53.0,12.6,22.663,22.683
2023-05-04 04:00:00+02:00,53.0,13.1,23.2555,23.266
2023-05-04 05:00:00+02:00,53.0,13.5,23.684,23.7905
2023-05-04 06:00:00+02:00,53.0,28.5,41.19,49.9425
2023-05-04 07:00:00+02:00,53.0,15.7,26.822000000000003,27.467
2023-05-04 08:00:00+02:00,53.0,14.5,24.972,25.068
2023-05-04 09:00:00+02:00,53.0,19.7,31.836,34.251000000000005
2023-05-04 10:00:00+02:00,53.0,25.7,37.8095,44.696
2023-05-04 11:00:00+02:00,53.0,24.8,36.816500000000005,42.9875
2023-05-04 12:00:00+02:00,53.0,21.3,33.4735,36.642
2023-05-04 13:00:00+02:00,53.0,21.9,34.2075,37.85
2023-05-04 14:00:00+02:00,53.0,20.3,32.321,34.8505
2023-05-04 15:00:00+02:00,53.0,16.5,27.651,28.627
2023-05-04 16:00:00+02:00,53.0,13.8,23.9435,24.5115
2023-05-04 17:00:00+02:00,53.0,9.7,18.1625,18.1625
2023-05-04 18:00:00+02:00,53.0,9.5,17.997500000000002,17.997500000000002
2023-05-04 19:00:00+02:00,53.0,16.5,26.413,29.5395
2023-05-04 20:00:00+02:00,53.0,23.1,35.625,40.445
2023-05-04 21:00:00+02:00,53.0,21.9,34.3955,38.108
2023-05-04 22:00:00+02:00,53.0,22.9,35.416,40.091
2023-05-04 23:00:00+02:00,53.0,22.6,34.822,39.213
2023-05-05 00:00:00+02:00,53.0,20.9,32.956,36.1535
2023-05-05 01:00:00+02:00,53.0,18.4,30.2255,31.359
2023-05-05 02:00:00+02:00,53.0,17.3,28.939,29.69
2023-05-05 03:00:00+02:00,53.0,17.1,28.1205,29.2865
2023-05-05 04:00:00+02:00,53.0,15.5,25.8045,26.743
2023-05-05 05:00:00+02:00,53.0,13.9,24.293,24.6595
2023-05-05 06:00:00+02:00,53.0,16.5,27.5165,28.6565
2023-05-05 07:00:00+02:00,53.0,16.5,27.7725,28.721
2023-05-05 08:00:00+02:00,53.0,17.0,28.4325,29.243
2023-05-05 09:00:00+02:00,53.0,16.5,27.958,28.691
2023-05-05 10:00:00+02:00,53.0,14.0,24.736,25.1355
2023-05-05 11:00:00+02:00,53.0,15.5,26.465,27.463
2023-05-05 12:00:00+02:00,53.0,10.4,18.749,19.3735
2023-05-05 13:00:00+02:00,53.0,7.6,14.581,14.581
2023-05-05 14:00:00+02:00,53.0,8.8,16.9665,16.979
2023-05-05 15:00:00+02:00,53.0,9.0,17.323500000000003,17.3445
2023-05-05 16:00:00+02:00,53.0,9.2,17.506999999999998,17.724
2023-05-05 17:00:00+02:00,53.0,10.8,18.725,20.2285
2023-05-05 18:00:00+02:00,53.0,10.0,18.801,19.086
2023-05-05 19:00:00+02:00,53.0,10.6,20.1495,20.212000000000003
2023-05-05 20:00:00+02:00,53.0,15.4,27.103,27.8945
2023-05-05 21:00:00+02:00,53.0,19.2,31.834,33.9035
2023-05-05 22:00:00+02:00,53.0,18.8,31.2835,32.946
2023-05-05 23:00:00+02:00,53.0,20.7,33.3535,36.5135
2023-05-06 00:00:00+02:00,53.0,21.3,33.81699999999999,37.3975
2023-05-06 01:00:00+02:00,53.0,28.4,41.0155,49.8035
2023-05-06 02:00:00+02:00,53.0,28.6,41.2505,50.148
2023-05-06 03:00:00+02:00,53.0,24.9,37.4485,43.519000000000005
2023-05-06 04:00:00+02:00,53.0,24.9,37.251,43.3725
2023-05-06 05:00:00+02:00,53.0,30.0,42.646,52.387
2023-05-06 06:00:00+02:00,53.0,26.2,38.4815,45.647
2023-05-06 07:00:00+02:00,53.0,24.8,37.4035,43.341
2023-05-06 08:00:00+02:00,53.0,22.0,34.5565,38.4745
2023-05-06 09:00:00+02:00,53.0,23.1,35.675,40.4935
2023-05-06 10:00:00+02:00,53.0,20.9,33.5215,36.668
2023-05-06 11:00:00+02:00,53.0,18.0,30.241,31.699
2023-05-06 12:00:00+02:00,53.0,15.9,27.7815,28.2315
2023-05-06 13:00:00+02:00,53.0,14.9,25.938,26.593
2023-05-06 14:00:00+02:00,53.0,9.6,18.2895,18.317
2023-05-06 15:00:00+02:00,53.0,7.8,15.202,15.202
2023-05-06 16:00:00+02:00,53.0,7.7,14.768,14.768
2023-05-06 17:00:00+02:00,53.0,6.8,12.0045,12.0045
2023-05-06 18:00:00+02:00,53.0,7.6,14.5605,14.5605
2023-05-06 19:00:00+02:00,53.0,8.7,16.880499999999998,16.880499999999998
2023-05-06 20:00:00+02:00,53.0,14.3,24.7865,26.1035
2023-05-06 21:00:00+02:00,53.0,15.9,26.808,28.949
2023-05-06 22:00:00+02:00,53.0,12.9,23.1675,23.688
2023-05-06 23:00:00+02:00,53.0,12.3,22.518,22.7315
2023-05-07 00:00:00+02:00,53.0,14.0,23.563,26.1265
2023-05-07 01:00:00+02:00,53.0,18.5,28.8855,34.198
2023-05-07 02:00:00+02:00,53.0,15.0,24.619,27.706
2023-05-07 03:00:00+02:00,53.0,10.4,19.5805,19.603
2023-05-07 04:00:00+02:00,53.0,11.8,20.9675,21.935
2023-05-07 05:00:00+02:00,53.0,11.7,20.5165,21.668
2023-05-07 06:00:00+02:00,53.0,10.7,20.2895,20.3115
2023-05-07 07:00:00+02:00,53.0,10.4,19.657,19.657
2023-05-07 08:00:00+02:00,53.0,11.9,22.3195,22.3545
2023-05-07 09:00:00+02:00,53.0,9.2,17.680500000000002,17.680500000000002
2023-05-07 10:00:00+02:00,53.0,10.6,18.9355,19.9315
2023-05-07 11:00:00+02:00,53.0,9.4,17.7935,18.062
2023-05-07 12:00:00+02:00,53.0,9.0,17.47,17.478
2023-05-07 13:00:00+02:00,53.0,8.2,15.5245,15.69
2023-05-07 14:00:00+02:00,53.0,7.0,12.4175,12.4955
2023-05-07 15:00:00+02:00,53.0,6.7,11.962,11.9665
2023-05-07 16:00:00+02:00,53.0,7.4,13.9515,14.0045
2023-05-07 17:00:00+02:00,53.0,8.7,16.492,16.700000000000003
2023-05-07 18:00:00+02:00,53.0,10.2,19.3915,19.531
2023-05-07 19:00:00+02:00,53.0,13.3,23.7515,24.701
2023-05-07 20:00:00+02:00,53.0,9.0,15.6305,16.1855
2023-05-07 21:00:00+02:00,53.0,7.1,12.8895,12.8935
2023-05-07 22:00:00+02:00,53.0,7.9,14.8825,14.9205
2023-05-07 23:00:00+02:00,53.0,9.8,18.6015,18.726
2023-05-08 00:00:00+02:00,53.0,5.2,8.606,8.606
2023-05-08 01:00:00+02:00,53.0,5.2,8.3735,8.3735
2023-05-08 02:00:00+02:00,53.0,4.4,7.3915,7.3915
2023-05-08 03:00:00+02:00,53.0,5.3,8.854500000000002,8.854500000000002
2023-05-08 04:00:00+02:00,53.0,10.5,15.7935,18.1585
2023-05-08 05:00:00+02:00,53.0,10.9,16.7925,18.9905
2023-05-08 06:00:00+02:00,53.0,10.7,18.255,19.579
2023-05-08 07:00:00+02:00,53.0,9.8,17.2195,18.044
2023-05-08 08:00:00+02:00,53.0,10.5,19.663,19.779
2023-05-08 09:00:00+02:00,53.0,12.6,21.364,23.0315
2023-05-08 10:00:00+02:00,53.0,6.3,11.315,11.3675
2023-05-08 11:00:00+02:00,53.0,8.6,15.133,15.353
2023-05-08 12:00:00+02:00,53.0,14.3,24.29,24.742
2023-05-08 13:00:00+02:00,53.0,9.5,16.724,17.2165
2023-05-08 14:00:00+02:00,53.0,9.4,17.365499999999997,17.433
2023-05-08 15:00:00+02:00,53.0,11.1,19.9895,20.2725
2023-05-08 16:00:00+02:00,53.0,15.6,26.2515,27.0075
2023-05-08 17:00:00+02:00,53.0,19.0,30.2445,32.75
2023-05-08 18:00:00+02:00,53.0,22.4,34.2335,38.495000000000005
2023-05-08 19:00:00+02:00,53.0,25.3,37.506,43.535
2023-05-08 20:00:00+02:00,53.0,34.8,45.859,60.36
2023-05-08 21:00:00+02:00,53.0,28.2,40.119,48.794
2023-05-08 22:00:00+02:00,53.0,25.9,38.1075,44.45
2023-05-08 23:00:00+02:00,53.0,26.8,38.6765,45.683
2023-05-09 00:00:00+02:00,53.0,23.6,35.646,40.0245
2023-05-09 01:00:00+02:00,53.0,22.4,34.322,37.817
2023-05-09 02:00:00+02:00,53.0,21.8,33.5445,36.5775
2023-05-09 03:00:00+02:00,53.0,21.1,32.841,35.36450000000001
2023-05-09 04:00:00+02:00,53.0,18.2,29.7085,30.6845
2023-05-09 05:00:00+02:00,53.0,15.7,26.154,26.347
2023-05-09 06:00:00+02:00,53.0,12.8,22.463,23.34
2023-05-09 07:00:00+02:00,53.0,10.5,19.714,19.724
2023-05-09 08:00:00+02:00,53.0,12.6,22.8765,22.9575
2023-05-09 09:00:00+02:00,53.0,14.2,24.722,24.931
2023-05-09 10:00:00+02:00,53.0,16.9,27.992,28.749
2023-05-09 11:00:00+02:00,53.0,17.3,29.083,29.9945
2023-05-09 12:00:00+02:00,53.0,14.2,25.036,25.2435
2023-05-09 13:00:00+02:00,53.0,7.4,13.769,13.8135
2023-05-09 14:00:00+02:00,53.0,7.0,12.6375,12.6395
2023-05-09 15:00:00+02:00,53.0,6.0,10.2845,10.2845
2023-05-09 16:00:00+02:00,53.0,5.8,9.915,9.915
2023-05-09 17:00:00+02:00,53.0,6.2,10.663,10.663
2023-05-09 18:00:00+02:00,53.0,7.1,12.805,12.903
2023-05-09 19:00:00+02:00,53.0,9.4,18.048,18.048
2023-05-09 20:00:00+02:00,53.0,9.2,17.6685,17.704
2023-05-09 21:00:00+02:00,53.0,14.8,26.163,26.937
2023-05-09 22:00:00+02:00,53.0,16.4,28.368,28.862
2023-05-09 23:00:00+02:00,53.0,17.2,29.3425,30.336
2023-05-10 00:00:00+02:00,53.0,15.3,27.099,27.6505
2023-05-10 01:00:00+02:00,53.0,17.0,29.1045,29.7235
2023-05-10 02:00:00+02:00,53.0,18.2,30.3715,31.8305
2023-05-10 03:00:00+02:00,53.0,12.2,22.1605,22.1605
2023-05-10 04:00:00+02:00,53.0,11.3,20.9075,20.9075
2023-05-10 05:00:00+02:00,53.0,14.3,24.9155,25.103
2023-05-10 06:00:00+02:00,53.0,20.9,33.418499999999995,36.989
2023-05-10 07:00:00+02:00,53.0,19.5,32.279,34.615
2023-05-10 08:00:00+02:00,53.0,22.5,35.253,39.6625
2023-05-10 09:00:00+02:00,53.0,24.7,37.269000000000005,43.0175
2023-05-10 10:00:00+02:00,53.0,26.0,38.369,45.2055
2023-05-10 11:00:00+02:00,53.0,27.0,39.212,46.7055
2023-05-10 12:00:00+02:00,53.0,26.5,38.962500000000006,46.2245
2023-05-10 13:00:00+02:00,53.0,26.5,38.909000000000006,46.16
2023-05-10 14:00:00+02:00,53.0,31.7,43.2715,55.315
2023-05-10 15:00:00+02:00,53.0,36.6,46.974500000000006,63.785
2023-05-10 16:00:00+02:00,53.0,36.6,46.783,63.7475
2023-05-10 17:00:00+02:00,53.0,35.5,46.441,61.997
2023-05-10 18:00:00+02:00,53.0,34.2,45.1215,59.486
2023-05-10 19:00:00+02:00,53.0,40.2,49.4285,70.0315
2023-05-10 20:00:00+02:00,53.0,56.0,64.89949999999999,98.271
2023-05-10 21:00:00+02:00,53.0,52.7,61.1135,92.567
2023-05-10 22:00:00+02:00,53.0,48.8,56.755,85.614
2023-05-10 23:00:00+02:00,53.0,40.0,49.4235,69.898
2023-05-11 00:00:00+02:00,53.0,32.6,43.967,56.7515
2023-05-11 01:00:00+02:00,53.0,21.0,33.221000000000004,36.0215
2023-05-11 02:00:00+02:00,53.0,18.4,30.348,31.4045
2023-05-11 03:00:00+02:00,53.0,15.3,26.1655,26.4285
2023-05-11 04:00:00+02:00,53.0,11.1,20.2085,20.227
2023-05-11 05:00:00+02:00,53.0,11.6,21.11,21.2725
2023-05-11 06:00:00+02:00,53.0,12.4,22.835,22.9595
2023-05-11 07:00:00+02:00,53.0,14.8,25.791,26.003500000000003
2023-05-11 08:00:00+02:00,53.0,18.5,30.5485,32.411500000000004
2023-05-11 09:00:00+02:00,53.0,16.5,28.185,28.9075
2023-05-11 10:00:00+02:00,53.0,21.3,33.751000000000005,37.071
2023-05-11 11:00:00+02:00,53.0,21.6,34.1805,37.7715
2023-05-11 12:00:00+02:00,53.0,21.7,34.229,37.9505
2023-05-11 13:00:00+02:00,53.0,22.2,34.638000000000005,38.7615
2023-05-11 14:00:00+02:00,53.0,22.8,35.3705,39.8945
2023-05-11 15:00:00+02:00,53.0,21.4,33.8945,37.6105
2023-05-11 16:00:00+02:00,53.0,22.5,34.5835,39.0745
2023-05-11 17:00:00+02:00,53.0,29.6,41.512,51.293
2023-05-11 18:00:00+02:00,53.0,31.4,44.313,54.8185
2023-05-11 19:00:00+02:00,53.0,35.1,45.8275,61.585
2023-05-11 20:00:00+02:00,53.0,35.8,46.9405,62.6975
2023-05-11 21:00:00+02:00,53.0,36.8,47.223,64.294
2023-05-11 22:00:00+02:00,53.0,30.5,41.8285,53.575500000000005
2023-05-11 23:00:00+02:00,53.0,22.2,34.5855,38.749
2023-05-12 00:00:00+02:00,53.0,12.7,22.191,22.286
2023-05-12 01:00:00+02:00,53.0,11.6,20.358,20.358
2023-05-12 02:00:00+02:00,53.0,10.5,18.909,18.9215
2023-05-12 03:00:00+02:00,53.0,9.4,17.2325,17.2325
2023-05-12 04:00:00+02:00,53.0,5.4,9.212,9.2155
2023-05-12 05:00:00+02:00,53.0,5.7,8.224499999999999,9.6395
2023-05-12 06:00:00+02:00,53.0,11.4,17.6485,19.8755
2023-05-12 07:00:00+02:00,53.0,6.9,12.337,12.467
2023-05-12 08:00:00+02:00,53.0,11.5,21.0825,21.3175
2023-05-12 09:00:00+02:00,53.0,8.1,14.423,14.6075
2023-05-12 10:00:00+02:00,53.0,8.0,14.7245,15.0005
2023-05-12 11:00:00+02:00,53.0,13.3,20.188,23.8085
2023-05-12 12:00:00+02:00,53.0,4.1,6.707,6.708
2023-05-12 13:00:00+02:00,53.0,4.0,7.0575,7.095000000000001
2023-05-12 14:00:00+02:00,53.0,1.5,1.903,1.903
2023-05-12 15:00:00+02:00,53.0,2.2,2.5865,3.024
2023-05-12 16:00:00+02:00,53.0,1.0,0.9465,0.9465
2023-05-12 17:00:00+02:00,53.0,3.7,5.8035,5.9665
2023-05-12 18:00:00+02:00,53.0,2.5,3.6625,3.663
2023-05-12 19:00:00+02:00,53.0,3.9,5.9190000000000005,6.484999999999999
2023-05-12 20:00:00+02:00,53.0,8.1,14.571,14.6065
2023-05-12 21:00:00+02:00,53.0,13.1,21.191,23.2805
2023-05-12 22:00:00+02:00,53.0,8.5,15.1405,15.6905
2023-05-12 23:00:00+02:00,53.0,5.9,10.3155,10.347
2023-05-13 00:00:00+02:00,53.0,5.1,9.136,9.158
2023-05-13 01:00:00+02:00,53.0,5.4,9.6525,9.6525
2023-05-13 02:00:00+02:00,53.0,3.9,6.6425,6.6425
2023-05-13 03:00:00+02:00,53.0,3.0,4.7935,4.7935
2023-05-13 04:00:00+02:00,53.0,4.2,7.1885,7.2725
2023-05-13 05:00:00+02:00,53.0,3.7,6.099,6.1575
2023-05-13 06:00:00+02:00,53.0,7.5,11.714,13.0605
2023-05-13 07:00:00+02:00,53.0,4.0,6.8035,6.845000000000001
2023-05-13 08:00:00+02:00,53.0,4.5,7.605499999999999,7.8185
2023-05-13 09:00:00+02:00,53.0,11.4,20.797,20.994
2023-05-13 10:00:00+02:00,53.0,10.2,18.648,18.854
2023-05-13 11:00:00+02:00,53.0,8.3,15.8135,15.866
2023-05-13 12:00:00+02:00,53.0,9.5,18.2855,18.3525
2023-05-13 13:00:00+02:00,53.0,15.4,26.626,27.352
2023-05-13 14:00:00+02:00,53.0,16.6,27.813,28.553
2023-05-13 15:00:00+02:00,53.0,13.5,23.558,24.0215
2023-05-13 16:00:00+02:00,53.0,13.3,22.5975,24.2675
2023-05-13 17:00:00+02:00,53.0,13.1,23.2445,23.6495
2023-05-13 18:00:00+02:00,53.0,21.5,33.9165,38.028
2023-05-13 19:00:00+02:00,53.0,39.0,48.922,68.863
2023-05-13 20:00:00+02:00,53.0,34.7,45.865,61.3685
2023-05-13 21:00:00+02:00,53.0,40.1,49.843,70.795
2023-05-13 22:00:00+02:00,53.0,45.2,54.484,80.607
2023-05-13 23:00:00+02:00,53.0,29.8,42.0455,52.687
2023-05-14 00:00:00+02:00,53.0,32.2,43.846,56.558
2023-05-14 01:00:00+02:00,53.0,19.0,30.451500000000003,33.397000000000006
2023-05-14 02:00:00+02:00,53.0,13.0,23.223,23.5995
2023-05-14 03:00:00+02:00,53.0,12.5,22.4765,22.827
2023-05-14 04:00:00+02:00,53.0,9.6,18.148000000000003,18.148000000000003
2023-05-14 05:00:00+02:00,53.0,8.6,16.1015,16.1015
2023-05-14 06:00:00+02:00,53.0,13.2,23.4825,23.7815
2023-05-14 07:00:00+02:00,53.0,13.3,23.167,23.312
2023-05-14 08:00:00+02:00,53.0,14.9,25.6125,25.7845
2023-05-14 09:00:00+02:00,53.0,18.2,30.0805,31.5725
2023-05-14 10:00:00+02:00,53.0,17.5,29.075,29.8355
2023-05-14 11:00:00+02:00,53.0,14.8,25.4505,25.6265
2023-05-14 12:00:00+02:00,53.0,17.4,28.719,30.0355
2023-05-14 13:00:00+02:00,53.0,23.6,35.9465,41.1705
2023-05-14 14:00:00+02:00,53.0,26.3,38.3445,45.0645
2023-05-14 15:00:00+02:00,53.0,30.3,41.712,51.586
2023-05-14 16:00:00+02:00,53.0,26.8,38.486,45.2255
2023-05-14 17:00:00+02:00,53.0,30.0,41.3165,51.008
2023-05-14 18:00:00+02:00,53.0,35.9,45.741,61.128
2023-05-14 19:00:00+02:00,53.0,36.4,46.6435,61.98
2023-05-14 20:00:00+02:00,53.0,45.6,54.573,78.822
2023-05-14 21:00:00+02:00,53.0,41.1,49.74,70.9065
2023-05-14 22:00:00+02:00,53.0,36.5,46.505,62.927
2023-05-14 23:00:00+02:00,53.0,28.7,40.0805,49.5425
2023-05-15 00:00:00+02:00,53.0,11.8,21.133,21.133
2023-05-15 01:00:00+02:00,53.0,10.9,18.964,19.3125
2023-05-15 02:00:00+02:00,53.0,6.4,11.4385,11.4385
2023-05-15 03:00:00+02:00,53.0,4.4,6.899,7.131
2023-05-15 04:00:00+02:00,53.0,2.7,4.107,4.107
2023-05-15 05:00:00+02:00,53.0,2.0,2.8895,2.8895
2023-05-15 06:00:00+02:00,53.0,5.7,10.6155,10.6335
2023-05-15 07:00:00+02:00,53.0,11.2,19.983,20.5855
2023-05-15 08:00:00+02:00,53.0,16.2,27.6735,29.047
2023-05-15 09:00:00+02:00,53.0,12.6,22.7985,22.883
2023-05-15 10:00:00+02:00,53.0,10.2,19.130000000000003,19.509500000000003
2023-05-15 11:00:00+02:00,53.0,8.0,14.707,14.7515
2023-05-15 12:00:00+02:00,53.0,6.1,10.419,10.419
2023-05-15 13:00:00+02:00,53.0,6.2,10.722,10.7775
2023-05-15 14:00:00+02:00,53.0,5.1,8.6695,8.727
2023-05-15 15:00:00+02:00,53.0,6.9,12.1895,12.22
2023-05-15 16:00:00+02:00,53.0,4.9,8.2955,8.304
2023-05-15 17:00:00+02:00,53.0,6.0,10.251,10.567
2023-05-15 18:00:00+02:00,53.0,13.9,21.894,24.8875
2023-05-15 19:00:00+02:00,53.0,11.1,20.7035,20.858
2023-05-15 20:00:00+02:00,53.0,21.4,33.514,38.3215
2023-05-15 21:00:00+02:00,53.0,14.0,25.024,25.4325
2023-05-15 22:00:00+02:00,53.0,19.2,31.838500000000003,34.4305
2023-05-15 23:00:00+02:00,53.0,6.5,11.63,11.655
2023-05-16 00:00:00+02:00,53.0,4.5,7.5685,7.5685
2023-05-16 01:00:00+02:00,53.0,2.4,3.513,3.513
2023-05-16 02:00:00+02:00,53.0,3.4,5.308,5.314
2023-05-16 03:00:00+02:00,53.0,1.3,1.3445,1.3445
2023-05-16 04:00:00+02:00,53.0,2.4,3.4745,3.4745
2023-05-16 05:00:00+02:00,53.0,5.5,9.546,9.8235
2023-05-16 06:00:00+02:00,53.0,6.6,12.1055,12.3085
2023-05-16 07:00:00+02:00,53.0,8.7,16.119500000000002,16.333
2023-05-16 08:00:00+02:00,53.0,14.2,24.8215,25.2245
2023-05-16 09:00:00+02:00,53.0,21.3,32.956500000000005,36.425
2023-05-16 10:00:00+02:00,53.0,25.9,37.713,44.0175
2023-05-16 11:00:00+02:00,53.0,23.5,35.44,40.292
2023-05-16 12:00:00+02:00,53.0,21.6,33.744,37.257000000000005
2023-05-16 13:00:00+02:00,53.0,25.0,36.9165,43.186
2023-05-16 14:00:00+02:00,53.0,36.6,47.1015,62.962500000000006
2023-05-16 15:00:00+02:00,53.0,36.6,46.346,62.581500000000005
2023-05-16 16:00:00+02:00,53.0,25.6,36.468,43.451
2023-05-16 17:00:00+02:00,53.0,11.1,19.5285,19.918
2023-05-16 18:00:00+02:00,53.0,18.4,30.0545,32.1295
2023-05-16 19:00:00+02:00,53.0,23.5,36.054,41.8415
2023-05-16 20:00:00+02:00,53.0,36.6,49.4215,64.715
2023-05-16 21:00:00+02:00,53.0,42.3,52.0265,74.626
2023-05-16 22:00:00+02:00,53.0,39.0,48.96,68.7755
2023-05-16 23:00:00+02:00,53.0,35.6,46.2765,62.5995
2023-05-17 00:00:00+02:00,53.0,25.3,36.6135,43.9155
2023-05-17 01:00:00+02:00,53.0,12.7,21.756500000000003,21.821
2023-05-17 02:00:00+02:00,53.0,5.7,9.1375,9.1375
2023-05-17 03:00:00+02:00,53.0,4.6,7.1385000000000005,7.1385000000000005
2023-05-17 04:00:00+02:00,53.0,5.5,8.76,8.8165
2023-05-17 05:00:00+02:00,53.0,6.0,10.124,10.124
2023-05-17 06:00:00+02:00,53.0,8.1,14.5135,14.599
2023-05-17 07:00:00+02:00,53.0,8.4,15.2155,15.2715
2023-05-17 08:00:00+02:00,53.0,9.6,17.9685,18.0285
2023-05-17 09:00:00+02:00,53.0,8.7,15.6235,15.7455
2023-05-17 10:00:00+02:00,53.0,8.2,14.703,14.7795
2023-05-17 11:00:00+02:00,53.0,12.2,21.7505,22.027
2023-05-17 12:00:00+02:00,53.0,17.5,28.4815,29.4195
2023-05-17 13:00:00+02:00,53.0,14.0,24.075,24.769
2023-05-17 14:00:00+02:00,53.0,9.5,17.04,17.5685
2023-05-17 15:00:00+02:00,53.0,12.2,21.1815,22.436
2023-05-17 16:00:00+02:00,53.0,13.3,22.885,24.441000000000003
2023-05-17 17:00:00+02:00,53.0,10.8,19.262,20.372
2023-05-17 18:00:00+02:00,53.0,11.9,22.292,22.618
2023-05-17 19:00:00+02:00,53.0,11.2,21.3005,21.7405
2023-05-17 20:00:00+02:00,53.0,13.5,24.595,25.076
2023-05-17 21:00:00+02:00,53.0,12.5,22.0795,23.643
2023-05-17 22:00:00+02:00,53.0,8.7,16.4775,16.6185
2023-05-17 23:00:00+02:00,53.0,5.1,8.811,8.811
2023-05-18 00:00:00+02:00,53.0,3.7,6.3215,6.3215
2023-05-18 01:00:00+02:00,53.0,5.2,8.447,8.932500000000001
2023-05-18 02:00:00+02:00,53.0,5.3,8.134,8.678
2023-05-18 03:00:00+02:00,53.0,4.4,6.855,6.897499999999999
2023-05-18 04:00:00+02:00,53.0,3.8,6.095,6.095
2023-05-18 05:00:00+02:00,53.0,3.8,5.9895,6.0745000000000005
2023-05-18 06:00:00+02:00,53.0,8.2,12.366499999999998,14.0935
2023-05-18 07:00:00+02:00,53.0,5.2,8.6275,8.8275
2023-05-18 08:00:00+02:00,53.0,5.9,9.866,9.866
2023-05-18 09:00:00+02:00,53.0,8.9,15.5775,16.167
2023-05-18 10:00:00+02:00,53.0,9.7,17.582,17.884
2023-05-18 11:00:00+02:00,53.0,9.4,17.7885,17.8015
2023-05-18 12:00:00+02:00,53.0,12.5,22.1405,22.7525
2023-05-18 13:00:00+02:00,53.0,10.2,18.978,19.0425
2023-05-18 14:00:00+02:00,53.0,11.0,20.4205,20.4565
2023-05-18 15:00:00+02:00,53.0,14.9,25.387,26.3805
2023-05-18 16:00:00+02:00,53.0,14.6,25.1635,25.8925
2023-05-18 17:00:00+02:00,53.0,27.9,40.704,49.392
2023-05-18 18:00:00+02:00,53.0,22.5,34.408500000000004,39.18000000000001
2023-05-18 19:00:00+02:00,53.0,15.4,26.056,27.45
2023-05-18 20:00:00+02:00,53.0,25.0,37.188,43.8955
2023-05-18 21:00:00+02:00,53.0,19.2,31.07,33.507
2023-05-18 22:00:00+02:00,53.0,23.0,35.18,40.0645
2023-05-18 23:00:00+02:00,53.0,21.5,33.4985,37.368
2023-05-19 00:00:00+02:00,53.0,17.1,28.6995,29.5925
2023-05-19 01:00:00+02:00,53.0,12.8,22.732,22.869
2023-05-19 02:00:00+02:00,53.0,14.9,25.2745,25.7425
2023-05-19 03:00:00+02:00,53.0,9.3,17.067,17.067
2023-05-19 04:00:00+02:00,53.0,8.9,16.823,16.823
2023-05-19 05:00:00+02:00,53.0,11.4,19.5025,20.5265
2023-05-19 06:00:00+02:00,53.0,12.6,22.2095,22.3735
2023-05-19 07:00:00+02:00,53.0,20.5,32.7555,35.45
2023-05-19 08:00:00+02:00,53.0,21.8,33.888000000000005,37.355
2023-05-19 09:00:00+02:00,53.0,15.7,26.795,27.31
2023-05-19 10:00:00+02:00,53.0,13.1,22.7945,23.4255
2023-05-19 11:00:00+02:00,53.0,11.8,21.532,21.8635
2023-05-19 12:00:00+02:00,53.0,12.7,21.811,21.821
2023-05-19 13:00:00+02:00,53.0,18.1,29.162,30.340000000000003
2023-05-19 14:00:00+02:00,53.0,20.9,32.5875,35.032
2023-05-19 15:00:00+02:00,53.0,20.6,32.559,35.0865
2023-05-19 16:00:00+02:00,53.0,18.5,29.7825,31.124
2023-05-19 17:00:00+02:00,53.0,15.6,26.3595,26.704
2023-05-19 18:00:00+02:00,53.0,15.9,26.8365,27.2255
2023-05-19 19:00:00+02:00,53.0,20.0,31.141,34.5835
2023-05-19 20:00:00+02:00,53.0,26.3,38.6715,46.0535
2023-05-19 21:00:00+02:00,53.0,29.0,40.878,50.6055
2023-05-19 22:00:00+02:00,53.0,26.0,38.013,45.5535
2023-05-19 23:00:00+02:00,53.0,20.6,32.8775,35.506
2023-05-20 00:00:00+02:00,53.0,22.8,35.164,39.223
2023-05-20 01:00:00+02:00,53.0,24.3,36.504,41.7835
2023-05-20 02:00:00+02:00,53.0,23.3,35.433499999999995,39.7305
2023-05-20 03:00:00+02:00,53.0,24.3,36.4285,41.694
2023-05-20 04:00:00+02:00,53.0,22.9,35.0045,39.1585
2023-05-20 05:00:00+02:00,53.0,23.2,35.2735,39.69
2023-05-20 06:00:00+02:00,53.0,28.3,40.27,48.627
2023-05-20 07:00:00+02:00,53.0,29.3,41.043000000000006,50.4045
2023-05-20 08:00:00+02:00,53.0,33.7,44.6465,58.185500000000005
2023-05-20 09:00:00+02:00,53.0,37.7,47.3235,64.912
2023-05-20 10:00:00+02:00,53.0,41.8,49.9945,71.9955
2023-05-20 11:00:00+02:00,53.0,50.2,58.034,87.299
2023-05-20 12:00:00+02:00,53.0,40.2,48.826,68.98349999999999
2023-05-20 13:00:00+02:00,53.0,35.0,45.3695,60.038
2023-05-20 14:00:00+02:00,53.0,30.1,41.558,51.5315
2023-05-20 15:00:00+02:00,53.0,23.5,35.5625,40.044
2023-05-20 16:00:00+02:00,53.0,20.1,32.164500000000004,34.403
2023-05-20 17:00:00+02:00,53.0,17.1,28.2235,29.2535
2023-05-20 18:00:00+02:00,53.0,17.0,28.3835,29.311
2023-05-20 19:00:00+02:00,53.0,19.7,32.2275,34.584500000000006
2023-05-20 20:00:00+02:00,53.0,26.3,39.0615,46.757000000000005
2023-05-20 21:00:00+02:00,53.0,28.5,41.02,50.292
2023-05-20 22:00:00+02:00,53.0,28.1,40.5655,49.455
2023-05-20 23:00:00+02:00,53.0,28.6,41.247,50.522
2023-05-21 00:00:00+02:00,53.0,27.6,40.0095,48.317
2023-05-21 01:00:00+02:00,53.0,32.3,44.6195,56.906000000000006
2023-05-21 02:00:00+02:00,53.0,28.1,40.429,49.3005
2023-05-21 03:00:00+02:00,53.0,24.3,36.739,42.351
2023-05-21 04:00:00+02:00,53.0,20.0,32.6545,35.2205
2023-05-21 05:00:00+02:00,53.0,18.7,30.746,32.457
2023-05-21 06:00:00+02:00,53.0,22.7,34.883,39.4845
2023-05-21 07:00:00+02:00,53.0,18.0,30.194,31.5165
2023-05-21 08:00:00+02:00,53.0,21.8,34.3925,38.029
2023-05-21 09:00:00+02:00,53.0,19.9,32.201,34.563
2023-05-21 10:00:00+02:00,53.0,16.9,28.2775,29.095
2023-05-21 11:00:00+02:00,53.0,13.5,23.9945,24.225
2023-05-21 12:00:00+02:00,53.0,9.7,18.269,18.269
2023-05-21 13:00:00+02:00,53.0,9.3,17.709,17.712
2023-05-21 14:00:00+02:00,53.0,7.2,13.181,13.181
2023-05-21 15:00:00+02:00,53.0,7.9,14.398,14.474
2023-05-21 16:00:00+02:00,53.0,6.9,12.795,12.7955
2023-05-21 17:00:00+02:00,53.0,8.1,15.283,15.454999999999998
2023-05-21 18:00:00+02:00,53.0,9.7,17.972,18.3225
2023-05-21 19:00:00+02:00,53.0,10.6,19.8765,20.075
2023-05-21 20:00:00+02:00,53.0,14.8,25.249,27.361
2023-05-21 21:00:00+02:00,53.0,16.2,27.433,28.7805
2023-05-21 22:00:00+02:00,53.0,15.8,27.084,27.9485
2023-05-21 23:00:00+02:00,53.0,19.1,30.677,33.231
2023-05-22 00:00:00+02:00,53.0,18.6,30.116,32.2575
2023-05-22 01:00:00+02:00,53.0,16.8,28.6755,29.588
2023-05-22 02:00:00+02:00,53.0,17.4,28.9765,30.128
2023-05-22 03:00:00+02:00,53.0,18.4,30.478,31.9395
2023-05-22 04:00:00+02:00,53.0,17.1,28.753,29.8195
2023-05-22 05:00:00+02:00,53.0,18.3,29.734,31.6885
2023-05-22 06:00:00+02:00,53.0,16.0,27.2665,27.757
2023-05-22 07:00:00+02:00,53.0,16.2,27.732,28.166
2023-05-22 08:00:00+02:00,53.0,18.5,30.352,32.287
2023-05-22 09:00:00+02:00,53.0,21.6,33.939499999999995,37.6065
2023-05-22 10:00:00+02:00,53.0,17.8,30.0105,31.2695
2023-05-22 11:00:00+02:00,53.0,14.8,26.0395,26.3215
2023-05-22 12:00:00+02:00,53.0,12.1,22.3745,22.454
2023-05-22 13:00:00+02:00,53.0,9.3,18.1395,18.1825
2023-05-22 14:00:00+02:00,53.0,9.4,18.1485,18.25
2023-05-22 15:00:00+02:00,53.0,8.1,15.5905,15.5905
2023-05-22 16:00:00+02:00,53.0,7.8,14.8985,14.9605
2023-05-22 17:00:00+02:00,53.0,7.8,14.903,14.91
2023-05-22 18:00:00+02:00,53.0,8.0,15.5135,15.5135
2023-05-22 19:00:00+02:00,53.0,8.7,17.017000000000003,17.017000000000003
2023-05-22 20:00:00+02:00,53.0,13.5,23.9715,24.462000000000003
2023-05-22 21:00:00+02:00,53.0,13.5,23.9945,24.0505
2023-05-22 22:00:00+02:00,53.0,15.2,25.7475,26.8785
2023-05-22 23:00:00+02:00,53.0,11.7,21.7605,21.783
2023-05-23 00:00:00+02:00,53.0,11.6,21.7315,21.7315
2023-05-23 01:00:00+02:00,53.0,10.9,20.5375,20.5375
2023-05-23 02:00:00+02:00,53.0,12.0,22.1625,22.313
2023-05-23 03:00:00+02:00,53.0,11.1,20.9395,20.9545
2023-05-23 04:00:00+02:00,53.0,16.8,27.277,30.224
2023-05-23 05:00:00+02:00,53.0,11.6,21.704500000000003,21.704500000000003
2023-05-23 06:00:00+02:00,53.0,12.1,22.186,22.207500000000003
2023-05-23 07:00:00+02:00,53.0,15.0,26.2195,26.992
2023-05-23 08:00:00+02:00,53.0,13.3,24.434,24.567
2023-05-23 09:00:00+02:00,53.0,10.5,20.1705,20.172
2023-05-23 10:00:00+02:00,53.0,10.6,20.5105,20.5175
2023-05-23 11:00:00+02:00,53.0,10.7,20.6865,20.78
2023-05-23 12:00:00+02:00,53.0,10.1,19.5205,19.64
2023-05-23 13:00:00+02:00,53.0,9.2,17.883,17.8935
2023-05-23 14:00:00+02:00,53.0,7.1,13.051,13.0555
2023-05-23 15:00:00+02:00,53.0,6.5,11.454,11.521
2023-05-23 16:00:00+02:00,53.0,5.9,10.2665,10.267499999999998
2023-05-23 17:00:00+02:00,53.0,6.9,12.09,12.155
2023-05-23 18:00:00+02:00,53.0,7.1,12.886,12.8905
2023-05-23 19:00:00+02:00,53.0,9.0,17.131,17.1325
2023-05-23 20:00:00+02:00,53.0,14.7,25.1305,26.97
2023-05-23 21:00:00+02:00,53.0,15.6,26.046,28.116
2023-05-23 22:00:00+02:00,53.0,17.1,28.158,30.208
2023-05-23 23:00:00+02:00,53.0,21.1,32.668,37.361
2023-05-24 00:00:00+02:00,53.0,15.5,26.2565,27.25
2023-05-24 01:00:00+02:00,53.0,12.6,22.886,22.886
2023-05-24 02:00:00+02:00,53.0,12.4,22.2835,22.2845
2023-05-24 03:00:00+02:00,53.0,12.1,22.0135,22.015
2023-05-24 04:00:00+02:00,53.0,13.0,23.1495,23.6245
2023-05-24 05:00:00+02:00,53.0,14.6,24.4125,26.403
2023-05-24 06:00:00+02:00,53.0,12.6,22.9045,23.064
2023-05-24 07:00:00+02:00,53.0,10.7,20.003,20.003
2023-05-24 08:00:00+02:00,53.0,9.0,17.2165,17.3485
2023-05-24 09:00:00+02:00,53.0,7.4,13.55,13.55
2023-05-24 10:00:00+02:00,53.0,8.4,15.661,15.7485
2023-05-24 11:00:00+02:00,53.0,11.9,20.972,21.9585
2023-05-24 12:00:00+02:00,53.0,11.2,20.522,20.6325
2023-05-24 13:00:00+02:00,53.0,8.5,16.0195,16.021
2023-05-24 14:00:00+02:00,53.0,7.0,12.413,12.413
2023-05-24 15:00:00+02:00,53.0,7.6,14.222,14.2375
2023-05-24 16:00:00+02:00,53.0,8.3,15.1345,15.434
2023-05-24 17:00:00+02:00,53.0,7.7,13.7945,13.8015
2023-05-24 18:00:00+02:00,53.0,11.9,20.983,22.326
2023-05-24 19:00:00+02:00,53.0,14.3,23.7315,25.764
2023-05-24 20:00:00+02:00,53.0,13.1,23.182,23.568
2023-05-24 21:00:00+02:00,53.0,15.8,25.5435,28.532
2023-05-24 22:00:00+02:00,53.0,9.2,17.341,17.381
2023-05-24 23:00:00+02:00,53.0,11.3,20.437,20.515500000000003
2023-05-25 00:00:00+02:00,53.0,10.5,19.294,19.3345
2023-05-25 01:00:00+02:00,53.0,9.3,17.3355,17.4795
2023-05-25 02:00:00+02:00,53.0,7.4,13.3315,13.3315
2023-05-25 03:00:00+02:00,53.0,11.1,19.086,20.2425
2023-05-25 04:00:00+02:00,53.0,12.4,20.1355,22.607
2023-05-25 05:00:00+02:00,53.0,9.2,16.383499999999998,16.7985
2023-05-25 06:00:00+02:00,53.0,8.8,16.334,16.575499999999998
2023-05-25 07:00:00+02:00,53.0,9.5,17.522,17.791
2023-05-25 08:00:00+02:00,53.0,11.0,19.9855,20.5455
2023-05-25 09:00:00+02:00,53.0,11.4,21.0665,21.1075
2023-05-25 10:00:00+02:00,53.0,10.5,19.6055,19.7335
2023-05-25 11:00:00+02:00,53.0,8.9,16.7565,16.7635
2023-05-25 12:00:00+02:00,53.0,7.4,12.8795,13.058
2023-05-25 13:00:00+02:00,53.0,7.5,13.2355,13.4335
2023-05-25 14:00:00+02:00,53.0,6.4,11.185,11.29
2023-05-25 15:00:00+02:00,53.0,6.0,10.082999999999998,10.082999999999998
2023-05-25 16:00:00+02:00,53.0,7.8,13.444,13.7015
2023-05-25 17:00:00+02:00,53.0,7.3,13.092,13.1
2023-05-25 18:00:00+02:00,53.0,9.0,17.0865,17.094
2023-05-25 19:00:00+02:00,53.0,15.1,24.9615,27.242
2023-05-25 20:00:00+02:00,53.0,11.8,21.239,21.6295
2023-05-25 21:00:00+02:00,53.0,15.3,24.135,27.3805
2023-05-25 22:00:00+02:00,53.0,9.8,18.186,18.4305
2023-05-25 23:00:00+02:00,53.0,11.4,19.692500000000003,20.7045
2023-05-26 00:00:00+02:00,53.0,11.1,19.4465,20.2275
2023-05-26 01:00:00+02:00,53.0,10.0,17.9205,18.257
2023-05-26 02:00:00+02:00,53.0,8.9,16.186,16.278
2023-05-26 03:00:00+02:00,53.0,10.8,18.2615,19.4745
2023-05-26 04:00:00+02:00,53.0,9.7,16.7415,17.213
2023-05-26 05:00:00+02:00,53.0,9.2,16.764499999999998,16.848
2023-05-26 06:00:00+02:00,53.0,9.4,17.322499999999998,17.3235
2023-05-26 07:00:00+02:00,53.0,9.8,18.2605,18.2605
2023-05-26 08:00:00+02:00,53.0,10.1,18.631500000000003,18.636000000000003
2023-05-26 09:00:00+02:00,53.0,10.5,19.3165,19.3165
2023-05-26 10:00:00+02:00,53.0,10.5,19.3415,19.3415
2023-05-26 11:00:00+02:00,53.0,12.0,21.378,21.871
2023-05-26 12:00:00+02:00,53.0,11.2,20.383,20.695500000000003
2023-05-26 13:00:00+02:00,53.0,12.0,21.413,21.9605
2023-05-26 14:00:00+02:00,53.0,10.2,19.0305,19.0365
2023-05-26 15:00:00+02:00,53.0,12.3,22.376,22.6345
2023-05-26 16:00:00+02:00,53.0,14.3,25.049,26.0435
2023-05-26 17:00:00+02:00,53.0,9.9,18.3185,18.4575
2023-05-26 18:00:00+02:00,53.0,9.0,16.225,16.3465
2023-05-26 19:00:00+02:00,53.0,6.8,11.226,11.226
2023-05-26 20:00:00+02:00,53.0,6.8,11.67,11.67
2023-05-26 21:00:00+02:00,53.0,7.1,12.3155,12.3155
2023-05-26 22:00:00+02:00,53.0,8.7,14.0015,15.008500000000002
2023-05-26 23:00:00+02:00,53.0,6.5,10.9645,11.0315
2023-05-27 00:00:00+02:00,53.0,7.5,11.5125,12.417
2023-05-27 01:00:00+02:00,53.0,5.2,8.17,8.17
2023-05-27 02:00:00+02:00,53.0,8.7,12.727,14.3845
2023-05-27 03:00:00+02:00,53.0,4.6,7.285,7.286
2023-05-27 04:00:00+02:00,53.0,5.5,8.4605,8.802
2023-05-27 05:00:00+02:00,53.0,5.4,8.6475,8.8265
2023-05-27 06:00:00+02:00,53.0,5.6,9.197,9.275
2023-05-27 07:00:00+02:00,53.0,7.8,14.16,14.16
2023-05-27 08:00:00+02:00,53.0,13.9,23.6265,24.3275
2023-05-27 09:00:00+02:00,53.0,15.6,26.2855,26.667
2023-05-27 10:00:00+02:00,53.0,16.5,27.8235,28.3415
2023-05-27 11:00:00+02:00,53.0,17.1,28.732,29.608
2023-05-27 12:00:00+02:00,53.0,18.1,29.921,31.291000000000004
2023-05-27 13:00:00+02:00,53.0,17.2,28.812,29.5805
2023-05-27 14:00:00+02:00,53.0,17.5,29.1915,30.218
2023-05-27 15:00:00+02:00,53.0,21.9,34.045,37.587
2023-05-27 16:00:00+02:00,53.0,21.7,33.6945,37.141000000000005
2023-05-27 17:00:00+02:00,53.0,18.1,29.6725,30.9845
2023-05-27 18:00:00+02:00,53.0,15.8,26.3005,27.8
2023-05-27 19:00:00+02:00,53.0,15.3,26.0995,26.704
2023-05-27 20:00:00+02:00,53.0,16.9,27.5565,29.6145
2023-05-27 21:00:00+02:00,53.0,15.0,25.327,25.563
2023-05-27 22:00:00+02:00,53.0,15.3,26.117,26.5275
2023-05-27 23:00:00+02:00,53.0,18.4,30.2505,31.4965
2023-05-28 00:00:00+02:00,53.0,18.8,30.1315,31.9985
2023-05-28 01:00:00+02:00,53.0,18.3,29.1385,31.3825
2023-05-28 02:00:00+02:00,53.0,15.3,25.814,26.316
2023-05-28 03:00:00+02:00,53.0,18.3,28.236,31.4995
2023-05-28 04:00:00+02:00,53.0,13.3,22.8855,23.4245
2023-05-28 05:00:00+02:00,53.0,10.6,19.1825,19.1825
2023-05-28 06:00:00+02:00,53.0,12.0,21.067,21.0755
2023-05-28 07:00:00+02:00,53.0,12.1,21.054,21.495
2023-05-28 08:00:00+02:00,53.0,9.0,16.8585,16.859
2023-05-28 09:00:00+02:00,53.0,12.3,21.7645,21.8335
2023-05-28 10:00:00+02:00,53.0,14.0,24.1645,24.331
2023-05-28 11:00:00+02:00,53.0,15.6,26.3865,26.8245
2023-05-28 12:00:00+02:00,53.0,11.6,20.864,20.955
2023-05-28 13:00:00+02:00,53.0,8.1,14.73,14.874
2023-05-28 14:00:00+02:00,53.0,7.7,14.349,14.349
2023-05-28 15:00:00+02:00,53.0,13.3,22.441000000000003,23.927
2023-05-28 16:00:00+02:00,53.0,12.4,21.9875,22.636
2023-05-28 17:00:00+02:00,53.0,7.8,14.257,14.26
2023-05-28 18:00:00+02:00,53.0,8.5,15.525,15.6405
2023-05-28 19:00:00+02:00,53.0,11.1,19.931,20.5595
2023-05-28 20:00:00+02:00,53.0,14.7,24.6785,26.117
2023-05-28 21:00:00+02:00,53.0,14.0,24.4165,24.7605
2023-05-28 22:00:00+02:00,53.0,15.3,25.8555,27.1695
2023-05-28 23:00:00+02:00,53.0,15.2,25.1255,27.364
2023-05-29 00:00:00+02:00,53.0,12.5,21.916,22.789
2023-05-29 01:00:00+02:00,53.0,16.6,26.546,29.9015
2023-05-29 02:00:00+02:00,53.0,13.4,22.4535,23.972
2023-05-29 03:00:00+02:00,53.0,11.9,21.2685,21.729
2023-05-29 04:00:00+02:00,53.0,13.7,22.541,24.765
2023-05-29 05:00:00+02:00,53.0,11.6,19.435,20.775
2023-05-29 06:00:00+02:00,53.0,10.5,18.5505,19.188
2023-05-29 07:00:00+02:00,53.0,10.8,19.4435,20.0515
2023-05-29 08:00:00+02:00,53.0,9.5,17.686999999999998,17.692500000000003
2023-05-29 09:00:00+02:00,53.0,14.0,23.865,25.0975
2023-05-29 10:00:00+02:00,53.0,11.2,20.7395,20.7985
2023-05-29 11:00:00+02:00,53.0,8.4,15.6835,15.788
2023-05-29 12:00:00+02:00,53.0,9.0,16.7315,17.0195
2023-05-29 13:00:00+02:00,53.0,7.8,13.999,14.2655
2023-05-29 14:00:00+02:00,53.0,9.4,17.3065,17.565
2023-05-29 15:00:00+02:00,53.0,7.6,13.1505,13.506
2023-05-29 16:00:00+02:00,53.0,9.3,16.7165,17.0035
2023-05-29 17:00:00+02:00,53.0,8.6,16.182000000000002,16.1905
2023-05-29 18:00:00+02:00,53.0,9.8,16.7785,17.878
2023-05-29 19:00:00+02:00,53.0,11.4,19.889000000000003,20.8245
2023-05-29 20:00:00+02:00,53.0,8.3,15.7825,15.7955
2023-05-29 21:00:00+02:00,53.0,9.2,15.6225,16.325499999999998
2023-05-29 22:00:00+02:00,53.0,8.3,15.2315,15.2485
2023-05-29 23:00:00+02:00,53.0,10.6,19.438,19.452
2023-05-30 00:00:00+02:00,53.0,11.2,19.972,19.986
2023-05-30 01:00:00+02:00,53.0,11.8,20.7295,20.731
2023-05-30 02:00:00+02:00,53.0,13.6,23.282,23.381
2023-05-30 03:00:00+02:00,53.0,13.3,22.908,22.9405
2023-05-30 04:00:00+02:00,53.0,13.7,23.0865,23.1005
2023-05-30 05:00:00+02:00,53.0,14.7,24.7295,25.022
2023-05-30 06:00:00+02:00,53.0,15.3,25.846,26.0595
2023-05-30 07:00:00+02:00,53.0,17.4,27.686,29.763
2023-05-30 08:00:00+02:00,53.0,15.1,25.4045,25.5225
2023-05-30 09:00:00+02:00,53.0,16.7,27.0575,28.366
2023-05-30 10:00:00+02:00,53.0,20.0,31.604,34.3535
2023-05-30 11:00:00+02:00,53.0,18.6,30.219,31.7705
2023-05-30 12:00:00+02:00,53.0,24.4,36.7045,42.2005
2023-05-30 13:00:00+02:00,53.0,22.9,35.0985,39.289
2023-05-30 14:00:00+02:00,53.0,19.1,31.0745,33.069500000000005
2023-05-30 15:00:00+02:00,53.0,16.1,26.7865,28.5995
2023-05-30 16:00:00+02:00,53.0,10.0,18.113,18.521500000000003
2023-05-30 17:00:00+02:00,53.0,13.2,23.0455,24.0885
2023-05-30 18:00:00+02:00,53.0,11.6,18.7815,20.6255
2023-05-30 19:00:00+02:00,53.0,19.4,28.3615,34.503
2023-05-30 20:00:00+02:00,53.0,21.7,31.717,39.037
2023-05-30 21:00:00+02:00,53.0,5.4,8.761,8.761
2023-05-30 22:00:00+02:00,53.0,7.7,13.725,13.732
2023-05-30 23:00:00+02:00,53.0,7.4,13.2255,13.2255
2023-05-31 00:00:00+02:00,53.0,5.7,8.7545,8.934999999999999
2023-05-31 01:00:00+02:00,53.0,4.7,7.192,7.192
2023-05-31 02:00:00+02:00,53.0,7.9,11.653,12.6985
2023-05-31 03:00:00+02:00,53.0,6.7,11.1625,11.1625
2023-05-31 04:00:00+02:00,53.0,4.2,6.5225,6.5225
2023-05-31 05:00:00+02:00,53.0,6.1,10.588,10.6125
2023-05-31 06:00:00+02:00,53.0,9.2,14.635000000000002,15.768
2023-05-31 07:00:00+02:00,53.0,7.3,12.617,12.8185
2023-05-31 08:00:00+02:00,53.0,6.7,12.3435,12.345
2023-05-31 09:00:00+02:00,53.0,7.3,13.050999999999998,13.13
2023-05-31 10:00:00+02:00,53.0,8.6,16.2125,16.213
2023-05-31 11:00:00+02:00,53.0,10.0,18.2375,18.3075
2023-05-31 12:00:00+02:00,53.0,10.0,18.9435,18.9885
2023-05-31 13:00:00+02:00,53.0,8.4,15.7915,15.9435
2023-05-31 14:00:00+02:00,53.0,8.2,14.936,15.05
2023-05-31 15:00:00+02:00,53.0,8.5,15.4755,15.646
2023-05-31 16:00:00+02:00,53.0,7.8,13.699,13.941
2023-05-31 17:00:00+02:00,53.0,9.9,18.2335,18.428
2023-05-31 18:00:00+02:00,53.0,9.4,17.302500000000002,17.3125
2023-05-31 19:00:00+02:00,53.0,12.4,22.527,22.965
2023-05-31 20:00:00+02:00,53.0,12.8,22.949,23.175
2023-05-31 21:00:00+02:00,53.0,10.8,20.1665,20.1905
2023-05-31 22:00:00+02:00,53.0,16.8,26.982,29.79
2023-05-31 23:00:00+02:00,53.0,11.9,21.6595,21.7205
2023-06-01 00:00:00+02:00,53.0,14.4,24.4415,25.8085
2023-06-01 01:00:00+02:00,53.0,15.3,26.353,27.382
2023-06-01 02:00:00+02:00,53.0,14.5,25.25,26.215
2023-06-01 03:00:00+02:00,53.0,16.4,27.2565,28.975
2023-06-01 04:00:00+02:00,53.0,14.6,25.58,25.6505
2023-06-01 05:00:00+02:00,53.0,17.7,28.8525,30.6285
2023-06-01 06:00:00+02:00,53.0,17.0,28.7665,29.4665
2023-06-01 07:00:00+02:00,53.0,19.0,29.9605,33.1295
2023-06-01 08:00:00+02:00,53.0,15.7,27.14,27.893
2023-06-01 09:00:00+02:00,53.0,17.8,29.6105,30.91
2023-06-01 10:00:00+02:00,53.0,17.2,28.864,29.6435
2023-06-01 11:00:00+02:00,53.0,16.9,28.484,29.1045
2023-06-01 12:00:00+02:00,53.0,15.8,26.4565,26.901
2023-06-01 13:00:00+02:00,53.0,11.9,21.6015,21.6795
2023-06-01 14:00:00+02:00,53.0,11.0,20.3675,20.396
2023-06-01 15:00:00+02:00,53.0,10.1,19.1795,19.1795
2023-06-01 16:00:00+02:00,53.0,10.3,19.102,19.2585
2023-06-01 17:00:00+02:00,53.0,11.0,20.422,20.522
2023-06-01 18:00:00+02:00,53.0,13.0,23.3125,23.3965
2023-06-01 19:00:00+02:00,53.0,13.6,24.1695,24.332
2023-06-01 20:00:00+02:00,53.0,12.9,22.7505,23.173
2023-06-01 21:00:00+02:00,53.0,17.8,29.7885,31.0
2023-06-01 22:00:00+02:00,53.0,19.4,31.5805,33.79
2023-06-01 23:00:00+02:00,53.0,19.7,31.843,33.9315
2023-06-02 00:00:00+02:00,53.0,20.2,32.3135,34.733000000000004
2023-06-02 01:00:00+02:00,53.0,20.9,32.7075,35.8345
2023-06-02 02:00:00+02:00,53.0,19.2,31.0485,32.7085
2023-06-02 03:00:00+02:00,53.0,18.3,29.8215,30.945500000000003
2023-06-02 04:00:00+02:00,53.0,19.9,31.376,33.742000000000004
2023-06-02 05:00:00+02:00,53.0,20.7,32.176500000000004,35.3805
2023-06-02 06:00:00+02:00,53.0,18.0,29.2185,30.387
2023-06-02 07:00:00+02:00,53.0,19.5,31.379,33.3585
2023-06-02 08:00:00+02:00,53.0,18.7,30.268500000000003,31.6915
2023-06-02 09:00:00+02:00,53.0,15.7,26.078,26.7835
2023-06-02 10:00:00+02:00,53.0,19.3,31.4105,33.577
2023-06-02 11:00:00+02:00,53.0,15.9,27.204,27.8905
2023-06-02 12:00:00+02:00,53.0,15.7,26.8295,27.2095
2023-06-02 13:00:00+02:00,53.0,21.5,33.6005,36.843500000000006
2023-06-02 14:00:00+02:00,53.0,25.1,37.1855,42.931
2023-06-02 15:00:00+02:00,53.0,26.6,38.484,45.2825
2023-06-02 16:00:00+02:00,53.0,26.3,38.3395,45.142
2023-06-02 17:00:00+02:00,53.0,28.5,40.282,48.7015
2023-06-02 18:00:00+02:00,53.0,30.9,42.326,52.9085
2023-06-02 19:00:00+02:00,53.0,30.1,41.4695,51.4075
2023-06-02 20:00:00+02:00,53.0,31.2,42.3115,52.92400000000001
2023-06-02 21:00:00+02:00,53.0,35.5,45.888,60.404
2023-06-02 22:00:00+02:00,53.0,32.8,43.655,55.717
2023-06-02 23:00:00+02:00,53.0,33.5,44.3795,56.9665
2023-06-03 00:00:00+02:00,53.0,28.3,39.766000000000005,47.6835
2023-06-03 01:00:00+02:00,53.0,31.3,42.6625,53.2635
2023-06-03 02:00:00+02:00,53.0,28.4,39.686,47.797
2023-06-03 03:00:00+02:00,53.0,26.5,38.206,44.6495
2023-06-03 04:00:00+02:00,53.0,25.1,36.8365,42.119
2023-06-03 05:00:00+02:00,53.0,29.9,40.953,50.619
2023-06-03 06:00:00+02:00,53.0,24.8,36.5885,41.9495
2023-06-03 07:00:00+02:00,53.0,24.6,36.356,41.5555
2023-06-03 08:00:00+02:00,53.0,15.4,26.0315,26.5585
2023-06-03 09:00:00+02:00,53.0,15.4,26.2925,26.455
2023-06-03 10:00:00+02:00,53.0,15.7,26.755,27.3525
2023-06-03 11:00:00+02:00,53.0,14.4,25.461,25.6175
2023-06-03 12:00:00+02:00,53.0,17.8,29.65,30.8405
2023-06-03 13:00:00+02:00,53.0,16.2,27.3515,28.289
2023-06-03 14:00:00+02:00,53.0,12.0,22.302,22.317500000000003
2023-06-03 15:00:00+02:00,53.0,11.9,22.162,22.308
2023-06-03 16:00:00+02:00,53.0,10.3,19.6885,19.739
2023-06-03 17:00:00+02:00,53.0,9.0,17.377000000000002,17.5885
2023-06-03 18:00:00+02:00,53.0,9.4,18.184,18.274
2023-06-03 19:00:00+02:00,53.0,9.4,18.2235,18.386000000000003
2023-06-03 20:00:00+02:00,53.0,9.7,18.7925,18.7925
2023-06-03 21:00:00+02:00,53.0,13.1,23.361,24.528
2023-06-03 22:00:00+02:00,53.0,19.0,29.9655,34.618
2023-06-03 23:00:00+02:00,53.0,14.6,25.2215,26.788
2023-06-04 00:00:00+02:00,53.0,15.4,26.5305,27.759
2023-06-04 01:00:00+02:00,53.0,13.3,23.936,24.1505
2023-06-04 02:00:00+02:00,53.0,14.3,25.053,26.1445
2023-06-04 03:00:00+02:00,53.0,13.8,24.514,25.33
2023-06-04 04:00:00+02:00,53.0,13.0,23.498,23.807
2023-06-04 05:00:00+02:00,53.0,14.6,25.4505,26.097
2023-06-04 06:00:00+02:00,53.0,13.8,24.481,24.514
2023-06-04 07:00:00+02:00,53.0,15.5,26.637,27.07
2023-06-04 08:00:00+02:00,53.0,16.7,28.1485,28.8125
2023-06-04 09:00:00+02:00,53.0,17.3,29.144,30.0085
2023-06-04 10:00:00+02:00,53.0,17.3,29.07,29.952
2023-06-04 11:00:00+02:00,53.0,15.7,26.892,27.3095
2023-06-04 12:00:00+02:00,53.0,15.6,26.8555,27.1545
2023-06-04 13:00:00+02:00,53.0,15.3,25.805,26.1165
2023-06-04 14:00:00+02:00,53.0,13.8,24.2915,24.345
2023-06-04 15:00:00+02:00,53.0,14.3,24.9325,25.006
2023-06-04 16:00:00+02:00,53.0,9.3,16.674500000000002,16.793
2023-06-04 17:00:00+02:00,53.0,9.0,16.875999999999998,16.875999999999998
2023-06-04 18:00:00+02:00,53.0,15.2,24.5075,27.4635
2023-06-04 19:00:00+02:00,53.0,12.5,21.7085,22.544
2023-06-04 20:00:00+02:00,53.0,8.2,15.0225,15.0435
2023-06-04 21:00:00+02:00,53.0,10.7,18.183,19.435
2023-06-04 22:00:00+02:00,53.0,9.8,17.977,18.2455
2023-06-04 23:00:00+02:00,53.0,8.6,16.209,16.209
2023-06-05 00:00:00+02:00,53.0,10.6,17.972,19.0905
2023-06-05 01:00:00+02:00,53.0,9.4,17.3145,17.3885
2023-06-05 02:00:00+02:00,53.0,12.0,19.631500000000003,21.4955
2023-06-05 03:00:00+02:00,53.0,14.9,22.7115,26.428
2023-06-05 04:00:00+02:00,53.0,8.9,15.7325,15.8925
2023-06-05 05:00:00+02:00,53.0,8.5,15.519,15.6595
2023-06-05 06:00:00+02:00,53.0,8.1,14.7215,14.7605
2023-06-05 07:00:00+02:00,53.0,10.6,19.5385,19.779
2023-06-05 08:00:00+02:00,53.0,10.7,20.0185,20.043
2023-06-05 09:00:00+02:00,53.0,8.7,16.578,16.5915
2023-06-05 10:00:00+02:00,53.0,10.3,18.7535,19.2695
2023-06-05 11:00:00+02:00,53.0,8.3,15.1825,15.1965
2023-06-05 12:00:00+02:00,53.0,12.4,21.8095,22.1515
2023-06-05 13:00:00+02:00,53.0,13.4,23.443,23.5395
2023-06-05 14:00:00+02:00,53.0,10.7,19.297,19.554
2023-06-05 15:00:00+02:00,53.0,8.6,16.014,16.014
2023-06-05 16:00:00+02:00,53.0,10.8,19.890500000000003,20.004
2023-06-05 17:00:00+02:00,53.0,11.3,20.344,20.347
2023-06-05 18:00:00+02:00,53.0,14.2,24.011,24.189
2023-06-05 19:00:00+02:00,53.0,16.3,27.287,27.6655
2023-06-05 20:00:00+02:00,53.0,21.3,33.258,36.431
2023-06-05 21:00:00+02:00,53.0,18.4,29.9995,31.418
2023-06-05 22:00:00+02:00,53.0,19.8,31.807,33.9285
2023-06-05 23:00:00+02:00,53.0,21.1,33.1315,35.892
2023-06-06 00:00:00+02:00,53.0,22.1,34.129999999999995,37.63
2023-06-06 01:00:00+02:00,53.0,19.9,31.742,33.687
2023-06-06 02:00:00+02:00,53.0,15.1,25.423,25.634500000000003
2023-06-06 03:00:00+02:00,53.0,14.2,23.779,25.6895
2023-06-06 04:00:00+02:00,53.0,13.5,22.1685,24.367
2023-06-06 05:00:00+02:00,53.0,14.7,23.0765,26.531
2023-06-06 06:00:00+02:00,53.0,13.8,22.815,25.0335
2023-06-06 07:00:00+02:00,53.0,14.4,24.5345,24.992
2023-06-06 08:00:00+02:00,53.0,19.9,31.727,33.944
2023-06-06 09:00:00+02:00,53.0,19.2,30.987,33.233000000000004
2023-06-06 10:00:00+02:00,53.0,15.4,26.055,26.391
2023-06-06 11:00:00+02:00,53.0,15.2,25.7955,26.433
2023-06-06 12:00:00+02:00,53.0,14.0,24.296,24.526
2023-06-06 13:00:00+02:00,53.0,12.4,22.141,22.1785
2023-06-06 14:00:00+02:00,53.0,9.9,17.307000000000002,17.652
2023-06-06 15:00:00+02:00,53.0,8.7,14.535,15.1485
2023-06-06 16:00:00+02:00,53.0,6.7,11.3655,11.4645
2023-06-06 17:00:00+02:00,53.0,7.4,12.532,13.0365
2023-06-06 18:00:00+02:00,53.0,11.2,19.08,20.01
2023-06-06 19:00:00+02:00,53.0,9.5,14.673,16.6425
2023-06-06 20:00:00+02:00,53.0,13.7,18.6825,24.174
2023-06-06 21:00:00+02:00,53.0,4.3,6.838,6.975999999999999
2023-06-06 22:00:00+02:00,53.0,4.5,7.638,7.638
2023-06-06 23:00:00+02:00,53.0,7.6,10.75,12.6475
2023-06-07 00:00:00+02:00,53.0,9.7,13.6075,15.9425
2023-06-07 01:00:00+02:00,53.0,4.8,7.2415,7.515000000000001
2023-06-07 02:00:00+02:00,53.0,4.8,8.023,8.2875
2023-06-07 03:00:00+02:00,53.0,2.0,2.6645,2.665
2023-06-07 04:00:00+02:00,53.0,2.0,2.8015,2.8025
2023-06-07 05:00:00+02:00,53.0,3.3,5.2525,5.2525
2023-06-07 06:00:00+02:00,53.0,5.2,8.7565,8.8995
2023-06-07 07:00:00+02:00,53.0,6.8,12.3145,12.3145
2023-06-07 08:00:00+02:00,53.0,5.4,8.809,8.809
2023-06-07 09:00:00+02:00,53.0,6.8,10.259,11.716
2023-06-07 10:00:00+02:00,53.0,4.4,7.24,7.259499999999999
2023-06-07 11:00:00+02:00,53.0,3.8,6.089,6.114
2023-06-07 12:00:00+02:00,53.0,3.0,4.815,4.829000000000001
2023-06-07 13:00:00+02:00,53.0,3.4,5.3975,5.408
2023-06-07 14:00:00+02:00,53.0,3.9,6.6455,6.6455
2023-06-07 15:00:00+02:00,53.0,5.0,8.038,8.4755
2023-06-07 16:00:00+02:00,53.0,3.8,6.149,6.1495
2023-06-07 17:00:00+02:00,53.0,3.2,5.025,5.025
2023-06-07 18:00:00+02:00,53.0,3.5,5.847,5.847
2023-06-07 19:00:00+02:00,53.0,3.0,4.977,4.977
2023-06-07 20:00:00+02:00,53.0,4.4,7.342,7.3565
2023-06-07 21:00:00+02:00,53.0,6.7,10.9665,11.591
2023-06-07 22:00:00+02:00,53.0,7.0,11.037,12.2065
2023-06-07 23:00:00+02:00,53.0,5.1,8.96,8.967
2023-06-08 00:00:00+02:00,53.0,7.9,13.005,14.028
2023-06-08 01:00:00+02:00,53.0,3.5,5.801500000000001,5.801500000000001
2023-06-08 02:00:00+02:00,53.0,3.5,6.0455000000000005,6.0455000000000005
2023-06-08 03:00:00+02:00,53.0,6.0,9.338,10.08
2023-06-08 04:00:00+02:00,53.0,8.9,12.8565,15.481
2023-06-08 05:00:00+02:00,53.0,11.0,15.4625,19.0715
2023-06-08 06:00:00+02:00,53.0,9.9,15.138,17.288
2023-06-08 07:00:00+02:00,53.0,4.0,6.702500000000001,6.702500000000001
2023-06-08 08:00:00+02:00,53.0,6.0,9.725,10.412
2023-06-08 09:00:00+02:00,53.0,6.5,10.8555,11.362
2023-06-08 10:00:00+02:00,53.0,6.2,11.0675,11.0955
2023-06-08 11:00:00+02:00,53.0,5.3,9.1725,9.1725
2023-06-08 12:00:00+02:00,53.0,5.7,9.425,9.462
2023-06-08 13:00:00+02:00,53.0,6.4,10.9705,11.0735
2023-06-08 14:00:00+02:00,53.0,5.7,9.8015,9.804
2023-06-08 15:00:00+02:00,53.0,6.0,10.5055,10.641
2023-06-08 16:00:00+02:00,53.0,9.4,13.5275,16.012
2023-06-08 17:00:00+02:00,53.0,6.2,10.1665,10.671
2023-06-08 18:00:00+02:00,53.0,11.2,16.957,19.407
2023-06-08 19:00:00+02:00,53.0,7.0,11.9625,12.0985
2023-06-08 20:00:00+02:00,53.0,9.6,16.092,16.814500000000002
2023-06-08 21:00:00+02:00,53.0,11.0,16.75,19.193
2023-06-08 22:00:00+02:00,53.0,11.7,19.777,21.138
2023-06-08 23:00:00+02:00,53.0,12.4,19.86,21.8
2023-06-09 00:00:00+02:00,53.0,8.4,14.0115,14.2115
2023-06-09 01:00:00+02:00,53.0,9.7,16.208,16.208
2023-06-09 02:00:00+02:00,53.0,8.8,13.64,14.59
2023-06-09 03:00:00+02:00,53.0,6.1,10.0575,10.074000000000002
2023-06-09 04:00:00+02:00,53.0,5.6,9.048,9.07
2023-06-09 05:00:00+02:00,53.0,7.6,11.969,12.6905
2023-06-09 06:00:00+02:00,53.0,9.0,16.174,16.328
2023-06-09 07:00:00+02:00,53.0,8.9,16.5655,16.5845
2023-06-09 08:00:00+02:00,53.0,7.7,13.805,13.805
2023-06-09 09:00:00+02:00,53.0,8.7,15.715,16.051000000000002
2023-06-09 10:00:00+02:00,53.0,8.4,14.9545,15.1815
2023-06-09 11:00:00+02:00,53.0,6.6,11.5575,11.57
2023-06-09 12:00:00+02:00,53.0,6.7,11.79,11.822500000000002
2023-06-09 13:00:00+02:00,53.0,6.2,10.8375,10.951
2023-06-09 14:00:00+02:00,53.0,5.9,10.0285,10.0285
2023-06-09 15:00:00+02:00,53.0,5.8,9.6635,9.6905
2023-06-09 16:00:00+02:00,53.0,5.9,10.044,10.044
2023-06-09 17:00:00+02:00,53.0,7.0,12.3725,12.489999999999998
2023-06-09 18:00:00+02:00,53.0,5.4,8.9285,8.934000000000001
2023-06-09 19:00:00+02:00,53.0,5.2,8.599,8.599
2023-06-09 20:00:00+02:00,53.0,7.6,13.4365,13.7975
2023-06-09 21:00:00+02:00,53.0,7.4,13.436,13.602
2023-06-09 22:00:00+02:00,53.0,6.2,10.756,10.7685
2023-06-09 23:00:00+02:00,53.0,5.7,9.357,9.357
2023-06-10 00:00:00+02:00,53.0,4.8,7.6935,7.6935
2023-06-10 01:00:00+02:00,53.0,5.7,9.708,9.7365
2023-06-10 02:00:00+02:00,53.0,4.5,7.272500000000001,7.272500000000001
2023-06-10 03:00:00+02:00,53.0,5.1,8.3645,8.3645
2023-06-10 04:00:00+02:00,53.0,5.3,8.5555,8.5555
2023-06-10 05:00:00+02:00,53.0,6.1,10.1255,10.3155
2023-06-10 06:00:00+02:00,53.0,4.6,7.4125,7.4125
2023-06-10 07:00:00+02:00,53.0,6.0,10.739999999999998,10.739999999999998
2023-06-10 08:00:00+02:00,53.0,6.0,10.507,10.507
2023-06-10 09:00:00+02:00,53.0,6.4,11.2785,11.2835
2023-06-10 10:00:00+02:00,53.0,9.5,16.712,17.536
2023-06-10 11:00:00+02:00,53.0,9.5,16.94,17.085
2023-06-10 12:00:00+02:00,53.0,7.6,13.6635,13.755
2023-06-10 13:00:00+02:00,53.0,5.8,9.759,9.759
2023-06-10 14:00:00+02:00,53.0,6.6,11.3555,11.367
2023-06-10 15:00:00+02:00,53.0,7.2,12.727,12.7295
2023-06-10 16:00:00+02:00,53.0,8.0,14.959,14.959
2023-06-10 17:00:00+02:00,53.0,6.2,10.395,10.395
2023-06-10 18:00:00+02:00,53.0,4.2,6.713,6.713
2023-06-10 19:00:00+02:00,53.0,4.9,7.7195,7.7195
2023-06-10 20:00:00+02:00,53.0,7.9,13.2525,13.72
2023-06-10 21:00:00+02:00,53.0,7.4,12.9535,12.9605
2023-06-10 22:00:00+02:00,53.0,7.7,13.209499999999998,13.352
2023-06-10 23:00:00+02:00,53.0,8.6,13.5175,14.4155
2023-06-11 00:00:00+02:00,53.0,8.4,13.651,14.33
2023-06-11 01:00:00+02:00,53.0,6.4,10.692,10.7075
2023-06-11 02:00:00+02:00,53.0,5.8,9.6695,9.6695
2023-06-11 03:00:00+02:00,53.0,5.8,9.5435,9.5435
2023-06-11 04:00:00+02:00,53.0,5.4,8.7205,8.7205
2023-06-11 05:00:00+02:00,53.0,5.0,7.866,7.866
2023-06-11 06:00:00+02:00,53.0,5.6,9.5325,9.5325
2023-06-11 07:00:00+02:00,53.0,9.8,17.450499999999998,17.9695
2023-06-11 08:00:00+02:00,53.0,9.5,17.4125,17.453000000000003
2023-06-11 09:00:00+02:00,53.0,8.6,15.779,15.7855
2023-06-11 10:00:00+02:00,53.0,8.7,15.979500000000002,16.0405
2023-06-11 11:00:00+02:00,53.0,8.3,15.05,15.087
2023-06-11 12:00:00+02:00,53.0,9.6,16.927500000000002,17.194
2023-06-11 13:00:00+02:00,53.0,10.4,18.7075,18.9685
2023-06-11 14:00:00+02:00,53.0,12.6,18.3595,21.7895
2023-06-11 15:00:00+02:00,53.0,5.5,9.1025,9.1395
2023-06-11 16:00:00+02:00,53.0,7.4,13.0485,13.0485
2023-06-11 17:00:00+02:00,53.0,7.7,13.7255,13.7255
2023-06-11 18:00:00+02:00,53.0,9.2,16.113,16.3375
2023-06-11 19:00:00+02:00,53.0,7.8,14.358,14.358
2023-06-11 20:00:00+02:00,53.0,8.6,15.3685,15.4595
2023-06-11 21:00:00+02:00,53.0,11.7,18.5305,20.807
2023-06-11 22:00:00+02:00,53.0,8.0,14.569,14.582999999999998
2023-06-11 23:00:00+02:00,53.0,6.8,11.232,11.232
2023-06-12 00:00:00+02:00,53.0,5.0,8.4025,8.413499999999999
2023-06-12 01:00:00+02:00,53.0,3.1,4.8335,4.8335
2023-06-12 02:00:00+02:00,53.0,2.8,4.434,4.434
2023-06-12 03:00:00+02:00,53.0,2.4,3.6795,3.6795
2023-06-12 04:00:00+02:00,53.0,4.0,6.236000000000001,6.2415
2023-06-12 05:00:00+02:00,53.0,7.5,12.577,12.9355
2023-06-12 06:00:00+02:00,53.0,8.2,15.062,15.1995
2023-06-12 07:00:00+02:00,53.0,8.3,14.9185,15.0255
2023-06-12 08:00:00+02:00,53.0,11.4,20.838,21.175
2023-06-12 09:00:00+02:00,53.0,11.3,20.3255,20.627
2023-06-12 10:00:00+02:00,53.0,8.2,14.9805,15.09
2023-06-12 11:00:00+02:00,53.0,7.5,13.366,13.5345
2023-06-12 12:00:00+02:00,53.0,6.3,10.9295,10.9295
2023-06-12 13:00:00+02:00,53.0,5.4,9.145,9.1585
2023-06-12 14:00:00+02:00,53.0,5.5,9.5505,9.5505
2023-06-12 15:00:00+02:00,53.0,5.8,9.9775,9.99
2023-06-12 16:00:00+02:00,53.0,4.9,8.17,8.17
2023-06-12 17:00:00+02:00,53.0,5.1,8.357,8.4505
2023-06-12 18:00:00+02:00,53.0,5.1,8.5695,8.5695
2023-06-12 19:00:00+02:00,53.0,6.3,10.975,11.0275
2023-06-12 20:00:00+02:00,53.0,4.6,7.757,7.757
2023-06-12 21:00:00+02:00,53.0,9.7,17.119,17.375999999999998
2023-06-12 22:00:00+02:00,53.0,7.0,13.6135,13.6135
2023-06-12 23:00:00+02:00,53.0,6.9,13.179,13.179
2023-06-13 00:00:00+02:00,53.0,6.5,11.686,11.686
2023-06-13 01:00:00+02:00,53.0,6.6,11.954,11.954
2023-06-13 02:00:00+02:00,53.0,6.3,11.0315,11.0315
2023-06-13 03:00:00+02:00,53.0,6.3,10.9545,10.9545
2023-06-13 04:00:00+02:00,53.0,5.6,9.4905,9.4905
2023-06-13 05:00:00+02:00,53.0,5.9,10.002,10.0385
2023-06-13 06:00:00+02:00,53.0,7.2,13.5745,13.5745
2023-06-13 07:00:00+02:00,53.0,8.7,17.2475,17.249
2023-06-13 08:00:00+02:00,53.0,10.4,19.8725,19.8725
2023-06-13 09:00:00+02:00,53.0,14.6,25.112,25.571
2023-06-13 10:00:00+02:00,53.0,10.9,20.008000000000003,20.24
2023-06-13 11:00:00+02:00,53.0,5.8,9.9805,9.9815
2023-06-13 12:00:00+02:00,53.0,3.8,6.3495,6.3495
2023-06-13 13:00:00+02:00,53.0,3.2,5.212,5.212
2023-06-13 14:00:00+02:00,53.0,3.7,6.196,6.196
2023-06-13 15:00:00+02:00,53.0,3.8,6.3355,6.3355
2023-06-13 16:00:00+02:00,53.0,3.9,6.423,6.423
2023-06-13 17:00:00+02:00,53.0,4.3,7.099,7.1045
2023-06-13 18:00:00+02:00,53.0,3.8,6.287,6.287
2023-06-13 19:00:00+02:00,53.0,4.7,7.637499999999999,7.637499999999999
2023-06-13 20:00:00+02:00,53.0,5.2,8.6655,8.6655
2023-06-13 21:00:00+02:00,53.0,6.2,11.0465,11.0465
2023-06-13 22:00:00+02:00,53.0,7.9,15.392499999999998,15.393
2023-06-13 23:00:00+02:00,53.0,7.4,13.773,13.773
2023-06-14 00:00:00+02:00,53.0,6.9,12.05,12.0565
2023-06-14 01:00:00+02:00,53.0,6.8,11.8875,11.8875
2023-06-14 02:00:00+02:00,53.0,6.6,11.3725,11.3725
2023-06-14 03:00:00+02:00,53.0,6.9,12.0325,12.0325
2023-06-14 04:00:00+02:00,53.0,7.2,12.916,12.916
2023-06-14 05:00:00+02:00,53.0,8.0,14.6535,14.6585
2023-06-14 06:00:00+02:00,53.0,7.7,14.719,14.719
2023-06-14 07:00:00+02:00,53.0,9.8,18.48,18.5935
2023-06-14 08:00:00+02:00,53.0,11.8,21.3115,21.982
2023-06-14 09:00:00+02:00,53.0,12.4,22.712,23.015
2023-06-14 10:00:00+02:00,53.0,11.7,22.2285,22.378
2023-06-14 11:00:00+02:00,53.0,10.7,20.1565,20.284
2023-06-14 12:00:00+02:00,53.0,9.2,17.8715,17.8715
2023-06-14 13:00:00+02:00,53.0,9.4,18.0805,18.102
2023-06-14 14:00:00+02:00,53.0,11.6,21.5055,21.591
2023-06-14 15:00:00+02:00,53.0,11.8,21.8305,21.883
2023-06-14 16:00:00+02:00,53.0,11.5,21.6685,21.6765
2023-06-14 17:00:00+02:00,53.0,9.4,18.383000000000003,18.383000000000003
2023-06-14 18:00:00+02:00,53.0,8.1,15.815,15.815
2023-06-14 19:00:00+02:00,53.0,8.2,15.9025,15.9025
2023-06-14 20:00:00+02:00,53.0,10.4,19.2035,19.388
2023-06-14 21:00:00+02:00,53.0,11.4,20.7985,20.7985
2023-06-14 22:00:00+02:00,53.0,10.7,20.118,20.1375
2023-06-14 23:00:00+02:00,53.0,10.8,20.161,20.161
2023-06-15 00:00:00+02:00,53.0,11.0,20.4025,20.493
2023-06-15 01:00:00+02:00,53.0,12.0,21.646,21.8545
2023-06-15 02:00:00+02:00,53.0,12.3,22.158,22.158
2023-06-15 03:00:00+02:00,53.0,11.6,21.4615,21.4615
2023-06-15 04:00:00+02:00,53.0,12.3,22.379,22.484
2023-06-15 05:00:00+02:00,53.0,12.1,22.198,22.2705
2023-06-15 06:00:00+02:00,53.0,15.0,25.9305,27.1275
2023-06-15 07:00:00+02:00,53.0,14.5,25.6315,26.0935
2023-06-15 08:00:00+02:00,53.0,13.3,24.095,24.456000000000003
2023-06-15 09:00:00+02:00,53.0,9.1,17.5895,17.6765
2023-06-15 10:00:00+02:00,53.0,8.6,16.799500000000002,16.8235
2023-06-15 11:00:00+02:00,53.0,7.3,13.5365,13.549499999999998
2023-06-15 12:00:00+02:00,53.0,8.1,15.0305,15.2445
2023-06-15 13:00:00+02:00,53.0,8.2,14.727,14.967
2023-06-15 14:00:00+02:00,53.0,7.8,14.8765,14.907
2023-06-15 15:00:00+02:00,53.0,7.0,12.7715,12.7715
2023-06-15 16:00:00+02:00,53.0,8.5,16.302500000000002,16.306
2023-06-15 17:00:00+02:00,53.0,9.4,17.8935,17.953
2023-06-15 18:00:00+02:00,53.0,11.3,21.038,21.5285
2023-06-15 19:00:00+02:00,53.0,9.8,18.8125,18.8125
2023-06-15 20:00:00+02:00,53.0,9.7,18.552,18.552
2023-06-15 21:00:00+02:00,53.0,10.3,19.6975,19.715
2023-06-15 22:00:00+02:00,53.0,9.9,19.0575,19.0595
2023-06-15 23:00:00+02:00,53.0,8.8,17.1405,17.1405
2023-06-16 00:00:00+02:00,53.0,7.9,15.656,15.656
2023-06-16 01:00:00+02:00,53.0,7.1,13.199,13.199
2023-06-16 02:00:00+02:00,53.0,6.6,11.9705,11.9705
2023-06-16 03:00:00+02:00,53.0,7.4,13.291,13.545
2023-06-16 04:00:00+02:00,53.0,6.3,10.9825,10.9825
2023-06-16 05:00:00+02:00,53.0,5.8,9.844,9.844
2023-06-16 06:00:00+02:00,53.0,7.0,12.759,12.761500000000002
2023-06-16 07:00:00+02:00,53.0,7.2,12.8915,13.039
2023-06-16 08:00:00+02:00,53.0,9.2,16.5295,16.950499999999998
2023-06-16 09:00:00+02:00,53.0,5.5,9.329999999999998,9.329999999999998
2023-06-16 10:00:00+02:00,53.0,6.0,10.3315,10.3315
2023-06-16 11:00:00+02:00,53.0,11.5,18.343,20.9105
2023-06-16 12:00:00+02:00,53.0,9.3,17.8765,18.02
2023-06-16 13:00:00+02:00,53.0,8.6,16.734,16.734
2023-06-16 14:00:00+02:00,53.0,11.7,21.19,21.9075
2023-06-16 15:00:00+02:00,53.0,11.4,21.2335,21.5585
2023-06-16 16:00:00+02:00,53.0,13.5,23.77,24.387500000000003
2023-06-16 17:00:00+02:00,53.0,10.1,19.2385,19.2445
2023-06-16 18:00:00+02:00,53.0,10.2,19.3715,19.4915
2023-06-16 19:00:00+02:00,53.0,13.4,23.964,24.154000000000003
2023-06-16 20:00:00+02:00,53.0,13.8,24.531,24.795
2023-06-16 21:00:00+02:00,53.0,14.6,25.584,25.6755
2023-06-16 22:00:00+02:00,53.0,16.1,27.439,28.1985
2023-06-16 23:00:00+02:00,53.0,13.5,23.7635,23.8635
2023-06-17 00:00:00+02:00,53.0,12.9,23.0585,23.0955
2023-06-17 01:00:00+02:00,53.0,12.7,22.82,22.8425
2023-06-17 02:00:00+02:00,53.0,12.1,22.0785,22.3775
2023-06-17 03:00:00+02:00,53.0,12.0,21.998,22.1205
2023-06-17 04:00:00+02:00,53.0,10.4,19.749,19.752
2023-06-17 05:00:00+02:00,53.0,10.6,20.005000000000003,20.042
2023-06-17 06:00:00+02:00,53.0,10.5,19.778,19.938
2023-06-17 07:00:00+02:00,53.0,9.6,18.5625,18.5625
2023-06-17 08:00:00+02:00,53.0,9.1,17.828,17.838
2023-06-17 09:00:00+02:00,53.0,7.4,13.795,13.7975
2023-06-17 10:00:00+02:00,53.0,6.7,12.262,12.262
2023-06-17 11:00:00+02:00,53.0,6.2,11.117,11.16
2023-06-17 12:00:00+02:00,53.0,6.4,11.299,11.4035
2023-06-17 13:00:00+02:00,53.0,6.0,10.5295,10.5295
2023-06-17 14:00:00+02:00,53.0,5.5,9.284,9.453
2023-06-17 15:00:00+02:00,53.0,6.8,11.214,11.9755
2023-06-17 16:00:00+02:00,53.0,5.8,9.9575,10.1245
2023-06-17 17:00:00+02:00,53.0,5.4,9.376,9.376
2023-06-17 18:00:00+02:00,53.0,5.7,10.036,10.041
2023-06-17 19:00:00+02:00,53.0,9.4,17.1595,17.683500000000002
2023-06-17 20:00:00+02:00,53.0,7.4,13.9035,13.911
2023-06-17 21:00:00+02:00,53.0,7.0,12.334499999999998,12.5005
2023-06-17 22:00:00+02:00,53.0,7.4,13.8675,13.892
2023-06-17 23:00:00+02:00,53.0,9.8,18.759,18.759
2023-06-18 00:00:00+02:00,53.0,7.9,15.4055,15.4085
2023-06-18 01:00:00+02:00,53.0,7.2,12.9905,13.0485
2023-06-18 02:00:00+02:00,53.0,6.7,11.984000000000002,12.0
2023-06-18 03:00:00+02:00,53.0,8.2,13.625,14.2085
2023-06-18 04:00:00+02:00,53.0,6.0,10.224,10.224
2023-06-18 05:00:00+02:00,53.0,6.1,10.3715,10.3715
2023-06-18 06:00:00+02:00,53.0,6.2,10.8155,10.8155
2023-06-18 07:00:00+02:00,53.0,6.5,11.2325,11.2425
2023-06-18 08:00:00+02:00,53.0,7.7,14.0975,14.3415
2023-06-18 09:00:00+02:00,53.0,7.3,13.892,13.899
2023-06-18 10:00:00+02:00,53.0,5.9,10.2,10.200500000000002
2023-06-18 11:00:00+02:00,53.0,7.0,11.718,12.041
2023-06-18 12:00:00+02:00,53.0,8.1,14.1765,14.558
2023-06-18 13:00:00+02:00,53.0,8.0,14.915,14.9245
2023-06-18 14:00:00+02:00,53.0,9.7,17.9605,18.218
2023-06-18 15:00:00+02:00,53.0,8.5,15.979,16.0785
2023-06-18 16:00:00+02:00,53.0,11.7,20.143,20.946
2023-06-18 17:00:00+02:00,53.0,8.6,16.083,16.478
2023-06-18 18:00:00+02:00,53.0,8.1,15.325,15.3555
2023-06-18 19:00:00+02:00,53.0,12.4,21.3755,23.1705
2023-06-18 20:00:00+02:00,53.0,11.2,20.8875,21.22
2023-06-18 21:00:00+02:00,53.0,12.7,23.2485,23.3155
2023-06-18 22:00:00+02:00,53.0,12.1,22.3195,22.3245
2023-06-18 23:00:00+02:00,53.0,10.1,18.9695,19.005
2023-06-19 00:00:00+02:00,53.0,9.4,18.1935,18.201
2023-06-19 01:00:00+02:00,53.0,8.8,17.126,17.126
2023-06-19 02:00:00+02:00,53.0,9.3,17.671999999999997,17.819
2023-06-19 03:00:00+02:00,53.0,8.8,16.976,16.9775
2023-06-19 04:00:00+02:00,53.0,8.7,16.7885,16.7885
2023-06-19 05:00:00+02:00,53.0,9.7,18.5075,18.518
2023-06-19 06:00:00+02:00,53.0,9.5,18.0995,18.0995
2023-06-19 07:00:00+02:00,53.0,12.4,21.919,23.076
2023-06-19 08:00:00+02:00,53.0,12.0,22.0875,22.1515
2023-06-19 09:00:00+02:00,53.0,11.7,21.657,21.6865
2023-06-19 10:00:00+02:00,53.0,9.4,18.0015,18.0685
2023-06-19 11:00:00+02:00,53.0,8.0,15.27,15.27
2023-06-19 12:00:00+02:00,53.0,8.9,16.9655,16.988999999999997
2023-06-19 13:00:00+02:00,53.0,8.0,15.472,15.472
2023-06-19 14:00:00+02:00,53.0,8.6,16.45,16.4545
2023-06-19 15:00:00+02:00,53.0,8.9,17.055,17.0565
2023-06-19 16:00:00+02:00,53.0,10.0,18.5355,18.5405
2023-06-19 17:00:00+02:00,53.0,11.7,21.081,21.241
2023-06-19 18:00:00+02:00,53.0,11.2,20.41,20.537
2023-06-19 19:00:00+02:00,53.0,14.8,25.5375,26.1645
2023-06-19 20:00:00+02:00,53.0,14.1,24.789,24.853
2023-06-19 21:00:00+02:00,53.0,16.5,28.019,28.5235
2023-06-19 22:00:00+02:00,53.0,20.7,32.947,35.7925
2023-06-19 23:00:00+02:00,53.0,19.3,31.195,33.0955
2023-06-20 00:00:00+02:00,53.0,16.0,27.044,27.398000000000003
2023-06-20 01:00:00+02:00,53.0,14.4,24.7095,24.712
2023-06-20 02:00:00+02:00,53.0,14.4,24.777,24.7835
2023-06-20 03:00:00+02:00,53.0,15.0,25.339,25.771
2023-06-20 04:00:00+02:00,53.0,14.7,25.0615,25.1265
2023-06-20 05:00:00+02:00,53.0,14.6,24.8095,24.962
2023-06-20 06:00:00+02:00,53.0,14.4,24.709,24.739
2023-06-20 07:00:00+02:00,53.0,16.5,27.9765,28.484
2023-06-20 08:00:00+02:00,53.0,17.3,28.86,29.7945
2023-06-20 09:00:00+02:00,53.0,18.3,30.127,31.7845
2023-06-20 10:00:00+02:00,53.0,11.6,21.0445,21.083
2023-06-20 11:00:00+02:00,53.0,8.3,15.742,15.742
2023-06-20 12:00:00+02:00,53.0,9.0,16.8945,16.8975
2023-06-20 13:00:00+02:00,53.0,7.8,14.786,14.786
2023-06-20 14:00:00+02:00,53.0,7.7,14.231,14.231
2023-06-20 15:00:00+02:00,53.0,7.0,12.078,12.108
2023-06-20 16:00:00+02:00,53.0,8.8,15.947,16.143
2023-06-20 17:00:00+02:00,53.0,9.7,17.67,17.7545
2023-06-20 18:00:00+02:00,53.0,11.6,20.365,20.9265
2023-06-20 19:00:00+02:00,53.0,12.4,21.993,22.036
2023-06-20 20:00:00+02:00,53.0,13.7,23.8765,24.0475
2023-06-20 21:00:00+02:00,53.0,14.3,24.6265,24.6515
2023-06-20 22:00:00+02:00,53.0,15.5,26.4965,26.699
2023-06-20 23:00:00+02:00,53.0,12.7,22.528,22.549
2023-06-21 00:00:00+02:00,53.0,12.2,21.699,21.699
2023-06-21 01:00:00+02:00,53.0,11.6,20.8055,20.8055
2023-06-21 02:00:00+02:00,53.0,13.4,23.253,24.008000000000003
2023-06-21 03:00:00+02:00,53.0,11.5,20.7795,20.7795
2023-06-21 04:00:00+02:00,53.0,11.5,20.6695,20.704
2023-06-21 05:00:00+02:00,53.0,12.1,21.541,21.544
2023-06-21 06:00:00+02:00,53.0,12.7,22.2825,22.3225
2023-06-21 07:00:00+02:00,53.0,14.0,24.158,24.2125
2023-06-21 08:00:00+02:00,53.0,14.6,24.969,25.0695
2023-06-21 09:00:00+02:00,53.0,15.5,26.2115,26.612
2023-06-21 10:00:00+02:00,53.0,12.9,22.647,23.117
2023-06-21 11:00:00+02:00,53.0,8.1,15.1755,15.1755
2023-06-21 12:00:00+02:00,53.0,8.3,15.633500000000002,15.6415
2023-06-21 13:00:00+02:00,53.0,9.0,16.4265,16.472
2023-06-21 14:00:00+02:00,53.0,8.9,16.349,16.349
2023-06-21 15:00:00+02:00,53.0,10.2,18.282,18.3455
2023-06-21 16:00:00+02:00,53.0,11.0,19.532,19.7905
2023-06-21 17:00:00+02:00,53.0,11.3,20.0205,20.0595
2023-06-21 18:00:00+02:00,53.0,13.5,23.0495,23.104
2023-06-21 19:00:00+02:00,53.0,14.5,24.7515,24.8895
2023-06-21 20:00:00+02:00,53.0,18.3,29.862,31.5195
2023-06-21 21:00:00+02:00,53.0,19.4,31.257,33.038
2023-06-21 22:00:00+02:00,53.0,16.8,28.3035,28.8395
2023-06-21 23:00:00+02:00,53.0,17.2,28.65,29.3505
2023-06-22 00:00:00+02:00,53.0,17.7,29.2005,30.3135
2023-06-22 01:00:00+02:00,53.0,16.5,27.632,28.0655
2023-06-22 02:00:00+02:00,53.0,14.7,24.899,24.9085
2023-06-22 03:00:00+02:00,53.0,13.9,23.555,23.555
2023-06-22 04:00:00+02:00,53.0,14.6,24.8695,24.918
2023-06-22 05:00:00+02:00,53.0,15.4,25.834,26.1615
2023-06-22 06:00:00+02:00,53.0,15.3,25.8355,25.929
2023-06-22 07:00:00+02:00,53.0,15.1,25.445500000000003,25.884500000000003
2023-06-22 08:00:00+02:00,53.0,14.9,25.4105,25.700000000000003
2023-06-22 09:00:00+02:00,53.0,14.7,25.195,25.2875
2023-06-22 10:00:00+02:00,53.0,14.5,24.7845,24.9935
2023-06-22 11:00:00+02:00,53.0,13.1,21.9035,21.9345
2023-06-22 12:00:00+02:00,53.0,14.2,23.5635,24.007
2023-06-22 13:00:00+02:00,53.0,14.3,23.157,23.2895
2023-06-22 14:00:00+02:00,53.0,12.5,20.2315,20.261000000000003
2023-06-22 15:00:00+02:00,53.0,13.0,21.101,21.1805
2023-06-22 16:00:00+02:00,53.0,13.6,21.7265,21.878
2023-06-22 17:00:00+02:00,53.0,10.8,18.2935,18.2935
2023-06-22 18:00:00+02:00,53.0,12.5,20.5625,21.145000000000003
2023-06-22 19:00:00+02:00,53.0,14.6,24.072000000000003,24.4
2023-06-22 20:00:00+02:00,53.0,16.4,27.4725,27.9555
2023-06-22 21:00:00+02:00,53.0,17.5,29.0255,30.082500000000003
2023-06-22 22:00:00+02:00,53.0,18.6,29.487,31.7885
2023-06-22 23:00:00+02:00,53.0,14.6,24.758,25.1395
2023-06-23 00:00:00+02:00,53.0,12.6,21.9015,21.941
2023-06-23 01:00:00+02:00,53.0,10.8,19.7025,19.7025
2023-06-23 02:00:00+02:00,53.0,10.2,18.629,18.629
2023-06-23 03:00:00+02:00,53.0,9.2,17.2535,17.2535
2023-06-23 04:00:00+02:00,53.0,9.0,16.846,16.846
2023-06-23 05:00:00+02:00,53.0,8.3,15.6965,15.6965
2023-06-23 06:00:00+02:00,53.0,8.4,15.76,15.765
2023-06-23 07:00:00+02:00,53.0,8.6,16.2745,16.2745
2023-06-23 08:00:00+02:00,53.0,8.6,15.554,15.665
2023-06-23 09:00:00+02:00,53.0,8.5,16.0265,16.0275
2023-06-23 10:00:00+02:00,53.0,8.4,15.506,15.563
2023-06-23 11:00:00+02:00,53.0,8.6,16.1765,16.2355
2023-06-23 12:00:00+02:00,53.0,10.3,18.969,19.0455
2023-06-23 13:00:00+02:00,53.0,7.5,13.45,13.471
2023-06-23 14:00:00+02:00,53.0,6.1,9.637,9.67
2023-06-23 15:00:00+02:00,53.0,6.1,10.2365,10.2365
2023-06-23 16:00:00+02:00,53.0,8.2,15.3885,15.3885
2023-06-23 17:00:00+02:00,53.0,9.6,17.0935,17.125999999999998
2023-06-23 18:00:00+02:00,53.0,6.5,11.148,11.148
2023-06-23 19:00:00+02:00,53.0,6.9,12.0845,12.1035
2023-06-23 20:00:00+02:00,53.0,5.9,9.913,9.913
2023-06-23 21:00:00+02:00,53.0,5.1,8.514,8.7945
2023-06-23 22:00:00+02:00,53.0,2.1,2.961,2.961
2023-06-23 23:00:00+02:00,53.0,3.5,5.7295,5.747
2023-06-24 00:00:00+02:00,53.0,2.0,2.785,2.785
2023-06-24 01:00:00+02:00,53.0,3.0,4.3735,4.6005
2023-06-24 02:00:00+02:00,53.0,2.2,3.0595,3.0595
2023-06-24 03:00:00+02:00,53.0,2.8,4.446,4.446
2023-06-24 04:00:00+02:00,53.0,3.4,5.4085,5.4085
2023-06-24 05:00:00+02:00,53.0,3.3,5.2565,5.2565
2023-06-24 06:00:00+02:00,53.0,4.6,7.3665,7.3665
2023-06-24 07:00:00+02:00,53.0,6.3,10.9185,10.9265
2023-06-24 08:00:00+02:00,53.0,5.9,9.9635,9.9635
2023-06-24 09:00:00+02:00,53.0,6.0,10.616,10.616
2023-06-24 10:00:00+02:00,53.0,8.3,13.4385,14.509
2023-06-24 11:00:00+02:00,53.0,6.2,11.0255,11.0255
2023-06-24 12:00:00+02:00,53.0,7.5,12.7525,13.0755
2023-06-24 13:00:00+02:00,53.0,6.9,11.443,11.93
2023-06-24 14:00:00+02:00,53.0,5.0,8.654499999999999,8.685500000000001
2023-06-24 15:00:00+02:00,53.0,4.1,6.88,6.88
2023-06-24 16:00:00+02:00,53.0,5.0,8.773,8.774000000000001
2023-06-24 17:00:00+02:00,53.0,5.8,9.799,10.406
2023-06-24 18:00:00+02:00,53.0,5.1,8.457,8.633
2023-06-24 19:00:00+02:00,53.0,4.0,6.602,6.602
2023-06-24 20:00:00+02:00,53.0,3.9,6.683,6.683
2023-06-24 21:00:00+02:00,53.0,3.9,6.553,6.553
2023-06-24 22:00:00+02:00,53.0,3.0,4.7935,4.7935
2023-06-24 23:00:00+02:00,53.0,2.5,3.672,3.672
2023-06-25 00:00:00+02:00,53.0,2.8,4.5565,4.5565
2023-06-25 01:00:00+02:00,53.0,3.7,6.005,6.005
2023-06-25 02:00:00+02:00,53.0,3.4,5.2885,5.2885
2023-06-25 03:00:00+02:00,53.0,3.8,6.0815,6.0815
2023-06-25 04:00:00+02:00,53.0,4.9,7.746499999999999,8.04
2023-06-25 05:00:00+02:00,53.0,4.9,7.9015,7.9015
2023-06-25 06:00:00+02:00,53.0,5.7,9.267,9.267
2023-06-25 07:00:00+02:00,53.0,6.0,9.704,9.704
2023-06-25 08:00:00+02:00,53.0,6.1,9.784,9.784
2023-06-25 09:00:00+02:00,53.0,6.4,10.381,10.433
2023-06-25 10:00:00+02:00,53.0,6.3,10.3435,10.3435
2023-06-25 11:00:00+02:00,53.0,6.4,10.7025,10.7025
2023-06-25 12:00:00+02:00,53.0,11.5,18.0155,20.1085
2023-06-25 13:00:00+02:00,53.0,7.0,12.3975,12.3975
2023-06-25 14:00:00+02:00,53.0,10.7,19.4395,19.4915
2023-06-25 15:00:00+02:00,53.0,9.5,17.296,17.4625
2023-06-25 16:00:00+02:00,53.0,9.9,17.5755,18.166
2023-06-25 17:00:00+02:00,53.0,9.0,16.369,16.493000000000002
2023-06-25 18:00:00+02:00,53.0,7.8,14.2365,14.2485
2023-06-25 19:00:00+02:00,53.0,7.7,14.2245,14.2245
2023-06-25 20:00:00+02:00,53.0,8.7,16.633,16.633
2023-06-25 21:00:00+02:00,53.0,10.7,19.664,19.7245
2023-06-25 22:00:00+02:00,53.0,9.8,18.239,18.28
2023-06-25 23:00:00+02:00,53.0,9.6,17.9035,17.932
2023-06-26 00:00:00+02:00,53.0,8.7,16.461,16.461
2023-06-26 01:00:00+02:00,53.0,8.2,15.387999999999998,15.387999999999998
2023-06-26 02:00:00+02:00,53.0,7.8,14.5245,14.5245
2023-06-26 03:00:00+02:00,53.0,9.7,17.014,17.7035
2023-06-26 04:00:00+02:00,53.0,8.0,14.6105,14.613499999999998
2023-06-26 05:00:00+02:00,53.0,8.1,15.1385,15.1665
2023-06-26 06:00:00+02:00,53.0,8.1,15.3905,15.3905
2023-06-26 07:00:00+02:00,53.0,8.9,16.555,16.5955
2023-06-26 08:00:00+02:00,53.0,9.0,16.798499999999997,16.837
2023-06-26 09:00:00+02:00,53.0,9.2,17.430500000000002,17.435000000000002
2023-06-26 10:00:00+02:00,53.0,8.2,15.4335,15.5175
2023-06-26 11:00:00+02:00,53.0,7.5,13.8995,13.8995
2023-06-26 12:00:00+02:00,53.0,10.6,18.067500000000003,19.4105
2023-06-26 13:00:00+02:00,53.0,8.7,16.269,16.378500000000003
2023-06-26 14:00:00+02:00,53.0,8.5,16.1775,16.195999999999998
2023-06-26 15:00:00+02:00,53.0,9.1,17.2165,17.3155
2023-06-26 16:00:00+02:00,53.0,8.6,16.0135,16.0835
2023-06-26 17:00:00+02:00,53.0,7.7,14.3,14.3015
2023-06-26 18:00:00+02:00,53.0,8.5,16.1905,16.1905
2023-06-26 19:00:00+02:00,53.0,8.4,15.99,16.023
2023-06-26 20:00:00+02:00,53.0,10.0,18.473,18.564
2023-06-26 21:00:00+02:00,53.0,13.2,23.3655,23.569
2023-06-26 22:00:00+02:00,53.0,11.4,21.0165,21.0165
2023-06-26 23:00:00+02:00,53.0,10.7,20.055,20.055
2023-06-27 00:00:00+02:00,53.0,10.3,19.5145,19.521
2023-06-27 01:00:00+02:00,53.0,9.8,18.435,18.435
2023-06-27 02:00:00+02:00,53.0,9.3,17.907,17.907
2023-06-27 03:00:00+02:00,53.0,9.1,17.402,17.402
2023-06-27 04:00:00+02:00,53.0,9.2,17.3325,17.5625
2023-06-27 05:00:00+02:00,53.0,8.7,16.938000000000002,16.938000000000002
2023-06-27 06:00:00+02:00,53.0,10.0,19.115,19.1175
2023-06-27 07:00:00+02:00,53.0,11.2,20.618,20.629
2023-06-27 08:00:00+02:00,53.0,12.3,22.3045,22.4165
2023-06-27 09:00:00+02:00,53.0,12.2,22.3445,22.5975
2023-06-27 10:00:00+02:00,53.0,10.1,18.8895,18.902
2023-06-27 11:00:00+02:00,53.0,8.4,15.819,15.946000000000002
2023-06-27 12:00:00+02:00,53.0,6.1,10.405,10.412
2023-06-27 13:00:00+02:00,53.0,7.8,14.2765,14.338
2023-06-27 14:00:00+02:00,53.0,8.3,15.7045,15.713
2023-06-27 15:00:00+02:00,53.0,8.1,15.303999999999998,15.307
2023-06-27 16:00:00+02:00,53.0,10.2,19.293,19.293
2023-06-27 17:00:00+02:00,53.0,10.7,19.546,19.989
2023-06-27 18:00:00+02:00,53.0,8.1,14.891,15.084
2023-06-27 19:00:00+02:00,53.0,6.6,11.588,11.588
2023-06-27 20:00:00+02:00,53.0,11.2,19.305,20.378
2023-06-27 21:00:00+02:00,53.0,8.3,15.487,15.487
2023-06-27 22:00:00+02:00,53.0,7.4,13.8945,13.8945
2023-06-27 23:00:00+02:00,53.0,7.4,13.419,13.4295
2023-06-28 00:00:00+02:00,53.0,6.5,11.0765,11.1065
2023-06-28 01:00:00+02:00,53.0,6.6,11.6125,11.6125
2023-06-28 02:00:00+02:00,53.0,6.1,10.4805,10.4805
2023-06-28 03:00:00+02:00,53.0,4.4,7.2075,7.2075
2023-06-28 04:00:00+02:00,53.0,4.2,7.164,7.251
2023-06-28 05:00:00+02:00,53.0,6.9,11.4985,12.075
2023-06-28 06:00:00+02:00,53.0,5.4,9.5005,9.5005
2023-06-28 07:00:00+02:00,53.0,7.2,13.5615,13.564
2023-06-28 08:00:00+02:00,53.0,10.3,19.4605,19.572
2023-06-28 09:00:00+02:00,53.0,10.9,20.177,20.3365
2023-06-28 10:00:00+02:00,53.0,8.5,16.584,16.5905
2023-06-28 11:00:00+02:00,53.0,8.0,14.7505,14.9075
2023-06-28 12:00:00+02:00,53.0,7.8,13.81,14.222
2023-06-28 13:00:00+02:00,53.0,5.4,9.468,9.604
2023-06-28 14:00:00+02:00,53.0,3.3,5.5205,5.5205
2023-06-28 15:00:00+02:00,53.0,3.4,5.7405,5.7405
2023-06-28 16:00:00+02:00,53.0,4.1,7.410500000000001,7.411
2023-06-28 17:00:00+02:00,53.0,3.5,5.390499999999999,5.7705
2023-06-28 18:00:00+02:00,53.0,2.4,3.5855,3.5915
2023-06-28 19:00:00+02:00,53.0,2.3,3.516,3.516
2023-06-28 20:00:00+02:00,53.0,4.6,7.3235,7.667
2023-06-28 21:00:00+02:00,53.0,4.8,8.207,8.207
2023-06-28 22:00:00+02:00,53.0,4.8,8.287,8.3585
2023-06-28 23:00:00+02:00,53.0,5.5,9.7905,9.8615
2023-06-29 00:00:00+02:00,53.0,4.6,7.958,7.958
2023-06-29 01:00:00+02:00,53.0,4.2,7.085000000000001,7.085000000000001
2023-06-29 02:00:00+02:00,53.0,4.2,7.231999999999999,7.231999999999999
2023-06-29 03:00:00+02:00,53.0,5.2,8.6395,8.9165
2023-06-29 04:00:00+02:00,53.0,4.2,7.1545000000000005,7.1545000000000005
2023-06-29 05:00:00+02:00,53.0,4.3,7.2605,7.2605
2023-06-29 06:00:00+02:00,53.0,4.7,8.0275,8.029
2023-06-29 07:00:00+02:00,53.0,6.5,11.8445,11.871
2023-06-29 08:00:00+02:00,53.0,4.9,8.410499999999999,8.410499999999999
2023-06-29 09:00:00+02:00,53.0,5.2,8.7695,8.7695
2023-06-29 10:00:00+02:00,53.0,7.1,12.685,12.9025
2023-06-29 11:00:00+02:00,53.0,4.9,8.671,8.6775
2023-06-29 12:00:00+02:00,53.0,3.1,5.318,5.318
2023-06-29 13:00:00+02:00,53.0,3.2,5.4435,5.4435
2023-06-29 14:00:00+02:00,53.0,4.1,5.9905,6.7995
2023-06-29 15:00:00+02:00,53.0,3.0,4.891500000000001,4.8985
2023-06-29 16:00:00+02:00,53.0,3.3,5.4915,5.493
2023-06-29 17:00:00+02:00,53.0,2.9,4.7695,4.7695
2023-06-29 18:00:00+02:00,53.0,2.6,3.9325,3.9325
2023-06-29 19:00:00+02:00,53.0,2.5,4.266,4.266
2023-06-29 20:00:00+02:00,53.0,6.6,12.6515,12.6635
2023-06-29 21:00:00+02:00,53.0,6.0,10.7505,10.751
2023-06-29 22:00:00+02:00,53.0,6.2,10.7995,11.0875
2023-06-29 23:00:00+02:00,53.0,6.0,10.5335,10.552
2023-06-30 00:00:00+02:00,53.0,5.3,9.315,9.338
2023-06-30 01:00:00+02:00,53.0,5.0,8.724,8.724
2023-06-30 02:00:00+02:00,53.0,5.5,9.584,9.6035
2023-06-30 03:00:00+02:00,53.0,5.7,9.9395,9.9395
2023-06-30 04:00:00+02:00,53.0,6.7,12.448,12.4475
2023-06-30 05:00:00+02:00,53.0,7.2,14.002,14.002
2023-06-30 06:00:00+02:00,53.0,8.7,16.9605,16.9605
2023-06-30 07:00:00+02:00,53.0,13.0,23.7905,24.641
2023-06-30 08:00:00+02:00,53.0,12.8,23.774,23.8455
2023-06-30 09:00:00+02:00,53.0,14.5,25.1265,26.691000000000003
2023-06-30 10:00:00+02:00,53.0,10.1,19.2065,19.2765
2023-06-30 11:00:00+02:00,53.0,7.6,13.938,14.101
2023-06-30 12:00:00+02:00,53.0,9.3,17.0905,17.554000000000002
2023-06-30 13:00:00+02:00,53.0,6.0,11.0625,11.0625
2023-06-30 14:00:00+02:00,53.0,6.2,11.028,11.087
2023-06-30 15:00:00+02:00,53.0,5.3,9.4605,9.4765
2023-06-30 16:00:00+02:00,53.0,4.6,8.183,8.186
2023-06-30 17:00:00+02:00,53.0,4.8,8.2015,8.2015
2023-06-30 18:00:00+02:00,53.0,5.6,9.858,9.873
2023-06-30 19:00:00+02:00,53.0,11.1,19.0565,20.073500000000003
2023-06-30 20:00:00+02:00,53.0,9.2,18.019,18.058
2023-06-30 21:00:00+02:00,53.0,9.3,18.0765,18.081
2023-06-30 22:00:00+02:00,53.0,9.0,17.443,17.443
2023-06-30 23:00:00+02:00,53.0,8.6,17.0835,17.0835
2023-07-01 00:00:00+02:00,53.0,14.0,23.2,26.719
2023-07-01 01:00:00+02:00,53.0,8.6,16.424,16.519
2023-07-01 02:00:00+02:00,53.0,8.2,16.186,16.186
2023-07-01 03:00:00+02:00,53.0,7.5,14.3495,14.3635
2023-07-01 04:00:00+02:00,53.0,7.2,13.586,13.586
2023-07-01 05:00:00+02:00,53.0,10.1,19.3525,19.393
2023-07-01 06:00:00+02:00,53.0,7.7,13.712,13.7335
2023-07-01 07:00:00+02:00,53.0,7.2,13.361,13.361
2023-07-01 08:00:00+02:00,53.0,9.7,18.3385,18.59
2023-07-01 09:00:00+02:00,53.0,8.0,15.121,15.1435
2023-07-01 10:00:00+02:00,53.0,6.7,12.011,12.011
2023-07-01 11:00:00+02:00,53.0,5.8,9.4785,9.4785
2023-07-01 12:00:00+02:00,53.0,5.9,9.7715,9.7715
2023-07-01 13:00:00+02:00,53.0,5.0,7.890000000000001,7.890000000000001
2023-07-01 14:00:00+02:00,53.0,5.2,8.3335,8.3335
2023-07-01 15:00:00+02:00,53.0,5.9,9.5525,9.634
2023-07-01 16:00:00+02:00,53.0,6.4,10.9335,10.9335
2023-07-01 17:00:00+02:00,53.0,3.7,5.6785,5.6775
2023-07-01 18:00:00+02:00,53.0,3.8,5.595000000000001,5.6240000000000006
2023-07-01 19:00:00+02:00,53.0,8.6,13.0655,14.2475
2023-07-01 20:00:00+02:00,53.0,7.4,12.638,12.662
2023-07-01 21:00:00+02:00,53.0,6.2,10.094,10.094
2023-07-01 22:00:00+02:00,53.0,5.8,9.4785,9.4785
2023-07-01 23:00:00+02:00,53.0,5.9,9.4215,9.4215
2023-07-02 00:00:00+02:00,53.0,5.2,8.06,8.115499999999999
2023-07-02 01:00:00+02:00,53.0,4.7,7.317,7.317
2023-07-02 02:00:00+02:00,53.0,4.6,7.305999999999999,7.337
2023-07-02 03:00:00+02:00,53.0,4.0,6.119,6.119
2023-07-02 04:00:00+02:00,53.0,4.7,7.211,7.211
2023-07-02 05:00:00+02:00,53.0,4.7,7.3475,7.3475
2023-07-02 06:00:00+02:00,53.0,5.0,7.689,7.689
2023-07-02 07:00:00+02:00,53.0,5.5,8.6525,8.6525
2023-07-02 08:00:00+02:00,53.0,5.7,8.814,8.814
2023-07-02 09:00:00+02:00,53.0,7.8,13.701,13.701
2023-07-02 10:00:00+02:00,53.0,9.4,17.5135,17.5135
2023-07-02 11:00:00+02:00,53.0,9.6,17.5735,17.6665
2023-07-02 12:00:00+02:00,53.0,9.1,17.006999999999998,17.006999999999998
2023-07-02 13:00:00+02:00,53.0,9.3,17.1575,17.1575
2023-07-02 14:00:00+02:00,53.0,8.1,14.964,14.964
2023-07-02 15:00:00+02:00,53.0,8.3,15.4455,15.4455
2023-07-02 16:00:00+02:00,53.0,8.1,14.7855,14.788
2023-07-02 17:00:00+02:00,53.0,6.9,12.219,12.219
2023-07-02 18:00:00+02:00,53.0,7.2,12.079,12.1355
2023-07-02 19:00:00+02:00,53.0,8.4,14.8195,15.0875
2023-07-02 20:00:00+02:00,53.0,12.3,21.3075,22.3765
2023-07-02 21:00:00+02:00,53.0,10.8,19.9075,20.2795
2023-07-02 22:00:00+02:00,53.0,11.5,20.5075,21.588
2023-07-02 23:00:00+02:00,53.0,9.8,18.3485,18.637
2023-07-03 00:00:00+02:00,53.0,9.2,17.586,17.6195
2023-07-03 01:00:00+02:00,53.0,8.6,16.5795,16.5795
2023-07-03 02:00:00+02:00,53.0,8.4,16.1795,16.1795
2023-07-03 03:00:00+02:00,53.0,8.3,16.038,16.038
2023-07-03 04:00:00+02:00,53.0,8.5,16.41,16.41
2023-07-03 05:00:00+02:00,53.0,8.6,16.3495,16.3495
2023-07-03 06:00:00+02:00,53.0,9.1,17.1225,17.1225
2023-07-03 07:00:00+02:00,53.0,9.3,17.667,17.667
2023-07-03 08:00:00+02:00,53.0,10.1,19.03,19.0825
2023-07-03 09:00:00+02:00,53.0,11.0,20.3865,20.4235
2023-07-03 10:00:00+02:00,53.0,11.2,20.6175,20.762500000000003
2023-07-03 11:00:00+02:00,53.0,11.2,20.752,20.801
2023-07-03 12:00:00+02:00,53.0,10.1,18.932,18.953
2023-07-03 13:00:00+02:00,53.0,8.9,16.786,16.9705
2023-07-03 14:00:00+02:00,53.0,9.9,18.454,18.4565
2023-07-03 15:00:00+02:00,53.0,10.6,19.521,19.6045
2023-07-03 16:00:00+02:00,53.0,10.0,18.939,18.942
2023-07-03 17:00:00+02:00,53.0,10.9,19.792,20.436
2023-07-03 18:00:00+02:00,53.0,11.2,20.471,20.623
2023-07-03 19:00:00+02:00,53.0,10.4,19.4335,19.7435
2023-07-03 20:00:00+02:00,53.0,14.3,25.379,26.029
2023-07-03 21:00:00+02:00,53.0,16.2,27.948,28.549
2023-07-03 22:00:00+02:00,53.0,13.3,24.0945,24.096
2023-07-03 23:00:00+02:00,53.0,13.2,24.4765,24.483
2023-07-04 00:00:00+02:00,53.0,13.4,24.953000000000003,24.9755
2023-07-04 01:00:00+02:00,53.0,13.7,25.1825,25.2065
2023-07-04 02:00:00+02:00,53.0,13.4,25.009500000000003,25.01
2023-07-04 03:00:00+02:00,53.0,13.3,24.749,24.777
2023-07-04 04:00:00+02:00,53.0,12.8,23.776,23.787
2023-07-04 05:00:00+02:00,53.0,12.9,23.6805,23.7155
2023-07-04 06:00:00+02:00,53.0,12.0,22.398,22.436
2023-07-04 07:00:00+02:00,53.0,9.8,17.8395,17.8395
2023-07-04 08:00:00+02:00,53.0,9.2,17.002000000000002,17.006
2023-07-04 09:00:00+02:00,53.0,9.1,16.8825,16.8825
2023-07-04 10:00:00+02:00,53.0,10.6,19.1385,19.1745
2023-07-04 11:00:00+02:00,53.0,11.8,20.9705,21.06
2023-07-04 12:00:00+02:00,53.0,10.3,18.7325,18.741
2023-07-04 13:00:00+02:00,53.0,11.8,20.9265,21.0725
2023-07-04 14:00:00+02:00,53.0,11.9,21.194000000000003,21.194000000000003
2023-07-04 15:00:00+02:00,53.0,14.5,24.9665,25.2475
2023-07-04 16:00:00+02:00,53.0,15.2,25.736,25.991
2023-07-04 17:00:00+02:00,53.0,17.2,28.6275,29.515
2023-07-04 18:00:00+02:00,53.0,16.3,27.297,27.630000000000003
2023-07-04 19:00:00+02:00,53.0,17.9,29.5275,30.6425
2023-07-04 20:00:00+02:00,53.0,16.9,28.2715,28.837
2023-07-04 21:00:00+02:00,53.0,20.6,32.528,35.1925
2023-07-04 22:00:00+02:00,53.0,23.5,35.526,40.1075
2023-07-04 23:00:00+02:00,53.0,21.0,33.053,35.7555
2023-07-05 00:00:00+02:00,53.0,20.3,32.326,34.6145
2023-07-05 01:00:00+02:00,53.0,18.3,30.1005,31.179
2023-07-05 02:00:00+02:00,53.0,17.6,29.126,29.8555
2023-07-05 03:00:00+02:00,53.0,17.0,28.2245,28.654
2023-07-05 04:00:00+02:00,53.0,16.5,27.4515,27.729
2023-07-05 05:00:00+02:00,53.0,16.6,27.7225,28.144
2023-07-05 06:00:00+02:00,53.0,18.4,30.267,31.8675
2023-07-05 07:00:00+02:00,53.0,18.4,30.116,31.2685
2023-07-05 08:00:00+02:00,53.0,20.8,32.9575,35.634
2023-07-05 09:00:00+02:00,53.0,22.3,34.623000000000005,38.629000000000005
2023-07-05 10:00:00+02:00,53.0,23.4,35.1755,39.708
2023-07-05 11:00:00+02:00,53.0,25.0,36.749,42.113
2023-07-05 12:00:00+02:00,53.0,26.6,37.7515,44.2815
2023-07-05 13:00:00+02:00,53.0,26.9,38.120000000000005,44.681
2023-07-05 14:00:00+02:00,53.0,25.7,36.965,42.77
2023-07-05 15:00:00+02:00,53.0,27.5,38.6155,46.1095
2023-07-05 16:00:00+02:00,53.0,25.6,36.922,42.757000000000005
2023-07-05 17:00:00+02:00,53.0,24.6,36.0255,41.104
2023-07-05 18:00:00+02:00,53.0,25.7,37.5275,43.7165
2023-07-05 19:00:00+02:00,53.0,30.2,41.51349999999999,51.6655
2023-07-05 20:00:00+02:00,53.0,34.8,45.4245,59.6845
2023-07-05 21:00:00+02:00,53.0,33.0,43.7905,56.394000000000005
2023-07-05 22:00:00+02:00,53.0,27.2,38.9985,46.3385
2023-07-05 23:00:00+02:00,53.0,24.2,36.2505,41.137
2023-07-06 00:00:00+02:00,53.0,20.8,32.7605,35.2355
2023-07-06 01:00:00+02:00,53.0,18.6,30.344,31.578000000000003
2023-07-06 02:00:00+02:00,53.0,17.1,28.333,28.786
2023-07-06 03:00:00+02:00,53.0,18.1,29.503,30.655500000000004
2023-07-06 04:00:00+02:00,53.0,16.0,26.6755,26.921
2023-07-06 05:00:00+02:00,53.0,16.1,26.0315,26.948
2023-07-06 06:00:00+02:00,53.0,14.5,24.6605,24.679
2023-07-06 07:00:00+02:00,53.0,9.2,16.1955,16.1955
2023-07-06 08:00:00+02:00,53.0,4.9,7.834999999999999,7.834999999999999
2023-07-06 09:00:00+02:00,53.0,4.4,7.2255,7.2255
2023-07-06 10:00:00+02:00,53.0,4.3,6.9205000000000005,6.9245
2023-07-06 11:00:00+02:00,53.0,3.5,5.584,5.584
2023-07-06 12:00:00+02:00,53.0,3.3,5.3405000000000005,5.3515
2023-07-06 13:00:00+02:00,53.0,3.8,6.112,6.112
2023-07-06 14:00:00+02:00,53.0,4.7,7.4455,7.576499999999999
2023-07-06 15:00:00+02:00,53.0,5.8,9.607,9.6105
2023-07-06 16:00:00+02:00,53.0,5.6,9.031,9.031
2023-07-06 17:00:00+02:00,53.0,5.8,9.483,9.577
2023-07-06 18:00:00+02:00,53.0,5.3,8.564,8.564499999999999
2023-07-06 19:00:00+02:00,53.0,5.5,9.036,9.0535
2023-07-06 20:00:00+02:00,53.0,6.1,10.348,10.357
2023-07-06 21:00:00+02:00,53.0,9.3,16.372500000000002,16.9045
2023-07-06 22:00:00+02:00,53.0,6.1,10.423,10.423
2023-07-06 23:00:00+02:00,53.0,6.6,11.558,11.558
2023-07-07 00:00:00+02:00,53.0,8.4,13.174499999999998,14.312
2023-07-07 01:00:00+02:00,53.0,5.3,8.706,8.706
2023-07-07 02:00:00+02:00,53.0,5.5,8.94,8.94
2023-07-07 03:00:00+02:00,53.0,5.8,9.4275,9.4275
2023-07-07 04:00:00+02:00,53.0,5.8,9.5105,9.540500000000002
2023-07-07 05:00:00+02:00,53.0,5.5,9.0795,9.0795
2023-07-07 06:00:00+02:00,53.0,7.4,12.2485,12.605
2023-07-07 07:00:00+02:00,53.0,7.7,14.3935,14.4115
2023-07-07 08:00:00+02:00,53.0,6.6,10.766,11.0785
2023-07-07 09:00:00+02:00,53.0,7.4,13.2385,13.3055
2023-07-07 10:00:00+02:00,53.0,7.1,12.144,12.206
2023-07-07 11:00:00+02:00,53.0,5.7,9.4695,9.475
2023-07-07 12:00:00+02:00,53.0,6.8,11.9855,12.034
2023-07-07 13:00:00+02:00,53.0,5.5,9.138,9.1615
2023-07-07 14:00:00+02:00,53.0,5.0,8.016,8.016
2023-07-07 15:00:00+02:00,53.0,5.9,9.822,9.8625
2023-07-07 16:00:00+02:00,53.0,5.9,9.985,10.064
2023-07-07 17:00:00+02:00,53.0,4.8,8.196,8.196
2023-07-07 18:00:00+02:00,53.0,6.9,11.8345,12.2335
2023-07-07 19:00:00+02:00,53.0,7.9,14.689,14.7095
2023-07-07 20:00:00+02:00,53.0,7.7,14.222,14.299
2023-07-07 21:00:00+02:00,53.0,7.1,12.524,12.579999999999998
2023-07-07 22:00:00+02:00,53.0,6.1,10.4095,10.4095
2023-07-07 23:00:00+02:00,53.0,7.7,13.7765,13.861
2023-07-08 00:00:00+02:00,53.0,6.0,10.3325,10.3325
2023-07-08 01:00:00+02:00,53.0,6.1,10.6495,10.6495
2023-07-08 02:00:00+02:00,53.0,6.0,10.232,10.269
2023-07-08 03:00:00+02:00,53.0,5.1,8.4925,8.4925
2023-07-08 04:00:00+02:00,53.0,5.4,8.784,8.784
2023-07-08 05:00:00+02:00,53.0,6.8,11.9545,11.9545
2023-07-08 06:00:00+02:00,53.0,10.8,19.332,19.72
2023-07-08 07:00:00+02:00,53.0,9.6,16.9495,17.939
2023-07-08 08:00:00+02:00,53.0,7.6,14.1835,14.187
2023-07-08 09:00:00+02:00,53.0,8.1,15.114,15.1505
2023-07-08 10:00:00+02:00,53.0,7.3,13.4295,13.4295
2023-07-08 11:00:00+02:00,53.0,7.0,12.6585,12.6725
2023-07-08 12:00:00+02:00,53.0,5.8,10.0045,10.039
2023-07-08 13:00:00+02:00,53.0,6.3,10.87,10.8755
2023-07-08 14:00:00+02:00,53.0,5.9,10.1275,10.137
2023-07-08 15:00:00+02:00,53.0,5.1,8.221499999999999,8.221499999999999
2023-07-08 16:00:00+02:00,53.0,5.8,9.8155,9.817
2023-07-08 17:00:00+02:00,53.0,6.2,10.61,10.61
2023-07-08 18:00:00+02:00,53.0,5.3,8.686,8.686
2023-07-08 19:00:00+02:00,53.0,6.4,11.2255,11.2295
2023-07-08 20:00:00+02:00,53.0,8.5,16.3145,16.3145
2023-07-08 21:00:00+02:00,53.0,10.6,20.1235,20.359
2023-07-08 22:00:00+02:00,53.0,19.0,31.8765,34.375
2023-07-08 23:00:00+02:00,53.0,15.9,27.702,28.4135
2023-07-09 00:00:00+02:00,53.0,12.1,22.376,22.476
2023-07-09 01:00:00+02:00,53.0,10.7,20.4775,20.4775
2023-07-09 02:00:00+02:00,53.0,14.2,24.3165,26.1635
2023-07-09 03:00:00+02:00,53.0,10.5,20.2635,20.28
2023-07-09 04:00:00+02:00,53.0,11.4,21.4985,21.687
2023-07-09 05:00:00+02:00,53.0,10.6,20.291,20.291
2023-07-09 06:00:00+02:00,53.0,10.9,21.14,21.14
2023-07-09 07:00:00+02:00,53.0,12.1,22.392,22.645000000000003
2023-07-09 08:00:00+02:00,53.0,12.5,23.0185,23.1585
2023-07-09 09:00:00+02:00,53.0,12.9,23.777,23.9055
2023-07-09 10:00:00+02:00,53.0,13.3,23.848,24.2935
2023-07-09 11:00:00+02:00,53.0,12.0,21.679,22.476
2023-07-09 12:00:00+02:00,53.0,9.5,18.2485,18.3065
2023-07-09 13:00:00+02:00,53.0,8.5,16.3825,16.4025
2023-07-09 14:00:00+02:00,53.0,8.1,15.793,15.803
2023-07-09 15:00:00+02:00,53.0,7.4,14.378,14.381
2023-07-09 16:00:00+02:00,53.0,7.4,14.502,14.502
2023-07-09 17:00:00+02:00,53.0,7.9,15.7205,15.7205
2023-07-09 18:00:00+02:00,53.0,8.6,16.9215,16.9215
2023-07-09 19:00:00+02:00,53.0,10.0,19.0265,19.346
2023-07-09 20:00:00+02:00,53.0,11.9,22.6475,22.756
2023-07-09 21:00:00+02:00,53.0,12.1,22.919,22.9765
2023-07-09 22:00:00+02:00,53.0,14.3,25.6535,25.8095
2023-07-09 23:00:00+02:00,53.0,14.7,25.909,26.4375
2023-07-10 00:00:00+02:00,53.0,12.8,23.5775,23.9215
2023-07-10 01:00:00+02:00,53.0,11.5,21.6685,21.7265
2023-07-10 02:00:00+02:00,53.0,12.3,22.637,23.3725
2023-07-10 03:00:00+02:00,53.0,10.3,19.9,19.906
2023-07-10 04:00:00+02:00,53.0,10.3,19.8835,19.9385
2023-07-10 05:00:00+02:00,53.0,11.1,20.859,21.4815
2023-07-10 06:00:00+02:00,53.0,10.5,20.4295,20.435
2023-07-10 07:00:00+02:00,53.0,12.6,23.285,23.532
2023-07-10 08:00:00+02:00,53.0,12.6,23.4825,23.5715
2023-07-10 09:00:00+02:00,53.0,14.3,25.5565,26.3055
2023-07-10 10:00:00+02:00,53.0,10.7,20.7175,20.7785
2023-07-10 11:00:00+02:00,53.0,9.2,18.008499999999998,18.008499999999998
2023-07-10 12:00:00+02:00,53.0,8.4,16.3265,16.3265
2023-07-10 13:00:00+02:00,53.0,8.4,16.783,16.783
2023-07-10 14:00:00+02:00,53.0,9.3,17.799500000000002,17.803
2023-07-10 15:00:00+02:00,53.0,9.2,17.57,17.747500000000002
2023-07-10 16:00:00+02:00,53.0,8.4,16.205,16.208
2023-07-10 17:00:00+02:00,53.0,7.7,14.929,14.929
2023-07-10 18:00:00+02:00,53.0,7.4,14.389,14.389
2023-07-10 19:00:00+02:00,53.0,8.2,16.0935,16.104
2023-07-10 20:00:00+02:00,53.0,14.0,25.117,25.518500000000003
2023-07-10 21:00:00+02:00,53.0,15.1,26.5995,27.005
2023-07-10 22:00:00+02:00,53.0,14.5,25.994,26.1625
2023-07-10 23:00:00+02:00,53.0,14.0,25.2295,25.462
2023-07-11 00:00:00+02:00,53.0,11.3,21.6385,21.6385
2023-07-11 01:00:00+02:00,53.0,10.6,20.445500000000003,20.504
2023-07-11 02:00:00+02:00,53.0,9.8,19.3085,19.3085
2023-07-11 03:00:00+02:00,53.0,8.7,17.219,17.219
2023-07-11 04:00:00+02:00,53.0,8.2,16.2535,16.2535
2023-07-11 05:00:00+02:00,53.0,8.3,16.481,16.481
2023-07-11 06:00:00+02:00,53.0,9.3,18.127,18.127
2023-07-11 07:00:00+02:00,53.0,10.4,20.262500000000003,20.2835
2023-07-11 08:00:00+02:00,53.0,10.5,20.302,20.3395
2023-07-11 09:00:00+02:00,53.0,9.5,18.6115,18.621
2023-07-11 10:00:00+02:00,53.0,10.3,19.822,19.949
2023-07-11 11:00:00+02:00,53.0,9.9,18.987,19.0185
2023-07-11 12:00:00+02:00,53.0,10.8,19.843,20.2765
2023-07-11 13:00:00+02:00,53.0,9.4,17.664,17.6785
2023-07-11 14:00:00+02:00,53.0,10.1,18.703,18.719
2023-07-11 15:00:00+02:00,53.0,10.1,18.688,18.7035
2023-07-11 16:00:00+02:00,53.0,10.5,19.1155,19.126
2023-07-11 17:00:00+02:00,53.0,10.6,19.287,19.287
2023-07-11 18:00:00+02:00,53.0,10.7,19.7815,19.7815
2023-07-11 19:00:00+02:00,53.0,15.3,26.424,27.451
2023-07-11 20:00:00+02:00,53.0,16.6,28.556,29.2815
2023-07-11 21:00:00+02:00,53.0,49.9,61.2905,88.75399999999999
2023-07-11 22:00:00+02:00,53.0,51.9,60.947500000000005,92.198
2023-07-11 23:00:00+02:00,53.0,38.2,48.392,67.4585
2023-07-12 00:00:00+02:00,53.0,28.2,40.816500000000005,49.8605
2023-07-12 01:00:00+02:00,53.0,29.1,41.1005,51.1555
2023-07-12 02:00:00+02:00,53.0,22.8,35.631,40.2205
2023-07-12 03:00:00+02:00,53.0,19.1,31.5915,33.5555
2023-07-12 04:00:00+02:00,53.0,17.1,29.0795,29.996
2023-07-12 05:00:00+02:00,53.0,19.7,32.293,34.443
2023-07-12 06:00:00+02:00,53.0,17.3,29.268,30.2355
2023-07-12 07:00:00+02:00,53.0,14.6,25.2455,26.452
2023-07-12 08:00:00+02:00,53.0,8.3,16.262,16.262
2023-07-12 09:00:00+02:00,53.0,5.9,10.5525,10.5525
2023-07-12 10:00:00+02:00,53.0,3.4,5.5895,5.5895
2023-07-12 11:00:00+02:00,53.0,4.9,8.32,8.32
2023-07-12 12:00:00+02:00,53.0,7.4,14.01,14.01
2023-07-12 13:00:00+02:00,53.0,8.8,16.96,16.994500000000002
2023-07-12 14:00:00+02:00,53.0,8.0,14.7655,14.775
2023-07-12 15:00:00+02:00,53.0,6.1,10.1245,10.1245
2023-07-12 16:00:00+02:00,53.0,8.2,14.537,14.8275
2023-07-12 17:00:00+02:00,53.0,8.1,14.798000000000002,14.874
2023-07-12 18:00:00+02:00,53.0,7.6,14.271,14.2725
2023-07-12 19:00:00+02:00,53.0,9.1,17.273,17.2755
2023-07-12 20:00:00+02:00,53.0,10.1,19.338,19.3475
2023-07-12 21:00:00+02:00,53.0,12.7,23.294,23.3455
2023-07-12 22:00:00+02:00,53.0,12.5,22.5525,24.0575
2023-07-12 23:00:00+02:00,53.0,11.5,21.5715,21.5905
2023-07-13 00:00:00+02:00,53.0,13.9,24.3645,24.94
2023-07-13 01:00:00+02:00,53.0,9.2,17.901,17.901
2023-07-13 02:00:00+02:00,53.0,8.1,15.788,15.788
2023-07-13 03:00:00+02:00,53.0,15.5,24.9095,28.4715
2023-07-13 04:00:00+02:00,53.0,8.1,14.712,14.8325
2023-07-13 05:00:00+02:00,53.0,6.8,12.126,12.126
2023-07-13 06:00:00+02:00,53.0,7.2,13.786,13.786
2023-07-13 07:00:00+02:00,53.0,9.4,18.108,18.229
2023-07-13 08:00:00+02:00,53.0,13.0,23.8345,23.999
2023-07-13 09:00:00+02:00,53.0,12.0,22.29,22.387500000000003
2023-07-13 10:00:00+02:00,53.0,12.7,23.0615,23.5535
2023-07-13 11:00:00+02:00,53.0,12.0,22.0985,22.355
2023-07-13 12:00:00+02:00,53.0,12.1,21.9415,22.151
2023-07-13 13:00:00+02:00,53.0,13.3,23.433,23.608
2023-07-13 14:00:00+02:00,53.0,13.8,24.2105,24.4175
2023-07-13 15:00:00+02:00,53.0,12.9,23.4565,23.8745
2023-07-13 16:00:00+02:00,53.0,8.2,15.987,15.987
2023-07-13 17:00:00+02:00,53.0,8.7,16.811,16.811
2023-07-13 18:00:00+02:00,53.0,8.2,15.498,15.498
2023-07-13 19:00:00+02:00,53.0,6.8,11.9065,11.914
2023-07-13 20:00:00+02:00,53.0,12.2,22.3825,22.911
2023-07-13 21:00:00+02:00,53.0,10.9,20.2045,20.52
2023-07-13 22:00:00+02:00,53.0,9.7,18.777,18.7815
2023-07-13 23:00:00+02:00,53.0,3.9,6.54,6.545
2023-07-14 00:00:00+02:00,53.0,1.2,1.286,1.286
2023-07-14 01:00:00+02:00,53.0,1.5,1.6265,1.6265
2023-07-14 02:00:00+02:00,53.0,1.3,1.3695,1.3695
2023-07-14 03:00:00+02:00,53.0,1.1,1.011,1.011
2023-07-14 04:00:00+02:00,53.0,0.9,0.6349999999999999,0.6349999999999999
2023-07-14 05:00:00+02:00,53.0,1.1,0.963,0.963
2023-07-14 06:00:00+02:00,53.0,1.5,1.7715,1.7715
2023-07-14 07:00:00+02:00,53.0,3.7,6.390499999999999,6.6005
2023-07-14 08:00:00+02:00,53.0,3.1,4.946,4.9935
2023-07-14 09:00:00+02:00,53.0,2.9,4.4345,4.4345
2023-07-14 10:00:00+02:00,53.0,4.9,8.473500000000001,8.587499999999999
2023-07-14 11:00:00+02:00,53.0,3.7,6.2315000000000005,6.2545
2023-07-14 12:00:00+02:00,53.0,3.2,4.9945,5.0535
2023-07-14 13:00:00+02:00,53.0,2.7,4.2075,4.2075
2023-07-14 14:00:00+02:00,53.0,3.3,5.1645,5.1645
2023-07-14 15:00:00+02:00,53.0,2.4,3.518,3.518
2023-07-14 16:00:00+02:00,53.0,3.4,5.558999999999999,5.558999999999999
2023-07-14 17:00:00+02:00,53.0,2.9,4.7525,4.7525
2023-07-14 18:00:00+02:00,53.0,3.5,5.7010000000000005,5.949
2023-07-14 19:00:00+02:00,53.0,2.9,4.718500000000001,4.718500000000001
2023-07-14 20:00:00+02:00,53.0,5.8,10.425,10.432
2023-07-14 21:00:00+02:00,53.0,5.9,10.6465,10.6465
2023-07-14 22:00:00+02:00,53.0,5.7,9.6935,9.7195
2023-07-14 23:00:00+02:00,53.0,7.6,12.496,13.22
2023-07-15 00:00:00+02:00,53.0,6.0,10.2765,10.3375
2023-07-15 01:00:00+02:00,53.0,5.1,8.516,8.516
2023-07-15 02:00:00+02:00,53.0,6.7,10.732,11.4055
2023-07-15 03:00:00+02:00,53.0,5.4,9.3105,9.317
2023-07-15 04:00:00+02:00,53.0,5.6,9.2485,9.4145
2023-07-15 05:00:00+02:00,53.0,5.8,10.1565,10.1975
2023-07-15 06:00:00+02:00,53.0,6.7,11.8435,11.868
2023-07-15 07:00:00+02:00,53.0,8.2,15.055,15.252
2023-07-15 08:00:00+02:00,53.0,9.1,17.8105,17.83
2023-07-15 09:00:00+02:00,53.0,8.4,16.039,16.0405
2023-07-15 10:00:00+02:00,53.0,9.4,17.8845,17.9225
2023-07-15 11:00:00+02:00,53.0,10.0,18.888,18.9675
2023-07-15 12:00:00+02:00,53.0,9.0,17.2635,17.276
2023-07-15 13:00:00+02:00,53.0,8.1,15.384999999999998,15.384999999999998
2023-07-15 14:00:00+02:00,53.0,7.9,14.4505,14.505
2023-07-15 15:00:00+02:00,53.0,6.7,11.452000000000002,11.452000000000002
2023-07-15 16:00:00+02:00,53.0,7.6,13.388,13.475
2023-07-15 17:00:00+02:00,53.0,7.9,14.714,14.715
2023-07-15 18:00:00+02:00,53.0,8.9,16.95,16.95
2023-07-15 19:00:00+02:00,53.0,14.2,24.8575,25.67
2023-07-15 20:00:00+02:00,53.0,22.8,35.461,40.3055
2023-07-15 21:00:00+02:00,53.0,28.0,40.802,49.636
2023-07-15 22:00:00+02:00,53.0,29.3,41.6975,51.6075
2023-07-15 23:00:00+02:00,53.0,37.2,48.067,65.1275
2023-07-16 00:00:00+02:00,53.0,38.0,47.971,66.675
2023-07-16 01:00:00+02:00,53.0,38.2,47.9875,66.893
2023-07-16 02:00:00+02:00,53.0,37.2,47.398,65.137
2023-07-16 03:00:00+02:00,53.0,36.2,47.054,63.2265
2023-07-16 04:00:00+02:00,53.0,36.8,48.5215,64.05799999999999
2023-07-16 05:00:00+02:00,53.0,28.8,41.128,50.387
2023-07-16 06:00:00+02:00,53.0,29.2,41.2275,50.92
2023-07-16 07:00:00+02:00,53.0,20.7,33.308499999999995,36.261
2023-07-16 08:00:00+02:00,53.0,16.9,28.674,29.468
2023-07-16 09:00:00+02:00,53.0,13.2,23.452,23.9705
2023-07-16 10:00:00+02:00,53.0,9.6,18.075000000000003,18.1265
2023-07-16 11:00:00+02:00,53.0,7.2,13.731000000000002,13.731000000000002
2023-07-16 12:00:00+02:00,53.0,6.0,10.05,10.05
2023-07-16 13:00:00+02:00,53.0,5.0,7.926500000000001,7.926500000000001
2023-07-16 14:00:00+02:00,53.0,5.1,8.0395,8.07
2023-07-16 15:00:00+02:00,53.0,6.1,10.3525,10.3525
2023-07-16 16:00:00+02:00,53.0,6.8,11.941,11.941
2023-07-16 17:00:00+02:00,53.0,7.3,12.9035,12.9065
2023-07-16 18:00:00+02:00,53.0,7.5,13.765,13.765
2023-07-16 19:00:00+02:00,53.0,8.1,15.258,15.2595
2023-07-16 20:00:00+02:00,53.0,11.3,20.7725,21.032
2023-07-16 21:00:00+02:00,53.0,13.2,23.372,24.0195
2023-07-16 22:00:00+02:00,53.0,12.6,22.547,22.880000000000003
2023-07-16 23:00:00+02:00,53.0,13.3,23.62,23.700000000000003
2023-07-17 00:00:00+02:00,53.0,11.9,22.116,22.143
2023-07-17 01:00:00+02:00,53.0,12.2,21.766,22.613
2023-07-17 02:00:00+02:00,53.0,11.1,20.5655,20.812
2023-07-17 03:00:00+02:00,53.0,10.1,19.174,19.174
2023-07-17 04:00:00+02:00,53.0,9.7,18.479,18.479
2023-07-17 05:00:00+02:00,53.0,9.5,18.4195,18.4195
2023-07-17 06:00:00+02:00,53.0,10.5,20.118,20.125
2023-07-17 07:00:00+02:00,53.0,11.1,20.9095,20.92
2023-07-17 08:00:00+02:00,53.0,13.3,23.8105,24.041
2023-07-17 09:00:00+02:00,53.0,14.5,25.79,26.807
2023-07-17 10:00:00+02:00,53.0,11.3,21.193,21.348
2023-07-17 11:00:00+02:00,53.0,8.6,16.199,16.236
2023-07-17 12:00:00+02:00,53.0,6.9,12.2325,12.2325
2023-07-17 13:00:00+02:00,53.0,6.4,10.8825,10.9965
2023-07-17 14:00:00+02:00,53.0,5.9,9.498,9.5155
2023-07-17 15:00:00+02:00,53.0,5.5,8.9765,9.0205
2023-07-17 16:00:00+02:00,53.0,5.2,8.302499999999998,8.302499999999998
2023-07-17 17:00:00+02:00,53.0,7.3,12.731,12.7545
2023-07-17 18:00:00+02:00,53.0,7.8,13.7725,13.773
2023-07-17 19:00:00+02:00,53.0,10.5,18.4965,19.079
2023-07-17 20:00:00+02:00,53.0,10.6,19.9825,19.99
2023-07-17 21:00:00+02:00,53.0,11.5,21.411,21.4235
2023-07-17 22:00:00+02:00,53.0,12.5,22.6585,22.914
2023-07-17 23:00:00+02:00,53.0,13.8,24.337,24.975
2023-07-18 00:00:00+02:00,53.0,12.0,22.147,22.219
2023-07-18 01:00:00+02:00,53.0,11.0,20.7525,20.7555
2023-07-18 02:00:00+02:00,53.0,15.1,25.3525,27.665
2023-07-18 03:00:00+02:00,53.0,12.3,22.2705,22.745
2023-07-18 04:00:00+02:00,53.0,10.6,20.158,20.158
2023-07-18 05:00:00+02:00,53.0,12.0,22.0935,22.1
2023-07-18 06:00:00+02:00,53.0,15.2,25.7855,27.5645
2023-07-18 07:00:00+02:00,53.0,17.7,29.1855,31.299
2023-07-18 08:00:00+02:00,53.0,17.8,30.072,31.517000000000003
2023-07-18 09:00:00+02:00,53.0,15.3,26.6645,27.2665
2023-07-18 10:00:00+02:00,53.0,12.0,21.891,22.0365
2023-07-18 11:00:00+02:00,53.0,11.5,20.363,21.222
2023-07-18 12:00:00+02:00,53.0,11.6,20.478,21.128
2023-07-18 13:00:00+02:00,53.0,10.2,18.467,18.601
2023-07-18 14:00:00+02:00,53.0,13.1,22.258,22.7395
2023-07-18 15:00:00+02:00,53.0,13.7,22.8505,23.079
2023-07-18 16:00:00+02:00,53.0,12.5,21.687,21.813
2023-07-18 17:00:00+02:00,53.0,11.3,20.2015,20.2015
2023-07-18 18:00:00+02:00,53.0,9.9,18.094,18.129
2023-07-18 19:00:00+02:00,53.0,10.1,18.8675,18.8675
2023-07-18 20:00:00+02:00,53.0,12.6,23.0575,23.155
2023-07-18 21:00:00+02:00,53.0,15.7,26.948,27.4415
2023-07-18 22:00:00+02:00,53.0,2.4,3.5455000000000005,3.5495
2023-07-18 23:00:00+02:00,53.0,1.9,2.4855,2.4865000000000004
2023-07-19 00:00:00+02:00,53.0,1.7,1.9795,1.9795
2023-07-19 01:00:00+02:00,53.0,1.4,1.604,1.604
2023-07-19 02:00:00+02:00,53.0,3.6,4.7965,5.352
2023-07-19 03:00:00+02:00,53.0,1.8,2.238,2.238
2023-07-19 04:00:00+02:00,53.0,2.1,2.9005,2.9005
2023-07-19 05:00:00+02:00,53.0,2.9,3.928,4.1675
2023-07-19 06:00:00+02:00,53.0,3.1,5.008,5.0385
2023-07-19 07:00:00+02:00,53.0,3.9,6.362,6.526
2023-07-19 08:00:00+02:00,53.0,5.9,10.486,10.5045
2023-07-19 09:00:00+02:00,53.0,4.7,7.917999999999999,7.930000000000001
2023-07-19 10:00:00+02:00,53.0,5.7,9.983,9.9955
2023-07-19 11:00:00+02:00,53.0,4.3,6.983499999999999,6.983499999999999
2023-07-19 12:00:00+02:00,53.0,6.4,11.534,11.534
2023-07-19 13:00:00+02:00,53.0,5.2,8.370999999999999,8.3835
2023-07-19 14:00:00+02:00,53.0,5.3,8.3945,8.3945
2023-07-19 15:00:00+02:00,53.0,5.1,7.8535,7.8535
2023-07-19 16:00:00+02:00,53.0,5.9,9.3195,9.374
2023-07-19 17:00:00+02:00,53.0,6.5,11.225,11.23
2023-07-19 18:00:00+02:00,53.0,2.7,4.177,4.1775
2023-07-19 19:00:00+02:00,53.0,3.4,5.295999999999999,5.3055
2023-07-19 20:00:00+02:00,53.0,4.0,6.425,6.425
2023-07-19 21:00:00+02:00,53.0,5.2,8.59,8.9205
2023-07-19 22:00:00+02:00,53.0,3.0,4.8075,4.8075
2023-07-19 23:00:00+02:00,53.0,4.5,7.258,7.427
2023-07-20 00:00:00+02:00,53.0,3.3,5.4085,5.4085
2023-07-20 01:00:00+02:00,53.0,2.7,4.3725,4.3725
2023-07-20 02:00:00+02:00,53.0,2.3,3.467,3.467
2023-07-20 03:00:00+02:00,53.0,1.2,1.5105,1.588
2023-07-20 04:00:00+02:00,53.0,0.4,0.199,0.199
2023-07-20 05:00:00+02:00,53.0,0.8,0.6755,0.6755
2023-07-20 06:00:00+02:00,53.0,1.4,1.5245000000000002,1.5245000000000002
2023-07-20 07:00:00+02:00,53.0,4.5,7.495,7.6525
2023-07-20 08:00:00+02:00,53.0,5.8,10.0785,10.0835
2023-07-20 09:00:00+02:00,53.0,4.7,7.596999999999999,7.699
2023-07-20 10:00:00+02:00,53.0,4.2,7.1345,7.1755
2023-07-20 11:00:00+02:00,53.0,2.3,3.3135,3.3135
2023-07-20 12:00:00+02:00,53.0,3.3,4.981,5.0745000000000005
2023-07-20 13:00:00+02:00,53.0,2.9,4.045,4.1690000000000005
2023-07-20 14:00:00+02:00,53.0,3.3,4.489,4.6765
2023-07-20 15:00:00+02:00,53.0,2.4,3.2785,3.2785
2023-07-20 16:00:00+02:00,53.0,2.9,4.3625,4.3625
2023-07-20 17:00:00+02:00,53.0,2.7,4.038,4.038
2023-07-20 18:00:00+02:00,53.0,3.7,5.836,5.852
2023-07-20 19:00:00+02:00,53.0,5.6,8.619,8.934000000000001
2023-07-20 20:00:00+02:00,53.0,4.8,7.656,7.656
2023-07-20 21:00:00+02:00,53.0,6.6,11.285,11.38
2023-07-20 22:00:00+02:00,53.0,4.9,7.9095,7.9095
2023-07-20 23:00:00+02:00,53.0,5.2,8.35,8.35
2023-07-21 00:00:00+02:00,53.0,6.2,10.5875,10.5875
2023-07-21 01:00:00+02:00,53.0,6.4,10.8795,10.8845
2023-07-21 02:00:00+02:00,53.0,7.8,13.136500000000002,13.6675
2023-07-21 03:00:00+02:00,53.0,7.5,13.482,13.714
2023-07-21 04:00:00+02:00,53.0,6.8,11.939,11.9965
2023-07-21 05:00:00+02:00,53.0,7.5,13.729500000000002,13.787
2023-07-21 06:00:00+02:00,53.0,9.6,16.865000000000002,17.637500000000003
2023-07-21 07:00:00+02:00,53.0,7.5,14.5245,14.525
2023-07-21 08:00:00+02:00,53.0,8.3,16.316499999999998,16.35
2023-07-21 09:00:00+02:00,53.0,10.3,19.8835,19.95
2023-07-21 10:00:00+02:00,53.0,12.3,22.982,23.279
2023-07-21 11:00:00+02:00,53.0,10.5,20.547,20.611
2023-07-21 12:00:00+02:00,53.0,11.5,21.4855,21.883000000000003
2023-07-21 13:00:00+02:00,53.0,11.0,21.0435,21.0455
2023-07-21 14:00:00+02:00,53.0,11.8,22.327,22.54
2023-07-21 15:00:00+02:00,53.0,12.2,22.772,22.978
2023-07-21 16:00:00+02:00,53.0,17.6,29.8095,32.024
2023-07-21 17:00:00+02:00,53.0,23.2,36.726,42.6525
2023-07-21 18:00:00+02:00,53.0,15.0,27.0275,28.202
2023-07-21 19:00:00+02:00,53.0,12.7,307.3685,456.907
2023-07-21 20:00:00+02:00,53.0,22.2,1065.102,1596.212
2023-07-21 21:00:00+02:00,53.0,15.7,1668.255,2501.5935000000004
2023-07-21 22:00:00+02:00,53.0,15.9,1667.578,2500.936
2023-07-21 23:00:00+02:00,53.0,23.5,1667.9735,2501.4095
2023-07-22 00:00:00+02:00,53.0,40.0,1668.289,2501.617
2023-07-22 01:00:00+02:00,53.0,32.1,1660.388,2489.7695000000003
2023-07-22 02:00:00+02:00,53.0,15.6,1669.778,2503.5045
2023-07-22 03:00:00+02:00,53.0,26.1,1667.813,2500.9975000000004
2023-07-22 04:00:00+02:00,53.0,19.8,1668.7445,2502.3025
2023-07-22 05:00:00+02:00,53.0,15.6,1668.3505,2501.7275
2023-07-22 06:00:00+02:00,53.0,8.4,1670.5365,2503.813
2023-07-22 07:00:00+02:00,53.0,10.4,1671.0755,2504.2645
2023-07-22 08:00:00+02:00,53.0,14.4,1627.818,2439.009
2023-07-22 09:00:00+02:00,53.0,15.6,1673.545,2507.28
2023-07-22 10:00:00+02:00,53.0,19.8,1669.1235,2502.236
2023-07-22 11:00:00+02:00,53.0,16.4,1670.2585,2503.5245
2023-07-22 12:00:00+02:00,53.0,4.0,1669.5449999999998,2502.8525
2023-07-22 13:00:00+02:00,53.0,2.5,1669.6245,2502.935
2023-07-22 14:00:00+02:00,53.0,12.5,1670.288,2503.8035
2023-07-22 15:00:00+02:00,53.0,2.5,1670.4425,2503.7475
2023-07-22 16:00:00+02:00,53.0,6.4,1671.2825,2504.6105
2023-07-22 17:00:00+02:00,53.0,5.9,1671.7900000000002,2505.4210000000003
2023-07-22 18:00:00+02:00,53.0,10.1,1672.634,2506.0825
2023-07-22 19:00:00+02:00,53.0,12.6,1425.579,2135.7435
2023-07-22 20:00:00+02:00,53.0,8.6,1670.1215,2503.654
2023-07-22 21:00:00+02:00,53.0,16.2,1669.7235,2502.8830000000003
2023-07-22 22:00:00+02:00,53.0,6.1,1666.5269999999998,2498.2285
2023-07-22 23:00:00+02:00,53.0,11.5,1669.3570000000002,2502.2735
2023-07-23 00:00:00+02:00,53.0,18.6,1669.1545,2502.487
2023-07-23 01:00:00+02:00,53.0,16.8,1668.8545,2502.074
2023-07-23 02:00:00+02:00,53.0,17.8,1659.4505,2487.713
2023-07-23 03:00:00+02:00,53.0,25.8,1632.167,2446.082
2023-07-23 04:00:00+02:00,53.0,11.7,1525.9085,2287.3905
2023-07-23 05:00:00+02:00,53.0,6.0,1590.0145,2383.783
2023-07-23 06:00:00+02:00,53.0,5.3,1649.8555,2473.083
2023-07-23 07:00:00+02:00,53.0,5.7,1670.89,2504.2245000000003
2023-07-23 08:00:00+02:00,53.0,4.0,1673.3004999999998,2506.5
2023-07-23 09:00:00+02:00,53.0,5.1,1674.496,2507.422
2023-07-23 10:00:00+02:00,53.0,4.9,1674.377,2508.117
2023-07-23 11:00:00+02:00,53.0,2.7,1668.68,2501.01
2023-07-23 12:00:00+02:00,53.0,2.2,1656.349,2482.8565
2023-07-23 13:00:00+02:00,53.0,2.2,1669.6650000000002,2502.9125
2023-07-23 14:00:00+02:00,53.0,3.0,1671.1025,2504.4085
2023-07-23 15:00:00+02:00,53.0,3.7,1673.6554999999998,2506.953
2023-07-23 16:00:00+02:00,53.0,3.6,1672.8190000000002,2506.1195
2023-07-23 17:00:00+02:00,53.0,3.7,1673.9285,2507.3255
2023-07-23 18:00:00+02:00,53.0,4.1,1674.2614999999998,2507.565
2023-07-23 19:00:00+02:00,53.0,4.7,1675.287,2508.5295
2023-07-23 20:00:00+02:00,53.0,5.4,1676.9535,2510.49
2023-07-23 21:00:00+02:00,53.0,7.0,1678.8645,2512.59
2023-07-23 22:00:00+02:00,53.0,7.9,1679.1229999999998,2513.01
2023-07-23 23:00:00+02:00,53.0,6.2,1677.593,2510.957
2023-07-24 00:00:00+02:00,53.0,6.3,1677.8665,2511.481
2023-07-24 01:00:00+02:00,53.0,6.2,1677.3970000000002,2511.0075
2023-07-24 02:00:00+02:00,53.0,7.8,1655.692,2478.536
2023-07-24 03:00:00+02:00,53.0,4.6,1675.409,2508.6425
2023-07-24 04:00:00+02:00,53.0,4.6,1675.752,2509.1295
2023-07-24 05:00:00+02:00,53.0,5.7,1677.025,2510.364
2023-07-24 06:00:00+02:00,53.0,5.4,1677.1365,2510.596
2023-07-24 07:00:00+02:00,53.0,5.8,1677.262,2510.5935
2023-07-24 08:00:00+02:00,53.0,7.9,1679.6,2513.1115
2023-07-24 09:00:00+02:00,53.0,8.2,1679.5465000000002,2513.337
2023-07-24 10:00:00+02:00,53.0,7.0,1678.379,2511.9635000000003
2023-07-24 11:00:00+02:00,53.0,5.6,1676.21,2509.429
2023-07-24 12:00:00+02:00,53.0,3.9,1673.4435,2506.7625000000003
2023-07-24 13:00:00+02:00,53.0,4.4,1674.8465,2508.24
2023-07-24 14:00:00+02:00,53.0,4.8,1674.8655,2508.1435
2023-07-24 15:00:00+02:00,53.0,4.8,1659.029,2485.1505
2023-07-24 16:00:00+02:00,53.0,6.0,1639.936,2455.7735
2023-07-24 17:00:00+02:00,53.0,5.5,1640.5305,2456.4475
2023-07-24 18:00:00+02:00,53.0,4.7,1663.7555,2491.359
2023-07-24 19:00:00+02:00,53.0,5.7,1677.0795,2510.4840000000004
2023-07-24 20:00:00+02:00,53.0,7.3,1679.2555,2512.6580000000004
2023-07-24 21:00:00+02:00,53.0,10.5,1683.2125,2518.4145
2023-07-24 22:00:00+02:00,53.0,8.3,1680.3090000000002,2513.8745
2023-07-24 23:00:00+02:00,53.0,7.7,1679.7755,2513.229
2023-07-25 00:00:00+02:00,53.0,6.3,1672.0555,2503.7535
2023-07-25 01:00:00+02:00,53.0,2.1,1669.0215,2502.4005
2023-07-25 02:00:00+02:00,53.0,2.1,1669.205,2502.565
2023-07-25 03:00:00+02:00,53.0,2.2,1669.4299999999998,2502.8705
2023-07-25 04:00:00+02:00,53.0,2.9,1670.9075,2504.2405000000003
2023-07-25 05:00:00+02:00,53.0,3.4,1672.541,2505.85
2023-07-25 06:00:00+02:00,53.0,4.4,1675.1055,2508.5045
2023-07-25 07:00:00+02:00,53.0,4.2,1674.711,2508.029
2023-07-25 08:00:00+02:00,53.0,7.2,1679.2904999999998,2512.954
2023-07-25 09:00:00+02:00,53.0,11.0,1683.243,2518.667
2023-07-25 10:00:00+02:00,53.0,7.2,1679.1115,2512.655
2023-07-25 11:00:00+02:00,53.0,5.0,1675.4399999999998,2509.0045
2023-07-25 12:00:00+02:00,53.0,1.9,1669.4265,2503.066
2023-07-25 13:00:00+02:00,53.0,2.1,1669.5134999999998,2502.7455
2023-07-25 14:00:00+02:00,53.0,1.8,1667.6005,2500.2560000000003
2023-07-25 15:00:00+02:00,53.0,1.8,1669.2179999999998,2502.525
2023-07-25 16:00:00+02:00,53.0,2.2,1670.414,2503.7380000000003
2023-07-25 17:00:00+02:00,53.0,3.5,1673.1355,2506.5930000000003
2023-07-25 18:00:00+02:00,53.0,2.3,1670.4955,2503.9350000000004
2023-07-25 19:00:00+02:00,53.0,1.9,1669.415,2502.782
2023-07-25 20:00:00+02:00,53.0,2.9,1671.239,2504.746
2023-07-25 21:00:00+02:00,53.0,3.1,1672.2240000000002,2505.6315
2023-07-25 22:00:00+02:00,53.0,2.6,1670.4399999999998,2503.8005
2023-07-25 23:00:00+02:00,53.0,5.3,1582.105,2370.838
2023-07-26 00:00:00+02:00,53.0,2.9,1670.5685,2504.2515
2023-07-26 01:00:00+02:00,53.0,2.1,1669.4740000000002,2502.692
2023-07-26 02:00:00+02:00,53.0,7.2,1610.0490000000002,2413.501
2023-07-26 03:00:00+02:00,53.0,10.9,1318.47,1977.5385
2023-07-26 04:00:00+02:00,53.0,1.2,1662.0145,2492.9715
2023-07-26 05:00:00+02:00,53.0,0.9,1667.393,2500.71
2023-07-26 06:00:00+02:00,53.0,2.0,1669.9154999999998,2503.2245
2023-07-26 07:00:00+02:00,53.0,2.0,1669.698,2503.2445
2023-07-26 08:00:00+02:00,53.0,2.7,1671.133,2504.4215
2023-07-26 09:00:00+02:00,53.0,3.3,1672.905,2506.288
2023-07-26 10:00:00+02:00,53.0,1.9,1669.5594999999998,2502.854
2023-07-26 11:00:00+02:00,53.0,3.7,1671.872,2506.378
2023-07-26 12:00:00+02:00,53.0,1.4,1668.7455,2502.2515
2023-07-26 13:00:00+02:00,53.0,0.6,1666.5075000000002,2499.8245
2023-07-26 14:00:00+02:00,53.0,0.7,1662.701,2494.0315
2023-07-26 15:00:00+02:00,53.0,1.2,1667.7735,2501.1495
2023-07-26 16:00:00+02:00,53.0,0.8,1666.8675,2500.1165
2023-07-26 17:00:00+02:00,53.0,1.0,1667.3555,2500.8995
2023-07-26 18:00:00+02:00,53.0,1.1,1667.809,2501.185
2023-07-26 19:00:00+02:00,53.0,3.1,1624.2755000000002,2435.821
2023-07-26 20:00:00+02:00,53.0,1.9,1669.339,2502.833
2023-07-26 21:00:00+02:00,53.0,0.7,1666.741,2500.1125
2023-07-26 22:00:00+02:00,53.0,0.6,1666.7985,2500.134
2023-07-26 23:00:00+02:00,53.0,1.1,1667.3765,2500.9685
2023-07-27 00:00:00+02:00,53.0,0.7,1666.72,2500.0715
2023-07-27 01:00:00+02:00,53.0,0.2,1665.8515,2499.0785
2023-07-27 02:00:00+02:00,53.0,0.3,1665.7345,2498.9205
2023-07-27 03:00:00+02:00,53.0,0.3,1666.0705,2499.3435000000004
2023-07-27 04:00:00+02:00,53.0,0.2,1665.9344999999998,2499.217
2023-07-27 05:00:00+02:00,53.0,0.3,1666.204,2499.575
2023-07-27 06:00:00+02:00,53.0,0.4,1666.4395,2499.871
2023-07-27 07:00:00+02:00,53.0,0.6,1666.8475,2500.2045000000003
2023-07-27 08:00:00+02:00,53.0,0.4,1666.2065,2499.485
2023-07-27 09:00:00+02:00,53.0,0.9,1666.9905,2500.1495
2023-07-27 10:00:00+02:00,53.0,0.9,1667.0085,2500.159
2023-07-27 11:00:00+02:00,53.0,1.2,1667.8885,2501.2095
2023-07-27 12:00:00+02:00,53.0,0.7,1666.76,2500.0515
2023-07-27 13:00:00+02:00,53.0,0.6,1666.7455,2500.1130000000003
2023-07-27 14:00:00+02:00,53.0,0.9,1667.409,2500.6475
2023-07-27 15:00:00+02:00,53.0,1.2,1667.7395,2500.8715
2023-07-27 16:00:00+02:00,53.0,0.9,1667.3735,2500.677
2023-07-27 17:00:00+02:00,53.0,0.8,1666.8595,2500.1905
2023-07-27 18:00:00+02:00,53.0,1.0,1667.8670000000002,2501.348
2023-07-27 19:00:00+02:00,53.0,1.5,1669.133,2502.659
2023-07-27 20:00:00+02:00,53.0,1.7,1669.3590000000002,2502.7345
2023-07-27 21:00:00+02:00,53.0,1.6,1668.74,2501.9725
2023-07-27 22:00:00+02:00,53.0,3.1,1671.995,2505.3535
2023-07-27 23:00:00+02:00,53.0,2.2,1669.8970000000002,2503.287
2023-07-28 00:00:00+02:00,53.0,1.4,1668.3545,2501.6105
2023-07-28 01:00:00+02:00,53.0,1.0,1667.9175,2501.2875
2023-07-28 02:00:00+02:00,53.0,1.3,1668.5545,2501.982
2023-07-28 03:00:00+02:00,53.0,0.6,1666.7569999999998,2500.0395
2023-07-28 04:00:00+02:00,53.0,0.7,1667.4225,2500.8795
2023-07-28 05:00:00+02:00,53.0,0.6,1666.895,2500.2435
2023-07-28 06:00:00+02:00,53.0,0.8,1667.486,2500.847
2023-07-28 07:00:00+02:00,53.0,1.7,1669.2469999999998,2502.576
2023-07-28 08:00:00+02:00,53.0,2.5,1670.4835,2503.727
2023-07-28 09:00:00+02:00,53.0,3.3,1672.147,2505.4370000000004
2023-07-28 10:00:00+02:00,53.0,2.6,1670.559,2503.8965000000003
2023-07-28 11:00:00+02:00,53.0,1.7,1669.079,2502.3575
2023-07-28 12:00:00+02:00,53.0,0.8,1666.926,2500.1380000000004
2023-07-28 13:00:00+02:00,53.0,1.1,1667.7415,2501.087
2023-07-28 14:00:00+02:00,53.0,0.8,1667.122,2500.411
2023-07-28 15:00:00+02:00,53.0,1.2,1667.6055,2500.7275
2023-07-28 16:00:00+02:00,53.0,0.8,1667.138,2500.5355
2023-07-28 17:00:00+02:00,53.0,0.8,1667.107,2500.3445
2023-07-28 18:00:00+02:00,53.0,1.0,1667.6685,2501.056
2023-07-28 19:00:00+02:00,53.0,1.8,1669.346,2502.6935000000003
2023-07-28 20:00:00+02:00,53.0,2.5,1670.521,2503.9315
2023-07-28 21:00:00+02:00,53.0,2.5,1670.9305,2504.348
2023-07-28 22:00:00+02:00,53.0,3.6,1673.662,2507.0835
2023-07-28 23:00:00+02:00,53.0,2.7,1670.7965,2504.0575
2023-07-29 00:00:00+02:00,53.0,2.4,1670.236,2503.5735
2023-07-29 01:00:00+02:00,53.0,3.0,1671.369,2505.1765
2023-07-29 02:00:00+02:00,53.0,1.9,1669.2255,2502.518
2023-07-29 03:00:00+02:00,53.0,1.8,1669.064,2502.264
2023-07-29 04:00:00+02:00,53.0,2.9,1671.3715,2505.1945
2023-07-29 05:00:00+02:00,53.0,1.6,1668.928,2502.2885
2023-07-29 06:00:00+02:00,53.0,1.9,1669.311,2502.616
2023-07-29 07:00:00+02:00,53.0,2.3,1670.2324999999998,2503.52
2023-07-29 08:00:00+02:00,53.0,3.0,1671.5435,2504.819
2023-07-29 09:00:00+02:00,53.0,4.6,1674.6485,2508.208
2023-07-29 10:00:00+02:00,53.0,1.8,1669.452,2502.7885
2023-07-29 11:00:00+02:00,53.0,1.8,1669.7015,2503.155
2023-07-29 12:00:00+02:00,53.0,1.8,1669.086,2502.3075
2023-07-29 13:00:00+02:00,53.0,2.1,1669.7785,2503.1295
2023-07-29 14:00:00+02:00,53.0,2.4,1670.2185000000002,2503.5085
2023-07-29 15:00:00+02:00,53.0,2.6,1671.2195,2504.6815
2023-07-29 16:00:00+02:00,53.0,2.6,1670.626,2503.932
2023-07-29 17:00:00+02:00,53.0,3.3,1672.7895,2506.1935000000003
2023-07-29 18:00:00+02:00,53.0,2.7,1671.255,2504.688
2023-07-29 19:00:00+02:00,53.0,3.5,1673.977,2507.4075
2023-07-29 20:00:00+02:00,53.0,4.5,1676.3405,2509.7285
2023-07-29 21:00:00+02:00,53.0,10.6,1683.231,2518.761
2023-07-29 22:00:00+02:00,53.0,9.2,1681.5535,2515.6915
2023-07-29 23:00:00+02:00,53.0,7.9,1680.658,2515.054
2023-07-30 00:00:00+02:00,53.0,7.1,1679.438,2513.4445
2023-07-30 01:00:00+02:00,53.0,6.0,1678.138,2512.1985
2023-07-30 02:00:00+02:00,53.0,5.4,1677.266,2510.9755
2023-07-30 03:00:00+02:00,53.0,5.3,1677.123,2510.8540000000003
2023-07-30 04:00:00+02:00,53.0,5.1,1676.782,2510.4545
2023-07-30 05:00:00+02:00,53.0,4.3,1675.6285,2508.9120000000003
2023-07-30 06:00:00+02:00,53.0,4.5,1676.3075,2509.6495
2023-07-30 07:00:00+02:00,53.0,4.0,1675.0605,2508.382
2023-07-30 08:00:00+02:00,53.0,6.5,1678.2865000000002,2512.614
2023-07-30 09:00:00+02:00,53.0,5.6,1677.7155,2511.2290000000003
2023-07-30 10:00:00+02:00,53.0,5.8,1677.4185,2511.159
2023-07-30 11:00:00+02:00,53.0,3.4,1672.819,2506.063
2023-07-30 12:00:00+02:00,53.0,2.7,1670.3495,2503.7265
2023-07-30 13:00:00+02:00,53.0,1.8,1669.263,2502.5335
2023-07-30 14:00:00+02:00,53.0,1.8,1669.211,2502.5855
2023-07-30 15:00:00+02:00,53.0,3.4,1672.8895,2506.1505
2023-07-30 16:00:00+02:00,53.0,2.4,1670.561,2503.7115
2023-07-30 17:00:00+02:00,53.0,3.3,1672.2845,2505.5285
2023-07-30 18:00:00+02:00,53.0,1.0,1667.7275,2501.1135
2023-07-30 19:00:00+02:00,53.0,0.8,1667.6585,2501.078
2023-07-30 20:00:00+02:00,53.0,1.6,1669.0855,2502.67
2023-07-30 21:00:00+02:00,53.0,2.0,1669.6105,2502.858
2023-07-30 22:00:00+02:00,53.0,2.1,1670.111,2503.61
2023-07-30 23:00:00+02:00,53.0,2.3,1670.312,2503.7795
2023-07-31 00:00:00+02:00,53.0,1.4,1668.542,2501.8625
2023-07-31 01:00:00+02:00,53.0,1.2,1668.3674999999998,2501.695
2023-07-31 02:00:00+02:00,53.0,1.3,1668.5785,2501.9535
2023-07-31 03:00:00+02:00,53.0,1.4,1668.8645,2502.166
2023-07-31 04:00:00+02:00,53.0,1.6,1669.4644999999998,2502.8985
2023-07-31 05:00:00+02:00,53.0,1.4,1668.6625,2501.96
2023-07-31 06:00:00+02:00,53.0,3.9,1671.904,2506.609
2023-07-31 07:00:00+02:00,53.0,2.0,1669.8585,2503.236
2023-07-31 08:00:00+02:00,53.0,2.1,1669.9065,2503.141
2023-07-31 09:00:00+02:00,53.0,2.7,1671.358,2504.626
2023-07-31 10:00:00+02:00,53.0,2.3,1669.9575,2503.2235
2023-07-31 11:00:00+02:00,53.0,1.8,1669.3115,2502.6845
2023-07-31 12:00:00+02:00,53.0,1.1,1667.772,2501.0905
2023-07-31 13:00:00+02:00,53.0,1.6,1668.567,2502.2645
2023-07-31 14:00:00+02:00,53.0,0.8,1667.3285,2500.757
2023-07-31 15:00:00+02:00,53.0,1.0,1667.681,2501.0065
2023-07-31 16:00:00+02:00,53.0,1.5,1668.684,2502.0125
2023-07-31 17:00:00+02:00,53.0,1.2,1667.9915,2501.2005
2023-07-31 18:00:00+02:00,53.0,1.2,1668.185,2501.5555
2023-07-31 19:00:00+02:00,53.0,2.2,1669.851,2503.175
2023-07-31 20:00:00+02:00,53.0,3.7,1672.963,2506.413
2023-07-31 21:00:00+02:00,53.0,5.5,1676.9295,2510.626
2023-07-31 22:00:00+02:00,53.0,3.7,1673.827,2507.1805
2023-07-31 23:00:00+02:00,53.0,5.2,1674.854,2509.3835
2023-08-01 00:00:00+02:00,53.0,3.3,1671.658,2505.2200000000003
2023-08-01 01:00:00+02:00,53.0,2.6,1670.764,2504.1935000000003
2023-08-01 02:00:00+02:00,53.0,3.2,1671.2040000000002,2504.6915000000004
2023-08-01 03:00:00+02:00,53.0,2.8,1671.2320000000002,2504.61
2023-08-01 04:00:00+02:00,53.0,3.5,1672.044,2505.846
2023-08-01 05:00:00+02:00,53.0,4.1,1672.557,2506.6945
2023-08-01 06:00:00+02:00,53.0,3.1,1672.0175,2505.3855000000003
2023-08-01 07:00:00+02:00,53.0,3.4,1673.2285000000002,2506.512
2023-08-01 08:00:00+02:00,53.0,4.8,1676.4555,2509.8325000000004
2023-08-01 09:00:00+02:00,53.0,4.2,1674.9285,2508.1985
2023-08-01 10:00:00+02:00,53.0,4.1,1674.4795,2507.6875
2023-08-01 11:00:00+02:00,53.0,4.0,1674.6074999999998,2507.99
2023-08-01 12:00:00+02:00,53.0,4.3,1675.0739999999998,2508.29
2023-08-01 13:00:00+02:00,53.0,5.0,1676.6195,2510.059
2023-08-01 14:00:00+02:00,53.0,3.7,1673.3385,2506.4215
2023-08-01 15:00:00+02:00,53.0,3.3,1672.7430000000002,2506.0575
2023-08-01 16:00:00+02:00,53.0,3.7,1674.1465,2507.568
2023-08-01 17:00:00+02:00,53.0,4.4,1675.57,2508.891
2023-08-01 18:00:00+02:00,53.0,5.4,1677.973,2511.3915
2023-08-01 19:00:00+02:00,53.0,5.9,1678.6925,2512.2885
2023-08-01 20:00:00+02:00,53.0,8.1,1680.7495,2514.884
2023-08-01 21:00:00+02:00,53.0,1.4,1668.5495,2501.8920000000003
2023-08-01 22:00:00+02:00,53.0,0.5,1666.547,2499.947
2023-08-01 23:00:00+02:00,53.0,0.2,1666.2975,2499.7125
2023-08-02 00:00:00+02:00,53.0,1.0,1667.594,2501.3740000000003
2023-08-02 01:00:00+02:00,53.0,0.1,1666.052,2499.3855
2023-08-02 02:00:00+02:00,53.0,0.1,1666.0595,2499.393
2023-08-02 03:00:00+02:00,53.0,0.1,1666.055,2499.388
2023-08-02 04:00:00+02:00,53.0,0.2,1666.021,2499.332
2023-08-02 05:00:00+02:00,53.0,0.2,1666.3205,2499.7155
2023-08-02 06:00:00+02:00,53.0,0.3,1666.043,2499.3305
2023-08-02 07:00:00+02:00,53.0,1.1,1668.047,2501.491
2023-08-02 08:00:00+02:00,53.0,2.1,1669.49,2502.9885
2023-08-02 09:00:00+02:00,53.0,1.3,1668.044,2501.3525
2023-08-02 10:00:00+02:00,53.0,1.1,1667.438,2500.647
2023-08-02 11:00:00+02:00,53.0,0.8,1667.1935,2500.5475
2023-08-02 12:00:00+02:00,53.0,1.1,1667.4855,2500.7215
2023-08-02 13:00:00+02:00,53.0,0.6,1666.4405000000002,2499.7015
2023-08-02 14:00:00+02:00,53.0,0.9,1666.933,2500.118
2023-08-02 15:00:00+02:00,53.0,0.9,1667.503,2500.9535
2023-08-02 16:00:00+02:00,53.0,1.3,1668.6695,2502.201
2023-08-02 17:00:00+02:00,53.0,1.3,1668.1535,2501.3985
2023-08-02 18:00:00+02:00,53.0,1.3,1668.773,2502.218
2023-08-02 19:00:00+02:00,53.0,1.6,1669.131,2502.3955
2023-08-02 20:00:00+02:00,53.0,2.4,1671.462,2504.8545
2023-08-02 21:00:00+02:00,53.0,3.9,1675.5015,2509.036
2023-08-02 22:00:00+02:00,53.0,4.9,1676.486,2510.5155
2023-08-02 23:00:00+02:00,53.0,3.7,1675.1765,2508.8035000000004
2023-08-03 00:00:00+02:00,53.0,3.3,1673.651,2506.9925
2023-08-03 01:00:00+02:00,53.0,3.0,1672.7810000000002,2506.1085000000003
2023-08-03 02:00:00+02:00,53.0,3.7,1675.112,2508.5145
2023-08-03 03:00:00+02:00,53.0,3.3,1674.2334999999998,2507.563
2023-08-03 04:00:00+02:00,53.0,3.5,1674.7545,2508.085
2023-08-03 05:00:00+02:00,53.0,3.6,1674.789,2508.064
2023-08-03 06:00:00+02:00,53.0,4.4,1676.0,2509.2615
2023-08-03 07:00:00+02:00,53.0,6.4,1678.97,2512.691
2023-08-03 08:00:00+02:00,53.0,4.4,1674.5045,2507.895
2023-08-03 09:00:00+02:00,53.0,2.8,1670.7775,2503.9585
2023-08-03 10:00:00+02:00,53.0,2.5,1670.022,2503.2665
2023-08-03 11:00:00+02:00,53.0,2.1,1669.531,2502.921
2023-08-03 12:00:00+02:00,53.0,2.0,1669.1475,2502.409
2023-08-03 13:00:00+02:00,53.0,2.9,1671.0155,2504.192
2023-08-03 14:00:00+02:00,53.0,2.7,1669.5255,2502.2475000000004
2023-08-03 15:00:00+02:00,53.0,3.0,1661.112,2489.3885
2023-08-03 16:00:00+02:00,53.0,2.5,1667.37,2499.3975
2023-08-03 17:00:00+02:00,53.0,3.6,1672.186,2505.501
2023-08-03 18:00:00+02:00,53.0,3.8,1674.2225,2507.644
2023-08-03 19:00:00+02:00,53.0,9.0,1681.155,2516.232
2023-08-03 20:00:00+02:00,53.0,6.4,1678.237,2512.161
2023-08-03 21:00:00+02:00,53.0,5.7,1677.9855,2511.5955
2023-08-03 22:00:00+02:00,53.0,8.0,1680.1125,2514.5245
2023-08-03 23:00:00+02:00,53.0,6.3,1678.628,2512.14
2023-08-04 00:00:00+02:00,53.0,6.9,1678.725,2512.9765
2023-08-04 01:00:00+02:00,53.0,5.3,1677.1565,2510.5305
2023-08-04 02:00:00+02:00,53.0,6.7,1678.295,2512.815
2023-08-04 03:00:00+02:00,53.0,4.7,1676.053,2509.346
2023-08-04 04:00:00+02:00,53.0,5.6,1675.8795,2510.022
2023-08-04 05:00:00+02:00,53.0,5.0,1676.645,2510.1795
2023-08-04 06:00:00+02:00,53.0,6.0,1678.4350000000002,2512.1925
2023-08-04 07:00:00+02:00,53.0,6.1,1678.147,2511.599
2023-08-04 08:00:00+02:00,53.0,5.7,1677.849,2511.3140000000003
2023-08-04 09:00:00+02:00,53.0,7.7,1679.7745,2513.3880000000004
2023-08-04 10:00:00+02:00,53.0,5.7,1677.4925,2524.9095
2023-08-04 11:00:00+02:00,53.0,4.5,1675.2645,2508.9255000000003
2023-08-04 12:00:00+02:00,53.0,4.3,1675.241,2508.5985
2023-08-04 13:00:00+02:00,53.0,4.8,1676.0075000000002,2509.2815
2023-08-04 14:00:00+02:00,53.0,4.2,1674.724,2508.152
2023-08-04 15:00:00+02:00,53.0,3.8,1673.515,2506.9685
2023-08-04 16:00:00+02:00,53.0,3.8,1673.526,2507.125
2023-08-04 17:00:00+02:00,53.0,3.2,1672.287,2505.6155
2023-08-04 18:00:00+02:00,53.0,3.1,1671.7375000000002,2505.0905
2023-08-04 19:00:00+02:00,53.0,4.4,1673.2389999999998,2507.315
2023-08-04 20:00:00+02:00,53.0,5.2,1673.944,2508.6735000000003
2023-08-04 21:00:00+02:00,53.0,6.0,1675.518,2510.4975
2023-08-04 22:00:00+02:00,53.0,1.7,1668.5935,2501.8765
2023-08-04 23:00:00+02:00,53.0,2.9,1669.4365,2504.055
2023-08-05 00:00:00+02:00,53.0,0.2,1666.342,2499.743
2023-08-05 01:00:00+02:00,53.0,0.8,1667.0369999999998,2500.5805
2023-08-05 02:00:00+02:00,53.0,0.8,1667.224,2500.701
2023-08-05 03:00:00+02:00,53.0,0.9,1666.9979999999998,2500.584
2023-08-05 04:00:00+02:00,53.0,0.0,1666.172,2499.5655
2023-08-05 05:00:00+02:00,53.0,0.8,1667.3765,2500.78
2023-08-05 06:00:00+02:00,53.0,0.5,1666.682,2500.1275
2023-08-05 07:00:00+02:00,53.0,0.9,1667.5535,2500.9235000000003
2023-08-05 08:00:00+02:00,53.0,4.2,1673.8165,2507.3825
2023-08-05 09:00:00+02:00,53.0,1.2,1668.1665,2501.755
2023-08-05 10:00:00+02:00,53.0,1.4,1668.2955,2501.554
2023-08-05 11:00:00+02:00,53.0,2.5,1670.526,2504.233
2023-08-05 12:00:00+02:00,53.0,4.0,1671.783,2506.299
2023-08-05 13:00:00+02:00,53.0,2.4,1670.2905,2503.8735
2023-08-05 14:00:00+02:00,53.0,2.6,1670.3825000000002,2504.1035
2023-08-05 15:00:00+02:00,53.0,2.3,1670.452,2503.7995
2023-08-05 16:00:00+02:00,53.0,2.4,1670.572,2503.955
2023-08-05 17:00:00+02:00,53.0,1.6,1668.9625,2502.3065
2023-08-05 18:00:00+02:00,53.0,2.4,1670.1605,2503.587
2023-08-05 19:00:00+02:00,53.0,1.4,1668.467,2501.771
2023-08-05 20:00:00+02:00,53.0,2.8,1670.4365,2504.335
2023-08-05 21:00:00+02:00,53.0,1.4,1668.6275,2502.0095
2023-08-05 22:00:00+02:00,53.0,1.1,1667.6575,2500.8835
2023-08-05 23:00:00+02:00,53.0,1.6,1668.0645,2501.7745
2023-08-06 00:00:00+02:00,53.0,0.5,1666.505,2499.929
2023-08-06 01:00:00+02:00,53.0,0.6,1666.682,2500.0405
2023-08-06 02:00:00+02:00,53.0,2.4,1669.7050000000002,2503.5875
2023-08-06 03:00:00+02:00,53.0,0.9,1667.034,2500.334
2023-08-06 04:00:00+02:00,53.0,3.8,1670.9315,2505.7985000000003
2023-08-06 05:00:00+02:00,53.0,1.5,1668.0155,2501.608
2023-08-06 06:00:00+02:00,53.0,1.0,1667.326,2500.7865
2023-08-06 07:00:00+02:00,53.0,1.6,1668.1315000000002,2502.096
2023-08-06 08:00:00+02:00,53.0,0.6,1666.721,2500.2185
2023-08-06 09:00:00+02:00,53.0,0.3,1666.1339999999998,2499.44
2023-08-06 10:00:00+02:00,53.0,1.0,1667.378,2500.996
2023-08-06 11:00:00+02:00,53.0,0.6,1666.823,2500.2865
2023-08-06 12:00:00+02:00,53.0,0.3,1666.5295,2499.9005
2023-08-06 13:00:00+02:00,53.0,1.1,1667.589,2501.4280000000003
2023-08-06 14:00:00+02:00,53.0,2.4,1668.712,2503.1275
2023-08-06 15:00:00+02:00,53.0,0.6,1667.0365,2500.476
2023-08-06 16:00:00+02:00,53.0,0.7,1666.6895,2499.9880000000003
2023-08-06 17:00:00+02:00,53.0,0.2,1665.674,2498.8165
2023-08-06 18:00:00+02:00,53.0,0.2,1666.021,2499.2795
2023-08-06 19:00:00+02:00,53.0,1.1,1667.8715,2501.4965
2023-08-06 20:00:00+02:00,53.0,3.8,1671.0175000000002,2505.992
2023-08-06 21:00:00+02:00,53.0,1.8,1668.5615,2502.0115
2023-08-06 22:00:00+02:00,53.0,1.6,1668.231,2502.1045
2023-08-06 23:00:00+02:00,53.0,1.0,1667.076,2500.48
2023-08-07 00:00:00+02:00,53.0,0.8,1667.193,2500.5275
2023-08-07 01:00:00+02:00,53.0,1.7,1668.0075000000002,2502.112
2023-08-07 02:00:00+02:00,53.0,0.1,1665.8375,2499.0805
2023-08-07 03:00:00+02:00,53.0,0.1,1666.035,2499.32
2023-08-07 04:00:00+02:00,53.0,0.1,1665.984,2499.304
2023-08-07 05:00:00+02:00,53.0,0.1,1665.989,2499.288
2023-08-07 06:00:00+02:00,53.0,0.5,1666.382,2499.7125
2023-08-07 07:00:00+02:00,53.0,0.5,1666.2765,2499.5225
2023-08-07 08:00:00+02:00,53.0,1.9,1668.9795,2502.256
2023-08-07 09:00:00+02:00,53.0,0.6,1666.78,2500.1145
2023-08-07 10:00:00+02:00,53.0,1.0,1667.464,2500.75
2023-08-07 11:00:00+02:00,53.0,0.9,1667.247,2500.5310000000004
2023-08-07 12:00:00+02:00,53.0,1.0,1667.403,2500.619
2023-08-07 13:00:00+02:00,53.0,0.7,1667.223,2500.648
2023-08-07 14:00:00+02:00,53.0,0.6,1666.5665,2499.8455
2023-08-07 15:00:00+02:00,53.0,0.2,1666.273,2499.681
2023-08-07 16:00:00+02:00,53.0,0.5,1666.6355,2499.9765
2023-08-07 17:00:00+02:00,53.0,1.2,1668.0665,2501.9015
2023-08-07 18:00:00+02:00,53.0,1.1,1667.5375,2501.115
2023-08-07 19:00:00+02:00,53.0,1.1,1667.527,2500.8610000000003
2023-08-07 20:00:00+02:00,53.0,0.8,1666.895,2500.3705
2023-08-07 21:00:00+02:00,53.0,0.5,1667.0114999999998,2500.465
2023-08-07 22:00:00+02:00,53.0,0.1,1665.8545,2499.091
2023-08-07 23:00:00+02:00,53.0,0.2,1666.294,2499.7375
2023-08-08 00:00:00+02:00,53.0,0.4,1666.473,2499.8775
2023-08-08 01:00:00+02:00,53.0,0.7,1666.9534999999998,2500.411
2023-08-08 02:00:00+02:00,53.0,0.1,1665.9495,2499.276
2023-08-08 03:00:00+02:00,53.0,0.5,1666.62,2500.08
2023-08-08 04:00:00+02:00,53.0,0.1,1666.271,2499.723
2023-08-08 05:00:00+02:00,53.0,0.2,1666.333,2499.7655
2023-08-08 06:00:00+02:00,53.0,0.7,1667.2885,2500.7495
2023-08-08 07:00:00+02:00,53.0,0.5,1666.268,2499.4790000000003
2023-08-08 08:00:00+02:00,53.0,2.7,1670.2195,2503.5755
2023-08-08 09:00:00+02:00,53.0,2.2,1669.624,2503.0855
2023-08-08 10:00:00+02:00,53.0,1.4,1668.3735,2501.677
2023-08-08 11:00:00+02:00,53.0,0.8,1666.886,2500.1130000000003
2023-08-08 12:00:00+02:00,53.0,0.8,1666.7175000000002,2499.862
2023-08-08 13:00:00+02:00,53.0,0.5,1666.448,2499.822
2023-08-08 14:00:00+02:00,53.0,0.4,1666.09,2499.2845
2023-08-08 15:00:00+02:00,53.0,0.4,1666.4205,2499.7905
2023-08-08 16:00:00+02:00,53.0,0.3,1666.172,2499.552
2023-08-08 17:00:00+02:00,53.0,0.3,1666.2245,2499.6075
2023-08-08 18:00:00+02:00,53.0,0.6,1666.7065,2500.1330000000003
2023-08-08 19:00:00+02:00,53.0,1.4,1668.4915,2502.1655
2023-08-08 20:00:00+02:00,53.0,2.0,1670.011,2503.4460000000004
2023-08-08 21:00:00+02:00,53.0,2.0,1669.7244999999998,2503.1095
2023-08-08 22:00:00+02:00,53.0,1.8,1669.351,2502.701
2023-08-08 23:00:00+02:00,53.0,2.4,1670.2565,2503.5065
2023-08-09 00:00:00+02:00,53.0,1.8,1669.5355,2502.905
2023-08-09 01:00:00+02:00,53.0,3.5,1672.3315,2506.682
2023-08-09 02:00:00+02:00,53.0,1.5,1669.322,2502.7975
2023-08-09 03:00:00+02:00,53.0,2.7,1670.638,2504.4435
2023-08-09 04:00:00+02:00,53.0,2.3,1670.4254999999998,2504.3880000000004
2023-08-09 05:00:00+02:00,53.0,1.4,1669.02,2502.458
2023-08-09 06:00:00+02:00,53.0,1.9,1670.106,2503.5665
2023-08-09 07:00:00+02:00,53.0,1.8,1669.799,2503.219
2023-08-09 08:00:00+02:00,53.0,3.1,1672.4725,2505.685
2023-08-09 09:00:00+02:00,53.0,3.2,1672.6895,2506.045
2023-08-09 10:00:00+02:00,53.0,3.2,1672.285,2505.719
2023-08-09 11:00:00+02:00,53.0,3.4,1672.9925,2506.2685
2023-08-09 12:00:00+02:00,53.0,2.7,1671.307,2504.752
2023-08-09 13:00:00+02:00,53.0,2.4,1670.7524999999998,2504.1015
2023-08-09 14:00:00+02:00,53.0,2.4,1670.97,2504.2325
2023-08-09 15:00:00+02:00,53.0,2.1,1670.522,2503.923
2023-08-09 16:00:00+02:00,53.0,1.9,1670.178,2503.577
2023-08-09 17:00:00+02:00,53.0,1.6,1669.382,2502.7290000000003
2023-08-09 18:00:00+02:00,53.0,2.3,1670.1360000000002,2503.4885
2023-08-09 19:00:00+02:00,53.0,2.8,1672.1664999999998,2505.6
2023-08-09 20:00:00+02:00,53.0,3.7,1674.685,2508.1895000000004
2023-08-09 21:00:00+02:00,53.0,5.0,1675.9675,2509.9500000000003
2023-08-09 22:00:00+02:00,53.0,3.9,1675.4175,2508.851
2023-08-09 23:00:00+02:00,53.0,4.3,1675.2885,2508.9410000000003
2023-08-10 00:00:00+02:00,53.0,4.2,1674.902,2508.569
2023-08-10 01:00:00+02:00,53.0,5.6,1676.494,2511.128
2023-08-10 02:00:00+02:00,53.0,4.5,1675.0805,2509.1545
2023-08-10 03:00:00+02:00,53.0,3.6,1674.198,2507.551
2023-08-10 04:00:00+02:00,53.0,3.7,1674.7820000000002,2508.212
2023-08-10 05:00:00+02:00,53.0,4.1,1675.2775,2508.5915
2023-08-10 06:00:00+02:00,53.0,4.6,1676.096,2509.5335
2023-08-10 07:00:00+02:00,53.0,5.0,1676.975,2510.551
2023-08-10 08:00:00+02:00,53.0,5.0,1676.65,2509.91
2023-08-10 09:00:00+02:00,53.0,5.2,1677.3845,2510.6825000000003
2023-08-10 10:00:00+02:00,53.0,5.5,1677.6954999999998,2510.945
2023-08-10 11:00:00+02:00,53.0,4.8,1676.7505,2509.9755
2023-08-10 12:00:00+02:00,53.0,5.4,1678.0604999999998,2511.515
2023-08-10 13:00:00+02:00,53.0,5.6,1678.133,2511.485
2023-08-10 14:00:00+02:00,53.0,5.9,1678.5945,2512.2355
2023-08-10 15:00:00+02:00,53.0,5.1,1677.14,2510.4955
2023-08-10 16:00:00+02:00,53.0,5.1,1677.866,2511.5645
2023-08-10 17:00:00+02:00,53.0,9.8,1683.0635,2518.264
2023-08-10 18:00:00+02:00,53.0,7.8,1680.7535,2514.436
2023-08-10 19:00:00+02:00,53.0,7.7,1680.8135,2514.7665
2023-08-10 20:00:00+02:00,53.0,10.4,1683.7835,2519.319
2023-08-10 21:00:00+02:00,53.0,11.5,1684.597,2521.0185
2023-08-10 22:00:00+02:00,53.0,10.9,1684.21,2520.153
2023-08-10 23:00:00+02:00,53.0,11.1,1684.298,2520.357
2023-08-11 00:00:00+02:00,53.0,12.0,1685.2805,2522.0645000000004
2023-08-11 01:00:00+02:00,53.0,10.5,1683.4645,2518.9790000000003
2023-08-11 02:00:00+02:00,53.0,9.5,1682.3635,2517.028
2023-08-11 03:00:00+02:00,53.0,12.9,1686.2099999999998,2523.5735
2023-08-11 04:00:00+02:00,53.0,9.0,1681.958,2516.287
2023-08-11 05:00:00+02:00,53.0,9.6,1682.8190000000002,2517.8245
2023-08-11 06:00:00+02:00,53.0,9.7,1682.7095,2517.688
2023-08-11 07:00:00+02:00,53.0,9.2,1682.0715,2516.5145
2023-08-11 08:00:00+02:00,53.0,8.8,1681.798,2516.061
2023-08-11 09:00:00+02:00,53.0,9.4,1682.006,2516.5150000000003
2023-08-11 10:00:00+02:00,53.0,7.1,1679.7935,2513.3645
2023-08-11 11:00:00+02:00,53.0,3.7,1674.119,2507.4975
2023-08-11 12:00:00+02:00,53.0,2.0,1669.2455,2502.445
2023-08-11 13:00:00+02:00,53.0,1.7,1669.237,2502.592
2023-08-11 14:00:00+02:00,53.0,3.1,1671.7515,2505.279
2023-08-11 15:00:00+02:00,53.0,2.0,1669.914,2503.395
2023-08-11 16:00:00+02:00,53.0,1.6,1669.299,2502.709
2023-08-11 17:00:00+02:00,53.0,2.2,1669.9789999999998,2503.417
2023-08-11 18:00:00+02:00,53.0,2.1,1670.2769999999998,2503.71
2023-08-11 19:00:00+02:00,53.0,4.3,1674.6005,2507.983
2023-08-11 20:00:00+02:00,53.0,2.2,1670.0275,2503.356
2023-08-11 21:00:00+02:00,53.0,3.8,1673.5405,2506.8915
2023-08-11 22:00:00+02:00,53.0,4.2,1675.097,2508.6845
2023-08-11 23:00:00+02:00,53.0,3.9,1673.1785000000002,2506.96
2023-08-12 00:00:00+02:00,53.0,2.7,1670.809,2504.263
2023-08-12 01:00:00+02:00,53.0,3.0,1671.6465,2505.188
2023-08-12 02:00:00+02:00,53.0,2.7,1670.977,2504.64
2023-08-12 03:00:00+02:00,53.0,4.2,1672.48,2507.1925
2023-08-12 04:00:00+02:00,53.0,1.8,1669.5894999999998,2503.0285000000003
2023-08-12 05:00:00+02:00,53.0,1.9,1669.6675,2503.0585
2023-08-12 06:00:00+02:00,53.0,3.3,1671.876,2505.667
2023-08-12 07:00:00+02:00,53.0,2.5,1670.9225,2504.2835
2023-08-12 08:00:00+02:00,53.0,5.7,1675.4225,2510.0935
2023-08-12 09:00:00+02:00,53.0,5.4,1676.2025,2509.742
2023-08-12 10:00:00+02:00,53.0,3.1,1672.501,2505.7385
2023-08-12 11:00:00+02:00,53.0,3.2,1672.287,2505.643
2023-08-12 12:00:00+02:00,53.0,3.0,1671.635,2505.0775
2023-08-12 13:00:00+02:00,53.0,2.2,1670.227,2503.6025
2023-08-12 14:00:00+02:00,53.0,1.8,1669.1895,2502.5325000000003
2023-08-12 15:00:00+02:00,53.0,2.3,1670.2655,2503.503
2023-08-12 16:00:00+02:00,53.0,2.4,1670.508,2503.9595
2023-08-12 17:00:00+02:00,53.0,2.5,1670.1715000000002,2503.444
2023-08-12 18:00:00+02:00,53.0,2.5,1670.2965000000002,2503.5615
2023-08-12 19:00:00+02:00,53.0,3.1,1672.056,2505.5585
2023-08-12 20:00:00+02:00,53.0,6.5,1678.4565,2512.5295
2023-08-12 21:00:00+02:00,53.0,6.1,1678.45,2512.2975
2023-08-12 22:00:00+02:00,53.0,6.0,1678.0975,2512.1005
2023-08-12 23:00:00+02:00,53.0,6.0,1678.248,2512.02
2023-08-13 00:00:00+02:00,53.0,5.5,1677.368,2510.7215
2023-08-13 01:00:00+02:00,53.0,6.0,1677.7295,2511.465
2023-08-13 02:00:00+02:00,53.0,6.2,1678.26,2511.986
2023-08-13 03:00:00+02:00,53.0,6.3,1678.6005,2512.1005
2023-08-13 04:00:00+02:00,53.0,7.2,1679.3059999999998,2513.4895
2023-08-13 05:00:00+02:00,53.0,7.6,1679.9105000000002,2514.07
2023-08-13 06:00:00+02:00,53.0,7.5,1679.8165,2513.2740000000003
2023-08-13 07:00:00+02:00,53.0,8.1,1680.5965,2514.2875
2023-08-13 08:00:00+02:00,53.0,8.3,1680.9635,2514.8340000000003
2023-08-13 09:00:00+02:00,53.0,8.2,1680.603,2514.3720000000003
2023-08-13 10:00:00+02:00,53.0,8.5,1680.8875,2514.904
2023-08-13 11:00:00+02:00,53.0,7.4,1680.1795000000002,2514.0550000000003
2023-08-13 12:00:00+02:00,53.0,4.6,1676.394,2509.683
2023-08-13 13:00:00+02:00,53.0,3.8,1675.011,2508.4585
2023-08-13 14:00:00+02:00,53.0,3.9,1674.9995,2508.277
2023-08-13 15:00:00+02:00,53.0,5.1,1677.03,2510.3185
2023-08-13 16:00:00+02:00,53.0,5.1,1676.809,2510.3430000000003
2023-08-13 17:00:00+02:00,53.0,3.4,1674.3555,2507.803
2023-08-13 18:00:00+02:00,53.0,3.6,1673.772,2507.2
2023-08-13 19:00:00+02:00,53.0,3.7,1674.405,2507.8695
2023-08-13 20:00:00+02:00,53.0,5.2,1676.7714999999998,2510.6605
2023-08-13 21:00:00+02:00,53.0,5.5,1677.7199999999998,2511.1445000000003
2023-08-13 22:00:00+02:00,53.0,5.5,1677.931,2511.375
2023-08-13 23:00:00+02:00,53.0,6.2,1678.956,2512.871
2023-08-14 00:00:00+02:00,53.0,6.1,1678.531,2512.35
2023-08-14 01:00:00+02:00,53.0,6.7,1679.028,2513.1415
2023-08-14 02:00:00+02:00,53.0,5.9,1677.9905,2511.6265
2023-08-14 03:00:00+02:00,53.0,6.3,1678.4435,2512.313
2023-08-14 04:00:00+02:00,53.0,5.6,1677.937,2511.3675
2023-08-14 05:00:00+02:00,53.0,7.7,1679.781,2514.1605
2023-08-14 06:00:00+02:00,53.0,7.2,1679.9215,2513.8845
2023-08-14 07:00:00+02:00,53.0,7.7,1680.3285,2514.261
2023-08-14 08:00:00+02:00,53.0,8.2,1680.9135,2514.724
2023-08-14 09:00:00+02:00,53.0,8.5,1681.2575,2515.2995
2023-08-14 10:00:00+02:00,53.0,8.9,1681.3985,2515.6585
2023-08-14 11:00:00+02:00,53.0,8.3,1681.066,2515.0155
2023-08-14 12:00:00+02:00,53.0,7.7,1680.4105,2514.063
2023-08-14 13:00:00+02:00,53.0,8.0,1680.957,2514.951
2023-08-14 14:00:00+02:00,53.0,8.4,1680.399,2514.204
2023-08-14 15:00:00+02:00,53.0,7.1,1679.4855,2513.0235
2023-08-14 16:00:00+02:00,53.0,6.1,1678.6155,2512.1110000000003
2023-08-14 17:00:00+02:00,53.0,6.9,1679.1355,2512.648
2023-08-14 18:00:00+02:00,53.0,6.4,1678.8495,2512.185
2023-08-14 19:00:00+02:00,53.0,7.9,1680.963,2514.832
2023-08-14 20:00:00+02:00,53.0,9.0,1681.6954999999998,2516.063
2023-08-14 21:00:00+02:00,53.0,9.1,1682.0365,2516.3745
2023-08-14 22:00:00+02:00,53.0,9.5,1682.285,2516.836
2023-08-14 23:00:00+02:00,53.0,10.1,1682.954,2517.9125
2023-08-15 00:00:00+02:00,53.0,10.8,1683.6545,2519.1955000000003
2023-08-15 01:00:00+02:00,53.0,11.0,1683.755,2519.4500000000003
2023-08-15 02:00:00+02:00,53.0,10.7,1683.5300000000002,2518.9685000000004
2023-08-15 03:00:00+02:00,53.0,11.0,1684.0315,2519.815
2023-08-15 04:00:00+02:00,53.0,11.1,1683.4715,2518.999
2023-08-15 05:00:00+02:00,53.0,11.4,1684.0705,2519.887
2023-08-15 06:00:00+02:00,53.0,11.0,1683.8485,2519.557
2023-08-15 07:00:00+02:00,53.0,11.3,1683.5935000000002,2519.2075
2023-08-15 08:00:00+02:00,53.0,14.5,1686.8045,2525.494
2023-08-15 09:00:00+02:00,53.0,12.2,1684.614,2521.0845
2023-08-15 10:00:00+02:00,53.0,12.0,1684.542,2520.8585
2023-08-15 11:00:00+02:00,53.0,10.9,1683.6560000000002,2519.178
2023-08-15 12:00:00+02:00,53.0,8.8,1680.9805,2514.871
2023-08-15 13:00:00+02:00,53.0,7.9,1680.6405,2514.6085000000003
2023-08-15 14:00:00+02:00,53.0,7.6,1679.7385,2513.2940000000003
2023-08-15 15:00:00+02:00,53.0,9.0,1681.2625,2515.6385
2023-08-15 16:00:00+02:00,53.0,8.0,1679.921,2513.7175
2023-08-15 17:00:00+02:00,53.0,4.2,1675.837,2509.3385
2023-08-15 18:00:00+02:00,53.0,3.9,1674.5305,2507.7670000000003
2023-08-15 19:00:00+02:00,53.0,5.3,1676.665,2510.556
2023-08-15 20:00:00+02:00,53.0,5.1,1676.8884999999998,2510.403
2023-08-15 21:00:00+02:00,53.0,8.2,1680.4685000000002,2515.648
2023-08-15 22:00:00+02:00,53.0,9.0,1681.792,2517.0995000000003
2023-08-15 23:00:00+02:00,53.0,8.7,1681.233,2515.5945
2023-08-16 00:00:00+02:00,53.0,9.4,1681.8205,2516.3535
2023-08-16 01:00:00+02:00,53.0,9.9,1682.425,2517.1665
2023-08-16 02:00:00+02:00,53.0,10.3,1682.898,2518.0575000000003
2023-08-16 03:00:00+02:00,53.0,10.0,1682.0275,2516.9045
2023-08-16 04:00:00+02:00,53.0,8.0,1680.0320000000002,2513.546
2023-08-16 05:00:00+02:00,53.0,9.9,1681.938,2516.676
2023-08-16 06:00:00+02:00,53.0,8.2,1680.1485,2513.616
2023-08-16 07:00:00+02:00,53.0,8.8,1680.8665,2514.8675
2023-08-16 08:00:00+02:00,53.0,9.2,1681.4354999999998,2515.531
2023-08-16 09:00:00+02:00,53.0,10.6,1682.9640000000002,2518.0305000000003
2023-08-16 10:00:00+02:00,53.0,12.7,1684.949,2521.7255
2023-08-16 11:00:00+02:00,53.0,12.0,1684.378,2520.4895
2023-08-16 12:00:00+02:00,53.0,12.4,1684.9009999999998,2521.4725
2023-08-16 13:00:00+02:00,53.0,10.7,1682.9855,2518.1125
2023-08-16 14:00:00+02:00,53.0,9.3,1681.612,2515.8085
2023-08-16 15:00:00+02:00,53.0,7.4,1679.321,2513.063
2023-08-16 16:00:00+02:00,53.0,5.8,1677.558,2510.9225
2023-08-16 17:00:00+02:00,53.0,5.9,1678.1375,2511.694
2023-08-16 18:00:00+02:00,53.0,6.1,1677.9945,2511.2665
2023-08-16 19:00:00+02:00,53.0,9.1,1681.6335,2515.993
2023-08-16 20:00:00+02:00,53.0,11.3,1683.923,2519.8055
2023-08-16 21:00:00+02:00,53.0,10.6,1683.2430000000002,2518.445
2023-08-16 22:00:00+02:00,53.0,14.4,1686.9595,2524.8125
2023-08-16 23:00:00+02:00,53.0,12.8,1684.966,2521.5660000000003
2023-08-17 00:00:00+02:00,53.0,12.2,1684.612,2520.846
2023-08-17 01:00:00+02:00,53.0,13.5,1685.802,2522.9595
2023-08-17 02:00:00+02:00,53.0,12.7,1684.954,2521.531
2023-08-17 03:00:00+02:00,53.0,11.3,1683.304,2518.7315
2023-08-17 04:00:00+02:00,53.0,10.7,1682.938,2517.998
2023-08-17 05:00:00+02:00,53.0,10.9,1682.958,2518.116
2023-08-17 06:00:00+02:00,53.0,11.4,1683.5790000000002,2519.145
2023-08-17 07:00:00+02:00,53.0,12.0,1684.3665,2520.574
2023-08-17 08:00:00+02:00,53.0,12.0,1683.8785,2519.7375
2023-08-17 09:00:00+02:00,53.0,12.2,1684.477,2520.682
2023-08-17 10:00:00+02:00,53.0,14.8,1686.602,2524.7905
2023-08-17 11:00:00+02:00,53.0,14.7,1686.787,2524.9135
2023-08-17 12:00:00+02:00,53.0,12.7,1684.653,2520.945
2023-08-17 13:00:00+02:00,53.0,10.1,1682.22,2516.823
2023-08-17 14:00:00+02:00,53.0,11.2,1682.925,2517.999
2023-08-17 15:00:00+02:00,53.0,10.9,1682.8945,2518.0075
2023-08-17 16:00:00+02:00,53.0,8.7,1680.629,2514.5095
2023-08-17 17:00:00+02:00,53.0,6.0,1677.699,2511.0
2023-08-17 18:00:00+02:00,53.0,6.4,1678.3570000000002,2511.876
2023-08-17 19:00:00+02:00,53.0,7.5,1679.53,2512.943
2023-08-17 20:00:00+02:00,53.0,12.3,1684.7585,2521.2315
2023-08-17 21:00:00+02:00,53.0,11.7,1684.2105,2520.2255
2023-08-17 22:00:00+02:00,53.0,11.3,1683.697,2519.5535
2023-08-17 23:00:00+02:00,53.0,13.1,1685.352,2522.383
2023-08-18 00:00:00+02:00,53.0,15.3,1687.965,2526.3605
2023-08-18 01:00:00+02:00,53.0,12.6,1684.957,2521.281
2023-08-18 02:00:00+02:00,53.0,13.8,1685.9675,2523.4075000000003
2023-08-18 03:00:00+02:00,53.0,13.5,1685.5455,2522.5275
2023-08-18 04:00:00+02:00,53.0,14.8,1687.165,2525.282
2023-08-18 05:00:00+02:00,53.0,15.6,1687.7645,2526.656
2023-08-18 06:00:00+02:00,53.0,16.0,1687.6995000000002,2526.9785
2023-08-18 07:00:00+02:00,53.0,17.1,1688.5045,2528.991
2023-08-18 08:00:00+02:00,53.0,18.7,1689.404,2531.4730000000004
2023-08-18 09:00:00+02:00,53.0,19.7,1690.154,2533.338
2023-08-18 10:00:00+02:00,53.0,19.9,1690.53,2533.797
2023-08-18 11:00:00+02:00,53.0,15.6,1687.0955,2526.001
2023-08-18 12:00:00+02:00,53.0,13.2,1685.134,2521.833
2023-08-18 13:00:00+02:00,53.0,13.4,1685.405,2522.4225
2023-08-18 14:00:00+02:00,53.0,14.1,1685.786,2523.268
2023-08-18 15:00:00+02:00,53.0,12.9,1684.605,2521.2285
2023-08-18 16:00:00+02:00,53.0,11.2,1683.0855,2518.4025
2023-08-18 17:00:00+02:00,53.0,10.6,1682.4805,2517.3030000000003
2023-08-18 18:00:00+02:00,53.0,11.3,1683.319,2518.664
2023-08-18 19:00:00+02:00,53.0,15.3,1686.9930000000002,2525.636
2023-08-18 20:00:00+02:00,53.0,17.0,1688.5085,2529.0385
2023-08-18 21:00:00+02:00,53.0,22.2,1692.458,2538.1985
2023-08-18 22:00:00+02:00,53.0,21.7,1692.013,2536.979
2023-08-18 23:00:00+02:00,53.0,19.9,1690.322,2533.593
2023-08-19 00:00:00+02:00,53.0,19.5,1690.178,2533.0385
2023-08-19 01:00:00+02:00,53.0,21.8,1692.758,2537.3920000000003
2023-08-19 02:00:00+02:00,53.0,21.2,1692.9475,2536.3465
2023-08-19 03:00:00+02:00,53.0,17.9,1689.3145000000002,2530.2625
2023-08-19 04:00:00+02:00,53.0,17.7,1689.5815,2530.0275
2023-08-19 05:00:00+02:00,53.0,16.9,1688.4615,2528.4410000000003
2023-08-19 06:00:00+02:00,53.0,17.6,1689.083,2529.8185
2023-08-19 07:00:00+02:00,53.0,17.0,1688.554,2529.0260000000003
2023-08-19 08:00:00+02:00,53.0,17.2,1688.4865,2529.095
2023-08-19 09:00:00+02:00,53.0,16.8,1687.9565,2527.942
2023-08-19 10:00:00+02:00,53.0,17.8,1688.816,2529.872
2023-08-19 11:00:00+02:00,53.0,15.3,1687.217,2525.862
2023-08-19 12:00:00+02:00,53.0,13.5,1685.284,2522.1995
2023-08-19 13:00:00+02:00,53.0,13.6,1685.8855,2523.1905
2023-08-19 14:00:00+02:00,53.0,14.7,1686.4435,2524.4425
2023-08-19 15:00:00+02:00,53.0,12.7,1684.667,2520.863
2023-08-19 16:00:00+02:00,53.0,12.7,1684.942,2521.3505
2023-08-19 17:00:00+02:00,53.0,14.6,1686.3235,2524.3035
2023-08-19 18:00:00+02:00,53.0,14.4,1686.4715,2524.313
2023-08-19 19:00:00+02:00,53.0,14.9,1687.1695,2525.5425
2023-08-19 20:00:00+02:00,53.0,15.1,1687.132,2525.6355000000003
2023-08-19 21:00:00+02:00,53.0,14.7,1686.918,2525.2245000000003
2023-08-19 22:00:00+02:00,53.0,15.4,1687.538,2526.1850000000004
2023-08-19 23:00:00+02:00,53.0,13.9,1685.9895,2523.2845
2023-08-20 00:00:00+02:00,53.0,13.6,1685.8615,2523.0055
2023-08-20 01:00:00+02:00,53.0,13.3,1685.822,2522.89
2023-08-20 02:00:00+02:00,53.0,10.5,1682.7425,2517.57
2023-08-20 03:00:00+02:00,53.0,8.9,1681.1115,2514.9485
2023-08-20 04:00:00+02:00,53.0,8.7,1680.75,2514.3805
2023-08-20 05:00:00+02:00,53.0,9.2,1681.4924999999998,2515.492
2023-08-20 06:00:00+02:00,53.0,9.5,1681.7175,2515.9555
2023-08-20 07:00:00+02:00,53.0,9.2,1681.243,2515.117
2023-08-20 08:00:00+02:00,53.0,9.0,1680.9355,2514.695
2023-08-20 09:00:00+02:00,53.0,9.0,1680.873,2514.6225
2023-08-20 10:00:00+02:00,53.0,8.8,1680.6875,2514.426
2023-08-20 11:00:00+02:00,53.0,8.4,1680.673,2514.358
2023-08-20 12:00:00+02:00,53.0,8.8,1680.7255,2514.4865
2023-08-20 13:00:00+02:00,53.0,8.1,1679.6975,2513.0895
2023-08-20 14:00:00+02:00,53.0,7.9,1679.33,2512.8565000000003
2023-08-20 15:00:00+02:00,53.0,7.9,1679.0690000000002,2512.4880000000003
2023-08-20 16:00:00+02:00,53.0,7.9,1679.3215,2512.76
2023-08-20 17:00:00+02:00,53.0,8.4,1679.9060000000002,2513.4465
2023-08-20 18:00:00+02:00,53.0,8.6,1680.2005,2513.8675
2023-08-20 19:00:00+02:00,53.0,9.0,1681.069,2514.923
2023-08-20 20:00:00+02:00,53.0,10.6,1683.245,2518.4045
2023-08-20 21:00:00+02:00,53.0,10.6,1682.9465,2517.9135
2023-08-20 22:00:00+02:00,53.0,11.1,1683.57,2519.0065000000004
2023-08-20 23:00:00+02:00,53.0,11.2,1683.7845,2519.253
2023-08-21 00:00:00+02:00,53.0,11.4,1683.7700000000002,2519.3195
2023-08-21 01:00:00+02:00,53.0,11.4,1683.634,2519.128
2023-08-21 02:00:00+02:00,53.0,10.5,1682.742,2517.58
2023-08-21 03:00:00+02:00,53.0,10.4,1682.6185,2517.401
2023-08-21 04:00:00+02:00,53.0,12.0,1684.1855,2520.3225
2023-08-21 05:00:00+02:00,53.0,11.1,1683.2234999999998,2518.417
2023-08-21 06:00:00+02:00,53.0,10.8,1683.212,2518.351
2023-08-21 07:00:00+02:00,53.0,11.6,1683.954,2519.7715000000003
2023-08-21 08:00:00+02:00,53.0,10.9,1683.2385000000002,2518.4095
2023-08-21 09:00:00+02:00,53.0,11.2,1683.4299999999998,2518.81
2023-08-21 10:00:00+02:00,53.0,11.2,1683.1945,2518.516
2023-08-21 11:00:00+02:00,53.0,10.9,1682.6235,2517.677
2023-08-21 12:00:00+02:00,53.0,10.2,1681.899,2516.715
2023-08-21 13:00:00+02:00,53.0,8.8,1680.0859999999998,2513.7745
2023-08-21 14:00:00+02:00,53.0,8.2,1678.172,2511.088
2023-08-21 15:00:00+02:00,53.0,8.2,1678.8719999999998,2512.072
2023-08-21 16:00:00+02:00,53.0,7.5,1674.2379999999998,2505.5625
2023-08-21 17:00:00+02:00,53.0,7.6,1669.6165,2498.5985
2023-08-21 18:00:00+02:00,53.0,7.9,1674.2835,2505.4975
2023-08-21 19:00:00+02:00,53.0,9.4,1681.027,2515.2655
2023-08-21 20:00:00+02:00,53.0,12.3,1684.9350000000002,2521.5385
2023-08-21 21:00:00+02:00,53.0,13.0,1685.191,2521.815
2023-08-21 22:00:00+02:00,53.0,12.1,1684.3300000000002,2520.233
2023-08-21 23:00:00+02:00,53.0,14.4,1686.882,2524.924
2023-08-22 00:00:00+02:00,53.0,11.2,1683.2525,2518.4795000000004
2023-08-22 01:00:00+02:00,53.0,10.5,1682.9765,2517.959
2023-08-22 02:00:00+02:00,53.0,11.1,1683.155,2518.488
2023-08-22 03:00:00+02:00,53.0,10.5,1682.705,2517.55
2023-08-22 04:00:00+02:00,53.0,10.2,1682.1705,2516.696
2023-08-22 05:00:00+02:00,53.0,10.2,1682.4265,2517.075
2023-08-22 06:00:00+02:00,53.0,11.9,1684.262,2520.3825
2023-08-22 07:00:00+02:00,53.0,10.6,1682.837,2517.7325
2023-08-22 08:00:00+02:00,53.0,10.8,1682.888,2517.961
2023-08-22 09:00:00+02:00,53.0,10.7,1682.8935,2517.8815
2023-08-22 10:00:00+02:00,53.0,10.5,1682.5495,2517.3735
2023-08-22 11:00:00+02:00,53.0,9.9,1681.5205,2515.869
2023-08-22 12:00:00+02:00,53.0,8.7,1679.783,2513.336
2023-08-22 13:00:00+02:00,53.0,6.6,1676.0305,2508.8145
2023-08-22 14:00:00+02:00,53.0,6.6,1672.6995,2503.899
2023-08-22 15:00:00+02:00,53.0,5.9,1664.7804999999998,2492.29
2023-08-22 16:00:00+02:00,53.0,5.9,1664.394,2491.6125
2023-08-22 17:00:00+02:00,53.0,5.8,1661.3175,2486.9265
2023-08-22 18:00:00+02:00,53.0,6.1,1668.8580000000002,2498.109
2023-08-22 19:00:00+02:00,53.0,7.6,1678.972,2512.375
2023-08-22 20:00:00+02:00,53.0,10.2,1682.5784999999998,2517.4345
2023-08-22 21:00:00+02:00,53.0,9.7,1681.8345000000002,2516.096
2023-08-22 22:00:00+02:00,53.0,9.9,1682.4064999999998,2517.009
2023-08-22 23:00:00+02:00,53.0,10.3,1682.742,2517.5635
2023-08-23 00:00:00+02:00,53.0,9.5,1681.952,2516.1955000000003
2023-08-23 01:00:00+02:00,53.0,9.6,1681.687,2515.8845
2023-08-23 02:00:00+02:00,53.0,9.5,1681.776,2515.976
2023-08-23 03:00:00+02:00,53.0,9.3,1681.3755,2515.3190000000004
2023-08-23 04:00:00+02:00,53.0,10.2,1682.3525,2517.0595
2023-08-23 05:00:00+02:00,53.0,10.1,1682.2020000000002,2516.799
2023-08-23 06:00:00+02:00,53.0,10.2,1682.51,2517.198
2023-08-23 07:00:00+02:00,53.0,10.7,1682.986,2518.0215
2023-08-23 08:00:00+02:00,53.0,11.3,1683.4050000000002,2518.79
2023-08-23 09:00:00+02:00,53.0,11.6,1683.798,2519.453
2023-08-23 10:00:00+02:00,53.0,11.6,1683.358,2518.891
2023-08-23 11:00:00+02:00,53.0,10.5,1682.201,2517.011
2023-08-23 12:00:00+02:00,53.0,9.1,1680.423,2514.2085
2023-08-23 13:00:00+02:00,53.0,8.1,1677.83,2510.694
2023-08-23 14:00:00+02:00,53.0,7.8,1667.5785,2495.7195
2023-08-23 15:00:00+02:00,53.0,6.4,1661.288,2486.7345
2023-08-23 16:00:00+02:00,53.0,5.2,1652.209,2473.7735
2023-08-23 17:00:00+02:00,53.0,5.1,1653.611,2475.8720000000003
2023-08-23 18:00:00+02:00,53.0,5.8,1658.8655,2483.301
2023-08-23 19:00:00+02:00,53.0,7.2,1678.512,2511.9725
2023-08-23 20:00:00+02:00,53.0,9.6,1681.948,2516.317
2023-08-23 21:00:00+02:00,53.0,9.4,1681.479,2515.542
2023-08-23 22:00:00+02:00,53.0,9.2,1681.354,2515.2905
2023-08-23 23:00:00+02:00,53.0,8.9,1680.765,2514.4455
2023-08-24 00:00:00+02:00,53.0,9.0,1680.993,2514.8605
2023-08-24 01:00:00+02:00,53.0,9.4,1681.0994999999998,2515.271
2023-08-24 02:00:00+02:00,53.0,8.5,1680.4795,2513.998
2023-08-24 03:00:00+02:00,53.0,8.5,1680.2935,2513.784
2023-08-24 04:00:00+02:00,53.0,9.8,1681.6875,2516.2375
2023-08-24 05:00:00+02:00,53.0,9.6,1681.7155,2515.988
2023-08-24 06:00:00+02:00,53.0,9.6,1681.3284999999998,2515.293
2023-08-24 07:00:00+02:00,53.0,9.9,1682.2055,2516.708
2023-08-24 08:00:00+02:00,53.0,10.6,1682.8015,2517.737
2023-08-24 09:00:00+02:00,53.0,11.3,1683.293,2518.648
2023-08-24 10:00:00+02:00,53.0,10.9,1682.7420000000002,2517.757
2023-08-24 11:00:00+02:00,53.0,11.0,1682.1945,2517.1045
2023-08-24 12:00:00+02:00,53.0,9.6,1681.184,2515.531
2023-08-24 13:00:00+02:00,53.0,9.0,1680.014,2513.79
2023-08-24 14:00:00+02:00,53.0,7.7,1673.6805,2504.871
2023-08-24 15:00:00+02:00,53.0,5.7,1660.717,2486.4665
2023-08-24 16:00:00+02:00,53.0,4.8,1651.7720000000002,2473.335
2023-08-24 17:00:00+02:00,53.0,4.7,1658.5,2483.339
2023-08-24 18:00:00+02:00,53.0,4.6,1663.325,2491.033
2023-08-24 19:00:00+02:00,53.0,6.5,1677.927,2511.4495
2023-08-24 20:00:00+02:00,53.0,9.1,1681.543,2516.1255
2023-08-24 21:00:00+02:00,53.0,8.2,1680.294,2514.2015
2023-08-24 22:00:00+02:00,53.0,7.8,1679.812,2513.6
2023-08-24 23:00:00+02:00,53.0,6.8,1678.7810000000002,2512.268
2023-08-25 00:00:00+02:00,53.0,5.8,1677.91,2511.3695
2023-08-25 01:00:00+02:00,53.0,6.7,1678.5545,2512.7925
2023-08-25 02:00:00+02:00,53.0,5.0,1676.8429999999998,2510.2345
2023-08-25 03:00:00+02:00,53.0,5.2,1676.962,2510.379
2023-08-25 04:00:00+02:00,53.0,5.8,1677.4555,2511.1470000000004
2023-08-25 05:00:00+02:00,53.0,4.7,1676.0765,2509.4315
2023-08-25 06:00:00+02:00,53.0,5.4,1676.798,2510.1285000000003
2023-08-25 07:00:00+02:00,53.0,9.8,1682.159,2517.175
2023-08-25 08:00:00+02:00,53.0,7.0,1678.8775,2512.5955
2023-08-25 09:00:00+02:00,53.0,8.5,1680.628,2514.6745
2023-08-25 10:00:00+02:00,53.0,6.4,1677.9495,2511.6545
2023-08-25 11:00:00+02:00,53.0,7.2,1678.9225,2512.613
2023-08-25 12:00:00+02:00,53.0,6.6,1677.804,2510.949
2023-08-25 13:00:00+02:00,53.0,6.2,1667.6855,2496.2515
2023-08-25 14:00:00+02:00,53.0,6.6,1650.8194999999998,2471.111
2023-08-25 15:00:00+02:00,53.0,5.0,1651.0175000000002,2472.0335
2023-08-25 16:00:00+02:00,53.0,4.1,1643.2545,2461.133
2023-08-25 17:00:00+02:00,53.0,3.9,1636.572,2451.281
2023-08-25 18:00:00+02:00,53.0,4.0,1653.246,2476.072
2023-08-25 19:00:00+02:00,53.0,5.1,1676.365,2509.6835
2023-08-25 20:00:00+02:00,53.0,8.8,1681.0735,2514.9165000000003
2023-08-25 21:00:00+02:00,53.0,8.2,1680.502,2514.094
2023-08-25 22:00:00+02:00,53.0,7.4,1679.798,2513.2960000000003
2023-08-25 23:00:00+02:00,53.0,7.4,1679.394,2512.7565
2023-08-26 00:00:00+02:00,53.0,7.0,1678.7575000000002,2512.089
2023-08-26 01:00:00+02:00,53.0,6.9,1679.083,2512.571
2023-08-26 02:00:00+02:00,53.0,7.5,1679.3584999999998,2512.864
2023-08-26 03:00:00+02:00,53.0,6.2,1678.1315000000002,2511.5110000000004
2023-08-26 04:00:00+02:00,53.0,7.3,1679.2345,2513.1910000000003
2023-08-26 05:00:00+02:00,53.0,6.4,1678.46,2511.859
2023-08-26 06:00:00+02:00,53.0,7.1,1679.237,2512.733
2023-08-26 07:00:00+02:00,53.0,8.9,1681.188,2515.1285000000003
2023-08-26 08:00:00+02:00,53.0,8.7,1680.598,2514.164
2023-08-26 09:00:00+02:00,53.0,9.6,1681.6525,2515.918
2023-08-26 10:00:00+02:00,53.0,7.8,1679.4985,2512.9175
2023-08-26 11:00:00+02:00,53.0,6.8,1678.3049999999998,2511.7345
2023-08-26 12:00:00+02:00,53.0,6.4,1674.7455,2506.6395
2023-08-26 13:00:00+02:00,53.0,7.3,1657.4735,2480.558
2023-08-26 14:00:00+02:00,53.0,6.3,1643.3305,2459.6765
2023-08-26 15:00:00+02:00,53.0,6.2,1637.6505,2451.1815
2023-08-26 16:00:00+02:00,53.0,5.8,1636.023,2449.109
2023-08-26 17:00:00+02:00,53.0,6.3,1637.202,2450.4625
2023-08-26 18:00:00+02:00,53.0,6.4,1647.55,2465.892
2023-08-26 19:00:00+02:00,53.0,8.3,1679.895,2514.2835
2023-08-26 20:00:00+02:00,53.0,9.5,1681.7525,2516.228
2023-08-26 21:00:00+02:00,53.0,6.8,1678.8605,2512.471
2023-08-26 22:00:00+02:00,53.0,5.6,1677.4605,2511.1
2023-08-26 23:00:00+02:00,53.0,5.5,1677.035,2510.9835000000003
2023-08-27 00:00:00+02:00,53.0,4.8,1675.9775,2509.3705
2023-08-27 01:00:00+02:00,53.0,6.5,1677.913,2512.053
2023-08-27 02:00:00+02:00,53.0,4.6,1675.9235,2509.3485
2023-08-27 03:00:00+02:00,53.0,5.1,1676.6205,2509.988
2023-08-27 04:00:00+02:00,53.0,5.8,1677.2525,2510.94
2023-08-27 05:00:00+02:00,53.0,4.3,1675.4605,2508.835
2023-08-27 06:00:00+02:00,53.0,4.9,1676.3235,2509.8105
2023-08-27 07:00:00+02:00,53.0,4.3,1675.169,2508.428
2023-08-27 08:00:00+02:00,53.0,4.3,1674.962,2508.2515000000003
2023-08-27 09:00:00+02:00,53.0,4.5,1675.2810000000002,2508.5265
2023-08-27 10:00:00+02:00,53.0,4.6,1674.963,2508.125
2023-08-27 11:00:00+02:00,53.0,4.8,1675.241,2508.7435
2023-08-27 12:00:00+02:00,53.0,5.0,1668.406,2498.35
2023-08-27 13:00:00+02:00,53.0,5.8,1650.451,2470.8035
2023-08-27 14:00:00+02:00,53.0,9.8,1641.1515,2455.954
2023-08-27 15:00:00+02:00,53.0,9.6,1632.7804999999998,2443.2535
2023-08-27 16:00:00+02:00,53.0,7.9,1632.302,2442.6695
2023-08-27 17:00:00+02:00,53.0,8.2,1637.6095,2450.4335
2023-08-27 18:00:00+02:00,53.0,9.5,1668.9309999999998,2497.344
2023-08-27 19:00:00+02:00,53.0,10.6,1682.9340000000002,2518.1435
2023-08-27 20:00:00+02:00,53.0,12.3,1684.6785,2520.9105000000004
2023-08-27 21:00:00+02:00,53.0,11.7,1684.2085,2520.048
2023-08-27 22:00:00+02:00,53.0,11.6,1683.9835,2519.854
2023-08-27 23:00:00+02:00,53.0,9.7,1682.015,2516.388
2023-08-28 00:00:00+02:00,53.0,8.0,1680.1015,2513.611
2023-08-28 01:00:00+02:00,53.0,6.7,1678.533,2512.1165
2023-08-28 02:00:00+02:00,53.0,5.2,1676.524,2509.822
2023-08-28 03:00:00+02:00,53.0,5.5,1676.871,2510.6725
2023-08-28 04:00:00+02:00,53.0,4.5,1675.579,2508.9975
2023-08-28 05:00:00+02:00,53.0,4.2,1674.857,2508.1420000000003
2023-08-28 06:00:00+02:00,53.0,4.2,1675.007,2508.4325
2023-08-28 07:00:00+02:00,53.0,4.1,1674.9330000000002,2508.293
2023-08-28 08:00:00+02:00,53.0,5.2,1676.548,2509.9275
2023-08-28 09:00:00+02:00,53.0,5.5,1677.049,2510.2955
2023-08-28 10:00:00+02:00,53.0,4.8,1676.038,2509.2830000000004
2023-08-28 11:00:00+02:00,53.0,6.5,1677.8805,2511.1815
2023-08-28 12:00:00+02:00,53.0,6.3,1677.1675,2510.3505
2023-08-28 13:00:00+02:00,53.0,6.4,1677.055,2510.178
2023-08-28 14:00:00+02:00,53.0,6.2,1671.465,2501.8975
2023-08-28 15:00:00+02:00,53.0,6.9,1676.8545,2509.7265
2023-08-28 16:00:00+02:00,53.0,8.3,1674.2810000000002,2505.4120000000003
2023-08-28 17:00:00+02:00,53.0,8.9,1676.3280000000002,2508.1905
2023-08-28 18:00:00+02:00,53.0,9.7,1681.3845,2515.7425
2023-08-28 19:00:00+02:00,53.0,9.4,1681.5675,2515.829
2023-08-28 20:00:00+02:00,53.0,3.3,1672.1455,2505.6585
2023-08-28 21:00:00+02:00,53.0,4.7,1673.539,2507.2485
2023-08-28 22:00:00+02:00,53.0,3.0,1671.61,2505.0055
2023-08-28 23:00:00+02:00,53.0,2.8,1670.7140000000002,2504.132
2023-08-29 00:00:00+02:00,53.0,2.6,1670.252,2503.65
2023-08-29 01:00:00+02:00,53.0,2.4,1669.9025,2503.293
2023-08-29 02:00:00+02:00,53.0,2.4,1669.715,2503.103
2023-08-29 03:00:00+02:00,53.0,2.5,1669.761,2503.647
2023-08-29 04:00:00+02:00,53.0,1.1,1667.9295,2501.3835
2023-08-29 05:00:00+02:00,53.0,0.5,1666.667,2500.072
2023-08-29 06:00:00+02:00,53.0,0.7,1667.12,2500.449
2023-08-29 07:00:00+02:00,53.0,1.8,1669.4074999999998,2502.8215
2023-08-29 08:00:00+02:00,53.0,1.9,1669.5694999999998,2502.8715
2023-08-29 09:00:00+02:00,53.0,1.6,1668.989,2502.338
2023-08-29 10:00:00+02:00,53.0,0.3,1666.008,2499.244
2023-08-29 11:00:00+02:00,53.0,0.3,1666.242,2499.6125
2023-08-29 12:00:00+02:00,53.0,0.2,1665.9735,2499.242
2023-08-29 13:00:00+02:00,53.0,0.3,1666.4765,2499.9075
2023-08-29 14:00:00+02:00,53.0,0.2,1666.167,2499.549
2023-08-29 15:00:00+02:00,53.0,0.2,1666.0165000000002,2499.328
2023-08-29 16:00:00+02:00,53.0,0.2,1666.1475,2499.494
2023-08-29 17:00:00+02:00,53.0,0.9,1667.5114999999998,2500.949
2023-08-29 18:00:00+02:00,53.0,0.8,1667.309,2500.682
2023-08-29 19:00:00+02:00,53.0,2.5,1670.2775,2504.032
2023-08-29 20:00:00+02:00,53.0,2.3,1669.9655,2503.7405
2023-08-29 21:00:00+02:00,53.0,0.8,1667.638,2501.1265000000003
2023-08-29 22:00:00+02:00,53.0,1.3,1668.469,2501.9825
2023-08-29 23:00:00+02:00,53.0,0.9,1667.867,2501.3500000000004
2023-08-30 00:00:00+02:00,53.0,0.9,1667.7805,2501.263
2023-08-30 01:00:00+02:00,53.0,0.8,1667.5205,2500.9790000000003
2023-08-30 02:00:00+02:00,53.0,0.8,1667.6835,2501.232
2023-08-30 03:00:00+02:00,53.0,1.4,1668.533,2501.9965
2023-08-30 04:00:00+02:00,53.0,0.8,1667.1944999999998,2500.592
2023-08-30 05:00:00+02:00,53.0,1.2,1667.8605,2501.39
2023-08-30 06:00:00+02:00,53.0,0.9,1667.4805,2500.921
2023-08-30 07:00:00+02:00,53.0,1.0,1668.153,2501.619
2023-08-30 08:00:00+02:00,53.0,1.5,1669.2335,2502.694
2023-08-30 09:00:00+02:00,53.0,4.5,1675.021,2508.418
2023-08-30 10:00:00+02:00,53.0,4.2,1674.5775,2507.779
2023-08-30 11:00:00+02:00,53.0,4.0,1674.5504999999998,2508.0125
2023-08-30 12:00:00+02:00,53.0,3.6,1672.935,2506.1545
2023-08-30 13:00:00+02:00,53.0,3.1,1671.656,2504.9055
2023-08-30 14:00:00+02:00,53.0,2.4,1670.2455,2503.66
2023-08-30 15:00:00+02:00,53.0,1.8,1669.6760000000002,2503.2945
2023-08-30 16:00:00+02:00,53.0,1.7,1669.1750000000002,2502.668
2023-08-30 17:00:00+02:00,53.0,1.9,1669.7455,2503.1795
2023-08-30 18:00:00+02:00,53.0,1.7,1669.0595,2502.3585
2023-08-30 19:00:00+02:00,53.0,2.5,1669.83,2503.708
2023-08-30 20:00:00+02:00,53.0,2.4,1670.41,2503.7455
2023-08-30 21:00:00+02:00,53.0,1.6,1668.9755,2502.3210000000004
2023-08-30 22:00:00+02:00,53.0,1.1,1668.005,2501.3625
2023-08-30 23:00:00+02:00,53.0,0.7,1667.318,2500.7415
2023-08-31 00:00:00+02:00,53.0,0.8,1667.2005,2500.56
2023-08-31 01:00:00+02:00,53.0,0.8,1667.416,2500.8585
2023-08-31 02:00:00+02:00,53.0,0.9,1667.7949999999998,2501.1875
2023-08-31 03:00:00+02:00,53.0,1.7,1668.366,2502.3435
2023-08-31 04:00:00+02:00,53.0,0.6,1666.6329999999998,2499.984
2023-08-31 05:00:00+02:00,53.0,0.6,1666.688,2500.0
2023-08-31 06:00:00+02:00,53.0,0.8,1667.4295,2500.7775
2023-08-31 07:00:00+02:00,53.0,2.8,1671.4625,2504.7715
2023-08-31 08:00:00+02:00,53.0,8.5,1680.4589999999998,2515.4925
2023-08-31 09:00:00+02:00,53.0,12.6,1684.8745,2521.8865
2023-08-31 10:00:00+02:00,53.0,5.1,1676.072,2509.529
2023-08-31 11:00:00+02:00,53.0,2.7,1671.3584999999998,2504.681
2023-08-31 12:00:00+02:00,53.0,2.0,1669.53,2502.9985
2023-08-31 13:00:00+02:00,53.0,0.3,1666.299,2499.755
2023-08-31 14:00:00+02:00,53.0,0.7,1667.0735,2500.49
2023-08-31 15:00:00+02:00,53.0,0.6,1666.6085,2499.9635
2023-08-31 16:00:00+02:00,53.0,0.7,1666.881,2500.229
2023-08-31 17:00:00+02:00,53.0,0.6,1666.607,2499.914
2023-08-31 18:00:00+02:00,53.0,0.6,1666.9,2500.312
2023-08-31 19:00:00+02:00,53.0,1.5,1668.875,2502.2235
2023-08-31 20:00:00+02:00,53.0,3.2,1671.0205,2505.4875
2023-08-31 21:00:00+02:00,53.0,1.7,1669.271,2502.647
2023-08-31 22:00:00+02:00,53.0,1.3,1668.229,2501.453
2023-08-31 23:00:00+02:00,53.0,0.9,1667.6515000000002,2501.0915
2023-09-01 00:00:00+02:00,53.0,1.0,1667.827,2501.243
2023-09-01 01:00:00+02:00,53.0,0.9,1667.689,2501.139
2023-09-01 02:00:00+02:00,53.0,1.2,1667.8684999999998,2501.376
2023-09-01 03:00:00+02:00,53.0,0.6,1666.8394999999998,2500.3325
2023-09-01 04:00:00+02:00,53.0,0.6,1667.0455,2500.567
2023-09-01 05:00:00+02:00,53.0,0.6,1667.0345,2500.522
2023-09-01 06:00:00+02:00,53.0,1.7,1668.93,2502.3615
2023-09-01 07:00:00+02:00,53.0,11.8,1682.8745,2521.263
2023-09-01 08:00:00+02:00,53.0,14.5,1686.1305,2525.739
2023-09-01 09:00:00+02:00,53.0,3.2,1671.49,2504.9495
2023-09-01 10:00:00+02:00,53.0,1.7,1668.778,2502.0835
2023-09-01 11:00:00+02:00,53.0,1.7,1668.889,2502.2215
2023-09-01 12:00:00+02:00,53.0,0.8,1667.27,2500.6625
2023-09-01 13:00:00+02:00,53.0,1.2,1667.557,2500.7825
2023-09-01 14:00:00+02:00,53.0,1.0,1667.621,2500.974
2023-09-01 15:00:00+02:00,53.0,1.7,1668.2415,2501.7355
2023-09-01 16:00:00+02:00,53.0,1.4,1668.6665,2502.199
2023-09-01 17:00:00+02:00,53.0,0.8,1666.926,2500.2090000000003
2023-09-01 18:00:00+02:00,53.0,1.1,1667.824,2501.1315
2023-09-01 19:00:00+02:00,53.0,3.0,1671.204,2505.388
2023-09-01 20:00:00+02:00,53.0,5.8,1677.149,2511.777
2023-09-01 21:00:00+02:00,53.0,2.5,1670.9685,2504.4065
2023-09-01 22:00:00+02:00,53.0,2.8,1671.3665,2504.7945
2023-09-01 23:00:00+02:00,53.0,4.0,1672.6435,2506.8105
2023-09-02 00:00:00+02:00,53.0,3.1,1671.4164999999998,2505.165
2023-09-02 01:00:00+02:00,53.0,1.5,1668.818,2502.1905
2023-09-02 02:00:00+02:00,53.0,3.3,1670.6785000000002,2504.9065
2023-09-02 03:00:00+02:00,53.0,1.0,1667.5105,2500.754
2023-09-02 04:00:00+02:00,53.0,2.9,1669.9515,2504.2760000000003
2023-09-02 05:00:00+02:00,53.0,1.0,1668.263,2501.7705
2023-09-02 06:00:00+02:00,53.0,2.1,1669.4165,2502.915
2023-09-02 07:00:00+02:00,53.0,2.0,1669.86,2503.21
2023-09-02 08:00:00+02:00,53.0,5.2,1675.9355,2509.257
2023-09-02 09:00:00+02:00,53.0,4.3,1674.37,2507.8615
2023-09-02 10:00:00+02:00,53.0,2.9,1671.4485,2504.6695
2023-09-02 11:00:00+02:00,53.0,2.3,1670.091,2503.259
2023-09-02 12:00:00+02:00,53.0,2.4,1670.44,2503.7705
2023-09-02 13:00:00+02:00,53.0,1.7,1669.003,2502.2565
2023-09-02 14:00:00+02:00,53.0,1.4,1668.554,2501.8655000000003
2023-09-02 15:00:00+02:00,53.0,1.8,1669.3945,2502.7935
2023-09-02 16:00:00+02:00,53.0,1.3,1668.463,2501.8075000000003
2023-09-02 17:00:00+02:00,53.0,1.2,1668.0755,2501.3745
2023-09-02 18:00:00+02:00,53.0,1.7,1669.1094999999998,2502.32
2023-09-02 19:00:00+02:00,53.0,3.5,1673.6075,2507.1890000000003
2023-09-02 20:00:00+02:00,53.0,5.0,1677.34,2510.7560000000003
2023-09-02 21:00:00+02:00,53.0,5.8,1678.6255,2512.244
2023-09-02 22:00:00+02:00,53.0,5.7,1678.5245,2512.1425
2023-09-02 23:00:00+02:00,53.0,10.1,1683.9119999999998,2519.6715
2023-09-03 00:00:00+02:00,53.0,8.5,1681.571,2515.6655
2023-09-03 01:00:00+02:00,53.0,9.2,1682.3865,2517.121
2023-09-03 02:00:00+02:00,53.0,9.2,1682.4245,2517.0925
2023-09-03 03:00:00+02:00,53.0,8.6,1681.9515,2516.203
2023-09-03 04:00:00+02:00,53.0,10.3,1683.2605,2518.689
2023-09-03 05:00:00+02:00,53.0,9.2,1682.2420000000002,2516.7965
2023-09-03 06:00:00+02:00,53.0,10.2,1683.5585,2518.9715
2023-09-03 07:00:00+02:00,53.0,9.5,1682.512,2517.2745
2023-09-03 08:00:00+02:00,53.0,10.8,1683.5765,2519.096
2023-09-03 09:00:00+02:00,53.0,11.0,1684.1825,2520.1375
2023-09-03 10:00:00+02:00,53.0,9.1,1681.945,2516.342
2023-09-03 11:00:00+02:00,53.0,7.5,1680.6525,2514.324
2023-09-03 12:00:00+02:00,53.0,7.7,1680.9145,2514.7135
2023-09-03 13:00:00+02:00,53.0,4.2,1675.0315,2508.3185
2023-09-03 14:00:00+02:00,53.0,3.8,1674.0794999999998,2507.546
2023-09-03 15:00:00+02:00,53.0,3.4,1673.507,2506.8610000000003
2023-09-03 16:00:00+02:00,53.0,4.1,1675.3755,2508.763
2023-09-03 17:00:00+02:00,53.0,3.0,1672.2555,2505.574
2023-09-03 18:00:00+02:00,53.0,2.7,1671.4655,2504.9095
2023-09-03 19:00:00+02:00,53.0,2.3,1670.2985,2503.5975
2023-09-03 20:00:00+02:00,53.0,3.2,1673.1205,2506.583
2023-09-03 21:00:00+02:00,53.0,3.5,1673.802,2507.0825
2023-09-03 22:00:00+02:00,53.0,1.9,1669.571,2502.9370000000004
2023-09-03 23:00:00+02:00,53.0,1.7,1669.3605,2502.809
2023-09-04 00:00:00+02:00,53.0,1.4,1668.683,2502.039
2023-09-04 01:00:00+02:00,53.0,1.5,1668.7185,2502.2315
2023-09-04 02:00:00+02:00,53.0,1.4,1668.5155,2501.9015
2023-09-04 03:00:00+02:00,53.0,2.5,1669.821,2503.8775
2023-09-04 04:00:00+02:00,53.0,2.8,1670.287,2504.4145000000003
2023-09-04 05:00:00+02:00,53.0,4.2,1672.0455000000002,2507.2645
2023-09-04 06:00:00+02:00,53.0,2.7,1670.8965,2504.6695
2023-09-04 07:00:00+02:00,53.0,3.7,1672.126,2505.9835
2023-09-04 08:00:00+02:00,53.0,4.1,1674.2885,2507.6135
2023-09-04 09:00:00+02:00,53.0,8.5,1680.206,2515.4095
2023-09-04 10:00:00+02:00,53.0,4.7,1675.482,2508.8245
2023-09-04 11:00:00+02:00,53.0,3.5,1673.1895,2506.519
2023-09-04 12:00:00+02:00,53.0,2.7,1671.193,2504.5075
2023-09-04 13:00:00+02:00,53.0,2.9,1671.981,2505.4525
2023-09-04 14:00:00+02:00,53.0,2.6,1670.8035000000002,2504.067
2023-09-04 15:00:00+02:00,53.0,1.7,1669.3395,2502.7000000000003
2023-09-04 16:00:00+02:00,53.0,1.5,1668.707,2502.0135
2023-09-04 17:00:00+02:00,53.0,1.6,1669.2820000000002,2502.6165
2023-09-04 18:00:00+02:00,53.0,3.4,1672.1329999999998,2506.183
2023-09-04 19:00:00+02:00,53.0,3.4,1672.791,2506.3255000000004
2023-09-04 20:00:00+02:00,53.0,4.5,1675.7595,2509.237
2023-09-04 21:00:00+02:00,53.0,4.4,1675.7595,2509.193
2023-09-04 22:00:00+02:00,53.0,3.9,1675.06,2508.463
2023-09-04 23:00:00+02:00,53.0,3.6,1674.22,2507.724
2023-09-05 00:00:00+02:00,53.0,3.7,1674.339,2507.847
2023-09-05 01:00:00+02:00,53.0,3.5,1673.073,2506.5715
2023-09-05 02:00:00+02:00,53.0,4.0,1673.3615,2507.0185
2023-09-05 03:00:00+02:00,53.0,3.3,1672.3725,2505.761
2023-09-05 04:00:00+02:00,53.0,3.1,1671.8235,2505.311
2023-09-05 05:00:00+02:00,53.0,3.2,1672.1485,2505.6185
2023-09-05 06:00:00+02:00,53.0,3.8,1674.21,2507.6095
2023-09-05 07:00:00+02:00,53.0,4.3,1675.5555,2509.0205
2023-09-05 08:00:00+02:00,53.0,6.6,1678.7869999999998,2512.804
2023-09-05 09:00:00+02:00,53.0,5.6,1676.7530000000002,2510.4125000000004
2023-09-05 10:00:00+02:00,53.0,3.9,1674.3100000000002,2507.5685000000003
2023-09-05 11:00:00+02:00,53.0,4.0,1674.2605,2507.5530000000003
2023-09-05 12:00:00+02:00,53.0,3.5,1673.1275,2506.3790000000004
2023-09-05 13:00:00+02:00,53.0,2.7,1671.093,2504.3855
2023-09-05 14:00:00+02:00,53.0,2.3,1669.5465000000002,2502.722
2023-09-05 15:00:00+02:00,53.0,2.0,1669.3945,2502.6605
2023-09-05 16:00:00+02:00,53.0,1.8,1669.139,2502.415
2023-09-05 17:00:00+02:00,53.0,2.2,1670.0475,2503.4695
2023-09-05 18:00:00+02:00,53.0,2.8,1670.87,2504.197
2023-09-05 19:00:00+02:00,53.0,4.3,1674.737,2508.466
2023-09-05 20:00:00+02:00,53.0,4.0,1674.7995,2508.15
2023-09-05 21:00:00+02:00,53.0,4.3,1675.4265,2508.7975
2023-09-05 22:00:00+02:00,53.0,4.5,1676.0255,2509.484
2023-09-05 23:00:00+02:00,53.0,3.8,1674.308,2507.6485
2023-09-06 00:00:00+02:00,53.0,3.8,1673.9365,2507.344
2023-09-06 01:00:00+02:00,53.0,3.7,1672.8505,2506.6095
2023-09-06 02:00:00+02:00,53.0,3.3,1672.0015,2505.407
2023-09-06 03:00:00+02:00,53.0,3.2,1671.632,2504.9995000000004
2023-09-06 04:00:00+02:00,53.0,3.0,1671.544,2505.027
2023-09-06 05:00:00+02:00,53.0,3.2,1672.063,2505.6255
2023-09-06 06:00:00+02:00,53.0,3.1,1671.909,2505.3465
2023-09-06 07:00:00+02:00,53.0,3.6,1673.6505,2507.0045
2023-09-06 08:00:00+02:00,53.0,4.0,1674.139,2507.526
2023-09-06 09:00:00+02:00,53.0,9.1,1680.618,2516.0545
2023-09-06 10:00:00+02:00,53.0,8.7,1680.289,2514.99
2023-09-06 11:00:00+02:00,53.0,3.9,1674.6515,2507.9715
2023-09-06 12:00:00+02:00,53.0,3.9,1674.048,2507.353
2023-09-06 13:00:00+02:00,53.0,2.8,1671.105,2504.4525000000003
2023-09-06 14:00:00+02:00,53.0,2.7,1670.7745,2504.1545
2023-09-06 15:00:00+02:00,53.0,2.8,1670.8375,2504.1645
2023-09-06 16:00:00+02:00,53.0,3.6,1673.0259999999998,2506.2355
2023-09-06 17:00:00+02:00,53.0,4.0,1674.143,2507.566
2023-09-06 18:00:00+02:00,53.0,4.3,1674.8335000000002,2508.319
2023-09-06 19:00:00+02:00,53.0,4.6,1676.489,2509.991
2023-09-06 20:00:00+02:00,53.0,5.6,1677.2675000000002,2510.8255
2023-09-06 21:00:00+02:00,53.0,7.1,1679.235,2512.7425
2023-09-06 22:00:00+02:00,53.0,9.8,1682.3285,2517.597
2023-09-06 23:00:00+02:00,53.0,7.2,1679.627,2513.135
2023-09-07 00:00:00+02:00,53.0,6.6,1678.81,2512.194
2023-09-07 01:00:00+02:00,53.0,6.1,1678.3674999999998,2511.788
2023-09-07 02:00:00+02:00,53.0,6.1,1678.531,2512.125
2023-09-07 03:00:00+02:00,53.0,6.5,1678.7395,2512.29
2023-09-07 04:00:00+02:00,53.0,6.5,1679.419,2513.207
2023-09-07 05:00:00+02:00,53.0,6.3,1678.7975,2512.4285
2023-09-07 06:00:00+02:00,53.0,7.0,1679.133,2512.59
2023-09-07 07:00:00+02:00,53.0,7.4,1679.784,2513.2935
2023-09-07 08:00:00+02:00,53.0,7.7,1679.899,2513.425
2023-09-07 09:00:00+02:00,53.0,8.4,1680.6090000000002,2514.39
2023-09-07 10:00:00+02:00,53.0,9.0,1681.438,2515.6355000000003
2023-09-07 11:00:00+02:00,53.0,7.2,1679.256,2512.8175
2023-09-07 12:00:00+02:00,53.0,4.8,1676.212,2509.4345000000003
2023-09-07 13:00:00+02:00,53.0,3.9,1674.574,2507.902
2023-09-07 14:00:00+02:00,53.0,4.1,1675.2135,2508.605
2023-09-07 15:00:00+02:00,53.0,3.8,1674.029,2507.2335
2023-09-07 16:00:00+02:00,53.0,3.4,1673.2655,2506.6675
2023-09-07 17:00:00+02:00,53.0,3.3,1672.5575,2505.9155
2023-09-07 18:00:00+02:00,53.0,3.6,1673.949,2507.434
2023-09-07 19:00:00+02:00,53.0,6.9,1679.1355,2513.2940000000003
2023-09-07 20:00:00+02:00,53.0,7.5,1679.9115,2513.708
2023-09-07 21:00:00+02:00,53.0,6.4,1678.9195,2512.2915000000003
2023-09-07 22:00:00+02:00,53.0,7.8,1680.415,2514.337
2023-09-07 23:00:00+02:00,53.0,8.5,1681.073,2515.302
2023-09-08 00:00:00+02:00,53.0,7.1,1679.672,2513.1385
2023-09-08 01:00:00+02:00,53.0,7.0,1679.628,2513.197
2023-09-08 02:00:00+02:00,53.0,6.9,1679.4555,2512.8625
2023-09-08 03:00:00+02:00,53.0,8.1,1680.7375,2515.0975
2023-09-08 04:00:00+02:00,53.0,7.3,1679.6395,2513.4455
2023-09-08 05:00:00+02:00,53.0,6.6,1679.3565,2513.001
2023-09-08 06:00:00+02:00,53.0,7.8,1680.1645,2514.317
2023-09-08 07:00:00+02:00,53.0,7.8,1680.8545,2514.6465000000003
2023-09-08 08:00:00+02:00,53.0,7.0,1679.2455,2512.6015
2023-09-08 09:00:00+02:00,53.0,8.6,1680.668,2514.823
2023-09-08 10:00:00+02:00,53.0,9.6,1681.867,2516.2935
2023-09-08 11:00:00+02:00,53.0,8.2,1680.545,2514.3005
2023-09-08 12:00:00+02:00,53.0,4.8,1676.074,2509.335
2023-09-08 13:00:00+02:00,53.0,3.8,1674.7615,2508.2015
2023-09-08 14:00:00+02:00,53.0,3.9,1674.803,2508.267
2023-09-08 15:00:00+02:00,53.0,4.0,1674.95,2508.317
2023-09-08 16:00:00+02:00,53.0,4.1,1675.2965,2508.6670000000004
2023-09-08 17:00:00+02:00,53.0,3.7,1674.2,2507.5195
2023-09-08 18:00:00+02:00,53.0,3.5,1673.3205,2506.7665
2023-09-08 19:00:00+02:00,53.0,4.8,1676.3235,2510.0045
2023-09-08 20:00:00+02:00,53.0,5.1,1676.787,2510.045
2023-09-08 21:00:00+02:00,53.0,5.2,1677.1405,2510.527
2023-09-08 22:00:00+02:00,53.0,5.3,1677.286,2510.739
2023-09-08 23:00:00+02:00,53.0,4.9,1676.6555,2510.038
2023-09-09 00:00:00+02:00,53.0,4.9,1676.582,2510.024
2023-09-09 01:00:00+02:00,53.0,5.7,1677.738,2511.1265000000003
2023-09-09 02:00:00+02:00,53.0,6.1,1678.5545,2512.086
2023-09-09 03:00:00+02:00,53.0,5.1,1676.9725,2510.465
2023-09-09 04:00:00+02:00,53.0,5.2,1677.264,2510.853
2023-09-09 05:00:00+02:00,53.0,5.2,1677.1115,2510.5695
2023-09-09 06:00:00+02:00,53.0,5.7,1677.4275,2510.8
2023-09-09 07:00:00+02:00,53.0,5.8,1677.7675000000002,2511.23
2023-09-09 08:00:00+02:00,53.0,7.2,1679.5175,2513.181
2023-09-09 09:00:00+02:00,53.0,7.3,1679.068,2512.6055
2023-09-09 10:00:00+02:00,53.0,7.9,1679.894,2514.1870000000004
2023-09-09 11:00:00+02:00,53.0,7.2,1679.4505,2512.798
2023-09-09 12:00:00+02:00,53.0,5.8,1677.7275000000002,2511.214
2023-09-09 13:00:00+02:00,53.0,4.6,1676.2035,2509.682
2023-09-09 14:00:00+02:00,53.0,3.9,1674.6015,2507.8725
2023-09-09 15:00:00+02:00,53.0,3.8,1674.802,2508.2365
2023-09-09 16:00:00+02:00,53.0,3.6,1673.6575,2506.8815
2023-09-09 17:00:00+02:00,53.0,2.9,1671.4254999999998,2504.8065
2023-09-09 18:00:00+02:00,53.0,2.8,1671.2985,2504.7295
2023-09-09 19:00:00+02:00,53.0,6.6,1678.3435000000002,2512.0335
2023-09-09 20:00:00+02:00,53.0,5.5,1677.0794999999998,2510.356
2023-09-09 21:00:00+02:00,53.0,5.2,1676.808,2510.1625
2023-09-09 22:00:00+02:00,53.0,5.2,1677.0545000000002,2510.393
2023-09-09 23:00:00+02:00,53.0,5.5,1677.837,2511.3675000000003
2023-09-10 00:00:00+02:00,53.0,5.2,1677.053,2510.545
2023-09-10 01:00:00+02:00,53.0,5.7,1677.7855000000002,2511.273
2023-09-10 02:00:00+02:00,53.0,5.5,1677.6005,2511.1245
2023-09-10 03:00:00+02:00,53.0,6.8,1679.549,2514.123
2023-09-10 04:00:00+02:00,53.0,7.7,1679.9555,2513.8320000000003
2023-09-10 05:00:00+02:00,53.0,7.0,1679.32,2513.1165
2023-09-10 06:00:00+02:00,53.0,7.8,1680.2065,2514.107
2023-09-10 07:00:00+02:00,53.0,8.3,1681.036,2515.136
2023-09-10 08:00:00+02:00,53.0,8.9,1681.458,2515.753
2023-09-10 09:00:00+02:00,53.0,11.0,1683.315,2518.9115
2023-09-10 10:00:00+02:00,53.0,9.5,1681.8090000000002,2516.153
2023-09-10 11:00:00+02:00,53.0,8.2,1680.317,2513.9015
2023-09-10 12:00:00+02:00,53.0,7.0,1679.437,2512.844
2023-09-10 13:00:00+02:00,53.0,7.5,1679.6835,2513.377
2023-09-10 14:00:00+02:00,53.0,7.2,1679.686,2513.3165
2023-09-10 15:00:00+02:00,53.0,6.5,1678.444,2511.8705
2023-09-10 16:00:00+02:00,53.0,5.5,1676.788,2510.456
2023-09-10 17:00:00+02:00,53.0,5.1,1676.9135,2510.404
2023-09-10 18:00:00+02:00,53.0,5.8,1678.0075000000002,2511.487
2023-09-10 19:00:00+02:00,53.0,9.7,1682.7795,2518.041
2023-09-10 20:00:00+02:00,53.0,8.8,1681.6815,2515.9175
2023-09-10 21:00:00+02:00,53.0,8.1,1680.8355,2514.529
2023-09-10 22:00:00+02:00,53.0,10.7,1683.758,2519.325
2023-09-10 23:00:00+02:00,53.0,8.6,1681.083,2514.9880000000003
2023-09-11 00:00:00+02:00,53.0,9.6,1682.123,2516.9395
2023-09-11 01:00:00+02:00,53.0,8.7,1681.3225,2515.505
2023-09-11 02:00:00+02:00,53.0,9.2,1681.9225,2516.432
2023-09-11 03:00:00+02:00,53.0,9.1,1681.898,2516.2885
2023-09-11 04:00:00+02:00,53.0,10.6,1683.4395,2518.9345
2023-09-11 05:00:00+02:00,53.0,12.2,1684.994,2521.715
2023-09-11 06:00:00+02:00,53.0,11.8,1684.6255,2521.032
2023-09-11 07:00:00+02:00,53.0,13.5,1686.602,2524.6225
2023-09-11 08:00:00+02:00,53.0,13.3,1685.9915,2523.564
2023-09-11 09:00:00+02:00,53.0,12.9,1685.4935,2522.689
2023-09-11 10:00:00+02:00,53.0,10.6,1683.135,2518.3245
2023-09-11 11:00:00+02:00,53.0,9.8,1683.237,2518.359
2023-09-11 12:00:00+02:00,53.0,9.5,1682.13,2516.6845000000003
2023-09-11 13:00:00+02:00,53.0,8.5,1680.4005,2514.1605
2023-09-11 14:00:00+02:00,53.0,6.5,1678.2225,2511.525
2023-09-11 15:00:00+02:00,53.0,5.5,1677.2485,2510.6595
2023-09-11 16:00:00+02:00,53.0,5.4,1677.0205,2510.486
2023-09-11 17:00:00+02:00,53.0,4.8,1675.6570000000002,2508.8405
2023-09-11 18:00:00+02:00,53.0,4.6,1675.948,2509.314
2023-09-11 19:00:00+02:00,53.0,5.5,1677.782,2511.2425
2023-09-11 20:00:00+02:00,53.0,9.2,1682.213,2516.7445
2023-09-11 21:00:00+02:00,53.0,7.6,1680.6265,2514.544
2023-09-11 22:00:00+02:00,53.0,7.7,1680.513,2514.1895
2023-09-11 23:00:00+02:00,53.0,8.3,1680.9125,2514.677
2023-09-12 00:00:00+02:00,53.0,8.0,1680.7685,2514.5405
2023-09-12 01:00:00+02:00,53.0,8.2,1680.7759999999998,2514.6175
2023-09-12 02:00:00+02:00,53.0,9.7,1682.3655,2517.3595
2023-09-12 03:00:00+02:00,53.0,8.5,1681.4635,2515.607
2023-09-12 04:00:00+02:00,53.0,9.1,1681.631,2516.0005
2023-09-12 05:00:00+02:00,53.0,8.4,1681.069,2514.954
2023-09-12 06:00:00+02:00,53.0,9.6,1682.6345,2517.468
2023-09-12 07:00:00+02:00,53.0,9.6,1682.49,2517.227
2023-09-12 08:00:00+02:00,53.0,11.0,1683.7075000000002,2519.3795
2023-09-12 09:00:00+02:00,53.0,9.2,1681.408,2515.4985
2023-09-12 10:00:00+02:00,53.0,8.3,1680.7175000000002,2514.397
2023-09-12 11:00:00+02:00,53.0,8.2,1680.5205,2514.2265
2023-09-12 12:00:00+02:00,53.0,7.8,1680.423,2514.3185
2023-09-12 13:00:00+02:00,53.0,6.0,1677.8425,2511.1845
2023-09-12 14:00:00+02:00,53.0,4.9,1675.515,2508.6325
2023-09-12 15:00:00+02:00,53.0,4.5,1675.4125,2508.7645
2023-09-12 16:00:00+02:00,53.0,5.4,1676.641,2509.9735
2023-09-12 17:00:00+02:00,53.0,5.5,1677.2585,2510.6355000000003
2023-09-12 18:00:00+02:00,53.0,7.3,1679.2875,2513.1455
2023-09-12 19:00:00+02:00,53.0,9.6,1682.2865000000002,2517.4
2023-09-12 20:00:00+02:00,53.0,10.1,1682.759,2517.7180000000003
2023-09-12 21:00:00+02:00,53.0,9.4,1682.1655,2516.5620000000004
2023-09-12 22:00:00+02:00,53.0,9.9,1682.606,2517.358
2023-09-12 23:00:00+02:00,53.0,9.4,1682.1685,2516.501
2023-09-13 00:00:00+02:00,53.0,9.4,1681.8015,2516.227
2023-09-13 01:00:00+02:00,53.0,10.3,1682.917,2518.194
2023-09-13 02:00:00+02:00,53.0,8.4,1680.7845,2514.5465000000004
2023-09-13 03:00:00+02:00,53.0,8.0,1680.2610000000002,2513.6995
2023-09-13 04:00:00+02:00,53.0,8.9,1681.018,2514.8395
2023-09-13 05:00:00+02:00,53.0,8.7,1681.2140000000002,2515.06
2023-09-13 06:00:00+02:00,53.0,9.5,293.289,433.2325
2023-09-13 07:00:00+02:00,53.0,14.9,21.0065,26.904
2023-09-13 08:00:00+02:00,53.0,13.7,19.9385,24.541
2023-09-13 09:00:00+02:00,53.0,9.2,15.5395,16.3685
2023-09-13 10:00:00+02:00,53.0,8.4,14.635,15.75
2023-09-13 11:00:00+02:00,53.0,4.3,9.034,9.053
2023-09-13 12:00:00+02:00,53.0,4.5,9.574,9.6055
2023-09-13 13:00:00+02:00,53.0,4.2,8.878,8.907
2023-09-13 14:00:00+02:00,53.0,4.2,8.321,8.4245
2023-09-13 15:00:00+02:00,53.0,4.0,8.282,8.3195
2023-09-13 16:00:00+02:00,53.0,4.3,9.141,9.141
2023-09-13 17:00:00+02:00,53.0,5.4,10.725,10.942
2023-09-13 18:00:00+02:00,53.0,5.3,10.9475,11.01
2023-09-13 19:00:00+02:00,53.0,7.5,13.7485,14.053
2023-09-13 20:00:00+02:00,53.0,9.3,15.633,16.456
2023-09-13 21:00:00+02:00,53.0,7.9,14.0805,14.266
2023-09-13 22:00:00+02:00,53.0,7.8,13.8065,14.024
2023-09-13 23:00:00+02:00,53.0,7.1,13.1455,13.231
2023-09-14 00:00:00+02:00,53.0,6.1,11.8585,11.869
2023-09-14 01:00:00+02:00,53.0,5.7,11.5445,11.5535
2023-09-14 02:00:00+02:00,53.0,5.5,11.0235,11.201
2023-09-14 03:00:00+02:00,53.0,5.1,10.661,10.7025
2023-09-14 04:00:00+02:00,53.0,7.3,12.9435,14.4805
2023-09-14 05:00:00+02:00,53.0,6.6,11.9855,13.4575
2023-09-14 06:00:00+02:00,53.0,5.2,10.6255,10.7725
2023-09-14 07:00:00+02:00,53.0,5.9,11.661,11.812
2023-09-14 08:00:00+02:00,53.0,7.1,13.1015,13.5125
2023-09-14 09:00:00+02:00,53.0,7.7,13.765,14.049
2023-09-14 10:00:00+02:00,53.0,7.9,14.058,14.41
2023-09-14 11:00:00+02:00,53.0,7.5,13.8195,14.2905
2023-09-14 12:00:00+02:00,53.0,6.2,12.2125,12.2685
2023-09-14 13:00:00+02:00,53.0,5.6,11.15,11.185
2023-09-14 14:00:00+02:00,53.0,3.8,7.8065,7.8165
2023-09-14 15:00:00+02:00,53.0,3.1,5.9785,5.985
2023-09-14 16:00:00+02:00,53.0,2.8,5.1655,5.1655
2023-09-14 17:00:00+02:00,53.0,2.7,4.847,4.8965
2023-09-14 18:00:00+02:00,53.0,2.6,4.9855,5.0055
2023-09-14 19:00:00+02:00,53.0,3.4,6.868,6.925
2023-09-14 20:00:00+02:00,53.0,2.0,3.33,3.3385
2023-09-14 21:00:00+02:00,53.0,2.9,5.146,5.1695
2023-09-14 22:00:00+02:00,53.0,2.1,3.3505,3.3505
2023-09-14 23:00:00+02:00,53.0,1.3,2.185,2.185
2023-09-15 00:00:00+02:00,53.0,1.4,2.5935,2.616
2023-09-15 01:00:00+02:00,53.0,2.4,4.2045,4.2725
2023-09-15 02:00:00+02:00,53.0,2.5,4.031,4.241
2023-09-15 03:00:00+02:00,53.0,2.1,3.486,3.486
2023-09-15 04:00:00+02:00,53.0,4.2,6.275,7.3255
2023-09-15 05:00:00+02:00,53.0,3.2,4.967,5.4805
2023-09-15 06:00:00+02:00,53.0,3.3,6.536,6.536
2023-09-15 07:00:00+02:00,53.0,3.7,7.598,7.6285
2023-09-15 08:00:00+02:00,53.0,6.5,11.4435,12.7455
2023-09-15 09:00:00+02:00,53.0,10.7,16.54,19.2985
2023-09-15 10:00:00+02:00,53.0,6.0,11.3025,11.746
2023-09-15 11:00:00+02:00,53.0,3.7,7.466,7.487
2023-09-15 12:00:00+02:00,53.0,3.9,8.3395,8.351
2023-09-15 13:00:00+02:00,53.0,4.4,8.312,8.513
2023-09-15 14:00:00+02:00,53.0,3.6,7.324,7.3275
2023-09-15 15:00:00+02:00,53.0,2.9,5.1335,5.1335
2023-09-15 16:00:00+02:00,53.0,2.7,4.8365,4.8415
2023-09-15 17:00:00+02:00,53.0,3.2,5.876,5.913
2023-09-15 18:00:00+02:00,53.0,3.9,6.693,6.981
2023-09-15 19:00:00+02:00,53.0,6.4,11.146,12.145
2023-09-15 20:00:00+02:00,53.0,5.7,10.9305,11.585
2023-09-15 21:00:00+02:00,53.0,3.7,6.6055,6.944
2023-09-15 22:00:00+02:00,53.0,2.6,4.426,4.426
2023-09-15 23:00:00+02:00,53.0,3.2,6.352,6.352
2023-09-16 00:00:00+02:00,53.0,3.0,5.3625,5.3625
2023-09-16 01:00:00+02:00,53.0,7.2,12.104,14.189
2023-09-16 02:00:00+02:00,53.0,7.2,12.766,14.471
2023-09-16 03:00:00+02:00,53.0,5.9,11.029,11.766
2023-09-16 04:00:00+02:00,53.0,5.3,10.7565,10.996
2023-09-16 05:00:00+02:00,53.0,5.1,9.8675,10.5095
2023-09-16 06:00:00+02:00,53.0,3.9,8.4825,8.4825
2023-09-16 07:00:00+02:00,53.0,5.7,11.409,11.5275
2023-09-16 08:00:00+02:00,53.0,5.9,11.5675,11.7575
2023-09-16 09:00:00+02:00,53.0,7.5,13.369,13.5155
2023-09-16 10:00:00+02:00,53.0,8.3,14.533,15.17
2023-09-16 11:00:00+02:00,53.0,6.0,11.866,11.9175
2023-09-16 12:00:00+02:00,53.0,5.5,11.031,11.3495
2023-09-16 13:00:00+02:00,53.0,5.9,11.744,12.023
2023-09-16 14:00:00+02:00,53.0,5.2,11.0645,11.0705
2023-09-16 15:00:00+02:00,53.0,6.2,12.392,12.5015
2023-09-16 16:00:00+02:00,53.0,9.2,15.555,16.376
2023-09-16 17:00:00+02:00,53.0,10.4,16.69,18.25
2023-09-16 18:00:00+02:00,53.0,11.0,17.4075,19.4635
2023-09-16 19:00:00+02:00,53.0,13.0,19.377,23.0455
2023-09-16 20:00:00+02:00,53.0,15.7,21.8235,28.0815
2023-09-16 21:00:00+02:00,53.0,16.3,22.2085,28.9875
2023-09-16 22:00:00+02:00,53.0,16.1,22.1355,28.8895
2023-09-16 23:00:00+02:00,53.0,14.8,21.134,26.4205
2023-09-17 00:00:00+02:00,53.0,13.2,19.74,23.593
2023-09-17 01:00:00+02:00,53.0,13.2,19.5915,23.33
2023-09-17 02:00:00+02:00,53.0,11.9,18.36,21.0155
2023-09-17 03:00:00+02:00,53.0,11.8,18.2355,20.9305
2023-09-17 04:00:00+02:00,53.0,10.8,17.166,19.091
2023-09-17 05:00:00+02:00,53.0,10.5,16.9115,18.754
2023-09-17 06:00:00+02:00,53.0,10.5,16.97,18.67
2023-09-17 07:00:00+02:00,53.0,9.4,15.7075,16.5755
2023-09-17 08:00:00+02:00,53.0,10.7,17.1615,19.0575
2023-09-17 09:00:00+02:00,53.0,9.3,15.595,16.55
2023-09-17 10:00:00+02:00,53.0,7.0,12.8735,13.1385
2023-09-17 11:00:00+02:00,53.0,4.2,8.5675,8.5765
2023-09-17 12:00:00+02:00,53.0,2.4,3.9045,3.923
2023-09-17 13:00:00+02:00,53.0,2.1,3.4405,3.4405
2023-09-17 14:00:00+02:00,53.0,1.5,2.3575,2.3575
2023-09-17 15:00:00+02:00,53.0,1.6,2.506,2.506
2023-09-17 16:00:00+02:00,53.0,1.7,2.644,2.644
2023-09-17 17:00:00+02:00,53.0,1.6,2.6115,2.6115
2023-09-17 18:00:00+02:00,53.0,2.2,3.888,3.9075
2023-09-17 19:00:00+02:00,53.0,3.8,6.8795,7.075
2023-09-17 20:00:00+02:00,53.0,4.2,8.395,8.4015
2023-09-17 21:00:00+02:00,53.0,4.5,8.497,8.8285
2023-09-17 22:00:00+02:00,53.0,3.3,6.2245,6.2365
2023-09-17 23:00:00+02:00,53.0,3.3,5.7935,5.8035
2023-09-18 00:00:00+02:00,53.0,3.0,4.9415,4.968
2023-09-18 01:00:00+02:00,53.0,2.9,4.884,4.913
2023-09-18 02:00:00+02:00,53.0,2.2,3.373,3.373
2023-09-18 03:00:00+02:00,53.0,2.2,3.5295,3.5295
2023-09-18 04:00:00+02:00,53.0,2.3,3.839,3.839
2023-09-18 05:00:00+02:00,53.0,2.2,3.435,3.435
2023-09-18 06:00:00+02:00,53.0,3.1,5.297,5.391
2023-09-18 07:00:00+02:00,53.0,3.3,6.248,6.2495
2023-09-18 08:00:00+02:00,53.0,3.6,6.8575,6.93
2023-09-18 09:00:00+02:00,53.0,4.3,7.9285,8.103
2023-09-18 10:00:00+02:00,53.0,3.6,7.2575,7.2645
2023-09-18 11:00:00+02:00,53.0,3.3,6.576,6.576
2023-09-18 12:00:00+02:00,53.0,3.2,5.3215,5.4065
2023-09-18 13:00:00+02:00,53.0,2.9,4.9305,4.9865
2023-09-18 14:00:00+02:00,53.0,2.3,3.705,3.7065
2023-09-18 15:00:00+02:00,53.0,2.4,3.9475,4.0045
2023-09-18 16:00:00+02:00,53.0,2.9,5.0745,5.0745
2023-09-18 17:00:00+02:00,53.0,5.5,9.7005,10.7305
2023-09-18 18:00:00+02:00,53.0,3.5,6.653,6.682
2023-09-18 19:00:00+02:00,53.0,4.1,8.7265,8.731
2023-09-18 20:00:00+02:00,53.0,4.4,8.9565,9.108
2023-09-18 21:00:00+02:00,53.0,3.8,7.3,7.4895
2023-09-18 22:00:00+02:00,53.0,4.0,8.259,8.272
2023-09-18 23:00:00+02:00,53.0,4.0,8.628,8.628
2023-09-19 00:00:00+02:00,53.0,2.9,5.427,5.427
2023-09-19 01:00:00+02:00,53.0,2.8,5.183,5.183
2023-09-19 02:00:00+02:00,53.0,2.8,4.7395,4.7645
2023-09-19 03:00:00+02:00,53.0,2.7,4.426,4.426
2023-09-19 04:00:00+02:00,53.0,4.0,5.7075,6.6655
2023-09-19 05:00:00+02:00,53.0,4.4,6.9085,7.44
2023-09-19 06:00:00+02:00,53.0,2.9,5.038,5.038
2023-09-19 07:00:00+02:00,53.0,4.0,7.4915,7.538
2023-09-19 08:00:00+02:00,53.0,5.2,10.69,10.7725
2023-09-19 09:00:00+02:00,53.0,2.6,4.674,4.674
2023-09-19 10:00:00+02:00,53.0,1.5,2.34,2.34
2023-09-19 11:00:00+02:00,53.0,1.4,2.0585,2.0585
2023-09-19 12:00:00+02:00,53.0,3.0,5.525,5.5315
2023-09-19 13:00:00+02:00,53.0,3.8,7.4545,7.5295
2023-09-19 14:00:00+02:00,53.0,4.4,7.8465,8.382
2023-09-19 15:00:00+02:00,53.0,3.8,6.664,6.917
2023-09-19 16:00:00+02:00,53.0,1.8,3.0915,3.0935
2023-09-19 17:00:00+02:00,53.0,2.3,3.597,3.747
2023-09-19 18:00:00+02:00,53.0,3.9,6.517,7.203
2023-09-19 19:00:00+02:00,53.0,3.7,6.8295,6.92
2023-09-19 20:00:00+02:00,53.0,3.8,6.348,6.7905
2023-09-19 21:00:00+02:00,53.0,4.7,7.9945,8.8035
2023-09-19 22:00:00+02:00,53.0,3.6,6.4505,6.5565
2023-09-19 23:00:00+02:00,53.0,4.7,8.095,8.7
2023-09-20 00:00:00+02:00,53.0,4.0,6.5255,7.2435
2023-09-20 01:00:00+02:00,53.0,4.5,7.4425,8.304
2023-09-20 02:00:00+02:00,53.0,4.2,6.608,7.1555
2023-09-20 03:00:00+02:00,53.0,2.0,3.0235,3.0235
2023-09-20 04:00:00+02:00,53.0,2.3,3.727,3.727
2023-09-20 05:00:00+02:00,53.0,1.6,2.5835,2.5835
2023-09-20 06:00:00+02:00,53.0,2.1,3.4885,3.506
2023-09-20 07:00:00+02:00,53.0,2.2,3.577,3.577
2023-09-20 08:00:00+02:00,53.0,3.6,6.7775,6.787
2023-09-20 09:00:00+02:00,53.0,9.8,15.4135,17.696
2023-09-20 10:00:00+02:00,53.0,4.3,8.1805,8.506
2023-09-20 11:00:00+02:00,53.0,4.3,8.7965,8.856
2023-09-20 12:00:00+02:00,53.0,5.0,10.3765,10.392
2023-09-20 13:00:00+02:00,53.0,5.4,10.4175,10.426
2023-09-20 14:00:00+02:00,53.0,4.5,9.226,9.283
2023-09-20 15:00:00+02:00,53.0,4.3,9.048,9.0545
2023-09-20 16:00:00+02:00,53.0,5.1,10.2925,10.2925
2023-09-20 17:00:00+02:00,53.0,5.9,11.448,11.4675
2023-09-20 18:00:00+02:00,53.0,10.8,17.124,19.602
2023-09-20 19:00:00+02:00,53.0,11.5,18.2535,20.9185
2023-09-20 20:00:00+02:00,53.0,10.5,16.647,18.5155
2023-09-20 21:00:00+02:00,53.0,9.8,16.179,17.5
2023-09-20 22:00:00+02:00,53.0,7.9,13.9845,14.1925
2023-09-20 23:00:00+02:00,53.0,6.2,12.042,12.1025
2023-09-21 00:00:00+02:00,53.0,2.9,5.6515,5.674
2023-09-21 01:00:00+02:00,53.0,1.9,2.8515,3.1995
2023-09-21 02:00:00+02:00,53.0,1.3,2.2075,2.2815
2023-09-21 03:00:00+02:00,53.0,1.6,2.5895,2.7345
2023-09-21 04:00:00+02:00,53.0,1.5,2.408,2.408
2023-09-21 05:00:00+02:00,53.0,1.5,2.4665,2.4665
2023-09-21 06:00:00+02:00,53.0,4.0,6.8325,7.509
2023-09-21 07:00:00+02:00,53.0,2.7,4.8445,4.8705
2023-09-21 08:00:00+02:00,53.0,3.7,7.245,7.305
2023-09-21 09:00:00+02:00,53.0,3.7,7.2205,7.335
2023-09-21 10:00:00+02:00,53.0,2.4,4.4655,4.4865
2023-09-21 11:00:00+02:00,53.0,1.0,1.657,1.657
2023-09-21 12:00:00+02:00,53.0,1.6,2.905,2.918
2023-09-21 13:00:00+02:00,53.0,2.5,4.5125,4.5295
2023-09-21 14:00:00+02:00,53.0,3.4,6.7295,6.7645
2023-09-21 15:00:00+02:00,53.0,1.1,1.6065,1.6085
2023-09-21 16:00:00+02:00,53.0,3.3,4.3195,5.599
2023-09-21 17:00:00+02:00,53.0,4.1,5.617,7.2585
2023-09-21 18:00:00+02:00,53.0,1.2,2.302,2.3035
2023-09-21 19:00:00+02:00,53.0,1.2,2.1935,2.1935
2023-09-21 20:00:00+02:00,53.0,2.1,3.969,4.0025
2023-09-21 21:00:00+02:00,53.0,1.2,1.9755,1.9755
2023-09-21 22:00:00+02:00,53.0,1.0,1.644,1.644
2023-09-21 23:00:00+02:00,53.0,2.1,3.6145,3.6145
2023-09-22 00:00:00+02:00,53.0,2.8,5.374,5.374
2023-09-22 01:00:00+02:00,53.0,2.4,4.201,4.2255
2023-09-22 02:00:00+02:00,53.0,1.3,2.2305,2.2305
2023-09-22 03:00:00+02:00,53.0,1.0,1.731,1.731
2023-09-22 04:00:00+02:00,53.0,1.8,3.027,3.027
2023-09-22 05:00:00+02:00,53.0,2.1,3.6415,3.6415
2023-09-22 06:00:00+02:00,53.0,2.7,5.147,5.2025
2023-09-22 07:00:00+02:00,53.0,5.5,10.807,11.1935
2023-09-22 08:00:00+02:00,53.0,7.4,13.832,14.396
2023-09-22 09:00:00+02:00,53.0,8.5,14.9915,16.401
2023-09-22 10:00:00+02:00,53.0,4.9,10.154,10.176
2023-09-22 11:00:00+02:00,53.0,1.8,3.0865,3.0865
2023-09-22 12:00:00+02:00,53.0,1.6,2.7035,2.7035
2023-09-22 13:00:00+02:00,53.0,2.0,3.185,3.185
2023-09-22 14:00:00+02:00,53.0,2.0,3.124,3.124
2023-09-22 15:00:00+02:00,53.0,2.0,3.313,3.313
2023-09-22 16:00:00+02:00,53.0,2.3,3.909,3.909
2023-09-22 17:00:00+02:00,53.0,3.8,7.2915,7.387
2023-09-22 18:00:00+02:00,53.0,3.3,6.181,6.1945
2023-09-22 19:00:00+02:00,53.0,3.4,6.4925,6.4925
2023-09-22 20:00:00+02:00,53.0,3.3,6.2235,6.232
2023-09-22 21:00:00+02:00,53.0,1.6,2.464,2.464
2023-09-22 22:00:00+02:00,53.0,1.4,2.187,2.187
2023-09-22 23:00:00+02:00,53.0,2.9,4.6345,4.7705
2023-09-23 00:00:00+02:00,53.0,3.6,7.1005,7.1145
2023-09-23 01:00:00+02:00,53.0,1.9,3.2185,3.2185
2023-09-23 02:00:00+02:00,53.0,1.3,2.1025,2.1025
2023-09-23 03:00:00+02:00,53.0,0.4,0.253,0.253
2023-09-23 04:00:00+02:00,53.0,0.9,0.911,1.143
2023-09-23 05:00:00+02:00,53.0,0.4,0.2545,0.26
2023-09-23 06:00:00+02:00,53.0,0.6,0.636,0.745
2023-09-23 07:00:00+02:00,53.0,0.6,0.5525,0.5585
2023-09-23 08:00:00+02:00,53.0,1.5,2.7665,2.7665
2023-09-23 09:00:00+02:00,53.0,0.7,0.8365,0.8365
2023-09-23 10:00:00+02:00,53.0,1.0,1.5535,1.5535
2023-09-23 11:00:00+02:00,53.0,3.2,6.6,6.608
2023-09-23 12:00:00+02:00,53.0,2.1,4.076,4.077
2023-09-23 13:00:00+02:00,53.0,3.7,7.077,7.2395
2023-09-23 14:00:00+02:00,53.0,5.3,9.568,10.1665
2023-09-23 15:00:00+02:00,53.0,5.0,10.6545,10.73
2023-09-23 16:00:00+02:00,53.0,5.5,11.241,11.2605
2023-09-23 17:00:00+02:00,53.0,5.2,10.4105,10.515
2023-09-23 18:00:00+02:00,53.0,7.5,13.6235,14.2865
2023-09-23 19:00:00+02:00,53.0,4.7,9.8575,9.8575
2023-09-23 20:00:00+02:00,53.0,3.9,7.696,7.728
2023-09-23 21:00:00+02:00,53.0,3.4,6.9705,6.9705
2023-09-23 22:00:00+02:00,53.0,3.1,5.874,5.874
2023-09-23 23:00:00+02:00,53.0,3.1,5.2435,5.2435
2023-09-24 00:00:00+02:00,53.0,3.4,6.438,6.438
2023-09-24 01:00:00+02:00,53.0,2.0,3.5145,3.5145
2023-09-24 02:00:00+02:00,53.0,0.0,0.016,0.016
2023-09-24 03:00:00+02:00,53.0,0.0,0.0075,0.0075
2023-09-24 04:00:00+02:00,53.0,0.2,0.3095,0.317
2023-09-24 05:00:00+02:00,53.0,0.3,0.4375,0.455
2023-09-24 06:00:00+02:00,53.0,0.3,0.196,0.196
2023-09-24 07:00:00+02:00,53.0,0.2,0.1675,0.1675
2023-09-24 08:00:00+02:00,53.0,0.4,0.339,0.339
2023-09-24 09:00:00+02:00,53.0,0.3,0.186,0.186
2023-09-24 10:00:00+02:00,53.0,0.8,0.821,1.048
2023-09-24 11:00:00+02:00,53.0,0.3,0.076,0.076
2023-09-24 12:00:00+02:00,53.0,0.4,0.23,0.2445
2023-09-24 13:00:00+02:00,53.0,0.3,0.093,0.093
2023-09-24 14:00:00+02:00,53.0,0.6,0.5775,0.591
2023-09-24 15:00:00+02:00,53.0,0.5,0.348,0.348
2023-09-24 16:00:00+02:00,53.0,0.8,1.0015,1.0015
2023-09-24 17:00:00+02:00,53.0,0.8,1.126,1.126
2023-09-24 18:00:00+02:00,53.0,0.5,0.5025,0.5025
2023-09-24 19:00:00+02:00,53.0,2.4,3.6945,4.1495
2023-09-24 20:00:00+02:00,53.0,2.8,4.822,5.098
2023-09-24 21:00:00+02:00,53.0,1.1,1.9,1.9
2023-09-24 22:00:00+02:00,53.0,1.5,2.5985,2.731
2023-09-24 23:00:00+02:00,53.0,1.3,1.4565,1.7965
2023-09-25 00:00:00+02:00,53.0,1.6,2.15,2.381
2023-09-25 01:00:00+02:00,53.0,1.7,2.2535,2.693
2023-09-25 02:00:00+02:00,53.0,0.7,1.0135,1.0295
2023-09-25 03:00:00+02:00,53.0,0.2,0.0115,0.0115
2023-09-25 04:00:00+02:00,53.0,0.2,0.1935,0.1935
2023-09-25 05:00:00+02:00,53.0,0.9,1.402,1.4545
2023-09-25 06:00:00+02:00,53.0,0.7,1.0135,1.0135
2023-09-25 07:00:00+02:00,53.0,0.7,0.9935,1.033
2023-09-25 08:00:00+02:00,53.0,1.4,2.4555,2.489
2023-09-25 09:00:00+02:00,53.0,1.7,2.718,2.8975
2023-09-25 10:00:00+02:00,53.0,1.3,2.19,2.234
2023-09-25 11:00:00+02:00,53.0,1.9,2.871,3.168
2023-09-25 12:00:00+02:00,53.0,1.8,3.2115,3.231
2023-09-25 13:00:00+02:00,53.0,1.9,2.975,3.2145
2023-09-25 14:00:00+02:00,53.0,1.9,3.3565,3.358
2023-09-25 15:00:00+02:00,53.0,1.5,2.71,2.71
2023-09-25 16:00:00+02:00,53.0,2.2,3.895,3.8985
2023-09-25 17:00:00+02:00,53.0,4.1,8.3125,8.333
2023-09-25 18:00:00+02:00,53.0,4.6,9.228,9.261
2023-09-25 19:00:00+02:00,53.0,5.5,11.155,11.287
2023-09-25 20:00:00+02:00,53.0,9.6,15.8955,16.981
2023-09-25 21:00:00+02:00,53.0,9.0,15.1595,15.7685
2023-09-25 22:00:00+02:00,53.0,7.7,13.559,13.821
2023-09-25 23:00:00+02:00,53.0,5.2,10.303,10.4385
2023-09-26 00:00:00+02:00,53.0,5.1,10.3215,10.365
2023-09-26 01:00:00+02:00,53.0,5.4,10.574,10.6185
2023-09-26 02:00:00+02:00,53.0,4.1,8.5815,8.5815
2023-09-26 03:00:00+02:00,53.0,4.9,9.8195,9.8195
2023-09-26 04:00:00+02:00,53.0,4.6,9.202,9.202
2023-09-26 05:00:00+02:00,53.0,4.4,8.663,8.876
2023-09-26 06:00:00+02:00,53.0,5.5,10.3815,11.0135
2023-09-26 07:00:00+02:00,53.0,8.3,14.619,15.211
2023-09-26 08:00:00+02:00,53.0,8.2,14.0505,14.265
2023-09-26 09:00:00+02:00,53.0,8.6,14.5405,14.9905
2023-09-26 10:00:00+02:00,53.0,9.7,15.8095,16.8115
2023-09-26 11:00:00+02:00,53.0,9.4,15.42,16.135
2023-09-26 12:00:00+02:00,53.0,11.8,17.765,20.222
2023-09-26 13:00:00+02:00,53.0,11.9,18.0905,20.7295
2023-09-26 14:00:00+02:00,53.0,11.8,17.932,20.3415
2023-09-26 15:00:00+02:00,53.0,11.4,17.541,19.7675
2023-09-26 16:00:00+02:00,53.0,9.6,15.6375,16.5
2023-09-26 17:00:00+02:00,53.0,8.7,14.689,15.141
2023-09-26 18:00:00+02:00,53.0,9.4,15.6565,16.695
2023-09-26 19:00:00+02:00,53.0,10.3,16.606,18.185
2023-09-26 20:00:00+02:00,53.0,11.2,17.4275,19.652
2023-09-26 21:00:00+02:00,53.0,10.8,17.0175,18.87
2023-09-26 22:00:00+02:00,53.0,10.0,16.2045,17.464
2023-09-26 23:00:00+02:00,53.0,9.6,15.95,16.961
2023-09-27 00:00:00+02:00,53.0,11.0,17.32,19.4655
2023-09-27 01:00:00+02:00,53.0,9.0,15.3445,15.995
2023-09-27 02:00:00+02:00,53.0,9.9,16.215,17.5265
2023-09-27 03:00:00+02:00,53.0,9.9,16.1035,17.428
2023-09-27 04:00:00+02:00,53.0,9.2,15.4485,16.316
2023-09-27 05:00:00+02:00,53.0,8.9,15.181,15.827
2023-09-27 06:00:00+02:00,53.0,8.3,14.3485,14.667
2023-09-27 07:00:00+02:00,53.0,8.0,14.02,14.175
2023-09-27 08:00:00+02:00,53.0,7.8,13.8445,13.971
2023-09-27 09:00:00+02:00,53.0,9.5,15.9475,17.0795
2023-09-27 10:00:00+02:00,53.0,11.4,17.897,20.3435
2023-09-27 11:00:00+02:00,53.0,10.9,17.441,19.603
2023-09-27 12:00:00+02:00,53.0,7.3,13.449,13.5965
2023-09-27 13:00:00+02:00,53.0,5.0,10.4635,10.4715
2023-09-27 14:00:00+02:00,53.0,5.5,10.9715,11.0635
2023-09-27 15:00:00+02:00,53.0,4.5,9.799,9.799
2023-09-27 16:00:00+02:00,53.0,4.5,9.603,9.603
2023-09-27 17:00:00+02:00,53.0,4.4,9.503,9.503
2023-09-27 18:00:00+02:00,53.0,5.1,10.949,10.949
2023-09-27 19:00:00+02:00,53.0,8.1,14.4525,14.8545
2023-09-27 20:00:00+02:00,53.0,9.0,15.3165,16.0295
2023-09-27 21:00:00+02:00,53.0,8.4,14.6885,14.9855
2023-09-27 22:00:00+02:00,53.0,8.2,14.25,14.63
2023-09-27 23:00:00+02:00,53.0,7.5,13.5745,13.728
2023-09-28 00:00:00+02:00,53.0,6.7,12.536,12.536
2023-09-28 01:00:00+02:00,53.0,11.1,17.885,21.115
2023-09-28 02:00:00+02:00,53.0,6.6,12.302,12.316
2023-09-28 03:00:00+02:00,53.0,6.2,11.961,12.0115
2023-09-28 04:00:00+02:00,53.0,6.7,12.638,13.0115
2023-09-28 05:00:00+02:00,53.0,6.2,12.1065,12.1715
2023-09-28 06:00:00+02:00,53.0,6.9,12.8655,13.248
2023-09-28 07:00:00+02:00,53.0,6.9,12.942,13.007
2023-09-28 08:00:00+02:00,53.0,6.0,11.853,11.878
2023-09-28 09:00:00+02:00,53.0,6.5,12.4425,12.5675
2023-09-28 10:00:00+02:00,53.0,7.4,13.4545,13.786
2023-09-28 11:00:00+02:00,53.0,7.7,13.743,13.998
2023-09-28 12:00:00+02:00,53.0,7.2,13.3815,13.4985
2023-09-28 13:00:00+02:00,53.0,5.6,11.5475,11.5755
2023-09-28 14:00:00+02:00,53.0,4.5,9.779,9.7815
2023-09-28 15:00:00+02:00,53.0,4.7,10.071,10.1435
2023-09-28 16:00:00+02:00,53.0,3.6,7.965,7.965
2023-09-28 17:00:00+02:00,53.0,3.2,5.9565,5.9565
2023-09-28 18:00:00+02:00,53.0,3.9,8.6025,8.6025
2023-09-28 19:00:00+02:00,53.0,4.1,9.049,9.049
2023-09-28 20:00:00+02:00,53.0,5.8,11.475,11.809
2023-09-28 21:00:00+02:00,53.0,5.1,10.806,10.9415
2023-09-28 22:00:00+02:00,53.0,6.3,11.609,12.9945
2023-09-28 23:00:00+02:00,53.0,4.8,9.9045,10.114
2023-09-29 00:00:00+02:00,53.0,4.9,9.473,10.067
2023-09-29 01:00:00+02:00,53.0,4.2,8.646,8.7595
2023-09-29 02:00:00+02:00,53.0,4.8,7.8665,8.667
2023-09-29 03:00:00+02:00,53.0,3.5,7.186,7.237
2023-09-29 04:00:00+02:00,53.0,3.8,6.701,6.864
2023-09-29 05:00:00+02:00,53.0,5.4,8.9255,10.019
2023-09-29 06:00:00+02:00,53.0,4.2,8.599,8.819
2023-09-29 07:00:00+02:00,53.0,4.8,9.951,10.1135
2023-09-29 08:00:00+02:00,53.0,6.5,12.522,12.932
2023-09-29 09:00:00+02:00,53.0,5.6,11.3815,11.4165
2023-09-29 10:00:00+02:00,53.0,4.2,9.0335,9.0345
2023-09-29 11:00:00+02:00,53.0,4.3,9.295,9.3485
2023-09-29 12:00:00+02:00,53.0,4.0,8.966,8.975
2023-09-29 13:00:00+02:00,53.0,4.1,9.271,9.3065
2023-09-29 14:00:00+02:00,53.0,4.4,9.7735,9.7895
2023-09-29 15:00:00+02:00,53.0,4.1,9.0595,9.1805
2023-09-29 16:00:00+02:00,53.0,3.4,7.3775,7.3835
2023-09-29 17:00:00+02:00,53.0,4.6,10.154,10.2005
2023-09-29 18:00:00+02:00,53.0,5.5,11.7915,11.868
2023-09-29 19:00:00+02:00,53.0,9.7,16.864,18.5735
2023-09-29 20:00:00+02:00,53.0,9.7,16.634,18.1155
2023-09-29 21:00:00+02:00,53.0,10.4,17.2285,19.1675
2023-09-29 22:00:00+02:00,53.0,9.4,16.2105,17.4535
2023-09-29 23:00:00+02:00,53.0,9.3,16.0945,17.2615
2023-09-30 00:00:00+02:00,53.0,8.3,14.99,15.454
2023-09-30 01:00:00+02:00,53.0,9.2,16.0165,17.296
2023-09-30 02:00:00+02:00,53.0,9.6,16.576,18.18
2023-09-30 03:00:00+02:00,53.0,8.8,15.7235,16.6615
2023-09-30 04:00:00+02:00,53.0,8.1,14.9475,15.391
2023-09-30 05:00:00+02:00,53.0,8.1,14.999,15.5365
2023-09-30 06:00:00+02:00,53.0,8.0,14.795,15.131
2023-09-30 07:00:00+02:00,53.0,8.4,15.1725,15.7115
2023-09-30 08:00:00+02:00,53.0,10.1,16.831,18.647
2023-09-30 09:00:00+02:00,53.0,9.3,15.9805,17.2675
2023-09-30 10:00:00+02:00,53.0,8.0,14.6525,15.1315
2023-09-30 11:00:00+02:00,53.0,8.4,15.15,15.7755
2023-09-30 12:00:00+02:00,53.0,8.3,15.089,15.69
2023-09-30 13:00:00+02:00,53.0,7.2,14.15,14.4335
2023-09-30 14:00:00+02:00,53.0,6.3,12.9745,13.0925
2023-09-30 15:00:00+02:00,53.0,5.4,11.4045,11.4805
2023-09-30 16:00:00+02:00,53.0,4.9,10.588,10.5905
2023-09-30 17:00:00+02:00,53.0,6.5,12.801,12.9365
2023-09-30 18:00:00+02:00,53.0,7.5,13.951,14.2845
2023-09-30 19:00:00+02:00,53.0,8.8,15.356,16.137
2023-09-30 20:00:00+02:00,53.0,9.3,16.042,17.1225
2023-09-30 21:00:00+02:00,53.0,12.0,18.7015,21.783
2023-09-30 22:00:00+02:00,53.0,10.6,17.2725,19.265
2023-09-30 23:00:00+02:00,53.0,9.8,16.467,17.855
2023-10-01 00:00:00+02:00,53.0,9.8,16.2255,17.53
2023-10-01 01:00:00+02:00,53.0,9.3,15.8775,16.922
2023-10-01 02:00:00+02:00,53.0,8.8,15.26,15.917
2023-10-01 03:00:00+02:00,53.0,9.0,15.3955,16.3135
2023-10-01 04:00:00+02:00,53.0,8.6,14.8385,15.5255
2023-10-01 05:00:00+02:00,53.0,7.3,13.3215,13.458
2023-10-01 06:00:00+02:00,53.0,7.7,13.6785,13.903
2023-10-01 07:00:00+02:00,53.0,8.3,14.5065,14.8625
2023-10-01 08:00:00+02:00,53.0,7.9,14.0255,14.2905
2023-10-01 09:00:00+02:00,53.0,8.0,14.0555,14.2655
2023-10-01 10:00:00+02:00,53.0,5.0,10.2595,10.261
2023-10-01 11:00:00+02:00,53.0,3.9,6.8495,7.227
2023-10-01 12:00:00+02:00,53.0,3.5,6.614,6.614
2023-10-01 13:00:00+02:00,53.0,2.6,4.441,4.441
2023-10-01 14:00:00+02:00,53.0,2.1,3.5515,3.5515
2023-10-01 15:00:00+02:00,53.0,2.2,3.58,3.58
2023-10-01 16:00:00+02:00,53.0,2.7,4.3305,4.561
2023-10-01 17:00:00+02:00,53.0,4.4,8.327,8.457
2023-10-01 18:00:00+02:00,53.0,6.1,11.573,11.7265
2023-10-01 19:00:00+02:00,53.0,4.6,9.702,9.72
2023-10-01 20:00:00+02:00,53.0,4.3,8.8595,8.9275
2023-10-01 21:00:00+02:00,53.0,3.8,7.7455,7.747
2023-10-01 22:00:00+02:00,53.0,3.9,7.1455,7.2335
2023-10-01 23:00:00+02:00,53.0,3.9,7.783,7.7855
2023-10-02 00:00:00+02:00,53.0,3.3,6.032,6.032
2023-10-02 01:00:00+02:00,53.0,3.5,6.14,6.161
2023-10-02 02:00:00+02:00,53.0,3.9,5.791,6.358
2023-10-02 03:00:00+02:00,53.0,2.9,4.7485,4.751
2023-10-02 04:00:00+02:00,53.0,2.8,4.2825,4.3025
2023-10-02 05:00:00+02:00,53.0,4.0,6.382,6.878
2023-10-02 06:00:00+02:00,53.0,3.4,6.0405,6.042
2023-10-02 07:00:00+02:00,53.0,3.7,7.248,7.26
2023-10-02 08:00:00+02:00,53.0,5.4,10.3,10.4915
2023-10-02 09:00:00+02:00,53.0,5.3,10.1005,10.1305
2023-10-02 10:00:00+02:00,53.0,4.1,7.8795,7.8875
2023-10-02 11:00:00+02:00,53.0,5.2,9.078,9.4335
2023-10-02 12:00:00+02:00,53.0,6.5,11.186,11.77
2023-10-02 13:00:00+02:00,53.0,4.6,9.175,9.213
2023-10-02 14:00:00+02:00,53.0,4.6,7.165,8.1825
2023-10-02 15:00:00+02:00,53.0,2.6,4.5635,4.6745
2023-10-02 16:00:00+02:00,53.0,2.3,3.529,3.529
2023-10-02 17:00:00+02:00,53.0,3.1,5.2275,5.2275
2023-10-02 18:00:00+02:00,53.0,5.9,10.0315,11.0175
2023-10-02 19:00:00+02:00,53.0,4.9,9.865,9.865
2023-10-02 20:00:00+02:00,53.0,6.2,11.6495,12.139
2023-10-02 21:00:00+02:00,53.0,5.7,10.9825,11.6625
2023-10-02 22:00:00+02:00,53.0,4.6,9.0665,9.2705
2023-10-02 23:00:00+02:00,53.0,3.7,6.808,6.8695
2023-10-03 00:00:00+02:00,53.0,5.5,7.96,9.5055
2023-10-03 01:00:00+02:00,53.0,2.6,4.344,4.344
2023-10-03 02:00:00+02:00,53.0,2.3,3.5505,3.5505
2023-10-03 03:00:00+02:00,53.0,2.4,3.8745,3.8865
2023-10-03 04:00:00+02:00,53.0,2.2,3.2825,3.2825
2023-10-03 05:00:00+02:00,53.0,2.5,3.914,3.914
2023-10-03 06:00:00+02:00,53.0,3.7,7.6725,7.6725
2023-10-03 07:00:00+02:00,53.0,4.6,9.8255,9.829
2023-10-03 08:00:00+02:00,53.0,7.5,13.5075,14.191
2023-10-03 09:00:00+02:00,53.0,6.1,11.583,11.7685
2023-10-03 10:00:00+02:00,53.0,5.3,9.8915,10.167
2023-10-03 11:00:00+02:00,53.0,3.3,5.9365,6.0985
2023-10-03 12:00:00+02:00,53.0,2.3,4.1575,4.2025
2023-10-03 13:00:00+02:00,53.0,2.0,3.416,3.416
2023-10-03 14:00:00+02:00,53.0,3.1,5.705,5.75
2023-10-03 15:00:00+02:00,53.0,4.2,8.3425,8.424
2023-10-03 16:00:00+02:00,53.0,2.9,5.052,5.052
2023-10-03 17:00:00+02:00,53.0,7.7,12.8085,13.8725
2023-10-03 18:00:00+02:00,53.0,5.1,10.5755,10.658
2023-10-03 19:00:00+02:00,53.0,5.4,11.004,11.295
2023-10-03 20:00:00+02:00,53.0,5.2,10.807,10.839
2023-10-03 21:00:00+02:00,53.0,4.0,8.405,8.4205
2023-10-03 22:00:00+02:00,53.0,3.7,7.669,7.669
2023-10-03 23:00:00+02:00,53.0,3.8,7.31,7.3925
2023-10-04 00:00:00+02:00,53.0,3.5,5.661,5.821
2023-10-04 01:00:00+02:00,53.0,2.2,3.2935,3.2935
2023-10-04 02:00:00+02:00,53.0,2.1,3.059,3.059
2023-10-04 03:00:00+02:00,53.0,2.6,4.23,4.23
2023-10-04 04:00:00+02:00,53.0,4.3,6.1295,7.32
2023-10-04 05:00:00+02:00,53.0,2.5,4.0505,4.0505
2023-10-04 06:00:00+02:00,53.0,3.5,5.4075,5.972
2023-10-04 07:00:00+02:00,53.0,3.1,5.706,5.7145
2023-10-04 08:00:00+02:00,53.0,3.4,6.619,6.623
2023-10-04 09:00:00+02:00,53.0,3.5,6.2905,6.315
2023-10-04 10:00:00+02:00,53.0,4.0,7.499,7.6465
2023-10-04 11:00:00+02:00,53.0,3.9,8.171,8.171
2023-10-04 12:00:00+02:00,53.0,2.6,4.408,4.408
2023-10-04 13:00:00+02:00,53.0,1.6,2.637,2.637
2023-10-04 14:00:00+02:00,53.0,2.0,3.3145,3.3145
2023-10-04 15:00:00+02:00,53.0,1.7,2.868,2.8735
2023-10-04 16:00:00+02:00,53.0,1.9,3.326,3.3365
2023-10-04 17:00:00+02:00,53.0,2.3,4.1155,4.324
2023-10-04 18:00:00+02:00,53.0,3.0,5.4045,5.584
2023-10-04 19:00:00+02:00,53.0,3.2,6.142,6.206
2023-10-04 20:00:00+02:00,53.0,3.2,6.4145,6.4145
2023-10-04 21:00:00+02:00,53.0,2.8,4.8915,4.9235
2023-10-04 22:00:00+02:00,53.0,3.3,6.2455,6.2585
2023-10-04 23:00:00+02:00,53.0,3.5,6.051,6.326
2023-10-05 00:00:00+02:00,53.0,4.1,7.9475,8.0375
2023-10-05 01:00:00+02:00,53.0,2.8,5.115,5.115
2023-10-05 02:00:00+02:00,53.0,2.5,4.4125,4.4205
2023-10-05 03:00:00+02:00,53.0,2.4,3.9885,3.9885
2023-10-05 04:00:00+02:00,53.0,2.7,4.9135,4.9435
2023-10-05 05:00:00+02:00,53.0,2.2,3.748,3.7945
2023-10-05 06:00:00+02:00,53.0,3.1,5.1085,5.4845
2023-10-05 07:00:00+02:00,53.0,4.0,7.542,7.7575
2023-10-05 08:00:00+02:00,53.0,3.4,6.3375,6.402
2023-10-05 09:00:00+02:00,53.0,2.9,5.484,5.484
2023-10-05 10:00:00+02:00,53.0,4.1,8.6775,8.6825
2023-10-05 11:00:00+02:00,53.0,4.0,8.547,8.5595
2023-10-05 12:00:00+02:00,53.0,4.3,8.9825,9.1175
2023-10-05 13:00:00+02:00,53.0,4.1,8.3055,8.514
2023-10-05 14:00:00+02:00,53.0,3.2,6.1725,6.1745
2023-10-05 15:00:00+02:00,53.0,3.1,5.7785,5.8005
2023-10-05 16:00:00+02:00,53.0,2.9,4.9875,5.0255
2023-10-05 17:00:00+02:00,53.0,2.9,4.935,4.935
2023-10-05 18:00:00+02:00,53.0,7.2,13.152,13.7675
2023-10-05 19:00:00+02:00,53.0,5.2,10.504,10.8625
2023-10-05 20:00:00+02:00,53.0,6.0,11.676,11.875
2023-10-05 21:00:00+02:00,53.0,5.8,11.661,11.7375
2023-10-05 22:00:00+02:00,53.0,5.2,10.736,10.7735
2023-10-05 23:00:00+02:00,53.0,4.4,9.279,9.3545
2023-10-06 00:00:00+02:00,53.0,4.1,9.029,9.048
2023-10-06 01:00:00+02:00,53.0,3.9,8.3975,8.4015
2023-10-06 02:00:00+02:00,53.0,4.1,8.7265,8.765
2023-10-06 03:00:00+02:00,53.0,3.9,7.6975,7.748
2023-10-06 04:00:00+02:00,53.0,3.2,6.027,6.027
2023-10-06 05:00:00+02:00,53.0,4.2,9.1,9.1
2023-10-06 06:00:00+02:00,53.0,4.1,8.7295,8.789
2023-10-06 07:00:00+02:00,53.0,4.8,10.346,10.4125
2023-10-06 08:00:00+02:00,53.0,5.9,11.77,11.975
2023-10-06 09:00:00+02:00,53.0,6.3,12.301,12.481
2023-10-06 10:00:00+02:00,53.0,6.6,12.787,13.167
2023-10-06 11:00:00+02:00,53.0,5.3,10.9145,10.994
2023-10-06 12:00:00+02:00,53.0,4.4,8.878,8.9205
2023-10-06 13:00:00+02:00,53.0,3.5,6.628,6.6545
2023-10-06 14:00:00+02:00,53.0,2.0,3.263,3.263
2023-10-06 15:00:00+02:00,53.0,2.0,3.525,3.5635
2023-10-06 16:00:00+02:00,53.0,2.0,3.575,3.609
2023-10-06 17:00:00+02:00,53.0,2.5,4.381,4.4
2023-10-06 18:00:00+02:00,53.0,4.8,8.924,9.381
2023-10-06 19:00:00+02:00,53.0,4.4,9.498,9.577
2023-10-06 20:00:00+02:00,53.0,5.5,11.0115,11.4215
2023-10-06 21:00:00+02:00,53.0,5.2,10.7195,10.9875
2023-10-06 22:00:00+02:00,53.0,4.6,10.1035,10.115
2023-10-06 23:00:00+02:00,53.0,4.1,8.6,8.7105
2023-10-07 00:00:00+02:00,53.0,3.4,6.65,6.663
2023-10-07 01:00:00+02:00,53.0,2.9,5.0105,5.0105
2023-10-07 02:00:00+02:00,53.0,3.1,5.4155,5.4955
2023-10-07 03:00:00+02:00,53.0,2.5,4.3275,4.338
2023-10-07 04:00:00+02:00,53.0,2.2,3.6245,3.6295
2023-10-07 05:00:00+02:00,53.0,4.4,6.8485,7.703
2023-10-07 06:00:00+02:00,53.0,2.7,4.928,4.928
2023-10-07 07:00:00+02:00,53.0,3.4,7.0115,7.0115
2023-10-07 08:00:00+02:00,53.0,4.3,8.4655,8.4895
2023-10-07 09:00:00+02:00,53.0,4.8,10.025,10.0985
2023-10-07 10:00:00+02:00,53.0,3.3,6.4125,6.427
2023-10-07 11:00:00+02:00,53.0,4.0,5.9055,7.013
2023-10-07 12:00:00+02:00,53.0,1.7,2.8155,2.8155
2023-10-07 13:00:00+02:00,53.0,2.0,3.7325,3.7325
2023-10-07 14:00:00+02:00,53.0,2.3,3.946,3.9475
2023-10-07 15:00:00+02:00,53.0,2.4,4.1515,4.153
2023-10-07 16:00:00+02:00,53.0,3.7,7.3775,7.4415
2023-10-07 17:00:00+02:00,53.0,3.2,6.0555,6.0555
2023-10-07 18:00:00+02:00,53.0,7.0,12.2005,12.973
2023-10-07 19:00:00+02:00,53.0,5.0,10.417,10.4345
2023-10-07 20:00:00+02:00,53.0,5.1,10.5855,10.599
2023-10-07 21:00:00+02:00,53.0,4.1,8.9785,8.989
2023-10-07 22:00:00+02:00,53.0,3.5,6.7205,6.7215
2023-10-07 23:00:00+02:00,53.0,3.5,5.993,6.254
2023-10-08 00:00:00+02:00,53.0,2.2,3.5835,3.5835
2023-10-08 01:00:00+02:00,53.0,4.4,6.0255,7.664
2023-10-08 02:00:00+02:00,53.0,3.0,4.3635,5.0085
2023-10-08 03:00:00+02:00,53.0,1.9,2.938,2.938
2023-10-08 04:00:00+02:00,53.0,2.0,3.112,3.112
2023-10-08 05:00:00+02:00,53.0,1.6,2.597,2.597
2023-10-08 06:00:00+02:00,53.0,2.2,3.816,3.816
2023-10-08 07:00:00+02:00,53.0,2.9,5.5095,5.5095
2023-10-08 08:00:00+02:00,53.0,7.1,12.505,13.299
2023-10-08 09:00:00+02:00,53.0,7.1,12.6195,13.164
2023-10-08 10:00:00+02:00,53.0,5.9,11.1705,11.565
2023-10-08 11:00:00+02:00,53.0,4.6,9.355,9.3675
2023-10-08 12:00:00+02:00,53.0,3.6,6.7225,6.779
2023-10-08 13:00:00+02:00,53.0,1.2,1.819,1.819
2023-10-08 14:00:00+02:00,53.0,1.9,3.3295,3.33
2023-10-08 15:00:00+02:00,53.0,4.3,8.298,8.6815
2023-10-08 16:00:00+02:00,53.0,8.3,13.2865,14.856
2023-10-08 17:00:00+02:00,53.0,5.9,11.39,11.727
2023-10-08 18:00:00+02:00,53.0,7.9,14.166,14.798
2023-10-08 19:00:00+02:00,53.0,9.4,15.607,17.5315
2023-10-08 20:00:00+02:00,53.0,8.5,14.7125,15.587
2023-10-08 21:00:00+02:00,53.0,2.2,3.8195,3.8195
2023-10-08 22:00:00+02:00,53.0,1.4,2.14,2.14
2023-10-08 23:00:00+02:00,53.0,0.9,1.3145,1.3145
2023-10-09 00:00:00+02:00,53.0,0.5,0.5195,0.5195
2023-10-09 01:00:00+02:00,53.0,1.7,2.2485,2.7205
2023-10-09 02:00:00+02:00,53.0,0.8,1.2235,1.2235
2023-10-09 03:00:00+02:00,53.0,0.4,0.166,0.166
2023-10-09 04:00:00+02:00,53.0,0.2,0.009,0.009
2023-10-09 05:00:00+02:00,53.0,0.3,0.206,0.206
2023-10-09 06:00:00+02:00,53.0,0.5,0.4045,0.4045
2023-10-09 07:00:00+02:00,53.0,1.8,3.225,3.2855
2023-10-09 08:00:00+02:00,53.0,3.1,6.35,6.3815
2023-10-09 09:00:00+02:00,53.0,3.8,8.0715,8.1445
2023-10-09 10:00:00+02:00,53.0,13.4,19.3835,23.6655
2023-10-09 11:00:00+02:00,53.0,8.4,14.5025,15.0435
2023-10-09 12:00:00+02:00,53.0,3.5,6.8445,6.8605
2023-10-09 13:00:00+02:00,53.0,3.9,7.8125,7.8625
2023-10-09 14:00:00+02:00,53.0,3.7,7.654,7.6645
2023-10-09 15:00:00+02:00,53.0,3.9,8.2855,8.3295
2023-10-09 16:00:00+02:00,53.0,4.9,10.304,10.454
2023-10-09 17:00:00+02:00,53.0,5.8,11.8255,11.916
2023-10-09 18:00:00+02:00,53.0,9.8,16.6545,18.2215
2023-10-09 19:00:00+02:00,53.0,12.2,19.036,22.4005
2023-10-09 20:00:00+02:00,53.0,14.6,21.138,26.6165
2023-10-09 21:00:00+02:00,53.0,12.8,19.608,23.4235
2023-10-09 22:00:00+02:00,53.0,10.7,17.517,19.6825
2023-10-09 23:00:00+02:00,53.0,9.3,15.9045,16.972
2023-10-10 00:00:00+02:00,53.0,7.7,14.015,14.339
2023-10-10 01:00:00+02:00,53.0,9.6,16.183,17.504
2023-10-10 02:00:00+02:00,53.0,6.6,12.8385,12.869
2023-10-10 03:00:00+02:00,53.0,6.3,12.376,12.4245
2023-10-10 04:00:00+02:00,53.0,5.0,10.8115,10.8115
2023-10-10 05:00:00+02:00,53.0,5.6,11.5775,11.63
2023-10-10 06:00:00+02:00,53.0,7.7,14.1975,14.522
2023-10-10 07:00:00+02:00,53.0,11.1,17.907,20.516
2023-10-10 08:00:00+02:00,53.0,8.6,15.116,16.173
2023-10-10 09:00:00+02:00,53.0,5.2,10.8285,11.093
2023-10-10 10:00:00+02:00,53.0,5.8,11.809,11.927
2023-10-10 11:00:00+02:00,53.0,5.7,11.6555,11.7245
2023-10-10 12:00:00+02:00,53.0,4.5,9.5425,9.5805
2023-10-10 13:00:00+02:00,53.0,3.8,7.669,7.6775
2023-10-10 14:00:00+02:00,53.0,3.9,8.0605,8.177
2023-10-10 15:00:00+02:00,53.0,3.8,8.225,8.225
2023-10-10 16:00:00+02:00,53.0,4.7,10.021,10.0235
2023-10-10 17:00:00+02:00,53.0,4.3,8.9835,8.9865
2023-10-10 18:00:00+02:00,53.0,4.5,9.5395,9.553
2023-10-10 19:00:00+02:00,53.0,6.4,12.685,13.02
2023-10-10 20:00:00+02:00,53.0,7.6,13.871,14.724
2023-10-10 21:00:00+02:00,53.0,7.5,13.7415,14.139
2023-10-10 22:00:00+02:00,53.0,7.5,13.8565,14.1095
2023-10-10 23:00:00+02:00,53.0,7.6,13.864,14.2965
2023-10-11 00:00:00+02:00,53.0,6.3,12.3955,12.4385
2023-10-11 01:00:00+02:00,53.0,5.6,11.546,11.5615
2023-10-11 02:00:00+02:00,53.0,5.2,10.9215,11.0105
2023-10-11 03:00:00+02:00,53.0,4.6,10.008,10.0445
2023-10-11 04:00:00+02:00,53.0,4.3,9.5255,9.557
2023-10-11 05:00:00+02:00,53.0,4.7,10.128,10.304
2023-10-11 06:00:00+02:00,53.0,5.0,10.7055,10.7415
2023-10-11 07:00:00+02:00,53.0,6.4,12.7395,12.932
2023-10-11 08:00:00+02:00,53.0,7.1,13.449,13.9505
2023-10-11 09:00:00+02:00,53.0,7.5,13.7565,14.0625
2023-10-11 10:00:00+02:00,53.0,6.6,12.914,13.1585
2023-10-11 11:00:00+02:00,53.0,6.7,12.6145,13.065
2023-10-11 12:00:00+02:00,53.0,5.0,10.5555,10.682
2023-10-11 13:00:00+02:00,53.0,5.7,11.5265,11.9055
2023-10-11 14:00:00+02:00,53.0,4.1,8.8475,8.8535
2023-10-11 15:00:00+02:00,53.0,2.8,5.026,5.026
2023-10-11 16:00:00+02:00,53.0,2.9,5.206,5.206
2023-10-11 17:00:00+02:00,53.0,2.7,4.78,4.78
2023-10-11 18:00:00+02:00,53.0,7.2,13.1875,14.3925
2023-10-11 19:00:00+02:00,53.0,10.3,16.886,19.7525
2023-10-11 20:00:00+02:00,53.0,8.2,14.6045,15.1295
2023-10-11 21:00:00+02:00,53.0,7.8,13.9505,14.473
2023-10-11 22:00:00+02:00,53.0,6.2,12.4575,12.6175
2023-10-11 23:00:00+02:00,53.0,5.8,11.6605,11.892
2023-10-12 00:00:00+02:00,53.0,4.4,9.574,9.577
2023-10-12 01:00:00+02:00,53.0,4.5,9.7125,9.715
2023-10-12 02:00:00+02:00,53.0,7.5,13.833,13.9025
2023-10-12 03:00:00+02:00,53.0,4.6,9.6845,9.6845
2023-10-12 04:00:00+02:00,53.0,4.1,8.7525,8.7525
2023-10-12 05:00:00+02:00,53.0,5.5,11.491,11.491
2023-10-12 06:00:00+02:00,53.0,7.3,13.8725,14.2205
2023-10-12 07:00:00+02:00,53.0,9.3,16.1015,17.2285
2023-10-12 08:00:00+02:00,53.0,11.1,17.493,20.121
2023-10-12 09:00:00+02:00,53.0,11.1,17.5245,19.7965
2023-10-12 10:00:00+02:00,53.0,7.1,13.1905,13.5355
2023-10-12 11:00:00+02:00,53.0,4.2,8.4285,8.4705
2023-10-12 12:00:00+02:00,53.0,2.2,4.112,4.112
2023-10-12 13:00:00+02:00,53.0,3.1,6.1325,6.1445
2023-10-12 14:00:00+02:00,53.0,3.2,5.8735,5.9375
2023-10-12 15:00:00+02:00,53.0,2.8,5.2065,5.209
2023-10-12 16:00:00+02:00,53.0,4.4,8.455,8.8345
2023-10-12 17:00:00+02:00,53.0,3.7,7.6995,7.7095
2023-10-12 18:00:00+02:00,53.0,5.7,11.774,11.9685
2023-10-12 19:00:00+02:00,53.0,7.7,14.002,14.5555
2023-10-12 20:00:00+02:00,53.0,6.7,12.489,13.641
2023-10-12 21:00:00+02:00,53.0,7.3,12.882,14.666
2023-10-12 22:00:00+02:00,53.0,4.1,8.663,8.7255
2023-10-12 23:00:00+02:00,53.0,4.5,8.4205,9.0585
2023-10-13 00:00:00+02:00,53.0,5.9,10.031,11.249
2023-10-13 01:00:00+02:00,53.0,5.7,9.3465,10.8175
2023-10-13 02:00:00+02:00,53.0,4.7,7.2365,8.101
2023-10-13 03:00:00+02:00,53.0,5.1,7.7705,9.1545
2023-10-13 04:00:00+02:00,53.0,2.5,4.272,4.272
2023-10-13 05:00:00+02:00,53.0,2.7,4.5105,4.5105
2023-10-13 06:00:00+02:00,53.0,3.0,5.5385,5.5385
2023-10-13 07:00:00+02:00,53.0,5.3,10.4925,10.69
2023-10-13 08:00:00+02:00,53.0,9.3,15.1455,17.647
2023-10-13 09:00:00+02:00,53.0,5.1,10.147,10.287
2023-10-13 10:00:00+02:00,53.0,10.3,16.2575,18.7575
2023-10-13 11:00:00+02:00,53.0,7.1,12.58,13.048
2023-10-13 12:00:00+02:00,53.0,4.8,9.44,9.44
2023-10-13 13:00:00+02:00,53.0,4.3,8.844,8.864
2023-10-13 14:00:00+02:00,53.0,4.3,8.9775,9.0315
2023-10-13 15:00:00+02:00,53.0,3.8,7.8935,7.899
2023-10-13 16:00:00+02:00,53.0,5.3,10.3175,10.334
2023-10-13 17:00:00+02:00,53.0,4.8,9.961,9.984
2023-10-13 18:00:00+02:00,53.0,6.5,12.468,12.734
2023-10-13 19:00:00+02:00,53.0,7.2,13.2145,13.2885
2023-10-13 20:00:00+02:00,53.0,9.4,15.8895,16.8775
2023-10-13 21:00:00+02:00,53.0,8.3,14.548,15.116
2023-10-13 22:00:00+02:00,53.0,7.0,13.1415,13.2665
2023-10-13 23:00:00+02:00,53.0,6.7,12.459,12.8375
2023-10-14 00:00:00+02:00,53.0,5.9,11.664,11.713
2023-10-14 01:00:00+02:00,53.0,6.6,12.0315,12.8515
2023-10-14 02:00:00+02:00,53.0,4.4,9.4015,9.421
2023-10-14 03:00:00+02:00,53.0,4.1,8.718,8.7225
2023-10-14 04:00:00+02:00,53.0,3.7,7.7145,7.7145
2023-10-14 05:00:00+02:00,53.0,5.0,10.3365,10.3365
2023-10-14 06:00:00+02:00,53.0,7.1,13.019,13.1225
2023-10-14 07:00:00+02:00,53.0,7.5,13.7935,14.0805
2023-10-14 08:00:00+02:00,53.0,6.8,12.9095,13.348
2023-10-14 09:00:00+02:00,53.0,10.0,16.565,18.1405
2023-10-14 10:00:00+02:00,53.0,8.0,14.1365,14.711
2023-10-14 11:00:00+02:00,53.0,2.7,4.6265,4.6315
2023-10-14 12:00:00+02:00,53.0,2.1,3.206,3.206
2023-10-14 13:00:00+02:00,53.0,2.4,3.7095,3.865
2023-10-14 14:00:00+02:00,53.0,3.6,6.3005,6.5745
2023-10-14 15:00:00+02:00,53.0,3.5,6.9885,6.9885
2023-10-14 16:00:00+02:00,53.0,,7.083,7.083
2023-10-14 17:00:00+02:00,53.0,6.5,11.9785,12.663
2023-10-14 18:00:00+02:00,53.0,6.4,12.0815,12.283
2023-10-14 19:00:00+02:00,53.0,7.2,12.999,13.3775
2023-10-14 20:00:00+02:00,53.0,8.1,14.108,14.4615
2023-10-14 21:00:00+02:00,53.0,7.4,13.0425,13.1735
2023-10-14 22:00:00+02:00,53.0,7.8,13.659,13.6735
2023-10-14 23:00:00+02:00,53.0,6.6,12.002,12.0115
2023-10-15 00:00:00+02:00,53.0,6.0,11.4325,11.5265
2023-10-15 01:00:00+02:00,53.0,4.6,9.661,9.669
2023-10-15 02:00:00+02:00,53.0,4.0,8.1595,8.162
2023-10-15 03:00:00+02:00,53.0,3.7,7.0405,7.0735
2023-10-15 04:00:00+02:00,53.0,3.9,8.081,8.081
2023-10-15 05:00:00+02:00,53.0,3.8,7.4945,7.5375
2023-10-15 06:00:00+02:00,53.0,4.4,9.4735,9.4735
2023-10-15 07:00:00+02:00,53.0,4.3,9.149,9.175
2023-10-15 08:00:00+02:00,53.0,3.3,6.7195,6.7225
2023-10-15 09:00:00+02:00,53.0,1.4,2.6685,2.6685
2023-10-15 10:00:00+02:00,53.0,1.1,1.921,1.921
2023-10-15 11:00:00+02:00,53.0,0.8,1.1435,1.1435
2023-10-15 12:00:00+02:00,53.0,0.6,0.7045,0.7045
2023-10-15 13:00:00+02:00,53.0,1.8,3.2825,3.3445
2023-10-15 14:00:00+02:00,53.0,2.0,3.594,3.594
2023-10-15 15:00:00+02:00,53.0,2.7,4.7915,4.969
2023-10-15 16:00:00+02:00,53.0,2.2,3.7495,3.852
2023-10-15 17:00:00+02:00,53.0,3.2,6.119,6.306
2023-10-15 18:00:00+02:00,53.0,2.9,5.7955,5.824
2023-10-15 19:00:00+02:00,53.0,11.6,17.346,21.859
2023-10-15 20:00:00+02:00,53.0,4.5,8.931,9.132
2023-10-15 21:00:00+02:00,53.0,2.4,4.0155,4.0155
2023-10-15 22:00:00+02:00,53.0,6.0,9.4655,10.9825
2023-10-15 23:00:00+02:00,53.0,2.8,5.182,5.182
2023-10-16 00:00:00+02:00,53.0,1.8,3.0625,3.064
2023-10-16 01:00:00+02:00,53.0,1.6,2.853,2.853
2023-10-16 02:00:00+02:00,53.0,1.4,2.3925,2.3925
2023-10-16 03:00:00+02:00,53.0,2.4,3.8985,4.021
2023-10-16 04:00:00+02:00,53.0,2.6,4.1715,4.1715
2023-10-16 05:00:00+02:00,53.0,1.4,2.2315,2.2315
2023-10-16 06:00:00+02:00,53.0,2.2,3.948,3.948
2023-10-16 07:00:00+02:00,53.0,8.9,14.6495,16.315
2023-10-16 08:00:00+02:00,53.0,8.5,14.8375,15.2745
2023-10-16 09:00:00+02:00,53.0,9.5,15.7415,16.861
2023-10-16 10:00:00+02:00,53.0,9.6,16.2115,17.779
2023-10-16 11:00:00+02:00,53.0,3.5,7.099,7.1305
2023-10-16 12:00:00+02:00,53.0,1.3,2.1855,2.1975
2023-10-16 13:00:00+02:00,53.0,1.7,2.749,2.7875
2023-10-16 14:00:00+02:00,53.0,1.0,1.57,1.572
2023-10-16 15:00:00+02:00,53.0,1.0,1.4645,1.4765
2023-10-16 16:00:00+02:00,53.0,0.8,1.0875,1.0875
2023-10-16 17:00:00+02:00,53.0,1.1,1.955,1.9555
2023-10-16 18:00:00+02:00,53.0,5.9,11.64,11.894
2023-10-16 19:00:00+02:00,53.0,8.6,14.208,15.992
2023-10-16 20:00:00+02:00,53.0,11.5,18.0585,20.7225
2023-10-16 21:00:00+02:00,53.0,11.2,17.7375,20.1735
2023-10-16 22:00:00+02:00,53.0,9.0,15.4965,16.245
2023-10-16 23:00:00+02:00,53.0,8.4,14.76,15.21
2023-10-17 00:00:00+02:00,53.0,8.1,14.4375,15.369
2023-10-17 01:00:00+02:00,53.0,6.1,11.9095,12.0815
2023-10-17 02:00:00+02:00,53.0,5.6,10.752,11.423
2023-10-17 03:00:00+02:00,53.0,4.2,8.956,8.975
2023-10-17 04:00:00+02:00,53.0,4.1,7.839,8.023
2023-10-17 05:00:00+02:00,53.0,3.8,7.135,7.2285
2023-10-17 06:00:00+02:00,53.0,4.5,9.158,9.298
2023-10-17 07:00:00+02:00,53.0,6.6,12.4265,12.735
2023-10-17 08:00:00+02:00,53.0,7.1,12.98,13.628
2023-10-17 09:00:00+02:00,53.0,7.0,12.8505,13.114
2023-10-17 10:00:00+02:00,53.0,13.4,19.931,24.3455
2023-10-17 11:00:00+02:00,53.0,14.0,20.4575,25.182
2023-10-17 12:00:00+02:00,53.0,11.5,18.141,20.7645
2023-10-17 13:00:00+02:00,53.0,10.4,17.0425,18.8745
2023-10-17 14:00:00+02:00,53.0,8.8,15.185,15.962
2023-10-17 15:00:00+02:00,53.0,6.2,12.246,12.344
2023-10-17 16:00:00+02:00,53.0,6.1,12.2035,12.33
2023-10-17 17:00:00+02:00,53.0,7.6,13.923,14.689
2023-10-17 18:00:00+02:00,53.0,15.2,21.4145,27.6115
2023-10-17 19:00:00+02:00,53.0,22.5,27.85,41.215
2023-10-17 20:00:00+02:00,53.0,20.6,25.956,37.5165
2023-10-17 21:00:00+02:00,53.0,17.2,23.062,31.1785
2023-10-17 22:00:00+02:00,53.0,16.0,22.2245,29.0795
2023-10-17 23:00:00+02:00,53.0,14.0,20.597,25.319
2023-10-18 00:00:00+02:00,53.0,14.1,20.607,25.3835
2023-10-18 01:00:00+02:00,53.0,12.5,19.1595,22.4635
2023-10-18 02:00:00+02:00,53.0,12.5,19.0515,22.565
2023-10-18 03:00:00+02:00,53.0,10.6,17.0825,18.9095
2023-10-18 04:00:00+02:00,53.0,11.8,18.224,21.0185
2023-10-18 05:00:00+02:00,53.0,10.3,16.655,18.1975
2023-10-18 06:00:00+02:00,53.0,10.4,16.956,18.664
2023-10-18 07:00:00+02:00,53.0,12.0,18.5705,21.7295
2023-10-18 08:00:00+02:00,53.0,15.0,21.3545,27.117
2023-10-18 09:00:00+02:00,53.0,16.9,22.877,30.73
2023-10-18 10:00:00+02:00,53.0,16.6,22.682,30.339
2023-10-18 11:00:00+02:00,53.0,14.2,20.6075,25.564
2023-10-18 12:00:00+02:00,53.0,11.8,18.4095,21.228
2023-10-18 13:00:00+02:00,53.0,11.1,17.673,19.9265
2023-10-18 14:00:00+02:00,53.0,10.9,17.4855,19.635
2023-10-18 15:00:00+02:00,53.0,10.9,17.628,19.844
2023-10-18 16:00:00+02:00,53.0,14.4,21.1135,26.5405
2023-10-18 17:00:00+02:00,53.0,21.8,27.05,39.931
2023-10-18 18:00:00+02:00,53.0,26.4,32.453,49.093
2023-10-18 19:00:00+02:00,53.0,27.4,33.3535,50.4485
2023-10-18 20:00:00+02:00,53.0,27.6,33.5955,50.8235
2023-10-18 21:00:00+02:00,53.0,26.3,31.9365,48.324
2023-10-18 22:00:00+02:00,53.0,25.7,31.21,47.2355
2023-10-18 23:00:00+02:00,53.0,25.0,30.298,45.8565
2023-10-19 00:00:00+02:00,53.0,28.6,34.802,52.6285
2023-10-19 01:00:00+02:00,53.0,27.5,33.3925,50.4955
2023-10-19 02:00:00+02:00,53.0,26.4,32.0265,48.437
2023-10-19 03:00:00+02:00,53.0,29.8,36.295,54.839
2023-10-19 04:00:00+02:00,53.0,32.4,39.72,59.964
2023-10-19 05:00:00+02:00,53.0,32.6,39.9455,60.3475
2023-10-19 06:00:00+02:00,53.0,33.4,40.978,61.887
2023-10-19 07:00:00+02:00,53.0,28.3,34.516,52.203
2023-10-19 08:00:00+02:00,53.0,28.5,34.9065,52.7995
2023-10-19 09:00:00+02:00,53.0,29.5,36.628,54.977
2023-10-19 10:00:00+02:00,53.0,11.5,17.045,21.329
2023-10-19 11:00:00+02:00,53.0,1.1,1.9085,1.922
2023-10-19 12:00:00+02:00,53.0,0.6,0.632,0.632
2023-10-19 13:00:00+02:00,53.0,0.7,0.958,0.958
2023-10-19 14:00:00+02:00,53.0,1.2,2.007,2.0075
2023-10-19 15:00:00+02:00,53.0,1.8,3.141,3.141
2023-10-19 16:00:00+02:00,53.0,1.6,2.7655,2.767
2023-10-19 17:00:00+02:00,53.0,1.7,2.9005,2.9005
2023-10-19 18:00:00+02:00,53.0,2.1,3.6985,3.6985
2023-10-19 19:00:00+02:00,53.0,2.8,5.196,5.196
2023-10-19 20:00:00+02:00,53.0,5.0,9.721,9.8815
2023-10-19 21:00:00+02:00,53.0,7.5,13.7255,14.221
2023-10-19 22:00:00+02:00,53.0,8.0,14.3395,14.8325
2023-10-19 23:00:00+02:00,53.0,3.3,5.8525,5.8585
2023-10-20 00:00:00+02:00,53.0,2.4,4.0985,4.0985
2023-10-20 01:00:00+02:00,53.0,2.2,3.6125,3.6125
2023-10-20 02:00:00+02:00,53.0,2.0,3.1885,3.1885
2023-10-20 03:00:00+02:00,53.0,1.9,2.996,2.996
2023-10-20 04:00:00+02:00,53.0,1.8,2.9325,2.9325
2023-10-20 05:00:00+02:00,53.0,1.9,3.1525,3.1575
2023-10-20 06:00:00+02:00,53.0,1.9,3.156,3.156
2023-10-20 07:00:00+02:00,53.0,1.9,3.1025,3.1025
2023-10-20 08:00:00+02:00,53.0,1.8,2.9825,2.9825
2023-10-20 09:00:00+02:00,53.0,2.3,3.7015,3.7015
2023-10-20 10:00:00+02:00,53.0,2.4,4.052,4.052
2023-10-20 11:00:00+02:00,53.0,2.2,3.6775,3.6775
2023-10-20 12:00:00+02:00,53.0,2.6,4.42,4.436
2023-10-20 13:00:00+02:00,53.0,2.6,4.4985,4.504
2023-10-20 14:00:00+02:00,53.0,2.0,3.058,3.058
2023-10-20 15:00:00+02:00,53.0,2.0,3.0545,3.0545
2023-10-20 16:00:00+02:00,53.0,1.8,2.9125,2.9125
2023-10-20 17:00:00+02:00,53.0,1.7,2.6885,2.6885
2023-10-20 18:00:00+02:00,53.0,2.2,3.3875,3.3875
2023-10-20 19:00:00+02:00,53.0,2.1,3.218,3.218
2023-10-20 20:00:00+02:00,53.0,1.9,3.01,3.045
2023-10-20 21:00:00+02:00,53.0,1.6,2.4075,2.4075
2023-10-20 22:00:00+02:00,53.0,1.4,2.275,2.275
2023-10-20 23:00:00+02:00,53.0,1.4,2.121,2.121
2023-10-21 00:00:00+02:00,53.0,1.5,2.27,2.27
2023-10-21 01:00:00+02:00,53.0,1.2,1.9465,1.9465
2023-10-21 02:00:00+02:00,53.0,1.3,2.0375,2.0375
2023-10-21 03:00:00+02:00,53.0,1.5,2.231,2.231
2023-10-21 04:00:00+02:00,53.0,1.5,2.276,2.276
2023-10-21 05:00:00+02:00,53.0,1.6,2.451,2.451
2023-10-21 06:00:00+02:00,53.0,1.4,2.0845,2.0845
2023-10-21 07:00:00+02:00,53.0,0.9,1.2665,1.2665
2023-10-21 08:00:00+02:00,53.0,0.9,1.261,1.261
2023-10-21 09:00:00+02:00,53.0,3.7,7.431,7.4515
2023-10-21 10:00:00+02:00,53.0,3.5,7.2035,7.219
2023-10-21 11:00:00+02:00,53.0,4.4,9.2005,9.5025
2023-10-21 12:00:00+02:00,53.0,9.6,15.745,18.755
2023-10-21 13:00:00+02:00,53.0,8.0,14.04,14.7365
2023-10-21 14:00:00+02:00,53.0,3.5,6.4445,6.4445
2023-10-21 15:00:00+02:00,53.0,4.9,10.1695,10.2
2023-10-21 16:00:00+02:00,53.0,5.0,9.555,9.689
2023-10-21 17:00:00+02:00,53.0,2.8,5.5475,5.5495
2023-10-21 18:00:00+02:00,53.0,3.0,5.8025,5.8025
2023-10-21 19:00:00+02:00,53.0,5.5,10.34,10.985
2023-10-21 20:00:00+02:00,53.0,6.0,11.5395,12.0355
2023-10-21 21:00:00+02:00,53.0,4.8,10.1665,10.211
2023-10-21 22:00:00+02:00,53.0,2.2,4.111,4.111
2023-10-21 23:00:00+02:00,53.0,2.5,4.8115,4.8115
2023-10-22 00:00:00+02:00,53.0,0.6,0.806,0.806
2023-10-22 01:00:00+02:00,53.0,0.3,0.191,0.191
2023-10-22 02:00:00+02:00,53.0,2.0,2.4195,3.23
2023-10-22 03:00:00+02:00,53.0,0.4,0.4385,0.4385
2023-10-22 04:00:00+02:00,53.0,0.8,1.1805,1.256
2023-10-22 05:00:00+02:00,53.0,0.4,0.5385,0.5385
2023-10-22 06:00:00+02:00,53.0,1.0,1.742,1.742
2023-10-22 07:00:00+02:00,53.0,2.3,4.9205,4.9205
2023-10-22 08:00:00+02:00,53.0,4.8,10.557,10.577
2023-10-22 09:00:00+02:00,53.0,8.4,15.3735,16.4045
2023-10-22 10:00:00+02:00,53.0,8.8,15.4305,16.433
2023-10-22 11:00:00+02:00,53.0,4.3,7.7445,8.063
2023-10-22 12:00:00+02:00,53.0,1.7,2.9225,3.0225
2023-10-22 13:00:00+02:00,53.0,1.4,2.206,2.2595
2023-10-22 14:00:00+02:00,53.0,3.0,5.4765,5.594
2023-10-22 15:00:00+02:00,53.0,3.4,5.521,6.202
2023-10-22 16:00:00+02:00,53.0,3.7,6.4955,6.755
2023-10-22 17:00:00+02:00,53.0,4.9,8.4815,9.2295
2023-10-22 18:00:00+02:00,53.0,6.8,11.9665,13.395
2023-10-22 19:00:00+02:00,53.0,4.2,8.8815,8.9185
2023-10-22 20:00:00+02:00,53.0,4.7,10.306,10.37
2023-10-22 21:00:00+02:00,53.0,3.6,6.863,7.0955
2023-10-22 22:00:00+02:00,53.0,3.5,7.0075,7.0075
2023-10-22 23:00:00+02:00,53.0,2.0,3.629,3.629
2023-10-23 00:00:00+02:00,53.0,3.3,6.004,6.3435
2023-10-23 01:00:00+02:00,53.0,1.7,3.0675,3.0675
2023-10-23 02:00:00+02:00,53.0,3.1,4.8235,5.751
2023-10-23 03:00:00+02:00,53.0,0.7,1.1685,1.1685
2023-10-23 04:00:00+02:00,53.0,2.4,3.254,4.0235
2023-10-23 05:00:00+02:00,53.0,1.7,2.8485,2.8485
2023-10-23 06:00:00+02:00,53.0,2.3,4.528,4.629
2023-10-23 07:00:00+02:00,53.0,3.2,6.839,6.839
2023-10-23 08:00:00+02:00,53.0,2.8,5.884,5.884
2023-10-23 09:00:00+02:00,53.0,3.7,7.7625,7.8015
2023-10-23 10:00:00+02:00,53.0,3.5,7.4705,7.48
2023-10-23 11:00:00+02:00,53.0,2.1,4.074,4.0765
2023-10-23 12:00:00+02:00,53.0,2.4,4.6585,4.6585
2023-10-23 13:00:00+02:00,53.0,3.2,6.28,6.5765
2023-10-23 14:00:00+02:00,53.0,3.7,7.7315,7.9725
2023-10-23 15:00:00+02:00,53.0,2.4,4.932,4.964
2023-10-23 16:00:00+02:00,53.0,1.8,3.318,3.318
2023-10-23 17:00:00+02:00,53.0,4.2,8.451,8.539
2023-10-23 18:00:00+02:00,53.0,4.4,9.1775,9.304
2023-10-23 19:00:00+02:00,53.0,5.7,11.851,12.07
2023-10-23 20:00:00+02:00,53.0,7.0,13.102,13.4505
2023-10-23 21:00:00+02:00,53.0,5.0,10.556,10.5935
2023-10-23 22:00:00+02:00,53.0,7.2,13.405,14.175
2023-10-23 23:00:00+02:00,53.0,10.5,17.02,20.025
2023-10-24 00:00:00+02:00,53.0,12.3,18.981,22.502
2023-10-24 01:00:00+02:00,53.0,9.7,16.5735,17.9845
2023-10-24 02:00:00+02:00,53.0,9.9,16.9545,18.551
2023-10-24 03:00:00+02:00,53.0,10.1,17.039,18.7495
2023-10-24 04:00:00+02:00,53.0,7.0,13.778,14.114
2023-10-24 05:00:00+02:00,53.0,4.3,10.16,10.1915
2023-10-24 06:00:00+02:00,53.0,5.0,11.2735,11.2875
2023-10-24 07:00:00+02:00,53.0,8.5,15.3245,16.6995
2023-10-24 08:00:00+02:00,53.0,12.5,19.306,23.9515
2023-10-24 09:00:00+02:00,53.0,15.9,22.3955,29.568
2023-10-24 10:00:00+02:00,53.0,11.8,18.9745,22.223
2023-10-24 11:00:00+02:00,53.0,9.6,16.511,18.1095
2023-10-24 12:00:00+02:00,53.0,12.8,19.579,23.4895
2023-10-24 13:00:00+02:00,53.0,13.9,20.449,25.374
2023-10-24 14:00:00+02:00,53.0,9.5,16.2105,17.6055
2023-10-24 15:00:00+02:00,53.0,8.5,15.0375,16.034
2023-10-24 16:00:00+02:00,53.0,9.1,15.8135,17.0145
2023-10-24 17:00:00+02:00,53.0,5.9,10.106,10.8075
2023-10-24 18:00:00+02:00,53.0,0.9,1.3285,1.3285
2023-10-24 19:00:00+02:00,53.0,4.5,8.81,9.1665
2023-10-24 20:00:00+02:00,53.0,4.3,8.001,8.022
2023-10-24 21:00:00+02:00,53.0,1.0,1.319,1.319
2023-10-24 22:00:00+02:00,53.0,0.5,0.358,0.358
2023-10-24 23:00:00+02:00,53.0,0.2,0.0495,0.0495
2023-10-25 00:00:00+02:00,53.0,0.4,0.321,0.321
2023-10-25 01:00:00+02:00,53.0,0.0,0.0,0.0
2023-10-25 02:00:00+02:00,53.0,0.0,0.003,0.003
2023-10-25 03:00:00+02:00,53.0,0.0,0.0,0.0
2023-10-25 04:00:00+02:00,53.0,0.1,0.1835,0.1835
2023-10-25 05:00:00+02:00,53.0,0.0,0.0,0.0
2023-10-25 06:00:00+02:00,53.0,0.1,0.111,0.111
2023-10-25 07:00:00+02:00,53.0,0.3,0.194,0.194
2023-10-25 08:00:00+02:00,53.0,1.5,2.72,2.755
2023-10-25 09:00:00+02:00,53.0,0.2,0.089,0.089
2023-10-25 10:00:00+02:00,53.0,0.3,0.2725,0.2725
2023-10-25 11:00:00+02:00,53.0,0.3,0.168,0.168
2023-10-25 12:00:00+02:00,53.0,0.3,0.1095,0.1095
2023-10-25 13:00:00+02:00,53.0,0.2,0.0285,0.0285
2023-10-25 14:00:00+02:00,53.0,0.1,0.0,0.0
2023-10-25 15:00:00+02:00,53.0,0.2,0.0385,0.0385
2023-10-25 16:00:00+02:00,53.0,0.2,0.071,0.071
2023-10-25 17:00:00+02:00,53.0,0.5,0.436,0.436
2023-10-25 18:00:00+02:00,53.0,0.6,0.62,0.62
2023-10-25 19:00:00+02:00,53.0,0.6,0.542,0.542
2023-10-25 20:00:00+02:00,53.0,0.4,0.386,0.386
2023-10-25 21:00:00+02:00,53.0,0.9,1.26,1.26
2023-10-25 22:00:00+02:00,53.0,0.5,0.354,0.354
2023-10-25 23:00:00+02:00,53.0,0.9,1.448,1.448
2023-10-26 00:00:00+02:00,53.0,0.2,0.077,0.077
2023-10-26 01:00:00+02:00,53.0,0.2,0.0705,0.0705
2023-10-26 02:00:00+02:00,53.0,0.1,0.0495,0.0495
2023-10-26 03:00:00+02:00,53.0,0.2,0.116,0.116
2023-10-26 04:00:00+02:00,53.0,0.2,0.1645,0.1645
2023-10-26 05:00:00+02:00,53.0,0.6,0.85,0.9575
2023-10-26 06:00:00+02:00,53.0,0.1,0.012,0.012
2023-10-26 07:00:00+02:00,53.0,0.2,0.0825,0.0825
2023-10-26 08:00:00+02:00,53.0,0.5,0.393,0.393
2023-10-26 09:00:00+02:00,53.0,0.2,0.0475,0.0475
2023-10-26 10:00:00+02:00,53.0,0.2,0.054,0.054
2023-10-26 11:00:00+02:00,53.0,0.2,0.167,0.167
2023-10-26 12:00:00+02:00,53.0,0.1,0.001,0.001
2023-10-26 13:00:00+02:00,53.0,0.1,0.016,0.016
2023-10-26 14:00:00+02:00,53.0,0.1,0.001,0.001
2023-10-26 15:00:00+02:00,53.0,0.1,0.0245,0.0245
2023-10-26 16:00:00+02:00,53.0,0.1,0.004,0.004
2023-10-26 17:00:00+02:00,53.0,0.4,0.489,0.489
2023-10-26 18:00:00+02:00,53.0,0.5,0.5345,0.5345
2023-10-26 19:00:00+02:00,53.0,1.1,1.2205,1.63
2023-10-26 20:00:00+02:00,53.0,0.5,0.522,0.522
2023-10-26 21:00:00+02:00,53.0,1.6,2.829,2.867
2023-10-26 22:00:00+02:00,53.0,0.3,0.2245,0.2245
2023-10-26 23:00:00+02:00,53.0,0.1,0.0095,0.0095
2023-10-27 00:00:00+02:00,53.0,0.0,0.0035,0.0035
2023-10-27 01:00:00+02:00,53.0,0.1,0.035,0.035
2023-10-27 02:00:00+02:00,53.0,0.1,0.0,0.0
2023-10-27 03:00:00+02:00,53.0,0.1,0.0055,0.0055
2023-10-27 04:00:00+02:00,53.0,0.1,0.003,0.003
2023-10-27 05:00:00+02:00,53.0,0.2,0.1425,0.1425
2023-10-27 06:00:00+02:00,53.0,0.2,0.09,0.09
2023-10-27 07:00:00+02:00,53.0,0.2,0.0185,0.0185
2023-10-27 08:00:00+02:00,53.0,0.2,0.009,0.009
2023-10-27 09:00:00+02:00,53.0,0.1,0.0085,0.0085
2023-10-27 10:00:00+02:00,53.0,0.2,0.0235,0.0235
2023-10-27 11:00:00+02:00,53.0,0.2,0.0265,0.0265
2023-10-27 12:00:00+02:00,53.0,0.1,0.0335,0.0335
2023-10-27 13:00:00+02:00,53.0,0.2,0.2195,0.227
2023-10-27 14:00:00+02:00,53.0,0.4,0.293,0.294
2023-10-27 15:00:00+02:00,53.0,0.1,0.0015,0.0015
2023-10-27 16:00:00+02:00,53.0,0.2,0.0895,0.0895
2023-10-27 17:00:00+02:00,53.0,0.3,0.1665,0.1665
2023-10-27 18:00:00+02:00,53.0,2.1,4.3055,4.307
2023-10-27 19:00:00+02:00,53.0,1.5,3.134,3.1465
2023-10-27 20:00:00+02:00,53.0,4.4,8.0,8.6075
2023-10-27 21:00:00+02:00,53.0,2.2,4.1515,4.1515
2023-10-27 22:00:00+02:00,53.0,1.2,2.0955,2.0955
2023-10-27 23:00:00+02:00,53.0,3.3,5.749,6.126
2023-10-28 00:00:00+02:00,53.0,4.0,7.7205,7.7205
2023-10-28 01:00:00+02:00,53.0,7.3,13.5435,13.6975
2023-10-28 02:00:00+02:00,53.0,5.3,11.0795,11.0835
2023-10-28 03:00:00+02:00,53.0,4.8,9.91,9.9155
2023-10-28 04:00:00+02:00,53.0,5.6,11.4155,11.4155
2023-10-28 05:00:00+02:00,53.0,7.0,12.758,12.871
2023-10-28 06:00:00+02:00,53.0,4.1,7.3645,7.5795
2023-10-28 07:00:00+02:00,53.0,12.3,18.2415,21.663
2023-10-28 08:00:00+02:00,53.0,9.4,15.384,17.2365
2023-10-28 09:00:00+02:00,53.0,8.1,14.2785,15.1975
2023-10-28 10:00:00+02:00,53.0,13.8,20.2465,24.652
2023-10-28 11:00:00+02:00,53.0,8.8,14.737,15.879
2023-10-28 12:00:00+02:00,53.0,0.6,0.5635,0.5635
2023-10-28 13:00:00+02:00,53.0,1.6,2.0285,2.596
2023-10-28 14:00:00+02:00,53.0,0.5,0.405,0.4075
2023-10-28 15:00:00+02:00,53.0,0.2,0.1005,0.1005
2023-10-28 16:00:00+02:00,53.0,0.2,0.0405,0.0405
2023-10-28 17:00:00+02:00,53.0,1.3,1.824,2.023
2023-10-28 18:00:00+02:00,53.0,0.8,1.161,1.161
2023-10-28 19:00:00+02:00,53.0,0.9,1.293,1.293
2023-10-28 20:00:00+02:00,53.0,0.5,0.434,0.434
2023-10-28 21:00:00+02:00,53.0,0.6,0.644,0.644
2023-10-28 22:00:00+02:00,53.0,0.8,1.2715,1.2715
2023-10-28 23:00:00+02:00,53.0,3.0,4.512,5.1575
2023-10-29 00:00:00+02:00,53.0,0.4,0.331,0.331
2023-10-29 01:00:00+02:00,53.0,0.8,0.981,0.985
2023-10-29 02:00:00+02:00,53.0,1.7,2.701,2.8
2023-10-29 03:00:00+02:00,53.0,1.5,1.888,2.4825
2023-10-29 04:00:00+02:00,53.0,2.1,3.6925,3.6925
2023-10-29 05:00:00+02:00,53.0,3.0,6.587,6.587
2023-10-29 06:00:00+02:00,53.0,3.4,7.9715,7.9715
2023-10-29 07:00:00+02:00,53.0,8.7,14.98,16.558
2023-10-29 08:00:00+02:00,53.0,11.0,17.1915,20.714
2023-10-29 09:00:00+02:00,53.0,6.5,12.458,12.951
2023-10-29 10:00:00+02:00,53.0,2.9,5.8085,5.8615
2023-10-29 11:00:00+02:00,53.0,0.7,0.881,0.9285
2023-10-29 12:00:00+02:00,53.0,0.2,0.055,0.055
2023-10-29 13:00:00+02:00,53.0,0.2,0.006,0.006
2023-10-29 14:00:00+02:00,53.0,0.2,0.1105,0.1105
2023-10-29 15:00:00+02:00,53.0,0.2,0.0585,0.0585
2023-10-29 16:00:00+02:00,53.0,1.1,1.19,1.576
2023-10-29 17:00:00+02:00,53.0,0.9,1.391,1.42
2023-10-29 18:00:00+02:00,53.0,3.1,5.9435,5.9465
2023-10-29 19:00:00+02:00,53.0,11.0,17.2965,20.6135
2023-10-29 20:00:00+02:00,53.0,4.4,8.714,8.8085
2023-10-29 21:00:00+02:00,53.0,2.2,3.938,3.938
2023-10-29 22:00:00+02:00,53.0,0.4,0.1435,0.1435
2023-10-29 23:00:00+02:00,53.0,0.4,0.2025,0.2025
2023-10-30 00:00:00+02:00,53.0,1.3,2.5255,2.5255
2023-10-30 01:00:00+02:00,53.0,4.1,6.894,7.786
2023-10-30 02:00:00+02:00,53.0,6.3,10.842,12.3865
2023-10-30 03:00:00+02:00,53.0,2.7,5.1825,5.1825
2023-10-30 04:00:00+02:00,53.0,1.7,3.2405,3.2405
2023-10-30 05:00:00+02:00,53.0,2.2,4.057,4.057
2023-10-30 06:00:00+02:00,53.0,3.7,7.5765,7.7425
2023-10-30 07:00:00+02:00,53.0,7.0,13.996,14.427
2023-10-30 08:00:00+02:00,53.0,7.2,13.1815,14.2035
2023-10-30 09:00:00+02:00,53.0,6.4,11.903,12.379
2023-10-30 10:00:00+02:00,53.0,4.3,9.2205,9.271
2023-10-30 11:00:00+02:00,53.0,4.1,7.6025,7.7495
2023-10-30 12:00:00+02:00,53.0,2.4,4.3515,4.3615
2023-10-30 13:00:00+02:00,53.0,2.9,5.145,5.1985
2023-10-30 14:00:00+02:00,53.0,2.3,4.071,4.088
2023-10-30 15:00:00+02:00,53.0,3.2,6.4925,6.495
2023-10-30 16:00:00+02:00,53.0,5.1,9.7755,10.4435
2023-10-30 17:00:00+02:00,53.0,1.7,2.927,3.077
2023-10-30 18:00:00+02:00,53.0,0.7,0.8825,0.8825
2023-10-30 19:00:00+02:00,53.0,0.5,0.3325,0.3325
2023-10-30 20:00:00+02:00,53.0,1.2,1.965,1.9665
2023-10-30 21:00:00+02:00,53.0,0.3,0.196,0.196
2023-10-30 22:00:00+02:00,53.0,0.2,0.0725,0.0725
2023-10-30 23:00:00+02:00,53.0,0.1,0.0005,0.0005
2023-10-31 00:00:00+02:00,53.0,0.1,0.016,0.016
2023-10-31 01:00:00+02:00,53.0,0.1,0.05,0.05
2023-10-31 02:00:00+02:00,53.0,0.0,0.014,0.014
2023-10-31 03:00:00+02:00,53.0,0.1,0.142,0.142
2023-10-31 04:00:00+02:00,53.0,0.2,0.1955,0.1955
2023-10-31 05:00:00+02:00,53.0,0.4,0.322,0.322
2023-10-31 06:00:00+02:00,53.0,0.4,0.1735,0.1735
2023-10-31 07:00:00+02:00,53.0,0.4,0.194,0.194
2023-10-31 08:00:00+02:00,53.0,1.0,1.6525,1.6525
2023-10-31 09:00:00+02:00,53.0,3.1,6.7725,6.7725
2023-10-31 10:00:00+02:00,53.0,4.6,10.0585,10.1355
2023-10-31 11:00:00+02:00,53.0,5.4,10.234,10.7975
2023-10-31 12:00:00+02:00,53.0,1.2,2.0235,2.0235
2023-10-31 13:00:00+02:00,53.0,0.9,1.312,1.315
2023-10-31 14:00:00+02:00,53.0,2.4,3.124,4.0135
2023-10-31 15:00:00+02:00,53.0,1.0,1.5355,1.5355
2023-10-31 16:00:00+02:00,53.0,0.3,0.3465,0.3465
2023-10-31 17:00:00+02:00,53.0,0.4,0.2885,0.293
2023-10-31 18:00:00+02:00,53.0,1.2,1.8475,1.895
2023-10-31 19:00:00+02:00,53.0,2.2,3.5485,3.7005
2023-10-31 20:00:00+02:00,53.0,1.9,2.8475,3.1295
2023-10-31 21:00:00+02:00,53.0,2.4,4.525,4.527
2023-10-31 22:00:00+02:00,53.0,3.1,6.0955,6.151
2023-10-31 23:00:00+02:00,53.0,1.2,2.017,2.017
2023-11-01 00:00:00+02:00,53.0,0.7,0.942,0.942
2023-11-01 01:00:00+02:00,53.0,0.7,1.252,1.252
2023-11-01 02:00:00+02:00,53.0,0.4,0.511,0.511
2023-11-01 03:00:00+02:00,53.0,0.5,0.695,0.695
2023-11-01 04:00:00+02:00,53.0,1.5,1.818,2.299
2023-11-01 05:00:00+02:00,53.0,1.3,1.6055,2.171
2023-11-01 06:00:00+02:00,53.0,0.2,0.069,0.069
2023-11-01 07:00:00+02:00,53.0,1.3,2.0315,2.143
2023-11-01 08:00:00+02:00,53.0,3.9,7.179,7.609
2023-11-01 09:00:00+02:00,53.0,3.2,6.643,6.643
2023-11-01 10:00:00+02:00,53.0,5.9,11.8245,11.9525
2023-11-01 11:00:00+02:00,53.0,4.7,9.9435,10.109
2023-11-01 12:00:00+02:00,53.0,3.7,7.166,7.474
2023-11-01 13:00:00+02:00,53.0,2.4,4.527,4.5585
2023-11-01 14:00:00+02:00,53.0,2.1,3.912,3.939
2023-11-01 15:00:00+02:00,53.0,3.5,7.099,7.16
2023-11-01 16:00:00+02:00,53.0,5.1,10.632,10.8225
2023-11-01 17:00:00+02:00,53.0,8.4,14.82,15.8265
2023-11-01 18:00:00+02:00,53.0,10.0,16.6055,18.396
2023-11-01 19:00:00+01:00,53.0,9.2,15.7735,16.699
2023-11-01 20:00:00+01:00,53.0,10.8,17.356,19.5085
2023-11-01 21:00:00+01:00,53.0,7.2,13.515,13.719
2023-11-01 22:00:00+01:00,53.0,6.4,12.563,12.6685
2023-11-01 23:00:00+01:00,53.0,5.2,10.7265,10.7265
2023-11-02 00:00:00+01:00,53.0,4.6,9.6725,9.7995
2023-11-02 01:00:00+01:00,53.0,6.8,12.51,12.893
2023-11-02 02:00:00+01:00,53.0,2.8,4.946,5.017
2023-11-02 03:00:00+01:00,53.0,0.1,0.0595,0.0595
2023-11-02 04:00:00+01:00,53.0,0.1,0.018,0.018
2023-11-02 05:00:00+01:00,53.0,0.1,0.0005,0.0005
2023-11-02 06:00:00+01:00,53.0,1.8,3.6855,3.6865
2023-11-02 07:00:00+01:00,53.0,4.3,9.156,9.2255
2023-11-02 08:00:00+01:00,53.0,5.7,11.893,11.9925
2023-11-02 09:00:00+01:00,53.0,0.4,0.522,0.522
2023-11-02 10:00:00+01:00,53.0,0.2,0.0955,0.0955
2023-11-02 11:00:00+01:00,53.0,0.3,0.1755,0.1755
2023-11-02 12:00:00+01:00,53.0,0.4,0.4255,0.4255
2023-11-02 13:00:00+01:00,53.0,0.4,0.402,0.402
2023-11-02 14:00:00+01:00,53.0,0.6,0.714,0.714
2023-11-02 15:00:00+01:00,53.0,0.3,0.2165,0.2165
2023-11-02 16:00:00+01:00,53.0,0.7,0.8425,0.8455
2023-11-02 17:00:00+01:00,53.0,0.7,0.773,0.773
2023-11-02 18:00:00+01:00,53.0,0.4,0.403,0.403
2023-11-02 19:00:00+01:00,53.0,0.3,0.262,0.263
2023-11-02 20:00:00+01:00,53.0,0.1,0.0005,0.0005
2023-11-02 21:00:00+01:00,53.0,0.3,0.214,0.238
2023-11-02 22:00:00+01:00,53.0,0.1,0.013,0.013
2023-11-02 23:00:00+01:00,53.0,0.0,0.0,0.0
2023-11-03 00:00:00+01:00,53.0,0.0,0.0,0.0
2023-11-03 01:00:00+01:00,53.0,0.1,0.0355,0.0355
2023-11-03 02:00:00+01:00,53.0,0.7,0.9825,1.1855
2023-11-03 03:00:00+01:00,53.0,0.1,0.0015,0.0015
2023-11-03 04:00:00+01:00,53.0,0.2,0.024,0.024
2023-11-03 05:00:00+01:00,53.0,0.7,0.7735,0.861
2023-11-03 06:00:00+01:00,53.0,0.1,0.024,0.024
2023-11-03 07:00:00+01:00,53.0,0.2,0.068,0.068
2023-11-03 08:00:00+01:00,53.0,0.2,0.0585,0.0585
2023-11-03 09:00:00+01:00,53.0,3.7,6.9055,7.0225
2023-11-03 10:00:00+01:00,53.0,1.9,3.2895,3.3095
2023-11-03 11:00:00+01:00,53.0,1.0,1.402,1.4065
2023-11-03 12:00:00+01:00,53.0,0.3,0.1395,0.1395
2023-11-03 13:00:00+01:00,53.0,1.5,2.5935,2.5935
2023-11-03 14:00:00+01:00,53.0,0.5,0.6865,0.6865
2023-11-03 15:00:00+01:00,53.0,0.2,0.228,0.228
2023-11-03 16:00:00+01:00,53.0,0.4,0.4415,0.4415
2023-11-03 17:00:00+01:00,53.0,5.5,9.271,10.276
2023-11-03 18:00:00+01:00,53.0,1.0,1.421,1.441
2023-11-03 19:00:00+01:00,53.0,1.7,3.0055,3.0055
2023-11-03 20:00:00+01:00,53.0,1.4,2.2465,2.2545
2023-11-03 21:00:00+01:00,53.0,1.0,1.648,1.719
2023-11-03 22:00:00+01:00,53.0,5.1,10.061,10.3575
2023-11-03 23:00:00+01:00,53.0,4.5,9.109,9.1455
2023-11-04 00:00:00+01:00,53.0,6.5,11.4505,12.003
2023-11-04 01:00:00+01:00,53.0,6.9,10.9285,12.41
2023-11-04 02:00:00+01:00,53.0,0.1,0.06,0.06
2023-11-04 03:00:00+01:00,53.0,0.1,0.166,0.166
2023-11-04 04:00:00+01:00,53.0,0.1,0.027,0.027
2023-11-04 05:00:00+01:00,53.0,0.3,0.327,0.3545
2023-11-04 06:00:00+01:00,53.0,0.5,0.4725,0.4725
2023-11-04 07:00:00+01:00,53.0,3.2,7.105,7.1545
2023-11-04 08:00:00+01:00,53.0,4.3,9.072,9.1195
2023-11-04 09:00:00+01:00,53.0,3.8,7.513,7.533
2023-11-04 10:00:00+01:00,53.0,1.8,3.1945,3.1945
2023-11-04 11:00:00+01:00,53.0,0.6,0.578,0.5825
2023-11-04 12:00:00+01:00,53.0,1.6,2.5395,2.6305
2023-11-04 13:00:00+01:00,53.0,1.8,3.243,3.2905
2023-11-04 14:00:00+01:00,53.0,1.6,2.91,2.91
2023-11-04 15:00:00+01:00,53.0,3.0,5.931,5.931
2023-11-04 16:00:00+01:00,53.0,6.2,11.293,11.914
2023-11-04 17:00:00+01:00,53.0,8.8,15.0525,15.792
2023-11-04 18:00:00+01:00,53.0,6.5,12.075,12.197
2023-11-04 19:00:00+01:00,53.0,3.2,6.275,6.2995
2023-11-04 20:00:00+01:00,53.0,1.5,2.7745,2.777
2023-11-04 21:00:00+01:00,53.0,0.3,0.1865,0.1865
2023-11-04 22:00:00+01:00,53.0,0.1,0.009,0.009
2023-11-04 23:00:00+01:00,53.0,0.1,0.041,0.041
2023-11-05 00:00:00+01:00,53.0,0.2,0.043,0.043
2023-11-05 01:00:00+01:00,53.0,0.0,0.0,0.0
2023-11-05 02:00:00+01:00,53.0,0.0,0.0,0.0
2023-11-05 03:00:00+01:00,53.0,0.0,0.0,0.0
2023-11-05 04:00:00+01:00,53.0,0.0,0.002,0.002
2023-11-05 05:00:00+01:00,53.0,0.0,0.0005,0.0005
2023-11-05 06:00:00+01:00,53.0,0.0,0.003,0.003
2023-11-05 07:00:00+01:00,53.0,0.0,0.0,0.0
2023-11-05 08:00:00+01:00,53.0,0.1,0.0325,0.0325
2023-11-05 09:00:00+01:00,53.0,0.0,0.0,0.0
2023-11-05 10:00:00+01:00,53.0,0.0,0.0,0.0
2023-11-05 11:00:00+01:00,53.0,0.0,0.002,0.002
2023-11-05 12:00:00+01:00,53.0,0.1,0.02,0.02
2023-11-05 13:00:00+01:00,53.0,0.1,0.0,0.0
2023-11-05 14:00:00+01:00,53.0,0.1,0.002,0.002
2023-11-05 15:00:00+01:00,53.0,0.1,0.016,0.016
2023-11-05 16:00:00+01:00,53.0,0.1,0.003,0.003
2023-11-05 17:00:00+01:00,53.0,0.5,0.5195,0.5225
2023-11-05 18:00:00+01:00,53.0,0.8,1.138,1.138
2023-11-05 19:00:00+01:00,53.0,0.3,0.165,0.165
2023-11-05 20:00:00+01:00,53.0,0.1,0.054,0.054
2023-11-05 21:00:00+01:00,53.0,0.1,0.0315,0.0315
2023-11-05 22:00:00+01:00,53.0,0.0,0.0025,0.0025
2023-11-05 23:00:00+01:00,53.0,0.0,0.002,0.002
2023-11-06 00:00:00+01:00,53.0,0.0,0.0015,0.0015
2023-11-06 01:00:00+01:00,53.0,0.0,0.0,0.0
2023-11-06 02:00:00+01:00,53.0,0.0,0.0,0.0
2023-11-06 03:00:00+01:00,53.0,0.0,0.0,0.0
2023-11-06 04:00:00+01:00,53.0,1.5,2.262,2.262
2023-11-06 05:00:00+01:00,53.0,2.7,5.1955,5.2225
2023-11-06 06:00:00+01:00,53.0,4.6,9.445,9.78
2023-11-06 07:00:00+01:00,53.0,11.1,17.5035,20.851
2023-11-06 08:00:00+01:00,53.0,17.0,23.135,31.3455
2023-11-06 09:00:00+01:00,53.0,5.8,8.439,10.6395
2023-11-06 10:00:00+01:00,53.0,0.3,0.29,0.29
2023-11-06 11:00:00+01:00,53.0,0.2,0.0655,0.0655
2023-11-06 12:00:00+01:00,53.0,0.1,0.0005,0.0005
2023-11-06 13:00:00+01:00,53.0,0.4,0.4645,0.508
2023-11-06 14:00:00+01:00,53.0,0.1,0.052,0.052
2023-11-06 15:00:00+01:00,53.0,0.2,0.0955,0.0955
2023-11-06 16:00:00+01:00,53.0,0.9,1.498,1.498
2023-11-06 17:00:00+01:00,53.0,0.7,0.851,0.851
2023-11-06 18:00:00+01:00,53.0,5.7,9.484,10.5745
2023-11-06 19:00:00+01:00,53.0,3.2,6.4605,6.4605
2023-11-06 20:00:00+01:00,53.0,4.2,8.401,8.401
2023-11-06 21:00:00+01:00,53.0,0.5,0.6325,0.6325
2023-11-06 22:00:00+01:00,53.0,0.7,0.9795,0.9795
2023-11-06 23:00:00+01:00,53.0,6.3,11.949,12.332
2023-11-07 00:00:00+01:00,53.0,6.3,11.9085,12.334
2023-11-07 01:00:00+01:00,53.0,9.4,16.0185,17.417
2023-11-07 02:00:00+01:00,53.0,9.6,16.336,17.6025
2023-11-07 03:00:00+01:00,53.0,7.1,13.745,14.1
2023-11-07 04:00:00+01:00,53.0,2.9,5.3435,5.3435
2023-11-07 05:00:00+01:00,53.0,2.3,3.999,3.999
2023-11-07 06:00:00+01:00,53.0,2.9,4.7885,5.217
2023-11-07 07:00:00+01:00,53.0,6.0,11.859,12.502
2023-11-07 08:00:00+01:00,53.0,8.5,14.7165,16.6255
2023-11-07 09:00:00+01:00,53.0,13.3,20.3915,24.656
2023-11-07 10:00:00+01:00,53.0,13.6,20.6405,25.319
2023-11-07 11:00:00+01:00,53.0,14.2,21.0525,26.5785
2023-11-07 12:00:00+01:00,53.0,18.8,24.845,35.2125
2023-11-07 13:00:00+01:00,53.0,21.8,27.407,40.856
2023-11-07 14:00:00+01:00,53.0,25.2,30.796,46.5865
2023-11-07 15:00:00+01:00,53.0,25.1,30.9255,46.7755
2023-11-07 16:00:00+01:00,53.0,21.4,26.925,39.504
2023-11-07 17:00:00+01:00,53.0,21.8,27.612,40.1895
2023-11-07 18:00:00+01:00,53.0,19.6,25.4395,35.8485
2023-11-07 19:00:00+01:00,53.0,13.7,20.258,24.928
2023-11-07 20:00:00+01:00,53.0,12.4,19.0215,22.4085
2023-11-07 21:00:00+01:00,53.0,11.5,17.9975,21.23
2023-11-07 22:00:00+01:00,53.0,10.9,16.9145,20.3935
2023-11-07 23:00:00+01:00,53.0,4.0,8.504,8.504
2023-11-08 00:00:00+01:00,53.0,2.1,3.5865,3.5865
2023-11-08 01:00:00+01:00,53.0,4.3,9.059,9.059
2023-11-08 02:00:00+01:00,53.0,2.6,4.901,4.901
2023-11-08 03:00:00+01:00,53.0,1.3,2.323,2.323
2023-11-08 04:00:00+01:00,53.0,2.1,3.6995,3.722
2023-11-08 05:00:00+01:00,53.0,2.1,4.244,4.244
2023-11-08 06:00:00+01:00,53.0,4.5,9.2415,9.36
2023-11-08 07:00:00+01:00,53.0,5.5,10.5685,10.8015
2023-11-08 08:00:00+01:00,53.0,6.5,12.443,12.661
2023-11-08 09:00:00+01:00,53.0,13.6,20.1315,24.894
2023-11-08 10:00:00+01:00,53.0,12.9,19.4745,23.4515
2023-11-08 11:00:00+01:00,53.0,5.2,10.0585,10.3045
2023-11-08 12:00:00+01:00,53.0,1.8,3.0625,3.0625
2023-11-08 13:00:00+01:00,53.0,1.6,2.9725,2.9725
2023-11-08 14:00:00+01:00,53.0,2.1,3.807,3.811
2023-11-08 15:00:00+01:00,53.0,2.7,5.0945,5.096
2023-11-08 16:00:00+01:00,53.0,9.5,15.628,17.661
2023-11-08 17:00:00+01:00,53.0,16.0,22.115,28.897
2023-11-08 18:00:00+01:00,53.0,14.8,21.3745,27.122
2023-11-08 19:00:00+01:00,53.0,15.4,21.7955,27.9445
2023-11-08 20:00:00+01:00,53.0,13.7,20.2785,24.889
2023-11-08 21:00:00+01:00,53.0,9.8,16.5105,17.9385
2023-11-08 22:00:00+01:00,53.0,7.6,13.919,14.147
2023-11-08 23:00:00+01:00,53.0,5.9,11.9015,11.9015
2023-11-09 00:00:00+01:00,53.0,6.0,11.9675,12.0175
2023-11-09 01:00:00+01:00,53.0,4.3,9.0925,9.0925
2023-11-09 02:00:00+01:00,53.0,5.6,11.233,11.2965
2023-11-09 03:00:00+01:00,53.0,9.8,15.9455,18.1715
2023-11-09 04:00:00+01:00,53.0,13.5,19.9925,24.365
2023-11-09 05:00:00+01:00,53.0,11.4,18.1215,20.6105
2023-11-09 06:00:00+01:00,53.0,15.0,21.4385,27.316
2023-11-09 07:00:00+01:00,53.0,15.0,21.506,27.62
2023-11-09 08:00:00+01:00,53.0,17.5,23.3415,32.001
2023-11-09 09:00:00+01:00,53.0,14.7,20.904,26.617
2023-11-09 10:00:00+01:00,53.0,11.4,18.0745,20.8875
2023-11-09 11:00:00+01:00,53.0,8.3,14.859,15.711
2023-11-09 12:00:00+01:00,53.0,2.0,3.358,3.4125
2023-11-09 13:00:00+01:00,53.0,0.7,0.8045,0.8045
2023-11-09 14:00:00+01:00,53.0,0.3,0.1355,0.1355
2023-11-09 15:00:00+01:00,53.0,1.8,3.14,3.14
2023-11-09 16:00:00+01:00,53.0,12.6,18.862,23.0545
2023-11-09 17:00:00+01:00,53.0,13.8,20.219,25.039
2023-11-09 18:00:00+01:00,53.0,14.3,20.7905,26.013
2023-11-09 19:00:00+01:00,53.0,15.1,21.3945,27.5635
2023-11-09 20:00:00+01:00,53.0,18.3,25.0975,33.5855
2023-11-09 21:00:00+01:00,53.0,42.3,53.0825,80.01
2023-11-09 22:00:00+01:00,53.0,37.8,47.155,71.1305
2023-11-09 23:00:00+01:00,53.0,27.3,34.771,51.0815
2023-11-10 00:00:00+01:00,53.0,8.1,11.8665,14.887
2023-11-10 01:00:00+01:00,53.0,1.9,3.109,3.109
2023-11-10 02:00:00+01:00,53.0,1.9,3.2075,3.2075
2023-11-10 03:00:00+01:00,53.0,1.6,2.9675,2.9675
2023-11-10 04:00:00+01:00,53.0,1.7,2.9505,2.9505
2023-11-10 05:00:00+01:00,53.0,2.1,3.555,3.555
2023-11-10 06:00:00+01:00,53.0,3.8,7.722,7.78
2023-11-10 07:00:00+01:00,53.0,6.9,12.58,13.2145
2023-11-10 08:00:00+01:00,53.0,11.7,18.2295,21.2485
2023-11-10 09:00:00+01:00,53.0,22.0,28.551,40.344
2023-11-10 10:00:00+01:00,53.0,22.6,28.0715,42.065
2023-11-10 11:00:00+01:00,53.0,30.9,38.2235,57.7355
2023-11-10 12:00:00+01:00,53.0,31.2,38.6325,58.3395
2023-11-10 13:00:00+01:00,53.0,24.3,29.8595,45.152
2023-11-10 14:00:00+01:00,53.0,29.0,35.148,53.114
2023-11-10 15:00:00+01:00,53.0,29.9,36.273,54.7915
2023-11-10 16:00:00+01:00,53.0,29.7,35.999,54.451
2023-11-10 17:00:00+01:00,53.0,28.5,35.8605,52.86
2023-11-10 18:00:00+01:00,53.0,42.7,53.3705,80.453
2023-11-10 19:00:00+01:00,53.0,45.3,56.4935,85.151
2023-11-10 20:00:00+01:00,53.0,41.7,51.9885,78.404
2023-11-10 21:00:00+01:00,53.0,37.8,47.346,71.4095
2023-11-10 22:00:00+01:00,53.0,32.5,40.161,60.5295
2023-11-10 23:00:00+01:00,53.0,22.0,28.1035,40.5075
2023-11-11 00:00:00+01:00,53.0,26.5,32.416,48.6025
2023-11-11 01:00:00+01:00,53.0,15.4,21.4975,28.087
2023-11-11 02:00:00+01:00,53.0,12.7,19.1675,23.4385
2023-11-11 03:00:00+01:00,53.0,5.3,6.969,9.3725
2023-11-11 04:00:00+01:00,53.0,5.9,11.984,12.156
2023-11-11 05:00:00+01:00,53.0,2.2,4.4145,4.4145
2023-11-11 06:00:00+01:00,53.0,1.8,3.344,3.3995
2023-11-11 07:00:00+01:00,53.0,7.8,13.52,14.5855
2023-11-11 08:00:00+01:00,53.0,5.7,10.2275,10.605
2023-11-11 09:00:00+01:00,53.0,3.3,6.499,6.5195
2023-11-11 10:00:00+01:00,53.0,1.1,1.742,1.742
2023-11-11 11:00:00+01:00,53.0,0.6,0.7025,0.7025
2023-11-11 12:00:00+01:00,53.0,0.7,0.837,0.837
2023-11-11 13:00:00+01:00,53.0,1.4,2.261,2.2635
2023-11-11 14:00:00+01:00,53.0,2.9,5.025,5.2255
2023-11-11 15:00:00+01:00,53.0,3.8,6.431,7.016
2023-11-11 16:00:00+01:00,53.0,12.2,18.2935,22.064
2023-11-11 17:00:00+01:00,53.0,21.1,27.303,38.843
2023-11-11 18:00:00+01:00,53.0,24.5,29.992,45.069
2023-11-11 19:00:00+01:00,53.0,30.3,38.6615,56.8
2023-11-11 20:00:00+01:00,53.0,56.0,70.492,106.145
2023-11-11 21:00:00+01:00,53.0,46.2,58.323,87.934
2023-11-11 22:00:00+01:00,53.0,51.7,65.3395,98.4245
2023-11-11 23:00:00+01:00,53.0,49.7,62.4385,93.9495
2023-11-12 00:00:00+01:00,53.0,29.5,37.7425,55.735
2023-11-12 01:00:00+01:00,53.0,28.0,34.9725,52.232
2023-11-12 02:00:00+01:00,53.0,15.4,21.852,28.628
2023-11-12 03:00:00+01:00,53.0,14.8,20.8375,26.347
2023-11-12 04:00:00+01:00,53.0,7.2,11.6225,12.658
2023-11-12 05:00:00+01:00,53.0,5.7,10.57,10.824
2023-11-12 06:00:00+01:00,53.0,10.0,16.153,17.7745
2023-11-12 07:00:00+01:00,53.0,16.6,22.3565,29.672
2023-11-12 08:00:00+01:00,53.0,19.9,25.594,36.207
2023-11-12 09:00:00+01:00,53.0,22.0,27.5145,40.44
2023-11-12 10:00:00+01:00,53.0,13.6,20.3565,25.0645
2023-11-12 11:00:00+01:00,53.0,12.6,19.5235,23.4445
2023-11-12 12:00:00+01:00,53.0,13.6,20.4815,25.147
2023-11-12 13:00:00+01:00,53.0,9.6,16.2255,17.5105
2023-11-12 14:00:00+01:00,53.0,13.0,19.2165,24.04
2023-11-12 15:00:00+01:00,53.0,20.4,26.2005,37.6265
2023-11-12 16:00:00+01:00,53.0,24.6,30.858,45.407
2023-11-12 17:00:00+01:00,53.0,3.1,5.595,5.736
2023-11-12 18:00:00+01:00,53.0,4.0,7.4665,7.4915
2023-11-12 19:00:00+01:00,53.0,8.8,13.887,16.51
2023-11-12 20:00:00+01:00,53.0,26.8,34.8335,50.343
2023-11-12 21:00:00+01:00,53.0,35.2,44.059,66.503
2023-11-12 22:00:00+01:00,53.0,24.7,30.761,45.8925
2023-11-12 23:00:00+01:00,53.0,27.6,34.035,51.4795
2023-11-13 00:00:00+01:00,53.0,23.3,28.441,42.893
2023-11-13 01:00:00+01:00,53.0,27.2,33.4655,50.3935
2023-11-13 02:00:00+01:00,53.0,20.0,26.5345,37.1245
2023-11-13 03:00:00+01:00,53.0,21.9,27.513,40.28
2023-11-13 04:00:00+01:00,53.0,15.3,21.748,27.9725
2023-11-13 05:00:00+01:00,53.0,12.2,18.701,22.4795
2023-11-13 06:00:00+01:00,53.0,13.2,20.2845,25.362
2023-11-13 07:00:00+01:00,53.0,21.5,28.0885,40.2445
2023-11-13 08:00:00+01:00,53.0,25.6,31.751,47.7955
2023-11-13 09:00:00+01:00,53.0,14.9,21.1675,27.5405
2023-11-13 10:00:00+01:00,53.0,11.8,18.632,21.876
2023-11-13 11:00:00+01:00,53.0,9.8,17.076,19.329
2023-11-13 12:00:00+01:00,53.0,8.8,15.8965,17.766
2023-11-13 13:00:00+01:00,53.0,5.0,9.1385,9.85
2023-11-13 14:00:00+01:00,53.0,1.4,2.404,2.404
2023-11-13 15:00:00+01:00,53.0,7.4,11.4895,13.3845
2023-11-13 16:00:00+01:00,53.0,12.3,18.6855,22.4945
2023-11-13 17:00:00+01:00,53.0,17.9,24.2375,33.0545
2023-11-13 18:00:00+01:00,53.0,22.8,28.516,41.946
2023-11-13 19:00:00+01:00,53.0,29.6,36.5495,55.219
2023-11-13 20:00:00+01:00,53.0,27.0,33.0935,50.0725
2023-11-13 21:00:00+01:00,53.0,39.6,49.3085,74.4075
2023-11-13 22:00:00+01:00,53.0,47.8,60.0975,90.56
2023-11-13 23:00:00+01:00,53.0,51.7,64.9995,97.9045
2023-11-14 00:00:00+01:00,53.0,57.3,72.33,108.8945
2023-11-14 01:00:00+01:00,53.0,56.1,70.5715,106.2565
2023-11-14 02:00:00+01:00,53.0,38.5,48.496,72.477
2023-11-14 03:00:00+01:00,53.0,1.2,1.7815,1.9225
2023-11-14 04:00:00+01:00,53.0,0.2,0.0975,0.0975
2023-11-14 05:00:00+01:00,53.0,0.6,0.4025,0.4025
2023-11-14 06:00:00+01:00,53.0,0.7,0.6875,0.786
2023-11-14 07:00:00+01:00,53.0,0.4,0.373,0.373
2023-11-14 08:00:00+01:00,53.0,0.4,0.2455,0.2455
2023-11-14 09:00:00+01:00,53.0,0.4,0.3875,0.3875
2023-11-14 10:00:00+01:00,53.0,0.4,0.196,0.196
2023-11-14 11:00:00+01:00,53.0,0.3,0.25,0.25
2023-11-14 12:00:00+01:00,53.0,0.3,0.1025,0.1025
2023-11-14 13:00:00+01:00,53.0,0.5,0.4445,0.4445
2023-11-14 14:00:00+01:00,53.0,0.5,0.424,0.424
2023-11-14 15:00:00+01:00,53.0,0.8,0.9245,0.926
2023-11-14 16:00:00+01:00,53.0,1.6,3.081,3.081
2023-11-14 17:00:00+01:00,53.0,1.2,1.7935,1.7935
2023-11-14 18:00:00+01:00,53.0,1.0,1.688,1.688
2023-11-14 19:00:00+01:00,53.0,2.5,4.516,4.5185
2023-11-14 20:00:00+01:00,53.0,1.0,1.148,1.207
2023-11-14 21:00:00+01:00,53.0,0.7,0.8375,0.854
2023-11-14 22:00:00+01:00,53.0,0.8,0.9475,0.98
2023-11-14 23:00:00+01:00,53.0,0.6,0.6075,0.815
2023-11-15 00:00:00+01:00,53.0,0.4,0.3765,0.4075
2023-11-15 01:00:00+01:00,53.0,0.1,0.138,0.139
2023-11-15 02:00:00+01:00,53.0,0.0,0.0145,0.0145
2023-11-15 03:00:00+01:00,53.0,0.0,0.005,0.005
2023-11-15 04:00:00+01:00,53.0,0.9,1.4165,1.4165
2023-11-15 05:00:00+01:00,53.0,1.1,1.964,1.964
2023-11-15 06:00:00+01:00,53.0,1.7,3.2515,3.2515
2023-11-15 07:00:00+01:00,53.0,3.6,7.451,7.5
2023-11-15 08:00:00+01:00,53.0,5.3,9.3265,10.406
2023-11-15 09:00:00+01:00,53.0,1.5,2.563,2.563
2023-11-15 10:00:00+01:00,53.0,3.3,6.682,6.692
2023-11-15 11:00:00+01:00,53.0,8.8,15.7615,17.186
2023-11-15 12:00:00+01:00,53.0,11.1,17.9065,20.615
2023-11-15 13:00:00+01:00,53.0,6.6,12.3695,13.752
2023-11-15 14:00:00+01:00,53.0,8.4,14.812,16.161
2023-11-15 15:00:00+01:00,53.0,12.9,19.6305,23.693
2023-11-15 16:00:00+01:00,53.0,7.1,11.916,13.2835
2023-11-15 17:00:00+01:00,53.0,15.6,21.8195,28.7525
2023-11-15 18:00:00+01:00,53.0,12.3,19.0665,22.855
2023-11-15 19:00:00+01:00,53.0,16.9,22.843,30.6865
2023-11-15 20:00:00+01:00,53.0,19.4,25.422,35.4415
2023-11-15 21:00:00+01:00,53.0,32.0,39.8635,59.883
2023-11-15 22:00:00+01:00,53.0,17.1,23.775,31.617
2023-11-15 23:00:00+01:00,53.0,20.3,26.031,37.5455
2023-11-16 00:00:00+01:00,53.0,6.3,11.812,12.2935
2023-11-16 01:00:00+01:00,53.0,3.4,6.3165,6.328
2023-11-16 02:00:00+01:00,53.0,2.8,4.8675,5.0955
2023-11-16 03:00:00+01:00,53.0,2.5,4.4695,4.4695
2023-11-16 04:00:00+01:00,53.0,1.4,2.488,2.488
2023-11-16 05:00:00+01:00,53.0,5.3,8.9445,9.865
2023-11-16 06:00:00+01:00,53.0,13.9,19.9425,25.368
2023-11-16 07:00:00+01:00,53.0,16.5,22.812,30.495
2023-11-16 08:00:00+01:00,53.0,13.8,19.891,25.3775
2023-11-16 09:00:00+01:00,53.0,11.2,17.5665,20.0805
2023-11-16 10:00:00+01:00,53.0,6.1,11.569,11.9185
2023-11-16 11:00:00+01:00,53.0,4.2,8.6105,8.7385
2023-11-16 12:00:00+01:00,53.0,5.7,11.356,11.883
2023-11-16 13:00:00+01:00,53.0,5.5,12.089,12.2385
2023-11-16 14:00:00+01:00,53.0,9.6,16.644,18.3565
2023-11-16 15:00:00+01:00,53.0,15.6,22.3385,29.0675
2023-11-16 16:00:00+01:00,53.0,17.6,24.1275,32.532
2023-11-16 17:00:00+01:00,53.0,23.0,28.8545,42.345
2023-11-16 18:00:00+01:00,53.0,41.7,52.0795,78.554
2023-11-16 19:00:00+01:00,53.0,48.9,61.4905,92.6405
2023-11-16 20:00:00+01:00,53.0,44.7,56.2285,84.7665
2023-11-16 21:00:00+01:00,53.0,44.5,56.0345,84.4635
2023-11-16 22:00:00+01:00,53.0,48.6,61.279,92.306
2023-11-16 23:00:00+01:00,53.0,12.3,15.4425,22.825
2023-11-17 00:00:00+01:00,53.0,0.3,0.0335,0.0335
2023-11-17 01:00:00+01:00,53.0,1.9,2.5035,3.089
2023-11-17 02:00:00+01:00,53.0,0.9,1.56,1.561
2023-11-17 03:00:00+01:00,53.0,5.5,9.961,10.2935
2023-11-17 04:00:00+01:00,53.0,8.8,15.242,15.8485
2023-11-17 05:00:00+01:00,53.0,8.9,14.768,16.114
2023-11-17 06:00:00+01:00,53.0,0.6,0.9285,0.9285
2023-11-17 07:00:00+01:00,53.0,11.3,17.621,20.8925
2023-11-17 08:00:00+01:00,53.0,11.2,16.5335,20.7
2023-11-17 09:00:00+01:00,53.0,4.1,6.4825,7.3845
2023-11-17 10:00:00+01:00,53.0,1.6,2.5315,2.6605
2023-11-17 11:00:00+01:00,53.0,3.9,7.662,7.6985
2023-11-17 12:00:00+01:00,53.0,2.0,3.4385,3.4685
2023-11-17 13:00:00+01:00,53.0,7.2,13.357,14.325
2023-11-17 14:00:00+01:00,53.0,4.9,9.435,10.028
2023-11-17 15:00:00+01:00,53.0,2.7,5.644,5.644
2023-11-17 16:00:00+01:00,53.0,5.6,11.199,11.5805
2023-11-17 17:00:00+01:00,53.0,15.9,22.3675,28.923
2023-11-17 18:00:00+01:00,53.0,12.6,19.0785,22.685
2023-11-17 19:00:00+01:00,53.0,12.7,19.374,23.0285
2023-11-17 20:00:00+01:00,53.0,14.9,21.251,26.7615
2023-11-17 21:00:00+01:00,53.0,12.3,18.8965,22.093
2023-11-17 22:00:00+01:00,53.0,10.8,17.191,19.1695
2023-11-17 23:00:00+01:00,53.0,13.2,19.7565,23.609
2023-11-18 00:00:00+01:00,53.0,8.5,13.7135,14.406
2023-11-18 01:00:00+01:00,53.0,6.8,11.8105,12.253
2023-11-18 02:00:00+01:00,53.0,6.9,11.7815,12.6
2023-11-18 03:00:00+01:00,53.0,3.9,7.4255,7.4255
2023-11-18 04:00:00+01:00,53.0,3.6,6.254,6.3135
2023-11-18 05:00:00+01:00,53.0,4.2,5.9745,6.826
2023-11-18 06:00:00+01:00,53.0,3.2,5.14,5.142
2023-11-18 07:00:00+01:00,53.0,3.7,6.6065,6.73
2023-11-18 08:00:00+01:00,53.0,5.3,9.7605,10.025
2023-11-18 09:00:00+01:00,53.0,7.3,13.15,13.7625
2023-11-18 10:00:00+01:00,53.0,4.5,8.412,8.7035
2023-11-18 11:00:00+01:00,53.0,2.3,4.544,4.5875
2023-11-18 12:00:00+01:00,53.0,1.8,3.229,3.229
2023-11-18 13:00:00+01:00,53.0,2.8,5.0555,5.1365
2023-11-18 14:00:00+01:00,53.0,2.4,4.1025,4.221
2023-11-18 15:00:00+01:00,53.0,7.5,11.489,13.72
2023-11-18 16:00:00+01:00,53.0,17.5,23.935,31.9985
2023-11-18 17:00:00+01:00,53.0,16.3,22.2585,29.339
2023-11-18 18:00:00+01:00,53.0,19.9,25.5755,35.894
2023-11-18 19:00:00+01:00,53.0,17.5,23.2315,30.995
2023-11-18 20:00:00+01:00,53.0,16.5,21.8165,28.675
2023-11-18 21:00:00+01:00,53.0,13.7,19.0925,23.3935
2023-11-18 22:00:00+01:00,53.0,12.2,17.613,20.6865
2023-11-18 23:00:00+01:00,53.0,11.4,16.7355,19.026
2023-11-19 00:00:00+01:00,53.0,9.3,14.776,15.757
2023-11-19 01:00:00+01:00,53.0,7.8,13.1725,13.257
2023-11-19 02:00:00+01:00,53.0,7.4,12.6625,12.892
2023-11-19 03:00:00+01:00,53.0,5.8,10.879,10.879
2023-11-19 04:00:00+01:00,53.0,5.1,10.0395,10.042
2023-11-19 05:00:00+01:00,53.0,6.1,10.929,10.9335
2023-11-19 06:00:00+01:00,53.0,9.0,14.3705,15.3415
2023-11-19 07:00:00+01:00,53.0,9.8,15.2495,16.6295
2023-11-19 08:00:00+01:00,53.0,17.2,22.7065,30.7715
2023-11-19 09:00:00+01:00,53.0,17.2,23.1745,31.171
2023-11-19 10:00:00+01:00,53.0,17.9,23.971,33.3965
2023-11-19 11:00:00+01:00,53.0,14.0,20.368,25.4665
2023-11-19 12:00:00+01:00,53.0,11.2,18.2835,20.969
2023-11-19 13:00:00+01:00,53.0,15.1,22.106,28.7645
2023-11-19 14:00:00+01:00,53.0,19.1,25.325,36.238
2023-11-19 15:00:00+01:00,53.0,30.2,37.639,56.687
2023-11-19 16:00:00+01:00,53.0,34.4,43.004,64.945
2023-11-19 17:00:00+01:00,53.0,32.6,40.499,61.1615
2023-11-19 18:00:00+01:00,53.0,32.2,40.0915,60.562
2023-11-19 19:00:00+01:00,53.0,31.5,39.05,58.9975
2023-11-19 20:00:00+01:00,53.0,21.1,26.1395,38.6965
2023-11-19 21:00:00+01:00,53.0,41.6,52.5465,78.3675
2023-11-19 22:00:00+01:00,53.0,53.6,67.4815,101.63
2023-11-19 23:00:00+01:00,53.0,56.3,71.1505,107.131
2023-11-20 00:00:00+01:00,53.0,52.3,65.9615,99.3685
2023-11-20 01:00:00+01:00,53.0,58.7,74.0555,111.511
2023-11-20 02:00:00+01:00,53.0,62.7,78.9215,118.774
2023-11-20 03:00:00+01:00,53.0,54.2,67.4335,101.552
2023-11-20 04:00:00+01:00,53.0,39.3,48.616,73.388
2023-11-20 05:00:00+01:00,53.0,35.1,43.6395,65.649
2023-11-20 06:00:00+01:00,53.0,28.2,35.316,52.77
2023-11-20 07:00:00+01:00,53.0,27.7,34.496,52.1425
2023-11-20 08:00:00+01:00,53.0,36.6,45.9695,69.3965
2023-11-20 09:00:00+01:00,53.0,41.2,51.6765,77.931
2023-11-20 10:00:00+01:00,53.0,42.5,53.522,80.7085
2023-11-20 11:00:00+01:00,53.0,33.0,41.538,62.7375
2023-11-20 12:00:00+01:00,53.0,27.7,34.75,52.5375
2023-11-20 13:00:00+01:00,53.0,24.8,31.0065,46.916
2023-11-20 14:00:00+01:00,53.0,19.3,25.5965,36.6395
2023-11-20 15:00:00+01:00,53.0,12.0,18.932,22.3755
2023-11-20 16:00:00+01:00,53.0,32.2,40.3695,60.7255
2023-11-20 17:00:00+01:00,53.0,62.0,78.121,117.603
2023-11-20 18:00:00+01:00,53.0,71.0,89.878,135.2635
2023-11-20 19:00:00+01:00,53.0,74.0,93.4375,140.5835
2023-11-20 20:00:00+01:00,53.0,71.0,89.4245,134.5765
2023-11-20 21:00:00+01:00,53.0,83.2,105.2075,158.195
2023-11-20 22:00:00+01:00,53.0,86.9,109.6035,164.7625
2023-11-20 23:00:00+01:00,53.0,83.9,105.301,158.3315
2023-11-21 00:00:00+01:00,53.0,64.1,80.0925,120.553
2023-11-21 01:00:00+01:00,53.0,54.3,67.5185,101.715
2023-11-21 02:00:00+01:00,53.0,55.4,69.0035,103.9015
2023-11-21 03:00:00+01:00,53.0,52.5,65.4145,98.5205
2023-11-21 04:00:00+01:00,53.0,36.6,45.0955,68.053
2023-11-21 05:00:00+01:00,53.0,34.8,42.7375,64.5045
2023-11-21 06:00:00+01:00,53.0,29.3,35.6175,53.835
2023-11-21 07:00:00+01:00,53.0,34.1,42.1045,63.5525
2023-11-21 08:00:00+01:00,53.0,35.1,42.7875,64.6
2023-11-21 09:00:00+01:00,53.0,38.0,46.454,70.1
2023-11-21 10:00:00+01:00,53.0,39.6,48.6105,73.3175
2023-11-21 11:00:00+01:00,53.0,30.7,37.1975,56.218
2023-11-21 12:00:00+01:00,53.0,23.8,29.255,43.91
2023-11-21 13:00:00+01:00,53.0,6.5,11.196,12.8715
2023-11-21 14:00:00+01:00,53.0,5.2,10.7785,11.2075
2023-11-21 15:00:00+01:00,53.0,9.3,15.7995,17.8185
2023-11-21 16:00:00+01:00,53.0,19.7,25.33,36.004
2023-11-21 17:00:00+01:00,53.0,25.6,31.013,46.9075
2023-11-21 18:00:00+01:00,53.0,24.0,29.347,44.1755
2023-11-21 19:00:00+01:00,53.0,22.2,27.1395,40.5665
2023-11-21 20:00:00+01:00,53.0,23.3,28.1095,42.353
2023-11-21 21:00:00+01:00,53.0,20.0,25.1505,36.256
2023-11-21 22:00:00+01:00,53.0,17.2,23.048,31.114
2023-11-21 23:00:00+01:00,53.0,14.2,20.687,25.7055
2023-11-22 00:00:00+01:00,53.0,7.2,13.224,13.561
2023-11-22 01:00:00+01:00,53.0,4.6,9.9065,9.9065
2023-11-22 02:00:00+01:00,53.0,3.4,6.7225,6.7225
2023-11-22 03:00:00+01:00,53.0,2.9,5.199,5.199
2023-11-22 04:00:00+01:00,53.0,2.7,4.751,4.751
2023-11-22 05:00:00+01:00,53.0,3.2,5.861,5.8705
2023-11-22 06:00:00+01:00,53.0,5.6,11.478,11.5465
2023-11-22 07:00:00+01:00,53.0,10.4,16.7585,18.7335
2023-11-22 08:00:00+01:00,53.0,13.9,20.2925,24.84
2023-11-22 09:00:00+01:00,53.0,11.8,18.3055,20.9995
2023-11-22 10:00:00+01:00,53.0,9.9,16.3605,17.867
2023-11-22 11:00:00+01:00,53.0,11.8,18.2655,21.1455
2023-11-22 12:00:00+01:00,53.0,9.0,15.387,16.42
2023-11-22 13:00:00+01:00,53.0,8.2,14.155,14.922
2023-11-22 14:00:00+01:00,53.0,8.6,14.753,15.193
2023-11-22 15:00:00+01:00,53.0,9.9,16.1155,17.3655
2023-11-22 16:00:00+01:00,53.0,13.1,19.368,23.2445
2023-11-22 17:00:00+01:00,53.0,16.0,22.2965,29.2525
2023-11-22 18:00:00+01:00,53.0,15.2,21.416,27.078
2023-11-22 19:00:00+01:00,53.0,15.5,21.605,27.734
2023-11-22 20:00:00+01:00,53.0,13.6,19.977,24.1625
2023-11-22 21:00:00+01:00,53.0,13.4,19.5955,23.4675
2023-11-22 22:00:00+01:00,53.0,13.2,19.459,22.969
2023-11-22 23:00:00+01:00,53.0,12.7,18.987,22.094
2023-11-23 00:00:00+01:00,53.0,11.6,17.665,19.818
2023-11-23 01:00:00+01:00,53.0,10.8,16.941,18.576
2023-11-23 02:00:00+01:00,53.0,10.6,16.675,18.124
2023-11-23 03:00:00+01:00,53.0,11.8,17.8285,20.0875
2023-11-23 04:00:00+01:00,53.0,12.4,18.5,21.197
2023-11-23 05:00:00+01:00,53.0,12.9,18.9665,22.038
2023-11-23 06:00:00+01:00,53.0,13.8,19.8505,23.733
2023-11-23 07:00:00+01:00,53.0,15.5,21.2445,26.8385
2023-11-23 08:00:00+01:00,53.0,17.4,22.7245,30.327
2023-11-23 09:00:00+01:00,53.0,17.1,22.4705,29.7275
2023-11-23 10:00:00+01:00,53.0,17.7,23.081,31.0595
2023-11-23 11:00:00+01:00,53.0,18.1,23.5195,31.9565
2023-11-23 12:00:00+01:00,53.0,18.3,23.5185,32.369
2023-11-23 13:00:00+01:00,53.0,21.2,25.743,37.908
2023-11-23 14:00:00+01:00,53.0,23.5,28.38,42.728
2023-11-23 15:00:00+01:00,53.0,23.1,27.816,41.5235
2023-11-23 16:00:00+01:00,53.0,24.7,30.0825,45.533
2023-11-23 17:00:00+01:00,53.0,29.2,35.7345,54.0355
2023-11-23 18:00:00+01:00,53.0,29.9,36.3485,54.9425
2023-11-23 19:00:00+01:00,53.0,28.5,34.7895,52.591
2023-11-23 20:00:00+01:00,53.0,33.6,41.2395,62.2795
2023-11-23 21:00:00+01:00,53.0,33.6,41.4815,62.6645
2023-11-23 22:00:00+01:00,53.0,28.2,34.3435,51.973
2023-11-23 23:00:00+01:00,53.0,28.8,35.0065,52.9135
2023-11-24 00:00:00+01:00,53.0,28.9,35.3855,53.506
2023-11-24 01:00:00+01:00,53.0,23.1,27.667,41.7695
2023-11-24 02:00:00+01:00,53.0,21.7,26.328,39.095
2023-11-24 03:00:00+01:00,53.0,15.6,21.1645,26.742
2023-11-24 04:00:00+01:00,53.0,14.4,20.2265,24.804
2023-11-24 05:00:00+01:00,53.0,13.0,19.0615,22.55
2023-11-24 06:00:00+01:00,53.0,13.9,19.8865,24.1015
2023-11-24 07:00:00+01:00,53.0,17.5,23.5375,31.6645
2023-11-24 08:00:00+01:00,53.0,33.9,42.355,63.9825
2023-11-24 09:00:00+01:00,53.0,40.3,50.508,76.2215
2023-11-24 10:00:00+01:00,53.0,38.6,48.35,72.98
2023-11-24 11:00:00+01:00,53.0,32.5,40.9025,61.7805
2023-11-24 12:00:00+01:00,53.0,18.6,24.822,34.4695
2023-11-24 13:00:00+01:00,53.0,8.9,15.251,16.675
2023-11-24 14:00:00+01:00,53.0,7.3,13.378,13.4865
2023-11-24 15:00:00+01:00,53.0,7.6,13.6075,13.818
2023-11-24 16:00:00+01:00,53.0,9.0,15.0175,16.4275
2023-11-24 17:00:00+01:00,53.0,10.6,16.7825,18.708
2023-11-24 18:00:00+01:00,53.0,6.0,11.6775,11.8425
2023-11-24 19:00:00+01:00,53.0,3.1,5.768,5.768
2023-11-24 20:00:00+01:00,53.0,3.7,7.629,7.6335
2023-11-24 21:00:00+01:00,53.0,3.2,6.16,6.1945
2023-11-24 22:00:00+01:00,53.0,2.5,4.5865,4.5865
2023-11-24 23:00:00+01:00,53.0,2.9,5.4185,5.4185
2023-11-25 00:00:00+01:00,53.0,2.9,5.168,5.168
2023-11-25 01:00:00+01:00,53.0,1.9,3.0505,3.0505
2023-11-25 02:00:00+01:00,53.0,0.4,0.3395,0.3395
2023-11-25 03:00:00+01:00,53.0,1.6,2.704,2.704
2023-11-25 04:00:00+01:00,53.0,0.2,0.112,0.112
2023-11-25 05:00:00+01:00,53.0,0.6,0.814,0.814
2023-11-25 06:00:00+01:00,53.0,1.6,2.685,2.6855
2023-11-25 07:00:00+01:00,53.0,1.2,1.569,1.6785
2023-11-25 08:00:00+01:00,53.0,4.8,8.5875,8.829
2023-11-25 09:00:00+01:00,53.0,6.5,11.875,12.6215
2023-11-25 10:00:00+01:00,53.0,19.8,25.7205,36.638
2023-11-25 11:00:00+01:00,53.0,16.2,22.269,29.938
2023-11-25 12:00:00+01:00,53.0,8.3,13.745,15.803
2023-11-25 13:00:00+01:00,53.0,8.1,13.388,15.3385
2023-11-25 14:00:00+01:00,53.0,10.7,17.0615,19.319
2023-11-25 15:00:00+01:00,53.0,4.7,9.396,9.41
2023-11-25 16:00:00+01:00,53.0,7.5,13.481,14.0025
2023-11-25 17:00:00+01:00,53.0,7.4,13.485,13.978
2023-11-25 18:00:00+01:00,53.0,6.7,12.548,13.0385
2023-11-25 19:00:00+01:00,53.0,5.1,10.374,10.405
2023-11-25 20:00:00+01:00,53.0,6.7,11.7865,12.6065
2023-11-25 21:00:00+01:00,53.0,14.1,19.8725,25.1595
2023-11-25 22:00:00+01:00,53.0,15.8,20.603,26.977
2023-11-25 23:00:00+01:00,53.0,10.4,15.965,17.7535
2023-11-26 00:00:00+01:00,53.0,7.3,12.699,12.8305
2023-11-26 01:00:00+01:00,53.0,5.2,9.736,9.7395
2023-11-26 02:00:00+01:00,53.0,3.6,6.6785,6.6785
2023-11-26 03:00:00+01:00,53.0,2.5,4.208,4.208
2023-11-26 04:00:00+01:00,53.0,2.9,4.642,4.693
2023-11-26 05:00:00+01:00,53.0,9.4,15.1775,16.323
2023-11-26 06:00:00+01:00,53.0,8.9,14.8315,15.713
2023-11-26 07:00:00+01:00,53.0,13.0,18.5885,22.7525
2023-11-26 08:00:00+01:00,53.0,8.4,13.751,14.4525
2023-11-26 09:00:00+01:00,53.0,17.1,22.451,30.5635
2023-11-26 10:00:00+01:00,53.0,8.7,14.875,16.286
2023-11-26 11:00:00+01:00,53.0,3.0,5.509,5.6885
2023-11-26 12:00:00+01:00,53.0,3.8,7.94,7.94
2023-11-26 13:00:00+01:00,53.0,3.3,6.398,6.481
2023-11-26 14:00:00+01:00,53.0,3.2,6.0235,6.036
2023-11-26 15:00:00+01:00,53.0,7.3,11.0235,13.5725
2023-11-26 16:00:00+01:00,53.0,9.8,15.9065,18.2585
2023-11-26 17:00:00+01:00,53.0,5.6,10.9765,11.106
2023-11-26 18:00:00+01:00,53.0,16.1,21.2815,28.5425
2023-11-26 19:00:00+01:00,53.0,21.7,25.6035,37.803
2023-11-26 20:00:00+01:00,53.0,25.6,29.511,44.599
2023-11-26 21:00:00+01:00,53.0,21.5,25.3405,37.1215
2023-11-26 22:00:00+01:00,53.0,37.8,44.666,67.1875
2023-11-26 23:00:00+01:00,53.0,39.0,45.5675,68.336
2023-11-27 00:00:00+01:00,53.0,29.1,34.638,50.6435
2023-11-27 01:00:00+01:00,53.0,26.3,31.1225,45.402
2023-11-27 02:00:00+01:00,53.0,24.8,28.231,42.384
2023-11-27 03:00:00+01:00,53.0,19.6,23.129,32.9385
2023-11-27 04:00:00+01:00,53.0,22.5,24.981,37.754
2023-11-27 05:00:00+01:00,53.0,22.6,25.6555,37.9395
2023-11-27 06:00:00+01:00,53.0,23.3,26.7265,39.3565
2023-11-27 07:00:00+01:00,53.0,32.4,37.658,56.851
2023-11-27 08:00:00+01:00,53.0,38.5,46.5155,70.107
2023-11-27 09:00:00+01:00,53.0,42.6,53.1315,80.096
2023-11-27 10:00:00+01:00,53.0,26.8,34.0905,50.6655
2023-11-27 11:00:00+01:00,53.0,1.4,2.388,2.3885
2023-11-27 12:00:00+01:00,53.0,2.0,3.5635,3.5675
2023-11-27 13:00:00+01:00,53.0,1.8,3.0825,3.0865
2023-11-27 14:00:00+01:00,53.0,2.3,4.0025,4.121
2023-11-27 15:00:00+01:00,53.0,2.1,3.527,3.576
2023-11-27 16:00:00+01:00,53.0,2.2,3.66,3.663
2023-11-27 17:00:00+01:00,53.0,1.9,3.22,3.2805
2023-11-27 18:00:00+01:00,53.0,2.1,3.4815,3.4905
2023-11-27 19:00:00+01:00,53.0,2.4,4.1015,4.176
2023-11-27 20:00:00+01:00,53.0,1.3,2.1525,2.1635
2023-11-27 21:00:00+01:00,53.0,1.4,1.9545,2.0405
2023-11-27 22:00:00+01:00,53.0,0.5,0.4355,0.4355
2023-11-27 23:00:00+01:00,53.0,3.3,6.5765,6.589
2023-11-28 00:00:00+01:00,53.0,1.5,2.856,2.856
2023-11-28 01:00:00+01:00,53.0,0.1,0.0295,0.0295
2023-11-28 02:00:00+01:00,53.0,0.3,0.2435,0.268
2023-11-28 03:00:00+01:00,53.0,0.1,0.0295,0.0295
2023-11-28 04:00:00+01:00,53.0,0.1,0.0055,0.0055
2023-11-28 05:00:00+01:00,53.0,0.8,1.217,1.217
2023-11-28 06:00:00+01:00,53.0,4.1,7.4315,7.9585
2023-11-28 07:00:00+01:00,53.0,10.3,17.0945,19.5
2023-11-28 08:00:00+01:00,53.0,21.5,27.42,39.8645
2023-11-28 09:00:00+01:00,53.0,16.3,22.5205,29.6115
2023-11-28 10:00:00+01:00,53.0,15.6,22.059,28.487
2023-11-28 11:00:00+01:00,53.0,18.7,24.244,34.072
2023-11-28 12:00:00+01:00,53.0,15.1,19.484,27.526
2023-11-28 13:00:00+01:00,53.0,1.7,3.0435,3.0435
2023-11-28 14:00:00+01:00,53.0,3.3,6.347,6.353
2023-11-28 15:00:00+01:00,53.0,5.9,10.496,11.486
2023-11-28 16:00:00+01:00,53.0,12.4,18.802,22.2815
2023-11-28 17:00:00+01:00,53.0,16.1,22.254,29.4675
2023-11-28 18:00:00+01:00,53.0,23.5,29.3515,43.2645
2023-11-28 19:00:00+01:00,53.0,23.5,28.9095,43.401
2023-11-28 20:00:00+01:00,53.0,23.5,29.078,43.147
2023-11-28 21:00:00+01:00,53.0,41.3,51.9785,77.5525
2023-11-28 22:00:00+01:00,53.0,38.0,47.269,71.326
2023-11-28 23:00:00+01:00,53.0,26.3,32.783,48.7135
2023-11-29 00:00:00+01:00,53.0,2.5,3.5625,4.2195
2023-11-29 01:00:00+01:00,53.0,1.0,1.422,1.422
2023-11-29 02:00:00+01:00,53.0,1.9,3.1895,3.22
2023-11-29 03:00:00+01:00,53.0,0.6,0.537,0.537
2023-11-29 04:00:00+01:00,53.0,1.1,1.4495,1.4495
2023-11-29 05:00:00+01:00,53.0,1.6,2.891,2.9425
2023-11-29 06:00:00+01:00,53.0,4.1,8.012,8.099
2023-11-29 07:00:00+01:00,53.0,8.6,14.955,15.9885
2023-11-29 08:00:00+01:00,53.0,13.4,19.56,23.7935
2023-11-29 09:00:00+01:00,53.0,12.6,19.084,22.651
2023-11-29 10:00:00+01:00,53.0,7.7,13.4525,14.4905
2023-11-29 11:00:00+01:00,53.0,5.2,10.048,10.5875
2023-11-29 12:00:00+01:00,53.0,4.5,7.8385,8.303
2023-11-29 13:00:00+01:00,53.0,2.7,4.6125,4.6125
2023-11-29 14:00:00+01:00,53.0,4.5,9.011,9.027
2023-11-29 15:00:00+01:00,53.0,6.5,12.246,12.84
2023-11-29 16:00:00+01:00,53.0,12.5,19.041,22.5555
2023-11-29 17:00:00+01:00,53.0,24.7,30.5495,45.081
2023-11-29 18:00:00+01:00,53.0,27.1,32.121,48.451
2023-11-29 19:00:00+01:00,53.0,29.2,34.5295,52.17
2023-11-29 20:00:00+01:00,53.0,35.6,42.3305,63.871
2023-11-29 21:00:00+01:00,53.0,30.0,35.509,53.492
2023-11-29 22:00:00+01:00,53.0,35.0,41.453,62.4035
2023-11-29 23:00:00+01:00,53.0,24.4,28.3615,42.443
2023-11-30 00:00:00+01:00,53.0,21.8,25.6535,37.779
2023-11-30 01:00:00+01:00,53.0,20.2,24.2705,34.715
2023-11-30 02:00:00+01:00,53.0,38.9,46.1105,69.4665
2023-11-30 03:00:00+01:00,53.0,43.8,52.012,78.369
2023-11-30 04:00:00+01:00,53.0,47.2,56.1765,84.6035
2023-11-30 05:00:00+01:00,53.0,40.8,48.602,73.278
2023-11-30 06:00:00+01:00,53.0,26.2,30.593,46.191
2023-11-30 07:00:00+01:00,53.0,26.8,31.458,47.531
2023-11-30 08:00:00+01:00,53.0,31.5,37.737,57.0265
2023-11-30 09:00:00+01:00,53.0,36.5,44.6375,67.283
2023-11-30 10:00:00+01:00,53.0,48.6,60.718,91.497
2023-11-30 11:00:00+01:00,53.0,53.9,67.607,101.812
2023-11-30 12:00:00+01:00,53.0,50.4,63.1685,95.181
2023-11-30 13:00:00+01:00,53.0,58.5,73.7695,111.0665
2023-11-30 14:00:00+01:00,53.0,59.3,74.535,112.2165
2023-11-30 15:00:00+01:00,53.0,5.3,7.9305,9.624
2023-11-30 16:00:00+01:00,53.0,0.9,1.243,1.243
2023-11-30 17:00:00+01:00,53.0,0.8,1.0035,1.0035
2023-11-30 18:00:00+01:00,53.0,0.7,0.792,0.792
2023-11-30 19:00:00+01:00,53.0,0.5,0.484,0.484
2023-11-30 20:00:00+01:00,53.0,0.5,0.37,0.37
2023-11-30 21:00:00+01:00,53.0,0.5,0.5605,0.5605
2023-11-30 22:00:00+01:00,53.0,0.6,0.6545,0.6545
2023-11-30 23:00:00+01:00,53.0,0.5,0.3385,0.3385
2023-12-01 00:00:00+01:00,53.0,0.3,0.106,0.106
2023-12-01 01:00:00+01:00,53.0,0.4,0.148,0.148
2023-12-01 02:00:00+01:00,53.0,0.4,0.186,0.186
2023-12-01 03:00:00+01:00,53.0,0.5,0.327,0.327
2023-12-01 04:00:00+01:00,53.0,0.5,0.3265,0.327
2023-12-01 05:00:00+01:00,53.0,0.6,0.491,0.491
2023-12-01 06:00:00+01:00,53.0,0.7,0.781,0.781
2023-12-01 07:00:00+01:00,53.0,0.9,1.349,1.349
2023-12-01 08:00:00+01:00,53.0,0.5,0.2955,0.2955
2023-12-01 09:00:00+01:00,53.0,0.8,0.864,0.864
2023-12-01 10:00:00+01:00,53.0,0.8,0.897,0.897
2023-12-01 11:00:00+01:00,53.0,0.7,0.8175,0.8175
2023-12-01 12:00:00+01:00,53.0,0.6,0.5725,0.5725
2023-12-01 13:00:00+01:00,53.0,0.5,0.4015,0.4015
2023-12-01 14:00:00+01:00,53.0,0.6,0.5685,0.5685
2023-12-01 15:00:00+01:00,53.0,0.7,0.7895,0.7895
2023-12-01 16:00:00+01:00,53.0,0.7,0.906,0.9065
2023-12-01 17:00:00+01:00,53.0,0.7,0.8705,0.8705
2023-12-01 18:00:00+01:00,53.0,0.8,1.0735,1.0745
2023-12-01 19:00:00+01:00,53.0,1.0,1.523,1.523
2023-12-01 20:00:00+01:00,53.0,0.7,0.838,0.838
2023-12-01 21:00:00+01:00,53.0,0.6,0.5535,0.5535
2023-12-01 22:00:00+01:00,53.0,0.5,0.409,0.409
2023-12-01 23:00:00+01:00,53.0,0.5,0.3255,0.3255
2023-12-02 00:00:00+01:00,53.0,0.5,0.459,0.459
2023-12-02 01:00:00+01:00,53.0,0.5,0.363,0.363
2023-12-02 02:00:00+01:00,53.0,0.5,0.498,0.498
2023-12-02 03:00:00+01:00,53.0,0.6,0.58,0.58
2023-12-02 04:00:00+01:00,53.0,0.7,0.6815,0.6915
2023-12-02 05:00:00+01:00,53.0,0.6,0.6835,0.6835
2023-12-02 06:00:00+01:00,53.0,0.7,0.9965,0.9965
2023-12-02 07:00:00+01:00,53.0,1.1,1.5105,1.5105
2023-12-02 08:00:00+01:00,53.0,1.3,1.698,1.698
2023-12-02 09:00:00+01:00,53.0,1.4,1.9705,1.9735
2023-12-02 10:00:00+01:00,53.0,1.8,2.5905,2.7075
2023-12-02 11:00:00+01:00,53.0,1.5,1.932,1.932
2023-12-02 12:00:00+01:00,53.0,1.5,2.0705,2.0705
2023-12-02 13:00:00+01:00,53.0,1.4,2.1345,2.139
2023-12-02 14:00:00+01:00,53.0,2.1,3.5035,3.5035
2023-12-02 15:00:00+01:00,53.0,7.0,12.7915,13.112
2023-12-02 16:00:00+01:00,53.0,13.4,19.8425,24.729
2023-12-02 17:00:00+01:00,53.0,17.9,24.3695,32.6995
2023-12-02 18:00:00+01:00,53.0,9.0,15.205,16.481
2023-12-02 19:00:00+01:00,53.0,11.1,17.58,20.036
2023-12-02 20:00:00+01:00,53.0,9.3,15.628,16.7005
2023-12-02 21:00:00+01:00,53.0,8.2,14.5435,15.042
2023-12-02 22:00:00+01:00,53.0,3.8,8.035,8.035
2023-12-02 23:00:00+01:00,53.0,5.7,11.159,11.263
2023-12-03 00:00:00+01:00,53.0,3.4,6.259,6.2795
2023-12-03 01:00:00+01:00,53.0,3.4,6.431,6.431
2023-12-03 02:00:00+01:00,53.0,3.0,5.347,5.347
2023-12-03 03:00:00+01:00,53.0,3.0,5.1275,5.1275
2023-12-03 04:00:00+01:00,53.0,2.7,4.7475,4.7475
2023-12-03 05:00:00+01:00,53.0,2.5,3.972,3.972
2023-12-03 06:00:00+01:00,53.0,3.0,5.573,5.576
2023-12-03 07:00:00+01:00,53.0,8.0,13.9855,14.6865
2023-12-03 08:00:00+01:00,53.0,10.2,16.486,17.9785
2023-12-03 09:00:00+01:00,53.0,7.0,12.882,13.0365
2023-12-03 10:00:00+01:00,53.0,7.0,12.82,13.2035
2023-12-03 11:00:00+01:00,53.0,8.8,14.958,15.894
2023-12-03 12:00:00+01:00,53.0,5.8,11.492,11.5465
2023-12-03 13:00:00+01:00,53.0,7.8,13.8405,14.4855
2023-12-03 14:00:00+01:00,53.0,8.4,14.4325,15.0465
2023-12-03 15:00:00+01:00,53.0,8.3,14.0745,14.5165
2023-12-03 16:00:00+01:00,53.0,18.7,24.828,33.8595
2023-12-03 17:00:00+01:00,53.0,26.7,31.322,47.182
2023-12-03 18:00:00+01:00,53.0,30.5,35.405,53.45
2023-12-03 19:00:00+01:00,53.0,30.3,35.1865,53.1395
2023-12-03 20:00:00+01:00,53.0,30.1,34.632,52.281
2023-12-03 21:00:00+01:00,53.0,23.8,26.5355,39.941
2023-12-03 22:00:00+01:00,53.0,19.4,22.5925,31.852
2023-12-03 23:00:00+01:00,53.0,16.0,19.827,25.868
2023-12-04 00:00:00+01:00,53.0,12.7,17.1365,20.255
2023-12-04 01:00:00+01:00,53.0,10.8,15.301,16.8905
2023-12-04 02:00:00+01:00,53.0,9.6,14.1315,14.9145
2023-12-04 03:00:00+01:00,53.0,9.4,13.9775,14.7625
2023-12-04 04:00:00+01:00,53.0,10.4,14.632,16.0255
2023-12-04 05:00:00+01:00,53.0,8.4,12.5425,12.9465
2023-12-04 06:00:00+01:00,53.0,8.6,12.8275,13.384
2023-12-04 07:00:00+01:00,53.0,11.7,15.848,18.227
2023-12-04 08:00:00+01:00,53.0,18.9,21.786,30.054
2023-12-04 09:00:00+01:00,53.0,20.6,23.8965,34.2715
2023-12-04 10:00:00+01:00,53.0,25.5,30.674,44.8415
2023-12-04 11:00:00+01:00,53.0,28.2,34.1845,51.4885
2023-12-04 12:00:00+01:00,53.0,22.9,28.2375,41.958
2023-12-04 13:00:00+01:00,53.0,15.7,21.9615,28.798
2023-12-04 14:00:00+01:00,53.0,22.3,26.816,40.34
2023-12-04 15:00:00+01:00,53.0,25.3,30.732,46.5095
2023-12-04 16:00:00+01:00,53.0,51.8,64.176,96.6925
2023-12-04 17:00:00+01:00,53.0,58.1,71.2615,107.2585
2023-12-04 18:00:00+01:00,53.0,54.8,66.5815,100.2285
2023-12-04 19:00:00+01:00,53.0,55.2,66.693,100.4125
2023-12-04 20:00:00+01:00,53.0,47.6,57.519,86.674
2023-12-04 21:00:00+01:00,53.0,37.2,44.7405,67.492
2023-12-04 22:00:00+01:00,53.0,48.5,58.5955,88.291
2023-12-04 23:00:00+01:00,53.0,39.4,47.1565,71.0685
2023-12-05 00:00:00+01:00,53.0,54.5,66.161,99.697
2023-12-05 01:00:00+01:00,53.0,47.8,57.794,87.0895
2023-12-05 02:00:00+01:00,53.0,41.3,49.684,74.892
2023-12-05 03:00:00+01:00,53.0,48.2,58.0545,87.3995
2023-12-05 04:00:00+01:00,53.0,46.0,54.6945,82.452
2023-12-05 05:00:00+01:00,53.0,47.7,56.3295,84.856
2023-12-05 06:00:00+01:00,53.0,54.7,65.363,98.391
2023-12-05 07:00:00+01:00,53.0,56.5,67.9435,102.2875
2023-12-05 08:00:00+01:00,53.0,54.9,67.0235,100.915
2023-12-05 09:00:00+01:00,53.0,51.1,62.715,94.452
2023-12-05 10:00:00+01:00,53.0,59.0,73.593,110.8145
2023-12-05 11:00:00+01:00,53.0,58.7,73.437,110.582
2023-12-05 12:00:00+01:00,53.0,60.3,75.152,113.1335
2023-12-05 13:00:00+01:00,53.0,70.6,88.309,132.8835
2023-12-05 14:00:00+01:00,53.0,74.1,93.162,140.1645
2023-12-05 15:00:00+01:00,53.0,58.1,72.8595,109.669
2023-12-05 16:00:00+01:00,53.0,51.5,64.268,96.817
2023-12-05 17:00:00+01:00,53.0,51.8,64.034,96.461
2023-12-05 18:00:00+01:00,53.0,40.8,50.4795,76.144
2023-12-05 19:00:00+01:00,53.0,45.1,55.9385,84.3385
2023-12-05 20:00:00+01:00,53.0,53.5,66.712,100.4815
2023-12-05 21:00:00+01:00,53.0,55.2,68.8535,103.6805
2023-12-05 22:00:00+01:00,53.0,42.1,52.2235,78.731
2023-12-05 23:00:00+01:00,53.0,37.9,47.2075,71.211
2023-12-06 00:00:00+01:00,53.0,20.4,26.7535,37.2565
2023-12-06 01:00:00+01:00,53.0,10.9,17.251,19.5615
2023-12-06 02:00:00+01:00,53.0,6.0,12.2295,12.4155
2023-12-06 03:00:00+01:00,53.0,5.4,11.4565,11.5815
2023-12-06 04:00:00+01:00,53.0,8.4,14.8985,15.939
2023-12-06 05:00:00+01:00,53.0,12.0,18.0115,21.344
2023-12-06 06:00:00+01:00,53.0,20.3,25.301,35.9625
2023-12-06 07:00:00+01:00,53.0,14.4,20.6585,25.583
2023-12-06 08:00:00+01:00,53.0,12.1,17.9665,21.019
2023-12-06 09:00:00+01:00,53.0,10.4,16.2155,17.8245
2023-12-06 10:00:00+01:00,53.0,9.7,15.6345,16.9575
2023-12-06 11:00:00+01:00,53.0,9.0,14.9245,15.7905
2023-12-06 12:00:00+01:00,53.0,9.7,15.7405,17.1055
2023-12-06 13:00:00+01:00,53.0,9.4,15.2325,16.3235
2023-12-06 14:00:00+01:00,53.0,11.7,17.122,19.749
2023-12-06 15:00:00+01:00,53.0,14.5,19.5185,24.2535
2023-12-06 16:00:00+01:00,53.0,13.4,18.717,22.585
2023-12-06 17:00:00+01:00,53.0,14.5,19.601,24.4705
2023-12-06 18:00:00+01:00,53.0,14.1,19.642,23.987
2023-12-06 19:00:00+01:00,53.0,15.0,20.53,26.016
2023-12-06 20:00:00+01:00,53.0,15.2,20.746,26.2095
2023-12-06 21:00:00+01:00,53.0,15.4,20.922,26.7005
2023-12-06 22:00:00+01:00,53.0,11.6,17.8955,20.341
2023-12-06 23:00:00+01:00,53.0,11.1,17.176,19.1045
2023-12-07 00:00:00+01:00,53.0,9.6,15.6455,16.5685
2023-12-07 01:00:00+01:00,53.0,10.0,15.882,17.033
2023-12-07 02:00:00+01:00,53.0,8.8,14.786,15.2805
2023-12-07 03:00:00+01:00,53.0,12.4,18.3455,21.372
2023-12-07 04:00:00+01:00,53.0,8.7,14.558,14.9475
2023-12-07 05:00:00+01:00,53.0,8.4,14.2195,14.4465
2023-12-07 06:00:00+01:00,53.0,10.8,17.0825,19.101
2023-12-07 07:00:00+01:00,53.0,15.2,21.5195,27.5445
2023-12-07 08:00:00+01:00,53.0,31.5,38.83,58.6155
2023-12-07 09:00:00+01:00,53.0,31.0,38.3165,57.895
2023-12-07 10:00:00+01:00,53.0,23.6,29.247,43.92
2023-12-07 11:00:00+01:00,53.0,26.3,32.8785,49.7655
2023-12-08 08:00:00+01:00,27.8,39.8,47.2895,68.0415
2023-12-08 09:00:00+01:00,33.8,39.1,45.6205,64.8315
2023-12-08 10:00:00+01:00,37.0,45.4,53.8945,79.3925
2023-12-08 11:00:00+01:00,36.667,41.7,53.5,74.82900000000001
2023-12-08 12:00:00+01:00,34.466,38.8,51.4925,71.438
2023-12-08 13:00:00+01:00,31.834,50.7,62.9575,94.9535
2023-12-08 14:00:00+01:00,30.5,60.4,74.284,112.2755
2023-12-08 15:00:00+01:00,33.733,71.4,88.54050000000001,133.63799999999998
2023-12-08 16:00:00+01:00,38.733,98.7,121.415,182.8915
2023-12-08 17:00:00+01:00,42.867,121.8,148.1685,222.9815
2023-12-08 18:00:00+01:00,46.633,110.6,132.7015,199.806
2023-12-08 19:00:00+01:00,48.7,107.2,127.474,191.869
2023-12-08 20:00:00+01:00,50.3,115.5,136.227,205.096
2023-12-08 21:00:00+01:00,51.067,99.3,116.5585,175.594
2023-12-08 22:00:00+01:00,51.9,91.8,106.6465,160.65949999999998
2023-12-08 23:00:00+01:00,52.5,99.2,114.2245,172.0155
2023-12-09 00:00:00+01:00,53.3,76.7,87.5405,131.99
2023-12-09 01:00:00+01:00,55.267,62.0,69.2665,104.623
2023-12-09 02:00:00+01:00,56.0,61.5,69.162,104.519
2023-12-09 03:00:00+01:00,56.0,61.9,70.35849999999999,106.1955
2023-12-09 04:00:00+01:00,55.8,56.0,63.7195,96.3645
2023-12-09 05:00:00+01:00,53.9,52.6,60.318,91.1755
2023-12-09 06:00:00+01:00,52.966,46.6,53.5095,80.81049999999999
2023-12-09 07:00:00+01:00,53.567,48.4,54.6,82.631
2023-12-09 08:00:00+01:00,53.0,54.6,61.849500000000006,93.4445
2023-12-09 09:00:00+01:00,52.367,43.0,49.895,73.037
2023-12-09 10:00:00+01:00,50.966,38.3,46.4135,64.95400000000001
2023-12-09 11:00:00+01:00,49.467,39.6,48.200500000000005,68.81200000000001
2023-12-09 12:00:00+01:00,46.767,58.7,70.531,106.4715
2023-12-09 13:00:00+01:00,45.6,62.4,75.065,113.334
2023-12-09 14:00:00+01:00,45.133,52.8,63.1695,95.575
2023-12-09 15:00:00+01:00,45.034,58.2,70.4165,106.34
2023-12-09 16:00:00+01:00,45.267,60.1,72.7285,109.846
2023-12-09 17:00:00+01:00,45.966,46.7,56.179,83.577
2023-12-09 18:00:00+01:00,45.7,52.3,62.337,94.2935
2023-12-09 19:00:00+01:00,46.334,52.6,62.107,93.9625
2023-12-09 20:00:00+01:00,47.0,58.1,69.22999999999999,104.569
2023-12-09 21:00:00+01:00,47.0,53.2,62.8295,94.677
2023-12-09 22:00:00+01:00,47.133,50.6,59.3715,89.598
2023-12-09 23:00:00+01:00,47.966,51.6,60.2285,91.3075
2023-12-10 00:00:00+01:00,48.367,53.7,63.408,96.009
2023-12-10 01:00:00+01:00,49.333,52.9,62.12350000000001,93.946
2023-12-10 02:00:00+01:00,49.0,50.2,59.138000000000005,89.5675
2023-12-10 03:00:00+01:00,49.267,49.3,57.7145,87.31200000000001
2023-12-10 04:00:00+01:00,49.0,39.0,47.397000000000006,67.486
2023-12-10 05:00:00+01:00,49.9,46.2,54.3365,81.7065
2023-12-10 06:00:00+01:00,51.0,44.3,51.840500000000006,78.0835
2023-12-10 07:00:00+01:00,52.0,50.4,59.688,90.513
2023-12-10 08:00:00+01:00,52.733,58.9,71.2715,107.7585
2023-12-10 09:00:00+01:00,53.733,81.7,100.026,150.897
2023-12-10 10:00:00+01:00,54.0,109.3,135.40550000000002,203.9185
2023-12-10 11:00:00+01:00,53.8,112.8,139.474,210.024
2023-12-10 12:00:00+01:00,53.433,139.4,173.32049999999998,260.75350000000003
2023-12-10 13:00:00+01:00,53.0,159.3,198.0155,297.784
2023-12-10 14:00:00+01:00,51.2,198.8,246.214,369.975
2023-12-10 15:00:00+01:00,50.233,174.9,216.813,325.969
2023-12-10 16:00:00+01:00,52.367,208.7,258.319,388.1335
2023-12-10 17:00:00+01:00,54.2,160.4,199.779,300.43
2023-12-10 18:00:00+01:00,53.966,152.3,189.835,285.57550000000003
2023-12-10 19:00:00+01:00,54.0,339.4,403.9500000000001,606.377
2023-12-10 20:00:00+01:00,53.567,280.8,339.8565,510.659
2023-12-10 21:00:00+01:00,54.0,249.7,301.827,453.441
2023-12-10 22:00:00+01:00,54.433,223.2,270.7565,406.832
2023-12-10 23:00:00+01:00,55.5,183.1,223.4695,335.8825
2023-12-11 00:00:00+01:00,55.067,150.4,183.617,276.195
2023-12-11 01:00:00+01:00,55.389,117.2,144.24349999999998,217.192
2023-12-11 02:00:00+01:00,55.767,102.2,124.7315,187.787
2023-12-11 03:00:00+01:00,55.1,97.0,116.892,176.12900000000002
2023-12-11 04:00:00+01:00,55.034,95.4,115.433,173.9635
2023-12-11 05:00:00+01:00,55.3,109.9,133.9745,201.755
2023-12-11 06:00:00+01:00,55.2,149.0,182.0055,273.79
2023-12-11 07:00:00+01:00,54.4,123.5,153.09949999999998,230.4065
2023-12-11 08:00:00+01:00,52.534,116.6,145.612,219.1735
2023-12-11 09:00:00+01:00,50.9,138.8,176.4845,265.5445
2023-12-11 10:00:00+01:00,48.633,150.7,191.413,287.9335
2023-12-11 11:00:00+01:00,43.1,111.0,140.09949999999998,211.0215
2023-12-11 12:00:00+01:00,37.267,58.2,76.274,110.8645
2023-12-11 13:00:00+01:00,30.9,11.4,19.957,21.3195
2023-12-11 14:00:00+01:00,29.467,9.1,16.373,17.481499999999997
2023-12-11 15:00:00+01:00,31.166,17.4,28.316000000000003,33.248999999999995
2023-12-11 16:00:00+01:00,32.733,17.5,29.413,32.325
2023-12-11 17:00:00+01:00,37.767,10.6,19.335,19.6085
2023-12-11 18:00:00+01:00,42.034,13.8,22.154,25.177
2023-12-11 19:00:00+01:00,40.7,9.5,16.974,17.58
2023-12-11 20:00:00+01:00,41.433,95.6,120.1405,180.5765
2023-12-11 21:00:00+01:00,44.033,121.8,153.235,230.658
2023-12-11 22:00:00+01:00,46.067,133.0,168.31,253.259
2023-12-11 23:00:00+01:00,44.367,14.1,20.3595,25.3625
2023-12-12 00:00:00+01:00,42.133,1.9,2.6345,2.6385
2023-12-12 01:00:00+01:00,42.567,2.2,2.686,2.9485
2023-12-12 02:00:00+01:00,42.067,0.7,0.4024999999999999,0.4024999999999999
2023-12-12 03:00:00+01:00,42.633,5.6,10.1185,10.1185
2023-12-12 04:00:00+01:00,43.733,40.1,51.727,73.2175
2023-12-12 05:00:00+01:00,46.066,46.9,57.3485,85.1865
2023-12-12 06:00:00+01:00,48.1,53.1,64.91499999999999,98.158
2023-12-12 07:00:00+01:00,49.034,81.1,101.371,152.84199999999998
2023-12-12 08:00:00+01:00,49.6,69.3,85.025,128.3585
2023-12-12 09:00:00+01:00,49.133,79.0,97.9765,147.789
2023-12-12 10:00:00+01:00,46.567,88.2,110.958,167.3005
2023-12-12 11:00:00+01:00,43.9,83.9,105.837,159.5745
2023-12-12 12:00:00+01:00,43.0,85.6,106.9835,161.279
2023-12-12 13:00:00+01:00,43.45,128.3,159.2195,239.642
2023-12-12 14:00:00+01:00,45.334,169.6,210.359,316.2835
2023-12-12 15:00:00+01:00,46.233,179.2,221.046,332.314
2023-12-12 16:00:00+01:00,47.633,172.4,213.289,320.6835
2023-12-12 17:00:00+01:00,49.2,157.3,195.7665,294.4445
2023-12-12 18:00:00+01:00,50.466,180.4,224.8965,338.0565
2023-12-12 19:00:00+01:00,51.067,198.9,246.096,369.822
2023-12-12 20:00:00+01:00,52.767,233.3,286.343,430.2215
2023-12-12 21:00:00+01:00,53.966,232.4,285.4875,428.9115
2023-12-12 22:00:00+01:00,55.3,226.2,278.145,417.9155
2023-12-12 23:00:00+01:00,55.4,201.9,249.9555,375.6365
2023-12-13 00:00:00+01:00,55.133,154.5,192.0425,287.55150000000003
2023-12-13 01:00:00+01:00,47.2,2.1,2.504,2.981
2023-12-13 02:00:00+01:00,43.1,0.4,0.296,0.2975
2023-12-13 03:00:00+01:00,42.733,0.5,0.436,0.436
2023-12-13 04:00:00+01:00,43.666,0.3,0.0645,0.0645
2023-12-13 05:00:00+01:00,44.133,1.0,0.974,0.974
2023-12-13 06:00:00+01:00,44.733,2.0,1.9635,2.4185
2023-12-13 07:00:00+01:00,44.0,3.4,4.8125,5.516
2023-12-13 08:00:00+01:00,43.666,12.7,21.6765,25.1035
2023-12-13 09:00:00+01:00,40.7,4.1,6.922,7.327999999999999
2023-12-13 10:00:00+01:00,37.833,3.2,5.2545,5.353
2023-12-13 11:00:00+01:00,36.2,1.6,2.053,2.053
2023-12-13 12:00:00+01:00,36.933,1.8,2.2515,2.3695
2023-12-13 13:00:00+01:00,37.4,1.6,1.9645,1.9995
2023-12-13 14:00:00+01:00,37.8,19.9,31.1995,36.998
2023-12-13 15:00:00+01:00,45.933,31.0,44.19,56.8365
2023-12-13 16:00:00+01:00,48.433,23.0,36.28,42.441
2023-12-13 17:00:00+01:00,49.833,32.1,44.5595,58.9195
2023-12-13 18:00:00+01:00,52.934,43.3,56.3315,78.339
2023-12-13 19:00:00+01:00,54.433,32.4,44.578,58.706
2023-12-13 20:00:00+01:00,54.933,23.3,36.0735,42.9245
2023-12-13 21:00:00+01:00,56.534,14.6,27.4165,28.377
2023-12-13 22:00:00+01:00,57.133,22.0,35.7195,40.9185
2023-12-13 23:00:00+01:00,57.1,23.7,37.679,43.809
2023-12-14 00:00:00+01:00,56.934,14.8,27.0875,28.486
2023-12-14 01:00:00+01:00,56.0,38.8,50.1465,70.372
2023-12-14 02:00:00+01:00,55.966,39.9,50.316,72.05199999999999
2023-12-14 03:00:00+01:00,57.2,18.4,29.855,34.36
2023-12-14 04:00:00+01:00,58.8,7.9,13.326,13.356
2023-12-14 05:00:00+01:00,58.534,5.8,9.089,9.9005
2023-12-14 06:00:00+01:00,58.4,13.5,23.08,24.8695
2023-12-14 07:00:00+01:00,58.9,12.2,23.8225,24.131
2023-12-14 08:00:00+01:00,57.3,24.4,37.409,45.0295
2023-12-14 09:00:00+01:00,55.767,15.8,27.3435,29.5065
2023-12-14 10:00:00+01:00,56.334,20.3,33.5025,37.2075
2023-12-14 11:00:00+01:00,57.233,10.2,20.4495,20.9235
2023-12-14 12:00:00+01:00,57.267,17.0,28.7715,32.7785
2023-12-14 13:00:00+01:00,56.2,11.3,21.683,22.201
2023-12-14 14:00:00+01:00,54.867,23.7,36.5235,44.138000000000005
2023-12-14 15:00:00+01:00,54.0,13.4,25.1395,26.4805
2023-12-14 16:00:00+01:00,52.7,29.5,42.713,54.6205
2023-12-14 17:00:00+01:00,53.2,32.8,44.839,59.694500000000005
2023-12-14 18:00:00+01:00,54.433,37.5,48.944,68.58850000000001
2023-12-14 19:00:00+01:00,54.933,44.8,55.9985,82.414
2023-12-14 20:00:00+01:00,56.5,33.2,46.0925,61.0305
2023-12-14 21:00:00+01:00,57.466,31.2,44.0685,56.938500000000005
2023-12-14 22:00:00+01:00,57.567,27.3,40.735,50.0505
2023-12-14 23:00:00+01:00,57.967,26.9,40.277,49.0325
2023-12-15 00:00:00+01:00,58.2,24.5,37.8305,44.5155
2023-12-15 01:00:00+01:00,57.8,22.4,35.599500000000006,40.597
2023-12-15 02:00:00+01:00,57.933,22.1,35.272499999999994,40.5685
2023-12-15 03:00:00+01:00,57.333,17.3,29.803,31.9035
2023-12-15 04:00:00+01:00,58.067,17.5,30.29,31.515
2023-12-15 05:00:00+01:00,57.267,16.3,28.978,30.166
2023-12-15 06:00:00+01:00,56.3,22.3,35.5015,40.9725
2023-12-15 07:00:00+01:00,55.867,24.3,37.356,44.561
2023-12-15 08:00:00+01:00,55.034,37.0,49.185,67.4705
2023-12-15 09:00:00+01:00,53.867,29.8,42.686,54.4985
2023-12-15 10:00:00+01:00,50.166,46.8,57.754000000000005,86.2365
2023-12-15 11:00:00+01:00,46.733,36.7,47.9315,66.9085
2023-12-15 12:00:00+01:00,42.2,20.6,33.8815,37.638
2023-12-15 13:00:00+01:00,40.5,17.6,30.664,32.873
2023-12-15 14:00:00+01:00,39.966,15.5,28.267,29.7155
2023-12-15 15:00:00+01:00,39.067,12.2,24.704,25.0015
2023-12-15 16:00:00+01:00,39.7,17.2,30.127,31.903
2023-12-15 17:00:00+01:00,39.767,23.7,37.317,43.442
2023-12-15 18:00:00+01:00,37.5,24.7,38.2645,45.63
2023-12-15 19:00:00+01:00,35.666,21.2,34.7375,38.9185
2023-12-15 20:00:00+01:00,35.567,19.3,32.709500000000006,35.331999999999994
2023-12-15 21:00:00+01:00,36.5,17.7,30.551,32.215
2023-12-15 22:00:00+01:00,37.0,13.9,25.5975,26.0565
2023-12-15 23:00:00+01:00,36.867,11.9,22.788,22.813
2023-12-16 00:00:00+01:00,36.367,16.9,28.5245,30.630000000000003
2023-12-16 01:00:00+01:00,38.3,25.4,37.8265,45.2185
2023-12-16 02:00:00+01:00,43.067,21.7,33.554,37.508
2023-12-16 03:00:00+01:00,44.433,20.6,32.7375,36.29
2023-12-16 04:00:00+01:00,44.0,26.1,38.446,46.038
2023-12-16 05:00:00+01:00,47.367,19.0,30.6655,32.6785
2023-12-16 06:00:00+01:00,47.5,18.5,30.33,32.223
2023-12-16 07:00:00+01:00,48.466,27.0,38.2165,46.9455
2023-12-16 08:00:00+01:00,48.966,31.4,42.2245,54.771
2023-12-16 09:00:00+01:00,47.2,39.6,49.2005,70.44399999999999
2023-12-16 10:00:00+01:00,41.034,35.6,47.2765,64.7945
2023-12-16 11:00:00+01:00,36.066,33.6,46.5955,62.952
2023-12-16 12:00:00+01:00,34.767,36.4,47.807,66.54050000000001
2023-12-16 13:00:00+01:00,32.2,22.9,35.724000000000004,40.9795
2023-12-16 14:00:00+01:00,28.0,14.8,26.501,27.0175
2023-12-16 15:00:00+01:00,28.9,18.7,30.837,33.2915
2023-12-16 16:00:00+01:00,34.633,41.5,52.053,75.50649999999999
2023-12-16 17:00:00+01:00,40.9,61.3,74.453,112.498
2023-12-16 18:00:00+01:00,44.867,62.7,75.5455,114.113
2023-12-16 19:00:00+01:00,47.267,55.5,65.9495,99.72
2023-12-16 20:00:00+01:00,48.834,51.2,60.414,91.3275
2023-12-16 21:00:00+01:00,49.867,41.3,49.799,72.813
2023-12-16 22:00:00+01:00,49.334,39.2,48.0955,68.68350000000001
2023-12-16 23:00:00+01:00,50.033,36.7,45.7115,63.6485
2023-12-17 00:00:00+01:00,51.5,30.6,40.993,52.3035
2023-12-17 01:00:00+01:00,50.5,26.2,37.441500000000005,44.712
2023-12-17 02:00:00+01:00,49.133,21.5,33.0,36.717
2023-12-17 03:00:00+01:00,49.767,20.3,31.485,34.5135
2023-12-17 04:00:00+01:00,50.633,16.9,27.582,28.3195
2023-12-17 05:00:00+01:00,50.3,17.3,28.308,29.363
2023-12-17 06:00:00+01:00,49.767,20.6,31.071,34.2655
2023-12-17 07:00:00+01:00,49.767,28.0,37.9,47.042
2023-12-17 08:00:00+01:00,49.0,36.8,45.7655,62.955
2023-12-17 09:00:00+01:00,47.867,44.0,53.5045,78.2895
2023-12-17 10:00:00+01:00,42.034,47.8,58.771,88.287
2023-12-17 11:00:00+01:00,36.933,59.7,75.332,113.8555
2023-12-17 12:00:00+01:00,32.1,45.1,58.13,85.19399999999999
2023-12-17 13:00:00+01:00,28.033,29.5,42.79900000000001,55.4865
2023-12-17 14:00:00+01:00,24.434,27.1,40.085,50.498000000000005
2023-12-17 15:00:00+01:00,27.3,47.3,58.9285,87.8525
2023-12-17 16:00:00+01:00,34.333,78.2,98.166,147.92149999999998
2023-12-17 17:00:00+01:00,40.633,92.7,115.1795,173.54149999999998
2023-12-17 18:00:00+01:00,43.834,86.4,106.393,160.387
2023-12-17 19:00:00+01:00,45.533,65.9,79.6435,120.263
2023-12-17 20:00:00+01:00,46.534,60.1,72.092,108.8825
2023-12-17 21:00:00+01:00,48.433,46.4,55.6835,82.8585
2023-12-17 22:00:00+01:00,49.067,53.5,63.763000000000005,95.4945
2023-12-17 23:00:00+01:00,49.7,44.7,53.7785,79.493
2023-12-18 00:00:00+01:00,48.667,41.7,50.7645,73.738
2023-12-18 01:00:00+01:00,49.2,31.1,42.3475,54.83
2023-12-18 02:00:00+01:00,48.9,40.1,48.859,71.20400000000001
2023-12-18 03:00:00+01:00,48.466,28.0,39.593,49.1355
2023-12-18 04:00:00+01:00,48.7,24.0,36.217,42.281
2023-12-18 05:00:00+01:00,48.0,43.6,53.582,77.25800000000001
2023-12-18 06:00:00+01:00,47.834,50.5,60.2175,90.5095
2023-12-18 07:00:00+01:00,48.333,62.9,76.039,114.294
2023-12-18 08:00:00+01:00,47.666,94.6,115.8845,174.55
2023-12-18 09:00:00+01:00,44.667,117.1,146.2245,220.132
2023-12-18 10:00:00+01:00,39.8,104.9,135.297,203.7825
2023-12-18 11:00:00+01:00,35.0,102.9,130.98250000000002,197.3155
2023-12-18 12:00:00+01:00,29.666,92.2,115.226,173.73
2023-12-18 13:00:00+01:00,27.034,106.0,133.7005,201.444
2023-12-18 14:00:00+01:00,24.3,78.8,99.5425,150.148
2023-12-18 15:00:00+01:00,27.133,56.1,69.90700000000001,105.7505
2023-12-18 16:00:00+01:00,35.8,111.2,140.252,211.196
2023-12-18 17:00:00+01:00,43.133,100.9,126.976,191.2885
2023-12-18 18:00:00+01:00,46.8,95.0,118.981,179.28050000000002
2023-12-18 19:00:00+01:00,48.7,79.5,98.7265,148.94299999999998
2023-12-18 20:00:00+01:00,49.5,66.5,81.3275,122.818
2023-12-18 21:00:00+01:00,50.933,59.4,71.69200000000001,108.298
2023-12-18 22:00:00+01:00,51.067,57.0,68.90299999999999,104.185
2023-12-18 23:00:00+01:00,49.834,56.3,67.819,102.41
2023-12-19 00:00:00+01:00,49.966,40.1,49.9685,72.2225
2023-12-19 01:00:00+01:00,50.267,41.3,51.8875,74.197
2023-12-19 02:00:00+01:00,49.5,83.5,102.114,153.88549999999998
2023-12-19 03:00:00+01:00,49.8,55.3,67.886,100.517
2023-12-19 04:00:00+01:00,50.334,41.7,50.7675,73.88550000000001
2023-12-19 05:00:00+01:00,50.0,56.8,68.07,102.409
2023-12-19 06:00:00+01:00,50.0,77.6,94.4395,142.42700000000002
2023-12-19 07:00:00+01:00,51.067,98.9,120.8075,181.99
2023-12-19 08:00:00+01:00,50.566,127.6,157.084,236.4425
2023-12-19 09:00:00+01:00,49.0,145.9,182.093,273.9385
2023-12-19 10:00:00+01:00,43.5,108.8,136.91750000000002,206.271
2023-12-19 11:00:00+01:00,37.4,88.3,109.4115,165.01
2023-12-19 12:00:00+01:00,32.233,89.2,111.943,168.805
2023-12-19 13:00:00+01:00,27.634,65.0,80.9915,121.9765
2023-12-19 14:00:00+01:00,25.267,80.2,99.259,149.7535
2023-12-19 15:00:00+01:00,29.2,103.8,129.594,195.2805
2023-12-19 16:00:00+01:00,37.867,115.2,143.63,216.3185
2023-12-19 17:00:00+01:00,44.334,131.8,165.68,249.355
2023-12-19 18:00:00+01:00,48.067,104.1,130.1805,196.128
2023-12-19 19:00:00+01:00,49.867,104.0,129.9185,195.719
2023-12-19 20:00:00+01:00,50.567,81.6,100.896,152.079
2023-12-19 21:00:00+01:00,51.6,63.7,77.80199999999999,117.4155
2023-12-19 22:00:00+01:00,51.166,178.5,219.724,330.37850000000003
2023-12-19 23:00:00+01:00,50.3,225.8,276.4915,415.4985
2023-12-20 00:00:00+01:00,50.8,269.9,323.926,486.7295
2023-12-20 01:00:00+01:00,50.767,222.2,269.341,404.678
2023-12-20 02:00:00+01:00,51.0,190.2,231.336,347.6855
2023-12-20 03:00:00+01:00,51.267,139.8,170.15300000000002,256.01300000000003
2023-12-20 04:00:00+01:00,51.4,134.1,162.78949999999998,244.981
2023-12-20 05:00:00+01:00,51.067,123.5,150.188,226.03
2023-12-20 06:00:00+01:00,51.433,114.0,138.5915,208.645
2023-12-20 07:00:00+01:00,51.467,171.7,211.185,317.468
2023-12-20 08:00:00+01:00,51.0,190.7,234.3665,352.2585
2023-12-20 09:00:00+01:00,50.633,212.0,261.4065,392.777
2023-12-20 10:00:00+01:00,47.834,296.5,359.737,540.4970000000001
2023-12-20 11:00:00+01:00,45.767,307.1,371.8575,558.818
2023-12-20 12:00:00+01:00,38.8,255.0,310.762,466.9385
2023-12-20 13:00:00+01:00,31.967,147.1,182.5185,270.88
2023-12-20 14:00:00+01:00,23.867,31.0,43.014,55.916
2023-12-20 15:00:00+01:00,25.166,47.4,59.016,86.7195
2023-12-20 16:00:00+01:00,30.133,53.2,66.8525,98.973
2023-12-20 17:00:00+01:00,32.966,28.7,41.197,51.872
2023-12-20 18:00:00+01:00,34.733,28.1,40.7185,50.818
2023-12-20 19:00:00+01:00,36.267,27.7,40.227,49.7395
2023-12-20 20:00:00+01:00,37.4,39.6,50.1275,71.67750000000001
2023-12-20 21:00:00+01:00,40.567,105.7,132.6675,199.791
2023-12-20 22:00:00+01:00,43.466,135.6,170.9775,257.3025
2023-12-20 23:00:00+01:00,45.067,138.3,174.33100000000002,262.30100000000004
2023-12-21 00:00:00+01:00,47.0,139.9,176.404,265.4055
2023-12-21 01:00:00+01:00,48.334,96.5,120.344,181.343
2023-12-21 02:00:00+01:00,49.133,86.9,107.9585,162.79649999999998
2023-12-21 03:00:00+01:00,49.966,71.4,87.88499999999999,132.736
2023-12-21 04:00:00+01:00,50.2,65.9,80.6745,121.8695
2023-12-21 05:00:00+01:00,50.3,66.2,81.09899999999999,122.4815
2023-12-21 06:00:00+01:00,51.1,70.2,86.5305,130.55700000000002
2023-12-21 07:00:00+01:00,52.7,60.0,72.2425,109.1765
2023-12-21 08:00:00+01:00,53.3,67.1,81.0095,122.2865
2023-12-21 09:00:00+01:00,51.7,67.4,82.69749999999999,124.8325
2023-12-21 10:00:00+01:00,45.5,72.5,89.884,135.731
2023-12-21 11:00:00+01:00,39.233,60.9,77.555,116.2705
2023-12-21 12:00:00+01:00,34.367,53.8,69.52699999999999,104.913
2023-12-21 13:00:00+01:00,29.834,58.5,74.04849999999999,111.89
2023-12-21 14:00:00+01:00,29.0,71.6,89.7075,135.414
2023-12-21 15:00:00+01:00,32.667,79.9,100.6515,151.8215
2023-12-21 16:00:00+01:00,37.333,103.9,130.7235,196.951
2023-12-21 17:00:00+01:00,40.5,99.3,124.5075,187.591
2023-12-21 18:00:00+01:00,40.633,125.0,157.0535,236.421
2023-12-21 19:00:00+01:00,41.666,165.8,209.138,314.4415
2023-12-21 20:00:00+01:00,40.534,109.5,139.866,206.6385
2023-12-21 21:00:00+01:00,34.767,7.1,13.9975,14.0195
2023-12-21 22:00:00+01:00,33.233,6.0,11.1655,11.1875
2023-12-21 23:00:00+01:00,32.767,3.9,6.7935,6.7935
2023-12-22 00:00:00+01:00,32.4,4.1,6.8325,6.8325
2023-12-22 01:00:00+01:00,33.767,3.2,5.443,5.443
2023-12-22 02:00:00+01:00,33.4,3.3,5.5345,5.5345
2023-12-22 03:00:00+01:00,34.166,5.0,9.165,9.165
2023-12-22 04:00:00+01:00,36.8,7.6,15.1765,15.1775
2023-12-22 05:00:00+01:00,38.3,21.5,34.123,39.648
2023-12-22 06:00:00+01:00,42.4,39.1,50.986,72.63550000000001
2023-12-22 07:00:00+01:00,47.6,49.5,62.8,92.136
2023-12-22 08:00:00+01:00,48.166,30.3,42.951,55.2435
2023-12-22 09:00:00+01:00,51.067,35.2,47.746,65.225
2023-12-22 10:00:00+01:00,53.367,50.1,63.081,92.8875
2023-12-22 11:00:00+01:00,52.733,12.3,18.7455,22.919
2023-12-22 12:00:00+01:00,47.733,3.8,6.5585,6.5585
2023-12-22 13:00:00+01:00,45.5,12.4,24.6595,25.2425
2023-12-22 14:00:00+01:00,42.033,20.3,34.169,38.1125
2023-12-22 15:00:00+01:00,48.367,21.2,34.1335,39.5335
2023-12-22 16:00:00+01:00,51.066,31.4,44.0535,57.5805
2023-12-22 17:00:00+01:00,52.433,57.9,72.907,108.3935
2023-12-22 18:00:00+01:00,52.566,69.8,87.1555,131.424
2023-12-22 19:00:00+01:00,53.133,77.0,95.8655,144.603
2023-12-22 20:00:00+01:00,51.267,116.0,145.9675,219.798
2023-12-22 21:00:00+01:00,51.0,114.0,142.99,215.2825
2023-12-22 22:00:00+01:00,51.233,101.2,126.668,190.8165
2023-12-22 23:00:00+01:00,52.034,98.5,123.1435,185.5015
2023-12-23 00:00:00+01:00,53.166,116.3,145.4735,219.032
2023-12-23 01:00:00+01:00,54.466,145.0,181.073,272.4245
2023-12-23 02:00:00+01:00,54.767,147.4,183.6275,276.265
2023-12-23 03:00:00+01:00,53.666,126.9,158.269,238.2315
2023-12-23 04:00:00+01:00,53.834,113.3,141.55450000000002,213.0525
2023-12-23 05:00:00+01:00,53.334,72.5,90.403,135.2905
2023-12-23 06:00:00+01:00,53.6,50.9,62.1775,93.802
2023-12-23 07:00:00+01:00,53.2,78.8,98.007,147.8555
2023-12-23 08:00:00+01:00,53.034,69.5,87.17150000000001,130.365
2023-12-23 09:00:00+01:00,50.367,68.3,85.243,128.2115
2023-12-23 10:00:00+01:00,46.3,51.1,63.012,95.1715
2023-12-23 11:00:00+01:00,41.7,29.8,43.186,55.42
2023-12-23 12:00:00+01:00,37.567,17.7,31.2315,33.855000000000004
2023-12-23 13:00:00+01:00,33.3,15.6,28.251,29.213
2023-12-23 14:00:00+01:00,29.933,23.9,37.51349999999999,43.893
2023-12-23 15:00:00+01:00,34.133,49.8,62.7565,92.5285
2023-12-23 16:00:00+01:00,40.434,91.0,113.5175,171.133
2023-12-23 17:00:00+01:00,46.0,81.4,101.5195,153.1335
2023-12-23 18:00:00+01:00,49.9,69.1,85.5575,129.1725
2023-12-23 19:00:00+01:00,51.7,70.7,87.801,132.5775
2023-12-23 20:00:00+01:00,52.067,70.9,87.787,132.515
2023-12-23 21:00:00+01:00,52.1,92.2,115.426,173.9505
2023-12-23 22:00:00+01:00,52.4,66.5,82.2645,124.235
2023-12-23 23:00:00+01:00,51.834,57.6,70.668,106.8475
2023-12-24 00:00:00+01:00,50.567,76.0,94.021,141.8665
2023-12-24 01:00:00+01:00,49.733,137.5,171.828,258.543
2023-12-24 02:00:00+01:00,50.0,141.0,176.3835,265.4065
2023-12-24 03:00:00+01:00,50.367,141.0,175.933,264.7275
2023-12-24 04:00:00+01:00,51.0,150.4,187.34,281.882
2023-12-24 05:00:00+01:00,51.933,120.1,149.4615,225.0515
2023-12-24 06:00:00+01:00,52.966,87.7,108.9095,164.166
2023-12-24 07:00:00+01:00,53.633,50.4,64.2775,93.336
2023-12-24 08:00:00+01:00,53.367,97.7,122.3835,184.429
2023-12-24 09:00:00+01:00,51.367,129.3,162.165,244.124
2023-12-24 10:00:00+01:00,47.034,122.1,153.124,230.5775
2023-12-24 11:00:00+01:00,40.567,147.0,182.984,275.3595
2023-12-24 12:00:00+01:00,34.8,117.1,145.727,219.4425
2023-12-24 13:00:00+01:00,28.467,48.2,60.095,90.9255
2023-12-24 14:00:00+01:00,25.334,35.3,46.1735,65.9195
2023-12-24 15:00:00+01:00,28.842,94.5,116.7925,176.03300000000002
2023-12-24 16:00:00+01:00,34.0,93.5,116.2025,175.16250000000002
2023-12-24 17:00:00+01:00,39.466,139.8,174.7055,262.913
2023-12-24 18:00:00+01:00,41.633,135.2,169.5775,254.3245
2023-12-24 19:00:00+01:00,33.166,18.1,26.0135,33.5625
2023-12-24 20:00:00+01:00,30.8,5.2,8.847999999999999,8.873000000000001
2023-12-24 21:00:00+01:00,30.933,5.9,10.0415,10.383
2023-12-24 22:00:00+01:00,31.633,16.3,22.523,29.7145
2023-12-24 23:00:00+01:00,32.166,22.6,29.571,41.5925
2023-12-25 00:00:00+01:00,32.4,25.3,36.673,45.703
2023-12-25 01:00:00+01:00,35.7,25.7,38.8825,46.7485
2023-12-25 02:00:00+01:00,37.834,21.7,35.4285,39.8985
2023-12-25 03:00:00+01:00,38.133,17.8,30.8445,32.309
2023-12-25 04:00:00+01:00,37.1,13.0,25.5815,25.7065
2023-12-25 05:00:00+01:00,38.633,21.2,35.1185,39.611
2023-12-25 06:00:00+01:00,41.033,37.3,50.0935,70.7595
2023-12-25 07:00:00+01:00,43.067,59.2,74.786,112.9015
2023-12-25 08:00:00+01:00,43.867,79.3,100.241,151.21
2023-12-25 09:00:00+01:00,41.191,92.4,117.659,177.35500000000002
2023-12-25 10:00:00+01:00,34.833,71.0,89.612,135.347
2023-12-25 11:00:00+01:00,28.466,45.9,59.76,88.3095
2023-12-25 12:00:00+01:00,23.434,5.9,9.832,10.7205
2023-12-25 13:00:00+01:00,21.8,6.7,13.5685,13.571
2023-12-25 14:00:00+01:00,19.466,14.4,26.0815,27.688
2023-12-25 15:00:00+01:00,23.466,30.2,42.828,54.9185
2023-12-25 16:00:00+01:00,30.9,48.7,59.999,90.175
2023-12-25 17:00:00+01:00,37.5,46.9,58.0175,86.35499999999999
2023-12-25 18:00:00+01:00,40.267,49.8,61.119,91.8615
2023-12-25 19:00:00+01:00,42.4,49.1,59.75,90.157
2023-12-25 20:00:00+01:00,44.533,55.2,67.7265,102.376
2023-12-25 21:00:00+01:00,45.966,52.0,63.2225,95.589
2023-12-25 22:00:00+01:00,47.7,51.2,62.437,94.426
2023-12-25 23:00:00+01:00,49.133,46.3,56.909,84.5835
2023-12-26 00:00:00+01:00,50.8,37.7,49.1,68.6455
2023-12-26 01:00:00+01:00,50.567,31.6,43.968500000000006,57.1505
2023-12-26 02:00:00+01:00,51.433,26.3,39.646,47.6705
2023-12-26 03:00:00+01:00,52.067,20.8,33.975,37.568
2023-12-26 04:00:00+01:00,51.7,23.8,36.5885,43.059
2023-12-26 05:00:00+01:00,51.034,27.3,40.775,49.8305
2023-12-26 06:00:00+01:00,51.5,36.7,48.787,67.747
2023-12-26 07:00:00+01:00,50.3,57.9,72.21,108.849
2023-12-26 08:00:00+01:00,48.9,69.8,87.207,131.65699999999998
2023-12-26 09:00:00+01:00,47.334,81.2,102.3015,154.3415
2023-12-26 10:00:00+01:00,41.633,99.4,124.759,188.042
2023-12-26 11:00:00+01:00,34.066,18.3,27.4505,34.378
2023-12-26 12:00:00+01:00,30.733,5.1,9.2735,9.2735
2023-12-26 13:00:00+01:00,29.633,5.7,10.8965,10.985
2023-12-26 14:00:00+01:00,27.9,6.6,12.7195,12.757
2023-12-26 15:00:00+01:00,30.767,22.1,33.563500000000005,40.423
2023-12-26 16:00:00+01:00,36.667,45.3,56.368,84.1235
2023-12-26 17:00:00+01:00,41.9,68.8,85.5615,129.1875
2023-12-26 18:00:00+01:00,45.3,70.8,88.30850000000001,133.0075
2023-12-26 19:00:00+01:00,47.166,51.0,62.787,94.0895
2023-12-26 20:00:00+01:00,50.166,60.4,74.078,111.9725
2023-12-26 21:00:00+01:00,52.0,49.3,60.2435,90.2405
2023-12-26 22:00:00+01:00,52.0,32.3,44.6235,58.772000000000006
