time_stamp,humidity,pm2.5_alt,pm2.5_atm,pm2.5_cf_1
2022-05-26 00:00:00+02:00,,4.4,6.545,6.545
2022-05-26 02:00:00+02:00,,2.5,3.56,3.56
2022-05-26 03:00:00+02:00,,2.7,3.7745,3.7745
2022-05-26 04:00:00+02:00,,2.8,4.0485,4.0485
2022-05-26 05:00:00+02:00,,3.7,5.5025,5.5025
2022-05-26 06:00:00+02:00,,3.3,5.300000000000001,5.300000000000001
2022-05-26 07:00:00+02:00,,3.6,5.2885,5.2885
2022-05-26 08:00:00+02:00,,3.6,5.367,5.367
2022-05-26 09:00:00+02:00,,3.9,5.7605,5.7605
2022-05-26 10:00:00+02:00,,3.6,5.3225,5.3225
2022-05-26 11:00:00+02:00,,3.2,4.786,4.786
2022-05-26 12:00:00+02:00,,3.2,4.6785,4.6785
2022-05-26 13:00:00+02:00,,3.4,5.1455,5.1455
2022-05-26 15:00:00+02:00,,3.3,4.87,4.87
2023-01-04 19:00:00+01:00,,90.1,132.1855,199.7985
2023-01-04 20:00:00+01:00,,78.4,116.0605,175.5075
2023-01-04 21:00:00+01:00,,46.7,71.78999999999999,106.1465
2023-01-04 22:00:00+01:00,,48.2,74.586,110.8845
2023-01-04 23:00:00+01:00,,33.8,59.258,78.259
2023-01-05 00:00:00+01:00,,31.3,56.8665,72.5335
2023-01-05 01:00:00+01:00,,63.5,98.275,148.264
2023-01-05 02:00:00+01:00,,67.6,104.8275,158.8845
2023-01-05 03:00:00+01:00,,51.6,81.019,121.837
2023-01-05 04:00:00+01:00,,31.6,58.42100000000001,74.78450000000001
2023-01-05 05:00:00+01:00,,41.2,69.08099999999999,97.624
2023-01-05 06:00:00+01:00,,47.1,75.7355,112.027
2023-01-05 07:00:00+01:00,,52.0,83.0515,124.789
2023-01-05 08:00:00+01:00,,46.0,74.1535,108.446
2023-01-05 09:00:00+01:00,,78.4,108.839,164.69
2023-01-05 10:00:00+01:00,,72.5,96.6885,146.477
2023-01-05 11:00:00+01:00,,66.7,84.2875,127.4815
2023-01-05 12:00:00+01:00,,52.6,66.3455,98.377
2023-01-05 13:00:00+01:00,,21.1,33.5655,39.6525
2023-01-05 14:00:00+01:00,,20.8,37.344,40.58
2023-01-05 15:00:00+01:00,,25.4,42.913,50.544
2023-01-05 16:00:00+01:00,,55.3,77.90899999999999,115.71
2023-01-05 17:00:00+01:00,,76.5,106.965,161.9035
2023-01-05 18:00:00+01:00,,74.4,105.9535,158.73649999999998
2023-01-05 19:00:00+01:00,,57.2,83.162,124.9315
2023-01-05 20:00:00+01:00,,60.9,89.489,135.363
2023-01-05 21:00:00+01:00,,62.1,92.808,140.1265
2023-01-05 22:00:00+01:00,,40.2,65.0955,91.5605
2023-01-05 23:00:00+01:00,,32.7,57.005,74.33
2023-01-06 00:00:00+01:00,,25.6,49.496,58.0265
2023-01-06 01:00:00+01:00,,19.6,41.1595,44.040000000000006
2023-01-06 02:00:00+01:00,,25.5,47.7085,58.4815
2023-01-06 03:00:00+01:00,,41.6,67.5485,97.039
2023-01-06 04:00:00+01:00,,31.0,56.0565,72.14150000000001
2023-01-06 05:00:00+01:00,,24.2,46.943,56.088
2023-01-06 06:00:00+01:00,,15.2,34.1545,34.641000000000005
2023-01-06 07:00:00+01:00,,29.8,55.834,70.434
2023-01-06 08:00:00+01:00,,38.7,62.1625,85.4265
2023-01-06 09:00:00+01:00,,60.1,77.6315,117.4595
2023-01-06 10:00:00+01:00,,45.2,57.7225,85.66
2023-01-06 11:00:00+01:00,,42.8,54.159000000000006,79.474
2023-01-06 12:00:00+01:00,,28.8,41.973,51.5515
2023-01-06 13:00:00+01:00,,26.5,42.689,50.4635
2023-01-06 14:00:00+01:00,,29.2,47.051,58.115
2023-01-06 15:00:00+01:00,,66.3,89.82650000000001,133.6335
2023-01-06 16:00:00+01:00,,77.6,106.505,161.174
2023-01-06 17:00:00+01:00,,95.9,137.176,207.293
2023-01-06 18:00:00+01:00,,102.0,148.482,224.24
2023-01-06 19:00:00+01:00,,70.4,103.871,157.017
2023-01-06 20:00:00+01:00,,63.2,94.818,142.54000000000002
2023-01-06 21:00:00+01:00,,61.7,95.3305,140.94799999999998
2023-01-06 22:00:00+01:00,,44.6,73.12899999999999,102.848
2023-01-06 23:00:00+01:00,,91.1,140.3235,212.0065
2023-01-07 00:00:00+01:00,,114.8,178.6345,269.5145
2023-01-07 01:00:00+01:00,,109.2,171.2955,258.5385
2023-01-07 02:00:00+01:00,,89.4,140.503,212.3655
2023-01-07 03:00:00+01:00,,94.6,149.058,225.158
2023-01-07 04:00:00+01:00,,75.8,119.8745,181.3775
2023-01-07 05:00:00+01:00,,58.4,94.5245,140.846
2023-01-07 06:00:00+01:00,,36.8,54.5835,74.5915
2023-01-07 07:00:00+01:00,,41.7,58.143,82.59549999999999
2023-01-07 08:00:00+01:00,,26.8,45.391,54.1505
2023-01-07 09:00:00+01:00,,45.9,59.531,87.658
2023-01-07 10:00:00+01:00,,45.5,57.2425,85.48150000000001
2023-01-07 11:00:00+01:00,,49.0,59.079,88.724
2023-01-07 12:00:00+01:00,,47.3,55.6035,83.7185
2023-01-07 13:00:00+01:00,,21.9,33.4585,40.5555
2023-01-07 14:00:00+01:00,,10.5,19.855,19.855
2023-01-07 15:00:00+01:00,,10.9,20.512500000000003,20.6945
2023-01-07 16:00:00+01:00,,31.6,51.5685,65.9765
2023-01-07 17:00:00+01:00,,42.6,66.1895,93.6945
2023-01-07 18:00:00+01:00,,56.4,85.8475,127.529
2023-01-07 19:00:00+01:00,,56.9,87.01249999999999,130.34
2023-01-07 20:00:00+01:00,,51.2,81.899,118.81
2023-01-07 21:00:00+01:00,,29.3,54.8755,68.398
2023-01-07 22:00:00+01:00,,20.6,44.5145,48.2725
2023-01-07 23:00:00+01:00,,16.1,36.8,37.544
2023-01-08 00:00:00+01:00,,14.2,32.826,33.029
2023-01-08 01:00:00+01:00,,18.6,40.172,43.672
2023-01-08 02:00:00+01:00,,29.6,56.7015,70.898
2023-01-08 03:00:00+01:00,,21.2,43.3065,49.653000000000006
2023-01-08 04:00:00+01:00,,8.4,17.869,17.869
2023-01-08 05:00:00+01:00,,5.9,11.7285,11.7285
2023-01-08 06:00:00+01:00,,7.2,14.6185,14.6185
2023-01-08 07:00:00+01:00,,11.8,23.156,25.561
2023-01-08 08:00:00+01:00,,15.6,28.7285,32.932
2023-01-08 09:00:00+01:00,,18.5,33.06,37.027
2023-01-08 10:00:00+01:00,,8.4,15.1895,15.1895
2023-01-08 11:00:00+01:00,,4.8,7.9415,7.9415
2023-01-08 12:00:00+01:00,,3.3,5.1345,5.1345
2023-01-08 13:00:00+01:00,,3.4,5.376,5.422499999999999
2023-01-08 14:00:00+01:00,,4.6,7.455,7.843
2023-01-08 15:00:00+01:00,,5.4,9.2175,9.6155
2023-01-08 16:00:00+01:00,,4.3,7.54,7.54
2023-01-08 17:00:00+01:00,,4.9,8.478,8.478
2023-01-08 18:00:00+01:00,,6.2,11.255,11.255
2023-01-08 19:00:00+01:00,,4.9,8.7555,8.7555
2023-01-08 20:00:00+01:00,,4.1,6.942,6.942
2023-01-08 21:00:00+01:00,,4.7,8.195,8.195
2023-01-08 22:00:00+01:00,,5.2,9.175,9.175
2023-01-08 23:00:00+01:00,,6.4,11.503,11.503
2023-01-09 00:00:00+01:00,,3.6,5.941,5.941
2023-01-09 01:00:00+01:00,,3.7,6.1235,6.1235
2023-01-09 02:00:00+01:00,,13.2,25.0055,25.875
2023-01-09 03:00:00+01:00,,16.4,32.0255,32.911
2023-01-09 04:00:00+01:00,,16.3,31.935,33.012
2023-01-09 05:00:00+01:00,,3.1,4.977,4.977
2023-01-09 06:00:00+01:00,,1.1,1.1995,1.1995
2023-01-09 07:00:00+01:00,,1.0,0.8455,0.8455
2023-01-09 08:00:00+01:00,,1.2,1.1875,1.1875
2023-01-09 09:00:00+01:00,,0.9,0.78,0.78
2023-01-09 10:00:00+01:00,,1.0,0.9135,0.9175
2023-01-09 11:00:00+01:00,,1.2,1.336,1.336
2023-01-09 12:00:00+01:00,,1.2,1.2675,1.2675
2023-01-09 13:00:00+01:00,,1.7,2.1685,2.1685
2023-01-09 14:00:00+01:00,,2.1,2.7270000000000003,2.7270000000000003
2023-01-09 15:00:00+01:00,,2.5,3.8045,3.8045
2023-01-09 16:00:00+01:00,,2.4,3.839,3.839
2023-01-09 17:00:00+01:00,,9.3,18.87,19.072000000000003
2023-01-09 18:00:00+01:00,,10.8,22.096,22.233
2023-01-09 19:00:00+01:00,,24.7,39.95399999999999,51.936
2023-01-09 20:00:00+01:00,,55.3,77.11449999999999,116.978
2023-01-09 21:00:00+01:00,,38.7,59.84,80.312
2023-01-09 22:00:00+01:00,,7.0,12.803999999999998,13.6335
2023-01-09 23:00:00+01:00,,0.7,0.4455,0.4455
2023-01-10 00:00:00+01:00,,0.4,0.0699999999999999,0.0699999999999999
2023-01-10 01:00:00+01:00,,0.3,0.022,0.022
2023-01-10 02:00:00+01:00,,0.2,0.0124999999999999,0.0124999999999999
2023-01-10 03:00:00+01:00,,0.2,0.0045,0.0045
2023-01-10 04:00:00+01:00,,0.2,0.015,0.015
2023-01-10 05:00:00+01:00,,0.3,0.0535,0.0535
2023-01-10 06:00:00+01:00,,0.9,0.7669999999999999,0.7669999999999999
2023-01-10 07:00:00+01:00,,3.2,5.721,5.721
2023-01-10 08:00:00+01:00,,3.8,7.2165,7.2165
2023-01-10 09:00:00+01:00,,4.1,7.983,7.983
2023-01-10 10:00:00+01:00,,3.9,7.635999999999999,7.635999999999999
2023-01-10 11:00:00+01:00,,4.6,9.1475,9.1475
2023-01-10 12:00:00+01:00,,6.6,13.4705,13.4705
2023-01-10 13:00:00+01:00,,9.0,18.876,19.013
2023-01-10 14:00:00+01:00,,11.8,24.89,25.2175
2023-01-10 15:00:00+01:00,,9.1,19.221,19.262
2023-01-10 16:00:00+01:00,,7.3,14.97,14.97
2023-01-10 17:00:00+01:00,,4.7,9.099,9.099
2023-01-10 18:00:00+01:00,,4.5,8.869,8.869
2023-01-10 19:00:00+01:00,,4.3,8.4085,8.4085
2023-01-10 20:00:00+01:00,,5.9,11.691,11.691
2023-01-10 21:00:00+01:00,,6.0,11.78,11.78
2023-01-10 22:00:00+01:00,,4.5,8.567499999999999,8.567499999999999
2023-01-10 23:00:00+01:00,,3.4,6.069,6.069
2023-01-11 00:00:00+01:00,,3.2,5.522,5.522
2023-01-11 01:00:00+01:00,,2.7,4.47,4.47
2023-01-11 02:00:00+01:00,,2.4,3.7325,3.7325
2023-01-11 03:00:00+01:00,,1.9,2.711,2.711
2023-01-11 04:00:00+01:00,,1.7,2.329,2.329
2023-01-11 05:00:00+01:00,,1.6,2.0045,2.0045
2023-01-11 06:00:00+01:00,,5.6,10.303999999999998,11.579
2023-01-11 07:00:00+01:00,,15.0,32.2715,34.54
2023-01-11 08:00:00+01:00,,24.1,44.724,52.337500000000006
2023-01-11 09:00:00+01:00,,16.4,27.981,30.2935
2023-01-11 10:00:00+01:00,,5.1,8.331999999999999,8.331999999999999
2023-01-11 11:00:00+01:00,,4.6,7.214,7.2165
2023-01-11 12:00:00+01:00,,19.7,29.0785,36.9735
2023-01-11 13:00:00+01:00,,13.8,22.246,27.3315
2023-01-11 14:00:00+01:00,,10.6,20.192500000000003,21.2855
2023-01-11 15:00:00+01:00,,5.9,11.297,11.297
2023-01-11 16:00:00+01:00,,16.8,32.03,35.86
2023-01-11 17:00:00+01:00,,31.7,50.854,69.753
2023-01-11 18:00:00+01:00,,48.9,74.922,109.1865
2023-01-11 19:00:00+01:00,,32.0,57.5405,74.264
2023-01-11 20:00:00+01:00,,38.0,64.335,89.1155
2023-01-11 21:00:00+01:00,,42.8,72.97800000000001,102.4805
2023-01-11 22:00:00+01:00,,25.8,51.188,61.428
2023-01-11 23:00:00+01:00,,85.2,136.196,204.9825
2023-01-12 00:00:00+01:00,,91.7,145.2365,219.482
2023-01-12 01:00:00+01:00,,47.2,79.5295,113.3855
2023-01-12 02:00:00+01:00,,60.7,97.325,146.47
2023-01-12 03:00:00+01:00,,48.7,79.11699999999999,117.9315
2023-01-12 04:00:00+01:00,,54.6,87.60650000000001,131.75400000000002
2023-01-12 05:00:00+01:00,,47.2,77.001,113.6525
2023-01-12 06:00:00+01:00,,42.2,70.717,101.18
2023-01-12 07:00:00+01:00,,30.5,57.8005,73.0135
2023-01-12 08:00:00+01:00,,25.7,51.688,61.5345
2023-01-12 09:00:00+01:00,,22.3,44.993,50.331
2023-01-12 10:00:00+01:00,,51.4,76.79,113.7385
2023-01-12 11:00:00+01:00,,50.6,71.04499999999999,103.319
2023-01-12 12:00:00+01:00,,17.0,33.408,35.025000000000006
2023-01-12 13:00:00+01:00,,18.5,36.3295,39.3835
2023-01-12 14:00:00+01:00,,14.4,29.9635,30.805
2023-01-12 15:00:00+01:00,,19.7,38.653000000000006,42.4145
2023-01-12 16:00:00+01:00,,20.0,38.8815,43.826
2023-01-12 17:00:00+01:00,,44.1,69.655,100.9815
2023-01-12 18:00:00+01:00,,62.9,96.5895,145.77550000000002
2023-01-12 19:00:00+01:00,,85.6,132.23899999999998,199.6615
2023-01-12 20:00:00+01:00,,98.9,156.164,235.8205
2023-01-12 21:00:00+01:00,,103.0,163.905,247.461
2023-01-12 22:00:00+01:00,,50.1,82.6625,120.3725
2023-01-12 23:00:00+01:00,,43.4,74.14150000000001,104.926
2023-01-13 00:00:00+01:00,,30.4,57.3705,73.06700000000001
2023-01-13 01:00:00+01:00,,37.4,66.048,89.11500000000001
2023-01-13 02:00:00+01:00,,31.4,58.5805,75.3865
2023-01-13 03:00:00+01:00,,48.9,78.059,114.8195
2023-01-13 04:00:00+01:00,,36.6,65.1455,89.046
2023-01-13 05:00:00+01:00,,35.5,64.2475,86.311
2023-01-13 06:00:00+01:00,,39.1,68.8325,96.565
2023-01-13 07:00:00+01:00,,47.6,80.6235,117.27
2023-01-13 08:00:00+01:00,,69.2,109.146,165.05700000000002
2023-01-13 09:00:00+01:00,,87.1,133.8055,202.2835
2023-01-13 10:00:00+01:00,,87.6,123.854,187.245
2023-01-13 11:00:00+01:00,,36.9,53.227,71.3835
2023-01-13 12:00:00+01:00,,32.7,50.11,64.7405
2023-01-13 13:00:00+01:00,,28.3,46.0345,56.5735
2023-01-13 14:00:00+01:00,,80.9,109.739,166.066
2023-01-13 15:00:00+01:00,,72.9,100.3875,152.0505
2023-01-13 16:00:00+01:00,,52.6,74.0745,111.7235
2023-01-13 17:00:00+01:00,,79.4,114.0125,172.5115
2023-01-13 18:00:00+01:00,,69.3,100.3015,151.97
2023-01-13 19:00:00+01:00,,61.2,89.32900000000001,135.50099999999998
2023-01-13 20:00:00+01:00,,71.8,105.8155,160.235
2023-01-13 21:00:00+01:00,,108.9,162.62,245.446
2023-01-13 22:00:00+01:00,,115.0,170.953,257.9905
2023-01-13 23:00:00+01:00,,117.0,175.45350000000002,264.735
2023-01-14 00:00:00+01:00,,111.8,166.602,251.426
2023-01-14 01:00:00+01:00,,84.9,126.8805,191.8585
2023-01-14 02:00:00+01:00,,70.4,104.583,157.936
2023-01-14 03:00:00+01:00,,88.3,131.512,198.788
2023-01-14 04:00:00+01:00,,94.0,141.825,214.313
2023-01-14 05:00:00+01:00,,37.9,61.4905,85.255
2023-01-14 06:00:00+01:00,,42.7,67.8255,97.7055
2023-01-14 07:00:00+01:00,,49.1,74.1875,110.489
2023-01-14 08:00:00+01:00,,30.9,53.798,68.45400000000001
2023-01-14 09:00:00+01:00,,42.6,63.08,89.4755
2023-01-14 10:00:00+01:00,,39.2,51.515,71.868
2023-01-14 11:00:00+01:00,,22.1,34.1725,38.7745
2023-01-14 12:00:00+01:00,,20.4,31.662,36.4435
2023-01-14 13:00:00+01:00,,10.4,18.6885,19.03
2023-01-14 14:00:00+01:00,,7.5,14.3,14.3015
2023-01-14 15:00:00+01:00,,10.4,20.573,21.1265
2023-01-14 16:00:00+01:00,,30.3,50.6745,64.9555
2023-01-14 17:00:00+01:00,,46.0,70.2825,102.34
2023-01-14 18:00:00+01:00,,36.4,61.2835,83.043
2023-01-14 19:00:00+01:00,,34.4,60.567,81.0115
2023-01-14 20:00:00+01:00,,29.3,55.2155,68.7745
2023-01-14 21:00:00+01:00,,25.6,51.4255,60.611
2023-01-14 22:00:00+01:00,,23.6,49.5315,56.4195
2023-01-14 23:00:00+01:00,,28.5,54.539,68.2935
2023-01-15 00:00:00+01:00,,74.8,119.858,181.446
2023-01-15 01:00:00+01:00,,114.7,184.5125,278.3675
2023-01-15 02:00:00+01:00,,108.8,175.7345,265.2175
2023-01-15 03:00:00+01:00,,93.8,152.575,230.522
2023-01-15 04:00:00+01:00,,51.7,87.2305,126.865
2023-01-15 05:00:00+01:00,,45.7,77.12950000000001,112.7405
2023-01-15 06:00:00+01:00,,37.9,67.3605,93.0635
2023-01-15 07:00:00+01:00,,42.4,72.519,103.2485
2023-01-15 08:00:00+01:00,,60.5,93.598,141.3365
2023-01-15 09:00:00+01:00,,88.4,114.9885,173.83
2023-01-15 10:00:00+01:00,,67.0,83.731,126.6705
2023-01-15 11:00:00+01:00,,32.0,44.621,57.7615
2023-01-15 12:00:00+01:00,,31.0,43.2125,55.47
2023-01-15 13:00:00+01:00,,3.2,5.083,5.083
2023-01-15 14:00:00+01:00,,2.9,4.609999999999999,4.609999999999999
2023-01-15 15:00:00+01:00,,3.8,6.5885,6.5885
2023-01-15 16:00:00+01:00,,8.3,15.745,15.7465
2023-01-15 17:00:00+01:00,,5.3,9.659,9.659
2023-01-15 18:00:00+01:00,,5.1,9.3385,9.3385
2023-01-15 19:00:00+01:00,,4.1,7.19,7.19
2023-01-15 20:00:00+01:00,,3.8,6.6605,6.6605
2023-01-15 21:00:00+01:00,,3.0,4.7235,4.7235
2023-01-15 22:00:00+01:00,,2.7,4.1240000000000006,4.1240000000000006
2023-01-15 23:00:00+01:00,,3.8,6.611000000000001,6.611000000000001
2023-01-16 00:00:00+01:00,,19.2,35.8265,39.313
2023-01-16 01:00:00+01:00,,6.6,12.4895,12.54
2023-01-16 02:00:00+01:00,,3.0,5.159000000000001,5.159000000000001
2023-01-16 03:00:00+01:00,,3.6,6.0665,6.0665
2023-01-16 04:00:00+01:00,,4.2,7.228,7.228
2023-01-16 05:00:00+01:00,,5.7,10.5515,10.5515
2023-01-16 06:00:00+01:00,,10.6,21.5175,21.6065
2023-01-16 07:00:00+01:00,,20.9,40.3535,44.4435
2023-01-16 08:00:00+01:00,,24.3,44.0655,51.765
2023-01-16 09:00:00+01:00,,29.3,50.301,62.2815
2023-01-16 10:00:00+01:00,,25.8,46.077,54.3845
2023-01-16 11:00:00+01:00,,15.7,31.333,32.391
2023-01-16 12:00:00+01:00,,13.9,26.669,29.8665
2023-01-16 13:00:00+01:00,,26.4,47.198,58.42
2023-01-16 14:00:00+01:00,,20.7,40.443,45.6625
2023-01-16 15:00:00+01:00,,20.4,39.8835,44.274
2023-01-16 16:00:00+01:00,,55.5,86.346,122.381
2023-01-16 17:00:00+01:00,,83.2,124.1005,187.265
2023-01-16 18:00:00+01:00,,91.1,137.385,207.632
2023-01-16 19:00:00+01:00,,109.3,165.4675,249.7815
2023-01-16 20:00:00+01:00,,105.2,159.6415,241.0295
2023-01-16 21:00:00+01:00,,106.4,162.5675,245.41950000000003
2023-01-16 22:00:00+01:00,,139.4,212.5525,320.422
2023-01-16 23:00:00+01:00,,143.0,221.245,333.5015
2023-01-17 00:00:00+01:00,,68.9,107.6335,159.899
2023-01-17 01:00:00+01:00,,2.8,4.638999999999999,4.6555
2023-01-17 02:00:00+01:00,,0.5,0.206,0.206
2023-01-17 03:00:00+01:00,,2.0,3.0365,3.0365
2023-01-17 04:00:00+01:00,,1.5,2.0035,2.0035
2023-01-17 05:00:00+01:00,,5.4,11.1015,11.1235
2023-01-17 06:00:00+01:00,,5.1,10.3365,10.3365
2023-01-17 07:00:00+01:00,,22.5,41.639,51.0085
2023-01-17 08:00:00+01:00,,60.7,91.602,134.64600000000002
2023-01-17 09:00:00+01:00,,70.4,96.716,146.30450000000002
2023-01-17 10:00:00+01:00,,68.1,88.779,134.343
2023-01-17 11:00:00+01:00,,54.9,74.809,112.444
2023-01-17 12:00:00+01:00,,52.8,74.9305,111.39
2023-01-17 13:00:00+01:00,,41.7,62.0855,88.25550000000001
2023-01-17 14:00:00+01:00,,30.0,50.3685,63.237
2023-01-17 15:00:00+01:00,,27.3,47.5585,57.6835
2023-01-17 16:00:00+01:00,,41.8,63.2305,90.083
2023-01-17 17:00:00+01:00,,40.5,62.5945,88.584
2023-01-17 18:00:00+01:00,,43.4,66.0805,95.5265
2023-01-17 19:00:00+01:00,,6.6,13.145,13.27
2023-01-17 20:00:00+01:00,,14.0,26.012500000000003,29.6695
2023-01-17 21:00:00+01:00,,22.2,42.524,48.124
2023-01-17 22:00:00+01:00,,37.5,60.762,83.3665
2023-01-17 23:00:00+01:00,,20.9,41.639,46.2555
2023-01-18 00:00:00+01:00,,19.8,39.510000000000005,43.709
2023-01-18 01:00:00+01:00,,9.7,20.3255,20.3355
2023-01-18 02:00:00+01:00,,9.2,19.455,19.455
2023-01-18 03:00:00+01:00,,8.4,17.647,17.647
2023-01-18 04:00:00+01:00,,2.5,4.0435,4.0435
2023-01-18 05:00:00+01:00,,0.8,0.5305,0.5305
2023-01-18 06:00:00+01:00,,5.5,10.9415,10.956499999999998
2023-01-18 07:00:00+01:00,,23.9,45.462500000000006,54.5455
2023-01-18 08:00:00+01:00,,41.8,63.8505,90.416
2023-01-18 09:00:00+01:00,,28.5,43.253,53.596
2023-01-18 10:00:00+01:00,,27.4,39.7345,49.284
2023-01-18 11:00:00+01:00,,1.7,2.2275,2.2275
2023-01-18 12:00:00+01:00,,3.2,4.632,4.994
2023-01-18 13:00:00+01:00,,6.1,9.8805,10.6955
2023-01-18 14:00:00+01:00,,1.6,2.054,2.054
2023-01-18 15:00:00+01:00,,3.5,5.781,5.781
2023-01-18 16:00:00+01:00,,5.7,10.592,10.5925
2023-01-18 17:00:00+01:00,,3.1,5.101,5.101
2023-01-18 18:00:00+01:00,,3.9,6.8995,6.8995
2023-01-18 19:00:00+01:00,,7.6,15.04,15.1185
2023-01-18 20:00:00+01:00,,14.1,28.8775,29.324
2023-01-18 21:00:00+01:00,,6.2,12.2075,12.235
2023-01-18 22:00:00+01:00,,11.6,24.5875,24.8025
2023-01-18 23:00:00+01:00,,16.0,33.6,34.7485
2023-01-19 00:00:00+01:00,,22.4,43.4085,48.7165
2023-01-19 01:00:00+01:00,,13.3,28.611,29.107
2023-01-19 02:00:00+01:00,,8.1,16.796,16.796
2023-01-19 03:00:00+01:00,,5.9,11.7005,11.7005
2023-01-19 04:00:00+01:00,,2.8,4.6685,4.6685
2023-01-19 05:00:00+01:00,,2.7,4.4525,4.4525
2023-01-19 06:00:00+01:00,,1.3,1.627,1.627
2023-01-19 07:00:00+01:00,,4.8,9.5005,9.5005
2023-01-19 08:00:00+01:00,,5.9,12.1695,12.1695
2023-01-19 09:00:00+01:00,,7.2,14.9485,14.9485
2023-01-19 10:00:00+01:00,,4.6,8.895,8.895
2023-01-19 11:00:00+01:00,,3.2,5.752,5.752
2023-01-19 12:00:00+01:00,,5.1,9.9595,9.9595
2023-01-19 13:00:00+01:00,,6.1,12.286,12.286
2023-01-19 14:00:00+01:00,,10.5,22.506,22.6195
2023-01-19 15:00:00+01:00,,11.9,25.86,25.86
2023-01-19 16:00:00+01:00,,14.7,32.0705,32.4995
2023-01-19 17:00:00+01:00,,16.8,36.666,37.943
2023-01-19 18:00:00+01:00,,20.4,43.402,46.8795
2023-01-19 19:00:00+01:00,,18.1,39.4875,41.3615
2023-01-19 20:00:00+01:00,,18.9,41.528,44.0625
2023-01-19 21:00:00+01:00,,17.7,38.8325,52.168
2023-01-19 22:00:00+01:00,,14.3,32.0875,32.477
2023-01-19 23:00:00+01:00,,14.7,33.5475,33.79
2023-01-20 00:00:00+01:00,,14.2,32.1835,32.3235
2023-01-20 01:00:00+01:00,,15.3,34.456999999999994,35.045
2023-01-20 02:00:00+01:00,,13.2,29.573,30.1225
2023-01-20 03:00:00+01:00,,13.3,30.5365,30.6295
2023-01-20 04:00:00+01:00,,14.0,31.9375,32.075500000000005
2023-01-20 05:00:00+01:00,,13.9,31.899,32.0345
2023-01-20 06:00:00+01:00,,15.5,36.059,36.5675
2023-01-20 07:00:00+01:00,,23.6,48.186,55.887
2023-01-20 08:00:00+01:00,,24.1,49.5485,57.061
2023-01-20 09:00:00+01:00,,24.2,49.387,56.722
2023-01-20 10:00:00+01:00,,27.6,54.189,66.0545
2023-01-20 11:00:00+01:00,,30.2,57.5585,72.457
2023-01-20 12:00:00+01:00,,32.5,59.027,77.09049999999999
2023-01-20 13:00:00+01:00,,48.1,81.4225,112.8665
2023-01-20 14:00:00+01:00,,43.2,75.293,101.567
2023-01-20 15:00:00+01:00,,34.9,63.5705,82.68299999999999
2023-01-20 16:00:00+01:00,,28.1,54.972,66.8415
2023-01-20 17:00:00+01:00,,25.8,51.834,61.036
2023-01-20 18:00:00+01:00,,25.7,51.725,60.5145
2023-01-20 19:00:00+01:00,,21.7,46.324,50.752
2023-01-20 20:00:00+01:00,,20.2,44.0225,47.1325
2023-01-20 21:00:00+01:00,,20.1,43.6845,46.93
2023-01-20 22:00:00+01:00,,21.5,45.876,50.138000000000005
2023-01-20 23:00:00+01:00,,20.8,45.2695,49.14
2023-01-21 00:00:00+01:00,,17.7,39.8975,41.476
2023-01-21 01:00:00+01:00,,18.5,41.2415,43.569
2023-01-21 02:00:00+01:00,,20.0,44.3495,47.548
2023-01-21 03:00:00+01:00,,19.5,42.9305,45.7315
2023-01-21 04:00:00+01:00,,15.4,35.497,35.981
2023-01-21 05:00:00+01:00,,16.1,37.076,37.8755
2023-01-21 06:00:00+01:00,,17.1,39.2915,40.593
2023-01-21 07:00:00+01:00,,21.1,45.8375,50.4985
2023-01-21 08:00:00+01:00,,25.5,52.807500000000005,61.88
2023-01-21 09:00:00+01:00,,43.7,78.40700000000001,106.2195
2023-01-21 10:00:00+01:00,,166.9,264.1625,396.598
2023-01-21 11:00:00+01:00,,103.4,166.3605,249.812
2023-01-21 12:00:00+01:00,,104.7,168.872,253.853
2023-01-21 13:00:00+01:00,,106.0,171.7725,257.317
2023-01-21 14:00:00+01:00,,36.9,67.485,90.169
2023-01-21 15:00:00+01:00,,16.6,38.114,39.258
2023-01-21 16:00:00+01:00,,18.5,41.247,43.88
2023-01-21 17:00:00+01:00,,19.7,43.744,47.1075
2023-01-21 18:00:00+01:00,,20.1,43.3635,48.0105
2023-01-21 19:00:00+01:00,,28.7,56.17400000000001,68.911
2023-01-21 20:00:00+01:00,,33.3,61.311,80.3835
2023-01-21 21:00:00+01:00,,19.4,42.163,45.931
2023-01-21 22:00:00+01:00,,18.4,40.8125,43.718
2023-01-21 23:00:00+01:00,,34.3,62.067,82.5555
2023-01-22 00:00:00+01:00,,29.5,56.508,70.52600000000001
2023-01-22 01:00:00+01:00,,23.4,49.1645,55.6255
2023-01-22 02:00:00+01:00,,18.7,41.622,43.9015
2023-01-22 03:00:00+01:00,,10.6,23.938,24.067500000000003
2023-01-22 04:00:00+01:00,,4.8,9.8605,9.8605
2023-01-22 05:00:00+01:00,,3.9,7.8845,7.8845
2023-01-22 06:00:00+01:00,,5.2,11.1805,11.1805
2023-01-22 07:00:00+01:00,,8.8,19.452,19.807
2023-01-22 08:00:00+01:00,,11.2,24.9225,25.543
2023-01-22 09:00:00+01:00,,67.8,111.8205,162.93099999999998
2023-01-22 10:00:00+01:00,,119.1,186.09,279.062
2023-01-22 11:00:00+01:00,,95.7,146.409,218.9545
2023-01-22 12:00:00+01:00,,72.5,116.2655,169.9285
2023-01-22 13:00:00+01:00,,37.7,65.1475,89.232
2023-01-22 14:00:00+01:00,,24.4,48.873,57.0745
2023-01-22 15:00:00+01:00,,21.5,45.655,50.3995
2023-01-22 16:00:00+01:00,,25.4,51.4905,60.387
2023-01-22 17:00:00+01:00,,27.9,54.8535,67.0565
2023-01-22 18:00:00+01:00,,41.3,70.164,99.653
2023-01-22 19:00:00+01:00,,33.6,61.2075,80.75800000000001
2023-01-22 20:00:00+01:00,,36.2,64.885,88.452
2023-01-22 21:00:00+01:00,,21.8,46.773,52.1465
2023-01-22 22:00:00+01:00,,11.2,25.9095,25.9215
2023-01-22 23:00:00+01:00,,7.6,16.8975,16.8975
2023-01-23 00:00:00+01:00,,12.4,28.4745,28.703000000000003
2023-01-23 01:00:00+01:00,,15.1,34.4295,35.129000000000005
2023-01-23 02:00:00+01:00,,9.8,22.2425,22.2425
2023-01-23 03:00:00+01:00,,8.8,19.8,19.8
2023-01-23 04:00:00+01:00,,8.5,19.171,19.1725
2023-01-23 05:00:00+01:00,,7.3,16.369,16.369
2023-01-23 06:00:00+01:00,70.267,8.6,18.788,18.788
2023-01-23 07:00:00+01:00,67.466,13.9,27.5985,28.688
2023-01-23 08:00:00+01:00,65.5,33.0,54.128,69.42250000000001
2023-01-23 09:00:00+01:00,65.633,88.6,124.641,186.928
2023-01-23 10:00:00+01:00,61.267,138.3,221.0775,333.212
2023-01-23 11:00:00+01:00,58.867,173.4,273.934,412.533
2023-01-23 12:00:00+01:00,57.067,115.1,181.717,274.0125
2023-01-23 13:00:00+01:00,57.466,240.2,368.9775,555.0695000000001
2023-01-23 14:00:00+01:00,57.733,141.6,224.4645,338.3225
2023-01-23 15:00:00+01:00,56.0,92.1,144.92950000000002,218.62
2023-01-23 16:00:00+01:00,53.9,69.5,110.3555,165.39100000000002
2023-01-23 17:00:00+01:00,57.167,101.3,161.649,244.1425
2023-01-23 18:00:00+01:00,57.267,35.4,64.2355,84.4675
2023-01-23 19:00:00+01:00,55.8,47.8,82.5475,115.2085
2023-01-23 20:00:00+01:00,55.367,36.1,64.6265,86.8565
2023-01-23 21:00:00+01:00,55.058,21.4,46.3535,50.8755
2023-01-23 22:00:00+01:00,56.0,20.1,43.5175,47.249
2023-01-23 23:00:00+01:00,57.367,16.4,37.3355,38.36450000000001
2023-01-24 00:00:00+01:00,57.933,23.3,45.2855,55.0915
2023-01-24 01:00:00+01:00,58.5,62.3,99.1235,150.2195
2023-01-24 02:00:00+01:00,58.733,44.5,73.5115,107.2145
2023-01-24 03:00:00+01:00,58.733,43.1,71.878,103.91
2023-01-24 04:00:00+01:00,60.0,37.1,65.10600000000001,89.63
2023-01-24 05:00:00+01:00,60.7,38.3,66.0545,92.154
2023-01-24 06:00:00+01:00,61.278,41.6,70.16,100.3945
2023-01-24 07:00:00+01:00,61.3,54.9,88.69800000000001,132.058
2023-01-24 08:00:00+01:00,60.6,61.7,97.92,148.1225
2023-01-24 09:00:00+01:00,60.934,94.2,149.11,225.273
2023-01-24 10:00:00+01:00,59.733,58.6,97.4255,140.5515
2023-01-24 11:00:00+01:00,55.466,18.6,40.4275,43.728
2023-01-24 12:00:00+01:00,54.0,29.1,55.0275,68.9325
2023-01-24 13:00:00+01:00,53.633,31.0,57.921,73.981
2023-01-24 14:00:00+01:00,53.0,31.3,58.6405,74.887
2023-01-24 15:00:00+01:00,54.0,49.2,81.5055,118.8145
2023-01-24 16:00:00+01:00,54.9,53.3,85.9405,129.2755
2023-01-24 17:00:00+01:00,56.067,73.7,118.909,179.9925
2023-01-24 18:00:00+01:00,56.8,123.6,198.502,299.3825
2023-01-24 19:00:00+01:00,58.1,110.5,178.1765,268.886
2023-01-24 20:00:00+01:00,57.367,103.5,167.129,252.32
2023-01-24 21:00:00+01:00,57.834,97.4,156.7625,236.7555
2023-01-24 22:00:00+01:00,57.666,58.6,94.4995,143.1995
2023-01-24 23:00:00+01:00,57.3,75.1,121.118,183.2985
2023-01-25 00:00:00+01:00,56.367,66.7,106.8965,161.942
2023-01-25 01:00:00+01:00,56.466,83.7,134.7145,203.693
2023-01-25 02:00:00+01:00,56.567,82.3,132.409,200.252
2023-01-25 03:00:00+01:00,56.733,83.7,134.325,203.1165
2023-01-25 04:00:00+01:00,57.367,78.6,125.8685,190.446
2023-01-25 05:00:00+01:00,56.9,63.3,101.14,153.325
2023-01-25 06:00:00+01:00,57.7,80.0,128.8895,194.992
2023-01-25 07:00:00+01:00,59.267,162.8,256.754,386.1915
2023-01-25 08:00:00+01:00,58.267,109.8,175.7,262.9325
2023-01-25 09:00:00+01:00,57.767,70.0,114.1645,170.15
2023-01-25 10:00:00+01:00,56.5,51.2,83.6825,124.6505
2023-01-25 11:00:00+01:00,52.8,26.5,52.901,63.592
2023-01-25 12:00:00+01:00,51.733,23.1,48.602,54.655
2023-01-25 13:00:00+01:00,53.034,22.0,47.1605,52.1005
2023-01-25 14:00:00+01:00,54.1,29.7,57.20399999999999,71.534
2023-01-25 15:00:00+01:00,53.733,35.6,63.6225,85.5385
2023-01-25 16:00:00+01:00,53.9,29.1,56.281000000000006,69.56049999999999
2023-01-25 17:00:00+01:00,53.767,31.8,59.4665,76.26849999999999
2023-01-25 18:00:00+01:00,53.367,25.9,52.637,62.19500000000001
2023-01-25 19:00:00+01:00,55.3,23.8,49.9645,57.276
2023-01-25 20:00:00+01:00,55.1,20.1,44.831500000000005,48.1755
2023-01-25 21:00:00+01:00,53.9,22.2,47.6245,53.0105
2023-01-25 22:00:00+01:00,54.834,21.8,46.9055,52.1955
2023-01-25 23:00:00+01:00,58.367,18.5,41.9255,44.037
2023-01-26 00:00:00+01:00,62.067,18.1,41.384,43.258
2023-01-26 01:00:00+01:00,60.9,17.7,40.8355,42.565
2023-01-26 02:00:00+01:00,57.867,16.7,38.981,40.0965
2023-01-26 03:00:00+01:00,56.166,15.4,36.11750000000001,36.592
2023-01-26 04:00:00+01:00,56.867,15.9,37.1615,37.8335
2023-01-26 05:00:00+01:00,78.678,16.7,38.79900000000001,39.807
2023-01-26 06:00:00+01:00,100.0,17.6,40.521,42.085
2023-01-26 07:00:00+01:00,100.0,17.1,39.6025,41.0745
2023-01-26 08:00:00+01:00,100.0,18.4,42.1695,44.273
2023-01-26 09:00:00+01:00,100.0,19.2,43.665,46.5875
2023-01-26 10:00:00+01:00,100.0,27.4,55.0625,66.7235
2023-01-26 11:00:00+01:00,100.0,38.7,71.616,94.6745
2023-01-26 12:00:00+01:00,100.0,23.8,49.279,57.578500000000005
2023-01-26 13:00:00+01:00,100.0,45.4,81.622,112.3395
2023-01-26 14:00:00+01:00,100.0,130.5,210.7295,312.0065
2023-01-26 15:00:00+01:00,100.0,18.9,42.7575,46.252
2023-01-26 16:00:00+01:00,100.0,15.1,35.3655,36.094
2023-01-26 17:00:00+01:00,100.0,15.4,36.1425,36.752
2023-01-26 18:00:00+01:00,100.0,17.9,41.453,43.337500000000006
2023-01-26 19:00:00+01:00,100.0,15.8,36.980500000000006,37.733
2023-01-26 20:00:00+01:00,100.0,17.6,40.499,42.43
2023-01-26 21:00:00+01:00,100.0,13.9,32.909,33.067
2023-01-26 22:00:00+01:00,100.0,14.7,34.3035,35.0795
2023-01-26 23:00:00+01:00,100.0,11.4,26.5395,26.5395
2023-01-27 00:00:00+01:00,100.0,14.1,33.367000000000004,33.495999999999995
2023-01-27 01:00:00+01:00,100.0,14.4,34.256,34.458
2023-01-27 02:00:00+01:00,100.0,14.2,33.972,34.164
2023-01-27 03:00:00+01:00,100.0,13.0,30.9335,30.955
2023-01-27 04:00:00+01:00,100.0,12.9,30.619,30.6445
2023-01-27 05:00:00+01:00,100.0,13.2,31.438,31.519
2023-01-27 06:00:00+01:00,100.0,16.1,37.7805,38.7525
2023-01-27 07:00:00+01:00,100.0,19.5,43.614,47.1395
2023-01-27 08:00:00+01:00,100.0,22.3,48.8485,54.375
2023-01-27 09:00:00+01:00,100.0,24.9,52.060500000000005,60.64149999999999
2023-01-27 10:00:00+01:00,100.0,24.1,50.7425,58.672
2023-01-27 11:00:00+01:00,100.0,21.2,47.087,51.6485
2023-01-27 12:00:00+01:00,100.0,19.6,44.1385,47.1755
2023-01-27 13:00:00+01:00,100.0,19.1,43.317,45.9365
2023-01-27 14:00:00+01:00,100.0,17.5,39.944500000000005,41.4235
2023-01-27 15:00:00+01:00,100.0,18.7,42.3425,44.604
2023-01-27 16:00:00+01:00,100.0,21.6,46.766,51.7695
2023-01-27 17:00:00+01:00,100.0,22.9,48.879,55.68
2023-01-27 18:00:00+01:00,100.0,26.9,53.925,65.5445
2023-01-27 19:00:00+01:00,100.0,22.0,47.3305,52.69
2023-01-27 20:00:00+01:00,100.0,38.2,67.356,93.028
2023-01-27 21:00:00+01:00,100.0,52.5,86.646,128.273
2023-01-27 22:00:00+01:00,100.0,78.9,127.363,192.651
2023-01-27 23:00:00+01:00,100.0,53.1,87.86850000000001,128.8645
2023-01-28 00:00:00+01:00,100.0,29.1,56.854,70.143
2023-01-28 01:00:00+01:00,100.0,28.1,55.706,67.8505
2023-01-28 02:00:00+01:00,100.0,22.6,48.8365,54.6505
2023-01-28 03:00:00+01:00,100.0,25.4,52.0805,60.739
2023-01-28 04:00:00+01:00,100.0,24.7,51.2325,59.296
2023-01-28 05:00:00+01:00,100.0,25.1,52.4865,61.2435
2023-01-28 06:00:00+01:00,100.0,24.4,51.517,59.451
2023-01-28 07:00:00+01:00,100.0,31.8,60.067,77.451
2023-01-28 08:00:00+01:00,100.0,44.5,77.271,109.4785
2023-01-28 09:00:00+01:00,100.0,42.3,71.991,103.3265
2023-01-28 10:00:00+01:00,100.0,47.5,78.90700000000001,115.309
2023-01-28 11:00:00+01:00,100.0,43.8,73.609,106.3835
2023-01-28 12:00:00+01:00,100.0,38.9,68.598,93.9515
2023-01-28 13:00:00+01:00,100.0,31.8,59.3215,76.5495
2023-01-28 14:00:00+01:00,100.0,49.9,83.9075,121.37
2023-01-28 15:00:00+01:00,100.0,46.5,78.65299999999999,113.1845
2023-01-28 16:00:00+01:00,100.0,36.4,64.7105,88.05799999999999
2023-01-28 17:00:00+01:00,100.0,30.5,58.371,73.6155
2023-01-28 18:00:00+01:00,100.0,33.3,61.648,80.842
2023-01-28 19:00:00+01:00,100.0,30.2,57.979,72.84649999999999
2023-01-28 20:00:00+01:00,100.0,31.6,59.707,76.493
2023-01-28 21:00:00+01:00,100.0,34.1,62.36,82.7695
2023-01-28 22:00:00+01:00,100.0,30.6,58.5765,73.90799999999999
2023-01-28 23:00:00+01:00,100.0,26.3,53.426,63.424
2023-01-29 00:00:00+01:00,100.0,24.5,51.1825,59.084
2023-01-29 01:00:00+01:00,100.0,22.1,47.741,52.955
2023-01-29 02:00:00+01:00,100.0,21.2,46.7565,51.0835
2023-01-29 03:00:00+01:00,100.0,21.3,46.7325,51.109
2023-01-29 04:00:00+01:00,100.0,20.7,45.836,49.6485
2023-01-29 05:00:00+01:00,100.0,20.0,44.988,48.346
2023-01-29 06:00:00+01:00,100.0,20.7,45.88,49.788
2023-01-29 07:00:00+01:00,100.0,21.9,47.646,52.7605
2023-01-29 08:00:00+01:00,100.0,23.6,49.903,56.7645
2023-01-29 09:00:00+01:00,100.0,27.9,55.1045,66.999
2023-01-29 10:00:00+01:00,100.0,35.8,64.21199999999999,86.666
2023-01-29 11:00:00+01:00,100.0,25.4,51.7195,60.863
2023-01-29 12:00:00+01:00,100.0,23.5,48.844,55.311
2023-01-29 13:00:00+01:00,100.0,22.4,46.815,52.2065
2023-01-29 14:00:00+01:00,100.0,29.6,56.11150000000001,70.3235
2023-01-29 15:00:00+01:00,100.0,22.9,48.59,54.8095
2023-01-29 16:00:00+01:00,100.0,39.5,68.847,97.0935
2023-01-29 17:00:00+01:00,100.0,33.6,62.046,81.8025
2023-01-29 18:00:00+01:00,100.0,34.4,62.244,82.784
2023-01-29 19:00:00+01:00,100.0,70.8,114.331,172.3615
2023-01-29 20:00:00+01:00,100.0,42.0,71.821,102.642
2023-01-29 21:00:00+01:00,100.0,13.3,30.7925,31.264000000000003
2023-01-29 22:00:00+01:00,100.0,9.9,22.5345,22.5345
2023-01-29 23:00:00+01:00,100.0,12.9,30.3115,30.4625
2023-01-30 00:00:00+01:00,100.0,18.9,42.055,44.74
2023-01-30 01:00:00+01:00,100.0,21.4,46.6995,51.352
2023-01-30 02:00:00+01:00,100.0,31.9,60.3425,77.5495
2023-01-30 03:00:00+01:00,100.0,32.1,60.597,78.095
2023-01-30 04:00:00+01:00,100.0,27.5,54.991,66.5315
2023-01-30 05:00:00+01:00,100.0,26.9,54.542,65.2615
2023-01-30 06:00:00+01:00,100.0,25.7,53.1925,62.469
2023-01-30 07:00:00+01:00,100.0,25.9,53.617,63.414
2023-01-30 08:00:00+01:00,100.0,31.7,57.0955,73.3895
2023-01-30 09:00:00+01:00,100.0,27.1,43.48650000000001,52.45
2023-01-30 10:00:00+01:00,100.0,16.7,29.8645,30.6915
2023-01-30 11:00:00+01:00,100.0,23.5,37.0585,42.5825
2023-01-30 12:00:00+01:00,100.0,21.7,37.78,41.4315
2023-01-30 13:00:00+01:00,100.0,20.4,42.924,46.382
2023-01-30 14:00:00+01:00,100.0,23.5,46.893,53.725
2023-01-30 15:00:00+01:00,100.0,16.6,35.3245,36.540000000000006
2023-01-30 16:00:00+01:00,100.0,24.3,46.3215,56.0875
2023-01-30 17:00:00+01:00,100.0,42.9,70.796,101.918
2023-01-30 18:00:00+01:00,100.0,31.9,59.5125,76.5985
2023-01-30 19:00:00+01:00,100.0,52.8,86.346,127.967
2023-01-30 20:00:00+01:00,100.0,64.5,102.4725,155.20850000000002
2023-01-30 21:00:00+01:00,100.0,54.5,88.1745,131.384
2023-01-30 22:00:00+01:00,100.0,59.9,97.772,144.365
2023-01-30 23:00:00+01:00,100.0,48.7,80.881,119.1475
2023-01-31 00:00:00+01:00,100.0,33.0,60.5775,79.3715
2023-01-31 01:00:00+01:00,100.0,20.9,46.479,50.779
2023-01-31 02:00:00+01:00,100.0,24.9,52.0395,60.791
2023-01-31 03:00:00+01:00,100.0,28.6,57.0,70.3415
2023-01-31 04:00:00+01:00,100.0,17.1,39.6775,41.4795
2023-01-31 05:00:00+01:00,100.0,18.5,42.857,45.076
2023-01-31 06:00:00+01:00,100.0,17.6,41.214,43.0335
2023-01-31 07:00:00+01:00,100.0,39.7,71.511,99.4945
2023-01-31 08:00:00+01:00,100.0,49.6,81.90350000000001,121.8725
2023-01-31 09:00:00+01:00,100.0,41.3,60.9055,85.816
2023-01-31 10:00:00+01:00,100.0,14.3,25.407,25.7345
2023-01-31 11:00:00+01:00,100.0,12.4,22.6525,22.8195
2023-01-31 12:00:00+01:00,100.0,12.4,23.2145,23.793
2023-01-31 13:00:00+01:00,100.0,13.3,26.727,27.4075
2023-01-31 14:00:00+01:00,100.0,10.2,20.2405,20.7765
2023-01-31 15:00:00+01:00,100.0,4.3,8.0895,8.0895
2023-01-31 16:00:00+01:00,100.0,15.1,28.9345,33.3385
2023-01-31 17:00:00+01:00,100.0,33.0,59.252,77.6885
2023-01-31 18:00:00+01:00,100.0,41.9,70.7815,101.352
2023-01-31 19:00:00+01:00,100.0,26.5,52.7315,62.8925
2023-01-31 20:00:00+01:00,100.0,28.2,55.183,67.851
2023-01-31 21:00:00+01:00,100.0,25.3,51.856,60.64
2023-01-31 22:00:00+01:00,100.0,19.9,43.999,47.4715
2023-01-31 23:00:00+01:00,100.0,49.4,82.10300000000001,120.285
2023-02-01 00:00:00+01:00,100.0,37.2,66.6335,91.0715
2023-02-01 01:00:00+01:00,100.0,28.3,55.412,68.66550000000001
2023-02-01 02:00:00+01:00,100.0,19.6,42.578,47.2445
2023-02-01 03:00:00+01:00,100.0,23.1,48.822,55.7265
2023-02-01 04:00:00+01:00,100.0,18.6,41.5255,44.886
2023-02-01 05:00:00+01:00,100.0,20.8,45.607,50.58
2023-02-01 06:00:00+01:00,100.0,17.1,39.738,41.687
2023-02-01 07:00:00+01:00,100.0,31.5,60.3125,78.333
2023-02-01 08:00:00+01:00,100.0,35.6,59.876,80.90350000000001
2023-02-01 09:00:00+01:00,100.0,35.4,49.4,66.9325
2023-02-01 10:00:00+01:00,100.0,15.0,26.805,27.1105
2023-02-01 11:00:00+01:00,100.0,21.2,34.315,38.484
2023-02-01 12:00:00+01:00,100.0,12.0,21.759,21.873
2023-02-01 13:00:00+01:00,100.0,14.3,26.3235,27.0225
2023-02-01 14:00:00+01:00,100.0,12.2,23.216,23.634
2023-02-01 15:00:00+01:00,100.0,9.1,17.684,17.684
2023-02-01 16:00:00+01:00,100.0,25.5,42.3215,54.465
2023-02-01 17:00:00+01:00,100.0,47.7,70.93700000000001,104.996
2023-02-01 18:00:00+01:00,100.0,42.8,67.645,97.1275
2023-02-01 19:00:00+01:00,100.0,37.8,64.441,89.1
2023-02-01 20:00:00+01:00,100.0,36.5,63.32300000000001,86.339
2023-02-01 21:00:00+01:00,100.0,27.9,54.943,67.13499999999999
2023-02-01 22:00:00+01:00,100.0,28.7,55.92,69.0415
2023-02-01 23:00:00+01:00,100.0,75.3,122.1785,183.2635
2023-02-02 00:00:00+01:00,100.0,61.1,100.9525,150.156
2023-02-02 01:00:00+01:00,100.0,26.1,51.318,63.569500000000005
2023-02-02 02:00:00+01:00,100.0,16.1,37.6035,38.3405
2023-02-02 03:00:00+01:00,100.0,15.3,35.331,36.63849999999999
2023-02-02 04:00:00+01:00,100.0,17.9,40.794,43.264
2023-02-02 05:00:00+01:00,100.0,20.7,45.4085,49.969
2023-02-02 06:00:00+01:00,100.0,19.7,44.397000000000006,47.674
2023-02-02 07:00:00+01:00,100.0,33.8,63.092,82.5035
2023-02-02 08:00:00+01:00,100.0,70.5,107.293,161.8675
2023-02-02 09:00:00+01:00,100.0,76.3,97.715,147.54500000000002
2023-02-02 10:00:00+01:00,100.0,49.8,67.7465,98.9335
2023-02-02 11:00:00+01:00,100.0,15.5,27.2845,27.73
2023-02-02 12:00:00+01:00,100.0,15.7,27.805,28.0695
2023-02-02 13:00:00+01:00,100.0,17.5,32.748999999999995,33.9345
2023-02-02 14:00:00+01:00,100.0,10.2,20.2955,20.303
2023-02-02 15:00:00+01:00,100.0,8.3,16.3185,16.3525
2023-02-02 16:00:00+01:00,100.0,5.2,10.0515,10.0515
2023-02-02 17:00:00+01:00,100.0,7.2,14.5755,14.5755
2023-02-02 18:00:00+01:00,100.0,7.8,16.128,16.128
2023-02-02 19:00:00+01:00,100.0,5.4,10.8825,10.8825
2023-02-02 20:00:00+01:00,100.0,6.7,14.0935,14.0935
2023-02-02 21:00:00+01:00,100.0,3.1,5.501,5.501
2023-02-02 22:00:00+01:00,100.0,3.0,5.3565000000000005,5.3565000000000005
2023-02-02 23:00:00+01:00,100.0,3.4,6.4595,6.4595
2023-02-03 00:00:00+01:00,100.0,1.7,2.3205,2.3205
2023-02-03 01:00:00+01:00,100.0,1.6,2.208,2.208
2023-02-03 02:00:00+01:00,100.0,5.6,11.896999999999998,11.896999999999998
2023-02-03 03:00:00+01:00,100.0,5.8,12.4795,12.4795
2023-02-03 04:00:00+01:00,100.0,4.6,9.7285,9.7285
2023-02-03 05:00:00+01:00,100.0,6.1,13.515,13.515
2023-02-03 06:00:00+01:00,100.0,9.3,21.7155,21.7445
2023-02-03 07:00:00+01:00,100.0,19.6,43.8655,47.582
2023-02-03 08:00:00+01:00,100.0,18.0,39.076,41.5155
2023-02-03 09:00:00+01:00,100.0,21.3,42.025,47.301
2023-02-03 10:00:00+01:00,100.0,9.6,19.103,19.112
2023-02-03 11:00:00+01:00,100.0,20.7,38.3055,42.0455
2023-02-03 12:00:00+01:00,100.0,25.1,43.6765,50.9075
2023-02-03 13:00:00+01:00,100.0,22.7,42.5185,48.0995
2023-02-03 14:00:00+01:00,100.0,21.7,41.326,45.7065
2023-02-03 15:00:00+01:00,100.0,24.1,43.9145,50.2755
2023-02-03 16:00:00+01:00,100.0,42.4,62.7705,89.3675
2023-02-03 17:00:00+01:00,100.0,49.9,72.481,107.9905
2023-02-03 18:00:00+01:00,100.0,68.2,99.2675,150.425
2023-02-03 19:00:00+01:00,100.0,86.2,127.021,192.0415
2023-02-03 20:00:00+01:00,100.0,88.0,130.5995,196.899
2023-02-03 21:00:00+01:00,100.0,46.1,71.9075,104.137
2023-02-03 22:00:00+01:00,100.0,34.2,57.228,75.87950000000001
2023-02-03 23:00:00+01:00,100.0,29.0,51.029,64.423
2023-02-04 00:00:00+01:00,100.0,23.3,41.524,51.7155
2023-02-04 01:00:00+01:00,100.0,35.2,59.6645,79.968
2023-02-04 02:00:00+01:00,100.0,38.1,63.310500000000005,87.493
2023-02-04 03:00:00+01:00,100.0,23.7,46.9555,54.57
2023-02-04 04:00:00+01:00,100.0,15.7,34.273,35.554500000000004
2023-02-04 05:00:00+01:00,100.0,18.5,39.8365,42.478
2023-02-04 06:00:00+01:00,100.0,19.9,42.658,46.19
2023-02-04 07:00:00+01:00,100.0,23.5,47.620000000000005,54.373000000000005
2023-02-04 08:00:00+01:00,100.0,26.1,46.2085,56.44
2023-02-04 09:00:00+01:00,100.0,18.6,31.2415,35.08
2023-02-04 10:00:00+01:00,100.0,7.3,13.377,13.774
2023-02-04 11:00:00+01:00,100.0,4.2,7.279,7.279
2023-02-04 12:00:00+01:00,100.0,5.1,9.029,9.102
2023-02-04 13:00:00+01:00,100.0,6.4,12.7915,12.97
2023-02-04 14:00:00+01:00,100.0,5.7,11.464,11.6925
2023-02-04 15:00:00+01:00,100.0,5.0,10.0795,10.276
2023-02-04 16:00:00+01:00,100.0,4.0,7.9815,7.9815
2023-02-04 17:00:00+01:00,100.0,5.9,12.5605,12.5605
2023-02-04 18:00:00+01:00,100.0,4.6,9.663,9.663
2023-02-04 19:00:00+01:00,100.0,4.4,9.178,9.178
2023-02-04 20:00:00+01:00,100.0,6.8,14.749,14.749
2023-02-04 21:00:00+01:00,100.0,8.0,17.9175,17.9175
2023-02-04 22:00:00+01:00,100.0,4.6,9.566,9.566
2023-02-04 23:00:00+01:00,100.0,2.8,5.408,5.408
2023-02-05 00:00:00+01:00,100.0,2.8,5.582,5.582
2023-02-05 01:00:00+01:00,100.0,2.7,5.043,5.043
2023-02-05 02:00:00+01:00,100.0,3.0,5.6865000000000006,5.6865000000000006
2023-02-05 03:00:00+01:00,100.0,2.9,5.7355,5.7355
2023-02-05 04:00:00+01:00,100.0,2.8,5.207,5.207
2023-02-05 05:00:00+01:00,100.0,2.2,3.905,3.905
2023-02-05 06:00:00+01:00,100.0,2.7,5.0595,5.0595
2023-02-05 07:00:00+01:00,100.0,3.6,7.3885,7.3885
2023-02-05 08:00:00+01:00,100.0,5.1,10.978,10.978
2023-02-05 09:00:00+01:00,100.0,3.9,7.681000000000001,7.681000000000001
2023-02-05 10:00:00+01:00,100.0,3.9,7.7105,7.7105
2023-02-05 11:00:00+01:00,100.0,4.4,8.970500000000001,8.970500000000001
2023-02-05 12:00:00+01:00,100.0,4.2,8.62,8.62
2023-02-05 13:00:00+01:00,100.0,4.4,9.1705,9.1705
2023-02-05 14:00:00+01:00,100.0,3.7,7.570499999999999,7.570499999999999
2023-02-05 15:00:00+01:00,100.0,4.1,8.594,8.594
2023-02-05 16:00:00+01:00,100.0,4.6,9.7695,9.7695
2023-02-05 17:00:00+01:00,100.0,7.5,17.214,17.2675
2023-02-05 18:00:00+01:00,100.0,13.6,31.8025,31.999
2023-02-05 19:00:00+01:00,100.0,11.1,25.9285,25.9285
2023-02-05 20:00:00+01:00,100.0,17.7,40.297,42.864
2023-02-05 21:00:00+01:00,100.0,17.7,40.9235,43.0825
2023-02-05 22:00:00+01:00,100.0,12.1,28.0785,29.054
2023-02-05 23:00:00+01:00,100.0,8.5,19.3545,19.3545
2023-02-06 00:00:00+01:00,100.0,6.7,15.723,15.723
2023-02-06 01:00:00+01:00,100.0,6.4,15.464,15.464
2023-02-06 02:00:00+01:00,100.0,6.7,16.305500000000002,16.305500000000002
2023-02-06 03:00:00+01:00,100.0,6.2,14.858,14.858
2023-02-06 04:00:00+01:00,100.0,7.3,17.9625,17.9625
2023-02-06 05:00:00+01:00,100.0,13.1,34.0935,34.1055
2023-02-06 06:00:00+01:00,100.0,11.9,30.707,30.7115
2023-02-06 07:00:00+01:00,100.0,11.4,29.5065,29.522
2023-02-06 08:00:00+01:00,100.0,14.2,36.943,37.454
2023-02-06 09:00:00+01:00,100.0,12.6,32.408500000000004,32.553
2023-02-06 10:00:00+01:00,100.0,8.2,18.2185,18.2345
2023-02-06 11:00:00+01:00,100.0,6.7,15.3385,15.3385
2023-02-06 12:00:00+01:00,27.9,11.7,21.584000000000003,21.584000000000003
2023-02-06 13:00:00+01:00,,7.0,17.0805,17.0805
2023-02-06 14:00:00+01:00,,7.5,18.531,18.531
2023-02-06 15:00:00+01:00,,7.5,18.5015,18.5015
2023-02-06 16:00:00+01:00,,6.8,16.5445,16.5445
2023-02-06 17:00:00+01:00,,7.0,17.268,17.268
2023-02-06 18:00:00+01:00,,7.7,19.1715,19.1715
2023-02-06 19:00:00+01:00,,8.4,21.1715,21.1715
2023-02-06 20:00:00+01:00,,9.2,23.653,23.653
2023-02-06 21:00:00+01:00,,9.8,25.21,25.21
2023-02-06 22:00:00+01:00,,10.7,27.604,27.604
2023-02-06 23:00:00+01:00,,11.3,29.3765,29.3805
2023-02-07 00:00:00+01:00,,22.4,52.5555,59.8695
2023-02-07 01:00:00+01:00,,22.9,54.1165,61.0635
2023-02-07 02:00:00+01:00,,20.4,49.638,54.2485
2023-02-07 03:00:00+01:00,,21.8,52.124,58.251
2023-02-07 04:00:00+01:00,,23.0,54.1955,61.23
2023-02-07 05:00:00+01:00,,20.1,49.6025,53.42
2023-02-07 06:00:00+01:00,,19.6,48.6705,51.908
2023-02-07 07:00:00+01:00,,22.3,52.816,59.4835
2023-02-07 08:00:00+01:00,,59.0,105.3295,159.06349999999998
2023-02-07 09:00:00+01:00,,57.0,98.1105,148.3255
2023-02-07 10:00:00+01:00,,35.2,69.13550000000001,92.588
2023-02-07 11:00:00+01:00,,19.2,45.2875,50.3335
2023-02-07 12:00:00+01:00,,26.1,53.119,65.60249999999999
2023-02-07 13:00:00+01:00,,21.9,46.3455,58.36
2023-02-07 14:00:00+01:00,,13.9,32.8275,36.402
2023-02-07 15:00:00+01:00,,10.0,25.483,25.49
2023-02-07 16:00:00+01:00,,10.5,26.92,26.92
2023-02-07 17:00:00+01:00,,12.2,31.402500000000003,31.472500000000004
2023-02-07 18:00:00+01:00,,23.8,55.5805,64.0605
2023-02-07 19:00:00+01:00,,31.7,65.6165,85.1565
2023-02-07 20:00:00+01:00,,64.6,115.6885,174.8635
2023-02-07 21:00:00+01:00,,37.8,73.798,102.4085
2023-02-07 22:00:00+01:00,,25.1,56.953,67.325
2023-02-07 23:00:00+01:00,,18.0,45.849,47.809
2023-02-08 00:00:00+01:00,,16.0,41.648,42.23
2023-02-08 01:00:00+01:00,,12.8,33.5385,33.5395
2023-02-08 02:00:00+01:00,,13.7,35.7795,35.7985
2023-02-08 03:00:00+01:00,,13.1,33.828500000000005,33.835
2023-02-08 04:00:00+01:00,,13.3,34.639,34.641
2023-02-08 05:00:00+01:00,,18.2,44.718,48.1125
2023-02-08 06:00:00+01:00,,41.2,77.62549999999999,111.2535
2023-02-08 07:00:00+01:00,,29.9,63.846,79.9185
2023-02-08 08:00:00+01:00,,41.1,77.6455,110.1025
2023-02-08 09:00:00+01:00,,39.0,74.263,104.735
2023-02-08 10:00:00+01:00,,33.5,68.2765,90.281
2023-02-08 11:00:00+01:00,,25.0,57.1895,67.024
2023-02-08 12:00:00+01:00,,25.0,56.492,66.6635
2023-02-08 13:00:00+01:00,,22.0,51.989,58.561
2023-02-08 14:00:00+01:00,,34.0,68.873,91.5275
2023-02-08 15:00:00+01:00,,23.4,54.5015,62.941500000000005
2023-02-08 16:00:00+01:00,,25.0,57.0845,67.3145
2023-02-08 17:00:00+01:00,,16.2,41.699,42.748000000000005
2023-02-08 18:00:00+01:00,,15.9,41.649,42.2385
2023-02-08 19:00:00+01:00,,17.5,45.181,46.711
2023-02-08 20:00:00+01:00,,19.5,48.870000000000005,52.2155
2023-02-08 21:00:00+01:00,,19.6,49.0355,52.4965
2023-02-08 22:00:00+01:00,,22.5,53.8405,60.45399999999999
2023-02-08 23:00:00+01:00,,20.5,50.3615,54.99
2023-02-09 00:00:00+01:00,,21.8,52.62050000000001,58.401
2023-02-09 01:00:00+01:00,,29.2,62.7495,78.39
2023-02-09 02:00:00+01:00,,32.9,67.56,88.646
2023-02-09 03:00:00+01:00,,31.6,66.32499999999999,85.286
2023-02-09 04:00:00+01:00,,32.0,66.6985,86.1375
2023-02-09 05:00:00+01:00,,29.4,63.7025,79.259
2023-02-09 06:00:00+01:00,,33.2,67.9795,89.4135
2023-02-09 07:00:00+01:00,,38.9,74.4625,105.0705
2023-02-09 08:00:00+01:00,,49.3,89.5565,133.364
2023-02-09 09:00:00+01:00,,46.6,85.77199999999999,125.7035
2023-02-09 10:00:00+01:00,,60.8,109.113,164.2905
2023-02-09 11:00:00+01:00,,42.9,80.069,116.0955
2023-02-09 12:00:00+01:00,,55.8,100.3035,151.0605
2023-02-09 13:00:00+01:00,,40.0,78.26400000000001,107.764
2023-02-09 14:00:00+01:00,,41.2,82.8825,110.534
2023-02-09 15:00:00+01:00,,24.0,56.0685,64.3725
2023-02-09 16:00:00+01:00,,27.9,61.546,74.914
2023-02-09 17:00:00+01:00,,32.2,66.6985,86.1455
2023-02-09 18:00:00+01:00,,39.3,74.31700000000001,105.491
2023-02-09 19:00:00+01:00,,46.3,84.7355,124.746
2023-02-09 20:00:00+01:00,,43.2,78.661,116.233
2023-02-09 21:00:00+01:00,,35.8,70.81649999999999,96.4095
2023-02-09 22:00:00+01:00,,35.4,70.152,94.6405
2023-02-09 23:00:00+01:00,,34.6,69.5205,93.1025
2023-02-10 00:00:00+01:00,,31.8,66.3425,85.2105
2023-02-10 01:00:00+01:00,,32.9,67.54849999999999,88.172
2023-02-10 02:00:00+01:00,,30.2,64.383,80.7345
2023-02-10 03:00:00+01:00,,32.9,66.92,88.0385
2023-02-10 04:00:00+01:00,,31.8,66.077,85.3745
2023-02-10 05:00:00+01:00,,27.5,61.1245,73.7405
2023-02-10 06:00:00+01:00,,30.5,64.816,81.715
2023-02-10 07:00:00+01:00,,34.6,69.42699999999999,92.8615
2023-02-10 08:00:00+01:00,,61.5,110.079,164.24849999999998
2023-02-10 09:00:00+01:00,,53.7,80.0975,120.471
2023-02-10 10:00:00+01:00,,52.3,75.9375,113.647
2023-02-10 11:00:00+01:00,,44.2,60.5685,87.2235
2023-02-10 12:00:00+01:00,,40.8,56.5945,78.2305
2023-02-10 13:00:00+01:00,,36.7,62.853,82.715
2023-02-10 14:00:00+01:00,,26.5,52.41,62.2845
2023-02-10 15:00:00+01:00,,27.2,53.3835,64.2325
2023-02-10 16:00:00+01:00,,25.3,51.4365,60.1365
2023-02-10 17:00:00+01:00,,36.7,66.0725,89.106
2023-02-10 18:00:00+01:00,,72.1,117.258,177.5005
2023-02-10 19:00:00+01:00,,88.4,145.637,220.1135
2023-02-10 20:00:00+01:00,,80.8,134.274,203.05
2023-02-10 21:00:00+01:00,,55.3,93.301,140.3125
2023-02-10 22:00:00+01:00,,47.2,81.5935,120.5455
2023-02-10 23:00:00+01:00,,38.5,70.761,99.2375
2023-02-11 00:00:00+01:00,,37.0,68.9915,94.921
2023-02-11 01:00:00+01:00,,31.8,63.5555,81.98750000000001
2023-02-11 02:00:00+01:00,,28.9,60.2395,74.429
2023-02-11 03:00:00+01:00,,27.1,57.913,69.64699999999999
2023-02-11 04:00:00+01:00,,25.4,55.55,65.0805
2023-02-11 05:00:00+01:00,,28.7,59.567,73.7895
2023-02-11 06:00:00+01:00,,28.5,59.226,73.0125
2023-02-11 07:00:00+01:00,,38.2,71.8545,99.1275
2023-02-11 08:00:00+01:00,,59.0,92.585,133.084
2023-02-11 09:00:00+01:00,,50.0,70.07249999999999,99.761
2023-02-11 10:00:00+01:00,,61.7,81.434,122.72050000000002
2023-02-11 11:00:00+01:00,,45.2,58.725,84.30199999999999
2023-02-11 12:00:00+01:00,,35.4,48.956,65.51950000000001
2023-02-11 13:00:00+01:00,,36.7,55.6945,75.538
2023-02-11 14:00:00+01:00,,30.4,51.756,64.85849999999999
2023-02-11 15:00:00+01:00,,38.6,61.541,84.48150000000001
2023-02-11 16:00:00+01:00,,63.4,96.123,143.957
2023-02-11 17:00:00+01:00,,70.4,109.524,165.921
2023-02-11 18:00:00+01:00,,125.1,198.7945,299.776
2023-02-11 19:00:00+01:00,,87.2,139.083,210.2815
2023-02-11 20:00:00+01:00,,103.4,164.603,248.5245
2023-02-11 21:00:00+01:00,,67.3,107.3095,162.465
2023-02-11 22:00:00+01:00,,59.5,95.187,144.036
2023-02-11 23:00:00+01:00,,54.0,86.61,130.635
2023-02-12 00:00:00+01:00,,102.0,162.574,245.2205
2023-02-12 01:00:00+01:00,,117.0,186.162,280.888
2023-02-12 02:00:00+01:00,,112.1,178.13049999999998,268.849
2023-02-12 03:00:00+01:00,,102.6,162.62,245.587
2023-02-12 04:00:00+01:00,,58.9,94.7315,141.39499999999998
2023-02-12 05:00:00+01:00,,81.9,129.67399999999998,196.1055
2023-02-12 06:00:00+01:00,,73.6,116.3175,176.09
2023-02-12 07:00:00+01:00,,68.1,108.3375,163.2735
2023-02-12 08:00:00+01:00,,56.2,89.0775,134.1105
2023-02-12 09:00:00+01:00,,53.5,84.745,125.634
2023-02-12 10:00:00+01:00,,37.6,59.8075,81.8005
2023-02-12 11:00:00+01:00,,32.4,53.116,68.39
2023-02-12 12:00:00+01:00,,23.7,42.915000000000006,49.5515
2023-02-12 13:00:00+01:00,,12.3,24.5075,24.553
2023-02-12 14:00:00+01:00,,13.1,25.866,25.941000000000003
2023-02-12 15:00:00+01:00,,14.7,29.182,29.696
2023-02-12 16:00:00+01:00,,23.9,43.801,50.3425
2023-02-12 17:00:00+01:00,,45.2,67.7355,98.467
2023-02-12 18:00:00+01:00,,82.0,120.538,182.008
2023-02-12 19:00:00+01:00,,56.7,84.15100000000001,126.7205
2023-02-12 20:00:00+01:00,,52.0,79.7625,117.1285
2023-02-12 21:00:00+01:00,,46.5,72.4545,105.8495
2023-02-12 22:00:00+01:00,,45.9,71.7775,104.9
2023-02-12 23:00:00+01:00,,38.1,63.813500000000005,88.43350000000001
2023-02-13 00:00:00+01:00,,35.5,62.120000000000005,83.629
2023-02-13 01:00:00+01:00,,29.0,55.049,67.795
2023-02-13 02:00:00+01:00,,22.7,47.604,53.1155
2023-02-13 03:00:00+01:00,,20.6,44.706500000000005,48.518
2023-02-13 04:00:00+01:00,,20.5,44.974,48.5085
2023-02-13 05:00:00+01:00,,23.1,48.6865,54.8795
2023-02-13 06:00:00+01:00,,21.2,46.426,50.795
2023-02-13 07:00:00+01:00,,27.4,54.75,66.43
2023-02-13 08:00:00+01:00,,25.7,46.759,54.6685
2023-02-13 09:00:00+01:00,,35.6,49.2865,66.614
2023-02-13 10:00:00+01:00,,38.5,49.813500000000005,69.98349999999999
2023-02-13 11:00:00+01:00,,11.6,18.877,19.713
2023-02-13 12:00:00+01:00,,15.2,24.397,26.1735
2023-02-13 13:00:00+01:00,,11.9,22.8925,22.8955
2023-02-13 14:00:00+01:00,,14.8,28.753,30.0745
2023-02-13 15:00:00+01:00,,9.1,17.722,17.722
2023-02-13 16:00:00+01:00,,7.3,14.3755,14.3755
2023-02-13 17:00:00+01:00,,24.2,43.2535,52.986
2023-02-13 18:00:00+01:00,,65.4,100.2945,150.386
2023-02-13 19:00:00+01:00,,63.5,99.5105,150.16250000000002
2023-02-13 20:00:00+01:00,,51.0,82.3955,122.1675
2023-02-13 21:00:00+01:00,,32.7,60.449,78.8295
2023-02-13 22:00:00+01:00,,26.2,53.343,63.20099999999999
2023-02-13 23:00:00+01:00,,22.8,48.889,54.867
2023-02-14 00:00:00+01:00,,20.3,45.504000000000005,49.0565
2023-02-14 01:00:00+01:00,,16.4,38.2905,39.134
2023-02-14 02:00:00+01:00,,15.6,36.6275,37.403000000000006
2023-02-14 03:00:00+01:00,,12.4,28.8415,28.8465
2023-02-14 04:00:00+01:00,,14.3,33.4425,33.732
2023-02-14 05:00:00+01:00,,14.7,34.179,34.5605
2023-02-14 06:00:00+01:00,,16.2,37.301,38.5025
2023-02-14 07:00:00+01:00,,18.8,42.033,44.629000000000005
2023-02-14 08:00:00+01:00,,20.9,44.42,48.4615
2023-02-14 09:00:00+01:00,,23.8,47.7175,54.5435
2023-02-14 10:00:00+01:00,,36.9,59.0885,80.90549999999999
2023-02-14 11:00:00+01:00,,41.6,59.2235,83.125
2023-02-14 12:00:00+01:00,,10.4,18.571,18.578
2023-02-14 13:00:00+01:00,,11.3,21.596,21.6275
2023-02-14 14:00:00+01:00,,19.4,33.903,39.651
2023-02-14 15:00:00+01:00,,12.1,23.942500000000003,24.163
2023-02-14 16:00:00+01:00,,11.2,22.8345,22.93
2023-02-14 17:00:00+01:00,,26.6,48.8865,58.878
2023-02-14 18:00:00+01:00,,50.9,80.0535,117.5525
2023-02-14 19:00:00+01:00,,90.8,141.7175,214.0765
2023-02-14 20:00:00+01:00,,106.2,168.175,253.8455
2023-02-14 21:00:00+01:00,,46.0,76.97800000000001,110.959
2023-02-14 22:00:00+01:00,,31.8,59.69,76.69399999999999
2023-02-14 23:00:00+01:00,,28.3,55.7565,68.3715
2023-02-15 00:00:00+01:00,,22.7,48.1425,53.872
2023-02-15 01:00:00+01:00,,19.8,43.7925,46.816
2023-02-15 02:00:00+01:00,,18.5,41.1625,43.3655
2023-02-15 03:00:00+01:00,,17.3,38.947500000000005,40.389
2023-02-15 04:00:00+01:00,,16.6,37.5215,38.635
2023-02-15 05:00:00+01:00,,18.5,41.38,43.812
2023-02-15 06:00:00+01:00,,18.7,41.8675,44.456
2023-02-15 07:00:00+01:00,,24.2,50.313,57.853
2023-02-15 08:00:00+01:00,,28.8,48.658,59.514
2023-02-15 09:00:00+01:00,,29.3,43.532,53.478
2023-02-15 10:00:00+01:00,,21.5,34.8755,38.21
2023-02-15 11:00:00+01:00,,25.4,38.0825,44.74
2023-02-15 12:00:00+01:00,,24.1,37.4755,42.359
2023-02-15 13:00:00+01:00,,17.8,33.0,34.4685
2023-02-15 14:00:00+01:00,,18.1,35.1665,36.7875
2023-02-15 15:00:00+01:00,,22.4,41.323,45.7445
2023-02-15 16:00:00+01:00,,22.0,41.1715,45.167
2023-02-15 17:00:00+01:00,,33.2,55.674,72.508
2023-02-15 18:00:00+01:00,,59.8,90.231,136.3115
2023-02-15 19:00:00+01:00,,96.3,147.9305,223.4685
2023-02-15 20:00:00+01:00,,73.0,115.4225,174.69400000000002
2023-02-15 21:00:00+01:00,,52.5,84.053,125.4595
2023-02-15 22:00:00+01:00,,39.9,67.803,95.7585
2023-02-15 23:00:00+01:00,,32.3,60.1365,77.5355
2023-02-16 00:00:00+01:00,,28.0,55.937,67.9105
2023-02-16 01:00:00+01:00,,24.7,52.0245,60.20399999999999
2023-02-16 02:00:00+01:00,,22.6,49.3205,55.221
2023-02-16 03:00:00+01:00,,20.4,45.809,49.435
2023-02-16 04:00:00+01:00,,21.5,47.8695,52.682500000000005
2023-02-16 05:00:00+01:00,,19.7,44.965,48.063
2023-02-16 06:00:00+01:00,,19.3,44.4735,47.3035
2023-02-16 07:00:00+01:00,,24.6,52.278,60.636
2023-02-16 08:00:00+01:00,,28.8,49.2705,60.3705
2023-02-16 09:00:00+01:00,,46.9,59.179,87.548
2023-02-16 10:00:00+01:00,,56.3,68.357,102.7695
2023-02-16 11:00:00+01:00,,62.8,73.5725,110.6215
2023-02-16 12:00:00+01:00,,37.5,47.8105,65.342
2023-02-16 13:00:00+01:00,,33.6,49.487,64.79400000000001
2023-02-16 14:00:00+01:00,,24.1,41.796,47.482
2023-02-16 15:00:00+01:00,,30.3,48.2985,60.42
2023-02-16 16:00:00+01:00,,39.9,58.326,81.907
2023-02-16 17:00:00+01:00,,60.9,85.847,129.3555
2023-02-16 18:00:00+01:00,,108.7,157.9665,238.47
2023-02-16 19:00:00+01:00,,84.7,126.1765,190.7905
2023-02-16 20:00:00+01:00,,66.1,100.5605,152.4265
2023-02-16 21:00:00+01:00,,48.1,76.3925,112.8195
2023-02-16 22:00:00+01:00,,33.9,60.607,79.9705
2023-02-16 23:00:00+01:00,,27.4,53.847,64.94
2023-02-17 00:00:00+01:00,,21.6,46.362,51.0015
2023-02-17 01:00:00+01:00,,19.3,42.7735,45.4405
2023-02-17 02:00:00+01:00,,17.3,39.3,40.758
2023-02-17 03:00:00+01:00,,18.5,41.4095,43.7855
2023-02-17 04:00:00+01:00,,15.1,35.254999999999995,35.72
2023-02-17 05:00:00+01:00,,14.8,34.5865,34.9985
2023-02-17 06:00:00+01:00,,15.0,35.3715,35.8985
2023-02-17 07:00:00+01:00,,19.6,44.039,47.0795
2023-02-17 08:00:00+01:00,,51.0,73.9815,102.215
2023-02-17 09:00:00+01:00,,44.8,56.631,83.1015
2023-02-17 10:00:00+01:00,,41.4,53.6175,77.006
2023-02-17 11:00:00+01:00,,30.7,42.76,53.751000000000005
2023-02-17 12:00:00+01:00,,11.1,18.247,18.6945
2023-02-17 13:00:00+01:00,,9.6,16.844,17.256999999999998
2023-02-17 14:00:00+01:00,,14.2,25.983,26.645
2023-02-17 15:00:00+01:00,,12.7,23.409,23.6605
2023-02-17 16:00:00+01:00,,15.1,28.226,28.8335
2023-02-17 17:00:00+01:00,,10.6,19.782,19.809
2023-02-17 18:00:00+01:00,,14.9,28.8705,29.4405
2023-02-17 19:00:00+01:00,,12.3,24.328,24.3605
2023-02-17 20:00:00+01:00,,12.4,24.4165,24.728
2023-02-17 21:00:00+01:00,,10.5,20.408,20.413
2023-02-17 22:00:00+01:00,,10.8,21.4885,21.4965
2023-02-17 23:00:00+01:00,,28.0,49.373,60.07
2023-02-18 00:00:00+01:00,,32.2,55.237,71.04150000000001
2023-02-18 01:00:00+01:00,,25.3,48.256,56.108
2023-02-18 02:00:00+01:00,,21.8,44.416,49.10850000000001
2023-02-18 03:00:00+01:00,,16.2,34.7675,35.682500000000005
2023-02-18 04:00:00+01:00,,15.1,33.339,33.8955
2023-02-18 05:00:00+01:00,,14.5,31.763,32.095
2023-02-18 06:00:00+01:00,,15.2,33.7585,34.38249999999999
2023-02-18 07:00:00+01:00,,22.6,45.3005,51.286
2023-02-18 08:00:00+01:00,,31.1,51.9755,66.14699999999999
2023-02-18 09:00:00+01:00,,40.6,55.657,78.076
2023-02-18 10:00:00+01:00,,36.7,48.843,66.7355
2023-02-18 11:00:00+01:00,,14.0,22.7505,23.861
2023-02-18 12:00:00+01:00,,10.0,16.3655,16.3655
2023-02-18 13:00:00+01:00,,10.4,18.1695,18.199
2023-02-18 14:00:00+01:00,,13.7,24.741,24.8555
2023-02-18 15:00:00+01:00,,16.8,30.218,31.048
2023-02-18 16:00:00+01:00,,16.4,29.1125,30.4295
2023-02-18 17:00:00+01:00,,9.9,17.731,17.731
2023-02-18 18:00:00+01:00,,11.2,20.5605,20.561
2023-02-18 19:00:00+01:00,,9.7,17.8155,17.8155
2023-02-18 20:00:00+01:00,,9.7,17.852,17.852
2023-02-18 21:00:00+01:00,,18.1,34.054500000000004,36.0735
2023-02-18 22:00:00+01:00,,20.1,35.9665,40.864
2023-02-18 23:00:00+01:00,,23.1,42.493,47.75
2023-02-19 00:00:00+01:00,,30.3,51.9115,64.7375
2023-02-19 01:00:00+01:00,,31.7,54.0405,68.80699999999999
2023-02-19 02:00:00+01:00,,39.6,62.6015,87.602
2023-02-19 03:00:00+01:00,,41.7,66.316,94.36
2023-02-19 04:00:00+01:00,,39.6,64.737,90.6525
2023-02-19 05:00:00+01:00,,38.7,64.771,89.6595
2023-02-19 06:00:00+01:00,,24.4,48.818,56.208
2023-02-19 07:00:00+01:00,,30.5,55.5165,70.2595
2023-02-19 08:00:00+01:00,,32.6,50.3825,65.1325
2023-02-19 09:00:00+01:00,,32.3,48.286,61.8905
2023-02-19 10:00:00+01:00,,17.4,27.6775,31.8455
2023-02-19 11:00:00+01:00,,7.9,12.949,12.949
2023-02-19 12:00:00+01:00,,8.9,14.5925,14.5925
2023-02-19 13:00:00+01:00,,9.7,16.9595,16.9595
2023-02-19 14:00:00+01:00,,9.7,17.17,17.17
2023-02-19 15:00:00+01:00,,9.4,16.978,16.978
2023-02-19 16:00:00+01:00,,9.1,16.471,16.471
2023-02-19 17:00:00+01:00,,13.3,25.1225,25.3825
2023-02-19 18:00:00+01:00,,12.7,24.7275,24.7885
2023-02-19 19:00:00+01:00,,12.5,24.363,24.465
2023-02-19 20:00:00+01:00,,35.4,55.9405,74.26
2023-02-19 21:00:00+01:00,,59.3,86.09450000000001,129.52550000000002
2023-02-19 22:00:00+01:00,,25.3,47.5195,55.544
2023-02-19 23:00:00+01:00,,25.8,48.17,57.998
2023-02-20 00:00:00+01:00,,42.2,67.849,96.0845
2023-02-20 01:00:00+01:00,,24.1,45.111,54.5305
2023-02-20 02:00:00+01:00,,11.1,24.2415,24.2475
2023-02-20 03:00:00+01:00,,10.8,23.5265,23.7085
2023-02-20 04:00:00+01:00,,10.1,22.316,22.3165
2023-02-20 05:00:00+01:00,,13.2,29.502,30.042
2023-02-20 06:00:00+01:00,,13.0,29.6255,29.735
2023-02-20 07:00:00+01:00,,15.7,35.1175,36.0385
2023-02-20 08:00:00+01:00,,21.0,37.864,41.1325
2023-02-20 09:00:00+01:00,,24.1,38.1295,43.7075
2023-02-20 10:00:00+01:00,,28.3,41.307,50.459
2023-02-20 11:00:00+01:00,,16.6,27.382,28.501
2023-02-20 12:00:00+01:00,,7.9,12.9165,12.9165
2023-02-20 13:00:00+01:00,,7.1,12.15,12.15
2023-02-20 14:00:00+01:00,,6.5,11.4765,11.482
2023-02-20 15:00:00+01:00,,5.8,9.9825,9.9825
2023-02-20 16:00:00+01:00,,6.6,11.7,11.7
2023-02-20 17:00:00+01:00,,22.0,37.0555,43.5185
2023-02-20 18:00:00+01:00,,51.3,71.517,106.3015
2023-02-20 19:00:00+01:00,,40.6,61.1485,85.9795
2023-02-20 20:00:00+01:00,,34.1,55.7465,73.632
2023-02-20 21:00:00+01:00,,24.6,46.212,53.4665
2023-02-20 22:00:00+01:00,,41.7,65.6705,92.306
2023-02-20 23:00:00+01:00,,40.0,64.3755,89.8395
2023-02-21 00:00:00+01:00,,50.8,79.8525,115.516
2023-02-21 01:00:00+01:00,,44.9,71.1575,103.1145
2023-02-21 02:00:00+01:00,,29.4,53.9035,67.41499999999999
2023-02-21 03:00:00+01:00,,25.7,50.0835,58.944
2023-02-21 04:00:00+01:00,,23.1,46.944,53.206500000000005
2023-02-21 05:00:00+01:00,,22.2,45.5105,50.936
2023-02-21 06:00:00+01:00,,26.3,51.5425,61.257000000000005
2023-02-21 07:00:00+01:00,,33.6,58.8065,77.4985
2023-02-21 08:00:00+01:00,,42.6,58.11,83.58449999999999
2023-02-21 09:00:00+01:00,,51.8,61.432500000000005,91.5445
2023-02-21 10:00:00+01:00,,25.6,38.1615,45.1405
2023-02-21 11:00:00+01:00,,18.4,28.8005,31.886
2023-02-21 12:00:00+01:00,,5.2,8.3635,8.3635
2023-02-21 13:00:00+01:00,,6.6,11.355,11.355
2023-02-21 14:00:00+01:00,,9.8,17.47,17.4705
2023-02-21 15:00:00+01:00,,9.3,16.409,16.409
2023-02-21 16:00:00+01:00,,9.4,16.5475,16.6455
2023-02-21 17:00:00+01:00,,25.9,40.9245,49.082
2023-02-21 18:00:00+01:00,,46.0,63.003,91.9225
2023-02-21 19:00:00+01:00,,51.8,71.4675,106.9335
2023-02-21 20:00:00+01:00,,49.3,72.6765,103.509
2023-02-21 21:00:00+01:00,,28.9,49.5185,60.6465
2023-02-21 22:00:00+01:00,,29.3,50.532,62.46600000000001
2023-02-21 23:00:00+01:00,,25.1,46.585,53.8605
2023-02-22 00:00:00+01:00,,18.2,37.7635,39.5035
2023-02-22 01:00:00+01:00,,17.0,35.688,36.787
2023-02-22 02:00:00+01:00,,15.7,33.8445,34.4165
2023-02-22 03:00:00+01:00,,12.4,27.9245,27.931
2023-02-22 04:00:00+01:00,,11.9,26.665,26.669
2023-02-22 05:00:00+01:00,,11.5,25.8735,25.8735
2023-02-22 06:00:00+01:00,,15.0,33.972,34.373
2023-02-22 07:00:00+01:00,,20.3,43.126,46.6965
2023-02-22 08:00:00+01:00,,23.4,40.235,45.2285
2023-02-22 09:00:00+01:00,,25.6,38.406000000000006,44.515
2023-02-22 10:00:00+01:00,,21.0,33.1355,35.887
2023-02-22 11:00:00+01:00,,18.0,29.2945,30.2095
2023-02-22 12:00:00+01:00,,16.8,27.6465,27.8985
2023-02-22 13:00:00+01:00,,15.3,27.0575,27.29
2023-02-22 14:00:00+01:00,,15.5,28.175,28.4835
2023-02-22 15:00:00+01:00,,16.8,30.035,30.7845
2023-02-22 16:00:00+01:00,,21.9,37.745000000000005,41.3515
2023-02-22 17:00:00+01:00,,25.8,42.829,49.9345
2023-02-22 18:00:00+01:00,,52.9,73.384,108.4455
2023-02-22 19:00:00+01:00,,104.6,145.308,219.3995
2023-02-22 20:00:00+01:00,,76.3,107.449,162.63799999999998
2023-02-22 21:00:00+01:00,,61.1,87.23,132.163
2023-02-22 22:00:00+01:00,,44.8,67.9495,98.444
2023-02-22 23:00:00+01:00,,34.5,57.57899999999999,75.9565
2023-02-23 00:00:00+01:00,,29.1,52.806,64.7825
2023-02-23 01:00:00+01:00,,27.0,51.065,60.885
2023-02-23 02:00:00+01:00,,23.4,47.7375,53.97
2023-02-23 03:00:00+01:00,,22.3,46.355,51.4865
2023-02-23 04:00:00+01:00,,21.0,44.4225,48.2815
2023-02-23 05:00:00+01:00,,20.8,44.3965,48.1935
2023-02-23 06:00:00+01:00,,23.5,47.8175,54.1275
2023-02-23 07:00:00+01:00,,27.2,51.4895,61.676
2023-02-23 08:00:00+01:00,,32.7,56.3155,73.201
2023-02-23 09:00:00+01:00,,33.5,54.365,71.2205
2023-02-23 10:00:00+01:00,,36.9,51.968,70.7435
2023-02-23 11:00:00+01:00,,29.3,44.1715,54.88249999999999
2023-02-23 12:00:00+01:00,,21.4,36.3545,39.457
2023-02-23 13:00:00+01:00,,17.2,29.402,31.3335
2023-02-23 14:00:00+01:00,,11.8,21.2445,21.378
2023-02-23 15:00:00+01:00,,15.8,28.381,29.215
2023-02-23 16:00:00+01:00,,16.1,29.4815,30.1455
2023-02-23 17:00:00+01:00,,31.0,47.5485,60.979
2023-02-23 18:00:00+01:00,,61.3,82.446,124.143
2023-02-23 19:00:00+01:00,,99.1,134.307,202.8655
2023-02-23 20:00:00+01:00,,77.3,104.8875,158.739
2023-02-23 21:00:00+01:00,,81.9,112.1085,169.5995
2023-02-23 22:00:00+01:00,,43.7,62.5695,90.369
2023-02-23 23:00:00+01:00,,36.1,55.6665,74.97049999999999
2023-02-24 00:00:00+01:00,,32.8,53.4055,68.929
2023-02-24 01:00:00+01:00,,32.0,52.8095,67.655
2023-02-24 02:00:00+01:00,,32.3,53.060500000000005,68.2815
2023-02-24 03:00:00+01:00,,21.5,41.674,45.3795
2023-02-24 04:00:00+01:00,,20.0,39.5885,42.259
2023-02-24 05:00:00+01:00,,21.0,40.8135,44.334
2023-02-24 06:00:00+01:00,,35.8,57.5055,77.36
2023-02-24 07:00:00+01:00,,51.8,74.812,111.759
2023-02-24 08:00:00+01:00,,57.2,78.791,119.367
2023-02-24 09:00:00+01:00,,48.6,64.34,94.081
2023-02-24 10:00:00+01:00,,10.2,17.704500000000003,17.8
2023-02-24 11:00:00+01:00,,6.9,11.7905,11.7905
2023-02-24 12:00:00+01:00,,6.4,10.926,10.926
2023-02-24 13:00:00+01:00,,6.0,10.3015,10.3015
2023-02-24 14:00:00+01:00,,6.7,11.4465,11.4465
2023-02-24 15:00:00+01:00,,9.3,16.7815,16.7815
2023-02-24 16:00:00+01:00,,9.2,16.572499999999998,16.572499999999998
2023-02-24 17:00:00+01:00,,10.2,18.6165,18.6195
2023-02-24 18:00:00+01:00,,12.3,22.857,22.874
2023-02-24 19:00:00+01:00,,12.2,23.167,23.2505
2023-02-24 20:00:00+01:00,,10.2,18.873,18.882
2023-02-24 21:00:00+01:00,,9.6,17.584,17.5875
2023-02-24 22:00:00+01:00,,8.8,16.038999999999998,16.038999999999998
2023-02-24 23:00:00+01:00,,8.5,15.27,15.27
2023-02-25 00:00:00+01:00,,10.4,19.066,19.0705
2023-02-25 01:00:00+01:00,,7.8,13.9395,13.9395
2023-02-25 02:00:00+01:00,,7.4,13.436,13.436
2023-02-25 03:00:00+01:00,,4.3,7.1115,7.1115
2023-02-25 04:00:00+01:00,,1.5,1.8015,1.8015
2023-02-25 05:00:00+01:00,,1.1,1.0275,1.0275
2023-02-25 06:00:00+01:00,,1.4,1.6725,1.6725
2023-02-25 07:00:00+01:00,,2.1,2.8765,2.8765
2023-02-25 08:00:00+01:00,,5.9,10.231,10.231
2023-02-25 09:00:00+01:00,,9.3,16.566,16.566
2023-02-25 10:00:00+01:00,,10.8,19.275,19.2755
2023-02-25 11:00:00+01:00,,8.8,15.651,15.6525
2023-02-25 12:00:00+01:00,,8.6,15.02,15.02
2023-02-25 13:00:00+01:00,,8.4,14.9235,14.9235
2023-02-25 14:00:00+01:00,,6.0,10.6565,10.6565
2023-02-25 15:00:00+01:00,,5.3,9.34,9.34
2023-02-25 16:00:00+01:00,,14.5,29.373,29.5665
2023-02-25 17:00:00+01:00,,7.5,14.9485,14.953
2023-02-25 18:00:00+01:00,,4.0,7.516999999999999,7.516999999999999
2023-02-25 19:00:00+01:00,,3.1,5.567,5.567
2023-02-25 20:00:00+01:00,,2.4,4.038,4.038
2023-02-25 21:00:00+01:00,,1.7,2.328,2.328
2023-02-25 22:00:00+01:00,,3.9,8.058,8.058
2023-02-25 23:00:00+01:00,,4.2,8.675,8.675
2023-02-26 00:00:00+01:00,,3.6,7.1915,7.1915
2023-02-26 01:00:00+01:00,,3.7,7.423,7.423
2023-02-26 02:00:00+01:00,,2.7,5.033,5.033
2023-02-26 03:00:00+01:00,,2.1,3.5625,3.5625
2023-02-26 04:00:00+01:00,,2.4,4.1405,4.1405
2023-02-26 05:00:00+01:00,,3.0,5.795,5.795
2023-02-26 06:00:00+01:00,,3.0,5.890499999999999,5.890499999999999
2023-02-26 07:00:00+01:00,,47.6,80.164,115.6025
2023-02-26 08:00:00+01:00,,19.5,40.767,46.3095
2023-02-26 09:00:00+01:00,,15.4,32.453,36.4955
2023-02-26 10:00:00+01:00,,46.6,80.367,110.5105
2023-02-26 11:00:00+01:00,,36.3,63.57600000000001,86.5765
2023-02-26 12:00:00+01:00,,48.3,80.244,114.304
2023-02-26 13:00:00+01:00,,74.2,118.4555,177.5895
2023-02-26 14:00:00+01:00,,104.3,166.6275,248.1835
2023-02-26 15:00:00+01:00,,57.9,94.3065,139.85
2023-02-26 16:00:00+01:00,,43.4,75.4105,104.076
2023-02-26 17:00:00+01:00,,29.4,56.617,70.45400000000001
2023-02-26 18:00:00+01:00,,36.7,64.8525,88.93299999999999
2023-02-26 19:00:00+01:00,,33.3,60.785,79.7345
2023-02-26 20:00:00+01:00,,29.7,56.918,70.8455
2023-02-26 21:00:00+01:00,,34.3,62.1795,82.5415
2023-02-26 22:00:00+01:00,,39.8,67.826,95.809
2023-02-26 23:00:00+01:00,,33.1,60.7595,79.327
2023-02-27 00:00:00+01:00,,23.8,48.6125,56.5885
2023-02-27 01:00:00+01:00,,12.7,29.3615,29.396
2023-02-27 02:00:00+01:00,,9.4,20.7585,20.7585
2023-02-27 03:00:00+01:00,,6.3,13.543,13.543
2023-02-27 04:00:00+01:00,,6.1,13.17,13.17
2023-02-27 05:00:00+01:00,,8.0,17.7055,17.7055
2023-02-27 06:00:00+01:00,,10.0,22.6405,22.6415
2023-02-27 07:00:00+01:00,,16.5,33.678,39.114
2023-02-27 08:00:00+01:00,,26.7,50.344,64.6365
2023-02-27 09:00:00+01:00,,23.0,47.8055,55.462
2023-02-27 10:00:00+01:00,,29.8,56.5275,72.113
2023-02-27 11:00:00+01:00,,18.3,38.4965,43.02
2023-02-27 12:00:00+01:00,,24.3,48.6085,57.8685
2023-02-27 13:00:00+01:00,,28.6,55.134,68.8655
2023-02-27 14:00:00+01:00,,26.9,52.7545,64.41550000000001
2023-02-27 15:00:00+01:00,,36.1,65.1405,86.6305
2023-02-27 16:00:00+01:00,,20.8,45.1725,48.9965
2023-02-27 17:00:00+01:00,,22.0,46.98,52.2485
2023-02-27 18:00:00+01:00,,17.8,40.1345,42.052
2023-02-27 19:00:00+01:00,,20.0,44.324,47.6285
2023-02-27 20:00:00+01:00,,19.0,42.5515,45.2205
2023-02-27 21:00:00+01:00,,16.9,38.7135,39.79900000000001
2023-02-27 22:00:00+01:00,,18.0,41.152,42.9175
2023-02-27 23:00:00+01:00,,19.9,44.564,47.781000000000006
2023-02-28 00:00:00+01:00,,20.2,44.637,48.293
2023-02-28 01:00:00+01:00,,12.7,29.31,29.384
2023-02-28 02:00:00+01:00,,10.0,22.699,22.699
2023-02-28 03:00:00+01:00,,9.8,22.1605,22.174
2023-02-28 04:00:00+01:00,,8.6,19.3775,19.3775
2023-02-28 05:00:00+01:00,,7.5,16.7345,16.7345
2023-02-28 06:00:00+01:00,,9.1,20.3475,20.3475
2023-02-28 07:00:00+01:00,,12.8,29.384,29.6085
2023-02-28 08:00:00+01:00,,15.6,33.9885,36.276
2023-02-28 09:00:00+01:00,,31.9,59.1245,76.89250000000001
2023-02-28 10:00:00+01:00,,26.5,50.9845,62.4035
2023-02-28 11:00:00+01:00,,16.7,36.2535,38.6215
2023-02-28 12:00:00+01:00,,23.2,47.0505,55.104
2023-02-28 13:00:00+01:00,,45.2,78.771,109.3815
2023-02-28 14:00:00+01:00,,27.2,51.3005,64.5935
2023-02-28 15:00:00+01:00,,97.4,158.43200000000002,232.118
2023-02-28 16:00:00+01:00,,15.9,35.805,36.5825
2023-02-28 17:00:00+01:00,,15.3,35.319,35.8825
2023-02-28 18:00:00+01:00,,18.6,41.267,44.256
2023-02-28 19:00:00+01:00,,16.3,37.143,38.476
2023-02-28 20:00:00+01:00,,15.4,35.138000000000005,36.1665
2023-02-28 21:00:00+01:00,,15.8,36.310500000000005,37.0875
2023-02-28 22:00:00+01:00,,16.6,37.9305,39.089
2023-02-28 23:00:00+01:00,,16.7,37.999,39.347
2023-03-01 00:00:00+01:00,,18.5,41.414,43.594
2023-03-01 01:00:00+01:00,,16.5,37.914,39.0455
2023-03-01 02:00:00+01:00,,16.2,37.7565,38.698
2023-03-01 03:00:00+01:00,,15.1,35.458,35.964
2023-03-01 04:00:00+01:00,,13.4,31.455,31.543
2023-03-01 05:00:00+01:00,,13.9,31.922,32.119
2023-03-01 06:00:00+01:00,,14.9,34.6875,35.191500000000005
2023-03-01 07:00:00+01:00,,22.3,47.8075,53.382000000000005
2023-03-01 08:00:00+01:00,,18.5,40.8905,43.6815
2023-03-01 09:00:00+01:00,,18.7,41.371,44.3385
2023-03-01 10:00:00+01:00,,19.3,41.369,45.684
2023-03-01 11:00:00+01:00,,18.0,40.144,42.115
2023-03-01 12:00:00+01:00,,15.6,35.0665,35.817499999999995
2023-03-01 13:00:00+01:00,,15.1,33.94199999999999,34.662000000000006
2023-03-01 14:00:00+01:00,,13.3,30.555,30.632
2023-03-01 15:00:00+01:00,,17.8,38.45,42.0345
2023-03-01 16:00:00+01:00,,22.8,48.093,53.9695
2023-03-01 17:00:00+01:00,,46.8,79.7145,112.938
2023-03-01 18:00:00+01:00,,73.3,117.802,178.3355
2023-03-01 19:00:00+01:00,,72.9,116.7355,176.72449999999998
2023-03-01 20:00:00+01:00,,71.1,113.89,172.43349999999998
2023-03-01 21:00:00+01:00,,68.0,109.8205,166.3485
2023-03-01 22:00:00+01:00,,70.0,112.0685,169.7455
2023-03-01 23:00:00+01:00,,38.9,67.55850000000001,93.755
2023-03-02 00:00:00+01:00,,9.3,21.079,21.079
2023-03-02 01:00:00+01:00,,9.2,20.9275,20.9305
2023-03-02 02:00:00+01:00,,6.6,14.607,14.607
2023-03-02 03:00:00+01:00,,9.9,21.881,22.4295
2023-03-02 04:00:00+01:00,,23.9,50.119,57.445
2023-03-02 05:00:00+01:00,,25.1,51.558,60.0745
2023-03-02 06:00:00+01:00,,25.7,52.1475,61.26349999999999
2023-03-02 07:00:00+01:00,,30.8,58.060500000000005,73.614
2023-03-02 08:00:00+01:00,,41.8,68.765,98.956
2023-03-02 09:00:00+01:00,,51.5,80.4265,120.5855
2023-03-02 10:00:00+01:00,,61.2,91.1775,137.524
2023-03-02 11:00:00+01:00,,74.2,107.1675,161.9915
2023-03-02 12:00:00+01:00,,32.8,55.396,71.71549999999999
2023-03-02 13:00:00+01:00,,27.2,49.3745,59.6185
2023-03-02 14:00:00+01:00,,32.3,56.4255,72.0605
2023-03-02 15:00:00+01:00,,40.9,69.0405,93.073
2023-03-02 16:00:00+01:00,,21.6,43.8935,48.4205
2023-03-02 17:00:00+01:00,,23.5,46.759,52.844
2023-03-02 18:00:00+01:00,,27.3,52.019,62.6045
2023-03-02 19:00:00+01:00,,53.1,83.751,125.111
2023-03-02 20:00:00+01:00,,45.8,73.93199999999999,108.063
2023-03-02 21:00:00+01:00,,46.4,76.0515,109.6145
2023-03-02 22:00:00+01:00,,34.6,60.9425,81.12899999999999
2023-03-02 23:00:00+01:00,,40.5,67.199,95.127
2023-03-03 00:00:00+01:00,,33.0,59.591,77.7165
2023-03-03 01:00:00+01:00,,26.9,53.153000000000006,63.587500000000006
2023-03-03 02:00:00+01:00,,24.2,49.386,56.52
2023-03-03 03:00:00+01:00,,20.3,43.7885,47.233
2023-03-03 04:00:00+01:00,,17.0,37.697,39.0645
2023-03-03 05:00:00+01:00,,18.0,39.565,41.5325
2023-03-03 06:00:00+01:00,,19.9,42.5895,45.9035
2023-03-03 07:00:00+01:00,,22.6,47.340500000000006,52.9425
2023-03-03 08:00:00+01:00,,30.6,57.2625,71.98150000000001
2023-03-03 09:00:00+01:00,,54.2,87.045,127.423
2023-03-03 10:00:00+01:00,,60.6,93.559,141.14600000000002
2023-03-03 11:00:00+01:00,,54.5,86.333,127.4535
2023-03-03 12:00:00+01:00,,48.4,76.2065,112.156
2023-03-03 13:00:00+01:00,,35.0,60.36,80.4095
2023-03-03 14:00:00+01:00,,96.6,148.049,220.5935
2023-03-03 15:00:00+01:00,,34.6,60.432,79.89750000000001
2023-03-03 16:00:00+01:00,,25.9,50.6755,59.8985
2023-03-03 17:00:00+01:00,,27.0,51.735,62.161
2023-03-03 18:00:00+01:00,,34.7,60.1135,80.0895
2023-03-03 19:00:00+01:00,,33.6,59.3155,77.965
2023-03-03 20:00:00+01:00,,32.7,58.529,76.03649999999999
2023-03-03 21:00:00+01:00,,39.7,66.612,93.4645
2023-03-03 22:00:00+01:00,,32.8,59.1275,76.767
2023-03-03 23:00:00+01:00,,33.9,60.2365,79.539
2023-03-04 00:00:00+01:00,,27.5,53.5205,64.8035
2023-03-04 01:00:00+01:00,,23.6,48.219,54.8225
2023-03-04 02:00:00+01:00,,22.2,46.4695,51.6695
2023-03-04 03:00:00+01:00,,20.8,44.560500000000005,48.3925
2023-03-04 04:00:00+01:00,,20.7,44.1665,47.8655
2023-03-04 05:00:00+01:00,,19.8,43.093,46.162
2023-03-04 06:00:00+01:00,,19.1,41.5385,44.3865
2023-03-04 07:00:00+01:00,,28.5,54.503,66.65950000000001
2023-03-04 08:00:00+01:00,,26.2,51.1365,60.573
2023-03-04 09:00:00+01:00,,33.8,59.0435,76.6965
2023-03-04 10:00:00+01:00,,37.7,61.4095,81.37950000000001
2023-03-04 11:00:00+01:00,,93.9,135.4975,197.8995
2023-03-04 12:00:00+01:00,,30.2,49.203,61.384
2023-03-04 13:00:00+01:00,,26.9,47.388000000000005,56.343500000000006
2023-03-04 14:00:00+01:00,,23.0,42.4085,47.4955
2023-03-04 15:00:00+01:00,,16.6,33.1195,34.35
2023-03-04 16:00:00+01:00,,15.0,30.5745,31.0825
2023-03-04 17:00:00+01:00,,27.9,49.07899999999999,60.32599999999999
2023-03-04 18:00:00+01:00,,43.8,69.4165,100.0035
2023-03-04 19:00:00+01:00,,42.4,69.65799999999999,99.8225
2023-03-04 20:00:00+01:00,,39.3,67.05,94.342
2023-03-04 21:00:00+01:00,,37.2,65.3125,90.126
2023-03-04 22:00:00+01:00,,29.7,57.458,72.15299999999999
2023-03-04 23:00:00+01:00,,25.8,52.8875,62.796
2023-03-05 00:00:00+01:00,,20.5,45.454,49.45
2023-03-05 01:00:00+01:00,,18.4,41.726,44.0645
2023-03-05 02:00:00+01:00,,17.3,39.4315,41.184
2023-03-05 03:00:00+01:00,,17.4,39.615,41.494
2023-03-05 04:00:00+01:00,,17.5,39.7285,41.9115
2023-03-05 05:00:00+01:00,,18.7,41.9385,44.74
2023-03-05 06:00:00+01:00,,18.0,40.305,42.691500000000005
2023-03-05 07:00:00+01:00,,19.5,42.853,45.881
2023-03-05 08:00:00+01:00,,25.8,51.137,60.56699999999999
2023-03-05 09:00:00+01:00,,30.4,54.7435,68.94
2023-03-05 10:00:00+01:00,,36.7,54.0125,73.483
2023-03-05 11:00:00+01:00,,9.6,16.842,17.605
2023-03-05 12:00:00+01:00,,5.5,9.351,9.351
2023-03-05 13:00:00+01:00,,5.2,9.364,9.364
2023-03-05 14:00:00+01:00,,6.4,12.31,12.3105
2023-03-05 15:00:00+01:00,,6.8,13.4335,13.4335
2023-03-05 16:00:00+01:00,,7.8,15.439,15.439
2023-03-05 17:00:00+01:00,,11.5,23.662,23.677
2023-03-05 18:00:00+01:00,,27.3,50.2445,61.2845
2023-03-05 19:00:00+01:00,,61.2,98.926,143.19299999999998
2023-03-05 20:00:00+01:00,,80.3,126.0175,190.608
2023-03-05 21:00:00+01:00,,66.6,105.633,159.4595
2023-03-05 22:00:00+01:00,,33.1,60.8035,79.402
2023-03-05 23:00:00+01:00,,30.5,57.8415,73.32249999999999
2023-03-06 00:00:00+01:00,,22.8,48.956,54.9485
2023-03-06 01:00:00+01:00,,37.4,66.037,90.7705
2023-03-06 02:00:00+01:00,,29.3,56.98,71.359
2023-03-06 03:00:00+01:00,,33.1,61.26,80.75999999999999
2023-03-06 04:00:00+01:00,,31.8,60.459500000000006,78.208
2023-03-06 05:00:00+01:00,,30.5,59.147,74.672
2023-03-06 06:00:00+01:00,,29.0,57.338,71.03399999999999
2023-03-06 07:00:00+01:00,,42.7,72.56800000000001,103.722
2023-03-06 08:00:00+01:00,,91.8,130.684,197.5035
2023-03-06 09:00:00+01:00,,77.6,98.5215,149.1
2023-03-06 10:00:00+01:00,,74.0,88.03999999999999,133.2895
2023-03-06 11:00:00+01:00,,29.5,37.0955,50.567
2023-03-06 12:00:00+01:00,,7.0,11.751,11.7515
2023-03-06 13:00:00+01:00,,9.0,16.2485,16.2485
2023-03-06 14:00:00+01:00,,8.6,15.7575,15.7575
2023-03-06 15:00:00+01:00,,9.9,18.5325,18.563
2023-03-06 16:00:00+01:00,,19.6,36.157,39.208
2023-03-06 17:00:00+01:00,,26.8,45.715,55.536
2023-03-06 18:00:00+01:00,,16.4,32.593,33.385000000000005
2023-03-06 19:00:00+01:00,,38.5,61.149,83.888
2023-03-06 20:00:00+01:00,,64.9,95.142,143.5535
2023-03-06 21:00:00+01:00,,51.1,75.88300000000001,113.3115
2023-03-06 22:00:00+01:00,,42.0,65.834,93.1095
2023-03-06 23:00:00+01:00,,36.5,60.034,81.19900000000001
2023-03-07 00:00:00+01:00,,33.7,58.018,76.10300000000001
2023-03-07 01:00:00+01:00,,32.3,56.857,73.578
2023-03-07 02:00:00+01:00,,31.5,55.5015,70.9435
2023-03-07 03:00:00+01:00,,33.1,57.595,74.998
2023-03-07 04:00:00+01:00,,25.5,48.5535,57.1635
2023-03-07 05:00:00+01:00,,14.8,31.8575,32.174
2023-03-07 06:00:00+01:00,,29.3,51.948,65.792
2023-03-07 07:00:00+01:00,,43.3,68.09700000000001,97.422
2023-03-07 08:00:00+01:00,,56.1,83.029,123.01
2023-03-07 09:00:00+01:00,,64.0,86.94900000000001,131.849
2023-03-07 10:00:00+01:00,,27.9,37.214,50.7695
2023-03-07 11:00:00+01:00,,5.6,9.2985,9.467
2023-03-07 12:00:00+01:00,,3.4,5.2795000000000005,5.2795000000000005
2023-03-07 13:00:00+01:00,,3.7,6.0655,6.0655
2023-03-07 14:00:00+01:00,,4.6,8.0945,8.1835
2023-03-07 15:00:00+01:00,,5.1,9.101,9.108
2023-03-07 16:00:00+01:00,,5.3,9.4135,9.4135
2023-03-07 17:00:00+01:00,,6.6,11.5415,11.723
2023-03-07 18:00:00+01:00,,7.2,13.366499999999998,13.366499999999998
2023-03-07 19:00:00+01:00,,8.8,17.064999999999998,17.064999999999998
2023-03-07 20:00:00+01:00,,6.8,13.076,13.076
2023-03-07 21:00:00+01:00,,4.7,8.4785,8.4785
2023-03-07 22:00:00+01:00,,3.4,5.8725000000000005,5.8725000000000005
2023-03-07 23:00:00+01:00,,2.9,4.7795000000000005,4.7795000000000005
2023-03-08 00:00:00+01:00,,2.6,4.1195,4.1195
2023-03-08 01:00:00+01:00,,2.5,3.878,3.878
2023-03-08 02:00:00+01:00,,2.1,3.1215,3.1215
2023-03-08 03:00:00+01:00,,1.9,2.6315,2.6315
2023-03-08 04:00:00+01:00,,2.1,3.1645,3.1645
2023-03-08 05:00:00+01:00,,5.3,9.947,9.9495
2023-03-08 06:00:00+01:00,,14.6,29.174,30.17
2023-03-08 07:00:00+01:00,,18.8,36.8375,39.4915
2023-03-08 08:00:00+01:00,,17.1,30.661,33.6065
2023-03-08 09:00:00+01:00,,5.5,9.552,9.552
2023-03-08 10:00:00+01:00,,5.9,10.4635,10.533
2023-03-08 11:00:00+01:00,,4.4,6.8505,6.9005
2023-03-08 12:00:00+01:00,,3.2,4.796,4.796
2023-03-08 13:00:00+01:00,,3.3,5.217499999999999,5.217499999999999
2023-03-08 14:00:00+01:00,,3.0,4.6405,4.6405
2023-03-08 15:00:00+01:00,,3.0,4.7675,4.7675
2023-03-08 16:00:00+01:00,,4.4,7.529,7.529
2023-03-08 17:00:00+01:00,,5.9,10.5805,10.5805
2023-03-08 18:00:00+01:00,,5.7,10.1765,10.1765
2023-03-08 19:00:00+01:00,,4.2,7.098,7.098
2023-03-08 20:00:00+01:00,,4.1,7.0385,7.0385
2023-03-08 21:00:00+01:00,,3.0,4.747999999999999,4.747999999999999
2023-03-08 22:00:00+01:00,,2.3,3.475,3.475
2023-03-08 23:00:00+01:00,,2.1,2.901,2.901
2023-03-09 00:00:00+01:00,,1.7,2.2755,2.2755
2023-03-09 01:00:00+01:00,,1.6,1.962,1.962
2023-03-09 02:00:00+01:00,,1.5,1.873,1.873
2023-03-09 03:00:00+01:00,,1.5,1.904,1.904
2023-03-09 04:00:00+01:00,,1.4,1.6295,1.6295
2023-03-09 05:00:00+01:00,,1.6,2.0785,2.0785
2023-03-09 06:00:00+01:00,,2.8,4.4355,4.4355
2023-03-09 07:00:00+01:00,,2.5,3.773,3.773
2023-03-09 08:00:00+01:00,,2.3,3.157,3.157
2023-03-09 09:00:00+01:00,,1.9,2.4705,2.4705
2023-03-09 10:00:00+01:00,,2.7,3.927,3.927
2023-03-09 11:00:00+01:00,,2.1,2.757,2.757
2023-03-09 12:00:00+01:00,,1.8,2.3815,2.3815
2023-03-09 13:00:00+01:00,,2.0,2.7055,2.7055
2023-03-09 14:00:00+01:00,,1.9,2.4135,2.4135
2023-03-09 15:00:00+01:00,,2.2,2.965,2.965
2023-03-09 16:00:00+01:00,,2.3,3.174,3.174
2023-03-09 17:00:00+01:00,,2.8,4.295,4.295
2023-03-09 18:00:00+01:00,,4.9,8.493,8.493
2023-03-09 19:00:00+01:00,,7.8,14.188,14.188
2023-03-09 20:00:00+01:00,,6.2,11.2745,11.2745
2023-03-09 21:00:00+01:00,,4.8,8.3965,8.3965
2023-03-09 22:00:00+01:00,,5.3,9.623,9.623
2023-03-09 23:00:00+01:00,,9.6,18.1785,18.1785
2023-03-10 00:00:00+01:00,,5.9,10.7905,10.7905
2023-03-10 01:00:00+01:00,,9.3,17.7335,17.939
2023-03-10 02:00:00+01:00,,9.1,17.444,17.582
2023-03-10 03:00:00+01:00,,11.4,21.7895,22.141
2023-03-10 04:00:00+01:00,,4.8,8.636,8.636
2023-03-10 05:00:00+01:00,,1.5,1.9645,1.9645
2023-03-10 06:00:00+01:00,,2.0,2.9955,2.9955
2023-03-10 07:00:00+01:00,,3.8,6.521,6.521
2023-03-10 08:00:00+01:00,,4.8,8.8545,8.8855
2023-03-10 09:00:00+01:00,,5.7,10.875,10.875
2023-03-10 10:00:00+01:00,,5.6,9.897,9.905
2023-03-10 11:00:00+01:00,,4.6,7.8275,7.8275
2023-03-10 12:00:00+01:00,,6.1,10.792,10.792
2023-03-10 13:00:00+01:00,,2.4,3.3495,3.3495
2023-03-10 14:00:00+01:00,,2.2,2.9265,2.9265
2023-03-10 15:00:00+01:00,,2.7,4.136,4.136
2023-03-10 16:00:00+01:00,,5.7,10.2525,10.2525
2023-03-10 17:00:00+01:00,,17.7,32.483999999999995,35.1725
2023-03-10 18:00:00+01:00,,7.6,14.411,14.411
2023-03-10 19:00:00+01:00,,12.3,23.807,24.177
2023-03-10 20:00:00+01:00,,27.3,46.5795,56.899
2023-03-10 21:00:00+01:00,,37.7,58.248000000000005,79.916
2023-03-10 22:00:00+01:00,,34.4,55.849,73.81800000000001
2023-03-10 23:00:00+01:00,,28.9,50.9095,62.375
2023-03-11 00:00:00+01:00,,29.4,52.2605,64.531
2023-03-11 01:00:00+01:00,,27.2,49.764,59.6875
2023-03-11 02:00:00+01:00,,18.1,32.6155,38.843
2023-03-11 03:00:00+01:00,,19.9,38.476,42.8
2023-03-11 04:00:00+01:00,,25.1,47.3685,55.082
2023-03-11 05:00:00+01:00,,23.1,45.1135,50.835
2023-03-11 06:00:00+01:00,,22.6,43.935500000000005,49.4045
2023-03-11 07:00:00+01:00,,22.7,43.008,48.624
2023-03-11 08:00:00+01:00,,36.6,57.1645,77.5935
2023-03-11 09:00:00+01:00,,24.6,43.93,51.2845
2023-03-11 10:00:00+01:00,,10.8,21.49,22.072000000000003
2023-03-11 11:00:00+01:00,,4.3,7.922000000000001,8.167
2023-03-11 12:00:00+01:00,,3.5,6.7615,6.7615
2023-03-11 13:00:00+01:00,,6.0,13.1555,13.157
2023-03-11 14:00:00+01:00,,7.8,16.316,17.066499999999998
2023-03-11 15:00:00+01:00,,8.4,18.087,18.087
2023-03-11 16:00:00+01:00,,6.9,14.2435,14.2435
2023-03-11 17:00:00+01:00,,10.4,22.229,22.2325
2023-03-11 18:00:00+01:00,,16.6,35.429,36.826
2023-03-11 19:00:00+01:00,,51.5,78.2875,115.577
2023-03-11 20:00:00+01:00,,30.8,52.5805,69.0625
2023-03-11 21:00:00+01:00,,12.4,26.646,26.9805
2023-03-11 22:00:00+01:00,,13.9,29.5895,30.599000000000004
2023-03-11 23:00:00+01:00,,14.2,31.1545,31.695
2023-03-12 00:00:00+01:00,,10.4,22.704,22.777
2023-03-12 01:00:00+01:00,,5.7,11.923,11.923
2023-03-12 02:00:00+01:00,,3.5,7.071,7.071
2023-03-12 03:00:00+01:00,,2.9,5.5375,5.5375
2023-03-12 04:00:00+01:00,,3.8,7.561,7.561
2023-03-12 05:00:00+01:00,,2.9,5.6875,5.6875
2023-03-12 06:00:00+01:00,,2.7,5.231999999999999,5.231999999999999
2023-03-12 07:00:00+01:00,,9.6,17.985,21.5585
2023-03-12 08:00:00+01:00,,2.8,4.6795,4.6795
2023-03-12 09:00:00+01:00,,7.1,10.409,13.017
2023-03-12 10:00:00+01:00,,4.9,7.5565,8.3545
2023-03-12 11:00:00+01:00,,3.6,5.6845,5.747
2023-03-12 12:00:00+01:00,,3.1,4.6425,4.6425
2023-03-12 13:00:00+01:00,,2.9,4.706,4.706
2023-03-12 14:00:00+01:00,,2.8,4.5025,4.5025
2023-03-12 15:00:00+01:00,,2.4,3.7985,3.7985
2023-03-12 16:00:00+01:00,,3.7,6.521,6.521
2023-03-12 17:00:00+01:00,,5.1,9.801,9.801
2023-03-12 18:00:00+01:00,,20.2,37.5975,44.6465
2023-03-12 19:00:00+01:00,,36.8,62.034000000000006,84.71600000000001
2023-03-12 20:00:00+01:00,,34.1,60.4935,80.20949999999999
2023-03-12 21:00:00+01:00,,24.1,49.2605,56.7245
2023-03-12 22:00:00+01:00,,17.8,38.2265,41.7475
2023-03-12 23:00:00+01:00,,14.2,31.8075,32.967
2023-03-13 00:00:00+01:00,,10.7,24.428,24.4655
2023-03-13 01:00:00+01:00,,22.7,45.709,54.078500000000005
2023-03-13 02:00:00+01:00,,28.3,55.2515,68.094
2023-03-13 03:00:00+01:00,,35.5,63.554,86.12
2023-03-13 04:00:00+01:00,,10.4,23.2095,23.896
2023-03-13 05:00:00+01:00,,12.1,26.4825,27.864
2023-03-13 06:00:00+01:00,,13.2,30.3995,30.6205
2023-03-13 07:00:00+01:00,,15.6,33.918,35.1305
2023-03-13 08:00:00+01:00,,26.9,45.0945,53.887
2023-03-13 09:00:00+01:00,,23.7,37.5325,43.3555
2023-03-13 10:00:00+01:00,,17.3,28.7995,29.8995
2023-03-13 11:00:00+01:00,,12.6,21.1975,21.321
2023-03-13 12:00:00+01:00,,8.9,15.0765,15.0765
2023-03-13 13:00:00+01:00,,6.4,11.1415,11.1415
2023-03-13 14:00:00+01:00,,5.5,9.556,9.556
2023-03-13 15:00:00+01:00,,5.3,9.217,9.217
2023-03-13 16:00:00+01:00,,3.3,5.1075,5.1075
2023-03-13 17:00:00+01:00,,4.2,6.872,6.872
2023-03-13 18:00:00+01:00,,6.4,11.416,11.416
2023-03-13 19:00:00+01:00,,8.4,15.564,15.564
2023-03-13 20:00:00+01:00,,5.2,9.178,9.178
2023-03-13 21:00:00+01:00,,4.7,8.278500000000001,8.278500000000001
2023-03-13 22:00:00+01:00,,3.6,5.943,5.943
2023-03-13 23:00:00+01:00,,2.6,3.858,3.858
2023-03-14 00:00:00+01:00,,2.5,3.631,3.631
2023-03-14 01:00:00+01:00,,1.7,2.1925,2.1925
2023-03-14 02:00:00+01:00,,1.4,1.6465,1.6465
2023-03-14 03:00:00+01:00,,1.2,1.398,1.398
2023-03-14 04:00:00+01:00,,1.1,1.1805,1.1805
2023-03-14 05:00:00+01:00,,1.0,0.8760000000000001,0.8760000000000001
2023-03-14 06:00:00+01:00,,1.5,1.8025,1.8025
2023-03-14 07:00:00+01:00,,1.6,2.0725,2.0725
2023-03-14 08:00:00+01:00,,2.2,2.968,2.968
2023-03-14 09:00:00+01:00,,2.1,2.857,2.857
2023-03-14 10:00:00+01:00,,1.7,2.1705,2.1705
2023-03-14 11:00:00+01:00,,1.3,1.3135,1.3135
2023-03-14 12:00:00+01:00,,1.1,1.047,1.047
2023-03-14 13:00:00+01:00,,1.2,1.194,1.194
2023-03-14 14:00:00+01:00,,1.5,1.75,1.75
2023-03-14 15:00:00+01:00,,2.1,2.876,2.876
2023-03-14 16:00:00+01:00,,3.6,5.7275,5.7275
2023-03-14 17:00:00+01:00,,3.6,5.775,5.775
2023-03-14 18:00:00+01:00,,2.8,4.214,4.214
2023-03-14 19:00:00+01:00,,2.3,3.3915,3.3915
2023-03-14 20:00:00+01:00,,2.3,3.346,3.346
2023-03-14 21:00:00+01:00,,4.3,7.402,7.402
2023-03-14 22:00:00+01:00,,4.2,7.2415,7.2415
2023-03-14 23:00:00+01:00,,3.3,5.495,5.495
2023-03-15 00:00:00+01:00,,2.8,4.3135,4.3135
2023-03-15 01:00:00+01:00,,2.8,4.315,4.315
2023-03-15 02:00:00+01:00,,2.0,2.8515,2.8515
2023-03-15 03:00:00+01:00,,2.6,4.2245,4.2245
2023-03-15 04:00:00+01:00,,2.2,3.3995,3.3995
2023-03-15 05:00:00+01:00,,1.5,1.8545,1.8545
2023-03-15 06:00:00+01:00,,2.5,3.9655,3.9655
2023-03-15 07:00:00+01:00,,9.4,18.3185,19.47
2023-03-15 08:00:00+01:00,,9.4,18.6865,19.245
2023-03-15 09:00:00+01:00,,7.0,13.8045,13.8045
2023-03-15 10:00:00+01:00,,6.6,11.8045,12.081
2023-03-15 11:00:00+01:00,,3.2,5.3295,5.3295
2023-03-15 12:00:00+01:00,,4.0,6.802,6.802
2023-03-15 13:00:00+01:00,,4.0,6.817,6.817
2023-03-15 14:00:00+01:00,,3.4,5.848,5.848
2023-03-15 15:00:00+01:00,,4.9,9.079,9.0825
2023-03-15 16:00:00+01:00,,4.5,8.186499999999999,8.186499999999999
2023-03-15 17:00:00+01:00,,2.3,3.5055,3.5055
2023-03-15 18:00:00+01:00,,2.9,4.8835,4.8835
2023-03-15 19:00:00+01:00,,5.3,10.569,10.569
2023-03-15 20:00:00+01:00,,16.2,33.3075,35.343
2023-03-15 21:00:00+01:00,,19.1,39.09,41.6515
2023-03-15 22:00:00+01:00,,11.8,24.8735,24.939
2023-03-15 23:00:00+01:00,,9.7,20.299,20.2995
2023-03-16 00:00:00+01:00,,8.6,18.3235,18.3235
2023-03-16 01:00:00+01:00,,4.9,9.84,9.84
2023-03-16 02:00:00+01:00,,5.2,10.6735,10.6735
2023-03-16 03:00:00+01:00,,4.3,8.5315,8.5315
2023-03-16 04:00:00+01:00,,3.8,7.7175,7.7175
2023-03-16 05:00:00+01:00,,5.8,12.572,12.572
2023-03-16 06:00:00+01:00,,9.9,22.8625,22.902
2023-03-16 07:00:00+01:00,,11.4,24.203,24.24
2023-03-16 08:00:00+01:00,,8.1,14.2225,14.2225
2023-03-16 09:00:00+01:00,,6.3,10.645499999999998,10.645499999999998
2023-03-16 10:00:00+01:00,,6.3,10.5715,10.5715
2023-03-16 11:00:00+01:00,,6.3,10.825,10.829
2023-03-16 12:00:00+01:00,,8.4,15.224,15.8785
2023-03-16 13:00:00+01:00,,6.3,11.889,12.3825
2023-03-16 14:00:00+01:00,,6.9,12.0145,13.2755
2023-03-16 15:00:00+01:00,,8.9,17.167,17.8125
2023-03-16 16:00:00+01:00,,4.7,8.569,8.57
2023-03-16 17:00:00+01:00,,4.2,7.628,7.628
2023-03-16 18:00:00+01:00,,8.3,16.969,16.977
2023-03-16 19:00:00+01:00,,30.3,53.1875,68.74
2023-03-16 20:00:00+01:00,,55.1,85.4145,128.061
2023-03-16 21:00:00+01:00,,32.3,58.7725,76.3575
2023-03-16 22:00:00+01:00,,25.0,51.4395,59.9405
2023-03-16 23:00:00+01:00,,18.8,42.152,44.6295
2023-03-17 00:00:00+01:00,,12.6,28.297,28.3525
2023-03-17 01:00:00+01:00,,10.3,22.797,22.797
2023-03-17 02:00:00+01:00,,8.5,18.5735,18.5735
2023-03-17 03:00:00+01:00,,6.5,15.637,15.637
2023-03-17 04:00:00+01:00,,7.0,17.079,17.079
2023-03-17 05:00:00+01:00,,7.3,17.9225,17.9225
2023-03-17 06:00:00+01:00,,12.8,32.713,32.9575
2023-03-17 07:00:00+01:00,,14.8,34.9135,36.1945
2023-03-17 08:00:00+01:00,,14.3,28.874,28.9215
2023-03-17 09:00:00+01:00,,25.3,37.873000000000005,44.25
2023-03-17 10:00:00+01:00,,16.8,28.0325,28.657
2023-03-17 11:00:00+01:00,,10.2,16.860500000000002,17.0195
2023-03-17 12:00:00+01:00,,3.7,5.7355,5.7355
2023-03-17 13:00:00+01:00,,3.7,6.4045000000000005,6.4045000000000005
2023-03-17 14:00:00+01:00,,6.7,11.9315,12.529
2023-03-17 15:00:00+01:00,,6.4,11.939,11.939
2023-03-17 16:00:00+01:00,,7.1,13.458,13.458
2023-03-17 17:00:00+01:00,,9.3,18.454,18.454
2023-03-17 18:00:00+01:00,,14.8,28.915,30.464
2023-03-17 19:00:00+01:00,,35.5,58.102,77.9665
2023-03-17 20:00:00+01:00,,36.7,60.617,82.572
2023-03-17 21:00:00+01:00,,60.9,93.7215,140.6255
2023-03-17 22:00:00+01:00,,44.0,71.87049999999999,103.1315
2023-03-17 23:00:00+01:00,,31.1,57.2845,73.447
2023-03-18 00:00:00+01:00,,23.0,48.375,54.412
2023-03-18 01:00:00+01:00,,18.8,42.255,44.7645
2023-03-18 02:00:00+01:00,,16.2,37.6275,38.5975
2023-03-18 03:00:00+01:00,,20.1,44.2375,47.945
2023-03-18 04:00:00+01:00,,16.1,37.448,38.4525
2023-03-18 05:00:00+01:00,,19.2,42.912000000000006,45.9885
2023-03-18 06:00:00+01:00,,23.2,49.023,55.5805
2023-03-18 07:00:00+01:00,,24.8,47.1535,54.334500000000006
2023-03-18 08:00:00+01:00,,29.5,45.785,57.2205
2023-03-18 09:00:00+01:00,,25.3,39.027,45.5085
2023-03-18 10:00:00+01:00,,22.3,34.3485,38.57
2023-03-18 11:00:00+01:00,,16.1,26.909,27.433
2023-03-18 12:00:00+01:00,,12.1,20.6225,20.651
2023-03-18 13:00:00+01:00,,8.5,15.490000000000002,15.490000000000002
2023-03-18 14:00:00+01:00,,9.2,16.942999999999998,16.942999999999998
2023-03-18 15:00:00+01:00,,9.6,17.706,17.7825
2023-03-18 16:00:00+01:00,,13.9,24.5045,26.438
2023-03-18 17:00:00+01:00,,11.4,21.5315,21.567
2023-03-18 18:00:00+01:00,,21.6,37.718,43.2025
2023-03-18 19:00:00+01:00,,47.5,70.5655,100.187
2023-03-18 20:00:00+01:00,,93.5,133.397,201.5915
2023-03-18 21:00:00+01:00,,78.1,113.767,172.10500000000002
2023-03-18 22:00:00+01:00,,54.6,81.4195,121.741
2023-03-18 23:00:00+01:00,,31.9,55.6605,71.2385
2023-03-19 00:00:00+01:00,,24.7,48.436,55.747
2023-03-19 01:00:00+01:00,,21.2,44.696,48.9315
2023-03-19 02:00:00+01:00,,18.0,39.638000000000005,41.414
2023-03-19 03:00:00+01:00,,16.8,37.84,39.0945
2023-03-19 04:00:00+01:00,,15.3,34.942499999999995,35.46
2023-03-19 05:00:00+01:00,,26.0,52.095,61.736
2023-03-19 06:00:00+01:00,,17.5,38.925,40.7505
2023-03-19 07:00:00+01:00,,26.8,47.669,56.7905
2023-03-19 08:00:00+01:00,,27.1,43.9275,52.692
2023-03-19 09:00:00+01:00,,32.6,47.6295,62.653000000000006
2023-03-19 10:00:00+01:00,,19.2,31.611,34.408500000000004
2023-03-19 11:00:00+01:00,,12.9,21.8745,21.904
2023-03-19 12:00:00+01:00,,11.0,18.763,18.763
2023-03-19 13:00:00+01:00,,10.1,18.008000000000003,18.008000000000003
2023-03-19 14:00:00+01:00,,10.9,19.428,19.428
2023-03-19 15:00:00+01:00,,12.5,22.4985,22.5695
2023-03-19 16:00:00+01:00,,20.5,35.1175,38.1335
2023-03-19 17:00:00+01:00,,29.9,45.618,56.772
2023-03-19 18:00:00+01:00,,48.4,64.574,94.4345
2023-03-19 19:00:00+01:00,,47.4,64.02,93.811
2023-03-19 20:00:00+01:00,,37.0,54.6505,74.65700000000001
2023-03-19 21:00:00+01:00,,42.1,61.706,85.41900000000001
2023-03-19 22:00:00+01:00,,36.3,55.551,74.5265
2023-03-19 23:00:00+01:00,,26.6,46.527,55.1405
2023-03-20 00:00:00+01:00,,21.2,40.0325,43.8645
2023-03-20 01:00:00+01:00,,16.5,33.258,34.306
2023-03-20 02:00:00+01:00,,13.6,28.07,28.1365
2023-03-20 03:00:00+01:00,,11.5,23.741,23.7435
2023-03-20 04:00:00+01:00,,11.3,23.0685,23.0695
2023-03-20 05:00:00+01:00,,11.3,23.4145,23.4285
2023-03-20 06:00:00+01:00,,14.5,30.0485,30.649500000000003
2023-03-20 07:00:00+01:00,,17.7,34.401,36.3515
2023-03-20 08:00:00+01:00,,14.1,25.996,26.6505
2023-03-20 09:00:00+01:00,,17.8,30.278,33.035000000000004
2023-03-20 10:00:00+01:00,,20.8,32.6235,37.3595
2023-03-20 11:00:00+01:00,,7.4,12.372,12.383
2023-03-20 12:00:00+01:00,,5.7,9.2535,9.2535
2023-03-20 13:00:00+01:00,,4.1,6.6850000000000005,6.6850000000000005
2023-03-20 14:00:00+01:00,,7.1,12.0575,12.603
2023-03-20 15:00:00+01:00,,5.8,10.024,10.15
2023-03-20 16:00:00+01:00,,5.0,8.588999999999999,8.588999999999999
2023-03-20 17:00:00+01:00,,5.0,8.774000000000001,8.774000000000001
2023-03-20 18:00:00+01:00,,15.3,27.803,29.6145
2023-03-20 19:00:00+01:00,,17.1,31.853500000000004,33.08
2023-03-20 20:00:00+01:00,,10.4,19.4095,19.4145
2023-03-20 21:00:00+01:00,,9.4,17.983,17.983
2023-03-20 22:00:00+01:00,,7.9,15.0585,15.0585
2023-03-20 23:00:00+01:00,,7.2,13.551,13.551
2023-03-21 00:00:00+01:00,,9.5,18.7385,18.7385
2023-03-21 01:00:00+01:00,,8.7,17.085,17.085
2023-03-21 02:00:00+01:00,,13.3,26.4815,26.8735
2023-03-21 03:00:00+01:00,,8.3,16.2575,16.258499999999998
2023-03-21 04:00:00+01:00,,6.4,12.361,12.361
2023-03-21 05:00:00+01:00,,6.6,12.8765,12.8765
2023-03-21 06:00:00+01:00,,7.2,14.1675,14.1675
2023-03-21 07:00:00+01:00,,11.4,22.798,22.8075
2023-03-21 08:00:00+01:00,,14.2,27.0485,27.392
2023-03-21 09:00:00+01:00,,24.1,41.398,47.5545
2023-03-21 10:00:00+01:00,,25.1,41.0795,49.2565
2023-03-21 11:00:00+01:00,,12.0,22.178,22.2115
2023-03-21 12:00:00+01:00,,17.5,30.825000000000003,31.914
2023-03-21 13:00:00+01:00,,16.2,28.7315,29.2735
2023-03-21 14:00:00+01:00,,16.4,27.8025,30.0375
2023-03-21 15:00:00+01:00,,7.9,14.0685,14.0715
2023-03-21 16:00:00+01:00,,7.4,13.381,13.381
2023-03-21 17:00:00+01:00,,16.4,26.7515,31.1845
2023-03-21 18:00:00+01:00,,33.2,50.4935,65.447
2023-03-21 19:00:00+01:00,,41.3,60.2795,84.389
2023-03-21 20:00:00+01:00,,31.9,51.833,66.181
2023-03-21 21:00:00+01:00,,21.7,41.108,45.214
2023-03-21 22:00:00+01:00,,16.8,34.146,35.331999999999994
2023-03-21 23:00:00+01:00,,14.9,30.951,31.347500000000004
2023-03-22 00:00:00+01:00,,12.8,26.8845,26.969
2023-03-22 01:00:00+01:00,,11.4,24.206,24.2085
2023-03-22 02:00:00+01:00,,10.5,22.424,22.4425
2023-03-22 03:00:00+01:00,,11.1,24.332,24.408
2023-03-22 04:00:00+01:00,,12.1,26.3835,26.4465
2023-03-22 05:00:00+01:00,,11.9,25.591500000000003,25.77
2023-03-22 06:00:00+01:00,,12.9,27.6205,27.71
2023-03-22 07:00:00+01:00,,22.3,41.8005,47.6935
2023-03-22 08:00:00+01:00,,18.3,34.8395,36.6745
2023-03-22 09:00:00+01:00,,17.4,31.8375,33.1285
2023-03-22 10:00:00+01:00,,17.0,28.923,30.1265
2023-03-22 11:00:00+01:00,,7.1,11.648,11.654
2023-03-22 12:00:00+01:00,,6.3,10.4875,10.4875
2023-03-22 13:00:00+01:00,,6.5,11.4035,11.4035
2023-03-22 14:00:00+01:00,,5.5,9.341,9.341
2023-03-22 15:00:00+01:00,,4.5,7.741,7.741
2023-03-22 16:00:00+01:00,,4.3,7.2805,7.2805
2023-03-22 17:00:00+01:00,,4.5,7.6775,7.6775
2023-03-22 18:00:00+01:00,,16.6,29.9735,31.873
2023-03-22 19:00:00+01:00,,38.7,56.1625,77.491
2023-03-22 20:00:00+01:00,,40.1,58.951,81.968
2023-03-22 21:00:00+01:00,,26.5,45.9525,54.3345
2023-03-22 22:00:00+01:00,,23.7,42.5565,48.868
2023-03-22 23:00:00+01:00,,13.2,26.807,27.2575
2023-03-23 00:00:00+01:00,,10.7,21.9625,21.9735
2023-03-23 01:00:00+01:00,,17.6,33.3565,37.38
2023-03-23 02:00:00+01:00,,15.1,29.3615,32.1415
2023-03-23 03:00:00+01:00,,10.7,22.6355,22.6705
2023-03-23 04:00:00+01:00,,13.2,28.137,28.3275
2023-03-23 05:00:00+01:00,,15.1,32.355,32.8895
2023-03-23 06:00:00+01:00,,20.3,40.9965,44.259
2023-03-23 07:00:00+01:00,,20.1,36.3655,39.129
2023-03-23 08:00:00+01:00,,14.5,25.856,26.238
2023-03-23 09:00:00+01:00,,10.0,17.274,17.274
2023-03-23 10:00:00+01:00,,7.4,12.5925,12.5925
2023-03-23 11:00:00+01:00,,5.2,8.4825,8.483
2023-03-23 12:00:00+01:00,,3.7,5.665,5.665
2023-03-23 13:00:00+01:00,,19.2,25.926,34.396
2023-03-23 14:00:00+01:00,,8.2,13.2225,14.561
2023-03-23 15:00:00+01:00,,4.9,8.031,8.0485
2023-03-23 16:00:00+01:00,,8.3,14.4855,14.4855
2023-03-23 17:00:00+01:00,,8.9,15.6415,15.8405
2023-03-23 18:00:00+01:00,,25.5,40.918,48.01
2023-03-23 19:00:00+01:00,,36.8,52.464,71.338
2023-03-23 20:00:00+01:00,,41.2,57.6115,81.187
2023-03-23 21:00:00+01:00,,29.5,47.4645,58.7835
2023-03-23 22:00:00+01:00,,20.3,37.86,40.8355
2023-03-23 23:00:00+01:00,,15.3,30.1435,30.7505
2023-03-24 00:00:00+01:00,,11.7,23.2825,23.2825
2023-03-24 01:00:00+01:00,,10.2,20.481,20.481
2023-03-24 02:00:00+01:00,,9.1,18.134500000000003,18.134500000000003
2023-03-24 03:00:00+01:00,,9.4,18.936,18.936
2023-03-24 04:00:00+01:00,,8.8,17.7455,17.7455
2023-03-24 05:00:00+01:00,,11.2,23.107,23.1445
2023-03-24 06:00:00+01:00,,19.1,36.915000000000006,40.056
2023-03-24 07:00:00+01:00,,21.5,37.435,41.4375
2023-03-24 08:00:00+01:00,,14.6,24.55,25.5555
2023-03-24 09:00:00+01:00,,4.0,6.080500000000001,6.080500000000001
2023-03-24 10:00:00+01:00,,3.5,5.245,5.245
2023-03-24 11:00:00+01:00,,3.2,4.737500000000001,4.737500000000001
2023-03-24 12:00:00+01:00,,2.6,3.653,3.653
2023-03-24 13:00:00+01:00,,2.9,4.359999999999999,4.359999999999999
2023-03-24 14:00:00+01:00,,2.9,4.33,4.33
2023-03-24 15:00:00+01:00,,3.3,5.0635,5.0635
2023-03-24 16:00:00+01:00,,4.1,6.586,6.586
2023-03-24 17:00:00+01:00,,4.5,7.442500000000001,7.442500000000001
2023-03-24 18:00:00+01:00,,4.9,8.324,8.324
2023-03-24 19:00:00+01:00,,4.8,8.24,8.24
2023-03-24 20:00:00+01:00,,5.0,8.596,8.596
2023-03-24 21:00:00+01:00,,4.1,6.7585,6.7585
2023-03-24 22:00:00+01:00,,4.2,7.197,7.197
2023-03-24 23:00:00+01:00,,4.1,6.997999999999999,6.997999999999999
2023-03-25 00:00:00+01:00,,4.4,7.6015,7.6015
2023-03-25 01:00:00+01:00,,4.6,8.0465,8.0465
2023-03-25 02:00:00+01:00,,8.2,14.9655,14.976
2023-03-25 03:00:00+01:00,,10.1,18.8045,18.807
2023-03-25 04:00:00+01:00,,9.5,17.8265,17.976
2023-03-25 05:00:00+01:00,,11.9,23.087,23.1085
2023-03-25 06:00:00+01:00,,12.6,24.047,24.1845
2023-03-25 07:00:00+01:00,,9.2,17.1945,17.541
2023-03-25 08:00:00+01:00,,8.5,16.0195,16.044
2023-03-25 09:00:00+01:00,,7.7,13.985,13.988
2023-03-25 10:00:00+01:00,,12.0,21.7055,21.7345
2023-03-25 11:00:00+01:00,,18.5,31.708,34.515
2023-03-25 12:00:00+01:00,,16.6,28.236,31.081
2023-03-25 13:00:00+01:00,,11.0,20.1055,20.1055
2023-03-25 14:00:00+01:00,,8.3,14.8765,14.8765
2023-03-25 15:00:00+01:00,,8.3,14.2955,15.1505
2023-03-25 16:00:00+01:00,,3.6,6.1995000000000005,6.1995000000000005
2023-03-25 17:00:00+01:00,,3.4,5.807,5.807
2023-03-25 18:00:00+01:00,,2.9,4.7395,4.7395
2023-03-25 19:00:00+01:00,,8.8,17.311,17.87
2023-03-25 20:00:00+01:00,,24.7,45.525,53.2795
2023-03-25 21:00:00+01:00,,32.4,54.8355,70.896
2023-03-25 22:00:00+01:00,,39.9,63.397000000000006,89.06049999999999
2023-03-25 23:00:00+01:00,,37.8,61.322,84.2565
2023-03-26 00:00:00+01:00,,24.3,46.434,54.1
2023-03-26 01:00:00+01:00,,19.9,41.31,44.531000000000006
2023-03-26 02:00:00+01:00,,15.9,34.319,35.42
2023-03-26 03:00:00+01:00,,13.3,29.1865,29.4325
2023-03-26 04:00:00+01:00,,12.0,25.753,26.276000000000003
2023-03-26 05:00:00+01:00,,8.2,17.646,17.646
2023-03-26 06:00:00+01:00,,10.6,22.471,22.897
2023-03-26 07:00:00+01:00,,16.1,32.893,34.13849999999999
2023-03-26 08:00:00+01:00,,10.2,18.9735,18.9735
2023-03-26 09:00:00+01:00,,10.7,19.263,19.263
2023-03-26 10:00:00+01:00,,11.4,19.256,19.473
2023-03-26 11:00:00+01:00,,5.4,8.558499999999999,8.558499999999999
2023-03-26 12:00:00+01:00,,4.0,6.206,6.206
2023-03-26 13:00:00+01:00,,4.2,6.648,6.648
2023-03-26 14:00:00+01:00,,3.9,6.1595,6.1595
2023-03-26 15:00:00+01:00,,3.2,4.8595,4.8595
2023-03-26 16:00:00+01:00,,2.3,3.3005,3.3005
2023-03-26 17:00:00+01:00,,2.4,3.3485,3.3485
2023-03-26 18:00:00+01:00,,3.1,4.9495000000000005,4.9495000000000005
2023-03-26 19:00:00+01:00,,4.2,7.061999999999999,7.0655
2023-03-26 20:00:00+01:00,,6.4,11.4945,11.4945
2023-03-26 21:00:00+01:00,,4.2,7.0865,7.0865
2023-03-26 22:00:00+01:00,,3.6,5.9865,5.9865
2023-03-26 23:00:00+01:00,,3.5,5.859999999999999,5.859999999999999
2023-03-27 00:00:00+01:00,,3.9,6.679,6.679
2023-03-27 01:00:00+01:00,,4.3,7.306999999999999,7.306999999999999
2023-03-27 02:00:00+01:00,,2.9,4.734999999999999,4.734999999999999
2023-03-27 03:00:00+01:00,,2.0,2.724,2.724
2023-03-27 04:00:00+01:00,,2.7,4.3785,4.3785
2023-03-27 05:00:00+01:00,,7.5,14.9175,14.9175
2023-03-27 06:00:00+01:00,,11.5,22.3075,23.398
2023-03-27 07:00:00+01:00,,1.9,2.8065,2.8075
2023-03-27 08:00:00+01:00,,2.8,4.7555,4.7555
2023-03-27 09:00:00+01:00,,2.0,3.13,3.13
2023-03-27 10:00:00+01:00,,2.5,4.112,4.112
2023-03-27 11:00:00+01:00,,2.4,3.868,3.868
2023-03-27 12:00:00+01:00,,2.4,3.743,3.743
2023-03-27 13:00:00+01:00,,3.6,6.218,6.218
2023-03-27 14:00:00+01:00,,6.3,11.8195,11.8195
2023-03-27 15:00:00+01:00,,6.2,11.5,11.5
2023-03-27 16:00:00+01:00,,4.1,7.2925,7.2925
2023-03-27 17:00:00+01:00,,6.9,14.0245,14.0245
2023-03-27 18:00:00+01:00,,11.7,24.911,25.067
2023-03-27 19:00:00+01:00,,11.9,25.118,25.308
2023-03-27 20:00:00+01:00,,8.5,17.686999999999998,17.686999999999998
2023-03-27 21:00:00+01:00,,5.0,9.7085,9.7085
2023-03-27 22:00:00+01:00,,5.0,9.9325,9.9325
2023-03-27 23:00:00+01:00,,3.6,6.6585,6.6585
2023-03-28 00:00:00+01:00,,3.3,5.9585,5.9585
2023-03-28 01:00:00+01:00,,4.6,9.2065,9.2065
2023-03-28 02:00:00+01:00,,3.1,5.82,5.82
2023-03-28 03:00:00+01:00,,2.3,3.959,3.959
2023-03-28 04:00:00+01:00,,2.7,5.001,5.001
2023-03-28 05:00:00+01:00,,6.1,12.751,12.751
2023-03-28 06:00:00+01:00,,8.9,19.625,19.6445
2023-03-28 07:00:00+01:00,,11.1,23.739,23.8825
2023-03-28 08:00:00+01:00,,11.1,21.248,21.5465
2023-03-28 09:00:00+01:00,,4.2,6.773999999999999,6.773999999999999
2023-03-28 10:00:00+01:00,,6.0,9.2235,10.3105
2023-03-28 11:00:00+01:00,,2.4,3.426,3.426
2023-03-28 12:00:00+01:00,,2.2,3.1575,3.1575
2023-03-28 13:00:00+01:00,,2.6,4.2425,4.2425
2023-03-28 14:00:00+01:00,,4.9,9.088,9.125
2023-03-28 15:00:00+01:00,,2.9,4.9255,4.952
2023-03-28 16:00:00+01:00,,2.3,3.504,3.504
2023-03-28 17:00:00+01:00,,2.6,4.187,4.187
2023-03-28 18:00:00+01:00,,6.9,13.743,13.743
2023-03-28 19:00:00+01:00,,22.7,43.6845,51.198
2023-03-28 20:00:00+01:00,,28.7,53.802,66.608
2023-03-28 21:00:00+01:00,,26.1,50.0475,61.3925
2023-03-28 22:00:00+01:00,,16.8,36.802,39.008
2023-03-28 23:00:00+01:00,,10.6,22.9845,23.0775
2023-03-29 00:00:00+01:00,,6.0,14.3535,14.3535
2023-03-29 01:00:00+01:00,,5.2,12.4185,12.4185
2023-03-29 02:00:00+01:00,,4.5,10.628,10.628
2023-03-29 03:00:00+01:00,,4.0,9.2665,9.2665
2023-03-29 04:00:00+01:00,,4.5,10.643,10.643
2023-03-29 05:00:00+01:00,,7.6,19.2135,19.2135
2023-03-29 06:00:00+01:00,,14.6,36.081500000000005,38.213
2023-03-29 07:00:00+01:00,,18.0,40.9675,47.6035
2023-03-29 08:00:00+01:00,,11.3,28.0605,28.205
2023-03-29 09:00:00+01:00,,17.5,38.8175,42.7425
2023-03-29 10:00:00+01:00,,11.3,26.492,26.5285
2023-03-29 11:00:00+01:00,,11.1,24.6655,24.6655
2023-03-29 12:00:00+01:00,,11.0,23.022,23.022
2023-03-29 13:00:00+01:00,,10.7,22.7725,22.838
2023-03-29 14:00:00+01:00,,5.4,10.829,10.829
2023-03-29 15:00:00+01:00,,5.2,10.5005,10.5005
2023-03-29 16:00:00+01:00,,6.8,14.25,14.25
2023-03-29 17:00:00+01:00,,7.5,16.134999999999998,16.134999999999998
2023-03-29 18:00:00+01:00,,12.9,28.179,28.9115
2023-03-29 19:00:00+01:00,,4.6,9.3175,9.3175
2023-03-29 20:00:00+01:00,,3.2,5.9795,5.9795
2023-03-29 21:00:00+01:00,,1.9,2.861,2.861
2023-03-29 22:00:00+01:00,,23.7,47.1475,57.046
2023-03-29 23:00:00+01:00,,40.1,70.828,100.9745
2023-03-30 00:00:00+01:00,,33.3,64.8535,85.131
2023-03-30 01:00:00+01:00,,26.2,56.3355,66.9005
2023-03-30 02:00:00+01:00,,24.8,54.473,63.044
2023-03-30 03:00:00+01:00,,31.9,62.546,82.388
2023-03-30 04:00:00+01:00,,18.9,44.7235,48.746
2023-03-30 05:00:00+01:00,,16.0,39.4945,40.292
2023-03-30 06:00:00+01:00,,26.0,54.3655,64.1385
2023-03-30 07:00:00+01:00,,22.8,43.6995,51.518
2023-03-30 08:00:00+01:00,,7.1,13.0715,13.076
2023-03-30 09:00:00+01:00,,3.2,4.7940000000000005,4.7940000000000005
2023-03-30 10:00:00+01:00,,3.0,4.1655,4.1655
2023-03-30 11:00:00+01:00,,2.5,3.3655,3.3655
2023-03-30 12:00:00+01:00,,2.3,3.241,3.241
2023-03-30 13:00:00+01:00,,2.3,3.246,3.246
2023-03-30 14:00:00+01:00,,2.4,3.4385,3.4385
2023-03-30 15:00:00+01:00,,3.0,4.4655000000000005,4.4655000000000005
2023-03-30 16:00:00+01:00,,3.3,5.115,5.115
2023-03-30 17:00:00+01:00,,3.0,4.71,4.71
2023-03-30 18:00:00+01:00,,3.5,5.874499999999999,5.874499999999999
2023-03-30 19:00:00+01:00,,3.3,5.391500000000001,5.391500000000001
2023-03-30 20:00:00+01:00,,3.5,5.8075,5.8075
2023-03-30 21:00:00+01:00,,4.6,8.0235,8.0235
2023-03-30 22:00:00+01:00,,2.8,4.4985,4.4985
2023-03-30 23:00:00+01:00,,2.3,3.33,3.33
2023-03-31 00:00:00+01:00,,2.1,3.0345000000000004,3.0345000000000004
2023-03-31 01:00:00+01:00,,2.2,3.127,3.127
2023-03-31 02:00:00+01:00,,2.8,4.397,4.397
2023-03-31 03:00:00+01:00,,3.9,6.729,6.729
2023-03-31 04:00:00+01:00,,9.4,17.9195,17.921
2023-03-31 05:00:00+01:00,,7.1,13.6305,13.6305
2023-03-31 06:00:00+01:00,,8.8,16.8745,16.9075
2023-03-31 07:00:00+01:00,,6.8,12.5055,12.602
2023-03-31 08:00:00+01:00,,4.1,6.718,6.718
2023-03-31 09:00:00+01:00,,3.1,4.723,4.723
2023-03-31 10:00:00+01:00,,2.8,3.988,3.988
2023-03-31 11:00:00+01:00,,2.5,3.4595,3.4595
2023-03-31 12:00:00+01:00,,2.5,3.4965,3.4965
2023-03-31 13:00:00+01:00,,2.9,4.3335,4.3335
2023-03-31 14:00:00+01:00,,4.1,6.6745,6.7115
2023-03-31 15:00:00+01:00,,3.3,5.212,5.212
2023-03-31 16:00:00+01:00,,3.6,5.7780000000000005,5.7780000000000005
2023-03-31 17:00:00+01:00,,4.5,7.6515,7.6515
2023-03-31 18:00:00+01:00,,5.7,10.23,10.23
2023-03-31 19:00:00+01:00,,4.6,8.0615,8.0615
2023-03-31 20:00:00+01:00,,4.8,8.6485,8.6485
2023-03-31 21:00:00+01:00,,3.6,6.0,6.0
2023-03-31 22:00:00+01:00,,2.6,4.1375,4.1375
2023-03-31 23:00:00+01:00,,2.5,3.8955,3.8955
2023-04-01 00:00:00+01:00,,2.9,4.8135,4.8135
2023-04-01 01:00:00+01:00,,4.9,9.169,9.169
2023-04-01 02:00:00+01:00,,4.6,8.539,8.539
2023-04-01 03:00:00+01:00,,3.7,6.526,6.526
2023-04-01 04:00:00+01:00,,1.9,2.665,2.665
2023-04-01 05:00:00+01:00,,0.8,0.647,0.647
2023-04-01 06:00:00+01:00,,2.1,3.064,3.064
2023-04-01 07:00:00+01:00,,6.6,12.7495,12.934
2023-04-01 08:00:00+01:00,,3.2,5.528499999999999,5.528499999999999
2023-04-01 09:00:00+01:00,,2.7,4.5085,4.5085
2023-04-01 10:00:00+01:00,,3.0,4.992,4.992
2023-04-01 11:00:00+01:00,,1.9,2.4375,2.4375
2023-04-01 12:00:00+01:00,,1.5,1.6,1.6
2023-04-01 13:00:00+01:00,,1.6,1.995,1.995
2023-04-01 14:00:00+01:00,,1.5,1.8915,1.9495
2023-04-01 15:00:00+01:00,,1.8,2.446,2.446
2023-04-01 16:00:00+01:00,,2.9,4.7035,4.7035
2023-04-01 17:00:00+01:00,,2.0,2.835,2.835
2023-04-01 18:00:00+01:00,,3.5,6.1035,6.1035
2023-04-01 19:00:00+01:00,,5.2,9.536,9.565
2023-04-01 20:00:00+01:00,,12.4,24.459,25.148
2023-04-01 21:00:00+01:00,,13.4,26.8445,27.3755
2023-04-01 22:00:00+01:00,,17.7,33.809,37.531000000000006
2023-04-01 23:00:00+01:00,,34.6,56.5785,75.0365
2023-04-02 00:00:00+01:00,,31.9,54.3755,69.658
2023-04-02 01:00:00+01:00,,17.4,32.5275,38.2415
2023-04-02 02:00:00+01:00,,19.0,39.1995,42.3155
2023-04-02 03:00:00+01:00,,11.6,25.0945,25.134500000000003
2023-04-02 04:00:00+01:00,,10.6,23.242,23.242
2023-04-02 05:00:00+01:00,,9.7,21.098,21.107
2023-04-02 06:00:00+01:00,,12.3,26.231,26.3
2023-04-02 07:00:00+01:00,,9.7,17.9055,17.938000000000002
2023-04-02 08:00:00+01:00,,7.0,12.178,12.178
2023-04-02 09:00:00+01:00,,7.0,11.61,11.61
2023-04-02 10:00:00+01:00,,3.7,5.6365,5.6365
2023-04-02 11:00:00+01:00,,2.0,2.3915,2.3915
2023-04-02 12:00:00+01:00,,2.6,3.7605,3.7605
2023-04-02 13:00:00+01:00,,2.2,3.0645,3.0645
2023-04-02 14:00:00+01:00,,1.7,2.098,2.098
2023-04-02 15:00:00+01:00,,1.5,1.747,1.747
2023-04-02 16:00:00+01:00,,1.6,2.0635,2.0635
2023-04-02 17:00:00+01:00,,3.9,6.673500000000001,6.673500000000001
2023-04-02 18:00:00+01:00,,5.0,9.089,9.089
2023-04-02 19:00:00+01:00,,6.9,12.981,13.006
2023-04-02 20:00:00+01:00,,13.0,25.95,26.3115
2023-04-02 21:00:00+01:00,,13.0,24.261,26.0785
2023-04-02 22:00:00+01:00,,1.8,2.3785,2.3785
2023-04-02 23:00:00+01:00,,2.9,4.657,4.657
2023-04-03 00:00:00+01:00,,3.6,6.202500000000001,6.202500000000001
2023-04-03 01:00:00+01:00,,4.2,7.6625,7.6625
2023-04-03 02:00:00+01:00,,5.3,10.334,10.334
2023-04-03 03:00:00+01:00,,5.5,10.472,10.472
2023-04-03 04:00:00+01:00,,5.1,9.655,9.655
2023-04-03 05:00:00+01:00,,5.4,10.4725,10.4725
2023-04-03 06:00:00+01:00,,8.6,17.5795,17.6125
2023-04-03 07:00:00+01:00,,10.7,22.343,22.3845
2023-04-03 08:00:00+01:00,,8.4,17.128,17.128
2023-04-03 09:00:00+01:00,,6.6,13.235,13.235
2023-04-03 10:00:00+01:00,,9.9,19.9675,20.769
2023-04-03 11:00:00+01:00,,7.5,15.136499999999998,15.136499999999998
2023-04-03 12:00:00+01:00,,8.2,16.5435,16.5435
2023-04-03 13:00:00+01:00,,10.6,21.8735,22.228
2023-04-03 14:00:00+01:00,,13.5,27.7145,28.071
2023-04-03 15:00:00+01:00,,15.3,31.947,32.5175
2023-04-03 16:00:00+01:00,,13.8,30.1065,30.298
2023-04-03 17:00:00+01:00,,18.9,38.6455,41.6135
2023-04-03 18:00:00+01:00,,29.0,52.1225,64.0985
2023-04-03 19:00:00+01:00,,18.1,33.296,38.8975
2023-04-03 20:00:00+01:00,,8.9,18.235,18.235
2023-04-03 21:00:00+01:00,,8.5,17.569,17.569
2023-04-03 22:00:00+01:00,,7.4,15.375,15.375
2023-04-03 23:00:00+01:00,,5.4,11.056,11.056
2023-04-04 00:00:00+01:00,,4.3,8.61,8.61
2023-04-04 01:00:00+01:00,,4.0,7.970000000000001,7.970000000000001
2023-04-04 02:00:00+01:00,,4.0,8.08,8.08
2023-04-04 03:00:00+01:00,,4.9,10.4625,10.4625
2023-04-04 04:00:00+01:00,,5.8,12.38,12.38
2023-04-04 05:00:00+01:00,,7.4,16.0765,16.0765
2023-04-04 06:00:00+01:00,,10.2,23.02,23.0205
2023-04-04 07:00:00+01:00,,12.7,28.379,28.5315
2023-04-04 08:00:00+01:00,,8.5,17.409,17.4215
2023-04-04 09:00:00+01:00,,8.2,16.5415,16.5455
2023-04-04 10:00:00+01:00,,7.4,14.7385,14.762
2023-04-04 11:00:00+01:00,,8.2,15.983,16.2055
2023-04-04 12:00:00+01:00,,8.6,16.78,16.9345
2023-04-04 13:00:00+01:00,,8.8,17.7875,17.7915
2023-04-04 14:00:00+01:00,,8.2,16.875500000000002,16.8795
2023-04-04 15:00:00+01:00,,8.1,16.7795,16.7795
2023-04-04 16:00:00+01:00,,9.4,20.2175,20.2175
2023-04-04 17:00:00+01:00,,11.0,23.755,23.7595
2023-04-04 18:00:00+01:00,,11.4,24.7335,24.7345
2023-04-04 19:00:00+01:00,,11.1,24.1785,24.179
2023-04-04 20:00:00+01:00,,11.4,24.891,25.0145
2023-04-04 21:00:00+01:00,,15.8,35.438,36.247
2023-04-04 22:00:00+01:00,,17.5,38.749,40.572
2023-04-04 23:00:00+01:00,,17.9,39.246,41.069
2023-04-05 00:00:00+01:00,,14.1,31.1595,31.328000000000003
2023-04-05 01:00:00+01:00,,14.7,32.4055,32.8905
2023-04-05 02:00:00+01:00,,15.6,34.443,35.2345
2023-04-05 03:00:00+01:00,,13.2,29.677,29.769
2023-04-05 04:00:00+01:00,,10.2,22.3,22.3
2023-04-05 05:00:00+01:00,,10.7,23.3095,23.3095
2023-04-05 06:00:00+01:00,,12.9,28.7365,28.9105
2023-04-05 07:00:00+01:00,,19.4,39.6425,44.1015
2023-04-05 08:00:00+01:00,,19.3,39.057500000000005,43.571
2023-04-05 09:00:00+01:00,,32.8,56.6755,71.935
2023-04-05 10:00:00+01:00,,24.6,44.0545,51.6795
2023-04-05 11:00:00+01:00,,35.4,58.0405,75.723
2023-04-05 12:00:00+01:00,,22.1,40.3635,47.338
2023-04-05 13:00:00+01:00,,19.2,37.034000000000006,41.6705
2023-04-05 14:00:00+01:00,,18.7,36.358,40.963
2023-04-05 15:00:00+01:00,,14.0,29.635,29.9
2023-04-05 16:00:00+01:00,,15.9,33.2005,34.0455
2023-04-05 17:00:00+01:00,,13.6,28.8885,29.0145
2023-04-05 18:00:00+01:00,,19.8,41.579,44.944
2023-04-05 19:00:00+02:00,,19.8,41.579,44.944
2023-04-05 20:00:00+02:00,,29.4,54.951,68.21600000000001
2023-04-05 21:00:00+02:00,,33.4,59.195,77.5555
2023-04-05 22:00:00+02:00,,28.2,53.852,65.566
2023-04-05 23:00:00+02:00,,22.4,47.0135,52.191500000000005
2023-04-06 00:00:00+02:00,,24.0,48.676,56.531
2023-04-06 01:00:00+02:00,,25.3,49.61750000000001,59.7545
2023-04-06 02:00:00+02:00,,17.7,38.3415,40.08
2023-04-06 03:00:00+02:00,,15.8,35.337,36.091
2023-04-06 04:00:00+02:00,,15.5,35.0895,35.8295
2023-04-06 05:00:00+02:00,,16.4,38.581500000000005,39.588
2023-04-06 06:00:00+02:00,,16.4,41.4965,42.62050000000001
2023-04-06 07:00:00+02:00,,13.5,31.231,31.428
2023-04-06 08:00:00+02:00,,12.2,27.1365,27.251
2023-04-06 09:00:00+02:00,,11.5,23.9635,23.964
2023-04-06 10:00:00+02:00,,13.1,23.2475,24.022
2023-04-06 11:00:00+02:00,,10.5,18.231,19.0025
2023-04-06 12:00:00+02:00,,9.2,16.1415,16.3425
2023-04-06 13:00:00+02:00,,10.9,19.3765,20.405
2023-04-06 14:00:00+02:00,,14.3,26.766,29.4385
2023-04-06 15:00:00+02:00,,14.8,26.7095,30.5615
2023-04-06 16:00:00+02:00,,8.9,17.741,17.793
2023-04-06 17:00:00+02:00,,8.5,17.176000000000002,17.176000000000002
2023-04-06 18:00:00+02:00,,9.9,20.013,20.013
2023-04-06 19:00:00+02:00,,17.5,33.544,37.3915
2023-04-06 20:00:00+02:00,,31.8,54.718,70.1505
2023-04-06 21:00:00+02:00,,27.4,51.32,61.760000000000005
2023-04-06 22:00:00+02:00,,26.8,51.188,61.5405
2023-04-06 23:00:00+02:00,,18.8,40.853,43.253
2023-04-07 00:00:00+02:00,,15.1,33.835,34.559
2023-04-07 01:00:00+02:00,,13.6,31.107,31.2475
2023-04-07 02:00:00+02:00,,11.7,27.039,27.039
2023-04-07 03:00:00+02:00,,11.1,25.269,25.2745
2023-04-07 04:00:00+02:00,,12.1,27.6055,27.663
2023-04-07 05:00:00+02:00,,10.1,22.9315,22.9315
2023-04-07 06:00:00+02:00,,17.4,38.8565,40.841
2023-04-07 07:00:00+02:00,,14.8,33.0505,33.4735
2023-04-07 08:00:00+02:00,,21.8,44.8185,49.677
2023-04-07 09:00:00+02:00,,26.5,45.948,54.496
2023-04-07 10:00:00+02:00,,33.1,51.932500000000005,67.85849999999999
2023-04-07 11:00:00+02:00,,16.2,31.3765,32.529
2023-04-07 12:00:00+02:00,,15.6,30.57,31.4155
2023-04-07 13:00:00+02:00,,11.4,21.702,21.7035
2023-04-07 14:00:00+02:00,,13.2,24.808,24.929
2023-04-07 15:00:00+02:00,,10.2,19.178,19.196
2023-04-07 16:00:00+02:00,,11.2,21.5725,21.5915
2023-04-07 17:00:00+02:00,,9.5,18.1795,18.1795
2023-04-07 18:00:00+02:00,,7.7,14.9065,14.9065
2023-04-07 19:00:00+02:00,,9.3,18.5965,18.64
2023-04-07 20:00:00+02:00,,12.3,25.883000000000003,25.967
2023-04-07 21:00:00+02:00,,14.8,30.8065,31.29
2023-04-07 22:00:00+02:00,,36.1,58.34,78.747
2023-04-07 23:00:00+02:00,,23.6,45.171,51.0885
2023-04-08 00:00:00+02:00,,19.1,39.3215,41.863
2023-04-08 01:00:00+02:00,,19.9,41.0595,44.2705
2023-04-08 02:00:00+02:00,,21.5,43.870000000000005,48.5515
2023-04-08 03:00:00+02:00,,19.8,41.231,44.1205
2023-04-08 04:00:00+02:00,,21.7,43.5505,48.2305
2023-04-08 05:00:00+02:00,,26.3,49.4945,58.3885
2023-04-08 06:00:00+02:00,,20.5,41.2485,45.477
2023-04-08 07:00:00+02:00,,17.1,36.355,37.8375
2023-04-08 08:00:00+02:00,,32.9,52.3805,69.7735
2023-04-08 09:00:00+02:00,,47.2,66.7025,95.9715
2023-04-08 10:00:00+02:00,,33.7,48.649,63.6945
2023-04-08 11:00:00+02:00,,13.5,22.319000000000003,23.0665
2023-04-08 12:00:00+02:00,,9.2,15.751,15.751
2023-04-08 13:00:00+02:00,,10.2,17.6375,17.6375
2023-04-08 14:00:00+02:00,,9.3,16.6295,16.6295
2023-04-08 15:00:00+02:00,,8.7,15.7105,15.7105
2023-04-08 16:00:00+02:00,,9.7,17.5715,17.5715
2023-04-08 17:00:00+02:00,,11.0,20.298,20.298
2023-04-08 18:00:00+02:00,,13.2,25.1325,25.199
2023-04-08 19:00:00+02:00,,15.8,30.6555,31.2395
2023-04-08 20:00:00+02:00,,27.0,46.659,55.2895
2023-04-08 21:00:00+02:00,,22.8,42.197500000000005,46.9245
2023-04-08 22:00:00+02:00,,20.6,39.1665,41.9635
2023-04-08 23:00:00+02:00,,18.9,37.097,39.0975
2023-04-09 00:00:00+02:00,,18.5,36.5465,38.37949999999999
2023-04-09 01:00:00+02:00,,18.0,35.7555,37.427
2023-04-09 02:00:00+02:00,,17.3,35.301500000000004,36.629000000000005
2023-04-09 03:00:00+02:00,,15.7,32.562,33.162
2023-04-09 04:00:00+02:00,,14.0,29.218,29.334
2023-04-09 05:00:00+02:00,,14.5,30.4585,30.713
2023-04-09 06:00:00+02:00,,15.2,31.7885,32.229
2023-04-09 07:00:00+02:00,,7.3,14.787,14.808
2023-04-09 08:00:00+02:00,,7.5,15.269,15.269
2023-04-09 09:00:00+02:00,,11.5,23.9625,23.977
2023-04-09 10:00:00+02:00,,11.4,23.5805,23.596
2023-04-09 11:00:00+02:00,,12.1,24.79,24.8455
2023-04-09 12:00:00+02:00,,12.7,25.824,26.471
2023-04-09 13:00:00+02:00,,18.8,37.7265,39.8685
2023-04-09 14:00:00+02:00,,18.6,37.285,39.2995
2023-04-09 15:00:00+02:00,,22.3,43.13549999999999,47.593
2023-04-09 16:00:00+02:00,,23.6,44.7675,50.4735
2023-04-09 17:00:00+02:00,,28.1,49.742,60.118
2023-04-09 18:00:00+02:00,,26.4,48.0535,56.787
2023-04-09 19:00:00+02:00,,23.4,44.738,50.3965
2023-04-09 20:00:00+02:00,,22.7,43.525,48.945
2023-04-09 21:00:00+02:00,,20.4,39.9585,43.6965
2023-04-09 22:00:00+02:00,,21.5,42.023,46.2495
2023-04-09 23:00:00+02:00,,15.0,30.96,31.504
2023-04-10 00:00:00+02:00,,13.9,29.024,29.166
2023-04-10 01:00:00+02:00,,13.1,27.119,27.275
2023-04-10 02:00:00+02:00,,15.1,31.016,31.6815
2023-04-10 03:00:00+02:00,,15.7,31.8275,32.8365
2023-04-10 04:00:00+02:00,,12.3,25.6425,25.6625
2023-04-10 05:00:00+02:00,,12.1,25.24,25.274
2023-04-10 06:00:00+02:00,,14.6,29.872,30.951500000000003
2023-04-10 07:00:00+02:00,,16.7,34.3485,35.551
2023-04-10 08:00:00+02:00,,17.3,35.1315,36.724
2023-04-10 09:00:00+02:00,,19.6,35.587500000000006,38.10850000000001
2023-04-10 10:00:00+02:00,,19.6,34.5995,37.239
2023-04-10 11:00:00+02:00,,15.9,26.803,27.539
2023-04-10 12:00:00+02:00,,16.0,26.572,27.621
2023-04-10 13:00:00+02:00,,12.2,21.75,21.785
2023-04-10 14:00:00+02:00,,13.4,24.157,24.5405
2023-04-10 15:00:00+02:00,,13.0,23.446,23.5145
2023-04-10 16:00:00+02:00,,11.1,19.993,19.995
2023-04-10 17:00:00+02:00,,10.7,19.2415,19.243
2023-04-10 18:00:00+02:00,,10.6,19.2345,19.2345
2023-04-10 19:00:00+02:00,,18.8,34.145,37.206
2023-04-10 20:00:00+02:00,,32.2,52.5455,67.18
2023-04-10 21:00:00+02:00,,30.5,52.505,65.8705
2023-04-10 22:00:00+02:00,,22.4,43.661,48.511
2023-04-10 23:00:00+02:00,,18.4,38.621,40.6675
2023-04-11 00:00:00+02:00,,15.8,33.9655,34.7225
2023-04-11 01:00:00+02:00,,14.3,31.463500000000003,31.713500000000003
2023-04-11 02:00:00+02:00,,13.3,29.2855,29.3635
2023-04-11 03:00:00+02:00,,13.7,30.461,30.659
2023-04-11 04:00:00+02:00,,13.8,30.654,31.128
2023-04-11 05:00:00+02:00,,13.5,30.5715,30.6855
2023-04-11 06:00:00+02:00,,16.2,36.365,37.3695
2023-04-11 07:00:00+02:00,,21.6,44.423,48.795
2023-04-11 08:00:00+02:00,,19.6,36.74,39.332
2023-04-11 09:00:00+02:00,,17.3,30.3295,31.447
2023-04-11 10:00:00+02:00,,12.4,20.7675,20.847
2023-04-11 11:00:00+02:00,,9.0,14.2565,14.2565
2023-04-11 12:00:00+02:00,,9.8,16.002000000000002,16.0205
2023-04-11 13:00:00+02:00,,6.8,10.9625,10.9625
2023-04-11 14:00:00+02:00,,5.3,8.3465,8.3465
2023-04-11 15:00:00+02:00,,5.9,9.6475,9.6475
2023-04-11 16:00:00+02:00,,6.9,11.711,11.711
2023-04-11 17:00:00+02:00,,6.4,10.792,10.792
2023-04-11 18:00:00+02:00,,8.6,15.2675,15.2795
2023-04-11 19:00:00+02:00,,29.0,44.5085,55.9255
2023-04-11 20:00:00+02:00,,41.5,57.795,81.61099999999999
2023-04-11 21:00:00+02:00,,52.7,71.654,106.8045
2023-04-11 22:00:00+02:00,,46.5,65.842,95.865
2023-04-11 23:00:00+02:00,,41.6,61.823,86.64500000000001
2023-04-12 00:00:00+02:00,,30.3,50.666,63.8025
2023-04-12 01:00:00+02:00,,34.9,55.4215,73.6045
2023-04-12 02:00:00+02:00,,26.0,46.191,54.3205
2023-04-12 03:00:00+02:00,,25.7,45.8925,53.7725
2023-04-12 04:00:00+02:00,,22.4,42.1345,46.624
2023-04-12 05:00:00+02:00,,17.6,35.062,36.666
2023-04-12 06:00:00+02:00,,15.8,32.5665,33.2945
2023-04-12 07:00:00+02:00,,17.5,34.214,35.604
2023-04-12 08:00:00+02:00,,19.5,33.2495,35.6155
2023-04-12 09:00:00+02:00,,7.1,11.8915,11.8915
2023-04-12 10:00:00+02:00,,3.7,5.519,5.519
2023-04-12 11:00:00+02:00,,2.4,3.079,3.079
2023-04-12 12:00:00+02:00,,2.4,3.1265,3.1265
2023-04-12 13:00:00+02:00,,2.3,3.1925,3.1925
2023-04-12 14:00:00+02:00,,2.6,3.7875,3.7875
2023-04-12 15:00:00+02:00,,3.0,4.678,4.678
2023-04-12 16:00:00+02:00,,3.1,4.865,4.865
2023-04-12 17:00:00+02:00,,3.3,5.2045,5.2045
2023-04-12 18:00:00+02:00,,4.3,7.178000000000001,7.178000000000001
2023-04-12 19:00:00+02:00,,7.1,12.748,12.748
2023-04-12 20:00:00+02:00,,25.1,40.2775,49.0785
2023-04-12 21:00:00+02:00,,35.9,53.9425,72.46350000000001
2023-04-12 22:00:00+02:00,,24.4,43.2395,49.9485
2023-04-12 23:00:00+02:00,,15.1,29.978,30.8615
2023-04-13 00:00:00+02:00,,10.0,20.3365,20.3415
2023-04-13 01:00:00+02:00,,9.1,18.107,18.2895
2023-04-13 02:00:00+02:00,,9.8,19.9655,19.973
2023-04-13 03:00:00+02:00,,9.8,19.995,20.086
2023-04-13 04:00:00+02:00,,18.1,36.2465,38.2765
2023-04-13 05:00:00+02:00,,27.8,49.854,60.286
2023-04-13 06:00:00+02:00,,32.0,54.105,69.50200000000001
2023-04-13 07:00:00+02:00,,24.3,44.66,51.3605
2023-04-13 08:00:00+02:00,,27.8,44.863,54.622
2023-04-13 09:00:00+02:00,,23.5,38.5045,43.7115
2023-04-13 10:00:00+02:00,,16.1,28.873,29.741
2023-04-13 11:00:00+02:00,,14.9,26.8905,27.3075
2023-04-13 12:00:00+02:00,,10.7,19.140500000000003,19.143500000000003
2023-04-13 13:00:00+02:00,,15.4,27.301,27.9175
2023-04-13 14:00:00+02:00,,15.4,27.5575,27.9525
2023-04-13 15:00:00+02:00,,12.9,23.3775,23.39
2023-04-13 16:00:00+02:00,,13.3,24.297,24.46
2023-04-13 17:00:00+02:00,,13.5,24.555,24.5805
2023-04-13 18:00:00+02:00,,15.2,27.829,28.1805
2023-04-13 19:00:00+02:00,,14.5,26.469,26.754
2023-04-13 20:00:00+02:00,,20.3,35.692499999999995,38.751000000000005
2023-04-13 21:00:00+02:00,,28.0,45.74,55.135
2023-04-13 22:00:00+02:00,,25.8,44.0235,51.372
2023-04-13 23:00:00+02:00,,28.0,46.552,56.2495
2023-04-14 00:00:00+02:00,,16.7,30.880000000000003,32.956
2023-04-14 01:00:00+02:00,,4.7,8.4715,8.4715
2023-04-14 02:00:00+02:00,,3.0,5.025,5.025
2023-04-14 03:00:00+02:00,,1.7,2.3265,2.3265
2023-04-14 04:00:00+02:00,,0.8,0.6315,0.6315
2023-04-14 05:00:00+02:00,,0.6,0.209,0.209
2023-04-14 06:00:00+02:00,,0.7,0.4885,0.4885
2023-04-14 07:00:00+02:00,,1.8,2.6,2.6
2023-04-14 08:00:00+02:00,,1.5,1.967,1.967
2023-04-14 09:00:00+02:00,,5.3,9.413,9.413
2023-04-14 10:00:00+02:00,,6.8,12.0385,12.0385
2023-04-14 11:00:00+02:00,,2.8,4.1145,4.1145
2023-04-14 12:00:00+02:00,,2.6,3.8465,3.8465
2023-04-14 13:00:00+02:00,,1.2,1.224,1.224
2023-04-14 14:00:00+02:00,,0.8,0.4935,0.4935
2023-04-14 15:00:00+02:00,,0.9,0.641,0.641
2023-04-14 16:00:00+02:00,,1.0,0.8999999999999999,0.8999999999999999
2023-04-14 17:00:00+02:00,,1.2,1.2574999999999998,1.2574999999999998
2023-04-14 18:00:00+02:00,,1.3,1.3685,1.3685
2023-04-14 19:00:00+02:00,,1.2,1.2585000000000002,1.2585000000000002
2023-04-14 20:00:00+02:00,,2.1,3.042,3.042
2023-04-14 21:00:00+02:00,,12.7,23.663,25.8935
2023-04-14 22:00:00+02:00,,23.0,44.021,49.571
2023-04-14 23:00:00+02:00,,29.5,51.561,64.045
2023-04-15 00:00:00+02:00,,30.9,52.9405,67.139
2023-04-15 01:00:00+02:00,,26.2,48.9285,57.9215
2023-04-15 02:00:00+02:00,,29.9,53.5915,67.01650000000001
2023-04-15 03:00:00+02:00,,27.9,50.646,61.2685
2023-04-15 04:00:00+02:00,,14.0,29.593,30.364
2023-04-15 05:00:00+02:00,,10.7,22.9825,22.9865
2023-04-15 06:00:00+02:00,,13.1,26.9155,27.9195
2023-04-15 07:00:00+02:00,,22.9,44.5735,50.1805
2023-04-15 08:00:00+02:00,,24.1,44.236,50.64
2023-04-15 09:00:00+02:00,,11.7,22.143,22.981
2023-04-15 10:00:00+02:00,,1.8,2.3635,2.3635
2023-04-15 11:00:00+02:00,,2.0,2.511,2.7085
2023-04-15 12:00:00+02:00,,1.3,1.283,1.283
2023-04-15 13:00:00+02:00,,1.5,1.7275,1.7275
2023-04-15 14:00:00+02:00,,1.7,2.1385,2.1385
2023-04-15 15:00:00+02:00,,2.0,2.7655,2.7655
2023-04-15 16:00:00+02:00,,2.2,3.2495000000000003,17.741500000000002
2023-04-15 17:00:00+02:00,,1.9,2.481,2.481
2023-04-15 18:00:00+02:00,,4.8,8.082,8.082
2023-04-15 19:00:00+02:00,,4.9,8.6915,8.6915
2023-04-15 20:00:00+02:00,,9.4,17.3625,17.549500000000002
2023-04-15 21:00:00+02:00,,7.6,13.595,14.229
2023-04-15 22:00:00+02:00,,3.4,5.961,5.961
2023-04-15 23:00:00+02:00,,3.3,5.6065000000000005,5.6065000000000005
2023-04-16 00:00:00+02:00,,5.1,9.4855,9.4855
2023-04-16 01:00:00+02:00,,7.6,15.06,15.06
2023-04-16 02:00:00+02:00,,7.1,14.1375,14.1375
2023-04-16 03:00:00+02:00,,6.2,12.1185,12.1185
2023-04-16 04:00:00+02:00,,5.6,10.814,10.814
2023-04-16 05:00:00+02:00,,5.9,11.4675,11.4675
2023-04-16 06:00:00+02:00,,4.9,9.133500000000002,9.133500000000002
2023-04-16 07:00:00+02:00,,4.8,8.863,8.863
2023-04-16 08:00:00+02:00,,7.5,14.8065,14.8065
2023-04-16 09:00:00+02:00,,9.1,18.137,18.137
2023-04-16 10:00:00+02:00,,7.4,13.9755,13.9755
2023-04-16 11:00:00+02:00,,5.2,9.519,9.519
2023-04-16 12:00:00+02:00,,4.2,7.474,7.474
2023-04-16 13:00:00+02:00,,5.7,10.579,10.579
2023-04-16 14:00:00+02:00,,7.4,13.5425,13.5425
2023-04-16 15:00:00+02:00,,10.1,18.782,18.8135
2023-04-16 16:00:00+02:00,,7.8,14.322,14.322
2023-04-16 17:00:00+02:00,,9.6,17.950000000000003,17.950000000000003
2023-04-16 18:00:00+02:00,,9.3,17.6035,17.6035
2023-04-16 19:00:00+02:00,,12.4,24.1045,24.1445
2023-04-16 20:00:00+02:00,,14.5,28.2495,28.6545
2023-04-16 21:00:00+02:00,,13.1,25.6585,25.753
2023-04-16 22:00:00+02:00,,10.7,20.8655,20.8655
2023-04-16 23:00:00+02:00,,9.1,17.497500000000002,17.497500000000002
2023-04-17 00:00:00+02:00,,6.8,12.866,12.866
2023-04-17 01:00:00+02:00,,5.1,9.515,9.515
2023-04-17 02:00:00+02:00,,3.5,6.1370000000000005,6.1370000000000005
2023-04-17 03:00:00+02:00,,3.3,5.6445,5.6445
2023-04-17 04:00:00+02:00,,4.2,7.282999999999999,7.282999999999999
2023-04-17 05:00:00+02:00,,5.4,10.0975,10.0975
2023-04-17 06:00:00+02:00,,7.2,13.956499999999998,13.956499999999998
2023-04-17 07:00:00+02:00,,9.6,18.766,18.766
2023-04-17 08:00:00+02:00,,9.1,17.3945,17.3945
2023-04-17 09:00:00+02:00,,8.2,15.061,15.061
2023-04-17 10:00:00+02:00,,9.4,17.330000000000002,17.330000000000002
2023-04-17 11:00:00+02:00,,9.2,17.02,17.02
2023-04-17 12:00:00+02:00,,9.1,16.874,16.874
2023-04-17 13:00:00+02:00,,9.8,18.304,18.304
2023-04-17 14:00:00+02:00,,11.4,21.4555,21.462
2023-04-17 15:00:00+02:00,,14.1,26.483,26.8975
2023-04-17 16:00:00+02:00,,14.9,27.666,28.276
2023-04-17 17:00:00+02:00,,17.5,31.8465,33.2665
2023-04-17 18:00:00+02:00,,20.6,37.0895,39.963
2023-04-17 19:00:00+02:00,,28.5,46.6115,56.9925
2023-04-17 20:00:00+02:00,,41.5,59.4225,83.753
2023-04-17 21:00:00+02:00,,38.0,56.343,76.77799999999999
2023-04-17 22:00:00+02:00,,20.8,37.8845,41.371
2023-04-17 23:00:00+02:00,,16.5,31.878,32.8975
2023-04-18 00:00:00+02:00,,12.5,24.2875,24.427
2023-04-18 01:00:00+02:00,,8.4,16.104,16.1055
2023-04-18 02:00:00+02:00,,7.3,13.8975,13.8975
2023-04-18 03:00:00+02:00,,7.8,14.9605,14.9605
2023-04-18 04:00:00+02:00,,7.3,13.9415,13.9415
2023-04-18 05:00:00+02:00,,11.6,22.5085,22.617
2023-04-18 06:00:00+02:00,,16.7,32.034,33.1315
2023-04-18 07:00:00+02:00,,13.3,25.824,25.8915
2023-04-18 08:00:00+02:00,,13.6,26.191000000000003,26.2815
2023-04-18 09:00:00+02:00,,14.8,28.457,28.7635
2023-04-18 10:00:00+02:00,,15.0,28.5255,28.849
2023-04-18 11:00:00+02:00,,11.9,22.151,22.2605
2023-04-18 12:00:00+02:00,,12.4,22.271,22.374
2023-04-18 13:00:00+02:00,,10.8,19.548,19.5575
2023-04-18 14:00:00+02:00,,11.2,20.944,20.9825
2023-04-18 15:00:00+02:00,,12.6,23.3795,23.41
2023-04-18 16:00:00+02:00,,13.6,24.4825,25.0965
2023-04-18 17:00:00+02:00,,14.8,27.145,27.842
2023-04-18 18:00:00+02:00,,18.4,33.2115,35.209500000000006
2023-04-18 19:00:00+02:00,,17.9,33.066,34.6395
2023-04-18 20:00:00+02:00,,20.4,37.074,39.9815
2023-04-18 21:00:00+02:00,,25.6,43.368,50.596
2023-04-18 22:00:00+02:00,,10.8,20.458,20.5675
2023-04-18 23:00:00+02:00,,12.3,23.638,23.6525
2023-04-19 00:00:00+02:00,,10.5,20.0335,20.0525
2023-04-19 01:00:00+02:00,,9.6,18.0165,18.0165
2023-04-19 02:00:00+02:00,,12.3,23.434,23.44
2023-04-19 03:00:00+02:00,,11.6,21.913,21.9215
2023-04-19 04:00:00+02:00,,11.1,21.0905,21.0905
2023-04-19 05:00:00+02:00,,12.7,24.3655,24.3745
2023-04-19 06:00:00+02:00,,13.1,25.0305,25.067
2023-04-19 07:00:00+02:00,,12.5,23.9225,23.9455
2023-04-19 08:00:00+02:00,,11.6,21.8285,21.839
2023-04-19 09:00:00+02:00,,9.9,17.88,17.88
2023-04-19 10:00:00+02:00,,8.5,14.74,14.74
2023-04-19 11:00:00+02:00,,8.8,15.0685,15.0685
2023-04-19 12:00:00+02:00,,8.0,13.4995,13.4995
2023-04-19 13:00:00+02:00,,5.5,8.879999999999999,8.879999999999999
2023-04-19 14:00:00+02:00,,4.9,8.1825,8.1825
2023-04-19 15:00:00+02:00,,5.9,10.1225,10.1225
2023-04-19 16:00:00+02:00,,6.6,11.544,11.544
2023-04-19 17:00:00+02:00,,8.8,15.7805,15.7805
2023-04-19 18:00:00+02:00,,7.7,13.9925,13.9925
2023-04-19 19:00:00+02:00,,21.4,36.43,41.61450000000001
2023-04-19 20:00:00+02:00,,32.7,51.6105,66.5085
2023-04-19 21:00:00+02:00,,45.7,65.60650000000001,94.72
2023-04-19 22:00:00+02:00,,27.4,48.2505,58.0805
2023-04-19 23:00:00+02:00,,24.0,44.6845,50.8185
2023-04-20 00:00:00+02:00,,13.7,28.137,28.517
2023-04-20 01:00:00+02:00,,10.8,22.5085,22.5085
2023-04-20 02:00:00+02:00,,9.1,18.9405,18.9405
2023-04-20 03:00:00+02:00,,8.1,16.695999999999998,16.695999999999998
2023-04-20 04:00:00+02:00,,7.7,16.137999999999998,16.137999999999998
2023-04-20 05:00:00+02:00,,15.8,31.137,34.7115
2023-04-20 06:00:00+02:00,,11.2,24.4525,24.5475
2023-04-20 07:00:00+02:00,,11.8,24.823500000000003,24.848
2023-04-20 08:00:00+02:00,,15.1,27.8345,28.222
2023-04-20 09:00:00+02:00,,16.9,29.371,30.140500000000003
2023-04-20 10:00:00+02:00,,13.4,22.5555,22.5555
2023-04-20 11:00:00+02:00,,15.2,25.246,25.2925
2023-04-20 12:00:00+02:00,,13.9,22.9795,22.995
2023-04-20 13:00:00+02:00,,12.5,21.929,21.929
2023-04-20 14:00:00+02:00,,10.4,18.5315,18.5315
2023-04-20 15:00:00+02:00,,9.0,16.056,16.056
2023-04-20 16:00:00+02:00,,8.4,14.86,14.86
2023-04-20 17:00:00+02:00,,7.3,12.6215,12.6215
2023-04-20 18:00:00+02:00,,7.2,12.5505,12.5505
2023-04-20 19:00:00+02:00,,8.2,14.6485,14.6485
2023-04-20 20:00:00+02:00,,13.7,24.2705,25.3935
2023-04-20 21:00:00+02:00,,37.7,55.5645,74.2115
2023-04-20 22:00:00+02:00,,37.2,55.8235,75.35300000000001
2023-04-20 23:00:00+02:00,,29.6,48.76049999999999,60.638000000000005
2023-04-21 00:00:00+02:00,,19.7,38.028,40.542
2023-04-21 01:00:00+02:00,,16.5,32.55,33.578500000000005
2023-04-21 02:00:00+02:00,,12.1,24.6905,24.6915
2023-04-21 03:00:00+02:00,,11.6,24.045,24.045
2023-04-21 04:00:00+02:00,,11.5,24.016,24.0245
2023-04-21 05:00:00+02:00,,12.0,25.025,25.070500000000003
2023-04-21 06:00:00+02:00,,13.2,28.0985,28.165
2023-04-21 07:00:00+02:00,,15.5,31.2645,31.9585
2023-04-21 08:00:00+02:00,,23.7,40.2515,46.3485
2023-04-21 09:00:00+02:00,,21.2,35.2095,39.471500000000006
2023-04-21 10:00:00+02:00,,13.5,22.927,22.9355
2023-04-21 11:00:00+02:00,,10.6,17.4055,17.4055
2023-04-21 12:00:00+02:00,,6.8,10.7755,10.7755
2023-04-21 13:00:00+02:00,,5.1,8.096,8.096
2023-04-21 14:00:00+02:00,,5.8,9.8265,9.8265
2023-04-21 15:00:00+02:00,,6.2,10.55,10.55
2023-04-21 16:00:00+02:00,,6.0,10.137,10.137
2023-04-21 17:00:00+02:00,,4.6,7.7035,7.7035
2023-04-21 18:00:00+02:00,,5.6,9.6665,9.6665
2023-04-21 19:00:00+02:00,,10.4,18.7395,19.2415
2023-04-21 20:00:00+02:00,,26.9,43.587500000000006,52.232
2023-04-21 21:00:00+02:00,,25.2,42.578,49.5895
2023-04-21 22:00:00+02:00,,21.0,38.866,42.3515
2023-04-21 23:00:00+02:00,,16.9,33.0715,34.2385
2023-04-22 00:00:00+02:00,,14.3,28.454,28.9115
2023-04-22 01:00:00+02:00,,12.3,25.3655,25.484
2023-04-22 02:00:00+02:00,,10.2,20.837,20.848
2023-04-22 03:00:00+02:00,,8.3,17.001,17.001
2023-04-22 04:00:00+02:00,,7.8,15.9385,15.9385
2023-04-22 05:00:00+02:00,,9.5,19.704500000000003,19.799
2023-04-22 06:00:00+02:00,,10.6,22.67,22.6815
2023-04-22 07:00:00+02:00,,9.6,18.919,18.919
2023-04-22 08:00:00+02:00,,10.2,18.1295,18.1295
2023-04-22 09:00:00+02:00,,10.5,18.1345,18.1345
2023-04-22 10:00:00+02:00,,8.0,13.327,13.327
2023-04-22 11:00:00+02:00,,6.1,9.9445,9.9445
2023-04-22 12:00:00+02:00,,5.3,8.4475,8.4475
2023-04-22 13:00:00+02:00,,5.1,8.3175,8.3175
2023-04-22 14:00:00+02:00,,5.9,10.2625,10.2625
2023-04-22 15:00:00+02:00,,6.6,11.346,11.346
2023-04-22 16:00:00+02:00,,6.1,10.6775,10.6775
2023-04-22 17:00:00+02:00,,5.9,10.1585,10.1585
2023-04-22 18:00:00+02:00,,6.2,10.914,10.914
2023-04-22 19:00:00+02:00,,10.2,18.0935,18.3655
2023-04-22 20:00:00+02:00,,28.0,42.8625,53.3515
2023-04-22 21:00:00+02:00,,38.2,54.437,74.92150000000001
2023-04-22 22:00:00+02:00,,29.2,46.95399999999999,57.773
2023-04-22 23:00:00+02:00,,24.9,43.2855,50.0945
2023-04-23 00:00:00+02:00,,17.8,34.185,35.8235
2023-04-23 01:00:00+02:00,,14.0,28.341,28.582
2023-04-23 02:00:00+02:00,,12.6,25.5805,25.596
2023-04-23 03:00:00+02:00,,11.9,24.564,24.567500000000003
2023-04-23 04:00:00+02:00,,11.6,24.0355,24.0355
2023-04-23 05:00:00+02:00,,12.1,25.136,25.1365
2023-04-23 06:00:00+02:00,,13.8,28.6985,28.9385
2023-04-23 07:00:00+02:00,,17.0,32.105999999999995,33.441500000000005
2023-04-23 08:00:00+02:00,,15.4,27.648,28.0005
2023-04-23 09:00:00+02:00,,14.5,25.5965,25.686
2023-04-23 10:00:00+02:00,,11.0,18.846,18.846
2023-04-23 11:00:00+02:00,,6.8,11.217,11.2205
2023-04-23 12:00:00+02:00,,3.6,5.343,5.343
2023-04-23 13:00:00+02:00,,3.0,4.4935,4.4935
2023-04-23 14:00:00+02:00,,3.4,5.1080000000000005,5.1080000000000005
2023-04-23 15:00:00+02:00,,3.6,5.4605,5.4605
2023-04-23 16:00:00+02:00,,4.2,6.644,6.644
2023-04-23 17:00:00+02:00,,4.2,6.6465,6.6465
2023-04-23 18:00:00+02:00,,4.0,6.258,6.258
2023-04-23 19:00:00+02:00,,12.4,21.279,22.1365
2023-04-23 20:00:00+02:00,,25.9,39.673,47.611
2023-04-23 21:00:00+02:00,,15.2,26.94,27.6815
2023-04-23 22:00:00+02:00,,15.6,27.8185,28.773
2023-04-23 23:00:00+02:00,,19.2,34.0805,36.419
2023-04-24 00:00:00+02:00,,17.6,32.0995,33.568
2023-04-24 01:00:00+02:00,,16.8,30.7955,31.885
2023-04-24 02:00:00+02:00,,14.6,27.08,27.4645
2023-04-24 03:00:00+02:00,,10.5,19.772,19.773
2023-04-24 04:00:00+02:00,,6.9,12.457999999999998,12.457999999999998
2023-04-24 05:00:00+02:00,,4.2,7.0395,7.0395
2023-04-24 06:00:00+02:00,,6.4,11.505,11.505
2023-04-24 07:00:00+02:00,,13.2,24.743,25.005
2023-04-24 08:00:00+02:00,,15.9,29.5815,30.212000000000003
2023-04-24 09:00:00+02:00,,19.5,34.5785,36.89
2023-04-24 10:00:00+02:00,,25.4,41.495,48.086
2023-04-24 11:00:00+02:00,,22.6,37.7095,42.0835
2023-04-24 12:00:00+02:00,,14.6,25.6975,39.379
2023-04-24 13:00:00+02:00,,13.1,23.154,23.2065
2023-04-24 14:00:00+02:00,,14.8,26.43,26.669
2023-04-24 15:00:00+02:00,,12.2,21.7485,21.7505
2023-04-24 16:00:00+02:00,,15.6,28.2035,28.8165
2023-04-24 17:00:00+02:00,,7.3,12.3795,12.9115
2023-04-24 18:00:00+02:00,,3.2,5.157500000000001,5.157500000000001
2023-04-24 19:00:00+02:00,,8.6,15.7485,15.9935
2023-04-24 20:00:00+02:00,,14.6,27.9285,28.846
2023-04-24 21:00:00+02:00,,14.8,28.5445,29.382
2023-04-24 22:00:00+02:00,,25.9,42.929,51.899
2023-04-24 23:00:00+02:00,,17.7,31.328000000000003,34.971
2023-04-25 00:00:00+02:00,,2.5,3.6855,3.6855
2023-04-25 01:00:00+02:00,,1.2,1.2365,1.2365
2023-04-25 02:00:00+02:00,,1.1,1.116,1.116
2023-04-25 03:00:00+02:00,,1.5,1.85,1.85
2023-04-25 04:00:00+02:00,,1.9,2.804,2.804
2023-04-25 05:00:00+02:00,,2.0,2.765,2.765
2023-04-25 06:00:00+02:00,,3.4,5.894,5.894
2023-04-25 07:00:00+02:00,,4.9,8.849499999999999,8.849499999999999
2023-04-25 08:00:00+02:00,,4.2,7.2445,7.2445
2023-04-25 09:00:00+02:00,,2.8,4.193,4.193
2023-04-25 10:00:00+02:00,,2.6,3.811,3.811
2023-04-25 11:00:00+02:00,,2.5,3.5380000000000003,3.5380000000000003
2023-04-25 12:00:00+02:00,,2.7,4.0225,4.0225
2023-04-25 13:00:00+02:00,,2.5,3.558,3.558
2023-04-25 14:00:00+02:00,,1.9,2.516,2.516
2023-04-25 15:00:00+02:00,,1.6,1.9405,1.9405
2023-04-25 16:00:00+02:00,,1.5,1.839,1.839
2023-04-25 17:00:00+02:00,,1.5,1.696,1.696
2023-04-25 18:00:00+02:00,,2.2,3.204,3.204
2023-04-25 19:00:00+02:00,,3.5,5.5905000000000005,5.5905000000000005
2023-04-25 20:00:00+02:00,,4.4,7.660500000000001,7.660500000000001
2023-04-25 21:00:00+02:00,,4.4,7.518499999999999,7.518499999999999
2023-04-25 22:00:00+02:00,,3.8,6.413,6.413
2023-04-25 23:00:00+02:00,,2.6,4.054,4.054
2023-04-26 00:00:00+02:00,,1.9,2.7535,2.7535
2023-04-26 01:00:00+02:00,,1.8,2.4625,2.4625
2023-04-26 02:00:00+02:00,,1.6,2.089,2.089
2023-04-26 03:00:00+02:00,,2.1,3.0525,3.0525
2023-04-26 04:00:00+02:00,,2.7,4.3155,4.3155
2023-04-26 05:00:00+02:00,,4.3,7.647500000000001,7.647500000000001
2023-04-26 06:00:00+02:00,,5.3,9.734,9.734
2023-04-26 07:00:00+02:00,,6.2,11.4255,11.4255
2023-04-26 08:00:00+02:00,,6.1,10.7915,10.7915
2023-04-26 09:00:00+02:00,,4.3,6.9485,6.9485
2023-04-26 10:00:00+02:00,,3.0,4.318,4.318
2023-04-26 11:00:00+02:00,,2.9,4.188,4.188
2023-04-26 12:00:00+02:00,,2.5,3.527,3.527
2023-04-26 13:00:00+02:00,,2.4,3.369,3.369
2023-04-26 14:00:00+02:00,,2.1,2.781,2.781
2023-04-26 15:00:00+02:00,,2.0,2.5985,2.5985
2023-04-26 16:00:00+02:00,,2.3,3.222,3.222
2023-04-26 17:00:00+02:00,,2.0,2.6925,2.6925
2023-04-26 18:00:00+02:00,,2.0,2.7455,2.7455
2023-04-26 19:00:00+02:00,,3.0,4.843,4.843
2023-04-26 20:00:00+02:00,,12.1,23.118,23.6095
2023-04-26 21:00:00+02:00,,17.0,33.4525,34.7835
2023-04-26 22:00:00+02:00,,16.7,33.191,34.555499999999995
2023-04-26 23:00:00+02:00,,17.4,34.873000000000005,36.3215
2023-04-27 00:00:00+02:00,,14.0,28.44,28.7885
2023-04-27 01:00:00+02:00,,7.7,15.3205,15.3205
2023-04-27 02:00:00+02:00,,6.7,12.948,12.948
2023-04-27 03:00:00+02:00,,4.7,8.599499999999999,8.599499999999999
2023-04-27 04:00:00+02:00,,5.8,11.0525,11.0525
2023-04-27 05:00:00+02:00,,4.8,9.172,9.172
2023-04-27 06:00:00+02:00,,5.1,10.0095,10.0095
2023-04-27 07:00:00+02:00,,5.9,11.249,11.249
2023-04-27 08:00:00+02:00,,5.3,9.193,9.193
2023-04-27 09:00:00+02:00,,5.8,9.632,9.632
2023-04-27 10:00:00+02:00,,4.9,7.7405,7.7405
2023-04-27 11:00:00+02:00,,4.4,6.8005,6.8005
2023-04-27 12:00:00+02:00,,3.5,5.2170000000000005,5.2170000000000005
2023-04-27 13:00:00+02:00,,3.6,5.7105,5.7105
2023-04-27 14:00:00+02:00,,3.6,5.8295,5.8295
2023-04-27 15:00:00+02:00,,3.3,5.3215,5.3215
2023-04-27 16:00:00+02:00,,3.6,5.885,5.885
2023-04-27 17:00:00+02:00,,3.5,5.777,5.777
2023-04-27 18:00:00+02:00,,4.0,6.781499999999999,6.781499999999999
2023-04-27 19:00:00+02:00,,4.9,8.592,8.592
2023-04-27 20:00:00+02:00,,12.2,23.065,23.605
2023-04-27 21:00:00+02:00,,23.6,39.9815,47.137
2023-04-27 22:00:00+02:00,,26.3,45.2665,53.7165
2023-04-27 23:00:00+02:00,,17.9,34.6905,36.6995
2023-04-28 00:00:00+02:00,,12.9,26.463,26.628
2023-04-28 01:00:00+02:00,,9.0,18.552,18.552
2023-04-28 02:00:00+02:00,,7.4,15.239,15.239
2023-04-28 03:00:00+02:00,,6.1,12.141,12.141
2023-04-28 04:00:00+02:00,,5.9,11.911,11.911
2023-04-28 05:00:00+02:00,,9.7,20.53,20.533
2023-04-28 06:00:00+02:00,,8.0,16.647,16.647
2023-04-28 07:00:00+02:00,,9.8,19.259,19.265
2023-04-28 08:00:00+02:00,,12.0,21.931,21.948
2023-04-28 09:00:00+02:00,,10.6,18.432,18.432
2023-04-28 10:00:00+02:00,,8.5,14.135,14.135
2023-04-28 11:00:00+02:00,,5.3,8.347,8.347
2023-04-28 12:00:00+02:00,,3.6,5.423,5.423
2023-04-28 13:00:00+02:00,,3.6,5.5065,5.5065
2023-04-28 14:00:00+02:00,,4.3,6.907,6.907
2023-04-28 15:00:00+02:00,,6.2,10.413,10.413
2023-04-28 16:00:00+02:00,,5.1,8.5895,8.5895
2023-04-28 17:00:00+02:00,,5.6,9.6705,9.6705
2023-04-28 18:00:00+02:00,,9.0,15.973,15.973
2023-04-28 19:00:00+02:00,,10.7,19.5095,19.548
2023-04-28 20:00:00+02:00,,22.2,37.246,42.36
2023-04-28 21:00:00+02:00,,24.0,40.3905,46.1565
2023-04-28 22:00:00+02:00,,23.2,39.5925,44.67400000000001
2023-04-28 23:00:00+02:00,,22.9,39.516000000000005,44.2875
2023-04-29 00:00:00+02:00,,19.2,34.764,37.011
2023-04-29 01:00:00+02:00,,22.0,37.9465,43.260000000000005
2023-04-29 02:00:00+02:00,,16.3,30.918,31.7085
2023-04-29 03:00:00+02:00,,13.7,26.1525,26.4395
2023-04-29 04:00:00+02:00,,14.2,27.265,27.5815
2023-04-29 05:00:00+02:00,,17.7,33.261,34.6575
2023-04-29 06:00:00+02:00,,17.4,32.9675,34.3685
2023-04-29 07:00:00+02:00,,19.8,35.7715,38.645
2023-04-29 08:00:00+02:00,,20.8,36.235,39.161
2023-04-29 09:00:00+02:00,,18.3,32.244,33.709
2023-04-29 10:00:00+02:00,,8.0,13.518999999999998,13.546
2023-04-29 11:00:00+02:00,,5.7,9.1615,9.1615
2023-04-29 12:00:00+02:00,,5.0,7.827500000000001,7.827500000000001
2023-04-29 13:00:00+02:00,,5.0,8.0395,8.0395
2023-04-29 14:00:00+02:00,,4.6,7.416500000000001,7.416500000000001
2023-04-29 15:00:00+02:00,,4.2,6.7085,6.7085
2023-04-29 16:00:00+02:00,,4.9,8.006,8.006
2023-04-29 17:00:00+02:00,,5.2,8.662,8.662
2023-04-29 18:00:00+02:00,,5.1,8.486,8.486
2023-04-29 19:00:00+02:00,,6.2,10.6775,10.6775
2023-04-29 20:00:00+02:00,,18.4,31.647,34.0795
2023-04-29 21:00:00+02:00,,18.8,33.729,35.663
2023-04-29 22:00:00+02:00,,21.6,37.8325,41.9965
2023-04-29 23:00:00+02:00,,16.1,30.277500000000003,31.1005
2023-04-30 00:00:00+02:00,,12.2,23.661,23.675
2023-04-30 01:00:00+02:00,,9.3,17.708,17.708
2023-04-30 02:00:00+02:00,,9.5,17.822,17.8245
2023-04-30 03:00:00+02:00,,8.2,15.823,15.823
2023-04-30 04:00:00+02:00,,7.6,14.6615,14.6615
2023-04-30 05:00:00+02:00,,7.1,13.3005,13.3005
2023-04-30 06:00:00+02:00,,8.0,15.165500000000002,15.165500000000002
2023-04-30 07:00:00+02:00,,10.3,19.3905,19.3905
2023-04-30 08:00:00+02:00,,7.9,13.987,13.987
2023-04-30 09:00:00+02:00,,6.2,10.6,10.6
2023-04-30 10:00:00+02:00,,4.6,7.3375,7.3375
2023-04-30 11:00:00+02:00,,4.8,7.711499999999999,7.711499999999999
2023-04-30 12:00:00+02:00,,5.1,8.1315,8.1315
2023-04-30 13:00:00+02:00,,5.1,8.350999999999999,8.350999999999999
2023-04-30 14:00:00+02:00,,6.1,10.5525,10.5525
2023-04-30 15:00:00+02:00,,6.7,11.609,11.609
2023-04-30 16:00:00+02:00,,6.3,10.7905,10.7905
2023-04-30 17:00:00+02:00,,5.5,9.366,9.366
2023-04-30 18:00:00+02:00,,12.3,21.15,22.256500000000003
2023-04-30 19:00:00+02:00,,11.0,20.099,20.1275
2023-04-30 20:00:00+02:00,,12.6,23.261,23.3175
2023-04-30 21:00:00+02:00,,15.0,28.1185,28.566
2023-04-30 22:00:00+02:00,,14.3,27.3855,27.606
2023-04-30 23:00:00+02:00,,10.9,20.5875,20.5875
2023-05-01 00:00:00+02:00,,10.7,20.8075,20.81
2023-05-01 01:00:00+02:00,,9.8,18.914,18.914
2023-05-01 02:00:00+02:00,,9.9,19.2845,19.2845
2023-05-01 03:00:00+02:00,,9.3,18.088,18.088
2023-05-01 04:00:00+02:00,,9.3,18.1845,18.1845
2023-05-01 05:00:00+02:00,,8.2,16.0,16.0015
2023-05-01 06:00:00+02:00,,8.5,16.302,16.302
2023-05-01 07:00:00+02:00,,10.8,19.852,19.854
2023-05-01 08:00:00+02:00,,11.1,19.273,19.273
2023-05-01 09:00:00+02:00,,8.6,14.324,14.324
2023-05-01 10:00:00+02:00,,7.6,12.193,12.193
2023-05-01 11:00:00+02:00,,6.7,10.66,10.66
2023-05-01 12:00:00+02:00,,5.2,7.896,7.896
2023-05-01 13:00:00+02:00,,5.2,8.441500000000001,8.441500000000001
2023-05-01 14:00:00+02:00,,6.0,9.986,9.986
2023-05-01 15:00:00+02:00,,7.1,12.5625,12.5625
2023-05-01 16:00:00+02:00,,8.1,14.52,14.52
2023-05-01 17:00:00+02:00,,7.7,13.407,13.407
2023-05-01 18:00:00+02:00,,7.1,12.2325,12.2325
2023-05-01 19:00:00+02:00,,8.8,15.5395,15.5395
2023-05-01 20:00:00+02:00,,17.0,29.237,31.8465
2023-05-01 21:00:00+02:00,,20.4,35.645,38.7115
2023-05-01 22:00:00+02:00,,14.7,27.1495,27.547
2023-05-01 23:00:00+02:00,,20.4,36.409,39.23
2023-05-02 00:00:00+02:00,,21.2,38.008,41.1595
2023-05-02 01:00:00+02:00,,20.7,37.8715,40.888000000000005
2023-05-02 02:00:00+02:00,,20.2,37.053,39.7295
2023-05-02 03:00:00+02:00,,18.0,33.7075,35.266000000000005
2023-05-02 04:00:00+02:00,,16.7,31.561,32.536
2023-05-02 05:00:00+02:00,,17.3,32.5755,33.8365
2023-05-02 06:00:00+02:00,,16.3,31.1355,31.959
2023-05-02 07:00:00+02:00,,18.4,33.5155,35.42400000000001
2023-05-02 08:00:00+02:00,,23.4,39.5895,44.658
2023-05-02 09:00:00+02:00,,21.4,36.5515,40.1525
2023-05-02 10:00:00+02:00,,22.7,38.4575,42.7355
2023-05-02 11:00:00+02:00,,17.9,32.0735,33.486000000000004
2023-05-02 12:00:00+02:00,,18.9,33.251999999999995,35.0815
2023-05-02 13:00:00+02:00,,17.8,31.445500000000003,32.6645
2023-05-02 14:00:00+02:00,,16.5,29.411,30.159
2023-05-02 15:00:00+02:00,,20.6,35.407,38.146
2023-05-02 16:00:00+02:00,,19.4,33.953,36.1345
2023-05-02 17:00:00+02:00,,26.1,41.7745,48.626000000000005
2023-05-02 18:00:00+02:00,,34.8,50.2825,66.223
2023-05-02 19:00:00+02:00,,30.8,46.593,58.145
2023-05-02 20:00:00+02:00,,36.5,51.6875,69.34
2023-05-02 21:00:00+02:00,,60.4,77.478,116.944
2023-05-02 22:00:00+02:00,,58.7,75.2075,113.8275
2023-05-02 23:00:00+02:00,,51.9,67.892,100.5255
2023-05-03 00:00:00+02:00,,42.5,57.7495,81.973
2023-05-03 01:00:00+02:00,,42.5,58.1665,82.3075
2023-05-03 02:00:00+02:00,,36.7,52.48,70.5455
2023-05-03 03:00:00+02:00,,27.0,43.3845,51.5045
2023-05-03 04:00:00+02:00,,22.0,36.9765,41.412
2023-05-03 05:00:00+02:00,,13.9,25.672,25.845
2023-05-03 06:00:00+02:00,,11.2,20.551,20.551
2023-05-03 07:00:00+02:00,,13.1,23.8995,24.019
2023-05-03 08:00:00+02:00,,19.0,33.295500000000004,35.3415
2023-05-03 09:00:00+02:00,,16.0,28.6915,29.3845
2023-05-03 10:00:00+02:00,,15.2,26.946,27.422
2023-05-03 11:00:00+02:00,,14.9,26.2335,26.7935
2023-05-03 12:00:00+02:00,,14.0,24.7765,24.9165
2023-05-03 13:00:00+02:00,,14.7,25.909,26.178
2023-05-03 14:00:00+02:00,,15.5,27.5575,28.0445
2023-05-03 15:00:00+02:00,,18.0,31.287,32.855000000000004
2023-05-03 16:00:00+02:00,,15.1,27.029,27.5115
2023-05-03 17:00:00+02:00,,17.3,30.552,31.7365
2023-05-03 18:00:00+02:00,,21.2,36.582,39.6345
2023-05-03 19:00:00+02:00,,22.1,37.983,41.7055
2023-05-03 20:00:00+02:00,,18.6,32.8645,34.699
2023-05-03 21:00:00+02:00,,18.3,32.6355,34.312
2023-05-03 22:00:00+02:00,,24.3,40.687,46.313
2023-05-03 23:00:00+02:00,,22.6,38.428,42.9205
2023-05-04 00:00:00+02:00,,16.2,29.6735,30.782
2023-05-04 01:00:00+02:00,,15.0,27.552,28.5665
2023-05-04 02:00:00+02:00,,11.5,21.278,21.278
2023-05-04 03:00:00+02:00,,11.3,21.25,21.25
2023-05-04 04:00:00+02:00,,11.6,21.534,21.5365
2023-05-04 05:00:00+02:00,,10.6,19.57,19.57
2023-05-04 06:00:00+02:00,,10.6,19.522,19.522
2023-05-04 07:00:00+02:00,,12.2,22.544,22.5575
2023-05-04 08:00:00+02:00,,13.1,24.411,24.5435
2023-05-04 09:00:00+02:00,,15.3,27.996,28.672
2023-05-04 10:00:00+02:00,,19.2,34.0635,36.27
2023-05-04 11:00:00+02:00,,18.4,32.351,34.1645
2023-05-04 12:00:00+02:00,,15.9,27.5795,28.2845
2023-05-04 13:00:00+02:00,,17.9,30.396,31.5775
2023-05-04 14:00:00+02:00,,14.9,25.938,26.2445
2023-05-04 15:00:00+02:00,,12.2,21.28,21.294
2023-05-04 16:00:00+02:00,,10.7,18.614,18.615
2023-05-04 17:00:00+02:00,,9.0,15.5705,15.5705
2023-05-04 18:00:00+02:00,,9.4,16.5715,16.5715
2023-05-04 19:00:00+02:00,,12.1,21.661,21.775
2023-05-04 20:00:00+02:00,,21.9,36.513000000000005,41.1275
2023-05-04 21:00:00+02:00,,25.1,42.418000000000006,49.165000000000006
2023-05-04 22:00:00+02:00,,19.5,35.6905,38.0825
2023-05-04 23:00:00+02:00,,18.4,34.5565,36.55200000000001
2023-05-05 00:00:00+02:00,,14.8,28.7625,28.999
2023-05-05 01:00:00+02:00,,14.0,27.223,27.313
2023-05-05 02:00:00+02:00,,13.1,26.057,26.084000000000003
2023-05-05 03:00:00+02:00,,11.8,23.077,23.079
2023-05-05 04:00:00+02:00,,10.6,20.9165,20.9165
2023-05-05 05:00:00+02:00,,13.3,26.949,27.0215
2023-05-05 06:00:00+02:00,,12.0,23.8895,23.894
2023-05-05 07:00:00+02:00,,13.0,24.495,24.6425
2023-05-05 08:00:00+02:00,,12.2,21.2005,21.2005
2023-05-05 09:00:00+02:00,,10.5,17.4665,17.4665
2023-05-05 10:00:00+02:00,,10.4,16.9825,16.9825
2023-05-05 11:00:00+02:00,,10.4,17.0765,17.0765
2023-05-05 12:00:00+02:00,,7.2,11.5945,11.5945
2023-05-05 13:00:00+02:00,,6.9,11.3745,11.3745
2023-05-05 14:00:00+02:00,,8.7,14.795,14.795
2023-05-05 15:00:00+02:00,,8.9,15.2185,15.2185
2023-05-05 16:00:00+02:00,,8.5,14.396999999999998,14.396999999999998
2023-05-05 17:00:00+02:00,,8.4,14.408,14.408
2023-05-05 18:00:00+02:00,,9.1,15.599,15.599
2023-05-05 19:00:00+02:00,,10.3,18.2225,18.2225
2023-05-05 20:00:00+02:00,,17.1,29.6805,31.187
2023-05-05 21:00:00+02:00,,27.1,42.8315,50.9815
2023-05-05 22:00:00+02:00,,22.4,38.342,42.354
2023-05-05 23:00:00+02:00,,18.0,32.501000000000005,34.048500000000004
2023-05-06 00:00:00+02:00,,17.2,31.83,32.924
2023-05-06 01:00:00+02:00,,17.6,32.748,34.1125
2023-05-06 02:00:00+02:00,,18.4,34.4525,36.094
2023-05-06 03:00:00+02:00,,19.0,35.679500000000004,37.626
2023-05-06 04:00:00+02:00,,19.1,36.286,38.209500000000006
2023-05-06 05:00:00+02:00,,18.5,35.764,37.527
2023-05-06 06:00:00+02:00,,19.1,36.128,38.1005
2023-05-06 07:00:00+02:00,,19.3,33.813,35.7315
2023-05-06 08:00:00+02:00,,17.2,29.3685,30.0655
2023-05-06 09:00:00+02:00,,16.3,26.9765,27.2315
2023-05-06 10:00:00+02:00,,15.2,25.2675,25.379
2023-05-06 11:00:00+02:00,,13.3,21.9485,21.9505
2023-05-06 12:00:00+02:00,,12.9,21.47,21.472
2023-05-06 13:00:00+02:00,,13.3,22.2245,22.3795
2023-05-06 14:00:00+02:00,,10.0,16.880000000000003,16.9015
2023-05-06 15:00:00+02:00,,8.8,14.7655,14.7655
2023-05-06 16:00:00+02:00,,8.0,13.437,13.437
2023-05-06 17:00:00+02:00,,7.0,11.673,11.673
2023-05-06 18:00:00+02:00,,8.0,13.5085,13.5085
2023-05-06 19:00:00+02:00,,8.2,14.1355,14.1355
2023-05-06 20:00:00+02:00,,13.1,23.486,23.564
2023-05-06 21:00:00+02:00,,16.6,29.364,30.200000000000003
2023-05-06 22:00:00+02:00,,15.2,27.52,27.9925
2023-05-06 23:00:00+02:00,,11.8,21.704,21.705
2023-05-07 00:00:00+02:00,,10.0,18.4175,18.4175
2023-05-07 01:00:00+02:00,,9.0,16.8205,16.8205
2023-05-07 02:00:00+02:00,,8.9,16.8435,16.8435
2023-05-07 03:00:00+02:00,,8.7,16.4365,16.4365
2023-05-07 04:00:00+02:00,,8.9,16.860500000000002,16.860500000000002
2023-05-07 05:00:00+02:00,,8.7,16.7215,16.7215
2023-05-07 06:00:00+02:00,,10.3,19.875,19.9
2023-05-07 07:00:00+02:00,,12.1,21.8555,21.901
2023-05-07 08:00:00+02:00,,9.3,15.9725,15.9725
2023-05-07 09:00:00+02:00,,8.4,13.628,13.628
2023-05-07 10:00:00+02:00,,7.9,12.8695,12.8695
2023-05-07 11:00:00+02:00,,7.6,12.466,12.466
2023-05-07 12:00:00+02:00,,7.5,12.108,12.108
2023-05-07 13:00:00+02:00,,7.8,12.83,12.83
2023-05-07 14:00:00+02:00,,7.3,12.0105,12.0105
2023-05-07 15:00:00+02:00,,7.4,12.307,12.307
2023-05-07 16:00:00+02:00,,7.8,13.004,13.004
2023-05-07 17:00:00+02:00,,8.2,13.762,13.762
2023-05-07 18:00:00+02:00,,9.0,15.4335,15.4335
2023-05-07 19:00:00+02:00,,12.0,21.1065,21.112
2023-05-07 20:00:00+02:00,,8.9,15.567,15.5705
2023-05-07 21:00:00+02:00,,7.3,12.5425,12.5425
2023-05-07 22:00:00+02:00,,7.4,12.6495,12.6495
2023-05-07 23:00:00+02:00,,8.2,14.504,14.504
2023-05-08 00:00:00+02:00,,5.7,9.7105,9.7105
2023-05-08 01:00:00+02:00,,5.3,9.161,9.161
2023-05-08 02:00:00+02:00,,6.2,10.885,10.885
2023-05-08 03:00:00+02:00,,6.1,10.713,10.713
2023-05-08 04:00:00+02:00,,5.9,10.327000000000002,10.327000000000002
2023-05-08 05:00:00+02:00,,7.0,12.513,12.513
2023-05-08 06:00:00+02:00,,7.1,12.792,12.792
2023-05-08 07:00:00+02:00,,9.3,16.6285,16.764
2023-05-08 08:00:00+02:00,,10.1,17.9745,17.9745
2023-05-08 09:00:00+02:00,,10.1,17.863999999999997,17.923499999999997
2023-05-08 10:00:00+02:00,,5.0,8.468499999999999,8.525500000000001
2023-05-08 11:00:00+02:00,,6.0,10.4105,10.4105
2023-05-08 12:00:00+02:00,,9.0,15.94,15.94
2023-05-08 13:00:00+02:00,,7.2,12.7715,12.7715
2023-05-08 14:00:00+02:00,,7.8,14.121,14.121
2023-05-08 15:00:00+02:00,,8.9,16.212,16.212
2023-05-08 16:00:00+02:00,,10.6,19.4745,19.4745
2023-05-08 17:00:00+02:00,,11.3,20.629,20.6525
2023-05-08 18:00:00+02:00,,18.0,31.5935,33.1025
2023-05-08 19:00:00+02:00,,20.5,35.659,38.264
2023-05-08 20:00:00+02:00,,24.5,41.027,46.866
2023-05-08 21:00:00+02:00,,28.5,46.184,56.1485
2023-05-08 22:00:00+02:00,,24.3,42.192,47.939
2023-05-08 23:00:00+02:00,,21.4,38.1785,41.527
2023-05-09 00:00:00+02:00,,22.9,40.4465,44.8355
2023-05-09 01:00:00+02:00,,19.0,34.946,37.0535
2023-05-09 02:00:00+02:00,,20.6,37.384,40.353
2023-05-09 03:00:00+02:00,,17.4,32.327,33.727
2023-05-09 04:00:00+02:00,,13.5,25.4395,25.697
2023-05-09 05:00:00+02:00,,11.6,22.005,22.007
2023-05-09 06:00:00+02:00,,8.3,15.5665,15.5665
2023-05-09 07:00:00+02:00,,8.1,15.292000000000002,15.292000000000002
2023-05-09 08:00:00+02:00,,8.3,15.591,15.591
2023-05-09 09:00:00+02:00,,9.3,17.006,17.006
2023-05-09 10:00:00+02:00,,12.1,21.85,21.8565
2023-05-09 11:00:00+02:00,,13.2,23.16,23.176
2023-05-09 12:00:00+02:00,,11.3,19.962,19.9625
2023-05-09 13:00:00+02:00,,6.1,10.384,10.384
2023-05-09 16:00:00+02:00,100.0,5.2,8.815000000000001,8.815000000000001
2023-05-09 17:00:00+02:00,,5.8,10.0135,10.0135
2023-05-09 18:00:00+02:00,,5.8,10.1635,10.1635
2023-05-09 19:00:00+02:00,,7.4,13.284,13.2885
2023-05-09 20:00:00+02:00,,9.5,17.678,17.758499999999998
2023-05-09 21:00:00+02:00,,15.5,28.8515,29.607
2023-05-09 22:00:00+02:00,,19.6,35.7205,38.282
2023-05-09 23:00:00+02:00,,21.3,38.4215,41.96
2023-05-10 00:00:00+02:00,,19.4,35.6375,38.133
2023-05-10 01:00:00+02:00,,18.2,33.687,35.5055
2023-05-10 02:00:00+02:00,,14.3,27.14,27.553
2023-05-10 03:00:00+02:00,,10.7,20.49,20.49
2023-05-10 04:00:00+02:00,,10.0,19.0655,19.0655
2023-05-10 05:00:00+02:00,,10.8,20.7245,20.725
2023-05-10 06:00:00+02:00,,12.0,23.127,23.131500000000003
2023-05-10 07:00:00+02:00,,13.3,25.414,25.47
2023-05-10 08:00:00+02:00,,16.3,29.802,30.6305
2023-05-10 09:00:00+02:00,,18.1,30.633000000000003,31.8405
2023-05-10 10:00:00+02:00,,20.3,32.9405,35.174
2023-05-10 11:00:00+02:00,,20.8,34.1605,36.572
2023-05-10 12:00:00+02:00,,20.4,34.0105,36.2425
2023-05-10 13:00:00+02:00,,22.2,36.7875,40.3265
2023-05-10 14:00:00+02:00,,24.6,39.635,45.063
2023-05-10 15:00:00+02:00,,28.9,43.814,53.0975
2023-05-10 16:00:00+02:00,,29.8,44.504,54.703500000000005
2023-05-10 17:00:00+02:00,,26.4,41.5135,48.574
2023-05-10 18:00:00+02:00,,29.7,44.798,54.974
2023-05-10 19:00:00+02:00,,36.7,51.438,69.095
2023-05-10 20:00:00+02:00,,41.7,56.7605,79.914
2023-05-10 21:00:00+02:00,,47.4,62.69199999999999,90.762
2023-05-10 22:00:00+02:00,,40.6,55.7715,77.95949999999999
2023-05-10 23:00:00+02:00,,33.3,49.445,63.979
2023-05-11 00:00:00+02:00,,27.4,43.782,52.1615
2023-05-11 01:00:00+02:00,,16.8,30.2345,31.32
2023-05-11 02:00:00+02:00,,14.9,27.124,27.462000000000003
2023-05-11 03:00:00+02:00,,11.8,21.4975,21.509
2023-05-11 04:00:00+02:00,,9.7,17.579,17.579
2023-05-11 05:00:00+02:00,,8.8,16.0865,16.0865
2023-05-11 06:00:00+02:00,,8.8,16.2755,16.2755
2023-05-11 07:00:00+02:00,,11.3,21.3965,21.442
2023-05-11 08:00:00+02:00,,12.1,22.772,22.8485
2023-05-11 09:00:00+02:00,,12.3,23.0945,23.1295
2023-05-11 10:00:00+02:00,,15.5,28.423,29.007
2023-05-11 11:00:00+02:00,,14.2,25.984,26.248
2023-05-11 12:00:00+02:00,,13.0,23.881500000000003,24.005000000000003
2023-05-11 13:00:00+02:00,,14.5,26.327,26.603
2023-05-11 14:00:00+02:00,,15.7,27.7605,28.4445
2023-05-11 15:00:00+02:00,,15.6,26.944000000000003,28.3315
2023-05-11 16:00:00+02:00,,13.9,24.7235,24.95
2023-05-11 17:00:00+02:00,,19.4,33.386,47.819
2023-05-11 18:00:00+02:00,,17.0,30.209000000000003,31.3885
2023-05-11 19:00:00+02:00,,23.6,39.25749999999999,44.42
2023-05-11 20:00:00+02:00,,25.3,41.566,48.0595
2023-05-11 21:00:00+02:00,,31.4,47.5115,60.090500000000006
2023-05-11 22:00:00+02:00,,33.4,49.7175,64.311
2023-05-11 23:00:00+02:00,,29.6,46.2315,56.950500000000005
2023-05-12 00:00:00+02:00,,15.5,28.136,29.031
2023-05-12 01:00:00+02:00,,10.9,20.178,20.178
2023-05-12 02:00:00+02:00,,10.3,18.8755,18.8755
2023-05-12 03:00:00+02:00,,10.1,18.6645,18.6645
2023-05-12 04:00:00+02:00,,7.7,14.1015,14.1015
2023-05-12 05:00:00+02:00,,4.6,7.720000000000001,7.720000000000001
2023-05-12 06:00:00+02:00,,4.5,7.778,7.778
2023-05-12 07:00:00+02:00,,4.7,8.0265,8.0265
2023-05-12 08:00:00+02:00,,8.8,15.055,15.055
2023-05-12 09:00:00+02:00,,5.5,8.682,8.682
2023-05-12 10:00:00+02:00,,5.0,7.7445,7.7445
2023-05-12 11:00:00+02:00,,3.8,5.72,5.72
2023-05-12 12:00:00+02:00,,3.9,5.9445,5.9445
2023-05-12 13:00:00+02:00,,2.9,4.322,4.322
2023-05-12 14:00:00+02:00,,1.4,1.6335000000000002,1.6335000000000002
2023-05-12 15:00:00+02:00,,1.3,1.3225,1.3225
2023-05-12 16:00:00+02:00,,1.5,1.7479999999999998,1.7479999999999998
2023-05-12 17:00:00+02:00,,1.8,2.4065,2.4065
2023-05-12 18:00:00+02:00,,2.8,4.217499999999999,4.217499999999999
2023-05-12 19:00:00+02:00,,2.2,3.1660000000000004,3.1660000000000004
2023-05-12 20:00:00+02:00,,7.0,12.962,12.9645
2023-05-12 21:00:00+02:00,,7.3,13.4525,13.4525
2023-05-12 22:00:00+02:00,,8.4,15.7095,15.714
2023-05-12 23:00:00+02:00,,5.7,10.311,10.311
2023-05-13 00:00:00+02:00,,4.3,7.4815,7.4815
2023-05-13 01:00:00+02:00,,7.6,14.6725,14.6725
2023-05-13 02:00:00+02:00,,6.3,11.9295,11.9295
2023-05-13 03:00:00+02:00,,3.6,6.254,6.254
2023-05-13 04:00:00+02:00,,2.9,4.771,4.771
2023-05-13 05:00:00+02:00,,2.4,3.6515,3.6515
2023-05-13 06:00:00+02:00,,2.8,4.505,4.505
2023-05-13 07:00:00+02:00,,2.7,4.055,4.055
2023-05-13 08:00:00+02:00,,4.2,6.8075,6.8075
2023-05-13 09:00:00+02:00,,9.2,16.0195,16.023
2023-05-13 10:00:00+02:00,,7.7,13.048,13.057
2023-05-13 11:00:00+02:00,,6.8,11.076,11.079
2023-05-13 12:00:00+02:00,,6.7,11.095,11.095
2023-05-13 13:00:00+02:00,,9.8,17.08,17.0875
2023-05-13 14:00:00+02:00,,11.6,20.3875,20.3875
2023-05-13 15:00:00+02:00,,9.9,17.4165,17.464
2023-05-13 16:00:00+02:00,,11.0,20.3075,20.3155
2023-05-13 17:00:00+02:00,,12.8,23.164,23.6025
2023-05-13 18:00:00+02:00,,16.0,29.426,30.57
2023-05-13 19:00:00+02:00,,25.9,42.4425,49.590500000000006
2023-05-13 20:00:00+02:00,,24.8,41.5855,47.688
2023-05-13 21:00:00+02:00,,22.1,38.7575,42.616
2023-05-13 22:00:00+02:00,,29.7,46.9185,58.3045
2023-05-13 23:00:00+02:00,,27.4,44.8875,53.7775
2023-05-14 00:00:00+02:00,,24.8,41.935,48.2505
2023-05-14 01:00:00+02:00,,13.2,24.139000000000003,24.7125
2023-05-14 02:00:00+02:00,,9.5,17.6185,17.6185
2023-05-14 03:00:00+02:00,,9.1,16.621,16.621
2023-05-14 04:00:00+02:00,,8.4,15.314,15.314
2023-05-14 05:00:00+02:00,,9.0,16.465,16.465
2023-05-14 06:00:00+02:00,,9.9,18.079,18.079
2023-05-14 07:00:00+02:00,,11.1,20.503500000000003,20.5075
2023-05-14 08:00:00+02:00,,10.5,19.0895,19.0895
2023-05-14 09:00:00+02:00,,12.5,22.725,22.7335
2023-05-14 10:00:00+02:00,,12.0,21.819000000000003,21.829
2023-05-14 11:00:00+02:00,,11.9,21.5095,21.52
2023-05-14 12:00:00+02:00,,12.1,21.5995,21.621
2023-05-14 13:00:00+02:00,,16.2,28.674,29.4
2023-05-14 14:00:00+02:00,,19.5,33.4665,35.462
2023-05-14 15:00:00+02:00,,21.3,36.003,38.837
2023-05-14 16:00:00+02:00,,20.9,35.512,38.2305
2023-05-14 17:00:00+02:00,,21.9,36.754,40.0645
2023-05-14 18:00:00+02:00,,24.0,39.578500000000005,44.5355
2023-05-14 19:00:00+02:00,,29.3,45.803,55.935500000000005
2023-05-14 20:00:00+02:00,,29.9,47.317,58.557
2023-05-14 21:00:00+02:00,,31.9,48.4505,61.5725
2023-05-14 22:00:00+02:00,,33.3,50.0775,64.7505
2023-05-14 23:00:00+02:00,,26.0,43.0795,50.51349999999999
2023-05-15 00:00:00+02:00,,16.2,30.158,30.9145
2023-05-15 01:00:00+02:00,,11.3,21.4285,21.4295
2023-05-15 02:00:00+02:00,,5.5,9.849,9.849
2023-05-15 03:00:00+02:00,,3.3,5.4735,5.4735
2023-05-15 04:00:00+02:00,,2.2,3.194,3.194
2023-05-15 05:00:00+02:00,,1.8,2.4375,2.4375
2023-05-15 06:00:00+02:00,,6.6,11.892,11.908
2023-05-15 07:00:00+02:00,,13.0,24.342,24.416
2023-05-15 08:00:00+02:00,,12.3,22.515,22.5585
2023-05-15 09:00:00+02:00,,9.6,17.0845,17.0855
2023-05-15 10:00:00+02:00,,8.9,15.62,15.6255
2023-05-15 11:00:00+02:00,,5.9,9.9495,9.9495
2023-05-15 12:00:00+02:00,,4.5,7.439999999999999,7.439999999999999
2023-05-15 13:00:00+02:00,,4.1,6.6455,6.6455
2023-05-15 14:00:00+02:00,,4.0,6.648,6.648
2023-05-15 15:00:00+02:00,,3.7,5.9295,5.9295
2023-05-15 16:00:00+02:00,,4.5,7.548999999999999,7.548999999999999
2023-05-15 17:00:00+02:00,,4.5,7.711500000000001,7.711500000000001
2023-05-15 18:00:00+02:00,,6.8,12.052,12.052
2023-05-15 19:00:00+02:00,,7.9,14.377,14.377
2023-05-15 20:00:00+02:00,,7.6,14.0015,14.0015
2023-05-15 21:00:00+02:00,,9.0,16.942,16.942
2023-05-15 22:00:00+02:00,,10.8,20.3725,20.3905
2023-05-15 23:00:00+02:00,,3.0,4.901,4.901
2023-05-16 00:00:00+02:00,,3.6,5.949,5.949
2023-05-16 01:00:00+02:00,,2.4,3.606,3.606
2023-05-16 02:00:00+02:00,,3.8,6.224,6.224
2023-05-16 03:00:00+02:00,,2.0,2.7075,2.7075
2023-05-16 04:00:00+02:00,,3.4,5.322,5.322
2023-05-16 05:00:00+02:00,,3.8,6.2490000000000006,6.2490000000000006
2023-05-16 06:00:00+02:00,,4.1,6.9025,6.9025
2023-05-16 07:00:00+02:00,,6.1,10.8195,10.8195
2023-05-16 08:00:00+02:00,,10.5,19.0365,19.0365
2023-05-16 09:00:00+02:00,,16.3,29.1025,30.1285
2023-05-16 10:00:00+02:00,,16.2,28.614,29.36
2023-05-16 11:00:00+02:00,,15.7,27.8595,28.3905
2023-05-16 12:00:00+02:00,,13.2,23.6625,23.698
2023-05-16 13:00:00+02:00,,16.9,29.3905,30.559
2023-05-16 14:00:00+02:00,,26.1,41.385,48.1765
2023-05-16 15:00:00+02:00,,27.7,42.441,50.6385
2023-05-16 16:00:00+02:00,,15.1,26.116,26.907
2023-05-16 17:00:00+02:00,,6.6,11.3975,11.3975
2023-05-16 18:00:00+02:00,,11.7,21.1835,21.264000000000003
2023-05-16 19:00:00+02:00,,15.6,28.236,28.8285
2023-05-16 20:00:00+02:00,,19.9,35.114,37.5325
2023-05-16 21:00:00+02:00,,27.6,43.7725,52.6955
2023-05-16 22:00:00+02:00,,23.2,37.9685,43.879
2023-05-16 23:00:00+02:00,,16.9,30.3725,31.417
2023-05-17 00:00:00+02:00,,13.4,24.1935,24.451
2023-05-17 01:00:00+02:00,,8.0,14.139500000000002,14.139500000000002
2023-05-17 02:00:00+02:00,,5.3,9.014,9.014
2023-05-17 03:00:00+02:00,,4.4,7.3355,7.3355
2023-05-17 04:00:00+02:00,,5.2,8.8125,8.8125
2023-05-17 05:00:00+02:00,,4.8,8.0695,8.0695
2023-05-17 06:00:00+02:00,,5.1,8.8535,8.8535
2023-05-17 07:00:00+02:00,,8.8,16.089,16.144
2023-05-17 08:00:00+02:00,,8.9,16.418,16.519
2023-05-17 09:00:00+02:00,,7.2,12.918,12.918
2023-05-17 10:00:00+02:00,,7.2,12.512,12.512
2023-05-17 11:00:00+02:00,,9.3,15.919,15.919
2023-05-17 12:00:00+02:00,,13.2,23.196,23.2845
2023-05-17 13:00:00+02:00,,10.3,17.707,17.7785
2023-05-17 14:00:00+02:00,,6.0,9.9905,9.9905
2023-05-17 15:00:00+02:00,,6.8,11.92,11.92
2023-05-17 16:00:00+02:00,,6.6,11.613,11.613
2023-05-17 17:00:00+02:00,,5.7,10.1285,10.1285
2023-05-17 18:00:00+02:00,,5.8,10.508500000000002,10.508500000000002
2023-05-17 19:00:00+02:00,,6.8,12.7645,12.7645
2023-05-17 20:00:00+02:00,,7.5,14.208,14.208
2023-05-17 21:00:00+02:00,,7.2,13.5515,13.5515
2023-05-17 22:00:00+02:00,,6.1,11.2605,11.2605
2023-05-17 23:00:00+02:00,,4.4,7.641500000000001,7.641500000000001
2023-05-18 00:00:00+02:00,,3.6,6.032500000000001,6.032500000000001
2023-05-18 01:00:00+02:00,,3.6,6.1975,6.1975
2023-05-18 02:00:00+02:00,,3.6,6.119,6.119
2023-05-18 03:00:00+02:00,,3.9,6.5855,6.5855
2023-05-18 04:00:00+02:00,,3.6,5.9455,5.9455
2023-05-18 05:00:00+02:00,,3.1,5.155,5.155
2023-05-18 06:00:00+02:00,,3.3,5.5215,5.5215
2023-05-18 07:00:00+02:00,,4.3,7.5815,7.5815
2023-05-18 08:00:00+02:00,,6.6,12.5795,12.5795
2023-05-18 09:00:00+02:00,,6.7,12.23,12.23
2023-05-18 10:00:00+02:00,,7.3,13.472,13.472
2023-05-18 11:00:00+02:00,,7.9,14.8075,14.8075
2023-05-18 12:00:00+02:00,,8.5,15.99,15.99
2023-05-18 13:00:00+02:00,,9.6,18.193,18.196
2023-05-18 14:00:00+02:00,,10.8,20.4025,20.502
2023-05-18 15:00:00+02:00,,10.9,20.719,20.728
2023-05-18 16:00:00+02:00,,11.5,21.7905,21.7975
2023-05-18 17:00:00+02:00,,12.8,24.56,24.6995
2023-05-18 18:00:00+02:00,,11.2,21.352,21.381
2023-05-18 19:00:00+02:00,,13.0,24.9925,25.087
2023-05-18 20:00:00+02:00,,15.2,29.228,29.943
2023-05-18 21:00:00+02:00,,16.9,32.3765,33.6975
2023-05-18 22:00:00+02:00,,16.8,31.748,32.831500000000005
2023-05-18 23:00:00+02:00,,22.4,40.8005,45.227
2023-05-19 00:00:00+02:00,,21.6,39.7925,43.413
2023-05-19 01:00:00+02:00,,20.2,37.871,40.6665
2023-05-19 02:00:00+02:00,,16.6,32.049,33.3185
2023-05-19 03:00:00+02:00,,14.5,28.143,28.606
2023-05-19 04:00:00+02:00,,11.3,22.1245,22.152
2023-05-19 05:00:00+02:00,,10.2,19.471,19.4955
2023-05-19 06:00:00+02:00,,13.0,25.2665,25.374
2023-05-19 07:00:00+02:00,,15.5,29.703000000000003,30.303
2023-05-19 08:00:00+02:00,,14.4,27.1815,27.453
2023-05-19 09:00:00+02:00,,12.0,22.417,22.5365
2023-05-19 10:00:00+02:00,,7.2,12.407,12.407
2023-05-19 11:00:00+02:00,,7.3,12.724,12.724
2023-05-19 12:00:00+02:00,,10.0,16.823999999999998,16.823999999999998
2023-05-19 13:00:00+02:00,,12.9,22.671,22.693
2023-05-19 14:00:00+02:00,,15.3,27.013,27.353
2023-05-19 15:00:00+02:00,,16.3,28.448500000000003,29.057
2023-05-19 16:00:00+02:00,,14.1,24.72,24.972
2023-05-19 17:00:00+02:00,,11.4,20.182,20.182
2023-05-19 18:00:00+02:00,,12.0,21.215,21.215
2023-05-19 19:00:00+02:00,,12.1,21.588,21.5975
2023-05-19 20:00:00+02:00,,14.3,25.6715,25.8775
2023-05-19 21:00:00+02:00,,19.8,33.674,36.465
2023-05-19 22:00:00+02:00,,23.4,38.54600000000001,43.5885
2023-05-19 23:00:00+02:00,,24.8,40.354,46.07299999999999
2023-05-20 00:00:00+02:00,,23.1,38.9725,43.397
2023-05-20 01:00:00+02:00,,22.8,39.1955,43.442
2023-05-20 02:00:00+02:00,,22.9,39.662,44.047
2023-05-20 03:00:00+02:00,,20.5,35.7385,38.488
2023-05-20 04:00:00+02:00,,19.0,33.78,35.756
2023-05-20 05:00:00+02:00,,18.3,33.049,34.7825
2023-05-20 06:00:00+02:00,,20.1,35.7375,38.27
2023-05-20 07:00:00+02:00,,23.7,39.665,44.724500000000006
2023-05-20 08:00:00+02:00,,25.4,41.3545,47.767
2023-05-20 09:00:00+02:00,,30.5,45.477,56.593
2023-05-20 10:00:00+02:00,,33.6,47.98,61.974
2023-05-20 11:00:00+02:00,,39.0,52.0565,72.035
2023-05-20 12:00:00+02:00,,34.2,46.909000000000006,61.099
2023-05-20 13:00:00+02:00,,30.8,44.206,54.8175
2023-05-20 14:00:00+02:00,,27.0,40.546,47.721
2023-05-20 15:00:00+02:00,,20.2,33.222,35.299
2023-05-20 16:00:00+02:00,,18.0,30.108,31.114
2023-05-20 17:00:00+02:00,,14.4,24.6555,24.7105
2023-05-20 18:00:00+02:00,,14.8,25.9415,26.065
2023-05-20 19:00:00+02:00,,17.9,30.7455,32.1225
2023-05-20 20:00:00+02:00,,30.0,44.7635,55.6795
2023-05-20 21:00:00+02:00,,32.5,47.5065,60.994
2023-05-20 22:00:00+02:00,,33.0,48.6515,62.86450000000001
2023-05-20 23:00:00+02:00,,30.7,46.9075,58.73950000000001
2023-05-21 00:00:00+02:00,,30.4,47.3285,59.0265
2023-05-21 01:00:00+02:00,,27.6,45.3225,54.293
2023-05-21 02:00:00+02:00,,24.8,42.5085,48.6505
2023-05-21 03:00:00+02:00,,20.1,37.2515,39.844
2023-05-21 04:00:00+02:00,,16.6,32.012,33.0115
2023-05-21 05:00:00+02:00,,15.2,29.8155,30.1995
2023-05-21 06:00:00+02:00,,15.2,29.468,29.9045
2023-05-21 07:00:00+02:00,,15.0,27.108,27.357
2023-05-21 08:00:00+02:00,,17.0,28.77,29.503500000000003
2023-05-21 09:00:00+02:00,,14.2,23.3,23.3185
2023-05-21 10:00:00+02:00,,11.1,18.133000000000003,18.133000000000003
2023-05-21 11:00:00+02:00,,10.1,16.311,16.311
2023-05-21 12:00:00+02:00,,9.3,14.9825,14.9825
2023-05-21 13:00:00+02:00,,9.3,15.5025,15.5025
2023-05-21 14:00:00+02:00,,7.6,12.816,12.816
2023-05-21 15:00:00+02:00,,8.1,13.6615,13.6615
2023-05-21 16:00:00+02:00,,7.2,12.037,12.037
2023-05-21 17:00:00+02:00,,7.7,13.027,13.027
2023-05-21 18:00:00+02:00,,9.2,15.7745,15.7745
2023-05-21 19:00:00+02:00,,10.5,17.965,17.965
2023-05-21 20:00:00+02:00,,10.7,18.5355,18.574
2023-05-21 21:00:00+02:00,,16.2,28.7405,29.4155
2023-05-21 22:00:00+02:00,,15.2,27.346,27.7735
2023-05-21 23:00:00+02:00,,14.9,27.065,27.3775
2023-05-22 00:00:00+02:00,,14.7,27.053,27.355
2023-05-22 01:00:00+02:00,,13.5,25.179,25.225
2023-05-22 02:00:00+02:00,,13.4,25.3415,25.3645
2023-05-22 03:00:00+02:00,,13.8,26.209,26.307
2023-05-22 04:00:00+02:00,,13.0,25.134,25.1535
2023-05-22 05:00:00+02:00,,13.5,26.09,26.199
2023-05-22 06:00:00+02:00,,13.4,25.653,25.7635
2023-05-22 07:00:00+02:00,,13.2,23.813,23.8405
2023-05-22 08:00:00+02:00,,15.6,26.581,27.1205
2023-05-22 09:00:00+02:00,,19.3,30.145,32.379000000000005
2023-05-22 10:00:00+02:00,,12.5,20.654,20.6545
2023-05-22 11:00:00+02:00,,11.1,18.2005,18.2005
2023-05-22 12:00:00+02:00,,9.6,15.717,15.717
2023-05-22 13:00:00+02:00,,9.3,15.5555,15.5555
2023-05-22 14:00:00+02:00,,9.8,16.8645,16.8645
2023-05-22 15:00:00+02:00,,9.0,15.468,15.468
2023-05-22 16:00:00+02:00,,8.3,14.1085,14.1085
2023-05-22 17:00:00+02:00,,8.3,14.1245,14.1245
2023-05-22 18:00:00+02:00,,8.1,13.832999999999998,13.832999999999998
2023-05-22 19:00:00+02:00,,8.5,14.703500000000002,14.703500000000002
2023-05-22 20:00:00+02:00,,13.6,23.657,24.063
2023-05-22 21:00:00+02:00,,16.5,29.121,29.8585
2023-05-22 22:00:00+02:00,,15.5,27.958,28.479
2023-05-22 23:00:00+02:00,,13.1,23.805,23.871
2023-05-23 00:00:00+02:00,,11.6,21.156,21.1565
2023-05-23 01:00:00+02:00,,11.4,21.0325,21.0325
2023-05-23 02:00:00+02:00,,11.5,21.45,21.45
2023-05-23 03:00:00+02:00,,11.5,21.7905,21.7905
2023-05-23 04:00:00+02:00,,11.7,22.1065,22.1075
2023-05-23 05:00:00+02:00,,11.2,21.3695,21.3695
2023-05-23 06:00:00+02:00,,12.2,23.003,23.015
2023-05-23 07:00:00+02:00,,10.9,19.411,19.4125
2023-05-23 08:00:00+02:00,,10.9,18.474,18.4765
2023-05-23 09:00:00+02:00,,9.6,15.8915,15.892
2023-05-23 10:00:00+02:00,,10.5,17.189,17.707
2023-05-23 11:00:00+02:00,,9.2,15.236999999999998,15.2405
2023-05-23 12:00:00+02:00,,7.9,13.0345,13.0345
2023-05-23 13:00:00+02:00,,8.2,13.4675,13.4675
2023-05-23 14:00:00+02:00,,9.1,14.4765,15.403
2023-05-23 15:00:00+02:00,,6.7,10.902,10.902
2023-05-23 16:00:00+02:00,,6.3,10.331,10.331
2023-05-23 17:00:00+02:00,,6.8,11.112,11.112
2023-05-23 18:00:00+02:00,,7.1,11.5895,11.5895
2023-05-23 19:00:00+02:00,,11.1,18.82,19.005000000000003
2023-05-23 20:00:00+02:00,,16.4,27.2785,29.169
2023-05-23 21:00:00+02:00,,17.8,30.799,32.126999999999995
2023-05-23 22:00:00+02:00,,15.3,27.4055,27.8205
2023-05-23 23:00:00+02:00,,13.7,24.9705,25.043
2023-05-24 00:00:00+02:00,,13.1,23.9195,23.9495
2023-05-24 01:00:00+02:00,,14.1,25.617,25.881
2023-05-24 02:00:00+02:00,,11.8,21.7615,21.763
2023-05-24 03:00:00+02:00,,11.7,21.3735,21.3735
2023-05-24 04:00:00+02:00,,11.1,20.2875,20.2875
2023-05-24 05:00:00+02:00,,11.0,20.2305,20.2305
2023-05-24 06:00:00+02:00,,11.5,20.976,20.976
2023-05-24 07:00:00+02:00,,11.6,20.5225,20.5285
2023-05-24 08:00:00+02:00,,9.1,15.053999999999998,15.088
2023-05-24 09:00:00+02:00,,12.1,19.006500000000003,20.354
2023-05-24 10:00:00+02:00,,9.6,15.191,15.69
2023-05-24 11:00:00+02:00,,8.3,13.3455,13.3455
2023-05-24 12:00:00+02:00,,14.2,20.8635,24.799
2023-05-24 13:00:00+02:00,,12.8,19.9285,22.1515
2023-05-24 14:00:00+02:00,,12.5,20.0,21.7935
2023-05-24 15:00:00+02:00,,8.4,13.859,13.859
2023-05-24 16:00:00+02:00,,8.1,13.394,13.394
2023-05-24 17:00:00+02:00,,8.9,15.3225,15.622
2023-05-24 18:00:00+02:00,,9.0,15.878,15.878
2023-05-24 19:00:00+02:00,,10.2,18.56,18.5695
2023-05-24 20:00:00+02:00,,12.2,22.062,22.1355
2023-05-24 21:00:00+02:00,,10.8,19.3625,19.377
2023-05-24 22:00:00+02:00,,11.1,19.7625,19.764
2023-05-24 23:00:00+02:00,,11.9,21.883,21.907
2023-05-25 00:00:00+02:00,,10.1,18.1965,18.226
2023-05-25 01:00:00+02:00,,8.0,14.176,14.176
2023-05-25 02:00:00+02:00,,7.2,12.9315,12.9315
2023-05-25 03:00:00+02:00,,6.9,12.239,12.239
2023-05-25 04:00:00+02:00,,6.8,11.993,11.993
2023-05-25 05:00:00+02:00,,7.3,12.9075,12.9075
2023-05-25 06:00:00+02:00,,7.1,12.5855,12.5855
2023-05-25 07:00:00+02:00,,7.4,13.039,13.039
2023-05-25 08:00:00+02:00,,8.7,15.015,15.015
2023-05-25 09:00:00+02:00,,9.2,15.0245,15.0245
2023-05-25 10:00:00+02:00,,9.7,15.6915,15.8055
2023-05-25 11:00:00+02:00,,6.2,9.752,9.7545
2023-05-25 12:00:00+02:00,,6.3,9.9235,9.925
2023-05-25 13:00:00+02:00,,8.2,13.524,13.5425
2023-05-25 14:00:00+02:00,,5.9,9.3025,9.3025
2023-05-25 15:00:00+02:00,,6.7,10.671,10.671
2023-05-25 16:00:00+02:00,,5.7,8.919,8.919
2023-05-25 17:00:00+02:00,,6.2,9.741499999999998,9.741499999999998
2023-05-25 18:00:00+02:00,,7.1,11.639,11.639
2023-05-25 19:00:00+02:00,,7.3,12.192,12.192
2023-05-25 20:00:00+02:00,,8.2,13.6715,13.6715
2023-05-25 21:00:00+02:00,,15.9,27.6155,28.514000000000003
2023-05-25 22:00:00+02:00,,12.9,22.7525,22.7745
2023-05-25 23:00:00+02:00,,10.6,18.696,18.696
2023-05-26 00:00:00+02:00,,9.5,16.847,16.847
2023-05-26 01:00:00+02:00,,8.6,15.111,15.111
2023-05-26 02:00:00+02:00,,8.1,14.2125,14.2125
2023-05-26 03:00:00+02:00,,7.8,13.5315,13.5315
2023-05-26 04:00:00+02:00,,8.0,13.8095,13.8095
2023-05-26 05:00:00+02:00,,8.6,15.0185,15.0185
2023-05-26 06:00:00+02:00,,8.9,15.298,15.298
2023-05-26 07:00:00+02:00,,9.5,16.322,16.3265
2023-05-26 08:00:00+02:00,,9.2,15.1145,15.1145
2023-05-26 09:00:00+02:00,,9.1,14.616499999999998,14.616499999999998
2023-05-26 10:00:00+02:00,,10.3,16.703000000000003,16.703000000000003
2023-05-26 11:00:00+02:00,,9.5,15.166,15.166
2023-05-26 12:00:00+02:00,,10.0,16.0345,16.0345
2023-05-26 13:00:00+02:00,,10.3,16.767,16.767
2023-05-26 14:00:00+02:00,,9.6,15.6495,15.6495
2023-05-26 15:00:00+02:00,,9.6,15.677499999999998,15.677499999999998
2023-05-26 16:00:00+02:00,,10.1,16.9825,17.0205
2023-05-26 17:00:00+02:00,,8.8,14.2775,14.2775
2023-05-26 18:00:00+02:00,,9.5,16.005499999999998,16.0105
2023-05-26 19:00:00+02:00,,8.9,16.7455,16.7455
2023-05-26 20:00:00+02:00,,9.9,18.4535,18.456
2023-05-26 21:00:00+02:00,,7.8,14.057,14.057
2023-05-26 22:00:00+02:00,,7.6,13.427,13.432
2023-05-26 23:00:00+02:00,,7.3,12.8015,12.8015
2023-05-27 00:00:00+02:00,,6.7,11.636500000000002,11.636500000000002
2023-05-27 01:00:00+02:00,,6.4,11.057,11.057
2023-05-27 02:00:00+02:00,,4.8,8.0605,8.0605
2023-05-27 03:00:00+02:00,,5.4,9.216,9.216
2023-05-27 04:00:00+02:00,,4.2,6.785,6.785
2023-05-27 05:00:00+02:00,,4.3,7.032,7.032
2023-05-27 06:00:00+02:00,,5.5,9.3075,9.3075
2023-05-27 07:00:00+02:00,,7.4,12.9815,12.9815
2023-05-27 08:00:00+02:00,,11.4,19.9155,19.92
2023-05-27 09:00:00+02:00,,13.1,23.066000000000003,23.0695
2023-05-27 10:00:00+02:00,,14.7,26.2175,26.2635
2023-05-27 11:00:00+02:00,,14.7,25.826500000000003,25.8615
2023-05-27 12:00:00+02:00,,15.2,26.687,26.751
2023-05-27 13:00:00+02:00,,16.0,27.685,27.8195
2023-05-27 14:00:00+02:00,,17.7,30.3995,31.153
2023-05-27 15:00:00+02:00,,21.6,36.5865,39.856
2023-05-27 16:00:00+02:00,,19.5,33.333,34.9015
2023-05-27 17:00:00+02:00,,16.0,27.9095,28.163
2023-05-27 18:00:00+02:00,,13.0,23.161,23.2195
2023-05-27 19:00:00+02:00,,16.9,30.2915,30.8265
2023-05-27 20:00:00+02:00,,18.3,32.443,33.809
2023-05-27 21:00:00+02:00,,15.5,28.1925,28.5915
2023-05-27 22:00:00+02:00,,16.0,29.048,29.724
2023-05-27 23:00:00+02:00,,15.7,28.5545,28.848
2023-05-28 00:00:00+02:00,,18.6,32.915499999999994,34.3045
2023-05-28 01:00:00+02:00,,16.0,28.8645,29.196
2023-05-28 02:00:00+02:00,,14.0,25.568,25.62
2023-05-28 03:00:00+02:00,,11.6,21.268,21.268
2023-05-28 04:00:00+02:00,,9.9,17.794,17.794
2023-05-28 05:00:00+02:00,,10.9,20.091,20.091
2023-05-28 06:00:00+02:00,,10.9,19.9475,19.9475
2023-05-28 07:00:00+02:00,,9.3,16.7135,16.7135
2023-05-28 08:00:00+02:00,,8.2,14.1835,14.1835
2023-05-28 09:00:00+02:00,,9.3,16.131500000000003,16.131500000000003
2023-05-28 10:00:00+02:00,,12.3,20.5855,20.5855
2023-05-28 11:00:00+02:00,,12.3,19.9875,19.9875
2023-05-28 12:00:00+02:00,,9.8,15.748,15.748
2023-05-28 13:00:00+02:00,,7.6,12.516,12.516
2023-05-28 14:00:00+02:00,,8.0,13.515,13.515
2023-05-28 15:00:00+02:00,,9.1,15.4615,15.4615
2023-05-28 16:00:00+02:00,,10.0,17.3705,17.4
2023-05-28 17:00:00+02:00,,8.3,14.142,14.1515
2023-05-28 18:00:00+02:00,,9.5,16.6615,16.662
2023-05-28 19:00:00+02:00,,11.1,19.7855,19.8175
2023-05-28 20:00:00+02:00,,12.2,21.963500000000003,22.0455
2023-05-28 21:00:00+02:00,,13.6,25.0545,25.0865
2023-05-28 22:00:00+02:00,,12.6,23.207,23.2145
2023-05-28 23:00:00+02:00,,11.2,20.2155,20.2155
2023-05-29 00:00:00+02:00,,11.2,20.461,20.4655
2023-05-29 01:00:00+02:00,,11.2,20.5655,20.568
2023-05-29 02:00:00+02:00,,10.0,18.288,18.288
2023-05-29 03:00:00+02:00,,9.1,16.7045,16.7045
2023-05-29 04:00:00+02:00,,8.1,14.8215,14.8215
2023-05-29 05:00:00+02:00,,7.7,14.1025,14.1025
2023-05-29 06:00:00+02:00,,8.3,15.289,15.289
2023-05-29 07:00:00+02:00,,8.3,14.6195,14.6195
2023-05-29 08:00:00+02:00,,8.2,13.6825,13.6825
2023-05-29 09:00:00+02:00,,9.1,14.743,14.743
2023-05-29 10:00:00+02:00,,8.6,13.696,13.696
2023-05-29 11:00:00+02:00,,6.6,10.5135,10.5135
2023-05-29 12:00:00+02:00,,6.3,10.113,10.113
2023-05-29 13:00:00+02:00,,6.6,10.728,10.728
2023-05-29 14:00:00+02:00,,7.8,13.0775,13.0775
2023-05-29 15:00:00+02:00,,7.4,12.5375,12.5375
2023-05-29 16:00:00+02:00,,7.6,12.677499999999998,12.677499999999998
2023-05-29 17:00:00+02:00,,7.3,12.1295,12.1295
2023-05-29 18:00:00+02:00,,8.0,13.524,13.524
2023-05-29 19:00:00+02:00,,9.5,16.275,16.275
2023-05-29 20:00:00+02:00,,8.2,14.422,14.422
2023-05-29 21:00:00+02:00,,8.2,14.773,14.773
2023-05-29 22:00:00+02:00,,8.4,19.1045,19.1045
2023-05-29 23:00:00+02:00,,11.5,21.928,21.928
2023-05-30 00:00:00+02:00,,10.5,18.732,18.732
2023-05-30 01:00:00+02:00,,11.3,20.4555,20.4555
2023-05-30 02:00:00+02:00,,11.7,20.7875,20.7875
2023-05-30 03:00:00+02:00,,12.7,22.559,22.591
2023-05-30 04:00:00+02:00,,13.4,24.223,24.2255
2023-05-30 05:00:00+02:00,,14.0,25.1965,25.2075
2023-05-30 06:00:00+02:00,,14.2,25.5315,25.554
2023-05-30 07:00:00+02:00,,15.4,27.526,27.706
2023-05-30 08:00:00+02:00,,13.4,23.4375,23.4405
2023-05-30 09:00:00+02:00,,13.8,24.065,24.0765
2023-05-30 10:00:00+02:00,,13.4,23.179,23.1795
2023-05-30 11:00:00+02:00,,13.8,23.469,23.4725
2023-05-30 12:00:00+02:00,,16.9,27.668,27.9525
2023-05-30 13:00:00+02:00,,18.7,30.569,31.256500000000003
2023-05-30 14:00:00+02:00,,14.1,23.9835,24.0345
2023-05-30 15:00:00+02:00,,10.0,16.969,16.969
2023-05-30 16:00:00+02:00,,8.5,14.6305,14.6305
2023-05-30 17:00:00+02:00,,9.1,16.1045,16.106
2023-05-30 18:00:00+02:00,,6.5,11.428,11.428
2023-05-30 19:00:00+02:00,,9.0,16.338,16.338
2023-05-30 20:00:00+02:00,,7.8,13.8725,13.8725
2023-05-30 21:00:00+02:00,,7.6,13.876,13.891
2023-05-30 22:00:00+02:00,,7.2,12.857,12.857
2023-05-30 23:00:00+02:00,,6.5,11.563,11.563
2023-05-31 00:00:00+02:00,,5.6,9.79,9.79
2023-05-31 01:00:00+02:00,,5.6,9.5975,9.5975
2023-05-31 02:00:00+02:00,,5.4,9.29,9.29
2023-05-31 03:00:00+02:00,,7.0,12.186,12.186
2023-05-31 04:00:00+02:00,,3.6,5.801,5.801
2023-05-31 05:00:00+02:00,,4.8,8.259,8.259
2023-05-31 06:00:00+02:00,,5.3,9.065,9.065
2023-05-31 07:00:00+02:00,,5.9,10.1065,10.1065
2023-05-31 08:00:00+02:00,,5.8,9.98,9.98
2023-05-31 09:00:00+02:00,,5.0,8.347,8.347
2023-05-31 10:00:00+02:00,,6.7,11.2645,11.2645
2023-05-31 11:00:00+02:00,,6.9,11.3985,11.3985
2023-05-31 12:00:00+02:00,,5.8,9.629,9.629
2023-05-31 13:00:00+02:00,,5.2,8.5745,8.5745
2023-05-31 14:00:00+02:00,,4.9,7.997,7.997
2023-05-31 15:00:00+02:00,,5.5,8.910499999999999,8.910499999999999
2023-05-31 16:00:00+02:00,,6.1,10.105,10.105
2023-05-31 17:00:00+02:00,,7.4,12.5665,12.5665
2023-05-31 18:00:00+02:00,,7.7,13.107,13.107
2023-05-31 19:00:00+02:00,,8.6,15.079,15.079
2023-05-31 20:00:00+02:00,,10.1,17.7155,17.7155
2023-05-31 21:00:00+02:00,,12.8,22.948500000000003,23.068
2023-05-31 22:00:00+02:00,,10.8,19.177,19.177
2023-05-31 23:00:00+02:00,,11.0,20.0455,20.0455
2023-06-01 00:00:00+02:00,,12.2,22.0965,22.0965
2023-06-01 01:00:00+02:00,,12.8,23.3135,23.3135
2023-06-01 02:00:00+02:00,,13.6,24.864,24.87
2023-06-01 03:00:00+02:00,,13.1,23.8055,23.806
2023-06-01 04:00:00+02:00,,14.5,26.318,26.3555
2023-06-01 05:00:00+02:00,,14.1,25.7875,25.812
2023-06-01 06:00:00+02:00,,14.9,27.2295,27.301
2023-06-01 07:00:00+02:00,,13.0,23.398,23.4
2023-06-01 08:00:00+02:00,,12.0,20.919,20.919
2023-06-01 09:00:00+02:00,,14.1,24.6275,24.6445
2023-06-01 10:00:00+02:00,,14.7,25.4695,25.4995
2023-06-01 11:00:00+02:00,,14.7,24.946,24.9845
2023-06-01 12:00:00+02:00,,12.9,21.1675,21.173
2023-06-01 13:00:00+02:00,,11.0,18.336,18.336
2023-06-01 14:00:00+02:00,,10.9,18.5895,18.5895
2023-06-01 15:00:00+02:00,,10.9,18.5485,18.5485
2023-06-01 16:00:00+02:00,,9.9,16.9515,16.9515
2023-06-01 17:00:00+02:00,,13.9,24.632,24.963
2023-06-01 18:00:00+02:00,,14.8,26.292,26.3475
2023-06-01 19:00:00+02:00,,14.6,25.885,25.8935
2023-06-01 20:00:00+02:00,,16.1,28.8245,29.216
2023-06-01 21:00:00+02:00,,22.1,36.771,40.7285
2023-06-01 22:00:00+02:00,,19.7,34.3925,36.2235
2023-06-01 23:00:00+02:00,,19.0,33.553,34.812
2023-06-02 00:00:00+02:00,,18.0,32.236000000000004,33.0355
2023-06-02 01:00:00+02:00,,17.2,30.9695,31.5215
2023-06-02 02:00:00+02:00,,16.4,30.2065,30.483
2023-06-02 03:00:00+02:00,,16.1,29.829,30.0695
2023-06-02 04:00:00+02:00,,15.9,29.545,46.7795
2023-06-02 05:00:00+02:00,,15.4,28.9785,29.0945
2023-06-02 06:00:00+02:00,,14.9,27.819000000000003,27.8765
2023-06-02 07:00:00+02:00,,15.2,26.891,26.9205
2023-06-02 08:00:00+02:00,,14.4,24.261,24.2635
2023-06-02 09:00:00+02:00,,12.7,20.619,20.619
2023-06-02 10:00:00+02:00,,12.5,20.572000000000003,20.572000000000003
2023-06-02 11:00:00+02:00,,11.3,18.503,18.547
2023-06-02 12:00:00+02:00,,12.7,20.994,20.998
2023-06-02 13:00:00+02:00,,20.4,32.7575,34.911500000000004
2023-06-02 14:00:00+02:00,,24.3,37.7005,42.4295
2023-06-02 15:00:00+02:00,,23.5,36.4135,40.5355
2023-06-02 16:00:00+02:00,,21.8,34.420500000000004,37.2275
2023-06-02 17:00:00+02:00,,25.5,38.8185,44.5015
2023-06-02 18:00:00+02:00,,27.0,40.2045,47.0655
2023-06-02 19:00:00+02:00,,26.3,40.0245,46.286
2023-06-02 20:00:00+02:00,,28.0,42.3415,50.247
2023-06-02 21:00:00+02:00,,30.4,45.2485,55.638
2023-06-02 22:00:00+02:00,,29.6,44.77,54.418
2023-06-02 23:00:00+02:00,,27.3,42.7665,50.266000000000005
2023-06-03 00:00:00+02:00,,25.7,41.348,47.564
2023-06-03 01:00:00+02:00,,23.8,39.364,43.909000000000006
2023-06-03 02:00:00+02:00,,23.5,39.286,43.573
2023-06-03 03:00:00+02:00,,23.8,39.9855,44.6505
2023-06-03 04:00:00+02:00,,21.8,37.309,40.3115
2023-06-03 05:00:00+02:00,,24.8,41.0075,46.4895
2023-06-03 06:00:00+02:00,,25.9,41.8275,48.2125
2023-06-03 07:00:00+02:00,,19.0,32.263,33.8435
2023-06-03 08:00:00+02:00,,12.5,21.838,21.838
2023-06-03 09:00:00+02:00,,13.7,24.0725,24.089
2023-06-03 10:00:00+02:00,,13.7,24.1745,24.239
2023-06-03 11:00:00+02:00,,14.8,26.4905,26.7385
2023-06-03 12:00:00+02:00,,15.8,26.9285,27.096
2023-06-03 13:00:00+02:00,,13.3,22.373,22.373
2023-06-03 14:00:00+02:00,,11.9,20.4155,20.4155
2023-06-03 15:00:00+02:00,,11.7,20.3725,20.3725
2023-06-03 16:00:00+02:00,,10.2,17.7805,17.7805
2023-06-03 17:00:00+02:00,,9.4,16.421999999999997,16.421999999999997
2023-06-03 18:00:00+02:00,,10.1,17.865499999999997,17.865499999999997
2023-06-03 19:00:00+02:00,,9.4,16.607,16.607
2023-06-03 20:00:00+02:00,,10.5,18.851,18.851
2023-06-03 21:00:00+02:00,,14.1,25.4465,25.86
2023-06-03 22:00:00+02:00,,16.9,30.6655,31.47
2023-06-03 23:00:00+02:00,,14.1,26.2075,26.273
2023-06-04 00:00:00+02:00,,13.1,24.371,24.378
2023-06-04 01:00:00+02:00,,12.5,23.5805,23.5845
2023-06-04 02:00:00+02:00,,12.7,23.9775,23.9845
2023-06-04 03:00:00+02:00,,11.9,22.363,22.363
2023-06-04 04:00:00+02:00,,13.3,25.6045,25.608
2023-06-04 05:00:00+02:00,,11.9,22.6975,22.6975
2023-06-04 06:00:00+02:00,,12.1,22.8135,22.8145
2023-06-04 07:00:00+02:00,,12.6,22.6485,22.6485
2023-06-04 08:00:00+02:00,,12.8,22.0105,22.0105
2023-06-04 09:00:00+02:00,,13.6,22.551,22.5555
2023-06-04 10:00:00+02:00,,12.3,20.3435,20.3435
2023-06-04 11:00:00+02:00,,11.9,19.628,19.628
2023-06-04 12:00:00+02:00,,12.5,20.557,20.557
2023-06-04 13:00:00+02:00,,13.1,21.784,21.784
2023-06-04 14:00:00+02:00,,13.8,23.604,23.6045
2023-06-04 15:00:00+02:00,,13.8,23.5495,23.552
2023-06-04 16:00:00+02:00,,9.9,17.4285,17.4615
2023-06-04 17:00:00+02:00,,13.2,24.968,25.9815
2023-06-04 18:00:00+02:00,,12.9,23.701,23.703
2023-06-04 19:00:00+02:00,,12.3,22.269,22.2825
2023-06-04 20:00:00+02:00,,10.2,18.2425,18.271
2023-06-04 21:00:00+02:00,,11.0,19.7715,19.7985
2023-06-04 22:00:00+02:00,,10.5,18.9495,18.987
2023-06-04 23:00:00+02:00,,10.1,18.2705,18.2705
2023-06-05 00:00:00+02:00,,10.1,18.0805,18.0805
2023-06-05 01:00:00+02:00,,8.5,15.1485,15.1485
2023-06-05 02:00:00+02:00,,7.7,13.8955,13.8955
2023-06-05 03:00:00+02:00,,7.1,12.567,12.567
2023-06-05 04:00:00+02:00,,7.6,13.566,13.566
2023-06-05 05:00:00+02:00,,8.8,16.052500000000002,16.052500000000002
2023-06-05 06:00:00+02:00,,8.7,15.6455,15.6455
2023-06-05 07:00:00+02:00,,8.8,15.6475,15.6475
2023-06-05 08:00:00+02:00,,9.3,16.3335,16.3335
2023-06-05 09:00:00+02:00,,9.4,16.5565,16.558999999999997
2023-06-05 10:00:00+02:00,,9.7,17.284,17.284
2023-06-05 11:00:00+02:00,,8.9,15.2105,15.2105
2023-06-05 12:00:00+02:00,,10.0,16.728,16.728
2023-06-05 13:00:00+02:00,,9.4,16.2375,16.2375
2023-06-05 14:00:00+02:00,,7.8,13.151,13.164
2023-06-05 15:00:00+02:00,,8.1,13.8965,13.8965
2023-06-05 16:00:00+02:00,,10.0,17.4835,17.4835
2023-06-05 17:00:00+02:00,,11.5,20.0755,20.0765
2023-06-05 18:00:00+02:00,,13.3,23.5685,23.574
2023-06-05 19:00:00+02:00,,14.9,26.509500000000003,26.5395
2023-06-05 20:00:00+02:00,,18.3,31.883000000000003,33.0505
2023-06-05 21:00:00+02:00,,21.0,35.43,37.9715
2023-06-05 22:00:00+02:00,,19.7,34.016,35.786
2023-06-05 23:00:00+02:00,,21.3,36.069,38.8785
2023-06-06 00:00:00+02:00,,22.8,37.699,41.5335
2023-06-06 01:00:00+02:00,,19.2,33.686,35.1015
2023-06-06 02:00:00+02:00,,15.5,27.561,27.7105
2023-06-06 03:00:00+02:00,,12.0,21.33,21.3375
2023-06-06 04:00:00+02:00,,8.1,14.0285,14.0285
2023-06-06 05:00:00+02:00,,8.5,15.0555,15.0555
2023-06-06 06:00:00+02:00,,9.0,16.0265,16.0265
2023-06-06 07:00:00+02:00,,13.3,23.7725,23.9335
2023-06-06 08:00:00+02:00,,16.1,28.8055,28.962
2023-06-06 09:00:00+02:00,,13.7,23.8195,23.8215
2023-06-06 10:00:00+02:00,,12.4,21.103,21.103
2023-06-06 11:00:00+02:00,,11.8,20.363,20.363
2023-06-06 12:00:00+02:00,,11.4,18.9655,18.9655
2023-06-06 13:00:00+02:00,,10.4,17.3465,17.3465
2023-06-06 14:00:00+02:00,,9.0,15.472,15.5465
2023-06-06 15:00:00+02:00,,5.4,9.081,9.081
2023-06-06 16:00:00+02:00,,5.1,8.446,8.446
2023-06-06 17:00:00+02:00,,5.8,9.72,9.72
2023-06-06 18:00:00+02:00,,7.3,12.34,12.34
2023-06-06 19:00:00+02:00,,4.8,7.895,7.895
2023-06-06 20:00:00+02:00,,5.8,10.045,10.045
2023-06-06 21:00:00+02:00,,5.4,9.3685,9.3685
2023-06-06 22:00:00+02:00,,6.4,11.3785,11.385
2023-06-06 23:00:00+02:00,,4.8,8.1995,8.1995
2023-06-07 00:00:00+02:00,,4.2,7.084,7.084
2023-06-07 01:00:00+02:00,,3.8,6.3195,6.3195
2023-06-07 02:00:00+02:00,,3.2,5.031499999999999,5.031499999999999
2023-06-07 03:00:00+02:00,,3.1,4.957,4.957
2023-06-07 04:00:00+02:00,,3.1,4.8465,4.8465
2023-06-07 05:00:00+02:00,,3.5,5.736,5.736
2023-06-07 06:00:00+02:00,,6.2,10.993,10.993
2023-06-07 07:00:00+02:00,,5.9,9.927,9.927
2023-06-07 08:00:00+02:00,,5.1,8.185500000000001,8.185500000000001
2023-06-07 09:00:00+02:00,,3.4,4.938000000000001,4.938000000000001
2023-06-07 10:00:00+02:00,,2.6,3.5705,3.5705
2023-06-07 11:00:00+02:00,,2.2,2.7165,2.7165
2023-06-07 12:00:00+02:00,,2.4,3.093,3.093
2023-06-07 13:00:00+02:00,,2.8,4.0885,4.0885
2023-06-07 14:00:00+02:00,,2.9,4.335,4.335
2023-06-07 15:00:00+02:00,,2.9,4.084,4.084
2023-06-07 16:00:00+02:00,,2.9,4.295,4.295
2023-06-07 17:00:00+02:00,,3.0,4.295999999999999,4.295999999999999
2023-06-07 18:00:00+02:00,,3.1,4.5315,4.5315
2023-06-07 19:00:00+02:00,,3.0,4.423,4.423
2023-06-07 20:00:00+02:00,,4.6,7.454,7.454
2023-06-07 21:00:00+02:00,,8.7,15.2825,15.284
2023-06-07 22:00:00+02:00,,5.9,10.193,10.193
2023-06-07 23:00:00+02:00,,4.8,8.053,8.053
2023-06-08 00:00:00+02:00,,4.1,6.712,6.712
2023-06-08 01:00:00+02:00,,4.0,6.5145,6.5145
2023-06-08 02:00:00+02:00,,3.8,6.2685,6.2685
2023-06-08 03:00:00+02:00,,3.8,6.281499999999999,6.281499999999999
2023-06-08 04:00:00+02:00,,3.8,6.3345,6.3345
2023-06-08 05:00:00+02:00,,4.2,6.996,6.996
2023-06-08 06:00:00+02:00,,4.1,6.906499999999999,6.906499999999999
2023-06-08 07:00:00+02:00,,4.7,7.7315,7.7315
2023-06-08 08:00:00+02:00,,4.4,6.993,6.993
2023-06-08 09:00:00+02:00,,4.1,6.247,6.247
2023-06-08 10:00:00+02:00,,4.4,6.725,6.725
2023-06-08 11:00:00+02:00,,4.3,6.539,6.539
2023-06-08 12:00:00+02:00,,4.6,7.0175,7.0175
2023-06-08 13:00:00+02:00,,5.0,7.868,7.868
2023-06-08 14:00:00+02:00,,4.8,7.7,7.7
2023-06-08 15:00:00+02:00,,4.7,7.5095,7.5095
2023-06-08 16:00:00+02:00,,4.3,7.295,7.314999999999999
2023-06-08 17:00:00+02:00,,5.6,10.0265,10.16
2023-06-08 18:00:00+02:00,,5.5,9.466,9.466
2023-06-08 19:00:00+02:00,,7.8,13.739,13.739
2023-06-08 20:00:00+02:00,,9.8,17.674500000000002,17.701
2023-06-08 21:00:00+02:00,,10.7,19.231,19.273
2023-06-08 22:00:00+02:00,,9.6,17.038,17.038
2023-06-08 23:00:00+02:00,,9.7,17.267000000000003,17.267000000000003
2023-06-09 00:00:00+02:00,,7.9,13.801,13.801
2023-06-09 01:00:00+02:00,,12.2,22.1535,22.1795
2023-06-09 02:00:00+02:00,,7.6,13.406,13.406
2023-06-09 03:00:00+02:00,,9.3,16.8645,16.8645
2023-06-09 04:00:00+02:00,,8.6,15.4115,15.4115
2023-06-09 05:00:00+02:00,,6.2,10.761500000000002,10.761500000000002
2023-06-09 06:00:00+02:00,,7.8,14.0575,14.0575
2023-06-09 07:00:00+02:00,,8.2,14.2235,14.2235
2023-06-09 08:00:00+02:00,,6.3,10.0855,10.0855
2023-06-09 09:00:00+02:00,,6.3,9.947,9.947
2023-06-09 10:00:00+02:00,,5.3,8.158000000000001,8.158000000000001
2023-06-09 11:00:00+02:00,,5.2,7.9425,7.9425
2023-06-09 12:00:00+02:00,,5.2,7.944,7.944
2023-06-09 13:00:00+02:00,,5.4,8.589500000000001,8.589500000000001
2023-06-09 14:00:00+02:00,,5.4,8.524000000000001,8.524000000000001
2023-06-09 15:00:00+02:00,,5.9,9.4545,9.4545
2023-06-09 16:00:00+02:00,,6.2,9.867,9.867
2023-06-09 17:00:00+02:00,,6.0,9.526,9.526
2023-06-09 18:00:00+02:00,,5.6,9.0155,9.0155
2023-06-09 19:00:00+02:00,,6.3,10.472,10.472
2023-06-09 20:00:00+02:00,,6.6,11.198,11.198
2023-06-09 21:00:00+02:00,,10.6,18.696,18.848
2023-06-09 22:00:00+02:00,,9.4,16.573999999999998,16.584
2023-06-09 23:00:00+02:00,,7.1,12.4985,12.4985
2023-06-10 00:00:00+02:00,,5.8,9.8555,9.8555
2023-06-10 01:00:00+02:00,,5.5,9.324000000000002,9.324000000000002
2023-06-10 02:00:00+02:00,,5.3,8.8835,8.8835
2023-06-10 03:00:00+02:00,,6.0,10.387,10.387
2023-06-10 04:00:00+02:00,,5.9,10.2645,10.2645
2023-06-10 05:00:00+02:00,,6.1,10.6545,10.6545
2023-06-10 06:00:00+02:00,,5.9,10.279,10.279
2023-06-10 07:00:00+02:00,,5.4,9.001,9.001
2023-06-10 08:00:00+02:00,,5.1,8.0915,8.0915
2023-06-10 09:00:00+02:00,,4.9,7.596500000000001,7.596500000000001
2023-06-10 10:00:00+02:00,,5.6,8.621,8.621
2023-06-10 11:00:00+02:00,,6.4,10.093,10.093
2023-06-10 12:00:00+02:00,,6.3,9.959499999999998,9.959499999999998
2023-06-10 13:00:00+02:00,,6.2,9.905,9.905
2023-06-10 14:00:00+02:00,,5.2,8.1175,8.1175
2023-06-10 15:00:00+02:00,,6.6,10.5415,10.5415
2023-06-10 16:00:00+02:00,,7.6,12.4105,12.4105
2023-06-10 17:00:00+02:00,,7.0,11.376,11.376
2023-06-10 18:00:00+02:00,,5.5,9.086,9.086
2023-06-10 19:00:00+02:00,,6.7,11.448,11.5875
2023-06-10 20:00:00+02:00,,7.4,12.808,12.808
2023-06-10 21:00:00+02:00,,8.7,15.198,15.198
2023-06-10 22:00:00+02:00,,7.3,12.6535,12.6535
2023-06-10 23:00:00+02:00,,6.3,10.9665,10.9665
2023-06-11 00:00:00+02:00,,6.6,11.36,11.36
2023-06-11 01:00:00+02:00,,6.3,10.7755,10.7755
2023-06-11 02:00:00+02:00,,6.2,10.6275,10.6275
2023-06-11 03:00:00+02:00,,5.7,9.7825,9.7825
2023-06-11 04:00:00+02:00,,5.5,9.4715,9.4715
2023-06-11 05:00:00+02:00,,5.3,8.841999999999999,8.841999999999999
2023-06-11 06:00:00+02:00,,5.2,8.8185,8.8185
2023-06-11 07:00:00+02:00,,5.8,9.661,9.661
2023-06-11 08:00:00+02:00,,7.7,13.105,13.105
2023-06-11 09:00:00+02:00,,8.8,14.871,14.871
2023-06-11 10:00:00+02:00,,7.1,11.616,11.616
2023-06-11 11:00:00+02:00,,5.6,9.2735,9.2735
2023-06-11 12:00:00+02:00,,7.9,13.5675,13.5675
2023-06-11 13:00:00+02:00,,9.1,15.488499999999998,15.488499999999998
2023-06-11 14:00:00+02:00,,4.8,7.709,7.709
2023-06-11 15:00:00+02:00,,8.6,14.8165,14.817
2023-06-11 16:00:00+02:00,,7.8,13.117,13.117
2023-06-11 17:00:00+02:00,,7.3,12.084,12.084
2023-06-11 18:00:00+02:00,,6.6,11.159,11.159
2023-06-11 19:00:00+02:00,,7.1,12.268,12.268
2023-06-11 20:00:00+02:00,,9.0,15.8135,15.8165
2023-06-11 21:00:00+02:00,,8.8,15.5905,15.5915
2023-06-11 22:00:00+02:00,,9.1,16.17,16.17
2023-06-11 23:00:00+02:00,,7.8,13.579,13.579
2023-06-12 00:00:00+02:00,,3.9,6.02,6.02
2023-06-12 01:00:00+02:00,,3.4,5.1185,5.1185
2023-06-12 02:00:00+02:00,,2.9,4.2735,4.2735
2023-06-12 03:00:00+02:00,,3.1,4.6985,4.6985
2023-06-12 04:00:00+02:00,,4.8,7.843999999999999,7.843999999999999
2023-06-12 05:00:00+02:00,,5.6,9.326,9.326
2023-06-12 06:00:00+02:00,,4.9,8.071,8.071
2023-06-12 07:00:00+02:00,,5.9,9.9835,9.9835
2023-06-12 08:00:00+02:00,,7.1,12.4025,12.4025
2023-06-12 09:00:00+02:00,,8.5,15.011,15.012
2023-06-12 10:00:00+02:00,,7.3,12.47,12.513
2023-06-12 11:00:00+02:00,,6.0,9.835,9.835
2023-06-12 12:00:00+02:00,,5.3,8.475000000000001,8.475000000000001
2023-06-12 13:00:00+02:00,,5.3,8.447500000000002,8.447500000000002
2023-06-12 14:00:00+02:00,,5.0,8.1685,8.1685
2023-06-12 15:00:00+02:00,,4.9,7.7245,7.7245
2023-06-12 16:00:00+02:00,,4.7,7.641,7.641
2023-06-12 17:00:00+02:00,,4.7,7.6395,7.6395
2023-06-12 18:00:00+02:00,,4.6,7.468,7.468
2023-06-12 19:00:00+02:00,,6.2,10.6655,10.6655
2023-06-12 20:00:00+02:00,,6.6,11.7165,11.7165
2023-06-12 21:00:00+02:00,,6.8,12.1335,12.1335
2023-06-12 22:00:00+02:00,,9.1,16.454,16.4575
2023-06-12 23:00:00+02:00,,8.5,15.489,15.489
2023-06-13 00:00:00+02:00,,7.7,14.0175,14.0175
2023-06-13 01:00:00+02:00,,7.4,13.3995,13.3995
2023-06-13 02:00:00+02:00,,7.0,12.7525,12.7525
2023-06-13 03:00:00+02:00,,6.5,11.7575,11.7575
2023-06-13 04:00:00+02:00,,6.5,11.8945,11.8945
2023-06-13 05:00:00+02:00,,7.8,14.268,14.268
2023-06-13 06:00:00+02:00,,8.0,14.721,14.721
2023-06-13 07:00:00+02:00,,7.4,13.303999999999998,13.303999999999998
2023-06-13 08:00:00+02:00,,8.2,14.583,14.583
2023-06-13 09:00:00+02:00,,11.1,18.7755,18.7755
2023-06-13 10:00:00+02:00,,7.6,12.178,12.178
2023-06-13 11:00:00+02:00,,4.6,7.0845,7.0845
2023-06-13 12:00:00+02:00,,3.6,5.406499999999999,5.406499999999999
2023-06-13 13:00:00+02:00,,3.6,5.4775,5.4775
2023-06-13 14:00:00+02:00,,3.9,6.117,6.117
2023-06-13 15:00:00+02:00,,4.4,6.9095,6.9095
2023-06-13 16:00:00+02:00,,4.4,6.9030000000000005,6.9030000000000005
2023-06-13 17:00:00+02:00,,4.8,7.787,7.787
2023-06-13 18:00:00+02:00,,4.5,7.379,7.379
2023-06-13 19:00:00+02:00,,5.0,8.3625,8.3625
2023-06-13 20:00:00+02:00,,5.3,8.900500000000001,8.900500000000001
2023-06-13 21:00:00+02:00,,6.5,11.2855,11.2855
2023-06-13 22:00:00+02:00,,8.0,14.2995,14.2995
2023-06-13 23:00:00+02:00,,8.9,16.0625,16.0655
2023-06-14 00:00:00+02:00,,7.7,13.8945,13.8945
2023-06-14 01:00:00+02:00,,7.1,12.67,12.67
2023-06-14 02:00:00+02:00,,6.8,12.17,12.17
2023-06-14 03:00:00+02:00,,7.0,12.6235,12.6235
2023-06-14 04:00:00+02:00,,7.0,12.8465,12.8465
2023-06-14 05:00:00+02:00,,7.7,14.019,14.019
2023-06-14 06:00:00+02:00,,7.7,13.9415,13.9415
2023-06-14 07:00:00+02:00,,8.6,15.622,15.622
2023-06-14 08:00:00+02:00,,9.3,16.3525,16.3525
2023-06-14 09:00:00+02:00,,9.7,16.2515,16.2515
2023-06-14 10:00:00+02:00,,8.7,14.254,14.254
2023-06-14 11:00:00+02:00,,8.5,14.034,14.034
2023-06-14 12:00:00+02:00,,9.1,15.0835,15.0835
2023-06-14 13:00:00+02:00,,9.5,15.9735,15.9735
2023-06-14 14:00:00+02:00,,11.6,20.092,20.092
2023-06-14 15:00:00+02:00,,11.8,20.5205,20.5205
2023-06-14 16:00:00+02:00,,11.6,20.563,20.563
2023-06-14 17:00:00+02:00,,9.7,16.9655,16.9655
2023-06-14 18:00:00+02:00,,8.6,14.715,14.715
2023-06-14 19:00:00+02:00,,8.0,13.8515,13.8555
2023-06-14 20:00:00+02:00,,11.9,21.128,21.1335
2023-06-14 21:00:00+02:00,,14.0,24.9925,25.287
2023-06-14 22:00:00+02:00,,13.3,23.633,24.006
2023-06-14 23:00:00+02:00,,13.6,24.62,24.6765
2023-06-15 00:00:00+02:00,,12.8,23.0995,23.199
2023-06-15 01:00:00+02:00,,11.6,20.8425,20.8425
2023-06-15 02:00:00+02:00,,11.6,21.0375,21.0375
2023-06-15 03:00:00+02:00,,11.8,21.622,21.622
2023-06-15 04:00:00+02:00,,11.9,21.573,21.573
2023-06-15 05:00:00+02:00,,12.2,22.2165,22.2165
2023-06-15 06:00:00+02:00,,12.1,21.9035,21.9035
2023-06-15 07:00:00+02:00,,10.7,19.5745,19.5745
2023-06-15 08:00:00+02:00,,9.4,16.927500000000002,16.927500000000002
2023-06-15 09:00:00+02:00,,8.9,15.761,15.761
2023-06-15 10:00:00+02:00,,8.2,14.3535,14.3535
2023-06-15 11:00:00+02:00,,7.1,12.374,12.374
2023-06-15 12:00:00+02:00,,7.4,12.824,12.824
2023-06-15 13:00:00+02:00,,6.9,12.164,12.164
2023-06-15 14:00:00+02:00,,7.7,13.8455,13.8455
2023-06-15 15:00:00+02:00,,8.2,14.822,14.824
2023-06-15 16:00:00+02:00,,8.8,16.052,16.061999999999998
2023-06-15 17:00:00+02:00,,9.2,16.639000000000003,16.639000000000003
2023-06-15 18:00:00+02:00,,9.7,17.6385,17.6385
2023-06-15 19:00:00+02:00,,13.0,24.0115,24.0425
2023-06-15 20:00:00+02:00,,10.5,19.378500000000003,19.378500000000003
2023-06-15 21:00:00+02:00,,11.0,20.3055,20.3075
2023-06-15 22:00:00+02:00,,11.1,20.5425,20.5425
2023-06-15 23:00:00+02:00,,8.9,16.5015,16.5015
2023-06-16 00:00:00+02:00,,9.3,17.197499999999998,17.197499999999998
2023-06-16 01:00:00+02:00,,8.4,15.626,15.626
2023-06-16 02:00:00+02:00,,7.7,14.0415,14.0415
2023-06-16 03:00:00+02:00,,7.1,12.93,12.93
2023-06-16 04:00:00+02:00,,6.7,12.1035,12.1035
2023-06-16 05:00:00+02:00,,6.4,11.623,11.623
2023-06-16 06:00:00+02:00,,6.7,12.241,12.241
2023-06-16 07:00:00+02:00,,7.3,13.3065,13.3065
2023-06-16 08:00:00+02:00,,6.8,12.1875,12.1875
2023-06-16 09:00:00+02:00,,6.3,10.974,10.974
2023-06-16 10:00:00+02:00,,6.8,11.385,11.385
2023-06-16 11:00:00+02:00,,7.0,11.4985,11.4985
2023-06-16 12:00:00+02:00,,7.2,11.7555,11.7555
2023-06-16 13:00:00+02:00,,8.9,15.0635,15.0635
2023-06-16 14:00:00+02:00,,11.1,19.253,19.501
2023-06-16 15:00:00+02:00,,11.1,19.403,19.4245
2023-06-16 16:00:00+02:00,,10.1,17.3645,17.3645
2023-06-16 17:00:00+02:00,,9.8,16.886000000000003,16.886000000000003
2023-06-16 18:00:00+02:00,,10.3,17.9985,18.012
2023-06-16 19:00:00+02:00,,11.4,20.2405,20.2545
2023-06-16 20:00:00+02:00,,14.6,26.4185,26.489
2023-06-16 21:00:00+02:00,,16.9,30.525,31.1185
2023-06-16 22:00:00+02:00,,17.3,31.1745,32.115
2023-06-16 23:00:00+02:00,,13.1,23.927,23.939
2023-06-17 00:00:00+02:00,,12.1,22.143,22.143
2023-06-17 01:00:00+02:00,,11.5,21.0865,21.0865
2023-06-17 02:00:00+02:00,,10.0,18.3655,18.3655
2023-06-17 03:00:00+02:00,,9.7,17.9525,17.9525
2023-06-17 04:00:00+02:00,,9.4,17.459,17.459
2023-06-17 05:00:00+02:00,,9.5,17.7215,17.7215
2023-06-17 06:00:00+02:00,,9.2,17.4535,17.4535
2023-06-17 07:00:00+02:00,,8.9,16.2175,16.2175
2023-06-17 08:00:00+02:00,,8.1,14.0145,14.0145
2023-06-17 09:00:00+02:00,,6.8,11.205,11.205
2023-06-17 10:00:00+02:00,,5.6,9.0525,9.0525
2023-06-17 11:00:00+02:00,,4.7,7.378,7.378
2023-06-17 12:00:00+02:00,,4.9,7.803,7.803
2023-06-17 13:00:00+02:00,,5.2,8.4395,8.4395
2023-06-17 14:00:00+02:00,,4.8,7.759,7.759
2023-06-17 15:00:00+02:00,,4.9,7.916500000000001,7.916500000000001
2023-06-17 16:00:00+02:00,,5.1,8.3245,8.3245
2023-06-17 17:00:00+02:00,,5.2,8.5085,8.5085
2023-06-17 18:00:00+02:00,,5.5,8.8775,8.8775
2023-06-17 19:00:00+02:00,,5.8,9.5645,9.5645
2023-06-17 20:00:00+02:00,,9.2,16.2485,16.2485
2023-06-17 21:00:00+02:00,,10.7,19.1505,19.163
2023-06-17 22:00:00+02:00,,11.5,20.988,20.99
2023-06-17 23:00:00+02:00,,10.1,18.4095,18.4125
2023-06-18 00:00:00+02:00,,7.9,14.4505,14.4505
2023-06-18 01:00:00+02:00,,7.1,12.898,12.898
2023-06-18 02:00:00+02:00,,6.7,12.306,12.306
2023-06-18 03:00:00+02:00,,6.5,11.819,11.819
2023-06-18 04:00:00+02:00,,6.6,11.9055,11.9055
2023-06-18 05:00:00+02:00,,7.3,13.3855,13.3855
2023-06-18 06:00:00+02:00,,6.6,11.975,11.975
2023-06-18 07:00:00+02:00,,6.4,11.0625,11.0625
2023-06-18 08:00:00+02:00,,6.5,10.741,10.741
2023-06-18 09:00:00+02:00,,6.2,10.1155,10.1155
2023-06-18 10:00:00+02:00,,5.6,8.9465,8.9465
2023-06-18 11:00:00+02:00,,6.3,10.1075,10.1075
2023-06-18 12:00:00+02:00,,6.9,11.208,11.208
2023-06-18 13:00:00+02:00,,8.6,14.1815,14.3235
2023-06-18 14:00:00+02:00,,8.3,13.7905,13.7905
2023-06-18 15:00:00+02:00,,8.2,13.591,13.591
2023-06-18 16:00:00+02:00,,8.2,13.4745,13.4745
2023-06-18 17:00:00+02:00,,8.8,14.906,14.906
2023-06-18 18:00:00+02:00,,9.2,15.7035,15.7035
2023-06-18 19:00:00+02:00,,11.4,19.6705,19.8115
2023-06-18 20:00:00+02:00,,12.2,21.5105,21.519
2023-06-18 21:00:00+02:00,,13.5,24.164,24.166
2023-06-18 22:00:00+02:00,,12.3,22.194000000000003,22.194000000000003
2023-06-18 23:00:00+02:00,,10.7,19.5565,19.5565
2023-06-19 00:00:00+02:00,,9.5,16.950000000000003,16.950000000000003
2023-06-19 01:00:00+02:00,,9.1,16.4225,16.4225
2023-06-19 02:00:00+02:00,,9.3,16.788,16.788
2023-06-19 03:00:00+02:00,,9.3,16.908,16.908
2023-06-19 04:00:00+02:00,,9.4,17.174999999999997,17.174999999999997
2023-06-19 05:00:00+02:00,,9.4,17.317,17.317
2023-06-19 06:00:00+02:00,,10.1,18.593,18.5975
2023-06-19 07:00:00+02:00,,10.2,18.0285,18.0285
2023-06-19 08:00:00+02:00,,10.5,17.975,17.975
2023-06-19 09:00:00+02:00,,10.1,16.677,16.677
2023-06-19 10:00:00+02:00,,8.9,14.647,14.647
2023-06-19 11:00:00+02:00,,7.8,12.595,12.595
2023-06-19 12:00:00+02:00,,8.1,13.12,13.12
2023-06-19 13:00:00+02:00,,9.1,14.9395,14.9395
2023-06-19 14:00:00+02:00,,9.7,16.119,16.119
2023-06-19 15:00:00+02:00,,10.0,16.516,16.516
2023-06-19 16:00:00+02:00,,10.6,17.574,17.574
2023-06-19 17:00:00+02:00,,10.7,17.656,17.656
2023-06-19 18:00:00+02:00,,10.6,17.488,17.488
2023-06-19 19:00:00+02:00,,12.3,20.6455,20.6455
2023-06-19 20:00:00+02:00,,15.1,25.931,26.009
2023-06-19 21:00:00+02:00,,18.6,31.6715,32.775
2023-06-19 22:00:00+02:00,,19.0,32.649,33.966
2023-06-19 23:00:00+02:00,,17.6,31.026,31.605
2023-06-20 00:00:00+02:00,,15.3,27.1795,27.2355
2023-06-20 01:00:00+02:00,,14.6,25.919,25.925
2023-06-20 02:00:00+02:00,,14.3,25.451,25.4545
2023-06-20 03:00:00+02:00,,13.6,24.36,24.3635
2023-06-20 04:00:00+02:00,,13.6,24.3865,24.3895
2023-06-20 05:00:00+02:00,,13.8,24.8595,24.865
2023-06-20 06:00:00+02:00,,14.0,24.9125,24.924
2023-06-20 07:00:00+02:00,,15.3,26.5045,26.6315
2023-06-20 08:00:00+02:00,,13.6,22.6585,22.6585
2023-06-20 09:00:00+02:00,,13.0,21.2805,21.2805
2023-06-20 10:00:00+02:00,,11.5,18.643500000000003,18.643500000000003
2023-06-20 11:00:00+02:00,,7.7,12.1235,12.1235
2023-06-20 12:00:00+02:00,,8.0,12.8415,12.8415
2023-06-20 13:00:00+02:00,,8.8,14.2335,14.2335
2023-06-20 14:00:00+02:00,,8.0,12.995,12.995
2023-06-20 15:00:00+02:00,,7.4,11.9415,11.9415
2023-06-20 16:00:00+02:00,,8.9,14.4725,14.4725
2023-06-20 17:00:00+02:00,,9.1,14.8245,14.8245
2023-06-20 18:00:00+02:00,,9.9,16.057499999999997,16.057499999999997
2023-06-20 19:00:00+02:00,,12.7,21.302,21.302
2023-06-20 20:00:00+02:00,,13.6,22.977,22.9775
2023-06-20 21:00:00+02:00,,14.6,25.079,25.0865
2023-06-20 22:00:00+02:00,,15.7,27.1715,27.249
2023-06-20 23:00:00+02:00,,12.9,22.311,22.311
2023-06-21 00:00:00+02:00,,12.6,22.005000000000003,22.005000000000003
2023-06-21 01:00:00+02:00,,11.9,20.821,20.821
2023-06-21 02:00:00+02:00,,11.7,20.579,20.579
2023-06-21 03:00:00+02:00,,11.8,20.887,20.887
2023-06-21 04:00:00+02:00,,11.6,20.3895,20.3895
2023-06-21 05:00:00+02:00,,11.9,20.932,20.932
2023-06-21 06:00:00+02:00,,12.5,22.0835,22.0835
2023-06-21 07:00:00+02:00,,13.1,22.434,22.434
2023-06-21 08:00:00+02:00,,12.7,20.892,20.892
2023-06-21 09:00:00+02:00,,12.7,20.489,20.5875
2023-06-21 10:00:00+02:00,,10.9,17.578,17.578
2023-06-21 11:00:00+02:00,,7.9,12.5615,12.5615
2023-06-21 12:00:00+02:00,,8.0,12.668,12.668
2023-06-21 13:00:00+02:00,,8.4,13.448,13.448
2023-06-21 14:00:00+02:00,,9.2,14.7585,14.7585
2023-06-21 15:00:00+02:00,,9.7,15.709499999999998,15.709499999999998
2023-06-21 16:00:00+02:00,,10.1,16.4665,16.4665
2023-06-21 17:00:00+02:00,,11.0,17.8545,17.8545
2023-06-21 18:00:00+02:00,,11.2,18.4375,18.4375
2023-06-21 19:00:00+02:00,,14.2,23.5315,23.535
2023-06-21 20:00:00+02:00,,18.7,30.483,31.967
2023-06-21 21:00:00+02:00,,20.2,33.1245,35.258
2023-06-21 22:00:00+02:00,,18.9,31.798,32.897000000000006
2023-06-21 23:00:00+02:00,,16.5,28.643,28.7835
2023-06-22 00:00:00+02:00,,15.9,28.0245,28.088
2023-06-22 01:00:00+02:00,,15.4,26.899,26.934
2023-06-22 02:00:00+02:00,,14.4,25.0535,25.06
2023-06-22 03:00:00+02:00,,13.5,23.139000000000003,23.1395
2023-06-22 04:00:00+02:00,,14.0,24.29,24.291
2023-06-22 05:00:00+02:00,,14.2,24.7035,24.708
2023-06-22 06:00:00+02:00,,13.4,23.363,23.363
2023-06-22 07:00:00+02:00,,12.7,21.3745,21.3755
2023-06-22 08:00:00+02:00,,12.9,20.992,20.992
2023-06-22 09:00:00+02:00,,13.4,21.6225,21.6225
2023-06-22 10:00:00+02:00,,11.8,19.023,19.023
2023-06-22 11:00:00+02:00,,11.9,18.952,18.952
2023-06-22 12:00:00+02:00,,12.0,19.075,19.075
2023-06-22 13:00:00+02:00,,12.8,20.699,20.7055
2023-06-22 14:00:00+02:00,,13.0,21.035,21.0365
2023-06-22 15:00:00+02:00,,13.5,21.9255,21.9255
2023-06-22 16:00:00+02:00,,13.4,21.923,21.928
2023-06-22 17:00:00+02:00,,11.5,18.492,18.492
2023-06-22 18:00:00+02:00,,11.5,18.8095,18.8095
2023-06-22 19:00:00+02:00,,15.2,24.8515,25.1
2023-06-22 20:00:00+02:00,,18.0,29.705,30.3285
2023-06-22 21:00:00+02:00,,20.3,33.0445,35.01649999999999
2023-06-22 22:00:00+02:00,,17.5,29.884,30.48
2023-06-22 23:00:00+02:00,,13.6,23.369,23.3705
2023-06-23 00:00:00+02:00,,11.8,20.277,20.277
2023-06-23 01:00:00+02:00,,11.4,19.8095,19.8095
2023-06-23 02:00:00+02:00,,10.6,18.345,18.345
2023-06-23 03:00:00+02:00,,10.0,17.323,17.323
2023-06-23 04:00:00+02:00,,9.2,16.009,16.009
2023-06-23 05:00:00+02:00,,9.0,15.6475,15.6475
2023-06-23 06:00:00+02:00,,8.8,14.9695,14.9695
2023-06-23 07:00:00+02:00,,8.8,14.6675,14.6675
2023-06-23 08:00:00+02:00,,7.5,12.136,12.136
2023-06-23 09:00:00+02:00,,7.9,12.792000000000002,12.792000000000002
2023-06-23 10:00:00+02:00,,7.5,12.1275,12.1275
2023-06-23 11:00:00+02:00,,9.3,15.235,15.3035
2023-06-23 12:00:00+02:00,,9.1,15.0045,15.0045
2023-06-23 13:00:00+02:00,,6.6,10.6945,10.6945
2023-06-23 14:00:00+02:00,,5.8,9.2725,9.2725
2023-06-23 15:00:00+02:00,,6.0,9.743,9.743
2023-06-23 16:00:00+02:00,,8.8,14.7385,14.7385
2023-06-23 17:00:00+02:00,,8.0,13.432,13.432
2023-06-23 18:00:00+02:00,,6.9,11.9215,11.9215
2023-06-23 19:00:00+02:00,,6.0,10.1285,10.1285
2023-06-23 20:00:00+02:00,,5.7,9.3185,9.3185
2023-06-23 21:00:00+02:00,,2.9,4.285,4.285
2023-06-23 22:00:00+02:00,,2.0,2.611,2.611
2023-06-23 23:00:00+02:00,,3.1,4.821,4.821
2023-06-24 00:00:00+02:00,,3.2,4.839,4.839
2023-06-24 01:00:00+02:00,,2.4,3.365,3.365
2023-06-24 02:00:00+02:00,,2.6,3.842000000000001,3.842000000000001
2023-06-24 03:00:00+02:00,,2.9,4.23,4.23
2023-06-24 04:00:00+02:00,,4.1,6.705,6.705
2023-06-24 05:00:00+02:00,,3.9,6.466,6.466
2023-06-24 06:00:00+02:00,,5.0,8.498000000000001,8.498000000000001
2023-06-24 07:00:00+02:00,,5.3,8.868500000000001,8.868500000000001
2023-06-24 08:00:00+02:00,,5.2,8.7355,8.7355
2023-06-24 09:00:00+02:00,,5.1,8.2395,8.2395
2023-06-24 10:00:00+02:00,,5.4,9.05,9.05
2023-06-24 11:00:00+02:00,,5.5,9.1305,9.1305
2023-06-24 12:00:00+02:00,,5.7,9.635000000000002,9.635000000000002
2023-06-24 13:00:00+02:00,,5.5,9.236,9.236
2023-06-24 14:00:00+02:00,,4.8,7.6635,7.6635
2023-06-24 15:00:00+02:00,,5.1,8.4045,8.4045
2023-06-24 16:00:00+02:00,,4.6,7.469,7.469
2023-06-24 17:00:00+02:00,,3.6,5.5335,5.5335
2023-06-24 18:00:00+02:00,,3.9,6.0015,6.0015
2023-06-24 19:00:00+02:00,,4.7,7.653499999999999,7.653499999999999
2023-06-24 20:00:00+02:00,,6.0,10.239999999999998,10.239999999999998
2023-06-24 21:00:00+02:00,,5.5,9.378,9.378
2023-06-24 22:00:00+02:00,,2.9,4.3580000000000005,4.3580000000000005
2023-06-24 23:00:00+02:00,,3.7,5.931,5.931
2023-06-25 00:00:00+02:00,,3.4,5.2235,5.2235
2023-06-25 01:00:00+02:00,,3.4,5.2535,5.2535
2023-06-25 02:00:00+02:00,,4.1,6.7575,6.7575
2023-06-25 03:00:00+02:00,,3.9,6.3585,6.3585
2023-06-25 04:00:00+02:00,,4.0,6.5085,6.5085
2023-06-25 05:00:00+02:00,,5.1,8.409,8.409
2023-06-25 06:00:00+02:00,,5.2,8.7275,8.7275
2023-06-25 07:00:00+02:00,,5.7,9.5975,9.5975
2023-06-25 08:00:00+02:00,,5.8,9.502,9.502
2023-06-25 09:00:00+02:00,,7.0,11.6525,11.6525
2023-06-25 10:00:00+02:00,,7.8,13.0635,13.0635
2023-06-25 11:00:00+02:00,,6.8,11.3755,11.3755
2023-06-25 12:00:00+02:00,,7.0,11.575,11.575
2023-06-25 13:00:00+02:00,,7.4,12.366499999999998,12.366499999999998
2023-06-25 14:00:00+02:00,,7.9,13.4595,13.4595
2023-06-25 15:00:00+02:00,,8.1,13.642,13.642
2023-06-25 16:00:00+02:00,,8.3,13.841,13.841
2023-06-25 17:00:00+02:00,,8.8,14.7755,14.7755
2023-06-25 18:00:00+02:00,,8.0,13.366499999999998,13.366499999999998
2023-06-25 19:00:00+02:00,,7.8,13.209,13.209
2023-06-25 20:00:00+02:00,,9.5,16.27,16.27
2023-06-25 21:00:00+02:00,,11.6,20.457,20.458
2023-06-25 22:00:00+02:00,,10.0,17.5265,17.5265
2023-06-25 23:00:00+02:00,,10.0,17.714,17.714
2023-06-26 00:00:00+02:00,,9.5,16.759500000000003,16.759500000000003
2023-06-26 01:00:00+02:00,,8.9,15.581,15.581
2023-06-26 02:00:00+02:00,,8.2,14.406,14.406
2023-06-26 03:00:00+02:00,,8.2,14.409,14.409
2023-06-26 04:00:00+02:00,,8.2,14.4265,14.4265
2023-06-26 05:00:00+02:00,,8.3,14.516,14.516
2023-06-26 06:00:00+02:00,,8.2,14.528,14.528
2023-06-26 07:00:00+02:00,,8.2,13.945,13.945
2023-06-26 08:00:00+02:00,,7.7,12.4205,12.4205
2023-06-26 09:00:00+02:00,,7.2,11.332,11.332
2023-06-26 10:00:00+02:00,,6.4,10.263000000000002,10.263000000000002
2023-06-26 11:00:00+02:00,,6.1,9.5835,9.5835
2023-06-26 12:00:00+02:00,,7.4,11.9455,11.9455
2023-06-26 13:00:00+02:00,,8.6,14.0205,14.0695
2023-06-26 14:00:00+02:00,,9.1,15.1555,15.1555
2023-06-26 15:00:00+02:00,,8.8,14.8135,14.8135
2023-06-26 16:00:00+02:00,,9.2,15.548,15.5765
2023-06-26 17:00:00+02:00,,8.7,14.627,14.627
2023-06-26 18:00:00+02:00,,8.4,13.823,13.823
2023-06-26 19:00:00+02:00,,7.2,11.7645,11.7645
2023-06-26 20:00:00+02:00,,10.1,17.2085,17.2085
2023-06-26 21:00:00+02:00,,13.0,22.999,23.0045
2023-06-26 22:00:00+02:00,,13.2,23.618,23.692
2023-06-26 23:00:00+02:00,,11.4,20.627,20.628
2023-06-27 00:00:00+02:00,,10.8,19.56,19.56
2023-06-27 01:00:00+02:00,,10.1,18.318,18.318
2023-06-27 02:00:00+02:00,,9.6,17.0835,17.0835
2023-06-27 03:00:00+02:00,,9.5,17.0295,17.0295
2023-06-27 04:00:00+02:00,,9.6,17.2055,17.2055
2023-06-27 05:00:00+02:00,,9.5,17.264499999999998,17.264499999999998
2023-06-27 06:00:00+02:00,,10.2,18.676,18.676
2023-06-27 07:00:00+02:00,,9.7,16.834,16.834
2023-06-27 08:00:00+02:00,,9.1,14.979,14.979
2023-06-27 09:00:00+02:00,,10.3,16.9495,16.9495
2023-06-27 10:00:00+02:00,,8.7,14.1395,14.1395
2023-06-27 11:00:00+02:00,,7.1,11.4705,11.4705
2023-06-27 12:00:00+02:00,,6.2,9.8905,9.8905
2023-06-27 13:00:00+02:00,,7.9,13.165500000000002,13.165500000000002
2023-06-27 14:00:00+02:00,,9.3,15.477,15.477
2023-06-27 15:00:00+02:00,,10.3,17.4085,17.486
2023-06-27 16:00:00+02:00,,12.0,20.741,20.741
2023-06-27 17:00:00+02:00,,11.2,19.156,19.156
2023-06-27 18:00:00+02:00,,8.0,13.6925,13.6925
2023-06-27 19:00:00+02:00,,7.3,12.435,12.435
2023-06-27 20:00:00+02:00,,9.5,16.743000000000002,16.7455
2023-06-27 21:00:00+02:00,,8.7,15.4995,15.4995
2023-06-27 22:00:00+02:00,,7.8,13.773,13.773
2023-06-27 23:00:00+02:00,,7.5,13.256,13.256
2023-06-28 00:00:00+02:00,,7.0,12.5275,12.5275
2023-06-28 01:00:00+02:00,,7.2,12.812,12.812
2023-06-28 02:00:00+02:00,,7.0,12.668,12.668
2023-06-28 03:00:00+02:00,,5.2,9.2065,9.2065
2023-06-28 04:00:00+02:00,,4.6,7.887,7.887
2023-06-28 05:00:00+02:00,,5.0,8.8475,8.8475
2023-06-28 06:00:00+02:00,,5.7,10.0295,10.0295
2023-06-28 07:00:00+02:00,,6.3,11.372,11.372
2023-06-28 08:00:00+02:00,,7.3,13.33,13.33
2023-06-28 09:00:00+02:00,,7.9,14.1995,14.1995
2023-06-28 10:00:00+02:00,,8.8,16.052500000000002,16.055500000000002
2023-06-28 11:00:00+02:00,,6.4,11.4325,11.4325
2023-06-28 12:00:00+02:00,,4.9,8.4985,8.4985
2023-06-28 13:00:00+02:00,,4.7,8.087499999999999,8.087499999999999
2023-06-28 14:00:00+02:00,,4.4,7.5245,7.5245
2023-06-28 15:00:00+02:00,,4.3,7.221,7.221
2023-06-28 16:00:00+02:00,,3.8,6.3085,6.3085
2023-06-28 17:00:00+02:00,,2.7,4.0065,4.0065
2023-06-28 18:00:00+02:00,,2.6,3.8225,3.8225
2023-06-28 19:00:00+02:00,,2.8,4.267,4.267
2023-06-28 20:00:00+02:00,,5.1,8.818999999999999,8.818999999999999
2023-06-28 21:00:00+02:00,,8.0,14.37,14.37
2023-06-28 22:00:00+02:00,,8.6,15.8875,15.8955
2023-06-28 23:00:00+02:00,,5.5,9.857,9.857
2023-06-29 00:00:00+02:00,,4.8,8.346499999999999,8.346499999999999
2023-06-29 01:00:00+02:00,,4.6,8.0905,8.0905
2023-06-29 02:00:00+02:00,,4.7,8.086,8.086
2023-06-29 03:00:00+02:00,,4.6,8.0415,8.0415
2023-06-29 04:00:00+02:00,,4.6,7.936,7.936
2023-06-29 05:00:00+02:00,,4.7,8.184000000000001,8.184000000000001
2023-06-29 06:00:00+02:00,,4.7,8.354,8.354
2023-06-29 07:00:00+02:00,,4.7,7.947,7.947
2023-06-29 08:00:00+02:00,,4.8,7.7585,7.7585
2023-06-29 09:00:00+02:00,,4.8,7.5755,7.5755
2023-06-29 10:00:00+02:00,,4.2,6.704000000000001,6.704000000000001
2023-06-29 11:00:00+02:00,,3.5,5.3445,5.3445
2023-06-29 12:00:00+02:00,,3.7,5.7645,5.7645
2023-06-29 13:00:00+02:00,,4.2,6.936999999999999,6.936999999999999
2023-06-29 14:00:00+02:00,,4.1,6.742,6.742
2023-06-29 15:00:00+02:00,,3.8,6.077,6.077
2023-06-29 16:00:00+02:00,,4.1,6.7525,6.7525
2023-06-29 17:00:00+02:00,,3.5,5.545,5.545
2023-06-29 18:00:00+02:00,,3.4,5.3765,5.3765
2023-06-29 19:00:00+02:00,,3.6,5.631,5.631
2023-06-29 20:00:00+02:00,,6.9,12.3265,12.3415
2023-06-29 21:00:00+02:00,,9.4,17.1595,17.1595
2023-06-29 22:00:00+02:00,,8.5,15.3865,15.3865
2023-06-29 23:00:00+02:00,,6.4,11.5215,11.5215
2023-06-30 00:00:00+02:00,,6.2,11.238,11.238
2023-06-30 01:00:00+02:00,,5.6,10.049,10.049
2023-06-30 02:00:00+02:00,,5.6,10.2555,10.2555
2023-06-30 03:00:00+02:00,,6.4,11.64,11.64
2023-06-30 04:00:00+02:00,,7.0,12.822,12.822
2023-06-30 05:00:00+02:00,,7.5,13.9335,13.9335
2023-06-30 06:00:00+02:00,,9.6,17.8705,17.8705
2023-06-30 07:00:00+02:00,,12.6,22.9905,22.994
2023-06-30 08:00:00+02:00,,10.0,17.43,17.43
2023-06-30 09:00:00+02:00,,9.1,15.42,15.42
2023-06-30 10:00:00+02:00,,7.1,11.737,11.737
2023-06-30 11:00:00+02:00,,6.8,11.297,11.297
2023-06-30 12:00:00+02:00,,5.8,9.5375,9.5375
2023-06-30 13:00:00+02:00,,6.2,10.3775,10.3775
2023-06-30 14:00:00+02:00,,6.3,10.488499999999998,10.488499999999998
2023-06-30 15:00:00+02:00,,5.8,9.675,9.675
2023-06-30 16:00:00+02:00,,5.9,9.965,9.965
2023-06-30 17:00:00+02:00,,5.9,9.9415,9.9415
2023-06-30 18:00:00+02:00,,6.2,10.25,10.25
2023-06-30 19:00:00+02:00,,7.8,13.289,13.289
2023-06-30 20:00:00+02:00,,10.4,18.2145,18.2145
2023-06-30 21:00:00+02:00,,11.6,20.6405,20.6405
2023-06-30 22:00:00+02:00,,9.4,16.805,16.805
2023-06-30 23:00:00+02:00,,10.0,17.939500000000002,17.939500000000002
2023-07-01 00:00:00+02:00,,10.1,18.0275,18.0275
2023-07-01 01:00:00+02:00,,8.5,15.147,15.147
2023-07-01 02:00:00+02:00,,9.1,16.1505,16.1505
2023-07-01 03:00:00+02:00,,9.9,17.677500000000002,17.677500000000002
2023-07-01 04:00:00+02:00,,9.7,17.4585,17.4585
2023-07-01 05:00:00+02:00,,9.4,16.680500000000002,16.680500000000002
2023-07-01 06:00:00+02:00,,9.3,16.5885,16.5885
2023-07-01 07:00:00+02:00,,9.2,15.9815,15.9815
2023-07-01 08:00:00+02:00,,8.9,14.8615,14.8615
2023-07-01 09:00:00+02:00,,6.8,11.0585,11.0585
2023-07-01 10:00:00+02:00,,5.7,9.049,9.049
2023-07-01 11:00:00+02:00,,6.9,10.9025,10.988
2023-07-01 12:00:00+02:00,,6.5,10.4535,10.4535
2023-07-01 13:00:00+02:00,,6.1,9.707999999999998,9.707999999999998
2023-07-01 14:00:00+02:00,,6.1,9.689,9.689
2023-07-01 15:00:00+02:00,,5.7,8.916,8.916
2023-07-01 16:00:00+02:00,,5.9,9.481,9.481
2023-07-01 17:00:00+02:00,,4.8,7.439999999999999,7.439999999999999
2023-07-01 18:00:00+02:00,,5.5,8.927,8.927
2023-07-01 19:00:00+02:00,,5.8,9.8515,9.8515
2023-07-01 20:00:00+02:00,,7.0,12.0195,12.0195
2023-07-01 21:00:00+02:00,,8.2,14.4145,14.4145
2023-07-01 22:00:00+02:00,,5.7,9.569,9.569
2023-07-01 23:00:00+02:00,,5.9,9.9615,9.9615
2023-07-02 00:00:00+02:00,,6.0,10.011,10.117
2023-07-02 01:00:00+02:00,,5.8,9.907,9.907
2023-07-02 02:00:00+02:00,,5.1,8.483,8.483
2023-07-02 03:00:00+02:00,,4.8,8.1005,8.1005
2023-07-02 04:00:00+02:00,,5.3,8.7165,8.7165
2023-07-02 05:00:00+02:00,,5.0,8.369499999999999,8.369499999999999
2023-07-02 06:00:00+02:00,,5.2,8.636,8.636
2023-07-02 07:00:00+02:00,,5.6,9.351,9.351
2023-07-02 08:00:00+02:00,,5.7,9.263000000000002,9.263000000000002
2023-07-02 09:00:00+02:00,,7.7,12.562,12.562
2023-07-02 10:00:00+02:00,,8.5,13.657,13.657
2023-07-02 11:00:00+02:00,,8.4,13.6615,13.6615
2023-07-02 12:00:00+02:00,,8.8,14.2115,14.2115
2023-07-02 13:00:00+02:00,,9.0,14.8325,14.8325
2023-07-02 14:00:00+02:00,,8.8,14.6115,14.6115
2023-07-02 15:00:00+02:00,,8.3,13.6355,13.6355
2023-07-02 16:00:00+02:00,,7.4,12.0145,12.0145
2023-07-02 17:00:00+02:00,,7.2,11.893,11.893
2023-07-02 18:00:00+02:00,,7.8,13.1195,13.1195
2023-07-02 19:00:00+02:00,,8.3,13.9815,13.9815
2023-07-02 20:00:00+02:00,,13.1,22.7575,22.9775
2023-07-02 21:00:00+02:00,,12.2,21.315,21.475
2023-07-02 22:00:00+02:00,,10.3,18.1825,18.1825
2023-07-02 23:00:00+02:00,,9.5,16.6875,16.6875
2023-07-03 00:00:00+02:00,,9.0,15.8945,15.8945
2023-07-03 01:00:00+02:00,,8.7,15.427499999999998,15.427499999999998
2023-07-03 02:00:00+02:00,,8.4,14.703,14.703
2023-07-03 03:00:00+02:00,,8.3,14.3945,14.3945
2023-07-03 04:00:00+02:00,,8.4,14.7745,14.7745
2023-07-03 05:00:00+02:00,,9.8,17.3555,17.3555
2023-07-03 06:00:00+02:00,,9.4,16.613500000000002,16.613500000000002
2023-07-03 07:00:00+02:00,,9.2,16.192,16.192
2023-07-03 08:00:00+02:00,,9.3,15.5305,15.5305
2023-07-03 09:00:00+02:00,,9.6,15.713,15.713
2023-07-03 10:00:00+02:00,,9.4,15.3345,15.3345
2023-07-03 11:00:00+02:00,,9.6,15.691,15.691
2023-07-03 12:00:00+02:00,,9.4,15.33,15.33
2023-07-03 13:00:00+02:00,,8.3,13.7155,13.7155
2023-07-03 14:00:00+02:00,,10.7,17.8275,17.8275
2023-07-03 15:00:00+02:00,,12.2,20.551,20.551
2023-07-03 16:00:00+02:00,,11.6,19.36,19.36
2023-07-03 17:00:00+02:00,,10.6,17.555500000000002,17.555500000000002
2023-07-03 18:00:00+02:00,,8.9,14.724,14.724
2023-07-03 19:00:00+02:00,,9.6,16.584,16.584
2023-07-03 20:00:00+02:00,,13.3,23.493,23.515
2023-07-03 21:00:00+02:00,,14.2,25.193,25.2105
2023-07-03 22:00:00+02:00,,16.0,28.542,28.7745
2023-07-03 23:00:00+02:00,,13.7,24.683,24.686
2023-07-04 00:00:00+02:00,,14.4,26.2345,26.2545
2023-07-04 01:00:00+02:00,,15.0,27.3545,27.4655
2023-07-04 02:00:00+02:00,,14.8,27.4585,27.514000000000003
2023-07-04 03:00:00+02:00,,14.1,26.0285,26.0355
2023-07-04 04:00:00+02:00,,12.4,22.3595,22.3615
2023-07-04 05:00:00+02:00,,11.1,19.8325,19.8325
2023-07-04 06:00:00+02:00,,9.5,16.438499999999998,16.438499999999998
2023-07-04 07:00:00+02:00,,8.9,15.2595,15.2595
2023-07-04 08:00:00+02:00,,8.4,14.092,14.092
2023-07-04 09:00:00+02:00,,8.8,14.921,14.921
2023-07-04 10:00:00+02:00,,10.0,17.0535,17.0535
2023-07-04 11:00:00+02:00,,11.3,19.2845,19.2845
2023-07-04 12:00:00+02:00,,10.4,17.772,17.772
2023-07-04 13:00:00+02:00,,10.1,17.083,17.083
2023-07-04 14:00:00+02:00,,11.7,19.906,19.906
2023-07-04 15:00:00+02:00,,12.6,21.414,21.414
2023-07-04 16:00:00+02:00,,13.2,22.3835,22.384
2023-07-04 17:00:00+02:00,,13.3,22.4915,22.4915
2023-07-04 18:00:00+02:00,,14.4,24.609,24.617
2023-07-04 19:00:00+02:00,,15.0,26.179,26.1905
2023-07-04 20:00:00+02:00,,19.7,33.0495,35.218500000000006
2023-07-04 21:00:00+02:00,,24.4,38.359,44.5405
2023-07-04 22:00:00+02:00,,26.2,41.0185,48.1175
2023-07-04 23:00:00+02:00,,21.2,35.8775,38.73650000000001
2023-07-05 00:00:00+02:00,,19.0,33.4645,34.8345
2023-07-05 01:00:00+02:00,,18.5,32.609,33.621
2023-07-05 02:00:00+02:00,,16.8,29.9955,30.2885
2023-07-05 03:00:00+02:00,,18.5,32.508,33.748999999999995
2023-07-05 04:00:00+02:00,,14.6,26.3575,26.374
2023-07-05 05:00:00+02:00,,16.1,28.723,29.0985
2023-07-05 06:00:00+02:00,,16.7,29.866,30.26
2023-07-05 07:00:00+02:00,,17.8,31.2375,31.988
2023-07-05 08:00:00+02:00,,19.1,31.94,33.2255
2023-07-05 09:00:00+02:00,,17.9,29.0645,29.7555
2023-07-05 10:00:00+02:00,,18.5,29.538,30.454
2023-07-05 11:00:00+02:00,,19.4,30.4995,31.6035
2023-07-05 12:00:00+02:00,,22.2,33.3935,36.1755
2023-07-05 13:00:00+02:00,,24.2,35.629999999999995,39.811
2023-07-05 14:00:00+02:00,,24.5,36.777,41.4485
2023-07-05 15:00:00+02:00,,26.0,38.4415,44.4845
2023-07-05 16:00:00+02:00,,25.2,37.685,43.224500000000006
2023-07-05 17:00:00+02:00,,24.3,37.069500000000005,41.8945
2023-07-05 18:00:00+02:00,,24.9,37.9825,43.2625
2023-07-05 19:00:00+02:00,,25.8,38.858,44.9315
2023-07-05 20:00:00+02:00,,31.9,44.8305,56.474
2023-07-05 21:00:00+02:00,,26.3,39.9365,46.825
2023-07-05 22:00:00+02:00,,22.4,36.595,40.331
2023-07-05 23:00:00+02:00,,25.1,39.264,45.6205
2023-07-06 00:00:00+02:00,,20.8,35.0405,37.54600000000001
2023-07-06 01:00:00+02:00,,18.3,31.6155,33.1125
2023-07-06 02:00:00+02:00,,15.1,27.1255,27.29
2023-07-06 03:00:00+02:00,,16.2,28.7995,29.397
2023-07-06 04:00:00+02:00,,15.2,27.2885,27.4115
2023-07-06 05:00:00+02:00,,13.1,23.418,23.418
2023-07-06 06:00:00+02:00,,15.0,26.8435,26.933
2023-07-06 07:00:00+02:00,,9.6,16.872,16.8745
2023-07-06 08:00:00+02:00,,5.4,8.968,8.968
2023-07-06 09:00:00+02:00,,4.4,6.9155,6.9155
2023-07-06 10:00:00+02:00,,4.2,6.703,6.703
2023-07-06 11:00:00+02:00,,3.7,5.6465,5.6465
2023-07-06 12:00:00+02:00,,4.3,6.7135,6.7135
2023-07-06 13:00:00+02:00,,4.4,6.9765,6.9765
2023-07-06 14:00:00+02:00,,4.8,7.6265,7.6265
2023-07-06 15:00:00+02:00,,5.6,9.125,9.125
2023-07-06 16:00:00+02:00,,5.9,9.6,9.6
2023-07-06 17:00:00+02:00,,7.1,12.037,12.037
2023-07-06 18:00:00+02:00,,6.4,10.7355,10.7355
2023-07-06 19:00:00+02:00,,5.9,9.835,9.835
2023-07-06 20:00:00+02:00,,5.8,9.853000000000002,9.853000000000002
2023-07-06 21:00:00+02:00,,6.8,11.72,11.72
2023-07-06 22:00:00+02:00,,7.7,13.313,13.317
2023-07-06 23:00:00+02:00,,12.9,19.966,23.16
2023-07-07 00:00:00+02:00,,7.0,12.18,12.18
2023-07-07 01:00:00+02:00,,6.2,10.737,10.737
2023-07-07 02:00:00+02:00,,5.9,10.037,10.037
2023-07-07 03:00:00+02:00,,6.0,10.2865,10.2865
2023-07-07 04:00:00+02:00,,6.1,10.540500000000002,10.540500000000002
2023-07-07 05:00:00+02:00,,5.8,9.8965,9.8965
2023-07-07 06:00:00+02:00,,6.3,10.8215,10.8215
2023-07-07 07:00:00+02:00,,7.5,13.1205,13.1205
2023-07-07 08:00:00+02:00,,6.0,9.9965,9.9965
2023-07-07 09:00:00+02:00,,7.3,12.11,12.2825
2023-07-07 10:00:00+02:00,,5.3,8.487,8.487
2023-07-07 11:00:00+02:00,,5.2,8.395999999999999,8.395999999999999
2023-07-07 12:00:00+02:00,,5.1,8.048,8.048
2023-07-07 13:00:00+02:00,,5.4,8.530999999999999,8.530999999999999
2023-07-07 14:00:00+02:00,,5.3,8.5335,8.5335
2023-07-07 15:00:00+02:00,,5.1,8.103,8.103
2023-07-07 16:00:00+02:00,,4.8,7.632,7.632
2023-07-07 17:00:00+02:00,,4.5,7.068,7.068
2023-07-07 18:00:00+02:00,,4.9,8.0445,8.0445
2023-07-07 19:00:00+02:00,,5.0,8.034,8.034
2023-07-07 20:00:00+02:00,,8.3,14.325,14.325
2023-07-07 21:00:00+02:00,,9.3,16.4145,16.4145
2023-07-07 22:00:00+02:00,,9.4,16.847,16.851
2023-07-07 23:00:00+02:00,,6.8,12.22,12.2225
2023-07-08 00:00:00+02:00,,6.0,10.581,10.581
2023-07-08 01:00:00+02:00,,5.7,9.9115,9.9115
2023-07-08 02:00:00+02:00,,5.6,9.7815,9.7815
2023-07-08 03:00:00+02:00,,5.5,9.8485,9.8485
2023-07-08 04:00:00+02:00,,5.8,10.332,10.332
2023-07-08 05:00:00+02:00,,6.3,11.485,11.485
2023-07-08 06:00:00+02:00,,8.5,15.575,15.575
2023-07-08 07:00:00+02:00,,6.7,11.758500000000002,11.758500000000002
2023-07-08 08:00:00+02:00,,6.2,10.3335,10.3335
2023-07-08 09:00:00+02:00,,6.2,10.058,10.058
2023-07-08 10:00:00+02:00,,5.8,9.48,9.48
2023-07-08 11:00:00+02:00,,5.4,8.5915,8.5915
2023-07-08 12:00:00+02:00,,5.0,7.725,7.725
2023-07-08 13:00:00+02:00,,5.5,8.9495,8.9495
2023-07-08 14:00:00+02:00,,5.8,9.43,9.43
2023-07-08 15:00:00+02:00,,5.9,9.7165,9.7165
2023-07-08 16:00:00+02:00,,6.3,10.3715,10.3715
2023-07-08 17:00:00+02:00,,6.4,10.6875,10.6875
2023-07-08 18:00:00+02:00,,6.3,10.4865,10.4865
2023-07-08 19:00:00+02:00,,6.5,10.861,10.861
2023-07-08 20:00:00+02:00,,10.3,18.3245,18.3245
2023-07-08 21:00:00+02:00,,12.2,21.98,21.981
2023-07-08 22:00:00+02:00,,18.1,31.788000000000004,33.6285
2023-07-08 23:00:00+02:00,,16.1,29.334,29.75
2023-07-09 00:00:00+02:00,,12.9,23.115,23.759500000000003
2023-07-09 01:00:00+02:00,,10.9,20.153,20.153
2023-07-09 02:00:00+02:00,,10.3,19.137,19.137
2023-07-09 03:00:00+02:00,,10.4,19.196,19.196
2023-07-09 04:00:00+02:00,,10.6,19.4645,19.4645
2023-07-09 05:00:00+02:00,,10.9,20.0795,20.0795
2023-07-09 06:00:00+02:00,,11.0,20.41,20.41
2023-07-09 07:00:00+02:00,,10.0,17.8405,17.8405
2023-07-09 08:00:00+02:00,,9.7,16.186,16.186
2023-07-09 09:00:00+02:00,,9.5,15.769,15.769
2023-07-09 10:00:00+02:00,,9.7,16.358,16.358
2023-07-09 11:00:00+02:00,,8.4,13.9495,13.9495
2023-07-09 12:00:00+02:00,,7.9,13.072500000000002,13.072500000000002
2023-07-09 13:00:00+02:00,,7.7,12.881,12.881
2023-07-09 14:00:00+02:00,,8.2,13.886,13.886
2023-07-09 15:00:00+02:00,,8.1,13.743,13.743
2023-07-09 16:00:00+02:00,,8.3,14.055,14.055
2023-07-09 17:00:00+02:00,,8.7,14.8135,14.8135
2023-07-09 18:00:00+02:00,,9.6,16.3845,16.3845
2023-07-09 19:00:00+02:00,,11.8,20.2755,20.3505
2023-07-09 20:00:00+02:00,,11.5,20.392000000000003,20.392000000000003
2023-07-09 21:00:00+02:00,,12.4,22.309,22.3095
2023-07-09 22:00:00+02:00,,13.2,23.826500000000003,23.829
2023-07-09 23:00:00+02:00,,13.3,24.2945,24.2945
2023-07-10 00:00:00+02:00,,12.1,22.2175,22.2205
2023-07-10 01:00:00+02:00,,11.5,21.1235,21.1235
2023-07-10 02:00:00+02:00,,10.5,19.099,19.099
2023-07-10 03:00:00+02:00,,10.1,18.404,18.404
2023-07-10 04:00:00+02:00,,10.2,18.699,18.699
2023-07-10 05:00:00+02:00,,10.6,19.477,19.477
2023-07-10 06:00:00+02:00,,10.7,19.547,19.547
2023-07-10 07:00:00+02:00,,10.6,19.0485,19.0485
2023-07-10 08:00:00+02:00,,10.5,17.929000000000002,17.929000000000002
2023-07-10 09:00:00+02:00,,10.8,18.1955,18.223
2023-07-10 10:00:00+02:00,,10.1,16.904,16.904
2023-07-10 11:00:00+02:00,,8.6,14.452,31.449
2023-07-10 12:00:00+02:00,,7.7,12.833,12.833
2023-07-10 13:00:00+02:00,,9.0,15.373,15.373
2023-07-10 14:00:00+02:00,,9.9,16.9155,16.9155
2023-07-10 15:00:00+02:00,,10.4,17.5845,17.5845
2023-07-10 16:00:00+02:00,,9.7,16.535,16.535
2023-07-10 17:00:00+02:00,,9.7,16.4865,16.4865
2023-07-10 18:00:00+02:00,,9.5,15.986,15.986
2023-07-10 19:00:00+02:00,,10.8,18.5565,18.5665
2023-07-10 20:00:00+02:00,,13.6,23.8985,24.1025
2023-07-10 21:00:00+02:00,,18.0,31.3525,32.224
2023-07-10 22:00:00+02:00,,18.0,31.6105,32.646
2023-07-10 23:00:00+02:00,,13.9,25.1265,25.1605
2023-07-11 00:00:00+02:00,,11.7,20.92,20.92
2023-07-11 01:00:00+02:00,,11.0,19.7675,19.7675
2023-07-11 02:00:00+02:00,,10.8,19.516,19.516
2023-07-11 03:00:00+02:00,,9.8,17.65,17.65
2023-07-11 04:00:00+02:00,,9.6,17.299500000000002,17.299500000000002
2023-07-11 05:00:00+02:00,,10.5,19.012,19.012
2023-07-11 06:00:00+02:00,,10.0,18.009,18.009
2023-07-11 07:00:00+02:00,,10.1,18.1045,18.134500000000003
2023-07-11 08:00:00+02:00,,9.5,16.1925,16.1925
2023-07-11 09:00:00+02:00,,8.5,14.0615,14.0615
2023-07-11 10:00:00+02:00,,8.6,14.256,14.256
2023-07-11 11:00:00+02:00,,8.6,14.195,14.195
2023-07-11 12:00:00+02:00,,8.1,13.535,13.535
2023-07-11 13:00:00+02:00,,9.7,16.1725,16.1725
2023-07-11 14:00:00+02:00,,10.8,17.9545,17.9545
2023-07-11 15:00:00+02:00,,10.7,17.9565,17.9565
2023-07-11 16:00:00+02:00,,11.2,18.731,18.731
2023-07-11 17:00:00+02:00,,11.7,19.64,19.64
2023-07-11 18:00:00+02:00,,13.2,21.976,22.089
2023-07-11 19:00:00+02:00,,14.5,24.3375,24.547
2023-07-11 20:00:00+02:00,,19.2,31.5685,33.0085
2023-07-11 21:00:00+02:00,,54.8,67.553,97.5775
2023-07-11 22:00:00+02:00,,53.0,62.745000000000005,95.3185
2023-07-11 23:00:00+02:00,,40.9,52.0515,73.88300000000001
2023-07-12 00:00:00+02:00,,27.6,41.5895,49.585
2023-07-12 01:00:00+02:00,,38.8,50.590500000000006,70.4205
2023-07-12 02:00:00+02:00,,22.3,36.5555,40.207
2023-07-12 03:00:00+02:00,,18.8,32.7725,33.986000000000004
2023-07-12 04:00:00+02:00,,14.8,26.641,26.689
2023-07-12 05:00:00+02:00,,18.8,32.7945,34.0005
2023-07-12 06:00:00+02:00,,15.6,27.6765,27.906
2023-07-12 07:00:00+02:00,,9.2,15.628,15.628
2023-07-12 08:00:00+02:00,,8.6,14.2255,14.2255
2023-07-12 09:00:00+02:00,,6.9,11.082999999999998,11.082999999999998
2023-07-12 10:00:00+02:00,,4.2,6.5435,6.5435
2023-07-12 11:00:00+02:00,,5.2,8.165,8.165
2023-07-12 12:00:00+02:00,,7.6,12.4775,12.4775
2023-07-12 13:00:00+02:00,,8.0,13.0785,13.0785
2023-07-12 14:00:00+02:00,,7.5,12.2845,12.2845
2023-07-12 15:00:00+02:00,,6.7,10.949,10.949
2023-07-12 16:00:00+02:00,,7.6,12.4515,12.4515
2023-07-12 17:00:00+02:00,,7.9,12.9945,12.9945
2023-07-12 18:00:00+02:00,,8.2,13.462,13.463
2023-07-12 19:00:00+02:00,,8.7,14.376,14.376
2023-07-12 20:00:00+02:00,,12.2,20.448,20.454500000000003
2023-07-12 21:00:00+02:00,,17.2,29.6055,30.0615
2023-07-12 22:00:00+02:00,,14.1,24.342,24.35
2023-07-12 23:00:00+02:00,,12.9,22.6075,22.609
2023-07-13 00:00:00+02:00,,13.2,23.191000000000003,23.1915
2023-07-13 01:00:00+02:00,,10.3,18.019,18.019
2023-07-13 02:00:00+02:00,,8.7,15.0625,15.0625
2023-07-13 03:00:00+02:00,,8.7,15.0165,15.0165
2023-07-13 04:00:00+02:00,,7.4,12.716,12.716
2023-07-13 05:00:00+02:00,,7.4,12.7395,12.7395
2023-07-13 06:00:00+02:00,,7.7,13.2625,13.2625
2023-07-13 07:00:00+02:00,,9.6,16.5255,16.5255
2023-07-13 08:00:00+02:00,,11.3,19.2195,19.2195
2023-07-13 09:00:00+02:00,,9.2,14.995,14.995
2023-07-13 10:00:00+02:00,,9.2,15.2575,15.2575
2023-07-13 11:00:00+02:00,,8.9,14.6575,14.6575
2023-07-13 12:00:00+02:00,,10.0,16.4815,16.4815
2023-07-13 13:00:00+02:00,,12.3,20.457,20.458
2023-07-13 14:00:00+02:00,,13.0,21.678,21.678
2023-07-13 15:00:00+02:00,,9.7,16.253,16.253
2023-07-13 16:00:00+02:00,,7.8,12.9155,12.9155
2023-07-13 17:00:00+02:00,,10.1,16.8975,16.8975
2023-07-13 18:00:00+02:00,,7.6,12.603,12.603
2023-07-13 19:00:00+02:00,,5.9,9.58,9.58
2023-07-13 20:00:00+02:00,,8.5,14.1385,14.1385
2023-07-13 21:00:00+02:00,,14.7,25.793,25.861
2023-07-13 22:00:00+02:00,,16.9,26.535,29.9625
2023-07-13 23:00:00+02:00,,4.0,6.3025,6.3025
2023-07-14 00:00:00+02:00,,1.7,2.0605,2.0605
2023-07-14 01:00:00+02:00,,2.0,2.5485,2.5485
2023-07-14 02:00:00+02:00,,1.9,2.402,2.402
2023-07-14 03:00:00+02:00,,1.5,1.7765,1.7765
2023-07-14 04:00:00+02:00,,1.2,1.0739999999999998,1.0739999999999998
2023-07-14 05:00:00+02:00,,1.1,1.0545,1.0545
2023-07-14 06:00:00+02:00,,1.6,1.8745,1.8745
2023-07-14 07:00:00+02:00,,2.2,3.049,3.049
2023-07-14 08:00:00+02:00,,2.6,3.781,3.781
2023-07-14 09:00:00+02:00,,2.6,3.727,3.727
2023-07-14 10:00:00+02:00,,3.3,4.8285,4.8285
2023-07-14 11:00:00+02:00,,2.2,2.944,2.944
2023-07-14 12:00:00+02:00,,2.3,2.998,2.998
2023-07-14 13:00:00+02:00,,2.3,3.212,3.212
2023-07-14 14:00:00+02:00,,2.6,3.8455,3.8455
2023-07-14 15:00:00+02:00,,3.0,4.506,4.506
2023-07-14 16:00:00+02:00,,3.2,4.864,4.864
2023-07-14 17:00:00+02:00,,3.5,5.371499999999999,5.371499999999999
2023-07-14 18:00:00+02:00,,3.5,5.4145,5.4145
2023-07-14 19:00:00+02:00,,3.5,5.391,5.391
2023-07-14 20:00:00+02:00,,4.6,7.4115,7.4115
2023-07-14 21:00:00+02:00,,8.3,14.4045,14.4045
2023-07-14 22:00:00+02:00,,8.9,15.4465,15.4465
2023-07-14 23:00:00+02:00,,7.4,12.8245,12.8245
2023-07-15 00:00:00+02:00,,6.1,10.3855,10.3855
2023-07-15 01:00:00+02:00,,5.4,9.087,9.087
2023-07-15 02:00:00+02:00,,5.2,8.8325,8.8325
2023-07-15 03:00:00+02:00,,5.3,8.809000000000001,8.809000000000001
2023-07-15 04:00:00+02:00,,5.4,9.0095,9.0095
2023-07-15 05:00:00+02:00,,5.8,9.8715,9.8715
2023-07-15 06:00:00+02:00,,6.1,10.3745,10.3745
2023-07-15 07:00:00+02:00,,6.4,10.828,10.828
2023-07-15 08:00:00+02:00,,6.7,10.8275,10.8275
2023-07-15 09:00:00+02:00,,6.2,9.699,9.699
2023-07-15 10:00:00+02:00,,7.5,12.123,12.123
2023-07-15 11:00:00+02:00,,7.7,12.3295,12.3295
2023-07-15 12:00:00+02:00,,7.4,11.9515,11.9515
2023-07-15 13:00:00+02:00,,7.2,11.703,11.703
2023-07-15 14:00:00+02:00,,7.4,12.0755,12.0755
2023-07-15 15:00:00+02:00,,7.2,11.724,11.724
2023-07-15 16:00:00+02:00,,7.9,12.7875,12.7875
2023-07-15 17:00:00+02:00,,8.9,14.7445,14.7445
2023-07-15 18:00:00+02:00,,10.4,17.4685,17.4685
2023-07-15 19:00:00+02:00,,15.8,26.3605,27.0575
2023-07-15 20:00:00+02:00,,30.6,42.8795,53.3535
2023-07-15 21:00:00+02:00,,29.9,42.8715,52.644
2023-07-15 22:00:00+02:00,,31.2,44.171,55.042
2023-07-15 23:00:00+02:00,,34.2,46.637,60.461
2023-07-16 00:00:00+02:00,,38.0,49.604,67.394
2023-07-16 01:00:00+02:00,,38.6,50.167,68.676
2023-07-16 02:00:00+02:00,,37.5,49.454,67.00450000000001
2023-07-16 03:00:00+02:00,,37.0,49.3535,66.3125
2023-07-16 04:00:00+02:00,,38.2,50.392,68.7365
2023-07-16 05:00:00+02:00,,33.9,47.17,60.873000000000005
2023-07-16 06:00:00+02:00,,28.1,42.326,50.321
2023-07-16 07:00:00+02:00,,20.9,33.4145,36.082
2023-07-16 08:00:00+02:00,,13.8,22.7865,22.7895
2023-07-16 09:00:00+02:00,,11.8,19.4615,19.4615
2023-07-16 10:00:00+02:00,,8.4,13.6035,13.6035
2023-07-16 11:00:00+02:00,,6.9,10.962,10.962
2023-07-16 12:00:00+02:00,,6.1,9.5405,9.5405
2023-07-16 13:00:00+02:00,,5.5,8.605,8.605
2023-07-16 14:00:00+02:00,,5.8,9.1635,9.1635
2023-07-16 15:00:00+02:00,,6.3,10.046,10.046
2023-07-16 16:00:00+02:00,,7.5,12.0135,12.0135
2023-07-16 17:00:00+02:00,,8.4,13.622,13.622
2023-07-16 18:00:00+02:00,,8.5,13.8325,13.8325
2023-07-16 19:00:00+02:00,,9.0,14.71,14.71
2023-07-16 20:00:00+02:00,,11.6,19.4495,19.4495
2023-07-16 21:00:00+02:00,,13.3,22.834,22.835
2023-07-16 22:00:00+02:00,,12.2,20.854,20.854
2023-07-16 23:00:00+02:00,,12.9,22.3845,22.3845
2023-07-17 00:00:00+02:00,,12.3,21.1665,21.1665
2023-07-17 01:00:00+02:00,,11.3,19.3925,19.3925
2023-07-17 02:00:00+02:00,,10.9,18.8095,18.8095
2023-07-17 03:00:00+02:00,,10.8,18.692,18.692
2023-07-17 04:00:00+02:00,,10.3,18.156,18.156
2023-07-17 05:00:00+02:00,,10.1,17.683,17.683
2023-07-17 06:00:00+02:00,,10.5,18.466,18.466
2023-07-17 07:00:00+02:00,,10.3,17.435499999999998,17.435499999999998
2023-07-17 08:00:00+02:00,,10.1,16.705000000000002,16.705000000000002
2023-07-17 09:00:00+02:00,,10.7,17.639,17.639
2023-07-17 10:00:00+02:00,,8.6,14.247,14.247
2023-07-17 11:00:00+02:00,,7.5,12.172,12.172
2023-07-17 12:00:00+02:00,,6.8,10.877,10.877
2023-07-17 13:00:00+02:00,,5.9,9.5705,9.5705
2023-07-17 14:00:00+02:00,,6.0,9.531,9.531
2023-07-17 15:00:00+02:00,,5.5,8.7845,8.7845
2023-07-17 16:00:00+02:00,,5.1,8.118,8.118
2023-07-17 17:00:00+02:00,,6.6,10.564,10.564
2023-07-17 18:00:00+02:00,,7.4,12.016,12.016
2023-07-17 19:00:00+02:00,,9.3,15.299499999999998,15.299499999999998
2023-07-17 20:00:00+02:00,,13.1,21.889,21.889
2023-07-17 21:00:00+02:00,,15.1,25.8005,25.8735
2023-07-17 22:00:00+02:00,,14.3,24.741,24.7585
2023-07-17 23:00:00+02:00,,14.0,24.199,24.2045
2023-07-18 00:00:00+02:00,,13.2,22.721,22.721
2023-07-18 01:00:00+02:00,,12.1,20.8315,20.8315
2023-07-18 02:00:00+02:00,,11.5,19.908,19.908
2023-07-18 03:00:00+02:00,,11.5,20.0485,20.0485
2023-07-18 04:00:00+02:00,,11.2,19.45,19.45
2023-07-18 05:00:00+02:00,,12.1,21.0295,21.0295
2023-07-18 06:00:00+02:00,,12.7,22.299,22.299
2023-07-18 07:00:00+02:00,,13.1,22.2705,22.2705
2023-07-18 08:00:00+02:00,,13.6,22.7115,22.7175
2023-07-18 09:00:00+02:00,,11.6,19.181,19.181
2023-07-18 10:00:00+02:00,,9.1,14.9045,14.9045
2023-07-18 11:00:00+02:00,,8.9,14.47,14.47
2023-07-18 12:00:00+02:00,,9.4,15.3715,15.3715
2023-07-18 13:00:00+02:00,,10.0,16.374,16.374
2023-07-18 14:00:00+02:00,,12.5,20.6565,20.6565
2023-07-18 15:00:00+02:00,,13.6,22.4195,22.4195
2023-07-18 16:00:00+02:00,,12.4,20.4575,20.4575
2023-07-18 17:00:00+02:00,,12.1,20.0175,20.0175
2023-07-18 18:00:00+02:00,,10.6,17.479,17.479
2023-07-18 19:00:00+02:00,,11.2,18.6695,18.6695
2023-07-18 20:00:00+02:00,,13.0,21.628,21.6305
2023-07-18 21:00:00+02:00,,15.0,25.2755,25.4665
2023-07-18 22:00:00+02:00,,3.7,5.914999999999999,5.9215
2023-07-18 23:00:00+02:00,,2.3,3.123,3.124
2023-07-19 00:00:00+02:00,,2.1,2.775,2.775
2023-07-19 01:00:00+02:00,,2.1,2.8505000000000003,2.8505000000000003
2023-07-19 02:00:00+02:00,,2.4,3.278,3.278
2023-07-19 03:00:00+02:00,,2.6,3.666,3.666
2023-07-19 04:00:00+02:00,,2.7,3.9045,3.9045
2023-07-19 05:00:00+02:00,,3.2,4.731,4.731
2023-07-19 06:00:00+02:00,,2.9,4.1025,4.1025
2023-07-19 07:00:00+02:00,,3.4,5.1545000000000005,5.1545000000000005
2023-07-19 08:00:00+02:00,,3.7,5.9135,5.9135
2023-07-19 09:00:00+02:00,,4.0,6.169499999999999,6.170999999999999
2023-07-19 10:00:00+02:00,,4.1,6.388,6.388
2023-07-19 11:00:00+02:00,,4.6,7.195,7.195
2023-07-19 12:00:00+02:00,,5.4,8.653500000000001,8.653500000000001
2023-07-19 13:00:00+02:00,,5.3,8.434999999999999,8.434999999999999
2023-07-19 14:00:00+02:00,,5.4,8.553999999999998,8.553999999999998
2023-07-19 15:00:00+02:00,,5.5,8.6515,8.6515
2023-07-19 16:00:00+02:00,,6.0,9.521,9.521
2023-07-19 17:00:00+02:00,,6.6,10.6105,10.6105
2023-07-19 18:00:00+02:00,,2.8,4.0295000000000005,4.0295000000000005
2023-07-19 19:00:00+02:00,,3.3,5.059,5.059
2023-07-19 20:00:00+02:00,,4.4,6.924,6.924
2023-07-19 21:00:00+02:00,,5.8,9.4885,9.495
2023-07-19 22:00:00+02:00,,5.2,8.503499999999999,8.503499999999999
2023-07-19 23:00:00+02:00,,4.6,7.409000000000001,7.409000000000001
2023-07-20 00:00:00+02:00,,4.6,7.4645,7.4645
2023-07-20 01:00:00+02:00,,3.6,5.4085,5.4085
2023-07-20 02:00:00+02:00,,5.2,8.704999999999998,9.012
2023-07-20 03:00:00+02:00,,0.6,0.314,0.314
2023-07-20 04:00:00+02:00,,0.6,0.182,0.182
2023-07-20 05:00:00+02:00,,0.9,0.7384999999999999,0.7384999999999999
2023-07-20 06:00:00+02:00,,1.2,1.2605,1.2605
2023-07-20 07:00:00+02:00,,2.2,3.145,3.145
2023-07-20 08:00:00+02:00,,2.0,2.67,2.67
2023-07-20 09:00:00+02:00,,2.2,2.9545000000000003,2.9545000000000003
2023-07-20 10:00:00+02:00,,1.8,2.0715,2.0715
2023-07-20 11:00:00+02:00,,1.7,1.93,1.93
2023-07-20 12:00:00+02:00,,2.0,2.545,2.545
2023-07-20 13:00:00+02:00,,2.0,2.6635,2.6635
2023-07-20 14:00:00+02:00,,2.3,3.114,3.114
2023-07-20 15:00:00+02:00,,2.6,3.605,3.605
2023-07-20 16:00:00+02:00,,3.1,4.487,4.487
2023-07-20 17:00:00+02:00,,3.4,5.0915,5.0915
2023-07-20 18:00:00+02:00,,4.0,6.065,6.065
2023-07-20 19:00:00+02:00,,4.4,6.887499999999999,6.887499999999999
2023-07-20 20:00:00+02:00,,5.1,8.006499999999999,8.006499999999999
2023-07-20 21:00:00+02:00,,7.1,11.8645,11.874
2023-07-20 22:00:00+02:00,,5.7,9.478,9.478
2023-07-20 23:00:00+02:00,,6.2,10.3435,10.3435
2023-07-21 00:00:00+02:00,,6.2,10.6395,10.6395
2023-07-21 01:00:00+02:00,,6.7,11.531,11.531
2023-07-21 02:00:00+02:00,,7.0,11.918,11.918
2023-07-21 03:00:00+02:00,,6.9,11.882,11.882
2023-07-21 04:00:00+02:00,,7.4,13.013,13.013
2023-07-21 05:00:00+02:00,,8.2,14.655,14.655
2023-07-21 06:00:00+02:00,,7.3,12.8955,12.8955
2023-07-21 07:00:00+02:00,,7.5,12.9545,12.9545
2023-07-21 08:00:00+02:00,,8.2,13.6375,13.6375
2023-07-21 09:00:00+02:00,,7.7,12.6145,12.6145
2023-07-21 10:00:00+02:00,,7.7,12.663,12.663
2023-07-21 11:00:00+02:00,,8.4,13.9765,13.9765
2023-07-21 12:00:00+02:00,,9.4,16.023,16.023
2023-07-21 13:00:00+02:00,,10.9,18.8285,18.8285
2023-07-21 14:00:00+02:00,,12.3,21.3735,21.3735
2023-07-21 15:00:00+02:00,,14.4,25.019,25.168
2023-07-21 16:00:00+02:00,,19.0,32.066500000000005,33.9315
2023-07-21 17:00:00+02:00,,21.9,35.1525,39.024
2023-07-21 18:00:00+02:00,,12.5,21.858,21.884
2023-07-21 19:00:00+02:00,,6.6,11.0675,11.3855
2023-07-21 20:00:00+02:00,,2.9,4.327500000000001,4.327500000000001
2023-07-21 21:00:00+02:00,,3.6,5.6245,5.6245
2023-07-21 22:00:00+02:00,,3.1,4.602,4.602
2023-07-21 23:00:00+02:00,,4.0,6.3465,6.3465
2023-07-22 00:00:00+02:00,,5.3,8.9305,9.0915
2023-07-22 01:00:00+02:00,,4.6,7.6655,7.6655
2023-07-22 02:00:00+02:00,,4.1,6.608499999999999,6.608499999999999
2023-07-22 03:00:00+02:00,,4.0,6.462,6.462
2023-07-22 04:00:00+02:00,,4.1,6.66,6.66
2023-07-22 05:00:00+02:00,,3.8,6.068,6.068
2023-07-22 06:00:00+02:00,,4.5,7.3405,7.3405
2023-07-22 07:00:00+02:00,,5.2,8.805,8.805
2023-07-22 08:00:00+02:00,,6.1,9.954,9.954
2023-07-22 09:00:00+02:00,,3.9,5.8645,5.8645
2023-07-22 10:00:00+02:00,,4.7,7.315,7.3255
2023-07-22 11:00:00+02:00,,4.2,6.663,6.663
2023-07-22 12:00:00+02:00,,4.3,6.8035,6.8035
2023-07-22 13:00:00+02:00,,4.6,7.409000000000001,7.409000000000001
2023-07-22 14:00:00+02:00,,4.9,7.9045,7.9045
2023-07-22 15:00:00+02:00,,5.8,9.5325,9.5325
2023-07-22 16:00:00+02:00,,7.1,11.6285,11.6285
2023-07-22 17:00:00+02:00,,7.2,12.121,12.121
2023-07-22 18:00:00+02:00,,7.3,12.4195,12.4195
2023-07-22 19:00:00+02:00,,7.1,12.123,12.123
2023-07-22 20:00:00+02:00,,4.9,8.055,8.055
2023-07-22 21:00:00+02:00,,7.4,12.7495,12.758
2023-07-22 22:00:00+02:00,,5.9,9.973,9.973
2023-07-22 23:00:00+02:00,,6.3,10.932,10.932
2023-07-23 00:00:00+02:00,,6.7,11.4435,11.4435
2023-07-23 01:00:00+02:00,,7.2,12.292,12.292
2023-07-23 02:00:00+02:00,,5.1,8.502500000000001,8.502500000000001
2023-07-23 03:00:00+02:00,,5.6,9.2425,9.2425
2023-07-23 04:00:00+02:00,,5.2,8.608,8.608
2023-07-23 05:00:00+02:00,,4.5,7.3685,7.3685
2023-07-23 06:00:00+02:00,,6.2,10.381,10.381
2023-07-23 07:00:00+02:00,,7.1,11.92,11.92
2023-07-23 08:00:00+02:00,,8.4,14.36,14.36
2023-07-23 09:00:00+02:00,,7.4,12.1415,12.1415
2023-07-23 10:00:00+02:00,,5.7,8.8645,8.8645
2023-07-23 11:00:00+02:00,,4.1,6.2905,6.2905
2023-07-23 12:00:00+02:00,,3.7,5.533,5.533
2023-07-23 13:00:00+02:00,,4.2,6.6115,6.6115
2023-07-23 14:00:00+02:00,,5.5,8.814499999999999,8.814499999999999
2023-07-23 15:00:00+02:00,,7.1,11.382,11.382
2023-07-23 16:00:00+02:00,,7.4,11.7905,11.7905
2023-07-23 17:00:00+02:00,,8.1,13.003,13.003
2023-07-23 18:00:00+02:00,,8.1,13.0525,13.0525
2023-07-23 19:00:00+02:00,,8.3,13.4025,13.4025
2023-07-23 20:00:00+02:00,,10.8,18.063,18.063
2023-07-23 21:00:00+02:00,,14.7,25.365,25.457
2023-07-23 22:00:00+02:00,,13.4,23.134,23.136000000000003
2023-07-23 23:00:00+02:00,,13.0,22.6135,22.6325
2023-07-24 00:00:00+02:00,,11.7,20.3095,20.3095
2023-07-24 01:00:00+02:00,,10.6,18.4995,18.4995
2023-07-24 02:00:00+02:00,,10.1,17.6085,17.6085
2023-07-24 03:00:00+02:00,,9.9,17.1845,17.1845
2023-07-24 04:00:00+02:00,,9.8,17.258499999999998,17.258499999999998
2023-07-24 05:00:00+02:00,,10.7,18.7,18.7
2023-07-24 06:00:00+02:00,,11.5,20.6815,20.6815
2023-07-24 07:00:00+02:00,,10.4,17.892,17.892
2023-07-24 08:00:00+02:00,,10.1,16.697000000000003,16.697000000000003
2023-07-24 09:00:00+02:00,,9.7,15.5695,15.5695
2023-07-24 10:00:00+02:00,,9.7,15.5205,15.5205
2023-07-24 11:00:00+02:00,,9.0,14.3535,14.3535
2023-07-24 12:00:00+02:00,,7.6,11.879,11.879
2023-07-24 13:00:00+02:00,,7.7,12.3705,12.3715
2023-07-24 14:00:00+02:00,,7.9,12.8445,12.8445
2023-07-24 15:00:00+02:00,,7.9,12.8495,12.8495
2023-07-24 16:00:00+02:00,,8.5,13.7445,13.7445
2023-07-24 17:00:00+02:00,,9.0,14.645,14.645
2023-07-24 18:00:00+02:00,,9.4,15.437,15.437
2023-07-24 19:00:00+02:00,,13.1,21.758,21.8305
2023-07-24 20:00:00+02:00,,14.4,24.941,24.9925
2023-07-24 21:00:00+02:00,,17.1,29.0705,29.921
2023-07-24 22:00:00+02:00,,14.3,24.8635,24.8705
2023-07-24 23:00:00+02:00,,11.0,19.009,19.009
2023-07-25 00:00:00+02:00,,8.8,15.2655,15.2655
2023-07-25 01:00:00+02:00,,5.1,8.02,8.02
2023-07-25 02:00:00+02:00,,4.6,7.379,7.379
2023-07-25 03:00:00+02:00,,5.4,8.5645,8.5645
2023-07-25 04:00:00+02:00,,6.1,10.107,10.107
2023-07-25 05:00:00+02:00,,7.4,12.4185,12.4185
2023-07-25 06:00:00+02:00,,8.2,13.9965,14.010000000000002
2023-07-25 07:00:00+02:00,,9.6,16.560499999999998,16.5625
2023-07-25 08:00:00+02:00,,14.4,24.986,25.318
2023-07-25 09:00:00+02:00,,13.9,23.5015,23.7285
2023-07-25 10:00:00+02:00,,9.8,16.218,16.218
2023-07-25 11:00:00+02:00,,8.1,13.336,13.336
2023-07-25 12:00:00+02:00,,5.2,8.2355,8.2355
2023-07-25 13:00:00+02:00,,2.6,3.665,3.665
2023-07-25 14:00:00+02:00,,4.0,6.2295,6.2295
2023-07-25 15:00:00+02:00,,3.0,4.402,4.402
2023-07-25 16:00:00+02:00,,3.4,5.198,5.198
2023-07-25 17:00:00+02:00,,3.9,6.0085,6.0085
2023-07-25 18:00:00+02:00,,3.7,5.6715,5.6715
2023-07-25 19:00:00+02:00,,4.6,7.1845,7.1845
2023-07-25 20:00:00+02:00,,5.8,9.715,9.715
2023-07-25 21:00:00+02:00,,7.5,12.964,12.964
2023-07-25 22:00:00+02:00,,8.3,14.424,14.4285
2023-07-25 23:00:00+02:00,,6.0,10.275,10.275
2023-07-26 00:00:00+02:00,,5.7,9.707,9.707
2023-07-26 01:00:00+02:00,,4.8,7.922000000000001,7.922000000000001
2023-07-26 02:00:00+02:00,,5.4,8.971,8.971
2023-07-26 03:00:00+02:00,,2.5,3.459,3.459
2023-07-26 04:00:00+02:00,,1.9,2.4425,2.4425
2023-07-26 05:00:00+02:00,,4.4,7.0115,7.0115
2023-07-26 06:00:00+02:00,,2.6,3.7125,3.7125
2023-07-26 07:00:00+02:00,,2.8,4.0255,4.0255
2023-07-26 08:00:00+02:00,,2.8,4.091,4.091
2023-07-26 09:00:00+02:00,,3.8,6.035500000000001,6.035500000000001
2023-07-26 10:00:00+02:00,,3.2,4.79,4.79
2023-07-26 11:00:00+02:00,,2.2,2.9530000000000003,2.9530000000000003
2023-07-26 12:00:00+02:00,,1.9,2.4465,2.4465
2023-07-26 13:00:00+02:00,,2.6,3.797,3.797
2023-07-26 14:00:00+02:00,,2.0,2.6870000000000003,2.6870000000000003
2023-07-26 15:00:00+02:00,,1.5,1.767,1.767
2023-07-26 16:00:00+02:00,,1.7,2.2105,2.2105
2023-07-26 17:00:00+02:00,,2.1,2.803,2.803
2023-07-26 18:00:00+02:00,,1.5,1.684,1.6845
2023-07-26 19:00:00+02:00,,1.8,2.258,2.258
2023-07-26 20:00:00+02:00,,2.5,3.522,3.522
2023-07-26 21:00:00+02:00,,4.3,7.0535,7.0535
2023-07-26 22:00:00+02:00,,2.5,3.557,3.557
2023-07-26 23:00:00+02:00,,1.6,1.9,1.9
2023-07-27 00:00:00+02:00,,2.0,2.587,2.587
2023-07-27 01:00:00+02:00,,1.4,1.641,1.641
2023-07-27 02:00:00+02:00,,1.4,1.6765,1.6765
2023-07-27 03:00:00+02:00,,1.4,1.484,1.484
2023-07-27 04:00:00+02:00,,1.3,1.316,1.316
2023-07-27 05:00:00+02:00,,1.4,1.789,1.789
2023-07-27 06:00:00+02:00,,1.3,1.5125,1.5125
2023-07-27 07:00:00+02:00,,1.8,2.408,2.408
2023-07-27 08:00:00+02:00,,2.3,3.255,3.255
2023-07-27 09:00:00+02:00,,2.0,2.596,2.596
2023-07-27 10:00:00+02:00,,1.8,2.222,2.222
2023-07-27 11:00:00+02:00,,1.9,2.4065,2.4065
2023-07-27 12:00:00+02:00,,1.9,2.34,2.34
2023-07-27 13:00:00+02:00,,2.3,3.216,3.216
2023-07-27 14:00:00+02:00,,2.7,3.973,3.973
2023-07-27 15:00:00+02:00,,2.7,3.8875,3.8875
2023-07-27 16:00:00+02:00,,2.8,4.082,4.082
2023-07-27 17:00:00+02:00,,2.4,3.5015,3.5015
2023-07-27 18:00:00+02:00,,2.5,3.609,3.609
2023-07-27 19:00:00+02:00,,2.7,3.912,3.912
2023-07-27 20:00:00+02:00,,6.5,11.231,11.231
2023-07-27 21:00:00+02:00,,7.2,12.893,12.894
2023-07-27 22:00:00+02:00,,10.7,19.571,19.587
2023-07-27 23:00:00+02:00,,5.8,10.1345,10.1345
2023-07-28 00:00:00+02:00,,4.2,7.054,7.054
2023-07-28 01:00:00+02:00,,3.4,5.4535,5.4535
2023-07-28 02:00:00+02:00,,3.1,5.148,5.148
2023-07-28 03:00:00+02:00,,3.0,4.641,4.641
2023-07-28 04:00:00+02:00,,2.7,4.1735,4.1735
2023-07-28 05:00:00+02:00,,2.8,4.1875,4.1875
2023-07-28 06:00:00+02:00,,3.6,6.0105,6.0105
2023-07-28 07:00:00+02:00,,3.8,6.2265,6.2265
2023-07-28 08:00:00+02:00,,3.4,5.198499999999999,5.198499999999999
2023-07-28 09:00:00+02:00,,3.0,4.299,4.299
2023-07-28 10:00:00+02:00,,3.5,5.1785,5.1785
2023-07-28 11:00:00+02:00,,3.3,4.9055,4.9055
2023-07-28 12:00:00+02:00,,2.6,3.665,3.665
2023-07-28 13:00:00+02:00,,2.8,4.08,4.08
2023-07-28 14:00:00+02:00,,2.9,4.4385,4.4385
2023-07-28 15:00:00+02:00,,3.3,4.952,4.952
2023-07-28 16:00:00+02:00,,3.1,4.6850000000000005,4.6850000000000005
2023-07-28 17:00:00+02:00,,3.2,4.8875,4.8875
2023-07-28 18:00:00+02:00,,3.4,5.2745,5.2745
2023-07-28 19:00:00+02:00,,5.6,9.2155,9.2155
2023-07-28 20:00:00+02:00,,9.5,16.592,16.615000000000002
2023-07-28 21:00:00+02:00,,9.1,15.984000000000002,15.984000000000002
2023-07-28 22:00:00+02:00,,8.4,14.9745,14.9745
2023-07-28 23:00:00+02:00,,6.8,11.9455,11.9455
2023-07-29 00:00:00+02:00,,5.9,10.136,10.136
2023-07-29 01:00:00+02:00,,5.5,9.5885,9.5885
2023-07-29 02:00:00+02:00,,4.8,8.257,8.257
2023-07-29 03:00:00+02:00,,4.6,7.725,7.725
2023-07-29 04:00:00+02:00,,4.4,7.329,7.330999999999999
2023-07-29 05:00:00+02:00,,4.4,7.407500000000001,7.407500000000001
2023-07-29 06:00:00+02:00,,4.4,7.4525,7.4525
2023-07-29 07:00:00+02:00,,4.7,7.961,7.961
2023-07-29 08:00:00+02:00,,5.1,8.320500000000001,8.320500000000001
2023-07-29 09:00:00+02:00,,5.1,8.2765,8.2765
2023-07-29 10:00:00+02:00,,4.0,6.218500000000001,6.218500000000001
2023-07-29 11:00:00+02:00,,4.1,6.4875,6.4875
2023-07-29 12:00:00+02:00,,4.7,7.6395,7.6395
2023-07-29 13:00:00+02:00,,5.7,9.464,9.464
2023-07-29 14:00:00+02:00,,6.5,11.021,11.021
2023-07-29 15:00:00+02:00,,6.8,11.4265,11.4265
2023-07-29 16:00:00+02:00,,6.4,10.7135,10.7135
2023-07-29 17:00:00+02:00,,6.3,10.554,10.554
2023-07-29 18:00:00+02:00,,6.4,10.645,10.645
2023-07-29 19:00:00+02:00,,7.0,11.707999999999998,11.707999999999998
2023-07-29 20:00:00+02:00,,11.5,20.1125,20.1125
2023-07-29 21:00:00+02:00,,19.6,32.8435,35.5775
2023-07-29 22:00:00+02:00,,19.0,32.9045,34.7015
2023-07-29 23:00:00+02:00,,13.8,24.7115,24.7665
2023-07-30 00:00:00+02:00,,12.1,21.783,21.783
2023-07-30 01:00:00+02:00,,10.3,18.474,18.474
2023-07-30 02:00:00+02:00,,10.1,18.137,18.137
2023-07-30 03:00:00+02:00,,12.2,22.1515,22.299
2023-07-30 04:00:00+02:00,,9.7,17.5,17.5
2023-07-30 05:00:00+02:00,,9.4,17.0265,17.0265
2023-07-30 06:00:00+02:00,,9.8,17.737499999999997,17.737499999999997
2023-07-30 07:00:00+02:00,,8.1,14.03,14.03
2023-07-30 08:00:00+02:00,,8.5,14.5915,14.5915
2023-07-30 09:00:00+02:00,,9.2,16.0105,16.0105
2023-07-30 10:00:00+02:00,,9.5,16.7195,16.7195
2023-07-30 11:00:00+02:00,,6.8,11.7175,11.7175
2023-07-30 12:00:00+02:00,,5.0,8.156500000000001,8.156500000000001
2023-07-30 13:00:00+02:00,,4.5,7.2045,7.2045
2023-07-30 14:00:00+02:00,,3.4,5.3565000000000005,5.3565000000000005
2023-07-30 15:00:00+02:00,,6.1,10.1835,10.1835
2023-07-30 16:00:00+02:00,,5.0,8.085,8.085
2023-07-30 17:00:00+02:00,,4.8,7.8045,7.8045
2023-07-30 18:00:00+02:00,,3.2,4.8095,4.8095
2023-07-30 19:00:00+02:00,,3.2,4.8870000000000005,4.8870000000000005
2023-07-30 20:00:00+02:00,,4.3,6.9975000000000005,6.9975000000000005
2023-07-30 21:00:00+02:00,,7.9,13.754,13.754
2023-07-30 22:00:00+02:00,,6.0,10.399,10.399
2023-07-30 23:00:00+02:00,,4.8,8.2565,8.2565
2023-07-31 00:00:00+02:00,,4.6,7.6995,7.6995
2023-07-31 01:00:00+02:00,,4.1,6.843999999999999,6.843999999999999
2023-07-31 02:00:00+02:00,,4.0,6.592499999999999,6.592499999999999
2023-07-31 03:00:00+02:00,,4.1,6.791,6.791
2023-07-31 04:00:00+02:00,,3.9,6.292999999999999,6.292999999999999
2023-07-31 05:00:00+02:00,,4.0,6.6530000000000005,6.6530000000000005
2023-07-31 06:00:00+02:00,,4.0,6.6365,6.6365
2023-07-31 07:00:00+02:00,,3.8,6.221500000000001,6.221500000000001
2023-07-31 08:00:00+02:00,,3.7,5.9510000000000005,5.9510000000000005
2023-07-31 09:00:00+02:00,,3.5,5.2010000000000005,5.2010000000000005
2023-07-31 10:00:00+02:00,,3.1,4.4605,4.4605
2023-07-31 11:00:00+02:00,,2.6,3.5455,3.5455
2023-07-31 12:00:00+02:00,,2.4,3.2595,3.2595
2023-07-31 13:00:00+02:00,,2.7,3.8265,3.8265
2023-07-31 14:00:00+02:00,,2.9,4.3425,4.3425
2023-07-31 15:00:00+02:00,,3.4,5.0815,5.0815
2023-07-31 16:00:00+02:00,,4.0,6.1965,6.1965
2023-07-31 17:00:00+02:00,,4.2,6.5225,6.5225
2023-07-31 18:00:00+02:00,,3.9,6.015499999999999,6.015499999999999
2023-07-31 19:00:00+02:00,,4.5,7.18,7.18
2023-07-31 20:00:00+02:00,,7.0,11.788,11.8905
2023-07-31 21:00:00+02:00,,11.7,20.8905,20.9845
2023-07-31 22:00:00+02:00,,12.5,22.3675,22.8125
2023-07-31 23:00:00+02:00,,7.1,12.577000000000002,12.577000000000002
2023-08-01 00:00:00+02:00,,6.1,10.4615,10.4615
2023-08-01 01:00:00+02:00,,5.6,9.479,9.479
2023-08-01 02:00:00+02:00,,5.3,9.0635,9.0635
2023-08-01 03:00:00+02:00,,5.2,8.818999999999999,8.818999999999999
2023-08-01 04:00:00+02:00,,5.4,9.057,9.057
2023-08-01 05:00:00+02:00,,5.9,10.3135,10.3135
2023-08-01 06:00:00+02:00,,6.3,11.0445,11.0445
2023-08-01 07:00:00+02:00,,6.9,11.816,11.816
2023-08-01 08:00:00+02:00,,6.9,11.5575,11.5575
2023-08-01 09:00:00+02:00,,6.2,10.0,10.0
2023-08-01 10:00:00+02:00,,5.3,8.3495,8.3495
2023-08-01 11:00:00+02:00,,5.8,9.431,9.431
2023-08-01 12:00:00+02:00,,6.2,9.9545,9.9545
2023-08-01 13:00:00+02:00,,7.6,12.561,12.6905
2023-08-01 14:00:00+02:00,,8.1,13.483,13.5635
2023-08-01 15:00:00+02:00,,7.0,11.538,11.538
2023-08-01 16:00:00+02:00,,7.4,12.298,12.298
2023-08-01 17:00:00+02:00,,8.6,14.6665,14.6665
2023-08-01 18:00:00+02:00,,12.4,21.628,21.6645
2023-08-01 19:00:00+02:00,,13.5,23.7605,23.77
2023-08-01 20:00:00+02:00,,16.3,28.73,29.138
2023-08-01 21:00:00+02:00,,2.8,4.2265,4.2265
2023-08-01 22:00:00+02:00,,1.4,1.5045000000000002,1.5045000000000002
2023-08-01 23:00:00+02:00,,0.9,0.6425000000000001,0.6425000000000001
2023-08-02 00:00:00+02:00,,1.1,0.9925,0.9925
2023-08-02 01:00:00+02:00,,0.7,0.3255,0.3255
2023-08-02 02:00:00+02:00,,0.7,0.253,0.253
2023-08-02 03:00:00+02:00,,0.9,0.582,0.582
2023-08-02 04:00:00+02:00,,1.6,1.822,1.822
2023-08-02 05:00:00+02:00,,1.0,0.9305,0.9305
2023-08-02 06:00:00+02:00,,1.3,1.2935,1.2935
2023-08-02 07:00:00+02:00,,1.8,2.4115,2.4115
2023-08-02 08:00:00+02:00,,2.6,3.7895,3.7895
2023-08-02 09:00:00+02:00,,1.4,1.553,1.553
2023-08-02 10:00:00+02:00,,1.7,1.9985,1.9985
2023-08-02 11:00:00+02:00,,1.1,0.945,0.945
2023-08-02 12:00:00+02:00,,1.9,2.274,2.274
2023-08-02 13:00:00+02:00,,1.6,1.943,1.943
2023-08-02 14:00:00+02:00,,2.1,2.715,2.715
2023-08-02 15:00:00+02:00,,2.7,3.8805,3.8805
2023-08-02 16:00:00+02:00,,3.1,4.655,4.655
2023-08-02 17:00:00+02:00,,3.3,5.162,5.162
2023-08-02 18:00:00+02:00,,4.5,7.3165,7.3165
2023-08-02 19:00:00+02:00,,5.6,9.364999999999998,9.364999999999998
2023-08-02 20:00:00+02:00,,7.3,13.0535,13.0555
2023-08-02 21:00:00+02:00,,11.2,20.6295,20.6305
2023-08-02 22:00:00+02:00,,10.1,18.793,18.793
2023-08-02 23:00:00+02:00,,9.3,17.494500000000002,17.494500000000002
2023-08-03 00:00:00+02:00,,9.2,17.273,17.273
2023-08-03 01:00:00+02:00,,8.6,15.985499999999998,15.985499999999998
2023-08-03 02:00:00+02:00,,8.6,15.962,15.962
2023-08-03 03:00:00+02:00,,8.2,15.468,15.468
2023-08-03 04:00:00+02:00,,8.6,16.2165,16.2165
2023-08-03 05:00:00+02:00,,8.3,15.6055,15.6055
2023-08-03 06:00:00+02:00,,6.6,11.678,11.678
2023-08-03 07:00:00+02:00,,6.8,11.5225,11.5225
2023-08-03 08:00:00+02:00,,6.0,9.781,9.781
2023-08-03 09:00:00+02:00,,5.4,8.613,8.613
2023-08-03 10:00:00+02:00,,5.3,8.271,8.271
2023-08-03 11:00:00+02:00,,4.8,7.541,7.541
2023-08-03 12:00:00+02:00,,4.2,6.549,6.549
2023-08-03 13:00:00+02:00,,5.2,8.3575,8.3575
2023-08-03 14:00:00+02:00,,5.4,8.870000000000001,8.870000000000001
2023-08-03 15:00:00+02:00,,6.0,9.783,9.783
2023-08-03 16:00:00+02:00,,5.7,9.2145,9.2145
2023-08-03 17:00:00+02:00,,7.2,11.7995,11.802
2023-08-03 18:00:00+02:00,,7.8,12.785,12.7855
2023-08-03 19:00:00+02:00,,8.5,14.088,14.088
2023-08-03 20:00:00+02:00,,11.2,19.362,19.362
2023-08-03 21:00:00+02:00,,13.4,23.1455,23.214
2023-08-03 22:00:00+02:00,,11.9,20.8,20.806
2023-08-03 23:00:00+02:00,,11.6,20.3635,20.3635
2023-08-04 00:00:00+02:00,,12.0,21.098,21.098
2023-08-04 01:00:00+02:00,,10.7,18.707,18.707
2023-08-04 02:00:00+02:00,,10.5,18.103,18.103
2023-08-04 03:00:00+02:00,,11.3,19.8725,19.8725
2023-08-04 04:00:00+02:00,,10.2,17.981499999999997,17.981499999999997
2023-08-04 05:00:00+02:00,,9.7,16.9685,16.9685
2023-08-04 06:00:00+02:00,,9.9,17.372500000000002,17.372500000000002
2023-08-04 07:00:00+02:00,,8.5,14.4075,14.4075
2023-08-04 08:00:00+02:00,,8.0,13.0375,13.0375
2023-08-04 09:00:00+02:00,,9.0,14.712,14.712
2023-08-04 10:00:00+02:00,,7.6,12.1375,12.1375
2023-08-04 11:00:00+02:00,,5.6,8.7835,8.7835
2023-08-04 12:00:00+02:00,,6.2,9.8865,9.8865
2023-08-04 13:00:00+02:00,,7.1,11.574000000000002,11.574000000000002
2023-08-04 14:00:00+02:00,,6.9,11.3045,11.3045
2023-08-04 15:00:00+02:00,,6.1,9.9155,9.9155
2023-08-04 16:00:00+02:00,,6.7,11.036,11.036
2023-08-04 17:00:00+02:00,,7.0,11.5895,11.5895
2023-08-04 18:00:00+02:00,,8.3,14.1415,14.142
2023-08-04 19:00:00+02:00,,6.9,11.7495,11.7495
2023-08-04 20:00:00+02:00,,6.7,11.4375,11.4375
2023-08-04 21:00:00+02:00,,7.3,12.476,12.476
2023-08-04 22:00:00+02:00,,4.6,7.444,7.444
2023-08-04 23:00:00+02:00,,2.2,3.004,3.004
2023-08-05 00:00:00+02:00,,0.8,0.484,0.484
2023-08-05 01:00:00+02:00,,0.7,0.351,0.351
2023-08-05 02:00:00+02:00,,0.8,0.4415,0.4415
2023-08-05 03:00:00+02:00,,0.8,0.413,0.413
2023-08-05 04:00:00+02:00,,0.7,0.3299999999999999,0.3299999999999999
2023-08-05 05:00:00+02:00,,0.5,0.075,0.075
2023-08-05 06:00:00+02:00,,1.3,1.3005,1.3005
2023-08-05 07:00:00+02:00,,1.7,1.9835,1.9835
2023-08-05 08:00:00+02:00,,1.6,1.999,1.999
2023-08-05 09:00:00+02:00,,1.2,1.2855,1.2855
2023-08-05 10:00:00+02:00,,1.5,1.707,1.707
2023-08-05 11:00:00+02:00,,1.8,2.425,2.425
2023-08-05 12:00:00+02:00,,1.5,1.759,1.759
2023-08-05 13:00:00+02:00,,2.3,3.216,3.216
2023-08-05 14:00:00+02:00,,3.2,4.9185,4.9185
2023-08-05 15:00:00+02:00,,3.2,4.807,4.807
2023-08-05 16:00:00+02:00,,3.7,5.785,5.7985
2023-08-05 17:00:00+02:00,,3.6,5.458,5.458
2023-08-05 18:00:00+02:00,,3.5,5.466,5.466
2023-08-05 19:00:00+02:00,,3.1,4.566000000000001,4.57
2023-08-05 20:00:00+02:00,,3.8,5.9135,5.9135
2023-08-05 21:00:00+02:00,,4.3,7.5075,7.045
2023-08-05 22:00:00+02:00,,3.6,5.637499999999999,5.637499999999999
2023-08-05 23:00:00+02:00,,2.2,3.041,3.041
2023-08-06 00:00:00+02:00,,1.9,2.441,2.441
2023-08-06 01:00:00+02:00,,1.7,2.0495,2.0495
2023-08-06 02:00:00+02:00,,1.9,2.502,2.502
2023-08-06 03:00:00+02:00,,1.7,2.063,2.063
2023-08-06 04:00:00+02:00,,1.3,1.2995,1.2995
2023-08-06 05:00:00+02:00,,1.8,2.3365,2.3365
2023-08-06 06:00:00+02:00,,1.2,1.0635,1.0635
2023-08-06 07:00:00+02:00,,1.0,0.865,0.865
2023-08-06 08:00:00+02:00,,1.3,1.3645,1.3645
2023-08-06 09:00:00+02:00,,1.3,1.383,1.383
2023-08-06 10:00:00+02:00,,1.2,1.1515,1.1515
2023-08-06 11:00:00+02:00,,1.1,1.0415,1.0415
2023-08-06 12:00:00+02:00,,0.7,0.3615,0.3615
2023-08-06 13:00:00+02:00,,1.3,1.394,1.394
2023-08-06 14:00:00+02:00,,1.6,1.914,1.914
2023-08-06 15:00:00+02:00,,2.2,3.04,3.04
2023-08-06 16:00:00+02:00,,1.8,2.3865,2.3865
2023-08-06 17:00:00+02:00,,1.1,0.968,0.968
2023-08-06 18:00:00+02:00,,1.0,0.829,0.829
2023-08-06 19:00:00+02:00,,2.2,3.0295,3.0295
2023-08-06 20:00:00+02:00,,2.7,4.034000000000001,4.034000000000001
2023-08-06 21:00:00+02:00,,3.6,5.7895,5.7895
2023-08-06 22:00:00+02:00,,5.2,8.8935,8.8935
2023-08-06 23:00:00+02:00,,1.8,2.2895000000000003,2.2895000000000003
2023-08-07 00:00:00+02:00,,1.4,1.642,1.642
2023-08-07 01:00:00+02:00,,1.0,1.034,1.034
2023-08-07 02:00:00+02:00,,0.8,0.5895,0.5895
2023-08-07 03:00:00+02:00,,0.7,0.4085,0.4085
2023-08-07 04:00:00+02:00,,0.6,0.2745,0.2745
2023-08-07 05:00:00+02:00,,0.8,0.5329999999999999,0.5329999999999999
2023-08-07 06:00:00+02:00,,1.2,1.2405,1.2405
2023-08-07 07:00:00+02:00,,1.6,1.9435,1.9435
2023-08-07 08:00:00+02:00,,1.2,1.2645,1.2645
2023-08-07 09:00:00+02:00,,1.1,1.0075,1.0075
2023-08-07 10:00:00+02:00,,1.3,1.24,1.24
2023-08-07 11:00:00+02:00,,2.0,2.8485,2.849
2023-08-07 12:00:00+02:00,,1.2,1.147,1.147
2023-08-07 13:00:00+02:00,,0.8,0.4785,0.4785
2023-08-07 14:00:00+02:00,,0.9,0.671,0.671
2023-08-07 15:00:00+02:00,,1.1,1.11,1.11
2023-08-07 16:00:00+02:00,,0.8,0.5740000000000001,0.5740000000000001
2023-08-07 17:00:00+02:00,,1.0,0.8065,0.8065
2023-08-07 18:00:00+02:00,,2.1,2.9115,2.9115
2023-08-07 19:00:00+02:00,,2.8,4.0145,4.041
2023-08-07 20:00:00+02:00,,1.5,1.7155,1.7155
2023-08-07 21:00:00+02:00,,1.2,1.0855,1.0855
2023-08-07 22:00:00+02:00,,1.4,1.5475,1.5475
2023-08-07 23:00:00+02:00,,1.1,1.0425,1.0425
2023-08-08 00:00:00+02:00,,1.1,0.8865000000000001,0.8865000000000001
2023-08-08 01:00:00+02:00,,1.0,0.9415,0.9425
2023-08-08 02:00:00+02:00,,0.8,0.566,0.566
2023-08-08 03:00:00+02:00,,0.7,0.3555,0.3555
2023-08-08 04:00:00+02:00,,0.8,0.62,0.62
2023-08-08 05:00:00+02:00,,1.1,1.1415000000000002,1.1415000000000002
2023-08-08 06:00:00+02:00,,1.2,1.378,1.378
2023-08-08 07:00:00+02:00,,1.5,1.747,1.747
2023-08-08 08:00:00+02:00,,2.0,2.597,2.597
2023-08-08 09:00:00+02:00,,1.5,1.811,1.811
2023-08-08 10:00:00+02:00,,1.8,2.141,2.141
2023-08-08 11:00:00+02:00,,1.2,1.2135,1.2135
2023-08-08 12:00:00+02:00,,1.0,0.7645,0.7645
2023-08-08 13:00:00+02:00,,1.0,0.851,0.851
2023-08-08 14:00:00+02:00,,1.0,0.91,0.91
2023-08-08 15:00:00+02:00,,1.0,0.858,0.858
2023-08-08 16:00:00+02:00,,1.4,1.517,1.517
2023-08-08 17:00:00+02:00,,1.4,1.518,1.518
2023-08-08 18:00:00+02:00,,1.6,1.9845,1.9845
2023-08-08 19:00:00+02:00,,2.7,4.026,4.026
2023-08-08 20:00:00+02:00,,4.2,6.9285,6.9285
2023-08-08 21:00:00+02:00,,8.1,14.6425,14.6425
2023-08-08 22:00:00+02:00,,6.7,12.1775,12.1775
2023-08-08 23:00:00+02:00,,5.6,9.9115,9.9115
2023-08-09 00:00:00+02:00,,4.8,8.6165,8.6165
2023-08-09 01:00:00+02:00,,4.8,8.562999999999999,8.562999999999999
2023-08-09 02:00:00+02:00,,4.8,8.647,8.647
2023-08-09 03:00:00+02:00,,4.3,7.755,7.755
2023-08-09 04:00:00+02:00,,4.3,7.5385,7.5385
2023-08-09 05:00:00+02:00,,4.3,7.6385,7.6385
2023-08-09 06:00:00+02:00,,4.5,8.011,8.011
2023-08-09 07:00:00+02:00,,4.9,8.616,8.616
2023-08-09 08:00:00+02:00,,4.1,6.7065,6.7065
2023-08-09 09:00:00+02:00,,3.9,6.2385,6.2385
2023-08-09 10:00:00+02:00,,3.6,5.806,5.806
2023-08-09 11:00:00+02:00,,4.4,7.353,7.353
2023-08-09 12:00:00+02:00,,3.6,5.849,5.849
2023-08-09 13:00:00+02:00,,3.3,5.287,5.287
2023-08-09 14:00:00+02:00,,4.3,7.088,7.088
2023-08-09 15:00:00+02:00,,4.8,7.991,7.991
2023-08-09 16:00:00+02:00,,4.1,6.667,6.667
2023-08-09 17:00:00+02:00,,4.5,7.497,7.497
2023-08-09 18:00:00+02:00,,4.8,8.1565,8.1565
2023-08-09 19:00:00+02:00,,6.4,11.307,11.307
2023-08-09 20:00:00+02:00,,8.2,14.8315,14.8315
2023-08-09 21:00:00+02:00,,10.9,19.98,19.98
2023-08-09 22:00:00+02:00,,9.0,16.413,16.514499999999998
2023-08-09 23:00:00+02:00,,8.5,15.5245,15.5245
2023-08-10 00:00:00+02:00,,7.7,13.8965,13.8965
2023-08-10 01:00:00+02:00,,7.6,13.701,13.701
2023-08-10 02:00:00+02:00,,7.5,13.5385,13.5385
2023-08-10 03:00:00+02:00,,7.4,13.283,13.283
2023-08-10 04:00:00+02:00,,7.8,14.237,14.237
2023-08-10 05:00:00+02:00,,8.7,15.902,15.902
2023-08-10 06:00:00+02:00,,9.3,17.218,17.218
2023-08-10 07:00:00+02:00,,9.1,16.4795,16.4795
2023-08-10 08:00:00+02:00,,8.1,13.727,13.727
2023-08-10 09:00:00+02:00,,8.0,13.5435,13.5435
2023-08-10 10:00:00+02:00,,7.4,12.225,12.225
2023-08-10 11:00:00+02:00,,7.5,12.617,12.617
2023-08-10 12:00:00+02:00,,8.2,14.0465,14.0465
2023-08-10 13:00:00+02:00,,8.9,15.4785,15.4785
2023-08-10 14:00:00+02:00,,10.5,18.549,18.549
2023-08-10 15:00:00+02:00,,10.5,18.644,18.644
2023-08-10 16:00:00+02:00,,10.5,18.88,18.88
2023-08-10 17:00:00+02:00,,14.8,27.16,27.19
2023-08-10 18:00:00+02:00,,16.5,29.96,30.3445
2023-08-10 19:00:00+02:00,,14.8,27.1615,27.238
2023-08-10 20:00:00+02:00,,18.2,32.7555,33.91
2023-08-10 21:00:00+02:00,,20.7,36.05,39.067
2023-08-10 22:00:00+02:00,,21.1,36.7365,40.1075
2023-08-10 23:00:00+02:00,,19.1,34.4565,36.243
2023-08-11 00:00:00+02:00,,19.5,34.9495,36.943
2023-08-11 01:00:00+02:00,,20.8,35.898,39.6745
2023-08-11 02:00:00+02:00,,18.1,33.7475,34.825500000000005
2023-08-11 03:00:00+02:00,,18.3,33.9205,35.230999999999995
2023-08-11 04:00:00+02:00,,17.1,32.1675,32.6825
2023-08-11 05:00:00+02:00,,17.3,32.665,33.4575
2023-08-11 06:00:00+02:00,,16.3,31.2575,31.5045
2023-08-11 07:00:00+02:00,,14.6,27.195,27.289
2023-08-11 08:00:00+02:00,,11.8,21.0175,21.0175
2023-08-11 09:00:00+02:00,,11.1,19.111,19.111
2023-08-11 10:00:00+02:00,,9.1,15.5085,15.5085
2023-08-11 11:00:00+02:00,,5.5,9.1225,9.1225
2023-08-11 12:00:00+02:00,,3.6,5.501,5.501
2023-08-11 13:00:00+02:00,,3.2,4.8795,4.8795
2023-08-11 14:00:00+02:00,,3.7,5.843,5.843
2023-08-11 15:00:00+02:00,,3.1,4.797499999999999,4.797499999999999
2023-08-11 16:00:00+02:00,,3.1,4.623,4.623
2023-08-11 17:00:00+02:00,,3.1,4.728,4.728
2023-08-11 18:00:00+02:00,,3.0,4.5685,4.5685
2023-08-11 19:00:00+02:00,,4.2,6.913,6.913
2023-08-11 20:00:00+02:00,,7.9,13.8375,13.842
2023-08-11 21:00:00+02:00,,12.2,22.3795,22.42
2023-08-11 22:00:00+02:00,,9.4,17.0855,17.0855
2023-08-11 23:00:00+02:00,,8.1,14.5675,14.5675
2023-08-12 00:00:00+02:00,,6.6,11.7955,11.7955
2023-08-12 01:00:00+02:00,,5.9,10.391,10.391
2023-08-12 02:00:00+02:00,,6.1,10.9645,11.0085
2023-08-12 03:00:00+02:00,,7.1,12.231,12.8785
2023-08-12 04:00:00+02:00,,5.4,9.708,9.708
2023-08-12 05:00:00+02:00,,5.5,9.8125,9.8125
2023-08-12 06:00:00+02:00,,4.8,8.3705,8.3705
2023-08-12 07:00:00+02:00,,4.9,8.457,8.457
2023-08-12 08:00:00+02:00,,4.7,7.6005,7.6005
2023-08-12 09:00:00+02:00,,4.7,7.4875,7.4875
2023-08-12 10:00:00+02:00,,4.2,6.627000000000001,6.627000000000001
2023-08-12 11:00:00+02:00,,3.7,5.833,5.833
2023-08-12 12:00:00+02:00,,4.2,6.556,6.556
2023-08-12 13:00:00+02:00,,4.3,6.9035,6.9035
2023-08-12 14:00:00+02:00,,4.8,7.699,7.699
2023-08-12 15:00:00+02:00,,4.7,7.649,7.649
2023-08-12 16:00:00+02:00,,4.9,7.9575,7.9575
2023-08-12 17:00:00+02:00,,5.3,8.912,8.912
2023-08-12 18:00:00+02:00,,6.0,10.3045,10.3045
2023-08-12 19:00:00+02:00,,6.5,11.3545,11.3545
2023-08-12 23:00:00+02:00,49.4,13.4,24.97,24.9715
2023-08-13 00:00:00+02:00,49.034,12.9,22.833,23.722
2023-08-13 01:00:00+02:00,50.633,13.1,23.797,24.395
2023-08-13 02:00:00+02:00,51.966,11.5,21.3545,21.3545
2023-08-13 03:00:00+02:00,52.233,16.0,27.863,30.417
2023-08-13 04:00:00+02:00,52.467,12.6,23.498,23.587
2023-08-13 05:00:00+02:00,52.567,12.7,23.944,23.944
2023-08-13 06:00:00+02:00,51.867,12.8,24.1255,24.1255
2023-08-13 07:00:00+02:00,45.534,12.4,22.8135,22.8135
2023-08-13 08:00:00+02:00,34.9,11.1,19.3415,19.3415
2023-08-13 09:00:00+02:00,27.767,10.5,17.781,17.781
2023-08-13 10:00:00+02:00,25.0,10.7,17.863,17.8675
2023-08-13 11:00:00+02:00,23.967,10.2,17.3295,17.3295
2023-08-13 12:00:00+02:00,23.634,9.0,15.174,15.174
2023-08-13 13:00:00+02:00,27.834,8.8,15.257,15.259
2023-08-13 14:00:00+02:00,32.5,9.9,17.5195,17.5195
2023-08-13 15:00:00+02:00,33.2,12.2,21.8335,21.8335
2023-08-13 16:00:00+02:00,34.033,10.5,18.552,18.552
2023-08-13 17:00:00+02:00,33.966,8.7,15.324,15.324
2023-08-13 18:00:00+02:00,33.8,8.1,14.334,14.334
2023-08-13 19:00:00+02:00,34.834,9.1,16.055999999999997,16.077
2023-08-13 20:00:00+02:00,37.233,13.2,23.2725,23.759
2023-08-13 21:00:00+02:00,42.533,22.1,36.507,40.9255
2023-08-13 22:00:00+02:00,45.1,15.7,28.7445,28.99
2023-08-13 23:00:00+02:00,47.3,13.1,24.131,24.131
2023-08-14 00:00:00+02:00,47.533,11.9,22.079,22.0815
2023-08-14 01:00:00+02:00,49.266,11.1,20.2905,20.2905
2023-08-14 02:00:00+02:00,50.867,10.8,19.7915,19.7915
2023-08-14 03:00:00+02:00,51.3,10.7,19.686,19.686
2023-08-14 04:00:00+02:00,51.483,11.0,20.4295,20.4295
2023-08-14 05:00:00+02:00,51.7,11.7,21.8365,21.8365
2023-08-14 06:00:00+02:00,50.3,12.4,23.5335,23.5335
2023-08-14 07:00:00+02:00,43.4,12.7,23.392,23.3935
2023-08-14 08:00:00+02:00,33.133,11.7,20.6235,20.6235
2023-08-14 09:00:00+02:00,28.7,11.4,19.427,19.427
2023-08-14 10:00:00+02:00,25.067,11.7,19.9745,19.977
2023-08-14 11:00:00+02:00,24.334,11.6,19.715,19.715
2023-08-14 12:00:00+02:00,25.867,12.2,20.7795,20.7795
2023-08-14 13:00:00+02:00,30.867,13.6,23.3435,23.3455
2023-08-14 14:00:00+02:00,35.667,14.3,24.8925,24.8955
2023-08-14 15:00:00+02:00,36.067,13.7,23.744,23.7465
2023-08-14 16:00:00+02:00,36.334,13.0,22.581,22.581
2023-08-14 17:00:00+02:00,36.534,13.2,22.754,22.7925
2023-08-14 18:00:00+02:00,36.9,13.1,22.771,22.7745
2023-08-14 19:00:00+02:00,38.233,14.4,25.039,25.1315
2023-08-14 20:00:00+02:00,40.0,19.1,32.1755,34.0065
2023-08-14 21:00:00+02:00,43.667,23.2,37.544,42.0885
2023-08-14 22:00:00+02:00,46.466,25.0,39.7365,45.7425
2023-08-14 23:00:00+02:00,47.666,21.2,35.7125,38.7515
2023-08-15 00:00:00+02:00,49.166,19.3,33.6845,35.2725
2023-08-15 01:00:00+02:00,51.233,18.6,33.241,34.3665
2023-08-15 02:00:00+02:00,52.633,18.3,32.901,33.947500000000005
2023-08-15 03:00:00+02:00,52.766,18.2,32.903,33.8795
2023-08-15 04:00:00+02:00,52.4,18.7,33.5525,34.9075
2023-08-15 05:00:00+02:00,53.666,18.3,33.0355,34.0205
2023-08-15 06:00:00+02:00,54.566,18.3,33.0045,33.9955
2023-08-15 07:00:00+02:00,47.534,17.8,32.036500000000004,32.7795
2023-08-15 08:00:00+02:00,36.166,16.3,28.146,28.2675
2023-08-15 09:00:00+02:00,31.034,16.0,26.671,26.7295
2023-08-15 10:00:00+02:00,26.666,16.0,26.7545,26.8825
2023-08-15 11:00:00+02:00,24.6,14.8,24.9075,24.9215
2023-08-15 12:00:00+02:00,25.3,13.4,22.474,22.476
2023-08-15 13:00:00+02:00,31.133,12.8,21.515500000000003,21.515500000000003
2023-08-15 14:00:00+02:00,35.533,14.9,25.582,25.6395
2023-08-15 15:00:00+02:00,37.534,17.3,29.3395,29.696
2023-08-15 16:00:00+02:00,37.6,15.4,26.348,26.4575
2023-08-15 17:00:00+02:00,34.534,10.2,17.4675,17.4675
2023-08-15 18:00:00+02:00,34.5,9.0,15.322,15.322
2023-08-15 19:00:00+02:00,35.7,9.5,16.4545,16.4545
2023-08-15 20:00:00+02:00,37.0,10.7,18.469,18.5245
2023-08-15 21:00:00+02:00,38.5,12.7,22.606,22.606
2023-08-15 22:00:00+02:00,41.1,16.1,28.608,28.8155
2023-08-15 23:00:00+02:00,42.933,17.1,30.5,30.954500000000003
2023-08-16 00:00:00+02:00,45.791,16.0,28.7135,28.9535
2023-08-16 01:00:00+02:00,47.275,15.2,27.378500000000003,27.411
2023-08-16 02:00:00+02:00,49.933,15.0,27.1515,27.179
2023-08-16 03:00:00+02:00,51.2,14.5,26.084,26.09
2023-08-16 04:00:00+02:00,52.067,14.5,26.2505,26.2845
2023-08-16 05:00:00+02:00,51.9,13.7,24.8095,24.813
2023-08-16 06:00:00+02:00,51.3,13.7,24.631,24.631
2023-08-16 07:00:00+02:00,49.334,14.0,25.3155,25.3485
2023-08-16 08:00:00+02:00,41.167,13.8,24.1845,24.185
2023-08-16 09:00:00+02:00,32.1,14.8,24.719,24.741
2023-08-16 10:00:00+02:00,28.267,17.0,28.018,28.4185
2023-08-16 11:00:00+02:00,26.434,15.7,25.855,25.897
2023-08-16 12:00:00+02:00,27.4,16.8,27.533,27.707
2023-08-16 13:00:00+02:00,29.534,17.2,28.12,28.319000000000003
2023-08-16 14:00:00+02:00,35.966,16.9,28.355,28.5535
2023-08-16 15:00:00+02:00,35.9,13.2,22.422,22.422
2023-08-16 16:00:00+02:00,35.867,12.6,21.3815,21.3815
2023-08-16 17:00:00+02:00,37.333,13.2,22.2665,22.2665
2023-08-16 18:00:00+02:00,41.167,12.3,20.923,20.9275
2023-08-16 19:00:00+02:00,41.633,16.3,27.9185,28.3875
2023-08-16 20:00:00+02:00,43.433,19.0,32.1165,33.5635
2023-08-16 21:00:00+02:00,45.834,22.1,36.214,39.6265
2023-08-16 22:00:00+02:00,47.733,21.9,36.154,39.4425
2023-08-16 23:00:00+02:00,48.4,23.9,38.3765,43.209
2023-08-17 00:00:00+02:00,50.0,20.6,34.78,37.0245
2023-08-17 01:00:00+02:00,50.034,19.0,33.045,34.208
2023-08-17 02:00:00+02:00,50.466,19.0,33.0025,34.078500000000005
2023-08-17 03:00:00+02:00,48.7,17.7,31.168,31.615
2023-08-17 04:00:00+02:00,49.233,18.0,31.817,32.4555
2023-08-17 05:00:00+02:00,49.767,19.2,33.441,34.8185
2023-08-17 06:00:00+02:00,50.0,18.3,32.376999999999995,33.1475
2023-08-17 07:00:00+02:00,45.767,18.2,31.821,32.475
2023-08-17 08:00:00+02:00,38.334,17.6,29.7885,30.1585
2023-08-17 09:00:00+02:00,33.3,16.9,27.619,27.812
2023-08-17 10:00:00+02:00,28.433,20.8,31.9845,33.917
2023-08-17 11:00:00+02:00,28.633,22.2,33.454,36.2285
2023-08-17 12:00:00+02:00,28.133,19.6,30.506500000000003,31.7815
2023-08-17 13:00:00+02:00,30.466,15.5,25.1805,25.283
2023-08-17 14:00:00+02:00,34.533,19.8,31.578,32.9105
2023-08-17 15:00:00+02:00,35.1,19.7,31.548,32.8115
2023-08-17 16:00:00+02:00,38.534,15.6,26.0555,26.289
2023-08-17 17:00:00+02:00,40.3,11.9,20.026,20.026
2023-08-17 18:00:00+02:00,41.966,13.8,23.588,23.5975
2023-08-17 19:00:00+02:00,43.234,15.4,26.4665,26.482
2023-08-17 20:00:00+02:00,45.8,19.4,32.441,33.982
2023-08-17 21:00:00+02:00,47.666,23.1,37.1935,41.456
2023-08-17 22:00:00+02:00,50.0,23.3,37.5125,41.845
2023-08-17 23:00:00+02:00,50.633,21.0,35.0945,37.6665
2023-08-18 00:00:00+02:00,51.7,21.6,35.878,38.8245
2023-08-18 01:00:00+02:00,53.867,21.8,36.0005,38.9845
2023-08-18 02:00:00+02:00,54.033,22.4,36.92700000000001,40.507000000000005
2023-08-18 03:00:00+02:00,56.066,24.2,38.980500000000006,43.941500000000005
2023-08-18 04:00:00+02:00,55.034,23.6,38.407,42.874
2023-08-18 05:00:00+02:00,55.334,24.8,39.816500000000005,45.312
2023-08-18 06:00:00+02:00,54.1,26.5,41.712,48.7495
2023-08-18 07:00:00+02:00,51.133,28.7,43.563,52.422
2023-08-18 08:00:00+02:00,50.233,29.5,43.947500000000005,53.5065
2023-08-18 09:00:00+02:00,43.367,31.5,44.233,55.2335
2023-08-18 10:00:00+02:00,35.734,29.7,40.906000000000006,49.608
2023-08-18 11:00:00+02:00,33.4,23.1,34.546,38.2475
2023-08-18 12:00:00+02:00,27.7,19.7,30.8275,32.11
2023-08-18 13:00:00+02:00,31.733,20.6,31.8125,33.589
2023-08-18 14:00:00+02:00,35.6,25.6,37.2185,42.5555
2023-08-18 15:00:00+02:00,36.3,23.2,35.1105,38.7465
2023-08-18 16:00:00+02:00,39.166,20.8,32.7635,34.7605
2023-08-18 17:00:00+02:00,41.6,20.4,32.309,34.057
2023-08-18 18:00:00+02:00,43.234,22.2,34.5205,37.506
2023-08-18 19:00:00+02:00,44.1,27.5,39.903,46.831
2023-08-18 20:00:00+02:00,46.5,32.5,44.2805,56.491
2023-08-18 21:00:00+02:00,49.166,38.6,49.8945,68.624
2023-08-18 22:00:00+02:00,51.367,36.8,48.621,65.35849999999999
2023-08-18 23:00:00+02:00,52.7,33.2,46.1495,59.061
2023-08-19 00:00:00+02:00,56.767,33.2,46.499,59.672
2023-08-19 01:00:00+02:00,57.9,30.4,44.278,54.3445
2023-08-19 02:00:00+02:00,56.567,29.6,43.634,53.0315
2023-08-19 03:00:00+02:00,57.633,28.3,42.6575,50.8475
2023-08-19 04:00:00+02:00,55.133,25.9,40.0165,46.092
2023-08-19 05:00:00+02:00,56.734,27.4,41.9585,49.424
2023-08-19 06:00:00+02:00,56.967,26.5,41.391,48.3015
2023-08-19 07:00:00+02:00,50.867,26.0,39.849500000000006,45.8975
2023-08-19 08:00:00+02:00,45.0,26.0,39.107,45.0495
2023-08-19 09:00:00+02:00,36.834,26.1,37.2805,42.7465
2023-08-19 10:00:00+02:00,37.166,27.3,38.4105,44.82
2023-08-19 11:00:00+02:00,30.9,22.3,33.44,36.235
2023-08-19 12:00:00+02:00,31.9,20.6,31.6855,33.4775
2023-08-19 13:00:00+02:00,36.834,22.7,34.054500000000004,37.230500000000006
2023-08-19 14:00:00+02:00,41.1,33.1,45.577,56.015
2023-08-19 15:00:00+02:00,43.1,29.4,41.596,50.1635
2023-08-19 16:00:00+02:00,42.834,23.4,35.416,39.162
2023-08-19 17:00:00+02:00,44.2,22.3,34.399,37.4775
2023-08-19 18:00:00+02:00,47.0,22.0,34.491,37.4035
2023-08-19 19:00:00+02:00,51.867,26.9,40.013000000000005,46.738
2023-08-19 20:00:00+02:00,54.4,26.8,40.05200000000001,46.7415
2023-08-19 21:00:00+02:00,56.867,27.5,41.09,48.55
2023-08-19 22:00:00+02:00,59.133,26.1,39.953500000000005,46.1625
2023-08-19 23:00:00+02:00,59.834,24.9,38.5925,43.719
2023-08-20 00:00:00+02:00,58.867,24.6,38.454,43.4555
2023-08-20 01:00:00+02:00,57.834,22.4,36.1205,39.5745
2023-08-20 02:00:00+02:00,56.4,17.8,30.545,31.026000000000003
2023-08-20 03:00:00+02:00,53.922,16.8,28.893,29.3135
2023-08-20 04:00:00+02:00,57.05,14.4,24.965,24.973
2023-08-20 05:00:00+02:00,58.166,16.0,28.3715,28.4245
2023-08-20 06:00:00+02:00,56.133,16.3,28.629,28.6995
2023-08-20 07:00:00+02:00,54.567,15.8,27.189,27.2215
2023-08-20 08:00:00+02:00,42.834,13.7,22.3555,22.3555
2023-08-20 09:00:00+02:00,34.6,13.0,20.8315,20.833
2023-08-20 10:00:00+02:00,31.966,11.7,18.503,18.503
2023-08-20 11:00:00+02:00,29.534,11.3,18.0605,18.0605
2023-08-20 12:00:00+02:00,30.934,12.8,20.495,20.495
2023-08-20 13:00:00+02:00,34.6,12.8,20.5365,20.5365
2023-08-20 14:00:00+02:00,40.933,14.0,23.006500000000003,23.006500000000003
2023-08-20 15:00:00+02:00,41.667,14.8,24.4145,24.416
2023-08-20 16:00:00+02:00,40.8,15.2,25.005,25.0115
2023-08-20 17:00:00+02:00,42.966,16.2,26.804,26.8695
2023-08-20 18:00:00+02:00,46.433,17.6,29.07,29.4255
2023-08-20 19:00:00+02:00,47.633,18.7,30.5295,31.337
2023-08-20 20:00:00+02:00,49.633,21.6,34.0185,36.8215
2023-08-20 21:00:00+02:00,49.767,22.2,34.951,38.0775
2023-08-20 22:00:00+02:00,52.466,21.0,33.6875,36.1095
2023-08-20 23:00:00+02:00,53.334,20.0,33.009,34.5895
2023-08-21 00:00:00+02:00,55.534,19.4,32.5915,33.819500000000005
2023-08-21 01:00:00+02:00,56.267,19.2,32.3435,33.480000000000004
2023-08-21 02:00:00+02:00,56.6,18.1,30.797,31.261
2023-08-21 03:00:00+02:00,55.467,17.5,30.023,30.303
2023-08-21 04:00:00+02:00,55.6,17.8,30.4765,30.9025
2023-08-21 05:00:00+02:00,57.8,17.9,30.705,31.1455
2023-08-21 06:00:00+02:00,57.534,18.2,31.2665,31.885
2023-08-21 07:00:00+02:00,53.867,18.8,31.762500000000003,32.6285
2023-08-21 08:00:00+02:00,41.9,17.2,28.2435,28.546
2023-08-21 09:00:00+02:00,32.8,15.2,24.6265,24.6455
2023-08-21 10:00:00+02:00,27.334,16.7,27.0615,27.277
2023-08-21 11:00:00+02:00,26.3,15.4,24.834000000000003,24.845
2023-08-21 12:00:00+02:00,25.65,14.9,24.048,24.0685
2023-08-21 13:00:00+02:00,29.767,14.5,23.6225,23.639000000000003
2023-08-21 14:00:00+02:00,34.633,15.2,24.5615,24.5775
2023-08-21 15:00:00+02:00,35.781,15.3,24.918,24.935
2023-08-21 16:00:00+02:00,33.5,14.5,23.6215,23.6215
2023-08-21 17:00:00+02:00,33.734,14.5,23.6195,23.6205
2023-08-21 18:00:00+02:00,36.486,15.1,24.5225,24.537
2023-08-21 19:00:00+02:00,38.733,16.9,27.5425,27.851
2023-08-21 20:00:00+02:00,42.95,25.5,37.7055,43.6095
2023-08-21 21:00:00+02:00,47.133,26.3,39.1415,45.78
2023-08-21 22:00:00+02:00,49.091,21.6,34.579,37.49
2023-08-21 23:00:00+02:00,51.167,18.1,30.6205,31.417
2023-08-22 00:00:00+02:00,53.667,18.3,31.0145,31.7015
2023-08-22 01:00:00+02:00,53.9,17.7,30.381,30.791
2023-08-22 02:00:00+02:00,52.367,18.0,30.708,31.202
2023-08-22 03:00:00+02:00,53.034,17.6,30.5665,30.9155
2023-08-22 04:00:00+02:00,54.266,17.7,30.7475,31.097500000000004
2023-08-22 05:00:00+02:00,54.467,18.0,31.0965,31.592
2023-08-22 06:00:00+02:00,55.466,18.0,31.155,31.5925
2023-08-22 07:00:00+02:00,50.067,18.1,30.8665,31.386000000000003
2023-08-22 08:00:00+02:00,38.0,16.2,26.615,26.701
2023-08-22 09:00:00+02:00,31.066,15.3,24.7575,24.794
2023-08-22 10:00:00+02:00,26.367,14.8,23.9095,23.9125
2023-08-22 11:00:00+02:00,24.9,15.0,24.018500000000003,24.0255
2023-08-22 12:00:00+02:00,24.3,12.6,20.161,20.161
2023-08-22 13:00:00+02:00,28.0,11.0,17.5465,17.5465
2023-08-22 14:00:00+02:00,33.966,12.2,19.9115,19.9115
2023-08-22 15:00:00+02:00,35.0,12.0,19.453,19.453
2023-08-22 16:00:00+02:00,33.867,11.4,18.3985,18.3985
2023-08-22 17:00:00+02:00,33.7,12.3,19.794,19.794
2023-08-22 18:00:00+02:00,35.834,13.0,21.031,21.031
2023-08-22 19:00:00+02:00,37.4,15.3,24.959,25.122
2023-08-22 20:00:00+02:00,41.983,21.6,34.1275,37.0765
2023-08-22 21:00:00+02:00,46.867,20.5,33.0045,35.375
2023-08-22 22:00:00+02:00,49.733,18.2,30.746,31.450000000000003
2023-08-22 23:00:00+02:00,50.6,17.4,29.8955,30.239
2023-08-23 00:00:00+02:00,51.966,16.7,28.6245,28.8285
2023-08-23 01:00:00+02:00,51.367,16.0,27.471,27.506500000000003
2023-08-23 02:00:00+02:00,51.334,15.9,27.4765,27.5235
2023-08-23 03:00:00+02:00,53.467,15.7,27.409,27.474
2023-08-23 04:00:00+02:00,51.133,15.9,27.687,27.7465
2023-08-23 05:00:00+02:00,53.133,16.8,29.4745,29.6305
2023-08-23 06:00:00+02:00,53.4,17.3,30.1155,30.4415
2023-08-23 07:00:00+02:00,46.791,18.2,30.691000000000003,31.3005
2023-08-23 08:00:00+02:00,36.167,17.9,28.84,29.3285
2023-08-23 09:00:00+02:00,29.466,16.0,25.9615,26.022
2023-08-23 10:00:00+02:00,25.1,16.0,25.84,25.874
2023-08-23 11:00:00+02:00,23.633,15.7,25.2555,25.296
2023-08-23 12:00:00+02:00,24.133,13.3,21.262,21.262
2023-08-23 13:00:00+02:00,27.934,13.3,21.5585,21.5585
2023-08-23 14:00:00+02:00,32.666,13.4,21.8165,21.8165
2023-08-23 15:00:00+02:00,32.666,12.4,19.947,19.947
2023-08-23 16:00:00+02:00,31.834,11.3,18.005499999999998,18.005499999999998
2023-08-23 17:00:00+02:00,32.6,11.2,18.0715,18.0715
2023-08-23 18:00:00+02:00,34.567,12.2,19.5945,19.5945
2023-08-23 19:00:00+02:00,37.966,14.6,23.7375,23.8775
2023-08-23 20:00:00+02:00,42.133,19.5,31.477000000000004,32.8875
2023-08-23 21:00:00+02:00,45.267,20.4,32.679,35.01
2023-08-23 22:00:00+02:00,48.3,17.3,29.496,29.966
2023-08-23 23:00:00+02:00,48.867,15.1,25.81,25.827
2023-08-24 00:00:00+02:00,50.767,14.7,25.187,25.19
2023-08-24 01:00:00+02:00,53.4,14.9,25.7365,25.739
2023-08-24 02:00:00+02:00,51.933,13.8,23.6975,23.698
2023-08-24 03:00:00+02:00,52.6,14.7,25.4635,25.4685
2023-08-24 04:00:00+02:00,53.166,14.7,25.509500000000003,25.5155
2023-08-24 05:00:00+02:00,53.734,15.6,27.107,27.1265
2023-08-24 06:00:00+02:00,52.7,15.5,27.1515,27.1765
2023-08-24 07:00:00+02:00,48.358,17.0,29.071,29.3455
2023-08-24 08:00:00+02:00,39.216,17.2,27.9245,28.286
2023-08-24 09:00:00+02:00,30.867,14.5,23.1965,23.197
2023-08-24 10:00:00+02:00,26.375,16.5,26.4495,26.5285
2023-08-24 11:00:00+02:00,25.166,16.1,25.8185,25.8515
2023-08-24 12:00:00+02:00,24.6,14.3,22.765,22.765
2023-08-24 13:00:00+02:00,28.134,13.5,21.868,21.868
2023-08-24 14:00:00+02:00,33.434,13.2,21.401,21.401
2023-08-24 15:00:00+02:00,32.566,10.2,16.373,16.373
2023-08-24 16:00:00+02:00,32.534,10.1,16.364,16.364
2023-08-24 17:00:00+02:00,33.633,9.9,16.038,16.038
2023-08-24 18:00:00+02:00,34.267,9.6,15.557,15.557
2023-08-24 19:00:00+02:00,37.8,11.7,19.363,19.373
2023-08-24 20:00:00+02:00,41.133,16.9,28.2125,28.94
2023-08-24 21:00:00+02:00,45.666,19.2,31.929,33.641000000000005
2023-08-24 22:00:00+02:00,47.855,16.1,27.6975,27.9345
2023-08-24 23:00:00+02:00,48.433,13.2,23.046,23.049
2023-08-25 00:00:00+02:00,48.666,12.1,20.963,20.963
2023-08-25 01:00:00+02:00,48.875,10.9,18.7775,18.7775
2023-08-25 02:00:00+02:00,47.567,10.5,18.1815,18.1815
2023-08-25 03:00:00+02:00,48.234,10.3,17.9645,17.9645
2023-08-25 04:00:00+02:00,48.067,9.8,16.951,16.951
2023-08-25 05:00:00+02:00,47.416,9.7,16.820999999999998,16.820999999999998
2023-08-25 06:00:00+02:00,49.934,20.8,33.3995,37.9595
2023-08-25 07:00:00+02:00,46.1,27.8,42.105,50.527
2023-08-25 08:00:00+02:00,34.692,16.7,26.318,28.647
2023-08-25 09:00:00+02:00,28.2,10.3,16.806,16.806
2023-08-25 10:00:00+02:00,24.366,11.0,18.046,18.05
2023-08-25 11:00:00+02:00,22.0,11.3,18.5985,18.5985
2023-08-25 12:00:00+02:00,21.633,10.5,17.097,17.097
2023-08-25 13:00:00+02:00,24.5,10.1,16.6075,16.6075
2023-08-25 14:00:00+02:00,29.834,10.9,17.773,17.773
2023-08-25 15:00:00+02:00,29.5,9.7,15.744,15.744
2023-08-25 16:00:00+02:00,28.7,8.7,14.0825,14.0825
2023-08-25 17:00:00+02:00,29.733,8.8,14.2275,14.2275
2023-08-25 18:00:00+02:00,32.934,9.9,16.2395,16.2395
2023-08-25 19:00:00+02:00,37.5,13.6,22.7245,22.75
2023-08-25 20:00:00+02:00,41.6,19.2,31.488,33.1685
2023-08-25 21:00:00+02:00,45.534,17.4,29.628500000000003,30.126
2023-08-25 22:00:00+02:00,47.534,16.4,28.441000000000003,28.6845
2023-08-25 23:00:00+02:00,48.167,13.8,23.946,23.9465
2023-08-26 00:00:00+02:00,47.767,14.1,24.5165,24.5595
2023-08-26 01:00:00+02:00,49.933,13.4,23.161,23.162
2023-08-26 02:00:00+02:00,51.6,12.8,22.5455,22.5455
2023-08-26 03:00:00+02:00,51.267,12.6,22.0625,22.0625
2023-08-26 04:00:00+02:00,52.133,16.4,28.6635,28.9845
2023-08-26 05:00:00+02:00,52.1,15.9,27.863,28.0165
2023-08-26 06:00:00+02:00,52.2,16.1,28.187,28.761
2023-08-26 07:00:00+02:00,47.166,13.8,23.9665,23.9695
2023-08-26 08:00:00+02:00,35.966,15.0,24.883,24.9735
2023-08-26 09:00:00+02:00,28.933,14.7,24.41,24.427
2023-08-26 10:00:00+02:00,24.8,12.7,20.895,20.895
2023-08-26 11:00:00+02:00,22.6,10.9,17.651,17.651
2023-08-26 12:00:00+02:00,22.733,10.8,17.5025,17.5025
2023-08-26 13:00:00+02:00,26.466,11.3,18.472,18.472
2023-08-26 14:00:00+02:00,32.267,12.0,19.8685,19.8685
2023-08-26 15:00:00+02:00,32.367,12.7,21.105,21.105
2023-08-26 16:00:00+02:00,32.0,11.7,19.354,19.354
2023-08-26 17:00:00+02:00,32.9,12.6,21.069,21.069
2023-08-26 18:00:00+02:00,33.233,14.0,23.3705,23.4405
2023-08-26 19:00:00+02:00,35.733,15.0,24.9915,25.2295
2023-08-26 20:00:00+02:00,40.233,18.6,30.5965,31.8455
2023-08-26 21:00:00+02:00,40.466,16.4,27.815,28.2675
2023-08-26 22:00:00+02:00,40.7,12.4,21.079500000000003,21.1125
2023-08-26 23:00:00+02:00,40.966,10.3,17.532,17.532
2023-08-27 00:00:00+02:00,42.867,10.4,17.813499999999998,17.813499999999998
2023-08-27 01:00:00+02:00,44.3,10.2,17.383499999999998,17.383499999999998
2023-08-27 02:00:00+02:00,44.834,9.7,16.7805,16.7805
2023-08-27 03:00:00+02:00,46.3,11.0,19.125,19.125
2023-08-27 04:00:00+02:00,48.0,10.4,18.1265,18.1265
2023-08-27 05:00:00+02:00,48.034,10.8,19.0445,19.0445
2023-08-27 06:00:00+02:00,47.933,9.7,16.9755,16.9755
2023-08-27 07:00:00+02:00,42.867,9.0,15.3495,15.3495
2023-08-27 08:00:00+02:00,31.633,8.6,14.0745,14.0745
2023-08-27 09:00:00+02:00,24.967,7.5,12.0255,12.0255
2023-08-27 10:00:00+02:00,21.8,6.6,10.447,10.447
2023-08-27 11:00:00+02:00,20.267,6.6,10.3965,10.3965
2023-08-27 12:00:00+02:00,20.6,7.7,12.3055,12.3055
2023-08-27 13:00:00+02:00,24.467,10.0,16.0925,16.0925
2023-08-27 14:00:00+02:00,30.334,13.9,22.913,22.923
2023-08-27 15:00:00+02:00,30.9,16.9,27.718,27.958
2023-08-27 16:00:00+02:00,30.334,14.5,23.8615,23.878500000000003
2023-08-27 17:00:00+02:00,30.533,14.8,24.2685,24.29
2023-08-27 18:00:00+02:00,32.7,15.8,25.6185,25.8855
2023-08-27 19:00:00+02:00,36.433,20.2,31.9185,33.854
2023-08-27 20:00:00+02:00,40.233,24.2,36.7135,41.509
2023-08-27 21:00:00+02:00,42.9,26.0,38.482,44.969
2023-08-27 22:00:00+02:00,44.0,20.2,32.9895,34.8475
2023-08-27 23:00:00+02:00,43.233,17.1,29.213,29.449
2023-08-28 00:00:00+02:00,43.334,14.7,25.443,25.4625
2023-08-28 01:00:00+02:00,41.666,11.7,20.179,20.179
2023-08-28 02:00:00+02:00,41.234,10.2,17.454,17.454
2023-08-28 03:00:00+02:00,44.6,12.2,21.047,21.047
2023-08-28 04:00:00+02:00,45.0,10.7,18.4945,18.4945
2023-08-28 05:00:00+02:00,46.133,11.4,19.718,19.718
2023-08-28 06:00:00+02:00,44.883,8.4,14.2745,14.2745
2023-08-28 07:00:00+02:00,42.8,8.9,15.3825,15.3965
2023-08-28 08:00:00+02:00,32.733,9.0,14.804,14.804
2023-08-28 09:00:00+02:00,25.867,8.7,14.2245,14.2245
2023-08-28 10:00:00+02:00,22.267,7.7,12.227,12.227
2023-08-28 11:00:00+02:00,21.967,8.8,14.1725,14.1725
2023-08-28 12:00:00+02:00,22.284,9.3,15.0375,15.0375
2023-08-28 13:00:00+02:00,25.866,9.6,15.6235,15.6235
2023-08-28 14:00:00+02:00,28.166,10.9,17.6535,17.6535
2023-08-28 15:00:00+02:00,25.4,13.5,21.6185,21.62
2023-08-28 16:00:00+02:00,26.0,15.5,25.07,25.0995
2023-08-28 17:00:00+02:00,26.1,16.6,26.7825,26.9495
2023-08-28 18:00:00+02:00,27.0,18.8,29.896500000000003,30.850500000000004
2023-08-28 19:00:00+02:00,28.833,17.5,28.4485,28.9345
2023-08-28 20:00:00+02:00,37.467,7.2,11.7815,11.790500000000002
2023-08-28 21:00:00+02:00,51.6,7.4,12.4495,12.4495
2023-08-28 22:00:00+02:00,49.467,6.0,9.8345,9.8345
2023-08-28 23:00:00+02:00,47.834,5.9,9.7455,9.7455
2023-08-29 00:00:00+02:00,48.2,6.4,10.631,10.631
2023-08-29 01:00:00+02:00,48.0,5.8,9.3105,9.3105
2023-08-29 02:00:00+02:00,47.767,5.1,8.2645,8.2645
2023-08-29 03:00:00+02:00,47.1,4.3,6.511,6.511
2023-08-29 04:00:00+02:00,47.067,4.0,5.868,5.868
2023-08-29 05:00:00+02:00,45.367,3.2,4.4835,4.4835
2023-08-29 06:00:00+02:00,45.6,3.5,5.152,5.152
2023-08-29 07:00:00+02:00,43.367,4.4,7.146,7.1705000000000005
2023-08-29 08:00:00+02:00,39.034,4.7,7.433,7.433
2023-08-29 09:00:00+02:00,28.034,2.8,3.852,3.852
2023-08-29 10:00:00+02:00,25.317,1.5,1.6185,1.6185
2023-08-29 11:00:00+02:00,23.8,1.4,1.4195,1.4195
2023-08-29 12:00:00+02:00,22.667,1.4,1.4675,1.4675
2023-08-29 13:00:00+02:00,24.733,1.1,1.0255,1.0255
2023-08-29 14:00:00+02:00,28.867,1.3,1.3355,1.3355
2023-08-29 15:00:00+02:00,31.934,1.4,1.59,1.59
2023-08-29 16:00:00+02:00,33.867,1.5,1.745,1.745
2023-08-29 17:00:00+02:00,35.067,1.9,2.5385,2.5385
2023-08-29 18:00:00+02:00,36.9,3.2,4.9045000000000005,4.9045000000000005
2023-08-29 19:00:00+02:00,42.967,5.6,9.5,9.5
2023-08-29 20:00:00+02:00,48.466,8.5,14.8475,14.8475
2023-08-29 21:00:00+02:00,50.6,5.3,8.9225,8.931999999999999
2023-08-29 22:00:00+02:00,51.966,5.1,8.628,8.628
2023-08-29 23:00:00+02:00,53.334,3.4,5.2485,5.2485
2023-08-30 00:00:00+02:00,53.433,3.1,4.608499999999999,4.608499999999999
2023-08-30 01:00:00+02:00,54.834,3.0,4.6015,4.6015
2023-08-30 02:00:00+02:00,55.334,2.9,4.236000000000001,4.236000000000001
2023-08-30 03:00:00+02:00,55.466,2.5,3.69,3.69
2023-08-30 04:00:00+02:00,54.4,2.3,3.2345,3.2345
2023-08-30 05:00:00+02:00,54.267,2.5,3.697,3.697
2023-08-30 06:00:00+02:00,54.0,2.2,3.1375,3.1375
2023-08-30 07:00:00+02:00,51.233,2.6,4.1375,4.1375
2023-08-30 08:00:00+02:00,47.933,4.6,7.9895,7.9895
2023-08-30 09:00:00+02:00,38.767,6.8,11.215,11.215
2023-08-30 10:00:00+02:00,36.684,6.4,10.363,10.363
2023-08-30 11:00:00+02:00,36.333,6.1,9.7115,9.7115
2023-08-30 12:00:00+02:00,33.0,5.1,7.9985,7.9985
2023-08-30 13:00:00+02:00,35.867,5.7,8.9585,8.9585
2023-08-30 14:00:00+02:00,39.508,4.7,7.532,7.532
2023-08-30 15:00:00+02:00,44.334,4.1,6.453,6.453
2023-08-30 16:00:00+02:00,54.367,5.0,8.491499999999998,8.491499999999998
2023-08-30 17:00:00+02:00,53.2,5.1,8.565999999999999,8.565999999999999
2023-08-30 18:00:00+02:00,52.133,4.7,7.766,7.766
2023-08-30 19:00:00+02:00,53.733,5.0,8.5505,8.5505
2023-08-30 20:00:00+02:00,57.834,5.8,10.097,10.1355
2023-08-30 21:00:00+02:00,56.966,5.7,9.6465,9.6465
2023-08-30 22:00:00+02:00,53.6,4.2,6.9645,6.9645
2023-08-30 23:00:00+02:00,57.733,3.6,5.573499999999999,5.573499999999999
2023-08-31 00:00:00+02:00,59.834,3.3,5.0625,5.0625
2023-08-31 01:00:00+02:00,56.334,2.8,4.0835,4.0835
2023-08-31 02:00:00+02:00,55.666,2.7,4.0175,4.0175
2023-08-31 03:00:00+02:00,55.667,2.5,3.588,3.588
2023-08-31 04:00:00+02:00,55.4,2.5,3.497,3.497
2023-08-31 05:00:00+02:00,55.433,3.4,5.44,5.44
2023-08-31 06:00:00+02:00,55.933,5.1,8.533999999999999,8.533999999999999
2023-08-31 07:00:00+02:00,54.6,10.6,18.9165,18.9165
2023-08-31 08:00:00+02:00,51.733,8.8,15.46,15.46
2023-08-31 09:00:00+02:00,47.2,8.2,14.2035,14.2035
2023-08-31 10:00:00+02:00,47.3,4.5,7.245,7.245
2023-08-31 11:00:00+02:00,44.466,4.3,6.798500000000001,6.798500000000001
2023-08-31 12:00:00+02:00,47.933,3.4,5.340999999999999,5.340999999999999
2023-08-31 13:00:00+02:00,45.166,2.0,2.5925,2.5925
2023-08-31 14:00:00+02:00,44.166,2.9,4.3445,4.3445
2023-08-31 15:00:00+02:00,41.6,2.4,3.4365,3.4365
2023-08-31 16:00:00+02:00,41.633,2.3,3.1710000000000003,3.1710000000000003
2023-08-31 17:00:00+02:00,42.1,1.9,2.517,2.517
2023-08-31 18:00:00+02:00,42.992,2.4,3.522,3.522
2023-08-31 19:00:00+02:00,47.966,5.2,8.667,8.672
2023-08-31 20:00:00+02:00,53.534,6.6,11.6245,11.6355
2023-08-31 21:00:00+02:00,56.067,10.7,18.4795,19.256
2023-08-31 22:00:00+02:00,57.855,6.8,11.815,11.815
2023-08-31 23:00:00+02:00,57.067,4.3,7.0665,7.0665
2023-09-01 00:00:00+02:00,54.566,3.4,5.034,5.034
2023-09-01 01:00:00+02:00,59.3,2.8,3.9945,3.9945
2023-09-01 02:00:00+02:00,59.516,2.6,3.7335,3.7335
2023-09-01 03:00:00+02:00,58.967,2.4,3.4665,3.4665
2023-09-01 04:00:00+02:00,59.733,2.6,3.833,3.833
2023-09-01 05:00:00+02:00,59.667,2.7,4.0715,4.0715
2023-09-01 06:00:00+02:00,61.834,2.4,3.5495,3.5495
2023-09-01 07:00:00+02:00,52.133,4.6,7.733,7.733
2023-09-01 08:00:00+02:00,39.0,3.0,4.656499999999999,4.656499999999999
2023-09-01 09:00:00+02:00,31.433,2.8,4.034000000000001,4.034000000000001
2023-09-01 10:00:00+02:00,27.3,2.2,2.847,2.847
2023-09-01 11:00:00+02:00,25.566,2.2,2.912,2.912
2023-09-01 12:00:00+02:00,24.0,1.3,1.3515,1.3515
2023-09-01 13:00:00+02:00,25.5,2.5,3.637,3.637
2023-09-01 14:00:00+02:00,30.933,2.3,3.412,3.412
2023-09-01 15:00:00+02:00,30.967,2.3,3.365,3.365
2023-09-01 16:00:00+02:00,31.028,2.5,3.663,3.663
2023-09-01 17:00:00+02:00,32.966,2.4,3.6085,3.6085
2023-09-01 18:00:00+02:00,35.767,2.6,3.898,3.898
2023-09-01 19:00:00+02:00,38.933,4.7,7.775,7.775
2023-09-01 20:00:00+02:00,43.433,10.6,19.1175,19.1175
2023-09-01 21:00:00+02:00,47.3,10.1,18.1975,18.1975
2023-09-01 22:00:00+02:00,47.9,9.9,17.686,17.717
2023-09-01 23:00:00+02:00,48.466,6.5,11.233,11.233
2023-09-02 00:00:00+02:00,52.734,5.5,9.4935,9.4935
2023-09-02 01:00:00+02:00,53.633,4.7,8.0045,8.0045
2023-09-02 02:00:00+02:00,55.767,4.1,6.8715,6.8715
2023-09-02 03:00:00+02:00,54.5,3.6,5.7010000000000005,5.7010000000000005
2023-09-02 04:00:00+02:00,55.467,3.5,5.5895,5.5895
2023-09-02 05:00:00+02:00,52.367,3.6,5.746,5.746
2023-09-02 06:00:00+02:00,49.034,6.3,10.757,10.757
2023-09-02 07:00:00+02:00,46.05,5.4,9.2235,9.2235
2023-09-02 08:00:00+02:00,35.4,4.5,7.1925,7.1925
2023-09-02 09:00:00+02:00,28.233,4.3,6.7545,6.7545
2023-09-02 10:00:00+02:00,24.566,4.0,6.2295,6.2295
2023-09-02 11:00:00+02:00,23.4,3.8,5.7895,5.7895
2023-09-02 12:00:00+02:00,22.433,3.3,4.981999999999999,4.981999999999999
2023-09-02 13:00:00+02:00,26.9,3.6,5.722,5.722
2023-09-02 14:00:00+02:00,33.666,4.4,7.073,7.073
2023-09-02 15:00:00+02:00,33.633,4.5,7.343999999999999,7.343999999999999
2023-09-02 16:00:00+02:00,33.867,4.1,6.6105,6.612500000000001
2023-09-02 17:00:00+02:00,33.334,4.3,6.926,6.926
2023-09-02 18:00:00+02:00,33.434,5.5,9.0515,9.0515
2023-09-02 19:00:00+02:00,37.767,10.6,18.741,18.786
2023-09-02 20:00:00+02:00,42.834,16.4,28.6745,29.836
2023-09-02 21:00:00+02:00,46.333,15.4,27.942500000000003,28.131500000000003
2023-09-02 22:00:00+02:00,50.0,14.1,26.301,26.3185
2023-09-02 23:00:00+02:00,51.033,14.8,27.472,27.5335
2023-09-03 00:00:00+02:00,52.034,16.6,30.835,31.181
2023-09-03 01:00:00+02:00,54.9,17.0,31.633000000000003,32.186499999999995
2023-09-03 02:00:00+02:00,57.233,17.5,32.4435,33.2165
2023-09-03 03:00:00+02:00,57.5,18.0,33.031,34.095
2023-09-03 04:00:00+02:00,57.284,17.6,32.4165,33.147
2023-09-03 05:00:00+02:00,57.942,18.7,34.0405,35.667
2023-09-03 06:00:00+02:00,58.4,18.6,33.842,35.292500000000004
2023-09-03 07:00:00+02:00,50.867,17.3,31.6845,32.413
2023-09-03 08:00:00+02:00,39.633,16.9,30.3095,30.734
2023-09-03 09:00:00+02:00,34.367,15.2,26.5965,26.652
2023-09-03 10:00:00+02:00,27.8,13.0,22.4835,22.4835
2023-09-03 11:00:00+02:00,25.166,10.1,17.4805,17.4805
2023-09-03 12:00:00+02:00,28.534,11.1,19.2365,19.2365
2023-09-03 13:00:00+02:00,34.666,7.3,12.382,12.382
2023-09-03 14:00:00+02:00,37.034,5.9,9.731000000000002,9.731000000000002
2023-09-03 15:00:00+02:00,38.3,6.3,10.433,10.433
2023-09-03 16:00:00+02:00,40.767,7.2,12.1295,12.1295
2023-09-03 17:00:00+02:00,41.133,5.4,9.021,9.021
2023-09-03 18:00:00+02:00,42.534,4.5,7.1755,7.1755
2023-09-03 19:00:00+02:00,45.066,5.7,9.636,9.636
2023-09-03 20:00:00+02:00,47.267,7.6,13.2975,13.2975
2023-09-03 21:00:00+02:00,49.266,7.2,12.5105,12.5105
2023-09-03 22:00:00+02:00,48.2,4.5,7.279,7.279
2023-09-03 23:00:00+02:00,48.4,4.1,6.5815,6.5815
2023-09-04 00:00:00+02:00,48.6,3.9,6.207,6.207
2023-09-04 01:00:00+02:00,46.367,3.7,5.7775,5.7775
2023-09-04 02:00:00+02:00,51.666,4.1,6.516,6.516
2023-09-04 03:00:00+02:00,51.9,3.6,5.5235,5.5235
2023-09-04 04:00:00+02:00,50.834,3.6,5.589,5.589
2023-09-04 05:00:00+02:00,50.966,4.1,6.709,6.709
2023-09-04 06:00:00+02:00,49.8,4.2,6.8915,6.8915
2023-09-04 07:00:00+02:00,47.367,6.3,11.0255,11.0255
2023-09-04 08:00:00+02:00,42.534,6.6,11.3575,11.3575
2023-09-04 09:00:00+02:00,33.5,5.0,7.8925,7.8925
2023-09-04 10:00:00+02:00,28.767,4.4,6.9545,6.9545
2023-09-04 11:00:00+02:00,30.067,4.6,7.3065,7.3065
2023-09-04 12:00:00+02:00,28.633,4.5,7.1235,7.1235
2023-09-04 13:00:00+02:00,30.4,4.1,6.52,6.52
2023-09-04 14:00:00+02:00,33.0,4.2,6.747,6.747
2023-09-04 15:00:00+02:00,32.933,3.9,6.157,6.157
2023-09-04 16:00:00+02:00,33.334,3.9,6.126,6.126
2023-09-04 17:00:00+02:00,33.1,3.9,6.2225,6.2225
2023-09-04 18:00:00+02:00,33.633,4.6,7.548999999999999,7.548999999999999
2023-09-04 19:00:00+02:00,36.034,5.4,9.1945,9.1945
2023-09-04 20:00:00+02:00,39.133,8.1,14.1775,14.1775
2023-09-04 21:00:00+02:00,41.534,8.1,14.093,14.093
2023-09-04 22:00:00+02:00,42.767,8.0,13.959499999999998,13.959499999999998
2023-09-04 23:00:00+02:00,43.633,7.8,13.242,13.242
2023-09-05 00:00:00+02:00,44.5,7.7,13.406,13.406
2023-09-05 01:00:00+02:00,45.733,7.1,12.062,12.062
2023-09-05 02:00:00+02:00,47.9,7.3,12.5305,12.5305
2023-09-05 03:00:00+02:00,48.067,7.5,12.9335,12.9335
2023-09-05 04:00:00+02:00,48.7,7.2,12.319,12.319
2023-09-05 05:00:00+02:00,49.2,7.8,13.5465,13.5465
2023-09-05 06:00:00+02:00,51.767,8.8,15.563,15.563
2023-09-05 07:00:00+02:00,46.7,8.6,15.338,15.338
2023-09-05 08:00:00+02:00,35.916,7.2,12.098,12.098
2023-09-05 09:00:00+02:00,28.816,6.0,9.7135,9.7135
2023-09-05 10:00:00+02:00,26.6,5.6,9.0475,9.0475
2023-09-05 11:00:00+02:00,24.667,5.6,8.853000000000002,8.853000000000002
2023-09-05 12:00:00+02:00,24.767,5.4,8.4545,8.4545
2023-09-05 13:00:00+02:00,28.5,4.8,7.688,7.688
2023-09-05 14:00:00+02:00,33.833,4.8,7.6765,7.6765
2023-09-05 15:00:00+02:00,35.666,4.9,7.853,7.853
2023-09-05 16:00:00+02:00,35.5,4.8,7.5965,7.5965
2023-09-05 17:00:00+02:00,36.3,5.0,7.944500000000001,7.944500000000001
2023-09-05 18:00:00+02:00,37.667,5.6,9.148,9.148
2023-09-05 19:00:00+02:00,40.986,8.1,14.117,14.12
2023-09-05 20:00:00+02:00,43.236,10.9,19.3795,19.381
2023-09-05 21:00:00+02:00,44.966,10.8,19.503,19.503
2023-09-05 22:00:00+02:00,47.934,11.6,21.029,21.0475
2023-09-05 23:00:00+02:00,48.7,8.3,14.566,14.566
2023-09-06 00:00:00+02:00,50.5,7.4,12.867,12.867
2023-09-06 01:00:00+02:00,51.034,7.0,12.051,12.051
2023-09-06 02:00:00+02:00,52.333,6.7,11.563,11.563
2023-09-06 03:00:00+02:00,51.959,6.4,11.0315,11.0315
2023-09-06 04:00:00+02:00,53.75,6.5,11.3345,11.3345
2023-09-06 05:00:00+02:00,55.4,6.9,12.1695,12.1695
2023-09-06 06:00:00+02:00,54.8,6.8,11.811,11.811
2023-09-06 07:00:00+02:00,52.1,7.0,12.406,12.406
2023-09-06 08:00:00+02:00,38.8,6.5,10.842,10.842
2023-09-06 09:00:00+02:00,30.033,6.9,11.175,11.175
2023-09-06 10:00:00+02:00,26.333,6.4,10.32,10.32
2023-09-06 11:00:00+02:00,24.367,6.4,10.29,10.3635
2023-09-06 12:00:00+02:00,24.2,6.2,9.903,9.903
2023-09-06 13:00:00+02:00,30.267,5.8,9.292,9.292
2023-09-06 14:00:00+02:00,35.7,6.3,10.1405,10.1405
2023-09-06 15:00:00+02:00,35.433,6.6,10.71,10.71
2023-09-06 16:00:00+02:00,36.034,7.6,12.7515,12.7515
2023-09-06 17:00:00+02:00,36.833,8.3,13.996,13.996
2023-09-06 18:00:00+02:00,37.233,8.1,13.838,13.838
2023-09-06 19:00:00+02:00,38.934,10.9,19.16,19.1685
2023-09-06 20:00:00+02:00,42.567,18.4,31.636000000000003,33.407
2023-09-06 21:00:00+02:00,46.1,15.3,27.631,27.6885
2023-09-06 22:00:00+02:00,48.833,15.6,28.451,28.7035
2023-09-06 23:00:00+02:00,50.9,14.1,25.6235,25.6645
2023-09-07 00:00:00+02:00,52.466,12.9,23.486,23.4865
2023-09-07 01:00:00+02:00,53.716,11.9,21.62,21.62
2023-09-07 02:00:00+02:00,55.2,11.9,21.6805,21.6805
2023-09-07 03:00:00+02:00,56.767,11.6,21.4005,21.4005
2023-09-07 04:00:00+02:00,57.534,11.8,21.353,21.353
2023-09-07 05:00:00+02:00,57.8,12.4,22.7135,22.7135
2023-09-07 06:00:00+02:00,56.733,12.0,22.42,22.42
2023-09-07 07:00:00+02:00,50.934,12.6,23.1725,23.1725
2023-09-07 08:00:00+02:00,37.933,11.4,19.837,19.837
2023-09-07 09:00:00+02:00,30.067,10.7,17.8305,17.8305
2023-09-07 10:00:00+02:00,29.383,11.4,19.046,19.046
2023-09-07 11:00:00+02:00,29.966,9.9,16.268,16.268
2023-09-07 12:00:00+02:00,29.633,8.8,14.4035,14.4035
2023-09-07 13:00:00+02:00,32.5,7.6,12.558,12.558
2023-09-07 14:00:00+02:00,34.566,8.2,13.899,13.899
2023-09-07 15:00:00+02:00,33.733,8.6,14.4825,14.4825
2023-09-07 16:00:00+02:00,33.534,7.2,11.9525,11.9525
2023-09-07 17:00:00+02:00,34.233,7.6,12.889,12.889
2023-09-07 18:00:00+02:00,35.0,8.6,14.7645,14.7645
2023-09-07 19:00:00+02:00,35.5,10.7,18.712,18.757
2023-09-07 20:00:00+02:00,38.7,22.1,36.278,40.1675
2023-09-07 21:00:00+02:00,42.2,16.9,30.518,31.1895
2023-09-07 22:00:00+02:00,45.433,17.7,32.061,33.063
2023-09-07 23:00:00+02:00,48.342,15.2,28.2805,28.3755
2023-09-08 00:00:00+02:00,50.8,15.0,27.5665,27.666
2023-09-08 01:00:00+02:00,52.567,13.8,25.5205,25.523
2023-09-08 02:00:00+02:00,53.322,13.0,24.278,24.2785
2023-09-08 03:00:00+02:00,54.5,13.0,24.3115,24.3115
2023-09-08 04:00:00+02:00,55.767,12.7,23.9085,23.9085
2023-09-08 05:00:00+02:00,56.4,12.8,24.149,24.149
2023-09-08 06:00:00+02:00,55.7,13.0,24.4705,24.4705
2023-09-08 07:00:00+02:00,49.6,12.7,23.756,23.756
2023-09-08 08:00:00+02:00,37.234,11.1,19.558,19.558
2023-09-08 09:00:00+02:00,29.6,11.0,18.4085,18.4085
2023-09-08 10:00:00+02:00,25.367,12.1,20.1325,20.1325
2023-09-08 11:00:00+02:00,24.2,11.6,19.145,19.145
2023-09-08 12:00:00+02:00,23.934,8.0,13.098,13.098
2023-09-08 13:00:00+02:00,28.267,7.8,12.891,12.891
2023-09-08 14:00:00+02:00,32.367,8.2,13.6565,13.6565
2023-09-08 15:00:00+02:00,33.2,9.2,15.7375,15.7375
2023-09-08 16:00:00+02:00,32.667,9.5,16.298000000000002,16.298000000000002
2023-09-08 17:00:00+02:00,32.966,8.7,14.855,14.855
2023-09-08 18:00:00+02:00,32.9,7.5,12.7905,12.7905
2023-09-08 19:00:00+02:00,35.234,10.3,17.9,17.9005
2023-09-08 20:00:00+02:00,39.0,16.2,28.7155,29.2455
2023-09-08 21:00:00+02:00,42.4,16.9,30.162,31.126
2023-09-08 22:00:00+02:00,45.667,15.1,27.791,27.8965
2023-09-08 23:00:00+02:00,47.433,12.8,23.2195,23.2335
2023-09-09 00:00:00+02:00,49.0,10.8,19.343,19.343
2023-09-09 01:00:00+02:00,50.8,10.4,19.169,19.169
2023-09-09 02:00:00+02:00,51.466,10.7,19.365,19.365
2023-09-09 03:00:00+02:00,52.233,10.7,19.5435,19.5435
2023-09-09 04:00:00+02:00,54.334,10.6,19.56,19.56
2023-09-09 05:00:00+02:00,54.3,10.6,19.564,19.564
2023-09-09 06:00:00+02:00,51.775,10.5,19.5935,19.5935
2023-09-09 07:00:00+02:00,47.6,10.8,20.027,20.027
2023-09-09 08:00:00+02:00,34.267,10.6,18.4825,18.4825
2023-09-09 09:00:00+02:00,26.733,9.0,14.7695,14.7695
2023-09-09 10:00:00+02:00,23.567,10.2,16.7755,16.7755
2023-09-09 11:00:00+02:00,23.567,10.6,17.533,17.533
2023-09-09 12:00:00+02:00,24.767,9.2,15.168,15.168
2023-09-09 13:00:00+02:00,28.867,8.6,14.4865,14.4865
2023-09-09 14:00:00+02:00,32.867,8.9,15.0945,15.0945
2023-09-09 15:00:00+02:00,33.466,8.9,15.2455,15.2455
2023-09-09 16:00:00+02:00,33.1,8.4,14.3045,14.3045
2023-09-09 17:00:00+02:00,32.666,7.0,11.635,11.635
2023-09-09 18:00:00+02:00,32.9,6.7,11.0705,11.0705
2023-09-09 19:00:00+02:00,34.5,10.6,18.418,18.5425
2023-09-09 20:00:00+02:00,38.066,16.1,28.256,28.9375
2023-09-09 21:00:00+02:00,41.767,17.2,30.348,31.3775
2023-09-09 22:00:00+02:00,44.867,14.3,25.9665,26.1315
2023-09-09 23:00:00+02:00,46.8,44.5,61.1415,82.5755
2023-09-10 00:00:00+02:00,48.334,10.6,18.8965,18.8965
2023-09-10 01:00:00+02:00,47.9,10.3,18.3685,18.3685
2023-09-10 02:00:00+02:00,51.0,10.0,18.096,18.096
2023-09-10 03:00:00+02:00,52.233,10.8,19.7575,19.7575
2023-09-10 04:00:00+02:00,52.334,11.7,21.5165,21.5165
2023-09-10 05:00:00+02:00,53.233,12.5,23.3765,23.3765
2023-09-10 06:00:00+02:00,53.433,12.9,24.07,24.073
2023-09-10 07:00:00+02:00,49.067,13.4,24.677,24.677
2023-09-10 08:00:00+02:00,35.8,12.8,22.3335,22.3335
2023-09-10 09:00:00+02:00,28.633,12.7,21.222,21.222
2023-09-10 10:00:00+02:00,25.166,12.2,20.4935,20.495
2023-09-10 11:00:00+02:00,22.9,11.7,19.7005,19.7005
2023-09-10 12:00:00+02:00,22.867,11.3,18.8825,18.8825
2023-09-10 13:00:00+02:00,26.467,13.2,22.366,22.366
2023-09-10 14:00:00+02:00,31.933,13.7,23.5985,23.603
2023-09-10 15:00:00+02:00,32.066,12.9,22.315,22.324
2023-09-10 16:00:00+02:00,32.8,10.0,16.8705,16.8705
2023-09-10 17:00:00+02:00,33.633,11.3,19.1745,19.1745
2023-09-10 18:00:00+02:00,34.534,12.5,21.5835,21.5835
2023-09-10 19:00:00+02:00,37.1,17.4,29.8275,30.8305
2023-09-10 20:00:00+02:00,40.334,20.9,34.56,37.6755
2023-09-10 21:00:00+02:00,43.867,22.1,36.6475,40.7895
2023-09-10 22:00:00+02:00,47.525,17.1,30.6985,31.245
2023-09-10 23:00:00+02:00,48.833,16.1,29.0575,29.256500000000003
2023-09-11 00:00:00+02:00,50.6,15.0,27.1625,27.201
2023-09-11 01:00:00+02:00,51.9,14.9,27.17,27.203
2023-09-11 02:00:00+02:00,52.4,15.5,28.3275,28.414
2023-09-11 03:00:00+02:00,53.533,16.2,29.387,29.533
2023-09-11 04:00:00+02:00,53.8,17.2,31.435,31.994
2023-09-11 05:00:00+02:00,54.483,18.8,33.7665,35.2525
2023-09-11 06:00:00+02:00,54.9,19.5,34.8915,37.0065
2023-09-11 07:00:00+02:00,50.167,20.7,35.883,38.769
2023-09-11 08:00:00+02:00,36.0,18.0,30.952,31.8135
2023-09-11 09:00:00+02:00,28.633,17.5,29.1525,29.723
2023-09-11 10:00:00+02:00,24.667,14.7,24.897,24.9095
2023-09-11 11:00:00+02:00,22.2,14.4,24.5275,24.531
2023-09-11 12:00:00+02:00,22.3,13.7,23.173,23.1765
2023-09-11 13:00:00+02:00,26.367,12.5,21.227,21.227
2023-09-11 14:00:00+02:00,32.633,12.0,20.314,20.314
2023-09-11 15:00:00+02:00,32.4,11.1,18.997,18.997
2023-09-11 16:00:00+02:00,32.733,10.2,17.4295,17.4295
2023-09-11 17:00:00+02:00,32.466,9.7,16.365000000000002,16.365000000000002
2023-09-11 18:00:00+02:00,33.433,9.5,16.203,16.203
2023-09-11 19:00:00+02:00,36.533,14.7,25.647,25.939
2023-09-11 20:00:00+02:00,41.133,19.6,33.307500000000005,35.342
2023-09-11 21:00:00+02:00,44.534,17.8,31.425,32.636
2023-09-11 22:00:00+02:00,46.1,15.1,27.4715,27.5325
2023-09-11 23:00:00+02:00,48.466,15.0,27.507,27.54
2023-09-12 00:00:00+02:00,50.466,14.9,27.395,27.443
2023-09-12 01:00:00+02:00,51.034,14.8,27.5305,27.564
2023-09-12 02:00:00+02:00,51.833,15.3,28.1105,28.177
2023-09-12 03:00:00+02:00,52.2,15.5,28.653,28.7565
2023-09-12 04:00:00+02:00,52.833,15.4,28.6225,28.692500000000003
2023-09-12 05:00:00+02:00,54.666,17.8,32.752,33.7585
2023-09-12 06:00:00+02:00,54.034,17.0,31.4945,32.1555
2023-09-12 07:00:00+02:00,47.5,16.9,31.201,31.675
2023-09-12 08:00:00+02:00,36.467,16.2,28.8935,29.1195
2023-09-12 09:00:00+02:00,30.267,14.0,24.076500000000003,24.094
2023-09-12 10:00:00+02:00,25.275,12.2,20.7465,20.7465
2023-09-12 11:00:00+02:00,23.066,11.9,20.277,20.277
2023-09-12 12:00:00+02:00,22.333,10.1,16.855,16.855
2023-09-12 13:00:00+02:00,24.6,10.8,18.2235,18.2235
2023-09-12 14:00:00+02:00,29.233,9.7,16.073999999999998,16.073999999999998
2023-09-12 15:00:00+02:00,29.667,9.8,16.236,16.236
2023-09-12 16:00:00+02:00,31.034,11.0,18.509,18.509
2023-09-12 17:00:00+02:00,32.433,11.6,19.396,19.396
2023-09-12 18:00:00+02:00,33.434,13.6,22.8855,22.902
2023-09-12 19:00:00+02:00,37.5,15.8,27.035,27.227
2023-09-12 20:00:00+02:00,42.367,18.6,31.611,32.704
2023-09-12 21:00:00+02:00,44.867,19.3,32.695,34.241
2023-09-12 22:00:00+02:00,45.3,18.9,32.497,33.808
2023-09-12 23:00:00+02:00,48.5,17.9,31.423,32.1405
2023-09-13 00:00:00+02:00,50.034,17.1,30.422,30.85
2023-09-13 01:00:00+02:00,50.3,15.6,27.9895,28.0655
2023-09-13 02:00:00+02:00,50.133,16.4,29.4755,29.78
2023-09-13 03:00:00+02:00,52.667,20.0,34.412,36.5685
2023-09-13 04:00:00+02:00,54.933,20.5,35.394,37.962500000000006
2023-09-13 05:00:00+02:00,55.9,18.8,33.2395,34.645
2023-09-13 06:00:00+02:00,55.567,16.9,30.9085,31.324
2023-09-13 07:00:00+02:00,50.6,22.3,37.2695,41.593
2023-09-13 08:00:00+02:00,37.633,17.5,30.2815,31.0305
2023-09-13 09:00:00+02:00,28.2,13.9,23.2045,23.237
2023-09-13 10:00:00+02:00,23.7,10.9,18.0525,18.0525
2023-09-13 11:00:00+02:00,21.6,8.1,13.033,13.033
2023-09-13 12:00:00+02:00,22.567,8.3,13.561,13.561
2023-09-13 13:00:00+02:00,23.6,9.3,15.102,15.155
2023-09-13 14:00:00+02:00,26.3,8.0,13.106,13.106
2023-09-13 15:00:00+02:00,27.367,7.8,12.708,12.708
2023-09-13 16:00:00+02:00,28.633,8.3,13.6065,13.6065
2023-09-13 17:00:00+02:00,30.367,8.6,14.1405,14.1405
2023-09-13 18:00:00+02:00,33.2,11.1,18.5345,18.5345
2023-09-13 19:00:00+02:00,38.567,14.2,24.4245,24.46
2023-09-13 20:00:00+02:00,40.834,17.5,30.144,30.78
2023-09-13 21:00:00+02:00,42.067,16.9,29.195,29.7995
2023-09-13 22:00:00+02:00,42.334,16.0,27.945,28.2905
2023-09-13 23:00:00+02:00,42.966,14.0,24.319,24.3565
2023-09-14 00:00:00+02:00,43.267,13.3,23.3375,23.3375
2023-09-14 01:00:00+02:00,44.633,13.3,23.439,23.439
2023-09-14 02:00:00+02:00,46.034,11.2,19.7125,19.7125
2023-09-14 03:00:00+02:00,47.466,11.9,20.8035,20.8035
2023-09-14 04:00:00+02:00,48.6,11.9,20.7095,20.7095
2023-09-14 05:00:00+02:00,48.467,9.9,17.2025,17.2025
2023-09-14 06:00:00+02:00,46.467,10.6,18.4515,18.4515
2023-09-14 07:00:00+02:00,46.334,10.7,18.824,18.824
2023-09-14 08:00:00+02:00,43.466,12.5,22.2365,22.239
2023-09-14 09:00:00+02:00,36.867,11.9,20.0135,20.0135
2023-09-14 10:00:00+02:00,35.0,13.5,22.533,22.5505
2023-09-14 11:00:00+02:00,32.9,11.7,19.3425,19.3425
2023-09-14 12:00:00+02:00,25.733,10.0,16.189,16.189
2023-09-14 13:00:00+02:00,28.434,9.9,16.069,16.069
2023-09-14 14:00:00+02:00,36.034,7.8,12.619,12.619
2023-09-14 15:00:00+02:00,38.8,6.1,9.673,9.673
2023-09-14 16:00:00+02:00,39.633,5.1,7.995000000000001,7.995000000000001
2023-09-14 17:00:00+02:00,41.267,5.1,8.0055,8.0055
2023-09-14 18:00:00+02:00,42.334,4.0,6.1115,6.1115
2023-09-14 19:00:00+02:00,45.367,4.9,7.788,7.788
2023-09-14 20:00:00+02:00,45.3,4.6,7.062,7.062
2023-09-14 21:00:00+02:00,45.267,5.7,9.3505,9.3505
2023-09-14 22:00:00+02:00,47.334,5.4,8.511,8.511
2023-09-14 23:00:00+02:00,48.867,4.4,6.759,6.759
2023-09-15 00:00:00+02:00,48.934,4.1,6.19,6.19
2023-09-15 01:00:00+02:00,51.966,4.4,6.797499999999999,6.797499999999999
2023-09-15 02:00:00+02:00,54.867,5.2,8.421,8.421
2023-09-15 03:00:00+02:00,55.766,6.9,11.484,11.484
2023-09-15 04:00:00+02:00,57.767,6.7,11.312,11.312
2023-09-15 05:00:00+02:00,58.7,5.2,8.600000000000001,8.600000000000001
2023-09-15 06:00:00+02:00,57.433,5.6,9.2995,9.2995
2023-09-15 07:00:00+02:00,53.0,7.8,13.3245,13.3275
2023-09-15 08:00:00+02:00,40.2,7.7,12.7195,12.7195
2023-09-15 09:00:00+02:00,33.367,8.1,13.058,13.058
2023-09-15 10:00:00+02:00,32.9,6.5,10.2,10.2
2023-09-15 11:00:00+02:00,27.767,5.3,8.262,8.262
2023-09-15 12:00:00+02:00,32.2,5.8,9.1465,9.1465
2023-09-15 13:00:00+02:00,37.4,6.3,10.072,10.072
2023-09-15 14:00:00+02:00,38.0,6.3,10.058,10.058
2023-09-15 15:00:00+02:00,37.834,5.6,8.743500000000001,8.743500000000001
2023-09-15 16:00:00+02:00,39.3,5.0,7.927,7.927
2023-09-15 17:00:00+02:00,41.166,4.6,7.1605,7.1605
2023-09-15 18:00:00+02:00,43.7,5.1,8.1665,8.1665
2023-09-15 19:00:00+02:00,51.834,12.1,21.21,21.7645
2023-09-15 20:00:00+02:00,55.433,12.0,21.3915,21.6115
2023-09-15 21:00:00+02:00,55.433,7.9,13.4675,13.4675
2023-09-15 22:00:00+02:00,59.1,7.2,12.2295,12.2295
2023-09-15 23:00:00+02:00,57.1,7.8,13.493,13.493
2023-09-16 00:00:00+02:00,56.666,6.5,11.1075,11.1075
2023-09-16 01:00:00+02:00,60.709,8.3,14.523,14.523
2023-09-16 02:00:00+02:00,61.233,9.2,16.002499999999998,16.002499999999998
2023-09-16 03:00:00+02:00,61.333,8.5,14.5985,14.5985
2023-09-16 04:00:00+02:00,62.341,8.7,14.93,14.93
2023-09-16 05:00:00+02:00,62.067,9.0,15.556,15.556
2023-09-16 06:00:00+02:00,62.4,19.2,31.697,34.9635
2023-09-16 07:00:00+02:00,61.133,12.4,22.1625,22.1815
2023-09-16 08:00:00+02:00,59.0,10.5,18.533,18.533
2023-09-16 09:00:00+02:00,54.367,11.6,20.345,20.345
2023-09-16 10:00:00+02:00,49.233,12.0,20.6835,20.6835
2023-09-16 11:00:00+02:00,34.8,8.8,14.0465,14.0465
2023-09-16 12:00:00+02:00,29.867,8.4,13.6485,13.6485
2023-09-16 13:00:00+02:00,33.591,9.4,15.5585,15.5585
2023-09-16 14:00:00+02:00,36.367,11.2,18.905,18.905
2023-09-16 15:00:00+02:00,37.966,14.0,23.9245,23.9315
2023-09-16 16:00:00+02:00,40.034,19.5,32.0825,33.462500000000006
2023-09-16 17:00:00+02:00,41.5,22.8,35.733999999999995,39.3065
2023-09-16 18:00:00+02:00,42.166,22.3,35.501000000000005,38.847
2023-09-16 19:00:00+02:00,47.034,28.3,42.283,50.888000000000005
2023-09-16 20:00:00+02:00,51.166,31.0,45.332,56.9405
2023-09-16 21:00:00+02:00,52.3,31.3,45.933,58.0535
2023-09-16 22:00:00+02:00,52.067,30.3,44.94199999999999,55.8905
2023-09-16 23:00:00+02:00,54.166,26.9,42.0005,49.7235
2023-09-17 00:00:00+02:00,55.566,24.5,39.6755,45.276
2023-09-17 01:00:00+02:00,56.367,23.3,38.461,43.1585
2023-09-17 02:00:00+02:00,56.767,22.0,36.9575,40.6235
2023-09-17 03:00:00+02:00,57.2,22.7,37.6635,41.817
2023-09-17 04:00:00+02:00,57.367,19.4,33.888000000000005,35.545
2023-09-17 05:00:00+02:00,57.4,19.9,34.6005,36.732
2023-09-17 06:00:00+02:00,57.067,20.5,35.237,37.7055
2023-09-17 07:00:00+02:00,53.133,18.5,32.785000000000004,33.944
2023-09-17 08:00:00+02:00,39.8,14.2,24.194,24.2035
2023-09-17 09:00:00+02:00,30.666,10.6,17.3045,17.3045
2023-09-17 10:00:00+02:00,26.534,8.8,13.949000000000002,13.965
2023-09-17 11:00:00+02:00,24.733,6.8,10.6725,10.6725
2023-09-17 12:00:00+02:00,23.2,4.7,7.1135,7.1135
2023-09-17 13:00:00+02:00,26.733,5.8,9.131,9.131
2023-09-17 14:00:00+02:00,33.034,4.3,6.558999999999999,6.558999999999999
2023-09-17 15:00:00+02:00,34.1,4.5,6.845,6.845
2023-09-17 16:00:00+02:00,35.133,4.5,6.7745,6.7745
2023-09-17 17:00:00+02:00,35.1,4.2,6.407,6.407
2023-09-17 18:00:00+02:00,36.8,6.2,10.0265,10.0385
2023-09-17 19:00:00+02:00,41.967,7.8,13.002,13.006
2023-09-17 20:00:00+02:00,45.867,10.6,18.3385,18.3385
2023-09-17 21:00:00+02:00,48.692,11.6,20.4435,20.4435
2023-09-17 22:00:00+02:00,50.9,8.1,13.746,13.746
2023-09-17 23:00:00+02:00,52.267,7.3,12.3905,12.3905
2023-09-18 00:00:00+02:00,53.367,6.9,11.602,11.602
2023-09-18 01:00:00+02:00,53.767,6.6,11.0015,11.0015
2023-09-18 02:00:00+02:00,54.0,6.1,10.147,10.147
2023-09-18 03:00:00+02:00,53.733,6.0,9.9705,9.9705
2023-09-18 04:00:00+02:00,54.567,5.7,9.485499999999998,9.485499999999998
2023-09-18 05:00:00+02:00,55.8,6.2,10.4455,10.4455
2023-09-18 06:00:00+02:00,56.034,6.3,10.5835,10.5835
2023-09-18 07:00:00+02:00,51.8,7.2,12.341,12.341
2023-09-18 08:00:00+02:00,37.5,6.1,9.7535,9.7535
2023-09-18 09:00:00+02:00,29.034,5.3,8.1985,8.1985
2023-09-18 10:00:00+02:00,26.066,5.2,8.032499999999999,8.032499999999999
2023-09-18 11:00:00+02:00,25.0,5.0,7.664,7.664
2023-09-18 12:00:00+02:00,26.3,4.7,7.132,7.132
2023-09-18 13:00:00+02:00,27.8,4.8,7.377499999999999,7.377499999999999
2023-09-18 14:00:00+02:00,30.633,4.7,7.285500000000001,7.285500000000001
2023-09-18 15:00:00+02:00,31.0,4.8,7.414,7.414
2023-09-18 16:00:00+02:00,32.367,4.8,7.5865,7.5865
2023-09-18 17:00:00+02:00,33.767,5.2,8.27,8.27
2023-09-18 18:00:00+02:00,37.267,6.8,11.0005,11.0005
2023-09-18 19:00:00+02:00,42.834,8.6,14.513000000000002,14.513000000000002
2023-09-18 20:00:00+02:00,46.133,9.4,16.1175,16.1175
2023-09-18 21:00:00+02:00,46.883,9.4,16.12,16.12
2023-09-18 22:00:00+02:00,47.767,8.5,14.45,14.45
2023-09-18 23:00:00+02:00,47.633,9.3,16.017,16.017
2023-09-19 00:00:00+02:00,46.934,9.3,15.8715,15.8715
2023-09-19 01:00:00+02:00,47.8,8.3,14.177,14.177
2023-09-19 02:00:00+02:00,44.2,5.4,8.496500000000001,8.496500000000001
2023-09-19 03:00:00+02:00,43.1,5.7,9.0945,9.0945
2023-09-19 04:00:00+02:00,44.5,5.6,8.997499999999999,8.997499999999999
2023-09-19 05:00:00+02:00,46.883,6.2,10.4475,10.4475
2023-09-19 06:00:00+02:00,49.425,7.6,13.048,13.048
2023-09-19 07:00:00+02:00,48.9,7.8,13.518999999999998,13.518999999999998
2023-09-19 08:00:00+02:00,40.367,7.8,13.31,13.31
2023-09-19 09:00:00+02:00,31.767,5.5,8.651,8.651
2023-09-19 10:00:00+02:00,28.4,5.0,7.7715,7.7715
2023-09-19 11:00:00+02:00,24.9,3.8,5.765000000000001,5.765000000000001
2023-09-19 12:00:00+02:00,31.0,5.2,8.245000000000001,8.245000000000001
2023-09-19 13:00:00+02:00,35.933,6.0,9.695,9.695
2023-09-19 14:00:00+02:00,41.233,6.3,10.2115,10.2115
2023-09-19 15:00:00+02:00,47.2,6.4,10.497,10.497
2023-09-19 16:00:00+02:00,45.934,5.2,8.233,8.233
2023-09-19 17:00:00+02:00,47.9,6.1,9.947,9.947
2023-09-19 18:00:00+02:00,48.334,6.5,10.806,10.806
2023-09-19 19:00:00+02:00,53.117,7.9,13.552,13.552
2023-09-19 20:00:00+02:00,55.367,7.9,13.4805,13.4805
2023-09-19 21:00:00+02:00,56.066,8.8,15.2345,15.376
2023-09-19 22:00:00+02:00,58.867,7.5,12.8015,12.8015
2023-09-19 23:00:00+02:00,60.967,6.5,10.9405,10.9405
2023-09-20 00:00:00+02:00,61.555,6.8,11.6805,11.722
2023-09-20 01:00:00+02:00,60.933,6.0,10.11,10.11
2023-09-20 02:00:00+02:00,60.334,6.4,10.7705,10.7705
2023-09-20 03:00:00+02:00,58.433,6.3,10.764,10.764
2023-09-20 04:00:00+02:00,55.5,5.0,8.195,8.195
2023-09-20 05:00:00+02:00,57.0,5.4,8.884,8.884
2023-09-20 06:00:00+02:00,57.6,5.6,9.253,9.253
2023-09-20 07:00:00+02:00,55.767,5.4,9.1225,9.1225
2023-09-20 08:00:00+02:00,53.8,8.2,14.2335,14.2335
2023-09-20 09:00:00+02:00,44.2,9.6,16.1415,16.1415
2023-09-20 10:00:00+02:00,29.666,7.1,11.2,11.2
2023-09-20 11:00:00+02:00,25.834,6.4,10.054,10.054
2023-09-20 12:00:00+02:00,26.133,8.0,12.7055,12.7055
2023-09-20 13:00:00+02:00,29.667,8.0,12.791,12.791
2023-09-20 14:00:00+02:00,34.267,8.6,14.046,14.046
2023-09-20 15:00:00+02:00,35.0,9.0,14.8485,14.8485
2023-09-20 16:00:00+02:00,37.0,11.3,18.756,18.756
2023-09-20 17:00:00+02:00,38.8,11.9,20.1175,20.1175
2023-09-20 18:00:00+02:00,42.567,17.2,28.767,30.1335
2023-09-20 19:00:00+02:00,46.334,19.0,32.265,33.7885
2023-09-20 20:00:00+02:00,49.0,20.0,33.5625,35.956
2023-09-20 21:00:00+02:00,50.267,18.3,32.1505,33.4035
2023-09-20 22:00:00+02:00,52.917,16.9,30.4155,30.9175
2023-09-20 23:00:00+02:00,55.467,13.2,23.948,23.9495
2023-09-21 00:00:00+02:00,51.767,9.4,16.5235,16.5235
2023-09-21 01:00:00+02:00,44.867,4.7,7.3595,7.3595
2023-09-21 02:00:00+02:00,42.966,3.8,5.7745,5.7745
2023-09-21 03:00:00+02:00,42.766,4.0,6.0875,6.0875
2023-09-21 04:00:00+02:00,43.067,4.2,6.4225,6.4225
2023-09-21 05:00:00+02:00,45.0,5.7,9.4385,9.4385
2023-09-21 06:00:00+02:00,48.666,8.6,15.1085,15.1085
2023-09-21 07:00:00+02:00,52.8,8.5,14.925,14.925
2023-09-21 08:00:00+02:00,48.467,9.7,17.183,17.183
2023-09-21 09:00:00+02:00,36.867,8.1,13.646,13.646
2023-09-21 10:00:00+02:00,33.258,5.9,9.537,9.537
2023-09-21 11:00:00+02:00,36.133,4.7,7.434,7.434
2023-09-21 12:00:00+02:00,39.467,4.3,6.741,6.741
2023-09-21 13:00:00+02:00,41.667,4.0,6.1935,6.1935
2023-09-21 14:00:00+02:00,42.3,5.1,8.248000000000001,8.248000000000001
2023-09-21 15:00:00+02:00,44.567,4.1,6.596,6.596
2023-09-21 16:00:00+02:00,47.1,3.3,5.0865,5.0865
2023-09-21 17:00:00+02:00,47.867,2.6,3.6845,3.6845
2023-09-21 18:00:00+02:00,47.4,3.3,5.085,5.085
2023-09-21 19:00:00+02:00,51.083,7.2,12.5905,12.5905
2023-09-21 20:00:00+02:00,53.567,7.6,13.319,13.324
2023-09-21 21:00:00+02:00,54.833,5.7,9.676,9.676
2023-09-21 22:00:00+02:00,54.933,6.1,10.635,10.635
2023-09-21 23:00:00+02:00,53.534,5.9,10.087,10.087
2023-09-22 00:00:00+02:00,55.2,5.0,8.48,8.48
2023-09-22 01:00:00+02:00,56.7,5.1,8.838000000000001,8.838000000000001
2023-09-22 02:00:00+02:00,57.267,5.2,8.8265,8.8265
2023-09-22 03:00:00+02:00,57.4,4.9,8.2155,8.2155
2023-09-22 04:00:00+02:00,58.1,5.4,9.0935,9.0935
2023-09-22 05:00:00+02:00,57.533,4.4,7.344,7.344
2023-09-22 06:00:00+02:00,56.034,4.9,8.334,8.334
2023-09-22 07:00:00+02:00,54.3,6.7,12.0015,12.0015
2023-09-22 08:00:00+02:00,40.933,10.3,18.291,18.292
2023-09-22 09:00:00+02:00,30.467,6.8,11.165,11.165
2023-09-22 10:00:00+02:00,26.034,6.4,10.6205,10.6205
2023-09-22 11:00:00+02:00,23.6,4.6,7.367,7.367
2023-09-22 12:00:00+02:00,24.7,4.3,6.710000000000001,6.710000000000001
2023-09-22 13:00:00+02:00,29.934,5.3,8.634,8.634
2023-09-22 14:00:00+02:00,32.534,5.3,8.492,8.492
2023-09-22 15:00:00+02:00,33.034,5.5,8.9465,8.9465
2023-09-22 16:00:00+02:00,33.767,6.4,10.4255,10.4255
2023-09-22 17:00:00+02:00,34.966,7.5,12.551,12.551
2023-09-22 18:00:00+02:00,35.7,8.3,13.861999999999998,13.861999999999998
2023-09-22 19:00:00+02:00,37.858,8.8,15.0985,15.0985
2023-09-22 20:00:00+02:00,39.033,8.1,13.8205,13.8205
2023-09-22 21:00:00+02:00,40.434,5.0,8.0445,8.0445
2023-09-22 22:00:00+02:00,42.108,4.7,7.451,7.479
2023-09-22 23:00:00+02:00,45.433,6.6,11.24,11.24
2023-09-23 00:00:00+02:00,46.5,8.2,14.1485,14.1485
2023-09-23 01:00:00+02:00,47.467,4.8,7.605499999999999,7.605499999999999
2023-09-23 02:00:00+02:00,52.1,3.5,5.38,5.38
2023-09-23 03:00:00+02:00,57.3,2.2,2.802,2.802
2023-09-23 04:00:00+02:00,58.0,1.8,2.128,2.128
2023-09-23 05:00:00+02:00,57.867,2.0,2.385,2.385
2023-09-23 06:00:00+02:00,87.767,1.3,1.2695,1.2695
2023-09-23 07:00:00+02:00,94.5,1.2,1.368,1.368
2023-09-23 08:00:00+02:00,100.0,1.9,2.468,2.468
2023-09-23 09:00:00+02:00,,3.1,5.1915,5.1915
2023-09-23 10:00:00+02:00,,1.8,2.5185,2.5185
2023-09-23 11:00:00+02:00,,2.9,4.674,4.674
2023-09-23 12:00:00+02:00,,4.2,7.455500000000001,7.455500000000001
2023-09-23 13:00:00+02:00,,5.1,9.55,9.55
2023-09-23 14:00:00+02:00,,7.5,14.2925,14.2925
2023-09-23 15:00:00+02:00,,8.6,16.471,16.5305
2023-09-23 16:00:00+02:00,,9.2,17.779,17.779
2023-09-23 17:00:00+02:00,,8.1,15.3795,15.3795
2023-09-23 18:00:00+02:00,,6.7,12.5375,12.5375
2023-09-23 19:00:00+02:00,,8.6,16.4125,16.4125
2023-09-23 20:00:00+02:00,,9.3,16.6655,16.6655
2023-09-23 21:00:00+02:00,,9.1,16.022,16.022
2023-09-23 22:00:00+02:00,,7.0,11.828,11.828
2023-09-23 23:00:00+02:00,,7.8,13.3605,13.3605
2023-09-24 00:00:00+02:00,,9.4,16.3825,16.3825
2023-09-24 01:00:00+02:00,,6.7,11.3635,11.379
2023-09-24 02:00:00+02:00,,0.8,0.521,0.521
2023-09-24 03:00:00+02:00,,0.4,0.053,0.053
2023-09-24 04:00:00+02:00,,0.5,0.067,0.067
2023-09-24 05:00:00+02:00,,0.4,0.053,0.053
2023-09-24 06:00:00+02:00,,0.6,0.2555,0.2555
2023-09-24 07:00:00+02:00,,0.8,0.558,0.558
2023-09-24 08:00:00+02:00,,0.9,0.7805,0.7805
2023-09-24 09:00:00+02:00,,1.0,0.8554999999999999,0.8554999999999999
2023-09-24 10:00:00+02:00,,1.1,1.1455,1.1455
2023-09-24 11:00:00+02:00,,1.2,1.1025,1.1025
2023-09-24 12:00:00+02:00,,1.5,1.6625,1.6625
2023-09-24 13:00:00+02:00,,1.7,2.192,2.192
2023-09-24 14:00:00+02:00,,2.0,2.7185,2.7185
2023-09-24 15:00:00+02:00,,2.0,2.726,2.726
2023-09-24 16:00:00+02:00,,2.1,2.7755,2.7755
2023-09-24 17:00:00+02:00,,1.5,1.865,1.865
2023-09-24 18:00:00+02:00,,1.9,2.5455,2.5455
2023-09-24 19:00:00+02:00,,2.7,4.3025,4.3025
2023-09-24 20:00:00+02:00,,3.2,5.171,5.171
2023-09-24 21:00:00+02:00,,3.3,5.354,5.354
2023-09-24 22:00:00+02:00,,3.2,5.204,5.204
2023-09-24 23:00:00+02:00,,2.5,3.6725,3.6725
2023-09-25 00:00:00+02:00,,2.0,2.7585,2.7585
2023-09-25 01:00:00+02:00,,1.8,2.352,2.352
2023-09-25 02:00:00+02:00,,1.1,1.2355,1.2355
2023-09-25 03:00:00+02:00,,0.8,0.524,0.524
2023-09-25 04:00:00+02:00,,0.7,0.504,0.504
2023-09-25 05:00:00+02:00,,0.5,0.1295,0.1295
2023-09-25 06:00:00+02:00,,0.9,0.7395,0.7395
2023-09-25 07:00:00+02:00,,1.7,2.2910000000000004,2.2910000000000004
2023-09-25 08:00:00+02:00,,3.2,5.0865,5.0865
2023-09-25 09:00:00+02:00,,2.7,4.1355,4.1355
2023-09-25 10:00:00+02:00,,5.8,9.972,9.9745
2023-09-25 11:00:00+02:00,,3.5,5.614,5.614
2023-09-25 12:00:00+02:00,,2.5,3.537,3.537
2023-09-25 13:00:00+02:00,,4.1,6.4885,6.552
2023-09-25 14:00:00+02:00,,3.8,6.2055,6.2055
2023-09-25 15:00:00+02:00,,4.1,6.7725,6.7725
2023-09-25 16:00:00+02:00,,5.5,9.247,9.247
2023-09-25 17:00:00+02:00,,6.8,11.501,11.501
2023-09-25 18:00:00+02:00,,8.0,13.8935,13.8935
2023-09-25 19:00:00+02:00,,9.1,15.9055,15.9055
2023-09-25 20:00:00+02:00,,12.2,21.943,22.049
2023-09-25 21:00:00+02:00,,19.4,34.193,35.9605
2023-09-25 22:00:00+02:00,,16.4,29.7245,30.0675
2023-09-25 23:00:00+02:00,,14.0,25.0285,25.0425
2023-09-26 00:00:00+02:00,,11.0,19.4585,19.4585
2023-09-26 01:00:00+02:00,,12.2,21.6515,21.6515
2023-09-26 02:00:00+02:00,,11.9,21.2705,21.2705
2023-09-26 03:00:00+02:00,,12.1,21.676,21.676
2023-09-26 04:00:00+02:00,,12.3,21.919,21.919
2023-09-26 05:00:00+02:00,,14.2,25.3515,25.626
2023-09-26 06:00:00+02:00,,15.1,27.053,27.304
2023-09-26 07:00:00+02:00,,14.2,25.3865,25.4205
2023-09-26 08:00:00+02:00,,14.2,25.6115,25.6735
2023-09-26 09:00:00+02:00,,14.5,26.0175,26.0585
2023-09-26 10:00:00+02:00,,13.3,23.732,23.739
2023-09-26 11:00:00+02:00,,15.3,26.8755,26.916
2023-09-26 12:00:00+02:00,,16.2,26.834,26.9205
2023-09-26 13:00:00+02:00,,18.6,30.2115,30.941
2023-09-26 14:00:00+02:00,,20.0,33.562,35.4325
2023-09-26 15:00:00+02:00,,19.8,33.5855,35.4675
2023-09-26 16:00:00+02:00,,17.6,30.823,31.4005
2023-09-26 17:00:00+02:00,,14.8,26.4295,26.473
2023-09-26 18:00:00+02:00,,17.7,30.6545,31.917
2023-09-26 19:00:00+02:00,,21.9,36.8005,40.481
2023-09-26 20:00:00+02:00,,23.4,38.985,44.048
2023-09-26 21:00:00+02:00,,23.4,38.884,43.967
2023-09-26 22:00:00+02:00,,21.4,36.7865,40.3275
2023-09-26 23:00:00+02:00,,19.1,33.706,35.3765
2023-09-27 00:00:00+02:00,,17.3,32.146,32.7995
2023-09-27 01:00:00+02:00,,16.3,30.5095,30.798
2023-09-27 02:00:00+02:00,,16.4,30.7845,31.103
2023-09-27 03:00:00+02:00,,16.0,30.2495,30.48
2023-09-27 04:00:00+02:00,,14.9,28.7195,28.7825
2023-09-27 05:00:00+02:00,,15.2,29.2155,29.3025
2023-09-27 06:00:00+02:00,,14.6,28.1015,28.1335
2023-09-27 07:00:00+02:00,,16.0,30.3505,30.6755
2023-09-27 08:00:00+02:00,,14.8,27.812,27.899
2023-09-27 09:00:00+02:00,,15.7,28.9955,29.1645
2023-09-27 10:00:00+02:00,,15.6,26.515,26.6745
2023-09-27 11:00:00+02:00,,13.4,21.92,21.92
2023-09-27 12:00:00+02:00,,10.8,17.7455,17.7455
2023-09-27 13:00:00+02:00,,7.5,12.292,12.292
2023-09-27 14:00:00+02:00,,7.3,12.309,12.309
2023-09-27 15:00:00+02:00,,8.9,15.232,15.232
2023-09-27 16:00:00+02:00,,9.1,15.6735,15.6735
2023-09-27 17:00:00+02:00,,10.1,17.4785,17.4785
2023-09-27 18:00:00+02:00,,10.7,18.695,18.6965
2023-09-27 19:00:00+02:00,,15.7,28.5575,28.8565
2023-09-27 20:00:00+02:00,,20.2,34.8565,37.747
2023-09-27 21:00:00+02:00,,18.5,33.157000000000004,34.477000000000004
2023-09-27 22:00:00+02:00,,16.1,29.3095,29.645000000000003
2023-09-27 23:00:00+02:00,,14.5,26.7805,26.8145
2023-09-28 00:00:00+02:00,,14.4,26.5235,26.5745
2023-09-28 01:00:00+02:00,,13.2,24.6515,24.652
2023-09-28 02:00:00+02:00,,12.6,23.5385,23.5385
2023-09-28 03:00:00+02:00,,12.6,22.9295,22.932
2023-09-28 04:00:00+02:00,,11.7,21.9685,21.9685
2023-09-28 05:00:00+02:00,,11.7,21.9105,21.9105
2023-09-28 06:00:00+02:00,,12.6,23.676,23.676
2023-09-28 07:00:00+02:00,,12.7,24.28,24.3035
2023-09-28 08:00:00+02:00,,11.1,20.0985,20.103
2023-09-28 09:00:00+02:00,,9.7,16.2745,16.2745
2023-09-28 10:00:00+02:00,,10.1,16.7635,16.7635
2023-09-28 11:00:00+02:00,,10.5,17.397,17.397
2023-09-28 12:00:00+02:00,,10.0,16.5535,16.5535
2023-09-28 13:00:00+02:00,,9.9,16.664,16.664
2023-09-28 14:00:00+02:00,,9.5,16.423,16.423
2023-09-28 15:00:00+02:00,,9.2,16.0785,16.0785
2023-09-28 16:00:00+02:00,,8.7,15.0235,15.0235
2023-09-28 17:00:00+02:00,,6.1,10.29,10.29
2023-09-28 18:00:00+02:00,,9.0,16.0445,16.064
2023-09-28 19:00:00+02:00,,16.0,28.613,29.7705
2023-09-28 20:00:00+02:00,,14.7,27.139,27.2805
2023-09-28 21:00:00+02:00,,14.9,27.807,27.9785
2023-09-28 22:00:00+02:00,,12.8,23.581,23.5955
2023-09-28 23:00:00+02:00,,8.9,16.371499999999997,16.371499999999997
2023-09-29 00:00:00+02:00,,7.8,14.2125,14.2125
2023-09-29 01:00:00+02:00,,7.6,13.7395,13.7395
2023-09-29 02:00:00+02:00,,7.5,13.1965,13.1965
2023-09-29 03:00:00+02:00,,6.2,12.166,12.166
2023-09-29 04:00:00+02:00,,5.9,11.7515,11.7515
2023-09-29 05:00:00+02:00,,6.1,12.392,12.392
2023-09-29 06:00:00+02:00,,6.5,12.782,12.782
2023-09-29 07:00:00+02:00,,7.4,15.365,15.365
2023-09-29 08:00:00+02:00,,7.2,13.7375,13.7375
2023-09-29 09:00:00+02:00,,7.7,12.9215,12.9215
2023-09-29 10:00:00+02:00,,6.9,11.1115,11.1115
2023-09-29 11:00:00+02:00,,6.8,11.0325,11.0325
2023-09-29 12:00:00+02:00,,7.0,11.4,11.4
2023-09-29 13:00:00+02:00,,7.1,11.926,11.926
2023-09-29 14:00:00+02:00,,7.8,13.724,13.724
2023-09-29 15:00:00+02:00,,7.7,13.445,13.445
2023-09-29 16:00:00+02:00,,7.8,13.7005,13.7005
2023-09-29 17:00:00+02:00,,9.6,17.192500000000003,17.192500000000003
2023-09-29 18:00:00+02:00,,14.1,25.7805,25.926
2023-09-29 19:00:00+02:00,,21.4,36.526,40.4915
2023-09-29 20:00:00+02:00,,22.4,38.1725,42.688
2023-09-29 21:00:00+02:00,,21.4,37.1075,40.8705
2023-09-29 22:00:00+02:00,,19.2,34.43,36.575500000000005
2023-09-29 23:00:00+02:00,,16.3,30.315,30.826
2023-09-30 00:00:00+02:00,,16.1,30.3315,30.7245
2023-09-30 01:00:00+02:00,,15.5,28.9155,29.203000000000003
2023-09-30 02:00:00+02:00,,15.3,29.522,29.856
2023-09-30 03:00:00+02:00,,15.0,28.871,29.074
2023-09-30 04:00:00+02:00,,15.2,29.3755,29.669
2023-09-30 05:00:00+02:00,,15.5,29.7945,30.1045
2023-09-30 06:00:00+02:00,,15.8,30.618,31.0475
2023-09-30 07:00:00+02:00,,15.6,30.362,30.823
2023-09-30 08:00:00+02:00,,14.2,26.2345,26.335
2023-09-30 09:00:00+02:00,,11.0,19.1235,19.1235
2023-09-30 10:00:00+02:00,,11.6,20.408,20.4135
2023-09-30 11:00:00+02:00,,11.5,19.629,19.629
2023-09-30 12:00:00+02:00,,10.1,17.1525,17.1525
2023-09-30 13:00:00+02:00,,11.0,19.0445,19.0445
2023-09-30 14:00:00+02:00,,11.3,19.950000000000003,19.950000000000003
2023-09-30 15:00:00+02:00,,10.5,18.2905,18.2905
2023-09-30 16:00:00+02:00,,10.1,17.637999999999998,17.637999999999998
2023-09-30 17:00:00+02:00,,10.2,17.811,17.811
2023-09-30 18:00:00+02:00,,14.8,26.6775,26.8695
2023-09-30 19:00:00+02:00,,18.7,32.845,34.42700000000001
2023-09-30 20:00:00+02:00,,18.6,32.9825,34.533500000000004
2023-09-30 21:00:00+02:00,,21.7,37.024,41.0215
2023-09-30 22:00:00+02:00,,19.0,33.8995,35.7795
2023-09-30 23:00:00+02:00,,16.2,29.701500000000003,30.088
2023-10-01 00:00:00+02:00,,15.8,29.217,29.503
2023-10-01 01:00:00+02:00,,15.2,28.125,28.256
2023-10-01 02:00:00+02:00,,13.9,25.8215,25.846
2023-10-01 03:00:00+02:00,,13.2,24.962,24.968
2023-10-01 04:00:00+02:00,,12.2,22.7645,22.7655
2023-10-01 05:00:00+02:00,,12.1,22.645,22.645
2023-10-01 06:00:00+02:00,,11.7,21.911,21.911
2023-10-01 07:00:00+02:00,,12.6,23.87,23.87
2023-10-01 08:00:00+02:00,,11.6,21.0395,21.0395
2023-10-01 09:00:00+02:00,,10.4,17.799500000000002,17.799500000000002
2023-10-01 10:00:00+02:00,,7.3,11.8065,11.8065
2023-10-01 11:00:00+02:00,,5.4,8.6725,8.6725
2023-10-01 12:00:00+02:00,,5.3,8.3,8.3
2023-10-01 13:00:00+02:00,,4.3,6.7170000000000005,6.7170000000000005
2023-10-01 14:00:00+02:00,,3.8,5.843500000000001,5.843500000000001
2023-10-01 15:00:00+02:00,,3.8,5.7115,5.7115
2023-10-01 16:00:00+02:00,,4.0,6.129,6.129
2023-10-01 17:00:00+02:00,,4.5,7.343500000000001,7.343500000000001
2023-10-01 18:00:00+02:00,,8.8,15.6,15.6245
2023-10-01 19:00:00+02:00,,11.0,20.063,20.064
2023-10-01 20:00:00+02:00,,11.0,20.1875,20.326500000000003
2023-10-01 21:00:00+02:00,,9.4,17.069000000000003,17.0775
2023-10-01 22:00:00+02:00,,6.8,11.893,11.893
2023-10-01 23:00:00+02:00,,6.9,12.427,12.427
2023-10-02 00:00:00+02:00,,7.9,14.290500000000002,14.352
2023-10-02 01:00:00+02:00,,6.4,11.2975,11.2975
2023-10-02 02:00:00+02:00,,6.3,11.0135,11.0135
2023-10-02 03:00:00+02:00,,5.9,10.6595,10.6595
2023-10-02 04:00:00+02:00,,5.7,10.021,10.021
2023-10-02 05:00:00+02:00,,5.6,9.919,9.919
2023-10-02 06:00:00+02:00,,10.1,16.5945,17.106
2023-10-02 07:00:00+02:00,,7.1,12.63,12.63
2023-10-02 08:00:00+02:00,,5.9,10.84,10.84
2023-10-02 09:00:00+02:00,,6.4,10.474,10.474
2023-10-02 10:00:00+02:00,,5.9,9.423,9.423
2023-10-02 11:00:00+02:00,,5.6,8.753,8.753
2023-10-02 12:00:00+02:00,,5.8,9.336,9.336
2023-10-02 13:00:00+02:00,,5.0,7.8985,7.8985
2023-10-02 14:00:00+02:00,,4.7,7.368,7.368
2023-10-02 15:00:00+02:00,,4.0,6.148,6.148
2023-10-02 16:00:00+02:00,,4.4,6.8285,6.8285
2023-10-02 17:00:00+02:00,,4.7,7.4565,7.4565
2023-10-02 18:00:00+02:00,,9.1,16.1635,16.247
2023-10-02 19:00:00+02:00,,11.2,20.524,20.57
2023-10-02 20:00:00+02:00,,11.7,21.4405,21.4555
2023-10-02 21:00:00+02:00,,12.5,23.058,23.254
2023-10-02 22:00:00+02:00,,10.3,18.7075,18.7655
2023-10-02 23:00:00+02:00,,7.1,12.612,12.612
2023-10-03 00:00:00+02:00,,6.4,11.124,11.124
2023-10-03 01:00:00+02:00,,6.2,10.835,10.835
2023-10-03 02:00:00+02:00,,6.8,12.151,12.151
2023-10-03 03:00:00+02:00,,7.1,12.785,12.785
2023-10-03 04:00:00+02:00,,7.0,12.904,12.904
2023-10-03 05:00:00+02:00,,7.2,13.165,13.165
2023-10-03 06:00:00+02:00,,7.2,13.125,13.125
2023-10-03 07:00:00+02:00,,9.5,17.9985,17.9985
2023-10-03 08:00:00+02:00,,9.4,17.0625,17.0625
2023-10-03 09:00:00+02:00,,6.3,10.4845,10.4845
2023-10-03 10:00:00+02:00,,3.1,4.48,4.48
2023-10-03 11:00:00+02:00,,2.4,3.151,3.151
2023-10-03 12:00:00+02:00,,3.8,5.859500000000001,5.859500000000001
2023-10-03 13:00:00+02:00,,4.4,6.93,6.93
2023-10-03 14:00:00+02:00,,5.4,8.822,8.822
2023-10-03 15:00:00+02:00,,5.0,8.1715,8.1715
2023-10-03 16:00:00+02:00,,5.0,8.0545,8.0545
2023-10-03 17:00:00+02:00,,6.4,10.6805,10.6805
2023-10-03 18:00:00+02:00,,11.0,19.5075,19.529
2023-10-03 19:00:00+02:00,,15.4,27.539,28.296
2023-10-03 20:00:00+02:00,,14.7,26.7285,27.1935
2023-10-03 21:00:00+02:00,,10.9,19.738,19.738
2023-10-03 22:00:00+02:00,,10.4,18.76,18.76
2023-10-03 23:00:00+02:00,,8.9,16.153,16.154
2023-10-04 00:00:00+02:00,,6.8,11.69,11.69
2023-10-04 01:00:00+02:00,,6.9,11.9145,11.9145
2023-10-04 02:00:00+02:00,,8.2,14.671,14.671
2023-10-04 03:00:00+02:00,,7.6,13.524,13.524
2023-10-04 04:00:00+02:00,,6.1,10.6815,10.6815
2023-10-04 05:00:00+02:00,,6.0,10.611,10.611
2023-10-04 06:00:00+02:00,,5.4,9.355,9.356
2023-10-04 07:00:00+02:00,,6.3,11.2785,11.2785
2023-10-04 08:00:00+02:00,,7.2,12.6135,12.6135
2023-10-04 09:00:00+02:00,,7.6,13.4815,13.4815
2023-10-04 10:00:00+02:00,,7.6,12.817,12.817
2023-10-04 11:00:00+02:00,,6.6,10.7435,10.7455
2023-10-04 12:00:00+02:00,,3.5,5.0645,5.0645
2023-10-04 13:00:00+02:00,,3.2,4.692,4.692
2023-10-04 14:00:00+02:00,,3.8,5.8535,5.8535
2023-10-04 15:00:00+02:00,,4.1,6.595000000000001,6.595000000000001
2023-10-04 16:00:00+02:00,,4.2,6.5315,6.5315
2023-10-04 17:00:00+02:00,,3.0,4.57,4.57
2023-10-04 18:00:00+02:00,,4.3,6.978,6.978
2023-10-04 19:00:00+02:00,,5.4,9.2515,9.2565
2023-10-04 20:00:00+02:00,,12.7,23.2915,23.867
2023-10-04 21:00:00+02:00,,10.3,18.8935,18.8935
2023-10-04 22:00:00+02:00,,8.2,14.6445,14.6445
2023-10-04 23:00:00+02:00,,7.6,13.741,13.741
2023-10-05 00:00:00+02:00,,6.4,11.468,11.468
2023-10-05 01:00:00+02:00,,6.1,11.052,11.052
2023-10-05 02:00:00+02:00,,6.1,11.0285,11.0285
2023-10-05 03:00:00+02:00,,5.1,8.918,8.918
2023-10-05 04:00:00+02:00,,4.8,8.256,8.256
2023-10-05 05:00:00+02:00,,5.3,9.366,9.366
2023-10-05 06:00:00+02:00,,5.2,8.877500000000001,8.877500000000001
2023-10-05 07:00:00+02:00,,6.8,12.717,12.717
2023-10-05 08:00:00+02:00,,5.8,11.171,11.171
2023-10-05 09:00:00+02:00,,7.1,12.5685,12.571000000000002
2023-10-05 10:00:00+02:00,,7.3,12.3665,12.367
2023-10-05 11:00:00+02:00,,6.0,9.63,9.63
2023-10-05 12:00:00+02:00,,7.3,11.922,11.926
2023-10-05 13:00:00+02:00,,6.9,11.48,11.48
2023-10-05 14:00:00+02:00,,6.2,10.67,10.67
2023-10-05 15:00:00+02:00,,5.6,9.47,9.4865
2023-10-05 16:00:00+02:00,,4.8,7.965,7.965
2023-10-05 17:00:00+02:00,,5.1,8.485,8.485
2023-10-05 18:00:00+02:00,,9.6,17.5535,17.558999999999997
2023-10-05 19:00:00+02:00,,11.9,22.0875,22.112
2023-10-05 20:00:00+02:00,,14.5,27.3005,27.524
2023-10-05 21:00:00+02:00,,15.9,28.918,30.4195
2023-10-05 22:00:00+02:00,,13.7,25.6875,26.2575
2023-10-05 23:00:00+02:00,,9.2,17.130000000000003,17.130000000000003
2023-10-06 00:00:00+02:00,,9.3,17.1715,17.1715
2023-10-06 01:00:00+02:00,,8.0,14.7,14.7
2023-10-06 02:00:00+02:00,,7.9,14.32,14.32
2023-10-06 03:00:00+02:00,,7.0,12.7015,12.7015
2023-10-06 04:00:00+02:00,,8.3,15.355,15.355
2023-10-06 05:00:00+02:00,,10.3,19.371,19.371
2023-10-06 06:00:00+02:00,,11.3,21.1445,21.56
2023-10-06 07:00:00+02:00,,9.5,17.97,17.97
2023-10-06 08:00:00+02:00,,10.8,20.3955,20.4
2023-10-06 09:00:00+02:00,,13.2,25.189,25.2185
2023-10-06 10:00:00+02:00,,13.2,23.845,23.8665
2023-10-06 11:00:00+02:00,,6.8,11.2525,11.2525
2023-10-06 12:00:00+02:00,,5.3,8.4595,8.4595
2023-10-06 13:00:00+02:00,,4.4,6.942,6.942
2023-10-06 14:00:00+02:00,,3.8,6.0795,6.0795
2023-10-06 15:00:00+02:00,,3.8,5.783,5.783
2023-10-06 16:00:00+02:00,,4.2,6.815,6.815
2023-10-06 17:00:00+02:00,,4.6,7.6455,7.6455
2023-10-06 18:00:00+02:00,,7.9,14.233,14.2335
2023-10-06 19:00:00+02:00,,17.8,31.837,33.949
2023-10-06 20:00:00+02:00,,16.8,29.921,32.0485
2023-10-06 21:00:00+02:00,,17.3,32.137,33.623000000000005
2023-10-06 22:00:00+02:00,,10.7,20.1665,20.189
2023-10-06 23:00:00+02:00,,8.6,16.034,16.0355
2023-10-07 00:00:00+02:00,,6.9,12.7925,12.7925
2023-10-07 01:00:00+02:00,,6.5,11.484,11.484
2023-10-07 02:00:00+02:00,,6.2,10.848,10.848
2023-10-07 03:00:00+02:00,,5.5,9.772,9.772
2023-10-07 04:00:00+02:00,,5.7,10.184,10.184
2023-10-07 05:00:00+02:00,,10.3,19.192,19.3245
2023-10-07 06:00:00+02:00,,7.4,12.1725,12.1725
2023-10-07 07:00:00+02:00,,11.7,19.8,19.8225
2023-10-07 08:00:00+02:00,,9.4,17.019,17.02
2023-10-07 09:00:00+02:00,,6.9,11.5815,11.5815
2023-10-07 10:00:00+02:00,,4.5,7.111,7.111
2023-10-07 11:00:00+02:00,,4.0,5.9485,5.9485
2023-10-07 12:00:00+02:00,,3.8,5.724,5.724
2023-10-07 13:00:00+02:00,,4.0,6.0725,6.0725
2023-10-07 14:00:00+02:00,,4.7,7.587999999999999,7.587999999999999
2023-10-07 15:00:00+02:00,,5.0,8.076,8.076
2023-10-07 16:00:00+02:00,,5.6,9.219,9.219
2023-10-07 17:00:00+02:00,,6.9,11.8655,11.8655
2023-10-07 18:00:00+02:00,,16.5,29.0315,31.1735
2023-10-07 19:00:00+02:00,,14.2,26.558,26.733
2023-10-07 20:00:00+02:00,,12.8,24.374,24.4085
2023-10-07 21:00:00+02:00,,11.9,22.3825,22.387
2023-10-07 22:00:00+02:00,,12.5,23.1195,23.715
2023-10-07 23:00:00+02:00,,7.9,14.558,14.678
2023-10-08 00:00:00+02:00,,6.5,11.8085,11.8085
2023-10-08 01:00:00+02:00,,9.7,18.2275,18.2275
2023-10-08 02:00:00+02:00,,7.8,14.309,14.309
2023-10-08 03:00:00+02:00,,5.8,10.3425,10.3425
2023-10-08 04:00:00+02:00,,4.6,7.835,7.835
2023-10-08 05:00:00+02:00,,4.2,7.165,7.165
2023-10-08 06:00:00+02:00,,4.0,6.672,6.672
2023-10-08 07:00:00+02:00,,4.1,6.8445,6.8445
2023-10-08 08:00:00+02:00,,6.1,10.7545,10.7545
2023-10-08 09:00:00+02:00,,6.5,11.118,11.118
2023-10-08 10:00:00+02:00,,6.6,11.3955,11.3955
2023-10-08 11:00:00+02:00,,6.0,9.636,9.636
2023-10-08 12:00:00+02:00,,4.6,7.079000000000001,7.079000000000001
2023-10-08 13:00:00+02:00,,3.2,4.843500000000001,4.843500000000001
2023-10-08 14:00:00+02:00,,3.4,5.1305,5.1305
2023-10-08 15:00:00+02:00,,5.5,8.8835,8.8835
2023-10-08 16:00:00+02:00,,9.1,15.6415,15.6445
2023-10-08 17:00:00+02:00,,13.7,24.0215,24.3605
2023-10-08 18:00:00+02:00,,15.0,26.9315,27.495
2023-10-08 19:00:00+02:00,,16.0,29.068,29.8385
2023-10-08 20:00:00+02:00,,14.7,26.442,27.2445
2023-10-08 21:00:00+02:00,,4.0,6.319000000000001,6.319000000000001
2023-10-08 22:00:00+02:00,,2.4,3.3975,3.3975
2023-10-08 23:00:00+02:00,,1.8,2.263,2.263
2023-10-09 00:00:00+02:00,,2.5,3.6235,3.6235
2023-10-09 01:00:00+02:00,,3.1,4.6235,4.6235
2023-10-09 02:00:00+02:00,,2.6,3.799,3.799
2023-10-09 03:00:00+02:00,,1.9,2.486,2.486
2023-10-09 04:00:00+02:00,,1.3,1.54,1.54
2023-10-09 05:00:00+02:00,,1.5,1.776,1.776
2023-10-09 06:00:00+02:00,,2.1,2.95,2.95
2023-10-09 07:00:00+02:00,,3.1,5.0280000000000005,5.0280000000000005
2023-10-09 08:00:00+02:00,,5.9,10.6325,10.6325
2023-10-09 09:00:00+02:00,,6.2,10.776,10.776
2023-10-09 10:00:00+02:00,,15.2,24.433,26.7755
2023-10-09 11:00:00+02:00,,17.0,28.0245,29.4195
2023-10-09 12:00:00+02:00,,8.4,13.826,13.826
2023-10-09 13:00:00+02:00,,7.5,12.4725,12.4725
2023-10-09 14:00:00+02:00,,6.2,10.635,10.635
2023-10-09 15:00:00+02:00,,8.6,15.0365,15.0365
2023-10-09 16:00:00+02:00,,9.1,16.1565,16.1565
2023-10-09 17:00:00+02:00,,10.5,18.613,18.613
2023-10-09 18:00:00+02:00,,17.5,31.0965,32.7245
2023-10-09 19:00:00+02:00,,22.0,37.3915,41.5865
2023-10-09 20:00:00+02:00,,22.7,38.277,42.9765
2023-10-09 21:00:00+02:00,,26.5,42.436,50.515
2023-10-09 22:00:00+02:00,,24.7,40.4495,47.0055
2023-10-09 23:00:00+02:00,,21.3,36.497,40.2495
2023-10-10 00:00:00+02:00,,17.4,31.145000000000003,32.8985
2023-10-10 01:00:00+02:00,,21.1,36.622,40.0945
2023-10-10 02:00:00+02:00,,14.8,27.185,27.4245
2023-10-10 03:00:00+02:00,,13.2,24.4935,24.494
2023-10-10 04:00:00+02:00,,12.6,23.1785,23.18
2023-10-10 05:00:00+02:00,,15.7,29.4895,29.7955
2023-10-10 06:00:00+02:00,,16.1,30.09,30.3695
2023-10-10 07:00:00+02:00,,17.1,31.8345,32.56
2023-10-10 08:00:00+02:00,,17.6,32.247,33.2205
2023-10-10 09:00:00+02:00,,11.7,20.8945,20.9475
2023-10-10 10:00:00+02:00,,11.6,20.907,20.907
2023-10-10 11:00:00+02:00,,9.5,16.099,16.099
2023-10-10 12:00:00+02:00,,7.2,12.0105,12.0105
2023-10-10 13:00:00+02:00,,6.1,9.8755,9.8755
2023-10-10 14:00:00+02:00,,6.7,11.2005,11.2005
2023-10-10 15:00:00+02:00,,7.5,13.0295,13.0295
2023-10-10 16:00:00+02:00,,9.3,16.485,16.485
2023-10-10 17:00:00+02:00,,8.8,15.6695,15.6705
2023-10-10 18:00:00+02:00,,8.5,15.069,15.069
2023-10-10 19:00:00+02:00,,11.2,20.428,20.428
2023-10-10 20:00:00+02:00,,17.6,31.421,33.342
2023-10-10 21:00:00+02:00,,21.1,36.7965,40.318
2023-10-10 22:00:00+02:00,,19.0,34.253,36.239
2023-10-10 23:00:00+02:00,,15.0,28.385,28.5805
2023-10-11 00:00:00+02:00,,13.7,26.073,26.12
2023-10-11 01:00:00+02:00,,11.7,22.17,22.17
2023-10-11 02:00:00+02:00,,10.5,19.844,19.844
2023-10-11 03:00:00+02:00,,10.2,19.312,19.312
2023-10-11 04:00:00+02:00,,9.4,17.579,17.579
2023-10-11 05:00:00+02:00,,10.4,19.555,19.555
2023-10-11 06:00:00+02:00,,10.0,18.9055,18.9055
2023-10-11 07:00:00+02:00,,11.8,22.9565,22.9795
2023-10-11 08:00:00+02:00,,12.2,22.7135,22.7165
2023-10-11 09:00:00+02:00,,10.4,17.878,17.878
2023-10-11 10:00:00+02:00,,9.1,15.3865,15.3865
2023-10-11 11:00:00+02:00,,7.7,12.853,12.853
2023-10-11 12:00:00+02:00,,8.0,13.4275,13.4275
2023-10-11 13:00:00+02:00,,8.9,15.181,15.181
2023-10-11 14:00:00+02:00,,7.6,12.886,12.886
2023-10-11 15:00:00+02:00,,5.2,8.589,8.589
2023-10-11 16:00:00+02:00,,6.4,10.9255,10.9255
2023-10-11 17:00:00+02:00,,8.6,15.0445,15.0715
2023-10-11 18:00:00+02:00,,13.5,23.834,24.8115
2023-10-11 19:00:00+02:00,,19.0,33.245000000000005,35.788
2023-10-11 20:00:00+02:00,,19.9,35.236,37.896
2023-10-11 21:00:00+02:00,,18.1,32.89,34.372
2023-10-11 22:00:00+02:00,,14.7,27.372,27.494
2023-10-11 23:00:00+02:00,,12.2,22.687,22.736
2023-10-12 00:00:00+02:00,,10.9,20.104,20.104
2023-10-12 01:00:00+02:00,,14.5,26.8665,27.380000000000003
2023-10-12 02:00:00+02:00,,18.0,33.7735,35.0445
2023-10-12 03:00:00+02:00,,13.0,24.8215,25.0585
2023-10-12 04:00:00+02:00,,12.7,24.0375,24.112
2023-10-12 05:00:00+02:00,,14.4,27.576500000000003,27.6525
2023-10-12 06:00:00+02:00,,12.9,24.6795,24.694
2023-10-12 07:00:00+02:00,,13.5,26.1975,26.245
2023-10-12 08:00:00+02:00,,20.1,35.051500000000004,38.2165
2023-10-12 09:00:00+02:00,,10.6,18.384500000000003,18.399
2023-10-12 10:00:00+02:00,,8.4,14.15,14.1505
2023-10-12 11:00:00+02:00,,5.4,8.609,8.609
2023-10-12 12:00:00+02:00,,4.2,6.6075,6.6075
2023-10-12 13:00:00+02:00,,4.7,7.4695,7.4695
2023-10-12 14:00:00+02:00,,4.2,6.785,6.785
2023-10-12 15:00:00+02:00,,4.3,6.8975,6.8975
2023-10-12 16:00:00+02:00,,5.5,9.1535,9.1535
2023-10-12 17:00:00+02:00,,9.1,16.119500000000002,16.122500000000002
2023-10-12 18:00:00+02:00,,11.0,19.8495,19.85
2023-10-12 19:00:00+02:00,,14.7,26.8125,27.2085
2023-10-12 20:00:00+02:00,,13.8,25.493,25.6745
2023-10-12 21:00:00+02:00,,15.2,27.672,28.202
2023-10-12 22:00:00+02:00,,11.3,20.81,20.8145
2023-10-12 23:00:00+02:00,,8.6,15.3175,15.3175
2023-10-13 00:00:00+02:00,,7.7,13.776,13.776
2023-10-13 01:00:00+02:00,,6.8,11.9505,11.9505
2023-10-13 02:00:00+02:00,,7.1,12.793,12.793
2023-10-13 03:00:00+02:00,,7.3,13.2115,13.2115
2023-10-13 04:00:00+02:00,,8.9,16.328,16.328
2023-10-13 05:00:00+02:00,,7.5,13.49,13.49
2023-10-13 06:00:00+02:00,,8.8,16.055,16.173000000000002
2023-10-13 07:00:00+02:00,,10.8,20.569000000000003,20.631
2023-10-13 08:00:00+02:00,,13.1,24.7355,24.7835
2023-10-13 09:00:00+02:00,,10.6,18.3865,18.7345
2023-10-13 10:00:00+02:00,,7.9,13.0465,13.0465
2023-10-13 11:00:00+02:00,,6.3,10.116,10.116
2023-10-13 12:00:00+02:00,,5.5,8.6725,8.6725
2023-10-13 13:00:00+02:00,,6.0,9.6935,9.6935
2023-10-13 14:00:00+02:00,,7.7,12.9665,12.9665
2023-10-13 15:00:00+02:00,,6.9,11.6525,11.6525
2023-10-13 16:00:00+02:00,,6.3,10.521,10.521
2023-10-13 17:00:00+02:00,,10.8,18.9405,18.9405
2023-10-13 18:00:00+02:00,,15.8,28.6325,28.926
2023-10-13 19:00:00+02:00,,17.4,31.6305,32.7275
2023-10-13 20:00:00+02:00,,18.9,33.7955,35.685
2023-10-13 21:00:00+02:00,,18.2,32.713,34.2795
2023-10-13 22:00:00+02:00,,15.1,28.2555,28.5205
2023-10-13 23:00:00+02:00,,14.6,26.916,27.049
2023-10-14 00:00:00+02:00,,12.8,23.711,23.7355
2023-10-14 01:00:00+02:00,,11.1,20.4765,20.4765
2023-10-14 02:00:00+02:00,,10.2,18.943,18.943
2023-10-14 03:00:00+02:00,,11.1,20.9005,20.901000000000003
2023-10-14 04:00:00+02:00,,12.0,22.348,22.348
2023-10-14 05:00:00+02:00,,13.8,26.2865,26.3065
2023-10-14 06:00:00+02:00,,12.0,22.496,22.496
2023-10-14 07:00:00+02:00,,14.2,27.3415,27.4465
2023-10-14 08:00:00+02:00,,17.2,31.5985,33.1305
2023-10-14 09:00:00+02:00,,13.2,23.0605,23.152
2023-10-14 10:00:00+02:00,,8.4,13.835,13.835
2023-10-14 11:00:00+02:00,,5.1,7.8865,7.8865
2023-10-14 12:00:00+02:00,,4.7,7.114000000000001,7.114000000000001
2023-10-14 13:00:00+02:00,,4.4,6.874499999999999,6.874499999999999
2023-10-14 14:00:00+02:00,,5.7,9.1705,9.1705
2023-10-14 15:00:00+02:00,,6.6,10.6805,10.6805
2023-10-14 16:00:00+02:00,,7.3,12.2675,12.2675
2023-10-14 17:00:00+02:00,,11.6,20.2735,20.342
2023-10-14 18:00:00+02:00,,17.1,30.063,31.222
2023-10-14 19:00:00+02:00,,18.0,32.036500000000004,33.4825
2023-10-14 20:00:00+02:00,,16.1,29.352,29.906
2023-10-14 21:00:00+02:00,,15.7,28.7895,29.1835
2023-10-14 22:00:00+02:00,,15.5,28.398,28.803
2023-10-14 23:00:00+02:00,,14.6,26.761000000000003,27.0035
2023-10-15 00:00:00+02:00,,16.8,31.165,31.8215
2023-10-15 01:00:00+02:00,,12.4,22.6885,22.8475
2023-10-15 02:00:00+02:00,,10.2,18.832,18.832
2023-10-15 03:00:00+02:00,,8.0,14.2875,14.2875
2023-10-15 04:00:00+02:00,,10.9,19.707,19.707
2023-10-15 05:00:00+02:00,,9.1,16.346,16.346
2023-10-15 06:00:00+02:00,,9.0,16.032,16.032
2023-10-15 07:00:00+02:00,,8.5,15.031,15.031
2023-10-15 08:00:00+02:00,,5.3,8.878499999999999,8.878499999999999
2023-10-15 09:00:00+02:00,,3.9,6.5760000000000005,6.5760000000000005
2023-10-15 10:00:00+02:00,,5.7,10.643999999999998,10.643999999999998
2023-10-15 11:00:00+02:00,,4.7,8.1955,8.1985
2023-10-15 12:00:00+02:00,,4.4,7.653499999999999,7.653499999999999
2023-10-15 13:00:00+02:00,,4.6,7.9775,7.9775
2023-10-15 14:00:00+02:00,,3.0,4.7225,4.7225
2023-10-15 15:00:00+02:00,,3.6,5.851,5.851
2023-10-15 16:00:00+02:00,,3.3,5.142,5.142
2023-10-15 17:00:00+02:00,,3.1,4.9415,4.9415
2023-10-15 18:00:00+02:00,,3.4,5.557,5.557
2023-10-15 19:00:00+02:00,,7.7,14.057,14.057
2023-10-15 20:00:00+02:00,,7.9,14.5955,14.6115
2023-10-15 21:00:00+02:00,,7.9,14.568,14.568
2023-10-15 22:00:00+02:00,,7.8,14.345,14.345
2023-10-15 23:00:00+02:00,,8.3,15.2375,15.2375
2023-10-16 00:00:00+02:00,,8.8,16.265500000000003,16.265500000000003
2023-10-16 01:00:00+02:00,,8.5,15.4875,15.4875
2023-10-16 02:00:00+02:00,,5.2,8.8915,8.8915
2023-10-16 03:00:00+02:00,,8.8,15.635,15.666
2023-10-16 04:00:00+02:00,,8.5,13.6075,13.6075
2023-10-16 05:00:00+02:00,,6.0,9.25,9.25
2023-10-16 06:00:00+02:00,,10.1,15.5795,16.7125
2023-10-16 07:00:00+02:00,,14.9,25.0285,25.2835
2023-10-16 08:00:00+02:00,,17.2,28.4375,29.4225
2023-10-16 09:00:00+02:00,,18.8,30.8555,32.236000000000004
2023-10-16 10:00:00+02:00,,13.1,23.198,23.7845
2023-10-16 11:00:00+02:00,,4.9,8.136,8.136
2023-10-16 12:00:00+02:00,,2.1,2.936,2.936
2023-10-16 13:00:00+02:00,,1.2,1.197,1.1965
2023-10-16 14:00:00+02:00,,1.6,2.096,2.096
2023-10-16 15:00:00+02:00,,2.1,2.96,2.96
2023-10-16 16:00:00+02:00,,2.5,3.9535,3.9535
2023-10-16 17:00:00+02:00,,3.3,5.616,5.616
2023-10-16 18:00:00+02:00,,7.9,14.3815,14.7865
2023-10-16 19:00:00+02:00,,17.1,31.6215,33.561499999999995
2023-10-16 20:00:00+02:00,,23.9,41.8795,48.0005
2023-10-16 21:00:00+02:00,,31.3,49.681,63.699
2023-10-16 22:00:00+02:00,,25.4,43.337,51.1145
2023-10-16 23:00:00+02:00,,23.7,41.019000000000005,47.337500000000006
2023-10-17 00:00:00+02:00,,16.5,31.477000000000004,32.829
2023-10-17 01:00:00+02:00,,11.0,20.382,20.3845
2023-10-17 02:00:00+02:00,,10.6,17.826999999999998,17.826999999999998
2023-10-17 03:00:00+02:00,,11.0,18.315,18.357
2023-10-17 04:00:00+02:00,,8.8,14.3945,14.3945
2023-10-17 05:00:00+02:00,,10.9,17.968,18.1295
2023-10-17 06:00:00+02:00,,15.1,24.7625,25.783
2023-10-17 07:00:00+02:00,,14.7,24.9595,25.115
2023-10-17 08:00:00+02:00,,15.9,26.968,27.2635
2023-10-17 09:00:00+02:00,,15.9,30.381500000000003,30.9935
2023-10-17 10:00:00+02:00,,23.7,40.326,45.848
2023-10-17 11:00:00+02:00,,21.6,36.644,40.2295
2023-10-17 12:00:00+02:00,,17.8,30.6485,31.346
2023-10-17 13:00:00+02:00,,16.8,29.9365,30.3995
2023-10-17 14:00:00+02:00,,15.0,27.8945,28.039
2023-10-17 15:00:00+02:00,,12.3,23.113,23.1155
2023-10-17 16:00:00+02:00,,12.2,23.251,23.251
2023-10-17 17:00:00+02:00,,14.8,28.2585,28.4555
2023-10-17 18:00:00+02:00,,25.9,43.928,52.494
2023-10-17 19:00:00+02:00,,57.0,77.5295,116.625
2023-10-17 20:00:00+02:00,,49.4,68.09899999999999,101.0455
2023-10-17 21:00:00+02:00,,46.6,63.268,94.149
2023-10-17 22:00:00+02:00,,39.5,56.7795,79.853
2023-10-17 23:00:00+02:00,,35.1,52.9865,71.1015
2023-10-18 00:00:00+02:00,,27.6,45.2315,54.4095
2023-10-18 01:00:00+02:00,,22.8,41.144000000000005,45.8915
2023-10-18 02:00:00+02:00,,22.9,41.1705,46.0925
2023-10-18 03:00:00+02:00,,25.9,44.611,52.608
2023-10-18 04:00:00+02:00,,21.8,35.804500000000004,39.401
2023-10-18 05:00:00+02:00,,23.5,36.056,40.719
2023-10-18 06:00:00+02:00,,36.3,47.1215,64.331
2023-10-18 07:00:00+02:00,,36.2,46.944500000000005,63.963
2023-10-18 08:00:00+02:00,,29.9,47.354,59.3665
2023-10-18 09:00:00+02:00,,28.7,45.703,56.116
2023-10-18 10:00:00+02:00,,26.2,40.814,48.213
2023-10-18 11:00:00+02:00,,23.1,36.4065,40.89
2023-10-18 12:00:00+02:00,,16.8,28.1315,28.4645
2023-10-18 13:00:00+02:00,,17.0,29.6175,30.0375
2023-10-18 14:00:00+02:00,,20.3,35.6815,38.244
2023-10-18 15:00:00+02:00,,22.3,38.338,42.48650000000001
2023-10-18 16:00:00+02:00,,27.7,44.584500000000006,53.923
2023-10-18 17:00:00+02:00,,33.6,49.881,65.6375
2023-10-18 18:00:00+02:00,,55.1,72.1675,109.0045
2023-10-18 19:00:00+02:00,,60.2,78.9555,119.7625
2023-10-18 20:00:00+02:00,,54.0,71.00649999999999,107.841
2023-10-18 21:00:00+02:00,,73.4,97.218,147.2505
2023-10-18 22:00:00+02:00,,65.8,86.908,131.74
2023-10-18 23:00:00+02:00,,70.6,93.3355,141.3845
2023-10-19 00:00:00+02:00,,75.8,100.371,151.922
2023-10-19 01:00:00+02:00,,72.5,96.255,145.74
2023-10-19 02:00:00+02:00,,69.8,93.41,141.5555
2023-10-19 03:00:00+02:00,,66.3,88.48949999999999,134.188
2023-10-19 04:00:00+02:00,,57.3,76.533,116.203
2023-10-19 05:00:00+02:00,,59.2,78.725,119.4285
2023-10-19 06:00:00+02:00,,58.6,77.48349999999999,117.5625
2023-10-19 07:00:00+02:00,,50.4,67.2585,101.5175
2023-10-19 08:00:00+02:00,,45.6,67.209,100.2525
2023-10-19 09:00:00+02:00,,44.4,60.164,89.398
2023-10-19 10:00:00+02:00,,20.2,32.9045,37.7425
2023-10-19 11:00:00+02:00,,4.6,7.340999999999999,7.340999999999999
2023-10-19 12:00:00+02:00,,3.4,4.987,4.987
2023-10-19 13:00:00+02:00,,3.3,5.000500000000001,5.000500000000001
2023-10-19 14:00:00+02:00,,4.2,6.7875,6.7875
2023-10-19 15:00:00+02:00,,5.5,9.102,9.102
2023-10-19 16:00:00+02:00,,6.2,10.512,10.512
2023-10-19 17:00:00+02:00,,5.8,9.898,9.898
2023-10-19 18:00:00+02:00,,5.9,10.0925,10.0925
2023-10-19 19:00:00+02:00,,7.2,12.439,12.439
2023-10-19 20:00:00+02:00,,11.1,19.7585,20.104
2023-10-19 21:00:00+02:00,,9.5,16.752000000000002,16.804000000000002
2023-10-19 22:00:00+02:00,,9.0,15.883,15.883
2023-10-19 23:00:00+02:00,,7.0,12.066,12.066
2023-10-20 00:00:00+02:00,,6.0,10.069,10.069
2023-10-20 01:00:00+02:00,,5.5,8.9515,8.9515
2023-10-20 02:00:00+02:00,,5.4,8.704,8.704
2023-10-20 03:00:00+02:00,,5.3,8.6865,8.6865
2023-10-20 04:00:00+02:00,,5.1,8.368500000000001,8.368500000000001
2023-10-20 05:00:00+02:00,,5.0,8.152,8.152
2023-10-20 06:00:00+02:00,,5.7,9.419,9.419
2023-10-20 07:00:00+02:00,,5.1,8.302,8.302
2023-10-20 08:00:00+02:00,,5.1,8.3385,8.3385
2023-10-20 09:00:00+02:00,,5.0,8.125,8.125
2023-10-20 10:00:00+02:00,,5.1,8.2685,8.2685
2023-10-20 11:00:00+02:00,,5.3,8.506499999999999,8.506499999999999
2023-10-20 12:00:00+02:00,,5.5,8.912500000000001,8.912500000000001
2023-10-20 13:00:00+02:00,,5.8,9.362,9.362
2023-10-20 14:00:00+02:00,,4.9,7.861000000000001,7.861000000000001
2023-10-20 15:00:00+02:00,,4.7,7.4805,7.4805
2023-10-20 16:00:00+02:00,,4.9,7.936,7.936
2023-10-20 17:00:00+02:00,,4.9,7.853499999999999,7.853499999999999
2023-10-20 18:00:00+02:00,,5.2,8.5245,8.5245
2023-10-20 19:00:00+02:00,,5.1,8.3275,8.3275
2023-10-20 20:00:00+02:00,,5.4,8.7255,8.7255
2023-10-20 21:00:00+02:00,,4.7,7.5585,7.5585
2023-10-20 22:00:00+02:00,,4.5,7.1375,7.1375
2023-10-20 23:00:00+02:00,,3.8,5.9535,5.9535
2023-10-21 00:00:00+02:00,,4.5,7.131,7.131
2023-10-21 01:00:00+02:00,,4.2,6.6415,6.6415
2023-10-21 02:00:00+02:00,,4.1,6.4975000000000005,6.4975000000000005
2023-10-21 03:00:00+02:00,,4.0,6.52,6.52
2023-10-21 04:00:00+02:00,,4.2,6.5625,6.5625
2023-10-21 05:00:00+02:00,,4.2,6.8745,6.8745
2023-10-21 06:00:00+02:00,,3.8,6.0735,6.0735
2023-10-21 07:00:00+02:00,,2.9,4.3755,4.3755
2023-10-21 08:00:00+02:00,,3.9,6.3260000000000005,6.3260000000000005
2023-10-21 09:00:00+02:00,,4.9,8.3805,8.3805
2023-10-21 10:00:00+02:00,,5.4,8.971499999999999,8.971499999999999
2023-10-21 11:00:00+02:00,,6.7,11.6215,11.6215
2023-10-21 12:00:00+02:00,,8.4,15.040500000000002,15.040500000000002
2023-10-21 13:00:00+02:00,,10.4,18.9445,18.945
2023-10-21 14:00:00+02:00,,6.8,11.8135,11.8135
2023-10-21 15:00:00+02:00,,10.2,18.546,18.5465
2023-10-21 16:00:00+02:00,,8.3,15.025,15.1465
2023-10-21 17:00:00+02:00,,5.3,9.1745,9.1745
2023-10-21 18:00:00+02:00,,6.5,11.3555,11.3555
2023-10-21 19:00:00+02:00,,8.9,15.932,15.933
2023-10-21 20:00:00+02:00,,11.2,20.436,20.491
2023-10-21 21:00:00+02:00,,10.4,18.7895,18.866
2023-10-21 22:00:00+02:00,,8.0,14.142,14.197500000000002
2023-10-21 23:00:00+02:00,,8.1,14.412,14.412
2023-10-22 00:00:00+02:00,,2.7,4.052,4.052
2023-10-22 01:00:00+02:00,,1.7,2.0,2.0
2023-10-22 02:00:00+02:00,,1.3,1.4515,1.4515
2023-10-22 03:00:00+02:00,,1.9,2.5335,2.5335
2023-10-22 04:00:00+02:00,,1.7,2.321,2.321
2023-10-22 05:00:00+02:00,,2.5,3.8355,3.8355
2023-10-22 06:00:00+02:00,,4.5,7.8685,7.8685
2023-10-22 07:00:00+02:00,,5.8,10.5345,10.5345
2023-10-22 08:00:00+02:00,,7.9,14.565,14.565
2023-10-22 09:00:00+02:00,,11.7,21.745,21.8165
2023-10-22 10:00:00+02:00,,8.2,13.8345,13.8345
2023-10-22 11:00:00+02:00,,2.5,3.5775,3.5775
2023-10-22 12:00:00+02:00,,1.8,2.283,2.283
2023-10-22 13:00:00+02:00,,4.1,6.6825,6.6825
2023-10-22 14:00:00+02:00,,4.6,7.543,7.543
2023-10-22 15:00:00+02:00,,3.8,6.1530000000000005,6.1530000000000005
2023-10-22 16:00:00+02:00,,7.7,13.6635,13.7
2023-10-22 17:00:00+02:00,,9.0,16.025,16.025
2023-10-22 18:00:00+02:00,,11.0,19.9495,20.199
2023-10-22 19:00:00+02:00,,16.1,27.739,30.471
2023-10-22 20:00:00+02:00,,9.7,17.546999999999997,17.546999999999997
2023-10-22 21:00:00+02:00,,8.0,14.2435,14.2435
2023-10-22 22:00:00+02:00,,9.2,16.744500000000002,16.744500000000002
2023-10-22 23:00:00+02:00,,9.9,18.167,18.167
2023-10-23 00:00:00+02:00,,6.4,11.2905,11.2905
2023-10-23 01:00:00+02:00,,6.9,12.062,12.062
2023-10-23 02:00:00+02:00,,4.9,8.456,8.456
2023-10-23 03:00:00+02:00,,9.5,17.2775,17.2795
2023-10-23 04:00:00+02:00,,12.7,23.588500000000003,23.5935
2023-10-23 05:00:00+02:00,,5.6,9.8405,9.8405
2023-10-23 06:00:00+02:00,,6.8,12.21,12.21
2023-10-23 07:00:00+02:00,,9.8,18.4555,18.4555
2023-10-23 08:00:00+02:00,,7.9,14.499,14.499
2023-10-23 09:00:00+02:00,,6.6,11.2235,11.2235
2023-10-23 10:00:00+02:00,,5.6,9.115,9.115
2023-10-23 11:00:00+02:00,,4.1,6.4215,6.4215
2023-10-23 12:00:00+02:00,,3.2,4.7485,4.7485
2023-10-23 13:00:00+02:00,,3.3,5.117,5.117
2023-10-23 14:00:00+02:00,,3.5,5.5495,5.5495
2023-10-23 15:00:00+02:00,,4.0,6.3605,6.3605
2023-10-23 16:00:00+02:00,,4.0,6.3575,6.3635
2023-10-23 17:00:00+02:00,,5.7,9.835,9.835
2023-10-23 18:00:00+02:00,,10.0,18.076,18.076
2023-10-23 19:00:00+02:00,,14.8,26.7415,27.663
2023-10-23 20:00:00+02:00,,18.9,33.641,35.918
2023-10-23 21:00:00+02:00,,16.8,30.2595,31.7695
2023-10-23 22:00:00+02:00,,30.1,46.557500000000005,58.2505
2023-10-23 23:00:00+02:00,,24.5,41.011,47.44
2023-10-24 00:00:00+02:00,,18.3,33.602000000000004,34.9815
2023-10-24 01:00:00+02:00,,15.6,29.3005,29.578
2023-10-24 02:00:00+02:00,,17.3,32.3315,33.2535
2023-10-24 03:00:00+02:00,,14.8,28.331,28.6035
2023-10-24 04:00:00+02:00,,10.7,20.138,20.1465
2023-10-24 05:00:00+02:00,,8.4,15.706499999999998,15.707999999999998
2023-10-24 06:00:00+02:00,,9.4,17.3395,17.3395
2023-10-24 07:00:00+02:00,,9.7,18.502,18.502
2023-10-24 08:00:00+02:00,,10.4,19.626,19.6265
2023-10-24 09:00:00+02:00,,14.1,26.7875,26.8335
2023-10-24 10:00:00+02:00,,11.1,19.8255,19.8565
2023-10-24 11:00:00+02:00,,13.8,24.7695,25.062
2023-10-24 12:00:00+02:00,,15.0,27.29,27.4125
2023-10-24 13:00:00+02:00,,11.9,21.671,21.6765
2023-10-24 14:00:00+02:00,,13.0,23.6145,23.6295
2023-10-24 15:00:00+02:00,,12.3,22.255000000000003,22.268500000000003
2023-10-24 16:00:00+02:00,,11.9,21.7085,21.715
2023-10-24 17:00:00+02:00,,9.5,17.15,17.282
2023-10-24 18:00:00+02:00,,3.0,4.571,4.571
2023-10-24 19:00:00+02:00,,4.2,6.8845,6.8845
2023-10-24 20:00:00+02:00,,5.8,10.036,10.036
2023-10-24 21:00:00+02:00,,3.3,5.2295,5.2295
2023-10-24 22:00:00+02:00,,2.1,2.872,2.872
2023-10-24 23:00:00+02:00,,1.6,1.9405,1.9405
2023-10-25 00:00:00+02:00,,1.4,1.504,1.504
2023-10-25 01:00:00+02:00,,0.4,0.0925,0.0925
2023-10-25 02:00:00+02:00,,0.5,0.1365,0.1365
2023-10-25 03:00:00+02:00,,0.4,0.066,0.066
2023-10-25 04:00:00+02:00,,0.4,0.0455,0.0455
2023-10-25 05:00:00+02:00,,0.4,0.0705,0.0705
2023-10-25 06:00:00+02:00,,0.5,0.111,0.111
2023-10-25 07:00:00+02:00,,1.2,1.2785,1.2785
2023-10-25 08:00:00+02:00,,1.6,2.0135,2.0135
2023-10-25 09:00:00+02:00,,1.2,1.121,1.121
2023-10-25 10:00:00+02:00,,0.9,0.7869999999999999,0.7869999999999999
2023-10-25 11:00:00+02:00,,1.1,0.9515,0.9515
2023-10-25 12:00:00+02:00,,1.1,1.0145,1.0145
2023-10-25 13:00:00+02:00,,1.2,1.0935,1.0935
2023-10-25 14:00:00+02:00,,1.2,1.241,1.241
2023-10-25 15:00:00+02:00,,1.2,1.384,1.384
2023-10-25 16:00:00+02:00,,1.6,2.0185,2.0185
2023-10-25 17:00:00+02:00,,3.7,5.7985,5.7985
2023-10-25 18:00:00+02:00,,2.8,4.199999999999999,4.199999999999999
2023-10-25 19:00:00+02:00,,2.4,3.3555,3.3555
2023-10-25 20:00:00+02:00,,2.8,4.2925,4.2925
2023-10-25 21:00:00+02:00,,4.1,6.5835,6.5835
2023-10-25 22:00:00+02:00,,4.5,7.7195,7.7195
2023-10-25 23:00:00+02:00,,3.4,5.6275,5.6275
2023-10-26 00:00:00+02:00,,1.4,1.58,1.58
2023-10-26 01:00:00+02:00,,0.8,0.5295000000000001,0.5295000000000001
2023-10-26 02:00:00+02:00,,0.6,0.305,0.305
2023-10-26 03:00:00+02:00,,0.7,0.277,0.277
2023-10-26 04:00:00+02:00,,0.7,0.3349999999999999,0.3349999999999999
2023-10-26 05:00:00+02:00,,0.6,0.262,0.262
2023-10-26 06:00:00+02:00,,0.6,0.2575,0.2575
2023-10-26 07:00:00+02:00,,1.1,1.024,1.024
2023-10-26 08:00:00+02:00,,1.7,2.2115,2.2115
2023-10-26 09:00:00+02:00,,1.4,1.4725,1.4725
2023-10-26 10:00:00+02:00,,1.3,1.1835,1.1835
2023-10-26 11:00:00+02:00,,1.0,0.823,0.823
2023-10-26 12:00:00+02:00,,1.1,0.9935,0.9935
2023-10-26 13:00:00+02:00,,1.1,1.104,1.104
2023-10-26 14:00:00+02:00,,1.0,0.984,0.984
2023-10-26 15:00:00+02:00,,1.2,1.2835,1.2835
2023-10-26 16:00:00+02:00,,1.5,1.7995,1.7995
2023-10-26 17:00:00+02:00,,1.9,2.504,2.504
2023-10-26 18:00:00+02:00,,2.3,3.2035,3.2035
2023-10-26 19:00:00+02:00,,2.3,3.2465,3.2465
2023-10-26 20:00:00+02:00,,1.6,1.9135,1.9135
2023-10-26 21:00:00+02:00,,2.5,3.495,3.495
2023-10-26 22:00:00+02:00,,1.8,2.3985,2.3985
2023-10-26 23:00:00+02:00,,0.7,0.4525,0.4525
2023-10-27 00:00:00+02:00,,0.5,0.1355,0.1355
2023-10-27 01:00:00+02:00,,0.6,0.274,0.274
2023-10-27 02:00:00+02:00,,0.9,0.6575,0.6575
2023-10-27 03:00:00+02:00,,0.8,0.501,0.501
2023-10-27 04:00:00+02:00,,0.7,0.304,0.304
2023-10-27 05:00:00+02:00,,0.7,0.4075,0.4075
2023-10-27 06:00:00+02:00,,0.8,0.5665,0.5665
2023-10-27 07:00:00+02:00,,0.9,0.6779999999999999,0.6779999999999999
2023-10-27 08:00:00+02:00,,0.9,0.8325,0.8325
2023-10-27 09:00:00+02:00,,1.0,0.9255,0.9255
2023-10-27 10:00:00+02:00,,1.1,1.098,1.098
2023-10-27 11:00:00+02:00,,1.0,0.8694999999999999,0.87
2023-10-27 12:00:00+02:00,,1.1,1.0779999999999998,1.0779999999999998
2023-10-27 13:00:00+02:00,,1.3,1.482,1.482
2023-10-27 14:00:00+02:00,,1.8,2.223,2.223
2023-10-27 15:00:00+02:00,,1.7,2.134,2.134
2023-10-27 16:00:00+02:00,,1.5,1.88,1.88
2023-10-27 17:00:00+02:00,,1.4,1.7035,1.7035
2023-10-27 18:00:00+02:00,,2.0,2.731,2.731
2023-10-27 19:00:00+02:00,,2.0,2.673,2.673
2023-10-27 20:00:00+02:00,,4.2,6.948,6.948
2023-10-27 21:00:00+02:00,,10.0,18.4255,18.426
2023-10-27 22:00:00+02:00,,7.3,13.187,13.187
2023-10-27 23:00:00+02:00,,9.0,16.631999999999998,16.73
2023-10-28 00:00:00+02:00,,10.9,20.721,20.7815
2023-10-28 01:00:00+02:00,,11.9,22.5565,22.5945
2023-10-28 02:00:00+02:00,,6.7,12.311,12.311
2023-10-28 03:00:00+02:00,,4.6,7.8315,7.8315
2023-10-28 04:00:00+02:00,,4.0,6.754,6.754
2023-10-28 05:00:00+02:00,,3.3,5.4135,5.4135
2023-10-28 06:00:00+02:00,,7.5,13.9255,13.9255
2023-10-28 07:00:00+02:00,,6.6,12.15,12.15
2023-10-28 08:00:00+02:00,,6.8,12.9485,12.9485
2023-10-28 09:00:00+02:00,,10.1,18.313,18.313
2023-10-28 10:00:00+02:00,,11.0,18.752,18.752
2023-10-28 11:00:00+02:00,,8.7,14.571000000000002,14.5905
2023-10-28 12:00:00+02:00,,5.1,8.0445,8.0445
2023-10-28 13:00:00+02:00,,2.1,2.7455,2.7455
2023-10-28 14:00:00+02:00,,2.0,2.609,2.609
2023-10-28 15:00:00+02:00,,2.9,4.21,4.2485
2023-10-28 16:00:00+02:00,,2.3,3.21,3.21
2023-10-28 17:00:00+02:00,,2.4,3.3335,3.3335
2023-10-28 18:00:00+02:00,,2.5,3.551,3.551
2023-10-28 19:00:00+02:00,,3.8,5.9825,5.9825
2023-10-28 20:00:00+02:00,,2.6,3.8795,3.8795
2023-10-28 21:00:00+02:00,,2.6,3.803,3.803
2023-10-28 22:00:00+02:00,,3.4,5.389,5.391
2023-10-28 23:00:00+02:00,,5.1,8.818999999999999,8.818999999999999
2023-10-29 00:00:00+02:00,,5.6,9.884,9.884
2023-10-29 01:00:00+02:00,,10.8,19.3185,20.551
2023-10-29 02:00:00+02:00,,5.2,9.268,9.268
2023-10-29 03:00:00+02:00,,3.1,4.8615,4.8615
2023-10-29 04:00:00+02:00,,3.3,5.374,5.374
2023-10-29 05:00:00+02:00,,4.6,8.322,8.322
2023-10-29 06:00:00+02:00,,3.5,6.524,6.524
2023-10-29 07:00:00+02:00,,5.4,10.934,10.9345
2023-10-29 08:00:00+02:00,,8.8,18.062,18.0635
2023-10-29 09:00:00+02:00,,8.6,14.997,14.997
2023-10-29 10:00:00+02:00,,5.4,8.835,8.835
2023-10-29 11:00:00+02:00,,1.4,1.4655,1.4655
2023-10-29 12:00:00+02:00,,1.2,1.101,1.101
2023-10-29 13:00:00+02:00,,1.2,1.153,1.153
2023-10-29 14:00:00+02:00,,1.3,1.4045,1.4045
2023-10-29 15:00:00+02:00,,2.0,2.7015,2.7015
2023-10-29 16:00:00+02:00,,1.7,2.1995,2.1995
2023-10-29 17:00:00+02:00,,2.1,3.008,3.008
2023-10-29 18:00:00+02:00,,6.7,11.7265,11.771
2023-10-29 19:00:00+02:00,,11.8,21.784,21.9695
2023-10-29 20:00:00+02:00,,10.6,19.4655,19.5115
2023-10-29 21:00:00+02:00,,5.4,9.172,9.172
2023-10-29 22:00:00+02:00,,2.6,3.73,3.73
2023-10-29 23:00:00+02:00,,1.9,2.5405,2.5405
2023-10-30 00:00:00+02:00,,2.5,3.675,3.675
2023-10-30 01:00:00+02:00,,3.5,5.7795000000000005,5.7795000000000005
2023-10-30 02:00:00+02:00,,4.1,7.0595,7.0595
2023-10-30 03:00:00+02:00,,4.4,7.6695,7.6695
2023-10-30 04:00:00+02:00,,4.3,7.669,7.669
2023-10-30 05:00:00+02:00,,4.7,8.318999999999999,8.318999999999999
2023-10-30 06:00:00+02:00,,6.7,12.286,12.286
2023-10-30 07:00:00+02:00,,9.0,16.9345,17.063499999999998
2023-10-30 08:00:00+02:00,,13.0,24.558,24.775
2023-10-30 09:00:00+02:00,,9.8,17.5855,17.5855
2023-10-30 10:00:00+02:00,,4.9,8.143,8.143
2023-10-30 11:00:00+02:00,,2.5,3.5415,3.5415
2023-10-30 12:00:00+02:00,,2.3,3.1145,3.1145
2023-10-30 13:00:00+02:00,,2.4,3.452,3.452
2023-10-30 14:00:00+02:00,,3.1,4.7105,4.7105
2023-10-30 15:00:00+02:00,,3.8,6.036,6.036
2023-10-30 16:00:00+02:00,,6.4,10.966,10.966
2023-10-30 17:00:00+02:00,,2.9,4.4245,4.4245
2023-10-30 18:00:00+02:00,,2.4,3.488,3.488
2023-10-30 19:00:00+02:00,,2.4,3.386,3.386
2023-10-30 20:00:00+02:00,,3.9,6.3375,6.3375
2023-10-30 21:00:00+02:00,,2.3,3.1745,3.1745
2023-10-30 22:00:00+02:00,,1.2,1.2655,1.2655
2023-10-30 23:00:00+02:00,,0.9,0.7244999999999999,0.7244999999999999
2023-10-31 00:00:00+02:00,,0.7,0.3885,0.3885
2023-10-31 01:00:00+02:00,,0.7,0.292,0.292
2023-10-31 02:00:00+02:00,,0.6,0.164,0.164
2023-10-31 03:00:00+02:00,,0.6,0.2415,0.2415
2023-10-31 04:00:00+02:00,,0.9,0.815,0.815
2023-10-31 05:00:00+02:00,,1.4,1.625,1.5695
2023-10-31 06:00:00+02:00,,1.5,1.692,1.692
2023-10-31 07:00:00+02:00,,1.8,2.24,2.24
2023-10-31 08:00:00+02:00,,3.0,4.5105,4.5105
2023-10-31 09:00:00+02:00,,4.5,7.499,7.499
2023-10-31 10:00:00+02:00,,7.2,12.9805,12.9805
2023-10-31 11:00:00+02:00,,9.8,17.334,17.335
2023-10-31 12:00:00+02:00,,4.5,7.2705,7.2705
2023-10-31 13:00:00+02:00,,3.8,6.072,6.072
2023-10-31 14:00:00+02:00,,3.1,4.7585,4.7585
2023-10-31 15:00:00+02:00,,2.4,3.4865,3.4865
2023-10-31 16:00:00+02:00,,2.1,2.8325,2.8325
2023-10-31 17:00:00+02:00,,1.6,1.8375,1.8375
2023-10-31 18:00:00+02:00,,2.4,3.4485,3.4485
2023-10-31 19:00:00+02:00,,4.2,6.9695,6.9695
2023-10-31 20:00:00+02:00,,4.4,7.4295,7.4295
2023-10-31 21:00:00+02:00,,5.0,8.597999999999999,8.597999999999999
2023-10-31 22:00:00+02:00,,7.1,12.9435,12.9435
2023-10-31 23:00:00+02:00,,2.6,3.801,3.801
2023-11-01 00:00:00+02:00,,1.2,1.1945,1.1945
2023-11-01 01:00:00+02:00,,1.4,1.482,1.482
2023-11-01 02:00:00+02:00,,0.9,0.726,0.726
2023-11-01 03:00:00+02:00,,1.7,2.253,2.253
2023-11-01 04:00:00+02:00,,1.7,1.965,1.965
2023-11-01 05:00:00+02:00,,1.0,0.7965,0.7965
2023-11-01 06:00:00+02:00,,3.1,5.014,5.014
2023-11-01 07:00:00+02:00,,2.9,4.4595,4.4595
2023-11-01 08:00:00+02:00,,7.8,15.13,15.13
2023-11-01 09:00:00+02:00,,7.8,13.6765,13.6765
2023-11-01 10:00:00+02:00,,6.5,11.161,11.161
2023-11-01 11:00:00+02:00,,5.2,8.588,8.588
2023-11-01 12:00:00+02:00,,4.3,6.883,6.883
2023-11-01 13:00:00+02:00,,2.9,4.2175,4.2175
2023-11-01 14:00:00+02:00,,2.0,2.721,2.721
2023-11-01 15:00:00+02:00,,2.7,4.02,4.02
2023-11-01 16:00:00+02:00,,5.3,9.252,9.252
2023-11-01 17:00:00+02:00,,12.8,23.701,24.088
2023-11-01 18:00:00+02:00,,21.9,37.2075,42.377
2023-11-01 19:00:00+01:00,,22.9,39.689,45.0
2023-11-01 20:00:00+01:00,,19.9,35.7145,38.811
2023-11-01 21:00:00+01:00,,17.0,31.773,33.1935
2023-11-01 22:00:00+01:00,,14.0,26.809,26.951
2023-11-01 23:00:00+01:00,,17.8,32.453,35.169
2023-11-02 00:00:00+01:00,,14.3,26.6095,27.9685
2023-11-02 01:00:00+01:00,,12.7,24.154,24.339
2023-11-02 02:00:00+01:00,,9.3,17.5695,17.5905
2023-11-02 03:00:00+01:00,,1.2,1.191,1.191
2023-11-02 04:00:00+01:00,,0.8,0.6000000000000001,0.6000000000000001
2023-11-02 05:00:00+01:00,,0.7,0.375,0.375
2023-11-02 06:00:00+01:00,,4.8,8.5745,8.5745
2023-11-02 07:00:00+01:00,,9.4,17.6085,17.6085
2023-11-02 08:00:00+01:00,,5.6,9.425,9.425
2023-11-02 09:00:00+01:00,,1.8,2.2935,2.2935
2023-11-02 10:00:00+01:00,,1.7,1.9215,1.9215
2023-11-02 11:00:00+01:00,,1.5,1.564,1.564
2023-11-02 12:00:00+01:00,,1.1,1.035,1.035
2023-11-02 13:00:00+01:00,,1.3,1.359,1.359
2023-11-02 14:00:00+01:00,,1.4,1.544,1.544
2023-11-02 15:00:00+01:00,,1.2,1.271,1.271
2023-11-02 16:00:00+01:00,,2.1,2.9145,2.9145
2023-11-02 17:00:00+01:00,,2.7,3.871,3.871
2023-11-02 18:00:00+01:00,,1.4,1.621,1.621
2023-11-02 19:00:00+01:00,,1.1,0.9385,0.9385
2023-11-02 20:00:00+01:00,,0.8,0.5875,0.5875
2023-11-02 21:00:00+01:00,,1.4,1.471,1.471
2023-11-02 22:00:00+01:00,,0.8,0.5725,0.5725
2023-11-02 23:00:00+01:00,,0.4,0.0455,0.0455
2023-11-03 00:00:00+01:00,,0.4,0.0575,0.0575
2023-11-03 01:00:00+01:00,,0.6,0.2775,0.2775
2023-11-03 02:00:00+01:00,,0.7,0.357,0.357
2023-11-03 03:00:00+01:00,,0.9,0.7495,0.7495
2023-11-03 04:00:00+01:00,,1.0,0.972,0.972
2023-11-03 05:00:00+01:00,,1.2,1.3215,1.3215
2023-11-03 06:00:00+01:00,,0.7,0.451,0.451
2023-11-03 07:00:00+01:00,,0.7,0.4155,0.4155
2023-11-03 08:00:00+01:00,,1.3,1.3355,1.3355
2023-11-03 09:00:00+01:00,,5.1,9.044,9.055
2023-11-03 10:00:00+01:00,,5.1,8.818999999999999,8.818999999999999
2023-11-03 11:00:00+01:00,,3.7,5.9785,5.9785
2023-11-03 12:00:00+01:00,,1.9,2.5665,2.5665
2023-11-03 13:00:00+01:00,,2.2,3.053,3.053
2023-11-03 14:00:00+01:00,,2.9,4.422,4.422
2023-11-03 15:00:00+01:00,,1.5,1.6565,1.6565
2023-11-03 16:00:00+01:00,,1.9,2.403,2.403
2023-11-03 17:00:00+01:00,,6.6,11.4375,11.5415
2023-11-03 18:00:00+01:00,,4.7,8.029,8.029
2023-11-03 19:00:00+01:00,,4.0,6.6690000000000005,6.6690000000000005
2023-11-03 20:00:00+01:00,,3.9,6.3495,6.3495
2023-11-03 21:00:00+01:00,,2.9,4.3995,4.4025
2023-11-03 22:00:00+01:00,,7.2,13.2565,13.2575
2023-11-03 23:00:00+01:00,,14.5,27.823,28.06
2023-11-04 00:00:00+01:00,,20.0,36.167,39.715
2023-11-04 01:00:00+01:00,,10.2,19.1165,19.445500000000003
2023-11-04 02:00:00+01:00,,0.5,0.1565,0.1565
2023-11-04 03:00:00+01:00,,0.6,0.1655,0.1655
2023-11-04 04:00:00+01:00,,1.6,2.123,2.123
2023-11-04 05:00:00+01:00,,1.4,1.7494999999999998,1.7625
2023-11-04 06:00:00+01:00,,2.8,4.6025,4.6025
2023-11-04 07:00:00+01:00,,6.9,12.7955,12.809
2023-11-04 08:00:00+01:00,,6.0,11.1355,11.1355
2023-11-04 09:00:00+01:00,,4.9,8.2645,8.2645
2023-11-04 10:00:00+01:00,,4.9,7.8185,7.8185
2023-11-04 11:00:00+01:00,,2.1,2.8105,2.8105
2023-11-04 12:00:00+01:00,,2.0,2.5415,2.5415
2023-11-04 13:00:00+01:00,,3.0,4.614,4.614
2023-11-04 14:00:00+01:00,,3.2,4.9645,4.9645
2023-11-04 15:00:00+01:00,,4.3,7.102,7.102
2023-11-04 16:00:00+01:00,,10.9,20.3315,20.546
2023-11-04 17:00:00+01:00,,19.0,34.6235,37.3295
2023-11-04 18:00:00+01:00,,14.4,27.5625,27.9855
2023-11-04 19:00:00+01:00,,8.8,16.7435,16.745
2023-11-04 20:00:00+01:00,,6.3,11.445,11.4475
2023-11-04 21:00:00+01:00,,2.8,4.402,4.402
2023-11-04 22:00:00+01:00,,1.6,1.951,1.951
2023-11-04 23:00:00+01:00,,0.9,0.7190000000000001,0.7190000000000001
2023-11-05 00:00:00+01:00,,0.7,0.3795,0.3795
2023-11-05 01:00:00+01:00,,0.5,0.1164999999999999,0.1164999999999999
2023-11-05 02:00:00+01:00,,0.5,0.203,0.203
2023-11-05 03:00:00+01:00,,0.4,0.096,0.096
2023-11-05 04:00:00+01:00,,0.4,0.0885,0.0885
2023-11-05 05:00:00+01:00,,0.3,0.024,0.024
2023-11-05 06:00:00+01:00,,0.1,0.003,0.003
2023-11-05 07:00:00+01:00,,0.3,0.0345,0.0345
2023-11-05 08:00:00+01:00,,0.2,0.013,0.013
2023-11-05 09:00:00+01:00,,0.4,0.2105,0.2105
2023-11-05 10:00:00+01:00,,0.7,0.3125,0.3125
2023-11-05 11:00:00+01:00,,1.1,1.056,1.056
2023-11-05 12:00:00+01:00,,0.9,0.69,0.69
2023-11-05 13:00:00+01:00,,0.8,0.547,0.547
2023-11-05 14:00:00+01:00,,0.9,0.8375,0.8375
2023-11-05 15:00:00+01:00,,1.1,1.1155,1.1155
2023-11-05 16:00:00+01:00,,2.1,2.7510000000000003,2.7510000000000003
2023-11-05 17:00:00+01:00,,2.5,3.564,3.564
2023-11-05 18:00:00+01:00,,3.3,5.1845,5.1845
2023-11-05 19:00:00+01:00,,3.3,5.147,5.147
2023-11-05 20:00:00+01:00,,1.7,1.9935,1.9935
2023-11-05 21:00:00+01:00,,1.5,1.6825,1.6825
2023-11-05 22:00:00+01:00,,0.9,0.6154999999999999,0.6154999999999999
2023-11-05 23:00:00+01:00,,0.7,0.385,0.385
2023-11-06 00:00:00+01:00,,0.7,0.3415,0.3415
2023-11-06 01:00:00+01:00,,0.7,0.358,0.358
2023-11-06 02:00:00+01:00,,0.6,0.3175,0.3165
2023-11-06 03:00:00+01:00,,1.2,1.211,1.2115
2023-11-06 04:00:00+01:00,,2.8,4.2015,4.2015
2023-11-06 05:00:00+01:00,,2.9,4.591,4.591
2023-11-06 06:00:00+01:00,,5.5,9.7925,9.7925
2023-11-06 07:00:00+01:00,,16.4,31.7225,32.4845
2023-11-06 08:00:00+01:00,,16.0,28.7775,29.1345
2023-11-06 09:00:00+01:00,,7.1,11.7555,11.7555
2023-11-06 10:00:00+01:00,,1.4,1.4305,1.4305
2023-11-06 11:00:00+01:00,,1.4,1.471,1.471
2023-11-06 12:00:00+01:00,,1.3,1.354,1.354
2023-11-06 13:00:00+01:00,,1.4,1.6955,1.6955
2023-11-06 14:00:00+01:00,,0.9,0.7370000000000001,0.7370000000000001
2023-11-06 15:00:00+01:00,,1.5,1.634,1.634
2023-11-06 16:00:00+01:00,,3.1,4.959,4.959
2023-11-06 17:00:00+01:00,,2.6,3.7025,3.7025
2023-11-06 18:00:00+01:00,,5.8,10.087,10.093
2023-11-06 19:00:00+01:00,,5.7,9.95,9.95
2023-11-06 20:00:00+01:00,,6.1,10.604,10.604
2023-11-06 21:00:00+01:00,,5.8,10.231,10.231
2023-11-06 22:00:00+01:00,,6.8,12.3485,12.3505
2023-11-06 23:00:00+01:00,,18.4,33.99,35.994
2023-11-07 00:00:00+01:00,,17.2,32.596000000000004,33.6
2023-11-07 01:00:00+01:00,,17.7,32.96,34.5845
2023-11-07 02:00:00+01:00,,19.5,35.8835,38.433
2023-11-07 03:00:00+01:00,,11.7,22.2985,22.321
2023-11-07 04:00:00+01:00,,10.2,19.209,19.209
2023-11-07 05:00:00+01:00,,9.5,18.2245,18.2245
2023-11-07 06:00:00+01:00,,7.2,13.462,13.462
2023-11-07 07:00:00+01:00,,13.7,26.797,26.9285
2023-11-07 08:00:00+01:00,,25.5,43.0015,51.121
2023-11-07 09:00:00+01:00,,19.7,38.810500000000005,41.7925
2023-11-07 10:00:00+01:00,,18.8,39.147,41.295
2023-11-07 11:00:00+01:00,,26.5,49.01,58.6205
2023-11-07 12:00:00+01:00,,31.3,54.137,69.4495
2023-11-07 13:00:00+01:00,,36.8,58.886,81.375
2023-11-07 14:00:00+01:00,,41.7,63.42700000000001,92.581
2023-11-07 15:00:00+01:00,,37.1,59.5305,82.618
2023-11-07 16:00:00+01:00,,32.1,54.9105,71.6695
2023-11-07 17:00:00+01:00,,29.2,52.2945,65.37349999999999
2023-11-07 18:00:00+01:00,,27.6,49.858,61.5795
2023-11-07 19:00:00+01:00,,20.3,41.1215,45.0315
2023-11-07 20:00:00+01:00,,15.0,32.346,33.161500000000004
2023-11-07 21:00:00+01:00,,24.9,46.676,56.219
2023-11-07 22:00:00+01:00,,24.9,47.0185,55.8545
2023-11-07 23:00:00+01:00,,9.0,18.897,18.9825
2023-11-08 00:00:00+01:00,,6.1,12.467,12.467
2023-11-08 01:00:00+01:00,,9.6,20.623,20.623
2023-11-08 02:00:00+01:00,,11.6,24.9585,24.9755
2023-11-08 03:00:00+01:00,,7.1,14.7725,14.7725
2023-11-08 04:00:00+01:00,,9.8,21.148,21.182
2023-11-08 05:00:00+01:00,,9.7,21.441000000000003,21.442500000000003
2023-11-08 06:00:00+01:00,,9.4,20.818,20.818
2023-11-08 07:00:00+01:00,,9.5,20.989,20.989
2023-11-08 08:00:00+01:00,,15.4,33.828,34.5065
2023-11-08 09:00:00+01:00,,16.8,35.816,36.52
2023-11-08 10:00:00+01:00,,11.4,23.572,23.572
2023-11-08 11:00:00+01:00,,4.9,9.174,9.174
2023-11-08 12:00:00+01:00,,3.0,4.4435,4.4435
2023-11-08 13:00:00+01:00,,2.5,3.662,3.662
2023-11-08 14:00:00+01:00,,3.1,5.004,5.004
2023-11-08 15:00:00+01:00,,3.7,6.3225,6.3225
2023-11-08 16:00:00+01:00,,9.0,17.0445,17.1025
2023-11-08 17:00:00+01:00,,20.3,37.3685,41.226
2023-11-08 18:00:00+01:00,,31.6,51.058,65.739
2023-11-08 19:00:00+01:00,,37.1,56.6095,78.02950000000001
2023-11-08 20:00:00+01:00,,24.1,43.1305,49.6175
2023-11-08 21:00:00+01:00,,17.1,37.059,38.2735
2023-11-08 22:00:00+01:00,,29.6,56.7375,72.175
2023-11-08 23:00:00+01:00,,10.4,23.904,23.905
2023-11-09 00:00:00+01:00,,9.6,22.5305,22.5305
2023-11-09 01:00:00+01:00,,10.4,24.143,24.9035
2023-11-09 02:00:00+01:00,,16.6,39.754000000000005,40.681
2023-11-09 03:00:00+01:00,,18.1,41.496,43.377
2023-11-09 04:00:00+01:00,,20.3,38.444500000000005,42.0475
2023-11-09 05:00:00+01:00,,14.6,29.041,29.8465
2023-11-09 06:00:00+01:00,,20.0,37.965,41.824
2023-11-09 07:00:00+01:00,,22.3,43.476,48.7335
2023-11-09 08:00:00+01:00,,22.0,39.935500000000005,44.357
2023-11-09 09:00:00+01:00,,20.3,33.8755,36.598
2023-11-09 10:00:00+01:00,,12.7,22.104,22.107
2023-11-09 11:00:00+01:00,,10.5,18.676,18.676
2023-11-09 12:00:00+01:00,,4.4,7.007,7.007
2023-11-09 13:00:00+01:00,,3.2,4.928,4.928
2023-11-09 14:00:00+01:00,,2.7,4.058,4.058
2023-11-09 15:00:00+01:00,,3.2,4.913,4.913
2023-11-09 16:00:00+01:00,,18.1,30.7915,34.6045
2023-11-09 17:00:00+01:00,,29.4,47.192,58.9135
2023-11-09 18:00:00+01:00,,26.9,44.8005,54.006
2023-11-09 19:00:00+01:00,,32.4,50.518,65.49000000000001
2023-11-09 20:00:00+01:00,,62.2,84.929,125.68
2023-11-09 21:00:00+01:00,,76.4,102.6295,155.2355
2023-11-09 22:00:00+01:00,,72.6,98.65,148.502
2023-11-09 23:00:00+01:00,,50.0,68.5665,102.1805
2023-11-10 00:00:00+01:00,,17.0,28.149,33.8635
2023-11-10 01:00:00+01:00,,5.2,9.0575,9.0575
2023-11-10 02:00:00+01:00,,4.4,7.649000000000001,7.649000000000001
2023-11-10 03:00:00+01:00,,10.1,19.0285,19.388
2023-11-10 04:00:00+01:00,,6.4,11.685,11.685
2023-11-10 05:00:00+01:00,,5.1,9.129,9.129
2023-11-10 06:00:00+01:00,,13.2,25.5525,25.8505
2023-11-10 07:00:00+01:00,,22.3,40.398,45.1445
2023-11-10 08:00:00+01:00,,24.8,42.4835,50.3085
2023-11-10 09:00:00+01:00,,30.3,49.147000000000006,61.968500000000006
2023-11-10 10:00:00+01:00,,46.5,69.1635,103.488
2023-11-10 11:00:00+01:00,,43.8,69.6335,103.6045
2023-11-10 12:00:00+01:00,,38.4,64.033,90.2335
2023-11-10 13:00:00+01:00,,34.6,59.3075,79.768
2023-11-10 14:00:00+01:00,,38.4,63.8655,89.6865
2023-11-10 15:00:00+01:00,,40.0,65.7245,94.1045
2023-11-10 16:00:00+01:00,,31.4,58.4635,74.925
2023-11-10 17:00:00+01:00,,29.1,56.141,69.63499999999999
2023-11-10 18:00:00+01:00,,45.8,74.96199999999999,109.4395
2023-11-10 19:00:00+01:00,,39.7,67.649,94.483
2023-11-10 20:00:00+01:00,,59.4,94.229,142.89
2023-11-10 21:00:00+01:00,,56.4,89.868,136.373
2023-11-10 22:00:00+01:00,,56.7,90.064,136.64249999999998
2023-11-10 23:00:00+01:00,,38.9,65.6815,92.772
2023-11-11 00:00:00+01:00,,41.1,67.80799999999999,97.9245
2023-11-11 01:00:00+01:00,,32.7,59.166,77.488
2023-11-11 02:00:00+01:00,,31.9,58.015,75.439
2023-11-11 03:00:00+01:00,,14.9,27.823,34.233
2023-11-11 04:00:00+01:00,,9.4,20.6505,20.6505
2023-11-11 05:00:00+01:00,,2.5,4.3105,4.3105
2023-11-11 06:00:00+01:00,,4.1,8.385,8.385
2023-11-11 07:00:00+01:00,,10.6,23.757,23.757
2023-11-11 08:00:00+01:00,,8.0,17.467,17.509
2023-11-11 09:00:00+01:00,,4.4,8.736,8.736
2023-11-11 10:00:00+01:00,,3.5,6.6265,6.6265
2023-11-11 11:00:00+01:00,,2.6,4.588,4.588
2023-11-11 12:00:00+01:00,,2.8,4.9990000000000006,4.9990000000000006
2023-11-11 13:00:00+01:00,,2.7,4.973,4.973
2023-11-11 14:00:00+01:00,,4.4,8.992999999999999,8.992999999999999
2023-11-11 15:00:00+01:00,,6.0,12.9275,12.9275
2023-11-11 16:00:00+01:00,,11.4,26.114,26.21
2023-11-11 17:00:00+01:00,,11.1,25.877,26.381
2023-11-11 18:00:00+01:00,,50.5,85.675,127.4905
2023-11-11 19:00:00+01:00,,51.1,87.8235,129.394
2023-11-11 20:00:00+01:00,,40.9,73.0,104.46
2023-11-11 21:00:00+01:00,,56.2,84.9795,127.90449999999998
2023-11-11 22:00:00+01:00,,99.2,139.167,210.17
2023-11-11 23:00:00+01:00,,89.7,125.2665,189.344
2023-11-12 00:00:00+01:00,,74.0,103.725,156.58800000000002
2023-11-12 01:00:00+01:00,,47.7,70.622,100.8995
2023-11-12 02:00:00+01:00,,41.7,63.7505,88.287
2023-11-12 03:00:00+01:00,,23.8,42.803,50.540000000000006
2023-11-12 04:00:00+01:00,,17.4,33.376,36.1925
2023-11-12 05:00:00+01:00,,11.1,22.116,22.4025
2023-11-12 06:00:00+01:00,,15.6,30.6185,32.1905
2023-11-12 07:00:00+01:00,,16.4,32.397,34.0205
2023-11-12 08:00:00+01:00,,18.0,35.8245,37.4775
2023-11-12 09:00:00+01:00,,17.7,31.3035,32.553
2023-11-12 10:00:00+01:00,,16.1,28.4175,28.7935
2023-11-12 11:00:00+01:00,,23.6,37.568,43.4615
2023-11-12 12:00:00+01:00,,19.2,33.039500000000004,35.171
2023-11-12 13:00:00+01:00,,11.4,21.4905,21.619
2023-11-12 14:00:00+01:00,,21.4,38.1545,42.3185
2023-11-12 15:00:00+01:00,,20.2,35.5765,39.756
2023-11-12 16:00:00+01:00,,40.6,57.974500000000006,82.104
2023-11-12 17:00:00+01:00,,15.0,24.9335,29.774
2023-11-12 18:00:00+01:00,,5.3,9.6595,9.6595
2023-11-12 19:00:00+01:00,,9.2,17.6785,17.929000000000002
2023-11-12 20:00:00+01:00,,7.4,14.0535,14.0535
2023-11-12 21:00:00+01:00,,42.7,59.661,86.82300000000001
2023-11-12 22:00:00+01:00,,44.8,63.226,92.0725
2023-11-12 23:00:00+01:00,,53.1,72.62299999999999,109.2575
2023-11-13 00:00:00+01:00,,43.4,61.6635,89.1
2023-11-13 01:00:00+01:00,,44.2,62.52550000000001,90.7805
2023-11-13 02:00:00+01:00,,35.0,53.6605,71.8665
2023-11-13 03:00:00+01:00,,22.5,40.9745,45.7435
2023-11-13 04:00:00+01:00,,19.1,35.834,38.700500000000005
2023-11-13 05:00:00+01:00,,17.2,32.4105,34.545500000000004
2023-11-13 06:00:00+01:00,,20.0,37.2105,40.741
2023-11-13 07:00:00+01:00,,27.6,46.6625,58.059
2023-11-13 08:00:00+01:00,,17.4,33.5505,34.965
2023-11-13 09:00:00+01:00,,14.9,26.451,26.9505
2023-11-13 10:00:00+01:00,,11.4,20.7845,20.8025
2023-11-13 11:00:00+01:00,,7.6,13.026,13.026
2023-11-13 12:00:00+01:00,,6.3,10.8275,10.8275
2023-11-13 13:00:00+01:00,,3.7,5.875,5.875
2023-11-13 14:00:00+01:00,,3.1,4.7245,4.7245
2023-11-13 15:00:00+01:00,,8.6,15.6015,15.6605
2023-11-13 16:00:00+01:00,,27.1,43.6605,52.8705
2023-11-13 17:00:00+01:00,,31.4,48.2285,62.241
2023-11-13 18:00:00+01:00,,44.5,61.816500000000005,90.057
2023-11-13 19:00:00+01:00,,62.5,84.298,127.86
2023-11-13 20:00:00+01:00,,65.3,88.243,133.365
2023-11-13 21:00:00+01:00,,88.0,118.137,178.6215
2023-11-13 22:00:00+01:00,,92.1,125.0905,189.0325
2023-11-13 23:00:00+01:00,,73.4,112.754,170.687
2023-11-14 00:00:00+01:00,,70.3,108.12,163.762
2023-11-14 01:00:00+01:00,,62.7,96.4455,146.187
2023-11-14 02:00:00+01:00,,42.7,68.27099999999999,98.8965
2023-11-14 03:00:00+01:00,,9.5,20.0115,20.382
2023-11-14 04:00:00+01:00,,8.5,17.427500000000002,17.669
2023-11-14 05:00:00+01:00,,7.9,16.125999999999998,16.3075
2023-11-14 06:00:00+01:00,,1.4,1.6595,1.6595
2023-11-14 07:00:00+01:00,,1.6,2.016,2.016
2023-11-14 08:00:00+01:00,,2.1,2.8765,2.8765
2023-11-14 09:00:00+01:00,,2.2,3.159,3.159
2023-11-14 10:00:00+01:00,,1.8,2.3395,2.3395
2023-11-14 11:00:00+01:00,,2.0,2.7325,2.7325
2023-11-14 12:00:00+01:00,,2.0,2.694,2.694
2023-11-14 13:00:00+01:00,,2.3,3.296,3.296
2023-11-14 14:00:00+01:00,,2.6,3.788,3.788
2023-11-14 15:00:00+01:00,,3.3,5.215,5.215
2023-11-14 16:00:00+01:00,,4.0,6.6690000000000005,6.6690000000000005
2023-11-14 17:00:00+01:00,,4.5,7.5325,7.5325
2023-11-14 18:00:00+01:00,,4.0,6.7015,6.7015
2023-11-14 19:00:00+01:00,,12.4,21.959,23.341
2023-11-14 20:00:00+01:00,,6.4,11.305,11.4525
2023-11-14 21:00:00+01:00,,3.6,5.652,5.652
2023-11-14 22:00:00+01:00,,2.9,4.4185,4.419499999999999
2023-11-14 23:00:00+01:00,,1.5,1.7305,1.7305
2023-11-15 00:00:00+01:00,,0.9,0.679,0.679
2023-11-15 01:00:00+01:00,,0.6,0.1475,0.1475
2023-11-15 02:00:00+01:00,,0.5,0.119,0.119
2023-11-15 03:00:00+01:00,,1.9,2.5585,2.5585
2023-11-15 04:00:00+01:00,,2.3,3.178,3.178
2023-11-15 05:00:00+01:00,,3.6,5.839,5.839
2023-11-15 06:00:00+01:00,,2.4,3.4875,3.4875
2023-11-15 07:00:00+01:00,,3.7,6.417,6.4305
2023-11-15 08:00:00+01:00,,7.8,14.63,14.6465
2023-11-15 09:00:00+01:00,,3.9,6.8485,6.8485
2023-11-15 10:00:00+01:00,,8.4,17.4225,17.4225
2023-11-15 11:00:00+01:00,,10.5,22.858,22.907
2023-11-15 12:00:00+01:00,,16.2,33.7805,34.774
2023-11-15 13:00:00+01:00,,8.1,16.617,16.617
2023-11-15 14:00:00+01:00,,10.8,22.458,22.515
2023-11-15 15:00:00+01:00,,16.4,32.958,35.936499999999995
2023-11-15 16:00:00+01:00,,10.9,23.033,23.633
2023-11-15 17:00:00+01:00,,12.4,26.6515,27.411
2023-11-15 18:00:00+01:00,,24.9,48.587,57.8585
2023-11-15 19:00:00+01:00,,33.4,59.697,79.413
2023-11-15 20:00:00+01:00,,47.8,76.3475,115.0665
2023-11-15 21:00:00+01:00,,35.0,63.20399999999999,85.18
2023-11-15 22:00:00+01:00,,32.8,61.4875,80.71
2023-11-15 23:00:00+01:00,,32.5,61.287,80.38550000000001
2023-11-16 00:00:00+01:00,,16.1,35.696,39.5185
2023-11-16 01:00:00+01:00,,5.9,13.098,13.098
2023-11-16 02:00:00+01:00,,3.3,6.7620000000000005,6.7620000000000005
2023-11-16 03:00:00+01:00,,5.7,12.9005,12.9005
2023-11-16 04:00:00+01:00,,6.5,14.5515,14.5515
2023-11-16 05:00:00+01:00,,6.3,14.2445,14.2445
2023-11-16 06:00:00+01:00,,6.2,14.392,14.392
2023-11-16 07:00:00+01:00,,12.8,31.449,31.6105
2023-11-16 08:00:00+01:00,,18.4,34.651,36.8355
2023-11-16 09:00:00+01:00,,10.1,17.5465,17.5465
2023-11-16 10:00:00+01:00,,9.9,16.7695,16.772
2023-11-16 11:00:00+01:00,,5.9,9.472,9.472
2023-11-16 12:00:00+01:00,,7.5,12.9895,12.9895
2023-11-16 13:00:00+01:00,,10.3,19.244,19.244
2023-11-16 14:00:00+01:00,,15.4,29.0745,29.6665
2023-11-16 15:00:00+01:00,,26.3,43.6475,52.1495
2023-11-16 16:00:00+01:00,,40.6,57.971,81.5595
2023-11-16 17:00:00+01:00,,46.2,63.1035,93.6095
2023-11-16 18:00:00+01:00,,75.3,101.004,152.9135
2023-11-16 19:00:00+01:00,,63.2,85.205,129.18349999999998
2023-11-16 20:00:00+01:00,,51.6,79.435,120.3425
2023-11-16 21:00:00+01:00,,52.6,81.9105,123.032
2023-11-16 22:00:00+01:00,,52.0,80.3405,121.3215
2023-11-16 23:00:00+01:00,,22.6,40.7345,51.5645
2023-11-17 00:00:00+01:00,,1.5,1.8155,1.8155
2023-11-17 01:00:00+01:00,,2.4,3.5085,3.5085
2023-11-17 02:00:00+01:00,,3.2,5.4655000000000005,5.4655000000000005
2023-11-17 03:00:00+01:00,,14.4,31.783,32.149
2023-11-17 04:00:00+01:00,,12.7,28.068,28.215
2023-11-17 05:00:00+01:00,,13.1,29.375,29.6905
2023-11-17 06:00:00+01:00,,2.8,5.055,5.055
2023-11-17 07:00:00+01:00,,12.8,28.618,28.8045
2023-11-17 08:00:00+01:00,,22.1,45.224500000000006,51.1685
2023-11-17 09:00:00+01:00,,23.0,42.948,50.7045
2023-11-17 10:00:00+01:00,,2.9,4.9030000000000005,4.9030000000000005
2023-11-17 11:00:00+01:00,,6.7,13.4805,13.4805
2023-11-17 12:00:00+01:00,,4.1,7.853,7.853
2023-11-17 13:00:00+01:00,,6.4,13.248,13.248
2023-11-17 14:00:00+01:00,,4.5,9.2305,9.2305
2023-11-17 15:00:00+01:00,,3.6,7.077500000000001,7.077500000000001
2023-11-17 16:00:00+01:00,,5.9,12.68,12.68
2023-11-17 17:00:00+01:00,,14.4,31.808,33.504999999999995
2023-11-17 18:00:00+01:00,,16.0,36.730500000000006,37.8145
2023-11-17 19:00:00+01:00,,16.1,37.807,38.7575
2023-11-17 20:00:00+01:00,,19.7,44.4705,48.129000000000005
2023-11-17 21:00:00+01:00,,28.8,57.337500000000006,71.9575
2023-11-17 22:00:00+01:00,,16.3,38.476,40.25
2023-11-17 23:00:00+01:00,,15.2,33.693,34.9145
2023-11-18 00:00:00+01:00,,9.1,22.348,22.3685
2023-11-18 01:00:00+01:00,,7.3,17.631,17.631
2023-11-18 02:00:00+01:00,,5.8,13.67,13.67
2023-11-18 03:00:00+01:00,,4.7,10.4295,10.4295
2023-11-18 04:00:00+01:00,,4.2,9.2745,9.2745
2023-11-18 05:00:00+01:00,,3.3,6.9495000000000005,6.9495000000000005
2023-11-18 06:00:00+01:00,,4.6,8.9825,8.9825
2023-11-18 07:00:00+01:00,,8.0,15.423,15.424
2023-11-18 08:00:00+01:00,,10.6,20.8995,20.9945
2023-11-18 09:00:00+01:00,,13.2,23.586,23.7305
2023-11-18 10:00:00+01:00,,4.7,7.665,7.665
2023-11-18 11:00:00+01:00,,3.1,4.5875,4.5875
2023-11-18 12:00:00+01:00,,3.1,4.577,4.577
2023-11-18 13:00:00+01:00,,4.4,7.4625,7.4625
2023-11-18 14:00:00+01:00,,4.8,8.291,8.291
2023-11-18 15:00:00+01:00,,8.2,15.234,15.3355
2023-11-18 16:00:00+01:00,,34.4,52.796,70.4245
2023-11-18 17:00:00+01:00,,37.0,56.811,76.36
2023-11-18 18:00:00+01:00,,43.8,64.4835,91.4195
2023-11-18 19:00:00+01:00,,34.6,51.308,68.2755
2023-11-18 20:00:00+01:00,,39.0,58.807,81.21600000000001
2023-11-18 21:00:00+01:00,,25.7,45.8125,53.6555
2023-11-18 22:00:00+01:00,,20.0,38.648,41.6605
2023-11-18 23:00:00+01:00,,17.6,34.444,36.0105
2023-11-19 00:00:00+01:00,,18.4,32.0375,33.6225
2023-11-19 01:00:00+01:00,,15.9,27.378,27.69
2023-11-19 02:00:00+01:00,,14.4,24.559,24.7505
2023-11-19 03:00:00+01:00,,14.0,23.8695,24.08
2023-11-19 04:00:00+01:00,,19.5,31.5045,34.122
2023-11-19 05:00:00+01:00,,25.8,38.919,45.901
2023-11-19 06:00:00+01:00,,19.7,32.097500000000004,34.581500000000005
2023-11-19 07:00:00+01:00,,21.1,31.6725,37.2
2023-11-19 08:00:00+01:00,,26.0,43.828,52.1905
2023-11-19 09:00:00+01:00,,24.5,40.344,46.4875
2023-11-19 10:00:00+01:00,,26.7,43.639,52.4015
2023-11-19 11:00:00+01:00,,17.3,32.554,33.8395
2023-11-19 12:00:00+01:00,,15.5,29.84,30.272
2023-11-19 13:00:00+01:00,,17.9,34.244,35.7975
2023-11-19 14:00:00+01:00,,21.6,39.39149999999999,43.8085
2023-11-19 15:00:00+01:00,,62.9,84.707,127.711
2023-11-19 16:00:00+01:00,,85.4,117.586,177.79950000000002
2023-11-19 17:00:00+01:00,,89.0,121.558,183.6905
2023-11-19 18:00:00+01:00,,117.9,160.3875,241.9635
2023-11-19 19:00:00+01:00,,104.9,143.4565,216.597
2023-11-19 20:00:00+01:00,,61.5,86.9665,127.7915
2023-11-19 21:00:00+01:00,,62.8,88.554,131.102
2023-11-19 22:00:00+01:00,,91.5,126.969,191.8975
2023-11-19 23:00:00+01:00,,92.0,127.3545,192.4375
2023-11-20 00:00:00+01:00,,99.5,137.4775,207.6445
2023-11-20 01:00:00+01:00,,105.2,145.35399999999998,219.456
2023-11-20 02:00:00+01:00,,81.6,112.3945,170.0195
2023-11-20 03:00:00+01:00,,55.7,77.79650000000001,116.375
2023-11-20 04:00:00+01:00,,41.5,61.3125,86.9945
2023-11-20 05:00:00+01:00,,47.2,67.725,99.2435
2023-11-20 06:00:00+01:00,,38.6,58.572,81.1275
2023-11-20 07:00:00+01:00,,52.7,74.621,110.602
2023-11-20 08:00:00+01:00,,51.4,72.044,107.546
2023-11-20 09:00:00+01:00,,58.5,79.95750000000001,121.0295
2023-11-20 10:00:00+01:00,,50.6,76.615,115.6675
2023-11-20 11:00:00+01:00,,48.4,72.3435,108.0545
2023-11-20 12:00:00+01:00,,51.9,68.593,103.2855
2023-11-20 13:00:00+01:00,,31.1,47.662000000000006,61.0265
2023-11-20 14:00:00+01:00,,23.6,38.447,45.9555
2023-11-20 15:00:00+01:00,,11.3,21.458,21.4625
2023-11-20 16:00:00+01:00,,13.1,25.148,25.396
2023-11-20 17:00:00+01:00,,32.9,50.484,66.6055
2023-11-20 18:00:00+01:00,,71.2,95.8515,145.2035
2023-11-20 19:00:00+01:00,,88.1,118.2335,178.808
2023-11-20 20:00:00+01:00,,131.7,178.40949999999998,268.998
2023-11-20 21:00:00+01:00,,142.7,193.9265,292.304
2023-11-20 22:00:00+01:00,,152.5,206.7905,311.6405
2023-11-20 23:00:00+01:00,,135.3,184.9825,278.879
2023-11-21 00:00:00+01:00,,88.6,121.931,184.3505
2023-11-21 01:00:00+01:00,,65.5,90.01400000000001,136.47949999999997
2023-11-21 02:00:00+01:00,,63.2,86.7085,131.4725
2023-11-21 03:00:00+01:00,,61.5,84.709,128.509
2023-11-21 04:00:00+01:00,,53.8,74.0685,112.059
2023-11-21 05:00:00+01:00,,43.1,62.006,89.723
2023-11-21 06:00:00+01:00,,53.7,74.719,111.8725
2023-11-21 07:00:00+01:00,,50.8,70.01849999999999,106.075
2023-11-21 08:00:00+01:00,,57.5,78.73949999999999,119.5355
2023-11-21 09:00:00+01:00,,65.1,88.87899999999999,134.732
2023-11-21 10:00:00+01:00,62.571,51.5,77.8765,118.0675
2023-11-21 11:00:00+01:00,58.433,40.1,65.2345,91.988
2023-11-21 12:00:00+01:00,58.1,33.6,56.314,77.10249999999999
2023-11-21 13:00:00+01:00,57.267,3.4,6.482,6.482
2023-11-21 14:00:00+01:00,55.367,3.5,6.714499999999999,6.714499999999999
2023-11-21 15:00:00+01:00,56.334,10.3,23.277,23.321
2023-11-21 16:00:00+01:00,56.933,23.7,48.8425,56.1185
2023-11-21 17:00:00+01:00,56.709,35.7,62.603,85.292
2023-11-21 18:00:00+01:00,56.933,29.8,56.804,71.269
2023-11-21 19:00:00+01:00,56.867,28.1,54.639,67.1015
2023-11-21 20:00:00+01:00,56.9,37.5,64.492,89.56450000000001
2023-11-21 21:00:00+01:00,56.966,27.7,54.377,66.196
2023-11-21 22:00:00+01:00,56.966,24.7,50.761,58.863
2023-11-21 23:00:00+01:00,58.466,16.3,36.929,38.194
2023-11-22 00:00:00+01:00,58.466,9.0,20.1575,20.1575
2023-11-22 01:00:00+01:00,59.0,6.7,14.747,14.747
2023-11-22 02:00:00+01:00,59.067,5.0,10.377,10.377
2023-11-22 03:00:00+01:00,58.834,5.4,11.356000000000002,11.356000000000002
2023-11-22 04:00:00+01:00,60.3,4.2,8.8005,8.8005
2023-11-22 05:00:00+01:00,60.8,5.3,11.262,11.262
2023-11-22 06:00:00+01:00,58.633,6.9,15.1005,15.1005
2023-11-22 07:00:00+01:00,57.383,11.8,27.2785,27.3445
2023-11-22 08:00:00+01:00,57.3,15.4,35.7305,36.1735
2023-11-22 09:00:00+01:00,59.633,10.8,24.5915,24.6195
2023-11-22 10:00:00+01:00,60.467,10.0,23.222,23.2245
2023-11-22 11:00:00+01:00,60.034,13.0,30.4155,30.4395
2023-11-22 12:00:00+01:00,60.233,9.6,22.2545,22.2545
2023-11-22 13:00:00+01:00,60.566,9.6,21.9975,21.9975
2023-11-22 14:00:00+01:00,61.133,10.7,25.073,25.085
2023-11-22 15:00:00+01:00,60.1,11.4,26.7795,26.7795
2023-11-22 16:00:00+01:00,59.367,13.0,31.013,31.0405
2023-11-22 17:00:00+01:00,58.534,12.2,28.7785,28.7925
2023-11-22 18:00:00+01:00,56.467,13.2,31.525,31.66
2023-11-22 19:00:00+01:00,56.742,16.8,39.521,40.625
2023-11-22 20:00:00+01:00,58.266,16.7,38.9135,39.9195
2023-11-22 21:00:00+01:00,58.925,15.8,37.2805,38.135000000000005
2023-11-22 22:00:00+01:00,58.517,15.3,36.798,37.2195
2023-11-22 23:00:00+01:00,58.0,15.4,37.0405,37.3775
2023-11-23 00:00:00+01:00,57.383,13.8,33.344500000000004,33.4175
2023-11-23 01:00:00+01:00,55.558,13.2,32.2825,32.308
2023-11-23 02:00:00+01:00,54.267,12.3,29.982,29.9845
2023-11-23 03:00:00+01:00,55.2,14.4,35.074,35.1695
2023-11-23 04:00:00+01:00,55.5,14.9,36.7215,36.9835
2023-11-23 05:00:00+01:00,53.867,15.0,36.897000000000006,37.305
2023-11-23 06:00:00+01:00,55.7,16.4,40.0975,41.0565
2023-11-23 07:00:00+01:00,56.033,17.7,43.0,44.706
2023-11-23 08:00:00+01:00,54.067,18.5,43.829,46.0675
2023-11-23 09:00:00+01:00,53.867,18.8,45.00749999999999,47.6085
2023-11-23 10:00:00+01:00,53.534,19.2,45.5775,48.6545
2023-11-23 11:00:00+01:00,51.834,19.5,45.156,48.111
2023-11-23 12:00:00+01:00,49.466,20.5,46.2055,50.2515
2023-11-23 13:00:00+01:00,48.5,21.9,47.982,53.3795
2023-11-23 14:00:00+01:00,48.0,22.6,48.9425,55.027
2023-11-23 15:00:00+01:00,48.633,25.2,52.7295,61.654
2023-11-23 16:00:00+01:00,49.133,32.7,61.76649999999999,80.96199999999999
2023-11-23 17:00:00+01:00,49.0,32.1,61.3185,79.68299999999999
2023-11-23 18:00:00+01:00,50.034,40.1,70.025,100.3405
2023-11-23 19:00:00+01:00,50.567,38.8,68.4375,96.6625
2023-11-23 20:00:00+01:00,50.466,52.2,86.768,130.197
2023-11-23 21:00:00+01:00,52.367,45.2,77.135,114.097
2023-11-23 22:00:00+01:00,53.966,37.8,69.5355,97.094
2023-11-23 23:00:00+01:00,54.267,34.0,66.3245,88.564
2023-11-24 00:00:00+01:00,54.166,38.4,70.6595,99.523
2023-11-24 01:00:00+01:00,54.0,32.6,64.008,83.961
2023-11-24 02:00:00+01:00,53.433,29.3,60.1775,75.53399999999999
2023-11-24 03:00:00+01:00,53.842,22.8,51.035,58.7405
2023-11-24 04:00:00+01:00,54.133,16.3,40.5455,41.5225
2023-11-24 05:00:00+01:00,54.367,17.3,42.7645,44.349
2023-11-24 06:00:00+01:00,54.867,22.0,50.789,57.063
2023-11-24 07:00:00+01:00,55.933,31.2,62.89750000000001,81.7885
2023-11-24 08:00:00+01:00,55.034,38.2,70.65350000000001,99.412
2023-11-24 09:00:00+01:00,51.383,46.6,77.801,116.2085
2023-11-24 10:00:00+01:00,36.15,59.7,76.97200000000001,116.753
2023-11-24 11:00:00+01:00,30.866,55.2,68.3005,103.498
2023-11-24 12:00:00+01:00,30.834,28.6,41.3575,52.089
2023-11-24 13:00:00+01:00,43.75,13.6,25.272,25.5935
2023-11-24 14:00:00+01:00,47.2,12.4,23.724,23.724
2023-11-24 15:00:00+01:00,47.5,10.8,20.5845,20.5985
2023-11-24 16:00:00+01:00,52.133,15.1,28.9285,29.8875
2023-11-24 17:00:00+01:00,51.2,16.2,30.5345,31.8075
2023-11-24 18:00:00+01:00,53.233,8.5,15.972,15.972
2023-11-24 19:00:00+01:00,52.834,6.0,11.07,11.073
2023-11-24 20:00:00+01:00,52.633,3.3,5.356999999999999,5.356999999999999
2023-11-24 21:00:00+01:00,51.4,4.8,8.629999999999999,8.629999999999999
2023-11-24 22:00:00+01:00,52.867,4.0,6.904,6.904
2023-11-24 23:00:00+01:00,53.7,5.8,10.825,10.825
2023-11-25 00:00:00+01:00,55.566,5.9,10.911,10.911
2023-11-25 01:00:00+01:00,55.467,4.5,7.639,7.639
2023-11-25 02:00:00+01:00,54.267,1.8,2.4495,2.4495
2023-11-25 03:00:00+01:00,53.534,3.1,5.2655,5.2655
2023-11-25 04:00:00+01:00,54.967,1.6,2.213,2.213
2023-11-25 05:00:00+01:00,54.966,1.8,2.491,2.491
2023-11-25 06:00:00+01:00,54.767,3.5,5.881,5.881
2023-11-25 07:00:00+01:00,55.767,1.8,2.0815,2.0815
2023-11-25 08:00:00+01:00,55.367,7.4,12.59,12.59
2023-11-25 09:00:00+01:00,52.8,14.8,24.886000000000003,25.971
2023-11-25 10:00:00+01:00,50.733,39.9,54.3985,76.372
2023-11-25 11:00:00+01:00,46.633,22.3,44.583,51.4065
2023-11-25 12:00:00+01:00,42.4,6.3,13.624,13.624
2023-11-25 13:00:00+01:00,47.5,5.1,11.554,11.554
2023-11-25 14:00:00+01:00,48.2,8.8,21.4365,21.4365
2023-11-25 15:00:00+01:00,46.334,4.8,10.7915,10.7915
2023-11-25 16:00:00+01:00,44.4,5.4,12.53,12.53
2023-11-25 17:00:00+01:00,43.4,8.0,19.4255,19.4255
2023-11-25 18:00:00+01:00,42.167,9.2,22.4475,22.4475
2023-11-25 19:00:00+01:00,42.034,6.4,15.3275,15.3275
2023-11-25 20:00:00+01:00,42.834,7.0,16.297,16.297
2023-11-25 21:00:00+01:00,43.834,10.5,26.7205,26.7235
2023-11-25 22:00:00+01:00,46.9,23.7,53.0615,62.962
2023-11-25 23:00:00+01:00,47.2,16.1,39.476,42.238
2023-11-26 00:00:00+01:00,47.367,8.4,21.1595,21.2955
2023-11-26 01:00:00+01:00,46.733,6.0,14.586,14.586
2023-11-26 02:00:00+01:00,45.034,4.2,9.3765,9.3765
2023-11-26 03:00:00+01:00,45.5,7.8,19.25,19.251
2023-11-26 04:00:00+01:00,45.317,5.3,12.4085,12.4085
2023-11-26 05:00:00+01:00,48.466,8.4,20.634,20.634
2023-11-26 06:00:00+01:00,48.3,8.8,21.868,22.1955
2023-11-26 07:00:00+01:00,48.966,13.0,33.0595,33.6005
2023-11-26 08:00:00+01:00,47.666,9.7,24.121,24.258000000000003
2023-11-26 09:00:00+01:00,39.433,19.1,39.737,44.938500000000005
2023-11-26 10:00:00+01:00,36.8,9.2,20.873,21.0755
2023-11-26 11:00:00+01:00,33.834,3.7,6.8735,6.8735
2023-11-26 12:00:00+01:00,35.233,7.3,14.0065,14.0065
2023-11-26 13:00:00+01:00,37.034,6.1,11.788,11.788
2023-11-26 14:00:00+01:00,37.167,4.6,8.428999999999998,8.428999999999998
2023-11-26 15:00:00+01:00,37.867,4.7,8.9845,8.9845
2023-11-26 16:00:00+01:00,44.75,10.0,19.123,19.6505
2023-11-26 17:00:00+01:00,51.2,10.3,18.3565,18.3575
2023-11-26 18:00:00+01:00,53.034,15.6,29.2065,30.835500000000003
2023-11-26 19:00:00+01:00,52.966,45.0,67.572,94.4095
2023-11-26 20:00:00+01:00,52.733,40.9,62.5575,85.729
2023-11-26 21:00:00+01:00,53.0,96.3,135.3985,201.745
2023-11-26 22:00:00+01:00,53.7,107.5,148.5745,224.3365
2023-11-26 23:00:00+01:00,54.245,75.9,104.712,158.2055
2023-11-27 00:00:00+01:00,53.9,70.4,97.5655,147.08950000000002
2023-11-27 01:00:00+01:00,53.733,53.5,77.666,111.495
2023-11-27 02:00:00+01:00,52.9,40.7,62.372,85.01
2023-11-27 03:00:00+01:00,52.6,44.3,67.086,92.729
2023-11-27 04:00:00+01:00,52.758,30.3,49.486,62.7825
2023-11-27 05:00:00+01:00,51.933,17.4,32.461,35.687
2023-11-27 06:00:00+01:00,50.8,16.5,31.557,34.0195
2023-11-27 07:00:00+01:00,49.933,20.8,38.5625,43.8
2023-11-27 08:00:00+01:00,39.067,37.3,63.6005,87.63
2023-11-27 09:00:00+01:00,33.3,37.1,62.6025,86.79050000000001
2023-11-27 10:00:00+01:00,25.877,50.4,65.561,96.3945
2023-11-27 11:00:00+01:00,24.9,4.5,7.322,7.322
2023-11-27 12:00:00+01:00,27.767,4.4,7.492,7.492
2023-11-27 13:00:00+01:00,33.867,4.0,7.017,7.017
2023-11-27 14:00:00+01:00,36.133,4.9,8.7825,8.7825
2023-11-27 15:00:00+01:00,37.0,4.5,8.0055,8.0055
2023-11-27 16:00:00+01:00,38.3,5.6,10.4355,10.4355
2023-11-27 17:00:00+01:00,39.808,5.3,9.991,9.991
2023-11-27 18:00:00+01:00,40.0,4.4,8.115,8.115
2023-11-27 19:00:00+01:00,39.534,4.2,7.705,7.705
2023-11-27 20:00:00+01:00,37.867,3.6,6.2325,6.2325
2023-11-27 21:00:00+01:00,36.333,4.0,7.066,7.138
2023-11-27 22:00:00+01:00,35.433,2.2,3.1485,3.1485
2023-11-27 23:00:00+01:00,36.5,12.2,24.0245,24.6545
2023-11-28 00:00:00+01:00,39.467,5.4,10.527,10.5345
2023-11-28 01:00:00+01:00,40.867,0.8,0.5265,0.5265
2023-11-28 02:00:00+01:00,39.5,0.8,0.506,0.506
2023-11-28 03:00:00+01:00,39.0,0.8,0.603,0.603
2023-11-28 04:00:00+01:00,39.4,0.6,0.2545,0.2545
2023-11-28 05:00:00+01:00,40.567,0.9,0.745,0.745
2023-11-28 06:00:00+01:00,41.2,1.3,1.44,1.44
2023-11-28 07:00:00+01:00,42.502,11.3,21.3675,22.8205
2023-11-28 08:00:00+01:00,46.133,32.8,51.896,69.191
2023-11-28 09:00:00+01:00,49.967,23.6,43.628,49.878
2023-11-28 10:00:00+01:00,50.633,30.6,51.399,65.01350000000001
2023-11-28 11:00:00+01:00,50.0,29.9,49.5185,62.975
2023-11-28 12:00:00+01:00,50.766,27.0,44.5545,56.1515
2023-11-28 13:00:00+01:00,51.9,5.1,9.228,9.228
2023-11-28 14:00:00+01:00,50.333,5.4,10.091,10.091
2023-11-28 15:00:00+01:00,49.733,6.5,12.3565,12.3565
2023-11-28 16:00:00+01:00,50.133,10.0,19.9605,19.9635
2023-11-28 17:00:00+01:00,51.767,16.9,33.952,35.329
2023-11-28 18:00:00+01:00,53.633,36.1,57.1565,78.934
2023-11-28 19:00:00+01:00,55.2,42.2,62.9255,91.1955
2023-11-28 20:00:00+01:00,55.4,36.5,69.19,91.2615
2023-11-28 21:00:00+01:00,56.0,92.6,153.422,231.7835
2023-11-28 22:00:00+01:00,57.433,79.1,131.888,199.5025
2023-11-28 23:00:00+01:00,57.525,65.6,108.9375,164.21949999999998
2023-11-29 00:00:00+01:00,57.133,2.2,3.8485,3.8485
2023-11-29 01:00:00+01:00,54.233,2.3,4.176,4.176
2023-11-29 02:00:00+01:00,55.233,3.4,7.263,7.263
2023-11-29 03:00:00+01:00,55.867,4.0,8.8945,8.8945
2023-11-29 04:00:00+01:00,56.667,5.2,10.64,10.64
2023-11-29 05:00:00+01:00,53.9,6.7,13.044,13.0455
2023-11-29 06:00:00+01:00,53.233,9.6,19.2415,19.3325
2023-11-29 07:00:00+01:00,52.966,19.9,37.352,41.535
2023-11-29 08:00:00+01:00,51.034,11.2,22.106,22.4195
2023-11-29 09:00:00+01:00,38.666,13.6,27.6065,28.0775
2023-11-29 10:00:00+01:00,36.209,9.6,18.773,18.7825
2023-11-29 11:00:00+01:00,33.066,5.2,9.0515,9.0515
2023-11-29 12:00:00+01:00,30.667,4.2,7.236499999999999,7.236499999999999
2023-11-29 13:00:00+01:00,34.2,3.1,5.8815,5.8815
2023-11-29 14:00:00+01:00,35.433,3.5,7.183,7.183
2023-11-29 15:00:00+01:00,37.233,5.5,12.587,12.587
2023-11-29 16:00:00+01:00,39.067,13.8,34.826,35.1775
2023-11-29 17:00:00+01:00,42.067,13.8,34.811,35.5135
2023-11-29 18:00:00+01:00,44.934,29.4,61.491,77.0715
2023-11-29 19:00:00+01:00,46.167,33.6,66.61250000000001,88.475
2023-11-29 20:00:00+01:00,46.275,46.8,86.613,124.471
2023-11-29 21:00:00+01:00,45.966,97.0,169.8745,256.55
2023-11-29 22:00:00+01:00,46.2,89.9,156.8725,237.04
2023-11-29 23:00:00+01:00,47.567,82.3,143.74450000000002,217.3355
2023-11-30 00:00:00+01:00,48.0,53.6,93.8525,141.19799999999998
2023-11-30 01:00:00+01:00,48.267,51.1,90.641,135.655
2023-11-30 02:00:00+01:00,48.467,54.6,95.735,145.061
2023-11-30 03:00:00+01:00,48.067,62.0,108.5235,164.481
2023-11-30 04:00:00+01:00,47.8,56.9,98.9735,150.047
2023-11-30 05:00:00+01:00,47.925,44.6,80.5785,117.5095
2023-11-30 06:00:00+01:00,48.034,30.6,63.088,80.17
2023-11-30 07:00:00+01:00,48.233,29.7,62.201,78.14750000000001
2023-11-30 08:00:00+01:00,47.8,41.5,75.6995,108.973
2023-11-30 09:00:00+01:00,46.0,43.6,78.0515,113.719
2023-11-30 10:00:00+01:00,44.117,59.0,99.052,150.2525
2023-11-30 11:00:00+01:00,42.9,60.9,100.1485,151.84050000000002
2023-11-30 12:00:00+01:00,44.067,66.0,108.8455,164.876
2023-11-30 13:00:00+01:00,43.7,75.9,123.167,186.389
2023-11-30 14:00:00+01:00,45.1,73.6,119.0645,180.1935
2023-11-30 15:00:00+01:00,44.067,14.1,24.016,32.677
2023-11-30 16:00:00+01:00,41.9,1.9,2.644,2.644
2023-11-30 17:00:00+01:00,42.566,1.7,2.2255,2.2255
2023-11-30 18:00:00+01:00,43.584,1.4,1.624,1.624
2023-11-30 19:00:00+01:00,44.467,1.3,1.567,1.567
2023-11-30 20:00:00+01:00,44.7,1.7,2.2205000000000004,2.2205000000000004
2023-11-30 21:00:00+01:00,44.133,2.1,2.928,2.928
2023-11-30 22:00:00+01:00,43.292,2.6,3.723,3.723
2023-11-30 23:00:00+01:00,43.1,2.6,3.796,3.796
2023-12-01 00:00:00+01:00,42.2,1.8,2.268,2.268
2023-12-01 01:00:00+01:00,42.867,1.7,2.145,2.146
2023-12-01 02:00:00+01:00,42.625,1.8,2.3865,2.3865
2023-12-01 03:00:00+01:00,42.467,2.1,2.899,2.899
2023-12-01 04:00:00+01:00,42.433,2.0,2.6975,2.6975
2023-12-01 05:00:00+01:00,43.067,2.2,3.1175,3.1175
2023-12-01 06:00:00+01:00,43.467,2.4,3.536,3.536
2023-12-01 07:00:00+01:00,43.533,2.9,4.5295000000000005,4.5295000000000005
2023-12-01 08:00:00+01:00,42.067,2.4,3.534,3.534
2023-12-01 09:00:00+01:00,40.666,2.5,3.4655,3.4655
2023-12-01 10:00:00+01:00,37.925,3.1,4.5955,4.5955
2023-12-01 11:00:00+01:00,36.067,2.7,4.007,4.007
2023-12-01 12:00:00+01:00,35.864,2.7,3.917,3.917
2023-12-01 13:00:00+01:00,35.416,2.7,3.943,3.943
2023-12-01 14:00:00+01:00,33.584,2.9,4.3740000000000006,4.3740000000000006
2023-12-01 15:00:00+01:00,33.442,3.3,5.0485,5.0485
2023-12-01 16:00:00+01:00,35.133,3.1,4.685499999999999,4.685499999999999
2023-12-01 17:00:00+01:00,35.534,3.1,4.7075,4.7075
2023-12-01 18:00:00+01:00,34.4,2.9,4.3365,4.3365
2023-12-01 19:00:00+01:00,34.067,3.4,5.2935,5.2935
2023-12-01 20:00:00+01:00,34.034,3.0,4.494,4.494
2023-12-01 21:00:00+01:00,34.0,3.0,4.601,4.601
2023-12-01 22:00:00+01:00,33.666,3.3,5.07,5.07
2023-12-01 23:00:00+01:00,33.517,2.7,3.928,3.928
2023-12-02 00:00:00+01:00,33.966,2.4,3.354,3.354
2023-12-02 01:00:00+01:00,33.5,2.5,3.5665,3.5665
2023-12-02 02:00:00+01:00,33.767,2.5,3.5615,3.5615
2023-12-02 03:00:00+01:00,33.233,2.5,3.6155,3.6155
2023-12-02 04:00:00+01:00,34.233,2.6,3.7195,3.7195
2023-12-02 05:00:00+01:00,34.767,2.6,3.669,3.669
2023-12-02 06:00:00+01:00,35.8,2.7,4.0565,4.0565
2023-12-02 07:00:00+01:00,35.233,2.9,4.489,4.489
2023-12-02 08:00:00+01:00,32.834,3.2,4.9855,4.9855
2023-12-02 09:00:00+01:00,30.967,3.4,5.310499999999999,5.310499999999999
2023-12-02 10:00:00+01:00,33.4,3.4,5.491,5.491
2023-12-02 11:00:00+01:00,34.625,3.4,5.3675,5.3675
2023-12-02 12:00:00+01:00,37.534,3.5,5.5955,5.5955
2023-12-02 13:00:00+01:00,42.834,3.9,6.417,6.417
2023-12-02 14:00:00+01:00,47.167,5.3,9.117,9.117
2023-12-02 15:00:00+01:00,51.733,9.0,16.4495,16.4595
2023-12-02 16:00:00+01:00,55.5,16.6,31.0405,32.5745
2023-12-02 17:00:00+01:00,54.733,22.2,37.584,44.00749999999999
2023-12-02 18:00:00+01:00,51.267,15.8,28.9945,31.373
2023-12-02 19:00:00+01:00,49.667,13.4,25.883,26.0335
2023-12-02 20:00:00+01:00,49.667,15.3,29.4055,30.0615
2023-12-02 21:00:00+01:00,48.766,11.8,22.8915,22.9535
2023-12-02 22:00:00+01:00,49.833,7.0,12.836,12.836
2023-12-02 23:00:00+01:00,49.066,9.6,18.387,18.387
2023-12-03 00:00:00+01:00,49.0,7.5,14.1285,14.1285
2023-12-03 01:00:00+01:00,47.867,8.0,14.874,14.874
2023-12-03 02:00:00+01:00,46.966,5.8,10.5195,10.5195
2023-12-03 03:00:00+01:00,49.166,5.6,10.2625,10.2625
2023-12-03 04:00:00+01:00,50.867,6.8,10.967,10.967
2023-12-03 05:00:00+01:00,49.416,7.2,11.587,11.587
2023-12-03 06:00:00+01:00,49.867,9.6,16.195500000000003,16.2075
2023-12-03 07:00:00+01:00,51.7,12.4,20.66,20.66
2023-12-03 08:00:00+01:00,50.9,12.6,21.1105,21.1135
2023-12-03 09:00:00+01:00,47.9,10.5,17.317,17.317
2023-12-03 10:00:00+01:00,45.7,13.7,23.0735,23.0915
2023-12-03 11:00:00+01:00,44.033,12.7,21.434,21.4745
2023-12-03 12:00:00+01:00,40.667,10.6,17.561,17.561
2023-12-03 13:00:00+01:00,40.084,12.2,20.367,20.367
2023-12-03 14:00:00+01:00,42.666,14.0,23.7805,24.105
2023-12-03 15:00:00+01:00,44.5,16.8,28.4115,29.0475
2023-12-03 16:00:00+01:00,46.6,22.6,35.003,39.4975
2023-12-03 17:00:00+01:00,47.467,53.5,63.657,95.681
2023-12-03 18:00:00+01:00,48.1,57.9,68.6965,104.134
2023-12-03 19:00:00+01:00,49.267,113.8,134.73000000000002,203.242
2023-12-03 20:00:00+01:00,50.867,89.1,105.523,159.44
2023-12-03 21:00:00+01:00,51.0,53.8,63.587,96.4735
2023-12-03 22:00:00+01:00,51.0,85.6,101.2145,152.9715
2023-12-03 23:00:00+01:00,50.367,36.0,47.0905,64.24249999999999
2023-12-04 00:00:00+01:00,50.067,37.1,49.4155,65.91550000000001
2023-12-04 01:00:00+01:00,50.0,48.5,61.843,86.661
2023-12-04 02:00:00+01:00,50.0,26.6,39.2595,47.273
2023-12-04 03:00:00+01:00,50.3,57.9,68.416,103.764
2023-12-04 04:00:00+01:00,50.5,54.1,65.23750000000001,96.7335
2023-12-04 05:00:00+01:00,50.166,23.7,36.191,41.5555
2023-12-04 06:00:00+01:00,49.867,38.6,50.5255,68.668
2023-12-04 07:00:00+01:00,49.733,76.0,89.7245,135.723
2023-12-04 08:00:00+01:00,39.9,49.6,70.09899999999999,97.655
2023-12-04 09:00:00+01:00,27.267,30.0,48.673,61.912000000000006
2023-12-04 10:00:00+01:00,24.7,38.3,53.855500000000006,75.77250000000001
2023-12-04 11:00:00+01:00,24.0,48.7,63.3065,94.3805
2023-12-04 12:00:00+01:00,24.866,30.2,45.6785,58.077
2023-12-04 13:00:00+01:00,34.167,24.6,43.583,50.459
2023-12-04 14:00:00+01:00,37.067,36.6,56.1075,76.119
2023-12-04 15:00:00+01:00,37.8,32.6,63.225,82.137
2023-12-04 16:00:00+01:00,39.534,36.4,69.548,95.2635
2023-12-04 17:00:00+01:00,40.534,57.4,100.23,151.6595
2023-12-04 18:00:00+01:00,39.966,46.7,84.094,123.2935
2023-12-04 19:00:00+01:00,40.6,57.5,100.794,152.038
2023-12-04 20:00:00+01:00,40.233,44.2,79.76249999999999,116.84
2023-12-04 21:00:00+01:00,40.841,48.3,85.835,127.4765
2023-12-04 22:00:00+01:00,41.091,56.9,99.718,150.058
2023-12-04 23:00:00+01:00,42.2,76.5,133.196,201.5155
2023-12-05 00:00:00+01:00,42.567,75.2,131.713,199.2685
2023-12-05 01:00:00+01:00,43.0,66.4,116.201,176.0385
2023-12-05 02:00:00+01:00,42.367,53.7,93.689,141.637
2023-12-05 03:00:00+01:00,45.034,63.9,111.335,168.724
2023-12-05 04:00:00+01:00,45.666,56.8,95.3835,144.6015
2023-12-05 05:00:00+01:00,46.733,69.9,96.1965,145.244
2023-12-05 06:00:00+01:00,46.766,72.7,99.3525,150.3805
2023-12-05 07:00:00+01:00,46.666,74.8,102.45,155.1085
2023-12-05 08:00:00+01:00,43.967,80.0,110.0865,166.6015
2023-12-05 09:00:00+01:00,42.534,83.1,115.034,173.9985
2023-12-05 10:00:00+01:00,38.833,82.8,119.5445,180.8115
2023-12-05 11:00:00+01:00,36.8,73.0,116.742,176.694
2023-12-05 12:00:00+01:00,39.966,78.2,128.76600000000002,194.783
2023-12-05 13:00:00+01:00,43.766,86.8,144.9605,219.1365
2023-12-05 14:00:00+01:00,46.567,102.5,171.46949999999998,258.86249999999995
2023-12-05 15:00:00+01:00,48.267,78.7,132.11450000000002,199.826
2023-12-05 16:00:00+01:00,49.466,57.7,97.8125,148.3395
2023-12-05 17:00:00+01:00,50.967,56.7,96.7395,146.3385
2023-12-05 18:00:00+01:00,50.966,46.8,81.0795,120.777
2023-12-05 19:00:00+01:00,50.466,51.6,88.251,133.214
2023-12-05 20:00:00+01:00,51.067,57.0,96.6,146.5245
2023-12-05 21:00:00+01:00,50.834,71.2,120.4335,182.3135
2023-12-05 22:00:00+01:00,51.034,74.6,127.194,190.8315
2023-12-05 23:00:00+01:00,51.0,42.5,75.159,109.069
2023-12-06 00:00:00+01:00,50.834,29.9,59.8835,76.629
2023-12-06 01:00:00+01:00,50.0,14.6,36.2045,36.8745
2023-12-06 02:00:00+01:00,50.4,9.2,22.964,22.964
2023-12-06 03:00:00+01:00,50.467,8.2,20.2245,20.2245
2023-12-06 04:00:00+01:00,50.667,9.5,23.9565,23.9565
2023-12-06 05:00:00+01:00,51.0,13.3,33.423500000000004,33.8015
2023-12-06 06:00:00+01:00,51.0,13.8,34.69,35.314
2023-12-06 07:00:00+01:00,50.433,12.0,29.951500000000003,30.2025
2023-12-06 08:00:00+01:00,50.267,12.3,31.0895,31.103500000000004
2023-12-06 09:00:00+01:00,50.567,13.1,32.768,32.854
2023-12-06 10:00:00+01:00,51.367,12.7,32.011,32.084
2023-12-06 11:00:00+01:00,49.489,11.4,28.196,28.1965
2023-12-06 12:00:00+01:00,49.1,12.2,30.5495,30.56
2023-12-06 13:00:00+01:00,49.667,12.6,31.865,31.877
2023-12-06 14:00:00+01:00,50.084,14.0,34.818,35.0925
2023-12-06 15:00:00+01:00,50.5,15.2,38.4255,39.0295
2023-12-06 16:00:00+01:00,50.834,15.6,39.218500000000006,39.9295
2023-12-06 17:00:00+01:00,50.2,15.4,38.747,39.397000000000006
2023-12-06 18:00:00+01:00,50.0,16.1,40.2385,41.27
2023-12-06 19:00:00+01:00,49.942,16.7,41.6005,42.9505
2023-12-06 20:00:00+01:00,50.1,16.6,41.3695,42.6555
2023-12-06 21:00:00+01:00,50.2,14.9,37.25,37.8065
2023-12-06 22:00:00+01:00,49.166,12.9,32.5495,32.596000000000004
2023-12-06 23:00:00+01:00,48.966,12.2,30.225,30.231
2023-12-07 00:00:00+01:00,48.633,9.9,24.496,24.496
2023-12-07 01:00:00+01:00,48.0,9.0,21.8595,21.8595
2023-12-07 02:00:00+01:00,48.3,10.7,26.361,26.6335
2023-12-07 03:00:00+01:00,49.9,14.6,36.7595,37.2395
2023-12-07 04:00:00+01:00,49.8,13.2,33.032,33.114999999999995
2023-12-07 05:00:00+01:00,50.1,9.8,24.176,24.176
2023-12-07 06:00:00+01:00,50.633,11.8,29.424,29.678
2023-12-07 07:00:00+01:00,50.4,13.7,34.3185,34.7375
2023-12-07 08:00:00+01:00,50.242,29.4,60.188,76.27250000000001
2023-12-07 09:00:00+01:00,47.3,27.2,57.5145,69.69200000000001
2023-12-07 10:00:00+01:00,43.2,24.9,52.384,61.3685
2023-12-07 11:00:00+01:00,33.0,23.3,42.099,48.2395
2023-12-07 12:00:00+01:00,38.809,30.7,49.537,64.1545
2023-12-07 13:00:00+01:00,45.166,16.5,32.755,34.575500000000005
2023-12-07 14:00:00+01:00,44.834,12.5,26.163,26.166
2023-12-07 15:00:00+01:00,46.1,29.2,50.4005,64.3205
2023-12-07 16:00:00+01:00,48.367,38.3,61.012,85.679
2023-12-07 17:00:00+01:00,51.05,42.1,65.7935,94.9145
2023-12-07 18:00:00+01:00,52.1,45.7,70.098,103.6645
2023-12-07 19:00:00+01:00,53.0,59.0,82.8765,125.3365
2023-12-07 20:00:00+01:00,53.367,43.6,66.1985,96.525
2023-12-07 21:00:00+01:00,54.0,41.0,56.773,80.72649999999999
2023-12-07 22:00:00+01:00,54.0,34.9,54.9865,72.4865
2023-12-07 23:00:00+01:00,54.267,29.9,49.3915,61.9705
2023-12-08 00:00:00+01:00,55.0,23.2,41.1565,47.611
2023-12-08 01:00:00+01:00,54.466,22.8,40.246,46.7675
2023-12-08 02:00:00+01:00,54.133,16.5,30.751,33.006
2023-12-08 03:00:00+01:00,54.1,31.0,49.672,63.6785
2023-12-08 04:00:00+01:00,53.067,18.6,34.121,38.1375
2023-12-08 05:00:00+01:00,53.534,25.1,42.682,51.725
2023-12-08 06:00:00+01:00,52.867,35.0,55.4695,73.303
2023-12-08 07:00:00+01:00,52.367,49.7,73.308,104.14
2023-12-08 08:00:00+01:00,43.167,75.0,109.055,165.077
2023-12-08 09:00:00+01:00,31.1,106.4,146.5675,221.2645
2023-12-08 10:00:00+01:00,25.867,48.6,61.8785,92.1265
2023-12-08 11:00:00+01:00,24.0,28.8,41.2405,53.2325
2023-12-08 12:00:00+01:00,24.666,44.5,58.051,84.923
2023-12-08 13:00:00+01:00,33.758,43.3,62.1935,91.14
2023-12-08 14:00:00+01:00,37.933,33.4,54.8045,72.259
2023-12-08 15:00:00+01:00,40.433,31.2,52.7215,65.9255
2023-12-08 16:00:00+01:00,44.0,85.2,118.2575,178.803
2023-12-08 17:00:00+01:00,46.733,77.9,121.5835,183.958
2023-12-08 18:00:00+01:00,47.2,99.9,173.6605,262.2615
2023-12-08 19:00:00+01:00,48.6,73.3,128.485,194.4625
2023-12-08 20:00:00+01:00,49.166,96.9,169.8125,256.443
2023-12-08 21:00:00+01:00,49.267,101.2,176.334,266.217
2023-12-08 22:00:00+01:00,50.034,74.2,125.094,189.3495
2023-12-08 23:00:00+01:00,51.166,91.6,126.316,190.9795
2023-12-09 00:00:00+01:00,51.8,71.3,98.4405,148.1295
2023-12-09 01:00:00+01:00,50.867,56.3,81.0795,117.9335
2023-12-09 02:00:00+01:00,50.567,59.0,83.8845,123.425
2023-12-09 03:00:00+01:00,50.567,49.2,73.299,103.701
2023-12-09 04:00:00+01:00,51.034,41.9,64.731,88.7425
2023-12-09 05:00:00+01:00,50.966,35.9,56.939,75.866
2023-12-09 06:00:00+01:00,51.933,34.3,54.9485,72.6465
2023-12-09 07:00:00+01:00,52.834,38.5,60.73649999999999,81.92099999999999
2023-12-09 08:00:00+01:00,52.6,43.7,67.425,93.152
2023-12-09 09:00:00+01:00,51.267,44.8,68.473,95.0855
2023-12-09 10:00:00+01:00,48.7,44.2,67.2315,93.5575
2023-12-09 11:00:00+01:00,45.566,34.3,54.4165,71.5925
2023-12-09 12:00:00+01:00,46.0,46.3,68.962,96.756
2023-12-09 13:00:00+01:00,46.233,43.8,65.9345,91.6115
2023-12-09 14:00:00+01:00,47.733,37.7,58.868,79.1115
2023-12-09 15:00:00+01:00,49.067,38.4,59.8795,80.8155
2023-12-09 16:00:00+01:00,49.367,39.3,60.8465,82.3115
2023-12-09 17:00:00+01:00,48.933,34.7,55.3395,72.47200000000001
2023-12-09 18:00:00+01:00,49.667,37.5,58.658,78.39
2023-12-09 19:00:00+01:00,49.667,47.7,71.4215,100.1255
2023-12-09 20:00:00+01:00,50.567,93.9,132.868,194.008
2023-12-09 21:00:00+01:00,51.567,39.2,60.5315,81.66650000000001
2023-12-09 22:00:00+01:00,51.3,38.2,59.387,79.783
2023-12-09 23:00:00+01:00,51.2,38.9,60.358,81.3865
2023-12-10 00:00:00+01:00,51.166,39.6,61.5,83.2235
2023-12-10 01:00:00+01:00,50.966,39.6,61.3355,82.976
2023-12-10 02:00:00+01:00,52.1,34.6,55.1965,72.98150000000001
2023-12-10 03:00:00+01:00,51.367,31.3,51.0285,65.6735
2023-12-10 04:00:00+01:00,51.033,32.5,52.345,68.17150000000001
2023-12-10 05:00:00+01:00,51.0,30.4,50.3,63.775000000000006
2023-12-10 06:00:00+01:00,50.9,29.6,49.4465,62.117
2023-12-10 07:00:00+01:00,52.133,36.5,57.3885,76.69
2023-12-10 08:00:00+01:00,52.0,42.6,65.092,90.035
2023-12-10 09:00:00+01:00,51.267,54.2,78.494,114.399
2023-12-10 10:00:00+01:00,51.433,62.3,88.3065,131.0665
2023-12-10 11:00:00+01:00,51.034,88.0,122.5945,185.3435
2023-12-10 12:00:00+01:00,51.133,103.7,143.983,217.423
2023-12-10 13:00:00+01:00,50.9,122.9,170.0215,256.4325
2023-12-10 14:00:00+01:00,50.2,123.2,169.1595,255.1465
2023-12-10 15:00:00+01:00,52.967,120.0,165.5145,249.689
2023-12-10 16:00:00+01:00,53.834,162.0,223.541,336.6555
2023-12-10 17:00:00+01:00,54.466,171.3,235.9385,355.344
2023-12-10 18:00:00+01:00,55.4,257.6,350.48900000000003,527.1605
2023-12-10 19:00:00+01:00,55.466,294.0,399.1395,600.2125
2023-12-10 20:00:00+01:00,56.167,210.4,287.61749999999995,432.8785
2023-12-10 21:00:00+01:00,55.9,217.6,297.95050000000003,448.4045
2023-12-10 22:00:00+01:00,56.3,190.7,260.871,392.775
2023-12-10 23:00:00+01:00,56.7,160.7,220.5835,332.3265
2023-12-11 00:00:00+01:00,56.9,134.8,184.9845,278.948
2023-12-11 01:00:00+01:00,56.489,92.7,127.369,192.4915
2023-12-11 02:00:00+01:00,56.025,98.6,135.09300000000002,204.1085
2023-12-11 03:00:00+01:00,54.484,86.8,118.725,179.47050000000002
2023-12-11 04:00:00+01:00,54.508,66.1,91.811,137.42450000000002
2023-12-11 05:00:00+01:00,55.0,66.2,91.942,137.713
2023-12-11 06:00:00+01:00,57.9,75.1,103.2445,156.038
2023-12-11 07:00:00+01:00,57.066,82.6,113.908,172.0935
2023-12-11 08:00:00+01:00,50.5,96.4,141.0825,213.1355
2023-12-11 09:00:00+01:00,38.5,77.0,110.5545,167.2975
2023-12-11 10:00:00+01:00,39.133,65.2,90.722,137.5505
2023-12-11 11:00:00+01:00,35.114,85.8,111.917,169.2505
2023-12-11 12:00:00+01:00,28.967,40.3,52.5975,76.2025
2023-12-11 13:00:00+01:00,31.1,5.5,9.782,9.782
2023-12-11 14:00:00+01:00,33.1,4.4,7.913,7.913
2023-12-11 15:00:00+01:00,34.909,6.2,11.4735,11.4735
2023-12-11 16:00:00+01:00,36.2,7.0,13.116,13.116
2023-12-11 17:00:00+01:00,40.367,6.6,12.4335,12.6
2023-12-11 18:00:00+01:00,43.725,7.0,13.178,13.178
2023-12-11 19:00:00+01:00,42.133,5.0,8.954,8.954
2023-12-11 20:00:00+01:00,42.267,27.7,42.79600000000001,57.1475
2023-12-11 21:00:00+01:00,43.966,51.7,71.245,107.6365
2023-12-11 22:00:00+01:00,44.933,59.6,83.7085,125.0355
2023-12-11 23:00:00+01:00,43.433,4.5,8.093499999999999,8.1875
2023-12-12 00:00:00+01:00,42.959,1.9,2.5415,2.5415
2023-12-12 01:00:00+01:00,43.166,1.1,1.1395,1.1395
2023-12-12 02:00:00+01:00,43.041,1.0,0.9015,0.9015
2023-12-12 03:00:00+01:00,43.6,8.7,16.1485,17.0125
2023-12-12 04:00:00+01:00,46.534,13.5,25.0135,27.038
2023-12-12 05:00:00+01:00,49.7,36.3,55.98,76.40700000000001
2023-12-12 06:00:00+01:00,49.966,35.3,55.2975,74.301
2023-12-12 07:00:00+01:00,50.367,46.6,66.64250000000001,98.7715
2023-12-12 08:00:00+01:00,49.334,52.6,73.109,110.9555
2023-12-12 09:00:00+01:00,47.133,61.5,84.17,127.645
2023-12-12 10:00:00+01:00,42.4,55.6,73.37899999999999,111.3185
2023-12-12 11:00:00+01:00,42.034,54.8,72.7025,110.067
2023-12-12 12:00:00+01:00,44.8,106.8,142.031,214.44
2023-12-12 13:00:00+01:00,45.0,129.8,170.75850000000003,257.568
2023-12-12 14:00:00+01:00,45.867,133.4,175.343,264.40250000000003
2023-12-12 15:00:00+01:00,48.3,143.5,189.7655,286.06
2023-12-12 16:00:00+01:00,50.233,117.9,158.317,238.8815
2023-12-12 17:00:00+01:00,51.3,93.0,126.487,191.1445
2023-12-12 18:00:00+01:00,52.034,138.0,187.912,283.3005
2023-12-12 19:00:00+01:00,53.333,146.3,201.2895,303.3825
2023-12-12 20:00:00+01:00,54.767,146.0,202.0555,304.5385
2023-12-12 21:00:00+01:00,55.433,162.0,225.0585,339.05150000000003
2023-12-12 22:00:00+01:00,55.367,195.7,269.949,406.362
2023-12-12 23:00:00+01:00,55.567,171.1,237.3655,357.5065
2023-12-13 00:00:00+01:00,54.433,123.2,171.1735,258.063
2023-12-13 01:00:00+01:00,48.733,13.0,19.4965,25.738
2023-12-13 02:00:00+01:00,45.1,1.1,0.9805,0.9805
2023-12-13 03:00:00+01:00,44.234,0.9,0.6225,0.6225
2023-12-13 04:00:00+01:00,45.1,2.4,3.3525,3.3525
2023-12-13 05:00:00+01:00,45.933,1.3,1.3205,1.3205
2023-12-13 06:00:00+01:00,46.32,1.5,1.6875,1.6875
2023-12-13 07:00:00+01:00,46.167,4.0,6.675,6.675
2023-12-13 08:00:00+01:00,44.767,7.9,14.4815,14.4815
2023-12-13 09:00:00+01:00,40.6,4.3,7.217,7.217
2023-12-13 10:00:00+01:00,38.833,4.3,7.2135,7.2135
2023-12-13 11:00:00+01:00,39.334,4.1,6.904,6.904
2023-12-13 12:00:00+01:00,39.7,3.0,4.5075,4.5075
2023-12-13 13:00:00+01:00,40.0,3.1,4.7490000000000006,4.7490000000000006
2023-12-13 14:00:00+01:00,43.6,17.0,28.995,32.5685
2023-12-13 15:00:00+01:00,48.833,20.1,35.45,39.1485
2023-12-13 16:00:00+01:00,51.034,14.5,27.82,28.2485
2023-12-13 17:00:00+01:00,53.3,18.5,35.262,37.269000000000005
2023-12-13 18:00:00+01:00,54.0,27.1,46.018,55.6535
2023-12-13 19:00:00+01:00,55.233,20.9,38.198,42.623000000000005
2023-12-13 20:00:00+01:00,56.766,16.2,30.4485,32.914
2023-12-13 21:00:00+01:00,57.075,9.4,18.6175,18.6175
2023-12-13 22:00:00+01:00,58.4,13.7,27.452,27.9485
2023-12-13 23:00:00+01:00,58.2,15.7,31.4595,32.177
2023-12-14 00:00:00+01:00,57.883,13.9,26.346,28.498
2023-12-14 01:00:00+01:00,57.933,39.5,58.8355,82.99
2023-12-14 02:00:00+01:00,57.466,30.0,50.1805,62.598
2023-12-14 03:00:00+01:00,57.034,16.1,29.5645,32.539500000000004
2023-12-14 04:00:00+01:00,56.666,6.4,11.786,11.786
2023-12-14 05:00:00+01:00,55.442,3.6,6.140000000000001,6.140000000000001
2023-12-14 06:00:00+01:00,53.267,8.4,15.9565,15.9885
2023-12-14 07:00:00+01:00,53.733,10.0,19.6915,19.6915
2023-12-14 08:00:00+01:00,54.067,17.5,34.556,35.5805
2023-12-14 09:00:00+01:00,54.267,18.3,34.9845,37.2175
2023-12-14 10:00:00+01:00,53.666,19.2,36.814,39.3925
2023-12-14 11:00:00+01:00,52.666,10.7,20.949,20.9655
2023-12-14 12:00:00+01:00,52.067,10.0,19.841,19.841
2023-12-14 13:00:00+01:00,50.433,10.0,19.4555,19.48
2023-12-14 14:00:00+01:00,50.767,10.7,21.152,21.1715
2023-12-14 15:00:00+01:00,51.567,11.6,22.954500000000003,23.0885
2023-12-14 16:00:00+01:00,52.0,16.5,32.998,33.8575
2023-12-14 17:00:00+01:00,52.034,22.0,40.9825,45.5425
2023-12-14 18:00:00+01:00,52.867,25.2,45.252,52.8965
2023-12-14 19:00:00+01:00,53.966,24.8,45.3695,52.8065
2023-12-14 20:00:00+01:00,53.6,57.2,82.607,122.494
2023-12-14 21:00:00+01:00,53.633,45.3,67.6395,97.7505
2023-12-14 22:00:00+01:00,54.0,49.9,75.1285,107.842
2023-12-14 23:00:00+01:00,54.709,49.6,74.089,108.5835
2023-12-15 00:00:00+01:00,54.445,45.4,68.15700000000001,99.6215
2023-12-15 01:00:00+01:00,53.334,27.7,49.2645,60.3825
2023-12-15 02:00:00+01:00,53.467,24.1,44.9115,51.997
2023-12-15 03:00:00+01:00,53.067,23.1,43.0055,49.8455
2023-12-15 04:00:00+01:00,53.334,17.7,34.414,37.5685
2023-12-15 05:00:00+01:00,52.633,17.6,35.75,37.2755
2023-12-15 06:00:00+01:00,53.1,20.6,38.362,41.598
2023-12-15 07:00:00+01:00,52.691,32.5,51.4065,66.7675
2023-12-15 08:00:00+01:00,52.966,45.4,64.2255,93.635
2023-12-15 09:00:00+01:00,50.966,57.2,80.5715,121.7825
2023-12-15 10:00:00+01:00,49.166,45.9,74.576,108.8445
2023-12-15 11:00:00+01:00,45.7,23.4,46.869,54.33
2023-12-15 12:00:00+01:00,41.966,10.9,23.9935,23.9935
2023-12-15 13:00:00+01:00,41.633,9.3,19.9055,19.9055
2023-12-15 14:00:00+01:00,42.0,8.5,18.762,18.762
2023-12-15 15:00:00+01:00,42.934,7.3,16.3585,16.3585
2023-12-15 16:00:00+01:00,44.0,8.6,19.709000000000003,19.709000000000003
2023-12-15 17:00:00+01:00,43.267,12.1,28.445,28.458
2023-12-15 18:00:00+01:00,41.166,11.4,26.9595,26.9615
2023-12-15 19:00:00+01:00,40.1,9.1,21.571,21.571
2023-12-15 20:00:00+01:00,40.567,9.3,21.6745,21.6745
2023-12-15 21:00:00+01:00,41.534,8.7,20.472,20.472
2023-12-15 22:00:00+01:00,42.633,8.4,19.795,19.7965
2023-12-15 23:00:00+01:00,43.233,7.4,17.7075,17.7075
2023-12-16 00:00:00+01:00,42.534,5.7,13.175,13.175
2023-12-16 01:00:00+01:00,42.7,8.3,19.891,19.891
2023-12-16 02:00:00+01:00,44.733,19.6,47.302,50.5985
2023-12-16 03:00:00+01:00,44.433,18.5,45.169,48.1565
2023-12-16 04:00:00+01:00,45.166,25.6,56.636,67.2155
2023-12-16 05:00:00+01:00,46.867,16.8,41.968,43.847
2023-12-16 06:00:00+01:00,48.633,21.2,39.8995,44.942
2023-12-16 07:00:00+01:00,49.666,28.6,47.864,59.5195
2023-12-16 08:00:00+01:00,41.483,32.1,55.7385,70.8195
2023-12-16 09:00:00+01:00,31.334,33.5,51.252,67.711
2023-12-16 10:00:00+01:00,33.3,30.6,50.468,64.076
2023-12-16 11:00:00+01:00,29.567,23.3,39.875,45.54
2023-12-16 12:00:00+01:00,25.2,25.4,40.251000000000005,47.2175
2023-12-16 13:00:00+01:00,33.9,10.8,20.7635,20.768
2023-12-16 14:00:00+01:00,37.833,10.6,20.189,20.2315
2023-12-16 15:00:00+01:00,39.367,13.9,26.818,27.433
2023-12-16 16:00:00+01:00,41.567,43.0,64.104,89.4975
2023-12-16 17:00:00+01:00,44.067,43.5,75.83,111.03
2023-12-16 18:00:00+01:00,45.2,48.3,85.92150000000001,127.771
2023-12-16 19:00:00+01:00,46.733,45.4,80.999,119.444
2023-12-16 20:00:00+01:00,47.233,30.4,64.0375,81.5095
2023-12-16 21:00:00+01:00,46.8,35.9,71.986,96.259
2023-12-16 22:00:00+01:00,46.867,67.9,120.5775,181.592
2023-12-16 23:00:00+01:00,47.567,28.0,53.066,66.5475
2023-12-17 00:00:00+01:00,49.4,24.3,42.4165,50.218
2023-12-17 01:00:00+01:00,49.633,22.8,40.7575,47.1085
2023-12-17 02:00:00+01:00,49.166,17.3,32.3455,35.0965
2023-12-17 03:00:00+01:00,48.633,14.0,27.2035,28.2325
2023-12-17 04:00:00+01:00,48.0,12.9,25.338,25.9935
2023-12-17 05:00:00+01:00,48.034,18.1,32.0445,36.6785
2023-12-17 06:00:00+01:00,48.4,16.1,30.215000000000003,32.5805
2023-12-17 07:00:00+01:00,48.666,19.4,35.568,39.8305
2023-12-17 08:00:00+01:00,41.0,23.5,44.0795,51.048
2023-12-17 09:00:00+01:00,29.1,17.3,33.4705,35.156499999999994
2023-12-17 10:00:00+01:00,24.791,24.2,38.6705,45.561
2023-12-17 11:00:00+01:00,23.867,33.3,48.737,64.58
2023-12-17 12:00:00+01:00,23.225,19.0,31.519,36.254000000000005
2023-12-17 13:00:00+01:00,29.6,9.3,18.298,18.298
2023-12-17 14:00:00+01:00,32.767,15.5,30.2095,32.651
2023-12-17 15:00:00+01:00,35.0,27.7,48.8225,59.624
2023-12-17 16:00:00+01:00,38.467,69.4,98.6475,148.322
2023-12-17 17:00:00+01:00,41.966,116.6,162.183,244.6565
2023-12-17 18:00:00+01:00,44.1,96.1,134.84199999999998,203.669
2023-12-17 19:00:00+01:00,45.4,64.3,100.4135,152.16899999999998
2023-12-17 20:00:00+01:00,45.666,33.1,66.8495,88.264
2023-12-17 21:00:00+01:00,46.166,27.9,60.678,74.495
2023-12-17 22:00:00+01:00,47.0,25.7,57.135,67.712
2023-12-17 23:00:00+01:00,47.233,27.4,57.77,69.503
2023-12-18 00:00:00+01:00,48.166,57.8,82.6725,121.512
2023-12-18 01:00:00+01:00,48.892,30.4,50.627,63.7445
2023-12-18 02:00:00+01:00,49.0,63.6,89.82300000000001,133.835
2023-12-18 03:00:00+01:00,49.6,49.2,72.82650000000001,103.3235
2023-12-18 04:00:00+01:00,49.0,24.2,42.622,50.193
2023-12-18 05:00:00+01:00,49.2,45.3,68.2075,95.472
2023-12-18 06:00:00+01:00,50.0,53.3,77.71600000000001,112.6135
2023-12-18 07:00:00+01:00,49.333,36.1,57.1065,76.4005
2023-12-18 08:00:00+01:00,40.733,54.9,82.959,124.1105
2023-12-18 09:00:00+01:00,28.816,45.2,61.2225,91.13
2023-12-18 10:00:00+01:00,24.441,53.0,68.041,102.0295
2023-12-18 11:00:00+01:00,22.267,43.1,57.683,82.141
2023-12-18 12:00:00+01:00,20.7,30.5,44.13,56.0865
2023-12-18 13:00:00+01:00,29.167,29.7,47.535,59.724
2023-12-18 14:00:00+01:00,33.3,61.5,84.22749999999999,126.704
2023-12-18 15:00:00+01:00,36.3,69.9,95.6625,144.9435
2023-12-18 16:00:00+01:00,39.867,108.1,151.243,228.303
2023-12-18 17:00:00+01:00,44.0,185.5,252.036,379.452
2023-12-18 18:00:00+01:00,46.534,135.7,186.238,280.7305
2023-12-18 19:00:00+01:00,47.692,157.8,217.6545,327.8775
2023-12-18 20:00:00+01:00,49.0,129.7,179.41899999999998,270.5575
2023-12-18 21:00:00+01:00,49.489,80.4,111.7275,168.8555
2023-12-18 22:00:00+01:00,49.867,77.2,112.8955,169.60750000000002
2023-12-18 23:00:00+01:00,49.367,51.8,89.478,134.275
2023-12-19 00:00:00+01:00,49.933,41.6,76.9335,107.84
2023-12-19 01:00:00+01:00,49.608,64.1,112.18,169.9275
2023-12-19 02:00:00+01:00,49.133,79.3,138.5225,209.5395
2023-12-19 03:00:00+01:00,49.834,60.2,106.1895,158.9035
2023-12-19 04:00:00+01:00,50.334,56.7,90.8865,133.582
2023-12-19 05:00:00+01:00,50.767,71.1,99.1765,149.123
2023-12-19 06:00:00+01:00,51.0,60.5,85.6395,126.8745
2023-12-19 07:00:00+01:00,51.067,68.2,95.1485,143.31400000000002
2023-12-19 08:00:00+01:00,42.966,83.6,122.8355,185.341
2023-12-19 09:00:00+01:00,29.1,81.5,105.1695,159.039
2023-12-19 10:00:00+01:00,24.525,78.1,96.1415,145.4605
2023-12-19 11:00:00+01:00,22.633,84.1,101.278,153.132
2023-12-19 12:00:00+01:00,21.4,42.6,54.869,77.5275
2023-12-19 13:00:00+01:00,30.166,64.2,83.256,125.955
2023-12-19 14:00:00+01:00,35.833,59.3,78.696,119.383
2023-12-19 15:00:00+01:00,38.667,53.5,72.4405,109.707
2023-12-19 16:00:00+01:00,42.0,96.2,132.5695,200.265
2023-12-19 17:00:00+01:00,45.466,140.4,190.5475,287.225
2023-12-19 18:00:00+01:00,47.9,155.5,212.5315,320.185
2023-12-19 19:00:00+01:00,49.2,187.4,257.392,387.514
2023-12-19 20:00:00+01:00,50.166,157.5,217.747,327.997
2023-12-19 21:00:00+01:00,50.933,149.7,206.5055,311.136
2023-12-19 22:00:00+01:00,51.0,190.3,252.8675,380.6505
2023-12-19 23:00:00+01:00,51.133,181.2,243.0135,365.8965
2023-12-20 00:00:00+01:00,51.0,175.1,242.5515,365.2825
2023-12-20 01:00:00+01:00,51.6,149.0,206.878,311.81550000000004
2023-12-20 02:00:00+01:00,51.669,141.7,196.106,295.612
2023-12-20 03:00:00+01:00,51.433,142.3,196.634,296.44
2023-12-20 04:00:00+01:00,51.0,130.0,179.272,270.3965
2023-12-20 05:00:00+01:00,51.666,109.3,150.5315,227.297
2023-12-20 06:00:00+01:00,51.2,113.0,155.892,235.334
2023-12-20 07:00:00+01:00,50.334,83.5,116.091,174.51
2023-12-20 08:00:00+01:00,41.767,70.3,105.1595,159.036
2023-12-20 09:00:00+01:00,37.267,81.3,127.9925,193.5665
2023-12-20 10:00:00+01:00,35.067,102.5,154.47,233.188
2023-12-20 11:00:00+01:00,30.467,140.6,183.594,276.718
2023-12-20 12:00:00+01:00,23.733,92.8,112.88,170.553
2023-12-20 13:00:00+01:00,31.0,68.3,93.302,133.5535
2023-12-20 14:00:00+01:00,35.267,20.1,37.322500000000005,39.9765
2023-12-20 15:00:00+01:00,35.4,18.8,35.896,37.8525
2023-12-20 16:00:00+01:00,37.3,27.0,46.738,56.1775
2023-12-20 17:00:00+01:00,39.233,25.0,45.4575,53.446
2023-12-20 18:00:00+01:00,40.4,17.0,34.69499999999999,35.5815
2023-12-20 19:00:00+01:00,41.767,20.7,40.398,44.504
2023-12-20 20:00:00+01:00,42.7,27.9,49.6655,60.71
2023-12-20 21:00:00+01:00,43.0,55.9,81.64949999999999,121.497
2023-12-20 22:00:00+01:00,43.8,84.6,122.658,185.452
2023-12-20 23:00:00+01:00,45.067,80.2,116.223,175.8185
2023-12-21 00:00:00+01:00,46.534,99.3,140.20100000000002,211.759
2023-12-21 01:00:00+01:00,47.6,100.9,139.192,210.2305
2023-12-21 02:00:00+01:00,48.834,82.6,113.9305,172.321
2023-12-21 03:00:00+01:00,49.367,89.9,123.7745,187.1185
2023-12-21 04:00:00+01:00,49.167,68.0,93.378,141.46
2023-12-21 05:00:00+01:00,49.9,87.4,120.1445,181.663
2023-12-21 06:00:00+01:00,50.8,91.5,126.5265,191.2355
2023-12-21 07:00:00+01:00,51.9,88.0,122.413,184.9955
2023-12-21 08:00:00+01:00,44.575,52.7,78.002,117.9705
2023-12-21 09:00:00+01:00,29.975,48.6,63.15599999999999,94.407
2023-12-21 10:00:00+01:00,25.367,44.4,56.6895,84.9655
2023-12-21 11:00:00+01:00,24.033,40.4,52.53,75.7985
2023-12-21 12:00:00+01:00,22.133,32.0,44.6395,57.613
2023-12-21 13:00:00+01:00,30.2,39.7,55.510000000000005,78.7325
2023-12-21 14:00:00+01:00,33.767,39.6,56.6575,80.658
2023-12-21 15:00:00+01:00,36.4,57.5,78.3495,117.9355
2023-12-21 16:00:00+01:00,39.333,85.9,119.469,180.6325
2023-12-21 17:00:00+01:00,41.833,78.1,110.5465,167.2785
2023-12-21 18:00:00+01:00,43.408,125.0,175.79149999999998,265.144
2023-12-21 19:00:00+01:00,42.967,140.5,198.481,299.141
2023-12-21 20:00:00+01:00,41.767,82.5,118.1465,175.07999999999998
2023-12-21 21:00:00+01:00,37.667,7.7,14.488,14.488
2023-12-21 22:00:00+01:00,37.033,5.8,10.472,10.472
2023-12-21 23:00:00+01:00,36.1,4.4,7.5825,7.5825
2023-12-22 00:00:00+01:00,36.233,4.5,7.612999999999999,7.612999999999999
2023-12-22 01:00:00+01:00,37.0,4.4,7.5925,7.5925
2023-12-22 02:00:00+01:00,37.0,4.4,7.696,7.696
2023-12-22 03:00:00+01:00,37.5,5.8,10.5395,10.5395
2023-12-22 04:00:00+01:00,38.933,9.4,17.932000000000002,17.932000000000002
2023-12-22 05:00:00+01:00,40.0,21.1,38.96,43.3615
2023-12-22 06:00:00+01:00,42.8,24.3,43.665,50.565
2023-12-22 07:00:00+01:00,47.267,29.1,48.887,60.949
2023-12-22 08:00:00+01:00,51.0,17.6,34.435,36.717
2023-12-22 09:00:00+01:00,50.566,24.0,44.409000000000006,51.196
2023-12-22 10:00:00+01:00,51.333,42.2,64.04599999999999,90.367
2023-12-22 11:00:00+01:00,49.333,16.0,29.2795,32.7575
2023-12-22 12:00:00+01:00,42.466,5.3,9.4805,9.497
2023-12-22 13:00:00+01:00,44.133,10.3,20.513,20.5175
2023-12-22 14:00:00+01:00,47.167,15.3,30.2185,31.859
2023-12-22 15:00:00+01:00,53.1,13.3,26.205,27.152
2023-12-22 16:00:00+01:00,52.9,19.6,38.316,41.215500000000006
2023-12-22 17:00:00+01:00,53.7,30.8,49.7145,63.441500000000005
2023-12-22 18:00:00+01:00,53.9,44.8,65.145,92.5865
2023-12-22 19:00:00+01:00,53.833,72.8,99.7725,151.042
2023-12-22 20:00:00+01:00,54.067,101.9,139.4175,210.538
2023-12-22 21:00:00+01:00,54.0,90.4,123.9295,187.287
2023-12-22 22:00:00+01:00,54.067,84.9,116.2635,175.808
2023-12-22 23:00:00+01:00,54.466,103.2,140.8415,212.666
2023-12-23 00:00:00+01:00,55.166,127.2,174.2225,262.75
2023-12-23 01:00:00+01:00,56.3,138.6,190.022,286.4575
2023-12-23 02:00:00+01:00,56.6,120.3,165.111,249.0915
2023-12-23 03:00:00+01:00,54.3,78.0,107.173,162.1525
2023-12-23 04:00:00+01:00,53.034,70.6,97.236,147.034
2023-12-23 05:00:00+01:00,52.6,66.1,92.0435,138.7175
2023-12-23 06:00:00+01:00,52.933,66.6,92.5455,140.203
2023-12-23 07:00:00+01:00,52.9,59.5,83.2985,125.8615
2023-12-23 08:00:00+01:00,46.858,23.8,43.5465,52.1655
2023-12-23 09:00:00+01:00,33.633,48.7,65.53750000000001,97.9985
2023-12-23 10:00:00+01:00,27.9,32.4,46.096,71.407
2023-12-23 11:00:00+01:00,25.733,20.2,33.7435,36.2285
2023-12-23 12:00:00+01:00,24.7,11.1,19.253,19.255
2023-12-23 13:00:00+01:00,36.1,10.4,20.041,20.041
2023-12-23 14:00:00+01:00,40.733,16.0,31.1745,32.082
2023-12-23 15:00:00+01:00,42.3,30.0,49.11,62.485
2023-12-23 16:00:00+01:00,44.033,57.2,81.39099999999999,122.2525
2023-12-23 17:00:00+01:00,47.3,91.7,128.337,193.9375
2023-12-23 18:00:00+01:00,49.267,113.1,155.649,234.8875
2023-12-23 19:00:00+01:00,49.4,120.2,165.2475,249.2795
2023-12-23 20:00:00+01:00,49.534,85.9,118.282,178.805
2023-12-23 21:00:00+01:00,50.0,85.3,117.441,177.5845
2023-12-23 22:00:00+01:00,50.45,100.9,139.2185,210.2465
2023-12-23 23:00:00+01:00,50.867,86.5,119.136,180.0925
2023-12-24 00:00:00+01:00,50.6,138.1,188.9755,284.8745
2023-12-24 01:00:00+01:00,51.0,114.8,157.46550000000002,237.6515
2023-12-24 02:00:00+01:00,50.666,105.1,158.37099999999998,239.0895
2023-12-24 03:00:00+01:00,50.0,96.6,157.51850000000002,237.8465
2023-12-24 04:00:00+01:00,50.034,95.3,156.6365,236.5845
2023-12-24 05:00:00+01:00,51.433,91.7,152.14,229.866
2023-12-24 06:00:00+01:00,52.4,82.9,138.9505,210.072
2023-12-24 07:00:00+01:00,52.267,61.4,102.4285,155.32299999999998
2023-12-24 08:00:00+01:00,45.233,83.1,130.214,196.871
2023-12-24 09:00:00+01:00,32.2,86.3,108.9755,164.7305
2023-12-24 10:00:00+01:00,26.166,87.4,106.163,160.49450000000002
2023-12-24 11:00:00+01:00,23.2,67.4,79.8965,120.979
2023-12-24 12:00:00+01:00,23.033,41.6,51.9285,75.246
2023-12-24 13:00:00+01:00,29.534,48.1,61.968,92.194
2023-12-24 14:00:00+01:00,32.566,56.5,74.3005,109.658
2023-12-24 15:00:00+01:00,36.434,69.2,89.11850000000001,134.872
2023-12-24 16:00:00+01:00,38.733,65.4,85.3365,129.2965
2023-12-24 17:00:00+01:00,42.2,73.9,98.1565,148.59449999999998
2023-12-24 18:00:00+01:00,43.234,88.9,119.885,181.2505
2023-12-24 19:00:00+01:00,41.008,60.5,83.588,123.0855
2023-12-24 20:00:00+01:00,37.433,21.7,32.569,42.86
2023-12-24 21:00:00+01:00,36.5,8.0,14.3385,14.883500000000002
2023-12-24 22:00:00+01:00,36.067,4.3,7.484999999999999,7.484999999999999
2023-12-24 23:00:00+01:00,37.0,8.8,16.716,16.729
2023-12-25 00:00:00+01:00,37.334,9.9,18.7915,19.109
2023-12-25 01:00:00+01:00,39.7,12.7,24.9925,25.023
2023-12-25 02:00:00+01:00,40.367,11.1,21.909,21.909
2023-12-25 03:00:00+01:00,39.322,10.2,19.831,19.84
2023-12-25 04:00:00+01:00,40.1,9.9,19.246,19.246
2023-12-25 05:00:00+01:00,40.166,8.8,17.0275,17.0275
2023-12-25 06:00:00+01:00,41.4,22.3,40.703,46.5465
2023-12-25 07:00:00+01:00,43.466,39.6,59.1775,82.9065
2023-12-25 08:00:00+01:00,37.967,34.1,53.75749999999999,71.424
2023-12-25 09:00:00+01:00,27.433,55.1,69.1725,104.9325
2023-12-25 10:00:00+01:00,24.2,65.0,78.375,118.772
2023-12-25 11:00:00+01:00,20.733,31.7,40.211,55.9275
2023-12-25 12:00:00+01:00,19.934,4.3,6.7435,6.7435
2023-12-25 13:00:00+01:00,26.067,6.7,11.6665,11.6665
2023-12-25 14:00:00+01:00,30.133,8.7,15.9765,15.9765
2023-12-25 15:00:00+01:00,32.534,17.0,31.1565,32.6365
2023-12-25 16:00:00+01:00,35.8,37.0,53.4105,73.60749999999999
2023-12-25 17:00:00+01:00,40.067,62.4,83.81450000000001,126.4995
2023-12-25 18:00:00+01:00,42.333,48.8,67.9405,100.4885
2023-12-25 19:00:00+01:00,43.7,59.5,82.69550000000001,124.419
2023-12-25 20:00:00+01:00,44.467,44.5,64.18799999999999,93.5905
2023-12-25 21:00:00+01:00,45.967,48.9,68.289,101.1005
2023-12-25 22:00:00+01:00,47.034,55.1,76.60249999999999,113.9175
2023-12-25 23:00:00+01:00,47.767,45.7,65.0965,95.0425
2023-12-26 00:00:00+01:00,48.466,35.3,54.281000000000006,73.0415
2023-12-26 01:00:00+01:00,49.334,36.7,56.0545,76.36099999999999
2023-12-26 02:00:00+01:00,50.3,39.2,58.6265,81.71549999999999
2023-12-26 03:00:00+01:00,51.133,20.7,39.197500000000005,42.41
2023-12-26 04:00:00+01:00,51.767,28.4,47.699,58.9275
2023-12-26 05:00:00+01:00,51.983,36.4,55.4625,75.457
2023-12-26 06:00:00+01:00,52.967,31.8,44.261,57.7935
2023-12-26 07:00:00+01:00,52.033,44.9,54.7105,81.1925
2023-12-26 08:00:00+01:00,43.8,37.2,53.829,74.253
2023-12-26 09:00:00+01:00,30.1,74.9,95.8295,143.67149999999998
2023-12-26 10:00:00+01:00,25.6,76.9,94.4415,141.3785
2023-12-26 11:00:00+01:00,22.233,12.4,19.4555,21.1605
2023-12-26 12:00:00+01:00,22.434,4.5,7.028499999999999,7.028499999999999
2023-12-26 13:00:00+01:00,30.0,5.1,8.6225,8.6225
2023-12-26 14:00:00+01:00,34.8,7.2,13.08,13.08
2023-12-26 15:00:00+01:00,37.034,15.8,27.621,30.451
2023-12-26 16:00:00+01:00,40.5,38.9,55.588,78.00399999999999
2023-12-26 17:00:00+01:00,43.466,99.1,133.8915,202.246
2023-12-26 18:00:00+01:00,45.534,94.0,129.656,195.8775
2023-12-26 19:00:00+01:00,47.633,65.8,91.1885,137.86149999999998
2023-12-26 20:00:00+01:00,48.833,49.1,68.27799999999999,102.118
2023-12-26 21:00:00+01:00,50.0,50.6,69.92500000000001,104.3215
2023-12-26 22:00:00+01:00,49.534,44.4,63.9785,91.5475
