time_stamp,humidity,pm2.5_alt,pm2.5_atm,pm2.5_cf_1
2021-11-23 10:00:00+01:00,64.284,49.0,59.585,89.60300000000001
2021-11-23 11:00:00+01:00,66.8,33.8,47.14,61.80500000000001
2021-11-23 12:00:00+01:00,67.233,29.7,43.9735,54.462500000000006
2021-11-23 13:00:00+01:00,66.534,29.6,43.304,53.343500000000006
2021-11-23 14:00:00+01:00,66.0,31.2,44.7075,56.304
2021-11-23 15:00:00+01:00,65.8,34.4,47.685,61.934
2021-11-23 16:00:00+01:00,65.867,36.3,48.6135,65.417
2021-11-23 17:00:00+01:00,66.0,38.4,50.192,69.49950000000001
2021-11-23 18:00:00+01:00,65.233,42.9,52.81,76.9445
2021-11-23 19:00:00+01:00,63.633,38.4,49.1505,68.0905
2021-11-23 20:00:00+01:00,63.166,43.4,54.662,77.015
2021-11-23 21:00:00+01:00,64.0,57.1,67.277,102.0975
2021-11-23 22:00:00+01:00,63.733,39.6,50.062,70.539
2021-11-23 23:00:00+01:00,63.966,38.3,49.779,68.893
2021-11-24 00:00:00+01:00,63.667,39.2,50.7175,70.8605
2021-11-24 01:00:00+01:00,63.933,42.5,52.8535,76.477
2021-11-24 02:00:00+01:00,63.5,37.2,49.076,66.9465
2021-11-24 03:00:00+01:00,63.0,36.5,48.882000000000005,65.9825
2021-11-24 04:00:00+01:00,62.633,40.6,51.6995,73.5185
2021-11-24 05:00:00+01:00,63.133,42.8,53.6655,78.0515
2021-11-24 06:00:00+01:00,63.3,50.3,61.229,92.672
2021-11-24 07:00:00+01:00,62.4,49.1,60.215,90.787
2021-11-24 08:00:00+01:00,60.433,41.4,53.157,76.19300000000001
2021-11-24 09:00:00+01:00,60.9,50.3,62.5175,92.723
2021-11-24 10:00:00+01:00,61.133,57.0,69.134,104.876
2021-11-24 11:00:00+01:00,60.167,54.2,64.656,98.223
2021-11-24 12:00:00+01:00,58.733,58.5,69.062,104.8695
2021-11-24 13:00:00+01:00,57.666,48.4,57.0115,85.5
2021-11-24 14:00:00+01:00,56.8,42.5,51.1285,74.399
2021-11-24 15:00:00+01:00,57.6,47.2,55.6505,83.26050000000001
2021-11-24 16:00:00+01:00,58.867,49.5,58.012,87.4495
2021-11-24 17:00:00+01:00,59.0,48.0,55.8405,84.483
2021-11-24 18:00:00+01:00,58.733,56.6,65.3005,99.419
2021-11-24 19:00:00+01:00,58.267,61.0,70.798,107.4285
2021-11-24 20:00:00+01:00,57.834,71.4,82.611,125.4285
2021-11-24 21:00:00+01:00,58.333,68.6,79.674,120.6305
2021-11-24 22:00:00+01:00,59.3,90.1,105.197,159.0045
2021-11-24 23:00:00+01:00,60.633,110.8,130.45600000000002,196.9345
2021-11-25 00:00:00+01:00,62.0,101.7,121.26,183.1735
2021-11-25 01:00:00+01:00,62.8,88.8,107.184,162.009
2021-11-25 02:00:00+01:00,63.034,98.4,120.2625,181.728
2021-11-25 03:00:00+01:00,64.934,94.8,116.9815,176.776
2021-11-25 04:00:00+01:00,65.0,89.3,109.46,165.53449999999998
2021-11-25 05:00:00+01:00,64.966,84.2,102.9695,155.7705
2021-11-25 06:00:00+01:00,65.0,83.9,101.81,154.041
2021-11-25 07:00:00+01:00,65.0,103.5,125.4115,189.4475
2021-11-25 08:00:00+01:00,64.934,137.6,165.8545,250.0875
2021-11-25 09:00:00+01:00,63.166,126.0,149.1325,224.991
2021-11-25 10:00:00+01:00,59.966,101.6,117.3705,177.316
2021-11-25 11:00:00+01:00,58.334,101.6,116.3805,175.709
2021-11-25 12:00:00+01:00,56.834,93.4,106.584,160.995
2021-11-25 13:00:00+01:00,56.2,83.3,95.2925,144.0625
2021-11-25 14:00:00+01:00,56.592,89.7,102.1865,154.397
2021-11-25 15:00:00+01:00,56.867,101.7,115.96,175.0875
2021-11-25 16:00:00+01:00,57.133,117.2,134.463,202.781
2021-11-25 17:00:00+01:00,57.933,141.4,161.766,243.757
2021-11-25 18:00:00+01:00,58.867,165.9,189.379,285.179
2021-11-25 19:00:00+01:00,60.067,229.5,260.743,392.2055
2021-11-25 20:00:00+01:00,61.9,246.5,279.6495,420.567
2021-11-25 21:00:00+01:00,63.0,257.5,291.432,438.208
2021-11-25 22:00:00+01:00,63.7,245.6,278.1605,418.317
2021-11-25 23:00:00+01:00,64.434,220.9,251.1985,377.997
2021-11-26 00:00:00+01:00,65.4,240.1,272.3455,409.6575
2021-11-26 01:00:00+01:00,64.633,189.1,216.6885,326.3455
2021-11-26 02:00:00+01:00,65.0,191.5,219.0795,329.963
2021-11-26 03:00:00+01:00,65.0,147.7,169.168,254.917
2021-11-26 04:00:00+01:00,65.0,127.8,146.7585,221.209
2021-11-26 05:00:00+01:00,65.5,117.4,134.272,202.365
2021-11-26 06:00:00+01:00,66.767,116.4,133.147,200.77
2021-11-26 07:00:00+01:00,69.034,140.0,160.5855,242.104
2021-11-26 08:00:00+01:00,70.834,169.3,192.8925,290.6495
2021-11-26 09:00:00+01:00,71.066,145.6,165.2395,248.999
2021-11-26 10:00:00+01:00,70.934,160.4,181.0215,272.685
2021-11-26 11:00:00+01:00,70.566,160.4,181.134,272.84450000000004
2021-11-26 12:00:00+01:00,69.4,171.0,193.321,291.0875
2021-11-26 13:00:00+01:00,67.933,128.5,144.8175,218.3485
2021-11-26 14:00:00+01:00,67.233,74.7,85.041,128.648
2021-11-26 15:00:00+01:00,66.733,78.1,88.74,134.209
2021-11-26 16:00:00+01:00,66.0,85.5,97.6975,147.66649999999998
2021-11-26 17:00:00+01:00,67.5,106.1,121.271,183.0215
2021-11-26 18:00:00+01:00,70.066,104.1,118.958,179.53050000000002
2021-11-26 19:00:00+01:00,70.133,91.5,105.151,158.8395
2021-11-26 20:00:00+01:00,70.533,108.1,124.4425,187.7555
2021-11-26 21:00:00+01:00,70.034,65.8,75.812,114.7935
2021-11-26 22:00:00+01:00,71.367,47.9,56.1785,84.127
2021-11-26 23:00:00+01:00,72.466,30.8,43.096,54.2925
2021-11-27 00:00:00+01:00,72.533,35.3,46.362,62.384
2021-11-27 01:00:00+01:00,72.834,22.2,35.3345,39.382
2021-11-27 02:00:00+01:00,72.8,27.4,40.3925,48.453
2021-11-27 03:00:00+01:00,72.633,26.9,39.865,47.4295
2021-11-27 04:00:00+01:00,72.1,23.0,36.086,40.5595
2021-11-27 05:00:00+01:00,72.0,19.2,31.916,33.637
2021-11-27 06:00:00+01:00,71.9,23.6,36.768,41.979
2021-11-27 07:00:00+01:00,71.0,30.7,43.1115,54.456
2021-11-27 08:00:00+01:00,71.0,40.9,50.4225,72.1785
2021-11-27 09:00:00+01:00,71.166,43.6,51.8005,75.2515
2021-11-27 10:00:00+01:00,71.5,42.9,51.2045,74.48400000000001
2021-11-27 11:00:00+01:00,70.667,53.5,60.9115,92.2825
2021-11-27 12:00:00+01:00,70.367,61.4,69.374,105.166
2021-11-27 13:00:00+01:00,68.3,63.0,71.203,107.9435
2021-11-27 14:00:00+01:00,61.867,59.8,67.965,103.029
2021-11-27 15:00:00+01:00,63.0,60.3,68.353,103.61
2021-11-27 16:00:00+01:00,66.934,60.8,68.64,104.074
2021-11-27 17:00:00+01:00,67.0,66.9,75.75999999999999,114.7965
2021-11-27 18:00:00+01:00,68.466,86.3,98.229,148.44299999999998
2021-11-27 19:00:00+01:00,70.966,86.4,98.6305,149.059
2021-11-27 20:00:00+01:00,72.8,103.0,117.6095,177.5205
2021-11-27 21:00:00+01:00,72.7,138.7,157.64749999999998,237.622
2021-11-27 22:00:00+01:00,73.233,137.3,156.7655,236.2665
2021-11-27 23:00:00+01:00,73.367,114.0,129.728,195.705
2021-11-28 00:00:00+01:00,72.834,167.1,189.059,284.7125
2021-11-28 01:00:00+01:00,73.0,166.2,188.005,283.1565
2021-11-28 02:00:00+01:00,73.0,146.9,166.5915,251.022
2021-11-28 03:00:00+01:00,72.834,116.5,132.4955,199.8755
2021-11-28 04:00:00+01:00,72.4,98.3,112.365,169.671
2021-11-28 05:00:00+01:00,72.0,108.2,123.42,186.223
2021-11-28 06:00:00+01:00,71.966,108.6,124.1795,187.393
2021-11-28 07:00:00+01:00,72.534,98.6,113.2945,171.42649999999998
2021-11-28 08:00:00+01:00,73.733,92.5,106.311,160.0195
2021-11-28 09:00:00+01:00,62.466,2.7,3.1135,3.1135
2021-11-28 10:00:00+01:00,48.3,1.9,1.996,1.998
2021-11-28 11:00:00+01:00,47.2,3.0,3.9745,3.9745
2021-11-28 12:00:00+01:00,60.933,18.1,29.8975,31.599000000000004
2021-11-28 13:00:00+01:00,71.425,26.7,38.6225,46.0915
2021-11-28 14:00:00+01:00,74.233,54.8,65.039,96.2275
2021-11-28 15:00:00+01:00,74.3,21.7,33.83,38.0605
2021-11-28 16:00:00+01:00,75.067,28.5,40.252,50.3765
2021-11-28 17:00:00+01:00,74.467,24.3,37.143,43.3465
2021-11-28 18:00:00+01:00,72.5,18.5,30.757,32.7015
2021-11-28 19:00:00+01:00,72.267,20.0,32.2005,35.897
2021-11-28 20:00:00+01:00,72.967,26.7,38.918,47.4245
2021-11-28 21:00:00+01:00,72.566,49.3,60.628,88.3835
2021-11-28 22:00:00+01:00,73.0,32.1,44.7865,57.893
2021-11-28 23:00:00+01:00,72.534,29.9,42.5615,53.6395
2021-11-29 00:00:00+01:00,72.267,29.6,42.5155,52.7095
2021-11-29 01:00:00+01:00,72.0,37.1,48.212,65.34
2021-11-29 02:00:00+01:00,71.933,35.0,46.666,62.25450000000001
2021-11-29 03:00:00+01:00,71.867,35.7,48.021,64.8055
2021-11-29 04:00:00+01:00,71.433,28.8,43.46,53.268
2021-11-29 05:00:00+01:00,72.4,30.9,45.9295,58.32599999999999
2021-11-29 06:00:00+01:00,72.0,38.5,51.71,72.2355
2021-11-29 07:00:00+01:00,71.834,35.2,49.209,65.7835
2021-11-29 08:00:00+01:00,70.5,25.7,40.6275,47.813
2021-11-29 09:00:00+01:00,70.666,28.5,42.377,51.7105
2021-11-29 10:00:00+01:00,68.508,35.0,47.253,61.7365
2021-11-29 11:00:00+01:00,65.356,31.2,43.391000000000005,55.02
2021-11-29 12:00:00+01:00,63.034,20.0,33.4605,36.1295
2021-11-29 13:00:00+01:00,65.133,22.8,36.317,41.6385
2021-11-29 14:00:00+01:00,64.667,31.0,44.005,55.3185
2021-11-29 15:00:00+01:00,63.233,37.0,48.494,66.112
2021-11-29 16:00:00+01:00,62.867,47.3,56.552,84.987
2021-11-29 17:00:00+01:00,63.234,73.0,87.0175,130.9695
2021-11-29 18:00:00+01:00,64.0,74.1,87.87100000000001,133.094
2021-11-29 19:00:00+01:00,63.534,79.1,94.387,142.14999999999998
2021-11-29 20:00:00+01:00,62.966,135.5,161.98950000000002,244.262
2021-11-29 21:00:00+01:00,64.966,120.3,144.88600000000002,218.6575
2021-11-29 22:00:00+01:00,65.534,139.8,169.2975,255.2465
2021-11-29 23:00:00+01:00,63.367,58.7,72.28999999999999,107.823
2021-11-30 00:00:00+01:00,62.034,90.6,110.97,167.69549999999998
2021-11-30 01:00:00+01:00,61.1,42.8,56.077,79.513
2021-11-30 02:00:00+01:00,62.733,29.5,43.818,55.049
2021-11-30 03:00:00+01:00,62.633,32.7,47.2805,62.188500000000005
2021-11-30 04:00:00+01:00,64.067,32.8,48.3335,62.893
2021-11-30 05:00:00+01:00,65.834,32.6,48.79600000000001,63.2615
2021-11-30 06:00:00+01:00,66.0,31.2,47.7045,60.6905
2021-11-30 07:00:00+01:00,65.566,68.4,88.265,133.131
2021-11-30 08:00:00+01:00,63.834,37.8,52.534,72.634
2021-11-30 09:00:00+01:00,60.633,60.2,76.8065,114.408
2021-11-30 10:00:00+01:00,56.233,55.1,69.6905,102.0925
2021-11-30 11:00:00+01:00,46.067,16.2,26.114,27.866
2021-11-30 12:00:00+01:00,33.711,4.8,7.2475,7.2475
2021-11-30 13:00:00+01:00,30.767,5.1,7.444000000000001,7.7255
2021-11-30 14:00:00+01:00,30.9,4.9,7.378500000000001,7.378500000000001
2021-11-30 15:00:00+01:00,32.767,8.0,13.108,13.109
2021-11-30 16:00:00+01:00,34.367,9.2,15.629,15.6475
2021-11-30 17:00:00+01:00,35.533,8.4,14.17,14.1765
2021-11-30 18:00:00+01:00,34.9,5.5,8.7335,8.7335
2021-11-30 19:00:00+01:00,37.166,5.8,9.1975,9.1985
2021-11-30 20:00:00+01:00,38.867,7.0,11.297,11.297
2021-11-30 21:00:00+01:00,37.9,7.0,11.256,11.256
2021-11-30 22:00:00+01:00,36.4,4.7,6.969,6.969
2021-11-30 23:00:00+01:00,35.6,3.2,4.162,4.162
2021-12-01 00:00:00+01:00,36.0,1.8,1.71,1.71
2021-12-01 01:00:00+01:00,35.367,1.4,1.0335,1.0335
2021-12-01 02:00:00+01:00,35.2,1.6,1.379,1.379
2021-12-01 03:00:00+01:00,36.0,1.8,1.6845,1.6845
2021-12-01 04:00:00+01:00,35.867,1.7,1.573,1.573
2021-12-01 05:00:00+01:00,37.567,2.5,3.053,3.053
2021-12-01 06:00:00+01:00,39.534,5.6,8.7315,8.7315
2021-12-01 07:00:00+01:00,41.133,10.5,17.505,17.92
2021-12-01 08:00:00+01:00,40.017,7.0,11.0445,11.2505
2021-12-01 09:00:00+01:00,38.875,6.5,10.445,10.4715
2021-12-01 10:00:00+01:00,36.892,4.1,6.0335,6.0335
2021-12-01 11:00:00+01:00,36.225,4.0,5.8445,5.8445
2021-12-01 12:00:00+01:00,35.233,3.6,5.1385000000000005,5.141500000000001
2021-12-01 13:00:00+01:00,35.367,3.1,4.13,4.13
2021-12-01 14:00:00+01:00,36.0,3.5,4.9615,4.966
2021-12-01 15:00:00+01:00,35.133,5.5,8.5105,8.5315
2021-12-01 16:00:00+01:00,36.567,7.5,12.426,12.429
2021-12-01 17:00:00+01:00,38.5,7.0,11.411,11.411
2021-12-01 18:00:00+01:00,39.3,5.1,7.786,7.786
2021-12-01 19:00:00+01:00,38.0,4.5,6.6585,6.6585
2021-12-01 20:00:00+01:00,37.6,3.9,5.6005,5.6005
2021-12-01 21:00:00+01:00,40.0,3.6,5.0585,5.0585
2021-12-01 22:00:00+01:00,40.466,2.3,2.6415,2.6415
2021-12-01 23:00:00+01:00,39.567,1.8,1.6909999999999998,1.6909999999999998
2021-12-02 00:00:00+01:00,40.433,1.6,1.455,1.455
2021-12-02 01:00:00+01:00,42.6,2.4,2.9045,2.9045
2021-12-02 02:00:00+01:00,46.334,8.4,14.0,14.0
2021-12-02 03:00:00+01:00,48.3,6.2,9.876,9.876
2021-12-02 04:00:00+01:00,49.0,1.7,1.604,1.604
2021-12-02 05:00:00+01:00,48.2,1.0,0.5935,0.5935
2021-12-02 06:00:00+01:00,46.933,2.1,2.309,2.309
2021-12-02 07:00:00+01:00,46.334,8.1,11.9215,13.154
2021-12-02 08:00:00+01:00,46.3,18.3,29.3095,32.175
2021-12-02 09:00:00+01:00,42.784,5.2,7.965,7.965
2021-12-02 10:00:00+01:00,38.867,2.1,2.4130000000000003,2.4155
2021-12-02 11:00:00+01:00,37.608,2.3,2.7055,2.7055
2021-12-02 12:00:00+01:00,37.025,2.8,3.6855,3.6855
2021-12-02 13:00:00+01:00,36.767,1.9,2.036,2.036
2021-12-02 14:00:00+01:00,36.9,2.2,2.7585,2.7585
2021-12-02 15:00:00+01:00,37.4,3.7,5.3855,5.406000000000001
2021-12-02 16:00:00+01:00,39.233,4.6,7.002000000000001,7.0105
2021-12-02 17:00:00+01:00,40.267,9.7,15.935,16.319
2021-12-02 18:00:00+01:00,42.8,6.2,9.8775,9.881
2021-12-02 19:00:00+01:00,43.1,5.2,8.094,8.094
2021-12-02 20:00:00+01:00,44.733,6.7,10.741,10.741
2021-12-02 21:00:00+01:00,63.966,6.2,9.734,9.7365
2021-12-02 22:00:00+01:00,75.333,4.7,6.8525,6.8525
2021-12-02 23:00:00+01:00,71.333,2.2,2.4865,2.4865
2021-12-03 00:00:00+01:00,70.7,2.0,2.255,2.255
2021-12-03 01:00:00+01:00,71.133,1.7,1.806,1.806
2021-12-03 02:00:00+01:00,70.934,1.6,1.5605000000000002,1.5605000000000002
2021-12-03 03:00:00+01:00,70.4,0.8,0.4795,0.4795
2021-12-03 04:00:00+01:00,69.767,1.1,0.927,0.927
2021-12-03 05:00:00+01:00,69.966,3.5,4.746,4.746
2021-12-03 06:00:00+01:00,70.0,5.0,7.7325,7.7325
2021-12-03 07:00:00+01:00,70.0,10.0,16.955,16.955
2021-12-03 08:00:00+01:00,69.767,19.9,31.089,35.087
2021-12-03 09:00:00+01:00,69.066,21.7,34.200500000000005,38.3245
2021-12-03 10:00:00+01:00,68.0,42.3,53.4415,75.0505
2021-12-03 11:00:00+01:00,65.989,37.0,47.7475,64.57900000000001
2021-12-03 12:00:00+01:00,61.359,27.9,40.3825,48.898
2021-12-03 13:00:00+01:00,54.942,27.1,39.479,47.326
2021-12-03 14:00:00+01:00,51.267,26.3,38.835,45.9095
2021-12-03 15:00:00+01:00,50.2,25.1,37.748000000000005,44.0125
2021-12-03 16:00:00+01:00,55.833,58.5,68.42150000000001,103.392
2021-12-03 17:00:00+01:00,61.7,66.2,78.2175,118.5085
2021-12-03 18:00:00+01:00,63.6,69.0,83.4085,126.37
2021-12-03 19:00:00+01:00,65.5,68.2,83.503,126.5435
2021-12-03 20:00:00+01:00,65.5,121.3,150.4575,227.0445
2021-12-03 21:00:00+01:00,65.733,114.9,145.492,219.5755
2021-12-03 22:00:00+01:00,68.1,101.4,130.8985,197.6985
2021-12-03 23:00:00+01:00,65.934,53.4,71.624,101.4905
2021-12-04 00:00:00+01:00,64.934,45.7,61.444500000000005,88.0395
2021-12-04 01:00:00+01:00,65.1,69.0,89.00999999999999,134.77949999999998
2021-12-04 02:00:00+01:00,64.166,32.3,47.6065,62.7485
2021-12-04 03:00:00+01:00,64.166,39.7,56.255,78.7345
2021-12-04 04:00:00+01:00,65.934,38.8,55.0395,77.4625
2021-12-04 05:00:00+01:00,65.466,36.3,52.806,72.03
2021-12-04 06:00:00+01:00,65.6,41.2,57.134,81.994
2021-12-04 07:00:00+01:00,65.133,47.3,64.52799999999999,94.641
2021-12-04 08:00:00+01:00,64.367,40.3,57.0345,79.8885
2021-12-04 09:00:00+01:00,60.466,40.8,55.67,79.017
2021-12-04 10:00:00+01:00,58.3,50.5,64.44800000000001,96.3435
2021-12-04 11:00:00+01:00,52.1,59.4,73.0025,110.6815
2021-12-04 12:00:00+01:00,47.966,74.3,88.309,133.7635
2021-12-04 13:00:00+01:00,49.867,49.5,59.226,87.507
2021-12-04 14:00:00+01:00,48.667,58.0,68.398,102.1765
2021-12-04 15:00:00+01:00,48.867,94.6,110.1315,166.351
2021-12-04 16:00:00+01:00,53.334,119.0,140.02800000000002,211.2595
2021-12-04 17:00:00+01:00,57.8,215.2,255.9435,385.1785
2021-12-04 18:00:00+01:00,60.633,205.7,249.75,375.9385
2021-12-04 19:00:00+01:00,62.233,187.8,229.9195,346.1825
2021-12-04 20:00:00+01:00,63.0,267.0,329.1615,495.056
2021-12-04 21:00:00+01:00,62.7,205.8,256.0,385.3265
2021-12-04 22:00:00+01:00,62.334,176.1,219.7095,330.868
2021-12-04 23:00:00+01:00,62.0,170.7,211.3665,318.395
2021-12-05 00:00:00+01:00,62.0,182.5,222.9305,335.716
2021-12-05 01:00:00+01:00,62.4,179.3,219.5505,330.6335
2021-12-05 02:00:00+01:00,61.7,110.2,134.8415,203.5685
2021-12-05 03:00:00+01:00,64.6,101.6,125.1195,189.0005
2021-12-05 04:00:00+01:00,67.166,79.1,97.198,147.109
2021-12-05 05:00:00+01:00,66.9,78.7,96.1935,145.5895
2021-12-05 06:00:00+01:00,67.8,88.7,107.9405,163.16649999999998
2021-12-05 07:00:00+01:00,68.1,99.0,120.4885,182.046
2021-12-05 08:00:00+01:00,69.1,116.2,141.1535,213.0655
2021-12-05 09:00:00+01:00,71.067,117.9,142.864,215.588
2021-12-05 10:00:00+01:00,70.767,140.5,163.5045,246.4715
2021-12-05 11:00:00+01:00,69.334,146.7,167.3745,252.1805
2021-12-05 12:00:00+01:00,67.6,136.1,155.18,233.927
2021-12-05 13:00:00+01:00,63.933,143.7,163.62099999999998,246.5495
2021-12-05 14:00:00+01:00,68.934,125.1,142.3635,214.6005
2021-12-05 15:00:00+01:00,76.0,122.8,139.0255,209.596
2021-12-05 16:00:00+01:00,79.834,42.9,52.38549999999999,75.8725
2021-12-05 17:00:00+01:00,76.367,48.0,58.629000000000005,85.15899999999999
2021-12-05 18:00:00+01:00,73.566,68.6,80.833,122.2825
2021-12-05 19:00:00+01:00,72.433,66.4,79.793,118.035
2021-12-05 20:00:00+01:00,72.267,44.7,57.065,79.0315
2021-12-05 21:00:00+01:00,71.867,65.5,80.5375,116.7805
2021-12-05 22:00:00+01:00,72.767,77.5,90.4045,136.8135
2021-12-05 23:00:00+01:00,71.367,33.9,45.173,58.887
2021-12-06 00:00:00+01:00,70.966,27.0,39.262,46.7995
2021-12-06 01:00:00+01:00,70.1,15.6,26.0835,26.3455
2021-12-06 02:00:00+01:00,70.233,14.9,24.972,24.9995
2021-12-06 03:00:00+01:00,71.1,15.5,26.798,26.885
2021-12-06 04:00:00+01:00,71.8,18.7,30.4975,32.643
2021-12-06 05:00:00+01:00,71.934,26.0,39.469,46.3435
2021-12-06 06:00:00+01:00,70.633,27.0,40.2255,47.848
2021-12-06 07:00:00+01:00,68.666,35.5,47.583,63.345
2021-12-06 08:00:00+01:00,67.6,36.1,48.7085,64.214
2021-12-06 09:00:00+01:00,65.867,40.1,51.096,71.342
2021-12-06 10:00:00+01:00,63.859,40.9,52.7095,72.70249999999999
2021-12-06 11:00:00+01:00,64.508,31.9,44.6745,57.3225
2021-12-06 12:00:00+01:00,64.183,29.3,42.51349999999999,52.3605
2021-12-06 13:00:00+01:00,62.133,29.9,42.7905,53.4545
2021-12-06 14:00:00+01:00,61.541,34.3,46.396,61.0365
2021-12-06 15:00:00+01:00,61.267,41.9,52.207,74.9125
2021-12-06 16:00:00+01:00,61.0,44.2,54.2095,78.646
2021-12-06 17:00:00+01:00,60.767,50.0,59.0435,88.951
2021-12-06 18:00:00+01:00,59.966,43.8,54.0175,77.18549999999999
2021-12-06 19:00:00+01:00,58.767,52.4,61.685500000000005,93.119
2021-12-06 20:00:00+01:00,55.767,39.2,49.707,69.797
2021-12-06 21:00:00+01:00,53.934,39.2,49.819,69.82900000000001
2021-12-06 22:00:00+01:00,52.534,31.1,43.038,54.866
2021-12-06 23:00:00+01:00,54.767,41.1,51.125,73.28800000000001
2021-12-07 00:00:00+01:00,59.466,62.2,74.5865,111.9375
2021-12-07 01:00:00+01:00,60.767,46.4,59.980500000000006,83.995
2021-12-07 02:00:00+01:00,60.733,48.8,61.27,89.5865
2021-12-07 03:00:00+01:00,63.133,26.7,41.5525,49.4275
2021-12-07 04:00:00+01:00,64.0,31.4,46.39,58.7105
2021-12-07 05:00:00+01:00,65.034,43.5,57.387,82.98150000000001
2021-12-07 06:00:00+01:00,65.1,52.8,66.4725,100.9575
2021-12-07 07:00:00+01:00,64.566,60.4,75.813,114.132
2021-12-07 08:00:00+01:00,60.1,32.8,46.4435,60.177
2021-12-07 09:00:00+01:00,56.6,43.8,54.203,79.476
2021-12-07 10:00:00+01:00,55.9,42.7,54.2035,77.026
2021-12-07 11:00:00+01:00,53.7,34.3,46.396,61.1315
2021-12-07 12:00:00+01:00,52.7,35.6,47.1405,62.9305
2021-12-07 13:00:00+01:00,50.9,30.6,43.309,54.1275
2021-12-07 14:00:00+01:00,50.5,33.3,45.120000000000005,58.661
2021-12-07 15:00:00+01:00,50.434,33.5,45.839,59.765
2021-12-07 16:00:00+01:00,52.034,46.7,57.854,84.6435
2021-12-07 17:00:00+01:00,54.534,56.0,67.3715,102.361
2021-12-07 18:00:00+01:00,53.533,50.8,62.298,92.676
2021-12-07 19:00:00+01:00,56.567,128.4,157.4185,237.436
2021-12-07 20:00:00+01:00,57.666,119.4,146.4385,220.9595
2021-12-07 21:00:00+01:00,58.6,118.0,144.8255,218.564
2021-12-07 22:00:00+01:00,59.466,72.1,89.3955,135.4075
2021-12-07 23:00:00+01:00,61.267,125.2,157.8105,238.0305
2021-12-08 00:00:00+01:00,63.233,92.3,117.6175,177.7755
2021-12-08 01:00:00+01:00,64.0,46.3,59.931,89.1685
2021-12-08 02:00:00+01:00,63.3,31.4,47.341,60.325
2021-12-08 03:00:00+01:00,63.0,30.9,47.1995,59.48
2021-12-08 04:00:00+01:00,62.567,23.7,40.226,45.662000000000006
2021-12-08 05:00:00+01:00,61.067,20.1,36.018,38.672
2021-12-08 06:00:00+01:00,60.3,46.6,66.57849999999999,92.2185
2021-12-08 07:00:00+01:00,63.834,125.4,166.057,250.4795
2021-12-08 08:00:00+01:00,62.161,40.7,58.1625,80.0425
2021-12-08 09:00:00+01:00,56.158,38.4,52.1245,72.918
2021-12-08 10:00:00+01:00,51.034,41.3,53.4245,77.03049999999999
2021-12-08 11:00:00+01:00,47.3,49.7,59.7585,90.586
2021-12-08 12:00:00+01:00,43.233,35.6,47.047,63.8485
2021-12-08 13:00:00+01:00,41.934,35.5,46.968,63.8045
2021-12-08 14:00:00+01:00,43.216,80.8,94.6905,142.024
2021-12-08 15:00:00+01:00,43.633,72.3,84.0985,127.2725
2021-12-08 16:00:00+01:00,47.867,89.9,104.82,158.607
2021-12-08 17:00:00+01:00,48.867,123.6,145.256,219.2325
2021-12-08 18:00:00+01:00,51.3,181.0,214.411,322.892
2021-12-08 19:00:00+01:00,52.367,163.0,194.6665,293.2755
2021-12-08 20:00:00+01:00,51.966,108.1,129.7085,195.806
2021-12-08 21:00:00+01:00,53.566,125.4,151.10500000000002,227.9005
2021-12-08 22:00:00+01:00,55.933,140.8,170.597,257.189
2021-12-08 23:00:00+01:00,55.166,98.6,119.474,180.5
2021-12-09 00:00:00+01:00,55.4,76.8,93.6575,141.726
2021-12-09 01:00:00+01:00,55.933,80.7,97.741,147.8955
2021-12-09 02:00:00+01:00,58.534,101.8,124.011,187.337
2021-12-09 03:00:00+01:00,59.567,56.7,69.53,105.5555
2021-12-09 04:00:00+01:00,60.867,68.4,84.0505,127.344
2021-12-09 05:00:00+01:00,62.067,62.9,77.4245,117.422
2021-12-09 06:00:00+01:00,61.8,55.8,67.90299999999999,103.1795
2021-12-09 07:00:00+01:00,61.334,76.9,92.323,139.7655
2021-12-09 08:00:00+01:00,67.633,54.7,65.2285,98.781
2021-12-09 09:00:00+01:00,69.008,60.6,72.68350000000001,108.9945
2021-12-09 10:00:00+01:00,69.8,77.7,92.6375,140.1205
2021-12-09 11:00:00+01:00,71.166,75.0,88.978,134.7635
2021-12-09 12:00:00+01:00,70.934,77.2,91.3795,138.3795
2021-12-09 13:00:00+01:00,71.3,82.2,98.161,148.581
2021-12-09 14:00:00+01:00,71.767,45.1,57.3355,81.6895
2021-12-09 15:00:00+01:00,70.2,40.6,51.309,72.78999999999999
2021-12-09 16:00:00+01:00,70.133,43.8,53.941,78.597
2021-12-09 17:00:00+01:00,71.3,49.4,59.7855,89.51750000000001
2021-12-09 18:00:00+01:00,70.633,46.3,56.5685,84.273
2021-12-09 19:00:00+01:00,69.1,46.6,56.717,84.813
2021-12-09 20:00:00+01:00,67.767,38.9,50.7205,70.5295
2021-12-09 21:00:00+01:00,68.0,32.8,46.281,59.263000000000005
2021-12-09 22:00:00+01:00,67.233,32.4,45.9135,58.672
2021-12-09 23:00:00+01:00,66.7,32.4,45.98,58.587
2021-12-10 00:00:00+01:00,66.1,33.6,46.8435,60.9395
2021-12-10 01:00:00+01:00,66.133,34.3,47.459,62.5435
2021-12-10 02:00:00+01:00,66.533,35.3,48.1815,64.2565
2021-12-10 03:00:00+01:00,66.334,36.8,49.128,66.80199999999999
2021-12-10 04:00:00+01:00,66.334,40.0,51.375,72.65899999999999
2021-12-10 05:00:00+01:00,66.066,44.7,55.2775,81.3755
2021-12-10 06:00:00+01:00,66.433,51.3,62.556,94.005
2021-12-10 07:00:00+01:00,66.267,52.9,64.9035,97.477
2021-12-10 08:00:00+01:00,66.566,81.4,99.3285,150.286
2021-12-10 09:00:00+01:00,66.033,82.7,100.642,152.2465
2021-12-10 10:00:00+01:00,63.6,77.3,92.701,140.375
2021-12-10 11:00:00+01:00,61.1,54.4,64.259,97.2905
2021-12-10 12:00:00+01:00,63.3,58.9,70.3125,105.5765
2021-12-10 13:00:00+01:00,64.0,66.9,78.5695,119.123
2021-12-10 14:00:00+01:00,63.333,60.6,71.003,107.8535
2021-12-10 15:00:00+01:00,62.567,62.9,73.8945,112.1195
2021-12-10 16:00:00+01:00,62.567,46.5,57.7015,82.146
2021-12-10 17:00:00+01:00,62.567,28.6,41.332,50.224
2021-12-10 18:00:00+01:00,63.0,40.0,50.244,70.63900000000001
2021-12-10 19:00:00+01:00,63.466,52.6,61.984,93.99
2021-12-10 20:00:00+01:00,63.966,51.8,60.851,91.6595
2021-12-10 21:00:00+01:00,65.0,49.4,58.633,88.413
2021-12-10 22:00:00+01:00,66.767,46.1,56.30500000000001,84.037
2021-12-10 23:00:00+01:00,68.1,35.2,48.3215,64.8525
2021-12-11 00:00:00+01:00,68.867,31.8,46.05,58.9075
2021-12-11 01:00:00+01:00,69.1,39.1,52.4045,73.826
2021-12-11 02:00:00+01:00,70.534,35.7,50.0895,67.7325
2021-12-11 03:00:00+01:00,70.933,36.9,50.996,69.9805
2021-12-11 04:00:00+01:00,70.0,38.1,50.827,70.4165
2021-12-11 05:00:00+01:00,70.333,37.9,50.694,70.227
2021-12-11 06:00:00+01:00,70.4,32.4,46.4195,60.0745
2021-12-11 07:00:00+01:00,72.2,35.8,50.798,67.52600000000001
2021-12-11 08:00:00+01:00,71.8,35.9,49.8525,67.405
2021-12-11 09:00:00+01:00,71.233,52.6,65.482,99.0715
2021-12-11 10:00:00+01:00,71.067,61.1,74.559,113.15
2021-12-11 11:00:00+01:00,70.2,70.5,85.6985,129.817
2021-12-11 12:00:00+01:00,70.4,70.8,85.54650000000001,129.4865
2021-12-11 13:00:00+01:00,69.9,48.8,59.703500000000005,89.4945
2021-12-11 14:00:00+01:00,69.666,43.2,54.523,79.532
2021-12-11 15:00:00+01:00,70.034,58.0,70.44399999999999,106.2905
2021-12-11 16:00:00+01:00,69.966,68.5,83.91499999999999,127.126
2021-12-11 17:00:00+01:00,69.733,71.1,88.01050000000001,133.3365
2021-12-11 18:00:00+01:00,70.5,77.6,96.6045,146.203
2021-12-11 19:00:00+01:00,70.534,97.6,120.9955,182.831
2021-12-11 20:00:00+01:00,70.8,85.9,106.192,160.6105
2021-12-11 21:00:00+01:00,70.7,70.5,87.239,131.985
2021-12-11 22:00:00+01:00,70.367,39.1,51.43,72.2285
2021-12-11 23:00:00+01:00,69.633,32.5,46.284,59.506
2021-12-12 00:00:00+01:00,69.566,30.4,44.684,55.497
2021-12-12 01:00:00+01:00,67.533,19.3,33.143,35.005
2021-12-12 02:00:00+01:00,65.9,18.2,31.831,33.188
2021-12-12 03:00:00+01:00,62.467,18.1,32.005,33.1055
2021-12-12 04:00:00+01:00,58.7,16.7,29.477,29.843
2021-12-12 05:00:00+01:00,57.2,15.0,26.627,26.657
2021-12-12 06:00:00+01:00,55.633,14.6,26.336,26.3615
2021-12-12 07:00:00+01:00,54.2,16.3,28.9275,29.6775
2021-12-12 08:00:00+01:00,53.0,17.1,30.61,31.4155
2021-12-12 09:00:00+01:00,51.394,17.1,30.153,30.9905
2021-12-12 10:00:00+01:00,49.133,17.1,29.596,30.556
2021-12-12 11:00:00+01:00,47.967,17.9,30.499,32.2595
2021-12-12 12:00:00+01:00,46.867,18.9,31.62,33.5745
2021-12-12 13:00:00+01:00,45.1,16.9,28.3765,29.274
2021-12-12 14:00:00+01:00,45.466,19.7,31.888,34.347
2021-12-12 15:00:00+01:00,49.267,27.9,40.654,49.199
2021-12-12 16:00:00+01:00,51.0,29.6,42.7545,53.0235
2021-12-12 17:00:00+01:00,50.933,30.3,43.01,53.68300000000001
2021-12-12 18:00:00+01:00,49.966,31.5,44.0475,56.3055
2021-12-12 19:00:00+01:00,48.5,29.4,41.9125,52.4065
2021-12-12 20:00:00+01:00,47.233,30.3,42.4985,53.965
2021-12-12 21:00:00+01:00,46.433,19.9,31.888,34.9295
2021-12-12 22:00:00+01:00,46.233,13.3,22.671,22.7555
2021-12-12 23:00:00+01:00,47.233,13.0,22.396,22.433
2021-12-13 00:00:00+01:00,47.8,15.1,25.977,26.102
2021-12-13 01:00:00+01:00,48.433,16.6,28.7,29.1785
2021-12-13 02:00:00+01:00,51.7,14.3,25.4715,25.54
2021-12-13 03:00:00+01:00,53.567,12.2,21.7415,21.7415
2021-12-13 04:00:00+01:00,55.1,11.3,20.117,20.117
2021-12-13 05:00:00+01:00,57.934,19.0,32.929500000000004,36.1475
2021-12-13 06:00:00+01:00,60.4,29.8,46.3495,57.824
2021-12-13 07:00:00+01:00,61.433,34.0,49.414,65.4005
2021-12-13 08:00:00+01:00,57.978,33.7,47.915,63.26350000000001
2021-12-13 09:00:00+01:00,55.359,43.4,58.7265,80.771
2021-12-13 10:00:00+01:00,56.5,65.3,82.209,121.968
2021-12-13 11:00:00+01:00,54.966,76.2,95.034,139.84699999999998
2021-12-13 12:00:00+01:00,55.6,90.3,109.5225,165.5305
2021-12-13 13:00:00+01:00,55.733,54.0,64.329,97.497
2021-12-13 14:00:00+01:00,56.416,59.6,70.695,106.53
2021-12-13 15:00:00+01:00,56.433,66.7,79.263,119.4865
2021-12-13 16:00:00+01:00,57.633,44.8,54.596,80.42750000000001
2021-12-13 17:00:00+01:00,63.8,53.7,63.822,96.928
2021-12-13 18:00:00+01:00,65.0,47.3,56.7595,85.2265
2021-12-13 19:00:00+01:00,65.7,50.4,59.9215,90.9225
2021-12-13 20:00:00+01:00,66.7,82.0,97.6475,147.66
2021-12-13 21:00:00+01:00,67.434,98.8,117.7565,177.92700000000002
2021-12-13 22:00:00+01:00,67.966,51.2,60.989,92.279
2021-12-13 23:00:00+01:00,68.0,38.1,49.097,67.596
2021-12-14 00:00:00+01:00,68.0,39.9,50.856,70.98
2021-12-14 01:00:00+01:00,68.7,61.0,71.94,109.0165
2021-12-14 02:00:00+01:00,67.934,32.0,44.26049999999999,56.7425
2021-12-14 03:00:00+01:00,67.066,29.0,41.579,51.0915
2021-12-14 04:00:00+01:00,66.966,40.0,49.9555,70.72800000000001
2021-12-14 05:00:00+01:00,66.834,45.9,54.6005,81.229
2021-12-14 06:00:00+01:00,67.1,50.9,59.8925,90.8245
2021-12-14 07:00:00+01:00,66.2,62.8,73.426,110.939
2021-12-14 08:00:00+01:00,64.466,77.1,89.024,134.72
2021-12-14 09:00:00+01:00,64.1,62.0,72.636,108.6855
2021-12-14 10:00:00+01:00,60.4,35.3,45.9105,61.2785
2021-12-14 11:00:00+01:00,58.383,34.7,45.4085,60.155
2021-12-14 12:00:00+01:00,58.466,39.6,48.8455,68.374
2021-12-14 13:00:00+01:00,58.466,43.7,52.165,75.73750000000001
2021-12-14 14:00:00+01:00,58.85,43.8,52.2365,75.644
2021-12-14 15:00:00+01:00,59.808,33.3,44.5015,57.983
2021-12-14 16:00:00+01:00,62.1,32.9,44.0255,56.9875
2021-12-14 17:00:00+01:00,63.034,41.1,50.95,72.0675
2021-12-14 18:00:00+01:00,64.334,51.4,60.4235,89.88300000000001
2021-12-14 19:00:00+01:00,64.3,41.1,50.893,71.6005
2021-12-14 20:00:00+01:00,63.5,46.2,54.1535,80.542
2021-12-14 21:00:00+01:00,63.733,46.7,57.044,81.1805
2021-12-14 22:00:00+01:00,64.667,73.3,84.553,127.8955
2021-12-14 23:00:00+01:00,64.0,46.5,54.8865,80.5635
2021-12-15 00:00:00+01:00,63.2,33.9,45.0215,58.9365
2021-12-15 01:00:00+01:00,63.0,30.0,42.0565,51.9895
2021-12-15 02:00:00+01:00,62.666,34.6,45.561,60.1435
2021-12-15 03:00:00+01:00,62.1,35.0,45.775000000000006,60.706
2021-12-15 04:00:00+01:00,62.867,32.4,43.914,56.135000000000005
2021-12-15 05:00:00+01:00,63.4,32.2,43.782,55.7455
2021-12-15 06:00:00+01:00,64.233,43.7,52.5865,76.3365
2021-12-15 07:00:00+01:00,64.0,44.0,52.1655,76.49549999999999
2021-12-15 08:00:00+01:00,65.5,62.0,71.7475,108.607
2021-12-15 09:00:00+01:00,67.533,47.1,55.689,82.2865
2021-12-15 10:00:00+01:00,66.75,42.5,50.969,73.727
2021-12-15 11:00:00+01:00,67.084,57.4,66.1805,100.3025
2021-12-15 12:00:00+01:00,67.2,53.6,61.5755,93.158
2021-12-15 13:00:00+01:00,65.0,41.3,50.334,72.1725
2021-12-15 14:00:00+01:00,64.517,34.0,45.114,59.310500000000005
2021-12-15 15:00:00+01:00,65.784,42.3,51.5915,73.4515
2021-12-15 16:00:00+01:00,65.567,56.0,64.6575,97.3405
2021-12-15 17:00:00+01:00,64.166,68.1,78.074,118.221
2021-12-15 18:00:00+01:00,63.267,90.9,104.478,157.828
2021-12-15 19:00:00+01:00,65.6,90.7,104.1295,157.26
2021-12-15 20:00:00+01:00,66.434,93.9,107.69,162.62650000000002
2021-12-15 21:00:00+01:00,66.1,74.8,85.866,129.915
2021-12-15 22:00:00+01:00,67.0,93.7,107.571,162.496
2021-12-15 23:00:00+01:00,67.166,79.7,91.363,138.116
2021-12-16 00:00:00+01:00,68.5,51.8,58.9225,89.377
2021-12-16 01:00:00+01:00,68.5,48.5,55.2405,83.4105
2021-12-16 02:00:00+01:00,66.133,46.7,53.6475,80.30449999999999
2021-12-16 03:00:00+01:00,66.0,48.0,54.567,82.09700000000001
2021-12-16 04:00:00+01:00,66.0,45.2,52.607,77.0845
2021-12-16 05:00:00+01:00,66.034,46.7,54.199,80.217
2021-12-16 06:00:00+01:00,66.0,44.2,52.322,76.696
2021-12-16 07:00:00+01:00,65.267,78.6,89.9425,134.3275
2021-12-16 08:00:00+01:00,65.9,81.9,94.2,142.627
2021-12-16 09:00:00+01:00,67.2,76.6,89.3695,135.37400000000002
2021-12-16 10:00:00+01:00,62.166,50.9,59.378,88.1275
2021-12-16 11:00:00+01:00,57.534,40.7,49.435,69.856
2021-12-16 12:00:00+01:00,57.066,36.5,46.5365,62.816500000000005
2021-12-16 13:00:00+01:00,59.367,40.2,48.988,69.025
2021-12-16 14:00:00+01:00,62.758,50.2,57.6625,86.36500000000001
2021-12-16 15:00:00+01:00,66.4,47.8,55.462,82.9865
2021-12-16 16:00:00+01:00,66.466,47.7,55.19,83.0555
2021-12-16 17:00:00+01:00,66.0,53.8,61.7865,93.453
2021-12-16 18:00:00+01:00,65.633,45.5,53.046,78.6095
2021-12-16 19:00:00+01:00,67.434,48.5,55.934,84.178
2021-12-16 20:00:00+01:00,69.0,39.5,48.8445,68.2675
2021-12-16 21:00:00+01:00,68.934,37.7,47.556,65.282
2021-12-16 22:00:00+01:00,68.0,35.6,46.1295,61.67999999999999
2021-12-16 23:00:00+01:00,67.633,35.6,46.069,61.502
2021-12-17 00:00:00+01:00,67.434,34.1,45.005,59.289
2021-12-17 01:00:00+01:00,67.0,25.5,37.718,43.5225
2021-12-17 02:00:00+01:00,66.7,26.5,38.6485,45.2275
2021-12-17 03:00:00+01:00,68.167,27.1,39.231,46.286
2021-12-17 04:00:00+01:00,68.867,25.1,37.3245,42.799
2021-12-17 05:00:00+01:00,68.334,18.9,30.7995,32.1435
2021-12-17 06:00:00+01:00,66.8,18.2,29.9945,31.473
2021-12-17 07:00:00+01:00,66.466,31.9,43.7215,55.956
2021-12-17 08:00:00+01:00,66.267,37.3,47.6905,65.39699999999999
2021-12-17 09:00:00+01:00,64.422,60.4,70.0645,105.609
2021-12-17 10:00:00+01:00,60.3,77.1,89.259,135.0075
2021-12-17 11:00:00+01:00,55.258,51.5,63.859,90.0025
2021-12-17 12:00:00+01:00,52.6,19.0,30.724,32.7875
2021-12-17 13:00:00+01:00,50.166,19.6,31.6855,34.1035
2021-12-17 14:00:00+01:00,47.833,18.5,30.485,32.0795
2021-12-17 15:00:00+01:00,47.334,23.1,36.115,40.828500000000005
2021-12-17 16:00:00+01:00,49.7,35.2,46.383,62.3325
2021-12-17 17:00:00+01:00,53.466,42.0,51.200500000000005,73.7075
2021-12-17 18:00:00+01:00,52.234,30.7,41.958,54.0875
2021-12-17 19:00:00+01:00,53.767,82.9,96.537,145.9085
2021-12-17 20:00:00+01:00,53.4,87.5,102.0435,153.7545
2021-12-17 21:00:00+01:00,51.034,53.6,65.8375,94.603
2021-12-17 22:00:00+01:00,56.4,111.6,132.243,199.6615
2021-12-17 23:00:00+01:00,52.933,31.2,43.554,55.178
2021-12-18 00:00:00+01:00,50.933,17.3,28.7335,30.002
2021-12-18 01:00:00+01:00,51.534,13.4,22.9065,22.935
2021-12-18 02:00:00+01:00,52.867,10.8,18.046,18.046
2021-12-18 03:00:00+01:00,52.867,9.8,16.012500000000003,16.012500000000003
2021-12-18 04:00:00+01:00,51.7,8.8,14.24,14.241
2021-12-18 05:00:00+01:00,52.033,8.4,13.634,13.659
2021-12-18 06:00:00+01:00,52.267,9.7,16.022,16.022
2021-12-18 07:00:00+01:00,51.666,17.3,26.626,30.0605
2021-12-18 08:00:00+01:00,50.334,23.6,36.628,41.9865
2021-12-18 09:00:00+01:00,50.0,19.1,31.164,33.3805
2021-12-18 10:00:00+01:00,48.9,21.7,34.1535,37.99
2021-12-18 11:00:00+01:00,47.4,19.9,32.2355,34.742999999999995
2021-12-18 12:00:00+01:00,47.334,16.5,27.622,28.391
2021-12-18 13:00:00+01:00,45.566,21.0,32.3875,36.3555
2021-12-18 14:00:00+01:00,44.684,21.6,33.8815,37.6355
2021-12-18 15:00:00+01:00,45.067,26.5,38.805,46.3235
2021-12-18 16:00:00+01:00,47.2,51.8,64.1945,91.5175
2021-12-18 17:00:00+01:00,51.633,117.2,139.85750000000002,211.0335
2021-12-18 18:00:00+01:00,53.733,105.1,127.4885,192.443
2021-12-18 19:00:00+01:00,55.567,68.5,84.025,127.316
2021-12-18 20:00:00+01:00,57.267,64.7,80.21000000000001,121.685
2021-12-18 21:00:00+01:00,57.566,57.8,71.7525,108.6615
2021-12-18 22:00:00+01:00,57.034,43.6,54.979,80.9085
2021-12-18 23:00:00+01:00,56.7,41.3,53.117,76.6155
2021-12-19 00:00:00+01:00,56.334,38.8,51.419,71.8395
2021-12-19 01:00:00+01:00,56.067,40.1,53.018,74.00649999999999
2021-12-19 02:00:00+01:00,56.633,45.5,58.0275,84.449
2021-12-19 03:00:00+01:00,57.933,44.7,56.783,83.495
2021-12-19 04:00:00+01:00,58.3,38.9,51.2555,72.111
2021-12-19 05:00:00+01:00,57.367,34.9,48.237,64.485
2021-12-19 06:00:00+01:00,57.9,41.3,53.0985,76.706
2021-12-19 07:00:00+01:00,57.367,36.2,48.9375,66.428
2021-12-19 08:00:00+01:00,55.834,48.4,60.2775,88.9315
2021-12-19 09:00:00+01:00,54.2,49.9,60.1765,90.479
2021-12-19 10:00:00+01:00,49.133,45.0,54.937,80.64750000000001
2021-12-19 11:00:00+01:00,42.9,45.7,55.945,81.5415
2021-12-19 12:00:00+01:00,38.167,39.9,49.870000000000005,70.9855
2021-12-19 13:00:00+01:00,34.966,8.4,13.461,13.504
2021-12-19 14:00:00+01:00,34.475,9.0,14.6495,14.6495
2021-12-19 15:00:00+01:00,35.567,22.7,34.536500000000004,39.3005
2021-12-19 16:00:00+01:00,42.2,86.7,100.512,151.8595
2021-12-19 17:00:00+01:00,48.433,119.6,138.7455,209.198
2021-12-19 18:00:00+01:00,53.733,167.5,192.9605,290.565
2021-12-19 19:00:00+01:00,54.633,169.5,196.04,295.27250000000004
2021-12-19 20:00:00+01:00,57.433,181.7,213.8765,322.07050000000004
2021-12-19 21:00:00+01:00,59.334,219.8,262.2095,394.627
2021-12-19 22:00:00+01:00,60.633,228.8,275.8795,415.106
2021-12-19 23:00:00+01:00,62.133,243.0,297.014,446.8575
2021-12-20 00:00:00+01:00,63.133,192.1,237.461,357.503
2021-12-20 01:00:00+01:00,64.0,153.1,191.7975,288.998
2021-12-20 02:00:00+01:00,64.7,120.2,152.0555,228.843
2021-12-20 03:00:00+01:00,64.167,29.9,45.4335,57.1385
2021-12-20 04:00:00+01:00,63.5,56.6,72.0815,109.4555
2021-12-20 05:00:00+01:00,64.0,28.7,44.21,54.971
2021-12-20 06:00:00+01:00,63.434,29.3,45.2775,56.597
2021-12-20 07:00:00+01:00,63.567,52.5,68.09899999999999,102.229
2021-12-20 08:00:00+01:00,63.1,109.2,139.3605,210.377
2021-12-20 09:00:00+01:00,61.017,65.0,82.46350000000001,122.51
2021-12-20 10:00:00+01:00,57.267,55.5,66.756,101.485
2021-12-20 11:00:00+01:00,54.5,58.3,67.8675,102.921
2021-12-20 12:00:00+01:00,48.567,28.2,37.2815,49.355
2021-12-20 13:00:00+01:00,41.7,13.7,22.1535,23.478
2021-12-20 14:00:00+01:00,40.7,15.4,25.0535,26.6275
2021-12-20 15:00:00+01:00,39.133,24.1,34.415,42.5565
2021-12-20 16:00:00+01:00,41.934,63.6,74.91,112.831
2021-12-20 17:00:00+01:00,48.267,93.2,111.8535,169.0115
2021-12-20 18:00:00+01:00,52.8,112.7,138.24599999999998,208.6945
2021-12-20 19:00:00+01:00,55.6,85.7,106.9695,161.7515
2021-12-20 20:00:00+01:00,58.067,178.1,225.572,339.689
2021-12-20 21:00:00+01:00,59.034,158.2,201.683,303.879
2021-12-20 22:00:00+01:00,59.633,161.4,205.666,309.87
2021-12-20 23:00:00+01:00,57.766,72.0,90.817,137.572
2021-12-21 00:00:00+01:00,58.1,88.5,112.167,169.4145
2021-12-21 01:00:00+01:00,58.4,44.5,59.105,85.8615
2021-12-21 02:00:00+01:00,59.0,40.7,55.3355,78.82249999999999
2021-12-21 03:00:00+01:00,59.3,33.5,49.6945,65.4425
2021-12-21 04:00:00+01:00,59.0,27.4,44.7055,53.8895
2021-12-21 05:00:00+01:00,59.0,23.0,40.07899999999999,45.368
2021-12-21 06:00:00+01:00,59.3,47.2,64.934,94.0335
2021-12-21 07:00:00+01:00,60.567,59.0,79.529,118.4065
2021-12-21 08:00:00+01:00,59.534,45.7,60.96,90.9985
2021-12-21 09:00:00+01:00,56.583,53.9,69.144,104.443
2021-12-21 10:00:00+01:00,51.433,58.3,73.031,109.052
2021-12-21 11:00:00+01:00,43.066,17.8,29.1145,32.4575
2021-12-21 12:00:00+01:00,39.567,12.4,21.6525,21.7025
2021-12-21 13:00:00+01:00,37.8,11.5,19.6715,19.692
2021-12-21 14:00:00+01:00,36.034,11.0,18.634,18.9905
2021-12-21 15:00:00+01:00,38.266,21.6,34.0985,38.914
2021-12-21 16:00:00+01:00,39.733,23.8,38.0295,43.6955
2021-12-21 17:00:00+01:00,40.267,34.7,47.3055,63.888000000000005
2021-12-21 18:00:00+01:00,39.034,19.3,33.174,35.706
2021-12-21 19:00:00+01:00,39.7,35.5,49.7225,66.5795
2021-12-21 20:00:00+01:00,41.6,109.2,133.617,201.647
2021-12-21 21:00:00+01:00,43.933,138.8,170.8735,257.6195
2021-12-21 22:00:00+01:00,46.067,130.2,161.8655,244.1205
2021-12-21 23:00:00+01:00,45.867,89.3,111.6595,168.79149999999998
2021-12-22 00:00:00+01:00,45.834,78.6,97.957,148.238
2021-12-22 01:00:00+01:00,45.334,58.8,73.03049999999999,110.6765
2021-12-22 02:00:00+01:00,45.834,47.5,59.4265,89.869
2021-12-22 03:00:00+01:00,46.466,49.8,62.0545,94.1305
2021-12-22 04:00:00+01:00,47.433,49.3,61.5105,93.246
2021-12-22 05:00:00+01:00,47.4,45.8,57.8665,86.868
2021-12-22 06:00:00+01:00,47.9,52.8,66.1405,100.1695
2021-12-22 07:00:00+01:00,49.6,62.2,78.2685,118.7375
2021-12-22 08:00:00+01:00,48.133,56.9,71.2705,108.23
2021-12-22 09:00:00+01:00,47.267,62.2,77.7705,117.939
2021-12-22 10:00:00+01:00,45.3,68.8,85.1215,128.9905
2021-12-22 11:00:00+01:00,42.475,65.9,80.93299999999999,122.705
2021-12-22 12:00:00+01:00,42.666,62.7,76.715,116.318
2021-12-22 13:00:00+01:00,42.033,50.6,62.7705,93.3345
2021-12-22 14:00:00+01:00,41.1,41.9,53.3915,76.703
2021-12-22 15:00:00+01:00,41.0,41.9,53.056,76.66499999999999
2021-12-22 16:00:00+01:00,42.867,64.3,78.47800000000001,118.784
2021-12-22 17:00:00+01:00,44.3,70.6,86.0205,130.2935
2021-12-22 18:00:00+01:00,46.334,96.7,118.1775,178.5775
2021-12-22 19:00:00+01:00,49.767,128.5,158.837,239.557
2021-12-22 20:00:00+01:00,53.3,155.0,194.568,293.199
2021-12-22 21:00:00+01:00,54.966,224.8,285.285,429.273
2021-12-22 22:00:00+01:00,57.034,187.1,242.7415,365.514
2021-12-22 23:00:00+01:00,58.0,142.2,186.354,280.902
2021-12-23 00:00:00+01:00,58.4,101.4,134.00150000000002,202.414
2021-12-23 01:00:00+01:00,57.034,60.3,78.9565,119.8385
2021-12-23 02:00:00+01:00,58.233,103.6,138.493,209.1235
2021-12-23 03:00:00+01:00,60.133,114.3,155.34750000000005,234.4325
2021-12-23 04:00:00+01:00,61.0,107.7,146.477,221.115
2021-12-23 05:00:00+01:00,61.166,109.9,148.69799999999998,224.458
2021-12-23 06:00:00+01:00,61.3,125.9,171.507,258.6715
2021-12-23 07:00:00+01:00,59.933,105.2,141.361,213.452
2021-12-23 08:00:00+01:00,58.8,123.6,163.8435,247.1555
2021-12-23 09:00:00+01:00,57.733,151.4,197.27,297.271
2021-12-23 10:00:00+01:00,56.433,169.0,217.8455,328.1365
2021-12-23 11:00:00+01:00,53.867,141.1,176.093,265.4495
2021-12-23 12:00:00+01:00,52.534,137.7,168.639,254.2875
2021-12-23 13:00:00+01:00,51.567,141.9,171.546,258.5945
2021-12-23 14:00:00+01:00,49.334,140.3,166.7165,251.3295
2021-12-23 15:00:00+01:00,49.1,150.0,178.341,268.73
2021-12-23 16:00:00+01:00,51.1,177.5,211.493,318.565
2021-12-23 17:00:00+01:00,54.267,266.8,315.8855,475.1545
2021-12-23 18:00:00+01:00,56.7,341.9,404.697,608.3785
2021-12-23 19:00:00+01:00,58.034,386.8,463.4595,696.4905000000001
2021-12-23 20:00:00+01:00,59.666,361.8,441.992,664.367
2021-12-23 21:00:00+01:00,60.3,158.8,194.1295,288.9135
2021-12-23 22:00:00+01:00,54.034,22.3,33.4945,38.8565
2021-12-23 23:00:00+01:00,52.666,33.9,44.8985,59.359
2021-12-24 00:00:00+01:00,55.0,64.7,75.267,114.052
2021-12-24 01:00:00+01:00,58.05,88.6,104.35,157.777
2021-12-24 02:00:00+01:00,59.6,65.9,78.8715,117.694
2021-12-24 03:00:00+01:00,55.534,7.9,11.705,12.6455
2021-12-24 04:00:00+01:00,51.0,2.7,3.2965,3.2965
2021-12-24 05:00:00+01:00,51.0,3.3,4.231999999999999,4.231999999999999
2021-12-24 06:00:00+01:00,52.1,22.6,30.979,39.309
2021-12-24 07:00:00+01:00,53.734,45.0,56.953,79.509
2021-12-24 08:00:00+01:00,52.267,13.1,17.994,22.13
2021-12-24 09:00:00+01:00,46.7,5.5,8.574,8.574
2021-12-24 10:00:00+01:00,41.9,4.7,6.912,6.912
2021-12-24 11:00:00+01:00,39.2,3.2,4.301,4.301
2021-12-24 12:00:00+01:00,38.567,3.2,4.220000000000001,4.220000000000001
2021-12-24 13:00:00+01:00,38.166,3.7,5.095000000000001,5.095000000000001
2021-12-24 14:00:00+01:00,37.5,3.6,4.9165,4.9165
2021-12-24 15:00:00+01:00,38.733,4.0,5.739,5.74
2021-12-24 16:00:00+01:00,40.3,5.2,7.746,7.7915
2021-12-24 17:00:00+01:00,41.3,4.7,6.8325,6.8325
2021-12-24 18:00:00+01:00,42.0,3.6,4.9605,4.9605
2021-12-24 19:00:00+01:00,42.0,3.2,4.3155,4.3155
2021-12-24 20:00:00+01:00,41.966,4.1,5.7705,5.7705
2021-12-24 21:00:00+01:00,42.0,3.4,4.603,4.603
2021-12-24 22:00:00+01:00,42.0,2.7,3.3355,3.3355
2021-12-24 23:00:00+01:00,42.834,1.9,1.814,1.814
2021-12-25 00:00:00+01:00,42.566,1.8,1.871,1.871
2021-12-25 01:00:00+01:00,43.833,1.4,1.0815,1.0815
2021-12-25 02:00:00+01:00,45.1,1.1,0.7190000000000001,0.7190000000000001
2021-12-25 03:00:00+01:00,47.267,1.2,0.759,0.759
2021-12-25 04:00:00+01:00,46.534,0.9,0.3954999999999999,0.3954999999999999
2021-12-25 05:00:00+01:00,46.733,1.0,0.5415,0.5415
2021-12-25 06:00:00+01:00,46.534,1.7,1.608,1.608
2021-12-25 07:00:00+01:00,45.334,2.5,2.9665,2.9665
2021-12-25 08:00:00+01:00,45.0,3.4,4.5440000000000005,4.5440000000000005
2021-12-25 09:00:00+01:00,44.6,3.4,4.609,4.609
2021-12-25 10:00:00+01:00,43.333,3.5,4.744,4.744
2021-12-25 11:00:00+01:00,40.767,2.5,2.9695,2.9695
2021-12-25 12:00:00+01:00,40.267,3.1,4.064500000000001,4.064500000000001
2021-12-25 13:00:00+01:00,39.5,4.5,6.6485,6.6485
2021-12-25 14:00:00+01:00,39.5,6.4,10.0635,10.0635
2021-12-25 15:00:00+01:00,42.3,4.7,6.924,6.924
2021-12-25 16:00:00+01:00,45.534,8.5,14.008,14.009
2021-12-25 17:00:00+01:00,46.567,7.6,12.2795,12.28
2021-12-25 18:00:00+01:00,45.334,6.6,10.4175,10.4175
2021-12-25 19:00:00+01:00,55.133,18.3,28.64,32.043
2021-12-25 20:00:00+01:00,67.367,49.8,60.938,87.175
2021-12-25 21:00:00+01:00,69.566,85.7,98.9865,149.58749999999998
2021-12-25 22:00:00+01:00,70.034,90.8,104.3345,157.611
2021-12-25 23:00:00+01:00,70.1,75.5,87.0215,131.687
2021-12-26 00:00:00+01:00,71.466,59.5,68.25450000000001,103.4635
2021-12-26 01:00:00+01:00,71.233,57.1,65.6785,98.9645
2021-12-26 02:00:00+01:00,72.133,74.2,84.89099999999999,128.45850000000002
2021-12-26 03:00:00+01:00,72.1,54.7,64.39099999999999,94.286
2021-12-26 04:00:00+01:00,73.466,14.2,23.343,23.625
2021-12-26 05:00:00+01:00,73.833,10.1,16.45,16.45
2021-12-26 06:00:00+01:00,73.8,16.3,26.708,28.169
2021-12-26 07:00:00+01:00,73.466,12.5,20.21,21.0895
2021-12-26 08:00:00+01:00,73.934,18.9,30.563,32.6375
2021-12-26 09:00:00+01:00,71.966,12.6,21.1695,21.2185
2021-12-26 10:00:00+01:00,72.8,19.9,32.0375,34.7775
2021-12-26 11:00:00+01:00,72.166,18.9,30.9765,33.1465
2021-12-26 12:00:00+01:00,72.3,24.7,37.754000000000005,44.0535
2021-12-26 13:00:00+01:00,73.133,21.1,33.9635,37.5335
2021-12-26 14:00:00+01:00,72.133,18.4,29.945500000000003,32.7625
2021-12-26 15:00:00+01:00,72.133,18.6,31.17,33.4055
2021-12-26 16:00:00+01:00,72.534,20.2,33.159,36.814
2021-12-26 17:00:00+01:00,72.0,20.6,33.697,37.151
2021-12-26 18:00:00+01:00,71.966,20.9,33.816500000000005,37.637
2021-12-26 19:00:00+01:00,72.0,17.3,29.834,30.659
2021-12-26 20:00:00+01:00,72.034,22.5,36.341,40.8345
2021-12-26 21:00:00+01:00,72.267,34.5,47.809,63.532
2021-12-26 22:00:00+01:00,72.934,21.9,36.238,40.2145
2021-12-26 23:00:00+01:00,72.966,17.7,31.067500000000003,32.208
2021-12-27 00:00:00+01:00,73.267,16.8,29.527,30.247
2021-12-27 01:00:00+01:00,72.333,12.6,22.341,22.401
2021-12-27 02:00:00+01:00,72.867,23.3,37.2785,42.868
2021-12-27 03:00:00+01:00,72.034,19.9,34.581,36.9545
2021-12-27 04:00:00+01:00,72.0,19.8,34.539500000000004,36.892
2021-12-27 05:00:00+01:00,71.1,22.6,37.5645,42.2905
2021-12-27 06:00:00+01:00,71.0,37.1,50.506,69.1035
2021-12-27 07:00:00+01:00,70.8,39.7,55.543,74.298
2021-12-27 08:00:00+01:00,70.0,32.3,46.454,59.6825
2021-12-27 09:00:00+01:00,70.334,30.4,44.778,56.5935
2021-12-27 10:00:00+01:00,75.9,53.7,68.2875,99.208
2021-12-27 11:00:00+01:00,71.633,26.1,39.8365,47.687
2021-12-27 12:00:00+01:00,69.467,21.9,35.9755,39.821
2021-12-27 13:00:00+01:00,69.192,24.5,38.816,44.586
2021-12-27 14:00:00+01:00,67.934,23.3,37.105,42.183
2021-12-27 15:00:00+01:00,66.541,27.5,41.389,50.04
2021-12-27 16:00:00+01:00,65.267,34.2,47.2305,62.7055
2021-12-27 17:00:00+01:00,64.034,32.0,45.8095,59.012
2021-12-27 18:00:00+01:00,64.733,38.1,50.652,70.458
2021-12-27 19:00:00+01:00,64.6,39.7,51.931,73.10499999999999
2021-12-27 20:00:00+01:00,66.833,70.5,87.15899999999999,129.3255
2021-12-27 21:00:00+01:00,68.7,87.2,107.157,162.06650000000002
2021-12-27 22:00:00+01:00,69.233,87.2,106.5535,161.17700000000002
2021-12-27 23:00:00+01:00,67.966,67.8,83.08449999999999,125.899
2021-12-28 00:00:00+01:00,68.0,54.3,66.9375,100.569
2021-12-28 01:00:00+01:00,68.334,30.5,44.4985,55.9865
2021-12-28 02:00:00+01:00,68.933,19.1,32.454,35.0095
2021-12-28 03:00:00+01:00,69.0,19.7,33.8785,36.325500000000005
2021-12-28 04:00:00+01:00,69.2,16.3,29.101,29.68
2021-12-28 05:00:00+01:00,68.434,13.1,23.348,23.4415
2021-12-28 06:00:00+01:00,68.166,16.9,29.8775,30.8415
2021-12-28 07:00:00+01:00,67.1,21.9,35.8425,39.788
2021-12-28 08:00:00+01:00,67.067,34.2,47.3675,62.3475
2021-12-28 09:00:00+01:00,66.742,47.9,59.0745,87.695
2021-12-28 10:00:00+01:00,64.775,62.7,74.738,113.3475
2021-12-28 11:00:00+01:00,61.767,78.7,91.7815,138.917
2021-12-28 12:00:00+01:00,62.334,93.2,108.0715,163.44150000000002
2021-12-28 13:00:00+01:00,65.2,77.9,90.594,137.0735
2021-12-28 14:00:00+01:00,66.966,80.4,93.439,141.535
2021-12-28 15:00:00+01:00,68.867,89.7,105.0445,158.894
2021-12-28 16:00:00+01:00,69.367,92.2,108.4525,163.89999999999998
2021-12-28 17:00:00+01:00,69.733,100.2,117.9875,178.324
2021-12-28 18:00:00+01:00,69.267,108.7,128.011,193.176
2021-12-28 19:00:00+01:00,68.933,174.8,202.189,304.6175
2021-12-28 20:00:00+01:00,69.434,160.4,187.066,281.8275
2021-12-28 21:00:00+01:00,69.7,208.4,241.194,363.081
2021-12-28 22:00:00+01:00,68.6,164.6,191.0135,287.7825
2021-12-28 23:00:00+01:00,68.0,135.7,157.94400000000002,238.074
2021-12-29 00:00:00+01:00,68.0,134.8,157.554,237.6355
2021-12-29 01:00:00+01:00,68.133,120.0,139.4905,210.481
2021-12-29 02:00:00+01:00,72.633,147.9,172.94400000000002,260.704
2021-12-29 03:00:00+01:00,73.966,135.6,157.247,237.1235
2021-12-29 04:00:00+01:00,73.066,137.9,158.72899999999998,239.164
2021-12-29 05:00:00+01:00,73.567,126.3,145.39350000000002,219.133
2021-12-29 06:00:00+01:00,73.233,130.3,149.095,224.75
2021-12-29 07:00:00+01:00,73.0,126.8,144.589,217.9525
2021-12-29 08:00:00+01:00,73.0,125.9,143.53949999999998,216.414
2021-12-29 09:00:00+01:00,72.5,138.5,158.2495,238.4475
2021-12-29 10:00:00+01:00,72.334,170.7,193.58,291.479
2021-12-29 11:00:00+01:00,70.066,55.7,67.4685,96.299
2021-12-29 12:00:00+01:00,66.7,37.6,47.555,65.488
2021-12-29 13:00:00+01:00,64.666,56.0,64.3545,97.301
2021-12-29 14:00:00+01:00,61.917,54.8,62.995000000000005,95.4685
2021-12-29 15:00:00+01:00,62.234,59.8,68.82300000000001,104.3485
2021-12-29 16:00:00+01:00,64.733,56.5,65.259,98.951
2021-12-29 17:00:00+01:00,64.9,89.2,102.6135,155.0265
2021-12-29 18:00:00+01:00,66.233,143.8,165.398,249.186
2021-12-29 19:00:00+01:00,67.1,158.2,181.704,273.682
2021-12-29 20:00:00+01:00,67.867,251.2,283.9835,427.0535
2021-12-29 21:00:00+01:00,68.767,199.0,226.6405,341.01300000000003
2021-12-29 22:00:00+01:00,69.9,187.2,213.3625,321.1545
2021-12-29 23:00:00+01:00,70.667,212.1,243.099,365.8925
2021-12-30 00:00:00+01:00,70.633,164.1,187.463,282.345
2021-12-30 01:00:00+01:00,70.3,87.6,100.339,151.6015
2021-12-30 02:00:00+01:00,69.2,126.2,144.6735,218.122
2021-12-30 03:00:00+01:00,71.367,126.8,147.279,222.155
2021-12-30 04:00:00+01:00,70.367,58.3,68.5025,101.6305
2021-12-30 05:00:00+01:00,69.7,88.3,102.378,154.87599999999998
2021-12-30 06:00:00+01:00,70.167,58.5,68.435,102.8875
2021-12-30 07:00:00+01:00,68.733,60.8,70.8595,106.2915
2021-12-30 08:00:00+01:00,69.233,112.7,132.0065,199.2085
2021-12-30 09:00:00+01:00,70.458,128.0,150.5515,227.089
2021-12-30 10:00:00+01:00,70.144,125.8,146.5605,220.976
2021-12-30 11:00:00+01:00,66.733,136.5,157.1045,236.7655
2021-12-30 12:00:00+01:00,63.334,157.2,178.941,269.5265
2021-12-30 13:00:00+01:00,61.067,118.1,135.5885,204.5175
2021-12-30 14:00:00+01:00,57.566,74.9,86.78450000000001,131.2165
2021-12-30 15:00:00+01:00,57.433,170.9,193.9585,292.0445
2021-12-30 16:00:00+01:00,59.433,207.4,233.791,351.7595
2021-12-30 17:00:00+01:00,62.2,212.7,239.448,360.263
2021-12-30 18:00:00+01:00,64.5,243.5,273.1095,410.775
2021-12-30 19:00:00+01:00,66.1,249.0,279.4705,420.2720000000001
2021-12-30 20:00:00+01:00,66.834,243.9,274.767,413.247
2021-12-30 21:00:00+01:00,66.966,183.4,209.1785,314.884
2021-12-30 22:00:00+01:00,64.767,126.0,144.349,217.5395
2021-12-30 23:00:00+01:00,67.334,209.1,236.8535,356.3895
2021-12-31 00:00:00+01:00,68.0,222.4,251.586,378.435
2021-12-31 01:00:00+01:00,68.966,228.2,258.059,388.265
2021-12-31 02:00:00+01:00,68.733,224.3,253.7075,381.757
2021-12-31 03:00:00+01:00,69.133,181.9,208.0385,313.32550000000003
2021-12-31 04:00:00+01:00,69.267,131.0,152.00549999999998,229.1825
2021-12-31 05:00:00+01:00,68.966,98.1,114.3515,172.88150000000002
2021-12-31 06:00:00+01:00,68.633,87.6,102.7855,155.4535
2021-12-31 07:00:00+01:00,69.0,116.9,137.6405,207.7675
2021-12-31 08:00:00+01:00,68.966,169.8,198.662,299.1975
2021-12-31 09:00:00+01:00,66.933,147.8,171.1275,257.8745
2021-12-31 10:00:00+01:00,60.3,63.5,75.2385,112.569
2021-12-31 11:00:00+01:00,51.3,38.2,48.708,67.3015
2021-12-31 12:00:00+01:00,46.7,33.8,44.9535,59.0995
2021-12-31 13:00:00+01:00,43.133,27.1,39.4545,47.6165
2021-12-31 14:00:00+01:00,42.166,52.4,64.06400000000001,92.3585
2021-12-31 15:00:00+01:00,46.233,87.6,100.834,152.344
2021-12-31 16:00:00+01:00,51.267,98.7,112.893,170.437
2021-12-31 17:00:00+01:00,56.867,162.7,185.354,279.11
2021-12-31 18:00:00+01:00,61.133,215.9,244.345,367.601
2021-12-31 19:00:00+01:00,64.733,259.1,291.4675,438.266
2021-12-31 20:00:00+01:00,66.9,274.4,307.0255,461.637
2021-12-31 21:00:00+01:00,67.533,220.8,249.1255,374.747
2021-12-31 22:00:00+01:00,68.566,334.0,369.483,555.2145
2021-12-31 23:00:00+01:00,68.966,351.5,389.1745,584.88
2022-01-01 00:00:00+01:00,69.034,347.9,386.085,580.3689999999999
2022-01-01 01:00:00+01:00,69.067,272.1,306.8165,461.4155
2022-01-01 02:00:00+01:00,69.867,213.6,243.402,366.4205
2022-01-01 03:00:00+01:00,70.467,125.8,146.4625,220.91
2022-01-01 04:00:00+01:00,68.567,72.7,85.1025,127.968
2022-01-01 05:00:00+01:00,67.966,78.1,91.708,138.83749999999998
2022-01-01 06:00:00+01:00,68.6,82.9,97.6445,147.769
2022-01-01 07:00:00+01:00,68.233,79.9,94.794,143.45600000000002
2022-01-01 08:00:00+01:00,68.3,82.0,96.2305,145.6595
2022-01-01 09:00:00+01:00,64.0,49.2,59.179,86.20750000000001
2022-01-01 10:00:00+01:00,56.133,49.6,59.606,87.264
2022-01-01 11:00:00+01:00,50.033,83.6,97.0525,145.5805
2022-01-01 12:00:00+01:00,46.3,103.3,118.5765,179.005
2022-01-01 13:00:00+01:00,42.733,39.5,48.6845,69.58600000000001
2022-01-01 14:00:00+01:00,41.1,5.9,9.1335,9.1335
2022-01-01 15:00:00+01:00,42.0,10.0,15.9025,16.5375
2022-01-01 16:00:00+01:00,45.133,34.9,46.7785,60.977
2022-01-01 17:00:00+01:00,52.834,144.9,165.5965,249.48
2022-01-01 18:00:00+01:00,58.333,209.7,238.208,358.405
2022-01-01 19:00:00+01:00,61.4,228.2,259.1555,389.815
2022-01-01 20:00:00+01:00,63.266,210.7,240.0,361.072
2022-01-01 21:00:00+01:00,64.666,230.2,261.0955,392.7565
2022-01-01 22:00:00+01:00,65.966,228.5,258.772,389.237
2022-01-01 23:00:00+01:00,66.667,195.4,222.517,334.8645
2022-01-02 00:00:00+01:00,67.633,239.8,272.692,410.146
2022-01-02 01:00:00+01:00,68.0,183.0,211.7025,318.8655
2022-01-02 02:00:00+01:00,68.0,154.7,181.0,272.76750000000004
2022-01-02 03:00:00+01:00,68.0,112.5,133.0055,200.749
2022-01-02 04:00:00+01:00,67.466,88.8,105.6705,159.8375
2022-01-02 05:00:00+01:00,67.834,75.0,90.1735,136.5545
2022-01-02 06:00:00+01:00,68.0,51.5,62.6715,95.2895
2022-01-02 07:00:00+01:00,68.0,57.8,70.36850000000001,106.856
2022-01-02 08:00:00+01:00,68.267,73.4,89.1345,134.976
2022-01-02 09:00:00+01:00,66.7,99.3,116.659,176.2955
2022-01-02 10:00:00+01:00,62.533,80.0,92.501,139.8915
2022-01-02 11:00:00+01:00,55.667,77.1,90.03,136.1485
2022-01-02 12:00:00+01:00,48.466,46.4,57.231,82.0975
2022-01-02 13:00:00+01:00,43.034,23.6,36.262,41.75449999999999
2022-01-02 14:00:00+01:00,42.666,47.5,56.685,83.3615
2022-01-02 15:00:00+01:00,47.767,56.9,65.7735,99.6595
2022-01-02 16:00:00+01:00,51.6,71.5,82.7595,125.1765
2022-01-02 17:00:00+01:00,56.9,165.6,189.9205,285.955
2022-01-02 18:00:00+01:00,60.6,202.6,231.3545,348.115
2022-01-02 19:00:00+01:00,63.533,267.9,302.44,454.7555
2022-01-02 20:00:00+01:00,65.6,244.9,277.6055,417.4635
2022-01-02 21:00:00+01:00,66.0,190.3,217.3815,327.245
2022-01-02 22:00:00+01:00,65.267,130.0,149.6965,225.761
2022-01-02 23:00:00+01:00,65.7,157.9,183.8735,277.0945
2022-01-03 00:00:00+01:00,66.966,177.7,207.585,312.6275
2022-01-03 01:00:00+01:00,66.672,121.2,143.1975,216.0835
2022-01-03 02:00:00+01:00,65.334,97.2,115.546,174.5725
2022-01-03 03:00:00+01:00,66.267,96.1,114.8175,173.57999999999998
2022-01-03 04:00:00+01:00,66.0,61.9,74.67949999999999,112.8455
2022-01-03 05:00:00+01:00,66.0,91.5,110.2735,166.65550000000002
2022-01-03 06:00:00+01:00,65.8,92.7,112.0005,169.284
2022-01-03 07:00:00+01:00,65.3,85.5,103.671,156.84449999999998
2022-01-03 08:00:00+01:00,64.9,93.7,112.1615,169.518
2022-01-03 09:00:00+01:00,62.966,131.6,154.1575,232.437
2022-01-03 10:00:00+01:00,58.334,124.3,143.3385,216.0875
2022-01-03 11:00:00+01:00,52.433,99.9,115.3725,174.172
2022-01-03 12:00:00+01:00,49.6,97.4,112.321,169.62
2022-01-03 13:00:00+01:00,45.5,35.5,47.166,62.023
2022-01-03 14:00:00+01:00,44.0,26.2,38.5945,45.533
2022-01-03 15:00:00+01:00,44.933,34.9,45.922,61.0715
2022-01-03 16:00:00+01:00,49.334,79.5,91.698,138.6605
2022-01-03 17:00:00+01:00,54.7,154.5,177.174,266.855
2022-01-03 18:00:00+01:00,58.334,174.4,199.963,301.045
2022-01-03 19:00:00+01:00,61.166,193.7,221.138,332.799
2022-01-03 20:00:00+01:00,62.633,206.7,235.917,354.9405
2022-01-03 21:00:00+01:00,64.666,215.0,245.84500000000003,369.932
2022-01-03 22:00:00+01:00,65.6,168.0,194.2415,292.639
2022-01-03 23:00:00+01:00,66.267,228.2,264.9875,398.7225
2022-01-04 00:00:00+01:00,66.933,218.6,255.2725,384.176
2022-01-04 01:00:00+01:00,66.567,176.1,207.517,312.5665
2022-01-04 02:00:00+01:00,66.0,138.5,164.734,248.3835
2022-01-04 03:00:00+01:00,65.267,114.5,135.399,204.387
2022-01-04 04:00:00+01:00,65.534,117.3,138.74,209.344
2022-01-04 05:00:00+01:00,65.0,104.1,122.7005,185.3615
2022-01-04 06:00:00+01:00,65.0,123.4,146.42450000000002,220.836
2022-01-04 07:00:00+01:00,65.7,127.3,151.3965,228.3635
2022-01-04 08:00:00+01:00,65.8,177.4,209.518,315.5605
2022-01-04 09:00:00+01:00,64.6,195.1,225.3345,339.199
2022-01-04 10:00:00+01:00,59.234,113.7,130.902,194.8805
2022-01-04 11:00:00+01:00,45.7,10.8,16.700000000000003,17.9515
2022-01-04 12:00:00+01:00,41.2,5.5,8.185500000000001,8.185500000000001
2022-01-04 13:00:00+01:00,40.916,4.8,7.218999999999999,7.218999999999999
2022-01-04 14:00:00+01:00,41.0,5.4,8.153500000000001,8.154499999999999
2022-01-04 15:00:00+01:00,42.166,6.5,9.9395,9.9395
2022-01-04 16:00:00+01:00,42.9,9.0,14.713,14.7145
2022-01-04 17:00:00+01:00,44.0,11.0,18.327,18.3315
2022-01-04 18:00:00+01:00,44.0,9.5,15.6915,15.693
2022-01-04 19:00:00+01:00,43.367,9.1,14.822,14.822
2022-01-04 20:00:00+01:00,42.834,10.9,18.0885,18.192
2022-01-04 21:00:00+01:00,43.233,14.8,24.9195,25.393
2022-01-04 22:00:00+01:00,44.4,20.6,31.4575,35.533500000000004
2022-01-04 23:00:00+01:00,46.933,15.4,26.219,26.7755
2022-01-05 00:00:00+01:00,48.834,14.0,23.906,24.159
2022-01-05 01:00:00+01:00,50.9,21.0,33.41,36.773
2022-01-05 02:00:00+01:00,53.666,25.6,38.215,44.9135
2022-01-05 03:00:00+01:00,54.933,22.9,34.8545,39.942
2022-01-05 04:00:00+01:00,50.733,7.6,12.173,12.173
2022-01-05 05:00:00+01:00,47.133,5.2,7.5815,7.5815
2022-01-05 06:00:00+01:00,45.567,5.1,7.365500000000001,7.365500000000001
2022-01-05 07:00:00+01:00,44.567,5.4,8.1595,8.1595
2022-01-05 08:00:00+01:00,43.067,5.8,8.8865,8.8865
2022-01-05 09:00:00+01:00,40.166,5.3,7.8785,7.8785
2022-01-05 10:00:00+01:00,37.7,6.3,9.8045,9.8075
2022-01-05 11:00:00+01:00,34.334,5.6,8.446,8.446
2022-01-05 12:00:00+01:00,32.3,4.9,7.1595,7.1595
2022-01-05 13:00:00+01:00,33.633,4.9,7.5005,7.502
2022-01-05 14:00:00+01:00,34.067,4.7,6.9495000000000005,6.9495000000000005
2022-01-05 15:00:00+01:00,36.1,6.2,9.8985,9.8985
2022-01-05 16:00:00+01:00,37.7,9.0,15.117,15.1215
2022-01-05 17:00:00+01:00,38.834,17.1,28.366,29.753
2022-01-05 18:00:00+01:00,41.233,11.5,19.2785,19.477
2022-01-05 19:00:00+01:00,57.684,7.2,11.525,11.5285
2022-01-05 20:00:00+01:00,65.133,7.2,11.447,11.447
2022-01-05 21:00:00+01:00,68.067,2.8,3.5425000000000004,3.5425000000000004
2022-01-05 22:00:00+01:00,69.934,2.6,3.21,3.244
2022-01-05 23:00:00+01:00,70.534,1.5,1.496,1.496
2022-01-06 00:00:00+01:00,71.7,1.0,0.628,0.628
2022-01-06 01:00:00+01:00,72.767,1.2,0.9575,0.9575
2022-01-06 02:00:00+01:00,72.767,6.6,10.8825,10.883
2022-01-06 03:00:00+01:00,72.0,3.8,5.3655,5.3655
2022-01-06 04:00:00+01:00,72.0,6.4,10.6925,10.6925
2022-01-06 05:00:00+01:00,72.0,10.0,18.0815,18.0865
2022-01-06 06:00:00+01:00,71.0,19.2,33.2685,36.101
2022-01-06 07:00:00+01:00,70.867,37.8,51.1495,71.174
2022-01-06 08:00:00+01:00,70.466,45.5,57.355,85.601
2022-01-06 09:00:00+01:00,70.034,114.6,140.16899999999998,211.5135
2022-01-06 10:00:00+01:00,70.267,72.7,92.2395,134.2885
2022-01-06 11:00:00+01:00,69.967,168.1,204.3995,307.901
2022-01-06 12:00:00+01:00,70.0,248.2,295.80999999999995,444.98
2022-01-06 13:00:00+01:00,70.466,264.5,314.159,472.546
2022-01-06 14:00:00+01:00,70.466,186.1,225.504,339.549
2022-01-06 15:00:00+01:00,70.0,139.0,169.26850000000002,255.232
2022-01-06 16:00:00+01:00,70.567,252.8,298.5505,449.1575
2022-01-06 17:00:00+01:00,70.4,272.7,324.099,487.433
2022-01-06 18:00:00+01:00,70.9,255.1,301.929,454.1745
2022-01-06 19:00:00+01:00,70.767,202.2,244.749,368.414
2022-01-06 20:00:00+01:00,70.5,156.7,190.076,286.437
2022-01-06 21:00:00+01:00,70.233,177.7,214.6365,323.2825
2022-01-06 22:00:00+01:00,70.7,234.8,281.7015,423.8395
2022-01-06 23:00:00+01:00,70.4,125.4,150.31799999999998,226.77
2022-01-07 00:00:00+01:00,69.034,71.3,85.408,129.38299999999998
2022-01-07 01:00:00+01:00,69.0,42.8,54.484,78.3555
2022-01-07 02:00:00+01:00,69.034,47.1,58.4105,86.84649999999999
2022-01-07 03:00:00+01:00,70.5,43.4,55.979,80.564
2022-01-07 04:00:00+01:00,70.466,39.5,52.504000000000005,74.0885
2022-01-07 05:00:00+01:00,69.834,45.5,57.9345,86.6815
2022-01-07 06:00:00+01:00,70.0,45.8,58.986,88.331
2022-01-07 07:00:00+01:00,69.9,50.7,65.3175,99.191
2022-01-07 08:00:00+01:00,69.534,66.6,86.396,130.9595
2022-01-07 09:00:00+01:00,69.466,102.4,132.512,200.117
2022-01-07 10:00:00+01:00,66.933,118.6,152.454,230.0215
2022-01-07 11:00:00+01:00,61.133,73.9,93.703,140.91649999999998
2022-01-07 12:00:00+01:00,53.167,24.0,38.094,44.6835
2022-01-07 13:00:00+01:00,48.1,15.2,26.950000000000003,27.7185
2022-01-07 14:00:00+01:00,46.933,10.7,18.8165,18.8165
2022-01-07 15:00:00+01:00,46.467,11.8,21.51,21.5125
2022-01-07 16:00:00+01:00,48.067,21.9,35.3645,40.487
2022-01-07 17:00:00+01:00,50.233,39.4,51.5985,73.28299999999999
2022-01-07 18:00:00+01:00,49.067,23.8,37.925,43.913
2022-01-07 19:00:00+01:00,49.966,24.4,39.5745,45.579
2022-01-07 20:00:00+01:00,49.966,35.3,49.3925,66.4145
2022-01-07 21:00:00+01:00,50.367,24.0,39.473,45.1335
2022-01-07 22:00:00+01:00,51.433,28.4,44.0,53.6355
2022-01-07 23:00:00+01:00,53.233,33.8,48.744,63.8955
2022-01-08 00:00:00+01:00,54.3,36.5,50.715500000000006,69.225
2022-01-08 01:00:00+01:00,53.3,35.2,49.529,66.342
2022-01-08 02:00:00+01:00,53.4,31.4,46.4815,59.1715
2022-01-08 03:00:00+01:00,52.4,26.6,41.965,49.667
2022-01-08 04:00:00+01:00,51.7,23.5,38.855500000000006,43.862
2022-01-08 05:00:00+01:00,52.034,25.1,40.5775,46.8875
2022-01-08 06:00:00+01:00,53.0,31.2,46.115,58.1115
2022-01-08 07:00:00+01:00,53.1,32.8,47.5975,61.612
2022-01-08 08:00:00+01:00,52.666,31.8,46.6415,59.6445
2022-01-08 09:00:00+01:00,51.133,36.0,49.5415,67.249
2022-01-08 10:00:00+01:00,51.2,42.8,54.9765,80.18549999999999
2022-01-08 11:00:00+01:00,51.166,46.2,58.324,85.289
2022-01-08 12:00:00+01:00,54.833,37.3,51.352,69.5995
2022-01-08 13:00:00+01:00,56.966,35.0,48.864,65.29599999999999
2022-01-08 14:00:00+01:00,55.367,36.1,49.415,66.777
2022-01-08 15:00:00+01:00,54.933,46.2,57.475,85.4805
2022-01-08 16:00:00+01:00,56.1,46.4,57.05,85.122
2022-01-08 17:00:00+01:00,55.833,45.3,56.453,83.89150000000001
2022-01-08 18:00:00+01:00,54.3,43.3,54.867,80.28049999999999
2022-01-08 19:00:00+01:00,52.0,38.3,50.997,70.96950000000001
2022-01-08 20:00:00+01:00,51.0,39.6,51.9915,73.42699999999999
2022-01-08 21:00:00+01:00,51.166,35.8,49.2745,66.4105
2022-01-08 22:00:00+01:00,54.166,58.5,74.12049999999999,111.029
2022-01-08 23:00:00+01:00,56.933,59.4,74.642,113.3095
2022-01-09 00:00:00+01:00,56.0,53.0,66.08699999999999,100.4565
2022-01-09 01:00:00+01:00,56.0,52.3,65.3255,98.823
2022-01-09 02:00:00+01:00,57.3,70.6,89.521,134.72
2022-01-09 03:00:00+01:00,60.4,81.6,104.412,157.96800000000002
2022-01-09 04:00:00+01:00,62.166,64.9,85.094,128.9955
2022-01-09 05:00:00+01:00,62.834,59.2,78.9075,119.7105
2022-01-09 06:00:00+01:00,64.133,68.5,90.761,137.5745
2022-01-09 07:00:00+01:00,63.567,75.7,101.6855,153.9465
2022-01-09 08:00:00+01:00,63.233,70.6,94.705,143.481
2022-01-09 09:00:00+01:00,62.7,103.5,135.333,204.396
2022-01-09 10:00:00+01:00,60.5,135.4,175.212,264.1705
2022-01-09 11:00:00+01:00,57.567,93.0,116.4,175.9175
2022-01-09 12:00:00+01:00,57.367,120.0,148.1925,223.6425
2022-01-09 13:00:00+01:00,58.167,99.2,122.4395,184.9505
2022-01-09 14:00:00+01:00,58.467,90.0,109.682,165.823
2022-01-09 15:00:00+01:00,60.5,105.2,128.2365,193.653
2022-01-09 16:00:00+01:00,61.9,101.3,125.2945,189.2635
2022-01-09 17:00:00+01:00,62.0,88.3,111.0125,167.853
2022-01-09 18:00:00+01:00,64.333,114.0,143.292,216.262
2022-01-09 19:00:00+01:00,63.233,114.4,143.4245,216.476
2022-01-09 20:00:00+01:00,61.666,133.2,165.543,249.6565
2022-01-09 21:00:00+01:00,61.666,107.0,133.759,201.936
2022-01-09 22:00:00+01:00,62.534,93.1,116.523,176.1365
2022-01-09 23:00:00+01:00,62.267,95.2,119.431,180.46
2022-01-10 00:00:00+01:00,62.5,108.4,135.7225,204.8615
2022-01-10 01:00:00+01:00,62.934,76.2,96.398,145.826
2022-01-10 02:00:00+01:00,58.9,39.8,53.667,75.8885
2022-01-10 03:00:00+01:00,55.267,38.0,51.929,71.75
2022-01-10 04:00:00+01:00,56.767,44.6,57.1065,84.9695
2022-01-10 05:00:00+01:00,57.0,43.7,56.5565,83.21600000000001
2022-01-10 06:00:00+01:00,57.566,44.0,56.5815,83.922
2022-01-10 07:00:00+01:00,56.4,41.6,54.6845,79.05000000000001
2022-01-10 08:00:00+01:00,55.433,40.2,54.0985,77.2905
2022-01-10 09:00:00+01:00,53.633,35.5,49.9955,67.441
2022-01-10 10:00:00+01:00,51.833,24.9,40.2645,46.635
2022-01-10 11:00:00+01:00,49.334,29.4,43.84,53.882
2022-01-10 12:00:00+01:00,50.067,47.0,58.606,87.17500000000001
2022-01-10 13:00:00+01:00,53.033,56.9,70.0795,105.9595
2022-01-10 14:00:00+01:00,58.7,67.0,82.4915,125.0745
2022-01-10 15:00:00+01:00,60.433,68.5,84.519,128.135
2022-01-10 16:00:00+01:00,61.2,84.6,104.2735,157.73649999999998
2022-01-10 17:00:00+01:00,63.267,102.3,126.7655,191.451
2022-01-10 18:00:00+01:00,65.3,124.2,154.0985,232.4815
2022-01-10 19:00:00+01:00,64.934,98.0,121.3995,183.4285
2022-01-10 20:00:00+01:00,63.0,98.2,120.3605,181.8565
2022-01-10 21:00:00+01:00,63.334,99.5,122.566,185.1695
2022-01-10 22:00:00+01:00,61.933,72.0,87.9615,133.2935
2022-01-10 23:00:00+01:00,61.233,66.0,80.866,122.6285
2022-01-11 00:00:00+01:00,60.367,55.9,67.7575,103.004
2022-01-11 01:00:00+01:00,60.034,54.3,65.57849999999999,99.7445
2022-01-11 02:00:00+01:00,60.933,56.9,68.5805,104.2775
2022-01-11 03:00:00+01:00,61.0,57.1,68.75049999999999,104.5655
2022-01-11 04:00:00+01:00,61.133,69.2,83.761,126.9675
2022-01-11 05:00:00+01:00,61.567,58.5,70.636,107.316
2022-01-11 06:00:00+01:00,61.233,50.6,62.0455,94.1155
2022-01-11 07:00:00+01:00,60.166,49.7,61.5,93.0755
2022-01-11 08:00:00+01:00,60.3,49.6,61.9095,93.5075
2022-01-11 09:00:00+01:00,62.1,47.8,60.8355,91.3095
2022-01-11 10:00:00+01:00,62.1,54.1,67.47200000000001,102.435
2022-01-11 11:00:00+01:00,60.933,44.4,57.3265,84.0325
2022-01-11 12:00:00+01:00,57.767,43.9,56.573,82.54400000000001
2022-01-11 13:00:00+01:00,55.466,43.8,55.7745,81.90899999999999
2022-01-11 14:00:00+01:00,54.567,41.6,54.284,78.34299999999999
2022-01-11 15:00:00+01:00,54.7,41.6,54.804,78.9765
2022-01-11 16:00:00+01:00,54.534,51.7,64.36,97.3445
2022-01-11 17:00:00+01:00,60.534,53.7,68.1235,103.3225
2022-01-11 18:00:00+01:00,63.666,53.6,68.368,102.6855
2022-01-11 19:00:00+01:00,64.333,41.7,56.46,80.205
2022-01-11 20:00:00+01:00,65.934,44.1,58.1935,85.97399999999999
2022-01-11 21:00:00+01:00,66.534,43.7,57.478,85.22149999999999
2022-01-11 22:00:00+01:00,66.166,48.4,62.0185,93.3845
2022-01-11 23:00:00+01:00,65.034,60.1,76.105,115.508
2022-01-12 00:00:00+01:00,65.133,51.0,64.3955,97.7975
2022-01-12 01:00:00+01:00,64.2,51.9,65.7875,99.9375
2022-01-12 02:00:00+01:00,63.933,50.8,64.2935,96.99
2022-01-12 03:00:00+01:00,64.566,42.4,55.7155,81.049
2022-01-12 04:00:00+01:00,63.2,42.5,55.4985,80.679
2022-01-12 05:00:00+01:00,62.966,46.4,59.3695,88.937
2022-01-12 06:00:00+01:00,62.8,37.5,52.499,72.2445
2022-01-12 07:00:00+01:00,62.5,33.0,49.4485,64.426
2022-01-12 08:00:00+01:00,61.2,30.1,46.995000000000005,58.631
2022-01-12 09:00:00+01:00,57.867,23.4,39.7195,44.9885
2022-01-12 10:00:00+01:00,54.7,20.0,35.689,38.2465
2022-01-12 11:00:00+01:00,51.6,23.0,37.9475,43.604
2022-01-12 12:00:00+01:00,52.3,34.6,49.231,65.7625
2022-01-12 13:00:00+01:00,51.767,33.7,47.9725,63.2765
2022-01-12 14:00:00+01:00,51.334,36.7,50.636,69.4315
2022-01-12 15:00:00+01:00,49.867,32.3,46.854,60.341
2022-01-12 16:00:00+01:00,50.6,46.4,61.72,88.3075
2022-01-12 17:00:00+01:00,52.233,57.2,72.0295,109.3665
2022-01-12 18:00:00+01:00,52.9,64.1,81.184,123.1595
2022-01-12 19:00:00+01:00,53.2,60.6,76.8195,116.576
2022-01-12 20:00:00+01:00,53.334,99.7,127.3015,192.294
2022-01-12 21:00:00+01:00,50.166,50.8,66.075,99.167
2022-01-12 22:00:00+01:00,49.733,52.2,67.27449999999999,101.47
2022-01-12 23:00:00+01:00,50.5,51.1,66.74,100.401
2022-01-13 00:00:00+01:00,52.466,49.4,64.619,98.007
2022-01-13 01:00:00+01:00,56.466,80.7,107.5885,162.475
2022-01-13 02:00:00+01:00,58.6,73.9,99.842,151.15800000000002
2022-01-13 03:00:00+01:00,57.9,49.2,69.39099999999999,99.7585
2022-01-13 04:00:00+01:00,58.7,65.2,88.7875,134.195
2022-01-13 05:00:00+01:00,60.034,62.7,86.583,131.316
2022-01-13 06:00:00+01:00,61.067,77.9,109.557,165.77749999999995
2022-01-13 07:00:00+01:00,61.933,72.4,100.6405,152.4115
2022-01-13 08:00:00+01:00,59.617,63.1,87.283,131.4255
2022-01-13 09:00:00+01:00,52.667,37.0,53.634,73.764
2022-01-13 10:00:00+01:00,47.825,29.3,46.1845,56.8755
2022-01-13 11:00:00+01:00,46.953,29.6,45.552,56.4265
2022-01-13 12:00:00+01:00,50.267,32.9,48.009,62.2495
2022-01-13 13:00:00+01:00,47.8,27.2,41.8815,50.015
2022-01-13 14:00:00+01:00,48.933,31.4,45.8905,58.315
2022-01-13 15:00:00+01:00,52.5,42.1,54.8905,79.68299999999999
2022-01-13 16:00:00+01:00,54.034,57.7,72.419,109.928
2022-01-13 17:00:00+01:00,55.867,72.9,92.94,140.77249999999998
2022-01-13 18:00:00+01:00,57.434,96.3,124.4405,188.001
2022-01-13 19:00:00+01:00,58.334,131.6,171.4615,258.564
2022-01-13 20:00:00+01:00,60.434,147.1,193.7925,292.058
2022-01-13 21:00:00+01:00,60.7,124.0,164.75099999999998,248.4975
2022-01-13 22:00:00+01:00,60.8,122.0,161.5255,243.677
2022-01-13 23:00:00+01:00,60.0,129.8,170.065,256.4715
2022-01-14 00:00:00+01:00,59.933,102.9,135.3505,204.3845
2022-01-14 01:00:00+01:00,58.2,69.4,90.42,136.9905
2022-01-14 02:00:00+01:00,56.233,65.7,84.6625,128.361
2022-01-14 03:00:00+01:00,58.445,82.9,108.3805,163.95049999999998
2022-01-14 04:00:00+01:00,60.567,79.1,104.3605,157.909
2022-01-14 05:00:00+01:00,60.966,55.1,73.09049999999999,110.8115
2022-01-14 06:00:00+01:00,60.8,52.3,69.839,105.641
2022-01-14 07:00:00+01:00,61.0,73.4,98.1355,148.60250000000002
2022-01-14 08:00:00+01:00,61.1,95.6,127.2405,192.2535
2022-01-14 09:00:00+01:00,59.333,94.5,122.3115,184.826
2022-01-14 10:00:00+01:00,54.567,62.0,77.67699999999999,117.7815
2022-01-14 11:00:00+01:00,50.2,57.4,68.81,104.3205
2022-01-14 12:00:00+01:00,47.133,59.0,69.904,105.9825
2022-01-14 13:00:00+01:00,44.967,53.0,62.242,93.2785
2022-01-14 14:00:00+01:00,43.567,38.5,48.4815,67.7245
2022-01-14 15:00:00+01:00,43.8,32.7,44.232,57.2565
2022-01-14 16:00:00+01:00,47.6,54.8,63.9955,96.1495
2022-01-14 17:00:00+01:00,52.666,94.0,109.237,164.9525
2022-01-14 18:00:00+01:00,57.567,151.9,176.9395,266.5445
2022-01-14 19:00:00+01:00,60.0,165.7,196.4425,295.9705
2022-01-14 20:00:00+01:00,62.3,193.2,231.49,348.5055
2022-01-14 21:00:00+01:00,63.9,185.8,225.1745,339.0715
2022-01-14 22:00:00+01:00,64.534,201.1,245.2395,369.1785
2022-01-14 23:00:00+01:00,65.466,171.6,211.0745,317.9135
2022-01-15 00:00:00+01:00,65.534,56.7,69.935,105.6105
2022-01-15 01:00:00+01:00,65.633,135.0,168.23649999999998,253.644
2022-01-15 02:00:00+01:00,66.966,130.9,164.7425,248.433
2022-01-15 03:00:00+01:00,67.0,123.1,155.844,235.1425
2022-01-15 04:00:00+01:00,67.0,109.4,138.9755,209.8215
2022-01-15 05:00:00+01:00,66.966,107.8,137.7195,207.933
2022-01-15 06:00:00+01:00,67.133,113.0,145.41750000000002,219.471
2022-01-15 07:00:00+01:00,66.733,117.9,152.2725,229.8035
2022-01-15 08:00:00+01:00,66.566,79.8,102.2505,154.6805
2022-01-15 09:00:00+01:00,63.8,53.2,66.0265,99.6205
2022-01-15 10:00:00+01:00,59.067,52.9,62.721,95.261
2022-01-15 11:00:00+01:00,53.933,50.9,59.8335,90.594
2022-01-15 12:00:00+01:00,48.566,28.0,40.332,50.008
2022-01-15 13:00:00+01:00,45.834,27.5,39.4695,48.0765
2022-01-15 14:00:00+01:00,44.133,35.8,46.475,62.637
2022-01-15 15:00:00+01:00,43.4,38.5,48.417,67.4675
2022-01-15 16:00:00+01:00,46.767,81.3,94.503,142.4395
2022-01-15 17:00:00+01:00,53.067,123.2,143.215,215.952
2022-01-15 18:00:00+01:00,56.767,167.2,198.8735,299.5795
2022-01-15 19:00:00+01:00,59.233,137.0,166.372,250.829
2022-01-15 20:00:00+01:00,60.633,83.0,101.786,153.95
2022-01-15 21:00:00+01:00,61.0,64.2,79.571,120.652
2022-01-15 22:00:00+01:00,61.867,69.3,86.857,131.579
2022-01-15 23:00:00+01:00,63.066,208.3,262.91700000000003,395.6885
2022-01-16 00:00:00+01:00,64.0,142.1,181.183,273.1255
2022-01-16 01:00:00+01:00,63.367,51.1,65.397,98.3475
2022-01-16 02:00:00+01:00,63.0,71.8,93.3335,139.7
2022-01-16 03:00:00+01:00,64.133,95.6,124.6305,188.2915
2022-01-16 04:00:00+01:00,64.1,54.9,74.378,108.7295
2022-01-16 05:00:00+01:00,64.0,68.5,90.343,136.8035
2022-01-16 06:00:00+01:00,63.767,41.0,58.932,81.714
2022-01-16 07:00:00+01:00,63.067,76.6,102.287,154.7985
2022-01-16 08:00:00+01:00,63.567,77.4,103.0325,155.94150000000002
2022-01-16 09:00:00+01:00,61.5,53.6,68.7915,103.779
2022-01-16 10:00:00+01:00,57.466,65.1,81.2915,123.235
2022-01-16 11:00:00+01:00,53.3,71.9,86.4245,130.85899999999998
2022-01-16 12:00:00+01:00,48.933,76.1,88.975,134.744
2022-01-16 13:00:00+01:00,47.834,68.5,79.1625,119.853
2022-01-16 14:00:00+01:00,46.534,63.7,73.32,111.103
2022-01-16 15:00:00+01:00,46.034,71.8,82.57,124.936
2022-01-16 16:00:00+01:00,48.3,105.8,122.427,184.74
2022-01-16 17:00:00+01:00,53.433,211.7,245.921,370.126
2022-01-16 18:00:00+01:00,57.067,246.6,293.7265,441.897
2022-01-16 19:00:00+01:00,59.666,276.0,332.968,500.769
2022-01-16 20:00:00+01:00,61.3,221.5,269.81949999999995,406.0545
2022-01-16 21:00:00+01:00,62.6,256.7,316.511,476.0805
2022-01-16 22:00:00+01:00,63.767,221.0,275.458,414.5035
2022-01-16 23:00:00+01:00,63.8,193.1,242.213,364.6725
2022-01-17 00:00:00+01:00,64.166,197.5,249.7835,376.0225
2022-01-17 01:00:00+01:00,63.7,99.2,125.749,189.961
2022-01-17 02:00:00+01:00,62.1,78.3,99.0685,149.9475
2022-01-17 03:00:00+01:00,62.333,115.5,147.5195,222.6625
2022-01-17 04:00:00+01:00,60.733,70.1,87.5565,132.697
2022-01-17 05:00:00+01:00,61.0,108.4,136.0205,205.3775
2022-01-17 06:00:00+01:00,62.433,130.4,164.456,247.988
2022-01-17 07:00:00+01:00,62.966,130.3,164.4655,248.0615
2022-01-17 08:00:00+01:00,63.466,174.3,218.673,329.3565
2022-01-17 09:00:00+01:00,59.7,93.8,114.598,173.159
2022-01-17 10:00:00+01:00,54.8,114.6,135.2995,204.2325
2022-01-17 11:00:00+01:00,50.167,151.0,172.925,260.537
2022-01-17 12:00:00+01:00,46.966,116.5,133.34449999999998,201.1735
2022-01-17 13:00:00+01:00,42.933,64.2,74.4325,111.3505
2022-01-17 14:00:00+01:00,35.633,31.0,42.2905,53.959
2022-01-17 15:00:00+01:00,39.4,74.6,87.136,130.159
2022-01-17 16:00:00+01:00,44.233,85.6,98.5485,148.93849999999998
2022-01-17 17:00:00+01:00,47.233,134.2,154.64600000000002,233.0865
2022-01-17 18:00:00+01:00,50.033,158.1,181.4125,273.236
2022-01-17 19:00:00+01:00,49.9,148.8,171.9225,259.005
2022-01-17 20:00:00+01:00,48.0,76.5,89.2225,134.962
2022-01-17 21:00:00+01:00,49.567,105.0,121.738,183.6975
2022-01-17 22:00:00+01:00,52.3,173.0,198.909,299.447
2022-01-17 23:00:00+01:00,53.867,223.3,254.4475,382.75
2022-01-18 00:00:00+01:00,53.466,202.8,230.5995,345.967
2022-01-18 01:00:00+01:00,53.267,7.4,11.6465,11.649
2022-01-18 02:00:00+01:00,50.534,2.5,3.0055,3.0055
2022-01-18 03:00:00+01:00,43.633,2.5,2.9115,2.9115
2022-01-18 04:00:00+01:00,44.133,5.8,9.0835,9.0835
2022-01-18 05:00:00+01:00,49.534,12.5,21.7325,21.7455
2022-01-18 06:00:00+01:00,51.666,48.5,58.4645,86.53450000000001
2022-01-18 07:00:00+01:00,51.0,43.8,55.454,78.595
2022-01-18 08:00:00+01:00,47.5,48.1,58.919,86.11000000000001
2022-01-18 09:00:00+01:00,40.9,28.7,41.087,51.0715
2022-01-18 10:00:00+01:00,35.8,9.5,16.317999999999998,16.371
2022-01-18 11:00:00+01:00,33.6,18.3,30.4765,32.4855
2022-01-18 12:00:00+01:00,32.7,8.9,14.911,14.9515
2022-01-18 13:00:00+01:00,32.466,5.9,9.291,9.291
2022-01-18 14:00:00+01:00,35.867,6.9,11.2595,11.2635
2022-01-18 15:00:00+01:00,38.167,10.0,16.951,16.955
2022-01-18 16:00:00+01:00,39.9,30.5,41.8765,54.0855
2022-01-18 17:00:00+01:00,44.1,56.7,66.7985,101.01
2022-01-18 18:00:00+01:00,48.633,143.4,170.86450000000002,257.54200000000003
2022-01-18 19:00:00+01:00,52.434,128.7,156.971,236.73
2022-01-18 20:00:00+01:00,54.2,81.1,100.085,151.38049999999998
2022-01-18 21:00:00+01:00,54.867,47.3,59.3025,89.506
2022-01-18 22:00:00+01:00,53.666,41.2,54.238,77.3135
2022-01-18 23:00:00+01:00,53.567,31.7,46.056,59.254
2022-01-19 00:00:00+01:00,55.167,68.9,90.5955,131.0765
2022-01-19 01:00:00+01:00,58.1,125.1,158.677,239.356
2022-01-19 02:00:00+01:00,58.834,51.7,71.30099999999999,99.4815
2022-01-19 03:00:00+01:00,58.133,21.1,37.132,40.6375
2022-01-19 04:00:00+01:00,59.0,31.4,47.8155,61.392
2022-01-19 05:00:00+01:00,60.534,65.1,85.321,129.344
2022-01-19 06:00:00+01:00,61.0,71.4,94.4755,143.126
2022-01-19 07:00:00+01:00,62.2,87.0,116.423,176.01600000000002
2022-01-19 08:00:00+01:00,61.75,86.3,114.6785,172.288
2022-01-19 09:00:00+01:00,56.767,40.1,53.9625,76.8305
2022-01-19 10:00:00+01:00,51.225,49.9,61.5685,92.4605
2022-01-19 11:00:00+01:00,44.933,33.4,44.979,59.548
2022-01-19 12:00:00+01:00,40.867,14.5,24.8705,25.247
2022-01-19 13:00:00+01:00,39.017,28.4,39.599,50.252
2022-01-19 14:00:00+01:00,39.45,35.3,46.0125,61.956
2022-01-19 15:00:00+01:00,38.466,29.2,41.2945,51.4665
2022-01-19 16:00:00+01:00,40.434,56.1,67.601,99.5065
2022-01-19 17:00:00+01:00,46.534,111.2,130.5215,196.934
2022-01-19 18:00:00+01:00,50.6,169.0,202.4725,304.969
2022-01-19 19:00:00+01:00,53.367,142.7,174.3775,262.874
2022-01-19 20:00:00+01:00,54.0,62.9,78.128,118.551
2022-01-19 21:00:00+01:00,55.1,104.6,132.3845,199.918
2022-01-19 22:00:00+01:00,58.034,125.8,161.2875,243.3275
2022-01-19 23:00:00+01:00,59.034,158.6,205.653,309.85450000000003
2022-01-20 00:00:00+01:00,60.0,129.6,167.8865,253.1705
2022-01-20 01:00:00+01:00,60.733,142.0,185.189,279.16700000000003
2022-01-20 02:00:00+01:00,60.633,115.1,151.9465,229.2945
2022-01-20 03:00:00+01:00,54.4,57.6,77.245,111.935
2022-01-20 04:00:00+01:00,49.067,75.7,94.2225,142.648
2022-01-20 05:00:00+01:00,50.133,58.3,72.25450000000001,109.603
2022-01-20 06:00:00+01:00,49.534,32.2,45.5875,59.3325
2022-01-20 07:00:00+01:00,47.666,24.9,35.2745,44.777
2022-01-20 08:00:00+01:00,44.111,30.3,38.516,52.3355
2022-01-20 09:00:00+01:00,45.622,68.8,81.5355,121.264
2022-01-20 10:00:00+01:00,41.178,7.8,12.9985,13.017
2022-01-20 11:00:00+01:00,39.291,10.6,17.942999999999998,18.1595
2022-01-20 12:00:00+01:00,39.764,31.9,42.428,55.577
2022-01-20 13:00:00+01:00,46.033,71.0,82.61850000000001,125.0285
2022-01-20 14:00:00+01:00,49.833,57.6,66.89750000000001,101.4275
2022-01-20 15:00:00+01:00,54.833,98.3,113.8705,171.899
2022-01-20 16:00:00+01:00,62.1,142.7,164.89249999999998,248.488
2022-01-20 17:00:00+01:00,66.233,34.2,45.7435,60.255
2022-01-20 18:00:00+01:00,69.333,68.1,81.681,119.438
2022-01-20 19:00:00+01:00,70.567,25.4,35.322,44.6685
2022-01-20 20:00:00+01:00,70.033,15.1,23.9275,26.5935
2022-01-20 21:00:00+01:00,70.1,38.1,50.015,69.6465
2022-01-20 22:00:00+01:00,70.8,50.6,61.684,92.5555
2022-01-20 23:00:00+01:00,70.8,53.0,64.947,96.914
2022-01-21 00:00:00+01:00,70.667,15.3,27.3685,27.752
2022-01-21 01:00:00+01:00,68.1,14.2,25.109,25.1495
2022-01-21 02:00:00+01:00,65.7,8.2,13.9545,13.9545
2022-01-21 03:00:00+01:00,65.6,12.3,22.737,22.7375
2022-01-21 04:00:00+01:00,66.0,13.3,23.914,23.9925
2022-01-21 05:00:00+01:00,65.4,19.7,32.253,36.1445
2022-01-21 06:00:00+01:00,65.6,36.2,50.042,68.03649999999999
2022-01-21 07:00:00+01:00,65.733,65.2,80.9805,122.729
2022-01-21 08:00:00+01:00,63.4,33.1,46.216,62.3435
2022-01-21 09:00:00+01:00,56.584,8.7,15.4425,15.4525
2022-01-21 10:00:00+01:00,53.216,9.1,16.11,16.11
2022-01-21 11:00:00+01:00,49.564,14.2,24.171,25.706
2022-01-21 12:00:00+01:00,45.847,9.6,16.922,16.945
2022-01-21 13:00:00+01:00,41.153,9.0,15.568,15.57
2022-01-21 14:00:00+01:00,34.75,6.2,10.106,10.111
2022-01-21 15:00:00+01:00,30.841,6.3,10.284,10.299
2022-01-21 16:00:00+01:00,30.166,20.2,30.4145,37.214
2022-01-21 17:00:00+01:00,32.3,50.0,64.204,93.924
2022-01-21 18:00:00+01:00,39.334,65.4,81.9365,124.1345
2022-01-21 19:00:00+01:00,43.867,41.2,55.276,80.084
2022-01-21 20:00:00+01:00,46.0,39.6,55.508,77.311
2022-01-21 21:00:00+01:00,45.2,28.1,44.824,55.0305
2022-01-21 22:00:00+01:00,46.167,40.0,55.7295,79.1045
2022-01-21 23:00:00+01:00,47.433,46.1,63.0655,90.2375
2022-01-22 00:00:00+01:00,45.033,12.3,23.038,23.1455
2022-01-22 01:00:00+01:00,44.267,14.5,26.641,27.442
2022-01-22 02:00:00+01:00,44.533,30.7,43.6575,59.1175
2022-01-22 03:00:00+01:00,47.934,32.8,47.9675,64.479
2022-01-22 04:00:00+01:00,49.1,18.0,29.5865,34.764
2022-01-22 05:00:00+01:00,48.4,14.0,25.3125,27.0145
2022-01-22 06:00:00+01:00,49.567,33.2,50.125,66.6995
2022-01-22 07:00:00+01:00,50.534,31.2,48.997,62.96
2022-01-22 08:00:00+01:00,49.4,40.4,56.683,80.6585
2022-01-22 09:00:00+01:00,47.466,53.0,67.6865,102.622
2022-01-22 10:00:00+01:00,42.5,28.2,41.1015,52.458
2022-01-22 11:00:00+01:00,41.834,53.8,66.3505,100.0245
2022-01-22 12:00:00+01:00,43.5,58.9,71.939,107.76
2022-01-22 13:00:00+01:00,56.633,17.5,30.324,31.474000000000004
2022-01-22 14:00:00+01:00,61.233,17.6,31.037,32.048
2022-01-22 15:00:00+01:00,60.6,19.3,32.8845,35.1345
2022-01-22 16:00:00+01:00,58.633,18.6,31.903,33.6765
2022-01-22 17:00:00+01:00,60.667,18.7,32.493,34.239000000000004
2022-01-22 18:00:00+01:00,61.3,22.9,37.6495,42.4585
2022-01-22 19:00:00+01:00,61.6,26.1,40.816,48.7755
2022-01-22 20:00:00+01:00,58.666,34.4,48.498,64.9605
2022-01-22 21:00:00+01:00,54.233,43.7,58.91,83.4885
2022-01-22 22:00:00+01:00,58.466,75.7,96.905,146.68349999999998
2022-01-22 23:00:00+01:00,57.533,98.6,126.987,191.844
2022-01-23 00:00:00+01:00,56.333,43.0,61.0855,84.9145
2022-01-23 01:00:00+01:00,57.8,29.5,46.8935,58.7735
2022-01-23 02:00:00+01:00,58.034,19.6,35.944,39.211
2022-01-23 03:00:00+01:00,57.467,13.2,25.592,25.6615
2022-01-23 04:00:00+01:00,57.067,12.3,23.9595,23.966
2022-01-23 05:00:00+01:00,55.567,10.9,20.5715,20.575
2022-01-23 06:00:00+01:00,53.334,12.8,24.451,24.621
2022-01-23 07:00:00+01:00,52.466,12.4,23.3705,23.46
2022-01-23 08:00:00+01:00,55.067,28.6,44.113,56.621
2022-01-23 09:00:00+01:00,54.666,25.1,40.431,48.213
2022-01-23 10:00:00+01:00,54.267,25.0,40.561,47.434
2022-01-23 11:00:00+01:00,56.534,22.4,37.6935,42.195
2022-01-23 12:00:00+01:00,57.567,26.8,41.7385,49.6525
2022-01-23 13:00:00+01:00,56.666,21.1,35.189499999999995,38.5985
2022-01-23 14:00:00+01:00,55.533,23.8,38.477500000000006,43.826
2022-01-23 15:00:00+01:00,61.2,24.2,39.223,45.078500000000005
2022-01-23 16:00:00+01:00,64.367,30.2,44.964,56.378
2022-01-23 17:00:00+01:00,65.934,40.9,53.694,77.1575
2022-01-23 18:00:00+01:00,67.0,36.8,50.9375,69.76249999999999
2022-01-23 19:00:00+01:00,67.033,36.7,50.7535,69.8545
2022-01-23 20:00:00+01:00,66.867,46.8,61.0345,88.5025
2022-01-23 21:00:00+01:00,67.367,37.3,51.215500000000006,70.7885
2022-01-23 22:00:00+01:00,66.1,52.0,64.757,98.2265
2022-01-23 23:00:00+01:00,66.5,58.8,73.80699999999999,111.9455
2022-01-24 00:00:00+01:00,67.0,89.3,112.1555,169.5725
2022-01-24 01:00:00+01:00,67.0,103.2,130.71,197.3805
2022-01-24 02:00:00+01:00,66.966,91.9,117.195,177.11950000000002
2022-01-24 03:00:00+01:00,66.966,118.9,153.0195,230.8835
2022-01-24 04:00:00+01:00,67.267,116.4,149.2775,225.313
2022-01-24 05:00:00+01:00,67.867,78.1,102.1865,154.6575
2022-01-24 06:00:00+01:00,67.966,58.8,76.8235,116.6025
2022-01-24 07:00:00+01:00,66.6,59.1,77.212,116.292
2022-01-24 08:00:00+01:00,65.367,72.6,96.344,145.917
2022-01-24 09:00:00+01:00,63.467,75.9,100.6355,152.341
2022-01-24 10:00:00+01:00,54.067,27.5,43.2235,54.6375
2022-01-24 11:00:00+01:00,46.7,13.4,25.7085,25.928
2022-01-24 12:00:00+01:00,41.0,9.6,17.695,17.738999999999997
2022-01-24 13:00:00+01:00,40.8,15.7,28.728,29.9865
2022-01-24 14:00:00+01:00,42.966,21.6,37.969,41.831
2022-01-24 15:00:00+01:00,42.666,20.3,36.246,39.1125
2022-01-24 16:00:00+01:00,41.034,21.2,36.8745,41.013
2022-01-24 17:00:00+01:00,42.0,46.6,61.7155,91.6095
2022-01-24 18:00:00+01:00,46.867,94.6,123.9785,187.328
2022-01-24 19:00:00+01:00,49.6,116.0,153.481,231.6025
2022-01-24 20:00:00+01:00,50.233,113.4,153.12,231.079
2022-01-24 21:00:00+01:00,51.3,85.7,118.6005,178.13049999999998
2022-01-24 22:00:00+01:00,50.666,37.9,57.3065,79.8185
2022-01-24 23:00:00+01:00,50.6,34.0,54.747,72.21950000000001
2022-01-25 00:00:00+01:00,51.867,33.8,55.0925,72.544
2022-01-25 01:00:00+01:00,52.067,28.2,50.273,61.1435
2022-01-25 02:00:00+01:00,52.0,26.6,48.6445,57.9905
2022-01-25 03:00:00+01:00,53.066,35.0,58.031,78.149
2022-01-25 04:00:00+01:00,52.567,30.3,53.5935,67.51599999999999
2022-01-25 05:00:00+01:00,52.734,34.4,58.497,78.685
2022-01-25 06:00:00+01:00,53.8,44.4,74.4745,102.2495
2022-01-25 07:00:00+01:00,54.7,70.6,108.2365,163.9325
2022-01-25 08:00:00+01:00,53.466,54.8,82.489,125.205
2022-01-25 09:00:00+01:00,48.575,39.9,61.5125,86.624
2022-01-25 10:00:00+01:00,43.4,47.4,65.8215,98.0775
2022-01-25 11:00:00+01:00,37.966,32.7,48.5975,64.482
2022-01-25 12:00:00+01:00,33.633,33.4,47.509,62.795
2022-01-25 13:00:00+01:00,33.7,41.2,53.4915,77.487
2022-01-25 14:00:00+01:00,31.822,46.0,56.768,85.02600000000001
2022-01-25 15:00:00+01:00,31.916,63.6,77.449,117.2945
2022-01-25 16:00:00+01:00,33.666,93.1,114.2235,172.632
2022-01-25 17:00:00+01:00,35.1,103.1,127.2815,192.2555
2022-01-25 18:00:00+01:00,33.5,97.8,121.4855,183.5535
2022-01-25 19:00:00+01:00,34.8,134.7,168.0925,253.4465
2022-01-25 20:00:00+01:00,37.933,155.5,195.542,294.652
2022-01-25 21:00:00+01:00,45.7,239.7,305.39750000000004,459.4485
2022-01-25 22:00:00+01:00,47.334,202.1,261.92650000000003,394.272
2022-01-25 23:00:00+01:00,50.267,187.5,247.163,372.1355
2022-01-26 00:00:00+01:00,53.1,222.7,296.842,446.671
2022-01-26 01:00:00+01:00,53.267,173.6,234.4675,353.123
2022-01-26 02:00:00+01:00,54.6,146.7,202.1275,304.6255
2022-01-26 03:00:00+01:00,55.566,116.0,160.1275,241.634
2022-01-26 04:00:00+01:00,54.9,109.5,151.1435,228.1675
2022-01-26 05:00:00+01:00,53.2,44.7,66.2055,91.8415
2022-01-26 06:00:00+01:00,49.3,25.8,44.0565,51.9295
2022-01-26 08:00:00+01:00,49.0,65.1,83.745,126.91
2022-01-26 09:00:00+01:00,47.0,54.5,71.33850000000001,106.3895
2022-01-26 10:00:00+01:00,44.233,54.2,68.352,103.095
2022-01-26 11:00:00+01:00,43.4,98.5,121.937,184.1795
2022-01-26 12:00:00+01:00,42.867,105.0,127.738,192.8705
2022-01-26 13:00:00+01:00,42.233,106.2,126.303,190.718
2022-01-26 14:00:00+01:00,42.633,46.6,58.134,82.5235
2022-01-26 15:00:00+01:00,43.566,31.8,43.6085,56.1435
2022-01-26 16:00:00+01:00,46.367,90.6,106.105,160.45049999999998
2022-01-26 17:00:00+01:00,50.3,136.4,164.2555,247.6815
2022-01-26 18:00:00+01:00,54.466,211.8,258.9645,389.773
2022-01-26 19:00:00+01:00,57.567,228.2,284.266,427.74
2022-01-26 20:00:00+01:00,59.267,230.0,291.457,438.5355
2022-01-26 21:00:00+01:00,60.633,258.1,326.049,490.4535
2022-01-26 22:00:00+01:00,61.0,157.3,201.953,304.2865
2022-01-26 23:00:00+01:00,61.067,136.6,177.99200000000002,268.3575
2022-01-27 00:00:00+01:00,61.2,153.9,202.4735,305.1085
2022-01-27 01:00:00+01:00,62.633,196.3,260.119,391.561
2022-01-27 02:00:00+01:00,62.834,130.4,174.57,263.2585
2022-01-27 03:00:00+01:00,62.0,111.6,151.14499999999998,226.9705
2022-01-27 04:00:00+01:00,61.2,45.8,63.718,93.202
2022-01-27 05:00:00+01:00,60.0,38.7,55.683,78.2535
2022-01-27 06:00:00+01:00,60.166,58.0,79.0875,118.3385
2022-01-27 07:00:00+01:00,59.967,51.9,69.8165,105.389
2022-01-27 08:00:00+01:00,57.8,67.5,87.346,132.41899999999998
2022-01-27 09:00:00+01:00,55.767,80.0,102.6725,155.3395
2022-01-27 10:00:00+01:00,53.667,76.8,97.6385,147.7235
2022-01-27 11:00:00+01:00,50.434,72.6,89.813,136.0075
2022-01-27 12:00:00+01:00,45.2,56.4,66.6155,100.5735
2022-01-27 13:00:00+01:00,42.9,41.6,51.2195,73.74199999999999
2022-01-27 14:00:00+01:00,40.534,71.0,82.0705,124.2365
2022-01-27 15:00:00+01:00,40.0,93.8,108.017,163.16649999999998
2022-01-27 16:00:00+01:00,41.7,102.6,118.392,178.6775
2022-01-27 17:00:00+01:00,47.1,143.5,166.7365,251.201
2022-01-27 18:00:00+01:00,52.167,241.6,283.015,425.819
2022-01-27 19:00:00+01:00,56.1,222.2,267.538,402.5865
2022-01-27 20:00:00+01:00,57.9,232.1,281.2515,423.1895
2022-01-27 21:00:00+01:00,59.433,270.9,331.214,498.1605
2022-01-27 22:00:00+01:00,61.334,266.2,330.86850000000004,497.6365
2022-01-27 23:00:00+01:00,62.467,218.2,274.4485,413.019
2022-01-28 00:00:00+01:00,63.0,212.2,267.945,403.2685
2022-01-28 01:00:00+01:00,63.534,256.2,324.318,487.8275
2022-01-28 02:00:00+01:00,63.966,264.0,336.357,505.89
2022-01-28 03:00:00+01:00,63.8,237.3,306.55150000000003,461.2305
2022-01-28 04:00:00+01:00,63.4,219.7,281.5475,423.64
2022-01-28 05:00:00+01:00,62.2,184.3,237.4195,357.544
2022-01-28 06:00:00+01:00,62.433,150.2,194.4215,292.9955
2022-01-28 07:00:00+01:00,62.0,158.9,206.069,310.4845
2022-01-28 08:00:00+01:00,60.567,172.5,219.347,330.358
2022-01-28 09:00:00+01:00,58.7,218.4,271.7735,408.99
2022-01-28 10:00:00+01:00,56.1,153.3,187.5185,282.569
2022-01-28 11:00:00+01:00,50.833,81.6,97.0135,146.773
2022-01-28 12:00:00+01:00,49.034,141.6,163.25549999999998,246.0025
2022-01-28 13:00:00+01:00,48.4,97.1,112.424,169.743
2022-01-28 14:00:00+01:00,47.5,117.4,135.515,204.3925
2022-01-28 15:00:00+01:00,46.233,99.2,114.5495,172.91199999999998
2022-01-28 16:00:00+01:00,46.833,99.4,115.126,173.78300000000002
2022-01-28 17:00:00+01:00,51.767,176.2,204.7845,308.38300000000004
2022-01-28 18:00:00+01:00,55.433,156.7,186.1745,280.53650000000005
2022-01-28 19:00:00+01:00,57.033,209.5,249.674,375.797
2022-01-28 20:00:00+01:00,57.367,147.4,176.755,266.462
2022-01-28 21:00:00+01:00,56.8,140.3,168.70600000000002,254.313
2022-01-28 22:00:00+01:00,54.133,92.0,110.3265,166.8035
2022-01-28 23:00:00+01:00,52.3,89.5,107.2495,162.1845
2022-01-29 00:00:00+01:00,48.433,69.9,83.5595,126.172
2022-01-29 01:00:00+01:00,46.334,88.9,105.027,158.6715
2022-01-29 02:00:00+01:00,40.534,7.1,10.9125,11.729
2022-01-29 03:00:00+01:00,40.0,5.4,8.400500000000001,8.400500000000001
2022-01-29 04:00:00+01:00,42.333,12.8,22.2275,22.594
2022-01-29 05:00:00+01:00,44.4,15.0,25.77,26.945
2022-01-29 06:00:00+01:00,46.4,27.8,42.700500000000005,52.19
2022-01-29 07:00:00+01:00,49.867,40.1,53.2015,76.24100000000001
2022-01-29 08:00:00+01:00,50.3,45.7,57.526,85.8845
2022-01-29 09:00:00+01:00,46.267,67.3,81.9185,122.0445
2022-01-29 10:00:00+01:00,38.367,19.9,31.347,35.211
2022-01-29 11:00:00+01:00,36.166,12.3,20.7935,21.0715
2022-01-29 12:00:00+01:00,36.0,7.1,11.587,11.597
2022-01-29 13:00:00+01:00,35.334,8.6,14.1155,14.1155
2022-01-29 14:00:00+01:00,33.466,11.6,19.8215,19.826
2022-01-29 15:00:00+01:00,32.233,10.1,16.971,16.972
2022-01-29 16:00:00+01:00,33.166,14.8,25.3065,26.0435
2022-01-29 17:00:00+01:00,36.067,49.0,62.219,86.73750000000001
2022-01-29 18:00:00+01:00,40.0,116.5,135.351,204.1145
2022-01-29 19:00:00+01:00,43.1,129.1,150.537,226.9855
2022-01-29 20:00:00+01:00,42.967,70.1,82.3955,124.6165
2022-01-29 21:00:00+01:00,45.567,140.6,166.45499999999998,250.952
2022-01-29 22:00:00+01:00,46.367,126.1,149.5195,225.521
2022-01-29 23:00:00+01:00,46.3,128.5,152.749,230.375
2022-01-30 00:00:00+01:00,45.1,93.8,112.724,169.3765
2022-01-30 01:00:00+01:00,45.666,100.7,122.008,184.3105
2022-01-30 02:00:00+01:00,47.267,88.4,107.77,162.937
2022-01-30 03:00:00+01:00,49.434,105.8,129.85,196.0855
2022-01-30 04:00:00+01:00,52.033,100.0,124.6405,188.2915
2022-01-30 05:00:00+01:00,53.333,71.2,90.132,136.543
2022-01-30 06:00:00+01:00,54.7,62.6,80.3245,121.6405
2022-01-30 07:00:00+01:00,54.4,46.8,62.413,91.846
2022-01-30 08:00:00+01:00,51.767,54.3,68.3865,103.8705
2022-01-30 09:00:00+01:00,45.2,69.0,82.951,125.679
2022-01-30 10:00:00+01:00,36.867,41.6,51.6895,74.7705
2022-01-30 11:00:00+01:00,31.033,34.4,45.93,61.30499999999999
2022-01-30 12:00:00+01:00,27.0,26.3,38.8175,46.936
2022-01-30 13:00:00+01:00,24.133,14.4,21.443,24.7385
2022-01-30 14:00:00+01:00,24.334,6.1,9.3945,9.3945
2022-01-30 15:00:00+01:00,25.466,10.6,17.740000000000002,17.740000000000002
2022-01-30 16:00:00+01:00,28.166,27.2,37.3835,47.813
2022-01-30 17:00:00+01:00,34.5,60.0,69.9455,105.8055
2022-01-30 18:00:00+01:00,40.433,100.1,116.3625,175.633
2022-01-30 19:00:00+01:00,45.5,107.1,124.7705,188.242
2022-01-30 20:00:00+01:00,48.7,105.9,124.6535,188.2065
2022-01-30 21:00:00+01:00,51.233,92.0,110.0615,166.346
2022-01-30 22:00:00+01:00,52.5,58.3,70.7865,107.1205
2022-01-30 23:00:00+01:00,54.0,42.6,53.9285,79.34299999999999
2022-01-31 00:00:00+01:00,55.334,39.4,52.089,73.785
2022-01-31 01:00:00+01:00,56.633,92.2,118.1505,175.4405
2022-01-31 02:00:00+01:00,58.834,125.2,159.25549999999998,240.2625
2022-01-31 03:00:00+01:00,59.834,103.0,132.94400000000002,200.7735
2022-01-31 04:00:00+01:00,60.767,85.8,111.2625,168.2605
2022-01-31 05:00:00+01:00,60.567,97.9,127.382,192.423
2022-01-31 06:00:00+01:00,60.034,108.8,141.2045,213.163
2022-01-31 07:00:00+01:00,60.6,132.3,172.161,259.5905
2022-01-31 08:00:00+01:00,59.3,137.5,177.4325,267.5
2022-01-31 09:00:00+01:00,57.4,189.7,236.679,356.389
2022-01-31 10:00:00+01:00,51.3,144.1,175.4205,264.3955
2022-01-31 11:00:00+01:00,45.3,107.0,126.071,190.358
2022-01-31 12:00:00+01:00,43.666,76.3,88.876,134.4625
2022-01-31 13:00:00+01:00,43.367,73.8,86.0085,130.084
2022-01-31 14:00:00+01:00,43.633,86.9,101.1325,152.7515
2022-01-31 15:00:00+01:00,44.3,105.6,122.2375,184.4365
2022-01-31 16:00:00+01:00,45.867,170.4,196.981,296.68
2022-01-31 17:00:00+01:00,47.1,100.9,118.769,179.34
2022-01-31 18:00:00+01:00,62.267,39.5,52.534000000000006,73.9545
2022-01-31 19:00:00+01:00,67.534,50.9,63.5295,96.424
2022-01-31 20:00:00+01:00,68.6,41.3,54.6425,78.03800000000001
2022-01-31 21:00:00+01:00,71.733,58.6,73.1055,110.685
2022-01-31 22:00:00+01:00,70.333,73.0,89.729,135.9185
2022-01-31 23:00:00+01:00,69.8,94.8,115.8855,175.15300000000002
2022-02-01 00:00:00+01:00,69.0,122.3,148.6695,224.295
2022-02-01 01:00:00+01:00,69.0,134.3,163.174,246.076
2022-02-01 02:00:00+01:00,69.9,131.3,159.69,240.8275
2022-02-01 03:00:00+01:00,69.433,140.2,170.2145,256.632
2022-02-01 04:00:00+01:00,69.934,150.2,182.11,274.4485
2022-02-01 05:00:00+01:00,69.434,132.5,160.91500000000002,242.65
2022-02-01 06:00:00+01:00,69.367,98.7,119.9015,181.145
2022-02-01 07:00:00+01:00,69.466,60.0,75.497,110.207
2022-02-01 08:00:00+01:00,69.9,44.7,56.9965,81.8505
2022-02-01 09:00:00+01:00,68.9,68.8,85.87450000000001,125.6405
2022-02-01 10:00:00+01:00,68.0,34.4,47.09,62.4225
2022-02-01 11:00:00+01:00,66.633,38.9,50.322,70.0835
2022-02-01 12:00:00+01:00,66.7,43.5,54.749,77.7445
2022-02-01 13:00:00+01:00,65.267,33.7,45.056,58.941500000000005
2022-02-01 14:00:00+01:00,63.5,36.4,46.729,63.0615
2022-02-01 15:00:00+01:00,59.834,40.6,49.977,70.595
2022-02-01 16:00:00+01:00,56.733,43.2,52.569,76.09899999999999
2022-02-01 17:00:00+01:00,56.5,72.6,85.3075,129.195
2022-02-01 18:00:00+01:00,60.534,104.7,126.137,190.4985
2022-02-01 19:00:00+01:00,61.166,159.8,195.672,294.8325
2022-02-01 20:00:00+01:00,62.333,124.6,155.38299999999998,234.4105
2022-02-01 21:00:00+01:00,63.767,78.9,98.911,149.675
2022-02-01 22:00:00+01:00,62.933,41.6,56.006,79.132
2022-02-01 23:00:00+01:00,61.067,29.5,45.328,56.3015
2022-02-02 00:00:00+01:00,59.066,27.5,43.297,51.868
2022-02-02 01:00:00+01:00,60.433,66.0,83.3685,126.3745
2022-02-02 02:00:00+01:00,59.834,48.7,63.069500000000005,93.7475
2022-02-02 03:00:00+01:00,61.4,61.6,78.46600000000001,119.0895
2022-02-02 04:00:00+01:00,61.7,66.1,84.352,127.912
2022-02-02 05:00:00+01:00,60.733,58.4,74.23249999999999,112.6555
2022-02-02 06:00:00+01:00,60.633,50.7,65.45750000000001,99.258
2022-02-02 07:00:00+01:00,60.234,58.8,76.9795,114.851
2022-02-02 08:00:00+01:00,57.6,53.4,68.019,101.819
2022-02-02 09:00:00+01:00,50.541,38.1,52.5415,70.233
2022-02-02 10:00:00+01:00,49.833,62.9,75.6945,114.82
2022-02-02 11:00:00+01:00,49.233,84.9,101.0215,152.79649999999998
2022-02-02 12:00:00+01:00,45.367,66.8,79.362,118.5395
2022-02-02 13:00:00+01:00,40.7,19.9,32.1075,34.9675
2022-02-02 14:00:00+01:00,41.4,74.5,87.86449999999999,132.1045
2022-02-02 15:00:00+01:00,38.6,28.1,39.1865,49.5385
2022-02-02 16:00:00+01:00,39.367,25.7,38.2585,45.539
2022-02-02 17:00:00+01:00,43.267,54.6,63.682500000000005,96.567
2022-02-02 18:00:00+01:00,47.3,68.8,79.93,121.025
2022-02-02 19:00:00+01:00,51.633,82.8,96.8885,146.559
2022-02-02 20:00:00+01:00,54.233,147.1,172.15550000000002,259.466
2022-02-02 21:00:00+01:00,55.1,94.7,111.8075,168.981
2022-02-02 22:00:00+01:00,55.534,109.2,130.225,196.588
2022-02-02 23:00:00+01:00,53.0,35.5,47.826,64.262
2022-02-03 00:00:00+01:00,51.2,26.0,39.6445,47.167
2022-02-03 01:00:00+01:00,48.333,15.4,26.398,27.1765
2022-02-03 02:00:00+01:00,44.633,9.1,15.193,15.193
2022-02-03 03:00:00+01:00,46.567,10.2,17.247500000000002,17.247999999999998
2022-02-03 04:00:00+01:00,48.6,12.8,22.0,22.021
2022-02-03 05:00:00+01:00,47.067,24.9,37.436,44.4715
2022-02-03 06:00:00+01:00,48.367,27.0,39.974,48.3715
2022-02-03 07:00:00+01:00,50.0,31.4,44.51,56.8895
2022-02-03 08:00:00+01:00,50.733,41.1,51.5335,74.14099999999999
2022-02-03 09:00:00+01:00,47.9,49.5,59.187,88.106
2022-02-03 10:00:00+01:00,37.733,15.2,24.997,26.6325
2022-02-03 11:00:00+01:00,34.867,10.8,18.1525,18.1675
2022-02-03 12:00:00+01:00,34.067,7.6,12.2755,12.3705
2022-02-03 13:00:00+01:00,34.067,7.1,11.3465,11.3465
2022-02-03 14:00:00+01:00,34.0,6.0,9.540500000000002,9.540500000000002
2022-02-03 15:00:00+01:00,33.9,7.7,12.6585,12.671
2022-02-03 16:00:00+01:00,34.834,17.8,27.0835,31.1815
2022-02-03 17:00:00+01:00,40.3,61.4,72.012,108.677
2022-02-03 18:00:00+01:00,44.966,68.9,80.58449999999999,121.9685
2022-02-03 19:00:00+01:00,47.733,67.6,80.0865,121.3395
2022-02-03 20:00:00+01:00,47.466,95.4,113.087,170.45600000000002
2022-02-03 21:00:00+01:00,51.066,144.2,173.384,261.35450000000003
2022-02-03 22:00:00+01:00,48.9,63.8,79.638,116.063
2022-02-03 23:00:00+01:00,52.266,128.3,155.96300000000002,235.2785
2022-02-04 00:00:00+01:00,54.433,234.9,283.413,426.4465
2022-02-04 01:00:00+01:00,56.733,246.5,300.961,452.741
2022-02-04 02:00:00+01:00,58.0,252.6,309.6905,465.8745
2022-02-04 03:00:00+01:00,58.334,179.3,223.7725,336.977
2022-02-04 04:00:00+01:00,59.1,169.9,213.4265,321.46450000000004
2022-02-04 05:00:00+01:00,59.0,136.4,172.619,260.2815
2022-02-04 06:00:00+01:00,59.433,127.3,161.826,244.087
2022-02-04 07:00:00+01:00,58.767,99.9,127.6775,192.8595
2022-02-04 08:00:00+01:00,56.533,108.9,136.23950000000002,205.7025
2022-02-04 09:00:00+01:00,52.167,107.9,130.0685,196.4055
2022-02-04 10:00:00+01:00,45.767,103.0,119.6075,180.5525
2022-02-04 11:00:00+01:00,38.233,89.3,103.5525,156.46699999999998
2022-02-04 12:00:00+01:00,33.0,32.1,44.2535,56.858
2022-02-04 13:00:00+01:00,31.267,11.9,19.5525,20.316000000000003
2022-02-04 14:00:00+01:00,31.233,6.1,9.7555,9.7555
2022-02-04 15:00:00+01:00,32.733,7.7,12.6785,12.685
2022-02-04 16:00:00+01:00,35.333,15.5,25.6665,26.8365
2022-02-04 17:00:00+01:00,36.4,10.2,17.2435,17.2455
2022-02-04 18:00:00+01:00,37.0,12.0,20.401,20.462
2022-02-04 19:00:00+01:00,38.266,35.1,47.3475,61.71
2022-02-04 20:00:00+01:00,40.566,68.3,80.8545,120.862
2022-02-04 21:00:00+01:00,43.5,97.4,113.3885,171.2055
2022-02-04 22:00:00+01:00,45.166,99.0,115.206,173.925
2022-02-04 23:00:00+01:00,47.767,115.2,133.366,201.1695
2022-02-05 00:00:00+01:00,49.1,95.4,110.411,166.703
2022-02-05 01:00:00+01:00,50.733,86.2,100.169,151.375
2022-02-05 02:00:00+01:00,51.6,89.0,103.145,155.809
2022-02-05 03:00:00+01:00,52.067,77.9,90.2395,136.482
2022-02-05 04:00:00+01:00,53.733,62.0,71.84100000000001,108.8795
2022-02-05 05:00:00+01:00,52.834,49.8,58.27,87.7235
2022-02-05 06:00:00+01:00,52.767,47.2,55.029,82.82
2022-02-05 07:00:00+01:00,53.2,49.8,58.08,87.9685
2022-02-05 08:00:00+01:00,51.567,54.5,63.732,96.653
2022-02-05 09:00:00+01:00,49.133,64.5,75.12,113.677
2022-02-05 10:00:00+01:00,44.966,49.5,58.57299999999999,88.08250000000001
2022-02-05 11:00:00+01:00,42.133,40.1,50.5035,71.7645
2022-02-05 12:00:00+01:00,39.733,27.5,37.79900000000001,48.1435
2022-02-05 13:00:00+01:00,43.067,21.4,33.883,37.741
2022-02-05 14:00:00+01:00,55.434,28.6,40.327,50.283
2022-02-05 15:00:00+01:00,60.066,15.9,26.584,27.23
2022-02-05 16:00:00+01:00,57.4,21.6,33.698,37.455
2022-02-05 17:00:00+01:00,65.534,30.4,41.821,52.5265
2022-02-05 18:00:00+01:00,65.9,33.8,44.8345,58.705
2022-02-05 19:00:00+01:00,57.934,22.7,33.435,39.4855
2022-02-05 20:00:00+01:00,52.4,23.3,36.052,40.89
2022-02-05 21:00:00+01:00,53.966,24.1,36.942,42.5075
2022-02-05 22:00:00+01:00,52.1,26.9,39.618,47.5645
2022-02-05 23:00:00+01:00,48.834,19.2,31.664,33.722
2022-02-06 00:00:00+01:00,44.633,22.3,34.584,39.2
2022-02-06 01:00:00+01:00,49.7,32.4,44.1695,57.017
2022-02-06 02:00:00+01:00,50.433,25.3,37.921,44.506
2022-02-06 03:00:00+01:00,51.133,20.5,33.2195,35.8325
2022-02-06 04:00:00+01:00,54.567,24.1,37.327,42.7555
2022-02-06 05:00:00+01:00,57.166,23.4,36.843500000000006,41.809
2022-02-06 06:00:00+01:00,58.966,28.0,41.6,51.0885
2022-02-06 07:00:00+01:00,60.966,42.1,55.1805,78.3435
2022-02-06 08:00:00+01:00,60.966,56.4,69.0205,104.8195
2022-02-06 09:00:00+01:00,57.034,54.6,64.5495,97.994
2022-02-06 10:00:00+01:00,50.433,42.7,54.0485,77.55099999999999
2022-02-06 11:00:00+01:00,46.3,48.7,60.039,85.7285
2022-02-06 12:00:00+01:00,43.334,62.4,71.84700000000001,108.5115
2022-02-06 13:00:00+01:00,39.2,32.2,43.189,55.7655
2022-02-06 14:00:00+01:00,33.233,4.8,7.285,7.285499999999999
2022-02-06 15:00:00+01:00,31.2,5.0,7.504999999999999,7.504999999999999
2022-02-06 16:00:00+01:00,32.3,6.9,10.8365,10.8365
2022-02-06 17:00:00+01:00,35.0,7.7,12.5765,12.5765
2022-02-06 18:00:00+01:00,37.367,9.7,16.165,16.1685
2022-02-06 19:00:00+01:00,38.0,7.8,12.621,12.621
2022-02-06 20:00:00+01:00,37.834,9.2,15.239,15.2395
2022-02-06 21:00:00+01:00,38.467,4.7,7.138,7.138
2022-02-06 22:00:00+01:00,38.367,5.4,8.2995,8.2995
2022-02-06 23:00:00+01:00,37.8,4.5,6.710000000000001,6.710000000000001
2022-02-07 00:00:00+01:00,37.433,4.7,7.005000000000001,7.005000000000001
2022-02-07 01:00:00+01:00,38.267,5.4,8.25,8.25
2022-02-07 02:00:00+01:00,39.133,4.8,7.226,7.226
2022-02-07 03:00:00+01:00,39.367,4.6,6.8175,6.8175
2022-02-07 04:00:00+01:00,37.067,4.8,7.0955,7.0955
2022-02-07 05:00:00+01:00,37.0,5.5,8.307500000000001,8.307500000000001
2022-02-07 06:00:00+01:00,36.533,4.9,7.339500000000001,7.339500000000001
2022-02-07 07:00:00+01:00,37.0,8.9,13.7805,14.666
2022-02-07 08:00:00+01:00,36.666,11.0,18.652,18.6915
2022-02-07 09:00:00+01:00,40.567,19.0,27.636,32.2915
2022-02-07 10:00:00+01:00,68.534,9.1,14.8585,15.1935
2022-02-07 11:00:00+01:00,71.967,9.4,15.7435,15.7785
2022-02-07 12:00:00+01:00,67.233,14.4,22.449,24.7975
2022-02-07 13:00:00+01:00,63.666,13.9,22.968,24.0985
2022-02-07 14:00:00+01:00,53.308,15.4,24.8995,26.2185
2022-02-07 15:00:00+01:00,41.5,7.3,11.771,11.7845
2022-02-07 16:00:00+01:00,48.233,8.1,13.0145,13.39
2022-02-07 17:00:00+01:00,50.667,53.3,63.1775,94.736
2022-02-07 18:00:00+01:00,56.333,88.5,105.61,155.49
2022-02-07 19:00:00+01:00,65.566,29.6,41.7925,53.436
2022-02-07 20:00:00+01:00,65.233,78.5,94.353,142.61849999999998
2022-02-07 21:00:00+01:00,65.267,67.6,82.4405,124.922
2022-02-07 22:00:00+01:00,61.2,76.5,92.7245,140.03050000000002
2022-02-07 23:00:00+01:00,58.633,51.7,64.24199999999999,94.9885
2022-02-08 00:00:00+01:00,55.267,45.0,56.47,82.5575
2022-02-08 01:00:00+01:00,54.434,37.9,48.5555,69.38650000000001
2022-02-08 02:00:00+01:00,45.4,2.4,2.904,2.904
2022-02-08 03:00:00+01:00,47.167,2.8,3.7555,3.7555
2022-02-08 04:00:00+01:00,48.633,1.9,2.0645,2.0645
2022-02-08 05:00:00+01:00,50.733,2.7,3.5435,3.5435
2022-02-08 06:00:00+01:00,49.7,4.7,7.303000000000001,7.304500000000001
2022-02-08 07:00:00+01:00,48.267,22.0,32.2165,38.4235
2022-02-08 08:00:00+01:00,46.933,19.1,29.46,33.5205
2022-02-08 09:00:00+01:00,45.633,16.2,26.871,28.215
2022-02-08 10:00:00+01:00,43.0,16.2,25.1935,28.153
2022-02-08 11:00:00+01:00,41.166,8.1,13.1275,13.28
2022-02-08 12:00:00+01:00,39.034,5.6,8.719999999999999,8.719999999999999
2022-02-08 13:00:00+01:00,35.644,5.6,8.8235,8.8845
2022-02-08 14:00:00+01:00,31.922,6.0,9.523,9.523
2022-02-08 15:00:00+01:00,30.1,9.0,14.761500000000002,14.7755
2022-02-08 16:00:00+01:00,31.0,17.8,28.7165,31.152
2022-02-08 17:00:00+01:00,31.633,35.5,46.153000000000006,62.8175
2022-02-08 18:00:00+01:00,34.633,46.4,55.324,82.2655
2022-02-08 19:00:00+01:00,35.3,32.1,44.175,57.173
2022-02-08 20:00:00+01:00,35.267,29.7,42.097,52.5005
2022-02-08 21:00:00+01:00,36.666,24.4,36.96,42.9665
2022-02-08 22:00:00+01:00,43.834,92.2,107.97,163.2025
2022-02-08 23:00:00+01:00,47.2,75.8,89.60849999999999,135.6135
2022-02-09 00:00:00+01:00,48.434,75.7,89.23949999999999,135.15800000000002
2022-02-09 01:00:00+01:00,47.034,49.5,59.2595,88.407
2022-02-09 02:00:00+01:00,46.234,38.5,49.058,68.85
2022-02-09 03:00:00+01:00,47.7,44.2,53.8805,79.269
2022-02-09 04:00:00+01:00,52.534,37.0,49.045,67.6605
2022-02-09 05:00:00+01:00,54.034,25.5,40.0285,47.0085
2022-02-09 06:00:00+01:00,55.267,57.9,72.588,106.912
2022-02-09 07:00:00+01:00,56.367,66.4,82.05799999999999,124.383
2022-02-09 08:00:00+01:00,54.334,64.8,78.6515,119.2405
2022-02-09 09:00:00+01:00,44.733,42.7,52.635000000000005,76.043
2022-02-09 10:00:00+01:00,35.5,21.2,33.861,37.3245
2022-02-09 11:00:00+01:00,30.8,14.4,23.2145,24.7975
2022-02-09 12:00:00+01:00,28.733,8.2,13.7925,13.793
2022-02-09 13:00:00+01:00,28.0,5.7,9.0835,9.0835
2022-02-09 14:00:00+01:00,27.7,6.5,10.2835,10.2845
2022-02-09 15:00:00+01:00,27.3,14.4,24.247,24.805
2022-02-09 16:00:00+01:00,29.034,20.0,31.811,34.762
2022-02-09 17:00:00+01:00,33.9,51.6,62.5585,90.7225
2022-02-09 18:00:00+01:00,40.434,117.6,136.071,205.174
2022-02-09 19:00:00+01:00,45.733,141.2,163.54649999999998,246.412
2022-02-09 20:00:00+01:00,49.0,132.2,153.552,231.428
2022-02-09 21:00:00+01:00,52.367,139.7,161.9065,243.9345
2022-02-09 22:00:00+01:00,56.0,139.3,160.78,242.283
2022-02-09 23:00:00+01:00,57.334,139.3,163.29500000000002,246.1805
2022-02-10 00:00:00+01:00,59.267,177.7,210.242,316.6255
2022-02-10 01:00:00+01:00,60.8,104.0,125.147,188.9845
2022-02-10 02:00:00+01:00,62.0,115.2,139.655,210.7455
2022-02-10 03:00:00+01:00,62.0,97.9,118.6415,179.2375
2022-02-10 04:00:00+01:00,62.0,82.3,100.946,152.7165
2022-02-10 05:00:00+01:00,62.5,55.2,68.259,103.283
2022-02-10 06:00:00+01:00,62.0,66.0,82.0865,124.5035
2022-02-10 07:00:00+01:00,62.367,72.7,90.381,136.9
2022-02-10 08:00:00+01:00,59.9,52.0,65.0055,95.612
2022-02-10 09:00:00+01:00,52.467,48.6,58.528,86.7575
2022-02-10 10:00:00+01:00,45.8,49.6,59.556,89.435
2022-02-10 11:00:00+01:00,37.717,29.4,41.974,53.4995
2022-02-10 12:00:00+01:00,31.15,13.8,23.825,24.0385
2022-02-10 13:00:00+01:00,29.1,22.2,35.119,39.442
2022-02-10 14:00:00+01:00,29.041,19.0,31.554,33.304
2022-02-10 15:00:00+01:00,28.7,19.3,31.5125,33.648
2022-02-10 16:00:00+01:00,29.1,24.9,37.6515,44.029
2022-02-10 17:00:00+01:00,32.666,48.5,58.3955,85.437
2022-02-10 18:00:00+01:00,39.1,114.8,132.5285,199.8805
2022-02-10 19:00:00+01:00,42.633,110.3,128.1255,193.295
2022-02-10 20:00:00+01:00,45.867,68.5,79.95150000000001,121.03
2022-02-10 21:00:00+01:00,48.267,49.9,58.601,88.6075
2022-02-10 22:00:00+01:00,50.367,43.6,52.239,77.2365
2022-02-10 23:00:00+01:00,52.266,36.7,47.4795,65.251
2022-02-11 00:00:00+01:00,53.9,31.4,43.7055,55.6845
2022-02-11 01:00:00+01:00,55.4,24.5,37.7985,43.5875
2022-02-11 02:00:00+01:00,56.466,19.7,32.589,34.7345
2022-02-11 03:00:00+01:00,57.034,18.0,30.468,31.6455
2022-02-11 04:00:00+01:00,58.0,15.6,27.507,27.6845
2022-02-11 05:00:00+01:00,58.0,19.6,33.413,35.699
2022-02-11 06:00:00+01:00,58.233,26.1,39.798,47.973
2022-02-11 07:00:00+01:00,59.8,64.0,80.815,120.7765
2022-02-11 08:00:00+01:00,58.433,69.5,84.387,127.8125
2022-02-11 09:00:00+01:00,51.5,54.7,64.78099999999999,97.901
2022-02-11 10:00:00+01:00,43.267,56.8,66.9945,101.631
2022-02-11 11:00:00+01:00,33.4,30.9,41.395,54.7965
2022-02-11 12:00:00+01:00,26.7,7.8,12.64,12.64
2022-02-11 13:00:00+01:00,25.709,8.4,13.9,13.9
2022-02-11 14:00:00+01:00,24.0,8.1,13.2615,13.2975
2022-02-11 15:00:00+01:00,25.267,10.0,16.7785,16.807000000000002
2022-02-11 16:00:00+01:00,26.8,13.1,20.8955,22.3995
2022-02-11 17:00:00+01:00,34.166,17.7,29.195,30.8535
2022-02-11 18:00:00+01:00,38.3,16.9,28.652500000000003,29.584
2022-02-11 19:00:00+01:00,39.2,31.4,43.468,55.8205
2022-02-11 20:00:00+01:00,39.567,17.7,26.4565,30.3605
2022-02-11 21:00:00+01:00,38.834,8.8,14.4705,14.5475
2022-02-11 22:00:00+01:00,43.666,6.7,10.682,10.688
2022-02-11 23:00:00+01:00,49.767,7.5,12.13,12.13
2022-02-12 00:00:00+01:00,59.4,8.8,14.4515,14.4515
2022-02-12 01:00:00+01:00,60.767,10.8,18.103,18.108
2022-02-12 02:00:00+01:00,56.766,8.5,14.1145,14.1145
2022-02-12 03:00:00+01:00,54.767,8.2,13.614,13.614
2022-02-12 04:00:00+01:00,53.367,8.5,14.0925,14.0925
2022-02-12 05:00:00+01:00,56.267,12.5,20.418,21.3625
2022-02-12 06:00:00+01:00,57.5,23.3,36.4205,41.340500000000006
2022-02-12 07:00:00+01:00,57.0,18.7,30.6715,32.906
2022-02-12 08:00:00+01:00,54.767,24.0,37.085,42.606
2022-02-12 09:00:00+01:00,50.0,27.7,40.172,49.109
2022-02-12 10:00:00+01:00,43.7,6.5,10.228,10.29
2022-02-12 11:00:00+01:00,41.533,6.0,9.2325,9.2325
2022-02-12 12:00:00+01:00,40.534,6.6,10.413,10.413
2022-02-12 13:00:00+01:00,39.233,6.8,10.992,10.992
2022-02-12 14:00:00+01:00,35.8,6.2,9.7535,9.7575
2022-02-12 15:00:00+01:00,34.733,5.9,9.2775,9.2775
2022-02-12 16:00:00+01:00,37.3,8.4,13.8255,13.8255
2022-02-12 17:00:00+01:00,38.734,26.1,37.16,45.757000000000005
2022-02-12 18:00:00+01:00,41.767,85.5,99.7505,149.369
2022-02-12 19:00:00+01:00,46.0,174.8,203.311,306.156
2022-02-12 20:00:00+01:00,49.5,165.3,195.4485,294.448
2022-02-12 21:00:00+01:00,51.934,163.5,196.909,296.6605
2022-02-12 22:00:00+01:00,53.633,197.6,238.703,359.361
2022-02-12 23:00:00+01:00,54.767,208.7,254.5375,383.136
2022-02-13 00:00:00+01:00,55.834,180.2,222.3005,334.77750000000003
2022-02-13 01:00:00+01:00,56.5,127.1,158.21050000000002,238.626
2022-02-13 02:00:00+01:00,59.0,96.9,121.391,183.404
2022-02-13 03:00:00+01:00,59.767,97.9,123.915,187.1965
2022-02-13 04:00:00+01:00,60.834,82.9,105.6885,159.91500000000002
2022-02-13 05:00:00+01:00,61.267,67.3,86.084,130.458
2022-02-13 06:00:00+01:00,61.367,44.0,58.3885,85.697
2022-02-13 07:00:00+01:00,60.133,39.7,54.2875,77.0275
2022-02-13 08:00:00+01:00,58.733,44.3,57.3045,84.7965
2022-02-13 09:00:00+01:00,57.1,55.0,68.65799999999999,104.074
2022-02-13 10:00:00+01:00,55.033,68.9,84.223,127.605
2022-02-13 11:00:00+01:00,48.3,59.0,68.288,103.6325
2022-02-13 12:00:00+01:00,43.1,55.0,63.339,95.748
2022-02-13 13:00:00+01:00,40.1,40.5,49.52,70.459
2022-02-13 14:00:00+01:00,38.4,37.7,47.6525,65.596
2022-02-13 15:00:00+01:00,37.233,37.1,47.2665,64.6075
2022-02-13 16:00:00+01:00,38.5,48.9,56.923,85.416
2022-02-13 17:00:00+01:00,40.8,88.4,102.066,154.2065
2022-02-13 18:00:00+01:00,44.4,123.3,142.0205,214.124
2022-02-13 19:00:00+01:00,47.466,184.4,213.611,321.663
2022-02-13 20:00:00+01:00,50.567,170.1,201.386,303.381
2022-02-13 21:00:00+01:00,53.334,182.1,219.2245,330.13800000000003
2022-02-13 22:00:00+01:00,55.9,196.6,241.0575,362.905
2022-02-13 23:00:00+01:00,57.867,89.4,110.807,167.4955
2022-02-14 00:00:00+01:00,58.166,85.1,106.4935,161.09550000000002
2022-02-14 01:00:00+01:00,59.433,85.2,107.389,162.4335
2022-02-14 02:00:00+01:00,59.2,128.7,163.185,246.134
2022-02-14 03:00:00+01:00,59.966,83.2,104.9965,158.8385
2022-02-14 04:00:00+01:00,59.0,87.8,110.6205,167.2715
2022-02-14 05:00:00+01:00,59.133,83.8,105.2695,159.2115
2022-02-14 06:00:00+01:00,58.833,85.8,107.0365,161.8915
2022-02-14 07:00:00+01:00,58.267,103.4,127.049,191.887
2022-02-14 08:00:00+01:00,57.8,138.1,167.39350000000002,252.3785
2022-02-14 09:00:00+01:00,57.633,192.7,230.19,346.54200000000003
2022-02-14 10:00:00+01:00,54.6,204.3,237.4585,357.445
2022-02-14 11:00:00+01:00,49.892,178.8,205.214,308.959
2022-02-14 12:00:00+01:00,46.133,89.1,102.5875,154.987
2022-02-14 13:00:00+01:00,45.6,76.3,87.86500000000001,132.914
2022-02-14 14:00:00+01:00,44.216,89.3,102.7905,155.33350000000002
2022-02-14 15:00:00+01:00,48.633,106.6,122.476,184.7995
2022-02-14 16:00:00+01:00,51.767,122.4,140.476,211.83
2022-02-14 17:00:00+01:00,53.2,197.2,223.642,336.5485
2022-02-14 18:00:00+01:00,55.534,275.5,310.2335,466.428
2022-02-14 19:00:00+01:00,54.633,268.7,302.565,454.921
2022-02-14 20:00:00+01:00,47.8,37.9,47.001000000000005,65.2975
2022-02-14 21:00:00+01:00,43.367,9.1,14.8665,14.8665
2022-02-14 22:00:00+01:00,42.433,7.8,12.501,12.501
2022-02-14 23:00:00+01:00,43.6,7.6,12.053,12.053
2022-02-15 00:00:00+01:00,45.967,35.4,44.9195,61.8905
2022-02-15 01:00:00+01:00,49.267,93.5,107.6335,162.23149999999998
2022-02-15 02:00:00+01:00,53.766,79.7,92.9115,138.47
2022-02-15 03:00:00+01:00,54.334,32.2,42.7815,55.9605
2022-02-15 04:00:00+01:00,56.0,32.2,43.9635,56.257
2022-02-15 05:00:00+01:00,56.0,29.7,41.933,51.9805
2022-02-15 06:00:00+01:00,56.834,36.6,47.551,64.5535
2022-02-15 07:00:00+01:00,57.8,81.1,94.7315,143.223
2022-02-15 08:00:00+01:00,57.5,131.3,151.5605,228.4435
2022-02-15 09:00:00+01:00,52.7,103.8,120.454,181.7425
2022-02-15 10:00:00+01:00,39.778,9.3,14.8235,15.517499999999998
2022-02-15 11:00:00+01:00,33.133,7.2,11.819,11.819
2022-02-15 12:00:00+01:00,29.822,6.3,9.767499999999998,9.7795
2022-02-15 13:00:00+01:00,30.342,6.8,10.94,10.94
2022-02-15 14:00:00+01:00,32.334,8.0,12.9585,12.9585
2022-02-15 15:00:00+01:00,33.0,7.3,11.813,11.813
2022-02-15 16:00:00+01:00,33.267,8.1,13.289,13.289
2022-02-15 17:00:00+01:00,34.733,15.4,25.978,26.9595
2022-02-15 18:00:00+01:00,37.1,45.6,56.505,80.08699999999999
2022-02-15 19:00:00+01:00,39.4,67.1,79.19399999999999,117.5765
2022-02-15 20:00:00+01:00,39.733,13.3,22.365,22.936
2022-02-15 21:00:00+01:00,55.3,21.3,30.932,36.9875
2022-02-15 22:00:00+01:00,73.767,6.8,10.706499999999998,10.706499999999998
2022-02-15 23:00:00+01:00,70.367,5.2,7.755000000000001,7.755000000000001
2022-02-16 00:00:00+01:00,68.567,5.4,8.093,8.093
2022-02-16 01:00:00+01:00,68.0,12.1,20.5625,20.574
2022-02-16 02:00:00+01:00,67.4,16.9,26.678,29.0915
2022-02-16 03:00:00+01:00,67.833,24.2,36.381,42.0075
2022-02-16 04:00:00+01:00,68.0,22.8,35.709999999999994,40.008
2022-02-16 05:00:00+01:00,68.0,21.8,34.358,37.829
2022-02-16 06:00:00+01:00,68.0,48.8,57.872,85.0805
2022-02-16 07:00:00+01:00,67.966,54.8,64.1705,96.3075
2022-02-16 08:00:00+01:00,66.6,78.9,91.2885,138.03699999999998
2022-02-16 09:00:00+01:00,65.845,51.0,60.472,89.3235
2022-02-16 10:00:00+01:00,61.916,11.4,18.849,19.062
2022-02-16 11:00:00+01:00,60.217,13.9,23.4145,23.721
2022-02-16 12:00:00+01:00,56.066,10.0,16.3825,16.384
2022-02-16 13:00:00+01:00,51.466,9.1,14.6765,14.6765
2022-02-16 14:00:00+01:00,47.467,9.5,15.939,15.9545
2022-02-16 15:00:00+01:00,46.034,13.2,23.068,23.1775
2022-02-16 16:00:00+01:00,45.733,16.9,27.402,29.6055
2022-02-16 17:00:00+01:00,50.084,26.4,38.387,45.782
2022-02-16 18:00:00+01:00,57.183,79.2,91.836,137.72750000000002
2022-02-16 19:00:00+01:00,58.525,128.0,147.265,221.989
2022-02-16 20:00:00+01:00,60.725,130.2,149.7975,225.7925
2022-02-16 21:00:00+01:00,62.6,122.7,141.42000000000002,213.15
2022-02-16 22:00:00+01:00,62.0,41.5,50.706,73.222
2022-02-16 23:00:00+01:00,62.0,33.9,45.29,59.4825
2022-02-17 00:00:00+01:00,62.8,63.9,75.2945,113.514
2022-02-17 01:00:00+01:00,65.486,105.5,125.75,189.917
2022-02-17 02:00:00+01:00,66.383,132.3,158.526,239.0705
2022-02-17 03:00:00+01:00,66.459,112.0,134.8915,203.6445
2022-02-17 04:00:00+01:00,66.209,104.9,126.197,190.5745
2022-02-17 05:00:00+01:00,65.334,101.5,122.564,185.1285
2022-02-17 06:00:00+01:00,64.133,81.8,97.7075,147.848
2022-02-17 07:00:00+01:00,60.767,63.1,74.287,112.7775
2022-02-17 08:00:00+01:00,56.883,84.1,97.9635,148.06799999999998
2022-02-17 09:00:00+01:00,48.466,81.8,95.4145,142.40050000000002
2022-02-17 10:00:00+01:00,28.033,3.7,4.9705,4.9705
2022-02-17 11:00:00+01:00,24.867,3.9,5.566,5.573
2022-02-17 12:00:00+01:00,23.434,2.9,3.7855,3.7855
2022-02-17 13:00:00+01:00,22.2,2.8,3.679,3.679
2022-02-17 14:00:00+01:00,22.0,2.6,3.2385,3.2385
2022-02-17 15:00:00+01:00,23.133,3.2,4.2435,4.2435
2022-02-17 16:00:00+01:00,24.9,3.5,4.838,4.838
2022-02-17 17:00:00+01:00,28.433,5.1,7.619999999999999,7.619999999999999
2022-02-17 18:00:00+01:00,32.267,8.6,14.2345,14.238
2022-02-17 19:00:00+01:00,36.166,36.1,46.721,63.7515
2022-02-17 20:00:00+01:00,38.733,39.0,48.9785,68.7365
2022-02-17 21:00:00+01:00,42.4,54.2,63.5655,96.0925
2022-02-17 22:00:00+01:00,47.1,93.5,108.812,164.3235
2022-02-17 23:00:00+01:00,49.733,75.5,87.99199999999999,132.7415
2022-02-18 00:00:00+01:00,49.833,48.7,58.6615,85.9115
2022-02-18 01:00:00+01:00,51.567,81.6,94.4525,142.78050000000002
2022-02-18 02:00:00+01:00,53.534,89.9,103.9005,156.9875
2022-02-18 03:00:00+01:00,52.1,52.7,62.1735,92.6655
2022-02-18 04:00:00+01:00,54.367,64.3,74.509,112.882
2022-02-18 05:00:00+01:00,57.434,62.2,72.6755,108.9845
2022-02-18 06:00:00+01:00,59.166,63.2,73.58,111.4645
2022-02-18 07:00:00+01:00,60.466,89.3,104.601,158.169
2022-02-18 08:00:00+01:00,57.2,73.1,84.801,128.28199999999998
2022-02-18 09:00:00+01:00,52.333,72.6,85.36949999999999,128.569
2022-02-18 10:00:00+01:00,44.034,29.9,41.6915,53.045
2022-02-18 11:00:00+01:00,35.167,15.3,25.651,26.249
2022-02-18 12:00:00+01:00,29.475,10.7,18.0205,18.023
2022-02-18 13:00:00+01:00,25.566,7.7,12.3525,12.3525
2022-02-18 14:00:00+01:00,22.933,6.5,10.3525,10.3525
2022-02-18 15:00:00+01:00,22.0,6.3,9.7925,9.7925
2022-02-18 16:00:00+01:00,23.4,6.5,10.1545,10.1545
2022-02-18 17:00:00+01:00,25.667,13.0,22.0955,22.1265
2022-02-18 18:00:00+01:00,29.0,17.3,28.839,30.0965
2022-02-18 19:00:00+01:00,30.9,24.7,35.719,43.198
2022-02-18 20:00:00+01:00,29.4,10.4,16.538,17.225
2022-02-18 21:00:00+01:00,32.367,45.8,57.0985,80.5995
2022-02-18 22:00:00+01:00,37.833,66.4,77.08500000000001,116.718
2022-02-18 23:00:00+01:00,41.3,79.6,92.352,139.6495
2022-02-19 00:00:00+01:00,44.1,70.3,81.7115,123.646
2022-02-19 01:00:00+01:00,46.0,59.1,68.435,103.7875
2022-02-19 02:00:00+01:00,46.9,54.3,63.05800000000001,95.6855
2022-02-19 03:00:00+01:00,47.133,53.4,62.13249999999999,94.3155
2022-02-19 04:00:00+01:00,46.767,46.4,54.56,81.975
2022-02-19 05:00:00+01:00,47.433,36.8,47.2915,64.685
2022-02-19 06:00:00+01:00,49.0,29.7,42.1,52.3325
2022-02-19 07:00:00+01:00,49.966,36.4,47.3635,64.78450000000001
2022-02-19 08:00:00+01:00,48.7,65.6,77.25450000000001,116.852
2022-02-19 09:00:00+01:00,45.466,67.7,79.346,120.161
2022-02-19 10:00:00+01:00,42.066,81.6,95.7185,144.6895
2022-02-19 11:00:00+01:00,40.267,91.1,107.446,161.95350000000002
2022-02-19 12:00:00+01:00,36.867,87.1,103.642,152.145
2022-02-19 13:00:00+01:00,35.6,38.3,49.211,67.072
2022-02-19 14:00:00+01:00,34.167,14.6,24.966,25.165
2022-02-19 15:00:00+01:00,35.033,18.5,29.6885,32.1225
2022-02-19 16:00:00+01:00,42.566,32.8,43.9885,57.2655
2022-02-19 17:00:00+01:00,44.7,30.4,42.161,53.248000000000005
2022-02-19 18:00:00+01:00,40.567,14.4,24.441000000000003,24.837
2022-02-19 19:00:00+01:00,40.367,11.6,19.591,19.6755
2022-02-19 20:00:00+01:00,45.166,9.2,15.2835,15.296
2022-02-19 21:00:00+01:00,52.833,7.1,11.383,11.383
2022-02-19 22:00:00+01:00,60.4,6.9,10.9525,10.9525
2022-02-19 23:00:00+01:00,69.666,11.4,19.3075,19.399
2022-02-20 00:00:00+01:00,66.3,6.6,10.2475,10.2475
2022-02-20 01:00:00+01:00,68.4,6.3,9.79,9.79
2022-02-20 02:00:00+01:00,67.633,7.2,11.422,11.422
2022-02-20 03:00:00+01:00,68.6,6.9,10.9435,10.9435
2022-02-20 04:00:00+01:00,69.4,4.6,6.8835,6.8835
2022-02-20 05:00:00+01:00,72.466,3.5,4.896000000000001,4.896000000000001
2022-02-20 06:00:00+01:00,76.466,5.6,8.756499999999999,8.756499999999999
2022-02-20 07:00:00+01:00,75.9,12.3,19.629,20.9395
2022-02-20 08:00:00+01:00,74.7,20.5,32.9125,35.61
2022-02-20 09:00:00+01:00,71.833,16.9,26.606,28.366
2022-02-20 10:00:00+01:00,70.0,43.6,52.065,74.2105
2022-02-20 11:00:00+01:00,68.233,35.0,44.899,59.059
2022-02-20 12:00:00+01:00,62.9,26.3,38.1155,44.368
2022-02-20 13:00:00+01:00,60.033,24.8,36.8495,42.3055
2022-02-20 14:00:00+01:00,60.967,19.4,30.743,32.0305
2022-02-20 15:00:00+01:00,60.067,23.4,34.840999999999994,39.227
2022-02-20 16:00:00+01:00,60.7,43.3,51.064,73.7945
2022-02-20 17:00:00+01:00,60.633,43.9,51.324,74.694
2022-02-20 18:00:00+01:00,61.633,37.8,47.1965,64.4045
2022-02-20 19:00:00+01:00,61.933,37.0,46.559,62.870000000000005
2022-02-20 20:00:00+01:00,63.666,36.9,46.2735,62.6135
2022-02-20 21:00:00+01:00,63.966,39.1,48.408,66.896
2022-02-20 22:00:00+01:00,64.0,38.4,47.5225,65.378
2022-02-20 23:00:00+01:00,65.233,34.5,44.808,58.4145
2022-02-21 00:00:00+01:00,67.133,46.9,54.456,81.44800000000001
2022-02-21 01:00:00+01:00,68.5,34.0,44.752,58.768
2022-02-21 02:00:00+01:00,69.334,30.7,42.347,52.896
2022-02-21 03:00:00+01:00,69.6,32.8,44.041,56.443
2022-02-21 04:00:00+01:00,69.7,33.2,44.418,57.436
2022-02-21 05:00:00+01:00,69.0,33.0,44.401,57.293
2022-02-21 06:00:00+01:00,67.733,33.5,44.813,58.229
2022-02-21 07:00:00+01:00,66.833,37.6,49.55,66.65299999999999
2022-02-21 08:00:00+01:00,69.1,94.1,109.4485,165.3995
2022-02-21 09:00:00+01:00,66.934,103.3,118.382,178.36
2022-02-21 10:00:00+01:00,44.267,7.0,11.005,11.0395
2022-02-21 11:00:00+01:00,38.633,5.5,8.2615,8.2615
2022-02-21 12:00:00+01:00,38.0,6.4,10.003,10.003
2022-02-21 13:00:00+01:00,37.933,7.2,11.3035,11.3035
2022-02-21 14:00:00+01:00,38.733,8.5,13.746,13.746
2022-02-21 15:00:00+01:00,44.8,9.1,14.7635,14.765
2022-02-21 16:00:00+01:00,61.566,29.8,40.0505,51.9365
2022-02-21 17:00:00+01:00,72.267,39.3,49.135000000000005,68.5445
2022-02-21 18:00:00+01:00,73.2,36.9,47.164,64.7875
2022-02-21 19:00:00+01:00,71.667,8.4,11.2875,13.766
2022-02-21 20:00:00+01:00,73.267,4.4,6.784,6.789
2022-02-21 21:00:00+01:00,74.767,8.1,13.2285,13.6355
2022-02-21 22:00:00+01:00,72.867,31.6,44.677,57.4455
2022-02-21 23:00:00+01:00,71.667,45.0,55.913,82.32499999999999
2022-02-22 00:00:00+01:00,71.0,49.5,59.206500000000005,89.2225
2022-02-22 01:00:00+01:00,70.233,45.9,55.632000000000005,82.70750000000001
2022-02-22 02:00:00+01:00,71.033,56.7,67.56899999999999,102.333
2022-02-22 03:00:00+01:00,70.566,46.5,56.2095,83.814
2022-02-22 04:00:00+01:00,70.0,26.9,40.4945,48.3355
2022-02-22 05:00:00+01:00,70.0,35.9,47.3695,64.4645
2022-02-22 06:00:00+01:00,69.867,48.5,57.68300000000001,86.87299999999999
2022-02-22 07:00:00+01:00,69.233,35.2,47.221,63.611
2022-02-22 08:00:00+01:00,67.8,17.6,28.874,30.9215
2022-02-22 09:00:00+01:00,64.058,27.6,39.798,48.3105
2022-02-22 10:00:00+01:00,58.2,16.1,26.595,27.6045
2022-02-22 11:00:00+01:00,51.925,8.5,14.008,14.008
2022-02-22 12:00:00+01:00,47.408,7.0,11.0695,11.0725
2022-02-22 13:00:00+01:00,44.733,5.7,8.841000000000001,8.8415
2022-02-22 14:00:00+01:00,46.5,5.2,8.046,8.046
2022-02-22 15:00:00+01:00,48.467,7.1,11.619,11.619
2022-02-22 16:00:00+01:00,46.133,9.8,16.4005,16.4025
2022-02-22 17:00:00+01:00,45.034,20.0,30.7795,35.0185
2022-02-22 18:00:00+01:00,47.834,52.3,61.82899999999999,92.133
2022-02-22 19:00:00+01:00,50.7,53.8,63.779,95.2715
2022-02-22 20:00:00+01:00,53.234,183.8,210.0685,316.1945
2022-02-22 21:00:00+01:00,55.7,102.5,118.943,179.5075
2022-02-22 22:00:00+01:00,57.1,151.6,175.431,264.228
2022-02-22 23:00:00+01:00,57.433,110.6,130.078,196.3715
2022-02-23 00:00:00+01:00,59.1,85.2,102.072,154.4185
2022-02-23 01:00:00+01:00,60.7,74.9,91.701,138.813
2022-02-23 02:00:00+01:00,61.966,67.5,83.1575,126.0275
2022-02-23 03:00:00+01:00,62.966,61.9,76.874,116.5905
2022-02-23 04:00:00+01:00,63.0,42.4,55.7425,80.15299999999999
2022-02-23 05:00:00+01:00,61.367,13.6,24.8,24.9345
2022-02-23 06:00:00+01:00,61.166,50.9,67.57849999999999,96.8415
2022-02-23 07:00:00+01:00,59.5,40.5,54.304,75.697
2022-02-23 08:00:00+01:00,54.5,32.9,45.4065,59.7055
2022-02-23 09:00:00+01:00,47.517,23.8,36.4795,42.2195
2022-02-23 10:00:00+01:00,41.75,25.6,38.5145,45.689
2022-02-23 11:00:00+01:00,36.083,16.7,27.751,29.3005
2022-02-23 12:00:00+01:00,30.216,7.5,12.188,12.2015
2022-02-23 13:00:00+01:00,30.233,7.1,11.374,11.377
2022-02-23 14:00:00+01:00,31.833,6.1,9.49,9.49
2022-02-23 15:00:00+01:00,31.966,5.7,8.827,8.835
2022-02-23 16:00:00+01:00,32.433,9.4,15.63,15.6365
2022-02-23 17:00:00+01:00,34.467,29.0,39.446,50.932500000000005
2022-02-23 18:00:00+01:00,40.333,57.2,66.735,100.655
2022-02-23 19:00:00+01:00,45.367,60.9,70.9765,107.4145
2022-02-23 20:00:00+01:00,49.3,108.0,125.465,189.2755
2022-02-23 21:00:00+01:00,51.7,60.0,73.9635,105.509
2022-02-23 22:00:00+01:00,52.9,28.8,41.69,51.357
2022-02-23 23:00:00+01:00,55.0,43.9,56.986,79.1965
2022-02-24 00:00:00+01:00,56.633,48.9,62.6,89.156
2022-02-24 01:00:00+01:00,57.334,16.8,29.3065,30.22
2022-02-24 02:00:00+01:00,57.966,13.6,24.18,24.2545
2022-02-24 03:00:00+01:00,58.767,12.3,21.73,21.935
2022-02-24 04:00:00+01:00,59.133,10.2,17.808999999999997,17.813000000000002
2022-02-24 05:00:00+01:00,59.9,15.5,27.588,28.5
2022-02-24 06:00:00+01:00,59.966,32.3,46.651,60.838
2022-02-24 07:00:00+01:00,58.367,21.4,34.6845,39.733
2022-02-24 08:00:00+01:00,55.834,51.0,66.3185,94.0365
2022-02-24 09:00:00+01:00,47.677,20.3,32.9405,35.7825
2022-02-24 10:00:00+01:00,41.6,34.7,46.4905,63.343
2022-02-24 11:00:00+01:00,32.367,15.7,27.086,27.9915
2022-02-24 12:00:00+01:00,27.842,11.3,19.5225,19.523
2022-02-24 13:00:00+01:00,26.334,11.9,20.2915,20.3145
2022-02-24 14:00:00+01:00,22.966,6.8,10.8135,10.8135
2022-02-24 15:00:00+01:00,21.867,6.5,10.2225,10.2225
2022-02-24 16:00:00+01:00,21.067,8.6,14.1045,14.1225
2022-02-24 17:00:00+01:00,22.834,20.3,31.929,35.251
2022-02-24 18:00:00+01:00,27.2,42.3,53.176,74.8765
2022-02-24 19:00:00+01:00,33.9,108.8,125.969,190.0405
2022-02-24 20:00:00+01:00,39.334,143.6,166.3185,250.593
2022-02-24 21:00:00+01:00,41.162,70.9,83.8365,124.853
2022-02-24 22:00:00+01:00,41.566,58.0,69.157,102.6315
2022-02-24 23:00:00+01:00,46.733,104.3,121.6025,183.6115
2022-02-25 00:00:00+01:00,48.267,104.7,122.845,185.494
2022-02-25 01:00:00+01:00,49.467,83.1,98.284,148.64749999999998
2022-02-25 02:00:00+01:00,50.2,64.3,76.293,115.7015
2022-02-25 03:00:00+01:00,51.967,79.8,95.4135,144.39600000000002
2022-02-25 04:00:00+01:00,53.6,78.7,94.3765,142.8425
2022-02-25 05:00:00+01:00,52.834,67.1,80.774,122.4715
2022-02-25 06:00:00+01:00,52.6,55.7,67.101,101.9385
2022-02-25 07:00:00+01:00,52.2,71.6,86.88,131.573
2022-02-25 08:00:00+01:00,45.0,63.8,75.0995,113.5495
2022-02-25 09:00:00+01:00,36.833,46.0,56.447500000000005,82.6625
2022-02-25 10:00:00+01:00,29.8,31.2,43.136,56.093
2022-02-25 11:00:00+01:00,25.4,12.5,21.2655,21.502
2022-02-25 12:00:00+01:00,26.6,5.7,8.9165,8.9165
2022-02-25 13:00:00+01:00,30.184,9.0,15.043,15.0455
2022-02-25 14:00:00+01:00,34.65,9.5,15.986,15.9935
2022-02-25 15:00:00+01:00,36.1,11.2,18.9165,18.926
2022-02-25 16:00:00+01:00,34.067,8.8,14.4135,14.502
2022-02-25 17:00:00+01:00,36.034,6.7,10.7515,10.7515
2022-02-25 18:00:00+01:00,36.133,5.3,7.8925,7.8925
2022-02-25 19:00:00+01:00,40.1,6.3,9.902,9.902
2022-02-25 20:00:00+01:00,49.733,7.1,11.563,11.563
2022-02-25 21:00:00+01:00,69.8,12.4,21.866,22.232
2022-02-25 22:00:00+01:00,71.9,22.6,37.1155,41.9225
2022-02-25 23:00:00+01:00,69.834,29.0,43.449,53.637
2022-02-26 00:00:00+01:00,70.0,27.0,41.5565,50.209
2022-02-26 01:00:00+01:00,69.7,33.6,47.3705,62.172
2022-02-26 02:00:00+01:00,69.8,34.5,47.2415,63.5915
2022-02-26 03:00:00+01:00,69.8,49.2,59.613,90.342
2022-02-26 04:00:00+01:00,69.9,48.7,60.332,89.518
2022-02-26 05:00:00+01:00,69.834,36.6,48.9375,66.4805
2022-02-26 06:00:00+01:00,69.9,28.4,42.3345,51.635000000000005
2022-02-26 07:00:00+01:00,69.4,19.7,30.8355,35.0725
2022-02-26 08:00:00+01:00,68.566,29.7,42.727,53.5415
2022-02-26 09:00:00+01:00,66.167,22.0,34.8105,38.703
2022-02-26 10:00:00+01:00,62.133,17.3,29.524,30.271500000000003
2022-02-26 11:00:00+01:00,60.9,19.3,32.3115,34.4955
2022-02-26 12:00:00+01:00,66.767,39.6,50.9405,71.5435
2022-02-26 13:00:00+01:00,69.666,46.8,56.7425,84.107
2022-02-26 14:00:00+01:00,68.867,47.6,56.727,84.434
2022-02-26 15:00:00+01:00,68.633,50.8,60.714,88.6745
2022-02-26 16:00:00+01:00,67.5,54.8,63.777,95.736
2022-02-26 17:00:00+01:00,66.7,40.2,49.577,70.239
2022-02-26 18:00:00+01:00,66.867,39.4,49.1745,69.2565
2022-02-26 19:00:00+01:00,65.834,41.3,50.473,72.6815
2022-02-26 20:00:00+01:00,65.0,43.4,52.5345,76.874
2022-02-26 21:00:00+01:00,64.066,40.1,50.0915,71.11
2022-02-26 22:00:00+01:00,63.867,56.9,66.594,101.343
2022-02-26 23:00:00+01:00,60.233,47.4,57.903000000000006,84.29650000000001
2022-02-27 00:00:00+01:00,53.067,24.5,37.348,43.0205
2022-02-27 01:00:00+01:00,51.0,19.2,31.775,33.414
2022-02-27 02:00:00+01:00,48.534,15.5,26.5535,26.813
2022-02-27 03:00:00+01:00,50.1,12.3,21.2515,21.2515
2022-02-27 04:00:00+01:00,64.267,15.2,26.928,27.129
2022-02-27 05:00:00+01:00,69.434,18.6,32.503,33.6535
2022-02-27 06:00:00+01:00,69.767,20.0,34.1695,36.3275
2022-02-27 07:00:00+01:00,69.9,27.3,41.938,50.5405
2022-02-27 08:00:00+01:00,70.0,35.1,48.7065,65.0995
2022-02-27 09:00:00+01:00,70.0,46.9,58.3505,87.457
2022-02-27 10:00:00+01:00,69.966,59.9,72.89699999999999,110.5415
2022-02-27 11:00:00+01:00,70.0,66.3,80.016,121.312
2022-02-27 12:00:00+01:00,69.267,77.6,92.6955,140.3355
2022-02-27 13:00:00+01:00,69.0,72.2,85.625,129.7305
2022-02-27 14:00:00+01:00,69.867,91.5,108.2365,163.7355
2022-02-27 15:00:00+01:00,70.433,57.5,69.922,101.4295
2022-02-27 16:00:00+01:00,70.667,36.4,47.4365,63.6585
2022-02-27 17:00:00+01:00,70.233,30.0,43.0315,53.383
2022-02-27 18:00:00+01:00,70.667,29.9,42.814,52.77
2022-02-27 19:00:00+01:00,71.7,36.2,47.4645,63.8045
2022-02-27 20:00:00+01:00,71.1,43.1,53.591,75.775
2022-02-27 21:00:00+01:00,71.0,77.6,89.984,136.1825
2022-02-27 22:00:00+01:00,70.166,85.8,99.9025,151.0805
2022-02-27 23:00:00+01:00,69.934,42.7,53.5585,75.18549999999999
2022-02-28 00:00:00+01:00,69.4,29.3,41.8595,50.9975
2022-02-28 01:00:00+01:00,69.0,27.4,40.5175,47.956
2022-02-28 02:00:00+01:00,68.966,24.6,37.874,42.9125
2022-02-28 03:00:00+01:00,68.1,25.8,39.2395,45.497
2022-02-28 04:00:00+01:00,68.666,29.0,42.739,51.7885
2022-02-28 05:00:00+01:00,68.267,40.7,52.602,73.7265
2022-02-28 06:00:00+01:00,68.8,57.2,68.65950000000001,104.2055
2022-02-28 07:00:00+01:00,67.434,50.6,61.1275,91.263
2022-02-28 08:00:00+01:00,61.166,40.4,50.9375,71.4345
2022-02-28 09:00:00+01:00,54.534,36.5,47.651,64.032
2022-02-28 10:00:00+01:00,51.934,31.3,43.596500000000006,55.114
2022-02-28 11:00:00+01:00,58.933,33.2,46.111,59.791
2022-02-28 12:00:00+01:00,66.033,42.9,54.1255,78.135
2022-02-28 13:00:00+01:00,68.225,32.3,46.623,59.9225
2022-02-28 14:00:00+01:00,71.425,38.0,51.666,71.214
2022-02-28 15:00:00+01:00,73.834,45.5,57.0525,84.637
2022-02-28 16:00:00+01:00,72.4,53.6,66.1335,100.431
2022-02-28 17:00:00+01:00,70.633,56.1,68.7085,104.31
2022-02-28 18:00:00+01:00,69.167,58.3,70.78800000000001,107.468
2022-02-28 19:00:00+01:00,68.267,65.8,79.783,120.948
2022-02-28 20:00:00+01:00,68.733,85.9,104.527,158.07850000000002
2022-02-28 21:00:00+01:00,68.3,70.3,85.0865,128.97050000000002
2022-02-28 22:00:00+01:00,67.934,62.4,75.45400000000001,114.207
2022-02-28 23:00:00+01:00,67.0,51.3,63.505,94.164
2022-03-01 00:00:00+01:00,67.0,35.2,48.185,64.274
2022-03-01 01:00:00+01:00,67.0,27.9,42.4355,50.8405
2022-03-01 02:00:00+01:00,67.666,28.1,42.992,51.4425
2022-03-01 03:00:00+01:00,67.966,29.1,43.547,52.7605
2022-03-01 04:00:00+01:00,68.0,27.5,41.9785,50.0195
2022-03-01 05:00:00+01:00,67.834,31.6,45.405,57.2995
2022-03-01 06:00:00+01:00,66.9,33.8,47.752,62.321000000000005
2022-03-01 07:00:00+01:00,66.934,37.7,51.3545,70.336
2022-03-01 08:00:00+01:00,66.267,50.4,62.597,92.932
2022-03-01 09:00:00+01:00,63.434,46.5,57.602,84.8155
2022-03-01 10:00:00+01:00,61.067,27.2,42.145,50.096
2022-03-01 11:00:00+01:00,60.633,27.9,42.236,50.5885
2022-03-01 12:00:00+01:00,58.9,33.0,45.5595,58.9695
2022-03-01 13:00:00+01:00,53.867,30.5,42.9515,53.80500000000001
2022-03-01 14:00:00+01:00,52.3,35.6,46.8455,62.5775
2022-03-01 15:00:00+01:00,52.4,36.3,46.98350000000001,63.277
2022-03-01 16:00:00+01:00,54.1,39.1,49.5925,69.1545
2022-03-01 17:00:00+01:00,55.933,43.3,52.7365,77.044
2022-03-01 18:00:00+01:00,56.666,48.1,56.984,85.7695
2022-03-01 19:00:00+01:00,56.933,49.2,58.310500000000005,88.06
2022-03-01 20:00:00+01:00,57.3,48.2,57.3915,86.36099999999999
2022-03-01 21:00:00+01:00,57.034,42.6,52.9615,76.6565
2022-03-01 22:00:00+01:00,57.267,45.3,54.8645,81.3335
2022-03-01 23:00:00+01:00,58.1,43.2,53.323,77.6695
2022-03-02 00:00:00+01:00,58.1,37.6,49.474500000000006,67.6625
2022-03-02 01:00:00+01:00,59.666,40.6,52.2545,74.0765
2022-03-02 02:00:00+01:00,61.334,36.3,49.875,67.27799999999999
2022-03-02 03:00:00+01:00,62.034,32.9,47.6045,61.358
2022-03-02 04:00:00+01:00,62.0,28.3,43.9375,52.9585
2022-03-02 05:00:00+01:00,62.567,33.3,49.021,63.68000000000001
2022-03-02 06:00:00+01:00,63.433,40.6,55.145,78.4765
2022-03-02 07:00:00+01:00,60.633,36.3,52.0835,69.5775
2022-03-02 08:00:00+01:00,57.867,50.6,65.7945,95.414
2022-03-02 09:00:00+01:00,51.594,27.5,41.4165,49.502
2022-03-02 10:00:00+01:00,46.242,22.4,34.9875,38.716
2022-03-02 11:00:00+01:00,39.017,22.8,35.2,39.3675
2022-03-02 12:00:00+01:00,36.483,22.2,34.5555,38.207
2022-03-02 13:00:00+01:00,34.255,20.4,32.659,34.945
2022-03-02 14:00:00+01:00,32.325,22.5,35.196,39.179
2022-03-02 15:00:00+01:00,31.566,23.7,36.261,41.015
2022-03-02 16:00:00+01:00,31.133,25.7,38.0865,44.3275
2022-03-02 17:00:00+01:00,31.5,42.3,51.6345,73.56
2022-03-02 18:00:00+01:00,37.3,75.8,87.843,132.918
2022-03-02 19:00:00+01:00,44.433,86.4,102.3115,154.793
2022-03-02 20:00:00+01:00,47.334,63.2,75.9665,115.191
2022-03-02 21:00:00+01:00,49.867,54.8,66.668,101.198
2022-03-02 22:00:00+01:00,51.5,52.2,63.912000000000006,97.1515
2022-03-02 23:00:00+01:00,52.933,51.4,64.0915,96.683
2022-03-03 00:00:00+01:00,54.2,65.6,82.21350000000001,124.652
2022-03-03 01:00:00+01:00,56.034,72.9,92.923,140.735
2022-03-03 02:00:00+01:00,58.166,69.7,90.1455,136.5625
2022-03-03 03:00:00+01:00,59.133,59.9,77.4195,117.478
2022-03-03 04:00:00+01:00,58.733,47.5,62.127,93.7155
2022-03-03 05:00:00+01:00,59.267,55.4,72.5025,110.0665
2022-03-03 06:00:00+01:00,59.233,48.3,64.3835,97.0425
2022-03-03 07:00:00+01:00,58.466,63.8,84.1325,127.5405
2022-03-03 08:00:00+01:00,52.966,55.6,71.742,106.787
2022-03-03 09:00:00+01:00,44.883,39.1,50.498000000000005,71.2185
2022-03-03 10:00:00+01:00,36.967,29.1,40.7095,50.46
2022-03-03 11:00:00+01:00,29.15,22.5,35.0095,38.9265
2022-03-03 12:00:00+01:00,25.534,23.3,35.7025,40.096
2022-03-03 13:00:00+01:00,22.5,19.4,31.645000000000003,33.4835
2022-03-03 14:00:00+01:00,21.533,17.6,29.3825,30.098
2022-03-03 15:00:00+01:00,21.367,18.1,29.82,30.8305
2022-03-03 16:00:00+01:00,21.0,17.2,28.7275,29.3535
2022-03-03 17:00:00+01:00,24.733,34.0,44.6775,59.817
2022-03-03 18:00:00+01:00,33.5,65.6,76.0215,115.109
2022-03-03 19:00:00+01:00,39.0,72.3,84.85249999999999,128.504
2022-03-03 20:00:00+01:00,40.633,52.5,63.9855,95.028
2022-03-03 21:00:00+01:00,42.0,37.9,49.773,69.376
2022-03-03 22:00:00+01:00,43.633,60.8,79.64,112.844
2022-03-03 23:00:00+01:00,47.667,84.5,108.548,160.027
2022-03-04 00:00:00+01:00,47.5,30.6,45.396,57.308
2022-03-04 01:00:00+01:00,47.567,23.0,38.293,43.188
2022-03-04 02:00:00+01:00,47.334,19.1,33.695,35.5965
2022-03-04 03:00:00+01:00,47.633,17.5,31.7945,32.54
2022-03-04 04:00:00+01:00,48.0,18.6,32.9155,34.884
2022-03-04 05:00:00+01:00,48.034,19.0,33.8105,35.6205
2022-03-04 06:00:00+01:00,48.5,31.0,45.378,58.571
2022-03-04 07:00:00+01:00,47.5,38.1,51.9835,72.1385
2022-03-04 08:00:00+01:00,45.633,52.2,67.186,96.9935
2022-03-04 09:00:00+01:00,35.9,29.3,41.5425,51.276
2022-03-04 10:00:00+01:00,32.933,32.5,43.9075,56.298
2022-03-04 11:00:00+01:00,30.0,36.0,46.2015,61.903
2022-03-04 12:00:00+01:00,28.267,41.3,49.7835,70.8745
2022-03-04 13:00:00+01:00,27.566,39.8,48.6375,68.213
2022-03-04 14:00:00+01:00,27.233,33.2,43.895,56.8445
2022-03-04 15:00:00+01:00,25.834,31.0,42.4795,53.2215
2022-03-04 16:00:00+01:00,27.867,39.7,48.713,68.1695
2022-03-04 17:00:00+01:00,31.334,65.8,75.4065,114.177
2022-03-04 18:00:00+01:00,34.8,92.8,106.5805,160.9645
2022-03-04 19:00:00+01:00,39.3,98.8,114.3175,172.603
2022-03-04 20:00:00+01:00,39.466,111.7,129.441,195.3835
2022-03-04 21:00:00+01:00,42.0,84.6,97.781,147.9485
2022-03-04 22:00:00+01:00,43.934,90.2,104.7345,158.37
2022-03-04 23:00:00+01:00,47.733,68.2,78.77850000000001,119.465
2022-03-05 00:00:00+01:00,50.167,52.0,59.9115,90.89
2022-03-05 01:00:00+01:00,52.933,64.7,75.083,113.8585
2022-03-05 02:00:00+01:00,54.7,59.9,69.9615,106.203
2022-03-05 03:00:00+01:00,56.966,59.3,69.521,105.7095
2022-03-05 04:00:00+01:00,58.3,60.2,70.2705,106.662
2022-03-05 05:00:00+01:00,58.367,60.6,71.5385,108.589
2022-03-05 06:00:00+01:00,57.933,60.2,71.81,109.091
2022-03-05 07:00:00+01:00,56.9,59.2,71.27600000000001,108.1825
2022-03-05 08:00:00+01:00,57.166,64.1,76.161,115.5125
2022-03-05 09:00:00+01:00,52.433,52.5,62.1615,94.2805
2022-03-05 10:00:00+01:00,48.033,47.8,56.1935,84.4235
2022-03-05 11:00:00+01:00,43.0,37.6,47.622,65.3005
2022-03-05 12:00:00+01:00,40.067,32.3,43.779,55.791
2022-03-05 13:00:00+01:00,39.433,32.7,43.9285,56.1835
2022-03-05 14:00:00+01:00,38.4,32.0,43.487,55.1825
2022-03-05 15:00:00+01:00,37.067,29.5,41.4585,50.650000000000006
2022-03-05 16:00:00+01:00,36.666,23.3,36.122,40.581500000000005
2022-03-05 17:00:00+01:00,37.466,22.2,34.987,38.715
2022-03-05 18:00:00+01:00,38.767,27.9,40.296,48.557
2022-03-05 19:00:00+01:00,39.567,35.6,46.795,62.7015
2022-03-05 20:00:00+01:00,41.3,53.1,63.215500000000006,95.2585
2022-03-05 21:00:00+01:00,42.9,96.6,114.491,173.078
2022-03-05 22:00:00+01:00,42.233,73.0,85.82149999999999,129.9395
2022-03-05 23:00:00+01:00,42.966,57.3,67.1055,101.8405
2022-03-06 00:00:00+01:00,44.0,58.0,68.56649999999999,103.597
2022-03-06 01:00:00+01:00,44.0,24.9,37.8835,44.532
2022-03-06 02:00:00+01:00,44.0,14.0,24.926,24.964
2022-03-06 03:00:00+01:00,45.7,16.9,29.964,30.5235
2022-03-06 04:00:00+01:00,46.267,14.4,26.1715,26.219
2022-03-06 05:00:00+01:00,48.233,14.3,26.111,26.147
2022-03-06 06:00:00+01:00,57.133,16.5,30.119,30.6265
2022-03-06 07:00:00+01:00,63.334,24.6,39.952,46.5735
2022-03-06 08:00:00+01:00,64.3,29.3,46.09,56.714
2022-03-06 09:00:00+01:00,65.034,38.8,53.164,74.2755
2022-03-06 10:00:00+01:00,65.767,43.5,56.421,82.8175
2022-03-06 11:00:00+01:00,66.4,51.4,64.18,96.5065
2022-03-06 12:00:00+01:00,66.567,45.5,59.2325,85.51400000000001
2022-03-06 13:00:00+01:00,67.066,35.9,50.273,67.79599999999999
2022-03-06 14:00:00+01:00,67.834,55.0,67.9075,102.727
2022-03-06 15:00:00+01:00,68.066,55.1,68.218,103.5595
2022-03-06 16:00:00+01:00,69.467,71.1,87.96199999999999,133.27499999999998
2022-03-06 17:00:00+01:00,70.233,75.7,93.199,141.1035
2022-03-06 18:00:00+01:00,70.567,77.2,95.0495,143.881
2022-03-06 19:00:00+01:00,70.066,69.4,85.79150000000001,130.019
2022-03-06 20:00:00+01:00,70.434,68.2,84.005,127.3415
2022-03-06 21:00:00+01:00,70.034,56.6,69.8765,106.122
2022-03-06 22:00:00+01:00,70.5,61.4,75.395,114.364
2022-03-06 23:00:00+01:00,70.534,53.7,65.783,99.755
2022-03-07 00:00:00+01:00,70.333,41.5,53.7975,77.07
2022-03-07 01:00:00+01:00,70.966,38.4,51.4065,71.1485
2022-03-07 02:00:00+01:00,70.7,38.1,51.331,70.613
2022-03-07 03:00:00+01:00,70.933,30.4,45.197,55.929
2022-03-07 04:00:00+01:00,71.1,25.9,40.8725,47.5
2022-03-07 05:00:00+01:00,70.9,28.8,43.593,53.0545
2022-03-07 06:00:00+01:00,71.1,29.5,44.483,54.634
2022-03-07 07:00:00+01:00,69.834,47.6,59.2395,88.03999999999999
2022-03-07 08:00:00+01:00,68.733,56.1,68.76599999999999,104.109
2022-03-07 09:00:00+01:00,68.433,65.4,79.6215,120.744
2022-03-07 10:00:00+01:00,67.805,57.3,69.584,105.661
2022-03-07 11:00:00+01:00,65.386,51.6,62.572,94.864
2022-03-07 12:00:00+01:00,63.142,59.5,69.96000000000001,106.231
2022-03-07 13:00:00+01:00,61.667,52.8,61.95100000000001,93.8095
2022-03-07 14:00:00+01:00,58.8,47.9,56.2415,84.65950000000001
2022-03-07 15:00:00+01:00,54.7,49.8,57.5045,86.94
2022-03-07 16:00:00+01:00,53.1,51.7,59.552,90.256
2022-03-07 17:00:00+01:00,55.066,59.3,69.27099999999999,105.1975
2022-03-07 18:00:00+01:00,54.534,65.6,77.549,117.5985
2022-03-07 19:00:00+01:00,43.033,48.9,58.7735,88.30199999999999
2022-03-07 20:00:00+01:00,40.534,45.4,57.8525,82.6525
2022-03-07 21:00:00+01:00,39.133,38.7,51.396,71.294
2022-03-07 22:00:00+01:00,40.367,46.0,58.057,85.3945
2022-03-07 23:00:00+01:00,46.733,51.2,62.967,94.975
2022-03-08 00:00:00+01:00,47.666,43.8,56.709,81.04849999999999
2022-03-08 01:00:00+01:00,47.933,35.1,48.648,64.321
2022-03-08 02:00:00+01:00,49.6,34.6,48.6225,63.7285
2022-03-08 03:00:00+01:00,51.8,33.3,47.9245,61.886
2022-03-08 04:00:00+01:00,54.3,34.1,48.9275,63.713
2022-03-08 05:00:00+01:00,54.7,35.0,49.633,65.585
2022-03-08 06:00:00+01:00,54.233,39.3,53.2975,74.4645
2022-03-08 07:00:00+01:00,52.7,42.1,55.1965,79.708
2022-03-08 08:00:00+01:00,49.733,42.6,54.362,78.6515
2022-03-08 09:00:00+01:00,46.233,41.6,52.17,74.38499999999999
2022-03-08 10:00:00+01:00,41.484,35.8,47.2595,63.261
2022-03-08 11:00:00+01:00,49.709,43.3,53.775000000000006,77.886
2022-03-08 12:00:00+01:00,47.43,25.8,39.2185,46.4465
2022-03-08 13:00:00+01:00,43.383,23.2,35.9465,40.362
2022-03-08 14:00:00+01:00,38.692,19.7,31.917500000000004,33.705
2022-03-08 15:00:00+01:00,40.533,15.7,26.1015,26.53
2022-03-08 16:00:00+01:00,40.058,17.5,28.2385,30.0235
2022-03-08 17:00:00+01:00,42.667,23.1,35.717,40.139
2022-03-08 18:00:00+01:00,48.733,50.1,60.7185,89.4815
2022-03-08 19:00:00+01:00,50.867,68.8,81.6445,123.7135
2022-03-08 20:00:00+01:00,51.966,98.5,117.618,177.6845
2022-03-08 21:00:00+01:00,52.434,54.0,64.5435,98.145
2022-03-08 22:00:00+01:00,54.733,74.0,90.797,137.457
2022-03-08 23:00:00+01:00,57.0,52.5,64.787,98.308
2022-03-09 00:00:00+01:00,57.534,44.8,56.8755,84.5655
2022-03-09 01:00:00+01:00,58.2,38.0,52.0955,72.0915
2022-03-09 02:00:00+01:00,58.034,60.5,76.678,116.3965
2022-03-09 03:00:00+01:00,58.966,39.8,55.9755,76.84899999999999
2022-03-09 04:00:00+01:00,58.733,24.8,41.3895,47.372
2022-03-09 05:00:00+01:00,57.933,26.6,43.2995,51.2585
2022-03-09 06:00:00+01:00,57.0,40.2,55.1875,78.41749999999999
2022-03-09 07:00:00+01:00,56.4,43.2,57.557,84.3605
2022-03-09 08:00:00+01:00,50.275,38.0,51.299,71.059
2022-03-09 09:00:00+01:00,42.959,28.9,42.448,51.6225
2022-03-09 10:00:00+01:00,40.775,33.1,44.657,57.642
2022-03-09 11:00:00+01:00,39.2,33.8,44.626,57.736
2022-03-09 12:00:00+01:00,38.467,36.0,46.052,61.413
2022-03-09 13:00:00+01:00,36.233,34.0,44.42,57.5685
2022-03-09 14:00:00+01:00,33.1,30.0,41.495,50.997
2022-03-09 15:00:00+01:00,32.233,29.1,40.715500000000006,49.633
2022-03-09 16:00:00+01:00,32.334,31.7,42.874,54.1255
2022-03-09 17:00:00+01:00,32.166,42.0,50.4645,72.227
2022-03-09 18:00:00+01:00,34.5,54.4,63.097,94.4465
2022-03-09 19:00:00+01:00,40.133,84.6,97.5425,147.429
2022-03-09 20:00:00+01:00,42.267,82.2,94.682,143.1515
2022-03-09 21:00:00+01:00,44.433,97.4,112.315,169.55599999999998
2022-03-09 22:00:00+01:00,45.4,58.8,67.6645,102.412
2022-03-09 23:00:00+01:00,44.966,44.1,51.84,76.122
2022-03-10 00:00:00+01:00,46.733,63.3,73.4505,110.257
2022-03-10 01:00:00+01:00,49.2,65.8,76.12700000000001,115.2425
2022-03-10 02:00:00+01:00,48.8,45.8,54.883,80.5205
2022-03-10 03:00:00+01:00,48.433,31.1,42.9105,53.950500000000005
2022-03-10 04:00:00+01:00,48.334,31.7,43.4805,55.268
2022-03-10 05:00:00+01:00,46.5,28.3,40.599,48.882
2022-03-10 06:00:00+01:00,45.367,33.4,44.654,57.899
2022-03-10 07:00:00+01:00,43.7,36.2,46.810500000000005,63.131
2022-03-10 08:00:00+01:00,41.034,34.5,45.5385,60.139
2022-03-10 09:00:00+01:00,40.434,30.1,42.028000000000006,52.1375
2022-03-10 10:00:00+01:00,42.6,29.5,41.4425,51.0
2022-03-10 11:00:00+01:00,47.933,14.6,24.7225,24.962
2022-03-10 12:00:00+01:00,48.166,17.7,29.561,30.374
2022-03-10 13:00:00+01:00,47.567,21.7,34.02,37.2955
2022-03-10 14:00:00+01:00,41.433,21.4,33.6175,36.6985
2022-03-10 15:00:00+01:00,38.767,19.8,31.9475,34.176500000000004
2022-03-10 16:00:00+01:00,32.966,12.5,21.1765,21.2205
2022-03-10 17:00:00+01:00,32.533,18.3,29.3355,31.65
2022-03-10 18:00:00+01:00,35.367,53.4,63.2805,94.8875
2022-03-10 19:00:00+01:00,39.566,104.2,123.738,186.8965
2022-03-10 20:00:00+01:00,44.867,192.0,232.7465,350.423
2022-03-10 21:00:00+01:00,48.8,192.5,239.1855,360.089
2022-03-10 22:00:00+01:00,50.233,173.0,217.9735,328.2855
2022-03-10 23:00:00+01:00,50.733,171.6,219.393,330.428
2022-03-11 00:00:00+01:00,51.534,155.6,199.6035,300.8245
2022-03-11 01:00:00+01:00,50.7,116.8,150.72500000000002,227.4345
2022-03-11 02:00:00+01:00,51.867,96.1,125.779,190.0435
2022-03-11 03:00:00+01:00,51.6,92.6,122.1185,184.576
2022-03-11 04:00:00+01:00,53.0,91.2,121.102,183.06
2022-03-11 05:00:00+01:00,55.0,76.5,102.9925,155.8905
2022-03-11 06:00:00+01:00,54.567,71.7,97.8725,148.286
2022-03-11 07:00:00+01:00,52.633,71.5,97.814,148.074
2022-03-11 08:00:00+01:00,44.334,27.5,44.6385,54.729
2022-03-11 09:00:00+01:00,39.517,24.7,41.245000000000005,47.6765
2022-03-11 10:00:00+01:00,36.633,19.8,34.802,37.2195
2022-03-11 11:00:00+01:00,33.767,19.0,33.1525,34.901
2022-03-11 12:00:00+01:00,29.733,15.7,27.985,28.2315
2022-03-11 13:00:00+01:00,28.5,17.9,31.097,32.177
2022-03-11 14:00:00+01:00,28.933,19.0,32.2595,33.905
2022-03-11 15:00:00+01:00,28.0,17.5,30.089,30.977
2022-03-11 16:00:00+01:00,27.034,17.3,29.950000000000003,31.0355
2022-03-11 17:00:00+01:00,27.4,20.1,33.536,36.031
2022-03-11 18:00:00+01:00,28.8,34.4,47.522000000000006,63.185
2022-03-11 19:00:00+01:00,30.934,58.3,72.55099999999999,109.0425
2022-03-11 20:00:00+01:00,36.4,114.2,144.0945,217.463
2022-03-11 21:00:00+01:00,40.233,125.9,162.598,245.2325
2022-03-11 22:00:00+01:00,43.234,159.4,208.321,313.856
2022-03-11 23:00:00+01:00,46.067,145.0,192.1345,289.54650000000004
2022-03-12 00:00:00+01:00,46.4,67.9,91.7785,136.06799999999998
2022-03-12 01:00:00+01:00,46.2,47.7,65.7995,96.942
2022-03-12 02:00:00+01:00,45.834,25.5,44.0735,51.379
2022-03-12 03:00:00+01:00,46.767,40.5,60.0145,83.36
2022-03-12 04:00:00+01:00,49.933,43.4,64.1335,91.495
2022-03-12 05:00:00+01:00,49.033,22.7,42.0915,47.141000000000005
2022-03-12 06:00:00+01:00,47.433,24.1,44.0705,50.406
2022-03-12 07:00:00+01:00,45.466,27.3,46.5985,55.837
2022-03-12 08:00:00+01:00,40.9,30.0,47.7255,59.53
2022-03-12 09:00:00+01:00,36.1,27.0,43.6815,52.2285
2022-03-12 10:00:00+01:00,31.5,28.7,43.2925,53.73
2022-03-12 11:00:00+01:00,26.5,20.8,34.2105,37.3325
2022-03-12 12:00:00+01:00,22.333,13.4,22.982,23.0515
2022-03-12 13:00:00+01:00,20.834,12.1,20.8145,20.8325
2022-03-12 14:00:00+01:00,20.666,13.8,23.832,24.005000000000003
2022-03-12 15:00:00+01:00,21.0,15.5,26.6125,26.907
2022-03-12 16:00:00+01:00,21.3,19.6,31.944,34.093
2022-03-12 17:00:00+01:00,22.034,21.6,34.345,37.7815
2022-03-12 18:00:00+01:00,23.6,30.2,42.8985,53.7675
2022-03-12 19:00:00+01:00,27.7,68.5,83.3945,125.049
2022-03-12 20:00:00+01:00,33.367,97.3,120.285,181.7355
2022-03-12 21:00:00+01:00,37.166,109.2,138.3615,208.8685
2022-03-12 22:00:00+01:00,40.066,143.4,184.0535,277.485
2022-03-12 23:00:00+01:00,43.067,118.3,153.736,231.9955
2022-03-13 00:00:00+01:00,44.3,83.8,109.942,166.2705
2022-03-13 01:00:00+01:00,47.167,114.1,152.189,229.6835
2022-03-13 02:00:00+01:00,48.133,78.2,105.055,159.0
2022-03-13 03:00:00+01:00,49.433,77.5,106.1025,160.5715
2022-03-13 04:00:00+01:00,50.433,89.3,122.88,185.7255
2022-03-13 05:00:00+01:00,51.933,77.4,107.4385,162.587
2022-03-13 06:00:00+01:00,52.666,64.1,88.86,134.69
2022-03-13 07:00:00+01:00,51.433,62.4,85.6455,129.878
2022-03-13 08:00:00+01:00,44.534,47.9,63.59349999999999,94.6055
2022-03-13 09:00:00+01:00,35.033,37.9,50.4655,70.75200000000001
2022-03-13 10:00:00+01:00,28.2,27.8,40.9075,49.9505
2022-03-13 11:00:00+01:00,22.7,21.1,33.9465,37.2025
2022-03-13 12:00:00+01:00,18.767,17.9,28.3985,31.03
2022-03-13 13:00:00+01:00,16.533,14.6,24.859,24.9835
2022-03-13 14:00:00+01:00,16.0,18.1,30.243,31.2795
2022-03-13 15:00:00+01:00,15.2,17.0,29.0655,29.645
2022-03-13 16:00:00+01:00,17.3,19.9,32.409,34.741
2022-03-13 17:00:00+01:00,17.666,19.1,31.218,33.27
2022-03-13 18:00:00+01:00,21.1,38.1,48.164,67.2015
2022-03-13 19:00:00+01:00,27.267,120.4,139.7715,210.733
2022-03-13 20:00:00+01:00,32.567,164.7,192.5375,290.02750000000003
2022-03-13 21:00:00+01:00,37.933,155.9,187.5025,282.559
2022-03-13 22:00:00+01:00,40.934,140.8,172.93,260.7225
2022-03-13 23:00:00+01:00,44.0,154.8,192.9315,290.728
2022-03-14 00:00:00+01:00,46.834,112.2,142.4645,215.0245
2022-03-14 01:00:00+01:00,46.966,54.3,69.35499999999999,104.42
2022-03-14 02:00:00+01:00,49.367,77.1,99.5205,150.618
2022-03-14 03:00:00+01:00,50.867,77.2,100.508,152.098
2022-03-14 04:00:00+01:00,51.334,77.7,102.011,154.409
2022-03-14 05:00:00+01:00,52.766,68.1,89.907,136.264
2022-03-14 06:00:00+01:00,52.834,76.4,101.087,153.0365
2022-03-14 07:00:00+01:00,51.9,78.8,102.087,154.473
2022-03-14 08:00:00+01:00,42.147,59.6,72.8955,109.2045
2022-03-14 09:00:00+01:00,35.283,47.7,56.9675,84.9075
2022-03-14 10:00:00+01:00,28.475,34.7,45.97,61.5645
2022-03-14 11:00:00+01:00,25.4,32.6,44.4945,57.843500000000006
2022-03-14 12:00:00+01:00,22.284,30.3,42.453,53.2175
2022-03-14 13:00:00+01:00,18.166,23.4,36.4035,41.2805
2022-03-14 14:00:00+01:00,16.5,21.9,34.7175,38.3735
2022-03-14 15:00:00+01:00,16.834,19.8,32.363,34.501000000000005
2022-03-14 16:00:00+01:00,17.066,21.3,33.8265,37.0385
2022-03-14 17:00:00+01:00,19.267,39.0,49.043,68.6785
2022-03-14 18:00:00+01:00,22.9,80.0,92.9295,140.423
2022-03-14 19:00:00+01:00,29.534,128.8,149.216,224.9165
2022-03-14 20:00:00+01:00,34.3,136.8,158.258,238.489
2022-03-14 21:00:00+01:00,37.633,99.9,116.344,175.63049999999998
2022-03-14 22:00:00+01:00,39.6,102.4,119.19,179.8865
2022-03-14 23:00:00+01:00,40.5,50.8,59.6675,89.99600000000001
2022-03-15 00:00:00+01:00,41.8,46.4,55.0245,82.273
2022-03-15 01:00:00+01:00,42.966,41.1,50.642,73.191
2022-03-15 02:00:00+01:00,43.1,39.4,50.034,70.762
2022-03-15 03:00:00+01:00,44.133,34.9,46.8095,62.6405
2022-03-15 04:00:00+01:00,46.9,48.1,59.244,88.188
2022-03-15 05:00:00+01:00,49.466,62.3,76.3135,115.743
2022-03-15 06:00:00+01:00,50.934,66.1,81.333,123.3225
2022-03-15 07:00:00+01:00,46.067,47.3,56.943,84.8215
2022-03-15 08:00:00+01:00,41.034,63.3,74.0985,112.253
2022-03-15 09:00:00+01:00,36.567,58.6,68.604,103.787
2022-03-15 10:00:00+01:00,30.666,31.4,43.3485,55.2635
2022-03-15 11:00:00+01:00,28.2,22.0,34.737,38.5665
2022-03-15 12:00:00+01:00,27.867,15.9,26.77,27.368
2022-03-15 13:00:00+01:00,26.1,9.5,15.604,15.616
2022-03-15 14:00:00+01:00,25.0,7.4,11.8065,11.8175
2022-03-15 15:00:00+01:00,25.166,7.5,12.131,12.1405
2022-03-15 16:00:00+01:00,25.834,10.4,17.4865,17.490000000000002
2022-03-15 17:00:00+01:00,26.9,15.1,25.844,26.0085
2022-03-15 18:00:00+01:00,28.566,16.4,27.805,28.392
2022-03-15 19:00:00+01:00,29.733,15.6,26.365,26.777
2022-03-15 20:00:00+01:00,30.767,14.1,23.9995,24.0275
2022-03-15 21:00:00+01:00,31.9,13.6,23.24,23.278
2022-03-15 22:00:00+01:00,30.9,8.7,14.2315,14.2365
2022-03-15 23:00:00+01:00,27.834,7.9,12.6085,12.6085
2022-03-16 00:00:00+01:00,25.666,7.2,11.3055,11.3055
2022-03-16 01:00:00+01:00,24.366,6.8,10.4925,10.4925
2022-03-16 02:00:00+01:00,24.133,6.9,10.698,10.698
2022-03-16 03:00:00+01:00,24.733,7.3,11.5065,11.5065
2022-03-16 04:00:00+01:00,25.3,7.4,11.809,11.809
2022-03-16 05:00:00+01:00,26.3,7.3,11.5615,11.5615
2022-03-16 06:00:00+01:00,28.333,9.5,15.623,15.633
2022-03-16 07:00:00+01:00,31.2,47.0,57.678,80.90899999999999
2022-03-16 08:00:00+01:00,32.267,28.1,40.0215,48.736
2022-03-16 09:00:00+01:00,31.133,12.5,19.878,20.8525
2022-03-16 10:00:00+01:00,30.617,10.6,17.3385,17.4295
2022-03-16 11:00:00+01:00,30.25,11.5,19.131,19.154
2022-03-16 12:00:00+01:00,32.367,11.9,19.9075,19.9175
2022-03-16 13:00:00+01:00,33.267,12.8,21.5575,21.661
2022-03-16 14:00:00+01:00,33.733,15.0,25.4045,25.679
2022-03-16 15:00:00+01:00,33.233,14.6,24.3925,24.826
2022-03-16 16:00:00+01:00,34.133,15.7,26.2175,26.686
2022-03-16 17:00:00+01:00,35.666,22.7,34.9705,39.118
2022-03-16 18:00:00+01:00,36.233,27.1,38.819,46.6185
2022-03-16 19:00:00+01:00,38.167,22.0,34.1305,37.375
2022-03-16 20:00:00+01:00,39.034,29.2,40.734,49.5985
2022-03-16 21:00:00+01:00,40.6,33.0,43.417,55.9515
2022-03-16 22:00:00+01:00,41.267,39.8,48.3625,67.389
2022-03-16 23:00:00+01:00,42.034,39.5,48.2395,66.9195
2022-03-17 00:00:00+01:00,44.4,51.2,58.258,87.2185
2022-03-17 01:00:00+01:00,47.267,62.6,70.475,106.804
2022-03-17 02:00:00+01:00,49.533,50.7,57.114,86.221
2022-03-17 03:00:00+01:00,47.967,37.3,46.5445,62.686
2022-03-17 04:00:00+01:00,48.9,43.5,50.789,73.644
2022-03-17 05:00:00+01:00,50.133,47.0,53.369,79.801
2022-03-17 06:00:00+01:00,50.433,54.0,60.955,91.875
2022-03-17 07:00:00+01:00,49.083,60.0,67.65899999999999,102.5925
2022-03-17 08:00:00+01:00,45.1,49.7,56.2755,84.64150000000001
2022-03-17 09:00:00+01:00,43.9,46.2,52.463,77.834
2022-03-17 10:00:00+01:00,44.328,48.0,53.9175,80.6265
2022-03-17 11:00:00+01:00,41.409,39.7,48.1335,66.6985
2022-03-17 12:00:00+01:00,40.733,39.8,48.248000000000005,67.116
2022-03-17 13:00:00+01:00,40.733,36.2,45.787000000000006,60.8485
2022-03-17 14:00:00+01:00,38.534,26.1,37.8205,43.9225
2022-03-17 15:00:00+01:00,39.333,23.4,35.625,39.915
2022-03-17 16:00:00+01:00,39.766,23.8,36.124,40.768
2022-03-17 17:00:00+01:00,40.6,35.7,45.97,61.772
2022-03-17 18:00:00+01:00,42.367,37.7,47.228,64.5475
2022-03-17 19:00:00+01:00,44.567,37.7,47.1385,64.15899999999999
2022-03-17 20:00:00+01:00,45.834,47.8,56.016,82.34049999999999
2022-03-17 21:00:00+01:00,46.0,61.1,69.412,105.1755
2022-03-17 22:00:00+01:00,46.767,65.8,74.7215,113.1895
2022-03-17 23:00:00+01:00,48.7,56.3,63.8485,96.8595
2022-03-18 00:00:00+01:00,50.567,48.1,54.7115,82.1505
2022-03-18 01:00:00+01:00,53.2,48.1,54.7945,82.2205
2022-03-18 02:00:00+01:00,57.1,53.4,60.060500000000005,91.136
2022-03-18 03:00:00+01:00,59.466,55.0,61.8465,93.842
2022-03-18 04:00:00+01:00,61.1,55.5,62.6675,95.163
2022-03-18 05:00:00+01:00,62.166,56.0,63.956500000000005,97.2325
2022-03-18 06:00:00+01:00,62.8,52.5,60.57899999999999,92.2235
2022-03-18 07:00:00+01:00,64.034,55.2,64.585,98.1415
2022-03-18 08:00:00+01:00,63.842,57.3,67.25049999999999,102.2005
2022-03-18 09:00:00+01:00,61.858,56.6,64.8445,98.5495
2022-03-18 10:00:00+01:00,56.975,54.2,61.022000000000006,92.5415
2022-03-18 11:00:00+01:00,45.517,37.8,46.9435,64.238
2022-03-18 12:00:00+01:00,37.236,25.3,37.5775,43.3845
2022-03-18 13:00:00+01:00,34.75,24.7,37.145,42.606
2022-03-18 14:00:00+01:00,29.875,19.2,31.317,33.025499999999994
2022-03-18 15:00:00+01:00,29.642,21.3,33.852999999999994,37.0145
2022-03-18 16:00:00+01:00,28.508,19.0,31.23,32.7945
2022-03-18 17:00:00+01:00,28.0,20.2,32.493,34.7035
2022-03-18 18:00:00+01:00,28.7,21.3,33.784,36.7545
2022-03-18 19:00:00+01:00,31.367,22.6,35.201,39.171
2022-03-18 20:00:00+01:00,33.967,32.3,43.5455,56.302
2022-03-18 21:00:00+01:00,37.0,71.4,83.86449999999999,125.777
2022-03-18 22:00:00+01:00,40.667,76.8,90.603,137.246
2022-03-18 23:00:00+01:00,44.233,93.2,112.124,169.48649999999998
2022-03-19 00:00:00+01:00,47.666,82.2,100.893,152.68099999999998
2022-03-19 01:00:00+01:00,49.5,74.2,91.898,139.11950000000002
2022-03-19 02:00:00+01:00,51.334,59.2,74.061,112.4015
2022-03-19 03:00:00+01:00,52.0,49.9,64.786,94.986
2022-03-19 04:00:00+01:00,51.933,31.2,46.87,59.2245
2022-03-19 05:00:00+01:00,52.133,35.3,50.4395,67.628
2022-03-19 06:00:00+01:00,53.5,57.9,75.745,115.022
2022-03-19 07:00:00+01:00,52.933,43.5,57.352500000000006,83.5915
2022-03-19 08:00:00+01:00,44.0,46.9,56.010000000000005,84.31700000000001
2022-03-19 09:00:00+01:00,39.511,47.4,56.647000000000006,85.3345
2022-03-19 10:00:00+01:00,35.2,41.0,50.92,71.68950000000001
2022-03-19 11:00:00+01:00,28.467,19.0,30.9175,32.7345
2022-03-19 12:00:00+01:00,24.5,16.5,27.8485,28.48
2022-03-19 13:00:00+01:00,24.934,20.4,32.9035,35.4635
2022-03-19 14:00:00+01:00,24.166,22.9,35.448,39.6705
2022-03-19 15:00:00+01:00,24.133,26.0,38.645,45.316
2022-03-19 16:00:00+01:00,25.133,25.5,38.149,44.635
2022-03-19 17:00:00+01:00,26.166,25.0,37.905,43.834
2022-03-19 18:00:00+01:00,27.534,26.2,38.7725,45.477
2022-03-19 19:00:00+01:00,28.9,30.2,42.1365,52.536
2022-03-19 20:00:00+01:00,31.633,82.0,96.226,142.636
2022-03-19 21:00:00+01:00,36.333,146.8,169.7275,255.6615
2022-03-19 22:00:00+01:00,38.3,98.3,114.5895,173.11
2022-03-19 23:00:00+01:00,41.633,125.6,149.4155,225.3915
2022-03-20 00:00:00+01:00,45.2,125.1,151.3345,228.276
2022-03-20 01:00:00+01:00,48.2,106.0,130.5075,197.107
2022-03-20 02:00:00+01:00,50.0,94.1,117.4565,177.507
2022-03-20 03:00:00+01:00,51.733,78.5,99.467,150.566
2022-03-20 04:00:00+01:00,52.633,87.3,111.8335,169.13
2022-03-20 05:00:00+01:00,53.0,91.3,117.3645,177.4085
2022-03-20 06:00:00+01:00,53.6,95.4,124.4335,188.0215
2022-03-20 07:00:00+01:00,53.7,100.2,129.116,195.0425
2022-03-20 08:00:00+01:00,44.5,83.2,100.612,152.2525
2022-03-20 09:00:00+01:00,35.1,33.4,45.4785,59.592
2022-03-20 10:00:00+01:00,24.334,13.0,22.28,22.337
2022-03-20 11:00:00+01:00,22.0,12.7,21.539,21.543
2022-03-20 12:00:00+01:00,20.833,13.5,22.9155,22.9245
2022-03-20 13:00:00+01:00,19.867,13.0,22.1395,22.168
2022-03-20 14:00:00+01:00,19.233,13.6,23.2945,23.362
2022-03-20 15:00:00+01:00,19.9,15.0,25.8415,26.0305
2022-03-20 16:00:00+01:00,19.334,13.2,22.62,22.643
2022-03-20 17:00:00+01:00,19.8,19.4,30.8765,33.5685
2022-03-20 18:00:00+01:00,21.1,20.0,32.5565,34.9195
2022-03-20 19:00:00+01:00,22.466,38.6,48.648,67.577
2022-03-20 20:00:00+01:00,24.934,44.2,53.5855,78.424
2022-03-20 21:00:00+01:00,28.733,71.5,84.5385,128.0125
2022-03-20 22:00:00+01:00,32.2,64.2,77.4095,117.447
2022-03-20 23:00:00+01:00,35.733,84.8,103.898,157.128
2022-03-21 00:00:00+01:00,40.3,89.7,111.5895,168.69150000000002
2022-03-21 01:00:00+01:00,42.433,75.9,96.0525,145.3705
2022-03-21 02:00:00+01:00,43.833,61.6,78.322,118.8285
2022-03-21 03:00:00+01:00,43.833,41.6,55.7835,80.3135
2022-03-21 04:00:00+01:00,44.2,46.7,62.704,92.36
2022-03-21 05:00:00+01:00,45.567,35.3,51.8675,69.447
2022-03-21 06:00:00+01:00,45.067,48.8,63.98,95.2315
2022-03-21 07:00:00+01:00,43.7,51.4,65.34299999999999,99.3555
2022-03-21 08:00:00+01:00,36.589,47.6,57.6205,86.56
2022-03-21 09:00:00+01:00,31.392,38.4,48.545,67.4505
2022-03-21 10:00:00+01:00,27.7,32.4,43.849,56.4755
2022-03-21 11:00:00+01:00,24.525,22.4,34.8705,38.6835
2022-03-21 12:00:00+01:00,22.409,22.9,35.545500000000004,39.822
2022-03-21 13:00:00+01:00,21.459,20.8,33.2815,36.0715
2022-03-21 14:00:00+01:00,19.375,19.5,31.94,33.7625
2022-03-21 15:00:00+01:00,18.041,21.7,34.3485,37.752
2022-03-21 16:00:00+01:00,18.159,20.7,33.2415,35.967
2022-03-21 17:00:00+01:00,19.3,22.7,35.3465,39.38849999999999
2022-03-21 18:00:00+01:00,20.441,34.0,44.933,59.776
2022-03-21 19:00:00+01:00,23.867,83.5,96.6215,146.0275
2022-03-21 20:00:00+01:00,28.733,138.9,160.894,242.441
2022-03-21 21:00:00+01:00,32.233,112.7,132.412,199.779
2022-03-21 22:00:00+01:00,35.767,91.8,109.7325,165.87400000000002
2022-03-21 23:00:00+01:00,37.0,58.0,70.5835,106.455
2022-03-22 00:00:00+01:00,37.867,41.6,53.118,77.1405
2022-03-22 01:00:00+01:00,38.966,42.5,55.591,79.5925
2022-03-22 02:00:00+01:00,40.434,46.5,60.435,88.283
2022-03-22 03:00:00+01:00,41.9,33.3,48.426,63.1125
2022-03-22 04:00:00+01:00,42.4,36.4,51.1595,69.7305
2022-03-22 05:00:00+01:00,44.034,46.8,60.7315,90.5275
2022-03-22 06:00:00+01:00,43.633,45.3,59.2505,86.9265
2022-03-22 07:00:00+01:00,40.867,41.1,53.118,76.5575
2022-03-22 08:00:00+01:00,33.034,53.8,62.866,95.255
2022-03-22 09:00:00+01:00,30.267,55.7,65.03,98.5135
2022-03-22 10:00:00+01:00,23.633,40.8,49.932,71.18100000000001
2022-03-22 11:00:00+01:00,20.9,33.3,44.425,57.70099999999999
2022-03-22 12:00:00+01:00,19.533,27.1,39.3685,46.693
2022-03-22 13:00:00+01:00,19.0,26.0,38.6335,45.17
2022-03-22 14:00:00+01:00,19.0,27.1,39.6025,47.029
2022-03-22 15:00:00+01:00,19.0,28.5,40.827,49.609
2022-03-22 16:00:00+01:00,19.0,28.2,40.5,48.8205
2022-03-22 17:00:00+01:00,19.8,36.9,47.281000000000006,64.4125
2022-03-22 18:00:00+01:00,22.466,85.6,98.961,149.538
2022-03-22 19:00:00+01:00,27.5,127.8,147.863,222.85
2022-03-22 20:00:00+01:00,30.867,106.0,122.652,185.0545
2022-03-22 21:00:00+01:00,34.133,82.2,95.263,144.00150000000002
2022-03-22 22:00:00+01:00,35.567,55.7,64.548,97.9155
2022-03-22 23:00:00+01:00,37.033,59.3,68.788,104.292
2022-03-23 00:00:00+01:00,38.334,58.9,68.38499999999999,103.723
2022-03-23 01:00:00+01:00,39.834,57.9,67.7885,102.871
2022-03-23 02:00:00+01:00,41.0,55.5,65.493,99.342
2022-03-23 03:00:00+01:00,41.2,51.8,61.207,93.013
2022-03-23 04:00:00+01:00,42.334,51.6,61.315,93.2615
2022-03-23 05:00:00+01:00,43.1,57.7,68.97749999999999,104.707
2022-03-23 06:00:00+01:00,43.4,71.1,85.10749999999999,128.92149999999998
2022-03-23 07:00:00+01:00,44.3,77.1,92.424,139.9275
2022-03-23 08:00:00+01:00,36.5,66.1,76.675,116.1525
2022-03-23 09:00:00+01:00,30.4,53.9,63.747,94.324
2022-03-23 10:00:00+01:00,22.767,34.8,45.5695,60.3425
2022-03-23 11:00:00+01:00,20.1,30.4,42.185,52.514
2022-03-23 12:00:00+01:00,18.45,28.6,40.788,49.5835
2022-03-23 13:00:00+01:00,17.534,24.2,36.747,41.950500000000005
2022-03-23 14:00:00+01:00,17.034,22.6,35.2415,39.223
2022-03-23 15:00:00+01:00,17.0,24.1,36.574,41.584
2022-03-23 16:00:00+01:00,17.2,26.2,38.697500000000005,45.3855
2022-03-23 17:00:00+01:00,17.966,28.9,41.104,50.079
2022-03-23 18:00:00+01:00,20.633,51.6,61.602500000000006,90.117
2022-03-23 19:00:00+01:00,26.2,135.7,156.22899999999998,235.4245
2022-03-23 20:00:00+01:00,30.034,145.9,168.11700000000002,253.247
2022-03-23 21:00:00+01:00,33.1,130.1,150.32850000000002,226.5925
2022-03-23 22:00:00+01:00,35.266,68.1,79.0505,119.6735
2022-03-23 23:00:00+01:00,37.067,51.6,60.1845,91.2435
2022-03-24 00:00:00+01:00,38.8,43.1,51.7035,75.9165
2022-03-24 01:00:00+01:00,40.4,39.2,48.978,68.8095
2022-03-24 02:00:00+01:00,41.5,36.5,47.1815,64.113
2022-03-24 03:00:00+01:00,43.0,37.5,47.9945,66.388
2022-03-24 04:00:00+01:00,45.333,53.6,65.161,96.9045
2022-03-24 05:00:00+01:00,48.867,52.5,63.622,96.6165
2022-03-24 06:00:00+01:00,48.534,55.6,67.7445,102.775
2022-03-24 07:00:00+01:00,46.266,90.1,107.208,162.09449999999998
2022-03-24 08:00:00+01:00,32.933,48.1,56.569500000000005,84.442
2022-03-24 09:00:00+01:00,27.625,38.2,48.1175,66.8675
2022-03-24 10:00:00+01:00,23.191,31.7,43.3835,55.231
2022-03-24 11:00:00+01:00,18.761,27.2,39.7485,47.2605
2022-03-24 12:00:00+01:00,14.736,26.1,38.122,45.381
2022-03-24 13:00:00+01:00,14.775,21.1,33.6295,36.6015
2022-03-24 14:00:00+01:00,14.275,21.0,33.53,36.394
2022-03-24 15:00:00+01:00,13.308,20.5,32.974,35.475
2022-03-24 16:00:00+01:00,13.5,20.1,32.3815,34.596000000000004
2022-03-24 17:00:00+01:00,13.9,19.7,31.671,33.8825
2022-03-24 18:00:00+01:00,17.466,55.5,67.1545,96.502
2022-03-24 19:00:00+01:00,23.367,101.8,117.403,177.221
2022-03-24 20:00:00+01:00,26.466,116.0,133.7595,201.7615
2022-03-24 21:00:00+01:00,27.666,55.9,65.3905,98.6215
2022-03-24 22:00:00+01:00,27.934,37.2,47.591,65.408
2022-03-24 23:00:00+01:00,29.3,35.0,46.1855,61.773
2022-03-25 00:00:00+01:00,30.666,32.8,44.516000000000005,57.67100000000001
2022-03-25 01:00:00+01:00,32.834,30.3,42.4745,53.022
2022-03-25 02:00:00+01:00,34.266,30.3,42.454,53.1905
2022-03-25 03:00:00+01:00,35.933,30.6,42.808,53.6555
2022-03-25 04:00:00+01:00,36.4,29.7,42.0925,52.091
2022-03-25 05:00:00+01:00,37.7,38.6,48.912,68.023
2022-03-25 06:00:00+01:00,40.6,48.0,57.02,85.41
2022-03-25 07:00:00+01:00,36.5,46.7,55.5945,82.191
2022-03-25 08:00:00+01:00,27.758,39.9,49.2265,69.77950000000001
2022-03-25 09:00:00+01:00,24.4,35.4,46.24,61.8975
2022-03-25 10:00:00+01:00,21.167,34.0,44.939,58.891
2022-03-25 11:00:00+01:00,19.025,30.2,42.03,52.0715
2022-03-25 12:00:00+01:00,17.87,22.8,35.1405,39.1165
2022-03-25 13:00:00+01:00,15.834,18.0,29.452,30.284
2022-03-25 14:00:00+01:00,15.733,16.4,27.409,27.751
2022-03-25 15:00:00+01:00,15.367,14.4,24.076,24.1205
2022-03-25 16:00:00+01:00,16.334,14.9,24.928,24.993
2022-03-25 17:00:00+01:00,17.3,19.2,30.522,32.827
2022-03-25 18:00:00+01:00,20.367,37.2,47.4425,64.703
2022-03-25 19:00:00+01:00,25.567,91.0,104.3665,157.6585
2022-03-25 20:00:00+01:00,29.6,117.3,135.45499999999998,204.286
2022-03-25 21:00:00+01:00,33.0,129.2,149.499,225.339
2022-03-25 22:00:00+01:00,35.233,109.8,126.655,191.1035
2022-03-25 23:00:00+01:00,37.0,65.4,75.90350000000001,114.9675
2022-03-26 00:00:00+01:00,37.767,48.8,56.8985,85.991
2022-03-26 01:00:00+01:00,38.867,46.7,56.1765,81.513
2022-03-26 02:00:00+01:00,39.7,33.7,44.9655,58.807
2022-03-26 03:00:00+01:00,41.267,32.0,43.9275,56.2065
2022-03-26 04:00:00+01:00,42.233,28.1,40.7995,49.2445
2022-03-26 05:00:00+01:00,43.1,25.9,39.0625,45.814
2022-03-26 06:00:00+01:00,43.033,27.6,40.467,48.6925
2022-03-26 07:00:00+01:00,39.9,32.3,44.238,57.319
2022-03-26 08:00:00+01:00,29.434,27.3,40.044,48.0135
2022-03-26 09:00:00+01:00,26.9,23.0,35.534,39.9635
2022-03-26 10:00:00+01:00,23.466,17.0,28.7155,29.347
2022-03-26 11:00:00+01:00,21.3,15.0,25.3605,25.4515
2022-03-26 12:00:00+01:00,18.133,11.6,19.203,19.2135
2022-03-26 13:00:00+01:00,17.966,13.3,22.5645,22.5885
2022-03-26 14:00:00+01:00,18.033,15.8,26.456,26.682
2022-03-26 15:00:00+01:00,17.333,16.7,28.071,28.528
2022-03-26 16:00:00+01:00,17.034,17.1,28.347,28.8745
2022-03-26 17:00:00+01:00,17.8,20.7,32.299499999999995,35.211
2022-03-26 18:00:00+01:00,22.1,39.8,49.081,69.3455
2022-03-26 19:00:00+01:00,27.267,78.0,89.9485,136.0285
2022-03-26 20:00:00+01:00,30.7,111.8,128.8955,194.426
2022-03-26 21:00:00+01:00,32.867,65.0,75.81299999999999,113.941
2022-03-26 22:00:00+01:00,33.733,39.8,49.327,70.011
2022-03-26 23:00:00+01:00,35.334,41.6,51.9085,73.084
2022-03-27 00:00:00+01:00,39.167,51.4,62.3955,90.1485
2022-03-27 01:00:00+01:00,38.966,33.6,44.949,58.842
2022-03-27 02:00:00+01:00,39.833,34.5,45.4185,60.2975
2022-03-27 03:00:00+01:00,42.8,37.9,48.11150000000001,66.6325
2022-03-27 04:00:00+01:00,46.133,38.7,48.789,68.3235
2022-03-27 05:00:00+01:00,47.0,39.6,49.538,70.17500000000001
2022-03-27 06:00:00+01:00,45.067,29.1,41.5135,50.92
2022-03-27 07:00:00+01:00,39.8,28.9,41.192,50.5985
2022-03-27 08:00:00+01:00,30.4,34.1,45.646,60.5985
2022-03-27 09:00:00+01:00,28.2,37.9,49.497,68.351
2022-03-27 10:00:00+01:00,23.9,28.9,41.274,50.438
2022-03-27 11:00:00+01:00,21.334,26.8,39.064,46.029
2022-03-27 12:00:00+01:00,20.0,26.5,38.6345,45.197
2022-03-27 13:00:00+01:00,18.4,29.6,41.2155,50.374
2022-03-27 14:00:00+01:00,17.466,33.6,44.273,57.19199999999999
2022-03-27 15:00:00+01:00,17.7,28.9,40.4015,49.20099999999999
2022-03-27 16:00:00+01:00,20.267,19.9,31.881500000000003,33.822
2022-03-27 17:00:00+01:00,21.434,24.9,36.718500000000006,42.3755
2022-03-27 18:00:00+01:00,24.5,37.6,47.758,64.734
2022-03-27 19:00:00+01:00,29.3,97.1,110.867,167.40800000000002
2022-03-27 20:00:00+01:00,33.666,103.9,118.905,179.474
2022-03-27 21:00:00+01:00,36.7,108.8,124.976,188.578
2022-03-27 22:00:00+01:00,39.6,97.6,111.9455,169.03050000000002
2022-03-27 23:00:00+01:00,40.7,56.5,64.854,98.362
2022-03-28 00:00:00+01:00,42.1,59.3,68.04599999999999,103.173
2022-03-28 01:00:00+01:00,44.067,65.3,74.87450000000001,113.447
2022-03-28 02:00:00+01:00,45.733,57.3,65.638,99.554
2022-03-28 03:00:00+01:00,46.433,48.1,55.3815,83.609
2022-03-28 04:00:00+01:00,47.966,49.7,57.216,86.301
2022-03-28 05:00:00+01:00,48.1,62.2,71.0835,107.393
2022-03-28 06:00:00+01:00,49.0,60.4,69.4795,105.148
2022-03-28 07:00:00+01:00,45.567,53.7,61.635,93.469
2022-03-28 08:00:00+01:00,34.933,55.9,64.5145,97.9005
2022-03-28 09:00:00+01:00,32.3,47.5,56.415,83.7815
2022-03-28 10:00:00+01:00,27.867,35.3,46.0005,61.393
2022-03-28 11:00:00+01:00,25.131,22.4,34.346999999999994,38.294
2022-03-28 12:00:00+01:00,22.483,17.4,28.852,29.5215
2022-03-28 13:00:00+01:00,21.466,21.2,33.31,36.106
2022-03-28 14:00:00+01:00,21.167,23.3,35.7105,40.152
2022-03-28 15:00:00+01:00,20.067,22.3,34.537000000000006,38.111
2022-03-28 16:00:00+01:00,19.867,23.9,36.1565,40.811
2022-03-28 17:00:00+01:00,20.466,29.3,40.784,50.2375
2022-03-28 18:00:00+01:00,24.7,64.1,73.59899999999999,110.951
2022-03-28 19:00:00+01:00,29.467,73.3,83.97749999999999,127.0785
2022-03-28 20:00:00+01:00,33.233,92.3,105.771,159.76749999999998
2022-03-28 21:00:00+01:00,36.233,75.5,86.1605,130.40200000000002
2022-03-28 22:00:00+01:00,38.3,82.3,94.354,142.63850000000002
2022-03-28 23:00:00+01:00,40.966,89.9,103.1285,155.8145
2022-03-29 00:00:00+01:00,42.4,94.9,107.9915,163.11950000000002
2022-03-29 01:00:00+01:00,44.6,93.6,106.3995,160.713
2022-03-29 02:00:00+01:00,46.267,89.4,101.6805,153.631
2022-03-29 03:00:00+01:00,49.267,95.2,107.95,163.0265
2022-03-29 04:00:00+01:00,50.3,96.4,109.34,165.1275
2022-03-29 05:00:00+01:00,51.466,110.6,125.657,189.5945
2022-03-29 06:00:00+01:00,51.066,122.0,138.9285,209.498
2022-03-29 07:00:00+01:00,46.389,105.4,120.321,181.6195
2022-03-29 08:00:00+01:00,31.5,56.8,67.505,97.528
2022-03-29 09:00:00+01:00,23.75,32.3,43.405,55.2265
2022-03-29 10:00:00+01:00,20.3,31.8,43.18,54.5885
2022-03-29 11:00:00+01:00,15.709,36.9,46.7295,63.2945
2022-03-29 12:00:00+01:00,14.611,38.1,47.6385,65.5765
2022-03-29 13:00:00+01:00,13.604,44.4,53.0995,76.471
2022-03-29 14:00:00+01:00,14.992,33.7,44.525000000000006,57.991
2022-03-29 15:00:00+01:00,14.834,28.0,40.1345,48.211
2022-03-29 16:00:00+01:00,16.166,31.9,43.443,55.2795
2022-03-29 17:00:00+01:00,18.333,34.1,45.302,59.612
2022-03-29 18:00:00+01:00,21.4,31.6,43.027,55.3015
2022-03-29 19:00:00+01:00,23.6,19.7,32.1085,34.1495
2022-03-29 20:00:00+01:00,25.733,19.0,31.3455,32.9135
2022-03-29 21:00:00+01:00,26.934,17.9,29.826500000000003,30.728500000000004
2022-03-29 22:00:00+01:00,26.7,17.9,29.7495,30.5305
2022-03-29 23:00:00+01:00,28.567,17.5,29.108,29.696
2022-03-30 00:00:00+01:00,29.1,14.7,24.854,24.887500000000003
2022-03-30 01:00:00+01:00,29.133,12.3,20.652,20.652
2022-03-30 02:00:00+01:00,30.6,10.2,16.9625,16.9625
2022-03-30 03:00:00+01:00,32.0,10.0,16.337,16.337
2022-03-30 04:00:00+01:00,33.5,11.5,19.046,19.046
2022-03-30 05:00:00+01:00,35.1,12.6,21.1735,21.216
2022-03-30 06:00:00+01:00,35.9,15.9,25.361,27.2375
2022-03-30 07:00:00+01:00,35.067,14.1,23.805,24.242
2022-03-30 08:00:00+01:00,33.65,13.6,22.965,23.268
2022-03-30 09:00:00+01:00,30.966,13.6,22.571,23.015
2022-03-30 10:00:00+01:00,28.333,11.7,19.809,19.848
2022-03-30 11:00:00+01:00,26.534,10.8,18.3035,18.3065
2022-03-30 12:00:00+01:00,26.733,11.9,20.4125,20.4155
2022-03-30 13:00:00+01:00,28.434,11.7,20.078,20.0815
2022-03-30 14:00:00+01:00,28.433,11.8,20.2865,20.387
2022-03-30 15:00:00+01:00,31.8,10.2,16.9,17.2
2022-03-30 16:00:00+01:00,32.334,9.0,14.923,14.9735
2022-03-30 17:00:00+01:00,32.867,9.1,14.964,15.143
2022-03-30 18:00:00+01:00,35.5,6.2,9.7025,9.72
2022-03-30 19:00:00+01:00,36.767,8.8,14.1105,14.4135
2022-03-30 20:00:00+01:00,39.633,7.5,12.0445,12.09
2022-03-30 21:00:00+01:00,45.666,10.6,17.079,17.704500000000003
2022-03-30 22:00:00+01:00,50.133,46.7,54.4545,81.42949999999999
2022-03-30 23:00:00+01:00,52.233,44.3,52.2865,77.2885
2022-03-31 00:00:00+01:00,51.2,27.8,39.631,48.1945
2022-03-31 01:00:00+01:00,56.067,28.5,40.5825,49.5645
2022-03-31 02:00:00+01:00,65.934,45.2,52.6705,78.1995
2022-03-31 03:00:00+01:00,69.334,26.1,38.307,44.9295
2022-03-31 04:00:00+01:00,70.767,25.2,37.623000000000005,43.3225
2022-03-31 05:00:00+01:00,72.1,28.3,40.3955,48.8225
2022-03-31 06:00:00+01:00,71.133,42.7,52.6235,74.06450000000001
2022-03-31 07:00:00+01:00,69.667,36.3,46.098,61.7325
2022-03-31 08:00:00+01:00,69.267,41.3,49.415,69.9235
2022-03-31 09:00:00+01:00,67.733,39.0,47.707,65.6585
2022-03-31 10:00:00+01:00,64.867,38.5,47.2895,64.664
2022-03-31 11:00:00+01:00,59.9,41.7,49.4235,70.158
2022-03-31 12:00:00+01:00,61.867,41.9,49.3385,69.99549999999999
2022-03-31 13:00:00+01:00,59.5,39.0,47.7685,65.866
2022-03-31 14:00:00+01:00,60.633,35.3,45.203500000000005,59.632000000000005
2022-03-31 15:00:00+01:00,70.9,29.9,40.8835,49.995
2022-03-31 16:00:00+01:00,73.166,36.8,45.905,61.543
2022-03-31 17:00:00+01:00,71.567,44.1,51.304,74.24449999999999
2022-03-31 18:00:00+01:00,71.533,32.0,42.264,52.691
2022-03-31 19:00:00+01:00,70.934,34.6,44.174,57.2615
2022-03-31 20:00:00+01:00,72.133,75.1,84.2235,126.84
2022-03-31 21:00:00+01:00,72.1,74.8,83.32849999999999,126.0945
2022-03-31 22:00:00+01:00,71.6,65.7,73.0015,110.601
2022-03-31 23:00:00+01:00,71.9,69.0,76.748,116.2745
2022-04-01 00:00:00+01:00,72.0,49.5,54.9075,82.269
2022-04-01 01:00:00+01:00,72.066,61.5,68.47,103.728
2022-04-01 02:00:00+01:00,72.334,49.9,57.49,84.115
2022-04-01 03:00:00+01:00,72.1,34.9,44.4885,58.1205
2022-04-01 04:00:00+01:00,70.334,15.9,24.7385,25.8285
2022-04-01 05:00:00+01:00,73.767,11.8,18.712,19.3905
2022-04-01 06:00:00+01:00,73.034,19.2,31.006500000000003,33.1875
2022-04-01 07:00:00+01:00,69.2,8.9,14.4205,14.5045
2022-04-01 08:00:00+01:00,61.533,5.9,9.1955,9.2005
2022-04-01 09:00:00+01:00,50.625,6.0,9.3165,9.3555
2022-04-01 10:00:00+01:00,47.2,6.6,10.2995,10.498
2022-04-01 11:00:00+01:00,43.608,6.2,9.391,9.464
2022-04-01 12:00:00+01:00,38.758,4.5,6.6645,6.6645
2022-04-01 13:00:00+01:00,32.341,4.0,5.7145,5.7145
2022-04-01 14:00:00+01:00,38.7,3.6,4.9255,4.926
2022-04-01 15:00:00+01:00,38.6,3.5,4.765000000000001,4.765000000000001
2022-04-01 16:00:00+01:00,41.367,3.7,5.189500000000001,5.189500000000001
2022-04-01 17:00:00+01:00,50.666,10.3,16.465,17.2375
2022-04-01 18:00:00+01:00,54.566,33.1,43.9305,57.797
2022-04-01 19:00:00+01:00,58.467,23.5,35.6275,40.673
2022-04-01 20:00:00+01:00,67.6,24.1,35.516,42.097
2022-04-01 21:00:00+01:00,72.5,25.6,34.7955,44.44
2022-04-01 22:00:00+01:00,75.4,9.2,14.93,14.9315
2022-04-01 23:00:00+01:00,76.2,11.5,19.076500000000003,19.0785
2022-04-02 00:00:00+01:00,75.3,15.1,25.3,25.3595
2022-04-02 01:00:00+01:00,73.767,11.0,18.1265,18.128
2022-04-02 02:00:00+01:00,72.633,6.5,10.1575,10.1575
2022-04-02 03:00:00+01:00,74.0,4.9,7.231,7.231
2022-04-02 04:00:00+01:00,74.434,7.2,11.5005,11.506
2022-04-02 05:00:00+01:00,73.467,13.5,21.3275,21.4015
2022-04-02 06:00:00+01:00,74.1,22.3,33.346500000000006,36.264
2022-04-02 07:00:00+01:00,74.567,24.7,36.244,40.876
2022-04-02 08:00:00+01:00,75.867,24.9,36.4135,41.4265
2022-04-02 09:00:00+01:00,79.566,7.9,12.5185,12.624
2022-04-02 10:00:00+01:00,80.167,6.7,10.705,10.707
2022-04-02 11:00:00+01:00,74.6,4.1,6.0575,6.0575
2022-04-02 12:00:00+01:00,68.167,6.6,10.3325,10.3325
2022-04-02 13:00:00+01:00,61.533,6.1,9.329,9.329
2022-04-02 14:00:00+01:00,59.767,7.2,11.409,11.409
2022-04-02 15:00:00+01:00,56.867,9.6,15.614,15.614
2022-04-02 16:00:00+01:00,57.1,14.9,24.923,25.2905
2022-04-02 17:00:00+01:00,59.533,13.8,23.1745,23.2675
2022-04-02 18:00:00+01:00,60.933,19.2,31.331,33.015
2022-04-02 19:00:00+01:00,63.766,39.3,48.6265,67.86449999999999
2022-04-02 20:00:00+01:00,64.934,18.9,30.387,31.7735
2022-04-02 21:00:00+01:00,62.7,17.6,29.114,29.6765
2022-04-02 22:00:00+01:00,61.767,18.2,29.7675,30.5205
2022-04-02 23:00:00+01:00,62.9,20.2,32.078,33.9975
2022-04-03 00:00:00+01:00,64.334,23.3,35.8865,39.862
2022-04-03 01:00:00+01:00,65.4,23.8,36.4345,40.8205
2022-04-03 02:00:00+01:00,66.934,24.2,36.5375,41.1155
2022-04-03 03:00:00+01:00,65.5,21.5,33.771,36.5795
2022-04-03 04:00:00+01:00,64.6,19.8,31.879,33.501
2022-04-03 05:00:00+01:00,62.767,18.9,30.863,31.989
2022-04-03 06:00:00+01:00,60.4,20.1,32.311,34.2775
2022-04-03 07:00:00+01:00,58.8,23.0,35.443,39.521
2022-04-03 08:00:00+01:00,56.367,22.2,35.144499999999994,38.98350000000001
2022-04-03 09:00:00+01:00,53.9,20.6,33.1595,35.807500000000005
2022-04-03 10:00:00+01:00,51.767,18.6,30.727,32.143
2022-04-03 11:00:00+01:00,48.7,19.3,31.774500000000003,33.545500000000004
2022-04-03 12:00:00+01:00,49.3,20.2,32.595,34.8445
2022-04-03 13:00:00+01:00,45.166,20.1,32.3875,34.569
2022-04-03 14:00:00+01:00,48.567,21.9,34.389,37.8445
2022-04-03 15:00:00+01:00,45.1,21.3,33.7505,36.794
2022-04-03 16:00:00+01:00,41.967,17.6,29.2385,30.2185
2022-04-03 17:00:00+01:00,41.534,19.3,31.316000000000003,33.1295
2022-04-03 18:00:00+01:00,44.2,25.9,38.092,45.306
2022-04-03 19:00:00+01:00,48.433,34.4,45.6535,60.395
2022-04-03 20:00:00+01:00,52.0,40.6,50.214,71.8175
2022-04-03 21:00:00+01:00,54.633,39.3,49.9085,70.386
2022-04-03 22:00:00+01:00,57.534,94.1,114.17,171.8895
2022-04-03 23:00:00+01:00,60.466,112.2,137.70999999999998,207.8725
2022-04-04 00:00:00+01:00,62.466,96.0,120.0755,181.4245
2022-04-04 01:00:00+01:00,63.166,84.0,104.612,157.304
2022-04-04 02:00:00+01:00,62.334,33.4,47.651,61.987
2022-04-04 03:00:00+01:00,61.933,38.9,52.510000000000005,73.5075
2022-04-04 04:00:00+01:00,62.934,67.3,85.44,129.13150000000002
2022-04-04 05:00:00+01:00,64.0,88.4,112.512,170.12099999999998
2022-04-04 06:00:00+01:00,63.834,82.0,103.888,157.1975
2022-04-04 07:00:00+01:00,59.333,73.5,91.2535,135.84199999999998
2022-04-04 08:00:00+01:00,48.566,55.3,66.4745,98.93
2022-04-04 09:00:00+01:00,46.6,33.6,44.966,59.093
2022-04-04 10:00:00+01:00,40.666,20.8,31.7915,36.1265
2022-04-04 11:00:00+01:00,35.7,12.9,21.304,21.3675
2022-04-04 12:00:00+01:00,33.5,15.3,25.96,26.088
2022-04-04 13:00:00+01:00,32.5,15.3,25.945,26.01
2022-04-04 14:00:00+01:00,30.966,14.6,24.4625,24.5835
2022-04-04 15:00:00+01:00,30.133,12.5,20.8775,20.922
2022-04-04 16:00:00+01:00,29.434,10.6,17.526,17.5275
2022-04-04 17:00:00+01:00,29.834,14.2,23.4815,24.073
2022-04-04 18:00:00+01:00,32.133,24.8,37.19,43.1055
2022-04-04 19:00:00+01:00,37.367,83.2,95.74,144.502
2022-04-04 20:00:00+01:00,43.133,83.4,96.3345,145.579
2022-04-04 21:00:00+01:00,46.633,82.0,94.706,143.1725
2022-04-04 22:00:00+01:00,49.834,42.2,51.1745,73.583
2022-04-04 23:00:00+01:00,52.733,55.3,64.62899999999999,96.857
2022-04-05 00:00:00+01:00,54.933,46.5,57.1815,81.769
2022-04-05 01:00:00+01:00,55.233,21.5,33.805499999999995,37.181
2022-04-05 02:00:00+01:00,56.466,25.9,39.1445,46.054
2022-04-05 03:00:00+01:00,58.166,22.2,35.578,39.7495
2022-04-05 04:00:00+01:00,59.0,17.9,31.0785,31.995
2022-04-05 05:00:00+01:00,58.834,25.8,39.842,47.034
2022-04-05 06:00:00+01:00,57.166,44.7,55.7375,81.351
2022-04-05 07:00:00+01:00,50.7,40.0,48.1765,70.6585
2022-04-05 08:00:00+01:00,31.233,6.4,9.928,10.125
2022-04-05 09:00:00+01:00,30.817,4.9,7.342,7.342
2022-04-05 10:00:00+01:00,28.133,4.6,6.6690000000000005,6.6690000000000005
2022-04-05 11:00:00+01:00,25.733,3.7,5.1815,5.1815
2022-04-05 12:00:00+01:00,23.5,3.8,5.420999999999999,5.4265
2022-04-05 13:00:00+01:00,22.6,3.8,5.3495,5.3495
2022-04-05 14:00:00+01:00,21.534,3.6,5.0025,5.0025
2022-04-05 15:00:00+01:00,21.033,4.4,6.5415,6.5415
2022-04-05 16:00:00+01:00,22.7,5.2,7.987500000000001,7.987500000000001
2022-04-05 17:00:00+01:00,24.7,7.4,11.641,11.699
2022-04-05 18:00:00+01:00,27.6,26.0,36.3345,45.2575
2022-04-05 19:00:00+01:00,34.034,57.4,67.24549999999999,100.5635
2022-04-05 20:00:00+01:00,39.267,62.4,72.32300000000001,109.4665
2022-04-05 21:00:00+01:00,43.466,70.1,81.3295,123.0625
2022-04-05 22:00:00+01:00,45.567,51.5,63.3965,90.524
2022-04-05 23:00:00+01:00,46.367,18.6,31.0355,32.4645
2022-04-06 00:00:00+01:00,49.334,28.3,38.3555,49.336
2022-04-06 01:00:00+01:00,49.933,11.4,19.418,19.418
2022-04-06 02:00:00+01:00,50.8,11.1,18.5245,18.5245
2022-04-06 03:00:00+01:00,52.167,12.5,20.8985,21.2
2022-04-06 04:00:00+01:00,55.166,27.7,39.9015,48.6415
2022-04-06 05:00:00+01:00,57.4,42.6,51.276,74.747
2022-04-06 06:00:00+01:00,57.767,49.1,57.8045,86.45599999999999
2022-04-06 07:00:00+01:00,49.6,37.0,47.203,65.1945
2022-04-06 08:00:00+01:00,38.0,32.7,44.305,57.583
2022-04-06 09:00:00+01:00,35.8,19.9,32.3315,34.724000000000004
2022-04-06 10:00:00+01:00,34.2,15.9,26.649,27.5015
2022-04-06 11:00:00+01:00,31.945,11.6,19.7175,19.727
2022-04-06 12:00:00+01:00,28.591,10.0,16.643,16.643
2022-04-06 13:00:00+01:00,24.778,8.1,13.3895,13.3895
2022-04-06 14:00:00+01:00,23.278,7.7,12.4455,12.4455
2022-04-06 15:00:00+01:00,22.2,7.3,11.896,11.896
2022-04-06 16:00:00+01:00,21.366,7.9,12.878,12.878
2022-04-06 17:00:00+01:00,19.733,9.7,16.21,16.227
2022-04-06 18:00:00+01:00,14.466,5.9,9.1535,9.1535
2022-04-06 19:00:00+02:00,14.466,5.9,9.1535,9.1535
2022-04-06 20:00:00+02:00,15.267,6.0,9.266,9.266
2022-04-06 21:00:00+02:00,14.767,4.4,6.398,6.398
2022-04-06 22:00:00+02:00,14.733,9.5,15.837,15.837
2022-04-06 23:00:00+02:00,15.267,11.2,18.814,18.837000000000003
2022-04-07 00:00:00+02:00,21.233,3.3,4.644,4.644
2022-04-07 01:00:00+02:00,27.867,1.8,1.907,1.907
2022-04-07 02:00:00+02:00,45.333,2.3,2.713,2.713
2022-04-07 03:00:00+02:00,62.7,3.0,3.9515,3.9515
2022-04-07 04:00:00+02:00,65.0,2.9,3.826,3.826
2022-04-07 05:00:00+02:00,66.433,3.9,5.4215,5.4215
2022-04-07 06:00:00+02:00,66.233,7.1,11.4445,11.4445
2022-04-07 07:00:00+02:00,66.5,11.6,19.6215,19.7475
2022-04-07 08:00:00+02:00,64.534,16.1,26.2325,27.787
2022-04-07 09:00:00+02:00,59.742,8.8,14.513000000000002,14.519
2022-04-07 10:00:00+02:00,52.472,6.9,11.0675,11.07
2022-04-07 11:00:00+02:00,44.717,5.2,7.978,7.978
2022-04-07 12:00:00+02:00,41.0,5.3,7.9155,7.9155
2022-04-07 13:00:00+02:00,37.4,4.9,7.233,7.233
2022-04-07 14:00:00+02:00,37.522,5.6,8.576,8.576
2022-04-07 15:00:00+02:00,36.7,4.8,7.238999999999999,7.238999999999999
2022-04-07 16:00:00+02:00,35.7,5.3,8.032499999999999,8.032499999999999
2022-04-07 17:00:00+02:00,34.166,5.3,8.0915,8.0915
2022-04-07 18:00:00+02:00,34.034,7.3,11.7585,11.7625
2022-04-07 19:00:00+02:00,37.167,25.5,37.265,44.4345
2022-04-07 20:00:00+02:00,41.933,31.0,42.7905,54.3055
2022-04-07 21:00:00+02:00,41.167,13.9,22.945,23.425
2022-04-07 22:00:00+02:00,38.233,8.5,13.695,13.695
2022-04-07 23:00:00+02:00,33.7,5.0,7.477,7.477
2022-04-08 00:00:00+02:00,33.067,4.6,6.5115,6.5115
2022-04-08 01:00:00+02:00,35.434,5.6,8.291,8.291
2022-04-08 02:00:00+02:00,37.8,5.2,7.8835,7.8835
2022-04-08 03:00:00+02:00,38.9,4.7,6.7875,6.7875
2022-04-08 04:00:00+02:00,39.0,4.0,5.5585,5.5585
2022-04-08 05:00:00+02:00,39.4,3.7,5.1505,5.1505
2022-04-08 06:00:00+02:00,40.133,4.1,5.92,5.92
2022-04-08 07:00:00+02:00,39.567,4.5,6.5535,6.5535
2022-04-08 08:00:00+02:00,35.4,4.2,5.9585,5.9585
2022-04-08 09:00:00+02:00,29.633,4.1,5.872,5.872
2022-04-08 10:00:00+02:00,28.8,3.6,5.0365,5.0365
2022-04-08 11:00:00+02:00,28.3,3.7,5.232,5.232
2022-04-08 12:00:00+02:00,27.233,3.2,4.3365,4.3365
2022-04-08 13:00:00+02:00,26.334,3.7,5.274,5.274
2022-04-08 14:00:00+02:00,27.834,3.6,5.003500000000001,5.003500000000001
2022-04-08 15:00:00+02:00,27.934,3.8,5.2905,5.2905
2022-04-08 16:00:00+02:00,28.133,4.1,6.044499999999999,6.044499999999999
2022-04-08 17:00:00+02:00,28.534,4.0,5.6265,5.6285
2022-04-08 18:00:00+02:00,30.133,4.0,5.761,5.761
2022-04-08 19:00:00+02:00,31.3,4.1,5.7895,5.7895
2022-04-08 20:00:00+02:00,32.1,3.6,4.9415,4.9415
2022-04-08 21:00:00+02:00,33.034,2.8,3.5885,3.5885
2022-04-08 22:00:00+02:00,34.2,2.8,3.617,3.617
2022-04-08 23:00:00+02:00,36.067,3.2,4.217,4.217499999999999
2022-04-09 00:00:00+02:00,37.666,3.3,4.5280000000000005,4.5280000000000005
2022-04-09 01:00:00+02:00,38.367,3.6,4.8765,4.8765
2022-04-09 02:00:00+02:00,38.0,3.0,3.7745,3.7745
2022-04-09 03:00:00+02:00,39.566,4.0,5.564,5.564
2022-04-09 04:00:00+02:00,41.367,3.9,5.5245,5.5245
2022-04-09 05:00:00+02:00,41.4,4.4,6.355499999999999,6.355499999999999
2022-04-09 06:00:00+02:00,38.767,4.5,6.7385,6.7395
2022-04-09 07:00:00+02:00,38.534,11.9,20.0435,20.5195
2022-04-09 08:00:00+02:00,36.666,11.8,19.791,20.226
2022-04-09 09:00:00+02:00,30.666,4.5,6.776,6.776
2022-04-09 10:00:00+02:00,29.167,5.3,8.0415,8.0415
2022-04-09 11:00:00+02:00,28.834,5.9,9.0765,9.0765
2022-04-09 12:00:00+02:00,27.434,5.4,8.3285,8.3285
2022-04-09 13:00:00+02:00,27.666,5.4,8.3005,8.3005
2022-04-09 14:00:00+02:00,50.533,4.4,6.4575,6.4575
2022-04-09 15:00:00+02:00,73.733,6.3,9.9265,9.938
2022-04-09 16:00:00+02:00,75.1,7.5,12.1025,12.103
2022-04-09 17:00:00+02:00,74.033,7.4,11.975,11.975
2022-04-09 18:00:00+02:00,72.1,9.3,15.15,15.308
2022-04-09 19:00:00+02:00,72.1,12.1,20.2685,20.549
2022-04-09 20:00:00+02:00,70.6,15.2,25.9935,26.148
2022-04-09 21:00:00+02:00,69.834,11.5,19.333,19.333
2022-04-09 22:00:00+02:00,69.733,12.0,20.3065,20.4175
2022-04-09 23:00:00+02:00,72.233,6.8,10.79,10.79
2022-04-10 00:00:00+02:00,72.034,5.5,8.47,8.47
2022-04-10 01:00:00+02:00,70.434,13.3,23.034,23.1755
2022-04-10 02:00:00+02:00,71.3,12.7,21.793,21.798
2022-04-10 03:00:00+02:00,71.0,12.7,21.602,21.6215
2022-04-10 04:00:00+02:00,71.233,7.9,12.678999999999998,12.709
2022-04-10 05:00:00+02:00,70.2,3.0,3.9275,3.9275
2022-04-10 06:00:00+02:00,70.0,5.7,8.7025,8.7025
2022-04-10 07:00:00+02:00,69.9,8.5,13.7405,13.7405
2022-04-10 08:00:00+02:00,69.0,9.7,15.694,15.694
2022-04-10 09:00:00+02:00,66.8,14.9,25.24,25.3875
2022-04-10 10:00:00+02:00,55.966,8.9,14.486,14.489999999999998
2022-04-10 11:00:00+02:00,49.533,8.4,13.825,13.8365
2022-04-10 12:00:00+02:00,51.333,7.1,11.327,11.327
2022-04-10 13:00:00+02:00,42.0,5.1,7.558999999999999,7.558999999999999
2022-04-10 14:00:00+02:00,38.0,5.4,8.104,8.104
2022-04-10 15:00:00+02:00,35.066,5.0,7.4375,7.4375
2022-04-10 16:00:00+02:00,32.667,4.8,7.2355,7.2355
2022-04-10 17:00:00+02:00,31.866,5.5,8.515,8.515
2022-04-10 18:00:00+02:00,30.666,7.5,12.0115,12.0115
2022-04-10 19:00:00+02:00,32.567,21.9,32.0855,38.0585
2022-04-10 20:00:00+02:00,39.534,71.8,83.3155,126.079
2022-04-10 21:00:00+02:00,44.966,66.6,79.32300000000001,116.822
2022-04-10 22:00:00+02:00,47.8,31.0,43.001000000000005,54.5445
2022-04-10 23:00:00+02:00,50.733,29.3,41.7105,51.6495
2022-04-11 00:00:00+02:00,52.0,19.7,29.9685,34.396
2022-04-11 01:00:00+02:00,53.867,13.8,23.956,23.964
2022-04-11 02:00:00+02:00,56.467,17.5,28.81,30.484
2022-04-11 03:00:00+02:00,58.034,11.9,20.346,20.4055
2022-04-11 04:00:00+02:00,59.0,12.0,20.6875,20.6875
2022-04-11 05:00:00+02:00,59.8,13.3,23.1945,23.24
2022-04-11 06:00:00+02:00,59.334,21.4,34.925,38.5
2022-04-11 07:00:00+02:00,55.9,30.1,42.557,54.225
2022-04-11 08:00:00+02:00,46.767,22.2,35.1515,39.2495
2022-04-11 09:00:00+02:00,35.8,15.3,26.2885,26.885
2022-04-11 10:00:00+02:00,33.0,9.1,15.1145,15.115
2022-04-11 11:00:00+02:00,28.967,6.2,9.8065,9.8065
2022-04-11 12:00:00+02:00,26.883,5.2,8.0655,8.0655
2022-04-11 13:00:00+02:00,26.778,5.7,8.797,8.797
2022-04-11 14:00:00+02:00,25.066,4.7,6.907,6.907
2022-04-11 15:00:00+02:00,23.7,4.1,5.7705,5.7705
2022-04-11 16:00:00+02:00,24.167,4.1,5.874499999999999,5.876
2022-04-11 17:00:00+02:00,24.0,4.0,5.737,5.737
2022-04-11 18:00:00+02:00,24.133,4.2,6.1925,6.1925
2022-04-11 19:00:00+02:00,27.2,11.4,18.792,19.0145
2022-04-11 20:00:00+02:00,34.534,34.8,46.2845,61.40050000000001
2022-04-11 21:00:00+02:00,39.9,79.9,92.672,140.088
2022-04-11 22:00:00+02:00,43.1,64.3,75.65899999999999,112.9395
2022-04-11 23:00:00+02:00,46.7,40.4,50.9235,71.312
2022-04-12 00:00:00+02:00,50.767,63.0,72.9345,110.487
2022-04-12 01:00:00+02:00,53.233,43.5,52.041,76.528
2022-04-12 02:00:00+02:00,54.867,40.8,50.4675,71.865
2022-04-12 03:00:00+02:00,56.233,41.2,51.0105,71.9195
2022-04-12 04:00:00+02:00,57.267,23.9,36.941,42.218
2022-04-12 05:00:00+02:00,58.466,19.3,32.084,34.184
2022-04-12 06:00:00+02:00,59.133,36.4,48.2525,65.896
2022-04-12 07:00:00+02:00,55.633,45.3,54.803,80.68549999999999
2022-04-12 08:00:00+02:00,44.166,27.4,39.271,48.6785
2022-04-12 09:00:00+02:00,29.166,13.6,23.3995,23.5995
2022-04-12 10:00:00+02:00,28.5,12.1,20.5905,20.843
2022-04-12 11:00:00+02:00,23.0,5.4,8.2385,8.2385
2022-04-12 12:00:00+02:00,21.692,4.9,7.2735,7.2735
2022-04-12 13:00:00+02:00,21.4,4.5,6.329000000000001,6.329000000000001
2022-04-12 14:00:00+02:00,21.0,4.6,6.834,6.836
2022-04-12 15:00:00+02:00,21.0,4.1,5.9030000000000005,5.9030000000000005
2022-04-12 16:00:00+02:00,21.0,4.4,6.452500000000001,6.452500000000001
2022-04-12 17:00:00+02:00,21.1,5.0,7.557,7.5575
2022-04-12 18:00:00+02:00,23.1,8.3,13.352,13.366
2022-04-12 19:00:00+02:00,25.2,11.2,18.8155,18.845
2022-04-12 20:00:00+02:00,30.934,39.0,50.983,68.456
2022-04-12 21:00:00+02:00,36.833,80.7,93.247,140.97750000000002
2022-04-12 22:00:00+02:00,41.367,47.8,58.3555,84.10650000000001
2022-04-12 23:00:00+02:00,44.967,61.2,71.098,107.549
2022-04-13 00:00:00+02:00,48.1,53.1,61.4905,93.0615
2022-04-13 01:00:00+02:00,50.166,34.1,45.23350000000001,59.69
2022-04-13 02:00:00+02:00,51.834,23.9,34.116,41.694
2022-04-13 03:00:00+02:00,52.834,9.1,15.021,15.021
2022-04-13 04:00:00+02:00,54.433,10.4,17.4865,17.488
2022-04-13 05:00:00+02:00,56.534,17.5,29.308,30.5315
2022-04-13 06:00:00+02:00,57.6,28.5,40.488,50.486
2022-04-13 07:00:00+02:00,56.967,43.2,52.1155,76.4165
2022-04-13 08:00:00+02:00,48.1,29.9,42.352,53.4145
2022-04-13 09:00:00+02:00,38.334,25.5,38.307,44.94
2022-04-13 10:00:00+02:00,38.8,22.6,35.3425,39.6265
2022-04-13 11:00:00+02:00,36.892,16.4,28.0835,28.545
2022-04-13 12:00:00+02:00,31.922,12.8,21.686,21.763
2022-04-13 13:00:00+02:00,29.161,13.4,23.055,23.065
2022-04-13 14:00:00+02:00,26.139,11.3,19.058,19.058
2022-04-13 15:00:00+02:00,23.966,8.6,14.3235,14.3235
2022-04-13 16:00:00+02:00,22.633,7.7,12.447500000000002,12.447500000000002
2022-04-13 17:00:00+02:00,21.966,7.1,11.4905,11.4905
2022-04-13 18:00:00+02:00,21.034,6.8,10.9655,10.966
2022-04-13 19:00:00+02:00,22.034,13.3,22.571,22.969
2022-04-13 20:00:00+02:00,23.834,15.2,25.6775,26.4345
2022-04-13 21:00:00+02:00,28.867,31.6,43.3485,55.4815
2022-04-13 22:00:00+02:00,34.133,30.4,42.422,53.497
2022-04-13 23:00:00+02:00,38.267,44.1,53.909,77.80350000000001
2022-04-14 00:00:00+02:00,41.966,44.9,54.0225,79.352
2022-04-14 01:00:00+02:00,45.267,31.2,42.7675,55.006
2022-04-14 02:00:00+02:00,47.267,16.9,27.8685,29.2075
2022-04-14 03:00:00+02:00,48.867,12.9,22.0875,22.095
2022-04-14 04:00:00+02:00,50.834,14.2,23.7105,24.424
2022-04-14 05:00:00+02:00,51.6,11.8,20.182,20.182
2022-04-14 06:00:00+02:00,52.733,18.4,30.7515,32.503
2022-04-14 07:00:00+02:00,49.767,18.2,30.143,31.9805
2022-04-14 08:00:00+02:00,39.334,20.6,33.6735,36.8
2022-04-14 09:00:00+02:00,33.6,26.6,39.118,46.842
2022-04-14 10:00:00+02:00,32.233,16.1,27.6265,28.3145
2022-04-14 11:00:00+02:00,28.767,13.3,22.698,22.7635
2022-04-14 12:00:00+02:00,23.634,9.2,15.1215,15.1215
2022-04-14 13:00:00+02:00,20.245,8.5,13.929,13.929
2022-04-14 14:00:00+02:00,17.709,7.3,11.6465,11.6465
2022-04-14 15:00:00+02:00,15.866,6.9,10.9555,10.965
2022-04-14 16:00:00+02:00,14.534,6.5,10.2155,10.2155
2022-04-14 17:00:00+02:00,14.0,6.3,9.781,9.781
2022-04-14 18:00:00+02:00,15.533,9.6,15.889500000000002,15.902
2022-04-14 19:00:00+02:00,19.5,15.0,25.2115,25.9725
2022-04-14 20:00:00+02:00,25.0,34.9,45.8415,61.226
2022-04-14 21:00:00+02:00,31.166,65.0,75.3125,114.0665
2022-04-14 22:00:00+02:00,34.767,48.7,57.107,86.00649999999999
2022-04-14 23:00:00+02:00,38.066,40.1,50.21,70.975
2022-04-15 00:00:00+02:00,40.466,22.3,34.589,39.43
2022-04-15 01:00:00+02:00,41.834,15.4,26.445,26.55
2022-04-15 02:00:00+02:00,44.334,19.7,31.798,34.421
2022-04-15 03:00:00+02:00,46.2,16.5,27.251,28.487
2022-04-15 04:00:00+02:00,47.5,23.3,34.99250000000001,40.4845
2022-04-15 05:00:00+02:00,50.0,26.4,38.9765,45.9145
2022-04-15 06:00:00+02:00,50.933,32.0,43.8865,56.4495
2022-04-15 07:00:00+02:00,46.233,33.0,44.808,58.562
2022-04-15 08:00:00+02:00,37.667,29.8,42.168000000000006,52.8725
2022-04-15 09:00:00+02:00,30.466,23.1,35.9075,40.9145
2022-04-15 10:00:00+02:00,28.0,20.3,32.306,35.6425
2022-04-15 11:00:00+02:00,26.033,12.1,20.729,20.789
2022-04-15 12:00:00+02:00,22.6,8.8,14.632,14.632
2022-04-15 13:00:00+02:00,24.6,11.5,19.6835,19.6855
2022-04-15 14:00:00+02:00,25.0,11.6,19.6235,19.668
2022-04-15 15:00:00+02:00,23.8,11.1,18.645,18.862
2022-04-15 16:00:00+02:00,23.934,13.1,22.0015,22.28
2022-04-15 17:00:00+02:00,25.9,21.3,33.0525,37.439
2022-04-15 18:00:00+02:00,29.4,11.3,18.2415,18.9785
2022-04-15 19:00:00+02:00,31.2,12.5,20.863,21.136
2022-04-15 20:00:00+02:00,33.233,14.1,23.748,24.0995
2022-04-15 21:00:00+02:00,35.534,23.7,36.497,41.5555
2022-04-15 22:00:00+02:00,39.5,25.0,37.6685,43.911
2022-04-15 23:00:00+02:00,43.0,25.5,37.6995,44.5225
2022-04-16 00:00:00+02:00,44.733,20.6,32.8175,35.953
2022-04-16 01:00:00+02:00,46.034,14.7,25.3975,25.5055
2022-04-16 02:00:00+02:00,48.267,18.1,29.392,31.321
2022-04-16 03:00:00+02:00,50.933,20.5,32.0465,35.425
2022-04-16 04:00:00+02:00,51.034,16.1,27.3095,27.599
2022-04-16 05:00:00+02:00,52.334,15.1,25.9075,25.9955
2022-04-16 06:00:00+02:00,52.7,15.0,25.164,25.5945
2022-04-16 07:00:00+02:00,54.367,19.2,31.478,33.277
2022-04-16 08:00:00+02:00,50.167,16.3,27.032,27.6925
2022-04-16 09:00:00+02:00,45.867,9.9,16.1785,16.1875
2022-04-16 10:00:00+02:00,41.066,7.5,11.686,11.686
2022-04-16 11:00:00+02:00,36.0,5.1,7.538500000000001,7.538500000000001
2022-04-16 12:00:00+02:00,34.534,3.7,5.1370000000000005,5.1370000000000005
2022-04-16 13:00:00+02:00,35.067,3.7,4.992,4.992
2022-04-16 14:00:00+02:00,33.4,3.9,5.4190000000000005,5.4190000000000005
2022-04-16 15:00:00+02:00,33.666,4.7,6.856,6.856
2022-04-16 16:00:00+02:00,36.733,5.4,7.8385,7.8385
2022-04-16 17:00:00+02:00,37.867,5.8,8.772,8.772
2022-04-16 18:00:00+02:00,39.5,6.2,9.8235,9.8235
2022-04-16 19:00:00+02:00,39.666,9.7,15.9715,16.041
2022-04-16 20:00:00+02:00,40.2,9.2,15.0395,15.0395
2022-04-16 21:00:00+02:00,41.8,9.3,14.972,14.9755
2022-04-16 22:00:00+02:00,42.733,9.1,14.6225,14.625
2022-04-16 23:00:00+02:00,44.0,10.8,17.65,17.6595
2022-04-17 00:00:00+02:00,45.166,11.4,18.469,18.469
2022-04-17 01:00:00+02:00,51.567,11.3,18.2355,18.2355
2022-04-17 02:00:00+02:00,66.167,12.4,19.9855,19.9855
2022-04-17 03:00:00+02:00,68.666,13.3,21.376,21.3775
2022-04-17 04:00:00+02:00,68.6,13.6,22.14,22.144
2022-04-17 05:00:00+02:00,66.5,13.1,21.6155,21.6155
2022-04-17 06:00:00+02:00,64.7,12.9,21.1445,21.145000000000003
2022-04-17 07:00:00+02:00,59.434,10.4,17.1025,17.1025
2022-04-17 08:00:00+02:00,51.334,8.4,13.386,13.386
2022-04-17 09:00:00+02:00,48.9,9.2,14.8215,14.8215
2022-04-17 10:00:00+02:00,45.733,8.1,12.8105,12.8105
2022-04-17 11:00:00+02:00,38.534,6.1,9.269,9.269
2022-04-17 12:00:00+02:00,35.433,6.1,9.1465,9.1465
2022-04-17 13:00:00+02:00,29.5,4.4,6.388,6.388
2022-04-17 14:00:00+02:00,27.933,5.1,7.391,7.391
2022-04-17 15:00:00+02:00,26.566,4.7,6.772,6.772
2022-04-17 16:00:00+02:00,26.7,5.1,7.465,7.465
2022-04-17 17:00:00+02:00,26.966,5.1,7.461499999999999,7.461499999999999
2022-04-17 18:00:00+02:00,27.934,5.8,8.974,8.974
2022-04-17 19:00:00+02:00,28.9,6.3,9.752,9.752
2022-04-17 20:00:00+02:00,29.9,7.4,11.718,11.718
2022-04-17 21:00:00+02:00,30.0,6.6,10.3905,10.393
2022-04-17 22:00:00+02:00,30.233,4.7,6.989000000000001,6.989000000000001
2022-04-17 23:00:00+02:00,31.334,4.9,7.3055,7.3055
2022-04-18 00:00:00+02:00,32.7,5.3,7.954000000000001,7.954000000000001
2022-04-18 01:00:00+02:00,38.5,16.5,28.003500000000003,28.6965
2022-04-18 02:00:00+02:00,42.767,14.4,24.876,24.9755
2022-04-18 03:00:00+02:00,45.2,12.2,20.66,20.662
2022-04-18 04:00:00+02:00,47.0,10.0,16.793,16.805
2022-04-18 05:00:00+02:00,50.034,9.7,16.319,16.3275
2022-04-18 06:00:00+02:00,51.0,14.5,25.164,25.438
2022-04-18 07:00:00+02:00,46.4,18.5,30.880000000000003,32.408500000000004
2022-04-18 08:00:00+02:00,34.167,14.6,24.9125,25.07
2022-04-18 09:00:00+02:00,31.034,10.5,17.505,17.509999999999998
2022-04-18 10:00:00+02:00,30.733,9.2,15.104,15.134
2022-04-18 11:00:00+02:00,28.8,6.4,9.936,9.936
2022-04-18 12:00:00+02:00,26.5,6.3,9.7245,9.7245
2022-04-18 13:00:00+02:00,25.767,8.6,14.141,14.203
2022-04-18 14:00:00+02:00,27.5,10.4,17.2175,17.2175
2022-04-18 15:00:00+02:00,27.367,6.4,10.0295,10.0295
2022-04-18 16:00:00+02:00,26.967,5.9,8.966999999999999,8.966999999999999
2022-04-18 17:00:00+02:00,26.733,6.6,10.361,10.361
2022-04-18 18:00:00+02:00,26.666,6.7,10.706,10.71
2022-04-18 19:00:00+02:00,29.667,12.5,21.3795,21.498
2022-04-18 20:00:00+02:00,33.733,14.9,24.8165,25.6475
2022-04-18 21:00:00+02:00,36.933,51.8,64.0165,90.6175
2022-04-18 22:00:00+02:00,40.633,56.9,65.78800000000001,99.8005
2022-04-18 23:00:00+02:00,43.934,28.5,40.8845,50.28
2022-04-19 00:00:00+02:00,45.8,19.4,31.928,34.13849999999999
2022-04-19 01:00:00+02:00,46.9,14.1,24.1075,24.223
2022-04-19 02:00:00+02:00,48.334,12.0,20.498,20.498
2022-04-19 03:00:00+02:00,49.267,11.9,20.3065,20.31
2022-04-19 04:00:00+02:00,50.233,15.0,25.6685,25.9205
2022-04-19 05:00:00+02:00,52.233,16.7,29.438,29.9965
2022-04-19 06:00:00+02:00,52.8,18.7,31.912,33.759
2022-04-19 07:00:00+02:00,46.0,17.3,29.332,30.0565
2022-04-19 08:00:00+02:00,40.5,17.4,29.0505,30.055
2022-04-19 09:00:00+02:00,36.567,16.2,27.151,27.829
2022-04-19 10:00:00+02:00,33.367,12.5,20.9545,21.011
2022-04-19 11:00:00+02:00,30.767,10.7,17.997,18.06
2022-04-19 12:00:00+02:00,29.9,8.5,13.862,13.862
2022-04-19 13:00:00+02:00,28.267,8.3,13.7285,13.7285
2022-04-19 14:00:00+02:00,28.1,8.5,13.9775,13.9775
2022-04-19 15:00:00+02:00,28.2,7.3,11.964,11.964
2022-04-19 16:00:00+02:00,27.5,6.7,10.5955,10.5955
2022-04-19 17:00:00+02:00,27.834,7.3,11.792,11.792
2022-04-19 18:00:00+02:00,29.267,7.8,12.7025,12.7025
2022-04-19 19:00:00+02:00,37.1,14.7,25.115,25.478
2022-04-19 20:00:00+02:00,50.4,14.5,24.452,24.667
2022-04-19 21:00:00+02:00,54.2,10.9,18.2025,18.23
2022-04-19 22:00:00+02:00,57.234,16.8,28.0555,29.003
2022-04-19 23:00:00+02:00,58.333,17.5,29.1735,30.4235
2022-04-20 00:00:00+02:00,60.867,26.6,37.9375,46.0315
2022-04-20 01:00:00+02:00,71.2,21.5,33.009,36.905
2022-04-20 02:00:00+02:00,72.567,7.8,12.2745,12.2745
2022-04-20 03:00:00+02:00,70.834,6.5,10.0515,10.0515
2022-04-20 04:00:00+02:00,70.3,2.5,2.9845,2.9845
2022-04-20 05:00:00+02:00,70.867,2.8,3.383,3.383
2022-04-20 06:00:00+02:00,69.966,12.7,20.591,21.1475
2022-04-20 07:00:00+02:00,69.867,41.0,51.1905,69.7015
2022-04-20 08:00:00+02:00,68.3,14.9,22.9005,25.1065
2022-04-20 09:00:00+02:00,66.233,11.1,18.2395,18.2925
2022-04-20 10:00:00+02:00,63.5,13.4,22.307,22.387
2022-04-20 11:00:00+02:00,60.067,13.7,22.4125,22.5115
2022-04-20 12:00:00+02:00,53.534,12.7,20.9345,20.9895
2022-04-20 13:00:00+02:00,46.666,19.1,30.9005,32.361000000000004
2022-04-20 14:00:00+02:00,40.3,17.1,28.41,29.0475
2022-04-20 15:00:00+02:00,35.933,12.9,21.3075,21.4495
2022-04-20 16:00:00+02:00,34.933,12.1,20.2835,20.3185
2022-04-20 17:00:00+02:00,35.133,16.1,26.594,27.19
2022-04-20 18:00:00+02:00,35.967,16.1,26.8245,27.2165
2022-04-20 19:00:00+02:00,38.933,29.6,40.63,51.6155
2022-04-20 20:00:00+02:00,44.7,66.9,77.471,116.5095
2022-04-20 21:00:00+02:00,50.133,109.9,126.4315,190.766
2022-04-20 22:00:00+02:00,53.433,57.6,66.44200000000001,100.4515
2022-04-20 23:00:00+02:00,55.567,70.4,80.97749999999999,122.5435
2022-04-21 00:00:00+02:00,57.3,68.9,79.416,119.947
2022-04-21 01:00:00+02:00,58.0,22.2,34.417,38.206500000000005
2022-04-21 02:00:00+02:00,58.5,20.6,32.94,35.434
2022-04-21 03:00:00+02:00,59.733,20.9,33.1075,35.839
2022-04-21 04:00:00+02:00,60.767,26.7,39.2385,46.8115
2022-04-21 05:00:00+02:00,61.933,22.1,34.3,38.3655
2022-04-21 06:00:00+02:00,61.0,26.7,39.2935,46.681
2022-04-21 07:00:00+02:00,60.533,43.8,52.918,77.125
2022-04-21 08:00:00+02:00,57.6,39.2,48.775,68.469
2022-04-21 09:00:00+02:00,54.567,41.4,50.385,72.46350000000001
2022-04-21 10:00:00+02:00,49.758,41.8,51.457,74.7795
2022-04-21 11:00:00+02:00,48.0,45.5,54.121,80.099
2022-04-21 12:00:00+02:00,47.567,50.9,59.551,88.6985
2022-04-21 13:00:00+02:00,44.2,35.8,46.121,61.72
2022-04-21 14:00:00+02:00,43.8,20.7,32.233000000000004,35.424
2022-04-21 15:00:00+02:00,40.7,17.1,26.8475,28.92
2022-04-21 16:00:00+02:00,42.566,26.0,37.959500000000006,44.8565
2022-04-21 17:00:00+02:00,42.767,34.3,44.847,59.2185
2022-04-21 18:00:00+02:00,41.034,31.8,42.339,55.249
2022-04-21 19:00:00+02:00,41.3,43.2,53.5065,75.436
2022-04-21 20:00:00+02:00,50.1,82.9,95.357,144.1695
2022-04-21 21:00:00+02:00,59.966,83.3,95.026,143.6365
2022-04-21 22:00:00+02:00,66.067,98.9,112.6595,170.08100000000002
2022-04-21 23:00:00+02:00,70.0,93.3,106.172,160.3745
2022-04-22 00:00:00+02:00,70.333,83.0,94.43,142.738
2022-04-22 01:00:00+02:00,69.6,61.3,69.07849999999999,104.7525
2022-04-22 02:00:00+02:00,69.534,54.7,61.6965,93.6355
2022-04-22 03:00:00+02:00,70.233,59.0,66.2025,100.403
2022-04-22 04:00:00+02:00,71.466,43.4,50.620000000000005,73.037
2022-04-22 05:00:00+02:00,71.7,42.2,49.6575,70.7985
2022-04-22 06:00:00+02:00,71.566,40.2,48.565,67.862
2022-04-22 07:00:00+02:00,71.7,43.3,50.5535,72.657
2022-04-22 08:00:00+02:00,66.5,34.9,44.834,58.618
2022-04-22 09:00:00+02:00,57.533,33.6,43.7615,56.446
2022-04-22 10:00:00+02:00,57.467,29.8,40.8435,50.0885
2022-04-22 11:00:00+02:00,48.6,16.5,27.5145,27.8815
2022-04-22 12:00:00+02:00,49.667,15.9,26.5875,27.1855
2022-04-22 13:00:00+02:00,67.834,11.9,19.9435,19.947
2022-04-22 14:00:00+02:00,71.133,23.8,35.616,40.697500000000005
2022-04-22 15:00:00+02:00,69.5,30.5,41.4705,51.241
2022-04-22 16:00:00+02:00,68.367,33.5,43.7565,55.978
2022-04-22 17:00:00+02:00,65.633,35.0,43.3115,58.9885
2022-04-22 18:00:00+02:00,59.4,14.5,24.2025,24.5475
2022-04-22 19:00:00+02:00,64.6,20.3,32.0005,34.415000000000006
2022-04-22 20:00:00+02:00,70.166,24.3,36.9365,42.221500000000006
2022-04-22 21:00:00+02:00,70.0,24.8,35.974500000000006,42.805
2022-04-22 22:00:00+02:00,68.867,9.8,15.6665,16.3035
2022-04-22 23:00:00+02:00,70.434,5.4,8.123999999999999,8.123999999999999
2022-04-23 00:00:00+02:00,71.066,7.9,12.477,12.486
2022-04-23 01:00:00+02:00,72.967,16.4,26.5775,27.971
2022-04-23 02:00:00+02:00,72.067,10.9,17.1735,17.988500000000002
2022-04-23 03:00:00+02:00,71.067,5.4,8.0015,8.0015
2022-04-23 04:00:00+02:00,71.0,4.3,6.1895,6.1895
2022-04-23 05:00:00+02:00,71.0,8.4,13.3855,13.3855
2022-04-23 06:00:00+02:00,71.0,9.4,15.3085,15.3085
2022-04-23 07:00:00+02:00,70.633,16.1,26.005,27.4805
2022-04-23 08:00:00+02:00,61.633,17.4,28.473,29.8065
2022-04-23 09:00:00+02:00,57.067,10.6,17.2515,17.265
2022-04-23 10:00:00+02:00,51.3,8.4,13.477,13.477
2022-04-23 11:00:00+02:00,49.667,9.8,16.0255,16.0255
2022-04-23 12:00:00+02:00,47.9,6.9,10.9415,10.9415
2022-04-23 13:00:00+02:00,46.333,6.9,10.991,11.0005
2022-04-23 14:00:00+02:00,44.8,7.3,11.9635,11.9915
2022-04-23 15:00:00+02:00,42.6,4.0,5.7505,5.7505
2022-04-23 16:00:00+02:00,42.433,5.0,7.49,7.49
2022-04-23 17:00:00+02:00,38.7,4.7,6.888,6.888
2022-04-23 18:00:00+02:00,35.4,2.7,3.374,3.374
2022-04-23 19:00:00+02:00,38.5,8.6,13.942,14.1375
2022-04-23 20:00:00+02:00,45.9,25.8,38.093500000000006,44.8245
2022-04-23 21:00:00+02:00,50.433,25.6,38.517,45.007000000000005
2022-04-23 22:00:00+02:00,52.4,38.7,48.794,67.3255
2022-04-23 23:00:00+02:00,54.434,33.8,45.042,59.1875
2022-04-24 00:00:00+02:00,56.733,32.6,44.2205,57.0055
2022-04-24 01:00:00+02:00,58.833,42.5,51.823,75.094
2022-04-24 02:00:00+02:00,59.4,36.8,47.1945,64.5895
2022-04-24 03:00:00+02:00,57.733,12.4,20.827,21.1395
2022-04-24 04:00:00+02:00,57.166,8.9,14.5295,14.5295
2022-04-24 05:00:00+02:00,56.333,7.8,12.603000000000002,12.604
2022-04-24 06:00:00+02:00,56.166,8.6,14.246,14.246
2022-04-24 07:00:00+02:00,53.333,11.2,18.575,18.707
2022-04-24 08:00:00+02:00,44.633,17.8,29.2305,30.8645
2022-04-24 09:00:00+02:00,41.466,15.0,25.026,25.8125
2022-04-24 10:00:00+02:00,44.7,2.3,2.6125,2.6125
2022-04-24 11:00:00+02:00,38.067,1.4,1.148,1.148
2022-04-24 12:00:00+02:00,36.4,1.9,2.0145,2.0145
2022-04-24 13:00:00+02:00,55.5,2.3,2.7515,2.7515
2022-04-24 14:00:00+02:00,41.6,2.4,2.9365,2.9365
2022-04-24 15:00:00+02:00,33.9,1.8,1.886,1.8865
2022-04-24 16:00:00+02:00,41.434,2.4,2.9425,2.9425
2022-04-24 17:00:00+02:00,36.8,2.8,3.6565,3.6565
2022-04-24 18:00:00+02:00,34.5,3.0,3.994,3.994
2022-04-24 19:00:00+02:00,33.433,2.5,2.9835000000000003,2.9835000000000003
2022-04-24 20:00:00+02:00,35.067,3.2,4.263,4.263
2022-04-24 21:00:00+02:00,41.133,2.6,3.035,3.035
2022-04-24 22:00:00+02:00,48.534,5.4,8.178,8.224499999999999
2022-04-24 23:00:00+02:00,52.667,4.1,5.8625,5.8625
2022-04-25 00:00:00+02:00,53.267,3.4,4.772,4.772
2022-04-25 01:00:00+02:00,54.1,2.1,2.214,2.214
2022-04-25 02:00:00+02:00,66.067,2.1,2.2545,2.2545
2022-04-25 03:00:00+02:00,70.267,2.6,3.2115,3.2115
2022-04-25 04:00:00+02:00,69.033,1.3,1.08,1.08
2022-04-25 05:00:00+02:00,68.567,1.4,1.379,1.379
2022-04-25 06:00:00+02:00,68.233,2.8,3.4925,3.4925
2022-04-25 07:00:00+02:00,61.433,3.8,5.297000000000001,5.297000000000001
2022-04-25 08:00:00+02:00,46.233,2.6,3.3495,3.3495
2022-04-25 09:00:00+02:00,35.433,1.3,1.1,1.1
2022-04-25 10:00:00+02:00,34.2,0.9,0.4875,0.4875
2022-04-25 11:00:00+02:00,32.667,1.4,1.1825,1.1825
2022-04-25 12:00:00+02:00,29.733,1.2,0.885,0.885
2022-04-25 13:00:00+02:00,28.933,1.2,0.95,0.95
2022-04-25 14:00:00+02:00,27.834,1.2,0.971,0.971
2022-04-25 15:00:00+02:00,27.067,1.5,1.2345,1.2345
2022-04-25 16:00:00+02:00,26.3,1.6,1.5795,1.5795
2022-04-25 17:00:00+02:00,26.534,1.5,1.367,1.367
2022-04-25 18:00:00+02:00,27.3,1.9,2.0825,2.0825
2022-04-25 19:00:00+02:00,29.934,4.9,7.542499999999999,7.542499999999999
2022-04-25 20:00:00+02:00,33.367,7.5,12.0245,12.0245
2022-04-25 21:00:00+02:00,35.834,5.2,7.8375,7.8375
2022-04-25 22:00:00+02:00,42.0,7.5,12.1325,12.1325
2022-04-25 23:00:00+02:00,50.433,12.3,20.6835,20.762
2022-04-26 00:00:00+02:00,53.183,6.5,10.2435,10.2435
2022-04-26 01:00:00+02:00,54.767,5.6,8.66,8.66
2022-04-26 02:00:00+02:00,56.166,4.3,6.382,6.382
2022-04-26 03:00:00+02:00,56.9,2.6,3.143,3.143
2022-04-26 04:00:00+02:00,57.466,2.5,3.0355,3.0355
2022-04-26 05:00:00+02:00,58.3,4.0,5.631,5.631
2022-04-26 06:00:00+02:00,58.8,5.9,9.4085,9.4085
2022-04-26 07:00:00+02:00,56.4,6.4,10.043,10.043
2022-04-26 08:00:00+02:00,51.367,7.1,11.4665,11.4945
2022-04-26 09:00:00+02:00,48.225,14.3,24.3795,24.656
2022-04-26 10:00:00+02:00,42.534,10.0,16.5355,16.835
2022-04-26 11:00:00+02:00,38.775,7.4,12.038,12.0395
2022-04-26 12:00:00+02:00,34.55,4.6,6.873,6.884
2022-04-26 13:00:00+02:00,35.15,4.2,6.0135000000000005,6.0135000000000005
2022-04-26 14:00:00+02:00,32.0,3.0,3.9205,3.9205
2022-04-26 15:00:00+02:00,30.366,3.6,4.9315,4.941
2022-04-26 16:00:00+02:00,35.066,3.3,4.3465,4.3545
2022-04-26 17:00:00+02:00,35.733,3.0,3.9185,3.9185
2022-04-26 18:00:00+02:00,35.633,4.0,5.631,5.631
2022-04-26 19:00:00+02:00,37.0,8.3,13.086,13.4085
2022-04-26 20:00:00+02:00,44.066,25.0,36.926,43.604
2022-04-26 21:00:00+02:00,48.9,30.0,42.036,52.258
2022-04-26 22:00:00+02:00,52.2,29.6,40.7285,51.672
2022-04-26 23:00:00+02:00,54.2,22.1,33.557,38.559
2022-04-27 00:00:00+02:00,55.633,10.6,17.5955,17.618499999999997
2022-04-27 01:00:00+02:00,56.8,9.1,14.912,14.924
2022-04-27 02:00:00+02:00,59.667,13.2,21.9515,22.5045
2022-04-27 03:00:00+02:00,59.034,5.7,8.5445,8.5445
2022-04-27 04:00:00+02:00,60.0,5.5,8.2665,8.2665
2022-04-27 05:00:00+02:00,60.433,8.3,13.403,13.403
2022-04-27 06:00:00+02:00,59.167,9.2,14.9565,14.958
2022-04-27 07:00:00+02:00,56.834,13.0,20.91,22.055
2022-04-27 08:00:00+02:00,59.567,33.7,45.34,58.9165
2022-04-27 09:00:00+02:00,58.1,17.4,27.87,29.926
2022-04-27 10:00:00+02:00,59.575,12.1,20.017,20.039
2022-04-27 11:00:00+02:00,57.9,11.2,18.3705,18.3905
2022-04-27 12:00:00+02:00,57.167,8.8,14.1235,14.125
2022-04-27 13:00:00+02:00,57.3,5.4,8.2725,8.2725
2022-04-27 14:00:00+02:00,61.6,8.1,13.281,13.281
2022-04-27 15:00:00+02:00,61.334,9.5,15.669,15.779
2022-04-27 16:00:00+02:00,60.467,10.0,16.554,16.601
2022-04-27 17:00:00+02:00,61.067,13.5,22.3065,22.6295
2022-04-27 18:00:00+02:00,68.067,20.1,32.26,34.379000000000005
2022-04-27 19:00:00+02:00,68.434,18.5,30.253,31.5595
2022-04-27 20:00:00+02:00,66.967,16.9,27.8585,28.3935
2022-04-27 21:00:00+02:00,65.7,15.9,26.457,26.72
2022-04-27 22:00:00+02:00,64.633,14.6,24.5,24.697
2022-04-27 23:00:00+02:00,63.8,14.5,24.5455,24.5895
2022-04-28 00:00:00+02:00,62.367,12.3,20.2795,20.365
2022-04-28 01:00:00+02:00,61.4,9.7,15.645499999999998,15.645499999999998
2022-04-28 02:00:00+02:00,61.034,10.4,16.8325,16.8325
2022-04-28 03:00:00+02:00,61.1,10.0,16.0245,16.0245
2022-04-28 04:00:00+02:00,60.5,10.7,17.114,17.114
2022-04-28 05:00:00+02:00,60.1,12.9,21.198,21.212
2022-04-28 06:00:00+02:00,61.133,17.9,29.1095,30.4175
2022-04-28 07:00:00+02:00,58.3,17.6,28.9475,30.054
2022-04-28 08:00:00+02:00,54.733,17.0,27.188,28.825
2022-04-28 09:00:00+02:00,52.45,15.0,24.972,25.111
2022-04-28 10:00:00+02:00,48.3,15.1,25.122,25.315
2022-04-28 11:00:00+02:00,46.102,15.1,25.207,25.4995
2022-04-28 12:00:00+02:00,44.3,14.3,23.8165,23.868
2022-04-28 13:00:00+02:00,43.867,14.4,24.1535,24.1895
2022-04-28 14:00:00+02:00,42.367,12.0,19.875,19.8775
2022-04-28 15:00:00+02:00,42.133,11.4,18.553,18.651
2022-04-28 16:00:00+02:00,41.7,10.9,17.935000000000002,17.953
2022-04-28 17:00:00+02:00,41.767,11.5,18.8085,18.8085
2022-04-28 18:00:00+02:00,42.3,17.4,28.6365,29.599
2022-04-28 19:00:00+02:00,44.1,22.4,34.8235,38.6415
2022-04-28 20:00:00+02:00,49.1,30.2,42.081,52.1965
2022-04-28 21:00:00+02:00,51.033,28.1,40.379000000000005,48.6215
2022-04-28 22:00:00+02:00,52.834,27.4,39.655,47.235
2022-04-28 23:00:00+02:00,54.5,25.3,37.827,43.6905
2022-04-29 00:00:00+02:00,55.1,19.1,31.052,32.57
2022-04-29 01:00:00+02:00,56.1,18.4,29.989,31.28
2022-04-29 02:00:00+02:00,57.433,17.0,28.2885,28.8675
2022-04-29 03:00:00+02:00,59.3,16.4,27.3695,27.619
2022-04-29 04:00:00+02:00,59.633,15.8,26.5515,26.671
2022-04-29 05:00:00+02:00,59.966,16.0,27.034,27.228
2022-04-29 06:00:00+02:00,61.067,17.8,29.523,30.3015
2022-04-29 07:00:00+02:00,58.567,23.9,36.614,41.7065
2022-04-29 08:00:00+02:00,53.4,26.2,38.7485,45.5335
2022-04-29 09:00:00+02:00,42.433,19.4,31.5515,33.637
2022-04-29 10:00:00+02:00,38.267,16.5,27.8625,28.4675
2022-04-29 11:00:00+02:00,37.834,11.8,19.604,19.6825
2022-04-29 12:00:00+02:00,35.4,9.6,15.675999999999998,15.681
2022-04-29 13:00:00+02:00,33.267,9.4,15.285,15.285
2022-04-29 14:00:00+02:00,30.334,7.5,11.96,11.96
2022-04-29 15:00:00+02:00,29.1,7.6,12.079,12.079
2022-04-29 16:00:00+02:00,27.7,7.8,12.6585,12.6585
2022-04-29 17:00:00+02:00,28.934,8.8,14.3215,14.3215
2022-04-29 18:00:00+02:00,30.7,8.0,12.957999999999998,12.957999999999998
2022-04-29 19:00:00+02:00,32.5,12.1,20.0655,20.2195
2022-04-29 20:00:00+02:00,37.466,27.7,38.8505,48.723
2022-04-29 21:00:00+02:00,41.867,48.1,56.218,84.842
2022-04-29 22:00:00+02:00,45.267,37.6,47.899,66.334
2022-04-29 23:00:00+02:00,48.166,31.4,42.504000000000005,55.3835
2022-04-30 00:00:00+02:00,50.5,18.8,31.149,32.6185
2022-04-30 01:00:00+02:00,51.834,17.6,29.679,30.654000000000003
2022-04-30 02:00:00+02:00,53.233,14.7,24.64,25.1235
2022-04-30 03:00:00+02:00,54.0,12.1,20.3825,20.3825
2022-04-30 04:00:00+02:00,54.633,11.0,18.3,18.3
2022-04-30 05:00:00+02:00,54.233,12.9,21.9485,21.954
2022-04-30 06:00:00+02:00,55.234,13.6,23.18,23.1935
2022-04-30 07:00:00+02:00,49.733,13.6,23.066,23.088
2022-04-30 08:00:00+02:00,44.767,14.1,23.9225,23.968
2022-04-30 09:00:00+02:00,38.3,15.7,26.579,27.139000000000003
2022-04-30 10:00:00+02:00,35.867,15.3,26.0715,26.212
2022-04-30 11:00:00+02:00,35.633,10.4,17.2245,17.226
2022-04-30 12:00:00+02:00,35.333,8.3,13.2315,13.2315
2022-04-30 13:00:00+02:00,34.4,7.4,11.802,11.802
2022-04-30 14:00:00+02:00,32.966,9.9,16.143,16.143
2022-04-30 15:00:00+02:00,32.933,11.6,19.4495,19.458
2022-04-30 16:00:00+02:00,32.0,13.3,21.207,22.195500000000003
2022-04-30 17:00:00+02:00,31.934,14.1,23.387,23.9025
2022-04-30 18:00:00+02:00,31.467,16.9,25.7885,28.733
2022-04-30 19:00:00+02:00,32.966,18.6,30.3805,32.199
2022-04-30 20:00:00+02:00,37.934,20.6,32.757000000000005,35.8355
2022-04-30 21:00:00+02:00,43.367,37.4,47.6345,65.642
2022-04-30 22:00:00+02:00,46.7,43.5,51.779,76.16
2022-04-30 23:00:00+02:00,50.133,39.0,48.5375,67.876
2022-05-01 00:00:00+02:00,53.133,34.8,45.61,60.484
2022-05-01 01:00:00+02:00,55.033,30.8,42.709,53.4505
2022-05-01 02:00:00+02:00,56.633,26.4,38.977,45.8155
2022-05-01 03:00:00+02:00,57.0,24.0,36.53,41.395
2022-05-01 04:00:00+02:00,57.767,23.1,35.5825,39.761
2022-05-01 05:00:00+02:00,58.9,23.7,36.183,40.8795
2022-05-01 06:00:00+02:00,58.534,26.2,38.488,45.0695
2022-05-01 07:00:00+02:00,52.433,29.4,41.4235,51.0985
2022-05-01 08:00:00+02:00,50.3,33.7,44.6335,58.038
2022-05-01 09:00:00+02:00,49.666,40.0,49.2565,68.45750000000001
2022-05-01 10:00:00+02:00,45.466,25.3,37.54,43.221
2022-05-01 11:00:00+02:00,45.967,22.5,34.6375,38.30200000000001
2022-05-01 12:00:00+02:00,43.3,17.3,28.334,29.0495
2022-05-01 13:00:00+02:00,39.1,12.6,20.867,20.8705
2022-05-01 14:00:00+02:00,38.167,10.6,17.271,17.271
2022-05-01 15:00:00+02:00,52.0,12.6,21.035,21.0445
2022-05-01 16:00:00+02:00,45.733,8.2,13.0125,13.0125
2022-05-01 17:00:00+02:00,41.966,8.7,13.8115,13.8115
2022-05-01 18:00:00+02:00,41.767,9.8,15.9875,15.9875
2022-05-01 19:00:00+02:00,47.867,11.8,19.666,19.672
2022-05-01 20:00:00+02:00,51.4,21.6,32.8075,37.4115
2022-05-01 21:00:00+02:00,52.4,27.6,38.8765,47.9335
2022-05-01 22:00:00+02:00,57.966,12.1,19.772,19.772
2022-05-01 23:00:00+02:00,61.1,11.7,18.9155,18.9155
2022-05-02 00:00:00+02:00,61.567,11.0,17.7295,17.7295
2022-05-02 01:00:00+02:00,59.733,9.5,15.067,15.071
2022-05-02 02:00:00+02:00,60.0,8.3,13.0,13.0
2022-05-02 03:00:00+02:00,59.166,9.1,14.3015,14.3015
2022-05-02 04:00:00+02:00,59.1,9.5,15.038,15.038
2022-05-02 05:00:00+02:00,59.534,10.2,16.2815,16.2815
2022-05-02 06:00:00+02:00,59.966,11.3,18.258000000000003,18.258000000000003
2022-05-02 07:00:00+02:00,59.334,12.8,20.72,20.7295
2022-05-02 08:00:00+02:00,59.067,14.4,23.5,23.559
2022-05-02 09:00:00+02:00,58.7,15.9,26.0395,26.1555
2022-05-02 10:00:00+02:00,55.367,17.1,27.883,28.308
2022-05-02 11:00:00+02:00,53.166,19.1,30.439,31.553
2022-05-02 12:00:00+02:00,52.233,21.6,33.0715,35.7405
2022-05-02 13:00:00+02:00,50.9,23.6,35.0245,38.91
2022-05-02 14:00:00+02:00,47.5,21.0,32.38,34.5305
2022-05-02 15:00:00+02:00,44.2,22.8,34.564499999999995,38.13849999999999
2022-05-02 16:00:00+02:00,42.867,22.9,34.7,38.347
2022-05-02 17:00:00+02:00,45.342,26.2,37.8775,43.8455
2022-05-02 18:00:00+02:00,47.133,23.0,34.6055,38.689
2022-05-02 19:00:00+02:00,46.433,18.2,29.5555,30.3515
2022-05-02 20:00:00+02:00,47.7,17.6,28.9045,29.5
2022-05-02 21:00:00+02:00,50.566,23.0,35.0935,39.205
2022-05-02 22:00:00+02:00,55.034,32.3,43.0495,55.019000000000005
2022-05-02 23:00:00+02:00,57.4,25.0,36.956500000000005,42.236
2022-05-03 00:00:00+02:00,59.1,22.8,34.9285,38.682500000000005
2022-05-03 01:00:00+02:00,60.466,19.9,31.607,33.303
2022-05-03 02:00:00+02:00,61.334,18.1,29.296,29.862
2022-05-03 03:00:00+02:00,62.7,15.9,26.0635,26.1545
2022-05-03 04:00:00+02:00,62.6,16.4,27.101,27.2515
2022-05-03 05:00:00+02:00,63.0,19.2,30.8595,32.1785
2022-05-03 06:00:00+02:00,63.0,22.1,34.442499999999995,37.891000000000005
2022-05-03 07:00:00+02:00,61.966,28.4,40.3795,48.8445
2022-05-03 08:00:00+02:00,56.7,22.6,34.927499999999995,38.7115
2022-05-03 09:00:00+02:00,51.7,21.3,33.272000000000006,36.1075
2022-05-03 10:00:00+02:00,46.175,16.9,28.0265,28.622
2022-05-03 11:00:00+02:00,37.659,12.6,21.0825,21.386
2022-05-03 12:00:00+02:00,32.133,7.8,12.5935,12.627
2022-05-03 13:00:00+02:00,31.0,7.4,11.983,11.983
2022-05-03 14:00:00+02:00,32.7,8.5,13.739,13.739
2022-05-03 15:00:00+02:00,29.366,7.5,11.972,11.972
2022-05-03 16:00:00+02:00,27.534,7.7,12.449,12.449
2022-05-03 17:00:00+02:00,28.034,8.5,13.963,13.9665
2022-05-03 18:00:00+02:00,28.867,9.1,14.9495,14.976
2022-05-03 19:00:00+02:00,29.566,9.5,16.0625,16.0625
2022-05-03 20:00:00+02:00,35.067,19.2,31.2065,33.6545
2022-05-03 21:00:00+02:00,41.3,27.2,40.005,48.051
2022-05-03 22:00:00+02:00,44.934,30.1,42.259,52.7735
2022-05-03 23:00:00+02:00,47.433,18.2,29.768500000000003,31.701
2022-05-04 00:00:00+02:00,48.9,14.1,23.8835,23.8955
2022-05-04 01:00:00+02:00,50.8,13.1,22.2735,22.2735
2022-05-04 02:00:00+02:00,53.1,18.2,29.4115,31.2915
2022-05-04 03:00:00+02:00,55.133,15.2,25.4715,26.096
2022-05-04 04:00:00+02:00,55.434,13.5,22.7185,22.72
2022-05-04 05:00:00+02:00,56.334,16.3,27.197,27.9155
2022-05-04 06:00:00+02:00,55.3,15.8,26.8005,26.952
2022-05-04 07:00:00+02:00,48.267,16.4,27.7225,28.1545
2022-05-04 08:00:00+02:00,41.566,15.3,26.0565,26.172
2022-05-04 09:00:00+02:00,37.466,15.5,26.081,26.587
2022-05-04 10:00:00+02:00,31.259,11.9,20.002,20.0035
2022-05-04 11:00:00+02:00,27.066,9.0,14.849,14.849
2022-05-04 12:00:00+02:00,26.0,8.2,13.4185,13.4185
2022-05-04 13:00:00+02:00,22.733,7.2,11.419,11.4195
2022-05-04 14:00:00+02:00,20.534,6.2,9.652,9.652
2022-05-04 15:00:00+02:00,19.267,6.1,9.5065,9.5065
2022-05-04 16:00:00+02:00,19.0,6.4,10.155,10.1565
2022-05-04 17:00:00+02:00,18.9,6.1,9.629,9.629
2022-05-04 18:00:00+02:00,18.533,6.4,9.977,9.977
2022-05-04 19:00:00+02:00,19.833,8.2,13.3465,13.3485
2022-05-04 20:00:00+02:00,26.966,16.4,27.391,28.2475
2022-05-04 21:00:00+02:00,32.433,19.3,31.9145,33.816
2022-05-04 22:00:00+02:00,34.733,15.2,26.243,26.576
2022-05-04 23:00:00+02:00,38.466,18.0,29.768,31.422
2022-05-05 00:00:00+02:00,41.334,11.9,20.021,20.021500000000003
2022-05-05 01:00:00+02:00,44.166,11.2,18.6945,18.6945
2022-05-05 02:00:00+02:00,45.9,10.7,17.634,17.634
2022-05-05 03:00:00+02:00,48.167,11.1,18.368,18.368
2022-05-05 04:00:00+02:00,50.5,11.5,19.123,19.123
2022-05-05 05:00:00+02:00,53.467,14.8,25.0165,25.105
2022-05-05 06:00:00+02:00,53.9,14.8,24.8265,25.0395
2022-05-05 07:00:00+02:00,49.133,17.2,28.29,29.6165
2022-05-05 08:00:00+02:00,41.967,14.9,25.3005,25.4065
2022-05-05 09:00:00+02:00,36.666,13.9,23.5775,23.626
2022-05-05 10:00:00+02:00,30.267,10.2,16.916999999999998,16.916999999999998
2022-05-05 11:00:00+02:00,28.4,10.8,17.9325,17.9345
2022-05-05 12:00:00+02:00,27.466,10.3,17.142500000000002,17.1435
2022-05-05 13:00:00+02:00,28.034,10.5,17.4835,17.546
2022-05-05 14:00:00+02:00,28.934,10.7,17.7405,17.7405
2022-05-05 15:00:00+02:00,29.6,12.8,21.52,21.5965
2022-05-05 16:00:00+02:00,30.466,13.9,23.179,23.4625
2022-05-05 17:00:00+02:00,30.3,15.1,25.6515,25.8145
2022-05-05 18:00:00+02:00,29.733,15.3,25.865,26.1535
2022-05-05 19:00:00+02:00,32.133,18.8,30.826,32.5325
2022-05-05 20:00:00+02:00,39.633,23.8,36.462500000000006,41.367
2022-05-05 21:00:00+02:00,43.534,29.4,41.7155,51.331
2022-05-05 22:00:00+02:00,46.633,27.1,39.564,47.004000000000005
2022-05-05 23:00:00+02:00,48.534,23.0,35.492,39.671
2022-05-06 00:00:00+02:00,50.133,24.2,36.563500000000005,41.579
2022-05-06 01:00:00+02:00,51.933,22.4,34.801500000000004,38.548
2022-05-06 02:00:00+02:00,52.4,19.6,31.6565,33.2955
2022-05-06 03:00:00+02:00,53.667,21.2,33.266000000000005,35.9895
2022-05-06 04:00:00+02:00,54.1,18.7,30.3875,31.478
2022-05-06 05:00:00+02:00,54.633,20.1,31.8165,33.968
2022-05-06 06:00:00+02:00,56.966,24.0,36.260000000000005,41.0
2022-05-06 07:00:00+02:00,55.933,25.0,37.3055,42.9045
2022-05-06 08:00:00+02:00,52.467,28.2,40.298,48.7085
2022-05-06 09:00:00+02:00,51.133,27.3,39.5855,47.117
2022-05-06 10:00:00+02:00,46.575,16.3,26.5685,27.666
2022-05-06 11:00:00+02:00,45.933,15.1,25.477,25.6595
2022-05-06 12:00:00+02:00,50.058,15.3,25.381,25.592
2022-05-06 13:00:00+02:00,49.567,14.0,23.3565,23.482
2022-05-06 14:00:00+02:00,46.633,11.3,18.2365,18.2615
2022-05-06 15:00:00+02:00,44.3,10.2,16.516,16.516
2022-05-06 16:00:00+02:00,48.834,11.3,18.481,18.481
2022-05-06 17:00:00+02:00,59.334,12.1,19.621,19.684
2022-05-06 18:00:00+02:00,64.8,11.7,19.118,19.118
2022-05-06 19:00:00+02:00,64.5,15.7,26.032,26.3325
2022-05-06 20:00:00+02:00,63.233,12.0,19.9005,19.9045
2022-05-06 21:00:00+02:00,62.034,14.0,23.2835,23.3525
2022-05-06 22:00:00+02:00,63.633,13.8,22.8505,22.8945
2022-05-06 23:00:00+02:00,64.6,14.2,23.3595,23.391
2022-05-07 00:00:00+02:00,65.334,13.3,21.6365,21.652
2022-05-07 01:00:00+02:00,66.3,11.9,19.49,19.49
2022-05-07 02:00:00+02:00,66.966,15.4,25.1775,25.307
2022-05-07 03:00:00+02:00,66.2,10.1,15.9215,15.9215
2022-05-07 04:00:00+02:00,66.534,10.9,17.5385,17.5385
2022-05-07 05:00:00+02:00,67.0,11.2,18.0395,18.041
2022-05-07 06:00:00+02:00,67.0,10.0,15.962,15.962
2022-05-07 07:00:00+02:00,66.566,12.1,19.908,19.9105
2022-05-07 08:00:00+02:00,66.1,18.9,29.8685,31.829
2022-05-07 09:00:00+02:00,64.033,19.9,31.724,33.54
2022-05-07 10:00:00+02:00,60.7,20.4,32.358,34.604
2022-05-07 11:00:00+02:00,58.533,20.6,32.0835,34.1445
2022-05-07 12:00:00+02:00,58.267,25.8,37.1105,42.819500000000005
2022-05-07 13:00:00+02:00,57.067,29.0,40.0115,47.9305
2022-05-07 14:00:00+02:00,56.2,28.3,39.3905,46.834
2022-05-07 15:00:00+02:00,56.933,21.1,32.511,34.968
2022-05-07 16:00:00+02:00,56.3,18.1,29.2065,30.0945
2022-05-07 17:00:00+02:00,56.233,20.3,31.931,34.061
2022-05-07 18:00:00+02:00,55.0,26.7,38.198,44.5345
2022-05-07 19:00:00+02:00,56.0,31.9,42.4925,53.2155
2022-05-07 20:00:00+02:00,70.258,22.7,33.914,37.1275
2022-05-07 21:00:00+02:00,72.742,20.9,32.403000000000006,34.723
2022-05-07 22:00:00+02:00,72.0,21.1,32.337,34.647
2022-05-07 23:00:00+02:00,72.0,22.4,33.7385,37.0615
2022-05-08 00:00:00+02:00,70.7,28.7,39.7265,47.6285
2022-05-08 01:00:00+02:00,70.633,24.7,35.9305,40.5315
2022-05-08 02:00:00+02:00,70.6,15.9,25.3875,25.603
2022-05-08 03:00:00+02:00,70.1,12.7,20.1025,20.105
2022-05-08 04:00:00+02:00,70.0,13.2,20.9305,20.931
2022-05-08 05:00:00+02:00,70.0,10.5,16.2015,16.2015
2022-05-08 06:00:00+02:00,69.133,10.8,16.9665,16.9665
2022-05-08 07:00:00+02:00,68.1,11.7,18.6715,18.6715
2022-05-08 08:00:00+02:00,65.8,14.8,23.7395,23.7875
2022-05-08 09:00:00+02:00,60.067,11.6,18.059,18.059
2022-05-08 10:00:00+02:00,56.442,13.0,20.5185,20.5415
2022-05-08 11:00:00+02:00,54.334,20.6,31.7315,33.6435
2022-05-08 12:00:00+02:00,51.067,17.2,28.2225,28.6485
2022-05-08 13:00:00+02:00,48.0,19.9,32.1265,34.2415
2022-05-08 14:00:00+02:00,44.233,19.4,31.264000000000003,32.899
2022-05-08 15:00:00+02:00,41.1,16.5,27.329,27.534
2022-05-08 16:00:00+02:00,40.433,16.2,27.007,27.2675
2022-05-08 17:00:00+02:00,36.767,14.0,23.512,23.5275
2022-05-08 18:00:00+02:00,35.767,13.7,23.263,23.277
2022-05-08 19:00:00+02:00,43.767,16.5,27.631,28.077
2022-05-08 20:00:00+02:00,53.3,8.6,13.5965,13.5965
2022-05-08 21:00:00+02:00,54.7,7.3,11.4915,11.4915
2022-05-08 22:00:00+02:00,54.0,7.2,11.283,11.283
2022-05-08 23:00:00+02:00,54.433,6.7,10.21,10.21
2022-05-09 00:00:00+02:00,54.334,7.6,11.964,11.9735
2022-05-09 01:00:00+02:00,55.166,8.0,12.5275,12.5275
2022-05-09 02:00:00+02:00,56.867,7.5,11.6155,11.6155
2022-05-09 03:00:00+02:00,58.034,7.0,10.633,10.633
2022-05-09 04:00:00+02:00,60.2,8.9,14.344,14.344
2022-05-09 05:00:00+02:00,61.433,8.3,13.0865,13.0865
2022-05-09 06:00:00+02:00,60.267,8.1,12.7595,12.7595
2022-05-09 07:00:00+02:00,56.633,8.1,12.604,12.604
2022-05-09 08:00:00+02:00,51.667,7.9,12.4785,12.4785
2022-05-09 09:00:00+02:00,50.667,8.7,13.57,13.57
2022-05-09 10:00:00+02:00,47.133,10.6,17.079,17.0795
2022-05-09 11:00:00+02:00,46.367,11.6,18.899,18.899
2022-05-09 12:00:00+02:00,42.033,11.0,17.985,17.985
2022-05-09 13:00:00+02:00,37.967,9.5,15.2765,15.278
2022-05-09 14:00:00+02:00,35.567,9.9,15.921,15.921
2022-05-09 15:00:00+02:00,32.733,9.3,14.934,14.934
2022-05-09 16:00:00+02:00,32.233,9.6,15.518,15.518
2022-05-09 17:00:00+02:00,31.934,9.8,15.8,15.8
2022-05-09 18:00:00+02:00,29.334,9.2,14.844,14.844
2022-05-09 19:00:00+02:00,36.5,12.7,21.185,21.186
2022-05-09 20:00:00+02:00,43.0,16.2,27.148,27.5455
2022-05-09 21:00:00+02:00,46.234,20.2,32.503,34.801500000000004
2022-05-09 22:00:00+02:00,50.534,20.3,32.567,34.807500000000005
2022-05-09 23:00:00+02:00,53.266,17.3,28.573,29.2545
2022-05-10 00:00:00+02:00,54.867,16.2,27.077,27.3235
2022-05-10 01:00:00+02:00,56.4,14.9,24.8335,24.9965
2022-05-10 02:00:00+02:00,57.733,13.9,22.8955,22.8995
2022-05-10 03:00:00+02:00,58.867,13.2,21.7345,21.7355
2022-05-10 04:00:00+02:00,59.666,13.1,21.6865,21.6865
2022-05-10 05:00:00+02:00,60.0,13.9,23.077,23.084
2022-05-10 06:00:00+02:00,60.367,14.6,24.485,24.5145
2022-05-10 07:00:00+02:00,59.367,15.9,26.421,26.6855
2022-05-10 08:00:00+02:00,53.809,15.9,26.6595,26.886
2022-05-10 09:00:00+02:00,46.111,13.3,21.869,21.8865
2022-05-10 10:00:00+02:00,39.2,11.3,18.3285,18.3285
2022-05-10 11:00:00+02:00,38.225,11.1,18.245,18.245
2022-05-10 12:00:00+02:00,33.867,8.9,14.236,14.236
2022-05-10 13:00:00+02:00,32.392,9.0,14.3885,14.3885
2022-05-10 14:00:00+02:00,30.367,8.5,13.575,13.575
2022-05-10 15:00:00+02:00,31.1,9.0,14.401,14.404
2022-05-10 16:00:00+02:00,32.133,8.8,14.0875,14.0875
2022-05-10 17:00:00+02:00,33.6,9.4,15.0865,15.0865
2022-05-10 18:00:00+02:00,33.466,9.3,14.968,14.968
2022-05-10 19:00:00+02:00,38.233,11.4,18.75,18.75
2022-05-10 20:00:00+02:00,42.966,12.7,21.195500000000003,21.199
2022-05-10 21:00:00+02:00,47.0,14.3,23.947,23.966
2022-05-10 22:00:00+02:00,51.267,14.1,23.4555,23.4865
2022-05-10 23:00:00+02:00,53.5,13.3,22.147,22.1525
2022-05-11 00:00:00+02:00,55.767,13.6,22.3655,22.389
2022-05-11 01:00:00+02:00,57.8,13.1,21.7555,21.776
2022-05-11 02:00:00+02:00,58.9,12.3,20.2305,20.2305
2022-05-11 03:00:00+02:00,60.0,12.5,20.3645,20.3645
2022-05-11 04:00:00+02:00,60.966,13.2,21.974,21.9755
2022-05-11 05:00:00+02:00,61.0,13.4,22.4185,22.433
2022-05-11 06:00:00+02:00,60.034,13.4,22.2245,22.2305
2022-05-11 07:00:00+02:00,54.433,12.8,21.111,21.1135
2022-05-11 08:00:00+02:00,47.8,12.0,19.793,19.793
2022-05-11 09:00:00+02:00,42.633,11.9,19.5305,19.531
2022-05-11 10:00:00+02:00,37.133,10.5,17.087,17.087
2022-05-11 11:00:00+02:00,32.7,9.2,14.811,14.8325
2022-05-11 12:00:00+02:00,28.383,8.3,13.4365,13.4385
2022-05-11 13:00:00+02:00,25.925,7.6,12.255,12.255
2022-05-11 14:00:00+02:00,24.084,7.6,12.035,12.035
2022-05-11 15:00:00+02:00,21.767,7.0,11.0755,11.0755
2022-05-11 16:00:00+02:00,21.434,7.2,11.256,11.256
2022-05-11 17:00:00+02:00,21.867,7.0,10.8285,10.8285
2022-05-11 18:00:00+02:00,23.334,7.3,11.6135,11.6135
2022-05-11 19:00:00+02:00,26.334,8.3,13.388,13.388
2022-05-11 20:00:00+02:00,33.6,12.7,21.0325,21.119
2022-05-11 21:00:00+02:00,38.0,13.1,21.8755,21.877
2022-05-11 22:00:00+02:00,39.8,11.3,18.576,18.576
2022-05-11 23:00:00+02:00,40.3,9.7,15.8035,15.8035
2022-05-12 00:00:00+02:00,42.333,9.4,15.1335,15.1335
2022-05-12 01:00:00+02:00,44.666,8.9,14.0695,14.0695
2022-05-12 02:00:00+02:00,46.267,9.0,14.474,14.474
2022-05-12 03:00:00+02:00,47.267,9.3,15.0995,15.103
2022-05-12 04:00:00+02:00,49.333,9.1,14.618,14.618
2022-05-12 05:00:00+02:00,50.933,9.7,15.740000000000002,15.740000000000002
2022-05-12 06:00:00+02:00,52.933,12.1,20.1105,20.119
2022-05-12 07:00:00+02:00,47.3,12.6,21.042,21.067500000000003
2022-05-12 08:00:00+02:00,39.1,10.3,16.7545,16.755499999999998
2022-05-12 09:00:00+02:00,32.608,8.7,13.8795,13.8795
2022-05-12 10:00:00+02:00,28.067,7.5,11.738,11.738
2022-05-12 11:00:00+02:00,26.533,8.4,13.52,13.547
2022-05-12 12:00:00+02:00,26.942,9.0,14.4615,14.4615
2022-05-12 13:00:00+02:00,27.533,9.9,16.093,16.110500000000002
2022-05-12 14:00:00+02:00,27.433,10.1,16.572499999999998,16.5785
2022-05-12 15:00:00+02:00,27.567,10.2,16.476,16.476
2022-05-12 16:00:00+02:00,27.034,10.5,17.11,17.184
2022-05-12 17:00:00+02:00,26.656,10.0,16.105,16.105
2022-05-12 18:00:00+02:00,26.191,9.8,15.9025,15.9025
2022-05-12 19:00:00+02:00,29.834,12.4,20.333,20.4565
2022-05-12 20:00:00+02:00,36.966,15.0,24.7135,24.818
2022-05-12 21:00:00+02:00,42.0,19.4,31.1335,32.9215
2022-05-12 22:00:00+02:00,44.7,16.9,28.012500000000003,28.5615
2022-05-12 23:00:00+02:00,46.666,15.6,25.746,25.8355
2022-05-13 00:00:00+02:00,49.633,15.1,24.87,24.9315
2022-05-13 01:00:00+02:00,51.767,13.9,22.818,22.827
2022-05-13 02:00:00+02:00,52.334,13.4,21.8915,21.8915
2022-05-13 03:00:00+02:00,53.767,13.2,21.692,21.692
2022-05-13 04:00:00+02:00,55.933,14.3,23.457,23.47
2022-05-13 05:00:00+02:00,57.2,15.0,24.963,25.006500000000003
2022-05-13 06:00:00+02:00,56.6,15.6,25.7775,26.121
2022-05-13 07:00:00+02:00,52.266,16.3,26.7505,27.106
2022-05-13 08:00:00+02:00,44.733,14.4,23.7905,23.8225
2022-05-13 09:00:00+02:00,39.067,13.0,21.4495,21.4725
2022-05-13 10:00:00+02:00,29.466,9.4,15.299,15.3385
2022-05-13 11:00:00+02:00,29.7,10.2,16.509,16.509
2022-05-13 12:00:00+02:00,27.767,10.0,16.04,16.0425
2022-05-13 13:00:00+02:00,26.8,9.7,15.621,15.621
2022-05-13 14:00:00+02:00,25.2,8.6,13.543,13.5455
2022-05-13 15:00:00+02:00,25.7,8.8,13.946,13.9525
2022-05-13 16:00:00+02:00,26.534,9.1,14.462,14.462
2022-05-13 17:00:00+02:00,31.2,12.0,19.4535,19.4855
2022-05-13 18:00:00+02:00,33.367,12.4,20.0115,20.168
2022-05-13 19:00:00+02:00,34.367,13.9,22.851,22.9445
2022-05-13 20:00:00+02:00,38.4,17.5,28.3725,29.136000000000003
2022-05-13 21:00:00+02:00,43.9,21.8,33.804,36.8575
2022-05-13 22:00:00+02:00,46.867,21.3,33.076,35.670500000000004
2022-05-13 23:00:00+02:00,48.6,20.2,31.887,33.8395
2022-05-14 00:00:00+02:00,50.567,17.5,28.511,29.066000000000003
2022-05-14 01:00:00+02:00,52.3,17.5,28.7205,29.272
2022-05-14 02:00:00+02:00,53.7,17.3,28.23,28.7005
2022-05-14 03:00:00+02:00,56.267,18.9,30.209000000000003,31.2555
2022-05-14 04:00:00+02:00,66.0,20.3,31.704,33.5565
2022-05-14 05:00:00+02:00,65.267,9.5,14.993,15.069
2022-05-14 06:00:00+02:00,66.066,13.7,22.2205,22.251
2022-05-14 07:00:00+02:00,62.3,13.1,21.3005,21.332
2022-05-14 08:00:00+02:00,57.0,12.6,20.5275,20.5275
2022-05-14 09:00:00+02:00,50.0,8.0,12.538,12.538
2022-05-14 10:00:00+02:00,40.1,7.3,11.4915,11.4915
2022-05-14 11:00:00+02:00,36.267,6.8,10.725,10.725
2022-05-14 12:00:00+02:00,33.267,6.6,10.218,10.218
2022-05-14 13:00:00+02:00,28.034,5.7,8.696,8.696
2022-05-14 14:00:00+02:00,27.233,6.0,9.1215,9.1625
2022-05-14 15:00:00+02:00,26.6,5.8,8.92,8.92
2022-05-14 16:00:00+02:00,27.666,6.1,9.484,9.484
2022-05-14 17:00:00+02:00,27.0,6.0,9.461,9.461
2022-05-14 18:00:00+02:00,27.3,6.7,10.6095,10.6095
2022-05-14 19:00:00+02:00,27.6,7.8,12.5165,12.5195
2022-05-14 20:00:00+02:00,34.0,10.3,17.1525,17.1525
2022-05-14 21:00:00+02:00,40.267,13.5,22.9595,22.997
2022-05-14 22:00:00+02:00,44.133,13.7,23.418,23.446
2022-05-14 23:00:00+02:00,47.1,12.2,20.6365,20.802
2022-05-15 00:00:00+02:00,49.166,10.5,17.509,17.519
2022-05-15 01:00:00+02:00,49.9,9.1,14.793500000000002,14.793500000000002
2022-05-15 02:00:00+02:00,51.567,8.8,14.4865,14.4865
2022-05-15 03:00:00+02:00,52.567,8.8,14.5345,14.5345
2022-05-15 04:00:00+02:00,56.0,14.9,25.241,25.328
2022-05-15 05:00:00+02:00,57.933,13.5,22.8285,22.8525
2022-05-15 06:00:00+02:00,55.9,8.8,14.3975,14.3975
2022-05-15 07:00:00+02:00,51.167,9.3,15.2505,15.2505
2022-05-15 08:00:00+02:00,44.8,9.1,14.9695,14.9695
2022-05-15 09:00:00+02:00,38.8,8.4,13.6525,13.6525
2022-05-15 10:00:00+02:00,33.8,7.5,12.0905,12.0905
2022-05-15 11:00:00+02:00,31.025,7.3,11.6235,11.6235
2022-05-15 12:00:00+02:00,28.9,7.5,12.156,12.1605
2022-05-15 13:00:00+02:00,26.666,6.4,10.166,10.166
2022-05-15 14:00:00+02:00,25.334,6.3,9.858,9.858
2022-05-15 15:00:00+02:00,24.7,6.3,9.8705,9.8705
2022-05-15 16:00:00+02:00,25.2,6.8,10.6815,10.6815
2022-05-15 17:00:00+02:00,25.966,7.2,11.247,11.247
2022-05-15 18:00:00+02:00,26.233,6.9,10.8855,10.8855
2022-05-15 19:00:00+02:00,28.767,8.0,12.917,12.917
2022-05-15 20:00:00+02:00,33.166,12.7,21.3105,21.331
2022-05-15 21:00:00+02:00,39.2,15.7,26.811,27.1645
2022-05-15 22:00:00+02:00,42.5,14.5,24.542,24.6295
2022-05-15 23:00:00+02:00,45.367,12.0,20.1565,20.223
2022-05-16 00:00:00+02:00,47.033,10.2,16.8475,16.8475
2022-05-16 01:00:00+02:00,47.867,9.5,15.385000000000002,15.385000000000002
2022-05-16 02:00:00+02:00,49.534,9.2,14.972,14.972
2022-05-16 03:00:00+02:00,50.6,9.0,14.4915,14.4915
2022-05-16 04:00:00+02:00,51.633,9.6,15.606,15.606
2022-05-16 05:00:00+02:00,54.2,11.8,19.618,19.618
2022-05-16 06:00:00+02:00,52.767,11.3,18.719,18.8975
2022-05-16 07:00:00+02:00,46.4,10.0,16.391,16.391
2022-05-16 08:00:00+02:00,40.784,10.6,17.553,17.5965
2022-05-16 09:00:00+02:00,35.333,8.9,14.354,14.354
2022-05-16 10:00:00+02:00,31.3,8.3,13.4685,13.4685
2022-05-16 11:00:00+02:00,31.9,9.2,15.1275,15.1275
2022-05-16 12:00:00+02:00,31.433,9.3,15.16,15.1645
2022-05-16 13:00:00+02:00,29.033,8.5,13.8325,13.837
2022-05-16 14:00:00+02:00,25.867,7.8,12.5485,12.5705
2022-05-16 15:00:00+02:00,26.0,8.3,13.3065,13.3065
2022-05-16 16:00:00+02:00,25.5,7.8,12.4145,12.4145
2022-05-16 17:00:00+02:00,25.533,7.8,12.4185,12.4185
2022-05-16 18:00:00+02:00,26.6,8.2,13.254,13.256
2022-05-16 19:00:00+02:00,31.633,10.7,17.8065,17.808
2022-05-16 20:00:00+02:00,37.4,14.4,24.11,24.414
2022-05-16 21:00:00+02:00,38.2,13.0,21.761,21.7695
2022-05-16 22:00:00+02:00,39.166,10.1,16.584,16.584
2022-05-16 23:00:00+02:00,44.267,9.3,14.892500000000002,14.892500000000002
2022-05-17 00:00:00+02:00,46.633,13.4,22.1465,22.8335
2022-05-17 01:00:00+02:00,49.367,11.0,18.2755,18.2755
2022-05-17 02:00:00+02:00,52.2,10.5,17.2055,17.2055
2022-05-17 03:00:00+02:00,53.9,10.6,17.291999999999998,17.291999999999998
2022-05-17 04:00:00+02:00,56.033,13.8,22.6415,22.743
2022-05-17 05:00:00+02:00,57.0,31.1,41.0305,53.053
2022-05-17 06:00:00+02:00,56.733,18.6,30.2275,31.734
2022-05-17 07:00:00+02:00,53.066,16.9,28.2025,29.144
2022-05-17 08:00:00+02:00,43.445,10.3,16.6525,16.6615
2022-05-17 09:00:00+02:00,37.75,9.4,15.1765,15.1765
2022-05-17 10:00:00+02:00,37.7,8.7,14.3235,14.3235
2022-05-17 11:00:00+02:00,38.7,8.7,13.94,13.944
2022-05-17 12:00:00+02:00,39.7,9.9,15.9015,15.902
2022-05-17 13:00:00+02:00,42.966,9.7,15.6625,15.6625
2022-05-17 14:00:00+02:00,47.8,10.7,17.5,17.5
2022-05-17 15:00:00+02:00,47.167,11.3,18.8775,18.879
2022-05-17 16:00:00+02:00,45.633,11.2,17.9035,18.3725
2022-05-17 17:00:00+02:00,44.4,9.1,14.832,14.832
2022-05-17 18:00:00+02:00,44.733,9.1,14.734,14.734
2022-05-17 19:00:00+02:00,44.933,9.0,14.637,14.637
2022-05-17 20:00:00+02:00,47.3,5.3,7.9035,7.9035
2022-05-17 21:00:00+02:00,65.1,5.7,8.6035,8.6035
2022-05-17 22:00:00+02:00,66.2,5.4,8.1425,8.1425
2022-05-17 23:00:00+02:00,66.433,5.0,7.409499999999999,7.409499999999999
2022-05-18 00:00:00+02:00,65.2,4.3,6.0655,6.0655
2022-05-18 01:00:00+02:00,64.867,4.4,6.109999999999999,6.109999999999999
2022-05-18 02:00:00+02:00,64.0,3.9,5.3255,5.3255
2022-05-18 03:00:00+02:00,64.733,8.0,12.6015,12.6015
2022-05-18 04:00:00+02:00,65.066,9.8,15.7665,15.7665
2022-05-18 05:00:00+02:00,64.367,11.0,18.103,18.103
2022-05-18 06:00:00+02:00,61.966,9.9,16.122,16.122
2022-05-18 07:00:00+02:00,61.767,12.6,20.8215,20.9515
2022-05-18 08:00:00+02:00,58.933,18.2,29.5395,30.812
2022-05-18 09:00:00+02:00,52.466,13.9,23.107,23.26
2022-05-18 10:00:00+02:00,49.233,12.7,21.172,21.1775
2022-05-18 11:00:00+02:00,46.166,10.1,16.804000000000002,16.804499999999997
2022-05-18 12:00:00+02:00,40.267,7.4,11.8805,11.8805
2022-05-18 13:00:00+02:00,37.966,7.5,12.054,12.054
2022-05-18 14:00:00+02:00,35.933,6.5,10.491,10.491
2022-05-18 15:00:00+02:00,32.334,5.4,8.3215,8.3215
2022-05-18 16:00:00+02:00,30.867,5.0,7.515499999999999,7.515499999999999
2022-05-18 17:00:00+02:00,30.733,4.5,6.6755,6.6755
2022-05-18 18:00:00+02:00,30.933,4.5,6.6705000000000005,6.6705000000000005
2022-05-18 19:00:00+02:00,31.034,4.7,6.922499999999999,6.922499999999999
2022-05-18 20:00:00+02:00,31.934,5.7,8.7015,8.7015
2022-05-18 21:00:00+02:00,34.166,13.0,21.141,21.7245
2022-05-18 22:00:00+02:00,39.767,14.4,24.229,24.698
2022-05-18 23:00:00+02:00,44.367,9.2,15.1595,15.174
2022-05-19 00:00:00+02:00,47.233,7.1,11.5,11.5
2022-05-19 01:00:00+02:00,49.567,6.0,9.153,9.153
2022-05-19 02:00:00+02:00,50.633,5.5,8.525,8.525
2022-05-19 03:00:00+02:00,52.0,5.4,8.1385,8.1385
2022-05-19 04:00:00+02:00,52.0,4.9,7.3255,7.3255
2022-05-19 05:00:00+02:00,52.0,5.5,8.326,8.326
2022-05-19 06:00:00+02:00,51.7,4.7,6.856999999999999,6.856999999999999
2022-05-19 07:00:00+02:00,46.3,5.7,8.5735,8.5735
2022-05-19 08:00:00+02:00,38.367,5.6,8.6055,8.626
2022-05-19 09:00:00+02:00,31.733,4.1,5.8175,5.8175
2022-05-19 10:00:00+02:00,25.534,3.7,5.009,5.009
2022-05-19 11:00:00+02:00,23.3,3.4,4.4575,4.4575
2022-05-19 12:00:00+02:00,22.133,3.0,3.9955,3.9985
2022-05-19 13:00:00+02:00,22.2,2.7,3.221,3.221
2022-05-19 14:00:00+02:00,21.8,2.5,2.996,2.996
2022-05-19 15:00:00+02:00,20.9,3.0,3.9135,3.9135
2022-05-19 16:00:00+02:00,20.1,3.4,4.5925,4.5925
2022-05-19 17:00:00+02:00,20.7,4.1,5.8185,5.8185
2022-05-19 18:00:00+02:00,21.166,4.8,6.958,6.96
2022-05-19 19:00:00+02:00,22.533,8.7,13.7825,14.145
2022-05-19 20:00:00+02:00,26.116,8.5,13.919,13.919
2022-05-19 21:00:00+02:00,33.139,13.0,22.137,22.202
2022-05-19 22:00:00+02:00,37.425,14.3,24.9465,24.9895
2022-05-19 23:00:00+02:00,41.1,11.1,18.766,18.808
2022-05-20 00:00:00+02:00,43.4,6.0,9.421,9.421
2022-05-20 01:00:00+02:00,45.966,6.0,9.003,9.003
2022-05-20 02:00:00+02:00,49.0,7.8,12.581499999999998,12.581499999999998
2022-05-20 03:00:00+02:00,51.0,7.3,11.6805,11.6805
2022-05-20 04:00:00+02:00,52.7,8.3,13.4375,13.4375
2022-05-20 05:00:00+02:00,53.433,9.2,15.078,15.0805
2022-05-20 06:00:00+02:00,53.367,13.8,23.1795,23.4855
2022-05-20 07:00:00+02:00,48.133,10.1,16.8525,16.854
2022-05-20 08:00:00+02:00,39.933,8.7,14.268,14.268
2022-05-20 09:00:00+02:00,32.467,6.4,9.9825,9.9825
2022-05-20 10:00:00+02:00,26.466,6.0,9.091,9.091
2022-05-20 11:00:00+02:00,21.433,4.8,7.1015,7.1015
2022-05-20 12:00:00+02:00,14.934,4.3,6.052,6.052
2022-05-20 13:00:00+02:00,16.8,4.6,6.6775,6.6775
2022-05-20 14:00:00+02:00,18.2,5.5,8.39,8.39
2022-05-20 15:00:00+02:00,20.067,5.7,8.592,8.592
2022-05-20 16:00:00+02:00,21.534,5.7,8.663,8.663499999999999
2022-05-20 17:00:00+02:00,23.6,6.6,10.369,10.3835
2022-05-20 18:00:00+02:00,25.2,7.1,11.247,11.247
2022-05-20 19:00:00+02:00,28.233,9.2,14.9425,14.9425
2022-05-20 20:00:00+02:00,34.334,15.5,26.2895,26.522
2022-05-20 21:00:00+02:00,38.9,15.9,26.976,27.252
2022-05-20 22:00:00+02:00,40.767,11.7,19.6715,19.674
2022-05-20 23:00:00+02:00,42.1,12.1,20.4445,20.451
2022-05-21 00:00:00+02:00,44.633,11.5,19.115,19.324
2022-05-21 01:00:00+02:00,47.767,12.1,20.253,20.28
2022-05-21 02:00:00+02:00,48.7,11.1,18.424,18.515500000000003
2022-05-21 03:00:00+02:00,49.234,8.4,13.423,13.423
2022-05-21 04:00:00+02:00,50.7,11.3,18.754,18.754
2022-05-21 05:00:00+02:00,50.466,8.5,13.742,13.742
2022-05-21 06:00:00+02:00,47.767,8.6,14.02,14.0465
2022-05-21 07:00:00+02:00,44.3,8.4,13.537,13.537
2022-05-21 08:00:00+02:00,37.7,8.3,13.1955,13.1955
2022-05-21 09:00:00+02:00,34.2,8.6,13.7585,13.7585
2022-05-21 10:00:00+02:00,34.666,10.3,16.957,16.96
2022-05-21 11:00:00+02:00,33.233,9.3,15.19,15.19
2022-05-21 12:00:00+02:00,31.867,8.4,13.61,13.6135
2022-05-21 13:00:00+02:00,31.433,7.6,12.1685,12.1685
2022-05-21 14:00:00+02:00,28.966,5.7,8.7395,8.7395
2022-05-21 15:00:00+02:00,28.267,5.2,7.3965,7.3965
2022-05-21 16:00:00+02:00,28.334,5.1,7.16,7.16
2022-05-21 17:00:00+02:00,29.466,5.3,7.846500000000001,7.846500000000001
2022-05-21 18:00:00+02:00,31.267,6.3,9.6135,9.6135
2022-05-21 19:00:00+02:00,33.334,8.5,13.583,13.583
2022-05-21 20:00:00+02:00,36.834,12.5,20.5195,21.0865
2022-05-21 21:00:00+02:00,39.6,19.2,30.541,32.8405
2022-05-21 22:00:00+02:00,42.467,14.7,24.4785,24.8965
2022-05-21 23:00:00+02:00,45.433,16.5,27.4445,28.051
2022-05-22 00:00:00+02:00,46.9,13.5,22.7225,22.7835
2022-05-22 01:00:00+02:00,48.966,11.4,18.7705,18.781
2022-05-22 02:00:00+02:00,52.0,13.2,21.3785,22.179
2022-05-22 03:00:00+02:00,52.867,12.2,19.3895,20.037
2022-05-22 04:00:00+02:00,55.533,9.1,14.427,14.4345
2022-05-22 05:00:00+02:00,59.767,6.6,10.112,10.112
2022-05-22 06:00:00+02:00,59.633,6.6,10.1305,10.1305
2022-05-22 07:00:00+02:00,56.466,6.2,9.363,9.373
2022-05-22 08:00:00+02:00,48.733,5.1,7.3215,7.3215
2022-05-22 09:00:00+02:00,45.034,5.3,7.896000000000001,7.896000000000001
2022-05-22 10:00:00+02:00,40.8,5.6,8.337,8.337
2022-05-22 11:00:00+02:00,43.267,6.6,10.145,10.145
2022-05-22 12:00:00+02:00,43.233,7.7,12.0355,12.0355
2022-05-22 13:00:00+02:00,42.133,8.0,12.4455,12.4455
2022-05-22 14:00:00+02:00,40.5,8.7,13.756,13.761
2022-05-22 15:00:00+02:00,39.8,9.2,14.5975,14.5975
2022-05-22 16:00:00+02:00,39.933,10.1,16.155,16.155
2022-05-22 17:00:00+02:00,40.367,10.7,17.1285,17.129
2022-05-22 18:00:00+02:00,40.666,10.7,17.011000000000003,17.012999999999998
2022-05-22 19:00:00+02:00,41.3,9.5,15.155,15.16
2022-05-22 20:00:00+02:00,43.2,8.4,13.2595,13.2595
2022-05-22 21:00:00+02:00,43.0,8.2,12.886,12.886
2022-05-22 22:00:00+02:00,46.534,10.4,17.067,17.067
2022-05-22 23:00:00+02:00,50.8,11.4,18.688,18.7035
2022-05-23 00:00:00+02:00,52.466,11.3,18.7075,18.7075
2022-05-23 01:00:00+02:00,52.8,9.9,15.793,15.793
2022-05-23 02:00:00+02:00,51.967,9.2,14.609,14.609
2022-05-23 03:00:00+02:00,51.067,7.4,11.4805,11.4805
2022-05-23 04:00:00+02:00,51.067,7.0,10.759,10.759
2022-05-23 05:00:00+02:00,54.6,8.9,14.293,14.293
2022-05-23 06:00:00+02:00,56.933,10.2,16.8775,16.8905
2022-05-23 07:00:00+02:00,58.133,10.8,17.8705,17.875500000000002
2022-05-23 08:00:00+02:00,51.4,10.2,16.7955,16.803
2022-05-23 09:00:00+02:00,44.933,8.5,13.61,13.61
2022-05-23 10:00:00+02:00,40.733,8.1,13.1,13.1
2022-05-23 11:00:00+02:00,37.8,9.8,16.225,16.225
2022-05-23 12:00:00+02:00,37.767,9.3,15.273,15.2905
2022-05-23 13:00:00+02:00,37.2,10.3,17.0765,17.078
2022-05-23 14:00:00+02:00,36.767,10.8,17.7465,17.747500000000002
2022-05-23 15:00:00+02:00,36.6,11.4,18.683,18.684
2022-05-23 16:00:00+02:00,36.933,12.2,20.0375,20.0555
2022-05-23 17:00:00+02:00,37.034,9.5,15.681,15.681
2022-05-23 18:00:00+02:00,37.633,8.7,13.9775,13.9775
2022-05-23 19:00:00+02:00,38.534,9.4,15.455,15.455
2022-05-23 20:00:00+02:00,40.6,11.9,19.718,19.765
2022-05-23 21:00:00+02:00,43.5,15.0,25.0705,25.724
2022-05-23 22:00:00+02:00,45.566,19.6,31.89,34.081
2022-05-23 23:00:00+02:00,49.133,15.0,25.49,25.5765
2022-05-24 00:00:00+02:00,52.867,14.7,25.022,25.053
2022-05-24 01:00:00+02:00,55.3,16.8,28.3125,28.992
2022-05-24 02:00:00+02:00,57.7,17.9,29.77,30.569000000000003
2022-05-24 03:00:00+02:00,57.467,16.7,28.1335,28.5115
2022-05-24 04:00:00+02:00,59.534,19.8,31.9465,33.874
2022-05-24 05:00:00+02:00,60.6,18.4,30.4175,31.492
2022-05-24 06:00:00+02:00,60.8,21.2,33.543000000000006,36.437
2022-05-24 07:00:00+02:00,57.166,20.7,33.0075,35.55
2022-05-24 08:00:00+02:00,54.0,21.1,33.3835,36.232
2022-05-24 09:00:00+02:00,49.3,18.9,30.689,32.6845
2022-05-24 10:00:00+02:00,41.166,12.8,21.192,21.203
2022-05-24 11:00:00+02:00,37.367,12.2,20.401,20.4055
2022-05-24 12:00:00+02:00,34.367,10.1,16.3075,16.3355
2022-05-24 13:00:00+02:00,32.034,9.3,14.749,14.749
2022-05-24 14:00:00+02:00,30.2,9.3,14.624,14.624
2022-05-24 15:00:00+02:00,32.334,11.3,18.2155,18.3385
2022-05-24 16:00:00+02:00,33.667,12.3,20.147,20.1575
2022-05-24 17:00:00+02:00,34.567,13.2,21.528,21.536
2022-05-24 18:00:00+02:00,35.2,13.8,22.6455,22.659
2022-05-24 19:00:00+02:00,35.967,14.6,24.7385,24.931
2022-05-24 20:00:00+02:00,41.5,19.3,31.1365,32.7625
2022-05-24 21:00:00+02:00,45.833,18.9,31.0685,32.4995
2022-05-24 22:00:00+02:00,47.767,21.0,33.028,35.866
2022-05-24 23:00:00+02:00,49.7,20.3,32.199,34.594
2022-05-25 00:00:00+02:00,49.834,15.2,25.335,25.615
2022-05-25 01:00:00+02:00,49.2,12.6,20.974,20.9775
2022-05-25 02:00:00+02:00,52.233,14.6,24.3445,24.3775
2022-05-25 03:00:00+02:00,53.034,13.6,22.6155,22.635
2022-05-25 04:00:00+02:00,53.667,11.5,18.8235,18.8235
2022-05-25 05:00:00+02:00,53.667,13.3,20.6175,21.8985
2022-05-25 06:00:00+02:00,52.7,11.2,18.567500000000003,18.629
2022-05-25 07:00:00+02:00,46.334,9.3,15.098,15.098
2022-05-25 08:00:00+02:00,41.733,10.4,17.0035,17.0215
2022-05-25 09:00:00+02:00,38.633,10.9,18.1655,18.1735
2022-05-25 10:00:00+02:00,37.133,10.3,16.735500000000002,16.747500000000002
2022-05-25 11:00:00+02:00,36.167,10.6,17.2265,17.249
2022-05-25 12:00:00+02:00,35.608,11.9,19.7865,19.7985
2022-05-25 13:00:00+02:00,35.0,10.6,17.5945,17.5945
2022-05-25 14:00:00+02:00,34.695,10.7,17.47,17.47
2022-05-25 15:00:00+02:00,33.933,11.3,18.305,18.305
2022-05-25 16:00:00+02:00,33.334,11.0,17.81,17.810499999999998
2022-05-25 17:00:00+02:00,34.267,11.3,18.1945,18.1965
2022-05-25 18:00:00+02:00,35.267,12.1,19.69,19.693
2022-05-25 19:00:00+02:00,37.567,13.3,22.07,22.1165
2022-05-25 20:00:00+02:00,37.733,13.6,22.7415,23.041
2022-05-25 21:00:00+02:00,34.067,9.6,15.7835,15.8185
2022-05-25 22:00:00+02:00,45.666,7.8,12.506,12.506
2022-05-25 23:00:00+02:00,49.234,5.9,8.7075,8.7075
2022-05-26 00:00:00+02:00,51.7,5.7,8.539,8.539
2022-05-26 01:00:00+02:00,53.3,4.4,6.3375,6.3375
2022-05-26 02:00:00+02:00,54.7,3.7,5.0575,5.0575
2022-05-26 03:00:00+02:00,55.133,3.4,4.5085,4.5085
2022-05-26 04:00:00+02:00,54.9,3.7,4.949,4.949
2022-05-26 05:00:00+02:00,54.267,5.5,8.1475,8.1475
2022-05-26 06:00:00+02:00,54.233,5.2,7.7435,7.784
2022-05-26 07:00:00+02:00,54.1,5.5,8.2445,8.2445
2022-05-26 08:00:00+02:00,54.0,5.5,8.263,8.263
2022-05-26 09:00:00+02:00,53.367,6.2,9.4945,9.4945
2022-05-26 10:00:00+02:00,47.633,5.5,8.2515,8.2515
2022-05-26 11:00:00+02:00,44.066,5.0,7.3605,7.3605
2022-05-26 12:00:00+02:00,41.6,5.0,7.345499999999999,7.345499999999999
2022-05-26 13:00:00+02:00,39.6,4.7,6.8285,6.8285
2022-05-26 14:00:00+02:00,38.7,4.9,7.075,7.075
2022-05-26 15:00:00+02:00,38.0,4.5,6.458,6.458
2022-05-26 16:00:00+02:00,38.0,5.2,7.5425,7.5425
2022-05-26 17:00:00+02:00,38.434,6.8,10.5475,10.5475
2022-05-26 18:00:00+02:00,38.6,6.1,9.3645,9.3645
2022-05-26 19:00:00+02:00,38.867,4.8,7.0855,7.096
2022-05-26 20:00:00+02:00,39.7,6.1,9.3175,9.4125
2022-05-26 21:00:00+02:00,43.6,11.4,18.774,19.0995
2022-05-26 22:00:00+02:00,45.667,9.8,16.322,16.322499999999998
2022-05-26 23:00:00+02:00,48.367,30.7,38.477500000000006,52.285
2022-05-27 00:00:00+02:00,51.133,9.7,15.822500000000002,15.8245
2022-05-27 01:00:00+02:00,53.233,7.6,11.8665,11.8665
2022-05-27 02:00:00+02:00,54.633,8.1,12.8265,12.8265
2022-05-27 03:00:00+02:00,56.066,8.6,13.6475,13.6475
2022-05-27 04:00:00+02:00,57.933,9.5,14.9795,14.9795
2022-05-27 05:00:00+02:00,59.0,11.0,17.772,17.776
2022-05-27 06:00:00+02:00,58.9,13.6,22.2825,22.352
2022-05-27 07:00:00+02:00,56.2,13.2,21.7255,21.734
2022-05-27 08:00:00+02:00,51.433,15.0,24.366,24.5065
2022-05-27 09:00:00+02:00,46.466,14.2,23.4555,23.489
2022-05-27 10:00:00+02:00,43.6,13.9,23.5115,23.5455
2022-05-27 11:00:00+02:00,41.433,14.2,24.112,24.256
2022-05-27 12:00:00+02:00,39.4,13.3,22.7165,22.739
2022-05-27 13:00:00+02:00,38.1,13.8,23.825,23.851
2022-05-27 14:00:00+02:00,36.067,13.8,23.8225,23.8545
2022-05-27 15:00:00+02:00,33.333,13.0,22.059,22.079500000000003
2022-05-27 16:00:00+02:00,32.7,12.4,20.8175,20.837
2022-05-27 17:00:00+02:00,33.0,11.7,19.4385,19.439
2022-05-27 18:00:00+02:00,33.9,12.7,21.4995,21.5195
2022-05-27 19:00:00+02:00,36.5,15.0,25.677,26.027
2022-05-27 20:00:00+02:00,39.8,19.3,31.936,33.8415
2022-05-27 21:00:00+02:00,44.0,24.3,37.157,42.617
2022-05-27 22:00:00+02:00,47.267,24.6,37.487,43.226
2022-05-27 23:00:00+02:00,50.266,25.9,38.785,45.5305
2022-05-28 00:00:00+02:00,52.566,24.7,37.553,43.269000000000005
2022-05-28 01:00:00+02:00,54.567,27.0,39.636,47.203
2022-05-28 02:00:00+02:00,56.233,26.2,39.01649999999999,46.0475
2022-05-28 03:00:00+02:00,54.867,20.7,33.2345,36.252
2022-05-28 04:00:00+02:00,50.867,10.9,18.2015,18.2965
2022-05-28 05:00:00+02:00,47.8,3.2,4.335,4.335
2022-05-28 06:00:00+02:00,47.5,2.4,2.908,2.908
2022-05-28 07:00:00+02:00,50.167,2.8,3.62,3.62
2022-05-28 08:00:00+02:00,53.067,3.6,4.924,4.924
2022-05-28 09:00:00+02:00,49.8,4.4,6.368,6.368
2022-05-28 10:00:00+02:00,50.633,4.2,6.0725,6.0725
2022-05-28 11:00:00+02:00,47.5,4.1,6.007,6.007
2022-05-28 12:00:00+02:00,48.166,4.7,6.8455,6.8455
2022-05-28 13:00:00+02:00,51.834,5.2,7.7615,7.7615
2022-05-28 14:00:00+02:00,58.533,8.4,13.605,13.6485
2022-05-28 15:00:00+02:00,61.334,7.9,12.6915,12.6915
2022-05-28 16:00:00+02:00,56.867,6.6,10.1035,10.1035
2022-05-28 17:00:00+02:00,54.834,6.6,10.232,10.235
2022-05-28 18:00:00+02:00,58.166,9.3,14.91,14.973
2022-05-28 19:00:00+02:00,61.3,8.4,13.4205,13.4205
2022-05-28 20:00:00+02:00,61.433,10.4,17.076999999999998,17.079
2022-05-28 21:00:00+02:00,58.466,7.6,11.901,11.9095
2022-05-28 22:00:00+02:00,57.7,6.2,9.5025,9.5025
2022-05-28 23:00:00+02:00,60.8,8.4,13.323,13.323
2022-05-29 00:00:00+02:00,63.6,11.8,18.8425,18.8425
2022-05-29 01:00:00+02:00,65.633,7.8,12.1975,12.1975
2022-05-29 02:00:00+02:00,69.966,7.9,12.299,12.3035
2022-05-29 03:00:00+02:00,70.034,6.8,10.2885,10.2885
2022-05-29 04:00:00+02:00,69.6,9.9,15.585,15.5875
2022-05-29 05:00:00+02:00,68.7,8.3,12.916,12.916
2022-05-29 06:00:00+02:00,65.7,6.0,9.084499999999998,9.084499999999998
2022-05-29 07:00:00+02:00,64.334,7.7,11.821,11.821
2022-05-29 08:00:00+02:00,63.8,7.0,10.8895,10.8895
2022-05-29 09:00:00+02:00,59.5,8.4,13.238499999999998,13.241
2022-05-29 10:00:00+02:00,56.567,7.1,10.9375,10.9375
2022-05-29 11:00:00+02:00,50.0,6.6,10.2605,10.2605
2022-05-29 12:00:00+02:00,45.334,8.1,13.04,13.04
2022-05-29 13:00:00+02:00,47.567,9.4,15.363,15.363
2022-05-29 14:00:00+02:00,51.7,8.2,12.9655,12.9665
2022-05-29 15:00:00+02:00,51.367,8.8,14.0585,14.0585
2022-05-29 16:00:00+02:00,56.067,8.1,13.1335,13.1335
2022-05-29 17:00:00+02:00,55.233,9.4,15.154,15.154
2022-05-29 18:00:00+02:00,54.133,9.9,16.2595,16.2595
2022-05-29 19:00:00+02:00,53.166,8.9,14.483,14.483
2022-05-29 20:00:00+02:00,55.633,8.2,13.1125,13.145499999999998
2022-05-29 21:00:00+02:00,58.267,7.6,12.055,12.271
2022-05-29 22:00:00+02:00,60.667,6.7,10.514,10.514
2022-05-29 23:00:00+02:00,60.133,5.4,8.1785,8.1785
2022-05-30 00:00:00+02:00,59.133,4.6,6.6755,6.6755
2022-05-30 01:00:00+02:00,57.966,4.4,6.245,6.245
2022-05-30 02:00:00+02:00,59.6,5.1,7.393000000000001,7.393000000000001
2022-05-30 03:00:00+02:00,68.767,6.6,9.993,9.993
2022-05-30 04:00:00+02:00,71.534,7.6,11.733,11.733
2022-05-30 05:00:00+02:00,72.133,7.7,11.8295,11.8295
2022-05-30 06:00:00+02:00,70.666,6.8,10.6395,10.6395
2022-05-30 07:00:00+02:00,70.1,7.3,11.768,11.768
2022-05-30 08:00:00+02:00,69.8,10.1,16.707,16.863
2022-05-30 09:00:00+02:00,68.066,11.1,18.241,18.2965
2022-05-30 10:00:00+02:00,66.942,12.5,20.3735,20.618
2022-05-30 11:00:00+02:00,63.8,12.6,20.785,20.804
2022-05-30 12:00:00+02:00,62.233,11.9,19.5915,19.603
2022-05-30 13:00:00+02:00,60.0,12.3,20.134500000000003,20.1605
2022-05-30 14:00:00+02:00,59.733,11.0,17.84,17.84
2022-05-30 15:00:00+02:00,57.3,11.6,18.8575,18.8825
2022-05-30 16:00:00+02:00,58.666,10.5,16.92,16.921
2022-05-30 17:00:00+02:00,58.4,10.6,16.89,16.8905
2022-05-30 18:00:00+02:00,57.8,10.1,16.063,16.063
2022-05-30 19:00:00+02:00,58.034,9.8,15.356,15.356
2022-05-30 20:00:00+02:00,58.633,11.1,17.9035,17.926000000000002
2022-05-30 21:00:00+02:00,62.5,10.6,16.664,16.6655
2022-05-30 22:00:00+02:00,64.9,16.1,26.436,26.753
2022-05-30 23:00:00+02:00,65.133,11.4,17.9185,17.9185
2022-05-31 00:00:00+02:00,66.267,14.6,23.162,23.191000000000003
2022-05-31 01:00:00+02:00,66.566,15.8,25.1165,25.1315
2022-05-31 02:00:00+02:00,65.867,25.4,34.7795,41.0795
2022-05-31 03:00:00+02:00,65.934,14.4,22.788,22.791
2022-05-31 04:00:00+02:00,69.834,17.1,27.173,27.385
2022-05-31 05:00:00+02:00,73.967,17.0,27.127,27.2865
2022-05-31 06:00:00+02:00,75.367,12.5,19.765,19.814
2022-05-31 07:00:00+02:00,75.1,9.3,14.7725,14.8165
2022-05-31 08:00:00+02:00,70.833,8.2,12.7845,12.8765
2022-05-31 09:00:00+02:00,67.692,10.2,16.259,16.381
2022-05-31 10:00:00+02:00,60.367,7.4,11.378,11.378
2022-05-31 11:00:00+02:00,58.733,7.5,11.5085,11.5095
2022-05-31 12:00:00+02:00,57.042,7.3,11.0785,11.0875
2022-05-31 13:00:00+02:00,54.733,7.9,12.2175,12.22
2022-05-31 14:00:00+02:00,56.483,11.7,18.632,18.632
2022-05-31 15:00:00+02:00,56.7,13.5,21.63,21.7195
2022-05-31 16:00:00+02:00,57.9,15.8,25.501,25.6985
2022-05-31 17:00:00+02:00,53.1,8.3,12.795,13.0515
2022-05-31 18:00:00+02:00,50.367,4.4,6.3255,6.3255
2022-05-31 19:00:00+02:00,52.666,5.2,7.6295,7.6295
2022-05-31 20:00:00+02:00,55.367,6.2,9.5835,9.5835
2022-05-31 21:00:00+02:00,59.9,8.7,13.7855,13.936
2022-05-31 22:00:00+02:00,62.334,8.3,13.3345,13.3345
2022-05-31 23:00:00+02:00,64.0,8.1,13.003,13.003
2022-06-01 00:00:00+02:00,65.167,7.3,11.338,11.338
2022-06-01 01:00:00+02:00,66.0,7.3,11.253,11.253
2022-06-01 02:00:00+02:00,66.0,7.2,11.267,11.267
2022-06-01 03:00:00+02:00,66.834,6.4,9.742,9.742
2022-06-01 04:00:00+02:00,66.034,11.8,19.105,19.292
2022-06-01 05:00:00+02:00,66.2,10.0,16.0675,16.0905
2022-06-01 06:00:00+02:00,66.1,8.4,13.477,13.477
2022-06-01 07:00:00+02:00,61.7,10.0,16.4495,16.451500000000003
2022-06-01 08:00:00+02:00,54.067,8.0,12.8555,12.8555
2022-06-01 09:00:00+02:00,48.0,7.3,11.525,11.525
2022-06-01 10:00:00+02:00,44.333,7.0,11.0195,11.0195
2022-06-01 11:00:00+02:00,45.3,8.6,14.151,14.151
2022-06-01 12:00:00+02:00,45.341,9.7,15.749,15.75
2022-06-01 13:00:00+02:00,44.4,9.4,15.016,15.016
2022-06-01 14:00:00+02:00,43.339,10.0,16.0015,16.0015
2022-06-01 15:00:00+02:00,42.066,10.0,16.094,16.094
2022-06-01 16:00:00+02:00,42.1,10.2,16.5375,16.5375
2022-06-01 17:00:00+02:00,42.1,10.5,17.027,17.027
2022-06-01 18:00:00+02:00,40.867,9.6,15.545000000000002,15.545000000000002
2022-06-01 19:00:00+02:00,41.666,9.9,16.3845,16.3905
2022-06-01 20:00:00+02:00,44.733,13.2,22.24,22.305
2022-06-01 21:00:00+02:00,49.233,17.1,28.3445,29.270000000000003
2022-06-01 22:00:00+02:00,54.367,18.5,30.521,31.762500000000003
2022-06-01 23:00:00+02:00,57.8,17.0,28.4125,28.9205
2022-06-02 00:00:00+02:00,60.567,15.9,26.4125,26.985
2022-06-02 01:00:00+02:00,62.2,16.8,27.7495,28.5815
2022-06-02 02:00:00+02:00,63.867,16.1,26.421,27.216500000000003
2022-06-02 03:00:00+02:00,64.0,14.3,23.6195,24.1975
2022-06-02 04:00:00+02:00,63.933,13.5,22.3505,22.3505
2022-06-02 05:00:00+02:00,64.2,13.9,23.273,23.2895
2022-06-02 06:00:00+02:00,62.367,12.7,21.221,21.221
2022-06-02 07:00:00+02:00,56.666,13.5,22.683,22.7945
2022-06-02 08:00:00+02:00,48.758,11.4,18.9265,18.9265
2022-06-02 09:00:00+02:00,39.325,8.1,13.010000000000002,13.010000000000002
2022-06-02 10:00:00+02:00,36.092,7.6,11.991499999999998,11.991499999999998
2022-06-02 11:00:00+02:00,34.322,7.4,11.897,11.897
2022-06-02 12:00:00+02:00,32.592,7.7,12.2305,12.2305
2022-06-02 13:00:00+02:00,32.883,8.5,13.471,13.5145
2022-06-02 14:00:00+02:00,35.925,9.5,15.579,15.579
2022-06-02 15:00:00+02:00,39.3,11.6,19.315,19.334
2022-06-02 16:00:00+02:00,39.7,11.9,19.5515,19.5515
2022-06-02 17:00:00+02:00,39.267,11.7,19.1915,19.1915
2022-06-02 18:00:00+02:00,39.0,11.4,18.7065,18.7065
2022-06-02 19:00:00+02:00,38.2,11.2,18.5565,18.5695
2022-06-02 20:00:00+02:00,40.6,13.0,21.5945,21.6245
2022-06-02 21:00:00+02:00,45.267,16.4,27.3095,27.752
2022-06-02 22:00:00+02:00,49.966,18.1,29.706,30.829
2022-06-02 23:00:00+02:00,53.433,19.7,31.4635,33.491
2022-06-03 00:00:00+02:00,55.5,17.7,29.137,29.894
2022-06-03 01:00:00+02:00,53.867,5.2,7.5535,7.5535
2022-06-03 02:00:00+02:00,55.6,4.7,6.603,6.603
2022-06-03 03:00:00+02:00,56.767,5.0,6.6845,7.39
2022-06-03 04:00:00+02:00,57.667,4.2,5.7490000000000006,5.7490000000000006
2022-06-03 05:00:00+02:00,60.433,5.2,7.486000000000001,7.486000000000001
2022-06-03 06:00:00+02:00,61.9,5.8,8.6345,8.6345
2022-06-03 07:00:00+02:00,61.067,5.5,8.307,8.307
2022-06-03 08:00:00+02:00,58.166,5.7,8.553,8.6985
2022-06-03 09:00:00+02:00,50.434,5.9,8.865499999999999,8.865499999999999
2022-06-03 10:00:00+02:00,47.233,9.5,15.067,15.067
2022-06-03 11:00:00+02:00,45.433,9.0,14.327,14.328
2022-06-03 12:00:00+02:00,42.767,8.8,13.7395,13.7395
2022-06-03 13:00:00+02:00,42.367,8.2,12.7925,12.7925
2022-06-03 14:00:00+02:00,43.933,10.8,17.159,17.1605
2022-06-03 15:00:00+02:00,42.367,11.9,19.234,19.2345
2022-06-03 16:00:00+02:00,43.1,13.7,22.136000000000003,22.208
2022-06-03 17:00:00+02:00,45.0,16.1,26.353,26.642
2022-06-03 18:00:00+02:00,45.5,18.0,29.1625,29.8915
2022-06-03 19:00:00+02:00,46.966,18.1,29.734,30.6745
2022-06-03 20:00:00+02:00,49.466,18.1,30.0045,31.086
2022-06-03 21:00:00+02:00,52.0,21.0,33.073,35.7245
2022-06-03 22:00:00+02:00,52.466,17.7,29.4495,30.378500000000003
2022-06-03 23:00:00+02:00,55.067,18.0,29.6395,30.723
2022-06-04 00:00:00+02:00,61.466,21.7,33.999,37.1475
2022-06-04 01:00:00+02:00,62.558,21.6,33.982,37.0805
2022-06-04 02:00:00+02:00,64.034,22.1,34.625,38.1645
2022-06-04 03:00:00+02:00,64.8,21.6,33.786,36.7685
2022-06-04 04:00:00+02:00,65.9,22.3,34.674499999999995,38.2415
2022-06-04 05:00:00+02:00,66.0,25.3,37.639,43.4535
2022-06-04 06:00:00+02:00,65.834,27.2,39.292,46.5105
2022-06-04 07:00:00+02:00,63.633,30.0,41.5055,51.181
2022-06-04 08:00:00+02:00,55.233,25.0,37.197,42.702
2022-06-04 09:00:00+02:00,48.933,16.9,27.1515,28.348
2022-06-04 10:00:00+02:00,35.966,7.8,12.2245,12.2245
2022-06-04 11:00:00+02:00,32.466,5.9,8.673,8.673
2022-06-04 12:00:00+02:00,32.1,6.2,9.1065,9.1065
2022-06-04 13:00:00+02:00,32.267,5.2,7.381,7.381
2022-06-04 14:00:00+02:00,31.834,4.7,6.609,6.609
2022-06-04 15:00:00+02:00,30.867,4.4,6.014,6.014
2022-06-04 16:00:00+02:00,30.933,4.8,6.3265,6.3265
2022-06-04 17:00:00+02:00,35.033,6.1,8.706999999999999,8.706999999999999
2022-06-04 18:00:00+02:00,38.334,6.6,9.766,9.766
2022-06-04 19:00:00+02:00,41.85,7.0,10.9435,10.9435
2022-06-04 20:00:00+02:00,44.3,8.6,13.6555,13.6555
2022-06-04 21:00:00+02:00,47.333,11.6,19.205,19.211
2022-06-04 22:00:00+02:00,51.767,13.8,23.024,23.098
2022-06-04 23:00:00+02:00,54.367,13.8,23.0635,23.082
2022-06-05 00:00:00+02:00,55.734,12.7,20.8305,21.3445
2022-06-05 01:00:00+02:00,58.8,17.2,28.0275,29.4355
2022-06-05 02:00:00+02:00,59.0,9.2,14.8795,14.8795
2022-06-05 03:00:00+02:00,59.0,8.2,12.82,12.82
2022-06-05 04:00:00+02:00,59.5,7.7,12.2295,12.2295
2022-06-05 05:00:00+02:00,61.4,10.3,16.796,16.796
2022-06-05 06:00:00+02:00,59.867,10.0,16.415,16.415
2022-06-05 07:00:00+02:00,55.3,8.4,13.391,13.391
2022-06-05 08:00:00+02:00,46.867,8.9,14.2315,14.2815
2022-06-05 09:00:00+02:00,42.7,9.1,14.6145,14.6145
2022-06-05 10:00:00+02:00,40.734,8.0,12.56,12.592
2022-06-05 11:00:00+02:00,36.967,5.9,8.583,8.583
2022-06-05 12:00:00+02:00,33.5,5.4,7.675000000000001,7.675000000000001
2022-06-05 13:00:00+02:00,33.733,6.3,8.9985,8.9985
2022-06-05 14:00:00+02:00,38.2,9.0,13.629,13.629
2022-06-05 15:00:00+02:00,37.766,8.8,13.258500000000002,13.258500000000002
2022-06-05 16:00:00+02:00,39.1,9.0,13.934,13.934
2022-06-05 17:00:00+02:00,40.1,8.5,13.0915,13.0915
2022-06-05 18:00:00+02:00,41.367,9.2,14.5265,14.5355
2022-06-05 19:00:00+02:00,44.075,14.3,22.51,23.525
2022-06-05 20:00:00+02:00,47.367,13.2,21.9815,22.0165
2022-06-05 21:00:00+02:00,50.633,15.0,25.2615,25.3615
2022-06-05 22:00:00+02:00,52.834,12.8,21.514,21.515
2022-06-05 23:00:00+02:00,54.633,11.8,19.523,19.5265
2022-06-06 00:00:00+02:00,57.567,12.9,21.393,21.4305
2022-06-06 01:00:00+02:00,58.4,9.8,16.22,16.22
2022-06-06 02:00:00+02:00,59.633,9.2,14.845,14.845
2022-06-06 03:00:00+02:00,57.9,7.7,12.2025,12.2025
2022-06-06 04:00:00+02:00,59.034,8.7,14.132,14.132
2022-06-06 05:00:00+02:00,58.1,7.6,12.023,12.023
2022-06-06 06:00:00+02:00,57.167,9.4,15.496,15.496
2022-06-06 07:00:00+02:00,57.834,12.5,20.948500000000003,21.026
2022-06-06 08:00:00+02:00,56.5,13.4,22.1785,22.245
2022-06-06 09:00:00+02:00,55.55,11.4,18.462,18.474
2022-06-06 10:00:00+02:00,56.267,11.3,18.4025,18.4225
2022-06-06 11:00:00+02:00,56.8,12.2,19.8425,19.8485
2022-06-06 12:00:00+02:00,55.125,12.4,20.4675,20.4715
2022-06-06 13:00:00+02:00,54.2,12.6,20.6075,20.6115
2022-06-06 14:00:00+02:00,53.567,14.5,23.726,23.7645
2022-06-06 15:00:00+02:00,49.567,14.1,23.301,23.3165
2022-06-06 16:00:00+02:00,49.034,13.2,21.529,21.5315
2022-06-06 17:00:00+02:00,49.25,13.2,21.880000000000003,21.8805
2022-06-06 18:00:00+02:00,48.367,13.3,21.922,21.931
2022-06-06 19:00:00+02:00,48.433,13.7,22.4075,22.4635
2022-06-06 20:00:00+02:00,52.3,19.5,31.2215,32.911
2022-06-06 21:00:00+02:00,53.9,18.0,29.3955,30.2025
2022-06-06 22:00:00+02:00,56.8,18.7,30.0735,31.154
2022-06-06 23:00:00+02:00,58.7,18.0,29.445,30.293
2022-06-07 00:00:00+02:00,60.5,17.2,28.34,28.797
2022-06-07 01:00:00+02:00,61.933,15.8,26.0155,26.1075
2022-06-07 02:00:00+02:00,62.3,15.7,25.4265,26.301
2022-06-07 03:00:00+02:00,62.7,13.6,22.157,22.1945
2022-06-07 04:00:00+02:00,62.933,12.8,20.6785,20.6785
2022-06-07 05:00:00+02:00,62.8,12.9,20.8225,20.8225
2022-06-07 06:00:00+02:00,62.633,12.8,20.7875,20.789
2022-06-07 07:00:00+02:00,58.334,13.0,21.298,21.2995
2022-06-07 08:00:00+02:00,48.034,13.1,20.9945,21.104
2022-06-07 09:00:00+02:00,46.933,14.2,23.4605,23.4865
2022-06-07 10:00:00+02:00,45.267,14.4,23.7845,23.8655
2022-06-07 11:00:00+02:00,43.966,14.3,23.568,23.6085
2022-06-07 12:00:00+02:00,42.7,15.6,25.6585,25.8015
2022-06-07 13:00:00+02:00,41.067,18.5,30.046,31.096000000000004
2022-06-07 14:00:00+02:00,39.867,23.0,35.012,38.8945
2022-06-07 15:00:00+02:00,38.2,23.2,35.1575,39.0845
2022-06-07 16:00:00+02:00,39.1,22.1,33.976,37.1165
2022-06-07 17:00:00+02:00,39.966,21.8,33.545500000000004,36.4475
2022-06-07 18:00:00+02:00,41.067,21.8,33.521,36.394
2022-06-07 19:00:00+02:00,42.3,25.3,37.1995,42.649
2022-06-07 20:00:00+02:00,44.567,27.0,38.788,45.532
2022-06-07 21:00:00+02:00,47.8,31.0,42.1205,52.1905
2022-06-07 22:00:00+02:00,50.6,31.0,42.0975,52.201
2022-06-07 23:00:00+02:00,52.7,29.5,40.726,49.2595
2022-06-08 00:00:00+02:00,57.0,29.2,40.4715,48.713
2022-06-08 01:00:00+02:00,58.567,30.7,41.7585,51.3745
2022-06-08 02:00:00+02:00,60.367,37.5,46.596,62.965500000000006
2022-06-08 03:00:00+02:00,64.3,25.6,32.7685,42.712500000000006
2022-06-08 04:00:00+02:00,92.367,1.6,1.347,1.347
2022-06-08 05:00:00+02:00,93.934,1.5,1.273,1.273
2022-06-08 06:00:00+02:00,93.1,2.1,2.39,2.39
2022-06-08 07:00:00+02:00,77.1,2.8,3.7715,3.7715
2022-06-08 08:00:00+02:00,68.567,3.3,4.6305,4.6315
2022-06-08 09:00:00+02:00,61.067,1.9,1.9455,1.9455
2022-06-08 10:00:00+02:00,53.0,1.9,1.971,1.971
2022-06-08 11:00:00+02:00,49.534,1.8,1.858,1.858
2022-06-08 12:00:00+02:00,49.933,2.2,2.275,2.275
2022-06-08 13:00:00+02:00,49.733,2.7,3.332,3.332
2022-06-08 14:00:00+02:00,48.533,2.6,3.221,3.221
2022-06-08 15:00:00+02:00,47.0,3.4,4.5625,4.577999999999999
2022-06-08 16:00:00+02:00,46.333,3.5,4.8265,4.8265
2022-06-08 17:00:00+02:00,46.567,4.6,6.5600000000000005,6.5600000000000005
2022-06-08 18:00:00+02:00,51.767,4.9,7.283,7.283
2022-06-08 19:00:00+02:00,56.767,5.4,8.203,8.203
2022-06-08 20:00:00+02:00,60.1,6.0,9.201,9.201
2022-06-08 21:00:00+02:00,61.367,5.9,8.8655,8.8655
2022-06-08 22:00:00+02:00,62.4,6.6,10.1535,10.249
2022-06-08 23:00:00+02:00,65.466,5.6,8.341,8.3795
2022-06-09 00:00:00+02:00,65.767,5.2,7.7455,7.7455
2022-06-09 01:00:00+02:00,65.2,5.1,7.5075,7.5075
2022-06-09 02:00:00+02:00,63.933,4.4,6.263,6.263
2022-06-09 03:00:00+02:00,64.166,4.3,6.048,6.048
2022-06-09 04:00:00+02:00,64.3,3.9,5.338,5.338
2022-06-09 05:00:00+02:00,64.267,4.4,6.175000000000001,6.175000000000001
2022-06-09 06:00:00+02:00,64.2,5.0,7.468999999999999,7.4785
2022-06-09 07:00:00+02:00,63.367,6.2,9.57,9.57
2022-06-09 08:00:00+02:00,62.534,9.5,15.221,15.668
2022-06-09 09:00:00+02:00,59.233,8.2,13.2425,13.2425
2022-06-09 10:00:00+02:00,57.166,7.3,11.465,11.6545
2022-06-09 11:00:00+02:00,55.967,6.3,9.5465,9.5465
2022-06-09 12:00:00+02:00,52.6,5.8,8.7675,8.813
2022-06-09 13:00:00+02:00,51.4,6.7,10.4745,10.4745
2022-06-09 14:00:00+02:00,68.9,4.8,7.099,7.099
2022-06-09 15:00:00+02:00,72.8,6.2,9.5495,9.724
2022-06-09 16:00:00+02:00,71.733,5.8,8.911000000000001,8.911000000000001
2022-06-09 17:00:00+02:00,72.367,7.0,11.07,11.1665
2022-06-09 18:00:00+02:00,71.534,7.3,11.521,11.521
2022-06-09 19:00:00+02:00,72.034,9.2,14.495,14.818
2022-06-09 20:00:00+02:00,71.3,7.6,12.0075,12.0075
2022-06-09 21:00:00+02:00,71.5,8.7,13.96,13.96
2022-06-09 22:00:00+02:00,71.034,7.2,11.204,11.204
2022-06-09 23:00:00+02:00,70.3,5.4,8.086500000000001,8.086500000000001
2022-06-10 00:00:00+02:00,70.166,5.3,7.7065,7.7065
2022-06-10 01:00:00+02:00,74.833,6.4,9.7715,9.7715
2022-06-10 02:00:00+02:00,75.4,7.0,10.671,10.671
2022-06-10 03:00:00+02:00,73.934,5.3,7.542,7.542
2022-06-10 04:00:00+02:00,73.267,4.4,5.883,5.883
2022-06-10 05:00:00+02:00,77.534,5.6,7.9615,7.9615
2022-06-10 06:00:00+02:00,74.534,7.3,11.0385,11.0385
2022-06-10 07:00:00+02:00,73.466,10.0,15.999,15.999
2022-06-10 08:00:00+02:00,73.0,11.3,18.3265,18.329
2022-06-10 09:00:00+02:00,71.733,9.5,15.2645,15.2645
2022-06-10 10:00:00+02:00,69.867,9.9,16.046,16.046
2022-06-10 11:00:00+02:00,67.433,11.4,18.4635,18.4665
2022-06-10 12:00:00+02:00,65.1,11.6,18.8765,18.8765
2022-06-10 13:00:00+02:00,63.534,10.7,17.374,17.3745
2022-06-10 14:00:00+02:00,62.567,12.6,20.739,20.8705
2022-06-10 15:00:00+02:00,62.0,12.8,21.0015,21.0215
2022-06-10 16:00:00+02:00,62.166,13.4,21.8975,21.9485
2022-06-10 17:00:00+02:00,60.5,13.2,21.7045,21.7475
2022-06-10 18:00:00+02:00,56.067,10.9,17.555,17.555
2022-06-10 19:00:00+02:00,55.2,11.5,18.8815,18.884
2022-06-10 20:00:00+02:00,55.966,12.3,20.307,20.333
2022-06-10 21:00:00+02:00,56.367,11.4,18.6655,18.6655
2022-06-10 22:00:00+02:00,56.067,10.6,17.1325,17.1325
2022-06-10 23:00:00+02:00,57.034,10.8,17.6235,17.6235
2022-06-11 00:00:00+02:00,58.267,13.4,21.679,22.2205
2022-06-11 01:00:00+02:00,58.467,10.9,17.514,17.514
2022-06-11 02:00:00+02:00,58.566,10.8,17.4585,17.4585
2022-06-11 03:00:00+02:00,57.666,9.8,15.741499999999998,15.741499999999998
2022-06-11 04:00:00+02:00,58.166,9.7,15.432,15.432
2022-06-11 05:00:00+02:00,59.867,9.7,15.637,15.637
2022-06-11 06:00:00+02:00,61.133,10.5,17.162,17.162
2022-06-11 07:00:00+02:00,59.266,10.2,16.6,16.6
2022-06-11 08:00:00+02:00,53.2,9.8,15.812,15.812
2022-06-11 09:00:00+02:00,53.1,11.1,18.4795,18.537
2022-06-11 10:00:00+02:00,53.286,11.1,18.313,18.356
2022-06-11 11:00:00+02:00,50.0,10.9,17.8815,17.8815
2022-06-11 12:00:00+02:00,51.1,11.3,18.8565,18.878
2022-06-11 13:00:00+02:00,51.434,12.0,19.868,19.905
2022-06-11 14:00:00+02:00,49.2,13.0,21.302,21.308
2022-06-11 15:00:00+02:00,49.466,13.2,21.9245,21.939
2022-06-11 16:00:00+02:00,61.1,14.5,23.9245,23.9655
2022-06-11 17:00:00+02:00,57.867,12.3,20.024,20.096
2022-06-11 18:00:00+02:00,41.9,7.1,11.3435,11.3435
2022-06-11 19:00:00+02:00,40.367,7.1,11.399,11.399
2022-06-11 20:00:00+02:00,42.767,8.2,13.497,13.497
2022-06-11 21:00:00+02:00,49.433,13.2,22.2105,22.3865
2022-06-11 22:00:00+02:00,53.567,11.5,19.3355,19.349
2022-06-11 23:00:00+02:00,56.1,8.7,14.045,14.045
2022-06-12 00:00:00+02:00,58.166,8.0,13.0355,13.0355
2022-06-12 01:00:00+02:00,59.767,8.2,13.206,13.206
2022-06-12 02:00:00+02:00,60.666,8.2,13.363,13.363
2022-06-12 03:00:00+02:00,61.0,7.7,12.265,12.265
2022-06-12 04:00:00+02:00,61.067,7.8,12.654,12.654
2022-06-12 05:00:00+02:00,60.5,8.3,13.3585,13.3585
2022-06-12 06:00:00+02:00,58.733,8.0,12.95,12.95
2022-06-12 07:00:00+02:00,54.3,8.4,13.72,13.72
2022-06-12 08:00:00+02:00,45.034,8.8,14.4455,14.4455
2022-06-12 09:00:00+02:00,42.434,8.8,14.4425,14.4425
2022-06-12 10:00:00+02:00,44.0,9.4,15.5885,15.5885
2022-06-12 11:00:00+02:00,43.234,10.5,17.325499999999998,17.325499999999998
2022-06-12 12:00:00+02:00,41.733,10.4,17.1785,17.1785
2022-06-12 13:00:00+02:00,35.433,8.5,13.8345,13.8395
2022-06-12 14:00:00+02:00,31.633,6.8,10.831,10.8405
2022-06-12 15:00:00+02:00,28.334,5.4,8.434,8.434
2022-06-12 16:00:00+02:00,28.633,6.0,9.3675,9.3675
2022-06-12 17:00:00+02:00,30.367,6.2,9.785,9.785
2022-06-12 18:00:00+02:00,31.566,6.5,10.36,10.36
2022-06-12 19:00:00+02:00,34.166,7.0,11.364,11.364
2022-06-12 20:00:00+02:00,38.733,8.6,14.098,14.098
2022-06-12 21:00:00+02:00,45.367,10.6,18.112,18.112
2022-06-12 22:00:00+02:00,50.133,11.8,19.988,20.165
2022-06-12 23:00:00+02:00,52.5,10.4,17.5285,17.5375
2022-06-13 00:00:00+02:00,53.733,9.1,14.917,14.917
2022-06-13 01:00:00+02:00,55.1,8.6,14.0345,14.0345
2022-06-13 02:00:00+02:00,56.667,8.6,14.1185,14.1185
2022-06-13 03:00:00+02:00,58.334,8.9,14.477999999999998,14.477999999999998
2022-06-13 04:00:00+02:00,59.666,9.2,14.9865,14.9865
2022-06-13 05:00:00+02:00,60.1,9.7,15.896,15.896
2022-06-13 06:00:00+02:00,58.666,9.6,15.802,15.802
2022-06-13 07:00:00+02:00,52.666,9.5,15.363499999999998,15.363499999999998
2022-06-13 08:00:00+02:00,42.15,9.4,15.5865,15.5865
2022-06-13 09:00:00+02:00,40.834,9.4,15.5925,15.5955
2022-06-13 10:00:00+02:00,38.633,8.7,14.3935,14.393999999999998
2022-06-13 11:00:00+02:00,34.592,8.4,13.9515,13.9515
2022-06-13 12:00:00+02:00,30.367,8.2,13.422,13.4625
2022-06-13 13:00:00+02:00,28.334,7.2,11.6665,11.668500000000002
2022-06-13 14:00:00+02:00,28.0,7.5,12.2435,12.2435
2022-06-13 15:00:00+02:00,28.066,7.8,12.858,12.858
2022-06-13 16:00:00+02:00,26.566,7.5,12.0765,12.0765
2022-06-13 17:00:00+02:00,26.166,7.1,11.456,11.456
2022-06-13 18:00:00+02:00,26.933,7.3,11.8115,11.8115
2022-06-13 19:00:00+02:00,28.667,9.2,15.1075,15.1075
2022-06-13 20:00:00+02:00,33.8,11.5,19.2655,19.273
2022-06-13 21:00:00+02:00,39.067,13.1,22.021,22.1125
2022-06-13 22:00:00+02:00,44.234,14.7,25.039,25.0935
2022-06-13 23:00:00+02:00,46.267,14.0,23.85,23.8875
2022-06-14 00:00:00+02:00,46.034,10.9,18.1575,18.1585
2022-06-14 01:00:00+02:00,46.633,7.2,11.265,11.265
2022-06-14 02:00:00+02:00,52.466,7.3,11.436,11.436
2022-06-14 03:00:00+02:00,57.466,7.7,12.187,12.187
2022-06-14 04:00:00+02:00,57.733,7.1,11.1,11.1
2022-06-14 05:00:00+02:00,57.933,7.1,11.345,11.345
2022-06-14 06:00:00+02:00,58.334,10.2,16.9405,16.945
2022-06-14 07:00:00+02:00,57.167,8.6,14.2625,14.2625
2022-06-14 08:00:00+02:00,50.6,8.8,14.5075,14.5075
2022-06-14 09:00:00+02:00,44.334,7.7,12.6285,12.6335
2022-06-14 10:00:00+02:00,33.508,4.8,7.265000000000001,7.265000000000001
2022-06-14 11:00:00+02:00,29.6,4.3,6.273,6.273
2022-06-14 12:00:00+02:00,30.367,4.9,7.4785,7.4785
2022-06-14 13:00:00+02:00,31.9,5.7,8.9115,8.9175
2022-06-14 14:00:00+02:00,30.934,5.3,8.141,8.141
2022-06-14 15:00:00+02:00,30.9,6.0,9.539,9.542000000000002
2022-06-14 16:00:00+02:00,30.4,5.5,8.485,8.485
2022-06-14 17:00:00+02:00,30.067,5.2,8.024000000000001,8.024000000000001
2022-06-14 18:00:00+02:00,31.034,5.4,8.302,8.302
2022-06-14 19:00:00+02:00,32.233,5.7,8.8625,8.8625
2022-06-14 20:00:00+02:00,34.1,6.5,10.3955,10.3955
2022-06-14 21:00:00+02:00,38.067,12.3,20.3765,21.2575
2022-06-14 22:00:00+02:00,44.5,12.6,21.5625,21.5785
2022-06-14 23:00:00+02:00,48.133,10.2,17.2955,17.2985
2022-06-15 00:00:00+02:00,51.0,9.2,15.270499999999998,15.270499999999998
2022-06-15 01:00:00+02:00,52.367,7.6,12.313,12.313
2022-06-15 02:00:00+02:00,53.267,7.0,11.0435,11.0435
2022-06-15 03:00:00+02:00,54.466,6.6,10.35,10.35
2022-06-15 04:00:00+02:00,55.233,6.6,10.3885,10.3885
2022-06-15 05:00:00+02:00,56.4,8.1,13.0625,13.0625
2022-06-15 06:00:00+02:00,53.933,7.9,12.803,12.803
2022-06-15 07:00:00+02:00,48.4,7.5,11.8475,11.8475
2022-06-15 08:00:00+02:00,38.57,7.7,12.504,12.504
2022-06-15 09:00:00+02:00,37.084,7.6,12.302,12.302
2022-06-15 10:00:00+02:00,28.125,5.9,9.0385,9.0385
2022-06-15 11:00:00+02:00,24.233,4.8,7.1525,7.1525
2022-06-15 12:00:00+02:00,24.066,4.9,7.382,7.382
2022-06-15 13:00:00+02:00,24.8,5.7,8.8675,8.8715
2022-06-15 14:00:00+02:00,24.25,5.6,8.526499999999999,8.526499999999999
2022-06-15 15:00:00+02:00,24.466,6.2,9.562,9.562
2022-06-15 16:00:00+02:00,25.534,6.3,9.822,9.822
2022-06-15 17:00:00+02:00,26.566,6.4,10.12,10.12
2022-06-15 18:00:00+02:00,27.1,6.6,10.446,10.446
2022-06-15 19:00:00+02:00,31.4,7.3,11.75,11.75
2022-06-15 20:00:00+02:00,34.133,8.7,14.1755,14.1765
2022-06-15 21:00:00+02:00,37.666,10.5,17.465,17.468
2022-06-15 22:00:00+02:00,43.534,17.5,27.8785,29.895
2022-06-15 23:00:00+02:00,47.7,13.0,22.079,22.0835
2022-06-16 00:00:00+02:00,50.034,11.2,18.6425,18.6425
2022-06-16 01:00:00+02:00,51.633,10.2,17.0225,17.0225
2022-06-16 02:00:00+02:00,53.2,10.4,17.2135,17.2135
2022-06-16 03:00:00+02:00,54.466,10.5,17.3635,17.3635
2022-06-16 04:00:00+02:00,55.966,11.8,19.806,19.807
2022-06-16 05:00:00+02:00,58.0,12.7,21.51,21.535
2022-06-16 06:00:00+02:00,56.6,12.1,20.172,20.173
2022-06-16 07:00:00+02:00,51.8,12.1,20.32,20.331
2022-06-16 08:00:00+02:00,41.767,11.3,19.0955,19.0955
2022-06-16 09:00:00+02:00,38.867,12.8,21.9775,22.01
2022-06-16 10:00:00+02:00,35.466,12.0,20.5765,20.597
2022-06-16 11:00:00+02:00,34.2,10.7,18.128,18.1675
2022-06-16 12:00:00+02:00,33.834,10.1,16.7795,16.7795
2022-06-16 13:00:00+02:00,31.033,8.9,14.728,14.728
2022-06-16 14:00:00+02:00,27.7,8.0,12.9205,12.921
2022-06-16 15:00:00+02:00,26.1,8.1,12.615,12.615
2022-06-16 16:00:00+02:00,25.0,7.6,11.969,11.969
2022-06-16 17:00:00+02:00,25.867,8.6,13.7895,13.7895
2022-06-16 18:00:00+02:00,28.034,9.8,16.286,16.412
2022-06-16 19:00:00+02:00,32.067,11.5,19.4705,19.478
2022-06-16 20:00:00+02:00,36.534,12.7,21.5575,21.586
2022-06-16 21:00:00+02:00,39.934,14.2,24.242,24.325000000000003
2022-06-16 22:00:00+02:00,43.167,16.5,28.196,28.7635
2022-06-16 23:00:00+02:00,46.334,15.6,26.417,26.824
2022-06-17 00:00:00+02:00,50.7,13.1,22.179,22.1965
2022-06-17 01:00:00+02:00,52.633,13.8,23.184,23.2785
2022-06-17 02:00:00+02:00,54.2,14.2,24.182,24.216
2022-06-17 03:00:00+02:00,56.433,14.9,25.2915,25.342
2022-06-17 04:00:00+02:00,58.3,14.3,24.215,24.2445
2022-06-17 05:00:00+02:00,58.467,14.4,24.492,24.5205
2022-06-17 06:00:00+02:00,57.333,14.0,23.666,23.6845
2022-06-17 07:00:00+02:00,53.166,13.8,23.293,23.5975
2022-06-17 08:00:00+02:00,48.166,10.7,17.655,17.722
2022-06-17 09:00:00+02:00,46.2,8.7,14.04,14.04
2022-06-17 10:00:00+02:00,44.1,9.2,14.931,14.9775
2022-06-17 11:00:00+02:00,43.7,9.9,16.2755,16.2755
2022-06-17 12:00:00+02:00,41.433,9.2,14.77,14.805
2022-06-17 13:00:00+02:00,37.558,9.1,14.5495,14.617
2022-06-17 14:00:00+02:00,35.139,9.8,16.1075,16.1075
2022-06-17 15:00:00+02:00,34.566,10.5,17.3105,17.3125
2022-06-17 16:00:00+02:00,32.166,10.0,16.395,16.395
2022-06-17 17:00:00+02:00,32.4,10.6,17.673000000000002,17.673000000000002
2022-06-17 18:00:00+02:00,33.4,11.5,19.1195,19.121
2022-06-17 19:00:00+02:00,36.7,10.0,16.561,16.561
2022-06-17 20:00:00+02:00,38.9,12.3,20.565,20.658
2022-06-17 21:00:00+02:00,42.733,14.7,24.516,24.9985
2022-06-17 22:00:00+02:00,46.8,20.1,32.37,34.5165
2022-06-17 23:00:00+02:00,50.067,16.3,27.067,27.654
2022-06-18 00:00:00+02:00,52.1,14.2,23.9675,24.0275
2022-06-18 01:00:00+02:00,54.267,12.4,20.648,20.648
2022-06-18 02:00:00+02:00,56.5,12.6,20.886,21.002
2022-06-18 03:00:00+02:00,57.034,11.8,19.5785,19.5785
2022-06-18 04:00:00+02:00,57.867,11.6,19.2825,19.2825
2022-06-18 05:00:00+02:00,59.0,13.2,21.983,21.9925
2022-06-18 06:00:00+02:00,58.666,12.0,20.014,20.0185
2022-06-18 07:00:00+02:00,53.9,11.6,19.1015,19.1015
2022-06-18 08:00:00+02:00,39.834,9.8,16.1705,16.1705
2022-06-18 09:00:00+02:00,34.6,5.7,8.979,8.979
2022-06-18 10:00:00+02:00,33.133,5.6,8.635,8.635
2022-06-18 11:00:00+02:00,33.533,6.8,10.7335,10.7335
2022-06-18 12:00:00+02:00,33.933,7.6,12.1135,12.1135
2022-06-18 13:00:00+02:00,32.6,8.5,13.6555,13.6635
2022-06-18 14:00:00+02:00,31.5,8.5,13.648,13.648
2022-06-18 15:00:00+02:00,29.134,7.7,12.051,12.051
2022-06-18 16:00:00+02:00,28.834,8.4,13.2855,13.2855
2022-06-18 17:00:00+02:00,29.466,7.9,12.5925,12.5925
2022-06-18 18:00:00+02:00,28.267,7.6,11.953,11.953
2022-06-18 19:00:00+02:00,29.066,7.8,12.318,12.318
2022-06-18 20:00:00+02:00,32.267,13.0,21.0615,21.657
2022-06-18 21:00:00+02:00,36.5,12.4,20.653,20.677
2022-06-18 22:00:00+02:00,41.6,16.9,28.4195,29.002
2022-06-18 23:00:00+02:00,44.933,13.3,22.3195,22.328
2022-06-19 00:00:00+02:00,47.433,11.4,18.918,18.918
2022-06-19 01:00:00+02:00,50.834,13.7,22.846,22.864
2022-06-19 02:00:00+02:00,52.567,10.2,16.454,16.454
2022-06-19 03:00:00+02:00,53.433,9.9,16.0015,16.0015
2022-06-19 04:00:00+02:00,54.334,9.9,16.0255,16.0255
2022-06-19 05:00:00+02:00,55.2,11.2,18.332500000000003,18.332500000000003
2022-06-19 06:00:00+02:00,55.267,10.9,17.755499999999998,17.755499999999998
2022-06-19 07:00:00+02:00,51.4,10.8,17.6475,17.6575
2022-06-19 08:00:00+02:00,39.433,10.3,16.613999999999997,16.613999999999997
2022-06-19 09:00:00+02:00,36.034,10.3,16.6645,16.6645
2022-06-19 10:00:00+02:00,35.3,10.7,17.5465,17.5465
2022-06-19 11:00:00+02:00,33.034,9.0,14.4475,14.4475
2022-06-19 12:00:00+02:00,28.5,7.8,12.173,12.173
2022-06-19 13:00:00+02:00,28.1,8.0,12.497,12.497
2022-06-19 14:00:00+02:00,28.767,8.6,13.437,13.437
2022-06-19 15:00:00+02:00,28.034,9.3,14.6675,14.6675
2022-06-19 16:00:00+02:00,27.533,9.3,14.4815,14.4815
2022-06-19 17:00:00+02:00,28.0,9.7,15.32,15.3585
2022-06-19 18:00:00+02:00,28.0,9.2,14.842,14.842
2022-06-19 19:00:00+02:00,29.067,9.8,15.991,15.991
2022-06-19 20:00:00+02:00,31.767,10.0,16.2875,16.2875
2022-06-19 21:00:00+02:00,36.433,15.0,25.01,25.4265
2022-06-19 22:00:00+02:00,41.933,15.5,26.2315,26.43
2022-06-19 23:00:00+02:00,45.233,14.7,24.9415,25.1905
2022-06-20 00:00:00+02:00,47.733,13.2,21.9785,22.127
2022-06-20 01:00:00+02:00,49.7,12.5,20.804,20.805
2022-06-20 02:00:00+02:00,51.4,13.0,21.6215,21.6215
2022-06-20 03:00:00+02:00,53.367,13.4,22.455,22.455
2022-06-20 04:00:00+02:00,54.7,14.4,23.9955,24.0085
2022-06-20 05:00:00+02:00,57.3,17.4,28.885,29.791
2022-06-20 06:00:00+02:00,57.233,19.9,32.2995,34.3755
2022-06-20 07:00:00+02:00,52.2,17.6,29.1845,29.918
2022-06-20 08:00:00+02:00,41.033,16.4,27.473,27.825000000000003
2022-06-20 09:00:00+02:00,34.267,14.0,23.546,23.6065
2022-06-20 10:00:00+02:00,27.834,10.4,16.5825,16.5825
2022-06-20 11:00:00+02:00,25.0,9.9,15.586,15.586
2022-06-20 12:00:00+02:00,23.0,9.3,14.583,14.608
2022-06-20 13:00:00+02:00,21.4,8.1,12.656,12.662
2022-06-20 14:00:00+02:00,19.2,7.7,11.689,11.707
2022-06-20 15:00:00+02:00,21.134,7.6,11.55,11.55
2022-06-20 16:00:00+02:00,21.1,6.6,9.859,9.859
2022-06-20 17:00:00+02:00,20.833,5.7,8.29,8.29
2022-06-20 18:00:00+02:00,22.4,6.9,10.456,10.456
2022-06-20 19:00:00+02:00,25.6,8.4,13.1855,13.1855
2022-06-20 20:00:00+02:00,29.767,10.6,17.107,17.107
2022-06-20 21:00:00+02:00,32.433,12.8,21.3085,21.46
2022-06-20 22:00:00+02:00,34.5,12.1,20.0665,20.0665
2022-06-20 23:00:00+02:00,36.6,11.8,19.449,19.449
2022-06-21 00:00:00+02:00,42.0,14.3,23.915,23.94
2022-06-21 01:00:00+02:00,44.0,14.6,24.3165,24.5695
2022-06-21 02:00:00+02:00,44.266,13.0,21.308,21.3265
2022-06-21 03:00:00+02:00,43.9,10.8,17.302,17.302
2022-06-21 04:00:00+02:00,45.767,11.6,18.663,18.663
2022-06-21 05:00:00+02:00,48.234,12.4,20.082,20.082
2022-06-21 06:00:00+02:00,46.967,12.1,19.83,19.8305
2022-06-21 07:00:00+02:00,42.842,11.9,19.4405,19.4405
2022-06-21 08:00:00+02:00,35.192,12.0,19.5895,19.5895
2022-06-21 09:00:00+02:00,32.1,11.9,19.145,19.145
2022-06-21 10:00:00+02:00,30.2,11.5,18.563,18.567
2022-06-21 11:00:00+02:00,28.5,11.8,19.0215,19.0445
2022-06-21 12:00:00+02:00,28.6,12.8,20.727,20.753
2022-06-21 13:00:00+02:00,28.233,11.3,18.195,18.1955
2022-06-21 14:00:00+02:00,27.3,11.0,17.5575,17.5575
2022-06-21 15:00:00+02:00,27.467,11.2,17.865000000000002,18.019
2022-06-21 16:00:00+02:00,29.967,11.9,19.169,19.1695
2022-06-21 17:00:00+02:00,34.666,13.1,20.8,20.8015
2022-06-21 18:00:00+02:00,36.5,13.1,20.954,20.9565
2022-06-21 19:00:00+02:00,39.566,14.2,22.998,23.0645
2022-06-21 20:00:00+02:00,41.5,13.8,22.7355,22.752
2022-06-21 21:00:00+02:00,42.9,15.1,24.969,25.0385
2022-06-21 22:00:00+02:00,45.967,16.2,26.6295,26.8895
2022-06-21 23:00:00+02:00,53.433,16.6,27.315,27.5465
2022-06-22 00:00:00+02:00,57.166,17.4,28.078,28.5475
2022-06-22 01:00:00+02:00,55.2,15.2,24.8635,25.0065
2022-06-22 02:00:00+02:00,53.0,13.7,22.6955,22.7025
2022-06-22 03:00:00+02:00,53.434,13.0,21.114,21.1165
2022-06-22 04:00:00+02:00,51.433,10.8,17.54,17.54
2022-06-22 05:00:00+02:00,52.167,10.8,17.4905,17.4905
2022-06-22 06:00:00+02:00,54.367,12.3,20.3625,20.4125
2022-06-22 07:00:00+02:00,51.133,12.7,21.1005,21.1035
2022-06-22 08:00:00+02:00,46.166,11.5,18.918,18.9315
2022-06-22 09:00:00+02:00,44.967,10.8,17.649,17.6545
2022-06-22 10:00:00+02:00,41.642,11.1,18.247,18.2645
2022-06-22 11:00:00+02:00,40.091,11.3,18.313,18.313
2022-06-22 12:00:00+02:00,38.858,10.9,17.772,17.826
2022-06-22 13:00:00+02:00,37.267,10.8,17.4315,17.679
2022-06-22 14:00:00+02:00,35.986,10.4,16.8725,16.8725
2022-06-22 15:00:00+02:00,35.875,11.9,19.675,19.68
2022-06-22 16:00:00+02:00,36.8,11.5,18.643,18.665
2022-06-22 17:00:00+02:00,38.633,11.6,19.02,19.02
2022-06-22 18:00:00+02:00,39.534,12.3,20.095,20.095
2022-06-22 19:00:00+02:00,40.3,12.3,20.094,20.0955
2022-06-22 20:00:00+02:00,43.6,16.0,26.257,26.794
2022-06-22 21:00:00+02:00,47.1,20.1,32.013,34.0415
2022-06-22 22:00:00+02:00,48.733,17.4,28.4625,29.1025
2022-06-22 23:00:00+02:00,50.334,18.4,29.942,30.9905
2022-06-23 00:00:00+02:00,52.7,20.1,31.852000000000004,33.8035
2022-06-23 01:00:00+02:00,54.367,16.9,27.6935,28.037
2022-06-23 02:00:00+02:00,55.4,18.7,30.148,31.23
2022-06-23 03:00:00+02:00,57.3,19.6,31.0865,32.782
2022-06-23 04:00:00+02:00,58.467,20.1,31.842,33.707
2022-06-23 05:00:00+02:00,58.034,18.6,30.0305,31.0565
2022-06-23 06:00:00+02:00,57.4,19.9,31.819000000000003,33.7045
2022-06-23 07:00:00+02:00,54.167,17.3,28.0845,28.9195
2022-06-23 08:00:00+02:00,50.8,15.6,25.747,25.9215
2022-06-23 09:00:00+02:00,47.32,9.2,14.608,14.632
2022-06-23 10:00:00+02:00,46.611,8.8,13.844,13.869
2022-06-23 11:00:00+02:00,45.059,5.8,8.639,8.639
2022-06-23 12:00:00+02:00,43.6,4.6,6.2195,6.4535
2022-06-23 13:00:00+02:00,41.108,4.2,5.737500000000001,5.737500000000001
2022-06-23 14:00:00+02:00,37.409,4.3,5.968,5.968
2022-06-23 15:00:00+02:00,37.916,5.4,7.8795,7.882
2022-06-23 16:00:00+02:00,39.834,6.9,10.4065,10.4065
2022-06-23 17:00:00+02:00,40.034,6.6,9.874,9.874
2022-06-23 18:00:00+02:00,39.267,6.9,10.5465,10.5465
2022-06-23 19:00:00+02:00,38.9,6.7,10.0615,10.0615
2022-06-23 20:00:00+02:00,39.267,7.4,11.4965,11.4965
2022-06-23 21:00:00+02:00,41.2,8.1,12.707,12.707
2022-06-23 22:00:00+02:00,44.166,9.9,16.128500000000003,16.128999999999998
2022-06-23 23:00:00+02:00,47.066,10.0,16.0785,16.0815
2022-06-24 00:00:00+02:00,50.067,13.6,22.502,22.6705
2022-06-24 01:00:00+02:00,52.3,13.0,21.636000000000003,21.64
2022-06-24 02:00:00+02:00,53.367,12.4,20.499,20.499
2022-06-24 03:00:00+02:00,54.966,12.5,20.698500000000003,20.698500000000003
2022-06-24 04:00:00+02:00,56.8,9.9,15.786,15.786
2022-06-24 05:00:00+02:00,57.633,10.2,16.497,16.497
2022-06-24 06:00:00+02:00,58.4,11.0,17.883499999999998,17.883499999999998
2022-06-24 07:00:00+02:00,55.067,11.3,18.4315,18.442
2022-06-24 08:00:00+02:00,45.966,10.9,17.932499999999997,17.932499999999997
2022-06-24 09:00:00+02:00,44.028,12.4,20.705,20.7195
2022-06-24 10:00:00+02:00,41.983,12.1,20.0185,20.0185
2022-06-24 11:00:00+02:00,38.942,11.1,18.0315,18.0315
2022-06-24 12:00:00+02:00,34.566,9.1,14.39,14.39
2022-06-24 13:00:00+02:00,31.767,7.8,11.883,11.883
2022-06-24 14:00:00+02:00,31.067,8.0,12.4365,12.4375
2022-06-24 15:00:00+02:00,31.0,8.2,12.6935,12.6935
2022-06-24 16:00:00+02:00,31.166,8.3,12.9665,12.9665
2022-06-24 17:00:00+02:00,31.467,8.5,13.27,13.27
2022-06-24 18:00:00+02:00,31.8,8.2,12.61,12.61
2022-06-24 19:00:00+02:00,33.367,8.2,12.7315,12.7315
2022-06-24 20:00:00+02:00,35.267,10.4,16.7725,16.7765
2022-06-24 21:00:00+02:00,39.733,12.4,20.9745,20.989
2022-06-24 22:00:00+02:00,44.067,14.5,24.5505,24.6385
2022-06-24 23:00:00+02:00,47.466,13.9,23.5835,23.649
2022-06-25 00:00:00+02:00,49.5,11.3,18.606,18.606
2022-06-25 01:00:00+02:00,51.267,11.6,18.995,18.995
2022-06-25 02:00:00+02:00,52.334,11.3,18.52,18.52
2022-06-25 03:00:00+02:00,51.034,8.6,13.647,13.647
2022-06-25 04:00:00+02:00,50.833,8.3,13.1455,13.1455
2022-06-25 05:00:00+02:00,48.334,7.2,11.232,11.232
2022-06-25 06:00:00+02:00,48.0,7.6,11.894,11.894
2022-06-25 07:00:00+02:00,45.667,8.0,12.524,12.524
2022-06-25 08:00:00+02:00,42.567,8.4,13.515,13.515
2022-06-25 09:00:00+02:00,37.333,8.8,14.101,14.1015
2022-06-25 10:00:00+02:00,33.067,7.1,11.02,11.02
2022-06-25 11:00:00+02:00,33.1,7.5,11.8945,11.8945
2022-06-25 12:00:00+02:00,34.966,7.9,12.6245,12.6245
2022-06-25 13:00:00+02:00,38.967,8.3,13.0075,13.0075
2022-06-25 14:00:00+02:00,41.1,7.9,12.226,12.226
2022-06-25 15:00:00+02:00,34.9,7.0,10.495,10.495
2022-06-25 16:00:00+02:00,34.867,7.3,10.877,10.877
2022-06-25 17:00:00+02:00,38.433,7.7,11.8555,11.8555
2022-06-25 18:00:00+02:00,39.666,8.6,13.6915,13.6915
2022-06-25 19:00:00+02:00,49.167,9.5,15.255,15.255
2022-06-25 20:00:00+02:00,56.966,11.8,19.364,19.364
2022-06-25 21:00:00+02:00,58.7,11.1,18.239,18.2405
2022-06-25 22:00:00+02:00,57.367,9.0,14.357,14.357
2022-06-25 23:00:00+02:00,56.7,6.9,10.761500000000002,10.761500000000002
2022-06-26 00:00:00+02:00,57.566,6.2,9.38,9.38
2022-06-26 01:00:00+02:00,57.666,5.8,8.756,8.756
2022-06-26 02:00:00+02:00,58.6,6.1,9.083,9.083
2022-06-26 03:00:00+02:00,59.034,5.9,8.99,8.99
2022-06-26 04:00:00+02:00,59.767,6.3,9.5765,9.5765
2022-06-26 05:00:00+02:00,60.166,9.0,14.675,14.679
2022-06-26 06:00:00+02:00,59.433,8.0,12.747,12.747
2022-06-26 07:00:00+02:00,54.834,7.4,11.5215,11.5215
2022-06-26 08:00:00+02:00,44.9,6.9,10.658,10.658
2022-06-26 09:00:00+02:00,42.733,7.6,11.808,11.808
2022-06-26 10:00:00+02:00,38.533,7.8,12.35,12.35
2022-06-26 11:00:00+02:00,35.4,6.5,10.0325,10.0325
2022-06-26 12:00:00+02:00,31.6,5.3,7.702500000000001,7.702500000000001
2022-06-26 13:00:00+02:00,26.833,4.5,6.113,6.113
2022-06-26 14:00:00+02:00,24.733,4.2,5.5375,5.54
2022-06-26 15:00:00+02:00,21.966,3.6,4.3905,4.3905
2022-06-26 16:00:00+02:00,22.2,4.0,5.2435,5.2435
2022-06-26 17:00:00+02:00,21.966,4.0,5.313000000000001,5.313000000000001
2022-06-26 18:00:00+02:00,25.733,5.4,7.6715,7.6715
2022-06-26 19:00:00+02:00,30.033,8.5,12.9505,13.149
2022-06-26 20:00:00+02:00,32.733,7.4,11.292,11.292
2022-06-26 21:00:00+02:00,39.133,11.2,18.511000000000003,18.511000000000003
2022-06-26 22:00:00+02:00,43.433,11.3,18.9705,19.002
2022-06-26 23:00:00+02:00,44.267,9.3,15.251,15.251
2022-06-27 00:00:00+02:00,46.367,7.6,12.0965,12.0965
2022-06-27 01:00:00+02:00,47.367,7.0,10.959,10.959
2022-06-27 02:00:00+02:00,47.7,6.6,10.325,10.325
2022-06-27 03:00:00+02:00,48.567,6.7,10.5015,10.5015
2022-06-27 04:00:00+02:00,49.966,6.8,10.752,10.752
2022-06-27 05:00:00+02:00,50.5,7.0,11.158,11.158
2022-06-27 06:00:00+02:00,50.166,7.7,12.1295,12.1295
2022-06-27 07:00:00+02:00,45.967,8.4,13.6455,13.648
2022-06-27 08:00:00+02:00,36.333,8.0,12.886,12.886
2022-06-27 09:00:00+02:00,34.2,8.0,12.8335,12.8335
2022-06-28 10:00:00+02:00,35.433,17.2,28.34,29.048
2022-06-28 11:00:00+02:00,35.334,18.5,30.195500000000003,31.5345
2022-06-28 12:00:00+02:00,31.167,29.7,40.87050000000001,51.8295
2022-06-28 13:00:00+02:00,27.666,20.1,31.6655,34.636
2022-06-28 14:00:00+02:00,28.034,17.9,29.166,30.31
2022-06-28 15:00:00+02:00,26.467,15.8,26.099,26.4245
2022-06-28 16:00:00+02:00,27.267,16.5,27.035,27.48
2022-06-28 17:00:00+02:00,26.6,15.4,25.1155,25.2765
2022-06-28 18:00:00+02:00,28.267,13.1,21.212,21.235
2022-06-28 19:00:00+02:00,30.133,11.9,19.3895,19.4105
2022-06-28 20:00:00+02:00,31.934,12.0,19.8225,19.8265
2022-06-28 21:00:00+02:00,33.834,12.8,21.3225,21.3265
2022-06-28 22:00:00+02:00,36.8,16.2,27.4375,27.816000000000003
2022-06-28 23:00:00+02:00,39.8,16.6,28.2385,28.7295
2022-06-29 00:00:00+02:00,42.966,16.3,27.7105,28.027
2022-06-29 01:00:00+02:00,45.666,16.0,27.0965,27.482
2022-06-29 02:00:00+02:00,47.767,16.0,26.897,27.135
2022-06-29 03:00:00+02:00,50.2,16.2,27.35,27.628
2022-06-29 04:00:00+02:00,52.5,17.3,28.8725,29.4865
2022-06-29 05:00:00+02:00,54.433,19.1,31.232,32.7875
2022-06-29 06:00:00+02:00,54.9,21.5,33.648,37.0015
2022-06-29 07:00:00+02:00,51.434,19.3,31.53,33.234
2022-06-29 08:00:00+02:00,41.367,16.5,27.7805,28.147
2022-06-29 09:00:00+02:00,41.1,19.0,31.143,32.7025
2022-06-29 10:00:00+02:00,38.8,20.2,32.1555,34.399
2022-06-29 11:00:00+02:00,34.133,17.6,28.4305,29.368
2022-06-29 12:00:00+02:00,29.566,14.8,23.8655,23.946
2022-06-29 13:00:00+02:00,27.467,14.0,22.357,22.3835
2022-06-29 14:00:00+02:00,27.0,13.6,21.5245,21.553
2022-06-29 15:00:00+02:00,26.233,13.5,21.4135,21.4415
2022-06-29 16:00:00+02:00,28.034,12.6,19.7865,19.807
2022-06-29 17:00:00+02:00,28.133,10.2,15.713,15.7135
2022-06-29 18:00:00+02:00,29.134,10.3,15.946000000000002,15.946000000000002
2022-06-29 19:00:00+02:00,33.367,12.9,20.871,20.8965
2022-06-29 20:00:00+02:00,36.433,14.7,24.2135,24.2445
2022-06-29 21:00:00+02:00,39.2,15.2,25.77,25.946
2022-06-29 22:00:00+02:00,42.0,17.0,28.313,28.9315
2022-06-29 23:00:00+02:00,44.433,17.7,29.576,30.343
2022-06-30 00:00:00+02:00,47.433,18.5,30.463,31.552
2022-06-30 01:00:00+02:00,49.334,16.5,27.6615,27.9145
2022-06-30 02:00:00+02:00,51.767,16.3,27.259,27.4705
2022-06-30 03:00:00+02:00,53.267,16.0,26.724,26.853
2022-06-30 04:00:00+02:00,54.166,14.9,24.94,24.9995
2022-06-30 05:00:00+02:00,54.2,15.4,25.7635,25.969
2022-06-30 06:00:00+02:00,54.534,17.2,28.289,28.829
2022-06-30 07:00:00+02:00,47.7,15.1,25.306,25.3885
2022-06-30 08:00:00+02:00,34.767,11.7,19.081000000000003,19.135
2022-06-30 09:00:00+02:00,30.633,7.8,11.7355,11.7355
2022-06-30 10:00:00+02:00,30.367,7.7,11.583,11.583
2022-06-30 11:00:00+02:00,29.6,8.0,12.109,12.109
2022-06-30 12:00:00+02:00,29.367,7.8,11.652,11.652
2022-06-30 13:00:00+02:00,29.0,7.8,11.7445,11.7445
2022-06-30 14:00:00+02:00,28.767,8.1,12.229,12.229
2022-06-30 15:00:00+02:00,28.066,8.0,12.0655,12.066
2022-06-30 16:00:00+02:00,27.666,7.6,11.3595,11.3885
2022-06-30 17:00:00+02:00,28.334,7.8,11.5755,11.5755
2022-06-30 18:00:00+02:00,30.367,8.4,12.61,12.61
2022-06-30 19:00:00+02:00,32.966,9.3,14.0715,14.0715
2022-06-30 20:00:00+02:00,34.433,9.5,14.6095,14.6095
2022-06-30 21:00:00+02:00,37.2,11.8,18.822000000000003,18.833
2022-06-30 22:00:00+02:00,40.8,13.3,22.1225,22.125
2022-06-30 23:00:00+02:00,44.333,12.8,21.249,21.249
2022-07-01 00:00:00+02:00,46.233,11.0,18.0215,18.0215
2022-07-01 01:00:00+02:00,48.133,10.9,17.933999999999997,17.933999999999997
2022-07-01 02:00:00+02:00,49.8,10.2,16.5575,16.5575
2022-07-01 03:00:00+02:00,50.567,10.3,16.633000000000003,16.633000000000003
2022-07-01 04:00:00+02:00,51.767,10.4,16.8725,16.8725
2022-07-01 05:00:00+02:00,52.867,10.9,17.805500000000002,17.805500000000002
2022-07-01 06:00:00+02:00,52.7,11.5,18.8775,18.8775
2022-07-01 07:00:00+02:00,48.9,13.1,21.476,21.482
2022-07-01 08:00:00+02:00,38.2,12.8,21.099,21.122
2022-07-01 09:00:00+02:00,32.0,9.5,14.645,14.645
2022-07-01 10:00:00+02:00,24.2,5.7,7.997,7.997
2022-07-01 11:00:00+02:00,20.634,5.1,7.005000000000001,7.006500000000001
2022-07-01 12:00:00+02:00,17.367,4.5,5.82,5.8225
2022-07-01 13:00:00+02:00,17.133,5.2,6.933,6.933
2022-07-01 14:00:00+02:00,16.934,5.3,7.093999999999999,7.093999999999999
2022-07-01 15:00:00+02:00,16.5,5.7,7.8825,7.8825
2022-07-01 16:00:00+02:00,15.966,5.9,8.278500000000001,8.279499999999999
2022-07-01 17:00:00+02:00,16.0,5.4,7.4685,7.4685
2022-07-01 18:00:00+02:00,16.534,5.1,6.732,6.732
2022-07-01 19:00:00+02:00,19.4,6.2,8.688500000000001,8.688500000000001
2022-07-01 20:00:00+02:00,25.3,9.3,14.421,14.434
2022-07-01 21:00:00+02:00,29.5,8.6,13.284,13.284
2022-07-01 22:00:00+02:00,30.733,8.9,13.9625,13.9625
2022-07-01 23:00:00+02:00,34.6,10.8,18.1105,18.1105
2022-07-02 00:00:00+02:00,37.4,11.3,18.887,18.8885
2022-07-02 01:00:00+02:00,39.1,8.8,14.513000000000002,14.513000000000002
2022-07-02 02:00:00+02:00,42.267,8.8,14.278,14.278
2022-07-02 03:00:00+02:00,43.034,7.9,12.651,12.651
2022-07-02 04:00:00+02:00,43.9,5.7,8.5325,8.5325
2022-07-02 05:00:00+02:00,46.034,6.5,10.105,10.105
2022-07-02 06:00:00+02:00,46.834,5.8,8.9565,8.9565
2022-07-02 07:00:00+02:00,44.034,2.8,3.4015,3.4015
2022-07-02 08:00:00+02:00,39.466,2.7,3.285,3.285
2022-07-02 09:00:00+02:00,42.3,3.3,4.2855,4.286
2022-07-02 10:00:00+02:00,41.875,4.0,5.4830000000000005,5.486000000000001
2022-07-02 11:00:00+02:00,38.767,4.8,6.8725000000000005,6.907500000000001
2022-07-02 12:00:00+02:00,36.9,4.5,6.391,6.391
2022-07-02 13:00:00+02:00,34.5,3.6,4.952500000000001,4.952500000000001
2022-07-02 14:00:00+02:00,32.834,3.7,5.0280000000000005,5.0280000000000005
2022-07-02 15:00:00+02:00,31.867,3.9,5.2875,5.2875
2022-07-02 16:00:00+02:00,32.433,3.8,5.1505,5.1505
2022-07-02 17:00:00+02:00,32.0,3.8,5.106,5.106
2022-07-02 18:00:00+02:00,32.0,4.0,5.5855,5.5855
2022-07-02 19:00:00+02:00,32.7,4.4,6.275,6.275
2022-07-02 20:00:00+02:00,35.0,4.2,5.8865,5.8865
2022-07-02 21:00:00+02:00,36.9,5.3,7.9135,7.9135
2022-07-02 22:00:00+02:00,40.767,5.9,8.8705,8.8705
2022-07-02 23:00:00+02:00,44.666,6.3,9.66,9.66
2022-07-03 00:00:00+02:00,46.733,5.9,9.1355,9.1355
2022-07-03 01:00:00+02:00,48.666,5.6,8.5805,8.5805
2022-07-03 02:00:00+02:00,50.6,4.9,7.271000000000001,7.271000000000001
2022-07-03 03:00:00+02:00,51.433,4.8,6.925,6.925
2022-07-03 04:00:00+02:00,53.767,4.6,6.6145,6.6145
2022-07-03 05:00:00+02:00,54.5,6.1,9.3085,9.3085
2022-07-03 06:00:00+02:00,53.9,7.1,11.1615,11.1615
2022-07-03 07:00:00+02:00,50.966,6.1,9.255,9.255
2022-07-03 08:00:00+02:00,42.466,5.9,9.0235,9.0235
2022-07-03 09:00:00+02:00,38.767,5.6,8.3965,8.3965
2022-07-03 10:00:00+02:00,36.567,6.3,9.4,9.4
2022-07-03 11:00:00+02:00,34.9,7.4,11.5015,11.509
2022-07-03 12:00:00+02:00,33.7,7.8,11.5915,11.5915
2022-07-03 13:00:00+02:00,32.233,9.1,13.6215,13.6215
2022-07-03 14:00:00+02:00,31.9,10.8,16.743499999999997,16.743499999999997
2022-07-03 15:00:00+02:00,31.0,9.2,13.6055,13.6055
2022-07-03 16:00:00+02:00,30.367,8.8,12.8945,12.8945
2022-07-03 17:00:00+02:00,29.867,8.8,12.896,12.896
2022-07-03 18:00:00+02:00,30.834,10.4,15.7925,15.794
2022-07-03 19:00:00+02:00,33.633,9.3,13.8925,13.8925
2022-07-03 20:00:00+02:00,36.067,8.8,13.379,13.379
2022-07-03 21:00:00+02:00,38.666,9.9,15.252,15.377
2022-07-03 22:00:00+02:00,42.3,10.6,16.9695,16.9695
2022-07-03 23:00:00+02:00,45.5,9.9,15.925,15.925
2022-07-04 00:00:00+02:00,48.567,10.7,17.128,17.128
2022-07-04 01:00:00+02:00,49.567,10.9,17.361,17.361
2022-07-04 02:00:00+02:00,51.5,10.9,17.2005,17.2005
2022-07-04 03:00:00+02:00,52.7,10.9,17.389000000000003,17.389000000000003
2022-07-04 04:00:00+02:00,54.233,11.2,17.846,17.846
2022-07-04 05:00:00+02:00,55.733,12.6,20.3495,20.3505
2022-07-04 06:00:00+02:00,55.133,13.0,21.081,21.081
2022-07-04 07:00:00+02:00,51.8,14.0,22.1475,22.7265
2022-07-04 08:00:00+02:00,42.933,13.9,22.397,22.618
2022-07-04 09:00:00+02:00,40.0,14.1,22.9535,22.999
2022-07-04 10:00:00+02:00,36.9,12.1,18.956,18.978
2022-07-04 11:00:00+02:00,34.0,11.5,17.4505,17.4505
2022-07-04 12:00:00+02:00,30.566,11.7,17.7855,17.7855
2022-07-04 13:00:00+02:00,29.166,13.9,21.2945,21.311
2022-07-04 14:00:00+02:00,27.333,14.6,22.1225,22.141
2022-07-04 15:00:00+02:00,24.467,10.9,16.206,16.206
2022-07-04 16:00:00+02:00,20.1,7.7,11.0195,11.021
2022-07-04 17:00:00+02:00,18.167,5.9,7.8635,7.8635
2022-07-04 18:00:00+02:00,21.334,6.8,9.6545,9.6545
2022-07-04 19:00:00+02:00,23.767,8.4,12.4125,12.4125
2022-07-04 20:00:00+02:00,26.3,9.6,14.508,14.508
2022-07-04 21:00:00+02:00,30.534,10.7,17.058,17.058
2022-07-04 22:00:00+02:00,33.034,12.3,20.465,20.475
2022-07-04 23:00:00+02:00,35.867,19.0,30.201500000000003,32.383
2022-07-05 00:00:00+02:00,39.067,17.2,28.579,29.1235
2022-07-05 01:00:00+02:00,42.233,18.5,30.4465,31.5455
2022-07-05 02:00:00+02:00,44.834,16.9,28.079,28.4355
2022-07-05 03:00:00+02:00,46.966,15.8,26.3295,26.401
2022-07-05 04:00:00+02:00,48.166,17.9,29.3445,30.1345
2022-07-05 05:00:00+02:00,47.733,20.2,31.822,33.9715
2022-07-05 06:00:00+02:00,48.334,14.6,24.1375,24.169
2022-07-05 07:00:00+02:00,47.733,14.8,24.757,24.865
2022-07-05 08:00:00+02:00,43.033,12.3,20.4435,20.4705
2022-07-05 09:00:00+02:00,64.834,10.7,17.619,17.628
2022-07-05 10:00:00+02:00,46.9,11.3,18.391,18.391
2022-07-05 11:00:00+02:00,42.9,11.9,19.7165,19.73
2022-07-05 12:00:00+02:00,40.733,12.2,20.1005,20.1015
2022-07-05 13:00:00+02:00,39.9,12.3,20.0275,20.0275
2022-07-05 14:00:00+02:00,38.034,11.5,18.219,18.243
2022-07-05 15:00:00+02:00,37.534,9.5,14.918,14.954
2022-07-05 16:00:00+02:00,40.233,8.6,13.688,13.688
2022-07-05 17:00:00+02:00,51.034,9.3,15.065,15.065
2022-07-05 18:00:00+02:00,55.5,10.3,16.777,16.793
2022-07-05 19:00:00+02:00,52.166,8.1,12.758,12.758
2022-07-05 20:00:00+02:00,52.5,7.4,11.5255,11.5255
2022-07-05 21:00:00+02:00,54.867,7.1,10.976,10.976
2022-07-05 22:00:00+02:00,55.4,6.2,9.471,9.471
2022-07-05 23:00:00+02:00,57.133,5.9,8.79,8.79
2022-07-06 00:00:00+02:00,59.067,6.2,9.251,9.251
2022-07-06 01:00:00+02:00,60.067,6.4,9.511,9.511
2022-07-06 02:00:00+02:00,61.0,6.9,10.5825,10.5825
2022-07-06 03:00:00+02:00,61.133,7.1,10.857,10.857
2022-07-06 04:00:00+02:00,62.2,6.9,10.5655,10.5655
2022-07-06 05:00:00+02:00,61.666,6.7,10.096,10.096
2022-07-06 06:00:00+02:00,60.133,6.3,9.4625,9.4625
2022-07-06 07:00:00+02:00,54.666,7.1,10.862,10.862
2022-07-06 08:00:00+02:00,43.667,6.9,10.5925,10.5925
2022-07-06 09:00:00+02:00,39.933,7.1,11.0735,11.0735
2022-07-06 10:00:00+02:00,33.767,7.4,11.9225,12.049
2022-07-06 11:00:00+02:00,27.633,6.5,10.492,10.492
2022-07-06 12:00:00+02:00,23.566,6.2,9.851,9.851
2022-07-06 13:00:00+02:00,24.367,6.6,10.6395,10.6395
2022-07-06 14:00:00+02:00,24.334,6.3,10.1815,10.1815
2022-07-06 15:00:00+02:00,23.034,6.0,9.459,9.459
2022-07-06 16:00:00+02:00,21.666,6.2,9.6285,9.6285
2022-07-06 17:00:00+02:00,21.0,5.7,8.9215,8.9215
2022-07-06 18:00:00+02:00,21.0,6.1,9.7675,9.7675
2022-07-06 19:00:00+02:00,21.767,6.4,10.2645,10.2645
2022-07-06 20:00:00+02:00,24.4,7.4,12.0715,12.0715
2022-07-06 21:00:00+02:00,28.2,10.0,16.827,16.827
2022-07-06 22:00:00+02:00,32.6,12.9,22.0105,22.0565
2022-07-06 23:00:00+02:00,36.166,10.4,17.5855,17.595
2022-07-07 00:00:00+02:00,38.433,8.7,14.3025,14.3045
2022-07-07 01:00:00+02:00,40.8,7.6,12.295,12.295
2022-07-07 02:00:00+02:00,43.267,7.5,12.078,12.078
2022-07-07 03:00:00+02:00,44.4,7.4,12.0675,12.0675
2022-07-07 04:00:00+02:00,46.466,7.7,12.526,12.526
2022-07-07 05:00:00+02:00,48.666,9.9,16.6515,16.6515
2022-07-07 06:00:00+02:00,48.6,8.8,14.435,14.435
2022-07-07 07:00:00+02:00,45.2,9.3,15.425,15.433
2022-07-07 08:00:00+02:00,35.267,8.9,14.848,14.848
2022-07-07 09:00:00+02:00,34.833,9.4,15.683,15.683
2022-07-07 10:00:00+02:00,33.1,9.8,16.3975,16.419
2022-07-07 11:00:00+02:00,30.133,8.8,14.478,14.57
2022-07-07 12:00:00+02:00,25.666,6.9,11.154,11.154
2022-07-07 13:00:00+02:00,23.533,6.2,9.8,9.8
2022-07-07 14:00:00+02:00,31.733,7.9,13.097,13.097
2022-07-07 15:00:00+02:00,34.266,8.3,13.5255,13.5255
2022-07-07 16:00:00+02:00,30.034,7.4,11.92,11.92
2022-07-07 17:00:00+02:00,26.233,6.4,10.265,10.27
2022-07-07 18:00:00+02:00,27.934,7.0,11.2715,11.2715
2022-07-07 19:00:00+02:00,30.367,8.2,13.334,13.334
2022-07-07 20:00:00+02:00,30.067,7.9,13.1435,13.1435
2022-07-07 21:00:00+02:00,36.767,7.3,11.8435,11.8435
2022-07-07 22:00:00+02:00,48.334,5.9,9.1665,9.1665
2022-07-07 23:00:00+02:00,77.133,5.7,8.7065,8.7065
2022-07-08 00:00:00+02:00,89.175,4.8,7.202,7.202
2022-07-08 01:00:00+02:00,,3.3,5.8375,5.8375
2022-07-08 02:00:00+02:00,,4.5,6.970000000000001,7.2635
2022-07-08 03:00:00+02:00,,1.2,0.8985,0.8985
2022-07-08 04:00:00+02:00,,3.3,4.3985,4.3985
2022-07-08 05:00:00+02:00,,4.1,5.6705,5.6705
2022-07-08 06:00:00+02:00,,4.8,7.109999999999999,7.109999999999999
2022-07-08 07:00:00+02:00,,4.7,6.754,6.754
2022-07-08 08:00:00+02:00,,4.9,7.378,7.378
2022-07-08 09:00:00+02:00,,5.6,8.6295,8.6295
2022-07-08 10:00:00+02:00,,4.8,7.153499999999999,7.153499999999999
2022-07-08 11:00:00+02:00,,4.4,6.380000000000001,6.380000000000001
2022-07-08 12:00:00+02:00,,5.2,7.7835,7.7835
2022-07-08 13:00:00+02:00,,4.6,6.5085,6.5085
2022-07-08 14:00:00+02:00,,4.7,6.835,6.835
2022-07-08 15:00:00+02:00,,5.0,7.2165,7.2165
2022-07-08 16:00:00+02:00,,4.9,7.282,7.282
2022-07-08 17:00:00+02:00,,6.7,10.466,10.468
2022-07-08 18:00:00+02:00,,7.4,11.706499999999998,11.706499999999998
2022-07-08 19:00:00+02:00,,9.9,16.1385,16.1385
2022-07-08 20:00:00+02:00,,10.7,17.4675,17.4675
2022-07-08 21:00:00+02:00,,8.2,12.798,12.798
2022-07-08 22:00:00+02:00,,4.9,6.849500000000001,6.849500000000001
2022-07-08 23:00:00+02:00,,4.8,6.543,6.543
2022-07-09 00:00:00+02:00,,4.1,5.496,5.496
2022-07-09 01:00:00+02:00,,3.9,5.1075,5.1075
2022-07-09 02:00:00+02:00,,3.8,4.963,4.963
2022-07-09 03:00:00+02:00,,3.7,4.965,4.965
2022-07-09 04:00:00+02:00,,3.3,4.1065000000000005,4.1065000000000005
2022-07-09 05:00:00+02:00,,3.4,4.254,4.254
2022-07-09 06:00:00+02:00,,3.7,4.909,4.909
2022-07-09 07:00:00+02:00,,4.2,5.821,5.821
2022-07-09 08:00:00+02:00,,4.4,6.241,6.241
2022-07-09 09:00:00+02:00,,5.0,7.401499999999999,7.401499999999999
2022-07-09 10:00:00+02:00,,5.5,8.179,8.179
2022-07-09 11:00:00+02:00,,5.4,8.0435,8.0435
2022-07-09 12:00:00+02:00,,5.2,7.528,7.528
2022-07-09 13:00:00+02:00,,4.3,6.1235,6.1235
2022-07-09 14:00:00+02:00,,3.8,5.1085,5.1085
2022-07-09 15:00:00+02:00,,3.6,4.892,4.892
2022-07-09 16:00:00+02:00,,3.5,4.6055,4.6055
2022-07-09 17:00:00+02:00,,3.5,4.628,4.628
2022-07-09 18:00:00+02:00,,3.5,4.5425,4.5425
2022-07-09 19:00:00+02:00,,3.7,5.054,5.054
2022-07-09 20:00:00+02:00,,4.4,6.2795000000000005,6.2795000000000005
2022-07-09 21:00:00+02:00,,6.8,10.679,10.679
2022-07-09 22:00:00+02:00,,6.9,10.795,10.795
2022-07-09 23:00:00+02:00,,5.8,8.7965,8.7965
2022-07-10 00:00:00+02:00,,5.1,7.4345,7.4345
2022-07-10 01:00:00+02:00,,4.3,6.1315,6.1315
2022-07-10 02:00:00+02:00,,4.2,5.8725000000000005,5.8725000000000005
2022-07-10 03:00:00+02:00,,3.9,5.3115000000000006,5.3115000000000006
2022-07-10 04:00:00+02:00,,3.8,5.1285,5.1285
2022-07-10 05:00:00+02:00,,4.0,5.4345,5.4345
2022-07-10 06:00:00+02:00,,4.4,6.055,6.055
2022-07-10 07:00:00+02:00,,4.5,6.3815,6.3815
2022-07-10 08:00:00+02:00,,4.2,5.832,5.832
2022-07-10 09:00:00+02:00,,3.1,3.7345,3.7345
2022-07-10 10:00:00+02:00,,2.4,2.619,2.619
2022-07-10 11:00:00+02:00,,2.4,2.531,2.531
2022-07-10 12:00:00+02:00,,2.8,3.197,3.197
2022-07-10 13:00:00+02:00,,2.9,3.434,3.434
2022-07-10 14:00:00+02:00,,3.3,4.1315,4.1315
2022-07-10 15:00:00+02:00,,3.5,4.604,4.604
2022-07-10 16:00:00+02:00,,3.3,4.282,4.282
2022-07-10 17:00:00+02:00,,3.6,4.810499999999999,4.810499999999999
2022-07-10 18:00:00+02:00,,3.9,5.186999999999999,5.186999999999999
2022-07-10 19:00:00+02:00,,4.7,6.545,6.545
2022-07-10 20:00:00+02:00,,4.6,6.503,6.503
2022-07-10 21:00:00+02:00,,7.1,10.9515,10.9515
2022-07-10 22:00:00+02:00,,8.0,12.649,12.649
2022-07-10 23:00:00+02:00,,5.5,8.1595,8.1595
2022-07-11 00:00:00+02:00,,4.8,6.955,6.955
2022-07-11 01:00:00+02:00,,4.1,5.6845,5.6845
2022-07-11 02:00:00+02:00,,4.0,5.7005,5.7005
2022-07-11 03:00:00+02:00,,3.8,5.172000000000001,5.172000000000001
2022-07-11 04:00:00+02:00,,3.8,5.0965,5.0965
2022-07-11 05:00:00+02:00,,6.3,9.738,9.738
2022-07-11 06:00:00+02:00,,5.4,8.132,8.132
2022-07-11 07:00:00+02:00,,4.1,5.905,5.905
2022-07-11 08:00:00+02:00,,4.6,6.6455,6.6455
2022-07-11 09:00:00+02:00,,4.2,5.9435,5.9435
2022-07-11 10:00:00+02:00,,3.2,4.0935,4.0935
2022-07-11 11:00:00+02:00,,2.8,3.4085,3.4085
2022-07-11 12:00:00+02:00,,2.9,3.6175,3.6175
2022-07-11 13:00:00+02:00,,3.0,3.734,3.734
2022-07-11 14:00:00+02:00,,2.7,3.145,3.145
2022-07-11 15:00:00+02:00,,2.4,2.828,2.828
2022-07-11 16:00:00+02:00,,2.4,2.6375,2.6375
2022-07-11 17:00:00+02:00,,2.4,2.7155,2.7155
2022-07-11 18:00:00+02:00,,2.5,2.816,2.816
2022-07-11 19:00:00+02:00,,2.6,3.1135,3.1135
2022-07-11 20:00:00+02:00,,8.0,12.4645,12.7475
2022-07-11 21:00:00+02:00,,15.4,22.37,26.0515
2022-07-11 22:00:00+02:00,,57.0,66.8835,99.061
2022-07-11 23:00:00+02:00,,34.1,44.6845,59.416
2022-07-12 00:00:00+02:00,,19.3,31.5325,33.418
2022-07-12 01:00:00+02:00,,14.7,24.953,25.0135
2022-07-12 02:00:00+02:00,,11.8,19.978,19.978
2022-07-12 03:00:00+02:00,,10.0,16.5965,16.5965
2022-07-12 04:00:00+02:00,,9.8,16.367,16.367
2022-07-12 05:00:00+02:00,,9.5,15.6595,15.6595
2022-07-12 06:00:00+02:00,,9.8,16.312,16.312
2022-07-12 07:00:00+02:00,,7.9,12.795,12.795
2022-07-12 08:00:00+02:00,,6.7,10.459,10.459
2022-07-12 09:00:00+02:00,,5.8,8.894,8.9005
2022-07-12 10:00:00+02:00,,3.6,4.9165,4.9165
2022-07-12 11:00:00+02:00,,3.2,4.2105,4.2105
2022-07-12 12:00:00+02:00,,3.5,4.6525,4.6525
2022-07-12 13:00:00+02:00,,3.3,4.3355,4.3355
2022-07-12 14:00:00+02:00,,3.2,4.2015,4.2075000000000005
2022-07-12 15:00:00+02:00,,3.4,4.5845,4.5845
2022-07-12 16:00:00+02:00,,4.0,5.497999999999999,5.497999999999999
2022-07-12 17:00:00+02:00,,3.2,4.2265,4.2265
2022-07-12 18:00:00+02:00,,3.3,4.3525,4.3525
2022-07-12 19:00:00+02:00,,3.9,5.2425,5.2425
2022-07-12 20:00:00+02:00,,5.2,7.796,7.796
2022-07-12 21:00:00+02:00,,6.2,9.3895,9.3895
2022-07-12 22:00:00+02:00,,6.0,9.176,9.176
2022-07-12 23:00:00+02:00,,5.9,9.0855,9.0855
2022-07-13 00:00:00+02:00,,5.1,7.487500000000001,7.487500000000001
2022-07-13 01:00:00+02:00,,4.1,5.734,5.734
2022-07-13 02:00:00+02:00,,3.9,5.2615,5.2615
2022-07-13 03:00:00+02:00,,3.7,4.9635,4.9635
2022-07-13 04:00:00+02:00,,3.9,5.356999999999999,5.356999999999999
2022-07-13 05:00:00+02:00,,4.0,5.739,5.739
2022-07-13 06:00:00+02:00,,5.0,7.4215,7.4215
2022-07-13 07:00:00+02:00,,4.7,6.774,6.774
2022-07-13 08:00:00+02:00,,5.1,7.4935,7.4935
2022-07-13 09:00:00+02:00,,4.0,5.476,5.476
2022-07-13 10:00:00+02:00,,4.0,5.675000000000001,5.675000000000001
2022-07-13 11:00:00+02:00,,3.8,5.1935,5.1935
2022-07-13 12:00:00+02:00,,3.5,4.792,5.2965
2022-07-13 13:00:00+02:00,,3.3,4.359,4.359
2022-07-13 14:00:00+02:00,,3.1,4.09,4.09
2022-07-13 15:00:00+02:00,,3.4,4.591,4.591
2022-07-13 16:00:00+02:00,,3.8,5.376,5.396000000000001
2022-07-13 17:00:00+02:00,,3.6,4.9675,4.9675
2022-07-13 18:00:00+02:00,,4.1,5.9145,5.9155
2022-07-13 19:00:00+02:00,,4.3,6.288,6.288
2022-07-13 20:00:00+02:00,,6.7,10.4885,10.489
2022-07-13 21:00:00+02:00,,6.6,10.2065,10.2065
2022-07-13 22:00:00+02:00,,5.6,8.52,8.52
2022-07-13 23:00:00+02:00,,5.3,7.9785,7.9785
2022-07-14 00:00:00+02:00,,4.9,7.109500000000001,7.109500000000001
2022-07-14 01:00:00+02:00,,4.4,6.407500000000001,6.407500000000001
2022-07-14 02:00:00+02:00,,4.3,6.196,6.196
2022-07-14 03:00:00+02:00,,4.3,6.1615,6.1615
2022-07-14 04:00:00+02:00,,4.3,6.374499999999999,6.374499999999999
2022-07-14 05:00:00+02:00,,5.2,7.914,7.914
2022-07-14 06:00:00+02:00,,5.1,7.685,7.685
2022-07-14 07:00:00+02:00,,5.7,8.9175,8.9585
2022-07-14 08:00:00+02:00,,5.5,8.3785,8.3785
2022-07-14 09:00:00+02:00,,5.6,8.543,8.543
2022-07-14 10:00:00+02:00,,5.0,7.358,7.358
2022-07-14 11:00:00+02:00,,4.6,6.5335,6.5335
2022-07-14 12:00:00+02:00,,3.4,4.2335,4.2335
2022-07-14 13:00:00+02:00,,2.8,3.0775,3.0775
2022-07-14 14:00:00+02:00,,3.1,3.5945,3.5945
2022-07-14 15:00:00+02:00,,3.0,3.4815,3.4815
2022-07-14 16:00:00+02:00,,2.5,2.758,2.758
2022-07-14 17:00:00+02:00,,2.5,2.631,2.631
2022-07-14 18:00:00+02:00,,2.9,3.33,3.33
2022-07-14 19:00:00+02:00,,4.4,6.097,6.097
2022-07-14 20:00:00+02:00,,6.7,10.043,10.043
2022-07-14 21:00:00+02:00,,7.3,11.4275,11.4275
2022-07-14 22:00:00+02:00,,7.9,12.7815,12.7835
2022-07-14 23:00:00+02:00,,6.2,9.606000000000002,9.606000000000002
2022-07-15 00:00:00+02:00,,5.7,8.589500000000001,8.589500000000001
2022-07-15 01:00:00+02:00,,5.0,7.399999999999999,7.399999999999999
2022-07-15 02:00:00+02:00,,5.2,7.722,7.722
2022-07-15 03:00:00+02:00,,4.9,7.1915,7.1915
2022-07-15 04:00:00+02:00,,4.8,6.9755,6.9755
2022-07-15 05:00:00+02:00,,6.1,9.3365,9.3365
2022-07-15 06:00:00+02:00,,6.8,10.924,10.924
2022-07-15 07:00:00+02:00,,6.0,9.374,9.381
2022-07-15 08:00:00+02:00,,5.5,8.4845,8.487
2022-07-15 09:00:00+02:00,,5.8,8.59,8.59
2022-07-15 10:00:00+02:00,,5.3,7.8065,7.8065
2022-07-15 11:00:00+02:00,,4.8,6.832,6.832
2022-07-15 12:00:00+02:00,,6.3,9.4815,9.5605
2022-07-15 13:00:00+02:00,,5.8,8.557500000000001,8.557500000000001
2022-07-15 14:00:00+02:00,,5.2,7.574999999999999,7.574999999999999
2022-07-15 15:00:00+02:00,,6.8,10.445,10.445
2022-07-15 16:00:00+02:00,,7.3,11.139,11.139
2022-07-15 17:00:00+02:00,,6.4,9.657,9.657
2022-07-15 18:00:00+02:00,,7.5,11.5885,11.602
2022-07-15 19:00:00+02:00,,7.4,11.2965,11.2965
2022-07-15 20:00:00+02:00,,6.6,10.133,10.133
2022-07-15 21:00:00+02:00,,7.6,11.943,11.943
2022-07-15 22:00:00+02:00,,10.6,17.482,17.483999999999998
2022-07-15 23:00:00+02:00,,9.3,15.2325,15.25
2022-07-16 00:00:00+02:00,,10.2,16.619500000000002,16.619500000000002
2022-07-16 01:00:00+02:00,,9.3,15.0405,15.0405
2022-07-16 02:00:00+02:00,,8.2,12.9965,12.9965
2022-07-16 03:00:00+02:00,,9.1,14.771,14.771
2022-07-16 04:00:00+02:00,,8.7,13.983,13.983
2022-07-16 05:00:00+02:00,,9.4,14.9625,14.9625
2022-07-16 06:00:00+02:00,,9.5,15.308,15.308
2022-07-16 07:00:00+02:00,,9.7,15.627,15.627
2022-07-16 08:00:00+02:00,,6.4,9.671,9.671
2022-07-16 09:00:00+02:00,,6.0,9.0705,9.0705
2022-07-16 10:00:00+02:00,,7.0,10.801,10.8125
2022-07-16 11:00:00+02:00,,7.8,12.2425,12.2425
2022-07-16 12:00:00+02:00,,8.5,13.261,13.261
2022-07-16 13:00:00+02:00,,8.7,13.444,13.444
2022-07-16 14:00:00+02:00,,9.4,14.744,14.744
2022-07-16 15:00:00+02:00,,9.7,15.249,15.249
2022-07-16 16:00:00+02:00,,10.1,16.136000000000003,16.136000000000003
2022-07-16 17:00:00+02:00,,10.4,16.729,16.729
2022-07-16 18:00:00+02:00,,10.0,15.9315,15.9315
2022-07-16 19:00:00+02:00,,10.7,17.389499999999998,17.389499999999998
2022-07-16 20:00:00+02:00,,11.9,19.6575,19.678
2022-07-16 21:00:00+02:00,,13.5,22.814,22.8335
2022-07-16 22:00:00+02:00,,14.6,24.388,24.6025
2022-07-16 23:00:00+02:00,,14.0,23.5815,23.7095
2022-07-17 00:00:00+02:00,,17.4,28.487,29.901
2022-07-17 01:00:00+02:00,,15.6,26.343,26.6145
2022-07-17 02:00:00+02:00,,14.2,24.0415,24.0505
2022-07-17 03:00:00+02:00,,13.5,22.577,22.577
2022-07-17 04:00:00+02:00,,13.0,21.842,21.842
2022-07-17 05:00:00+02:00,16.467,12.6,21.183,21.183
2022-07-17 06:00:00+02:00,16.0,11.8,19.509,19.5375
2022-07-17 07:00:00+02:00,16.0,9.6,15.5235,15.5265
2022-07-17 08:00:00+02:00,15.1,5.3,7.8265,7.8265
2022-07-17 09:00:00+02:00,14.633,4.2,5.922499999999999,5.922499999999999
2022-07-17 10:00:00+02:00,14.166,4.1,5.6785,5.6785
2022-07-17 11:00:00+02:00,14.0,4.0,5.5045,5.5045
2022-07-17 12:00:00+02:00,14.0,4.0,5.5255,5.5255
2022-07-17 13:00:00+02:00,14.0,3.9,5.366,5.366
2022-07-17 14:00:00+02:00,14.0,4.2,5.815,5.815
2022-07-17 15:00:00+02:00,14.0,4.4,6.329000000000001,6.329000000000001
2022-07-17 16:00:00+02:00,14.0,4.7,7.037000000000001,7.037000000000001
2022-07-17 17:00:00+02:00,14.0,4.5,6.581,6.581
2022-07-17 18:00:00+02:00,14.0,5.0,7.2315,7.2315
2022-07-17 19:00:00+02:00,14.0,4.6,6.6335,6.6335
2022-07-17 20:00:00+02:00,14.0,4.8,7.183,7.183
2022-07-17 21:00:00+02:00,14.0,5.8,8.868,8.868
2022-07-17 22:00:00+02:00,14.633,9.5,15.0125,15.511
2022-07-17 23:00:00+02:00,15.0,8.3,13.3645,13.3645
2022-07-18 00:00:00+02:00,15.0,6.7,10.3175,10.3175
2022-07-18 01:00:00+02:00,15.0,5.8,8.8295,8.8295
2022-07-18 02:00:00+02:00,15.5,5.8,8.945500000000001,8.945500000000001
2022-07-18 03:00:00+02:00,15.966,5.2,7.7865,7.7865
2022-07-18 04:00:00+02:00,16.0,5.3,8.092500000000001,8.092500000000001
2022-07-18 05:00:00+02:00,16.0,5.3,7.955999999999999,7.955999999999999
2022-07-18 06:00:00+02:00,16.0,5.7,8.7295,8.7295
2022-07-18 07:00:00+02:00,15.6,6.1,9.4005,9.4005
2022-07-18 08:00:00+02:00,15.0,6.4,9.9325,9.9325
2022-07-18 09:00:00+02:00,14.6,6.7,10.4015,10.4015
2022-07-18 10:00:00+02:00,13.8,4.9,7.2645,7.2645
2022-07-18 11:00:00+02:00,13.0,3.2,4.067,4.067
2022-07-18 12:00:00+02:00,13.0,2.7,3.2345,3.2345
2022-07-18 13:00:00+02:00,13.0,2.3,2.5075000000000003,2.5075000000000003
2022-07-18 14:00:00+02:00,13.0,2.5,2.7945,2.7945
2022-07-18 15:00:00+02:00,13.0,2.8,3.3675,3.3735
2022-07-18 16:00:00+02:00,13.0,2.5,2.706,2.706
2022-07-18 17:00:00+02:00,13.0,2.7,3.17,3.17
2022-07-18 18:00:00+02:00,13.0,2.4,2.636,2.636
2022-07-18 19:00:00+02:00,13.0,2.5,2.9815,2.9815
2022-07-18 20:00:00+02:00,13.0,3.9,5.3705,5.3705
2022-07-18 21:00:00+02:00,13.566,7.7,12.1065,12.1065
2022-07-18 22:00:00+02:00,14.0,6.1,9.3175,9.3175
2022-07-18 23:00:00+02:00,14.0,5.5,8.241,8.241
2022-07-19 00:00:00+02:00,14.2,4.6,6.6705,6.6705
2022-07-19 01:00:00+02:00,15.0,3.9,5.4485,5.4485
2022-07-19 02:00:00+02:00,15.0,3.1,4.016,4.016
2022-07-19 03:00:00+02:00,15.0,3.2,4.0555,4.0555
2022-07-19 04:00:00+02:00,15.0,3.2,4.3,4.3
2022-07-19 05:00:00+02:00,15.0,4.5,6.5365,6.5365
2022-07-19 06:00:00+02:00,15.0,3.9,5.5280000000000005,5.5280000000000005
2022-07-19 07:00:00+02:00,15.0,4.5,6.541,6.541
2022-07-19 08:00:00+02:00,14.1,5.1,7.651,7.651
2022-07-19 09:00:00+02:00,14.0,4.6,6.701499999999999,6.701499999999999
2022-07-19 10:00:00+02:00,13.9,5.3,7.882,7.8925
2022-07-19 11:00:00+02:00,13.133,4.1,5.82,5.82
2022-07-19 12:00:00+02:00,13.0,4.0,5.5105,5.5105
2022-07-19 13:00:00+02:00,13.0,4.2,5.793,5.793
2022-07-19 14:00:00+02:00,13.0,3.9,5.307499999999999,5.307499999999999
2022-07-19 15:00:00+02:00,13.0,4.1,5.773,5.773
2022-07-19 16:00:00+02:00,13.0,3.4,4.5280000000000005,4.5280000000000005
2022-07-19 17:00:00+02:00,13.0,3.3,4.129,4.129
2022-07-19 18:00:00+02:00,13.0,3.6,4.804,4.804
2022-07-19 19:00:00+02:00,13.0,4.1,5.776,5.776
2022-07-19 20:00:00+02:00,13.0,4.5,6.343500000000001,6.343500000000001
2022-07-19 21:00:00+02:00,13.834,7.6,12.035,12.035
2022-07-19 22:00:00+02:00,14.0,7.8,12.67,12.67
2022-07-19 23:00:00+02:00,14.0,6.7,10.4335,10.4335
2022-07-20 00:00:00+02:00,14.466,6.3,9.687,9.687
2022-07-20 01:00:00+02:00,15.0,5.3,7.9075,7.9075
2022-07-20 02:00:00+02:00,15.0,5.2,7.798999999999999,7.798999999999999
2022-07-20 03:00:00+02:00,15.0,5.3,8.048,8.048
2022-07-20 04:00:00+02:00,15.0,5.4,8.363,8.363
2022-07-20 05:00:00+02:00,15.0,5.9,9.2055,9.2055
2022-07-20 06:00:00+02:00,15.0,7.3,11.757,11.757
2022-07-20 07:00:00+02:00,15.0,7.2,11.5015,11.5015
2022-07-20 08:00:00+02:00,14.034,7.6,12.355,12.355
2022-07-20 09:00:00+02:00,14.0,8.0,13.057,13.057
2022-07-20 10:00:00+02:00,14.0,8.7,14.1965,14.1965
2022-07-20 11:00:00+02:00,13.966,8.7,14.3285,14.3285
2022-07-20 12:00:00+02:00,13.133,7.7,12.3645,12.3645
2022-07-20 13:00:00+02:00,13.0,7.4,11.413,11.413
2022-07-20 14:00:00+02:00,13.0,7.9,12.3415,12.343
2022-07-20 15:00:00+02:00,13.0,8.0,12.6715,12.6715
2022-07-20 16:00:00+02:00,13.0,8.3,13.244,13.244
2022-07-20 17:00:00+02:00,13.0,8.6,13.5995,13.5995
2022-07-20 18:00:00+02:00,13.0,8.0,12.55,12.55
2022-07-20 19:00:00+02:00,13.0,7.4,11.4825,11.4825
2022-07-20 20:00:00+02:00,13.0,8.3,13.4835,13.4835
2022-07-20 21:00:00+02:00,13.934,13.0,21.92,22.252
2022-07-20 22:00:00+02:00,14.0,11.1,18.86,18.86
2022-07-20 23:00:00+02:00,14.0,11.8,20.187,20.2645
2022-07-21 00:00:00+02:00,14.466,11.2,19.118,19.118
2022-07-21 01:00:00+02:00,15.0,9.6,16.079,16.079
2022-07-21 02:00:00+02:00,15.0,9.5,15.9075,15.9075
2022-07-21 03:00:00+02:00,15.0,9.7,16.175,16.175
2022-07-21 04:00:00+02:00,15.0,13.0,22.2125,22.23
2022-07-21 05:00:00+02:00,15.0,11.9,20.380000000000003,20.392000000000003
2022-07-21 06:00:00+02:00,15.0,12.5,21.376,21.3765
2022-07-21 07:00:00+02:00,15.0,13.0,22.2995,22.301
2022-07-21 08:00:00+02:00,14.334,13.1,22.3805,22.388
2022-07-21 09:00:00+02:00,14.0,13.5,23.041,23.062
2022-07-21 10:00:00+02:00,14.0,13.3,22.7895,22.7985
2022-07-21 11:00:00+02:00,14.0,14.3,24.6255,24.693
2022-07-21 12:00:00+02:00,14.0,13.7,23.519,23.5445
2022-07-21 13:00:00+02:00,13.434,14.1,24.4725,24.518
2022-07-21 14:00:00+02:00,13.0,13.4,23.09,23.1315
2022-07-21 15:00:00+02:00,13.0,12.7,21.7895,21.796
2022-07-21 16:00:00+02:00,13.0,10.1,16.611,16.611
2022-07-21 17:00:00+02:00,13.0,8.0,12.6745,12.6745
2022-07-21 18:00:00+02:00,13.0,7.8,12.3025,12.3025
2022-07-21 19:00:00+02:00,13.0,8.6,13.5735,13.5735
2022-07-21 20:00:00+02:00,13.2,9.3,15.0485,15.0485
2022-07-21 21:00:00+02:00,14.0,11.0,18.4295,18.43
2022-07-21 22:00:00+02:00,14.0,11.5,19.4725,19.5
2022-07-21 23:00:00+02:00,14.0,12.6,21.2645,21.8455
2022-07-22 00:00:00+02:00,14.5,11.7,19.9225,19.9575
2022-07-22 01:00:00+02:00,15.0,11.3,19.143,19.143
2022-07-22 02:00:00+02:00,15.0,10.7,18.024,18.024
2022-07-22 03:00:00+02:00,15.0,10.8,18.2955,18.2955
2022-07-22 04:00:00+02:00,15.0,11.7,19.8905,19.8905
2022-07-22 05:00:00+02:00,15.0,12.9,22.15,22.15
2022-07-22 06:00:00+02:00,15.0,13.8,23.8915,23.898
2022-07-22 07:00:00+02:00,15.0,15.0,25.8445,25.914
2022-07-22 08:00:00+02:00,14.2,15.4,26.496,26.706
2022-07-22 09:00:00+02:00,14.0,15.2,26.337,26.475
2022-07-22 10:00:00+02:00,14.0,13.4,23.008000000000003,23.0895
2022-07-22 11:00:00+02:00,14.0,11.9,19.995,20.1495
2022-07-22 12:00:00+02:00,13.834,10.4,17.1525,17.1525
2022-07-22 13:00:00+02:00,13.034,9.3,14.9495,14.9565
2022-07-22 14:00:00+02:00,13.0,10.1,16.388,16.4015
2022-07-22 15:00:00+02:00,13.0,10.3,16.786,16.786
2022-07-22 16:00:00+02:00,13.0,10.5,16.886000000000003,16.886000000000003
2022-07-22 17:00:00+02:00,13.0,10.4,16.817500000000003,16.817500000000003
2022-07-22 18:00:00+02:00,13.0,10.4,16.909,16.909
2022-07-22 19:00:00+02:00,13.0,10.6,17.391,17.4125
2022-07-22 20:00:00+02:00,13.6,12.8,21.221,21.315
2022-07-22 21:00:00+02:00,14.0,16.3,27.0455,27.867
2022-07-22 22:00:00+02:00,14.0,15.9,26.9135,27.1625
2022-07-22 23:00:00+02:00,14.934,13.8,23.4665,23.483
2022-07-23 00:00:00+02:00,15.0,12.4,20.9785,20.9785
2022-07-23 01:00:00+02:00,15.0,12.0,20.0135,20.0135
2022-07-23 02:00:00+02:00,15.0,12.6,21.096,21.096
2022-07-23 03:00:00+02:00,15.0,12.7,21.262,21.262
2022-07-23 04:00:00+02:00,15.0,13.1,22.055,22.055
2022-07-23 05:00:00+02:00,15.0,14.1,23.8625,23.87
2022-07-23 06:00:00+02:00,15.334,16.4,27.7975,28.1115
2022-07-23 07:00:00+02:00,15.0,18.3,30.048,31.3025
2022-07-23 08:00:00+02:00,14.566,16.6,28.0605,28.473
2022-07-23 09:00:00+02:00,14.0,16.8,28.134,28.570500000000003
2022-07-23 10:00:00+02:00,14.0,16.4,27.137,27.43
2022-07-23 11:00:00+02:00,14.0,18.4,29.6765,30.976
2022-07-23 12:00:00+02:00,14.0,17.7,28.8315,29.7195
2022-07-23 13:00:00+02:00,14.0,16.4,27.091,27.4875
2022-07-23 14:00:00+02:00,13.434,15.8,25.967,26.206
2022-07-23 15:00:00+02:00,13.0,16.2,26.5005,26.7735
2022-07-23 16:00:00+02:00,13.0,16.8,27.264,27.749
2022-07-23 17:00:00+02:00,13.0,14.3,23.061,23.3015
2022-07-23 18:00:00+02:00,13.0,13.0,20.9375,20.9375
2022-07-23 19:00:00+02:00,13.434,16.5,27.0215,27.4945
2022-07-23 20:00:00+02:00,14.0,18.2,29.356,30.3575
2022-07-23 21:00:00+02:00,14.0,19.3,31.1675,32.784
2022-07-23 22:00:00+02:00,14.133,20.1,32.158500000000004,34.2155
2022-07-23 23:00:00+02:00,14.934,19.3,31.2425,32.796
2022-07-24 00:00:00+02:00,15.0,20.0,32.187,34.2265
2022-07-24 01:00:00+02:00,15.0,19.0,30.8555,32.2
2022-07-24 02:00:00+02:00,15.0,20.5,32.6025,34.911
2022-07-24 03:00:00+02:00,15.0,21.4,33.637,36.66
2022-07-24 04:00:00+02:00,15.0,18.5,30.3495,31.429
2022-07-24 05:00:00+02:00,15.0,18.8,30.4655,31.5845
2022-07-24 06:00:00+02:00,15.0,19.2,31.0355,32.5115
2022-07-24 07:00:00+02:00,15.0,19.7,31.6165,33.349
2022-07-24 08:00:00+02:00,15.0,16.0,26.053,26.3685
2022-07-24 09:00:00+02:00,15.0,12.3,19.991,19.991
2022-07-24 10:00:00+02:00,15.0,10.0,15.619,15.642
2022-07-24 11:00:00+02:00,15.334,7.9,11.9745,11.9745
2022-07-24 12:00:00+02:00,16.0,7.8,11.775,11.775
2022-07-24 13:00:00+02:00,15.9,8.5,12.9465,12.9465
2022-07-24 14:00:00+02:00,15.434,8.4,12.819,12.819
2022-07-24 15:00:00+02:00,15.533,7.3,10.7435,10.7435
2022-07-24 16:00:00+02:00,15.0,8.3,12.5215,12.5215
2022-07-24 17:00:00+02:00,15.0,8.9,13.642,13.642
2022-07-24 18:00:00+02:00,15.0,8.6,13.158,13.158
2022-07-24 19:00:00+02:00,15.0,8.4,12.895,12.895
2022-07-24 20:00:00+02:00,15.0,9.6,14.77,14.77
2022-07-24 21:00:00+02:00,15.0,12.2,19.682,19.6835
2022-07-24 22:00:00+02:00,15.6,12.6,20.2505,20.251
2022-07-24 23:00:00+02:00,16.0,12.3,19.9815,19.9825
2022-07-25 00:00:00+02:00,16.0,11.6,18.487,18.487
2022-07-25 01:00:00+02:00,16.0,10.6,16.737000000000002,16.737000000000002
2022-07-25 02:00:00+02:00,16.0,10.5,16.442999999999998,16.442999999999998
2022-07-25 03:00:00+02:00,16.0,10.6,16.555999999999997,16.555999999999997
2022-07-25 04:00:00+02:00,16.0,10.8,16.826,16.826
2022-07-25 05:00:00+02:00,16.0,11.7,18.5525,18.5525
2022-07-25 06:00:00+02:00,16.0,12.5,20.0525,20.0545
2022-07-25 07:00:00+02:00,16.0,12.1,19.4045,19.4085
2022-07-25 08:00:00+02:00,15.133,12.1,19.376,19.376
2022-07-25 09:00:00+02:00,15.0,12.6,20.023,20.027
2022-07-25 10:00:00+02:00,15.0,12.9,20.707,20.811
2022-07-25 11:00:00+02:00,14.0,9.4,14.3595,14.3595
2022-07-25 12:00:00+02:00,14.0,9.7,14.6955,14.6955
2022-07-25 13:00:00+02:00,14.0,9.6,14.6295,14.6295
2022-07-25 14:00:00+02:00,14.0,10.1,15.489,15.4925
2022-07-25 15:00:00+02:00,14.0,10.5,16.1095,16.1095
2022-07-25 16:00:00+02:00,14.0,10.0,15.4245,15.4245
2022-07-25 17:00:00+02:00,14.0,9.8,15.183,15.186
2022-07-25 18:00:00+02:00,14.0,9.8,14.9015,14.9015
2022-07-25 19:00:00+02:00,14.0,10.2,15.73,15.731
2022-07-25 20:00:00+02:00,14.0,10.7,16.4955,16.4955
2022-07-25 21:00:00+02:00,14.0,12.9,20.9555,21.1235
2022-07-25 22:00:00+02:00,14.6,17.8,28.7475,29.662
2022-07-25 23:00:00+02:00,15.0,15.5,25.474,25.5425
2022-07-26 00:00:00+02:00,15.0,15.2,24.6125,25.057
2022-07-26 01:00:00+02:00,15.0,12.9,20.895,20.9005
2022-07-26 02:00:00+02:00,15.0,11.9,19.054,19.054
2022-07-26 03:00:00+02:00,15.0,12.4,19.75,19.75
2022-07-26 04:00:00+02:00,15.6,12.4,19.838,19.838
2022-07-26 05:00:00+02:00,15.934,13.8,22.36,22.3815
2022-07-26 06:00:00+02:00,15.966,15.6,25.7025,25.87
2022-07-26 07:00:00+02:00,15.1,15.5,25.2925,25.505
2022-07-26 08:00:00+02:00,15.0,16.4,26.863,27.064
2022-07-26 09:00:00+02:00,15.0,17.4,28.464,29.029
2022-07-26 10:00:00+02:00,14.334,17.6,28.3435,28.947
2022-07-26 11:00:00+02:00,14.0,14.7,23.4165,23.4695
2022-07-26 12:00:00+02:00,14.0,13.2,20.8945,20.897
2022-07-26 13:00:00+02:00,14.0,11.8,18.572000000000003,18.5745
2022-07-26 14:00:00+02:00,14.633,11.0,17.2695,17.27
2022-07-26 15:00:00+02:00,15.7,6.0,8.76,8.76
2022-07-26 16:00:00+02:00,17.633,6.2,9.0745,9.0745
2022-07-26 17:00:00+02:00,16.334,4.2,5.584,5.584
2022-07-26 18:00:00+02:00,16.0,5.8,8.411999999999999,8.4235
2022-07-26 19:00:00+02:00,16.0,6.3,9.293,9.293
2022-07-26 20:00:00+02:00,16.0,8.3,12.7355,12.7355
2022-07-26 21:00:00+02:00,16.0,9.6,14.864,14.864
2022-07-26 22:00:00+02:00,16.9,9.5,14.8665,14.8665
2022-07-26 23:00:00+02:00,17.0,8.3,12.7465,12.7465
2022-07-27 00:00:00+02:00,17.0,7.8,11.771,11.771
2022-07-27 01:00:00+02:00,17.0,7.0,10.322,10.322
2022-07-27 02:00:00+02:00,17.0,6.8,10.07,10.07
2022-07-27 03:00:00+02:00,17.0,7.0,10.287,10.287
2022-07-27 04:00:00+02:00,17.0,7.1,10.626,10.626
2022-07-27 05:00:00+02:00,17.0,7.9,12.1185,12.1185
2022-07-27 06:00:00+02:00,17.0,7.1,10.805,10.805
2022-07-27 07:00:00+02:00,16.966,7.1,10.7095,10.7095
2022-07-27 08:00:00+02:00,16.066,8.5,13.054,13.054
2022-07-27 09:00:00+02:00,16.0,10.4,16.3385,16.4715
2022-07-27 10:00:00+02:00,16.0,11.0,17.161,17.161
2022-07-27 11:00:00+02:00,15.7,12.1,19.0755,19.0755
2022-07-27 12:00:00+02:00,15.0,11.6,18.4255,18.43
2022-07-27 13:00:00+02:00,15.0,12.5,19.8165,19.8265
2022-07-27 14:00:00+02:00,15.0,14.1,22.465,22.55
2022-07-27 15:00:00+02:00,15.0,15.2,24.29,24.554
2022-07-27 16:00:00+02:00,15.0,13.5,21.891,21.911
2022-07-27 17:00:00+02:00,15.0,13.1,21.3485,21.385
2022-07-27 18:00:00+02:00,15.534,13.0,21.404,21.4465
2022-07-27 19:00:00+02:00,16.966,12.7,20.421,20.4875
2022-07-27 20:00:00+02:00,17.0,14.6,23.8405,23.9605
2022-07-27 21:00:00+02:00,17.0,14.5,23.514,23.5235
2022-07-27 22:00:00+02:00,17.0,14.6,23.7575,23.770000000000003
2022-07-27 23:00:00+02:00,17.0,13.7,22.219,22.2215
2022-07-28 00:00:00+02:00,17.0,14.0,22.7215,22.7245
2022-07-28 01:00:00+02:00,17.0,14.1,22.8725,23.0395
2022-07-28 02:00:00+02:00,17.0,14.6,23.5295,23.603
2022-07-28 03:00:00+02:00,17.0,16.5,26.787,26.903
2022-07-28 04:00:00+02:00,17.0,14.4,23.142,23.145
2022-07-28 05:00:00+02:00,17.0,12.1,19.5245,19.5245
2022-07-28 06:00:00+02:00,17.0,16.3,26.4465,26.6095
2022-07-28 07:00:00+02:00,17.0,16.3,26.29,26.382
2022-07-28 08:00:00+02:00,16.233,15.3,24.4285,24.5985
2022-07-28 09:00:00+02:00,16.0,13.2,21.1795,21.181
2022-07-28 10:00:00+02:00,16.0,12.8,20.8385,20.85
2022-07-28 11:00:00+02:00,15.966,12.8,20.817,20.8225
2022-07-28 12:00:00+02:00,15.034,10.8,17.4305,17.445999999999998
2022-07-28 13:00:00+02:00,15.0,9.1,14.625,14.625
2022-07-28 14:00:00+02:00,14.534,8.3,13.2175,13.2175
2022-07-28 15:00:00+02:00,14.0,8.3,13.069,13.069
2022-07-28 16:00:00+02:00,14.0,6.5,9.9355,9.9355
2022-07-28 17:00:00+02:00,14.0,7.0,10.71,10.71
2022-07-28 18:00:00+02:00,14.0,8.2,12.943,12.943
2022-07-28 19:00:00+02:00,14.0,8.0,12.6735,12.6735
2022-07-28 20:00:00+02:00,14.7,8.4,13.16,13.16
2022-07-28 21:00:00+02:00,15.0,9.9,16.173,16.173
2022-07-28 22:00:00+02:00,15.0,19.0,28.585,32.2545
2022-07-28 23:00:00+02:00,15.267,14.3,23.631500000000003,23.9715
2022-07-29 00:00:00+02:00,16.0,13.7,22.914,22.9165
2022-07-29 01:00:00+02:00,16.0,11.6,19.1735,19.181
2022-07-29 02:00:00+02:00,16.0,10.8,17.432499999999997,17.432499999999997
2022-07-29 03:00:00+02:00,16.0,10.8,17.5685,17.5685
2022-07-29 04:00:00+02:00,16.0,11.2,18.168,18.168
2022-07-29 05:00:00+02:00,16.0,11.9,19.668,19.668
2022-07-29 06:00:00+02:00,16.0,12.7,20.9205,20.922
2022-07-29 07:00:00+02:00,16.0,13.4,22.08,22.085
2022-07-29 08:00:00+02:00,15.133,13.5,22.3575,22.3885
2022-07-29 09:00:00+02:00,15.0,13.7,22.669,22.6725
2022-07-29 10:00:00+02:00,15.0,15.2,25.4895,25.6105
2022-07-29 11:00:00+02:00,14.666,14.3,23.9115,23.9295
2022-07-29 12:00:00+02:00,14.034,11.6,18.877,18.877
2022-07-29 13:00:00+02:00,14.0,12.0,19.513,19.526
2022-07-29 14:00:00+02:00,14.0,11.8,19.1185,19.1235
2022-07-29 15:00:00+02:00,14.0,11.7,18.9475,18.948
2022-07-29 16:00:00+02:00,14.0,11.2,17.8305,17.838
2022-07-29 17:00:00+02:00,14.0,10.6,16.96,16.9735
2022-07-29 18:00:00+02:00,14.0,10.2,16.1155,16.1155
2022-07-29 19:00:00+02:00,14.0,10.0,15.725,15.725
2022-07-29 20:00:00+02:00,14.0,12.4,20.137500000000003,20.154
2022-07-29 21:00:00+02:00,14.733,16.1,26.7965,26.9885
2022-07-29 22:00:00+02:00,15.0,16.9,27.967,28.605
2022-07-29 23:00:00+02:00,15.0,15.9,26.379,26.6035
2022-07-30 00:00:00+02:00,15.0,15.8,26.309,26.443
2022-07-30 01:00:00+02:00,15.4,16.4,27.504,27.7465
2022-07-30 02:00:00+02:00,16.0,19.7,31.4755,33.3515
2022-07-30 03:00:00+02:00,16.0,19.9,31.734,33.583
2022-07-30 04:00:00+02:00,16.0,27.5,39.3595,46.80200000000001
2022-07-30 05:00:00+02:00,16.0,30.7,42.0395,52.373000000000005
2022-07-30 06:00:00+02:00,16.0,18.8,29.2055,31.379
2022-07-30 07:00:00+02:00,15.166,11.5,18.772,18.7745
2022-07-30 08:00:00+02:00,15.0,10.1,15.9335,15.9335
2022-07-30 09:00:00+02:00,15.0,9.4,14.9675,14.9785
2022-07-30 10:00:00+02:00,15.566,11.1,18.096,18.104
2022-07-30 11:00:00+02:00,16.0,12.2,19.8575,19.8615
2022-07-30 12:00:00+02:00,15.633,11.6,18.842,18.979
2022-07-30 13:00:00+02:00,15.0,10.5,16.698,16.698
2022-07-30 14:00:00+02:00,15.2,11.8,18.8675,18.9215
2022-07-30 15:00:00+02:00,16.0,11.9,19.195,19.195
2022-07-30 16:00:00+02:00,16.0,12.0,19.4185,19.4275
2022-07-30 17:00:00+02:00,16.833,8.0,12.3875,12.3875
2022-07-30 18:00:00+02:00,17.0,7.2,11.0565,11.0565
2022-07-30 19:00:00+02:00,17.0,5.0,7.294,7.294
2022-07-30 20:00:00+02:00,16.966,4.3,6.152,6.152
2022-07-30 21:00:00+02:00,16.733,3.8,5.109999999999999,5.109999999999999
2022-07-30 22:00:00+02:00,16.7,3.9,5.348000000000001,5.3485
2022-07-30 23:00:00+02:00,16.733,4.0,5.4805,5.4805
2022-07-31 00:00:00+02:00,17.0,5.1,7.695,7.695
2022-07-31 01:00:00+02:00,17.0,3.9,5.3625,5.3625
2022-07-31 02:00:00+02:00,17.0,3.8,5.212,5.212
2022-07-31 03:00:00+02:00,17.0,5.2,7.614,7.614
2022-07-31 04:00:00+02:00,17.0,13.5,20.865,22.1865
2022-07-31 05:00:00+02:00,17.0,11.6,19.1295,19.2115
2022-07-31 06:00:00+02:00,17.0,13.7,22.6575,22.8995
2022-07-31 07:00:00+02:00,16.8,8.0,12.6125,12.6125
2022-07-31 08:00:00+02:00,15.8,4.9,7.054,7.055999999999999
2022-07-31 09:00:00+02:00,15.0,5.1,7.3145,7.3145
2022-07-31 10:00:00+02:00,15.0,4.9,7.097,7.097
2022-07-31 11:00:00+02:00,15.0,5.0,7.407999999999999,7.413
2022-07-31 12:00:00+02:00,14.1,5.3,8.052,8.052
2022-07-31 13:00:00+02:00,14.0,5.1,7.603,7.603
2022-07-31 14:00:00+02:00,14.0,5.3,7.856,7.856
2022-07-31 15:00:00+02:00,14.0,5.4,8.063500000000001,8.063500000000001
2022-07-31 16:00:00+02:00,14.0,5.2,7.7225,7.7225
2022-07-31 17:00:00+02:00,14.0,5.7,8.6005,8.6005
2022-07-31 18:00:00+02:00,14.0,5.5,8.354,8.354
2022-07-31 19:00:00+02:00,14.0,6.0,9.15,9.15
2022-07-31 20:00:00+02:00,14.0,7.4,11.6325,11.6325
2022-07-31 21:00:00+02:00,14.934,9.0,14.553,14.553
2022-07-31 22:00:00+02:00,15.0,9.6,15.6175,15.6175
2022-07-31 23:00:00+02:00,15.0,7.4,11.717,11.717
2022-08-01 00:00:00+02:00,15.0,7.2,11.4335,11.4335
2022-08-01 01:00:00+02:00,15.0,7.5,11.9725,11.9725
2022-08-01 02:00:00+02:00,15.433,7.6,11.975,11.975
2022-08-01 03:00:00+02:00,16.0,7.9,12.7055,12.7055
2022-08-01 04:00:00+02:00,16.0,8.6,14.0,14.0
2022-08-01 05:00:00+02:00,16.0,9.4,15.421499999999998,15.421499999999998
2022-08-01 06:00:00+02:00,16.0,10.0,16.531,16.531
2022-08-01 07:00:00+02:00,15.633,11.5,18.747,19.1245
2022-08-01 08:00:00+02:00,14.966,20.2,30.382,34.1625
2022-08-01 09:00:00+02:00,14.633,8.3,13.2175,13.2175
2022-08-01 10:00:00+02:00,14.166,7.7,12.2845,12.2845
2022-08-01 11:00:00+02:00,14.0,6.9,10.9735,10.9735
2022-08-01 12:00:00+02:00,14.0,7.2,11.214,11.253
2022-08-01 13:00:00+02:00,14.0,7.1,11.276,11.276
2022-08-01 14:00:00+02:00,14.0,7.2,11.415,11.415
2022-08-01 15:00:00+02:00,14.0,6.6,10.252,10.252
2022-08-01 16:00:00+02:00,14.0,6.2,9.5275,9.5285
2022-08-01 17:00:00+02:00,14.0,6.0,9.306,9.306
2022-08-01 18:00:00+02:00,14.0,6.6,10.3045,10.3045
2022-08-01 19:00:00+02:00,14.0,6.5,10.2105,10.2105
2022-08-01 20:00:00+02:00,14.0,8.1,12.982,12.982
2022-08-01 21:00:00+02:00,14.5,11.8,19.628500000000003,19.629
2022-08-01 22:00:00+02:00,15.0,12.9,21.4545,21.4575
2022-08-01 23:00:00+02:00,15.0,9.2,15.114,15.114
2022-08-02 00:00:00+02:00,15.0,9.4,15.226,15.226
2022-08-02 01:00:00+02:00,15.0,9.8,15.994,15.994
2022-08-02 02:00:00+02:00,15.4,10.8,17.874000000000002,17.874000000000002
2022-08-02 03:00:00+02:00,16.0,11.0,18.2085,18.2085
2022-08-02 04:00:00+02:00,16.0,11.3,18.914,18.914
2022-08-02 05:00:00+02:00,16.0,11.3,18.724,18.724
2022-08-02 06:00:00+02:00,16.0,12.2,20.5435,20.5545
2022-08-02 07:00:00+02:00,15.966,13.9,23.6235,23.637
2022-08-02 08:00:00+02:00,15.0,14.6,24.4945,24.809
2022-08-02 09:00:00+02:00,15.0,13.6,22.5285,22.8555
2022-08-02 10:00:00+02:00,15.0,7.7,12.281,12.281
2022-08-02 11:00:00+02:00,14.5,7.7,12.3495,12.3495
2022-08-02 12:00:00+02:00,14.1,6.9,10.8365,10.8365
2022-08-02 13:00:00+02:00,14.834,6.8,10.598,10.598
2022-08-02 14:00:00+02:00,15.0,7.8,12.346,12.346
2022-08-02 15:00:00+02:00,15.0,7.9,12.56,12.56
2022-08-02 16:00:00+02:00,15.0,7.5,11.6965,11.6965
2022-08-02 17:00:00+02:00,15.0,7.3,11.434,11.438
2022-08-02 18:00:00+02:00,15.0,6.5,10.008,10.008
2022-08-02 19:00:00+02:00,15.166,8.5,13.453,13.453
2022-08-02 20:00:00+02:00,16.0,10.1,16.2775,16.2775
2022-08-02 21:00:00+02:00,16.0,10.0,16.178,16.178
2022-08-02 22:00:00+02:00,16.0,8.7,13.783,13.783
2022-08-02 23:00:00+02:00,16.0,8.2,13.0265,13.0265
2022-08-03 00:00:00+02:00,16.0,7.6,11.808,11.808
2022-08-03 01:00:00+02:00,16.1,7.2,11.2005,11.2005
2022-08-03 02:00:00+02:00,16.1,7.2,11.145,11.145
2022-08-03 03:00:00+02:00,16.1,7.2,11.177499999999998,11.177499999999998
2022-08-03 04:00:00+02:00,16.133,7.3,11.3045,11.3045
2022-08-03 05:00:00+02:00,16.2,8.0,12.634,12.634
2022-08-03 06:00:00+02:00,16.267,9.1,14.7775,14.7775
2022-08-03 07:00:00+02:00,16.034,10.1,16.4155,16.4155
2022-08-03 08:00:00+02:00,15.334,9.5,15.3915,15.3915
2022-08-03 09:00:00+02:00,15.0,8.0,12.5695,12.5695
2022-08-03 10:00:00+02:00,15.0,7.0,10.898,10.898
2022-08-03 11:00:00+02:00,14.233,5.5,8.133,8.133
2022-08-03 12:00:00+02:00,14.0,5.7,8.573,8.573
2022-08-03 13:00:00+02:00,14.0,5.7,8.757,8.7715
2022-08-03 14:00:00+02:00,14.0,5.8,8.769499999999999,8.769499999999999
2022-08-03 15:00:00+02:00,14.0,5.9,8.7405,8.7465
2022-08-03 16:00:00+02:00,14.0,5.9,8.662,8.662
2022-08-03 17:00:00+02:00,14.0,5.8,8.502500000000001,8.502500000000001
2022-08-03 18:00:00+02:00,14.0,5.9,8.6725,8.6725
2022-08-03 19:00:00+02:00,14.0,6.5,9.887,9.887
2022-08-03 20:00:00+02:00,14.0,7.5,11.7795,11.7795
2022-08-03 21:00:00+02:00,14.3,11.0,18.0435,18.045
2022-08-03 22:00:00+02:00,15.0,9.6,15.548,15.548
2022-08-03 23:00:00+02:00,15.0,9.7,15.757,15.757
2022-08-04 00:00:00+02:00,15.0,9.0,14.4685,14.4725
2022-08-04 01:00:00+02:00,15.0,7.9,12.4605,12.4605
2022-08-04 02:00:00+02:00,15.0,7.9,12.5995,12.5995
2022-08-04 03:00:00+02:00,15.889,8.1,12.85,12.85
2022-08-04 04:00:00+02:00,16.0,8.1,12.824,12.824
2022-08-04 05:00:00+02:00,16.0,8.9,14.296,14.296
2022-08-04 06:00:00+02:00,16.0,9.3,14.933,14.933
2022-08-04 07:00:00+02:00,15.722,10.2,16.4035,16.4035
2022-08-04 08:00:00+02:00,15.0,9.7,15.762,15.762
2022-08-04 09:00:00+02:00,14.334,11.3,18.4925,18.494
2022-08-04 10:00:00+02:00,14.0,9.9,16.165,16.165
2022-08-04 11:00:00+02:00,14.0,9.1,14.4695,14.4695
2022-08-04 12:00:00+02:00,14.0,7.6,11.706499999999998,11.706499999999998
2022-08-04 13:00:00+02:00,14.0,7.4,11.412,11.4135
2022-08-04 14:00:00+02:00,13.867,7.6,11.5855,11.805
2022-08-04 15:00:00+02:00,13.3,7.1,10.8495,10.8495
2022-08-04 16:00:00+02:00,13.0,7.7,11.8135,11.8135
2022-08-04 17:00:00+02:00,13.0,7.2,11.1295,11.1295
2022-08-04 18:00:00+02:00,13.0,7.0,10.4385,10.4435
2022-08-04 19:00:00+02:00,13.5,6.8,10.081,10.081
2022-08-04 20:00:00+02:00,14.0,8.3,13.181,13.181
2022-08-04 21:00:00+02:00,14.0,10.3,17.0275,17.0275
2022-08-04 22:00:00+02:00,14.133,9.6,15.6175,15.618
2022-08-04 23:00:00+02:00,14.966,10.5,17.275,17.275
2022-08-05 00:00:00+02:00,15.0,10.5,17.1845,17.1845
2022-08-05 01:00:00+02:00,15.0,10.6,17.486,17.486
2022-08-05 02:00:00+02:00,15.0,10.8,17.7015,17.7015
2022-08-05 03:00:00+02:00,15.0,10.5,17.3585,17.3585
2022-08-05 04:00:00+02:00,15.066,10.9,18.0835,18.0855
2022-08-05 05:00:00+02:00,15.233,11.7,19.526,19.526
2022-08-05 06:00:00+02:00,15.267,13.8,22.8295,23.079
2022-08-05 07:00:00+02:00,15.0,13.8,23.0035,23.01
2022-08-05 08:00:00+02:00,14.5,14.3,24.103,24.147
2022-08-05 09:00:00+02:00,14.0,13.8,23.2345,23.2595
2022-08-05 10:00:00+02:00,14.0,14.5,23.584,23.6475
2022-08-05 11:00:00+02:00,14.0,14.7,23.8695,23.9225
2022-08-05 12:00:00+02:00,14.0,14.8,23.352,23.542
2022-08-05 13:00:00+02:00,13.334,14.0,22.229,22.2445
2022-08-05 14:00:00+02:00,13.117,14.0,21.878,21.8965
2022-08-05 15:00:00+02:00,13.034,13.9,21.708,21.7415
2022-08-05 16:00:00+02:00,13.034,14.8,23.142,23.2165
2022-08-05 17:00:00+02:00,13.034,13.9,21.597,21.632
2022-08-05 18:00:00+02:00,13.0,11.8,18.2205,18.222
2022-08-05 19:00:00+02:00,13.0,11.3,17.329,17.3315
2022-08-05 20:00:00+02:00,13.6,14.8,23.265500000000003,23.854
2022-08-05 21:00:00+02:00,14.0,20.6,31.745,34.412
2022-08-05 22:00:00+02:00,14.0,17.3,28.8675,29.518
2022-08-05 23:00:00+02:00,14.7,16.6,28.085,28.5715
2022-08-06 00:00:00+02:00,15.0,14.3,24.2925,24.3275
2022-08-06 01:00:00+02:00,15.0,14.2,23.8695,23.8735
2022-08-06 02:00:00+02:00,15.0,14.5,24.293,24.316000000000003
2022-08-06 03:00:00+02:00,15.0,15.4,25.903,25.952
2022-08-06 04:00:00+02:00,15.0,15.4,25.941000000000003,25.996
2022-08-06 05:00:00+02:00,15.0,16.0,26.9285,27.0505
2022-08-06 06:00:00+02:00,15.0,16.6,27.7485,28.0155
2022-08-06 07:00:00+02:00,15.0,18.7,30.7515,31.984
2022-08-06 08:00:00+02:00,14.3,19.1,31.1055,32.689
2022-08-06 09:00:00+02:00,14.034,21.1,32.6215,35.346999999999994
2022-08-06 10:00:00+02:00,14.034,17.5,28.071,28.859
2022-08-06 11:00:00+02:00,14.034,14.0,22.276,22.2995
2022-08-06 12:00:00+02:00,14.0,12.0,18.7475,18.7475
2022-08-06 13:00:00+02:00,14.0,12.5,19.25,19.259500000000003
2022-08-06 14:00:00+02:00,14.0,12.7,19.5105,19.5195
2022-08-06 15:00:00+02:00,14.267,12.5,19.2045,19.212
2022-08-06 16:00:00+02:00,15.1,11.4,17.9285,17.9285
2022-08-06 17:00:00+02:00,15.7,11.5,18.018,18.018
2022-08-06 18:00:00+02:00,15.433,10.6,16.551499999999997,16.551499999999997
2022-08-06 19:00:00+02:00,15.8,8.6,13.0475,13.0475
2022-08-06 20:00:00+02:00,15.333,6.4,9.466,9.4685
2022-08-06 21:00:00+02:00,15.334,5.5,8.0095,8.0095
2022-08-06 22:00:00+02:00,15.334,4.6,6.697,6.697
2022-08-06 23:00:00+02:00,15.0,4.5,6.505,6.505
2022-08-07 00:00:00+02:00,15.934,4.3,6.347,6.347
2022-08-07 01:00:00+02:00,16.0,4.1,5.807499999999999,5.807499999999999
2022-08-07 02:00:00+02:00,15.966,4.7,6.688,6.688
2022-08-07 03:00:00+02:00,16.0,4.7,6.638999999999999,6.638999999999999
2022-08-07 04:00:00+02:00,16.0,4.5,6.338,6.338
2022-08-07 05:00:00+02:00,16.0,4.4,6.056,6.056
2022-08-07 06:00:00+02:00,16.0,4.3,6.068,6.068
2022-08-07 07:00:00+02:00,16.0,4.6,6.771,6.771
2022-08-07 08:00:00+02:00,16.0,5.0,7.473,7.473
2022-08-07 09:00:00+02:00,15.966,5.7,8.625,8.625
2022-08-07 10:00:00+02:00,15.4,5.8,8.716,8.716
2022-08-07 11:00:00+02:00,15.1,5.9,8.903,8.903
2022-08-07 12:00:00+02:00,15.4,6.5,9.8145,9.8145
2022-08-07 13:00:00+02:00,15.3,7.8,12.153,12.153
2022-08-07 14:00:00+02:00,15.1,8.7,13.731,13.731
2022-08-07 15:00:00+02:00,15.2,9.8,15.383500000000002,15.56
2022-08-07 16:00:00+02:00,15.0,10.0,15.6625,15.6635
2022-08-07 17:00:00+02:00,15.066,10.5,16.378,16.3845
2022-08-07 18:00:00+02:00,15.334,10.0,15.742,15.742
2022-08-07 19:00:00+02:00,15.1,9.3,14.861,14.861
2022-08-07 20:00:00+02:00,43.25,9.4,15.4555,15.4555
2022-08-07 22:00:00+02:00,75.583,11.0,17.5955,17.5955
2022-08-07 23:00:00+02:00,82.5,11.5,18.915,18.915
2022-08-08 00:00:00+02:00,88.0,13.5,22.3675,22.3675
2022-08-08 01:00:00+02:00,94.125,14.3,23.9245,23.943
2022-08-08 02:00:00+02:00,100.0,15.1,25.29,25.395
2022-08-08 03:00:00+02:00,100.0,16.0,26.622,26.728
2022-08-08 04:00:00+02:00,100.0,16.2,26.714,26.8385
2022-08-08 05:00:00+02:00,100.0,17.5,28.631500000000003,29.1765
2022-08-08 07:00:00+02:00,100.0,17.7,29.164,29.746
2022-08-08 08:00:00+02:00,73.0,17.1,28.49,29.255
2022-08-08 09:00:00+02:00,64.5,17.0,28.41,28.96
2022-08-08 11:00:00+02:00,50.541,8.1,13.422,13.422
2022-08-08 12:00:00+02:00,45.75,6.9,11.285,11.2975
2022-08-08 13:00:00+02:00,40.75,6.3,9.09,9.09
2022-08-08 14:00:00+02:00,40.875,7.0,10.628,10.628
2022-08-08 15:00:00+02:00,40.75,8.2,13.144,13.144
2022-08-08 16:00:00+02:00,40.834,7.8,12.1395,12.1395
2022-08-08 17:00:00+02:00,41.417,7.2,10.8205,10.8205
2022-08-08 18:00:00+02:00,52.791,6.9,10.783,10.783
2022-08-08 19:00:00+02:00,81.584,10.0,16.264499999999998,16.264499999999998
2022-08-08 20:00:00+02:00,87.028,10.7,17.7595,17.7595
2022-08-08 21:00:00+02:00,88.375,11.7,19.234,19.234
2022-08-08 22:00:00+02:00,95.0,12.3,20.2205,20.2205
2022-08-08 23:00:00+02:00,95.861,11.5,19.105,19.105
2022-09-12 06:00:00+02:00,100.0,4.5,7.4125,7.4125
2022-09-12 07:00:00+02:00,100.0,5.6,9.6315,9.6315
2022-09-12 08:00:00+02:00,100.0,5.8,9.56,9.56
2022-09-12 09:00:00+02:00,91.084,5.5,8.3905,8.3905
2022-09-12 11:00:00+02:00,62.5,6.3,10.6425,10.6425
2022-09-12 12:00:00+02:00,56.5,5.9,9.4825,9.4825
2022-09-12 13:00:00+02:00,50.542,5.1,8.365,8.365
2022-09-12 14:00:00+02:00,44.067,4.4,6.348,6.348
2022-09-12 15:00:00+02:00,42.633,4.2,5.947,5.947
2022-09-12 16:00:00+02:00,42.8,4.6,6.647500000000001,6.647500000000001
2022-09-12 17:00:00+02:00,42.534,4.1,5.6735,5.6735
2022-09-12 18:00:00+02:00,47.067,7.1,11.4935,11.509
2022-09-12 19:00:00+02:00,65.028,14.1,23.5665,23.962
2022-09-12 20:00:00+02:00,81.5,10.1,17.0715,17.0715
2022-09-12 21:00:00+02:00,91.945,9.7,15.914,15.914
2022-09-12 23:00:00+02:00,98.5,5.8,8.7795,8.7795
2022-09-13 00:00:00+02:00,100.0,6.3,9.869,9.869
2022-09-13 01:00:00+02:00,100.0,5.3,7.9635,7.9635
2022-09-13 02:00:00+02:00,100.0,4.7,6.808999999999999,6.808999999999999
2022-09-13 05:00:00+02:00,100.0,6.4,9.9235,9.9235
2022-09-13 06:00:00+02:00,100.0,8.4,14.499,14.499
2022-09-13 07:00:00+02:00,100.0,6.3,9.65,9.65
2022-09-13 08:00:00+02:00,90.334,6.9,11.0255,11.0275
2022-09-13 09:00:00+02:00,77.716,7.0,11.026,11.026
2022-09-13 10:00:00+02:00,55.752,5.0,7.429500000000001,7.429500000000001
2022-09-13 11:00:00+02:00,48.434,4.5,6.492,6.492
2022-09-13 12:00:00+02:00,40.766,3.1,4.013999999999999,4.013999999999999
2022-09-13 13:00:00+02:00,36.733,2.5,3.0645,3.0645
2022-09-13 14:00:00+02:00,34.233,2.2,2.4605,2.4605
2022-09-13 15:00:00+02:00,34.933,2.6,3.2505,3.2505
2022-09-13 16:00:00+02:00,36.733,2.8,3.724,3.724
2022-09-13 17:00:00+02:00,38.133,2.6,3.125,3.125
2022-09-13 18:00:00+02:00,42.633,3.6,4.895,4.895
2022-09-13 19:00:00+02:00,54.933,4.5,6.577999999999999,6.577999999999999
2022-09-13 20:00:00+02:00,72.5,9.5,15.635000000000002,15.635000000000002
2022-09-13 21:00:00+02:00,83.625,9.0,14.989,15.084
2022-09-13 22:00:00+02:00,92.0,5.2,7.949999999999999,7.949999999999999
2022-09-13 23:00:00+02:00,94.0,4.1,6.02,6.02
2022-09-14 00:00:00+02:00,95.584,3.7,5.205,5.205
2022-09-14 01:00:00+02:00,99.945,4.7,6.917999999999999,6.917999999999999
2022-09-14 02:00:00+02:00,100.0,4.8,7.0075,7.0075
2022-09-14 03:00:00+02:00,100.0,4.8,7.109,7.109
2022-09-14 04:00:00+02:00,100.0,12.8,21.46,21.46
2022-09-14 05:00:00+02:00,100.0,10.0,16.015,16.015
2022-09-14 07:00:00+02:00,100.0,10.1,17.5585,17.5585
2022-09-14 08:00:00+02:00,97.628,12.4,20.9815,21.1685
2022-09-14 09:00:00+02:00,72.025,6.7,10.549499999999998,10.5635
2022-09-14 10:00:00+02:00,47.4,4.1,5.9735,5.9735
2022-09-14 11:00:00+02:00,42.1,3.6,4.8715,4.8715
2022-09-14 12:00:00+02:00,41.034,3.4,4.656,4.656
2022-09-14 13:00:00+02:00,41.567,4.4,6.436999999999999,6.436999999999999
2022-09-14 14:00:00+02:00,40.6,3.7,4.862,4.862
2022-09-14 15:00:00+02:00,35.133,4.0,5.038,5.0595
2022-09-14 16:00:00+02:00,34.367,3.9,5.049,5.049
2022-09-14 17:00:00+02:00,34.733,3.3,4.238,4.238
2022-09-14 18:00:00+02:00,36.434,4.0,5.784,5.784
2022-09-14 19:00:00+02:00,36.1,3.8,5.1525,5.1525
2022-09-14 20:00:00+02:00,37.466,4.2,6.060499999999999,6.060499999999999
2022-09-14 21:00:00+02:00,39.6,4.8,7.323499999999999,7.3495
2022-09-14 22:00:00+02:00,41.9,4.1,5.9215,5.9215
2022-09-14 23:00:00+02:00,38.1,3.1,3.952,3.952
2022-09-15 00:00:00+02:00,38.834,3.2,4.3735,4.3735
2022-09-15 01:00:00+02:00,47.6,3.9,5.475,5.475
2022-09-15 02:00:00+02:00,50.7,3.5,4.819,4.819
2022-09-15 03:00:00+02:00,56.233,3.8,5.311999999999999,5.311999999999999
2022-09-15 04:00:00+02:00,67.0,3.9,5.845000000000001,5.845000000000001
2022-09-15 05:00:00+02:00,71.0,3.9,5.455,5.455
2022-09-15 07:00:00+02:00,57.617,6.0,9.556,9.556
2022-09-15 08:00:00+02:00,63.0,11.5,20.39,20.39
2022-09-15 09:00:00+02:00,100.0,11.8,18.8925,19.7675
2022-09-15 10:00:00+02:00,100.0,6.7,10.555,10.555
2022-09-15 11:00:00+02:00,68.75,5.7,9.0955,9.0965
2022-09-15 12:00:00+02:00,54.459,5.3,8.2215,8.2215
2022-09-15 13:00:00+02:00,49.959,5.3,8.136000000000001,8.136000000000001
2022-09-15 14:00:00+02:00,40.017,3.4,4.0905000000000005,4.0905000000000005
2022-09-15 15:00:00+02:00,37.367,3.9,5.2325,5.2325
2022-09-15 16:00:00+02:00,39.367,4.5,6.552,6.552
2022-09-15 17:00:00+02:00,43.133,5.8,9.3435,9.3435
2022-09-15 18:00:00+02:00,45.6,4.3,6.5845,6.5845
2022-09-15 19:00:00+02:00,46.9,3.9,5.5895,5.5895
2022-09-15 20:00:00+02:00,47.1,3.7,5.53,5.53
2022-09-15 21:00:00+02:00,48.867,5.7,9.127,9.14
2022-09-15 22:00:00+02:00,70.3,3.4,4.8455,4.8740000000000006
2022-09-16 00:00:00+02:00,100.0,0.8,0.64,0.64
2022-09-16 02:00:00+02:00,100.0,1.3,1.03,1.03
2022-09-16 03:00:00+02:00,100.0,1.2,0.8314999999999999,0.8314999999999999
2022-09-16 05:00:00+02:00,100.0,3.2,4.197,4.197
2022-09-16 06:00:00+02:00,100.0,3.9,5.345000000000001,5.345000000000001
2022-09-16 08:00:00+02:00,100.0,4.8,7.221,7.221
2022-09-16 09:00:00+02:00,100.0,4.5,6.8215,6.8215
2022-09-16 10:00:00+02:00,100.0,6.9,10.9225,10.9225
2022-09-16 12:00:00+02:00,90.25,9.3,14.756,14.756
2022-09-16 13:00:00+02:00,94.0,10.0,15.84,15.84
2022-09-16 14:00:00+02:00,100.0,8.2,13.284,13.284
2022-09-16 15:00:00+02:00,100.0,5.3,7.855499999999999,7.855499999999999
2022-09-16 16:00:00+02:00,100.0,6.4,9.9465,9.9465
2022-09-16 17:00:00+02:00,100.0,4.6,6.7355,6.7355
2022-09-16 18:00:00+02:00,100.0,6.0,9.75,9.75
2022-09-16 19:00:00+02:00,100.0,7.4,11.787,11.787
2022-09-16 20:00:00+02:00,100.0,6.3,9.388,9.388
2022-09-16 21:00:00+02:00,100.0,6.5,9.887,9.887
2022-09-16 22:00:00+02:00,100.0,6.5,10.055,10.055
2022-09-16 23:00:00+02:00,100.0,5.4,7.605,7.605
2022-09-17 00:00:00+02:00,100.0,5.0,7.467,7.467
2022-09-17 01:00:00+02:00,100.0,3.1,3.9825,3.9825
2022-09-17 03:00:00+02:00,100.0,2.3,2.547,2.547
2022-09-17 04:00:00+02:00,100.0,1.0,0.4705,0.4705
2022-09-17 06:00:00+02:00,100.0,3.9,5.4875,5.4875
2022-09-17 07:00:00+02:00,100.0,4.2,5.7875,5.7875
2022-09-17 08:00:00+02:00,100.0,4.4,6.241,6.241
2022-09-17 09:00:00+02:00,100.0,4.7,6.330500000000001,6.330500000000001
2022-09-17 10:00:00+02:00,100.0,4.7,6.12,6.12
2022-09-17 11:00:00+02:00,100.0,5.5,8.07,8.07
2022-09-17 13:00:00+02:00,100.0,6.4,9.868,9.8745
2022-09-17 14:00:00+02:00,100.0,5.4,8.325,8.325
2022-09-17 15:00:00+02:00,100.0,6.9,11.0095,11.0095
2022-09-17 16:00:00+02:00,100.0,4.7,7.015000000000001,7.015000000000001
2022-09-17 18:00:00+02:00,100.0,5.9,8.78,8.78
2022-09-20 11:00:00+02:00,44.5,3.4,5.485,5.485
2022-09-20 12:00:00+02:00,39.0,2.5,3.6265,3.6265
2022-09-20 13:00:00+02:00,36.0,2.4,3.645,3.645
2022-09-20 14:00:00+02:00,33.867,2.8,4.2915,4.2915
2022-09-20 15:00:00+02:00,33.466,2.5,3.3665,3.3665
2022-09-20 16:00:00+02:00,35.5,4.5,6.633,6.6355
2022-09-20 17:00:00+02:00,39.133,5.3,8.030999999999999,8.0775
2022-09-20 18:00:00+02:00,41.166,5.9,9.3735,9.38
2022-09-20 19:00:00+02:00,56.2,10.4,17.542,17.5485
2022-09-20 20:00:00+02:00,62.834,8.9,14.657,14.662
2022-09-20 21:00:00+02:00,74.833,18.5,29.8385,31.88
2022-09-20 22:00:00+02:00,78.834,8.6,14.1255,14.163
2022-09-20 23:00:00+02:00,77.2,7.3,11.715,11.715
2022-09-21 00:00:00+02:00,89.945,14.0,23.381,23.9375
2022-09-21 01:00:00+02:00,99.25,10.9,18.564,18.564
2022-09-21 02:00:00+02:00,100.0,6.7,10.4,10.4
2022-09-21 06:00:00+02:00,100.0,4.6,7.092499999999999,7.092499999999999
2022-09-21 07:00:00+02:00,100.0,11.1,19.183,19.184
2022-09-21 08:00:00+02:00,87.867,7.4,12.156,12.217
2022-09-21 09:00:00+02:00,68.767,3.8,5.266,5.2735
2022-09-21 10:00:00+02:00,68.544,4.3,6.298,6.3415
2022-09-21 11:00:00+02:00,62.278,4.4,6.486000000000001,6.486000000000001
2022-09-21 12:00:00+02:00,55.058,3.9,5.3515,5.394
2022-09-21 13:00:00+02:00,58.2,3.7,5.2275,5.2275
2022-09-21 14:00:00+02:00,56.892,4.2,6.1495,6.1495
2022-09-21 15:00:00+02:00,67.434,5.0,7.403500000000001,7.403500000000001
2022-09-21 16:00:00+02:00,54.633,4.5,6.658,6.658
2022-09-21 17:00:00+02:00,55.567,4.8,7.103,7.103
2022-09-21 18:00:00+02:00,55.8,6.1,9.476,9.476
2022-09-21 19:00:00+02:00,70.867,11.4,19.0835,19.206
2022-09-21 20:00:00+02:00,84.633,17.0,27.2405,29.222
2022-09-21 21:00:00+02:00,93.466,11.9,19.848,19.8855
2022-09-21 22:00:00+02:00,98.3,12.3,20.4075,20.5475
2022-09-21 23:00:00+02:00,100.0,17.6,28.67,30.2415
2022-09-22 00:00:00+02:00,100.0,13.1,21.375,22.041
2022-09-22 01:00:00+02:00,100.0,6.7,10.298,10.298
2022-09-22 03:00:00+02:00,100.0,5.2,7.679,7.679
2022-09-22 04:00:00+02:00,100.0,4.2,6.1375,6.1375
2022-09-22 05:00:00+02:00,100.0,6.5,10.1865,10.1865
2022-09-22 06:00:00+02:00,100.0,11.4,19.605,19.6325
2022-09-22 07:00:00+02:00,100.0,16.4,28.405,28.8725
2022-09-22 08:00:00+02:00,100.0,15.2,26.08,26.26
2022-09-22 09:00:00+02:00,86.544,8.9,14.319,14.5805
2022-09-22 10:00:00+02:00,66.666,6.0,9.4485,9.461
2022-09-22 11:00:00+02:00,62.334,4.9,7.4665,7.4665
2022-09-22 12:00:00+02:00,53.8,3.8,5.2375,5.2375
2022-09-22 13:00:00+02:00,51.041,4.6,6.7585,6.809
2022-09-22 14:00:00+02:00,47.066,4.0,5.6865000000000006,5.6935
2022-09-22 15:00:00+02:00,43.3,4.2,6.043,6.043
2022-09-22 16:00:00+02:00,49.067,4.2,5.876,5.876
2022-09-22 17:00:00+02:00,44.0,3.8,5.2105,5.2105
2022-09-22 18:00:00+02:00,46.933,7.6,12.1695,12.1695
2022-09-22 19:00:00+02:00,63.734,13.7,23.181,23.339
2022-09-22 20:00:00+02:00,72.767,13.9,23.544,23.617
2022-09-22 21:00:00+02:00,85.4,16.6,27.642,28.762
2022-09-22 22:00:00+02:00,93.133,10.9,18.236,18.236
2022-09-22 23:00:00+02:00,96.067,8.2,13.1855,13.1855
2022-09-23 00:00:00+02:00,98.966,7.9,12.6975,12.6975
2022-09-23 01:00:00+02:00,100.0,6.8,10.873,10.873
2022-09-23 02:00:00+02:00,100.0,6.0,9.187,9.187
2022-09-23 03:00:00+02:00,100.0,6.3,9.8025,9.8025
2022-09-23 04:00:00+02:00,100.0,7.1,11.266,11.266
2022-09-23 05:00:00+02:00,100.0,8.2,13.2895,13.2895
2022-09-23 06:00:00+02:00,100.0,9.9,16.686,16.694499999999998
2022-09-23 07:00:00+02:00,100.0,18.4,29.889,32.033
2022-09-23 08:00:00+02:00,98.966,12.0,20.1255,20.128
2022-09-23 09:00:00+02:00,82.2,10.8,17.9035,17.930999999999997
2022-09-23 10:00:00+02:00,67.7,9.6,15.805,15.805
2022-09-23 11:00:00+02:00,58.833,7.3,11.7785,11.7785
2022-09-23 12:00:00+02:00,48.6,5.3,7.9795,7.9795
2022-09-23 13:00:00+02:00,38.334,4.3,6.386,6.386
2022-09-23 14:00:00+02:00,35.466,4.7,6.972999999999999,6.972999999999999
2022-09-23 15:00:00+02:00,31.534,3.4,4.607,4.607
2022-09-23 16:00:00+02:00,31.1,4.0,5.633,5.633
2022-09-23 17:00:00+02:00,31.867,5.1,7.619,7.619
2022-09-23 18:00:00+02:00,36.534,11.1,18.588,18.721
2022-09-23 19:00:00+02:00,50.5,21.4,33.974000000000004,37.325
2022-09-23 20:00:00+02:00,62.1,35.1,45.895,61.908
2022-09-23 21:00:00+02:00,72.433,18.8,30.509500000000003,32.8525
2022-09-23 22:00:00+02:00,78.133,13.5,23.0255,23.0575
2022-09-23 23:00:00+02:00,84.133,18.0,28.6465,31.4095
2022-09-24 00:00:00+02:00,90.767,10.2,17.1845,17.1845
2022-09-24 01:00:00+02:00,95.3,22.8,34.053,39.639
2022-09-24 02:00:00+02:00,99.8,20.2,32.458,34.997
2022-09-24 03:00:00+02:00,100.0,14.4,24.353,24.5345
2022-09-24 04:00:00+02:00,100.0,14.6,24.7395,24.826
2022-09-24 05:00:00+02:00,100.0,13.2,22.223,22.4075
2022-09-24 06:00:00+02:00,100.0,13.1,22.272,22.405
2022-09-24 07:00:00+02:00,100.0,18.4,30.5315,32.053
2022-09-24 08:00:00+02:00,99.367,17.1,28.797,29.7545
2022-09-24 09:00:00+02:00,78.633,13.7,23.1985,23.225
2022-09-24 10:00:00+02:00,50.233,7.9,12.6505,12.6505
2022-09-24 11:00:00+02:00,39.966,6.8,10.615,10.615
2022-09-24 12:00:00+02:00,35.033,6.1,9.406,9.406
2022-09-24 13:00:00+02:00,32.434,5.0,7.5115,7.5115
2022-09-24 14:00:00+02:00,33.0,5.9,9.0695,9.07
2022-09-24 15:00:00+02:00,33.9,7.3,11.492,11.492
2022-09-24 16:00:00+02:00,33.6,6.8,10.5655,10.5655
2022-09-24 17:00:00+02:00,41.1,14.6,23.283,24.684
2022-09-24 18:00:00+02:00,51.633,17.3,28.7725,29.7075
2022-09-24 19:00:00+02:00,64.067,24.8,36.5615,43.373000000000005
2022-09-24 20:00:00+02:00,72.534,21.2,33.7275,36.816
2022-09-24 21:00:00+02:00,78.7,26.4,37.962,45.9305
2022-09-24 22:00:00+02:00,85.267,45.6,53.762,79.679
2022-09-24 23:00:00+02:00,89.966,41.4,50.518,72.65
2022-09-25 00:00:00+02:00,96.633,33.8,44.931,59.0645
2022-09-25 01:00:00+02:00,97.667,23.8,36.4825,41.424
2022-09-25 02:00:00+02:00,94.567,19.4,31.8595,33.738
2022-09-25 03:00:00+02:00,95.666,21.8,34.415,37.846
2022-09-25 04:00:00+02:00,81.9,19.1,31.4355,33.0315
2022-09-25 05:00:00+02:00,69.4,12.0,20.1155,20.2335
2022-09-25 06:00:00+02:00,63.1,12.2,19.845,20.424
2022-09-25 07:00:00+02:00,71.233,9.1,14.7015,14.7015
2022-09-25 08:00:00+02:00,91.267,13.5,22.6855,22.7395
2022-09-25 09:00:00+02:00,97.367,15.6,26.3625,26.6445
2022-09-25 10:00:00+02:00,100.0,21.7,34.216,37.694
2022-09-25 11:00:00+02:00,100.0,25.8,38.2745,44.742
2022-09-25 12:00:00+02:00,98.133,22.2,34.6055,38.3845
2022-09-25 13:00:00+02:00,75.034,12.8,21.4895,21.6175
2022-09-25 14:00:00+02:00,60.833,7.6,12.067,12.067
2022-09-25 15:00:00+02:00,59.667,5.6,8.477,8.477
2022-09-25 16:00:00+02:00,62.266,8.3,13.478000000000002,13.478000000000002
2022-09-25 17:00:00+02:00,77.967,21.4,31.494,36.0545
2022-09-25 18:00:00+02:00,88.034,27.4,39.2415,47.1475
2022-09-25 19:00:00+02:00,98.567,47.2,54.812,82.2165
2022-09-25 20:00:00+02:00,100.0,45.7,53.6045,79.6755
2022-09-25 21:00:00+02:00,100.0,48.7,56.022,84.465
2022-09-25 22:00:00+02:00,100.0,44.6,52.654,77.811
2022-09-25 23:00:00+02:00,100.0,38.0,47.9225,66.4335
2022-09-26 00:00:00+02:00,100.0,42.8,51.1875,74.6435
2022-09-26 01:00:00+02:00,100.0,42.5,50.568,73.327
2022-09-26 02:00:00+02:00,100.0,37.0,46.8375,63.5125
2022-09-26 03:00:00+02:00,100.0,35.1,45.529,60.276
2022-09-26 04:00:00+02:00,100.0,42.6,50.8845,74.0745
2022-09-26 05:00:00+02:00,100.0,33.0,44.3265,57.36750000000001
2022-09-26 06:00:00+02:00,100.0,33.8,45.011,58.912000000000006
2022-09-26 07:00:00+02:00,100.0,36.0,46.6505,63.0235
2022-09-26 08:00:00+02:00,100.0,39.2,48.987,68.7595
2022-09-26 09:00:00+02:00,100.0,37.1,47.4275,64.9635
2022-09-26 10:00:00+02:00,100.0,31.4,43.35,55.010000000000005
2022-09-26 11:00:00+02:00,100.0,23.6,36.02,40.915
2022-09-26 12:00:00+02:00,100.0,17.6,29.255,30.1605
2022-09-26 13:00:00+02:00,100.0,13.3,22.2115,22.227
2022-09-26 14:00:00+02:00,100.0,13.5,23.213,23.6295
2022-09-26 15:00:00+02:00,100.0,8.9,14.065,14.065
2022-09-26 16:00:00+02:00,100.0,13.0,21.721,21.76
2022-09-26 17:00:00+02:00,100.0,13.8,22.929,22.9865
2022-09-26 18:00:00+02:00,100.0,20.3,32.323,34.927
2022-09-26 19:00:00+02:00,100.0,33.3,44.7935,58.5095
2022-09-26 20:00:00+02:00,100.0,56.6,64.3825,97.629
2022-09-26 21:00:00+02:00,100.0,60.4,69.0675,104.6635
2022-09-26 22:00:00+02:00,100.0,54.6,62.1885,94.2075
2022-09-26 23:00:00+02:00,100.0,37.2,46.473,62.7565
2022-09-27 00:00:00+02:00,100.0,30.5,41.8025,51.685
2022-09-27 01:00:00+02:00,100.0,25.6,36.7675,41.9215
2022-09-27 02:00:00+02:00,100.0,24.4,35.908,40.4005
2022-09-27 03:00:00+02:00,100.0,16.1,25.948,26.0195
2022-09-27 04:00:00+02:00,100.0,18.0,29.1815,29.884500000000003
2022-09-27 05:00:00+02:00,100.0,19.0,30.2225,31.26
2022-09-27 06:00:00+02:00,100.0,21.2,33.1175,35.879999999999995
2022-09-27 07:00:00+02:00,100.0,22.6,34.759,38.621
2022-09-27 08:00:00+02:00,100.0,23.0,35.25,39.275
2022-09-27 09:00:00+02:00,100.0,15.5,24.675,25.987
2022-09-27 10:00:00+02:00,100.0,16.4,27.0085,27.368
2022-09-27 11:00:00+02:00,100.0,10.9,17.9375,17.9375
2022-09-27 12:00:00+02:00,95.063,3.9,5.3805000000000005,5.3805000000000005
2022-09-27 13:00:00+02:00,60.678,1.9,1.9845,1.9845
2022-09-27 14:00:00+02:00,47.459,1.9,1.9425,1.9425
2022-09-27 15:00:00+02:00,41.666,2.3,2.691,2.691
2022-09-27 16:00:00+02:00,43.3,2.2,2.3655,2.3655
2022-09-27 17:00:00+02:00,45.034,2.9,3.6845,3.6845
2022-09-27 18:00:00+02:00,51.534,4.5,6.6125,6.641500000000001
2022-09-27 19:00:00+02:00,61.566,7.4,11.659,11.8605
2022-09-27 21:00:00+02:00,100.0,3.7,5.275,5.275
2022-09-27 23:00:00+02:00,100.0,14.8,25.149,25.2955
2022-09-28 00:00:00+02:00,100.0,5.7,8.4925,8.4925
2022-09-28 01:00:00+02:00,100.0,2.7,2.805,2.805
2022-09-28 02:00:00+02:00,100.0,1.0,0.8575,0.8575
2022-09-28 03:00:00+02:00,100.0,1.0,0.63,0.63
2022-09-28 04:00:00+02:00,100.0,1.1,0.8115,0.8115
2022-09-28 05:00:00+02:00,100.0,1.3,0.886,0.886
2022-09-28 06:00:00+02:00,100.0,3.8,5.548500000000001,5.548500000000001
2022-09-28 07:00:00+02:00,100.0,7.1,12.035,12.035
2022-09-28 08:00:00+02:00,100.0,10.9,18.3535,18.3535
2022-09-28 09:00:00+02:00,100.0,7.3,11.789,11.789
2022-09-28 10:00:00+02:00,100.0,8.8,14.19,14.19
2022-09-28 11:00:00+02:00,100.0,6.6,10.175,10.175
2022-09-28 12:00:00+02:00,99.75,6.0,9.484,9.484
2022-09-28 13:00:00+02:00,93.0,8.3,14.915,14.915
2022-09-29 13:00:00+02:00,55.479,4.8,7.687,7.687
2022-09-29 14:00:00+02:00,44.467,2.1,2.404,2.404
2022-09-29 15:00:00+02:00,43.834,2.5,2.955,2.955
2022-09-29 16:00:00+02:00,48.567,3.4,4.7265,4.7265
2022-09-29 17:00:00+02:00,52.233,2.1,2.2805,2.2805
2022-09-29 18:00:00+02:00,66.066,7.8,12.715,12.7165
2022-09-29 19:00:00+02:00,85.167,11.2,18.7445,18.766
2022-09-29 20:00:00+02:00,97.7,13.8,23.6875,23.758000000000003
2022-09-29 21:00:00+02:00,100.0,20.4,32.794,35.671
2022-09-29 22:00:00+02:00,100.0,23.4,36.2455,41.176
2022-09-29 23:00:00+02:00,100.0,24.3,36.69,41.7485
2022-09-30 00:00:00+02:00,100.0,21.4,34.095,37.2
2022-09-30 01:00:00+02:00,100.0,21.8,34.344,37.7225
2022-09-30 02:00:00+02:00,100.0,17.9,29.5555,31.2305
2022-09-30 03:00:00+02:00,100.0,9.5,16.39,16.39
2022-09-30 04:00:00+02:00,100.0,4.3,6.46,6.46
2022-09-30 05:00:00+02:00,100.0,6.8,10.55,10.55
2022-09-30 06:00:00+02:00,100.0,5.0,7.4505,7.4505
2022-09-30 07:00:00+02:00,100.0,12.6,21.597,21.959
2022-09-30 08:00:00+02:00,100.0,16.3,27.6065,28.323500000000003
2022-09-30 09:00:00+02:00,100.0,15.7,26.167,26.4325
2022-09-30 10:00:00+02:00,99.334,9.6,15.816,15.816
2022-09-30 11:00:00+02:00,86.075,4.9,7.349,7.349
2022-09-30 12:00:00+02:00,75.058,4.4,6.4375,6.4375
2022-09-30 13:00:00+02:00,79.333,4.8,7.308,7.308
2022-09-30 14:00:00+02:00,70.934,4.5,6.686,6.686
2022-09-30 15:00:00+02:00,76.333,6.1,9.5355,9.553
2022-09-30 16:00:00+02:00,73.233,4.1,5.846500000000001,5.846500000000001
2022-09-30 17:00:00+02:00,79.4,6.0,9.5915,9.5915
2022-09-30 18:00:00+02:00,95.411,13.9,23.3115,23.993
2022-09-30 19:00:00+02:00,100.0,20.2,33.155,35.795
2022-10-05 11:00:00+02:00,44.867,6.4,10.025,10.025
2022-10-05 12:00:00+02:00,39.867,5.0,7.849,7.849
2022-10-05 13:00:00+02:00,39.466,5.0,7.641,7.641
2022-10-05 14:00:00+02:00,38.233,3.7,5.050000000000001,5.050000000000001
2022-10-05 15:00:00+02:00,36.4,3.9,5.4855,5.4855
2022-10-05 16:00:00+02:00,38.034,6.0,9.118,9.118
2022-10-05 17:00:00+02:00,40.633,8.3,13.29,13.2905
2022-10-05 18:00:00+02:00,48.033,18.1,29.628,31.305
2022-10-05 19:00:00+02:00,61.633,32.9,44.075,57.4015
2022-10-05 20:00:00+02:00,72.833,49.9,58.6195,87.863
2022-10-05 21:00:00+02:00,81.2,54.4,62.9165,94.98
2022-10-05 22:00:00+02:00,93.6,19.4,31.607,33.7315
2022-10-05 23:00:00+02:00,99.8,37.3,47.171,65.3135
2022-10-06 00:00:00+02:00,100.0,23.2,34.7715,40.2475
2022-10-06 01:00:00+02:00,100.0,25.5,38.125,44.2785
2022-10-06 02:00:00+02:00,100.0,26.6,38.7835,46.102
2022-10-06 03:00:00+02:00,100.0,19.7,32.0415,34.0265
2022-10-06 04:00:00+02:00,100.0,19.3,31.608,33.2185
2022-10-06 05:00:00+02:00,100.0,15.7,26.7745,26.963
2022-10-06 06:00:00+02:00,100.0,17.9,28.985,30.739000000000004
2022-10-06 07:00:00+02:00,100.0,20.3,32.892,35.8415
2022-10-06 08:00:00+02:00,99.633,20.2,32.618,35.162
2022-10-06 09:00:00+02:00,79.233,17.9,29.4645,30.904
2022-10-06 10:00:00+02:00,62.267,14.3,24.336,24.367
2022-10-06 11:00:00+02:00,52.666,11.7,19.7165,19.718
2022-10-06 12:00:00+02:00,47.234,9.7,15.963,16.2265
2022-10-06 13:00:00+02:00,45.9,8.2,13.395,13.395
2022-10-06 14:00:00+02:00,43.834,9.0,14.7695,14.7695
2022-10-06 15:00:00+02:00,41.267,8.9,14.833,14.833
2022-10-06 16:00:00+02:00,39.834,8.2,13.336,13.336
2022-10-06 17:00:00+02:00,41.967,9.7,16.042,16.042
2022-10-06 18:00:00+02:00,58.7,20.7,32.4415,35.8575
2022-10-06 19:00:00+02:00,69.2,31.6,43.422,55.393
2022-10-06 20:00:00+02:00,78.233,34.9,45.6715,61.059
2022-10-06 21:00:00+02:00,89.166,29.0,41.32899999999999,50.6725
2022-10-06 22:00:00+02:00,95.933,21.5,34.0915,37.5125
2022-10-06 23:00:00+02:00,99.733,17.3,29.12,29.7215
2022-10-07 00:00:00+02:00,100.0,15.9,27.3745,27.575
2022-10-07 01:00:00+02:00,100.0,15.1,25.478,25.5485
2022-10-07 02:00:00+02:00,100.0,12.4,20.698,20.7005
2022-10-07 03:00:00+02:00,100.0,12.4,20.637,20.6375
2022-10-07 04:00:00+02:00,100.0,12.4,20.9425,20.9435
2022-10-07 05:00:00+02:00,100.0,12.0,19.976,19.9775
2022-10-07 06:00:00+02:00,100.0,13.7,22.566000000000003,22.9665
2022-10-07 07:00:00+02:00,100.0,14.8,25.278,25.4
2022-10-07 08:00:00+02:00,100.0,15.0,25.392,25.4785
2022-10-07 09:00:00+02:00,93.066,14.9,25.199,25.4665
2022-10-07 10:00:00+02:00,75.433,17.0,28.5625,29.268
2022-10-07 11:00:00+02:00,70.5,15.5,26.380000000000003,26.627
2022-10-07 12:00:00+02:00,73.166,15.3,25.92,26.075
2022-10-07 13:00:00+02:00,70.567,16.6,27.948,28.5135
2022-10-07 14:00:00+02:00,61.033,15.4,26.1115,26.541
2022-10-07 15:00:00+02:00,51.767,14.5,24.556,24.8215
2022-10-07 16:00:00+02:00,54.433,21.6,34.2415,37.7655
2022-10-07 17:00:00+02:00,56.633,26.4,39.396,46.672
2022-10-07 18:00:00+02:00,63.533,32.2,44.049,56.8205
2022-10-07 19:00:00+02:00,70.733,36.7,47.2945,64.64150000000001
2022-10-07 20:00:00+02:00,82.3,45.3,54.0655,79.5295
2022-10-07 21:00:00+02:00,95.8,54.0,62.46000000000001,94.656
2022-10-07 22:00:00+02:00,100.0,61.1,70.436,106.7735
2022-10-07 23:00:00+02:00,100.0,62.4,71.6885,108.6575
2022-10-08 00:00:00+02:00,100.0,52.0,60.088,91.125
2022-10-08 01:00:00+02:00,100.0,43.9,51.987,76.706
2022-10-08 02:00:00+02:00,100.0,46.2,53.793,80.664
2022-10-08 03:00:00+02:00,100.0,38.4,48.1825,67.0415
2022-10-08 04:00:00+02:00,100.0,31.1,43.065,54.2585
2022-10-08 05:00:00+02:00,100.0,42.6,51.054,74.1635
2022-10-08 06:00:00+02:00,100.0,44.1,52.208,76.819
2022-10-08 07:00:00+02:00,100.0,45.0,53.4975,78.67150000000001
2022-10-08 08:00:00+02:00,100.0,40.9,49.5295,70.471
2022-10-08 09:00:00+02:00,100.0,44.7,53.7125,77.926
2022-10-08 10:00:00+02:00,93.8,29.3,41.4885,51.0755
2022-10-08 11:00:00+02:00,87.5,24.4,37.3215,42.852
2022-10-08 12:00:00+02:00,75.633,25.0,37.718,43.6975
2022-10-08 13:00:00+02:00,74.133,26.6,39.1385,46.218500000000006
2022-10-08 14:00:00+02:00,76.933,29.7,41.7585,51.447500000000005
2022-10-08 15:00:00+02:00,75.434,29.8,41.94,51.987
2022-10-08 16:00:00+02:00,82.367,40.3,49.365,69.90899999999999
2022-10-08 17:00:00+02:00,91.166,58.7,66.8965,101.458
2022-10-08 18:00:00+02:00,94.633,70.7,80.148,121.33
2022-10-08 19:00:00+02:00,100.0,71.1,80.5255,121.91
2022-10-08 20:00:00+02:00,100.0,75.0,85.0165,128.656
2022-10-08 21:00:00+02:00,100.0,77.3,87.7485,132.7285
2022-10-08 22:00:00+02:00,100.0,61.6,70.375,106.688
2022-10-08 23:00:00+02:00,100.0,48.7,56.7005,84.4435
2022-10-09 00:00:00+02:00,100.0,49.3,57.357,85.54
2022-10-09 01:00:00+02:00,100.0,38.9,48.176,66.981
2022-10-09 02:00:00+02:00,100.0,31.8,43.42700000000001,55.1305
2022-10-09 03:00:00+02:00,100.0,28.7,40.9605,49.6695
2022-10-09 04:00:00+02:00,100.0,27.6,39.961,47.678
2022-10-09 05:00:00+02:00,100.0,28.8,40.9515,49.7415
2022-10-09 06:00:00+02:00,100.0,32.6,43.9455,56.3265
2022-10-09 07:00:00+02:00,100.0,43.7,51.9525,76.9375
2022-10-09 08:00:00+02:00,100.0,41.2,50.065,71.779
2022-10-09 09:00:00+02:00,100.0,51.2,58.4555,88.70750000000001
2022-10-09 10:00:00+02:00,100.0,49.3,55.5895,83.527
2022-10-09 11:00:00+02:00,100.0,46.5,52.997,78.8225
2022-10-09 12:00:00+02:00,100.0,45.1,51.842,76.3765
2022-10-09 13:00:00+02:00,100.0,43.3,50.6955,73.614
2022-10-09 14:00:00+02:00,94.9,38.1,47.3345,64.848
2022-10-09 15:00:00+02:00,94.733,32.6,43.507000000000005,55.2975
2022-10-09 16:00:00+02:00,92.9,31.5,42.531,53.192
2022-10-09 17:00:00+02:00,94.067,31.4,42.4705,53.0315
2022-10-09 18:00:00+02:00,98.966,35.8,45.692,60.627
2022-10-09 19:00:00+02:00,100.0,48.6,55.866,83.118
2022-10-09 20:00:00+02:00,100.0,80.9,91.5045,138.36849999999998
2022-10-09 21:00:00+02:00,100.0,91.1,102.2695,154.511
2022-10-09 22:00:00+02:00,100.0,76.6,86.30850000000001,130.5735
2022-10-09 23:00:00+02:00,100.0,66.5,75.0145,113.6495
2022-10-10 00:00:00+02:00,100.0,54.9,62.022,94.1525
2022-10-10 01:00:00+02:00,100.0,54.7,61.7105,93.673
2022-10-10 02:00:00+02:00,100.0,49.1,55.6055,83.94550000000001
2022-10-10 03:00:00+02:00,100.0,49.8,55.8745,84.1955
2022-10-10 04:00:00+02:00,100.0,50.5,56.4515,85.4925
2022-10-10 05:00:00+02:00,100.0,46.2,52.682,78.5025
2022-10-10 06:00:00+02:00,100.0,47.3,53.7985,80.636
2022-10-10 07:00:00+02:00,100.0,56.6,64.23400000000001,97.406
2022-10-10 08:00:00+02:00,100.0,50.8,58.393,87.5515
2022-10-10 09:00:00+02:00,100.0,39.6,48.2905,67.08099999999999
2022-10-10 10:00:00+02:00,100.0,48.4,54.6335,81.8965
2022-10-26 14:00:00+02:00,56.1,16.0,27.2835,27.7
2022-10-26 15:00:00+02:00,53.367,13.0,21.6595,21.7515
2022-10-26 16:00:00+02:00,56.367,14.7,23.918,24.756
2022-10-26 17:00:00+02:00,68.034,20.8,32.9735,35.430499999999995
2022-10-26 18:00:00+02:00,75.5,26.4,38.4025,45.524
2022-10-26 19:00:00+02:00,87.5,50.9,58.631,88.1565
2022-10-26 20:00:00+02:00,98.3,54.8,63.169,95.175
2022-10-26 21:00:00+02:00,100.0,67.5,77.374,117.161
2022-10-26 22:00:00+02:00,100.0,70.0,79.7005,120.679
2022-10-26 23:00:00+02:00,100.0,42.8,51.2035,74.25
2022-10-27 00:00:00+02:00,100.0,43.5,52.7005,75.697
2022-10-27 01:00:00+02:00,100.0,20.9,33.2545,35.946
2022-10-27 02:00:00+02:00,100.0,24.2,36.2985,41.6005
2022-10-27 03:00:00+02:00,100.0,30.7,41.7065,52.9155
2022-10-27 04:00:00+02:00,100.0,20.9,32.654,35.721000000000004
2022-10-27 05:00:00+02:00,100.0,21.8,33.9645,37.2495
2022-10-27 06:00:00+02:00,100.0,27.4,39.669,47.7325
2022-10-27 07:00:00+02:00,100.0,31.5,42.76649999999999,54.693
2022-10-27 08:00:00+02:00,100.0,20.1,32.359,34.59
2022-10-27 09:00:00+02:00,99.834,23.1,34.441,40.0945
2022-10-27 10:00:00+02:00,92.066,34.7,45.384,60.194
2022-10-27 11:00:00+02:00,79.434,21.3,33.5485,36.7185
2022-10-27 12:00:00+02:00,72.433,17.9,29.5825,30.605000000000004
2022-10-27 13:00:00+02:00,68.8,15.4,25.9785,26.1265
2022-10-27 14:00:00+02:00,66.434,14.7,24.7285,24.8705
2022-10-27 15:00:00+02:00,68.9,17.2,28.406,29.3035
2022-10-27 16:00:00+02:00,80.6,20.2,32.2775,34.307
2022-10-27 17:00:00+02:00,92.834,22.1,34.2085,37.5685
2022-10-27 18:00:00+02:00,100.0,38.0,47.2725,64.82249999999999
2022-10-27 19:00:00+02:00,100.0,55.2,62.214,94.195
2022-10-27 20:00:00+02:00,100.0,49.9,56.125,84.832
2022-10-27 21:00:00+02:00,100.0,52.0,58.588,88.8115
2022-10-27 22:00:00+02:00,100.0,54.5,61.0885,92.7
2022-10-27 23:00:00+02:00,100.0,55.5,63.00150000000001,95.6075
2022-10-28 00:00:00+02:00,100.0,53.4,60.657,91.788
2022-10-28 01:00:00+02:00,100.0,37.5,47.2955,64.0735
2022-10-28 02:00:00+02:00,100.0,29.2,40.9585,49.7155
2022-10-28 03:00:00+02:00,100.0,26.0,37.995000000000005,44.318
2022-10-28 04:00:00+02:00,100.0,23.8,36.073,40.635
2022-10-28 05:00:00+02:00,100.0,21.4,33.634,36.5975
2022-10-28 06:00:00+02:00,100.0,24.9,37.4005,42.953
2022-10-28 07:00:00+02:00,100.0,20.8,33.007,35.548
2022-10-28 08:00:00+02:00,100.0,25.6,38.0305,44.3655
2022-10-28 09:00:00+02:00,100.0,32.6,43.5955,56.3365
2022-10-28 10:00:00+02:00,100.0,54.5,62.12,94.271
2022-10-28 11:00:00+02:00,100.0,50.4,58.5845,87.11
2022-10-28 12:00:00+02:00,91.666,29.0,40.425,49.8025
2022-10-28 13:00:00+02:00,88.867,29.1,40.7685,49.625
2022-10-28 14:00:00+02:00,91.567,32.7,43.7075,55.857
2022-10-28 15:00:00+02:00,89.967,37.1,46.8335,63.417
2022-10-28 16:00:00+02:00,93.6,42.0,49.802,71.185
2022-10-28 17:00:00+02:00,99.934,45.4,52.50749999999999,77.174
2022-10-28 18:00:00+02:00,100.0,61.9,69.0155,104.623
2022-10-28 19:00:00+02:00,100.0,71.0,79.041,119.6945
2022-10-28 20:00:00+02:00,100.0,71.0,78.97999999999999,119.6135
2022-10-28 21:00:00+02:00,100.0,73.0,81.4865,123.3465
2022-10-28 22:00:00+02:00,100.0,68.1,76.1165,115.313
2022-10-28 23:00:00+02:00,100.0,63.5,70.7995,107.319
2022-10-29 00:00:00+02:00,100.0,58.9,66.041,100.158
2022-10-29 01:00:00+02:00,100.0,50.5,57.376,86.822
2022-10-29 02:00:00+02:00,100.0,49.0,55.422,83.82900000000001
2022-10-29 03:00:00+02:00,100.0,42.7,50.8,73.4395
2022-10-29 04:00:00+02:00,100.0,36.8,46.9,63.53150000000001
2022-10-29 05:00:00+02:00,100.0,33.9,44.8735,58.6375
2022-10-29 06:00:00+02:00,100.0,37.5,47.43,65.06
2022-10-29 07:00:00+02:00,100.0,37.1,47.179,64.3315
2022-10-29 08:00:00+02:00,100.0,38.5,48.0015,66.5815
2022-10-29 09:00:00+02:00,100.0,49.8,57.3415,86.91749999999999
2022-10-29 10:00:00+02:00,100.0,50.8,58.57,88.74449999999999
2022-10-29 11:00:00+02:00,93.6,38.2,47.729,65.80799999999999
2022-10-29 12:00:00+02:00,78.333,39.3,48.685,67.909
2022-10-29 13:00:00+02:00,72.4,32.5,43.9725,56.319
2022-10-29 14:00:00+02:00,75.733,35.0,45.503,60.2205
2022-10-29 15:00:00+02:00,82.1,48.3,54.911,81.7125
2022-10-29 16:00:00+02:00,84.566,54.3,60.646,91.8225
2022-10-29 17:00:00+02:00,90.933,65.9,73.18,110.866
2022-10-29 18:00:00+02:00,98.167,75.6,84.31800000000001,127.6365
2022-10-29 19:00:00+02:00,100.0,86.9,96.833,146.3785
2022-10-29 20:00:00+02:00,100.0,111.0,124.419,187.7475
2022-10-29 21:00:00+02:00,100.0,119.6,133.96800000000002,202.038
2022-10-29 22:00:00+02:00,100.0,133.9,149.75549999999998,225.769
2022-10-29 23:00:00+02:00,100.0,122.6,137.76350000000002,207.762
2022-10-30 00:00:00+02:00,100.0,101.1,113.9875,172.09300000000002
2022-10-30 01:00:00+02:00,100.0,90.2,101.633,153.578
2022-10-30 02:00:00+02:00,100.0,79.1,89.2925,135.04149999999998
2022-10-30 03:00:00+02:00,100.0,69.4,78.32249999999999,118.598
2022-10-30 04:00:00+02:00,100.0,63.7,72.242,109.467
2022-10-30 05:00:00+02:00,100.0,60.8,68.97800000000001,104.5995
2022-10-30 06:00:00+02:00,100.0,60.2,68.56700000000001,103.9535
2022-10-30 07:00:00+02:00,100.0,61.5,70.3235,106.587
2022-10-30 08:00:00+02:00,100.0,48.4,56.031,83.9405
2022-10-30 09:00:00+02:00,100.0,32.1,43.2535,55.7705
2022-10-30 10:00:00+02:00,82.5,29.6,41.9945,53.1935
2022-10-30 11:00:00+02:00,63.1,25.7,38.345,44.9465
2022-10-30 12:00:00+02:00,51.633,18.9,30.2815,32.5165
2022-10-30 13:00:00+02:00,46.834,22.2,34.1745,38.4515
2022-10-30 14:00:00+02:00,45.867,24.7,37.195,42.67100000000001
2022-10-30 15:00:00+02:00,45.433,23.0,35.4495,39.657
2022-10-30 16:00:00+02:00,54.233,32.6,43.622,55.973
2022-10-30 17:00:00+02:00,65.166,45.1,52.8155,77.5355
2022-10-30 18:00:00+02:00,77.4,65.8,74.6345,113.0535
2022-10-30 19:00:00+02:00,91.933,94.2,106.898,161.505
2022-10-30 20:00:00+02:00,99.966,110.4,125.1465,188.841
2022-10-30 21:00:00+02:00,100.0,123.3,139.405,210.212
2022-10-30 22:00:00+02:00,100.0,110.2,125.404,189.216
2022-10-30 23:00:00+02:00,100.0,119.4,135.622,204.5455
2022-10-31 00:00:00+02:00,100.0,91.8,104.615,158.036
2022-10-31 01:00:00+02:00,100.0,83.1,95.048,143.69299999999998
2022-10-31 02:00:00+02:00,100.0,62.7,71.482,108.242
2022-10-31 03:00:00+02:00,100.0,46.1,54.7655,80.03
2022-10-31 04:00:00+02:00,100.0,42.2,50.94799999999999,73.417
2022-10-31 05:00:00+02:00,100.0,36.3,46.639,62.999500000000005
2022-10-31 06:00:00+02:00,100.0,27.0,39.0125,46.815
2022-10-31 07:00:00+02:00,100.0,40.0,49.412000000000006,70.046
2022-10-31 08:00:00+02:00,100.0,50.1,58.2105,87.971
2022-10-31 09:00:00+02:00,97.566,50.0,58.0135,87.79650000000001
2022-10-31 10:00:00+02:00,74.233,33.8,45.060500000000005,59.3825
2022-10-31 11:00:00+02:00,58.434,41.0,50.4075,72.0925
2022-10-31 12:00:00+02:00,48.008,27.3,39.816,48.157
2022-10-31 13:00:00+02:00,45.567,22.2,34.92400000000001,38.77
2022-10-31 14:00:00+02:00,44.466,21.5,34.1415,37.412
2022-10-31 15:00:00+02:00,48.367,26.3,38.841,45.6385
2022-10-31 16:00:00+02:00,55.9,34.2,44.9085,58.810500000000005
2022-10-31 17:00:00+02:00,66.267,41.9,50.223,72.23150000000001
2022-10-31 18:00:00+02:00,77.1,59.2,67.2175,101.815
2022-10-31 19:00:00+02:00,89.233,82.9,94.613,143.0165
2022-10-31 20:00:00+02:00,99.566,96.8,110.604,167.03
2022-10-31 21:00:00+02:00,100.0,127.1,143.8995,216.9795
2022-10-31 22:00:00+02:00,100.0,107.2,122.143,184.324
2022-10-31 23:00:00+02:00,100.0,115.3,131.427,198.258
2022-11-01 00:00:00+02:00,100.0,105.5,120.0405,181.1535
2022-11-01 01:00:00+02:00,100.0,106.4,120.8555,182.385
2022-11-01 02:00:00+02:00,100.0,88.4,100.5635,151.957
2022-11-01 03:00:00+02:00,100.0,72.3,82.7995,125.2895
2022-11-01 04:00:00+02:00,100.0,69.2,78.9295,119.4935
2022-11-01 05:00:00+02:00,100.0,58.2,66.686,101.0915
2022-11-01 06:00:00+02:00,100.0,44.7,52.4635,77.51
2022-11-01 07:00:00+02:00,100.0,46.8,55.563,81.3845
2022-11-01 08:00:00+02:00,100.0,76.3,87.41749999999999,132.2435
2022-11-01 09:00:00+02:00,98.834,62.5,71.707,108.6875
2022-11-01 10:00:00+02:00,79.3,44.5,52.8505,77.2415
2022-11-01 11:00:00+02:00,53.067,33.8,44.787,58.4445
2022-11-01 12:00:00+02:00,41.166,36.2,46.4275,62.4565
2022-11-01 13:00:00+02:00,38.0,33.4,44.277,57.2295
2022-11-01 14:00:00+02:00,31.733,18.9,27.1825,31.9305
2022-11-01 15:00:00+02:00,26.666,5.3,8.234,8.234
2022-11-01 16:00:00+02:00,26.0,5.5,8.437000000000001,8.437000000000001
2022-11-01 17:00:00+02:00,33.334,31.8,38.4895,54.1735
2022-11-01 18:00:00+02:00,56.466,77.6,87.7525,132.7345
2022-11-01 19:00:00+02:00,72.067,93.4,105.8665,159.90550000000002
2022-11-01 20:00:00+02:00,81.133,118.7,134.759,203.263
2022-11-01 21:00:00+02:00,75.833,106.3,121.697,183.674
2022-11-01 22:00:00+02:00,80.167,98.8,113.3315,171.133
2022-11-01 23:00:00+02:00,79.867,83.3,95.8945,144.959
2022-11-02 00:00:00+02:00,79.233,52.3,62.515,91.6705
2022-11-02 01:00:00+02:00,81.767,49.0,57.269,85.94749999999999
2022-11-02 02:00:00+02:00,82.633,25.4,37.731,44.661
2022-11-02 03:00:00+02:00,85.7,30.7,42.2605,53.638000000000005
2022-11-02 04:00:00+02:00,90.167,28.0,40.308,48.923
2022-11-02 05:00:00+02:00,88.2,12.9,21.2055,21.731
2022-11-02 06:00:00+02:00,87.934,16.9,28.1105,29.1035
2022-11-02 07:00:00+02:00,88.0,20.4,33.1665,35.8675
2022-11-02 08:00:00+02:00,82.7,24.3,37.072,42.6715
2022-11-02 09:00:00+02:00,71.8,20.9,33.529,36.765
2022-11-02 10:00:00+02:00,60.2,29.1,40.6065,51.0105
2022-11-02 11:00:00+02:00,46.233,22.8,35.695,40.374
2022-11-02 12:00:00+02:00,39.1,16.0,27.4515,27.8635
2022-11-02 13:00:00+02:00,33.267,8.9,14.718,14.719
2022-11-02 14:00:00+02:00,32.167,7.8,12.6325,12.6325
2022-11-02 15:00:00+02:00,34.1,10.8,18.2505,18.278
2022-11-02 16:00:00+02:00,37.1,12.1,20.2405,20.4335
2022-11-02 17:00:00+02:00,54.666,28.6,40.4205,49.3095
2022-11-02 18:00:00+02:00,64.3,38.4,48.1625,66.4935
2022-11-02 19:00:00+01:00,76.333,83.0,95.011,143.66750000000002
2022-11-02 20:00:00+01:00,84.034,83.8,96.1585,145.3715
2022-11-02 21:00:00+01:00,89.6,97.9,112.149,169.33100000000002
2022-11-02 22:00:00+01:00,87.066,47.2,57.269,82.225
2022-11-02 23:00:00+01:00,93.733,69.2,80.5295,120.1575
2022-11-03 00:00:00+01:00,92.834,29.4,41.429,51.193
2022-11-03 01:00:00+01:00,94.466,24.2,36.9675,42.135000000000005
2022-11-03 02:00:00+01:00,96.0,20.8,33.372,36.124
2022-11-03 03:00:00+01:00,98.1,21.4,33.926,37.202
2022-11-03 04:00:00+01:00,100.0,25.7,37.6795,44.6715
2022-11-03 05:00:00+01:00,100.0,20.1,32.501999999999995,34.842
2022-11-03 06:00:00+01:00,99.233,22.7,35.248999999999995,39.6395
2022-11-03 07:00:00+01:00,96.466,33.0,43.8495,57.763
2022-11-03 08:00:00+01:00,94.433,37.7,47.747,65.9165
2022-11-03 09:00:00+01:00,76.3,30.5,42.4105,53.158
2022-11-03 10:00:00+01:00,65.267,22.9,35.44,39.588
2022-11-03 11:00:00+01:00,65.9,28.4,40.564,49.217
2022-11-03 12:00:00+01:00,67.8,30.7,42.386,52.941500000000005
2022-11-03 13:00:00+01:00,66.3,35.4,46.3255,60.8835
2022-11-03 14:00:00+01:00,63.534,33.9,44.842,58.515
2022-11-03 15:00:00+01:00,62.875,33.2,44.3645,57.4565
2022-11-03 16:00:00+01:00,66.566,38.7,48.1745,66.902
2022-11-03 17:00:00+01:00,75.1,54.9,63.471500000000006,95.002
2022-11-03 18:00:00+01:00,86.466,88.6,101.522,153.4265
2022-11-03 19:00:00+01:00,95.7,94.5,107.725,162.714
2022-11-03 20:00:00+01:00,99.867,92.9,105.991,160.0805
2022-11-03 21:00:00+01:00,100.0,66.1,75.46950000000001,114.339
2022-11-03 22:00:00+01:00,100.0,47.3,54.684,82.315
2022-11-03 23:00:00+01:00,100.0,60.7,69.80199999999999,105.3345
2022-11-04 00:00:00+01:00,100.0,76.1,87.161,131.868
2022-11-04 01:00:00+01:00,100.0,75.0,85.566,129.4625
2022-11-04 02:00:00+01:00,100.0,66.6,76.073,115.2515
2022-11-04 03:00:00+01:00,100.0,61.3,70.0815,106.2415
2022-11-04 04:00:00+01:00,100.0,61.0,69.65899999999999,105.626
2022-11-04 05:00:00+01:00,100.0,62.6,71.517,108.3855
2022-11-04 06:00:00+01:00,100.0,60.8,69.64750000000001,105.568
2022-11-04 07:00:00+01:00,100.0,49.0,56.596,85.54599999999999
2022-11-04 08:00:00+01:00,100.0,55.1,63.4295,96.2395
2022-11-04 09:00:00+01:00,100.0,56.0,64.531,97.908
2022-11-04 10:00:00+01:00,100.0,61.6,70.4685,106.819
2022-11-04 11:00:00+01:00,100.0,61.8,70.4385,106.7655
2022-11-04 12:00:00+01:00,100.0,74.8,85.4665,129.2935
2022-11-04 13:00:00+01:00,100.0,100.9,114.6955,173.179
2022-11-04 14:00:00+01:00,95.966,42.5,50.358,72.6545
2022-11-04 15:00:00+01:00,66.166,31.2,37.245000000000005,53.2965
2022-11-04 16:00:00+01:00,94.833,73.0,83.85249999999999,126.891
2022-11-04 17:00:00+01:00,100.0,9.7,14.9005,16.166
2022-11-04 18:00:00+01:00,100.0,10.5,18.4095,18.4275
2022-11-04 19:00:00+01:00,100.0,31.3,43.185,54.8
2022-11-04 20:00:00+01:00,100.0,31.1,42.784000000000006,54.7315
2022-11-04 21:00:00+01:00,100.0,19.7,31.7725,33.9975
2022-11-04 22:00:00+01:00,100.0,26.1,38.0005,45.3485
2022-11-04 23:00:00+01:00,100.0,47.2,54.9505,82.716
2022-11-05 00:00:00+01:00,100.0,42.3,51.009,73.92099999999999
2022-11-05 01:00:00+01:00,100.0,32.5,43.864,56.506
2022-11-05 02:00:00+01:00,100.0,29.6,41.9425,51.6075
2022-11-05 03:00:00+01:00,100.0,25.0,37.063,42.444500000000005
2022-11-05 05:00:00+01:00,100.0,2.8,3.165,3.165
2022-11-05 07:00:00+01:00,100.0,9.3,14.975,15.05
2022-11-05 08:00:00+01:00,100.0,9.9,15.835,15.835
2022-11-05 09:00:00+01:00,100.0,15.8,26.345,26.54
2022-11-05 10:00:00+01:00,100.0,15.2,25.7215,25.965
2022-11-05 11:00:00+01:00,100.0,18.9,30.5495,33.0125
2022-11-05 12:00:00+01:00,100.0,13.8,23.526,23.6055
2022-11-05 13:00:00+01:00,100.0,17.5,28.446,29.842
2022-11-07 11:00:00+01:00,83.9,20.3,32.179,34.254000000000005
2022-11-07 12:00:00+01:00,87.034,20.2,31.9005,34.1835
2022-11-07 13:00:00+01:00,84.2,17.2,28.236,28.885
2022-11-07 14:00:00+01:00,77.492,17.6,28.6605,29.521500000000003
2022-11-07 15:00:00+01:00,74.834,15.2,24.7015,24.863
2022-11-07 16:00:00+01:00,75.0,17.7,28.6615,29.4895
2022-11-07 17:00:00+01:00,80.133,28.1,39.765,47.631
2022-11-07 18:00:00+01:00,85.466,28.6,40.138000000000005,48.4005
2022-11-07 19:00:00+01:00,90.033,30.4,41.742,51.7555
2022-11-07 20:00:00+01:00,99.133,88.0,101.1435,151.516
2022-11-07 21:00:00+01:00,100.0,106.9,122.0495,184.18
2022-11-07 22:00:00+01:00,100.0,102.7,116.964,176.548
2022-11-07 23:00:00+01:00,100.0,81.7,92.9475,140.50650000000002
2022-11-08 00:00:00+01:00,100.0,57.8,66.832,99.399
2022-11-08 01:00:00+01:00,100.0,63.5,72.11699999999999,109.269
2022-11-08 02:00:00+01:00,100.0,45.2,53.073,77.791
2022-11-08 03:00:00+01:00,100.0,41.7,50.1445,71.7585
2022-11-08 04:00:00+01:00,100.0,35.5,45.9235,61.0525
2022-11-08 05:00:00+01:00,100.0,31.3,42.9735,54.216
2022-11-08 06:00:00+01:00,100.0,25.3,38.11,44.315
2022-11-08 07:00:00+01:00,100.0,43.3,52.645,76.1745
2022-11-08 08:00:00+01:00,100.0,53.2,61.72,93.215
2022-11-08 09:00:00+01:00,99.767,44.9,53.3185,78.8125
2022-11-08 10:00:00+01:00,92.434,42.9,52.1595,74.553
2022-11-08 11:00:00+01:00,83.733,31.1,42.336,53.5535
2022-11-08 12:00:00+01:00,78.967,23.2,35.4165,39.6025
2022-11-08 13:00:00+01:00,77.7,21.3,33.291,35.9955
2022-11-08 14:00:00+01:00,83.367,29.4,40.6115,49.679
2022-11-08 15:00:00+01:00,88.566,40.2,48.8475,68.502
2022-11-08 16:00:00+01:00,98.0,52.5,59.214,89.75550000000001
2022-11-08 17:00:00+01:00,100.0,78.8,89.61500000000001,135.512
2022-11-08 18:00:00+01:00,100.0,107.7,123.0585,185.718
2022-11-08 19:00:00+01:00,100.0,120.1,137.028,206.6515
2022-11-08 20:00:00+01:00,100.0,140.4,160.0275,241.1515
2022-11-08 21:00:00+01:00,100.0,113.8,130.113,196.2435
2022-11-08 22:00:00+01:00,100.0,88.6,101.6055,153.5285
2022-11-08 23:00:00+01:00,100.0,95.0,108.5475,163.929
2022-11-09 00:00:00+01:00,100.0,108.3,123.548,186.4105
2022-11-09 01:00:00+01:00,100.0,86.5,98.696,149.1755
2022-11-09 02:00:00+01:00,100.0,62.4,71.152,107.83
2022-11-09 03:00:00+01:00,100.0,61.0,69.72300000000001,105.6675
2022-11-09 04:00:00+01:00,100.0,65.9,75.1985,113.9015
2022-11-09 05:00:00+01:00,100.0,61.8,70.744,107.212
2022-11-09 06:00:00+01:00,100.0,63.2,72.594,109.9435
2022-11-09 07:00:00+01:00,100.0,69.0,79.9135,121.0055
2022-11-09 08:00:00+01:00,100.0,55.4,64.44149999999999,97.751
2022-11-09 09:00:00+01:00,96.367,31.4,43.0015,55.56699999999999
2022-11-09 10:00:00+01:00,79.633,34.6,45.8505,60.8465
2022-11-09 11:00:00+01:00,63.166,27.0,39.816,47.59
2022-11-09 12:00:00+01:00,54.966,20.2,33.217,36.028000000000006
2022-11-09 13:00:00+01:00,46.7,16.5,27.7885,28.7685
2022-11-09 14:00:00+01:00,43.8,16.3,27.6235,28.26
2022-11-09 15:00:00+01:00,45.933,31.8,43.0505,55.4265
2022-11-09 16:00:00+01:00,57.133,44.2,53.1685,77.0025
2022-11-09 17:00:00+01:00,71.466,73.8,84.94,128.5345
2022-11-09 18:00:00+01:00,85.233,68.0,78.37049999999999,118.6855
2022-11-09 19:00:00+01:00,96.833,100.5,115.7185,174.707
2022-11-09 20:00:00+01:00,93.8,46.3,57.696,81.10050000000001
2022-11-09 21:00:00+01:00,90.867,40.6,51.381,71.1045
2022-11-09 22:00:00+01:00,98.8,74.3,85.6925,129.639
2022-11-09 23:00:00+01:00,100.0,54.6,63.2135,95.8255
2022-11-10 00:00:00+01:00,100.0,60.8,69.9085,105.989
2022-11-10 01:00:00+01:00,100.0,60.7,69.8885,105.9215
2022-11-10 02:00:00+01:00,100.0,53.5,61.5,93.329
2022-11-10 03:00:00+01:00,100.0,45.7,53.8935,79.8015
2022-11-10 04:00:00+01:00,100.0,28.4,40.278,49.2975
2022-11-10 05:00:00+01:00,100.0,43.0,51.444,75.187
2022-11-10 06:00:00+01:00,100.0,50.4,58.4235,88.09100000000001
2022-11-10 07:00:00+01:00,100.0,52.9,62.4345,93.42
2022-11-10 08:00:00+01:00,96.883,37.7,47.9585,65.7865
2022-11-10 09:00:00+01:00,68.308,23.3,35.6725,40.346
2022-11-10 10:00:00+01:00,55.133,20.7,33.4675,36.4035
2022-11-10 11:00:00+01:00,46.6,20.2,31.994,35.067
2022-11-10 12:00:00+01:00,51.0,13.8,22.87,23.194000000000003
2022-11-10 13:00:00+01:00,65.733,11.3,18.804,18.807
2022-11-10 14:00:00+01:00,73.667,9.9,16.2135,16.2135
2022-11-10 15:00:00+01:00,74.367,13.3,22.5715,22.7465
2022-11-10 16:00:00+01:00,82.4,20.0,32.0875,34.506
2022-11-10 17:00:00+01:00,89.233,27.4,38.9285,47.3075
2022-11-10 18:00:00+01:00,89.8,28.6,40.621,49.378
2022-11-10 19:00:00+01:00,92.333,27.9,39.911,47.9385
2022-11-10 20:00:00+01:00,97.167,38.3,47.7935,66.14099999999999
2022-11-10 21:00:00+01:00,98.567,31.9,43.231,55.0365
2022-11-10 22:00:00+01:00,98.6,26.5,38.823,45.594
2022-11-10 23:00:00+01:00,100.0,42.6,53.2255,73.3125
2022-11-11 00:00:00+01:00,100.0,65.7,74.755,113.24
2022-11-11 01:00:00+01:00,100.0,62.6,71.392,108.1955
2022-11-11 02:00:00+01:00,100.0,54.8,62.3995,94.732
2022-11-11 03:00:00+01:00,100.0,52.9,60.418,91.682
2022-11-11 04:00:00+01:00,100.0,43.2,51.0795,74.6165
2022-11-11 05:00:00+01:00,100.0,33.5,44.317,57.8095
2022-11-11 06:00:00+01:00,100.0,43.9,52.02,76.77850000000001
2022-11-11 07:00:00+01:00,100.0,43.0,51.777,75.449
2022-11-11 08:00:00+01:00,100.0,43.7,52.1335,76.2195
2022-11-11 09:00:00+01:00,100.0,48.0,55.922,83.193
2022-11-11 10:00:00+01:00,94.139,32.1,43.5095,56.150000000000006
2022-11-11 11:00:00+01:00,75.05,21.8,34.106,37.408
2022-11-11 12:00:00+01:00,63.767,17.6,28.71,30.015
2022-11-11 13:00:00+01:00,53.017,8.5,13.7485,13.7485
2022-11-11 14:00:00+01:00,51.334,10.8,18.1365,18.1525
2022-11-11 15:00:00+01:00,54.466,17.1,27.944,29.442
2022-11-11 16:00:00+01:00,60.067,18.0,29.8225,31.257
2022-11-11 17:00:00+01:00,70.867,44.4,54.561,77.978
2022-11-11 18:00:00+01:00,80.433,105.8,121.825,183.823
2022-11-11 19:00:00+01:00,87.2,99.4,114.456,172.787
2022-11-11 20:00:00+01:00,96.4,69.4,80.009,121.1435
2022-11-11 21:00:00+01:00,99.233,98.0,113.0455,170.68200000000002
2022-11-11 22:00:00+01:00,100.0,82.8,95.2955,143.70049999999998
2022-11-11 23:00:00+01:00,100.0,74.1,85.3405,129.046
2022-11-12 00:00:00+01:00,100.0,34.9,45.811,60.819500000000005
2022-11-12 01:00:00+01:00,100.0,22.8,35.546,39.715
2022-11-12 02:00:00+01:00,100.0,20.8,32.9515,35.6925
2022-11-12 03:00:00+01:00,100.0,19.1,31.215,32.613
2022-11-12 04:00:00+01:00,100.0,20.1,32.339,34.574
2022-11-12 05:00:00+01:00,100.0,19.5,31.8415,33.683
2022-11-12 06:00:00+01:00,100.0,23.1,35.6395,39.987
2022-11-12 07:00:00+01:00,100.0,29.1,41.078,50.878
2022-11-12 08:00:00+01:00,100.0,34.3,45.449,60.091
2022-11-12 09:00:00+01:00,100.0,40.4,49.6705,70.79650000000001
2022-11-12 10:00:00+01:00,100.0,48.4,56.7865,85.04050000000001
2022-11-12 11:00:00+01:00,99.8,43.0,51.9145,75.8335
2022-11-12 12:00:00+01:00,90.2,42.9,52.1185,74.982
2022-11-12 13:00:00+01:00,79.6,27.0,38.4475,46.824
2022-11-12 14:00:00+01:00,80.066,27.6,39.738,47.5705
2022-11-12 15:00:00+01:00,91.567,23.2,35.474999999999994,39.6775
2022-11-12 16:00:00+01:00,99.966,28.6,40.3845,48.854
2022-11-12 17:00:00+01:00,100.0,41.1,49.433,70.2345
2022-11-12 18:00:00+01:00,100.0,52.1,59.899,88.7595
2022-11-12 19:00:00+01:00,100.0,50.8,59.0905,86.22550000000001
2022-11-12 20:00:00+01:00,100.0,45.1,52.4925,76.2715
2022-11-12 21:00:00+01:00,100.0,47.5,54.434,80.241
2022-11-12 22:00:00+01:00,100.0,45.8,51.953,76.72399999999999
2022-11-12 23:00:00+01:00,100.0,45.7,52.1345,76.97550000000001
2022-11-13 00:00:00+01:00,100.0,46.5,52.2815,77.4515
2022-11-13 01:00:00+01:00,100.0,46.3,52.2345,77.422
2022-11-13 02:00:00+01:00,100.0,44.4,50.869,73.991
2022-11-13 03:00:00+01:00,100.0,40.8,48.693,68.2245
2022-11-13 04:00:00+01:00,100.0,38.9,47.4775,65.086
2022-11-13 05:00:00+01:00,100.0,40.2,48.3785,67.37049999999999
2022-11-13 06:00:00+01:00,100.0,39.8,48.1465,66.7525
2022-11-13 07:00:00+01:00,100.0,41.6,49.528,70.4625
2022-11-13 08:00:00+01:00,100.0,45.2,52.1665,76.5005
2022-11-13 09:00:00+01:00,100.0,48.8,55.07,82.3175
2022-11-13 10:00:00+01:00,100.0,53.1,59.1525,89.662
2022-11-13 11:00:00+01:00,100.0,56.8,63.0515,95.692
2022-11-13 12:00:00+01:00,100.0,59.5,65.9945,100.1055
2022-11-13 13:00:00+01:00,100.0,54.6,60.4845,91.709
2022-11-13 14:00:00+01:00,100.0,56.9,63.1675,95.8705
2022-11-13 15:00:00+01:00,99.834,58.9,65.5545,99.428
2022-11-13 16:00:00+01:00,96.733,69.9,78.26050000000001,118.494
2022-11-13 17:00:00+01:00,97.733,87.0,97.9535,148.02
2022-11-13 18:00:00+01:00,100.0,98.3,110.4285,166.775
2022-11-13 19:00:00+01:00,100.0,101.3,114.2435,172.4505
2022-11-13 20:00:00+01:00,100.0,91.9,103.5605,156.473
2022-11-13 21:00:00+01:00,100.0,99.8,112.736,170.188
2022-11-13 22:00:00+01:00,100.0,91.9,103.6695,156.639
2022-11-13 23:00:00+01:00,100.0,87.0,98.268,148.4865
2022-11-14 00:00:00+01:00,100.0,91.9,103.776,156.752
2022-11-14 01:00:00+01:00,100.0,93.9,106.012,160.0895
2022-11-14 02:00:00+01:00,100.0,79.6,89.7285,135.72
2022-11-14 03:00:00+01:00,100.0,76.1,85.60849999999999,129.4905
2022-11-14 04:00:00+01:00,100.0,43.9,50.9595,74.25800000000001
2022-11-14 05:00:00+01:00,100.0,42.3,50.0455,71.7955
2022-11-14 06:00:00+01:00,100.0,46.5,52.8835,78.791
2022-11-14 07:00:00+01:00,100.0,45.2,52.0555,76.89
2022-11-14 08:00:00+01:00,100.0,45.6,52.416,77.55799999999999
2022-11-14 09:00:00+01:00,100.0,51.5,58.206,87.596
2022-11-14 10:00:00+01:00,100.0,57.4,64.285,97.03
2022-11-14 11:00:00+01:00,100.0,75.0,83.6615,126.612
2022-11-14 12:00:00+01:00,100.0,74.8,83.4865,126.35750000000002
2022-11-14 13:00:00+01:00,100.0,70.4,78.55799999999999,118.9665
2022-11-14 14:00:00+01:00,100.0,73.2,81.7825,123.786
2022-11-14 15:00:00+01:00,100.0,85.5,96.1295,145.291
2022-11-14 16:00:00+01:00,100.0,93.9,105.905,159.957
2022-11-14 17:00:00+01:00,100.0,75.1,84.83850000000001,128.369
2022-11-14 18:00:00+01:00,100.0,77.4,87.85249999999999,132.8915
2022-11-14 19:00:00+01:00,100.0,69.5,78.5395,118.9565
2022-11-14 20:00:00+01:00,100.0,61.9,69.9735,106.0845
2022-11-14 21:00:00+01:00,100.0,61.6,69.5305,105.404
2022-11-14 22:00:00+01:00,100.0,58.2,66.5185,99.4705
2022-11-14 23:00:00+01:00,100.0,44.0,52.3275,75.033
2022-11-15 00:00:00+01:00,100.0,34.9,45.3305,59.4925
2022-11-15 01:00:00+01:00,100.0,26.1,38.076,44.148
2022-11-15 02:00:00+01:00,100.0,29.4,40.863,49.8725
2022-11-15 03:00:00+01:00,100.0,29.2,40.813500000000005,49.389
2022-11-15 04:00:00+01:00,100.0,20.4,32.164,34.2665
2022-11-15 05:00:00+01:00,100.0,21.1,33.0145,35.568
2022-11-15 06:00:00+01:00,100.0,24.9,37.018,42.2595
2022-11-15 07:00:00+01:00,100.0,30.8,42.3445,52.6595
2022-11-15 08:00:00+01:00,100.0,39.0,48.1055,66.3235
2022-11-15 09:00:00+01:00,100.0,49.7,56.2365,84.655
2022-11-15 10:00:00+01:00,100.0,62.6,70.4395,106.815
2022-11-15 11:00:00+01:00,100.0,55.9,62.983,95.502
2022-11-15 12:00:00+01:00,100.0,63.4,71.6395,108.612
2022-11-15 13:00:00+01:00,99.834,52.7,60.85850000000001,91.065
2022-11-15 14:00:00+01:00,95.038,38.9,48.1705,66.938
2022-11-15 15:00:00+01:00,95.267,72.4,82.1315,124.2905
2022-11-15 16:00:00+01:00,98.666,89.0,100.8775,152.44299999999998
2022-11-15 17:00:00+01:00,100.0,119.9,136.089,205.254
2022-11-15 18:00:00+01:00,100.0,170.3,193.0395,290.655
2022-11-15 19:00:00+01:00,100.0,188.6,213.3835,321.1795
2022-11-15 20:00:00+01:00,100.0,172.9,196.0205,295.143
2022-11-15 21:00:00+01:00,100.0,163.1,184.869,278.38
2022-11-15 22:00:00+01:00,100.0,180.0,203.503,306.3535
2022-11-15 23:00:00+01:00,100.0,169.8,192.015,289.123
2022-11-16 00:00:00+01:00,100.0,171.8,194.0275,292.1195
2022-11-16 01:00:00+01:00,100.0,188.8,212.024,319.1445
2022-11-16 02:00:00+01:00,100.0,143.2,161.773,243.7485
2022-11-16 03:00:00+01:00,100.0,87.1,99.0505,149.6735
2022-11-16 04:00:00+01:00,100.0,74.9,85.0795,128.72899999999998
2022-11-16 05:00:00+01:00,100.0,78.2,89.2975,135.0725
2022-11-16 06:00:00+01:00,100.0,70.6,80.5435,121.9365
2022-11-16 07:00:00+01:00,100.0,63.3,72.12450000000001,109.295
2022-11-16 08:00:00+01:00,100.0,71.9,82.5735,124.977
2022-11-16 09:00:00+01:00,100.0,67.7,77.69800000000001,117.6175
2022-11-16 10:00:00+01:00,100.0,63.9,72.99799999999999,110.602
2022-11-16 11:00:00+01:00,100.0,83.7,95.9495,145.0595
2022-11-16 12:00:00+01:00,100.0,110.9,126.9635,191.5505
2022-11-16 13:00:00+01:00,100.0,93.6,107.5785,162.4775
2022-11-16 14:00:00+01:00,100.0,101.8,116.726,176.20499999999998
2022-11-16 15:00:00+01:00,100.0,104.8,119.663,180.598
2022-11-16 16:00:00+01:00,100.0,85.6,97.535,147.406
2022-11-16 17:00:00+01:00,100.0,67.5,76.7555,116.2745
2022-11-16 18:00:00+01:00,100.0,66.3,75.2505,114.03
2022-11-16 19:00:00+01:00,100.0,81.1,91.769,138.8025
2022-11-16 20:00:00+01:00,100.0,54.0,65.678,92.622
2022-11-17 11:00:00+01:00,17.0,14.8,25.2485,25.34
2022-11-17 12:00:00+01:00,17.0,16.9,28.228,28.6455
2022-11-17 13:00:00+01:00,17.0,23.7,35.7255,40.132000000000005
2022-11-17 14:00:00+01:00,17.2,26.9,38.865,45.7165
2022-11-17 15:00:00+01:00,17.267,35.8,45.557500000000005,60.3355
2022-11-17 16:00:00+01:00,17.167,40.3,48.68300000000001,68.22550000000001
2022-11-17 17:00:00+01:00,17.467,45.9,52.893,78.3475
2022-11-17 18:00:00+01:00,17.5,44.3,51.493,75.41149999999999
2022-11-17 19:00:00+01:00,17.767,45.0,52.3795,77.00200000000001
2022-11-17 20:00:00+01:00,17.1,40.2,49.015,68.9395
2022-11-17 21:00:00+01:00,17.034,39.1,48.2935,67.353
2022-11-17 22:00:00+01:00,17.367,62.3,70.939,107.439
2022-11-17 23:00:00+01:00,17.433,65.8,74.8995,113.478
2022-11-18 00:00:00+01:00,17.466,55.8,64.388,96.5375
2022-11-18 01:00:00+01:00,17.166,56.4,64.544,97.638
2022-11-18 02:00:00+01:00,17.034,46.3,54.512,80.446
2022-11-18 03:00:00+01:00,17.034,58.9,67.476,102.3355
2022-11-18 04:00:00+01:00,17.4,59.8,68.435,103.804
2022-11-18 05:00:00+01:00,17.566,57.4,65.8335,99.884
2022-11-18 06:00:00+01:00,17.6,43.0,51.4125,75.215
2022-11-18 07:00:00+01:00,18.0,43.2,51.683,75.916
2022-11-18 08:00:00+01:00,18.0,40.3,49.702,70.7365
2022-11-18 09:00:00+01:00,24.834,24.4,36.4165,42.6525
2022-11-18 10:00:00+01:00,28.267,29.3,41.1305,51.141
2022-11-18 11:00:00+01:00,29.35,43.3,53.377,75.326
2022-11-18 12:00:00+01:00,29.292,16.0,26.635,27.4775
2022-11-18 13:00:00+01:00,29.0,26.4,38.299,45.799
2022-11-18 14:00:00+01:00,29.0,34.6,45.402,60.871
2022-11-18 15:00:00+01:00,29.0,23.9,36.419,42.4115
2022-11-18 16:00:00+01:00,29.0,27.4,39.2345,47.838
2022-11-18 17:00:00+01:00,29.0,71.9,82.609,125.034
2022-11-18 18:00:00+01:00,29.0,40.1,49.7565,70.118
2022-11-18 19:00:00+01:00,28.858,45.1,53.7825,79.0525
2022-11-18 20:00:00+01:00,28.034,18.9,29.6685,32.698
2022-11-18 21:00:00+01:00,28.0,14.1,23.5945,24.0275
2022-11-18 22:00:00+01:00,28.0,32.8,43.877,56.935500000000005
2022-11-18 23:00:00+01:00,28.0,41.5,50.392,72.396
2022-11-19 00:00:00+01:00,27.966,52.3,60.235,91.384
2022-11-19 01:00:00+01:00,27.834,61.0,69.67699999999999,105.638
2022-11-19 02:00:00+01:00,27.666,42.6,51.7275,74.0215
2022-11-19 03:00:00+01:00,27.167,36.7,47.5945,64.0035
2022-11-19 04:00:00+01:00,27.034,25.2,37.959,44.076
2022-11-19 05:00:00+01:00,27.0,26.3,39.053,46.0015
2022-11-19 06:00:00+01:00,27.0,26.2,38.94,45.756
2022-11-19 07:00:00+01:00,27.0,23.4,36.058,40.6695
2022-11-19 08:00:00+01:00,27.0,33.0,44.083,57.1165
2022-11-19 09:00:00+01:00,27.0,26.2,38.223,44.7115
2022-11-19 10:00:00+01:00,27.0,19.1,30.553,32.322
2022-11-19 11:00:00+01:00,27.0,28.6,40.32,48.814
2022-11-19 12:00:00+01:00,26.933,27.9,39.932500000000005,47.71
2022-11-19 13:00:00+01:00,26.133,31.8,43.1035,54.4615
2022-11-19 14:00:00+01:00,26.834,35.0,45.4535,60.095
2022-11-19 15:00:00+01:00,27.034,39.0,48.097,66.67
2022-11-19 16:00:00+01:00,27.666,48.6,56.5885,83.011
2022-11-19 17:00:00+01:00,28.0,68.3,77.48,117.267
2022-11-19 18:00:00+01:00,28.267,45.9,54.1245,79.2695
2022-11-19 19:00:00+01:00,28.667,25.6,36.7115,44.346
2022-11-19 20:00:00+01:00,28.433,39.1,48.1655,67.447
2022-11-19 21:00:00+01:00,28.0,18.6,29.72,31.5955
2022-11-19 22:00:00+01:00,28.0,21.4,33.09,36.3015
2022-11-19 23:00:00+01:00,28.034,12.1,19.7425,19.9715
2022-11-20 00:00:00+01:00,28.267,6.0,8.8955,8.8955
2022-11-20 01:00:00+01:00,28.034,5.1,7.138,7.138
2022-11-20 02:00:00+01:00,28.0,5.2,7.393499999999999,7.393499999999999
2022-11-20 03:00:00+01:00,28.0,5.5,8.1385,8.1385
2022-11-20 04:00:00+01:00,27.933,4.2,5.809,5.809
2022-11-20 05:00:00+01:00,27.666,4.5,6.336,6.336
2022-11-20 06:00:00+01:00,27.433,2.5,2.8935,2.8935
2022-11-20 07:00:00+01:00,27.233,4.1,5.6765,5.6765
2022-11-20 08:00:00+01:00,27.267,3.7,4.9175,4.9175
2022-11-20 09:00:00+01:00,27.267,5.2,7.6895,7.7255
2022-11-20 10:00:00+01:00,27.367,4.4,6.3165,6.3165
2022-11-20 11:00:00+01:00,27.166,4.7,6.713,6.713
2022-11-20 12:00:00+01:00,27.034,11.0,18.2215,18.517
2022-11-20 13:00:00+01:00,27.0,10.7,17.7445,17.771
2022-11-20 14:00:00+01:00,27.0,12.7,21.3325,21.4415
2022-11-20 15:00:00+01:00,27.0,16.2,27.0185,27.7615
2022-11-20 16:00:00+01:00,27.0,17.2,28.945,29.7525
2022-11-20 17:00:00+01:00,27.0,13.4,22.4395,22.7005
2022-11-20 18:00:00+01:00,27.0,15.1,25.215,25.5845
2022-11-20 19:00:00+01:00,27.0,36.9,46.7395,63.9405
2022-11-20 20:00:00+01:00,27.0,56.2,64.21600000000001,97.225
2022-11-20 21:00:00+01:00,27.0,41.7,51.765,71.604
2022-11-20 22:00:00+01:00,27.0,27.0,38.736,45.6875
2022-11-20 23:00:00+01:00,26.633,29.0,39.8415,49.18
2022-11-21 00:00:00+01:00,26.1,21.9,33.988,37.1615
2022-11-21 01:00:00+01:00,26.034,27.2,38.685,46.115
2022-11-21 02:00:00+01:00,26.0,28.8,40.297,48.878
2022-11-21 03:00:00+01:00,26.0,23.4,35.397000000000006,39.5745
2022-11-21 04:00:00+01:00,26.034,20.9,32.607,34.8695
2022-11-21 05:00:00+01:00,26.175,19.5,31.2105,32.724000000000004
2022-11-21 06:00:00+01:00,26.534,16.3,27.0815,27.4425
2022-11-21 07:00:00+01:00,26.0,17.2,28.4075,28.998
2022-11-21 08:00:00+01:00,26.0,19.7,31.8065,33.587500000000006
2022-11-21 09:00:00+01:00,26.0,24.3,36.36,41.5945
2022-11-21 10:00:00+01:00,25.8,29.0,40.8235,49.7365
2022-11-21 11:00:00+01:00,25.334,37.5,47.6565,65.4495
2022-11-21 12:00:00+01:00,25.0,40.5,49.1435,69.4325
2022-11-21 13:00:00+01:00,24.733,33.8,44.568,57.913
2022-11-21 14:00:00+01:00,24.2,29.2,41.005,50.0155
2022-11-21 15:00:00+01:00,24.4,34.5,45.1965,59.5
2022-11-21 16:00:00+01:00,25.0,54.0,62.6245,93.409
2022-11-21 17:00:00+01:00,25.167,89.3,102.1045,154.257
2022-11-21 18:00:00+01:00,25.267,212.3,239.167,359.8525
2022-11-21 19:00:00+01:00,25.433,203.9,230.4205,346.7265
2022-11-21 20:00:00+01:00,26.0,155.9,177.61,267.502
2022-11-21 21:00:00+01:00,26.0,204.0,231.382,348.302
2022-11-21 22:00:00+01:00,26.0,152.4,175.532,264.5515
2022-11-21 23:00:00+01:00,26.0,144.6,168.5495,254.0805
2022-11-22 00:00:00+01:00,25.966,113.7,133.92,202.163
2022-11-22 01:00:00+01:00,25.934,70.5,83.5355,126.628
2022-11-22 02:00:00+01:00,25.8,55.1,65.3415,99.316
2022-11-22 03:00:00+01:00,25.534,49.9,58.6485,89.287
2022-11-22 04:00:00+01:00,25.633,50.4,59.173,90.077
2022-11-22 05:00:00+01:00,25.9,58.1,69.172,105.0055
2022-11-22 06:00:00+01:00,25.7,53.8,63.9675,97.22
2022-11-22 07:00:00+01:00,25.6,64.5,76.25999999999999,115.511
2022-11-22 08:00:00+01:00,25.9,66.9,78.3285,118.8245
2022-11-22 09:00:00+01:00,26.034,76.2,88.774,134.536
2022-11-22 10:00:00+01:00,26.6,93.4,107.7755,162.97050000000002
2022-11-22 11:00:00+01:00,26.834,67.2,77.007,116.5185
2022-11-22 12:00:00+01:00,27.0,63.8,73.26849999999999,111.018
2022-11-22 13:00:00+01:00,26.767,45.9,53.706500000000005,80.0515
2022-11-22 14:00:00+01:00,26.533,44.6,52.619,77.89150000000001
2022-11-22 15:00:00+01:00,26.0,42.2,50.7395,73.5835
2022-11-22 16:00:00+01:00,26.0,47.1,55.052,82.26249999999999
2022-11-22 17:00:00+01:00,26.0,46.7,54.5385,81.3235
2022-11-22 18:00:00+01:00,26.0,59.1,67.8555,102.879
2022-11-22 19:00:00+01:00,26.0,58.7,67.4765,102.348
2022-11-22 20:00:00+01:00,25.966,72.1,82.72149999999999,125.1915
2022-11-22 21:00:00+01:00,26.0,104.1,118.725,179.188
2022-11-22 22:00:00+01:00,26.434,51.1,59.999,88.555
2022-11-22 23:00:00+01:00,26.567,19.1,31.1785,32.842
2022-11-23 00:00:00+01:00,26.867,12.1,19.9255,20.059
2022-11-23 01:00:00+01:00,26.934,7.1,11.202,11.202
2022-11-23 02:00:00+01:00,26.133,5.3,7.8855,7.8855
2022-11-23 03:00:00+01:00,26.0,0.9,0.399,0.399
2022-11-23 04:00:00+01:00,25.934,1.8,1.8375,1.8375
2022-11-23 05:00:00+01:00,25.0,0.9,0.5295,0.5295
2022-11-23 06:00:00+01:00,25.0,2.6,3.2300000000000004,3.266
2022-11-23 07:00:00+01:00,25.0,4.4,6.471,6.4815000000000005
2022-11-23 08:00:00+01:00,25.0,5.0,7.4015,7.4015
2022-11-23 09:00:00+01:00,24.222,5.3,8.1965,8.1965
2022-11-23 10:00:00+01:00,24.0,4.9,7.483,7.487
2022-11-23 11:00:00+01:00,24.0,7.8,12.452,12.6205
2022-11-23 12:00:00+01:00,24.0,8.9,14.6705,14.7225
2022-11-23 13:00:00+01:00,24.0,7.3,11.6885,11.6995
2022-11-23 14:00:00+01:00,24.5,9.4,15.661,15.672
2022-11-23 15:00:00+01:00,25.0,15.7,26.724,27.4375
2022-11-23 16:00:00+01:00,25.0,18.2,30.0575,31.8375
2022-11-23 17:00:00+01:00,24.633,19.6,32.1105,34.4295
2022-11-23 18:00:00+01:00,24.3,19.4,31.884,34.002
2022-11-23 19:00:00+01:00,24.0,17.4,28.7385,30.269
2022-11-23 20:00:00+01:00,24.0,16.4,27.766,28.481
2022-11-23 21:00:00+01:00,24.0,18.0,30.035,31.337
2022-11-23 22:00:00+01:00,23.966,18.4,29.9595,31.649
2022-11-23 23:00:00+01:00,23.1,17.9,27.9895,30.823
2022-11-24 00:00:00+01:00,24.0,43.9,52.2455,77.04249999999999
2022-11-24 01:00:00+01:00,24.066,48.1,55.839,84.139
2022-11-24 02:00:00+01:00,24.166,36.7,47.032,64.176
2022-11-24 03:00:00+01:00,24.966,43.9,52.7995,76.908
2022-11-24 04:00:00+01:00,25.0,41.3,50.428,72.30199999999999
2022-11-24 05:00:00+01:00,25.0,39.3,49.24,69.1665
2022-11-24 06:00:00+01:00,25.0,43.7,52.7925,77.343
2022-11-24 07:00:00+01:00,24.966,55.7,65.03049999999999,98.5205
2022-11-24 08:00:00+01:00,24.633,52.8,62.2285,93.9525
2022-11-24 09:00:00+01:00,23.966,48.7,57.727500000000006,85.931
2022-11-24 10:00:00+01:00,23.8,40.3,50.3115,72.2355
2022-11-24 11:00:00+01:00,23.0,38.3,48.8515,68.7125
2022-11-24 12:00:00+01:00,22.722,34.0,45.327,60.5585
2022-11-24 13:00:00+01:00,22.097,52.8,61.1725,92.739
2022-11-24 14:00:00+01:00,22.0,39.4,49.097,69.262
2022-11-24 15:00:00+01:00,22.0,48.5,58.3205,85.288
2022-11-24 16:00:00+01:00,22.8,78.1,90.533,136.8855
2022-11-24 17:00:00+01:00,23.767,107.2,123.392,186.1785
2022-11-24 18:00:00+01:00,24.0,161.5,185.0415,278.68
2022-11-24 19:00:00+01:00,24.0,179.5,204.885,308.419
2022-11-24 20:00:00+01:00,24.034,134.2,154.296,232.56
2022-11-24 21:00:00+01:00,24.0,128.2,146.7995,221.3205
2022-11-24 22:00:00+01:00,24.034,127.1,145.6825,219.636
2022-11-24 23:00:00+01:00,24.433,121.3,139.62,210.5365
2022-11-25 00:00:00+01:00,24.034,92.4,106.8615,161.3835
2022-11-25 01:00:00+01:00,24.0,74.0,85.741,129.6655
2022-11-25 02:00:00+01:00,24.0,46.9,56.682500000000005,82.5195
2022-11-25 03:00:00+01:00,24.0,27.3,39.837500000000006,48.172
2022-11-25 04:00:00+01:00,24.0,40.0,50.311,71.2915
2022-11-25 05:00:00+01:00,24.6,31.6,43.981,56.771
2022-11-25 06:00:00+01:00,24.9,40.3,51.0445,73.02799999999999
2022-11-25 07:00:00+01:00,24.633,32.7,44.876,58.5325
2022-11-25 08:00:00+01:00,24.4,68.0,80.8335,120.1425
2022-11-25 09:00:00+01:00,23.867,71.7,84.4825,126.0425
2022-11-25 10:00:00+01:00,22.467,32.3,44.502,58.219
2022-11-25 11:00:00+01:00,22.0,23.9,36.866,42.595
2022-11-25 12:00:00+01:00,21.9,21.8,35.1475,39.225
2022-11-25 13:00:00+01:00,21.7,35.5,46.297,62.449
2022-11-25 14:00:00+01:00,21.634,26.8,39.2635,47.2905
2022-11-25 15:00:00+01:00,22.034,44.2,53.3535,77.946
2022-11-25 16:00:00+01:00,22.934,68.1,78.723,119.2
2022-11-25 17:00:00+01:00,23.6,130.2,149.817,225.8185
2022-11-25 18:00:00+01:00,24.0,184.6,210.734,317.221
2022-11-25 19:00:00+01:00,24.633,162.1,185.0755,278.7425
2022-11-25 20:00:00+01:00,24.133,77.5,89.61449999999999,135.53050000000002
2022-11-25 21:00:00+01:00,24.0,62.2,72.148,109.3255
2022-11-25 22:00:00+01:00,24.067,57.3,66.50450000000001,100.679
2022-11-25 23:00:00+01:00,24.133,44.4,52.808,78.01599999999999
2022-11-26 00:00:00+01:00,24.867,84.7,97.829,147.60250000000002
2022-11-26 01:00:00+01:00,25.0,63.7,73.8295,111.8125
2022-11-26 02:00:00+01:00,25.0,88.0,101.208,152.921
2022-11-26 03:00:00+01:00,25.0,44.7,56.1155,78.092
2022-11-26 04:00:00+01:00,25.0,74.6,86.27350000000001,130.46550000000002
2022-11-26 05:00:00+01:00,25.0,63.7,73.5975,111.4275
2022-11-26 06:00:00+01:00,25.0,56.8,65.746,99.447
2022-11-26 07:00:00+01:00,25.0,64.1,74.3765,112.5645
2022-11-26 08:00:00+01:00,25.0,100.5,115.981,175.01850000000002
2022-11-26 09:00:00+01:00,25.0,125.8,144.69549999999998,218.159
2022-11-26 10:00:00+01:00,25.0,159.0,181.6275,273.5505
2022-11-26 11:00:00+01:00,25.0,144.1,164.5625,247.973
2022-11-26 12:00:00+01:00,24.733,120.3,138.59,208.976
2022-11-26 13:00:00+01:00,24.166,107.8,124.7565,188.261
2022-11-26 14:00:00+01:00,24.167,183.9,207.81,312.839
2022-11-26 15:00:00+01:00,24.466,187.6,211.752,318.7235
2022-11-26 16:00:00+01:00,24.733,193.7,217.8355,327.844
2022-11-26 17:00:00+01:00,24.567,172.3,194.2325,292.437
2022-11-26 18:00:00+01:00,24.434,105.8,120.5245,181.9015
2022-11-26 19:00:00+01:00,24.934,106.6,121.7815,183.775
2022-11-26 20:00:00+01:00,25.367,86.4,98.9085,149.4715
2022-11-26 21:00:00+01:00,26.0,99.5,113.611,171.5275
2022-11-26 22:00:00+01:00,26.0,157.7,178.471,268.8045
2022-11-26 23:00:00+01:00,25.9,141.5,160.13799999999998,241.3165
2022-11-27 00:00:00+01:00,25.9,165.2,186.38,280.6755
2022-11-27 01:00:00+01:00,26.0,203.8,228.2705,343.55100000000004
2022-11-27 02:00:00+01:00,25.966,175.9,198.155,298.3805
2022-11-27 03:00:00+01:00,25.767,161.1,181.634,273.601
2022-11-27 04:00:00+01:00,25.6,157.1,177.311,267.06550000000004
2022-11-27 05:00:00+01:00,25.325,134.4,152.141,229.329
2022-11-27 06:00:00+01:00,25.067,129.6,147.0705,221.736
2022-11-27 07:00:00+01:00,25.2,138.0,156.2655,235.5065
2022-11-27 08:00:00+01:00,25.6,144.8,164.3885,247.6805
2022-11-27 09:00:00+01:00,25.6,104.6,119.0925,179.763
2022-11-27 10:00:00+01:00,25.133,98.4,112.1115,169.288
2022-11-27 11:00:00+01:00,25.0,88.4,100.314,151.598
2022-11-27 12:00:00+01:00,24.666,68.0,77.06700000000001,116.565
2022-11-27 13:00:00+01:00,24.034,56.8,64.43900000000001,97.1625
2022-11-27 14:00:00+01:00,24.0,56.8,64.2805,97.3605
2022-11-27 15:00:00+01:00,24.0,62.6,70.9115,107.4685
2022-11-27 16:00:00+01:00,24.367,80.0,90.7045,137.161
2022-11-27 17:00:00+01:00,25.0,85.0,96.07,145.232
2022-11-27 18:00:00+01:00,25.0,62.3,70.191,106.438
2022-11-27 19:00:00+01:00,25.0,76.5,86.54,130.9045
2022-11-27 20:00:00+01:00,25.0,97.6,111.044,167.666
2022-11-27 21:00:00+01:00,25.0,96.1,109.3015,165.084
2022-11-27 22:00:00+01:00,25.0,91.8,104.3955,157.6985
2022-11-27 23:00:00+01:00,25.0,88.8,100.985,152.622
2022-11-28 00:00:00+01:00,25.0,61.2,69.39349999999999,105.068
2022-11-28 01:00:00+01:00,25.0,43.1,50.9475,73.7295
2022-11-28 02:00:00+01:00,25.034,37.9,47.2885,64.545
2022-11-28 03:00:00+01:00,25.0,29.2,40.779,49.893
2022-11-28 04:00:00+01:00,25.0,23.0,34.9745,38.783
2022-11-28 05:00:00+01:00,25.0,31.3,42.51349999999999,53.651
2022-11-28 06:00:00+01:00,25.0,49.9,56.691,85.756
2022-11-28 07:00:00+01:00,24.966,49.6,56.7785,85.424
2022-11-28 08:00:00+01:00,24.867,43.9,51.3195,74.798
2022-11-28 09:00:00+01:00,24.633,39.9,48.518,67.743
2022-11-28 10:00:00+01:00,24.034,39.3,48.159000000000006,66.6375
2022-11-28 11:00:00+01:00,24.0,37.6,46.958,63.795
2022-11-28 12:00:00+01:00,24.0,35.2,45.1805,59.402
2022-11-28 13:00:00+01:00,24.0,38.2,47.2355,64.508
2022-11-28 14:00:00+01:00,23.934,40.9,49.052,69.17099999999999
2022-11-28 15:00:00+01:00,23.892,41.4,49.549,70.3575
2022-11-28 16:00:00+01:00,23.233,52.1,59.8425,88.827
2022-11-28 17:00:00+01:00,23.767,57.3,64.616,97.977
2022-11-28 18:00:00+01:00,23.966,43.7,51.093,74.248
2022-11-28 19:00:00+01:00,24.0,55.0,61.7455,93.377
2022-11-28 20:00:00+01:00,24.0,56.6,63.4365,96.1175
2022-11-28 21:00:00+01:00,24.133,63.3,71.3875,108.208
2022-11-28 22:00:00+01:00,24.0,67.3,75.797,114.8255
2022-11-28 23:00:00+01:00,24.0,53.9,60.469,91.748
2022-11-29 00:00:00+01:00,24.511,49.5,55.7855,84.3
2022-11-29 01:00:00+01:00,24.067,49.6,55.5855,84.0965
2022-11-29 02:00:00+01:00,24.0,50.6,56.649,85.869
2022-11-29 03:00:00+01:00,24.166,48.9,55.125,83.291
2022-11-29 04:00:00+01:00,24.166,51.0,57.1625,86.4185
2022-11-29 05:00:00+01:00,24.367,52.3,58.697,89.04650000000001
2022-11-29 06:00:00+01:00,24.9,53.7,60.273,91.4655
2022-11-29 07:00:00+01:00,25.0,54.2,60.99,92.5255
2022-11-29 08:00:00+01:00,25.0,54.9,62.4315,94.577
2022-11-29 09:00:00+01:00,24.966,47.0,54.0115,80.9485
2022-11-29 10:00:00+01:00,24.9,50.4,57.36150000000001,86.494
2022-11-29 11:00:00+01:00,24.433,45.3,52.6175,77.8095
2022-11-29 12:00:00+01:00,24.4,43.4,51.181,74.51
2022-11-29 13:00:00+01:00,24.0,43.9,51.316,74.723
2022-11-29 14:00:00+01:00,24.034,45.0,52.098,76.762
2022-11-29 15:00:00+01:00,24.0,45.0,52.06,76.6235
2022-11-29 16:00:00+01:00,24.267,44.9,52.2015,77.4005
2022-11-29 17:00:00+01:00,24.0,47.4,54.1145,80.9055
2022-11-29 18:00:00+01:00,24.0,54.7,61.7085,93.415
2022-11-29 19:00:00+01:00,24.0,62.7,70.646,107.0355
2022-11-29 20:00:00+01:00,24.0,70.9,80.2165,121.4065
2022-11-29 21:00:00+01:00,24.0,53.0,59.5655,90.4065
2022-11-29 22:00:00+01:00,24.0,61.1,68.944,104.516
2022-11-29 23:00:00+01:00,24.267,58.2,65.674,99.61
2022-11-30 00:00:00+01:00,24.966,60.2,67.70949999999999,102.6655
2022-11-30 01:00:00+01:00,24.867,61.5,68.9615,104.508
2022-11-30 02:00:00+01:00,25.0,46.5,52.96,78.423
2022-11-30 03:00:00+01:00,25.0,43.4,50.7635,73.184
2022-11-30 04:00:00+01:00,25.0,42.9,50.393,72.541
2022-11-30 05:00:00+01:00,25.0,44.7,51.7085,75.91900000000001
2022-11-30 06:00:00+01:00,25.0,41.9,50.0915,71.6165
2022-11-30 07:00:00+01:00,25.034,42.7,50.9035,73.399
2022-11-30 08:00:00+01:00,25.0,38.6,47.888000000000005,65.765
2022-11-30 09:00:00+01:00,25.0,37.3,47.0395,63.6365
2022-11-30 10:00:00+01:00,25.0,39.1,48.1055,66.6515
2022-11-30 11:00:00+01:00,25.0,39.0,48.015,66.4405
2022-11-30 12:00:00+01:00,25.0,37.6,47.099,64.095
2022-11-30 13:00:00+01:00,25.034,35.5,45.559,60.358
2022-11-30 14:00:00+01:00,25.0,45.5,52.734,77.685
2022-11-30 15:00:00+01:00,25.0,46.2,53.2625,78.8245
2022-11-30 16:00:00+01:00,25.0,49.2,56.3115,83.97749999999999
2022-11-30 17:00:00+01:00,25.067,45.7,52.9355,78.083
2022-11-30 18:00:00+01:00,25.066,53.4,62.1345,91.3615
2022-11-30 19:00:00+01:00,25.733,79.3,89.5125,135.3705
2022-11-30 20:00:00+01:00,26.0,67.5,76.66499999999999,116.1355
2022-11-30 21:00:00+01:00,25.966,81.4,92.2135,139.4365
2022-11-30 22:00:00+01:00,26.0,48.9,56.692,83.06450000000001
2022-11-30 23:00:00+01:00,25.966,28.0,39.721500000000006,47.298
2022-12-01 00:00:00+01:00,26.0,25.9,37.7675,43.5945
2022-12-01 01:00:00+01:00,25.867,23.8,35.65,39.915
2022-12-01 02:00:00+01:00,25.466,22.1,33.9695,37.1125
2022-12-01 03:00:00+01:00,25.966,21.4,33.1455,35.7505
2022-12-01 04:00:00+01:00,25.834,20.0,31.788000000000004,33.543
2022-12-01 05:00:00+01:00,26.0,24.4,36.3685,41.141
2022-12-01 06:00:00+01:00,25.9,25.7,37.41,43.1475
2022-12-01 07:00:00+01:00,25.966,29.6,40.816,49.766
2022-12-01 08:00:00+01:00,25.467,32.6,43.298,55.039
2022-12-01 09:00:00+01:00,25.034,30.2,41.4105,50.852
2022-12-01 10:00:00+01:00,25.066,30.1,41.173,50.47
2022-12-01 11:00:00+01:00,25.2,27.8,39.46,46.9055
2022-12-01 12:00:00+01:00,25.0,26.3,38.198,44.4525
2022-12-01 13:00:00+01:00,25.0,31.7,42.911,53.5215
2022-12-01 14:00:00+01:00,25.0,32.0,42.898,54.0005
2022-12-01 15:00:00+01:00,24.867,31.7,42.7905,53.938500000000005
2022-12-01 16:00:00+01:00,24.767,37.6,47.307500000000005,64.6705
2022-12-01 17:00:00+01:00,24.2,44.2,52.2405,76.34899999999999
2022-12-01 18:00:00+01:00,24.267,68.8,78.17099999999999,118.3725
2022-12-01 19:00:00+01:00,24.867,110.6,125.7175,189.6915
2022-12-01 20:00:00+01:00,25.0,148.0,168.2865,253.514
2022-12-01 21:00:00+01:00,25.0,59.4,70.56299999999999,102.639
2022-12-01 22:00:00+01:00,25.0,33.8,44.48650000000001,58.7555
2022-12-01 23:00:00+01:00,25.034,24.4,36.8555,41.918000000000006
2022-12-02 00:00:00+01:00,25.466,25.5,37.62,43.2685
2022-12-02 01:00:00+01:00,25.1,24.9,37.038,42.2435
2022-12-02 02:00:00+01:00,25.8,36.6,46.3405,62.213
2022-12-02 03:00:00+01:00,25.666,37.7,47.056,63.92699999999999
2022-12-02 04:00:00+01:00,25.9,30.6,41.938,52.0175
2022-12-02 05:00:00+01:00,25.7,27.0,39.041,45.809
2022-12-02 06:00:00+01:00,25.267,28.2,40.054,47.9235
2022-12-02 07:00:00+01:00,25.367,41.9,51.5865,72.20599999999999
2022-12-02 08:00:00+01:00,25.0,40.3,49.366,68.9375
2022-12-02 09:00:00+01:00,25.0,41.3,49.854,70.7725
2022-12-02 10:00:00+01:00,25.0,40.6,49.1615,69.381
2022-12-02 11:00:00+01:00,24.3,51.3,57.968,87.2815
2022-12-02 12:00:00+01:00,24.0,41.7,50.822,71.07249999999999
2022-12-02 13:00:00+01:00,24.0,37.3,46.7575,63.7025
2022-12-02 14:00:00+01:00,24.0,43.2,51.326,73.8845
2022-12-02 15:00:00+01:00,24.667,47.3,54.835,80.4135
2022-12-02 16:00:00+01:00,24.733,42.3,50.1405,71.4315
2022-12-02 17:00:00+01:00,24.7,39.7,48.282,67.083
2022-12-02 18:00:00+01:00,24.966,42.5,50.408,71.91650000000001
2022-12-02 19:00:00+01:00,25.0,42.7,50.466,72.4435
2022-12-02 20:00:00+01:00,24.5,52.2,59.2365,88.8095
2022-12-02 21:00:00+01:00,24.4,44.6,52.293,75.84450000000001
2022-12-02 22:00:00+01:00,24.9,42.5,50.261,72.1
2022-12-02 23:00:00+01:00,25.0,41.7,49.6395,70.63
2022-12-03 00:00:00+01:00,24.733,41.3,49.584,70.3495
2022-12-03 01:00:00+01:00,25.0,47.3,53.528,80.0865
2022-12-03 02:00:00+01:00,25.0,43.3,50.6665,73.49
2022-12-03 03:00:00+01:00,25.133,37.0,46.582,62.657
2022-12-03 04:00:00+01:00,25.4,37.1,46.7705,63.09
2022-12-03 05:00:00+01:00,25.167,40.2,48.7985,68.351
2022-12-03 06:00:00+01:00,25.834,40.0,48.85,68.39750000000001
2022-12-03 07:00:00+01:00,26.0,42.4,50.4295,72.5495
2022-12-03 08:00:00+01:00,25.834,46.2,53.213,78.964
2022-12-03 09:00:00+01:00,25.0,46.9,53.5185,79.914
2022-12-03 10:00:00+01:00,25.0,49.5,57.4845,84.76750000000001
2022-12-03 11:00:00+01:00,25.1,63.4,71.66149999999999,108.571
2022-12-03 12:00:00+01:00,27.039,71.4,80.67949999999999,122.1755
2022-12-03 13:00:00+01:00,26.166,74.9,84.35749999999999,127.679
2022-12-03 14:00:00+01:00,26.0,69.1,77.80000000000001,117.792
2022-12-03 15:00:00+01:00,25.9,60.4,67.8515,102.864
2022-12-03 16:00:00+01:00,25.466,65.4,73.43,111.247
2022-12-03 17:00:00+01:00,26.0,75.0,84.499,127.869
2022-12-03 18:00:00+01:00,26.0,80.2,90.364,136.6615
2022-12-03 19:00:00+01:00,25.933,60.0,67.64099999999999,102.4935
2022-12-03 20:00:00+01:00,26.0,57.2,64.4575,97.7615
2022-12-03 21:00:00+01:00,26.0,76.0,85.95949999999999,130.0515
2022-12-03 22:00:00+01:00,25.834,72.6,82.1185,124.2685
2022-12-03 23:00:00+01:00,26.0,62.3,70.5325,106.8915
2022-12-04 00:00:00+01:00,26.0,58.6,66.06800000000001,100.2265
2022-12-04 01:00:00+01:00,26.0,50.9,57.4585,86.75649999999999
2022-12-04 02:00:00+01:00,26.0,44.6,51.8165,76.145
2022-12-04 03:00:00+01:00,25.7,34.8,45.2945,59.547
2022-12-04 04:00:00+01:00,25.3,34.6,45.028000000000006,59.029
2022-12-04 05:00:00+01:00,25.433,27.8,40.0075,47.7715
2022-12-04 06:00:00+01:00,25.0,25.9,38.1445,44.479
2022-12-04 07:00:00+01:00,25.0,34.2,44.9245,58.83
2022-12-04 08:00:00+01:00,25.0,34.6,45.214,59.413
2022-12-04 09:00:00+01:00,25.0,39.6,48.6005,68.043
2022-12-04 10:00:00+01:00,25.0,50.7,58.3515,86.717
2022-12-04 11:00:00+01:00,25.0,63.8,72.13900000000001,109.341
2022-12-04 12:00:00+01:00,25.0,70.5,80.02199999999999,121.16
2022-12-04 13:00:00+01:00,25.0,77.9,88.5935,134.0425
2022-12-04 14:00:00+01:00,25.0,76.1,86.297,130.583
2022-12-04 15:00:00+01:00,25.0,69.4,78.5035,118.8415
2022-12-04 16:00:00+01:00,25.0,52.1,59.1575,89.634
2022-12-04 17:00:00+01:00,25.0,84.5,96.4505,145.8155
2022-12-04 18:00:00+01:00,24.633,68.2,77.641,117.329
2022-12-04 19:00:00+01:00,24.166,62.3,70.83449999999999,107.29
2022-12-04 20:00:00+01:00,24.966,70.4,79.9165,121.0025
2022-12-04 21:00:00+01:00,25.0,60.6,69.26650000000001,105.0215
2022-12-04 22:00:00+01:00,25.0,56.4,64.7175,98.1995
2022-12-04 23:00:00+01:00,25.0,55.5,63.766000000000005,96.773
2022-12-05 00:00:00+01:00,25.0,56.2,64.234,97.4865
2022-12-05 01:00:00+01:00,25.0,52.2,59.2395,89.9065
2022-12-05 02:00:00+01:00,25.0,52.9,60.1715,91.326
2022-12-05 03:00:00+01:00,25.0,53.7,60.9805,92.5865
2022-12-05 04:00:00+01:00,25.0,47.4,54.2995,81.476
2022-12-05 05:00:00+01:00,25.0,32.7,43.926,56.3945
2022-12-05 06:00:00+01:00,25.0,32.5,44.147,56.842
2022-12-05 07:00:00+01:00,25.0,34.2,45.717,60.4925
2022-12-05 08:00:00+01:00,25.0,37.0,47.49,65.11949999999999
2022-12-05 09:00:00+01:00,25.0,50.0,57.7385,87.01650000000001
2022-12-05 10:00:00+01:00,25.0,64.7,74.62549999999999,113.0375
2022-12-05 11:00:00+01:00,25.0,81.1,92.755,140.27749999999995
2022-12-05 12:00:00+01:00,25.0,64.3,72.989,110.552
2022-12-05 13:00:00+01:00,25.0,63.0,71.3245,108.1095
2022-12-05 14:00:00+01:00,25.0,74.1,84.641,128.098
2022-12-05 15:00:00+01:00,25.0,91.6,104.596,157.9855
2022-12-05 16:00:00+01:00,25.0,87.9,100.569,151.97050000000002
2022-12-05 17:00:00+01:00,25.0,95.9,110.0735,166.2235
2022-12-05 18:00:00+01:00,25.0,93.6,107.482,162.347
2022-12-05 19:00:00+01:00,25.0,92.3,106.856,161.40699999999998
2022-12-05 20:00:00+01:00,25.0,95.3,109.3915,165.19400000000002
2022-12-05 21:00:00+01:00,25.434,91.8,105.218,158.94150000000002
2022-12-05 22:00:00+01:00,25.433,110.5,126.988,191.5635
2022-12-05 23:00:00+01:00,25.667,110.1,126.234,190.4625
2022-12-06 00:00:00+01:00,25.7,110.0,126.3465,190.6345
2022-12-06 01:00:00+01:00,25.3,116.5,133.86700000000002,201.9185
2022-12-06 02:00:00+01:00,25.566,121.4,139.4685,210.3035
2022-12-06 03:00:00+01:00,26.0,122.3,140.24650000000003,211.5015
2022-12-06 04:00:00+01:00,25.367,121.8,139.53,210.394
2022-12-06 05:00:00+01:00,25.8,84.0,96.6685,146.1005
2022-12-06 06:00:00+01:00,26.0,63.6,73.4235,111.238
2022-12-06 07:00:00+01:00,26.034,75.6,87.743,132.7415
2022-12-06 08:00:00+01:00,26.5,85.4,97.9435,148.043
2022-12-06 09:00:00+01:00,26.333,105.0,121.1275,182.7765
2022-12-06 10:00:00+01:00,26.166,113.1,130.324,196.5915
2022-12-06 11:00:00+01:00,26.034,83.4,96.1575,144.7615
2022-12-06 12:00:00+01:00,26.634,28.2,40.1895,48.4165
2022-12-06 13:00:00+01:00,26.6,26.0,38.3175,44.67
2022-12-06 14:00:00+01:00,26.0,33.0,43.999,56.85
2022-12-06 15:00:00+01:00,26.0,38.9,48.241,66.96600000000001
2022-12-06 16:00:00+01:00,26.0,39.2,48.4875,67.273
2022-12-06 17:00:00+01:00,26.767,39.7,48.561,67.702
2022-12-06 18:00:00+01:00,26.966,34.1,44.730500000000006,58.281
2022-12-06 19:00:00+01:00,26.5,35.0,45.4515,60.0525
2022-12-06 20:00:00+01:00,26.166,34.1,44.839,58.977
2022-12-06 21:00:00+01:00,26.267,38.7,48.132000000000005,66.77199999999999
2022-12-06 22:00:00+01:00,26.1,40.8,49.2985,69.881
2022-12-06 23:00:00+01:00,26.066,41.5,49.695,70.77199999999999
2022-12-07 00:00:00+01:00,26.0,33.6,44.3115,57.223
2022-12-07 01:00:00+01:00,26.0,33.3,44.0495,56.5565
2022-12-07 02:00:00+01:00,26.6,35.0,45.013000000000005,58.961
2022-12-07 03:00:00+01:00,26.733,32.4,43.4395,55.1525
2022-12-07 04:00:00+01:00,26.834,31.1,42.344,52.7515
2022-12-07 05:00:00+01:00,26.834,29.0,40.611,49.0295
2022-12-07 06:00:00+01:00,26.966,32.9,43.7595,55.9135
2022-12-07 07:00:00+01:00,26.833,44.0,53.0315,74.985
2022-12-07 08:00:00+01:00,27.0,37.9,47.573,64.8415
2022-12-07 09:00:00+01:00,26.534,36.0,46.207,62.0975
2022-12-07 10:00:00+01:00,26.834,36.8,46.8295,63.48
2022-12-07 11:00:00+01:00,26.934,38.0,47.4115,65.1065
2022-12-07 12:00:00+01:00,26.166,41.7,50.184,71.848
2022-12-07 13:00:00+01:00,26.0,44.7,52.847,77.0565
2022-12-07 14:00:00+01:00,26.0,30.9,42.523,53.5185
2022-12-07 15:00:00+01:00,26.0,29.3,41.3015,50.742
2022-12-07 16:00:00+01:00,26.0,28.2,40.379000000000005,48.9585
2022-12-07 17:00:00+01:00,26.0,58.7,67.0375,101.626
2022-12-07 18:00:00+01:00,26.334,48.3,56.135,83.423
2022-12-07 19:00:00+01:00,26.333,35.8,45.7615,61.524
2022-12-07 20:00:00+01:00,26.8,30.4,41.701,52.0985
2022-12-07 21:00:00+01:00,26.833,30.4,41.918,52.057500000000005
2022-12-07 22:00:00+01:00,26.3,27.5,39.62350000000001,47.1805
2022-12-07 23:00:00+01:00,26.566,31.2,42.2935,52.9715
2022-12-08 00:00:00+01:00,26.0,29.1,40.67400000000001,49.578
2022-12-08 01:00:00+01:00,26.0,43.2,50.829,73.6935
2022-12-08 02:00:00+01:00,26.066,35.8,45.485,60.1065
2022-12-08 03:00:00+01:00,26.1,44.2,51.3025,74.477
2022-12-08 04:00:00+01:00,26.5,39.5,48.1595,66.775
2022-12-08 05:00:00+01:00,26.0,33.0,43.751000000000005,56.023
2022-12-08 06:00:00+01:00,26.2,33.5,43.976,56.5895
2022-12-08 07:00:00+01:00,26.0,35.7,45.612,60.4965
2022-12-08 08:00:00+01:00,26.034,36.3,46.172,61.905
2022-12-08 09:00:00+01:00,26.0,39.0,48.043,66.3385
2022-12-08 10:00:00+01:00,26.6,43.9,51.5435,74.7465
2022-12-08 11:00:00+01:00,26.9,46.1,53.261,78.792
2022-12-08 12:00:00+01:00,26.066,47.8,54.853,82.15350000000001
2022-12-08 13:00:00+01:00,26.0,45.1,52.8595,78.299
2022-12-08 14:00:00+01:00,26.0,45.8,53.4835,78.97200000000001
2022-12-08 15:00:00+01:00,26.0,66.5,75.44,114.2785
2022-12-08 16:00:00+01:00,26.0,74.5,84.45,127.7875
2022-12-08 17:00:00+01:00,26.0,77.2,87.633,132.555
2022-12-08 18:00:00+01:00,26.0,87.0,98.9075,149.488
2022-12-08 19:00:00+01:00,25.5,83.9,95.6895,144.65699999999998
2022-12-08 20:00:00+01:00,25.334,70.9,81.3325,123.121
2022-12-08 21:00:00+01:00,25.034,71.3,81.332,123.074
2022-12-08 22:00:00+01:00,25.034,101.3,115.6,174.522
2022-12-08 23:00:00+01:00,25.8,95.5,109.2565,165.009
2022-12-09 00:00:00+01:00,25.8,59.8,68.10300000000001,103.2685
2022-12-09 01:00:00+01:00,25.366,52.4,59.629000000000005,90.4765
2022-12-09 02:00:00+01:00,25.8,58.8,67.1165,101.8175
2022-12-09 03:00:00+01:00,25.934,46.4,53.9885,80.75200000000001
2022-12-09 04:00:00+01:00,25.8,32.1,43.392,55.522000000000006
2022-12-09 05:00:00+01:00,25.834,33.0,44.246,57.0395
2022-12-09 06:00:00+01:00,25.6,38.7,48.457,67.701
2022-12-09 07:00:00+01:00,25.9,46.5,54.3095,81.275
2022-12-09 08:00:00+01:00,25.966,56.3,64.7885,98.2705
2022-12-09 09:00:00+01:00,25.725,71.5,81.70400000000001,123.6745
2022-12-09 10:00:00+01:00,25.934,86.7,99.3085,150.101
2022-12-09 11:00:00+01:00,26.0,101.7,116.8205,176.34199999999998
2022-12-09 12:00:00+01:00,25.9,114.2,130.2295,196.4775
2022-12-09 13:00:00+01:00,25.966,114.4,130.6805,197.133
2022-12-09 14:00:00+01:00,25.9,112.4,128.368,193.68
2022-12-09 15:00:00+01:00,26.0,116.9,132.776,200.264
2022-12-09 16:00:00+01:00,26.133,97.0,110.3725,166.6815
2022-12-09 17:00:00+01:00,26.034,100.1,113.9615,172.08100000000002
2022-12-09 18:00:00+01:00,25.934,119.8,136.577,205.972
2022-12-09 19:00:00+01:00,25.8,135.2,154.437,232.7805
2022-12-09 20:00:00+01:00,25.8,134.6,154.08800000000002,232.228
2022-12-09 21:00:00+01:00,24.034,27.4,33.809,46.9145
2022-12-09 22:00:00+01:00,22.566,2.8,3.477,3.477
2022-12-09 23:00:00+01:00,22.0,2.2,2.5620000000000003,2.5620000000000003
2022-12-10 00:00:00+01:00,22.834,5.7,8.851500000000001,8.854
2022-12-10 01:00:00+01:00,25.066,11.3,18.885,18.892000000000003
2022-12-10 02:00:00+01:00,23.367,2.4,2.8415,2.8415
2022-12-10 03:00:00+01:00,22.966,2.3,2.734,2.734
2022-12-10 04:00:00+01:00,24.5,10.4,17.363999999999997,17.363999999999997
2022-12-10 05:00:00+01:00,25.733,13.1,22.166,22.2135
2022-12-10 06:00:00+01:00,26.034,16.4,27.594,28.297
2022-12-10 07:00:00+01:00,26.7,25.0,37.7575,44.093
2022-12-10 08:00:00+01:00,26.966,10.8,17.899,18.04
2022-12-10 09:00:00+01:00,27.0,18.4,25.684,31.314
2022-12-10 10:00:00+01:00,26.666,58.2,67.035,101.619
2022-12-10 11:00:00+01:00,26.966,44.0,53.3835,76.9995
2022-12-10 12:00:00+01:00,27.034,26.7,38.2115,46.453
2022-12-10 13:00:00+01:00,26.267,8.9,14.7965,14.8295
2022-12-10 14:00:00+01:00,26.0,9.4,15.472,15.6225
2022-12-10 15:00:00+01:00,26.0,22.3,33.3415,38.989
2022-12-10 16:00:00+01:00,26.0,16.9,26.439,29.0775
2022-12-10 17:00:00+01:00,26.0,10.2,16.8395,17.0375
2022-12-10 18:00:00+01:00,26.0,9.0,14.84,14.84
2022-12-10 19:00:00+01:00,26.0,9.9,16.497,16.6625
2022-12-10 20:00:00+01:00,26.0,8.9,14.524,14.524
2022-12-10 21:00:00+01:00,26.0,7.9,12.8615,12.8615
2022-12-10 22:00:00+01:00,26.0,5.5,8.3895,8.3895
2022-12-10 23:00:00+01:00,25.833,5.3,8.131499999999999,8.131499999999999
2022-12-11 00:00:00+01:00,25.9,4.2,6.2375,6.248
2022-12-11 01:00:00+01:00,25.834,3.7,5.179,5.179
2022-12-11 02:00:00+01:00,25.8,3.2,4.359,4.359
2022-12-11 03:00:00+01:00,25.667,2.4,2.8785,2.879
2022-12-11 04:00:00+01:00,25.466,2.6,3.1905,3.191
2022-12-11 05:00:00+01:00,25.1,4.4,6.351,6.351
2022-12-11 06:00:00+01:00,25.0,7.8,12.5175,12.5315
2022-12-11 07:00:00+01:00,25.0,7.9,12.6465,12.6465
2022-12-11 08:00:00+01:00,25.0,15.9,26.1835,27.496
2022-12-11 09:00:00+01:00,24.7,25.9,37.9455,44.914
2022-12-11 10:00:00+01:00,23.233,19.2,30.8055,32.944
2022-12-11 11:00:00+01:00,22.233,12.6,21.186,21.246
2022-12-11 12:00:00+01:00,22.0,15.4,25.5935,26.1665
2022-12-11 13:00:00+01:00,22.0,11.4,18.718,18.731
2022-12-11 14:00:00+01:00,22.0,15.3,25.712,26.185
2022-12-11 15:00:00+01:00,22.2,22.1,34.1385,38.291
2022-12-11 16:00:00+01:00,23.0,22.4,34.701,38.825500000000005
2022-12-11 17:00:00+01:00,22.966,20.7,32.0825,35.349999999999994
2022-12-11 18:00:00+01:00,23.0,38.5,48.282,67.173
2022-12-11 19:00:00+01:00,23.3,33.0,44.2975,57.44
2022-12-11 20:00:00+01:00,23.966,29.2,41.446,51.3345
2022-12-11 21:00:00+01:00,23.034,19.6,32.141000000000005,34.412000000000006
2022-12-11 22:00:00+01:00,22.933,19.3,31.58,34.057500000000005
2022-12-11 23:00:00+01:00,23.533,19.2,32.43000000000001,34.0745
2022-12-12 00:00:00+01:00,24.466,18.5,31.8545,33.16
2022-12-12 01:00:00+01:00,24.867,18.8,32.2595,33.525000000000006
2022-12-12 02:00:00+01:00,24.166,17.6,30.383000000000003,31.142000000000003
2022-12-12 03:00:00+01:00,24.0,17.0,29.9095,30.3515
2022-12-12 04:00:00+01:00,24.0,17.7,30.5835,31.6025
2022-12-12 05:00:00+01:00,23.966,17.0,29.0835,29.682
2022-12-12 06:00:00+01:00,23.833,18.2,30.684,32.281
2022-12-12 07:00:00+01:00,23.566,23.0,36.8215,41.401
2022-12-12 08:00:00+01:00,24.0,56.4,69.68799999999999,102.81
2022-12-12 09:00:00+01:00,24.0,60.4,72.7645,110.372
2022-12-12 10:00:00+01:00,23.5,59.3,70.73599999999999,107.3475
2022-12-12 11:00:00+01:00,23.0,40.1,51.083,71.84899999999999
2022-12-12 12:00:00+01:00,23.067,21.6,35.046499999999995,38.8905
2022-12-12 13:00:00+01:00,22.6,14.9,26.147,26.394
2022-12-12 14:00:00+01:00,22.0,15.3,26.3545,26.9075
2022-12-12 15:00:00+01:00,22.0,19.6,31.454500000000003,34.358999999999995
2022-12-12 16:00:00+01:00,22.8,46.3,58.0315,83.5595
2022-12-12 17:00:00+01:00,23.0,52.4,62.683,95.1845
2022-12-12 18:00:00+01:00,23.0,59.3,71.53049999999999,108.5045
2022-12-12 19:00:00+01:00,23.0,54.3,65.9235,100.181
2022-12-12 20:00:00+01:00,23.0,55.0,67.674,102.6485
2022-12-12 21:00:00+01:00,23.0,78.8,98.349,147.99450000000002
2022-12-12 22:00:00+01:00,23.0,40.5,53.552,76.578
2022-12-12 23:00:00+01:00,23.0,30.0,45.495,56.606
2022-12-13 00:00:00+01:00,23.0,26.3,42.478,50.2125
2022-12-13 01:00:00+01:00,23.0,23.4,39.489,44.686
2022-12-13 02:00:00+01:00,22.966,23.6,39.5435,45.3035
2022-12-13 03:00:00+01:00,23.0,34.4,49.9745,66.4715
2022-12-13 04:00:00+01:00,23.0,44.5,59.8065,86.723
2022-12-13 05:00:00+01:00,22.9,28.6,43.762,55.0285
2022-12-13 06:00:00+01:00,22.666,35.5,50.4135,68.574
2022-12-13 07:00:00+01:00,23.0,76.0,97.157,147.0395
2022-12-13 08:00:00+01:00,23.0,95.4,121.818,184.0745
2022-12-13 09:00:00+01:00,23.0,113.6,145.135,219.0725
2022-12-13 10:00:00+01:00,23.0,111.2,139.31099999999998,210.307
2022-12-13 11:00:00+01:00,23.0,73.2,90.963,137.78050000000002
2022-12-13 12:00:00+01:00,23.133,70.9,87.2885,132.224
2022-12-13 13:00:00+01:00,23.334,73.2,89.39750000000001,135.39499999999998
2022-12-13 14:00:00+01:00,22.867,60.5,73.332,111.232
2022-12-13 15:00:00+01:00,22.966,63.0,75.8275,115.0195
2022-12-13 16:00:00+01:00,23.0,66.8,80.566,122.174
2022-12-13 17:00:00+01:00,23.0,77.0,92.948,140.6845
2022-12-13 18:00:00+01:00,23.0,75.1,90.2625,136.6885
2022-12-13 19:00:00+01:00,23.133,75.7,91.748,138.9115
2022-12-13 20:00:00+01:00,23.233,69.9,84.59100000000001,128.1995
2022-12-13 21:00:00+01:00,23.0,70.3,84.6895,128.2595
2022-12-13 22:00:00+01:00,23.6,67.1,81.504,123.5065
2022-12-13 23:00:00+01:00,23.133,74.0,88.57849999999999,134.164
2022-12-14 00:00:00+01:00,23.333,74.3,89.19,134.9895
2022-12-14 01:00:00+01:00,24.0,74.5,89.72200000000001,135.8955
2022-12-14 02:00:00+01:00,24.0,80.9,97.2835,147.22
2022-12-14 03:00:00+01:00,24.066,70.4,85.311,129.2985
2022-12-14 04:00:00+01:00,24.0,68.9,82.411,124.816
2022-12-14 05:00:00+01:00,24.0,76.6,91.568,138.6575
2022-12-14 06:00:00+01:00,24.0,78.7,94.246,142.65449999999998
2022-12-14 07:00:00+01:00,24.0,89.3,107.147,162.0335
2022-12-14 08:00:00+01:00,24.0,100.1,119.8975,181.1525
2022-12-14 09:00:00+01:00,24.034,96.6,115.626,174.7415
2022-12-14 10:00:00+01:00,24.0,101.0,120.4915,181.977
2022-12-14 11:00:00+01:00,24.0,115.3,136.518,206.053
2022-12-14 12:00:00+01:00,24.0,113.1,133.885,202.0765
2022-12-14 13:00:00+01:00,24.0,122.8,143.8,216.9325
2022-12-14 14:00:00+01:00,24.0,127.2,148.7945,224.483
2022-12-14 15:00:00+01:00,24.0,111.1,129.631,195.7515
2022-12-14 16:00:00+01:00,24.0,117.0,137.019,206.763
2022-12-14 17:00:00+01:00,24.633,113.8,133.66649999999998,201.753
2022-12-14 18:00:00+01:00,24.966,120.8,142.04250000000002,214.367
2022-12-14 19:00:00+01:00,25.0,140.1,164.516,248.0665
2022-12-14 20:00:00+01:00,25.0,130.6,153.9765,232.2785
2022-12-14 21:00:00+01:00,24.867,126.4,147.886,223.123
2022-12-14 22:00:00+01:00,24.966,141.9,165.4605,249.4835
2022-12-14 23:00:00+01:00,24.8,130.5,152.685,230.2725
2022-12-15 00:00:00+01:00,24.2,115.4,135.53,204.5105
2022-12-15 01:00:00+01:00,24.466,110.0,129.1705,195.082
2022-12-15 02:00:00+01:00,24.966,107.0,126.1765,190.494
2022-12-15 03:00:00+01:00,24.934,96.1,113.5015,171.5785
2022-12-15 04:00:00+01:00,25.0,89.5,106.2835,160.6045
2022-12-15 05:00:00+01:00,24.867,84.7,99.8285,150.95850000000002
2022-12-15 06:00:00+01:00,24.933,80.5,95.2165,144.1325
2022-12-15 07:00:00+01:00,24.867,83.1,98.4235,148.8705
2022-12-15 08:00:00+01:00,24.867,92.6,109.293,165.2015
2022-12-15 09:00:00+01:00,24.367,104.5,121.6485,183.7445
2022-12-15 10:00:00+01:00,24.1,114.1,131.6335,198.6265
2022-12-15 11:00:00+01:00,24.0,166.7,190.0465,286.20500000000004
2022-12-15 12:00:00+01:00,24.0,185.8,210.936,317.521
2022-12-15 13:00:00+01:00,23.433,176.0,199.8815,300.96000000000004
2022-12-15 14:00:00+01:00,23.1,142.7,163.701,246.698
2022-12-15 15:00:00+01:00,23.433,190.1,215.4045,324.233
2022-12-15 16:00:00+01:00,23.9,214.3,240.629,362.0525
2022-12-15 17:00:00+01:00,24.0,309.3,342.94500000000005,515.4615
2022-12-15 18:00:00+01:00,24.0,283.1,314.16,472.28
2022-12-15 19:00:00+01:00,24.334,194.7,218.765,329.261
2022-12-15 20:00:00+01:00,25.0,223.9,250.48,376.787
2022-12-15 21:00:00+01:00,25.066,157.2,177.211,266.89750000000004
2022-12-15 22:00:00+01:00,25.0,113.0,128.0315,193.1415
2022-12-15 23:00:00+01:00,25.0,89.1,101.106,152.787
2022-12-16 00:00:00+01:00,25.0,93.0,105.5865,159.48250000000002
2022-12-16 01:00:00+01:00,25.0,90.3,102.272,154.4955
2022-12-16 02:00:00+01:00,25.0,89.1,100.984,152.58499999999998
2022-12-16 03:00:00+01:00,25.0,82.2,93.421,141.269
2022-12-16 04:00:00+01:00,24.966,82.3,93.7875,141.7975
2022-12-16 05:00:00+01:00,25.0,86.4,98.5475,148.9355
2022-12-16 06:00:00+01:00,24.808,89.2,101.78,153.7765
2022-12-16 07:00:00+01:00,24.916,124.6,142.1205,214.286
2022-12-16 08:00:00+01:00,25.0,160.4,181.7985,273.8115
2022-12-16 09:00:00+01:00,24.7,187.2,211.506,318.3825
2022-12-16 10:00:00+01:00,24.267,223.6,250.905,377.4865
2022-12-16 11:00:00+01:00,24.3,213.5,239.6155,360.553
2022-12-16 12:00:00+01:00,22.9,78.8,91.9275,135.348
2022-12-16 13:00:00+01:00,21.2,8.3,12.689,13.613499999999998
2022-12-16 14:00:00+01:00,21.5,48.7,56.627,83.605
2022-12-16 15:00:00+01:00,22.466,53.7,63.3765,92.356
2022-12-16 16:00:00+01:00,22.067,57.0,65.635,98.0035
2022-12-16 17:00:00+01:00,23.034,75.8,86.2205,130.4305
2022-12-16 18:00:00+01:00,23.867,83.6,94.678,143.125
2022-12-16 19:00:00+01:00,24.0,75.4,85.7225,129.6985
2022-12-16 20:00:00+01:00,24.034,110.8,125.8145,189.819
2022-12-16 21:00:00+01:00,24.367,121.8,138.64499999999998,209.0675
2022-12-16 22:00:00+01:00,24.834,138.2,156.9185,236.5135
2022-12-16 23:00:00+01:00,25.8,143.4,162.712,245.127
2022-12-17 00:00:00+01:00,26.133,106.3,119.98,181.0885
2022-12-17 01:00:00+01:00,26.966,23.8,34.167,41.375
2022-12-17 02:00:00+01:00,26.066,7.3,11.5565,11.5565
2022-12-17 03:00:00+01:00,26.0,6.2,9.540500000000002,9.540500000000002
2022-12-17 04:00:00+01:00,25.834,10.1,16.5535,16.5535
2022-12-17 05:00:00+01:00,25.633,17.9,28.611,30.1735
2022-12-17 06:00:00+01:00,25.0,30.2,41.4285,51.7155
2022-12-17 07:00:00+01:00,25.0,33.2,44.088,56.7865
2022-12-17 08:00:00+01:00,25.0,36.5,46.443,62.455
2022-12-17 09:00:00+01:00,25.0,46.1,54.251000000000005,79.2005
2022-12-17 10:00:00+01:00,25.034,57.1,64.888,98.3355
2022-12-17 11:00:00+01:00,25.0,56.3,63.977500000000006,96.798
2022-12-17 12:00:00+01:00,25.0,47.4,55.603,82.0155
2022-12-17 13:00:00+01:00,25.066,42.5,51.0595,73.8735
2022-12-17 14:00:00+01:00,25.0,53.6,61.3355,92.8755
2022-12-17 15:00:00+01:00,25.0,55.9,63.8485,96.6545
2022-12-17 16:00:00+01:00,25.0,48.7,56.8285,84.44749999999999
2022-12-17 17:00:00+01:00,25.0,51.4,59.148,89.1725
2022-12-17 18:00:00+01:00,25.0,49.0,56.5205,85.489
2022-12-17 19:00:00+01:00,24.733,50.1,57.408,86.52250000000001
2022-12-17 20:00:00+01:00,24.267,59.5,67.89150000000001,102.8665
2022-12-17 21:00:00+01:00,24.3,74.3,84.774,128.3755
2022-12-17 22:00:00+01:00,24.034,58.7,66.9525,101.407
2022-12-17 23:00:00+01:00,24.0,53.5,60.901,92.29
2022-12-18 00:00:00+01:00,24.0,54.1,61.499,93.132
2022-12-18 01:00:00+01:00,24.0,47.4,54.682500000000005,82.1155
2022-12-18 02:00:00+01:00,23.966,46.7,54.0045,80.5195
2022-12-18 03:00:00+01:00,24.0,45.9,53.064,78.977
2022-12-18 04:00:00+01:00,24.0,50.0,58.6725,87.553
2022-12-18 05:00:00+01:00,24.0,61.6,72.1045,109.3025
2022-12-18 06:00:00+01:00,24.0,53.3,63.225,95.4315
2022-12-18 07:00:00+01:00,24.0,45.6,55.2775,81.7485
2022-12-18 08:00:00+01:00,24.0,52.4,62.6105,94.0565
2022-12-18 09:00:00+01:00,24.0,47.7,58.3655,84.311
2022-12-18 10:00:00+01:00,23.4,65.2,75.828,114.993
2022-12-18 11:00:00+01:00,22.867,48.9,56.6905,84.47
2022-12-18 12:00:00+01:00,22.566,25.2,36.663,43.6235
2022-12-18 13:00:00+01:00,22.0,14.7,24.735,24.9895
2022-12-18 14:00:00+01:00,22.0,18.4,30.4855,31.729
2022-12-18 15:00:00+01:00,22.133,30.1,41.252,52.155
2022-12-18 16:00:00+01:00,22.966,42.5,51.1165,74.491
2022-12-18 17:00:00+01:00,23.0,51.3,60.0205,90.829
2022-12-18 18:00:00+01:00,23.0,93.5,111.5445,168.644
2022-12-18 19:00:00+01:00,23.0,88.1,106.597,161.19549999999998
2022-12-18 20:00:00+01:00,23.0,116.4,142.161,214.5495
2022-12-18 21:00:00+01:00,23.0,122.6,149.6235,225.7515
2022-12-18 22:00:00+01:00,23.0,138.4,171.905,259.208
2022-12-18 23:00:00+01:00,23.034,89.4,112.176,169.6
2022-12-19 00:00:00+01:00,24.0,54.2,68.7695,104.5155
2022-12-19 01:00:00+01:00,23.934,45.8,58.3565,86.96000000000001
2022-12-19 02:00:00+01:00,23.034,43.7,55.35,81.659
2022-12-19 03:00:00+01:00,23.0,45.3,56.25,84.408
2022-12-19 04:00:00+01:00,23.1,45.9,56.9775,85.258
2022-12-19 05:00:00+01:00,23.834,45.5,57.022,85.0945
2022-12-19 06:00:00+01:00,23.6,43.0,54.9015,80.1915
2022-12-19 07:00:00+01:00,23.833,44.8,56.6575,83.684
2022-12-19 08:00:00+01:00,23.367,42.5,54.391,79.2235
2022-12-19 09:00:00+01:00,23.066,41.0,53.0645,75.888
2022-12-19 10:00:00+01:00,23.0,41.9,53.018,76.661
2022-12-19 11:00:00+01:00,23.066,46.7,57.846,86.104
2022-12-19 12:00:00+01:00,23.267,55.0,66.6585,101.1815
2022-12-19 13:00:00+01:00,23.1,61.4,74.2675,112.739
2022-12-19 14:00:00+01:00,23.034,62.7,75.5995,114.706
2022-12-19 15:00:00+01:00,23.0,66.2,79.78800000000001,120.953
2022-12-19 16:00:00+01:00,23.0,48.1,58.488,87.735
2022-12-19 17:00:00+01:00,23.0,57.5,68.8625,104.5075
2022-12-19 18:00:00+01:00,23.0,68.6,82.46350000000001,124.958
2022-12-19 19:00:00+01:00,23.0,68.8,82.53999999999999,125.121
2022-12-19 20:00:00+01:00,23.0,70.7,84.9945,128.71
2022-12-19 21:00:00+01:00,23.0,70.1,83.7875,126.979
2022-12-19 22:00:00+01:00,22.966,60.7,72.713,109.9205
2022-12-19 23:00:00+01:00,23.0,74.5,89.73750000000001,135.94400000000002
2022-12-20 00:00:00+01:00,23.0,60.9,73.4845,111.5605
2022-12-20 01:00:00+01:00,23.0,43.5,54.7405,79.6105
2022-12-20 02:00:00+01:00,23.0,38.7,50.6355,70.5935
2022-12-20 03:00:00+01:00,23.0,41.8,53.608,76.173
2022-12-20 04:00:00+01:00,23.0,35.9,48.6495,65.57849999999999
2022-12-20 05:00:00+01:00,23.0,32.1,45.923,58.673
2022-12-20 06:00:00+01:00,23.0,31.5,45.434,57.271
2022-12-20 07:00:00+01:00,23.0,37.9,50.145,69.2525
2022-12-20 08:00:00+01:00,23.0,38.4,50.3495,69.83850000000001
2022-12-20 09:00:00+01:00,23.0,44.5,54.862,81.08449999999999
2022-12-20 10:00:00+01:00,23.0,55.5,65.9675,100.3075
2022-12-20 11:00:00+01:00,23.0,55.2,65.889,100.0445
2022-12-20 12:00:00+01:00,23.0,52.3,61.2515,93.24
2022-12-20 13:00:00+01:00,23.0,67.4,78.2225,118.6315
2022-12-20 14:00:00+01:00,23.034,71.3,83.232,126.183
2022-12-20 15:00:00+01:00,23.2,73.9,86.73349999999999,131.3175
2022-12-20 16:00:00+01:00,23.133,79.0,93.0355,140.702
2022-12-20 17:00:00+01:00,23.966,89.3,105.5225,159.4845
2022-12-20 18:00:00+01:00,23.966,95.3,112.9705,170.7785
2022-12-20 19:00:00+01:00,23.966,96.5,114.4375,172.9815
2022-12-20 20:00:00+01:00,24.0,108.8,130.0575,196.3665
2022-12-20 21:00:00+01:00,24.0,114.5,137.81799999999998,207.981
2022-12-20 22:00:00+01:00,24.0,111.3,134.201,202.499
2022-12-20 23:00:00+01:00,24.0,105.5,127.8415,192.9875
2022-12-21 00:00:00+01:00,24.0,92.9,114.1805,172.603
2022-12-21 01:00:00+01:00,24.0,78.8,96.3965,145.8025
2022-12-21 02:00:00+01:00,24.0,83.9,102.7485,155.4345
2022-12-21 03:00:00+01:00,24.0,88.7,108.765,164.4865
2022-12-21 04:00:00+01:00,23.867,85.6,104.076,157.458
2022-12-21 05:00:00+01:00,23.834,83.8,101.97,154.28199999999998
2022-12-21 06:00:00+01:00,23.833,88.5,107.5155,162.509
2022-12-21 07:00:00+01:00,23.966,116.4,140.888,212.6155
2022-12-21 08:00:00+01:00,24.0,157.2,186.729,281.3965
2022-12-21 09:00:00+01:00,24.0,164.2,189.5955,285.5865
2022-12-21 10:00:00+01:00,23.434,169.5,193.4265,291.2585
2022-12-21 11:00:00+01:00,22.934,107.8,124.4455,187.7995
2022-12-21 12:00:00+01:00,22.233,72.3,84.697,128.1805
2022-12-21 13:00:00+01:00,22.0,84.8,98.5315,148.93099999999998
2022-12-21 14:00:00+01:00,21.966,108.4,126.374,190.687
2022-12-21 15:00:00+01:00,22.0,100.5,117.634,177.56799999999998
2022-12-21 16:00:00+01:00,22.566,122.4,141.699,213.694
2022-12-21 17:00:00+01:00,23.0,132.9,152.718,230.18
2022-12-21 18:00:00+01:00,23.0,233.6,263.96950000000004,397.036
2022-12-21 19:00:00+01:00,23.7,259.6,291.869,438.915
2022-12-21 20:00:00+01:00,23.733,280.7,313.749,471.692
2022-12-21 21:00:00+01:00,24.0,339.3,375.0485,563.56
2022-12-21 22:00:00+01:00,23.966,269.7,299.9515,451.0265
2022-12-21 23:00:00+01:00,23.334,164.8,186.2985,280.5735
2022-12-22 00:00:00+01:00,23.367,136.5,154.797,233.303
2022-12-22 01:00:00+01:00,23.334,133.9,151.9475,228.9925
2022-12-22 02:00:00+01:00,23.7,145.2,164.9245,248.513
2022-12-22 03:00:00+01:00,23.934,172.7,194.251,292.5045
2022-12-22 04:00:00+01:00,24.0,191.3,214.6745,323.12850000000003
2022-12-22 05:00:00+01:00,23.933,181.9,204.6865,308.148
2022-12-22 06:00:00+01:00,23.833,163.6,184.1965,277.422
2022-12-22 07:00:00+01:00,24.0,179.4,202.325,304.6145
2022-12-22 08:00:00+01:00,24.0,193.0,217.5225,327.383
2022-12-22 09:00:00+01:00,23.334,172.7,194.672,293.106
2022-12-22 10:00:00+01:00,23.1,197.2,221.0985,332.7645
2022-12-22 11:00:00+01:00,22.767,183.5,206.666,311.088
2022-12-22 12:00:00+01:00,22.1,188.7,212.3665,319.629
2022-12-22 13:00:00+01:00,22.0,203.4,227.636,342.56100000000004
2022-12-22 14:00:00+01:00,22.0,211.5,236.262,355.5295
2022-12-22 15:00:00+01:00,22.267,200.4,225.246,338.9645
2022-12-22 16:00:00+01:00,23.0,190.0,213.6045,321.4865
2022-12-22 17:00:00+01:00,23.0,213.3,239.684,360.606
2022-12-22 18:00:00+01:00,23.267,311.6,345.0975,518.64
2022-12-22 19:00:00+01:00,24.0,383.3,420.1035,631.1485
2022-12-22 20:00:00+01:00,23.633,303.4,335.648,504.5075
2022-12-22 21:00:00+01:00,23.466,327.9,361.2235,542.832
2022-12-22 22:00:00+01:00,23.966,342.8,375.827,564.693
2022-12-22 23:00:00+01:00,24.0,316.3,349.3075,525.0085
2022-12-23 00:00:00+01:00,24.0,292.9,323.92650000000003,486.9795
2022-12-23 01:00:00+01:00,24.0,317.6,348.2345,523.3125
2022-12-23 02:00:00+01:00,24.0,273.8,302.6565,455.0885
2022-12-23 03:00:00+01:00,24.0,269.7,298.36850000000004,448.6375
2022-12-23 04:00:00+01:00,24.0,134.7,152.4045,229.723
2022-12-23 05:00:00+01:00,24.0,116.0,131.648,198.562
2022-12-23 06:00:00+01:00,24.0,119.0,135.32799999999995,204.0895
2022-12-23 07:00:00+01:00,24.0,129.4,147.8205,222.8495
2022-12-23 08:00:00+01:00,24.0,149.3,170.937,257.5065
2022-12-23 09:00:00+01:00,24.0,140.7,160.332,241.609
2022-12-23 10:00:00+01:00,23.133,140.6,160.84199999999998,242.409
2022-12-23 11:00:00+01:00,22.017,102.4,117.726,177.417
2022-12-23 12:00:00+01:00,20.633,10.1,16.3485,16.7485
2022-12-23 13:00:00+01:00,20.0,7.0,11.3155,11.317
2022-12-23 14:00:00+01:00,20.0,6.7,10.78,10.78
2022-12-23 15:00:00+01:00,20.0,14.9,24.563,25.9745
2022-12-23 16:00:00+01:00,20.834,77.0,89.7505,133.77800000000002
2022-12-23 17:00:00+01:00,21.666,149.7,171.5795,258.471
2022-12-23 18:00:00+01:00,22.5,146.6,168.41199999999998,253.6995
2022-12-23 19:00:00+01:00,23.0,194.2,221.435,333.23400000000004
2022-12-23 20:00:00+01:00,23.0,244.4,276.64300000000003,416.081
2022-12-23 21:00:00+01:00,23.0,239.9,270.7975,407.268
2022-12-23 22:00:00+01:00,23.034,225.8,255.486,384.293
2022-12-23 23:00:00+01:00,23.767,241.6,272.3335,409.5795
2022-12-24 00:00:00+01:00,23.233,249.4,280.01800000000003,421.1515
2022-12-24 01:00:00+01:00,23.0,209.7,237.095,356.744
2022-12-24 02:00:00+01:00,23.0,205.3,231.7995,348.8115
2022-12-24 03:00:00+01:00,23.0,182.5,206.5325,310.9445
2022-12-24 04:00:00+01:00,23.034,166.6,188.6365,284.085
2022-12-24 05:00:00+01:00,23.034,144.1,163.9575,247.075
2022-12-24 06:00:00+01:00,23.0,106.5,121.63,183.552
2022-12-24 07:00:00+01:00,23.367,109.3,125.1295,188.837
2022-12-24 08:00:00+01:00,23.9,134.4,153.7655,231.747
2022-12-24 09:00:00+01:00,23.233,173.1,196.9935,296.616
2022-12-24 10:00:00+01:00,23.0,214.9,243.4865,366.3215
2022-12-24 11:00:00+01:00,23.0,166.3,189.699,285.682
2022-12-24 12:00:00+01:00,22.834,162.9,185.769,279.7785
2022-12-24 13:00:00+01:00,23.267,204.6,231.8265,348.837
2022-12-24 14:00:00+01:00,24.0,261.7,291.719,438.7155
2022-12-24 15:00:00+01:00,24.0,172.8,193.685,291.6605
2022-12-24 16:00:00+01:00,23.966,93.1,105.8895,159.9365
2022-12-24 17:00:00+01:00,24.0,121.0,137.3485,207.1425
2022-12-24 18:00:00+01:00,24.0,106.9,122.0525,184.2
2022-12-24 19:00:00+01:00,24.333,181.8,204.208,307.413
2022-12-24 20:00:00+01:00,24.0,135.4,153.5235,231.4065
2022-12-24 21:00:00+01:00,24.0,157.6,178.463,268.789
2022-12-24 22:00:00+01:00,24.3,219.3,246.0405,370.1875
2022-12-24 23:00:00+01:00,24.834,151.0,170.9435,257.51300000000003
2022-12-25 00:00:00+01:00,25.0,157.9,179.2265,269.977
2022-12-25 01:00:00+01:00,25.0,101.7,116.1585,175.39350000000002
2022-12-25 02:00:00+01:00,24.934,65.8,75.388,114.1695
2022-12-25 03:00:00+01:00,25.0,51.2,58.886,89.1105
2022-12-25 04:00:00+01:00,25.0,43.7,51.766,76.2585
2022-12-25 05:00:00+01:00,25.0,44.1,51.9945,76.8845
2022-12-25 06:00:00+01:00,25.0,42.8,51.502,75.561
2022-12-25 07:00:00+01:00,25.0,41.9,51.0475,74.1755
2022-12-25 08:00:00+01:00,24.934,46.4,54.271,81.39150000000001
2022-12-25 09:00:00+01:00,24.9,59.1,68.09899999999999,103.2235
2022-12-25 10:00:00+01:00,24.566,74.0,84.995,128.6215
2022-12-25 11:00:00+01:00,24.0,81.5,93.522,141.40550000000002
2022-12-25 12:00:00+01:00,23.533,103.5,119.3385,180.1555
2022-12-25 13:00:00+01:00,23.0,113.3,129.999,196.0915
2022-12-25 14:00:00+01:00,23.0,105.4,121.2345,182.953
2022-12-25 15:00:00+01:00,23.0,164.8,187.018,281.663
2022-12-25 16:00:00+01:00,23.334,227.6,254.2975,382.5750000000001
2022-12-25 17:00:00+01:00,23.966,214.5,240.1125,361.242
2022-12-25 18:00:00+01:00,24.0,211.6,236.1155,355.2815
2022-12-25 19:00:00+01:00,24.0,286.9,316.07000000000005,475.207
2022-12-25 20:00:00+01:00,24.0,308.6,339.1705,509.764
2022-12-25 21:00:00+01:00,24.166,372.4,404.8250000000001,608.221
2022-12-25 22:00:00+01:00,24.966,388.3,420.469,631.664
2022-12-25 23:00:00+01:00,25.0,371.9,403.454,606.1645
2022-12-26 00:00:00+01:00,24.8,295.8,324.5135,487.81
2022-12-26 01:00:00+01:00,24.767,178.7,200.0725,301.1975
2022-12-26 02:00:00+01:00,24.466,192.4,214.94,323.506
2022-12-26 03:00:00+01:00,24.233,175.1,196.2725,295.515
2022-12-26 04:00:00+01:00,24.0,139.6,157.36700000000002,237.152
2022-12-26 05:00:00+01:00,24.034,134.2,151.6125,228.537
2022-12-26 06:00:00+01:00,24.0,187.1,210.012,316.1275
2022-12-26 07:00:00+01:00,24.0,168.3,190.4515,286.7815
2022-12-26 08:00:00+01:00,24.0,176.9,200.614,302.0585
2022-12-26 09:00:00+01:00,24.0,154.0,175.549,264.45
2022-12-26 10:00:00+01:00,23.4,95.5,110.0435,166.2005
2022-12-26 11:00:00+01:00,22.6,128.8,147.13049999999998,221.823
2022-12-26 12:00:00+01:00,21.775,126.0,143.0625,213.982
2022-12-26 13:00:00+01:00,20.1,6.0,9.363,9.3635
2022-12-26 14:00:00+01:00,20.0,8.3,13.6345,13.6945
2022-12-26 15:00:00+01:00,20.3,10.8,18.064,18.0915
2022-12-26 16:00:00+01:00,21.0,18.2,29.9895,32.027
2022-12-26 17:00:00+01:00,21.633,32.8,43.934,57.614
2022-12-26 18:00:00+01:00,22.0,53.2,61.73349999999999,93.225
2022-12-26 19:00:00+01:00,22.367,62.5,72.1565,109.369
2022-12-26 20:00:00+01:00,22.966,76.1,87.4805,132.369
2022-12-26 21:00:00+01:00,22.133,29.4,40.73,51.141000000000005
2022-12-26 22:00:00+01:00,22.0,11.1,18.4415,18.463
2022-12-26 23:00:00+01:00,22.0,7.4,11.46,11.46
2022-12-27 00:00:00+01:00,22.267,47.9,56.589,82.96950000000001
2022-12-27 01:00:00+01:00,22.966,24.0,36.5595,41.669
2022-12-27 02:00:00+01:00,23.0,24.7,37.096,42.707
2022-12-27 03:00:00+01:00,23.0,34.7,45.497,60.423
2022-12-27 04:00:00+01:00,23.0,38.7,48.209,67.1585
2022-12-27 05:00:00+01:00,23.0,31.9,43.4855,55.4595
2022-12-27 06:00:00+01:00,23.0,36.7,47.012,63.98650000000001
2022-12-27 07:00:00+01:00,23.5,58.1,68.599,102.148
2022-12-27 08:00:00+01:00,24.467,67.1,77.874,117.933
2022-12-27 09:00:00+01:00,25.034,107.5,123.839,186.848
2022-12-27 10:00:00+01:00,25.0,145.3,165.9915,250.11
2022-12-27 11:00:00+01:00,25.034,143.4,164.03300000000002,247.1875
2022-12-27 12:00:00+01:00,25.242,55.3,67.6925,95.7445
2022-12-27 13:00:00+01:00,26.0,16.8,27.911,28.941
2022-12-27 14:00:00+01:00,26.334,14.8,24.255,25.3365
2022-12-27 15:00:00+01:00,26.2,12.8,20.9475,21.7165
2022-12-27 16:00:00+01:00,25.466,12.3,20.5185,20.6915
2022-12-27 17:00:00+01:00,25.0,13.7,23.03,23.322000000000003
2022-12-27 18:00:00+01:00,24.4,6.7,10.412,10.415500000000002
2022-12-27 19:00:00+01:00,23.433,11.9,19.8345,20.2755
2022-12-27 20:00:00+01:00,23.9,12.5,21.419,21.4935
2022-12-27 21:00:00+01:00,22.9,6.5,10.211,10.211
2022-12-27 22:00:00+01:00,22.267,15.7,24.8555,27.082
2022-12-27 23:00:00+01:00,22.267,29.0,41.3055,51.4305
2022-12-28 00:00:00+01:00,22.667,18.3,30.5355,31.9575
2022-12-28 01:00:00+01:00,23.0,27.4,39.669,48.1445
2022-12-28 02:00:00+01:00,23.434,32.2,43.9015,56.307500000000005
2022-12-28 03:00:00+01:00,23.934,34.0,45.2395,59.6275
2022-12-28 04:00:00+01:00,24.0,33.1,44.655,58.0735
2022-12-28 05:00:00+01:00,24.0,31.4,43.246,55.102
2022-12-28 06:00:00+01:00,24.0,40.5,51.747,72.17150000000001
2022-12-28 07:00:00+01:00,24.0,59.5,70.707,107.1615
2022-12-28 08:00:00+01:00,24.0,58.0,68.5405,103.8995
2022-12-28 09:00:00+01:00,23.9,45.7,56.3965,80.7435
2022-12-28 10:00:00+01:00,23.333,55.4,65.19800000000001,98.2745
2022-12-28 11:00:00+01:00,23.0,71.3,83.828,126.872
2022-12-28 12:00:00+01:00,22.966,67.4,77.356,117.1365
2022-12-28 13:00:00+01:00,22.1,42.3,51.1345,74.315
2022-12-28 14:00:00+01:00,22.0,36.8,47.194500000000005,64.39
2022-12-28 15:00:00+01:00,22.0,47.6,57.596,84.1095
2022-12-28 16:00:00+01:00,22.367,76.0,88.226,133.4495
2022-12-28 17:00:00+01:00,23.0,161.1,183.9255,276.9905
2022-12-28 18:00:00+01:00,23.133,186.0,212.4285,319.74300000000005
2022-12-28 19:00:00+01:00,23.733,175.8,201.101,302.7505
2022-12-28 20:00:00+01:00,24.0,162.0,185.1025,278.7345
2022-12-28 21:00:00+01:00,24.0,190.9,217.56,327.44100000000003
2022-12-28 22:00:00+01:00,24.0,175.8,201.875,304.052
2022-12-28 23:00:00+01:00,24.0,182.6,210.5185,317.0865
2022-12-29 00:00:00+01:00,24.0,249.1,285.48,429.485
2022-12-29 01:00:00+01:00,24.0,235.5,271.6925,408.8355
2022-12-29 02:00:00+01:00,24.0,172.5,200.626,302.25
2022-12-29 03:00:00+01:00,24.0,118.9,138.21050000000002,208.514
2022-12-29 04:00:00+01:00,24.0,100.2,115.564,174.6945
2022-12-29 05:00:00+01:00,24.0,82.8,95.445,144.406
2022-12-29 06:00:00+01:00,24.0,85.6,98.467,148.7895
2022-12-29 07:00:00+01:00,24.0,102.9,118.4925,178.8645
2022-12-29 08:00:00+01:00,24.0,123.9,142.7485,215.2265
2022-12-29 09:00:00+01:00,23.633,133.1,153.285,231.0665
2022-12-29 10:00:00+01:00,22.733,106.3,123.275,184.836
2022-12-29 11:00:00+01:00,21.2,8.9,14.1495,14.679
2022-12-29 12:00:00+01:00,21.0,3.6,4.892,4.8945
2022-12-29 13:00:00+01:00,20.934,3.6,4.9365000000000006,4.9365000000000006
2022-12-29 14:00:00+01:00,20.934,4.2,5.961,5.961
2022-12-29 15:00:00+01:00,21.0,4.0,5.4670000000000005,5.4670000000000005
2022-12-29 16:00:00+01:00,21.0,6.4,10.056,10.078
2022-12-29 17:00:00+01:00,21.0,5.9,8.955,8.956
2022-12-29 18:00:00+01:00,21.0,5.6,8.5225,8.5225
2022-12-29 19:00:00+01:00,21.0,4.9,7.1715,7.1715
2022-12-29 20:00:00+01:00,21.0,4.4,6.281000000000001,6.281000000000001
2022-12-29 21:00:00+01:00,21.0,5.1,7.6325,7.633000000000001
2022-12-29 22:00:00+01:00,21.0,4.0,5.7235,5.7235
2022-12-29 23:00:00+01:00,21.0,3.6,4.988,4.988
2022-12-30 00:00:00+01:00,21.0,3.6,4.862500000000001,4.862500000000001
2022-12-30 01:00:00+01:00,20.966,3.7,4.9585,4.9585
2022-12-30 02:00:00+01:00,21.0,3.4,4.447,4.447
2022-12-30 03:00:00+01:00,20.9,3.3,4.3105,4.3105
2022-12-30 04:00:00+01:00,20.966,3.2,4.1375,4.1375
2022-12-30 05:00:00+01:00,20.767,3.1,3.919000000000001,3.919000000000001
2022-12-30 06:00:00+01:00,20.2,3.9,5.342499999999999,5.342499999999999
2022-12-30 07:00:00+01:00,20.0,5.7,8.67,8.67
2022-12-30 08:00:00+01:00,20.0,7.0,11.1265,11.1555
2022-12-30 09:00:00+01:00,20.0,6.4,9.9145,9.9145
2022-12-30 10:00:00+01:00,20.0,7.6,12.1935,12.1935
2022-12-30 11:00:00+01:00,20.0,7.9,12.801,12.801
2022-12-30 12:00:00+01:00,20.0,7.2,11.484,11.484
2022-12-30 13:00:00+01:00,20.0,7.5,12.096,12.096
2022-12-30 14:00:00+01:00,20.0,7.9,12.8355,12.8365
2022-12-30 15:00:00+01:00,20.0,14.2,23.9155,24.3465
2022-12-30 16:00:00+01:00,20.534,32.1,43.2875,56.814
2022-12-30 17:00:00+01:00,21.0,57.0,66.037,99.939
2022-12-30 18:00:00+01:00,21.566,68.2,79.021,119.4495
2022-12-30 19:00:00+01:00,21.3,28.1,39.6125,49.3855
2022-12-30 20:00:00+01:00,21.0,16.8,27.549,29.1195
2022-12-30 21:00:00+01:00,21.0,19.0,30.2495,32.995999999999995
2022-12-30 22:00:00+01:00,21.034,24.2,35.7185,42.2965
2022-12-30 23:00:00+01:00,21.0,9.0,14.571,14.5715
2022-12-31 00:00:00+01:00,20.966,6.4,9.75,9.75
2022-12-31 01:00:00+01:00,20.867,5.7,8.665000000000001,8.665000000000001
2022-12-31 02:00:00+01:00,21.0,15.9,22.209,27.209000000000003
2022-12-31 03:00:00+01:00,21.0,13.7,20.3685,22.9475
2022-12-31 04:00:00+01:00,21.0,5.3,7.955,7.955
2022-12-31 05:00:00+01:00,21.0,5.4,8.099,8.099
2022-12-31 06:00:00+01:00,21.0,5.9,9.2065,9.2065
2022-12-31 07:00:00+01:00,21.6,23.6,32.1815,41.162
2022-12-31 08:00:00+01:00,22.367,41.0,50.34,72.356
2022-12-31 09:00:00+01:00,21.767,50.0,58.544,87.9925
2022-12-31 10:00:00+01:00,21.0,35.8,46.47,63.425
2022-12-31 11:00:00+01:00,20.233,17.0,27.857,29.4055
2022-12-31 12:00:00+01:00,20.0,5.5,8.369,8.369
2022-12-31 13:00:00+01:00,20.0,6.3,9.7425,9.7425
2022-12-31 14:00:00+01:00,20.3,8.0,13.0575,13.0575
2022-12-31 15:00:00+01:00,20.034,13.4,21.8335,22.912
2022-12-31 16:00:00+01:00,21.0,35.4,45.953,61.9245
2022-12-31 17:00:00+01:00,21.767,73.3,84.256,127.3955
2022-12-31 18:00:00+01:00,22.566,99.1,113.6005,171.496
2022-12-31 19:00:00+01:00,23.0,107.3,122.218,184.441
2022-12-31 20:00:00+01:00,23.0,95.2,108.749,164.232
2022-12-31 21:00:00+01:00,23.0,135.2,154.53050000000002,232.876
2022-12-31 22:00:00+01:00,23.3,178.2,202.16,304.3655
2022-12-31 23:00:00+01:00,23.867,161.5,183.131,275.8115
2023-01-01 00:00:00+01:00,23.966,187.7,210.6585,317.0965
2023-01-01 01:00:00+01:00,24.0,168.4,189.9525,286.047
2023-01-01 02:00:00+01:00,24.0,121.7,138.7025,209.1875
2023-01-01 03:00:00+01:00,24.0,97.1,110.7065,167.163
2023-01-01 04:00:00+01:00,24.0,59.6,68.27850000000001,103.3565
2023-01-01 05:00:00+01:00,24.0,42.6,50.8985,74.027
2023-01-01 06:00:00+01:00,24.0,37.2,47.3745,64.819
2023-01-01 07:00:00+01:00,24.0,32.7,44.2845,57.1445
2023-01-01 08:00:00+01:00,24.0,38.8,48.5785,67.6325
2023-01-01 09:00:00+01:00,23.4,38.4,48.165,66.92500000000001
2023-01-01 10:00:00+01:00,22.1,24.0,36.4535,41.906
2023-01-01 11:00:00+01:00,21.466,29.3,41.39149999999999,51.1065
2023-01-01 12:00:00+01:00,20.934,18.3,29.9135,31.983
2023-01-01 13:00:00+01:00,20.0,9.6,16.128500000000003,16.128500000000003
2023-01-01 14:00:00+01:00,20.0,10.5,17.4315,17.4375
2023-01-01 15:00:00+01:00,20.034,27.2,38.803,47.069
2023-01-01 16:00:00+01:00,21.034,46.2,55.596,80.67150000000001
2023-01-01 17:00:00+01:00,22.0,84.3,96.791,146.3
2023-01-01 18:00:00+01:00,22.5,123.0,141.1765,212.857
2023-01-01 19:00:00+01:00,23.0,89.4,103.108,155.7815
2023-01-01 20:00:00+01:00,23.0,87.2,100.5535,151.95600000000002
2023-01-01 21:00:00+01:00,23.0,49.7,57.956,87.4855
2023-01-01 22:00:00+01:00,23.0,42.3,51.1665,74.4445
2023-01-01 23:00:00+01:00,23.5,42.5,51.7585,74.2365
2023-01-02 00:00:00+01:00,23.566,26.0,38.8265,45.556
2023-01-02 01:00:00+01:00,23.7,22.5,35.343,39.4115
2023-01-02 02:00:00+01:00,23.8,19.3,31.858,33.619
2023-01-02 03:00:00+01:00,23.933,20.4,32.966,35.4805
2023-01-02 04:00:00+01:00,24.0,22.5,34.9695,39.065
2023-01-02 05:00:00+01:00,24.0,24.8,37.113,43.2195
2023-01-02 06:00:00+01:00,24.0,33.4,44.825500000000005,58.5795
2023-01-02 07:00:00+01:00,24.0,45.9,54.563,81.0555
2023-01-02 08:00:00+01:00,24.0,43.6,52.251,77.2015
2023-01-02 09:00:00+01:00,23.7,47.5,56.0845,83.912
2023-01-02 10:00:00+01:00,23.0,58.2,68.11250000000001,101.9065
2023-01-02 11:00:00+01:00,22.066,38.2,49.1835,68.59700000000001
2023-01-02 12:00:00+01:00,21.133,27.8,41.1595,50.342
2023-01-02 13:00:00+01:00,20.367,36.8,48.0275,65.56
2023-01-02 14:00:00+01:00,20.3,66.2,76.398,115.722
2023-01-02 15:00:00+01:00,20.667,45.0,55.032,78.4985
2023-01-02 16:00:00+01:00,21.3,70.2,80.534,121.9095
2023-01-02 17:00:00+01:00,22.1,96.2,110.6875,167.1295
2023-01-02 18:00:00+01:00,23.0,163.8,187.1335,281.7985
2023-01-02 19:00:00+01:00,23.0,169.6,193.0715,290.725
2023-01-02 20:00:00+01:00,23.133,138.1,158.4375,238.761
2023-01-02 21:00:00+01:00,23.767,179.0,203.544,306.4135
2023-01-02 22:00:00+01:00,23.934,166.6,189.8455,285.862
2023-01-02 23:00:00+01:00,23.1,71.9,82.832,125.383
2023-01-03 00:00:00+01:00,23.3,70.9,81.663,123.3485
2023-01-03 01:00:00+01:00,23.4,42.6,53.748000000000005,74.5685
2023-01-03 02:00:00+01:00,24.0,41.2,51.4045,71.862
2023-01-03 03:00:00+01:00,24.0,38.7,48.337,67.5765
2023-01-03 04:00:00+01:00,24.0,28.3,40.106,49.216
2023-01-03 05:00:00+01:00,24.0,30.6,41.9635,53.2885
2023-01-03 06:00:00+01:00,24.0,23.9,36.731,42.2245
2023-01-03 07:00:00+01:00,24.0,26.1,39.075,46.2985
2023-01-03 08:00:00+01:00,23.7,31.0,43.1785,54.852
2023-01-03 09:00:00+01:00,23.534,46.3,55.444,81.6675
2023-01-03 10:00:00+01:00,22.466,40.3,49.794,70.8805
2023-01-03 11:00:00+01:00,21.434,14.7,25.131500000000003,25.4025
2023-01-03 12:00:00+01:00,21.0,12.5,20.8435,20.8865
2023-01-03 13:00:00+01:00,20.334,8.6,13.9345,13.994
2023-01-03 14:00:00+01:00,20.367,10.2,16.9155,17.000500000000002
2023-01-03 15:00:00+01:00,21.0,24.1,36.1655,41.895
2023-01-03 16:00:00+01:00,21.0,45.7,56.1285,80.0535
2023-01-03 17:00:00+01:00,21.733,71.2,82.556,124.9325
2023-01-03 18:00:00+01:00,22.0,119.0,136.1615,205.336
2023-01-03 19:00:00+01:00,22.034,148.5,169.6055,255.485
2023-01-03 20:00:00+01:00,22.667,139.0,159.34,240.105
2023-01-03 21:00:00+01:00,22.9,229.5,258.451,388.799
2023-01-03 22:00:00+01:00,23.0,231.3,260.8415,392.371
2023-01-03 23:00:00+01:00,23.0,237.7,266.8355,401.3535
2023-01-04 00:00:00+01:00,23.0,221.6,249.075,374.7045
2023-01-04 01:00:00+01:00,23.0,197.1,222.5365,334.934
2023-01-04 02:00:00+01:00,23.133,160.0,181.282,273.033
2023-01-04 03:00:00+01:00,23.667,134.6,152.776,230.2825
2023-01-04 04:00:00+01:00,23.0,81.0,92.6685,140.1055
2023-01-04 05:00:00+01:00,23.0,48.8,56.1325,84.836
2023-01-04 06:00:00+01:00,23.0,44.8,53.0315,78.3285
2023-01-04 07:00:00+01:00,23.0,51.9,60.2775,90.944
2023-01-04 08:00:00+01:00,22.966,45.6,53.3685,80.063
2023-01-04 09:00:00+01:00,22.925,45.0,53.343,78.58850000000001
2023-01-04 10:00:00+01:00,22.0,28.8,40.8875,50.3535
2023-01-04 11:00:00+01:00,22.0,29.5,41.5245,51.2355
2023-01-04 12:00:00+01:00,22.0,28.5,40.4925,49.2035
2023-01-04 13:00:00+01:00,22.0,27.8,40.0705,47.9315
2023-01-04 14:00:00+01:00,22.0,28.4,40.649,49.144
2023-01-04 15:00:00+01:00,22.0,32.0,43.278,55.393
2023-01-04 16:00:00+01:00,22.0,70.6,81.4735,122.8915
2023-01-04 17:00:00+01:00,22.6,108.1,123.636,186.5435
2023-01-04 18:00:00+01:00,23.0,148.8,169.9735,256.0615
2023-01-04 19:00:00+01:00,23.0,180.5,205.718,309.668
2023-01-04 20:00:00+01:00,23.6,173.1,197.3585,297.129
2023-01-04 21:00:00+01:00,23.1,79.7,91.4065,138.2405
2023-01-04 22:00:00+01:00,23.8,140.2,160.375,241.659
2023-01-04 23:00:00+01:00,23.267,53.1,61.574,92.799
2023-01-05 00:00:00+01:00,23.867,93.1,106.6785,161.1255
2023-01-05 01:00:00+01:00,23.834,120.8,138.387,208.6955
2023-01-05 02:00:00+01:00,24.0,120.6,138.095,208.215
2023-01-05 03:00:00+01:00,24.0,86.0,98.7725,149.2165
2023-01-05 04:00:00+01:00,24.0,66.5,76.5085,115.8135
2023-01-05 05:00:00+01:00,24.0,81.3,93.42,141.4135
2023-01-05 06:00:00+01:00,24.0,91.0,104.886,158.6995
2023-01-05 07:00:00+01:00,24.0,97.1,112.083,169.279
2023-01-05 08:00:00+01:00,23.944,91.3,105.016,158.60899999999998
2023-01-05 09:00:00+01:00,23.334,119.9,136.784,206.272
2023-01-05 10:00:00+01:00,22.5,114.2,131.239,197.969
2023-01-05 11:00:00+01:00,21.534,95.9,110.379,166.7145
2023-01-05 12:00:00+01:00,20.9,43.4,54.013,75.881
2023-01-05 13:00:00+01:00,20.934,23.2,34.9675,40.3975
2023-01-05 14:00:00+01:00,21.0,28.2,40.656000000000006,49.5435
2023-01-05 15:00:00+01:00,21.0,26.6,38.595,46.4625
2023-01-05 16:00:00+01:00,21.0,61.4,72.10249999999999,108.398
2023-01-05 17:00:00+01:00,22.0,99.4,115.04,173.6355
2023-01-05 18:00:00+01:00,22.0,126.3,145.265,218.992
2023-01-05 19:00:00+01:00,22.633,103.6,119.5465,180.408
2023-01-05 20:00:00+01:00,23.0,110.5,127.251,191.9665
2023-01-05 21:00:00+01:00,23.0,127.9,147.07999999999998,221.7785
2023-01-05 22:00:00+01:00,23.0,73.1,84.705,128.1465
2023-01-05 23:00:00+01:00,23.0,53.7,62.715500000000006,94.6055
2023-01-06 00:00:00+01:00,23.0,84.6,97.8005,147.5045
2023-01-06 01:00:00+01:00,23.0,80.9,93.233,140.9725
2023-01-06 02:00:00+01:00,23.1,86.7,99.792,150.7955
2023-01-06 03:00:00+01:00,23.1,87.3,100.168,151.417
2023-01-06 04:00:00+01:00,23.267,76.7,88.4445,133.76749999999998
2023-01-06 05:00:00+01:00,23.133,57.5,66.9445,100.4325
2023-01-06 06:00:00+01:00,23.0,28.5,40.8565,49.9545
2023-01-06 07:00:00+01:00,23.066,66.1,77.07499999999999,116.186
2023-01-06 08:00:00+01:00,23.8,85.8,99.454,150.2765
2023-01-06 09:00:00+01:00,23.2,97.2,112.6665,170.1235
2023-01-06 10:00:00+01:00,22.767,61.8,72.6605,109.7545
2023-01-06 11:00:00+01:00,22.1,50.9,61.0195,90.1715
2023-01-06 12:00:00+01:00,21.034,42.3,51.5455,74.506
2023-01-06 13:00:00+01:00,21.0,33.1,44.612,58.0005
2023-01-06 14:00:00+01:00,20.4,33.5,45.1995,59.4615
2023-01-06 15:00:00+01:00,20.9,78.3,90.477,136.17399999999998
2023-01-06 16:00:00+01:00,21.3,105.0,121.32,183.083
2023-01-06 17:00:00+01:00,22.0,163.8,187.381,282.155
2023-01-06 18:00:00+01:00,22.533,201.4,228.798,344.2895
2023-01-06 19:00:00+01:00,23.0,216.2,245.0805,368.704
2023-01-06 20:00:00+01:00,23.0,235.2,265.902,399.946
2023-01-06 21:00:00+01:00,23.0,225.8,255.019,383.631
2023-01-06 22:00:00+01:00,23.0,191.2,216.6925,326.126
2023-01-06 23:00:00+01:00,23.0,208.3,235.776,354.7595
2023-01-07 00:00:00+01:00,23.0,188.0,213.547,321.43600000000004
2023-01-07 01:00:00+01:00,23.0,171.4,195.234,294.029
2023-01-07 02:00:00+01:00,23.0,178.7,203.7915,306.914
2023-01-07 03:00:00+01:00,23.0,151.9,174.99849999999998,263.7385
2023-01-07 04:00:00+01:00,23.0,107.7,125.3125,189.172
2023-01-07 05:00:00+01:00,23.0,96.5,113.131,170.877
2023-01-07 06:00:00+01:00,23.0,79.6,93.754,141.93099999999998
2023-01-07 07:00:00+01:00,23.0,87.2,102.957,155.7665
2023-01-07 08:00:00+01:00,23.0,68.7,80.8595,122.6195
2023-01-07 09:00:00+01:00,23.0,72.0,84.1,127.4495
2023-01-07 10:00:00+01:00,22.159,72.2,84.60849999999999,128.0815
2023-01-07 11:00:00+01:00,21.1,59.2,69.9505,106.048
2023-01-07 12:00:00+01:00,21.0,64.4,75.0365,113.6795
2023-01-07 13:00:00+01:00,21.0,24.4,35.669,42.4345
2023-01-07 14:00:00+01:00,21.066,15.0,25.14,25.241
2023-01-07 15:00:00+01:00,21.0,16.0,26.321,26.9835
2023-01-07 16:00:00+01:00,21.0,40.7,49.664,71.0055
2023-01-07 17:00:00+01:00,22.0,68.3,78.6725,118.947
2023-01-07 18:00:00+01:00,22.267,121.1,138.9845,209.5805
2023-01-07 19:00:00+01:00,23.0,148.2,169.5895,255.502
2023-01-07 20:00:00+01:00,23.0,180.6,205.578,309.418
2023-01-07 21:00:00+01:00,23.0,158.9,181.082,272.71950000000004
2023-01-07 22:00:00+01:00,23.0,123.4,141.51999999999998,213.355
2023-01-07 23:00:00+01:00,23.166,34.1,45.1,59.601
2023-01-08 00:00:00+01:00,23.1,23.8,36.344,41.13849999999999
2023-01-08 01:00:00+01:00,23.233,77.3,91.383,134.40800000000002
2023-01-08 02:00:00+01:00,23.8,71.2,83.003,125.694
2023-01-08 03:00:00+01:00,23.3,51.8,60.4195,91.049
2023-01-08 04:00:00+01:00,23.166,22.3,34.1265,38.5825
2023-01-08 05:00:00+01:00,22.567,12.5,20.915,21.302
2023-01-08 06:00:00+01:00,22.041,9.8,15.9865,15.9865
2023-01-08 07:00:00+01:00,22.0,8.2,13.215,13.215
2023-01-08 08:00:00+01:00,21.466,8.8,14.165,14.165
2023-01-08 09:00:00+01:00,21.0,13.9,23.006,23.329
2023-01-08 10:00:00+01:00,21.0,9.4,15.402,15.411
2023-01-08 11:00:00+01:00,20.0,5.4,8.0,8.0
2023-01-08 12:00:00+01:00,20.0,4.0,5.613,5.613
2023-01-08 13:00:00+01:00,20.0,3.7,4.955500000000001,4.955500000000001
2023-01-08 14:00:00+01:00,20.0,3.2,4.099,4.099
2023-01-08 15:00:00+01:00,20.0,3.2,3.968,3.968
2023-01-08 16:00:00+01:00,20.0,4.0,5.513,5.513
2023-01-08 17:00:00+01:00,20.0,5.3,7.788,7.788
2023-01-08 18:00:00+01:00,20.067,4.9,7.0115,7.0115
2023-01-08 19:00:00+01:00,21.0,6.1,9.202,9.202
2023-01-08 20:00:00+01:00,20.8,5.8,8.666500000000001,8.666500000000001
2023-01-08 21:00:00+01:00,20.9,6.3,9.427,9.427
2023-01-08 22:00:00+01:00,21.0,6.4,9.7415,9.7415
2023-01-08 23:00:00+01:00,21.0,44.4,53.773,72.089
2023-01-09 00:00:00+01:00,20.6,5.9,8.883,8.883
2023-01-09 01:00:00+01:00,20.5,5.3,7.895,7.895
2023-01-09 02:00:00+01:00,21.0,20.2,30.5315,34.735
2023-01-09 03:00:00+01:00,21.1,25.6,38.211,44.518
2023-01-09 04:00:00+01:00,22.166,29.4,41.328,51.126000000000005
2023-01-09 05:00:00+01:00,21.733,5.7,8.3675,8.496500000000001
2023-01-09 06:00:00+01:00,20.5,1.7,1.461,1.461
2023-01-09 07:00:00+01:00,20.833,1.4,1.067,1.067
2023-01-09 08:00:00+01:00,21.367,1.9,1.892,1.892
2023-01-09 09:00:00+01:00,20.934,1.5,1.212,1.212
2023-01-09 10:00:00+01:00,20.334,1.2,0.8195,0.8195
2023-01-09 11:00:00+01:00,20.0,1.5,1.287,1.287
2023-01-09 12:00:00+01:00,20.0,1.7,1.5935,1.5935
2023-01-09 13:00:00+01:00,20.0,1.9,1.884,1.885
2023-01-09 14:00:00+01:00,20.0,2.0,2.109,2.109
2023-01-09 15:00:00+01:00,20.9,2.5,2.9805,2.9805
2023-01-09 16:00:00+01:00,24.2,3.8,5.2515,5.2515
2023-01-09 17:00:00+01:00,25.4,12.2,20.3115,20.675
2023-01-09 18:00:00+01:00,26.434,11.9,20.2245,20.36
2023-01-09 19:00:00+01:00,26.267,36.5,45.398,63.544
2023-01-09 20:00:00+01:00,25.566,80.0,92.345,139.6655
2023-01-09 21:00:00+01:00,25.7,70.1,82.875,122.16
2023-01-09 22:00:00+01:00,25.667,9.5,13.7655,15.7385
2023-01-09 23:00:00+01:00,25.633,1.7,1.5755,1.5755
2023-01-10 00:00:00+01:00,25.0,1.0,0.5925,0.5925
2023-01-10 01:00:00+01:00,25.0,0.7,0.2495,0.2495
2023-01-10 02:00:00+01:00,25.0,0.5,0.109,0.109
2023-01-10 03:00:00+01:00,25.0,0.5,0.121,0.121
2023-01-10 04:00:00+01:00,25.0,0.6,0.151,0.151
2023-01-10 05:00:00+01:00,25.0,0.9,0.494,0.494
2023-01-10 06:00:00+01:00,25.0,6.0,9.082,9.397
2023-01-10 07:00:00+01:00,25.0,7.0,11.168500000000002,11.2195
2023-01-10 08:00:00+01:00,25.0,7.9,12.6375,12.856000000000002
2023-01-10 09:00:00+01:00,25.0,9.8,16.1725,16.4185
2023-01-10 10:00:00+01:00,25.0,9.9,16.439,16.4395
2023-01-10 11:00:00+01:00,25.0,8.2,13.248,13.248
2023-01-10 12:00:00+01:00,25.0,10.2,16.071,16.671
2023-01-10 13:00:00+01:00,25.1,14.4,22.1975,24.302
2023-01-10 14:00:00+01:00,25.0,13.0,22.028,22.1275
2023-01-10 15:00:00+01:00,24.966,9.5,15.6035,15.611
2023-01-10 16:00:00+01:00,24.567,9.6,15.901,15.906
2023-01-10 17:00:00+01:00,24.934,7.6,12.084,12.084
2023-01-10 18:00:00+01:00,25.3,7.9,12.7745,12.7745
2023-01-10 19:00:00+01:00,24.667,7.2,11.3955,11.3955
2023-01-10 20:00:00+01:00,24.034,9.4,15.405,15.405
2023-01-10 21:00:00+01:00,24.0,10.2,16.9165,16.9165
2023-01-10 22:00:00+01:00,23.6,8.0,12.8765,12.8775
2023-01-10 23:00:00+01:00,22.733,7.1,11.084,11.089
2023-01-11 00:00:00+01:00,22.1,6.0,9.3075,9.3075
2023-01-11 01:00:00+01:00,22.0,5.1,7.59,7.59
2023-01-11 02:00:00+01:00,21.933,5.0,7.3895,7.3895
2023-01-11 03:00:00+01:00,21.1,3.6,4.893,4.893
2023-01-11 04:00:00+01:00,21.0,3.1,3.9815,3.9815
2023-01-11 05:00:00+01:00,20.8,3.0,3.8155,3.8155
2023-01-11 06:00:00+01:00,20.334,4.2,6.073,6.073
2023-01-11 07:00:00+01:00,20.5,9.3,15.488,15.598
2023-01-11 08:00:00+01:00,20.8,52.3,62.8145,90.4105
2023-01-11 09:00:00+01:00,20.066,25.2,35.3645,43.813500000000005
2023-01-11 10:00:00+01:00,20.0,11.8,18.2365,19.6315
2023-01-11 11:00:00+01:00,20.0,6.8,10.573,10.8445
2023-01-11 12:00:00+01:00,19.733,8.2,13.1015,13.2325
2023-01-11 13:00:00+01:00,19.834,7.7,12.372,12.372
2023-01-11 14:00:00+01:00,19.267,8.4,13.649,13.652
2023-01-11 15:00:00+01:00,19.0,8.9,14.395499999999998,14.656
2023-01-11 16:00:00+01:00,19.0,20.4,32.2205,36.053
2023-01-11 17:00:00+01:00,19.466,32.7,42.676,57.56
2023-01-11 18:00:00+01:00,20.533,88.8,102.7,154.8675
2023-01-11 19:00:00+01:00,21.034,68.3,79.553,120.2245
2023-01-11 20:00:00+01:00,21.733,108.5,125.6485,189.5565
2023-01-11 21:00:00+01:00,22.233,103.5,120.098,181.394
2023-01-11 22:00:00+01:00,22.0,71.4,84.3015,125.9305
2023-01-11 23:00:00+01:00,22.834,161.4,191.369,288.36800000000005
2023-01-12 00:00:00+01:00,23.0,151.0,180.794,272.467
2023-01-12 01:00:00+01:00,23.0,142.4,168.817,254.467
2023-01-12 02:00:00+01:00,23.0,99.6,119.471,180.504
2023-01-12 03:00:00+01:00,23.0,76.2,90.8715,137.5325
2023-01-12 04:00:00+01:00,23.0,97.3,116.516,176.0875
2023-01-12 05:00:00+01:00,23.0,88.9,104.9225,158.619
2023-01-12 06:00:00+01:00,23.0,76.8,90.553,137.0795
2023-01-12 07:00:00+01:00,23.0,59.4,69.8905,106.137
2023-01-12 08:00:00+01:00,22.5,45.6,55.615,81.7725
2023-01-12 09:00:00+01:00,22.0,41.7,52.5505,73.41499999999999
2023-01-12 10:00:00+01:00,22.0,73.7,84.99350000000001,128.60899999999998
2023-01-12 11:00:00+01:00,21.889,64.3,75.906,113.0365
2023-01-12 13:00:00+01:00,21.0,22.9,34.876000000000005,39.8675
2023-01-12 14:00:00+01:00,20.834,19.2,31.015,33.654
2023-01-12 15:00:00+01:00,20.367,20.7,32.942499999999995,36.4045
2023-01-12 16:00:00+01:00,20.233,41.1,50.998,72.5025
2023-01-12 17:00:00+01:00,21.0,61.0,70.9125,107.4985
2023-01-12 18:00:00+01:00,21.3,93.0,107.645,162.551
2023-01-12 19:00:00+01:00,22.0,195.6,222.979,335.5355
2023-01-12 20:00:00+01:00,22.0,170.3,196.5,296.0265
2023-01-12 21:00:00+01:00,22.334,147.5,172.743,260.3945
2023-01-12 22:00:00+01:00,23.0,145.4,170.7505,257.451
2023-01-12 23:00:00+01:00,23.0,148.5,176.847,266.5375
2023-01-13 00:00:00+01:00,23.0,127.5,152.8045,230.4915
2023-01-13 01:00:00+01:00,23.0,120.4,144.998,218.8295
2023-01-13 02:00:00+01:00,23.0,100.4,121.5435,183.622
2023-01-13 03:00:00+01:00,23.066,86.8,106.146,160.562
2023-01-13 04:00:00+01:00,23.166,70.8,86.547,131.1375
2023-01-13 05:00:00+01:00,23.0,70.4,86.2965,130.768
2023-01-13 06:00:00+01:00,23.0,83.5,103.2515,156.2345
2023-01-13 07:00:00+01:00,23.2,90.0,110.71,167.3785
2023-01-13 08:00:00+01:00,23.867,121.3,147.9975,223.318
2023-01-13 09:00:00+01:00,23.767,163.9,195.77,294.929
2023-01-13 10:00:00+01:00,23.566,136.4,160.18099999999998,241.5315
2023-01-13 11:00:00+01:00,21.7,45.4,55.937,79.71000000000001
2023-01-13 12:00:00+01:00,20.367,21.3,33.7765,37.0445
2023-01-13 13:00:00+01:00,20.3,44.1,56.088,77.5825
2023-01-13 14:00:00+01:00,21.0,114.8,131.7785,198.77
2023-01-13 15:00:00+01:00,21.0,99.4,114.1955,172.428
2023-01-13 16:00:00+01:00,21.566,76.1,87.7315,132.7135
2023-01-13 17:00:00+01:00,22.0,125.4,143.793,216.7935
2023-01-13 18:00:00+01:00,22.367,107.3,122.991,185.607
2023-01-13 19:00:00+01:00,23.0,93.2,106.674,161.1225
2023-01-13 20:00:00+01:00,23.0,120.7,137.5575,207.4535
2023-01-13 21:00:00+01:00,23.0,170.9,193.744,291.7155
2023-01-13 22:00:00+01:00,23.066,187.6,212.631,320.0565
2023-01-13 23:00:00+01:00,23.6,186.1,210.7635,317.2465
2023-01-14 00:00:00+01:00,24.0,175.9,199.4555,300.286
2023-01-14 01:00:00+01:00,24.0,157.4,178.881,269.416
2023-01-14 02:00:00+01:00,24.0,132.4,150.838,227.39
2023-01-14 03:00:00+01:00,24.0,145.7,165.3815,249.1865
2023-01-14 04:00:00+01:00,24.434,149.1,168.5725,253.98450000000005
2023-01-14 05:00:00+01:00,25.0,56.3,67.586,97.5035
2023-01-14 06:00:00+01:00,25.0,61.1,72.41550000000001,106.3885
2023-01-14 07:00:00+01:00,25.0,73.7,84.56700000000001,127.9585
2023-01-14 08:00:00+01:00,25.0,49.9,59.156000000000006,87.755
2023-01-14 09:00:00+01:00,24.966,52.7,61.929,92.26
2023-01-14 10:00:00+01:00,24.0,57.4,66.664,100.028
2023-01-14 11:00:00+01:00,23.166,22.6,34.7695,39.1635
2023-01-14 12:00:00+01:00,22.166,18.3,30.1995,31.570500000000003
2023-01-14 13:00:00+01:00,21.6,13.5,22.64,22.8005
2023-01-14 14:00:00+01:00,20.934,8.6,13.9805,13.9995
2023-01-14 15:00:00+01:00,20.7,11.5,19.2215,19.3435
2023-01-14 16:00:00+01:00,21.267,32.7,43.593500000000006,57.4255
2023-01-14 17:00:00+01:00,22.0,79.0,90.9455,137.4205
2023-01-14 18:00:00+01:00,22.566,73.7,85.143,128.78300000000002
2023-01-14 19:00:00+01:00,23.0,80.6,93.295,140.59699999999998
2023-01-14 20:00:00+01:00,23.0,37.6,47.968,66.4185
2023-01-14 21:00:00+01:00,23.0,46.9,58.42,82.28999999999999
2023-01-14 22:00:00+01:00,23.0,91.1,106.6175,160.3275
2023-01-14 23:00:00+01:00,23.034,94.9,112.4035,169.8505
2023-01-15 00:00:00+01:00,23.2,129.6,155.82999999999998,235.0165
2023-01-15 01:00:00+01:00,23.267,192.3,230.875,347.60900000000004
2023-01-15 02:00:00+01:00,23.367,170.1,205.3305,309.304
2023-01-15 03:00:00+01:00,23.5,152.5,185.0555,278.8815
2023-01-15 04:00:00+01:00,23.166,98.8,121.6655,183.8345
2023-01-15 05:00:00+01:00,23.0,85.3,105.1865,159.1005
2023-01-15 06:00:00+01:00,23.0,61.3,76.019,115.349
2023-01-15 07:00:00+01:00,23.0,78.0,97.7035,147.8515
2023-01-15 08:00:00+01:00,23.3,118.3,147.198,222.1285
2023-01-15 09:00:00+01:00,23.1,116.2,141.2835,213.234
2023-01-15 10:00:00+01:00,22.0,84.8,99.061,149.9025
2023-01-15 11:00:00+01:00,20.5,46.6,56.13549999999999,82.658
2023-01-15 12:00:00+01:00,19.566,43.2,52.669,77.094
2023-01-15 13:00:00+01:00,18.133,4.4,6.4485,6.4485
2023-01-15 14:00:00+01:00,18.767,3.1,4.1115,4.1115
2023-01-15 15:00:00+01:00,19.0,4.2,5.963,5.963
2023-01-15 16:00:00+01:00,19.233,10.2,17.0215,17.0215
2023-01-15 17:00:00+01:00,19.834,8.0,13.091,13.091
2023-01-15 18:00:00+01:00,19.733,5.0,7.471500000000001,7.471500000000001
2023-01-15 19:00:00+01:00,19.1,5.3,7.8825,7.8825
2023-01-15 20:00:00+01:00,19.0,5.2,7.865,7.871499999999999
2023-01-15 21:00:00+01:00,19.0,4.6,6.832,6.832
2023-01-15 22:00:00+01:00,19.0,3.9,5.316,5.3155
2023-01-15 23:00:00+01:00,19.0,7.4,11.5015,11.708
2023-01-16 00:00:00+01:00,19.934,38.0,47.539,66.251
2023-01-16 01:00:00+01:00,19.6,20.0,29.516,34.476
2023-01-16 02:00:00+01:00,19.966,4.4,6.41,6.41
2023-01-16 03:00:00+01:00,19.9,5.7,8.652,8.652
2023-01-16 04:00:00+01:00,20.0,6.3,9.778,9.778
2023-01-16 05:00:00+01:00,20.533,10.1,16.3225,16.365000000000002
2023-01-16 06:00:00+01:00,21.0,17.9,28.957,30.75
2023-01-16 07:00:00+01:00,21.466,29.6,41.4835,51.326
2023-01-16 08:00:00+01:00,21.166,34.1,44.9025,59.4025
2023-01-16 09:00:00+01:00,21.0,41.7,51.646,72.87950000000001
2023-01-16 10:00:00+01:00,21.479,38.0,47.7485,66.14349999999999
2023-01-16 11:00:00+01:00,23.736,21.4,33.549,37.137
2023-01-16 12:00:00+01:00,25.0,17.3,27.055,29.6425
2023-01-16 13:00:00+01:00,25.0,14.9,25.201,25.9415
2023-01-16 14:00:00+01:00,24.966,22.3,35.124,39.3865
2023-01-16 15:00:00+01:00,24.633,22.6,35.24550000000001,40.0065
2023-01-16 16:00:00+01:00,24.9,48.3,57.1725,85.226
2023-01-16 17:00:00+01:00,24.966,136.2,156.18349999999998,235.375
2023-01-16 18:00:00+01:00,24.933,141.6,162.413,244.747
2023-01-16 19:00:00+01:00,25.0,176.8,201.0465,302.6935
2023-01-16 20:00:00+01:00,24.6,183.8,209.049,314.685
2023-01-16 21:00:00+01:00,24.267,199.8,226.4105,340.725
2023-01-16 22:00:00+01:00,24.034,210.2,238.3925,358.7115
2023-01-16 23:00:00+01:00,24.0,216.9,245.1235,368.7715
2023-01-17 00:00:00+01:00,25.033,104.1,119.0215,177.0275
2023-01-17 01:00:00+01:00,25.4,3.6,4.814,4.814
2023-01-17 02:00:00+01:00,25.133,1.1,0.867,0.867
2023-01-17 03:00:00+01:00,25.0,6.7,8.6785,10.2845
2023-01-17 04:00:00+01:00,25.0,2.9,3.8105,3.8105
2023-01-17 05:00:00+01:00,25.0,5.8,9.253,9.253
2023-01-17 06:00:00+01:00,25.1,9.0,14.916,14.926
2023-01-17 07:00:00+01:00,25.0,30.5,41.8775,54.4055
2023-01-17 08:00:00+01:00,25.0,82.4,95.2675,144.01
2023-01-17 09:00:00+01:00,25.0,91.7,105.766,159.7785
2023-01-17 10:00:00+01:00,24.267,78.7,91.036,137.668
2023-01-17 11:00:00+01:00,24.0,71.7,82.845,125.3725
2023-01-17 12:00:00+01:00,24.1,62.9,72.7655,110.232
2023-01-17 13:00:00+01:00,24.4,57.1,66.49950000000001,100.399
2023-01-17 14:00:00+01:00,24.566,37.2,47.5375,65.23
2023-01-17 15:00:00+01:00,24.0,49.3,59.3285,86.2575
2023-01-17 16:00:00+01:00,24.034,64.8,74.996,113.5185
2023-01-17 17:00:00+01:00,24.933,64.8,74.712,113.188
2023-01-17 18:00:00+01:00,24.409,68.5,79.16550000000001,119.316
2023-01-17 19:00:00+01:00,25.934,8.1,13.1905,13.1925
2023-01-17 20:00:00+01:00,25.2,27.1,35.554,47.2455
2023-01-17 21:00:00+01:00,25.2,46.4,55.605,81.172
2023-01-17 22:00:00+01:00,25.0,63.1,72.8055,110.2405
2023-01-17 23:00:00+01:00,25.0,30.7,42.144,53.584500000000006
2023-01-18 00:00:00+01:00,25.034,28.0,39.702,48.8215
2023-01-18 01:00:00+01:00,25.233,15.4,25.33,25.92
2023-01-18 02:00:00+01:00,25.233,15.3,25.155,25.2515
2023-01-18 03:00:00+01:00,26.133,14.0,22.8935,22.9335
2023-01-18 04:00:00+01:00,26.0,4.0,5.3805,5.3805
2023-01-18 05:00:00+01:00,25.466,1.9,1.9735,1.9735
2023-01-18 06:00:00+01:00,25.067,9.0,14.4785,14.9515
2023-01-18 07:00:00+01:00,25.167,40.8,50.799,71.718
2023-01-18 08:00:00+01:00,25.1,78.2,89.9815,136.079
2023-01-18 09:00:00+01:00,25.0,47.1,56.8265,82.717
2023-01-18 10:00:00+01:00,24.2,40.7,50.8775,71.999
2023-01-18 11:00:00+01:00,21.466,3.1,4.205500000000001,4.205500000000001
2023-01-18 12:00:00+01:00,21.0,2.8,3.6245,3.6245
2023-01-18 13:00:00+01:00,20.934,4.1,5.714,5.986
2023-01-18 14:00:00+01:00,20.934,2.4,2.81,2.81
2023-01-18 15:00:00+01:00,21.0,3.6,5.07,5.07
2023-01-18 16:00:00+01:00,21.0,7.5,12.193,12.213
2023-01-18 17:00:00+01:00,21.0,4.3,6.2215,6.2215
2023-01-18 18:00:00+01:00,22.2,5.3,8.1325,8.1325
2023-01-18 19:00:00+01:00,23.767,12.8,20.2525,21.785
2023-01-18 20:00:00+01:00,25.0,25.2,38.045,44.3715
2023-01-18 21:00:00+01:00,25.0,9.5,16.0305,16.055500000000002
2023-01-18 22:00:00+01:00,25.334,15.1,24.1035,26.053
2023-01-18 23:00:00+01:00,25.3,27.5,39.496,48.2695
2023-01-19 00:00:00+01:00,25.167,34.2,44.933,59.991
2023-01-19 01:00:00+01:00,25.533,24.4,36.1095,42.3515
2023-01-19 02:00:00+01:00,25.3,13.7,22.8895,23.34
2023-01-19 03:00:00+01:00,25.966,12.5,20.999,21.1685
2023-01-19 04:00:00+01:00,25.233,10.1,16.499000000000002,16.6705
2023-01-19 05:00:00+01:00,25.267,5.3,7.913500000000001,7.913500000000001
2023-01-19 06:00:00+01:00,25.0,2.7,3.494,3.494
2023-01-19 07:00:00+01:00,25.0,11.0,18.0985,18.535
2023-01-19 08:00:00+01:00,25.0,14.6,22.8155,24.827
2023-01-19 09:00:00+01:00,25.0,31.3,39.532,53.4145
2023-01-19 10:00:00+01:00,25.0,8.4,13.902,13.912
2023-01-19 11:00:00+01:00,25.0,7.1,11.539,11.54
2023-01-19 12:00:00+01:00,25.0,12.4,20.612,21.112
2023-01-19 13:00:00+01:00,24.133,13.2,22.08,22.3455
2023-01-19 14:00:00+01:00,23.934,17.5,29.093,29.851
2023-01-19 15:00:00+01:00,23.267,20.5,32.757,35.144
2023-01-19 16:00:00+01:00,23.0,25.8,38.0495,44.438500000000005
2023-01-19 17:00:00+01:00,23.0,27.9,39.8325,47.7315
2023-01-19 18:00:00+01:00,23.0,32.7,43.93,56.4175
2023-01-19 19:00:00+01:00,23.0,31.7,43.0095,54.5435
2023-01-19 20:00:00+01:00,23.0,33.5,45.0425,58.4965
2023-01-19 21:00:00+01:00,23.0,32.4,44.0795,57.025
2023-01-19 22:00:00+01:00,23.0,26.3,38.4235,45.273
2023-01-19 23:00:00+01:00,23.733,25.4,38.6045,44.715
2023-01-20 00:00:00+01:00,24.0,24.5,37.1655,42.182500000000005
2023-01-20 01:00:00+01:00,24.0,28.4,40.5075,48.815
2023-01-20 02:00:00+01:00,24.0,22.0,34.1065,38.0315
2023-01-20 03:00:00+01:00,24.267,22.6,35.9615,39.8625
2023-01-20 04:00:00+01:00,25.0,27.0,40.6815,48.1925
2023-01-20 05:00:00+01:00,25.0,25.6,39.7385,46.0075
2023-01-20 06:00:00+01:00,25.0,29.1,43.2635,52.642
2023-01-20 07:00:00+01:00,25.0,33.9,46.887,61.2835
2023-01-20 08:00:00+01:00,25.0,49.9,60.4335,90.016
2023-01-20 09:00:00+01:00,25.0,38.5,50.01649999999999,69.37450000000001
2023-01-20 10:00:00+01:00,25.222,48.8,60.7595,90.4705
2023-01-20 11:00:00+01:00,25.166,51.3,62.98,94.8765
2023-01-20 12:00:00+01:00,25.0,47.9,61.2235,86.6945
2023-01-20 13:00:00+01:00,24.692,34.5,46.727,61.282
2023-01-20 14:00:00+01:00,24.566,33.2,45.776,59.0125
2023-01-20 15:00:00+01:00,24.133,33.6,46.261,60.2625
2023-01-20 16:00:00+01:00,24.066,36.1,48.1545,64.5985
2023-01-20 17:00:00+01:00,24.0,41.7,52.192,74.7895
2023-01-20 18:00:00+01:00,24.0,44.3,54.016000000000005,79.51050000000001
2023-01-20 19:00:00+01:00,24.0,37.8,49.1485,67.556
2023-01-20 20:00:00+01:00,24.0,37.7,49.189,67.4365
2023-01-20 21:00:00+01:00,24.0,35.1,47.2085,62.58500000000001
2023-01-20 22:00:00+01:00,24.0,36.8,48.5645,65.907
2023-01-20 23:00:00+01:00,23.133,36.4,48.374,65.473
2023-01-21 00:00:00+01:00,23.0,30.0,43.045,53.3105
2023-01-21 01:00:00+01:00,23.0,28.7,41.932500000000005,50.973
2023-01-21 02:00:00+01:00,23.0,37.7,49.212500000000006,67.69399999999999
2023-01-21 03:00:00+01:00,23.0,34.2,46.60850000000001,61.0915
2023-01-21 04:00:00+01:00,23.7,25.1,39.230500000000006,45.17700000000001
2023-01-21 05:00:00+01:00,24.0,26.7,41.2455,48.447500000000005
2023-01-21 06:00:00+01:00,24.534,29.3,43.642,53.173
2023-01-21 07:00:00+01:00,24.767,34.5,47.812,62.8845
2023-01-21 08:00:00+01:00,25.0,48.5,59.484,88.9815
2023-01-21 09:00:00+01:00,25.0,49.1,60.009,89.875
2023-01-21 10:00:00+01:00,24.9,30.7,44.4845,55.7325
2023-01-21 11:00:00+01:00,25.0,45.2,56.3455,82.215
2023-01-21 12:00:00+01:00,25.0,54.9,66.5795,101.0165
2023-01-21 13:00:00+01:00,25.0,45.4,56.258,83.531
2023-01-21 14:00:00+01:00,25.0,40.0,52.1615,73.2735
2023-01-21 15:00:00+01:00,25.0,32.7,46.6565,60.014
2023-01-21 16:00:00+01:00,25.0,34.2,47.653000000000006,62.57
2023-01-21 17:00:00+01:00,25.0,45.7,56.6,83.0535
2023-01-21 18:00:00+01:00,25.0,40.8,53.205,74.375
2023-01-21 19:00:00+01:00,25.0,57.0,67.794,103.025
2023-01-21 20:00:00+01:00,25.0,72.0,86.2415,130.6125
2023-01-21 21:00:00+01:00,25.0,37.6,50.986,68.697
2023-01-21 22:00:00+01:00,25.0,33.1,46.0825,59.562
2023-01-21 23:00:00+01:00,25.0,65.5,77.9245,118.2255
2023-01-22 00:00:00+01:00,24.966,56.1,66.65899999999999,101.306
2023-01-22 01:00:00+01:00,24.133,56.1,66.5685,100.4195
2023-01-22 02:00:00+01:00,24.666,37.6,49.435,68.0315
2023-01-22 03:00:00+01:00,25.0,28.5,42.027,51.492
2023-01-22 04:00:00+01:00,24.566,13.2,22.9295,23.239
2023-01-22 05:00:00+01:00,24.767,8.2,13.328,13.328
2023-01-22 06:00:00+01:00,25.133,11.2,19.372,19.628
2023-01-22 07:00:00+01:00,24.966,10.0,17.003999999999998,17.009999999999998
2023-01-22 08:00:00+01:00,25.0,13.2,22.938,23.146
2023-01-22 09:00:00+01:00,24.834,30.5,42.5655,55.3325
2023-01-22 10:00:00+01:00,24.6,27.4,40.597,49.3555
2023-01-22 11:00:00+01:00,24.267,48.9,58.8875,87.8235
2023-01-22 12:00:00+01:00,24.466,41.9,51.9055,74.961
2023-01-22 13:00:00+01:00,24.034,27.7,40.778000000000006,49.1125
2023-01-22 14:00:00+01:00,24.2,30.2,43.146,53.7505
2023-01-22 15:00:00+01:00,24.0,36.7,48.1315,65.49600000000001
2023-01-22 16:00:00+01:00,24.034,52.9,63.3425,94.7045
2023-01-22 17:00:00+01:00,24.8,59.4,71.472,107.5815
2023-01-22 18:00:00+01:00,25.0,84.1,100.417,151.8785
2023-01-22 19:00:00+01:00,25.0,64.5,76.8655,116.5325
2023-01-22 20:00:00+01:00,25.0,64.3,77.3015,117.244
2023-01-22 21:00:00+01:00,25.0,36.5,48.844,66.0645
2023-01-22 22:00:00+01:00,25.166,19.2,32.602,34.788
2023-01-22 23:00:00+01:00,25.0,14.0,24.802,24.8235
2023-01-23 00:00:00+01:00,25.0,23.8,36.6245,42.882000000000005
2023-01-23 01:00:00+01:00,25.0,32.4,45.594,58.6575
2023-01-23 02:00:00+01:00,25.0,21.9,36.0935,39.7415
2023-01-23 03:00:00+01:00,25.0,18.5,31.9055,33.574
2023-01-23 04:00:00+01:00,24.9,13.4,23.701,23.728
2023-01-23 05:00:00+01:00,24.9,13.4,23.8555,23.9075
2023-01-23 06:00:00+01:00,25.0,15.2,27.426,27.8005
2023-01-23 07:00:00+01:00,25.0,25.0,39.438500000000005,45.926
2023-01-23 08:00:00+01:00,25.0,45.1,56.5595,82.583
2023-01-23 09:00:00+01:00,25.0,75.6,90.97,137.7475
2023-01-23 10:00:00+01:00,25.0,90.6,107.7605,162.94549999999998
2023-01-23 11:00:00+01:00,25.0,63.1,74.43,112.803
2023-01-23 12:00:00+01:00,24.833,87.2,102.125,154.45499999999998
2023-01-23 13:00:00+01:00,24.934,111.4,131.09,197.925
2023-01-23 14:00:00+01:00,24.8,146.5,170.38299999999998,256.912
2023-01-23 15:00:00+01:00,24.566,104.6,120.5305,181.971
2023-01-23 16:00:00+01:00,24.0,77.0,88.38050000000001,133.7215
2023-01-23 17:00:00+01:00,24.1,152.7,176.136,265.50350000000003
2023-01-23 18:00:00+01:00,24.0,52.8,61.7275,92.882
2023-01-23 19:00:00+01:00,24.0,75.3,87.071,131.53
2023-01-23 20:00:00+01:00,24.0,59.4,69.64,104.186
2023-01-23 21:00:00+01:00,24.0,37.0,47.6245,65.0675
2023-01-23 22:00:00+01:00,24.0,38.2,48.2625,66.926
2023-01-23 23:00:00+01:00,24.0,47.7,57.974,83.79650000000001
2023-01-24 00:00:00+01:00,24.0,64.8,76.5595,113.3645
2023-01-24 01:00:00+01:00,24.0,105.5,122.383,184.863
2023-01-24 02:00:00+01:00,24.0,79.7,91.8725,139.3185
2023-01-24 03:00:00+01:00,24.0,81.6,94.182,142.60899999999998
2023-01-24 04:00:00+01:00,24.0,68.4,78.715,119.302
2023-01-24 05:00:00+01:00,24.0,65.1,75.024,113.5495
2023-01-24 06:00:00+01:00,24.0,77.7,89.856,136.009
2023-01-24 07:00:00+01:00,24.075,77.6,89.7785,136.14600000000002
2023-01-24 08:00:00+01:00,24.966,95.4,110.755,167.48250000000002
2023-01-24 09:00:00+01:00,25.0,149.6,173.3315,261.295
2023-01-24 10:00:00+01:00,25.0,80.9,94.1905,142.542
2023-01-24 11:00:00+01:00,25.0,25.9,38.447,45.9795
2023-01-24 12:00:00+01:00,24.966,40.7,51.0255,72.8095
2023-01-24 13:00:00+01:00,24.966,34.6,46.566,62.178
2023-01-24 14:00:00+01:00,25.0,42.4,52.4925,76.3165
2023-01-24 15:00:00+01:00,24.925,93.3,111.4565,168.501
2023-01-24 16:00:00+01:00,25.0,117.8,140.901,212.735
2023-01-24 17:00:00+01:00,25.0,145.9,174.808,263.564
2023-01-24 18:00:00+01:00,25.0,223.0,264.873,398.561
2023-01-24 19:00:00+01:00,25.0,196.1,233.9065,352.156
2023-01-24 20:00:00+01:00,25.0,218.6,259.397,390.3765
2023-01-24 21:00:00+01:00,24.934,184.6,218.731,329.385
2023-01-24 22:00:00+01:00,24.666,111.0,132.518,200.0575
2023-01-24 23:00:00+01:00,24.733,144.5,171.9845,259.243
2023-01-25 00:00:00+01:00,24.567,119.4,141.6475,213.793
2023-01-25 01:00:00+01:00,24.634,154.5,183.3235,276.284
2023-01-25 02:00:00+01:00,24.6,159.3,188.177,283.496
2023-01-25 03:00:00+01:00,24.466,146.0,172.231,259.6195
2023-01-25 04:00:00+01:00,24.6,141.4,166.741,251.43
2023-01-25 05:00:00+01:00,24.066,109.7,129.09449999999998,194.933
2023-01-25 06:00:00+01:00,24.9,135.0,159.4805,240.528
2023-01-25 07:00:00+01:00,25.0,91.6,109.182,165.042
2023-01-25 08:00:00+01:00,24.944,58.2,69.55199999999999,104.3515
2023-01-25 09:00:00+01:00,25.0,55.8,67.35050000000001,101.29
2023-01-25 10:00:00+01:00,25.0,65.5,78.346,118.808
2023-01-25 11:00:00+01:00,24.041,42.6,52.978,75.58600000000001
2023-01-25 12:00:00+01:00,24.0,37.7,48.6195,66.617
2023-01-25 13:00:00+01:00,24.0,38.1,48.5225,67.02000000000001
2023-01-25 14:00:00+01:00,24.0,45.1,54.285,79.255
2023-01-25 15:00:00+01:00,24.0,50.7,59.006,87.946
2023-01-25 16:00:00+01:00,24.0,44.9,53.370000000000005,78.155
2023-01-25 17:00:00+01:00,24.0,43.7,51.9805,75.8165
2023-01-25 18:00:00+01:00,24.0,44.6,54.3655,78.52199999999999
2023-01-25 19:00:00+01:00,24.0,42.9,52.9165,76.82849999999999
2023-01-25 20:00:00+01:00,24.0,38.0,49.362,68.0495
2023-01-25 21:00:00+01:00,24.0,39.6,51.2665,70.89949999999999
2023-01-25 22:00:00+01:00,24.0,40.6,51.592,72.6115
2023-01-25 23:00:00+01:00,24.566,32.3,45.489,57.845
2023-01-26 00:00:00+01:00,25.0,32.0,45.63,57.6775
2023-01-26 01:00:00+01:00,24.8,31.0,44.933,56.186
2023-01-26 02:00:00+01:00,24.034,27.5,41.828,49.851
2023-01-26 03:00:00+01:00,24.0,25.9,40.431,47.1365
2023-01-26 04:00:00+01:00,24.133,28.1,42.693,51.5945
2023-01-26 05:00:00+01:00,24.366,28.7,43.4425,52.8865
2023-01-26 06:00:00+01:00,24.2,29.8,44.2195,54.64
2023-01-26 07:00:00+01:00,24.334,29.6,44.2745,54.41
2023-01-26 08:00:00+01:00,24.133,31.7,45.7655,57.883
2023-01-26 09:00:00+01:00,24.133,33.2,47.1115,61.057
2023-01-26 10:00:00+01:00,24.0,33.0,46.562,60.186
2023-01-26 11:00:00+01:00,24.066,31.2,44.6585,56.6635
2023-01-26 12:00:00+01:00,24.733,26.6,41.4675,48.932
2023-01-26 13:00:00+01:00,25.0,28.0,43.165000000000006,52.16
2023-02-03 12:00:00+01:00,20.089,30.7,43.2855,55.111
2023-02-03 13:00:00+01:00,20.0,27.1,40.509,49.0045
2023-02-03 14:00:00+01:00,20.0,29.0,42.0695,52.2725
2023-02-03 15:00:00+01:00,20.0,32.0,44.198,57.343
2023-02-03 16:00:00+01:00,20.0,46.3,55.7815,81.8395
2023-02-03 17:00:00+01:00,20.7,69.5,80.723,122.1925
2023-02-03 18:00:00+01:00,21.867,113.2,130.1375,196.3155
2023-02-03 19:00:00+01:00,21.934,114.0,131.4305,198.236
2023-02-03 20:00:00+01:00,22.0,134.9,155.452,234.286
2023-02-03 21:00:00+01:00,22.0,82.5,95.4855,144.3465
2023-02-03 22:00:00+01:00,21.233,59.5,69.1425,104.601
2023-02-03 23:00:00+01:00,21.0,57.3,66.814,100.652
2023-02-04 00:00:00+01:00,21.0,46.4,55.3845,81.7385
2023-02-04 01:00:00+01:00,21.2,54.3,63.6015,95.5685
2023-02-04 02:00:00+01:00,22.0,67.6,78.328,118.611
2023-02-04 03:00:00+01:00,22.0,45.0,54.9885,79.184
2023-02-04 04:00:00+01:00,22.9,30.3,42.38,52.999
2023-02-04 05:00:00+01:00,23.767,35.8,46.4325,62.768
2023-02-04 06:00:00+01:00,24.267,43.0,52.572500000000005,75.84299999999999
2023-02-04 07:00:00+01:00,24.567,37.8,48.199,67.004
2023-02-04 08:00:00+01:00,24.233,43.7,53.5025,77.4105
2023-02-04 09:00:00+01:00,23.067,28.9,39.9845,50.767
2023-02-04 10:00:00+01:00,21.533,8.0,12.956499999999998,12.956499999999998
2023-02-04 11:00:00+01:00,21.567,4.9,7.172499999999999,7.172499999999999
2023-02-04 12:00:00+01:00,19.9,12.5,17.961,20.2375
2023-02-04 13:00:00+01:00,19.567,10.9,16.506500000000003,17.203
2023-02-04 14:00:00+01:00,19.267,11.6,17.833,18.448500000000003
2023-02-04 15:00:00+01:00,19.966,11.1,17.3915,17.869
2023-02-04 16:00:00+01:00,19.566,11.6,18.9225,19.116
2023-02-04 17:00:00+01:00,19.034,13.5,22.4065,22.5925
2023-02-04 18:00:00+01:00,19.034,11.5,18.98,19.1
2023-02-04 19:00:00+01:00,19.3,11.5,18.939,19.1775
2023-02-04 20:00:00+01:00,19.3,15.6,27.3745,27.98
2023-02-04 21:00:00+01:00,19.0,17.7,30.2405,31.5785
2023-02-04 22:00:00+01:00,19.0,7.7,12.223,12.2625
2023-02-04 23:00:00+01:00,19.0,5.7,8.737,8.737
2023-02-05 00:00:00+01:00,19.066,6.4,10.1295,10.138
2023-02-05 01:00:00+01:00,19.966,5.2,7.751,7.751
2023-02-05 02:00:00+01:00,20.0,6.8,11.0225,11.0225
2023-02-05 03:00:00+01:00,20.0,6.4,10.262,10.262
2023-02-05 04:00:00+01:00,20.166,5.9,8.9825,8.9825
2023-02-05 05:00:00+01:00,20.6,5.6,8.037,8.037
2023-02-05 06:00:00+01:00,20.634,6.4,9.755,9.755
2023-02-05 07:00:00+01:00,21.0,8.6,14.0525,14.0525
2023-02-05 08:00:00+01:00,21.167,12.5,21.868,22.0925
2023-02-05 09:00:00+01:00,21.633,9.8,17.176,17.209
2023-02-05 10:00:00+01:00,22.267,10.1,17.87,17.8985
2023-02-05 11:00:00+01:00,21.367,9.5,15.9455,15.9515
2023-02-05 12:00:00+01:00,20.867,11.1,18.927,18.9665
2023-02-05 13:00:00+01:00,20.466,10.5,17.9645,17.9865
2023-02-05 14:00:00+01:00,19.966,9.7,16.3965,16.4015
2023-02-05 15:00:00+01:00,19.467,9.7,16.3565,16.3565
2023-02-05 16:00:00+01:00,19.167,12.1,21.3565,21.5015
2023-02-05 17:00:00+01:00,19.666,17.6,29.6125,32.4555
2023-02-05 18:00:00+01:00,19.934,27.3,42.439,51.9605
2023-02-05 19:00:00+01:00,20.133,23.5,39.1515,44.798
2023-02-05 20:00:00+01:00,20.133,36.8,50.7855,69.988
2023-02-05 21:00:00+01:00,20.534,31.5,46.7195,60.104
2023-02-05 22:00:00+01:00,21.0,23.2,37.8185,44.0345
2023-02-05 23:00:00+01:00,21.0,15.6,28.3075,28.634
2023-02-06 00:00:00+01:00,21.0,14.3,26.394,26.473
2023-02-06 01:00:00+01:00,21.4,15.8,29.51,29.817
2023-02-06 02:00:00+01:00,21.6,17.8,33.434,34.6435
2023-02-06 03:00:00+01:00,21.834,17.4,32.68,33.792
2023-02-06 04:00:00+01:00,21.133,21.4,37.189,41.759
2023-02-06 05:00:00+01:00,21.8,30.6,48.1145,60.7415
2023-02-06 06:00:00+01:00,21.867,27.1,45.173,54.1835
2023-02-06 07:00:00+01:00,22.0,38.3,55.98,77.208
2023-02-06 08:00:00+01:00,21.4,37.7,55.883,75.7745
2023-02-06 09:00:00+01:00,20.834,28.1,44.6495,55.904
2023-02-06 10:00:00+01:00,20.1,15.1,28.4535,28.7655
2023-02-06 11:00:00+01:00,20.0,15.5,28.537,29.062
2023-04-26 14:00:00+02:00,19.0,3.8,6.0035,6.0035
2023-04-26 15:00:00+02:00,19.0,4.0,5.8285,5.8285
2023-04-26 16:00:00+02:00,19.0,3.5,4.6345,4.6345
2023-04-26 17:00:00+02:00,19.0,4.2,6.055,6.055
2023-04-26 18:00:00+02:00,19.0,4.2,6.0585,6.0585
2023-04-26 19:00:00+02:00,19.067,5.4,8.463000000000001,8.463000000000001
2023-04-26 20:00:00+02:00,20.334,14.8,24.132,25.173
2023-04-26 21:00:00+02:00,21.584,28.4,40.33,49.215
2023-04-26 22:00:00+02:00,22.416,29.3,40.9,50.9365
2023-04-26 23:00:00+02:00,22.934,24.2,36.8135,42.0085
2023-04-27 00:00:00+02:00,23.0,21.3,33.721000000000004,36.793
2023-04-27 01:00:00+02:00,23.084,13.7,22.598,22.954
2023-04-27 02:00:00+02:00,23.188,11.5,18.535,18.77
2023-04-27 03:00:00+02:00,23.0,8.2,12.5265,12.5265
2023-04-27 04:00:00+02:00,23.708,11.6,18.926,18.926
2023-04-27 05:00:00+02:00,24.0,7.9,12.15,12.15
2023-04-27 06:00:00+02:00,23.833,8.8,13.1855,13.1855
2023-04-27 07:00:00+02:00,23.0,9.5,15.639500000000002,15.639500000000002
2023-04-27 08:00:00+02:00,21.5,8.1,12.9575,12.9575
2023-04-27 09:00:00+02:00,20.625,8.9,14.3565,14.3565
2023-04-27 10:00:00+02:00,20.0,7.6,12.6145,12.6145
2023-04-27 11:00:00+02:00,19.944,6.7,10.7525,10.7525
2023-04-27 12:00:00+02:00,19.084,6.3,9.8685,9.9325
2023-04-27 13:00:00+02:00,19.111,6.1,9.363,9.363
2023-04-27 14:00:00+02:00,19.0,6.1,10.085,10.085
2023-04-27 15:00:00+02:00,19.0,6.3,10.14,10.14
2023-04-27 16:00:00+02:00,19.0,6.3,10.3625,10.3625
2023-04-27 17:00:00+02:00,19.0,6.3,10.83,10.83
2023-04-27 18:00:00+02:00,19.0,10.5,18.3905,18.5185
2023-04-27 19:00:00+02:00,19.0,139.6,159.115,239.84
2023-04-28 09:00:00+02:00,22.0,16.1,27.195,27.73
2023-04-28 10:00:00+02:00,20.0,11.7,20.445,20.445
2023-04-28 13:00:00+02:00,19.0,5.4,8.676,8.676
2023-04-28 14:00:00+02:00,19.0,6.6,11.3695,11.3695
2023-04-28 15:00:00+02:00,19.0,8.5,13.845,13.845
2023-04-28 16:00:00+02:00,19.0,7.8,13.2785,13.2785
2023-04-28 17:00:00+02:00,19.806,8.7,14.534,14.534
2023-04-28 18:00:00+02:00,20.0,12.2,20.969,21.041
2023-04-28 20:00:00+02:00,22.0,23.3,36.525000000000006,41.6125
2023-04-29 00:00:00+02:00,24.0,33.9,44.7075,59.081
2023-04-29 01:00:00+02:00,24.0,37.5,47.3915,65.463
2023-04-29 02:00:00+02:00,24.0,28.1,40.5365,48.93
2023-04-29 03:00:00+02:00,24.759,24.2,36.8145,41.9465
2023-04-29 04:00:00+02:00,24.878,20.6,32.9055,35.462999999999994
2023-04-29 05:00:00+02:00,25.0,24.4,36.998,42.290000000000006
2023-04-29 06:00:00+02:00,25.0,25.9,38.444,44.876
2023-04-29 07:00:00+02:00,25.0,29.2,41.2995,50.5735
2023-04-29 08:00:00+02:00,24.666,26.7,39.099,46.1865
2023-04-29 09:00:00+02:00,23.459,21.8,34.349000000000004,37.7875
2023-04-29 10:00:00+02:00,21.566,10.5,17.3675,17.3965
2023-04-29 11:00:00+02:00,20.85,7.6,11.9985,11.9985
2023-04-29 12:00:00+02:00,20.0,6.9,10.771,10.771
2023-04-29 13:00:00+02:00,20.0,6.8,10.691,10.691
2023-04-29 14:00:00+02:00,20.0,6.1,9.269,9.269
2023-04-29 15:00:00+02:00,20.0,5.7,8.629999999999999,8.629999999999999
2023-04-29 16:00:00+02:00,19.959,6.6,10.12,10.12
2023-04-29 17:00:00+02:00,20.034,7.8,12.3655,12.3655
2023-04-29 18:00:00+02:00,20.275,7.6,11.969,11.971
2023-04-29 19:00:00+02:00,20.467,7.2,11.2745,11.2745
2023-04-29 20:00:00+02:00,21.566,17.0,27.449,29.0815
2023-04-29 21:00:00+02:00,22.847,25.6,38.145,44.445
2023-04-29 22:00:00+02:00,23.034,36.5,46.903000000000006,63.7735
2023-04-29 23:00:00+02:00,23.934,24.4,37.0115,42.643
2023-04-30 00:00:00+02:00,24.0,17.1,28.5255,29.374
2023-04-30 01:00:00+02:00,24.0,12.6,21.179,21.18
2023-04-30 02:00:00+02:00,24.0,13.8,23.156,23.3065
2023-04-30 03:00:00+02:00,24.631,11.2,18.380000000000003,18.380000000000003
2023-04-30 04:00:00+02:00,25.0,10.4,16.67,16.67
2023-04-30 05:00:00+02:00,25.0,9.4,15.0445,15.0445
2023-04-30 06:00:00+02:00,25.0,10.2,16.6575,16.6575
2023-04-30 07:00:00+02:00,25.0,12.5,20.8545,20.862
2023-04-30 08:00:00+02:00,24.056,10.4,17.086,17.086
2023-04-30 09:00:00+02:00,23.767,8.5,13.4805,13.4805
2023-04-30 10:00:00+02:00,23.066,5.4,8.03,8.03
2023-04-30 11:00:00+02:00,23.375,6.4,9.7755,9.7755
2023-04-30 12:00:00+02:00,23.9,7.4,11.5085,11.5085
2023-04-30 13:00:00+02:00,22.775,6.2,9.3635,9.3635
2023-04-30 14:00:00+02:00,23.778,7.8,12.248,12.248
2023-04-30 15:00:00+02:00,24.368,8.6,13.834,13.834
2023-04-30 16:00:00+02:00,24.911,8.0,12.554,12.554
2023-04-30 17:00:00+02:00,24.241,7.0,10.699,10.699
2023-04-30 18:00:00+02:00,24.111,8.3,13.288,13.288
2023-04-30 19:00:00+02:00,24.966,12.1,19.8,19.8015
2023-04-30 20:00:00+02:00,25.536,16.5,27.3885,27.6755
2023-04-30 21:00:00+02:00,26.0,18.4,29.967,31.0905
2023-04-30 22:00:00+02:00,26.0,17.2,28.627,29.24
2023-04-30 23:00:00+02:00,26.0,14.7,24.1845,24.21
2023-05-01 00:00:00+02:00,26.0,15.4,25.5195,25.634
2023-05-01 01:00:00+02:00,26.0,14.0,23.073,23.096
2023-05-01 02:00:00+02:00,26.133,14.8,24.474,24.5115
2023-05-01 03:00:00+02:00,26.034,15.9,26.463,26.711
2023-05-01 04:00:00+02:00,26.0,17.9,29.502,30.2265
2023-05-01 05:00:00+02:00,26.0,14.8,24.375,24.409
2023-05-01 06:00:00+02:00,26.034,12.3,20.023,20.023
2023-05-01 07:00:00+02:00,25.8,16.9,27.528,28.448
2023-05-01 08:00:00+02:00,24.1,15.8,26.1365,26.278
2023-05-01 09:00:00+02:00,22.717,12.8,20.803,20.803
2023-05-01 10:00:00+02:00,22.938,11.5,18.651,18.651
2023-05-01 11:00:00+02:00,22.222,9.7,15.694,15.694
2023-05-01 12:00:00+02:00,21.938,7.4,11.615,11.615
2023-05-01 13:00:00+02:00,21.056,7.2,10.8875,10.8875
2023-05-01 14:00:00+02:00,21.0,7.8,11.6135,11.6135
2023-05-01 15:00:00+02:00,20.834,8.8,14.2725,14.2725
2023-05-01 16:00:00+02:00,21.0,9.8,16.194,16.194
2023-05-01 17:00:00+02:00,21.0,9.2,14.82,14.82
2023-05-01 18:00:00+02:00,21.0,9.1,14.7105,14.7105
2023-05-01 20:00:00+02:00,22.666,13.4,22.434,22.442
2023-05-01 21:00:00+02:00,28.0,22.9,34.71,38.39
2023-05-01 23:00:00+02:00,28.0,23.9,36.2665,41.247
2023-05-02 00:00:00+02:00,28.0,24.3,36.552,41.799
2023-05-02 01:00:00+02:00,28.0,26.1,38.5755,45.186
2023-05-02 02:00:00+02:00,27.0,27.8,39.98,47.565
2023-05-02 04:00:00+02:00,27.375,22.0,34.2735,37.703
2023-05-02 05:00:00+02:00,28.0,23.6,35.719,40.0965
2023-05-02 12:00:00+02:00,29.0,28.1,39.2845,46.6375
2023-05-02 13:00:00+02:00,28.6,27.1,38.5435,45.113
2023-05-02 14:00:00+02:00,28.25,27.6,38.9585,45.9235
2023-05-02 17:00:00+02:00,27.334,34.8,44.9835,59.004000000000005
2023-05-02 18:00:00+02:00,28.209,44.1,51.647,74.787
2023-05-02 19:00:00+02:00,29.0,49.2,55.5475,83.07
2023-05-02 20:00:00+02:00,28.5,61.7,69.038,104.6895
2023-05-02 21:00:00+02:00,28.334,85.0,95.3775,144.22
2023-05-02 22:00:00+02:00,28.625,79.4,88.4585,133.81400000000002
2023-05-02 23:00:00+02:00,28.067,64.4,71.4985,108.376
2023-05-03 00:00:00+02:00,28.166,53.3,58.922,89.445
2023-05-03 01:00:00+02:00,28.034,54.2,59.8845,90.7025
2023-05-03 02:00:00+02:00,28.0,41.2,49.143,69.0425
2023-05-03 03:00:00+02:00,28.0,37.9,46.551,62.7785
2023-05-03 04:00:00+02:00,27.966,30.0,40.192,49.5325
2023-05-03 05:00:00+02:00,27.833,19.9,30.6975,32.2195
2023-05-03 06:00:00+02:00,27.966,17.5,27.351,27.935
2023-05-03 07:00:00+02:00,27.684,19.3,30.3305,31.575
2023-05-03 09:00:00+02:00,27.0,23.8,35.2375,39.281
2023-05-03 10:00:00+02:00,27.0,21.3,32.773,35.5065
2023-05-03 11:00:00+02:00,26.125,17.6,28.5755,29.172
2023-05-03 12:00:00+02:00,26.0,22.0,32.7235,36.462500000000006
2023-05-03 13:00:00+02:00,26.813,19.4,30.2495,31.655500000000004
2023-05-03 14:00:00+02:00,29.0,25.0,35.88249999999999,40.5385
2023-05-03 15:00:00+02:00,29.041,24.8,35.8795,40.568
2023-05-03 19:00:00+02:00,28.0,31.2,42.5375,53.476
2023-05-03 20:00:00+02:00,28.0,28.1,39.4275,46.7075
2023-05-03 21:00:00+02:00,29.0,26.5,37.903000000000006,44.0115
2023-05-03 22:00:00+02:00,28.703,31.1,41.8495,52.1705
2023-05-03 23:00:00+02:00,28.2,28.9,39.5325,48.721
2023-05-04 00:00:00+02:00,28.0,21.8,33.3245,36.1365
2023-05-04 01:00:00+02:00,28.0,23.9,35.09,39.7225
2023-05-04 02:00:00+02:00,28.0,16.9,26.969,27.255
2023-05-04 03:00:00+02:00,28.0,17.6,28.04,28.5435
2023-05-04 11:00:00+02:00,27.0,16.7,27.91,28.43
2023-05-04 13:00:00+02:00,25.0,20.9,32.605,34.89
2023-05-04 14:00:00+02:00,24.666,18.0,28.83,29.594
2023-05-04 15:00:00+02:00,24.0,17.2,28.52,29.265
2023-05-04 16:00:00+02:00,23.0,14.7,25.745,25.83
2023-05-04 17:00:00+02:00,23.0,11.7,19.353,19.3615
2023-05-04 18:00:00+02:00,23.166,12.4,19.874,19.879
2023-05-04 19:00:00+02:00,24.0,14.0,23.0215,23.025
2023-05-05 00:00:00+02:00,27.0,21.7,32.53,34.974999999999994
2023-05-05 07:00:00+02:00,26.0,20.3,31.15,33.4775
2023-05-05 10:00:00+02:00,22.9,16.2,26.475,26.815
2023-05-05 11:00:00+02:00,23.0,16.7,27.505,27.9975
2023-05-05 12:00:00+02:00,23.0,14.0,22.9875,23.0225
2023-05-05 13:00:00+02:00,21.0,11.8,20.005,20.005
2023-05-05 14:00:00+02:00,21.267,12.3,19.7465,19.7465
2023-05-05 15:00:00+02:00,21.0,12.9,21.232,21.303
2023-05-05 16:00:00+02:00,21.0,13.1,21.308,21.4355
2023-05-05 17:00:00+02:00,20.889,12.3,19.5535,19.5575
2023-05-05 18:00:00+02:00,21.0,13.5,21.4955,21.5515
2023-05-06 10:00:00+02:00,22.0,21.2,32.8125,35.39
2023-05-06 11:00:00+02:00,21.75,19.3,31.348,33.0905
2023-05-06 12:00:00+02:00,22.0,22.0,33.825,36.831500000000005
2023-05-06 13:00:00+02:00,21.0,18.2,29.195,30.026000000000003
2023-05-06 14:00:00+02:00,19.5,11.9,19.2125,19.2125
2023-05-06 15:00:00+02:00,19.0,10.6,17.127,17.127
2023-05-06 16:00:00+02:00,19.0,10.0,16.0655,16.0655
2023-05-06 17:00:00+02:00,19.0,9.8,15.305,15.3295
2023-05-06 18:00:00+02:00,19.5,10.6,17.4715,17.4715
2023-05-06 21:00:00+02:00,22.0,19.9,32.275,34.19
2023-05-07 00:00:00+02:00,24.0,13.5,22.38,22.38
2023-05-07 01:00:00+02:00,24.0,12.0,19.235,19.235
2023-05-07 02:00:00+02:00,24.5,12.3,19.7225,19.7225
2023-05-07 12:00:00+02:00,20.0,9.9,16.252499999999998,16.252499999999998
2023-05-07 13:00:00+02:00,20.25,10.0,16.235,16.235
2023-05-07 14:00:00+02:00,20.0,9.0,14.33,14.33
2023-05-07 16:00:00+02:00,20.0,10.3,16.4755,16.4755
2023-05-07 17:00:00+02:00,20.0,11.5,18.2625,18.2625
2023-05-08 09:00:00+02:00,26.0,15.4,25.72,25.76
2023-05-08 10:00:00+02:00,27.0,5.5,8.2665,8.2665
2023-05-08 11:00:00+02:00,27.0,13.2,22.03,22.06
2023-05-08 14:00:00+02:00,27.0,12.8,20.971,21.083
2023-05-08 15:00:00+02:00,27.0,15.8,25.3765,25.7935
2023-05-08 16:00:00+02:00,26.0,15.2,24.39,24.39
2023-05-09 01:00:00+02:00,27.0,32.6,43.49,55.065
2023-05-09 02:00:00+02:00,27.0,28.4,39.99,47.805
2023-05-09 04:00:00+02:00,27.0,25.5,36.635000000000005,41.455
2023-05-09 06:00:00+02:00,26.0,11.8,19.72,19.72
2023-05-09 09:00:00+02:00,26.0,16.1,26.64,26.92
2023-05-09 12:00:00+02:00,24.0,12.8,21.8085,21.8085
2023-05-09 14:00:00+02:00,23.0,7.7,12.3445,12.3445
2023-05-09 15:00:00+02:00,23.0,7.5,12.419,12.419
2023-05-09 16:00:00+02:00,22.875,7.8,12.4325,12.4325
2023-05-09 17:00:00+02:00,22.917,8.0,12.506,12.506
2023-05-09 18:00:00+02:00,22.666,7.9,12.4465,12.4465
2023-05-09 19:00:00+02:00,23.0,9.2,15.0335,15.088
2023-05-09 20:00:00+02:00,22.875,11.7,19.197,19.3765
2023-05-09 21:00:00+02:00,23.633,23.1,35.069,39.699
2023-05-09 22:00:00+02:00,24.0,26.8,39.0605,46.5935
2023-05-09 23:00:00+02:00,24.122,29.5,41.582,51.0275
2023-05-10 00:00:00+02:00,24.778,26.1,38.2425,44.4995
2023-05-10 01:00:00+02:00,25.0,23.7,36.0105,40.5315
2023-05-10 02:00:00+02:00,25.0,18.9,30.218,31.563
2023-05-10 03:00:00+02:00,25.0,15.2,25.125,25.1635
2023-05-10 04:00:00+02:00,25.0,14.4,23.761000000000003,23.7715
2023-05-10 05:00:00+02:00,25.178,16.2,26.8695,27.048
2023-05-10 06:00:00+02:00,25.916,19.3,30.857,32.594500000000004
2023-05-10 07:00:00+02:00,26.0,20.2,32.25,34.265
2023-05-10 08:00:00+02:00,26.0,23.5,35.3515,39.4235
2023-05-10 09:00:00+02:00,25.111,26.2,37.933,43.900000000000006
2023-05-10 10:00:00+02:00,25.0,28.2,39.3675,46.5025
2023-05-10 11:00:00+02:00,24.889,30.2,41.361,50.816
2023-05-10 12:00:00+02:00,24.5,28.3,39.855,47.7525
2023-05-10 13:00:00+02:00,24.0,28.2,39.954,47.74
2023-05-10 14:00:00+02:00,25.25,32.5,43.15,54.8175
2023-05-10 15:00:00+02:00,26.934,41.3,48.9975,68.9925
2023-05-10 16:00:00+02:00,27.066,41.1,49.1035,68.86
2023-05-10 17:00:00+02:00,26.934,35.3,44.978,58.864
2023-07-27 14:00:00+02:00,22.0,3.6,5.3465,5.3465
2023-07-27 15:00:00+02:00,22.0,3.5,4.6745,4.6745
2023-07-27 16:00:00+02:00,22.0,3.5,4.612,4.612
2023-07-27 17:00:00+02:00,22.0,3.3,4.2305,4.2305
2023-07-27 18:00:00+02:00,22.267,3.8,5.243,5.243
2023-07-27 19:00:00+02:00,22.867,5.0,7.0525,7.259
2023-07-27 20:00:00+02:00,24.5,6.7,10.419,10.419
2023-07-27 21:00:00+02:00,26.529,7.6,12.085,12.085
2023-07-27 22:00:00+02:00,27.0,10.4,17.334,17.505000000000003
2023-07-27 23:00:00+02:00,27.375,7.6,12.064,12.064
2023-07-28 00:00:00+02:00,28.0,5.8,8.846,8.846
2023-07-28 01:00:00+02:00,28.0,4.9,7.0525,7.0525
2023-07-28 02:00:00+02:00,28.0,4.6,6.634,6.634
2023-07-28 03:00:00+02:00,28.0,4.1,5.692500000000001,5.692500000000001
2023-07-28 04:00:00+02:00,28.0,4.0,6.29,5.5025
2023-07-28 05:00:00+02:00,28.066,4.3,5.9825,5.9825
2023-07-28 06:00:00+02:00,28.473,6.3,9.61,9.61
2023-07-28 07:00:00+02:00,27.833,5.7,8.82,8.82
2023-07-28 08:00:00+02:00,25.166,5.1,7.497,7.497
2023-07-28 09:00:00+02:00,23.709,5.2,7.513999999999999,7.513999999999999
2023-07-28 10:00:00+02:00,22.966,5.0,6.9775,6.9775
2023-07-28 11:00:00+02:00,23.0,4.6,6.1335,6.1335
2023-07-28 12:00:00+02:00,22.675,4.3,5.3405000000000005,5.3405000000000005
2023-07-28 13:00:00+02:00,22.166,4.6,6.07,6.07
2023-07-28 14:00:00+02:00,21.9,4.7,5.909000000000001,5.909000000000001
2023-07-28 15:00:00+02:00,22.0,4.9,6.268,6.268
2023-07-28 16:00:00+02:00,22.0,5.1,6.5905000000000005,6.617
2023-07-28 17:00:00+02:00,22.722,4.3,5.16,5.16
2023-07-28 18:00:00+02:00,22.966,5.2,6.8705,6.8735
2023-07-28 19:00:00+02:00,23.334,7.2,10.7855,10.7855
2023-07-28 20:00:00+02:00,25.223,10.3,16.965,16.993000000000002
2023-07-28 21:00:00+02:00,26.666,10.8,17.804000000000002,17.804000000000002
2023-07-29 08:00:00+02:00,25.0,6.7,10.1175,10.1175
2023-07-29 09:00:00+02:00,25.0,6.9,10.6375,10.6375
2023-07-29 10:00:00+02:00,23.111,5.7,8.067499999999999,8.067499999999999
2023-07-29 11:00:00+02:00,24.0,6.1,9.2045,9.2045
2023-07-29 12:00:00+02:00,24.0,7.3,11.002,11.0405
2023-07-29 13:00:00+02:00,24.0,7.4,10.931,10.931
2023-07-29 14:00:00+02:00,24.0,7.7,11.5875,11.623
2023-07-29 15:00:00+02:00,24.0,7.8,11.827,11.827
2023-07-29 16:00:00+02:00,24.0,8.1,12.2395,12.2395
2023-07-29 17:00:00+02:00,24.0,8.3,12.5635,12.5635
2023-07-29 18:00:00+02:00,24.0,9.2,14.308,14.311
2023-07-29 19:00:00+02:00,24.334,9.1,14.0665,14.068
2023-07-29 20:00:00+02:00,25.611,12.8,20.9445,20.9455
2023-07-29 21:00:00+02:00,27.5,20.7,32.8965,35.7175
2023-07-29 22:00:00+02:00,28.0,19.5,32.037499999999994,33.9775
2023-07-29 23:00:00+02:00,28.0,15.8,27.015,27.1175
2023-07-30 00:00:00+02:00,29.0,14.0,23.5895,23.591
2023-07-30 01:00:00+02:00,29.0,13.2,22.536,22.6195
2023-07-30 02:00:00+02:00,29.125,13.1,21.953000000000003,22.235
2023-07-30 03:00:00+02:00,30.034,17.8,29.7875,30.7715
2023-07-30 04:00:00+02:00,30.0,11.1,18.8055,18.8055
2023-07-30 05:00:00+02:00,30.0,11.4,18.8295,18.8305
2023-07-30 06:00:00+02:00,30.0,11.7,19.351,19.351
2023-07-30 07:00:00+02:00,28.567,10.2,16.7705,16.7705
2023-07-30 08:00:00+02:00,28.0,11.0,18.397,18.397
2023-07-30 09:00:00+02:00,27.875,11.3,18.7085,18.7085
2023-07-30 10:00:00+02:00,28.791,12.2,20.2675,20.269
2023-07-30 11:00:00+02:00,31.875,9.0,14.8385,14.8385
2023-07-30 12:00:00+02:00,32.089,7.6,12.105,12.105
2023-07-30 13:00:00+02:00,30.566,6.3,9.7025,9.7025
2023-07-30 14:00:00+02:00,28.758,4.9,7.077500000000001,7.077500000000001
2023-07-30 15:00:00+02:00,29.084,8.5,13.5555,13.5555
2023-07-30 16:00:00+02:00,28.4,6.4,9.5275,9.5275
2023-07-30 17:00:00+02:00,28.333,7.0,10.767,10.767
2023-07-30 18:00:00+02:00,27.567,4.3,6.025,6.025
2023-07-30 19:00:00+02:00,27.834,4.9,7.189,7.2355
2023-07-30 20:00:00+02:00,28.166,5.9,8.9585,8.9585
2023-07-30 21:00:00+02:00,29.267,8.8,13.8775,13.8775
2023-07-30 22:00:00+02:00,30.0,8.8,14.179,14.179
2023-07-30 23:00:00+02:00,30.917,6.0,9.3685,9.3685
2023-07-31 00:00:00+02:00,31.0,5.6,8.48,8.48
2023-07-31 01:00:00+02:00,31.0,5.6,8.461,8.461
2023-07-31 02:00:00+02:00,31.0,5.0,7.329,7.329
2023-07-31 03:00:00+02:00,31.0,7.1,10.6495,10.6495
2023-07-31 04:00:00+02:00,31.0,4.9,7.176500000000001,7.176500000000001
2023-07-31 05:00:00+02:00,31.0,5.1,7.651,7.651
2023-07-31 06:00:00+02:00,31.0,5.3,7.9565,7.9565
2023-07-31 07:00:00+02:00,30.153,5.2,7.6465,7.6465
2023-07-31 08:00:00+02:00,29.459,5.1,7.475999999999999,7.475999999999999
2023-07-31 09:00:00+02:00,25.882,5.2,7.5985,7.5985
2023-07-31 10:00:00+02:00,24.417,4.4,6.2895,6.2895
2023-07-31 11:00:00+02:00,24.166,4.1,5.836,5.836
2023-07-31 12:00:00+02:00,24.25,4.6,7.111000000000001,7.111000000000001
2023-07-31 13:00:00+02:00,23.5,4.1,5.5760000000000005,5.5760000000000005
2023-07-31 14:00:00+02:00,23.334,4.3,5.9475,5.9475
2023-07-31 15:00:00+02:00,24.0,4.9,7.173,7.173
2023-07-31 16:00:00+02:00,24.0,6.1,8.9115,8.9115
2023-07-31 17:00:00+02:00,24.0,5.5,8.1785,8.1785
2023-07-31 18:00:00+02:00,24.0,5.2,7.585,7.585
2023-07-31 19:00:00+02:00,24.5,6.9,11.0275,11.0275
2023-07-31 21:00:00+02:00,26.5,13.0,22.3165,22.391
2023-07-31 22:00:00+02:00,28.0,17.3,28.6815,29.467
2023-07-31 23:00:00+02:00,28.166,10.7,17.5255,17.5385
2023-08-01 00:00:00+02:00,28.75,10.4,17.272,17.283
2023-08-01 01:00:00+02:00,29.0,12.0,19.958,19.9675
2023-08-01 02:00:00+02:00,29.0,6.9,10.93,10.93
2023-08-01 03:00:00+02:00,29.0,6.8,10.591,10.591
2023-08-01 04:00:00+02:00,29.0,6.8,10.64,10.64
2023-08-01 05:00:00+02:00,29.0,7.7,12.044,12.044
2023-08-01 06:00:00+02:00,28.834,8.3,13.2085,13.2085
2023-08-01 07:00:00+02:00,27.883,9.4,15.3185,15.3185
2023-08-01 08:00:00+02:00,26.611,9.3,14.8705,14.8705
2023-08-01 09:00:00+02:00,24.5,9.5,15.349,15.349
2023-08-01 10:00:00+02:00,24.0,10.0,17.212,17.2175
2023-08-01 11:00:00+02:00,24.0,8.3,13.67,13.67
2023-08-01 12:00:00+02:00,25.0,9.9,16.5925,16.605
2023-08-01 13:00:00+02:00,25.0,10.3,16.526,16.526
2023-08-01 14:00:00+02:00,24.0,9.6,16.0415,16.0415
2023-08-01 15:00:00+02:00,24.0,9.0,14.291,14.291
2023-08-01 16:00:00+02:00,24.0,11.1,17.736,17.736
2023-08-01 17:00:00+02:00,24.166,12.5,20.3305,20.3355
2023-08-01 18:00:00+02:00,24.75,12.8,21.1045,21.1245
2023-08-01 19:00:00+02:00,26.125,16.9,27.781,28.338
2023-08-01 20:00:00+02:00,27.125,19.8,31.044,33.689
2023-08-01 21:00:00+02:00,26.334,4.1,5.8740000000000006,5.8740000000000006
2023-08-01 22:00:00+02:00,26.431,2.1,2.283,2.283
2023-08-01 23:00:00+02:00,25.764,1.4,1.011,1.011
2023-08-02 00:00:00+02:00,26.0,2.0,1.9665,1.9665
2023-08-02 01:00:00+02:00,26.708,1.6,1.4005,1.4005
2023-08-02 02:00:00+02:00,27.0,1.3,0.8725,0.8725
2023-08-02 03:00:00+02:00,27.0,1.4,0.936,0.9365
2023-08-02 04:00:00+02:00,27.834,2.2,2.3025,2.3025
2023-08-02 05:00:00+02:00,27.284,1.6,1.5385,1.5385
2023-08-02 06:00:00+02:00,28.725,2.1,2.192,2.192
2023-08-02 07:00:00+02:00,28.5,2.8,3.3315,3.3315
2023-08-02 08:00:00+02:00,27.444,4.1,5.997,5.997
2023-08-02 09:00:00+02:00,26.0,3.8,5.2755,5.2755
2023-08-02 10:00:00+02:00,26.0,4.2,6.284,6.284
2023-08-02 11:00:00+02:00,25.611,3.2,5.0525,5.056
2023-08-02 12:00:00+02:00,24.5,3.5,4.6745,4.6745
2023-08-02 13:00:00+02:00,24.0,3.2,3.6745,3.6745
2023-08-02 14:00:00+02:00,24.0,3.4,4.825,4.825
2023-08-02 15:00:00+02:00,24.0,4.4,5.945,5.945
2023-08-02 16:00:00+02:00,24.209,5.6,8.1505,8.1505
2023-08-02 17:00:00+02:00,24.25,5.3,7.422,7.422
2023-08-02 18:00:00+02:00,25.0,6.3,9.779,9.779
2023-08-02 20:00:00+02:00,25.666,7.3,11.7695,11.7695
2023-08-02 21:00:00+02:00,26.5,11.6,19.6685,19.7
2023-08-02 22:00:00+02:00,27.791,12.9,21.895,21.895
2023-08-02 23:00:00+02:00,28.889,13.1,22.032,23.224
2023-08-03 00:00:00+02:00,29.0,11.1,18.596,18.6075
2023-08-03 01:00:00+02:00,29.0,10.2,17.505,17.505
2023-08-03 02:00:00+02:00,29.25,10.5,17.765,17.765
2023-08-03 04:00:00+02:00,29.0,9.9,16.9875,16.9875
2023-08-03 05:00:00+02:00,29.0,10.1,17.008499999999998,17.008499999999998
2023-08-03 06:00:00+02:00,28.666,12.0,19.7345,20.4735
2023-08-03 07:00:00+02:00,28.0,12.5,21.134,21.5085
2023-08-03 08:00:00+02:00,24.0,9.3,14.462,14.462
2023-08-03 09:00:00+02:00,22.334,7.7,11.622,11.622
2023-08-03 10:00:00+02:00,23.0,7.5,10.8915,10.8915
2023-08-03 11:00:00+02:00,22.0,7.5,11.0365,11.0365
2023-08-03 12:00:00+02:00,22.0,7.1,10.89,10.89
2023-08-03 13:00:00+02:00,24.0,7.9,11.993,11.993
2023-08-03 14:00:00+02:00,23.0,7.8,11.854,11.854
2023-08-03 15:00:00+02:00,23.0,7.7,11.8575,11.8575
2023-08-03 16:00:00+02:00,23.0,7.6,10.8725,10.8725
2023-08-03 17:00:00+02:00,23.0,8.0,11.9005,11.9005
2023-08-03 18:00:00+02:00,24.0,11.5,18.895,18.895
2023-08-03 19:00:00+02:00,25.0,10.0,16.325,16.325
2023-11-13 09:00:00+01:00,95.417,16.6,28.729,29.715
2023-11-13 10:00:00+01:00,86.867,13.7,23.831,24.178
2023-11-13 11:00:00+01:00,76.867,9.7,17.073999999999998,17.092
2023-11-13 12:00:00+01:00,70.867,9.4,16.758499999999998,16.7675
2023-11-13 13:00:00+01:00,63.1,5.4,8.9185,8.9185
2023-11-13 14:00:00+01:00,58.233,4.5,6.7135,6.7135
2023-11-13 15:00:00+01:00,65.133,9.7,16.347,16.347
2023-11-13 16:00:00+01:00,80.534,20.6,33.0275,35.8155
2023-11-13 17:00:00+01:00,97.767,28.4,40.3765,49.765
2023-11-13 18:00:00+01:00,100.0,56.0,65.7785,98.8425
2023-11-13 19:00:00+01:00,100.0,89.5,103.0455,155.65699999999998
2023-11-13 20:00:00+01:00,100.0,96.3,110.803,167.30450000000002
2023-11-13 21:00:00+01:00,100.0,114.0,130.6815,197.1305
2023-11-13 22:00:00+01:00,100.0,144.6,165.1735,248.833
2023-11-13 23:00:00+01:00,100.0,119.6,137.317,207.0865
2023-11-14 00:00:00+01:00,100.0,113.0,129.70850000000002,195.69
2023-11-14 01:00:00+01:00,100.0,109.8,125.9385,190.0085
2023-11-14 02:00:00+01:00,100.0,82.5,94.953,143.5255
2023-11-14 03:00:00+01:00,100.0,40.7,49.1835,70.32650000000001
2023-11-14 04:00:00+01:00,100.0,34.2,42.0715,59.432
2023-11-14 05:00:00+01:00,100.0,20.1,28.3475,34.431
2023-11-14 06:00:00+01:00,100.0,3.0,3.7925,3.7925
2023-11-14 07:00:00+01:00,97.833,4.4,6.455,6.539
2023-11-14 08:00:00+01:00,87.3,2.4,2.8025,2.8025
2023-11-14 09:00:00+01:00,77.334,2.5,2.8390000000000004,2.8390000000000004
2023-11-14 10:00:00+01:00,69.3,3.0,3.729,3.729
2023-11-14 11:00:00+01:00,65.834,2.3,2.7435,2.7435
2023-11-14 12:00:00+01:00,66.1,3.5,4.769,4.769
2023-11-14 13:00:00+01:00,66.2,3.9,5.44,5.506
2023-11-14 14:00:00+01:00,69.1,3.9,5.6195,5.6195
2023-11-14 15:00:00+01:00,71.767,3.1,4.161,4.161
2023-11-14 16:00:00+01:00,77.2,5.9,9.376,9.376
2023-11-14 17:00:00+01:00,81.834,6.7,10.842,10.842
2023-11-14 18:00:00+01:00,84.1,5.6,8.7595,8.7595
2023-11-14 19:00:00+01:00,90.633,39.8,46.845,68.4725
2023-11-14 20:00:00+01:00,92.767,15.3,19.623,26.0365
2023-11-14 21:00:00+01:00,82.667,2.3,2.605,2.605
2023-11-14 22:00:00+01:00,81.6,2.2,2.4495,2.4495
2023-11-14 23:00:00+01:00,82.133,1.6,1.4625,1.4625
2023-11-15 00:00:00+01:00,81.933,1.1,0.635,0.635
2023-11-15 01:00:00+01:00,81.566,0.8,0.2965,0.297
2023-11-15 02:00:00+01:00,82.733,0.8,0.291,0.291
2023-11-15 03:00:00+01:00,90.334,3.0,4.081,4.081
2023-11-15 04:00:00+01:00,100.0,2.9,3.705,3.705
2023-11-15 05:00:00+01:00,100.0,5.2,7.802,7.804499999999999
2023-11-15 06:00:00+01:00,100.0,4.4,6.6235,6.6235
2023-11-15 07:00:00+01:00,100.0,3.8,5.5205,5.5205
2023-11-15 08:00:00+01:00,100.0,7.9,12.8545,12.8615
2023-11-15 09:00:00+01:00,100.0,6.1,9.5345,9.6575
2023-11-15 10:00:00+01:00,100.0,10.3,17.463,17.618499999999997
2023-11-15 11:00:00+01:00,100.0,22.0,33.7295,38.8555
2023-11-15 12:00:00+01:00,100.0,19.3,31.2685,33.7505
2023-11-15 13:00:00+01:00,100.0,10.9,18.1085,18.2195
2023-11-15 14:00:00+01:00,100.0,12.6,21.2435,21.2935
2023-11-15 15:00:00+01:00,100.0,17.9,27.253,31.1
2023-11-15 16:00:00+01:00,100.0,9.3,15.3695,15.3695
2023-11-15 17:00:00+01:00,100.0,15.9,27.213,28.0895
2023-11-15 18:00:00+01:00,100.0,44.0,54.227,77.238
2023-11-15 19:00:00+01:00,100.0,87.3,100.475,151.81
2023-11-15 20:00:00+01:00,100.0,84.0,96.7945,146.2955
2023-11-15 21:00:00+01:00,100.0,62.5,72.3125,109.3345
2023-11-15 22:00:00+01:00,100.0,55.0,63.8765,96.9355
2023-11-15 23:00:00+01:00,100.0,60.3,69.7715,105.5345
2023-11-16 00:00:00+01:00,100.0,37.9,48.075,67.13050000000001
2023-11-16 01:00:00+01:00,100.0,14.3,23.106,24.6785
2023-11-16 02:00:00+01:00,100.0,6.7,10.546,10.546
2023-11-16 03:00:00+01:00,100.0,12.9,21.914,22.057
2023-11-16 04:00:00+01:00,100.0,15.5,26.4755,26.7245
2023-11-16 05:00:00+01:00,100.0,11.6,19.6645,19.6675
2023-11-16 06:00:00+01:00,100.0,17.3,29.532,30.587
2023-11-16 07:00:00+01:00,100.0,28.1,41.0515,50.3535
2023-11-16 08:00:00+01:00,100.0,24.3,36.8735,42.994
2023-11-16 09:00:00+01:00,100.0,16.9,27.6325,29.35
2023-11-16 10:00:00+01:00,96.067,12.4,21.049,21.0625
2023-11-16 11:00:00+01:00,86.108,8.9,14.7335,14.736
2023-11-16 12:00:00+01:00,81.834,11.5,19.458,19.6105
2023-11-16 13:00:00+01:00,84.6,14.9,25.6515,25.825000000000003
2023-11-16 14:00:00+01:00,85.633,19.6,32.24,34.3345
2023-11-16 15:00:00+01:00,94.933,27.1,39.9845,48.0705
2023-11-16 16:00:00+01:00,100.0,46.3,56.435,81.9625
2023-11-16 17:00:00+01:00,100.0,66.9,77.194,116.933
2023-11-16 18:00:00+01:00,100.0,102.9,118.3775,178.687
2023-11-16 19:00:00+01:00,100.0,85.6,98.6445,149.07049999999998
2023-11-16 20:00:00+01:00,100.0,99.8,114.5815,173.003
2023-11-16 21:00:00+01:00,100.0,103.5,119.194,179.909
2023-11-16 22:00:00+01:00,100.0,100.2,115.835,174.85399999999998
2023-11-16 23:00:00+01:00,95.4,63.1,73.62450000000001,109.7865
2023-11-17 00:00:00+01:00,68.733,2.2,2.348,2.348
2023-11-17 01:00:00+01:00,69.833,4.6,6.728999999999999,6.728999999999999
2023-11-17 02:00:00+01:00,89.6,8.0,11.9245,12.757
2023-11-17 03:00:00+01:00,100.0,28.8,40.6655,49.995
2023-11-17 04:00:00+01:00,100.0,21.0,33.554,36.392
2023-11-17 05:00:00+01:00,100.0,22.1,34.0035,38.1445
2023-11-17 06:00:00+01:00,100.0,6.9,10.7895,11.064
2023-11-17 07:00:00+01:00,100.0,22.2,34.6555,38.8955
2023-11-17 08:00:00+01:00,100.0,42.9,52.7865,75.733
2023-11-17 09:00:00+01:00,100.0,43.5,52.7615,76.07050000000001
2023-11-17 10:00:00+01:00,100.0,8.8,13.4765,14.4685
2023-11-17 11:00:00+01:00,100.0,10.3,17.1355,17.142
2023-11-17 12:00:00+01:00,100.0,8.4,13.853,13.853
2023-11-17 13:00:00+01:00,100.0,11.5,19.322,19.3575
2023-11-17 14:00:00+01:00,100.0,8.8,14.415,14.415
2023-11-17 15:00:00+01:00,100.0,7.7,12.4395,12.4395
2023-11-17 16:00:00+01:00,100.0,10.9,18.5825,18.593
2023-11-17 17:00:00+01:00,100.0,22.1,33.773,38.5515
2023-11-17 18:00:00+01:00,100.0,23.1,35.6405,40.231
2023-11-17 19:00:00+01:00,100.0,21.1,33.730999999999995,36.702
2023-11-17 20:00:00+01:00,100.0,37.8,49.264,66.197
2023-11-17 21:00:00+01:00,100.0,87.6,100.985,152.591
2023-11-17 22:00:00+01:00,100.0,40.6,50.9295,71.2365
2023-11-17 23:00:00+01:00,100.0,42.1,51.9535,74.2095
2023-11-18 00:00:00+01:00,100.0,21.4,33.242000000000004,37.206
2023-11-18 01:00:00+01:00,100.0,16.5,27.725,28.309
2023-11-18 02:00:00+01:00,100.0,12.3,20.8295,20.8305
2023-11-18 03:00:00+01:00,100.0,11.9,19.7745,19.9525
2023-11-18 04:00:00+01:00,100.0,9.2,15.0935,15.0935
2023-11-18 05:00:00+01:00,100.0,7.6,12.3195,12.3195
2023-11-18 06:00:00+01:00,100.0,9.8,16.201999999999998,16.201999999999998
2023-11-18 07:00:00+01:00,100.0,12.5,21.456,21.4925
2023-11-18 08:00:00+01:00,100.0,14.8,25.1215,25.421
2023-11-18 09:00:00+01:00,97.066,15.8,26.864,27.205
2023-11-18 10:00:00+01:00,67.267,6.7,10.5235,10.5235
2023-11-18 11:00:00+01:00,59.933,5.1,7.6655,7.6655
2023-11-18 12:00:00+01:00,58.1,5.3,7.9345,7.9345
2023-11-18 13:00:00+01:00,58.5,6.1,9.32,9.32
2023-11-18 14:00:00+01:00,57.034,7.1,11.2795,11.2795
2023-11-18 15:00:00+01:00,58.0,12.0,20.0785,20.5135
2023-11-18 16:00:00+01:00,68.8,41.5,51.9,73.5395
2023-11-18 17:00:00+01:00,86.0,60.5,73.44800000000001,106.605
2023-11-18 18:00:00+01:00,94.733,87.3,101.361,153.147
2023-11-18 19:00:00+01:00,100.0,42.3,52.3005,74.475
2023-11-18 20:00:00+01:00,100.0,101.2,117.7475,177.29
2023-11-18 21:00:00+01:00,100.0,33.4,45.5385,59.452
2023-11-18 22:00:00+01:00,100.0,24.1,37.2565,42.775000000000006
2023-11-18 23:00:00+01:00,100.0,21.1,34.244,37.2765
2023-11-19 00:00:00+01:00,100.0,20.4,33.7775,36.3245
2023-11-19 01:00:00+01:00,100.0,16.9,29.409,29.9185
2023-11-19 02:00:00+01:00,100.0,19.5,30.961,34.334
2023-11-19 03:00:00+01:00,100.0,18.8,30.398,33.236999999999995
2023-11-19 04:00:00+01:00,100.0,32.2,45.503,58.666
2023-11-19 05:00:00+01:00,100.0,31.9,45.8605,58.982
2023-11-19 06:00:00+01:00,100.0,30.7,45.317,57.079
2023-11-19 07:00:00+01:00,100.0,33.0,46.4825,61.078500000000005
2023-11-19 08:00:00+01:00,100.0,39.9,51.604,72.761
2023-11-19 09:00:00+01:00,98.2,35.6,46.6065,62.8995
2023-11-19 10:00:00+01:00,86.166,35.2,46.43600000000001,62.71300000000001
2023-11-19 11:00:00+01:00,70.867,20.7,34.082,37.34
2023-11-19 12:00:00+01:00,63.1,20.1,33.138,35.8035
2023-11-19 13:00:00+01:00,58.867,21.7,34.715,38.364
2023-11-19 14:00:00+01:00,56.233,27.2,40.1095,48.7405
2023-11-19 15:00:00+01:00,63.467,91.4,105.205,158.7055
2023-11-19 16:00:00+01:00,76.967,111.6,128.70850000000002,194.1655
2023-11-19 17:00:00+01:00,95.334,129.2,148.987,224.5555
2023-11-19 18:00:00+01:00,100.0,174.2,199.419,300.213
2023-11-19 19:00:00+01:00,100.0,189.9,216.525,325.894
2023-11-19 20:00:00+01:00,100.0,148.7,170.85649999999998,257.408
2023-11-19 21:00:00+01:00,100.0,110.0,126.832,191.33
2023-11-19 22:00:00+01:00,100.0,137.0,157.4855,237.313
2023-11-19 23:00:00+01:00,100.0,142.9,163.99,247.0745
2023-11-20 00:00:00+01:00,100.0,144.7,166.211,250.406
2023-11-20 01:00:00+01:00,100.0,150.3,172.47899999999998,259.8595
2023-11-20 02:00:00+01:00,100.0,124.6,143.473,216.419
2023-11-20 03:00:00+01:00,100.0,78.1,90.5465,137.078
2023-11-20 04:00:00+01:00,100.0,61.6,71.2875,108.0625
2023-11-20 05:00:00+01:00,100.0,59.0,68.4225,103.717
2023-11-20 06:00:00+01:00,100.0,61.0,71.19800000000001,107.9695
2023-11-20 07:00:00+01:00,100.0,83.7,96.8645,146.5365
2023-11-20 08:00:00+01:00,100.0,83.9,97.4415,147.29149999999998
2023-11-20 09:00:00+01:00,100.0,97.2,113.316,171.12599999999998
2023-11-20 10:00:00+01:00,100.0,90.8,104.806,158.3265
2023-11-20 11:00:00+01:00,100.0,77.9,90.7825,137.313
2023-11-20 12:00:00+01:00,97.633,71.4,83.4345,126.251
2023-11-20 13:00:00+01:00,87.034,38.5,48.8775,68.601
2023-11-20 14:00:00+01:00,83.834,23.7,34.494,41.7925
2023-11-20 15:00:00+01:00,86.867,11.6,19.664,19.7505
2023-11-20 16:00:00+01:00,93.433,14.6,24.6895,25.2495
2023-11-20 17:00:00+01:00,99.966,53.0,64.09299999999999,93.017
2023-11-20 18:00:00+01:00,100.0,80.4,93.7635,141.712
2023-11-20 19:00:00+01:00,100.0,130.2,149.9085,225.969
2023-11-20 20:00:00+01:00,100.0,197.3,223.9435,337.0285
2023-11-20 21:00:00+01:00,100.0,244.9,275.7595,414.7285
2023-11-20 22:00:00+01:00,100.0,251.2,282.3955,424.7065
2023-11-20 23:00:00+01:00,100.0,206.4,232.7285,350.22
2023-11-21 00:00:00+01:00,100.0,119.5,136.91,206.449
2023-11-21 01:00:00+01:00,100.0,93.1,106.699,161.1345
2023-11-21 02:00:00+01:00,100.0,80.7,92.8295,140.38299999999998
2023-11-21 03:00:00+01:00,100.0,84.1,96.587,145.971
2023-11-21 04:00:00+01:00,100.0,72.9,83.695,126.656
2023-11-21 05:00:00+01:00,100.0,67.9,77.781,117.8045
2023-11-21 06:00:00+01:00,100.0,73.7,84.491,127.8565
2023-11-21 07:00:00+01:00,100.0,64.8,74.54849999999999,112.9455
2023-11-21 08:00:00+01:00,100.0,84.1,95.4265,144.2385
2023-11-21 09:00:00+01:00,100.0,93.9,106.2205,160.406
2023-11-21 10:00:00+01:00,100.0,93.8,106.6165,161.0475
2023-11-21 11:00:00+01:00,100.0,71.8,82.0515,124.1935
2023-11-21 12:00:00+01:00,100.0,55.0,64.49549999999999,95.695
2023-11-21 13:00:00+01:00,100.0,6.1,9.5305,9.5305
2023-11-21 14:00:00+01:00,100.0,7.9,12.725,12.725
2023-11-21 15:00:00+01:00,100.0,21.8,32.9415,37.789
2023-11-21 16:00:00+01:00,100.0,53.8,62.6155,93.9795
2023-11-21 17:00:00+01:00,100.0,72.2,82.8995,125.4705
2023-11-21 18:00:00+01:00,100.0,64.4,74.10650000000001,112.272
2023-11-21 19:00:00+01:00,100.0,61.5,70.713,107.2005
2023-11-21 20:00:00+01:00,100.0,69.8,79.979,121.0795
2023-11-21 21:00:00+01:00,100.0,52.5,60.288,91.393
2023-11-21 22:00:00+01:00,100.0,45.1,52.8005,78.652
2023-11-21 23:00:00+01:00,100.0,33.4,44.357,58.2645
2023-11-22 00:00:00+01:00,100.0,18.3,29.5865,31.3625
2023-11-22 01:00:00+01:00,100.0,13.3,22.145,22.153
2023-11-22 02:00:00+01:00,100.0,10.0,16.2065,16.2065
2023-11-22 03:00:00+01:00,100.0,10.4,16.880499999999998,16.880499999999998
2023-11-22 04:00:00+01:00,100.0,8.0,12.618,12.618
2023-11-22 05:00:00+01:00,100.0,9.9,15.945,15.945
2023-11-22 06:00:00+01:00,100.0,14.3,24.1065,24.3495
2023-11-22 07:00:00+01:00,100.0,23.3,35.7635,40.4455
2023-11-22 08:00:00+01:00,100.0,29.3,41.333,50.6755
2023-11-22 09:00:00+01:00,100.0,23.4,35.401,40.0535
2023-11-22 10:00:00+01:00,100.0,20.2,31.929,34.482
2023-11-22 11:00:00+01:00,100.0,25.0,37.242,42.8575
2023-11-22 12:00:00+01:00,100.0,17.3,28.445,29.144
2023-11-22 13:00:00+01:00,100.0,19.8,31.8165,33.6545
2023-11-22 14:00:00+01:00,100.0,20.3,32.2135,34.342
2023-11-22 15:00:00+01:00,100.0,21.3,33.261,35.937
2023-11-22 16:00:00+01:00,100.0,25.6,37.596500000000006,43.4965
2023-11-22 17:00:00+01:00,100.0,25.1,36.94199999999999,42.7195
2023-11-22 18:00:00+01:00,100.0,23.1,34.833,38.976
2023-11-22 19:00:00+01:00,100.0,31.1,42.3595,53.0495
2023-11-22 20:00:00+01:00,100.0,33.1,43.8825,56.333
2023-11-22 21:00:00+01:00,100.0,29.6,40.92,50.0275
2023-11-22 22:00:00+01:00,100.0,29.8,41.0345,49.9255
2023-11-22 23:00:00+01:00,100.0,28.8,40.2725,48.266
2023-11-23 00:00:00+01:00,100.0,27.0,38.668,45.2595
2023-11-23 01:00:00+01:00,100.0,24.9,36.473,41.3155
2023-11-23 02:00:00+01:00,100.0,24.4,35.8845,40.322
2023-11-23 03:00:00+01:00,100.0,27.0,38.6405,45.1455
2023-11-23 04:00:00+01:00,100.0,28.5,39.799,47.329
2023-11-23 05:00:00+01:00,100.0,29.5,40.8185,49.437
2023-11-23 06:00:00+01:00,100.0,32.3,42.9975,54.1665
2023-11-23 07:00:00+01:00,100.0,34.9,44.817,58.4255
2023-11-23 08:00:00+01:00,100.0,37.7,46.731,63.1825
2023-11-23 09:00:00+01:00,100.0,37.7,46.805,63.322
2023-11-23 10:00:00+01:00,100.0,38.3,47.117,64.281
2023-11-23 11:00:00+01:00,100.0,37.2,46.42700000000001,62.4295
2023-11-23 12:00:00+01:00,100.0,37.7,46.855,63.5595
2023-11-23 13:00:00+01:00,100.0,41.7,49.6455,70.429
2023-11-23 14:00:00+01:00,100.0,43.7,50.955,73.94
2023-11-23 15:00:00+01:00,100.0,50.4,56.586,85.5015
2023-11-23 16:00:00+01:00,100.0,63.2,71.0915,107.761
2023-11-23 17:00:00+01:00,100.0,57.2,64.191,97.382
2023-11-23 18:00:00+01:00,100.0,68.9,77.699,117.6525
2023-11-23 19:00:00+01:00,100.0,68.7,77.561,117.4845
2023-11-23 20:00:00+01:00,100.0,96.2,109.23,164.949
2023-11-23 21:00:00+01:00,100.0,77.7,87.827,132.81799999999998
2023-11-23 22:00:00+01:00,100.0,65.2,73.49950000000001,111.3465
2023-11-23 23:00:00+01:00,100.0,77.6,88.0655,133.192
2023-11-24 00:00:00+01:00,100.0,75.3,85.113,128.779
2023-11-24 01:00:00+01:00,100.0,68.9,77.8365,117.86
2023-11-24 02:00:00+01:00,100.0,53.4,60.607,91.393
2023-11-24 03:00:00+01:00,100.0,44.0,52.375,75.241
2023-11-24 04:00:00+01:00,100.0,31.9,43.0045,54.256
2023-11-24 05:00:00+01:00,100.0,34.2,44.765,58.132
2023-11-24 06:00:00+01:00,100.0,41.6,50.2405,71.91900000000001
2023-11-24 07:00:00+01:00,100.0,64.4,74.0895,112.2165
2023-11-24 08:00:00+01:00,100.0,79.9,91.73,138.69400000000002
2023-11-24 09:00:00+01:00,100.0,83.2,95.717,144.713
2023-11-24 10:00:00+01:00,100.0,88.0,102.996,155.6325
2023-11-24 11:00:00+01:00,100.0,77.6,89.8255,135.89049999999995
2023-11-24 12:00:00+01:00,100.0,38.9,49.935500000000005,68.5695
2023-11-24 13:00:00+01:00,100.0,18.8,29.4525,32.2525
2023-11-24 14:00:00+01:00,100.0,16.5,27.7515,28.1175
2023-11-24 15:00:00+01:00,100.0,13.8,22.9585,23.15
2023-11-24 16:00:00+01:00,100.0,21.9,32.8235,37.0415
2023-11-24 17:00:00+01:00,100.0,20.8,31.973,35.5445
2023-11-24 18:00:00+01:00,100.0,13.5,22.079,22.6455
2023-11-24 19:00:00+01:00,100.0,6.8,10.9655,10.9655
2023-11-24 20:00:00+01:00,100.0,4.5,6.6115,6.6115
2023-11-24 21:00:00+01:00,100.0,4.9,7.1085,7.1085
2023-11-24 22:00:00+01:00,100.0,5.0,7.345499999999999,7.345499999999999
2023-11-24 23:00:00+01:00,100.0,8.1,13.28,13.28
2023-11-25 00:00:00+01:00,100.0,7.4,11.729500000000002,11.729500000000002
2023-11-25 01:00:00+01:00,100.0,8.4,13.935,13.935
2023-11-25 02:00:00+01:00,100.0,3.0,3.892,3.892
2023-11-25 03:00:00+01:00,100.0,4.5,6.8015,6.8015
2023-11-25 04:00:00+01:00,100.0,2.3,2.8015,2.8015
2023-11-25 05:00:00+01:00,100.0,2.8,3.6725,3.6725
2023-11-25 06:00:00+01:00,100.0,5.3,8.161999999999999,8.161999999999999
2023-11-25 07:00:00+01:00,100.0,2.8,3.719,3.719
2023-11-25 08:00:00+01:00,100.0,9.0,15.4035,15.521
2023-11-25 09:00:00+01:00,100.0,19.0,29.474,33.512
2023-11-25 10:00:00+01:00,100.0,54.0,63.905,95.5875
2023-11-25 11:00:00+01:00,100.0,37.0,47.698,65.013
2023-11-25 12:00:00+01:00,100.0,9.7,16.188499999999998,16.2135
2023-11-25 13:00:00+01:00,100.0,11.5,20.029,20.08
2023-11-25 14:00:00+01:00,100.0,17.3,29.7425,30.8035
2023-11-25 15:00:00+01:00,100.0,9.7,16.426499999999997,16.426499999999997
2023-11-25 16:00:00+01:00,100.0,12.0,20.532,20.7145
2023-11-25 17:00:00+01:00,95.267,18.4,30.3715,32.3345
2023-11-25 18:00:00+01:00,85.2,23.3,35.968999999999994,41.5745
2023-11-25 19:00:00+01:00,82.3,12.7,21.584,21.8615
2023-11-25 20:00:00+01:00,84.033,14.8,25.2175,25.8155
2023-11-25 21:00:00+01:00,89.433,22.6,36.1525,40.617
2023-11-25 22:00:00+01:00,99.334,51.8,64.0955,93.6155
2023-11-25 23:00:00+01:00,100.0,37.7,48.7245,67.87950000000001
2023-11-26 00:00:00+01:00,100.0,29.6,39.3795,53.19
2023-11-26 01:00:00+01:00,100.0,23.7,32.486999999999995,42.3005
2023-11-26 02:00:00+01:00,99.966,13.7,21.653,23.948
2023-11-26 03:00:00+01:00,100.0,23.0,36.4285,41.203
2023-11-26 04:00:00+01:00,100.0,12.0,20.395,20.9045
2023-11-26 05:00:00+01:00,100.0,14.7,25.9065,26.033
2023-11-26 06:00:00+01:00,100.0,14.9,25.747,26.299
2023-11-26 07:00:00+01:00,100.0,20.6,33.9845,37.104
2023-11-26 08:00:00+01:00,100.0,19.0,31.2195,33.793499999999995
2023-11-26 09:00:00+01:00,99.2,25.1,36.7945,44.56
2023-11-26 10:00:00+01:00,85.5,16.1,25.9585,28.1445
2023-11-26 11:00:00+01:00,79.7,5.9,9.041,9.041
2023-11-26 12:00:00+01:00,75.233,8.9,14.6545,14.6545
2023-11-26 13:00:00+01:00,71.767,7.7,12.327,12.327
2023-11-26 14:00:00+01:00,69.367,5.7,8.784500000000001,8.784500000000001
2023-11-26 15:00:00+01:00,68.733,10.6,17.465,17.831
2023-11-26 16:00:00+01:00,86.0,12.7,21.325000000000003,21.861
2023-11-26 17:00:00+01:00,100.0,12.6,21.639000000000003,21.7645
2023-11-26 18:00:00+01:00,100.0,21.8,35.5105,39.656
2023-11-26 19:00:00+01:00,100.0,58.6,70.45750000000001,105.8205
2023-11-26 20:00:00+01:00,100.0,56.2,67.953,101.9315
2023-11-26 21:00:00+01:00,100.0,146.6,177.845,268.0795
2023-11-26 22:00:00+01:00,100.0,156.5,192.224,289.654
2023-11-26 23:00:00+01:00,100.0,112.7,139.4125,210.433
2023-11-27 00:00:00+01:00,100.0,107.8,134.5735,203.172
2023-11-27 01:00:00+01:00,100.0,78.5,98.582,149.1995
2023-11-27 02:00:00+01:00,100.0,63.2,79.9305,121.2275
2023-11-27 03:00:00+01:00,100.0,82.2,104.1045,157.482
2023-11-27 04:00:00+01:00,100.0,81.2,103.1705,156.0845
2023-11-27 05:00:00+01:00,100.0,46.5,60.571,89.924
2023-11-27 06:00:00+01:00,100.0,36.3,51.575,70.2185
2023-11-27 07:00:00+01:00,100.0,43.4,57.377,84.614
2023-11-27 08:00:00+01:00,100.0,60.0,74.404,112.758
2023-11-27 09:00:00+01:00,99.066,65.0,77.63499999999999,117.7105
2023-11-27 10:00:00+01:00,86.834,73.4,86.828,129.0285
2023-11-27 11:00:00+01:00,64.4,4.0,5.6315,5.6315
2023-11-27 12:00:00+01:00,60.4,4.8,7.2185,7.2185
2023-11-27 13:00:00+01:00,63.533,4.2,6.0845,6.0845
2023-11-27 14:00:00+01:00,68.567,4.3,6.269,6.269
2023-11-27 15:00:00+01:00,69.3,5.2,7.946,7.946
2023-11-27 16:00:00+01:00,69.9,6.9,10.9045,11.034
2023-11-27 17:00:00+01:00,70.034,5.4,8.2005,8.2005
2023-11-27 18:00:00+01:00,68.334,4.6,6.889,6.889
2023-11-27 19:00:00+01:00,67.534,4.3,6.213,6.213
2023-11-27 20:00:00+01:00,62.867,3.9,5.43,5.43
2023-11-27 21:00:00+01:00,56.466,3.0,3.826,3.826
2023-11-27 22:00:00+01:00,53.033,2.4,2.8345,2.8345
2023-11-27 23:00:00+01:00,56.6,22.5,34.5565,39.647
2023-11-28 00:00:00+01:00,66.867,9.7,14.602,16.072000000000003
2023-11-28 01:00:00+01:00,70.567,1.1,0.6214999999999999,0.6214999999999999
2023-11-28 02:00:00+01:00,68.233,1.3,0.8505,0.8505
2023-11-28 03:00:00+01:00,68.1,1.5,1.2705,1.2705
2023-11-28 04:00:00+01:00,69.166,1.0,0.5225,0.5225
2023-11-28 05:00:00+01:00,75.533,1.4,1.1295,1.1295
2023-11-28 06:00:00+01:00,79.666,2.4,3.0225,3.0225
2023-11-28 07:00:00+01:00,87.3,18.3,28.457,32.7205
2023-11-28 08:00:00+01:00,98.534,55.8,66.2295,97.9465
2023-11-28 09:00:00+01:00,100.0,45.9,55.715,80.5035
2023-11-28 10:00:00+01:00,100.0,74.2,86.0695,129.1875
2023-11-28 11:00:00+01:00,100.0,46.7,55.9505,81.469
2023-11-28 12:00:00+01:00,100.0,48.2,57.0895,83.1305
2023-11-28 13:00:00+01:00,100.0,10.2,16.4895,16.8265
2023-11-28 14:00:00+01:00,100.0,9.0,14.6285,14.812
2023-11-30 10:00:00+01:00,100.0,114.0,130.935,197.52
2023-11-30 12:00:00+01:00,100.0,110.7,127.592,192.494
2023-11-30 13:00:00+01:00,100.0,123.1,141.414,213.2395
2023-11-30 14:00:00+01:00,100.0,123.6,141.576,213.469
2023-11-30 15:00:00+01:00,98.9,42.1,49.9295,72.13900000000001
2023-11-30 16:00:00+01:00,86.067,2.4,2.6900000000000004,2.6900000000000004
2023-11-30 17:00:00+01:00,83.267,2.0,2.0225,2.022
2023-11-30 18:00:00+01:00,84.933,1.8,1.6565,1.6565
2023-11-30 19:00:00+01:00,86.9,1.8,1.6725,1.6725
2023-11-30 20:00:00+01:00,87.6,2.2,2.3355,2.3355
2023-11-30 21:00:00+01:00,87.9,2.9,3.588,3.588
2023-11-30 22:00:00+01:00,88.4,2.8,3.5,3.5
2023-11-30 23:00:00+01:00,83.967,2.6,3.179,3.179
2023-12-01 00:00:00+01:00,81.633,2.4,2.648,2.648
2023-12-01 01:00:00+01:00,83.667,2.5,3.0075000000000003,3.0075000000000003
2023-12-01 02:00:00+01:00,83.2,2.6,3.2485,3.2485
2023-12-01 03:00:00+01:00,82.4,3.6,4.704000000000001,4.8385
2023-12-01 04:00:00+01:00,79.9,2.8,3.468,3.468
2023-12-01 05:00:00+01:00,78.367,2.9,3.767,3.767
2023-12-01 06:00:00+01:00,76.9,3.0,3.8165,3.8165
2023-12-01 07:00:00+01:00,75.433,3.4,4.496,4.496
2023-12-01 08:00:00+01:00,71.434,3.3,4.327,4.327
2023-12-01 09:00:00+01:00,68.167,3.5,4.789,4.789
2023-12-01 10:00:00+01:00,62.967,3.6,4.9215,4.9215
2023-12-01 11:00:00+01:00,57.033,3.7,5.216,5.216
2023-12-01 12:00:00+01:00,55.4,3.7,5.263999999999999,5.263999999999999
2023-12-01 13:00:00+01:00,51.166,3.5,4.8505,4.8505
2023-12-01 14:00:00+01:00,46.1,3.8,5.303,5.303
2023-12-01 15:00:00+01:00,44.034,4.2,5.9985,5.9985
2023-12-01 16:00:00+01:00,46.334,4.0,5.6885,5.6885
2023-12-01 17:00:00+01:00,47.1,3.5,4.808999999999999,4.808999999999999
2023-12-01 18:00:00+01:00,46.1,3.9,5.586,5.586
2023-12-01 19:00:00+01:00,46.433,4.7,7.072,7.072
2023-12-01 20:00:00+01:00,45.666,3.7,5.091,5.091
2023-12-01 21:00:00+01:00,45.0,3.4,4.5280000000000005,4.5280000000000005
2023-12-01 22:00:00+01:00,44.233,3.4,4.5245,4.5245
2023-12-01 23:00:00+01:00,43.166,3.1,4.136,4.136
2023-12-02 00:00:00+01:00,43.966,3.3,4.373,4.373
2023-12-02 01:00:00+01:00,43.567,3.2,4.308999999999999,4.308999999999999
2023-12-02 02:00:00+01:00,43.966,3.3,4.5045,4.5045
2023-12-02 03:00:00+01:00,44.2,3.3,4.448,4.448
2023-12-02 04:00:00+01:00,45.3,3.3,4.478,4.478
2023-12-02 05:00:00+01:00,46.4,3.5,4.947,4.947
2023-12-02 06:00:00+01:00,48.534,3.9,5.578,5.578
2023-12-02 07:00:00+01:00,47.7,4.3,6.5695,6.5695
2023-12-02 08:00:00+01:00,46.2,4.7,7.144,7.144
2023-12-02 09:00:00+01:00,45.466,5.0,7.9005,7.9005
2023-12-02 10:00:00+01:00,47.233,5.1,8.053,8.053
2023-12-02 11:00:00+01:00,47.1,5.1,8.1905,8.1905
2023-12-02 12:00:00+01:00,52.767,4.7,7.3515,7.3515
2023-12-02 13:00:00+01:00,81.4,5.0,7.8925,7.8925
2023-12-02 14:00:00+01:00,98.466,6.1,9.6695,9.6695
2023-12-02 15:00:00+01:00,100.0,12.4,20.941000000000003,20.9955
2023-12-02 16:00:00+01:00,100.0,22.6,35.268,39.806
2023-12-02 17:00:00+01:00,100.0,33.6,44.6,58.677
2023-12-02 18:00:00+01:00,100.0,22.7,34.231,39.3725
2023-12-02 19:00:00+01:00,100.0,21.0,33.3105,36.182
2023-12-02 20:00:00+01:00,100.0,21.1,33.2575,36.251
2023-12-02 21:00:00+01:00,100.0,14.4,24.5145,24.625
2023-12-02 22:00:00+01:00,100.0,9.9,16.2775,16.2775
2023-12-02 23:00:00+01:00,100.0,13.9,23.487,23.7455
2023-12-03 00:00:00+01:00,100.0,11.0,18.048,18.073
2023-12-03 01:00:00+01:00,100.0,11.6,19.2785,19.28
2023-12-03 02:00:00+01:00,100.0,8.3,13.474,13.474
2023-12-03 03:00:00+01:00,100.0,8.4,13.5625,13.5625
2023-12-03 04:00:00+01:00,100.0,7.9,12.34,12.34
2023-12-03 05:00:00+01:00,100.0,7.7,12.0365,12.0365
2023-12-03 06:00:00+01:00,100.0,11.4,19.178,19.223
2023-12-03 07:00:00+01:00,100.0,12.8,21.9255,21.928
2023-12-03 08:00:00+01:00,100.0,12.5,21.446,21.453000000000003
2023-12-03 09:00:00+01:00,100.0,12.2,20.758000000000003,20.762
2023-12-03 10:00:00+01:00,100.0,17.1,28.724,29.5745
2023-12-03 11:00:00+01:00,100.0,14.8,25.015,25.3505
2023-12-03 12:00:00+01:00,89.534,12.7,21.2865,21.3745
2023-12-03 13:00:00+01:00,81.334,14.2,24.137,24.3255
2023-12-03 14:00:00+01:00,86.067,13.8,23.6795,23.9595
2023-12-03 15:00:00+01:00,88.167,18.3,30.8015,32.281499999999994
2023-12-03 16:00:00+01:00,93.667,24.4,37.358,43.6015
2023-12-03 17:00:00+01:00,99.566,46.8,57.3565,84.92750000000001
2023-12-03 18:00:00+01:00,100.0,62.4,75.666,114.214
2023-12-03 19:00:00+01:00,100.0,142.6,174.1645,262.581
2023-12-03 20:00:00+01:00,100.0,132.9,163.2105,246.1175
2023-12-03 21:00:00+01:00,100.0,79.5,97.8005,148.062
2023-12-03 22:00:00+01:00,100.0,97.4,122.7545,185.482
2023-12-03 23:00:00+01:00,100.0,68.8,87.158,132.0505
2023-12-04 00:00:00+01:00,100.0,84.7,107.8,163.0375
2023-12-04 01:00:00+01:00,100.0,77.2,99.077,149.9375
2023-12-04 02:00:00+01:00,100.0,38.7,55.281,75.7565
2023-12-04 03:00:00+01:00,100.0,59.4,77.854,118.13
2023-12-04 04:00:00+01:00,100.0,66.9,88.5375,134.17399999999998
2023-12-04 05:00:00+01:00,100.0,44.8,61.693,90.409
2023-12-04 06:00:00+01:00,100.0,56.0,76.32,113.394
2023-12-04 07:00:00+01:00,100.0,74.3,100.4835,152.12400000000002
2023-12-04 08:00:00+01:00,100.0,70.8,96.2665,143.34949999999998
2023-12-04 09:00:00+01:00,98.767,43.1,58.4945,84.03800000000001
2023-12-04 10:00:00+01:00,92.067,50.0,64.446,97.379
2023-12-04 11:00:00+01:00,86.466,68.7,84.8995,128.56650000000002
2023-12-04 12:00:00+01:00,85.2,40.9,53.5255,74.7005
2023-12-04 13:00:00+01:00,82.367,37.6,48.5215,67.0315
2023-12-04 14:00:00+01:00,82.434,50.7,59.542,90.2805
2023-12-04 15:00:00+01:00,79.434,60.2,70.4025,106.7515
2023-12-04 16:00:00+01:00,80.133,63.3,74.156,112.4175
2023-12-04 17:00:00+01:00,84.633,114.1,134.97750000000002,203.7115
2023-12-04 18:00:00+01:00,86.133,91.7,108.8335,164.547
2023-12-04 19:00:00+01:00,85.7,107.8,128.54399999999998,194.0785
2023-12-04 20:00:00+01:00,85.7,84.2,100.7345,152.3715
2023-12-04 21:00:00+01:00,87.333,94.1,113.018,170.79149999999998
2023-12-04 22:00:00+01:00,87.267,108.6,130.262,196.7035
2023-12-04 23:00:00+01:00,96.233,139.4,166.9065,251.665
2023-12-05 00:00:00+01:00,98.333,135.7,163.2025,246.073
2023-12-05 01:00:00+01:00,99.6,121.1,143.9765,217.1975
2023-12-05 02:00:00+01:00,97.867,96.3,114.918,173.6275
2023-12-05 03:00:00+01:00,100.0,115.9,140.4075,211.896
2023-12-05 04:00:00+01:00,100.0,98.6,119.42,180.4325
2023-12-05 05:00:00+01:00,100.0,99.1,120.683,182.3785
2023-12-05 06:00:00+01:00,100.0,102.8,125.5675,189.6605
2023-12-05 07:00:00+01:00,100.0,108.8,132.4325,199.9205
2023-12-05 08:00:00+01:00,100.0,116.0,139.56400000000002,210.6645
2023-12-05 09:00:00+01:00,100.0,117.1,138.3955,208.853
2023-12-05 10:00:00+01:00,99.966,121.2,140.626,212.1095
2023-12-05 11:00:00+01:00,93.1,124.5,142.8675,215.4045
2023-12-05 12:00:00+01:00,96.767,135.8,155.643,234.56
2023-12-05 13:00:00+01:00,100.0,161.1,183.399,276.227
2023-12-05 14:00:00+01:00,100.0,177.1,201.5905,303.551
2023-12-05 15:00:00+01:00,100.0,145.6,166.377,250.692
2023-12-05 16:00:00+01:00,100.0,109.3,124.965,188.6145
2023-12-05 17:00:00+01:00,100.0,105.4,120.4035,181.7475
2023-12-05 18:00:00+01:00,100.0,92.5,105.4055,159.329
2023-12-05 19:00:00+01:00,100.0,94.3,107.572,162.448
2023-12-05 20:00:00+01:00,100.0,100.9,114.9355,173.5075
2023-12-05 21:00:00+01:00,100.0,138.7,157.977,238.044
2023-12-05 22:00:00+01:00,100.0,127.3,144.877,218.4405
2023-12-05 23:00:00+01:00,100.0,71.8,82.4805,124.7995
2023-12-06 00:00:00+01:00,100.0,56.1,66.405,97.9505
2023-12-06 01:00:00+01:00,100.0,23.6,37.295,42.461
2023-12-06 02:00:00+01:00,100.0,17.1,30.3625,31.329500000000003
2023-12-06 03:00:00+01:00,100.0,16.3,29.8475,30.301
2023-12-06 04:00:00+01:00,100.0,18.1,32.367000000000004,33.8025
2023-12-06 05:00:00+01:00,100.0,23.1,37.886,42.7925
2023-12-06 06:00:00+01:00,100.0,28.3,42.6745,52.03
2023-12-06 07:00:00+01:00,100.0,38.7,51.252,69.171
2023-12-06 08:00:00+01:00,100.0,32.6,44.372,57.7495
2023-12-06 09:00:00+01:00,100.0,28.3,41.3155,50.2865
2023-12-06 10:00:00+01:00,100.0,38.6,50.697,68.2085
2023-12-06 11:00:00+01:00,100.0,43.8,55.7775,77.672
2023-12-06 12:00:00+01:00,100.0,29.7,42.4205,52.854
2023-12-06 13:00:00+01:00,100.0,25.7,38.815,45.4755
2023-12-06 14:00:00+01:00,100.0,29.0,41.882,51.051
2023-12-06 15:00:00+01:00,100.0,30.8,43.074,53.536
2023-12-06 16:00:00+01:00,100.0,32.7,44.7415,57.3475
2023-12-06 17:00:00+01:00,100.0,32.5,44.4635,56.928
2023-12-06 18:00:00+01:00,100.0,33.6,44.915000000000006,58.4815
2023-12-06 19:00:00+01:00,100.0,32.9,44.3235,57.308
2023-12-06 20:00:00+01:00,100.0,30.6,42.534000000000006,53.1845
2023-12-06 21:00:00+01:00,100.0,28.4,40.6565,49.1645
2023-12-06 22:00:00+01:00,100.0,26.2,38.6085,45.069
2023-12-06 23:00:00+01:00,100.0,22.5,34.966,38.698
2023-12-07 00:00:00+01:00,100.0,20.0,32.369,34.3865
2023-12-07 01:00:00+01:00,100.0,17.0,28.176,28.757
2023-12-07 02:00:00+01:00,100.0,19.1,29.94,32.625
2023-12-07 03:00:00+01:00,100.0,27.0,39.5415,46.885000000000005
2023-12-07 04:00:00+01:00,100.0,25.9,38.7655,45.362
2023-12-07 05:00:00+01:00,100.0,22.6,35.116,39.0495
2023-12-07 06:00:00+01:00,100.0,20.8,33.3815,36.1205
2023-12-07 07:00:00+01:00,100.0,28.0,40.152,48.2505
2023-12-07 08:00:00+01:00,100.0,64.3,75.267,113.4655
2023-12-07 09:00:00+01:00,100.0,50.5,58.822500000000005,89.09649999999999
2023-12-07 10:00:00+01:00,100.0,44.5,53.8535,79.5405
2023-12-07 11:00:00+01:00,99.834,33.2,45.535,60.232
2023-12-07 12:00:00+01:00,98.1,42.8,53.5635,75.4185
2023-12-07 13:00:00+01:00,100.0,24.2,36.341,42.09
2023-12-07 14:00:00+01:00,100.0,19.2,31.464,33.3475
2023-12-07 15:00:00+01:00,100.0,32.9,43.7655,57.8425
2023-12-07 16:00:00+01:00,100.0,52.4,60.833,92.3345
2023-12-07 17:00:00+01:00,100.0,87.6,101.4355,153.247
2023-12-07 18:00:00+01:00,100.0,89.3,103.8645,156.9195
2023-12-07 19:00:00+01:00,100.0,133.8,156.65550000000002,236.177
2023-12-07 20:00:00+01:00,100.0,113.5,133.68099999999998,201.825
2023-12-07 21:00:00+01:00,100.0,48.6,57.775,87.733
2023-12-07 22:00:00+01:00,100.0,61.0,73.14750000000001,110.9725
2023-12-07 23:00:00+01:00,100.0,50.8,63.304,92.235
2023-12-08 00:00:00+01:00,100.0,31.3,44.9735,57.035
2023-12-08 01:00:00+01:00,100.0,75.8,95.021,140.316
2023-12-08 02:00:00+01:00,100.0,58.5,73.964,109.0035
2023-12-08 03:00:00+01:00,100.0,31.2,45.064,57.3895
2023-12-08 04:00:00+01:00,100.0,46.4,60.1725,88.6735
2023-12-08 05:00:00+01:00,100.0,59.1,74.447,113.002
2023-12-08 06:00:00+01:00,100.0,72.4,92.5435,140.14350000000002
2023-12-08 07:00:00+01:00,100.0,86.8,111.5075,168.6125
2023-12-08 08:00:00+01:00,100.0,127.5,162.2565,244.7325
2023-12-08 09:00:00+01:00,100.0,168.8,209.4195,315.4775
2023-12-08 10:00:00+01:00,100.0,96.8,115.996,175.2685
2023-12-08 11:00:00+01:00,92.4,41.8,53.7775,73.59049999999999
2023-12-08 12:00:00+01:00,83.1,69.5,81.6075,122.7795
2023-12-08 13:00:00+01:00,81.166,60.3,69.8015,105.8095
2023-12-08 14:00:00+01:00,81.133,46.7,55.148,81.707
2023-12-08 15:00:00+01:00,83.167,43.7,52.1965,76.5035
2023-12-08 16:00:00+01:00,88.633,79.2,91.6535,138.51850000000002
2023-12-08 17:00:00+01:00,99.267,183.6,210.8335,317.429
2023-12-08 18:00:00+01:00,100.0,180.3,210.8075,317.464
2023-12-08 19:00:00+01:00,100.0,190.3,224.424,337.9105
2023-12-08 20:00:00+01:00,100.0,202.2,241.386,363.4215
2023-12-08 21:00:00+01:00,100.0,238.4,285.12850000000003,429.0065
2023-12-08 22:00:00+01:00,100.0,217.2,263.33500000000004,396.305
2023-12-08 23:00:00+01:00,100.0,168.4,206.918,311.6545
2023-12-09 00:00:00+01:00,100.0,116.7,142.92149999999998,215.69
2023-12-09 01:00:00+01:00,100.0,83.5,100.936,152.6615
2023-12-09 02:00:00+01:00,100.0,82.2,99.681,150.79399999999998
2023-12-09 03:00:00+01:00,100.0,66.7,81.50200000000001,123.584
2023-12-09 04:00:00+01:00,100.0,57.9,72.09700000000001,109.515
2023-12-09 05:00:00+01:00,100.0,49.2,61.4235,92.924
2023-12-09 06:00:00+01:00,100.0,47.9,59.658,90.363
2023-12-09 07:00:00+01:00,100.0,53.1,66.2265,100.671
2023-12-09 08:00:00+01:00,100.0,61.5,77.395,117.4585
2023-12-09 09:00:00+01:00,100.0,63.5,79.5695,120.6465
2023-12-09 10:00:00+01:00,100.0,62.0,76.566,115.3295
2023-12-09 11:00:00+01:00,100.0,47.4,58.1295,87.29650000000001
2023-12-09 12:00:00+01:00,100.0,65.3,78.8185,119.628
2023-12-09 13:00:00+01:00,100.0,58.3,70.0985,105.979
2023-12-09 14:00:00+01:00,100.0,54.1,65.187,98.977
2023-12-09 15:00:00+01:00,100.0,54.2,64.80699999999999,98.6165
2023-12-09 16:00:00+01:00,100.0,54.9,65.35,99.369
2023-12-09 17:00:00+01:00,100.0,51.5,62.6055,92.964
2023-12-09 18:00:00+01:00,100.0,53.7,64.3165,97.373
2023-12-09 19:00:00+01:00,100.0,64.1,76.63300000000001,116.27
2023-12-09 20:00:00+01:00,100.0,73.6,89.1045,134.94400000000002
2023-12-09 21:00:00+01:00,100.0,57.8,70.1765,106.585
2023-12-09 22:00:00+01:00,100.0,51.9,63.5895,96.73
2023-12-09 23:00:00+01:00,100.0,54.7,67.25,102.159
2023-12-10 00:00:00+01:00,100.0,53.8,66.4685,101.0665
2023-12-10 01:00:00+01:00,100.0,54.1,66.33,100.86
2023-12-10 02:00:00+01:00,100.0,49.6,61.4025,92.8885
2023-12-10 03:00:00+01:00,100.0,42.1,53.8115,78.27199999999999
2023-12-10 04:00:00+01:00,100.0,45.5,56.731,84.696
2023-12-10 05:00:00+01:00,100.0,41.2,53.2395,76.4125
2023-12-10 06:00:00+01:00,100.0,42.6,53.817,78.755
2023-12-10 07:00:00+01:00,100.0,48.8,59.556,90.15
2023-12-10 08:00:00+01:00,100.0,66.3,80.179,121.572
2023-12-10 09:00:00+01:00,100.0,80.4,96.213,145.59550000000002
2023-12-10 10:00:00+01:00,100.0,89.2,106.849,161.51600000000002
2023-12-10 11:00:00+01:00,100.0,139.8,164.838,248.534
2023-12-10 12:00:00+01:00,100.0,165.1,190.509,286.9495
2023-12-10 13:00:00+01:00,100.0,182.2,208.6415,314.0485
2023-12-10 14:00:00+01:00,100.0,182.3,207.8735,312.9255
2023-12-10 15:00:00+01:00,100.0,187.6,212.8715,320.414
2023-12-10 16:00:00+01:00,100.0,243.1,273.053,410.6835
2023-12-10 17:00:00+01:00,100.0,253.7,284.6475,428.0665
2023-12-10 18:00:00+01:00,100.0,376.8,413.922,621.9705
2023-12-10 19:00:00+01:00,100.0,383.0,421.163,632.74
2023-12-10 20:00:00+01:00,100.0,324.6,360.747,542.2735
2023-12-10 21:00:00+01:00,100.0,315.1,359.8365,541.0385
2023-12-10 22:00:00+01:00,100.0,267.2,309.002,464.727
2023-12-10 23:00:00+01:00,100.0,242.1,279.637,420.678
2023-12-11 00:00:00+01:00,100.0,198.8,237.2645,357.203
2023-12-11 01:00:00+01:00,100.0,171.6,206.98,311.806
2023-12-11 02:00:00+01:00,100.0,141.5,171.421,258.451
2023-12-11 03:00:00+01:00,100.0,121.1,146.824,221.535
2023-12-11 04:00:00+01:00,100.0,94.1,113.54,171.61
2023-12-11 05:00:00+01:00,100.0,103.1,124.186,187.5555
2023-12-11 06:00:00+01:00,100.0,121.5,145.687,219.824
2023-12-11 07:00:00+01:00,100.0,153.4,182.5065,275.025
2023-12-11 08:00:00+01:00,100.0,177.1,208.0715,313.4565
2023-12-11 09:00:00+01:00,100.0,141.2,164.035,247.2355
2023-12-11 10:00:00+01:00,100.0,105.7,122.599,185.0085
2023-12-11 11:00:00+01:00,100.0,116.7,134.7985,203.3215
2023-12-11 12:00:00+01:00,83.3,46.9,56.085,81.453
2023-12-11 13:00:00+01:00,59.6,5.3,7.9635,7.9635
2023-12-11 14:00:00+01:00,55.233,4.3,6.066000000000001,6.066000000000001
2023-12-11 15:00:00+01:00,57.067,8.6,14.351,14.3555
2023-12-11 16:00:00+01:00,61.0,12.4,21.2505,21.5485
2023-12-11 17:00:00+01:00,83.867,9.5,15.5225,15.7355
2023-12-11 18:00:00+01:00,100.0,20.4,31.2455,35.504999999999995
2023-12-11 19:00:00+01:00,97.3,8.7,14.2355,14.254
2023-12-11 20:00:00+01:00,92.0,29.0,38.1925,50.787000000000006
2023-12-11 21:00:00+01:00,99.4,81.5,94.291,142.5765
2023-12-11 22:00:00+01:00,100.0,95.9,111.03,167.579
2023-12-11 23:00:00+01:00,93.367,8.0,11.423,12.902
2023-12-12 00:00:00+01:00,86.8,2.3,2.4845,2.4845
2023-12-12 01:00:00+01:00,85.9,1.6,1.2945,1.2945
2023-12-12 02:00:00+01:00,85.0,1.4,1.0655,1.0655
2023-12-12 03:00:00+01:00,89.4,16.5,22.207500000000003,28.2145
2023-12-12 04:00:00+01:00,100.0,20.1,29.2515,34.858000000000004
2023-12-12 05:00:00+01:00,100.0,49.4,57.2465,86.7085
2023-12-12 06:00:00+01:00,100.0,45.7,53.2985,79.84649999999999
2023-12-12 07:00:00+01:00,100.0,68.0,78.41,118.7125
2023-12-12 08:00:00+01:00,100.0,76.6,88.388,133.7065
2023-12-12 09:00:00+01:00,100.0,91.2,105.149,158.84300000000002
2023-12-12 10:00:00+01:00,100.0,74.4,86.3305,130.614
2023-12-12 11:00:00+01:00,100.0,79.0,91.8925,138.989
2023-12-12 12:00:00+01:00,100.0,136.9,156.534,235.928
2023-12-12 13:00:00+01:00,100.0,175.9,199.232,299.9285
2023-12-12 14:00:00+01:00,100.0,170.4,193.891,291.945
2023-12-12 15:00:00+01:00,100.0,173.8,196.886,296.435
2023-12-12 16:00:00+01:00,100.0,156.6,177.8945,267.992
2023-12-12 17:00:00+01:00,100.0,122.7,140.00099999999998,211.118
2023-12-12 18:00:00+01:00,100.0,184.6,208.603,313.981
2023-12-12 19:00:00+01:00,100.0,204.7,230.2115,346.43
2023-12-12 20:00:00+01:00,100.0,203.6,229.283,345.04600000000005
2023-12-12 21:00:00+01:00,100.0,220.7,248.255,373.4775
2023-12-12 22:00:00+01:00,100.0,283.1,314.515,472.7905
2023-12-12 23:00:00+01:00,100.0,252.9,282.1245,424.292
2023-12-13 00:00:00+01:00,100.0,213.9,240.088,361.238
2023-12-13 01:00:00+01:00,100.0,80.3,90.774,135.626
2023-12-13 02:00:00+01:00,96.0,1.6,1.4,1.4
2023-12-13 03:00:00+01:00,90.8,1.4,0.9035,0.9035
2023-12-13 04:00:00+01:00,92.7,2.3,2.5255,2.5255
2023-12-13 05:00:00+01:00,98.7,2.0,1.956,1.956
2023-12-13 06:00:00+01:00,98.433,2.6,3.149,3.149
2023-12-13 07:00:00+01:00,94.933,4.0,5.6465,5.6465
2023-12-13 08:00:00+01:00,93.267,10.0,16.3325,16.448999999999998
2023-12-13 09:00:00+01:00,85.067,5.4,8.2595,8.2595
2023-12-13 10:00:00+01:00,74.534,3.9,5.647,5.647
2023-12-13 11:00:00+01:00,68.0,3.8,5.145,5.145
2023-12-13 12:00:00+01:00,65.9,3.1,3.9385,3.9385
2023-12-13 13:00:00+01:00,65.934,3.6,4.9725,4.9725
2023-12-13 14:00:00+01:00,84.434,24.3,34.2,41.814
2023-12-13 15:00:00+01:00,100.0,29.2,40.449,50.4935
2023-12-13 16:00:00+01:00,100.0,23.0,35.0385,39.885
2023-12-13 17:00:00+01:00,100.0,31.0,42.5725,54.178
2023-12-13 18:00:00+01:00,100.0,37.6,47.1815,64.947
2023-12-13 19:00:00+01:00,100.0,30.6,42.0395,53.1465
2023-12-13 20:00:00+01:00,100.0,25.6,36.7315,44.5645
2023-12-13 21:00:00+01:00,100.0,12.8,21.693,21.7195
2023-12-13 22:00:00+01:00,100.0,18.1,29.6995,31.623
2023-12-13 23:00:00+01:00,100.0,20.2,32.5315,35.3695
2023-12-14 00:00:00+01:00,100.0,20.9,32.0505,36.2985
2023-12-14 01:00:00+01:00,100.0,55.2,62.966,95.5685
2023-12-14 02:00:00+01:00,100.0,41.6,50.2725,72.226
2023-12-14 03:00:00+01:00,100.0,21.4,32.2185,36.337
2023-12-14 04:00:00+01:00,100.0,9.8,15.379,15.45
2023-12-14 05:00:00+01:00,100.0,6.2,9.308,9.308
2023-12-14 06:00:00+01:00,100.0,14.1,21.22,23.5195
2023-12-14 07:00:00+01:00,100.0,26.2,37.3305,45.441500000000005
2023-12-14 08:00:00+01:00,100.0,25.8,38.229,44.685
2023-12-14 09:00:00+01:00,100.0,35.0,45.3745,60.4295
2023-12-14 10:00:00+01:00,100.0,26.2,38.1815,45.414
2023-12-14 11:00:00+01:00,100.0,17.2,27.877,29.9255
2023-12-14 12:00:00+01:00,100.0,19.0,30.82,33.376999999999995
2023-12-14 13:00:00+01:00,100.0,12.7,21.354,21.515
2023-12-14 14:00:00+01:00,100.0,11.9,20.274,20.32
2023-12-14 15:00:00+01:00,100.0,17.4,27.9465,30.221
2023-12-14 16:00:00+01:00,100.0,24.9,37.6675,44.05
2023-12-14 17:00:00+01:00,100.0,29.7,42.0585,52.2195
2023-12-14 18:00:00+01:00,100.0,34.4,45.6135,60.575
2023-12-14 19:00:00+01:00,100.0,35.8,46.769000000000005,63.337
2023-12-14 20:00:00+01:00,100.0,76.4,88.625,134.0475
2023-12-14 21:00:00+01:00,100.0,101.9,117.605,177.50650000000002
2023-12-14 22:00:00+01:00,100.0,124.1,142.83350000000002,215.338
2023-12-14 23:00:00+01:00,100.0,97.7,113.02,170.64
2023-12-15 00:00:00+01:00,100.0,75.8,87.233,131.945
2023-12-15 01:00:00+01:00,100.0,65.5,75.869,114.1485
2023-12-15 02:00:00+01:00,100.0,40.4,49.605,70.56049999999999
2023-12-15 03:00:00+01:00,100.0,54.5,63.404,95.2675
2023-12-15 04:00:00+01:00,100.0,39.4,48.9545,69.02449999999999
2023-12-15 05:00:00+01:00,100.0,31.1,42.8155,54.2755
2023-12-15 06:00:00+01:00,100.0,29.8,41.719,52.1655
2023-12-15 07:00:00+01:00,100.0,47.8,57.1185,83.9885
2023-12-15 08:00:00+01:00,100.0,67.1,77.58850000000001,117.481
2023-12-15 09:00:00+01:00,100.0,92.3,106.7595,161.24349999999998
2023-12-15 10:00:00+01:00,100.0,82.1,94.402,142.6725
2023-12-15 11:00:00+01:00,100.0,40.0,50.4155,69.72900000000001
2023-12-15 12:00:00+01:00,98.3,19.1,31.14,33.154
2023-12-15 13:00:00+01:00,94.433,16.1,27.0415,27.61
2023-12-15 14:00:00+01:00,87.7,16.0,26.859,27.69
2023-12-15 15:00:00+01:00,85.133,14.5,24.465,24.7105
2023-12-15 16:00:00+01:00,87.533,17.6,28.831,30.265
2023-12-15 17:00:00+01:00,87.633,25.6,38.1835,44.6605
2023-12-15 18:00:00+01:00,78.267,25.2,37.389,43.9865
2023-12-15 19:00:00+01:00,71.5,19.8,32.302,34.686
2023-12-15 20:00:00+01:00,71.834,21.3,34.007,37.225
2023-12-15 21:00:00+01:00,75.2,19.3,31.284,33.426500000000004
2023-12-15 22:00:00+01:00,77.5,15.6,25.922,26.516
2023-12-15 23:00:00+01:00,78.6,13.8,23.3525,23.4325
2023-12-16 00:00:00+01:00,76.7,11.6,19.274,19.274
2023-12-16 01:00:00+01:00,81.434,22.8,34.5125,40.0305
2023-12-16 02:00:00+01:00,91.867,37.3,48.2735,66.315
2023-12-16 03:00:00+01:00,98.267,44.5,56.2995,79.26150000000001
2023-12-16 04:00:00+01:00,100.0,51.2,60.5915,91.843
2023-12-16 05:00:00+01:00,100.0,35.1,47.218,63.497
2023-12-16 06:00:00+01:00,100.0,31.4,45.2205,57.868
2023-12-16 07:00:00+01:00,100.0,41.0,53.757,76.464
2023-12-16 08:00:00+01:00,100.0,53.7,65.75,99.857
2023-12-16 09:00:00+01:00,100.0,63.8,76.7185,116.317
2023-12-16 10:00:00+01:00,95.6,45.0,54.674,80.16149999999999
2023-12-16 11:00:00+01:00,80.267,30.3,41.7205,53.1005
2023-12-16 12:00:00+01:00,76.633,30.9,42.372,53.8335
2023-12-16 13:00:00+01:00,72.9,15.7,26.246,26.632
2023-12-16 14:00:00+01:00,70.5,15.4,25.74,26.037
2023-12-16 15:00:00+01:00,71.6,22.6,34.128,38.9145
2023-12-16 16:00:00+01:00,77.034,54.3,63.0,95.398
2023-12-16 17:00:00+01:00,86.8,80.5,93.7435,141.72050000000002
2023-12-16 18:00:00+01:00,95.267,126.0,147.9465,223.1195
2023-12-16 19:00:00+01:00,99.633,149.0,176.6325,266.2675
2023-12-16 20:00:00+01:00,100.0,62.6,75.1995,113.961
2023-12-16 21:00:00+01:00,100.0,94.4,114.6265,173.269
2023-12-16 22:00:00+01:00,100.0,166.9,205.0665,308.9305
2023-12-16 23:00:00+01:00,100.0,84.7,107.406,158.401
2023-12-17 00:00:00+01:00,100.0,33.6,47.55,62.491
2023-12-17 01:00:00+01:00,100.0,35.4,49.2915,66.246
2023-12-17 02:00:00+01:00,100.0,27.6,42.281,51.746
2023-12-17 03:00:00+01:00,100.0,18.7,32.9755,34.476
2023-12-17 04:00:00+01:00,100.0,22.3,36.646,41.6675
2023-12-17 05:00:00+01:00,100.0,23.0,35.726,43.011
2023-12-17 06:00:00+01:00,100.0,46.0,62.349,89.18199999999999
2023-12-17 07:00:00+01:00,100.0,45.5,60.105,88.31700000000001
2023-12-17 08:00:00+01:00,100.0,37.7,52.074,72.7435
2023-12-17 09:00:00+01:00,99.2,23.2,37.5395,42.74
2023-12-17 10:00:00+01:00,90.534,33.6,45.6565,60.8895
2023-12-17 11:00:00+01:00,82.034,44.8,53.8855,80.8565
2023-12-17 12:00:00+01:00,70.934,25.0,36.917,44.9725
2023-12-17 13:00:00+01:00,62.3,14.0,24.3825,24.5375
2023-12-17 14:00:00+01:00,58.633,26.0,37.0475,45.67100000000001
2023-12-17 15:00:00+01:00,60.566,48.0,56.707,84.938
2023-12-17 16:00:00+01:00,67.7,110.8,128.231,193.439
2023-12-17 17:00:00+01:00,79.633,160.7,185.783,279.8275
2023-12-17 18:00:00+01:00,89.633,170.4,198.7185,299.261
2023-12-17 19:00:00+01:00,96.466,164.3,193.872,292.111
2023-12-17 20:00:00+01:00,99.966,140.3,167.16500000000002,252.029
2023-12-17 21:00:00+01:00,100.0,53.2,64.134,97.073
2023-12-17 22:00:00+01:00,100.0,54.7,66.14750000000001,100.1775
2023-12-17 23:00:00+01:00,100.0,43.7,55.0365,80.345
2023-12-18 00:00:00+01:00,100.0,105.6,129.243,195.1145
2023-12-18 01:00:00+01:00,100.0,72.5,90.5225,135.33350000000002
2023-12-18 02:00:00+01:00,100.0,99.1,122.538,185.1705
2023-12-18 03:00:00+01:00,100.0,84.0,104.315,157.7575
2023-12-18 04:00:00+01:00,100.0,65.0,80.719,122.3775
2023-12-18 05:00:00+01:00,100.0,71.2,88.60499999999999,134.256
2023-12-18 06:00:00+01:00,100.0,84.6,105.7895,160.0215
2023-12-18 07:00:00+01:00,100.0,77.7,97.0115,146.82
2023-12-18 08:00:00+01:00,100.0,102.2,126.96,191.777
2023-12-18 09:00:00+01:00,100.0,83.8,101.423,153.38
2023-12-18 10:00:00+01:00,96.334,67.1,78.8845,119.5095
2023-12-18 11:00:00+01:00,82.2,51.8,63.6535,93.903
2023-12-18 12:00:00+01:00,64.733,38.3,49.1605,69.4185
2023-12-18 13:00:00+01:00,61.5,39.2,49.6845,69.886
2023-12-18 14:00:00+01:00,58.266,87.4,101.403,153.1945
2023-12-18 15:00:00+01:00,62.0,97.0,111.7985,168.7875
2023-12-18 16:00:00+01:00,70.233,123.1,142.55,214.899
2023-12-18 17:00:00+01:00,84.667,255.8,290.29200000000003,436.5165
2023-12-18 18:00:00+01:00,95.633,260.3,295.527,444.378
2023-12-18 19:00:00+01:00,100.0,291.2,329.5785,495.502
2023-12-18 20:00:00+01:00,100.0,258.3,295.2045,444.018
2023-12-18 21:00:00+01:00,100.0,289.4,331.303,498.091
2023-12-18 22:00:00+01:00,100.0,256.4,297.09900000000005,446.933
2023-12-18 23:00:00+01:00,100.0,194.8,229.073,344.9175
2023-12-19 00:00:00+01:00,100.0,156.9,186.2165,280.6225
2023-12-19 01:00:00+01:00,100.0,189.8,226.294,340.72950000000003
2023-12-19 02:00:00+01:00,100.0,182.3,218.339,328.822
2023-12-19 03:00:00+01:00,100.0,161.0,193.245,291.1725
2023-12-19 04:00:00+01:00,100.0,130.2,157.434,237.468
2023-12-19 05:00:00+01:00,100.0,114.4,139.13150000000002,209.9905
2023-12-19 06:00:00+01:00,100.0,110.8,135.1225,203.9645
2023-12-19 07:00:00+01:00,100.0,109.4,134.2115,202.5955
2023-12-19 08:00:00+01:00,100.0,137.9,166.32999999999998,250.7775
2023-12-19 09:00:00+01:00,100.0,125.9,147.698,222.737
2023-12-19 10:00:00+01:00,99.1,93.3,109.2015,164.9395
2023-12-19 11:00:00+01:00,85.666,105.5,123.7885,186.8
2023-12-19 12:00:00+01:00,72.133,56.8,67.6025,102.271
2023-12-19 13:00:00+01:00,66.1,85.5,98.6345,149.0595
2023-12-19 14:00:00+01:00,67.9,72.7,83.988,127.1175
2023-12-19 15:00:00+01:00,71.834,64.8,74.87,113.416
2023-12-19 16:00:00+01:00,81.333,107.5,124.159,187.3345
2023-12-19 17:00:00+01:00,95.6,165.5,190.3225,286.5795
2023-12-19 18:00:00+01:00,100.0,209.5,239.2875,360.0075
2023-12-19 19:00:00+01:00,100.0,243.9,277.21000000000004,416.883
2023-12-19 20:00:00+01:00,100.0,246.2,281.332,423.117
2023-12-19 21:00:00+01:00,100.0,240.1,275.5235,414.4175
2023-12-19 22:00:00+01:00,100.0,282.7,324.978,488.7825
2023-12-19 23:00:00+01:00,100.0,251.2,294.3895,442.8475
2023-12-20 00:00:00+01:00,100.0,242.1,284.799,428.4595
2023-12-20 01:00:00+01:00,100.0,227.6,270.1485,406.5195
2023-12-20 02:00:00+01:00,100.0,224.1,266.6745,401.3415
2023-12-20 03:00:00+01:00,100.0,220.8,264.0815,397.3955
2023-12-20 04:00:00+01:00,100.0,200.8,240.8315,362.555
2023-12-20 05:00:00+01:00,100.0,208.2,250.7355,377.4245
2023-12-20 06:00:00+01:00,100.0,175.8,213.108,320.986
2023-12-20 07:00:00+01:00,100.0,137.6,167.756,252.9305
2023-12-20 08:00:00+01:00,100.0,133.6,161.61700000000002,243.7185
2023-12-20 09:00:00+01:00,100.0,140.7,165.96800000000002,250.142
2023-12-20 10:00:00+01:00,100.0,176.5,203.525,306.487
2023-12-20 11:00:00+01:00,99.966,191.2,219.0755,329.7345
2023-12-20 12:00:00+01:00,84.867,109.2,126.918,191.488
2023-12-20 13:00:00+01:00,69.6,86.2,103.0585,149.8415
2023-12-20 14:00:00+01:00,61.367,26.0,38.544,45.1175
2023-12-20 15:00:00+01:00,59.7,28.0,40.3475,48.941
2023-12-20 16:00:00+01:00,61.8,39.6,49.344,69.453
2023-12-20 17:00:00+01:00,67.434,32.6,44.1725,57.343
2023-12-20 18:00:00+01:00,72.6,22.6,35.2625,39.3915
2023-12-20 19:00:00+01:00,77.0,27.4,40.025,48.336
2023-12-20 20:00:00+01:00,80.267,39.1,49.2475,69.019
2023-12-20 21:00:00+01:00,84.667,91.1,105.036,158.6655
2023-12-20 22:00:00+01:00,92.267,129.5,149.51049999999998,225.3745
2023-12-20 23:00:00+01:00,97.5,109.7,126.4945,190.8365
2023-12-21 00:00:00+01:00,100.0,114.3,131.8055,198.8265
2023-12-21 01:00:00+01:00,100.0,124.4,143.156,215.839
2023-12-21 02:00:00+01:00,100.0,109.3,125.6515,189.565
2023-12-21 03:00:00+01:00,100.0,118.4,136.0285,205.145
2023-12-21 04:00:00+01:00,100.0,87.5,100.5485,151.898
2023-12-21 05:00:00+01:00,100.0,121.8,140.048,211.2155
2023-12-21 06:00:00+01:00,100.0,129.8,149.416,225.2945
2023-12-21 07:00:00+01:00,100.0,149.6,173.05149999999998,260.7355
2023-12-21 08:00:00+01:00,100.0,96.6,112.012,169.216
2023-12-21 09:00:00+01:00,100.0,68.9,79.46199999999999,120.32
2023-12-21 10:00:00+01:00,99.466,61.7,72.39850000000001,109.747
2023-12-21 11:00:00+01:00,87.5,48.9,58.5915,88.1755
2023-12-21 12:00:00+01:00,75.934,43.1,53.1765,76.5635
2023-12-21 13:00:00+01:00,67.467,55.6,64.76050000000001,98.092
2023-12-21 14:00:00+01:00,62.4,53.6,62.1895,94.215
2023-12-21 15:00:00+01:00,65.066,70.6,81.65100000000001,123.573
2023-12-21 16:00:00+01:00,73.1,99.3,115.4825,174.31
2023-12-21 17:00:00+01:00,84.5,122.3,141.6935,213.6545
2023-12-21 18:00:00+01:00,91.667,183.9,210.763,317.2755
2023-12-21 19:00:00+01:00,94.133,215.7,245.9585,370.0655
2023-12-21 20:00:00+01:00,90.6,133.7,154.723,231.408
2023-12-21 21:00:00+01:00,69.333,9.1,15.072500000000002,15.118
2023-12-21 22:00:00+01:00,62.333,7.2,11.512,11.512
2023-12-21 23:00:00+01:00,60.667,7.2,11.4335,11.4335
2023-12-22 00:00:00+01:00,60.633,6.3,9.81,9.81
2023-12-22 01:00:00+01:00,60.966,5.7,8.5785,9.381
2023-12-22 02:00:00+01:00,59.067,5.6,8.4345,8.4345
2023-12-22 03:00:00+01:00,62.033,8.7,14.0915,14.0935
2023-12-22 04:00:00+01:00,66.666,12.7,21.547,21.5755
2023-12-22 05:00:00+01:00,74.367,29.3,40.0085,50.788
2023-12-22 06:00:00+01:00,93.633,33.7,45.059,59.04600000000001
2023-12-22 07:00:00+01:00,100.0,42.4,51.9865,75.2425
2023-12-22 08:00:00+01:00,100.0,26.6,38.7515,46.6255
2023-12-22 09:00:00+01:00,100.0,40.2,51.5595,70.6175
2023-12-22 10:00:00+01:00,100.0,77.0,89.1895,134.15
2023-12-22 11:00:00+01:00,100.0,20.9,29.672,36.294
2023-12-22 12:00:00+01:00,100.0,6.1,9.5695,9.5695
2023-12-22 13:00:00+01:00,100.0,15.8,26.0365,27.6795
2023-12-22 14:00:00+01:00,100.0,22.8,34.883,40.6495
2023-12-22 15:00:00+01:00,100.0,18.0,28.9315,31.2915
2023-12-22 16:00:00+01:00,100.0,25.3,38.303,44.8735
2023-12-22 17:00:00+01:00,100.0,36.1,47.052,64.19
2023-12-22 18:00:00+01:00,100.0,71.8,84.197,126.28
2023-12-22 19:00:00+01:00,100.0,113.7,131.48250000000002,198.3505
2023-12-22 20:00:00+01:00,100.0,135.9,156.522,235.886
2023-12-22 21:00:00+01:00,100.0,131.2,151.08800000000002,227.733
2023-12-22 22:00:00+01:00,100.0,123.8,142.49,214.834
2023-12-22 23:00:00+01:00,100.0,150.6,172.317,259.55600000000004
2023-12-23 00:00:00+01:00,100.0,168.2,191.761,288.76800000000003
2023-12-23 01:00:00+01:00,100.0,181.3,206.2245,310.42150000000004
2023-12-23 02:00:00+01:00,100.0,176.6,200.88,302.422
2023-12-23 03:00:00+01:00,100.0,122.9,140.9785,212.5075
2023-12-23 04:00:00+01:00,100.0,108.6,125.028,188.7395
2023-12-23 05:00:00+01:00,100.0,94.4,109.225,165.1385
2023-12-23 06:00:00+01:00,100.0,84.9,98.813,149.5195
2023-12-23 07:00:00+01:00,100.0,86.6,101.605,153.5385
2023-12-23 08:00:00+01:00,100.0,59.3,71.939,105.5265
2023-12-23 09:00:00+01:00,100.0,91.4,105.691,159.6355
2023-12-23 10:00:00+01:00,100.0,46.5,56.118,81.53999999999999
2023-12-23 11:00:00+01:00,99.666,27.6,40.157,48.64
2023-12-23 12:00:00+01:00,90.966,12.5,20.758,21.125
2023-12-23 13:00:00+01:00,84.834,14.6,25.277,25.4705
2023-12-23 14:00:00+01:00,84.6,25.4,37.8565,44.370000000000005
2023-12-23 15:00:00+01:00,87.5,43.8,52.842,77.086
2023-12-23 16:00:00+01:00,92.133,71.7,82.976,125.5585
2023-12-23 17:00:00+01:00,99.3,159.2,183.3485,276.1305
2023-12-23 18:00:00+01:00,100.0,148.7,171.2615,257.991
2023-12-23 19:00:00+01:00,100.0,160.1,184.662,278.0965
2023-12-23 20:00:00+01:00,100.0,167.7,192.6505,290.0675
2023-12-23 21:00:00+01:00,100.0,185.9,213.21,320.904
2023-12-23 22:00:00+01:00,100.0,187.2,213.846,321.891
2023-12-23 23:00:00+01:00,100.0,198.1,226.3055,340.569
2023-12-24 00:00:00+01:00,100.0,206.2,234.735,353.2045
2023-12-24 01:00:00+01:00,100.0,166.6,190.956,287.519
2023-12-24 02:00:00+01:00,100.0,169.6,193.8355,291.85
2023-12-24 03:00:00+01:00,100.0,159.3,182.005,274.1425
2023-12-24 04:00:00+01:00,100.0,148.0,169.488,255.3225
2023-12-24 05:00:00+01:00,100.0,140.7,161.1825,242.87
2023-12-24 06:00:00+01:00,100.0,143.6,164.178,247.3675
2023-12-24 07:00:00+01:00,100.0,120.4,138.00799999999998,208.1205
2023-12-24 08:00:00+01:00,100.0,126.7,145.6325,219.562
2023-12-24 09:00:00+01:00,100.0,120.4,138.5035,208.886
2023-12-24 10:00:00+01:00,100.0,111.6,129.2555,195.0105
2023-12-24 11:00:00+01:00,86.767,83.7,98.285,148.5895
2023-12-24 12:00:00+01:00,68.867,56.7,66.626,101.0545
2023-12-24 13:00:00+01:00,61.4,63.7,74.35249999999999,112.6435
2023-12-24 14:00:00+01:00,58.9,83.8,96.721,146.18099999999998
2023-12-24 15:00:00+01:00,65.0,90.3,103.6365,156.559
2023-12-24 16:00:00+01:00,70.233,81.9,94.403,142.73399999999998
2023-12-24 17:00:00+01:00,82.7,94.7,109.2315,164.963
2023-12-24 18:00:00+01:00,89.0,142.1,162.57999999999998,244.961
2023-12-24 19:00:00+01:00,85.066,95.6,110.8735,164.664
2023-12-24 20:00:00+01:00,64.167,15.9,23.0165,27.1245
2023-12-24 21:00:00+01:00,59.9,7.4,11.7545,11.7835
2023-12-24 22:00:00+01:00,58.8,6.1,9.5855,9.5855
2023-12-24 23:00:00+01:00,58.466,6.1,9.419,9.419
2023-12-25 00:00:00+01:00,57.2,9.4,14.9805,15.48
2023-12-25 01:00:00+01:00,68.633,21.0,33.77,36.7715
2023-12-25 02:00:00+01:00,76.466,19.3,31.865,33.9295
2023-12-25 03:00:00+01:00,78.534,17.8,29.3065,30.8325
2023-12-25 04:00:00+01:00,80.466,16.3,28.164,28.5335
2023-12-25 05:00:00+01:00,81.166,14.2,24.6455,24.664
2023-12-25 06:00:00+01:00,84.3,27.7,39.4525,48.9265
2023-12-25 07:00:00+01:00,91.833,53.9,63.7465,96.064
2023-12-25 08:00:00+01:00,94.933,58.5,68.7235,104.144
2023-12-25 09:00:00+01:00,87.2,75.1,87.774,132.8035
2023-12-25 10:00:00+01:00,70.9,79.6,93.177,140.913
2023-12-25 11:00:00+01:00,55.666,41.7,51.301,73.6385
2023-12-25 12:00:00+01:00,44.867,6.2,9.8155,9.818
2023-12-25 13:00:00+01:00,43.7,9.1,15.075500000000002,15.075500000000002
2023-12-25 14:00:00+01:00,44.433,10.0,16.7425,16.748
2023-12-25 15:00:00+01:00,48.3,21.0,32.566,36.5085
2023-12-25 16:00:00+01:00,55.4,41.5,51.4585,73.4295
2023-12-25 17:00:00+01:00,69.066,84.6,98.1815,148.3515
2023-12-25 18:00:00+01:00,79.334,74.6,86.9155,131.4765
2023-12-25 19:00:00+01:00,86.9,89.8,104.529,157.882
2023-12-25 20:00:00+01:00,90.5,62.8,73.07849999999999,110.7165
2023-12-25 21:00:00+01:00,95.367,83.1,96.498,145.869
2023-12-25 22:00:00+01:00,99.867,74.4,86.6275,131.0645
2023-12-25 23:00:00+01:00,100.0,61.4,71.34800000000001,108.1675
2023-12-26 00:00:00+01:00,100.0,72.1,83.9255,127.038
2023-12-26 01:00:00+01:00,100.0,63.7,73.989,112.049
2023-12-26 02:00:00+01:00,100.0,74.6,86.7445,131.1995
2023-12-26 03:00:00+01:00,100.0,76.9,89.1175,134.7665
2023-12-26 04:00:00+01:00,100.0,63.7,73.783,111.7845
2023-12-26 05:00:00+01:00,100.0,80.1,92.98,140.691
2023-12-26 06:00:00+01:00,100.0,67.7,78.85,119.5685
2023-12-26 07:00:00+01:00,100.0,69.8,81.962,124.0655
2023-12-26 08:00:00+01:00,100.0,62.5,73.241,111.005
2023-12-26 09:00:00+01:00,100.0,115.8,134.643,203.087
2023-12-26 10:00:00+01:00,96.2,102.0,118.825,178.4785
2023-12-26 11:00:00+01:00,71.1,16.6,24.634,28.6115
2023-12-26 12:00:00+01:00,61.267,8.6,13.807,14.2615
2023-12-26 13:00:00+01:00,60.867,7.0,11.3145,11.3145
2023-12-26 14:00:00+01:00,63.066,8.0,13.0705,13.0705
2023-12-26 15:00:00+01:00,65.133,14.5,24.41,25.1055
2023-12-26 16:00:00+01:00,72.733,39.7,51.253,69.988
2023-12-26 17:00:00+01:00,85.2,128.5,148.6895,224.1145
2023-12-26 18:00:00+01:00,96.5,134.8,155.80399999999997,234.8015
2023-12-26 19:00:00+01:00,100.0,115.4,133.8525,201.8835
2023-12-26 20:00:00+01:00,100.0,94.9,110.268,166.509
2023-12-26 21:00:00+01:00,100.0,78.1,90.542,136.958
2023-12-26 22:00:00+01:00,100.0,71.5,83.666,125.491
