Site,Parameter,Date (LT),Year,Month,Day,Hour,NowCast Conc.,AQI,AQI Category,Raw Conc.,Conc. Unit,Duration,QC Name
Banja Luka,PM2.5 - Principal,2021-09-08 07:00 PM,2021,09,08,19,-999.0,-999,N/A,9.0,UG/M3,1 Hr,Valid
Banja Luka,PM2.5 - Principal,2021-09-08 08:00 PM,2021,09,08,20,10.4,43,Good,11.5,UG/M3,1 Hr,Valid
Banja Luka,PM2.5 - Principal,2021-09-08 09:00 PM,2021,09,08,21,11.8,49,Good,13.2,UG/M3,1 Hr,Valid
Banja Luka,PM2.5 - Principal,2021-09-08 10:00 PM,2021,09,08,22,16.0,59,Moderate,19.4,UG/M3,1 Hr,Valid
Banja Luka,PM2.5 - Principal,2021-09-08 11:00 PM,2021,09,08,23,17.5,62,Moderate,19.0,UG/M3,1 Hr,Valid
Banja Luka,PM2.5 - Principal,2021-09-09 12:00 AM,2021,09,09,00,17.2,62,Moderate,16.8,UG/M3,1 Hr,Valid
Banja Luka,PM2.5 - Principal,2021-09-09 01:00 AM,2021,09,09,01,16.2,60,Moderate,15.2,UG/M3,1 Hr,Valid
Banja Luka,PM2.5 - Principal,2021-09-09 02:00 AM,2021,09,09,02,16.0,59,Moderate,15.9,UG/M3,1 Hr,Valid
Banja Luka,PM2.5 - Principal,2021-09-09 03:00 AM,2021,09,09,03,15.4,58,Moderate,14.8,UG/M3,1 Hr,Valid
Banja Luka,PM2.5 - Principal,2021-09-09 04:00 AM,2021,09,09,04,14.6,56,Moderate,13.7,UG/M3,1 Hr,Valid
Banja Luka,PM2.5 - Principal,2021-09-09 05:00 AM,2021,09,09,05,13.4,54,Moderate,12.3,UG/M3,1 Hr,Valid
Banja Luka,PM2.5 - Principal,2021-09-09 06:00 AM,2021,09,09,06,12.4,52,Moderate,11.5,UG/M3,1 Hr,Valid
Banja Luka,PM2.5 - Principal,2021-09-09 07:00 AM,2021,09,09,07,12.5,52,Moderate,12.0,UG/M3,1 Hr,Valid
Banja Luka,PM2.5 - Principal,2021-09-09 08:00 AM,2021,09,09,08,13.5,54,Moderate,15.1,UG/M3,1 Hr,Valid
Banja Luka,PM2.5 - Principal,2021-09-09 09:00 AM,2021,09,09,09,13.2,53,Moderate,12.8,UG/M3,1 Hr,Valid
Banja Luka,PM2.5 - Principal,2021-09-09 10:00 AM,2021,09,09,10,13.5,54,Moderate,14.0,UG/M3,1 Hr,Valid
Banja Luka,PM2.5 - Principal,2021-09-09 11:00 AM,2021,09,09,11,13.6,54,Moderate,13.8,UG/M3,1 Hr,Valid
Banja Luka,PM2.5 - Principal,2021-09-09 12:00 PM,2021,09,09,12,13.8,55,Moderate,14.4,UG/M3,1 Hr,Valid
Banja Luka,PM2.5 - Principal,2021-09-09 01:00 PM,2021,09,09,13,13.6,54,Moderate,12.9,UG/M3,1 Hr,Valid
Banja Luka,PM2.5 - Principal,2021-09-09 02:00 PM,2021,09,09,14,13.4,54,Moderate,12.9,UG/M3,1 Hr,Valid
Banja Luka,PM2.5 - Principal,2021-09-09 03:00 PM,2021,09,09,15,13.2,53,Moderate,12.6,UG/M3,1 Hr,Valid
Banja Luka,PM2.5 - Principal,2021-09-09 04:00 PM,2021,09,09,16,13.0,53,Moderate,12.5,UG/M3,1 Hr,Valid
Banja Luka,PM2.5 - Principal,2021-09-09 05:00 PM,2021,09,09,17,11.9,50,Good,10.0,UG/M3,1 Hr,Valid
Banja Luka,PM2.5 - Principal,2021-09-09 06:00 PM,2021,09,09,18,11.3,47,Good,10.1,UG/M3,1 Hr,Valid
Banja Luka,PM2.5 - Principal,2021-09-09 07:00 PM,2021,09,09,19,10.6,44,Good,9.6,UG/M3,1 Hr,Valid
Banja Luka,PM2.5 - Principal,2021-09-09 08:00 PM,2021,09,09,20,10.9,45,Good,11.2,UG/M3,1 Hr,Valid
Banja Luka,PM2.5 - Principal,2021-09-09 09:00 PM,2021,09,09,21,14.6,56,Moderate,18.8,UG/M3,1 Hr,Valid
Banja Luka,PM2.5 - Principal,2021-09-09 10:00 PM,2021,09,09,22,17.6,63,Moderate,20.4,UG/M3,1 Hr,Valid
Banja Luka,PM2.5 - Principal,2021-09-09 11:00 PM,2021,09,09,23,17.3,62,Moderate,17.0,UG/M3,1 Hr,Valid
Banja Luka,PM2.5 - Principal,2021-09-10 12:00 AM,2021,09,10,00,19.9,67,Moderate,22.5,UG/M3,1 Hr,Valid
Banja Luka,PM2.5 - Principal,2021-09-10 01:00 AM,2021,09,10,01,16.3,60,Moderate,12.7,UG/M3,1 Hr,Valid
Banja Luka,PM2.5 - Principal,2021-09-10 02:00 AM,2021,09,10,02,14.2,55,Moderate,12.0,UG/M3,1 Hr,Valid
Banja Luka,PM2.5 - Principal,2021-09-10 03:00 AM,2021,09,10,03,13.7,54,Moderate,13.3,UG/M3,1 Hr,Valid
Banja Luka,PM2.5 - Principal,2021-09-10 04:00 AM,2021,09,10,04,12.8,52,Moderate,11.9,UG/M3,1 Hr,Valid
Banja Luka,PM2.5 - Principal,2021-09-10 05:00 AM,2021,09,10,05,13.5,54,Moderate,14.2,UG/M3,1 Hr,Valid
Banja Luka,PM2.5 - Principal,2021-09-10 06:00 AM,2021,09,10,06,13.0,53,Moderate,12.5,UG/M3,1 Hr,Valid
Banja Luka,PM2.5 - Principal,2021-09-10 07:00 AM,2021,09,10,07,12.9,53,Moderate,12.8,UG/M3,1 Hr,Valid
Banja Luka,PM2.5 - Principal,2021-09-10 08:00 AM,2021,09,10,08,13.6,54,Moderate,14.4,UG/M3,1 Hr,Valid
Banja Luka,PM2.5 - Principal,2021-09-10 09:00 AM,2021,09,10,09,14.9,57,Moderate,16.4,UG/M3,1 Hr,Valid
Banja Luka,PM2.5 - Principal,2021-09-10 10:00 AM,2021,09,10,10,15.7,59,Moderate,16.6,UG/M3,1 Hr,Valid
Banja Luka,PM2.5 - Principal,2021-09-10 11:00 AM,2021,09,10,11,15.6,58,Moderate,15.5,UG/M3,1 Hr,Valid
Banja Luka,PM2.5 - Principal,2021-09-10 12:00 PM,2021,09,10,12,15.4,58,Moderate,16.1,UG/M3,1 Hr,Valid
Banja Luka,PM2.5 - Principal,2021-09-10 01:00 PM,2021,09,10,13,14.7,56,Moderate,13.1,UG/M3,1 Hr,Valid
Banja Luka,PM2.5 - Principal,2021-09-10 02:00 PM,2021,09,10,14,14.3,56,Moderate,13.2,UG/M3,1 Hr,Valid
Banja Luka,PM2.5 - Principal,2021-09-10 03:00 PM,2021,09,10,15,14.0,55,Moderate,13.1,UG/M3,1 Hr,Valid
Banja Luka,PM2.5 - Principal,2021-09-10 04:00 PM,2021,09,10,16,13.7,54,Moderate,12.6,UG/M3,1 Hr,Valid
Banja Luka,PM2.5 - Principal,2021-09-10 05:00 PM,2021,09,10,17,13.7,54,Moderate,-999.0,UG/M3,1 Hr,Missing
Banja Luka,PM2.5 - Principal,2021-09-11 07:00 AM,2021,09,11,07,-999.0,-999,N/A,15.4,UG/M3,1 Hr,Valid
Banja Luka,PM2.5 - Principal,2021-09-11 08:00 AM,2021,09,11,08,15.9,59,Moderate,16.4,UG/M3,1 Hr,Valid
Banja Luka,PM2.5 - Principal,2021-09-11 09:00 AM,2021,09,11,09,16.7,61,Moderate,17.9,UG/M3,1 Hr,Valid
Banja Luka,PM2.5 - Principal,2021-09-11 10:00 AM,2021,09,11,10,17.2,62,Moderate,18.3,UG/M3,1 Hr,Valid
Banja Luka,PM2.5 - Principal,2021-09-11 11:00 AM,2021,09,11,11,17.5,62,Moderate,18.3,UG/M3,1 Hr,Valid
Banja Luka,PM2.5 - Principal,2021-09-11 12:00 PM,2021,09,11,12,17.3,62,Moderate,16.5,UG/M3,1 Hr,Valid
Banja Luka,PM2.5 - Principal,2021-09-11 01:00 PM,2021,09,11,13,16.8,61,Moderate,15.2,UG/M3,1 Hr,Valid
Banja Luka,PM2.5 - Principal,2021-09-11 02:00 PM,2021,09,11,14,16.3,60,Moderate,14.9,UG/M3,1 Hr,Valid
Banja Luka,PM2.5 - Principal,2021-09-11 03:00 PM,2021,09,11,15,15.9,59,Moderate,14.6,UG/M3,1 Hr,Valid
Banja Luka,PM2.5 - Principal,2021-09-11 04:00 PM,2021,09,11,16,15.4,58,Moderate,14.1,UG/M3,1 Hr,Valid
Banja Luka,PM2.5 - Principal,2021-09-11 05:00 PM,2021,09,11,17,15.1,57,Moderate,14.1,UG/M3,1 Hr,Valid
Banja Luka,PM2.5 - Principal,2021-09-11 06:00 PM,2021,09,11,18,14.8,57,Moderate,14.0,UG/M3,1 Hr,Valid
Banja Luka,PM2.5 - Principal,2021-09-11 07:00 PM,2021,09,11,19,14.1,55,Moderate,13.0,UG/M3,1 Hr,Valid
Banja Luka,PM2.5 - Principal,2021-09-11 08:00 PM,2021,09,11,20,14.1,55,Moderate,14.0,UG/M3,1 Hr,Valid
Banja Luka,PM2.5 - Principal,2021-09-11 09:00 PM,2021,09,11,21,19.0,66,Moderate,24.7,UG/M3,1 Hr,Valid
Banja Luka,PM2.5 - Principal,2021-09-11 10:00 PM,2021,09,11,22,24.2,76,Moderate,29.2,UG/M3,1 Hr,Valid
Banja Luka,PM2.5 - Principal,2021-09-11 11:00 PM,2021,09,11,23,22.6,73,Moderate,20.9,UG/M3,1 Hr,Valid
Banja Luka,PM2.5 - Principal,2021-09-12 12:00 AM,2021,09,12,00,23.4,75,Moderate,24.2,UG/M3,1 Hr,Valid
Banja Luka,PM2.5 - Principal,2021-09-12 01:00 AM,2021,09,12,01,21.9,72,Moderate,20.3,UG/M3,1 Hr,Valid
Banja Luka,PM2.5 - Principal,2021-09-12 02:00 AM,2021,09,12,02,18.3,64,Moderate,14.8,UG/M3,1 Hr,Valid
Banja Luka,PM2.5 - Principal,2021-09-12 03:00 AM,2021,09,12,03,16.3,60,Moderate,14.3,UG/M3,1 Hr,Valid
Banja Luka,PM2.5 - Principal,2021-09-12 04:00 AM,2021,09,12,04,15.3,58,Moderate,14.4,UG/M3,1 Hr,Valid
Banja Luka,PM2.5 - Principal,2021-09-12 05:00 AM,2021,09,12,05,15.4,58,Moderate,15.4,UG/M3,1 Hr,Valid
Banja Luka,PM2.5 - Principal,2021-09-12 06:00 AM,2021,09,12,06,15.4,58,Moderate,15.5,UG/M3,1 Hr,Valid
Banja Luka,PM2.5 - Principal,2021-09-12 07:00 AM,2021,09,12,07,16.2,60,Moderate,17.0,UG/M3,1 Hr,Valid
Banja Luka,PM2.5 - Principal,2021-09-12 08:00 AM,2021,09,12,08,16.7,61,Moderate,17.2,UG/M3,1 Hr,Valid
Banja Luka,PM2.5 - Principal,2021-09-12 09:00 AM,2021,09,12,09,17.3,62,Moderate,18.0,UG/M3,1 Hr,Valid
Banja Luka,PM2.5 - Principal,2021-09-12 10:00 AM,2021,09,12,10,17.3,62,Moderate,17.4,UG/M3,1 Hr,Valid
Banja Luka,PM2.5 - Principal,2021-09-12 11:00 AM,2021,09,12,11,16.9,61,Moderate,16.5,UG/M3,1 Hr,Valid
Banja Luka,PM2.5 - Principal,2021-09-12 12:00 PM,2021,09,12,12,17.1,62,Moderate,17.8,UG/M3,1 Hr,Valid
Banja Luka,PM2.5 - Principal,2021-09-12 01:00 PM,2021,09,12,13,16.6,60,Moderate,15.7,UG/M3,1 Hr,Valid
Banja Luka,PM2.5 - Principal,2021-09-12 02:00 PM,2021,09,12,14,16.6,60,Moderate,16.1,UG/M3,1 Hr,Valid
Banja Luka,PM2.5 - Principal,2021-09-12 03:00 PM,2021,09,12,15,16.6,60,Moderate,16.8,UG/M3,1 Hr,Valid
Banja Luka,PM2.5 - Principal,2021-09-12 04:00 PM,2021,09,12,16,16.6,60,Moderate,16.0,UG/M3,1 Hr,Valid
Banja Luka,PM2.5 - Principal,2021-09-12 05:00 PM,2021,09,12,17,16.4,60,Moderate,15.3,UG/M3,1 Hr,Valid
Banja Luka,PM2.5 - Principal,2021-09-12 06:00 PM,2021,09,12,18,16.2,60,Moderate,15.4,UG/M3,1 Hr,Valid
Banja Luka,PM2.5 - Principal,2021-09-12 07:00 PM,2021,09,12,19,16.1,59,Moderate,15.4,UG/M3,1 Hr,Valid
Banja Luka,PM2.5 - Principal,2021-09-12 08:00 PM,2021,09,12,20,15.8,59,Moderate,14.8,UG/M3,1 Hr,Valid
Banja Luka,PM2.5 - Principal,2021-09-12 09:00 PM,2021,09,12,21,16.7,61,Moderate,20.1,UG/M3,1 Hr,Valid
Banja Luka,PM2.5 - Principal,2021-09-12 10:00 PM,2021,09,12,22,29.7,88,Moderate,41.8,UG/M3,1 Hr,Valid
Banja Luka,PM2.5 - Principal,2021-09-12 11:00 PM,2021,09,12,23,26.2,81,Moderate,22.6,UG/M3,1 Hr,Valid
Banja Luka,PM2.5 - Principal,2021-09-13 12:00 AM,2021,09,13,00,22.9,74,Moderate,19.6,UG/M3,1 Hr,Valid
Banja Luka,PM2.5 - Principal,2021-09-13 01:00 AM,2021,09,13,01,20.9,70,Moderate,18.9,UG/M3,1 Hr,Valid
Banja Luka,PM2.5 - Principal,2021-09-13 02:00 AM,2021,09,13,02,19.1,66,Moderate,17.4,UG/M3,1 Hr,Valid
Banja Luka,PM2.5 - Principal,2021-09-13 03:00 AM,2021,09,13,03,18.1,64,Moderate,17.1,UG/M3,1 Hr,Valid
Banja Luka,PM2.5 - Principal,2021-09-13 04:00 AM,2021,09,13,04,16.1,59,Moderate,14.1,UG/M3,1 Hr,Valid
Banja Luka,PM2.5 - Principal,2021-09-13 05:00 AM,2021,09,13,05,15.0,57,Moderate,13.9,UG/M3,1 Hr,Valid
Banja Luka,PM2.5 - Principal,2021-09-13 06:00 AM,2021,09,13,06,14.4,56,Moderate,13.9,UG/M3,1 Hr,Valid
Banja Luka,PM2.5 - Principal,2021-09-13 07:00 AM,2021,09,13,07,14.4,56,Moderate,14.3,UG/M3,1 Hr,Valid
Banja Luka,PM2.5 - Principal,2021-09-13 08:00 AM,2021,09,13,08,15.5,58,Moderate,16.7,UG/M3,1 Hr,Valid
Banja Luka,PM2.5 - Principal,2021-09-13 09:00 AM,2021,09,13,09,17.1,62,Moderate,18.7,UG/M3,1 Hr,Valid
Banja Luka,PM2.5 - Principal,2021-09-13 10:00 AM,2021,09,13,10,16.7,61,Moderate,16.6,UG/M3,1 Hr,Valid
Banja Luka,PM2.5 - Principal,2021-09-13 11:00 AM,2021,09,13,11,16.5,60,Moderate,16.5,UG/M3,1 Hr,Valid
Banja Luka,PM2.5 - Principal,2021-09-13 12:00 PM,2021,09,13,12,16.5,60,Moderate,16.8,UG/M3,1 Hr,Valid
Banja Luka,PM2.5 - Principal,2021-09-13 01:00 PM,2021,09,13,13,15.9,59,Moderate,14.2,UG/M3,1 Hr,Valid
Banja Luka,PM2.5 - Principal,2021-09-13 02:00 PM,2021,09,13,14,15.0,57,Moderate,13.0,UG/M3,1 Hr,Valid
Banja Luka,PM2.5 - Principal,2021-09-13 03:00 PM,2021,09,13,15,14.0,55,Moderate,12.3,UG/M3,1 Hr,Valid
Banja Luka,PM2.5 - Principal,2021-09-13 04:00 PM,2021,09,13,16,13.2,53,Moderate,12.0,UG/M3,1 Hr,Valid
Banja Luka,PM2.5 - Principal,2021-09-13 05:00 PM,2021,09,13,17,12.5,52,Moderate,11.5,UG/M3,1 Hr,Valid
Banja Luka,PM2.5 - Principal,2021-09-13 06:00 PM,2021,09,13,18,12.4,52,Moderate,12.4,UG/M3,1 Hr,Valid
Banja Luka,PM2.5 - Principal,2021-09-13 07:00 PM,2021,09,13,19,12.5,52,Moderate,12.5,UG/M3,1 Hr,Valid
Banja Luka,PM2.5 - Principal,2021-09-13 08:00 PM,2021,09,13,20,13.9,55,Moderate,16.3,UG/M3,1 Hr,Valid
Banja Luka,PM2.5 - Principal,2021-09-13 09:00 PM,2021,09,13,21,19.0,66,Moderate,23.6,UG/M3,1 Hr,Valid
Banja Luka,PM2.5 - Principal,2021-09-13 10:00 PM,2021,09,13,22,24.6,77,Moderate,30.2,UG/M3,1 Hr,Valid
Banja Luka,PM2.5 - Principal,2021-09-13 11:00 PM,2021,09,13,23,26.8,82,Moderate,29.0,UG/M3,1 Hr,Valid
Banja Luka,PM2.5 - Principal,2021-09-14 12:00 AM,2021,09,14,00,28.3,85,Moderate,29.7,UG/M3,1 Hr,Valid
Banja Luka,PM2.5 - Principal,2021-09-14 01:00 AM,2021,09,14,01,24.1,76,Moderate,20.0,UG/M3,1 Hr,Valid
Banja Luka,PM2.5 - Principal,2021-09-14 02:00 AM,2021,09,14,02,18.9,65,Moderate,13.7,UG/M3,1 Hr,Valid
Banja Luka,PM2.5 - Principal,2021-09-14 03:00 AM,2021,09,14,03,16.2,60,Moderate,13.5,UG/M3,1 Hr,Valid
Banja Luka,PM2.5 - Principal,2021-09-14 04:00 AM,2021,09,14,04,14.7,56,Moderate,13.2,UG/M3,1 Hr,Valid
Banja Luka,PM2.5 - Principal,2021-09-14 05:00 AM,2021,09,14,05,13.8,55,Moderate,12.9,UG/M3,1 Hr,Valid
Banja Luka,PM2.5 - Principal,2021-09-14 06:00 AM,2021,09,14,06,13.4,54,Moderate,13.0,UG/M3,1 Hr,Valid
Banja Luka,PM2.5 - Principal,2021-09-14 07:00 AM,2021,09,14,07,13.5,54,Moderate,13.6,UG/M3,1 Hr,Valid
Banja Luka,PM2.5 - Principal,2021-09-14 08:00 AM,2021,09,14,08,14.2,55,Moderate,14.9,UG/M3,1 Hr,Valid
Banja Luka,PM2.5 - Principal,2021-09-14 09:00 AM,2021,09,14,09,16.1,59,Moderate,18.0,UG/M3,1 Hr,Valid
Banja Luka,PM2.5 - Principal,2021-09-14 10:00 AM,2021,09,14,10,15.8,59,Moderate,15.5,UG/M3,1 Hr,Valid
Banja Luka,PM2.5 - Principal,2021-09-14 11:00 AM,2021,09,14,11,15.0,57,Moderate,14.1,UG/M3,1 Hr,Valid
Banja Luka,PM2.5 - Principal,2021-09-14 12:00 PM,2021,09,14,12,15.4,58,Moderate,16.0,UG/M3,1 Hr,Valid
Banja Luka,PM2.5 - Principal,2021-09-14 01:00 PM,2021,09,14,13,15.2,58,Moderate,15.0,UG/M3,1 Hr,Valid
Banja Luka,PM2.5 - Principal,2021-09-14 02:00 PM,2021,09,14,14,14.6,56,Moderate,13.1,UG/M3,1 Hr,Valid
Banja Luka,PM2.5 - Principal,2021-09-14 03:00 PM,2021,09,14,15,14.4,56,Moderate,14.0,UG/M3,1 Hr,Valid
Banja Luka,PM2.5 - Principal,2021-09-14 04:00 PM,2021,09,14,16,13.7,54,Moderate,12.3,UG/M3,1 Hr,Valid
Banja Luka,PM2.5 - Principal,2021-09-14 05:00 PM,2021,09,14,17,13.4,54,Moderate,12.7,UG/M3,1 Hr,Valid
Banja Luka,PM2.5 - Principal,2021-09-14 06:00 PM,2021,09,14,18,13.2,53,Moderate,12.6,UG/M3,1 Hr,Valid
Banja Luka,PM2.5 - Principal,2021-09-14 07:00 PM,2021,09,14,19,12.9,53,Moderate,12.4,UG/M3,1 Hr,Valid
Banja Luka,PM2.5 - Principal,2021-09-14 08:00 PM,2021,09,14,20,14.2,55,Moderate,16.9,UG/M3,1 Hr,Valid
Banja Luka,PM2.5 - Principal,2021-09-14 09:00 PM,2021,09,14,21,22.2,72,Moderate,29.6,UG/M3,1 Hr,Valid
Banja Luka,PM2.5 - Principal,2021-09-14 10:00 PM,2021,09,14,22,24.2,76,Moderate,26.2,UG/M3,1 Hr,Valid
Banja Luka,PM2.5 - Principal,2021-09-14 11:00 PM,2021,09,14,23,24.6,77,Moderate,25.0,UG/M3,1 Hr,Valid
Banja Luka,PM2.5 - Principal,2021-09-15 12:00 AM,2021,09,15,00,22.3,72,Moderate,20.0,UG/M3,1 Hr,Valid
Banja Luka,PM2.5 - Principal,2021-09-15 01:00 AM,2021,09,15,01,18.2,64,Moderate,14.2,UG/M3,1 Hr,Valid
Banja Luka,PM2.5 - Principal,2021-09-15 02:00 AM,2021,09,15,02,18.1,64,Moderate,18.0,UG/M3,1 Hr,Valid
Banja Luka,PM2.5 - Principal,2021-09-15 03:00 AM,2021,09,15,03,16.0,59,Moderate,14.0,UG/M3,1 Hr,Valid
Banja Luka,PM2.5 - Principal,2021-09-15 04:00 AM,2021,09,15,04,15.1,57,Moderate,14.2,UG/M3,1 Hr,Valid
Banja Luka,PM2.5 - Principal,2021-09-15 05:00 AM,2021,09,15,05,15.8,59,Moderate,16.4,UG/M3,1 Hr,Valid
Banja Luka,PM2.5 - Principal,2021-09-15 06:00 AM,2021,09,15,06,15.0,57,Moderate,14.3,UG/M3,1 Hr,Valid
Banja Luka,PM2.5 - Principal,2021-09-15 07:00 AM,2021,09,15,07,15.4,58,Moderate,15.7,UG/M3,1 Hr,Valid
Banja Luka,PM2.5 - Principal,2021-09-15 08:00 AM,2021,09,15,08,16.7,61,Moderate,18.0,UG/M3,1 Hr,Valid
Banja Luka,PM2.5 - Principal,2021-09-15 09:00 AM,2021,09,15,09,18.2,64,Moderate,19.9,UG/M3,1 Hr,Valid
Banja Luka,PM2.5 - Principal,2021-09-15 10:00 AM,2021,09,15,10,17.9,63,Moderate,17.7,UG/M3,1 Hr,Valid
Banja Luka,PM2.5 - Principal,2021-09-15 11:00 AM,2021,09,15,11,17.4,62,Moderate,17.3,UG/M3,1 Hr,Valid
Banja Luka,PM2.5 - Principal,2021-09-15 12:00 PM,2021,09,15,12,16.8,61,Moderate,15.6,UG/M3,1 Hr,Valid
Banja Luka,PM2.5 - Principal,2021-09-15 01:00 PM,2021,09,15,13,16.1,59,Moderate,14.3,UG/M3,1 Hr,Valid
Banja Luka,PM2.5 - Principal,2021-09-15 02:00 PM,2021,09,15,14,15.4,58,Moderate,13.9,UG/M3,1 Hr,Valid
Banja Luka,PM2.5 - Principal,2021-09-15 03:00 PM,2021,09,15,15,13.2,53,Moderate,11.2,UG/M3,1 Hr,Valid
Banja Luka,PM2.5 - Principal,2021-09-15 04:00 PM,2021,09,15,16,12.6,52,Moderate,11.7,UG/M3,1 Hr,Valid
Banja Luka,PM2.5 - Principal,2021-09-15 05:00 PM,2021,09,15,17,11.8,49,Good,11.0,UG/M3,1 Hr,Valid
Banja Luka,PM2.5 - Principal,2021-09-15 06:00 PM,2021,09,15,18,11.4,48,Good,11.0,UG/M3,1 Hr,Valid
Banja Luka,PM2.5 - Principal,2021-09-15 07:00 PM,2021,09,15,19,12.2,51,Moderate,13.2,UG/M3,1 Hr,Valid
Banja Luka,PM2.5 - Principal,2021-09-15 08:00 PM,2021,09,15,20,11.9,50,Good,11.5,UG/M3,1 Hr,Valid
Banja Luka,PM2.5 - Principal,2021-09-15 09:00 PM,2021,09,15,21,11.5,48,Good,10.8,UG/M3,1 Hr,Valid
Banja Luka,PM2.5 - Principal,2021-09-15 10:00 PM,2021,09,15,22,12.2,51,Moderate,13.4,UG/M3,1 Hr,Valid
Banja Luka,PM2.5 - Principal,2021-09-15 11:00 PM,2021,09,15,23,16.2,60,Moderate,20.6,UG/M3,1 Hr,Valid
Banja Luka,PM2.5 - Principal,2021-09-16 12:00 AM,2021,09,16,00,21.4,71,Moderate,26.3,UG/M3,1 Hr,Valid
Banja Luka,PM2.5 - Principal,2021-09-16 01:00 AM,2021,09,16,01,22.4,73,Moderate,23.5,UG/M3,1 Hr,Valid
Banja Luka,PM2.5 - Principal,2021-09-16 02:00 AM,2021,09,16,02,22.9,74,Moderate,23.4,UG/M3,1 Hr,Valid
Banja Luka,PM2.5 - Principal,2021-09-16 03:00 AM,2021,09,16,03,21.8,71,Moderate,20.7,UG/M3,1 Hr,Valid
Banja Luka,PM2.5 - Principal,2021-09-16 04:00 AM,2021,09,16,04,20.1,68,Moderate,18.4,UG/M3,1 Hr,Valid
Banja Luka,PM2.5 - Principal,2021-09-16 05:00 AM,2021,09,16,05,17.9,63,Moderate,15.8,UG/M3,1 Hr,Valid
Banja Luka,PM2.5 - Principal,2021-09-16 06:00 AM,2021,09,16,06,16.0,59,Moderate,14.1,UG/M3,1 Hr,Valid
Banja Luka,PM2.5 - Principal,2021-09-16 07:00 AM,2021,09,16,07,16.4,60,Moderate,16.7,UG/M3,1 Hr,Valid
Banja Luka,PM2.5 - Principal,2021-09-16 08:00 AM,2021,09,16,08,19.0,66,Moderate,21.7,UG/M3,1 Hr,Valid
Banja Luka,PM2.5 - Principal,2021-09-16 09:00 AM,2021,09,16,09,21.6,71,Moderate,24.4,UG/M3,1 Hr,Valid
Banja Luka,PM2.5 - Principal,2021-09-16 10:00 AM,2021,09,16,10,24.8,78,Moderate,28.0,UG/M3,1 Hr,Valid
Banja Luka,PM2.5 - Principal,2021-09-16 11:00 AM,2021,09,16,11,25.5,79,Moderate,26.2,UG/M3,1 Hr,Valid
Banja Luka,PM2.5 - Principal,2021-09-16 12:00 PM,2021,09,16,12,25.9,80,Moderate,26.3,UG/M3,1 Hr,Valid
Banja Luka,PM2.5 - Principal,2021-09-16 01:00 PM,2021,09,16,13,25.5,79,Moderate,25.1,UG/M3,1 Hr,Valid
Banja Luka,PM2.5 - Principal,2021-09-16 02:00 PM,2021,09,16,14,25.4,79,Moderate,25.2,UG/M3,1 Hr,Valid
Banja Luka,PM2.5 - Principal,2021-09-16 03:00 PM,2021,09,16,15,22.5,73,Moderate,19.5,UG/M3,1 Hr,Valid
Banja Luka,PM2.5 - Principal,2021-09-16 04:00 PM,2021,09,16,16,20.6,69,Moderate,18.7,UG/M3,1 Hr,Valid
Banja Luka,PM2.5 - Principal,2021-09-16 05:00 PM,2021,09,16,17,20.4,68,Moderate,20.2,UG/M3,1 Hr,Valid
Banja Luka,PM2.5 - Principal,2021-09-16 06:00 PM,2021,09,16,18,20.2,68,Moderate,19.3,UG/M3,1 Hr,Valid
Banja Luka,PM2.5 - Principal,2021-09-16 07:00 PM,2021,09,16,19,21.2,70,Moderate,22.3,UG/M3,1 Hr,Valid
Banja Luka,PM2.5 - Principal,2021-09-16 08:00 PM,2021,09,16,20,20.3,68,Moderate,18.6,UG/M3,1 Hr,Valid
Banja Luka,PM2.5 - Principal,2021-09-16 09:00 PM,2021,09,16,21,19.2,66,Moderate,17.6,UG/M3,1 Hr,Valid
Banja Luka,PM2.5 - Principal,2021-09-16 10:00 PM,2021,09,16,22,18.7,65,Moderate,17.5,UG/M3,1 Hr,Valid
Banja Luka,PM2.5 - Principal,2021-09-16 11:00 PM,2021,09,16,23,18.6,65,Moderate,18.4,UG/M3,1 Hr,Valid
Banja Luka,PM2.5 - Principal,2021-09-17 12:00 AM,2021,09,17,00,18.4,64,Moderate,17.9,UG/M3,1 Hr,Valid
Banja Luka,PM2.5 - Principal,2021-09-17 01:00 AM,2021,09,17,01,18.6,65,Moderate,19.1,UG/M3,1 Hr,Valid
Banja Luka,PM2.5 - Principal,2021-09-17 02:00 AM,2021,09,17,02,19.1,66,Moderate,20.5,UG/M3,1 Hr,Valid
Banja Luka,PM2.5 - Principal,2021-09-17 03:00 AM,2021,09,17,03,18.8,65,Moderate,17.9,UG/M3,1 Hr,Valid
Banja Luka,PM2.5 - Principal,2021-09-17 04:00 AM,2021,09,17,04,18.7,65,Moderate,18.5,UG/M3,1 Hr,Valid
Banja Luka,PM2.5 - Principal,2021-09-17 05:00 AM,2021,09,17,05,18.6,65,Moderate,18.3,UG/M3,1 Hr,Valid
Banja Luka,PM2.5 - Principal,2021-09-17 06:00 AM,2021,09,17,06,18.6,65,Moderate,18.4,UG/M3,1 Hr,Valid
Banja Luka,PM2.5 - Principal,2021-09-17 07:00 AM,2021,09,17,07,18.3,64,Moderate,17.2,UG/M3,1 Hr,Valid
Banja Luka,PM2.5 - Principal,2021-09-17 08:00 AM,2021,09,17,08,18.3,64,Moderate,18.4,UG/M3,1 Hr,Valid
Banja Luka,PM2.5 - Principal,2021-09-17 09:00 AM,2021,09,17,09,19.1,66,Moderate,21.8,UG/M3,1 Hr,Valid
Banja Luka,PM2.5 - Principal,2021-09-17 10:00 AM,2021,09,17,10,21.0,70,Moderate,24.7,UG/M3,1 Hr,Valid
Banja Luka,PM2.5 - Principal,2021-09-17 11:00 AM,2021,09,17,11,23.1,74,Moderate,26.5,UG/M3,1 Hr,Valid
Banja Luka,PM2.5 - Principal,2021-09-17 12:00 PM,2021,09,17,12,22.5,73,Moderate,21.3,UG/M3,1 Hr,Valid
Banja Luka,PM2.5 - Principal,2021-09-17 01:00 PM,2021,09,17,13,17.9,63,Moderate,12.9,UG/M3,1 Hr,Valid
Banja Luka,PM2.5 - Principal,2021-09-17 02:00 PM,2021,09,17,14,16.5,60,Moderate,15.1,UG/M3,1 Hr,Valid
Banja Luka,PM2.5 - Principal,2021-09-17 03:00 PM,2021,09,17,15,12.7,52,Moderate,8.9,UG/M3,1 Hr,Valid
Banja Luka,PM2.5 - Principal,2021-09-17 04:00 PM,2021,09,17,16,10.2,43,Good,7.8,UG/M3,1 Hr,Valid
Banja Luka,PM2.5 - Principal,2021-09-17 05:00 PM,2021,09,17,17,8.3,35,Good,6.3,UG/M3,1 Hr,Valid
Banja Luka,PM2.5 - Principal,2021-09-17 06:00 PM,2021,09,17,18,8.3,35,Good,8.4,UG/M3,1 Hr,Valid
Banja Luka,PM2.5 - Principal,2021-09-17 07:00 PM,2021,09,17,19,6.6,28,Good,5.0,UG/M3,1 Hr,Valid
Banja Luka,PM2.5 - Principal,2021-09-17 08:00 PM,2021,09,17,20,6.3,26,Good,5.9,UG/M3,1 Hr,Valid
Banja Luka,PM2.5 - Principal,2021-09-17 09:00 PM,2021,09,17,21,6.2,26,Good,6.2,UG/M3,1 Hr,Valid
Banja Luka,PM2.5 - Principal,2021-09-17 10:00 PM,2021,09,17,22,6.1,25,Good,6.0,UG/M3,1 Hr,Valid
Banja Luka,PM2.5 - Principal,2021-09-17 11:00 PM,2021,09,17,23,5.0,21,Good,3.8,UG/M3,1 Hr,Valid
Banja Luka,PM2.5 - Principal,2021-09-18 12:00 AM,2021,09,18,00,4.7,20,Good,4.4,UG/M3,1 Hr,Valid
Banja Luka,PM2.5 - Principal,2021-09-18 01:00 AM,2021,09,18,01,4.7,20,Good,4.8,UG/M3,1 Hr,Valid
Banja Luka,PM2.5 - Principal,2021-09-18 02:00 AM,2021,09,18,02,4.2,18,Good,3.8,UG/M3,1 Hr,Valid
Banja Luka,PM2.5 - Principal,2021-09-18 03:00 AM,2021,09,18,03,4.0,17,Good,3.8,UG/M3,1 Hr,Valid
Banja Luka,PM2.5 - Principal,2021-09-18 04:00 AM,2021,09,18,04,3.8,16,Good,3.6,UG/M3,1 Hr,Valid
Banja Luka,PM2.5 - Principal,2021-09-18 05:00 AM,2021,09,18,05,3.9,16,Good,4.0,UG/M3,1 Hr,Valid
Banja Luka,PM2.5 - Principal,2021-09-18 06:00 AM,2021,09,18,06,3.9,16,Good,3.8,UG/M3,1 Hr,Valid
Banja Luka,PM2.5 - Principal,2021-09-18 07:00 AM,2021,09,18,07,4.3,18,Good,5.0,UG/M3,1 Hr,Valid
Banja Luka,PM2.5 - Principal,2021-09-18 08:00 AM,2021,09,18,08,5.1,21,Good,6.2,UG/M3,1 Hr,Valid
Banja Luka,PM2.5 - Principal,2021-09-18 09:00 AM,2021,09,18,09,6.0,25,Good,6.9,UG/M3,1 Hr,Valid
Banja Luka,PM2.5 - Principal,2021-09-18 10:00 AM,2021,09,18,10,6.1,25,Good,6.1,UG/M3,1 Hr,Valid
Banja Luka,PM2.5 - Principal,2021-09-18 11:00 AM,2021,09,18,11,6.2,26,Good,6.4,UG/M3,1 Hr,Valid
Banja Luka,PM2.5 - Principal,2021-09-18 12:00 PM,2021,09,18,12,6.9,29,Good,7.6,UG/M3,1 Hr,Valid
Banja Luka,PM2.5 - Principal,2021-09-18 01:00 PM,2021,09,18,13,6.0,25,Good,5.1,UG/M3,1 Hr,Valid
Banja Luka,PM2.5 - Principal,2021-09-18 02:00 PM,2021,09,18,14,6.0,25,Good,6.0,UG/M3,1 Hr,Valid
Banja Luka,PM2.5 - Principal,2021-09-18 03:00 PM,2021,09,18,15,5.4,23,Good,4.8,UG/M3,1 Hr,Valid
Banja Luka,PM2.5 - Principal,2021-09-18 04:00 PM,2021,09,18,16,5.5,23,Good,5.5,UG/M3,1 Hr,Valid
Banja Luka,PM2.5 - Principal,2021-09-18 05:00 PM,2021,09,18,17,5.3,22,Good,5.2,UG/M3,1 Hr,Valid
Banja Luka,PM2.5 - Principal,2021-09-18 06:00 PM,2021,09,18,18,5.3,22,Good,5.1,UG/M3,1 Hr,Valid
Banja Luka,PM2.5 - Principal,2021-09-18 07:00 PM,2021,09,18,19,5.3,22,Good,5.4,UG/M3,1 Hr,Valid
Banja Luka,PM2.5 - Principal,2021-09-18 08:00 PM,2021,09,18,20,5.6,23,Good,6.0,UG/M3,1 Hr,Valid
Banja Luka,PM2.5 - Principal,2021-09-18 09:00 PM,2021,09,18,21,6.8,28,Good,8.4,UG/M3,1 Hr,Valid
Banja Luka,PM2.5 - Principal,2021-09-18 10:00 PM,2021,09,18,22,9.6,40,Good,12.1,UG/M3,1 Hr,Valid
Banja Luka,PM2.5 - Principal,2021-09-18 11:00 PM,2021,09,18,23,10.2,43,Good,10.7,UG/M3,1 Hr,Valid
Banja Luka,PM2.5 - Principal,2021-09-19 12:00 AM,2021,09,19,00,9.2,38,Good,8.2,UG/M3,1 Hr,Valid
Banja Luka,PM2.5 - Principal,2021-09-19 01:00 AM,2021,09,19,01,8.5,35,Good,7.8,UG/M3,1 Hr,Valid
Banja Luka,PM2.5 - Principal,2021-09-19 02:00 AM,2021,09,19,02,8.2,34,Good,7.9,UG/M3,1 Hr,Valid
Banja Luka,PM2.5 - Principal,2021-09-19 03:00 AM,2021,09,19,03,7.4,31,Good,6.6,UG/M3,1 Hr,Valid
Banja Luka,PM2.5 - Principal,2021-09-19 04:00 AM,2021,09,19,04,7.4,31,Good,7.3,UG/M3,1 Hr,Valid
Banja Luka,PM2.5 - Principal,2021-09-19 05:00 AM,2021,09,19,05,6.8,28,Good,6.2,UG/M3,1 Hr,Valid
Banja Luka,PM2.5 - Principal,2021-09-19 06:00 AM,2021,09,19,06,7.8,33,Good,8.8,UG/M3,1 Hr,Valid
Banja Luka,PM2.5 - Principal,2021-09-19 07:00 AM,2021,09,19,07,7.2,30,Good,6.6,UG/M3,1 Hr,Valid
Banja Luka,PM2.5 - Principal,2021-09-19 08:00 AM,2021,09,19,08,8.3,35,Good,9.5,UG/M3,1 Hr,Valid
Banja Luka,PM2.5 - Principal,2021-09-19 09:00 AM,2021,09,19,09,11.7,49,Good,15.1,UG/M3,1 Hr,Valid
Banja Luka,PM2.5 - Principal,2021-09-19 10:00 AM,2021,09,19,10,10.9,45,Good,10.2,UG/M3,1 Hr,Valid
Banja Luka,PM2.5 - Principal,2021-09-19 11:00 AM,2021,09,19,11,9.9,41,Good,8.8,UG/M3,1 Hr,Valid
Banja Luka,PM2.5 - Principal,2021-09-19 12:00 PM,2021,09,19,12,9.3,39,Good,8.6,UG/M3,1 Hr,Valid
Banja Luka,PM2.5 - Principal,2021-09-19 01:00 PM,2021,09,19,13,8.9,37,Good,8.6,UG/M3,1 Hr,Valid
Banja Luka,PM2.5 - Principal,2021-09-19 02:00 PM,2021,09,19,14,9.0,38,Good,9.1,UG/M3,1 Hr,Valid
Banja Luka,PM2.5 - Principal,2021-09-19 03:00 PM,2021,09,19,15,9.1,38,Good,9.1,UG/M3,1 Hr,Valid
Banja Luka,PM2.5 - Principal,2021-09-19 04:00 PM,2021,09,19,16,9.0,38,Good,9.0,UG/M3,1 Hr,Valid
Banja Luka,PM2.5 - Principal,2021-09-19 05:00 PM,2021,09,19,17,8.5,35,Good,8.0,UG/M3,1 Hr,Valid
Banja Luka,PM2.5 - Principal,2021-09-19 06:00 PM,2021,09,19,18,8.1,34,Good,7.7,UG/M3,1 Hr,Valid
Banja Luka,PM2.5 - Principal,2021-09-19 07:00 PM,2021,09,19,19,8.2,34,Good,8.2,UG/M3,1 Hr,Valid
Banja Luka,PM2.5 - Principal,2021-09-19 08:00 PM,2021,09,19,20,8.5,35,Good,8.9,UG/M3,1 Hr,Valid
Banja Luka,PM2.5 - Principal,2021-09-19 09:00 PM,2021,09,19,21,11.6,48,Good,14.8,UG/M3,1 Hr,Valid
Banja Luka,PM2.5 - Principal,2021-09-19 10:00 PM,2021,09,19,22,13.2,53,Moderate,14.9,UG/M3,1 Hr,Valid
Banja Luka,PM2.5 - Principal,2021-09-19 11:00 PM,2021,09,19,23,13.8,55,Moderate,14.5,UG/M3,1 Hr,Valid
Banja Luka,PM2.5 - Principal,2021-09-20 12:00 AM,2021,09,20,00,12.3,51,Moderate,10.6,UG/M3,1 Hr,Valid
Banja Luka,PM2.5 - Principal,2021-09-20 01:00 AM,2021,09,20,01,10.9,45,Good,9.5,UG/M3,1 Hr,Valid
Banja Luka,PM2.5 - Principal,2021-09-20 02:00 AM,2021,09,20,02,10.0,42,Good,9.0,UG/M3,1 Hr,Valid
Banja Luka,PM2.5 - Principal,2021-09-20 03:00 AM,2021,09,20,03,9.7,40,Good,9.3,UG/M3,1 Hr,Valid
Banja Luka,PM2.5 - Principal,2021-09-20 04:00 AM,2021,09,20,04,8.3,35,Good,7.0,UG/M3,1 Hr,Valid
Banja Luka,PM2.5 - Principal,2021-09-20 05:00 AM,2021,09,20,05,7.8,33,Good,7.4,UG/M3,1 Hr,Valid
Banja Luka,PM2.5 - Principal,2021-09-20 06:00 AM,2021,09,20,06,7.6,32,Good,7.4,UG/M3,1 Hr,Valid
Banja Luka,PM2.5 - Principal,2021-09-20 07:00 AM,2021,09,20,07,7.3,30,Good,7.0,UG/M3,1 Hr,Valid
Banja Luka,PM2.5 - Principal,2021-09-20 08:00 AM,2021,09,20,08,7.0,29,Good,6.7,UG/M3,1 Hr,Valid
Banja Luka,PM2.5 - Principal,2021-09-20 09:00 AM,2021,09,20,09,6.3,26,Good,5.7,UG/M3,1 Hr,Valid
Banja Luka,PM2.5 - Principal,2021-09-20 10:00 AM,2021,09,20,10,6.5,27,Good,6.6,UG/M3,1 Hr,Valid
Banja Luka,PM2.5 - Principal,2021-09-20 11:00 AM,2021,09,20,11,5.7,24,Good,5.0,UG/M3,1 Hr,Valid
Banja Luka,PM2.5 - Principal,2021-09-20 12:00 PM,2021,09,20,12,5.1,21,Good,4.4,UG/M3,1 Hr,Valid
Banja Luka,PM2.5 - Principal,2021-09-20 01:00 PM,2021,09,20,13,5.5,23,Good,5.9,UG/M3,1 Hr,Valid
Banja Luka,PM2.5 - Principal,2021-09-20 02:00 PM,2021,09,20,14,7.4,31,Good,9.3,UG/M3,1 Hr,Valid
Banja Luka,PM2.5 - Principal,2021-09-20 03:00 PM,2021,09,20,15,8.4,35,Good,9.5,UG/M3,1 Hr,Valid
Banja Luka,PM2.5 - Principal,2021-09-20 04:00 PM,2021,09,20,16,8.5,35,Good,8.6,UG/M3,1 Hr,Valid
Banja Luka,PM2.5 - Principal,2021-09-20 05:00 PM,2021,09,20,17,8.7,36,Good,8.9,UG/M3,1 Hr,Valid
Banja Luka,PM2.5 - Principal,2021-09-20 06:00 PM,2021,09,20,18,8.1,34,Good,7.5,UG/M3,1 Hr,Valid
Banja Luka,PM2.5 - Principal,2021-09-20 07:00 PM,2021,09,20,19,8.1,34,Good,8.0,UG/M3,1 Hr,Valid
Banja Luka,PM2.5 - Principal,2021-09-20 08:00 PM,2021,09,20,20,9.4,39,Good,10.7,UG/M3,1 Hr,Valid
Banja Luka,PM2.5 - Principal,2021-09-20 09:00 PM,2021,09,20,21,10.1,42,Good,10.8,UG/M3,1 Hr,Valid
Banja Luka,PM2.5 - Principal,2021-09-20 10:00 PM,2021,09,20,22,14.0,55,Moderate,17.9,UG/M3,1 Hr,Valid
Banja Luka,PM2.5 - Principal,2021-09-20 11:00 PM,2021,09,20,23,15.6,58,Moderate,17.2,UG/M3,1 Hr,Valid
Banja Luka,PM2.5 - Principal,2021-09-21 12:00 AM,2021,09,21,00,15.4,58,Moderate,15.1,UG/M3,1 Hr,Valid
Banja Luka,PM2.5 - Principal,2021-09-21 01:00 AM,2021,09,21,01,14.8,57,Moderate,14.3,UG/M3,1 Hr,Valid
Banja Luka,PM2.5 - Principal,2021-09-21 02:00 AM,2021,09,21,02,13.3,54,Moderate,11.7,UG/M3,1 Hr,Valid
Banja Luka,PM2.5 - Principal,2021-09-21 03:00 AM,2021,09,21,03,12.4,52,Moderate,11.6,UG/M3,1 Hr,Valid
Banja Luka,PM2.5 - Principal,2021-09-21 04:00 AM,2021,09,21,04,10.9,45,Good,9.4,UG/M3,1 Hr,Valid
Banja Luka,PM2.5 - Principal,2021-09-21 05:00 AM,2021,09,21,05,10.8,45,Good,10.6,UG/M3,1 Hr,Valid
Banja Luka,PM2.5 - Principal,2021-09-21 06:00 AM,2021,09,21,06,10.0,42,Good,9.2,UG/M3,1 Hr,Valid
Banja Luka,PM2.5 - Principal,2021-09-21 07:00 AM,2021,09,21,07,9.4,39,Good,8.9,UG/M3,1 Hr,Valid
Banja Luka,PM2.5 - Principal,2021-09-21 08:00 AM,2021,09,21,08,10.6,44,Good,11.7,UG/M3,1 Hr,Valid
Banja Luka,PM2.5 - Principal,2021-09-21 09:00 AM,2021,09,21,09,12.5,52,Moderate,14.5,UG/M3,1 Hr,Valid
Banja Luka,PM2.5 - Principal,2021-09-21 10:00 AM,2021,09,21,10,16.0,59,Moderate,19.5,UG/M3,1 Hr,Valid
Banja Luka,PM2.5 - Principal,2021-09-21 11:00 AM,2021,09,21,11,18.4,64,Moderate,20.8,UG/M3,1 Hr,Valid
Banja Luka,PM2.5 - Principal,2021-09-21 12:00 PM,2021,09,21,12,14.9,57,Moderate,11.4,UG/M3,1 Hr,Valid
Banja Luka,PM2.5 - Principal,2021-09-21 01:00 PM,2021,09,21,13,11.4,48,Good,7.8,UG/M3,1 Hr,Valid
Banja Luka,PM2.5 - Principal,2021-09-21 02:00 PM,2021,09,21,14,10.5,44,Good,9.6,UG/M3,1 Hr,Valid
Banja Luka,PM2.5 - Principal,2021-09-21 03:00 PM,2021,09,21,15,10.0,42,Good,9.6,UG/M3,1 Hr,Valid
Banja Luka,PM2.5 - Principal,2021-09-21 04:00 PM,2021,09,21,16,8.5,35,Good,7.0,UG/M3,1 Hr,Valid
Banja Luka,PM2.5 - Principal,2021-09-21 05:00 PM,2021,09,21,17,8.1,34,Good,7.7,UG/M3,1 Hr,Valid
Banja Luka,PM2.5 - Principal,2021-09-21 06:00 PM,2021,09,21,18,8.0,33,Good,7.9,UG/M3,1 Hr,Valid
Banja Luka,PM2.5 - Principal,2021-09-21 07:00 PM,2021,09,21,19,8.9,37,Good,9.7,UG/M3,1 Hr,Valid
Banja Luka,PM2.5 - Principal,2021-09-21 08:00 PM,2021,09,21,20,10.5,44,Good,12.2,UG/M3,1 Hr,Valid
Banja Luka,PM2.5 - Principal,2021-09-21 09:00 PM,2021,09,21,21,13.7,54,Moderate,16.8,UG/M3,1 Hr,Valid
Banja Luka,PM2.5 - Principal,2021-09-21 10:00 PM,2021,09,21,22,20.4,68,Moderate,27.2,UG/M3,1 Hr,Valid
Banja Luka,PM2.5 - Principal,2021-09-21 11:00 PM,2021,09,21,23,19.6,67,Moderate,18.8,UG/M3,1 Hr,Valid
Banja Luka,PM2.5 - Principal,2021-09-22 12:00 AM,2021,09,22,00,18.2,64,Moderate,16.8,UG/M3,1 Hr,Valid
Banja Luka,PM2.5 - Principal,2021-09-22 01:00 AM,2021,09,22,01,18.1,64,Moderate,18.0,UG/M3,1 Hr,Valid
Banja Luka,PM2.5 - Principal,2021-09-22 02:00 AM,2021,09,22,02,15.1,57,Moderate,12.2,UG/M3,1 Hr,Valid
Banja Luka,PM2.5 - Principal,2021-09-22 03:00 AM,2021,09,22,03,14.7,56,Moderate,14.2,UG/M3,1 Hr,Valid
Banja Luka,PM2.5 - Principal,2021-09-22 04:00 AM,2021,09,22,04,11.5,48,Good,8.4,UG/M3,1 Hr,Valid
Banja Luka,PM2.5 - Principal,2021-09-22 05:00 AM,2021,09,22,05,10.4,43,Good,9.3,UG/M3,1 Hr,Valid
Banja Luka,PM2.5 - Principal,2021-09-22 06:00 AM,2021,09,22,06,9.2,38,Good,7.9,UG/M3,1 Hr,Valid
Banja Luka,PM2.5 - Principal,2021-09-22 07:00 AM,2021,09,22,07,8.5,35,Good,7.8,UG/M3,1 Hr,Valid
Banja Luka,PM2.5 - Principal,2021-09-22 08:00 AM,2021,09,22,08,9.1,38,Good,9.7,UG/M3,1 Hr,Valid
Banja Luka,PM2.5 - Principal,2021-09-22 09:00 AM,2021,09,22,09,9.9,41,Good,10.7,UG/M3,1 Hr,Valid
Banja Luka,PM2.5 - Principal,2021-09-22 10:00 AM,2021,09,22,10,10.6,44,Good,11.3,UG/M3,1 Hr,Valid
Banja Luka,PM2.5 - Principal,2021-09-22 11:00 AM,2021,09,22,11,10.8,45,Good,11.1,UG/M3,1 Hr,Valid
Banja Luka,PM2.5 - Principal,2021-09-22 12:00 PM,2021,09,22,12,11.7,49,Good,12.6,UG/M3,1 Hr,Valid
Banja Luka,PM2.5 - Principal,2021-09-22 01:00 PM,2021,09,22,13,14.3,56,Moderate,17.0,UG/M3,1 Hr,Valid
Banja Luka,PM2.5 - Principal,2021-09-22 02:00 PM,2021,09,22,14,14.7,56,Moderate,15.1,UG/M3,1 Hr,Valid
Banja Luka,PM2.5 - Principal,2021-09-22 03:00 PM,2021,09,22,15,12.9,53,Moderate,11.1,UG/M3,1 Hr,Valid
Banja Luka,PM2.5 - Principal,2021-09-22 04:00 PM,2021,09,22,16,11.5,48,Good,10.1,UG/M3,1 Hr,Valid
Banja Luka,PM2.5 - Principal,2021-09-22 05:00 PM,2021,09,22,17,11.0,46,Good,10.5,UG/M3,1 Hr,Valid
Banja Luka,PM2.5 - Principal,2021-09-22 06:00 PM,2021,09,22,18,12.9,53,Moderate,14.8,UG/M3,1 Hr,Valid
Banja Luka,PM2.5 - Principal,2021-09-22 07:00 PM,2021,09,22,19,14.3,56,Moderate,16.3,UG/M3,1 Hr,Valid
Banja Luka,PM2.5 - Principal,2021-09-22 08:00 PM,2021,09,22,20,14.1,55,Moderate,13.9,UG/M3,1 Hr,Valid
Banja Luka,PM2.5 - Principal,2021-09-22 09:00 PM,2021,09,22,21,13.1,53,Moderate,11.7,UG/M3,1 Hr,Valid
Banja Luka,PM2.5 - Principal,2021-09-22 10:00 PM,2021,09,22,22,20.1,68,Moderate,27.2,UG/M3,1 Hr,Valid
Banja Luka,PM2.5 - Principal,2021-09-22 11:00 PM,2021,09,22,23,24.2,76,Moderate,28.3,UG/M3,1 Hr,Valid
Banja Luka,PM2.5 - Principal,2021-09-23 12:00 AM,2021,09,23,00,22.3,72,Moderate,20.3,UG/M3,1 Hr,Valid
Banja Luka,PM2.5 - Principal,2021-09-23 01:00 AM,2021,09,23,01,20.2,68,Moderate,18.1,UG/M3,1 Hr,Valid
Banja Luka,PM2.5 - Principal,2021-09-23 02:00 AM,2021,09,23,02,15.5,58,Moderate,10.7,UG/M3,1 Hr,Valid
Banja Luka,PM2.5 - Principal,2021-09-23 03:00 AM,2021,09,23,03,13.5,54,Moderate,11.5,UG/M3,1 Hr,Valid
Banja Luka,PM2.5 - Principal,2021-09-23 04:00 AM,2021,09,23,04,11.1,46,Good,8.7,UG/M3,1 Hr,Valid
Banja Luka,PM2.5 - Principal,2021-09-23 05:00 AM,2021,09,23,05,9.6,40,Good,8.2,UG/M3,1 Hr,Valid
Banja Luka,PM2.5 - Principal,2021-09-23 06:00 AM,2021,09,23,06,8.8,37,Good,8.1,UG/M3,1 Hr,Valid
Banja Luka,PM2.5 - Principal,2021-09-23 07:00 AM,2021,09,23,07,8.6,36,Good,8.3,UG/M3,1 Hr,Valid
Banja Luka,PM2.5 - Principal,2021-09-23 08:00 AM,2021,09,23,08,9.3,39,Good,10.0,UG/M3,1 Hr,Valid
Banja Luka,PM2.5 - Principal,2021-09-23 09:00 AM,2021,09,23,09,11.4,48,Good,13.6,UG/M3,1 Hr,Valid
Banja Luka,PM2.5 - Principal,2021-09-23 10:00 AM,2021,09,23,10,9.9,41,Good,8.3,UG/M3,1 Hr,Valid
Banja Luka,PM2.5 - Principal,2021-09-23 11:00 AM,2021,09,23,11,9.5,40,Good,9.1,UG/M3,1 Hr,Valid
Banja Luka,PM2.5 - Principal,2021-09-23 12:00 PM,2021,09,23,12,8.5,35,Good,7.5,UG/M3,1 Hr,Valid
Banja Luka,PM2.5 - Principal,2021-09-23 01:00 PM,2021,09,23,13,7.3,30,Good,6.2,UG/M3,1 Hr,Valid
Banja Luka,PM2.5 - Principal,2021-09-23 02:00 PM,2021,09,23,14,6.9,29,Good,6.5,UG/M3,1 Hr,Valid
Banja Luka,PM2.5 - Principal,2021-09-23 03:00 PM,2021,09,23,15,6.8,28,Good,6.7,UG/M3,1 Hr,Valid
Banja Luka,PM2.5 - Principal,2021-09-23 04:00 PM,2021,09,23,16,6.8,28,Good,6.9,UG/M3,1 Hr,Valid
Banja Luka,PM2.5 - Principal,2021-09-23 05:00 PM,2021,09,23,17,6.4,27,Good,6.0,UG/M3,1 Hr,Valid
Banja Luka,PM2.5 - Principal,2021-09-23 06:00 PM,2021,09,23,18,6.1,25,Good,5.8,UG/M3,1 Hr,Valid
Banja Luka,PM2.5 - Principal,2021-09-23 07:00 PM,2021,09,23,19,6.0,25,Good,5.8,UG/M3,1 Hr,Valid
Banja Luka,PM2.5 - Principal,2021-09-23 08:00 PM,2021,09,23,20,16.1,59,Moderate,26.3,UG/M3,1 Hr,Valid
Banja Luka,PM2.5 - Principal,2021-09-23 09:00 PM,2021,09,23,21,23.1,74,Moderate,30.1,UG/M3,1 Hr,Valid
Banja Luka,PM2.5 - Principal,2021-09-23 10:00 PM,2021,09,23,22,26.8,82,Moderate,30.6,UG/M3,1 Hr,Valid
Banja Luka,PM2.5 - Principal,2021-09-23 11:00 PM,2021,09,23,23,18.9,65,Moderate,10.9,UG/M3,1 Hr,Valid
Banja Luka,PM2.5 - Principal,2021-09-24 12:00 AM,2021,09,24,00,13.9,55,Moderate,9.0,UG/M3,1 Hr,Valid
Banja Luka,PM2.5 - Principal,2021-09-24 01:00 AM,2021,09,24,01,11.1,46,Good,8.2,UG/M3,1 Hr,Valid
Banja Luka,PM2.5 - Principal,2021-09-24 02:00 AM,2021,09,24,02,10.0,42,Good,9.0,UG/M3,1 Hr,Valid
Banja Luka,PM2.5 - Principal,2021-09-24 03:00 AM,2021,09,24,03,13.0,53,Moderate,16.0,UG/M3,1 Hr,Valid
Banja Luka,PM2.5 - Principal,2021-09-24 04:00 AM,2021,09,24,04,13.6,54,Moderate,14.2,UG/M3,1 Hr,Valid
Banja Luka,PM2.5 - Principal,2021-09-24 05:00 AM,2021,09,24,05,11.2,47,Good,8.7,UG/M3,1 Hr,Valid
Banja Luka,PM2.5 - Principal,2021-09-24 06:00 AM,2021,09,24,06,11.4,48,Good,11.7,UG/M3,1 Hr,Valid
Banja Luka,PM2.5 - Principal,2021-09-24 07:00 AM,2021,09,24,07,11.4,48,Good,11.4,UG/M3,1 Hr,Valid
Banja Luka,PM2.5 - Principal,2021-09-24 08:00 AM,2021,09,24,08,10.9,45,Good,10.4,UG/M3,1 Hr,Valid
Banja Luka,PM2.5 - Principal,2021-09-24 09:00 AM,2021,09,24,09,11.7,49,Good,12.6,UG/M3,1 Hr,Valid
Banja Luka,PM2.5 - Principal,2021-09-24 10:00 AM,2021,09,24,10,12.0,50,Good,12.4,UG/M3,1 Hr,Valid
Banja Luka,PM2.5 - Principal,2021-09-24 11:00 AM,2021,09,24,11,13.7,54,Moderate,15.3,UG/M3,1 Hr,Valid
Banja Luka,PM2.5 - Principal,2021-09-24 12:00 PM,2021,09,24,12,12.8,52,Moderate,11.9,UG/M3,1 Hr,Valid
Banja Luka,PM2.5 - Principal,2021-09-24 01:00 PM,2021,09,24,13,10.9,45,Good,8.7,UG/M3,1 Hr,Valid
Banja Luka,PM2.5 - Principal,2021-09-24 02:00 PM,2021,09,24,14,8.5,35,Good,6.2,UG/M3,1 Hr,Valid
Banja Luka,PM2.5 - Principal,2021-09-24 03:00 PM,2021,09,24,15,7.2,30,Good,5.9,UG/M3,1 Hr,Valid
Banja Luka,PM2.5 - Principal,2021-09-24 04:00 PM,2021,09,24,16,6.7,28,Good,6.2,UG/M3,1 Hr,Valid
Banja Luka,PM2.5 - Principal,2021-09-24 05:00 PM,2021,09,24,17,6.4,27,Good,6.1,UG/M3,1 Hr,Valid
Banja Luka,PM2.5 - Principal,2021-09-24 06:00 PM,2021,09,24,18,6.6,28,Good,6.8,UG/M3,1 Hr,Valid
Banja Luka,PM2.5 - Principal,2021-09-24 07:00 PM,2021,09,24,19,7.6,32,Good,8.5,UG/M3,1 Hr,Valid
Banja Luka,PM2.5 - Principal,2021-09-24 08:00 PM,2021,09,24,20,12.9,53,Moderate,18.3,UG/M3,1 Hr,Valid
Banja Luka,PM2.5 - Principal,2021-09-24 09:00 PM,2021,09,24,21,19.5,67,Moderate,26.1,UG/M3,1 Hr,Valid
Banja Luka,PM2.5 - Principal,2021-09-24 10:00 PM,2021,09,24,22,22.3,72,Moderate,25.1,UG/M3,1 Hr,Valid
Banja Luka,PM2.5 - Principal,2021-09-24 11:00 PM,2021,09,24,23,23.3,75,Moderate,24.2,UG/M3,1 Hr,Valid
Banja Luka,PM2.5 - Principal,2021-09-25 12:00 AM,2021,09,25,00,17.0,61,Moderate,10.8,UG/M3,1 Hr,Valid
Banja Luka,PM2.5 - Principal,2021-09-25 01:00 AM,2021,09,25,01,14.1,55,Moderate,11.2,UG/M3,1 Hr,Valid
Banja Luka,PM2.5 - Principal,2021-09-25 02:00 AM,2021,09,25,02,13.4,54,Moderate,12.8,UG/M3,1 Hr,Valid
Banja Luka,PM2.5 - Principal,2021-09-25 03:00 AM,2021,09,25,03,11.6,48,Good,9.7,UG/M3,1 Hr,Valid
Banja Luka,PM2.5 - Principal,2021-09-25 04:00 AM,2021,09,25,04,10.2,43,Good,8.8,UG/M3,1 Hr,Valid
Banja Luka,PM2.5 - Principal,2021-09-25 05:00 AM,2021,09,25,05,9.4,39,Good,8.7,UG/M3,1 Hr,Valid
Banja Luka,PM2.5 - Principal,2021-09-25 06:00 AM,2021,09,25,06,9.1,38,Good,8.8,UG/M3,1 Hr,Valid
Banja Luka,PM2.5 - Principal,2021-09-25 07:00 AM,2021,09,25,07,9.2,38,Good,9.2,UG/M3,1 Hr,Valid
Banja Luka,PM2.5 - Principal,2021-09-25 08:00 AM,2021,09,25,08,11.7,49,Good,14.2,UG/M3,1 Hr,Valid
Banja Luka,PM2.5 - Principal,2021-09-25 09:00 AM,2021,09,25,09,13.5,54,Moderate,15.3,UG/M3,1 Hr,Valid
Banja Luka,PM2.5 - Principal,2021-09-25 10:00 AM,2021,09,25,10,14.8,57,Moderate,16.1,UG/M3,1 Hr,Valid
Banja Luka,PM2.5 - Principal,2021-09-25 11:00 AM,2021,09,25,11,14.0,55,Moderate,13.4,UG/M3,1 Hr,Valid
Banja Luka,PM2.5 - Principal,2021-09-25 12:00 PM,2021,09,25,12,12.2,51,Moderate,10.1,UG/M3,1 Hr,Valid
Banja Luka,PM2.5 - Principal,2021-09-25 01:00 PM,2021,09,25,13,10.4,43,Good,8.4,UG/M3,1 Hr,Valid
Banja Luka,PM2.5 - Principal,2021-09-25 02:00 PM,2021,09,25,14,9.7,40,Good,9.1,UG/M3,1 Hr,Valid
Banja Luka,PM2.5 - Principal,2021-09-25 03:00 PM,2021,09,25,15,9.8,41,Good,9.8,UG/M3,1 Hr,Valid
Banja Luka,PM2.5 - Principal,2021-09-25 04:00 PM,2021,09,25,16,9.5,40,Good,9.1,UG/M3,1 Hr,Valid
Banja Luka,PM2.5 - Principal,2021-09-25 05:00 PM,2021,09,25,17,8.9,37,Good,8.4,UG/M3,1 Hr,Valid
Banja Luka,PM2.5 - Principal,2021-09-25 06:00 PM,2021,09,25,18,9.7,40,Good,10.5,UG/M3,1 Hr,Valid
Banja Luka,PM2.5 - Principal,2021-09-25 07:00 PM,2021,09,25,19,11.1,46,Good,12.7,UG/M3,1 Hr,Valid
Banja Luka,PM2.5 - Principal,2021-09-25 08:00 PM,2021,09,25,20,14.4,56,Moderate,17.6,UG/M3,1 Hr,Valid
Banja Luka,PM2.5 - Principal,2021-09-25 09:00 PM,2021,09,25,21,21.1,70,Moderate,27.7,UG/M3,1 Hr,Valid
Banja Luka,PM2.5 - Principal,2021-09-25 10:00 PM,2021,09,25,22,25.2,79,Moderate,29.3,UG/M3,1 Hr,Valid
Banja Luka,PM2.5 - Principal,2021-09-25 11:00 PM,2021,09,25,23,26.6,81,Moderate,28.0,UG/M3,1 Hr,Valid
Banja Luka,PM2.5 - Principal,2021-09-26 12:00 AM,2021,09,26,00,24.3,77,Moderate,22.1,UG/M3,1 Hr,Valid
Banja Luka,PM2.5 - Principal,2021-09-26 01:00 AM,2021,09,26,01,19.8,67,Moderate,15.2,UG/M3,1 Hr,Valid
Banja Luka,PM2.5 - Principal,2021-09-26 02:00 AM,2021,09,26,02,16.8,61,Moderate,13.9,UG/M3,1 Hr,Valid
Banja Luka,PM2.5 - Principal,2021-09-26 03:00 AM,2021,09,26,03,17.0,61,Moderate,17.2,UG/M3,1 Hr,Valid
Banja Luka,PM2.5 - Principal,2021-09-26 04:00 AM,2021,09,26,04,14.3,56,Moderate,11.5,UG/M3,1 Hr,Valid
Banja Luka,PM2.5 - Principal,2021-09-26 05:00 AM,2021,09,26,05,12.7,52,Moderate,11.0,UG/M3,1 Hr,Valid
Banja Luka,PM2.5 - Principal,2021-09-26 06:00 AM,2021,09,26,06,11.9,50,Good,11.0,UG/M3,1 Hr,Valid
Banja Luka,PM2.5 - Principal,2021-09-26 07:00 AM,2021,09,26,07,13.1,53,Moderate,14.3,UG/M3,1 Hr,Valid
Banja Luka,PM2.5 - Principal,2021-09-26 08:00 AM,2021,09,26,08,18.0,63,Moderate,22.9,UG/M3,1 Hr,Valid
Banja Luka,PM2.5 - Principal,2021-09-26 09:00 AM,2021,09,26,09,17.1,62,Moderate,16.3,UG/M3,1 Hr,Valid
Banja Luka,PM2.5 - Principal,2021-09-26 10:00 AM,2021,09,26,10,15.5,58,Moderate,13.8,UG/M3,1 Hr,Valid
Banja Luka,PM2.5 - Principal,2021-09-26 11:00 AM,2021,09,26,11,12.7,52,Moderate,10.0,UG/M3,1 Hr,Valid
Banja Luka,PM2.5 - Principal,2021-09-26 12:00 PM,2021,09,26,12,11.5,48,Good,10.4,UG/M3,1 Hr,Valid
Banja Luka,PM2.5 - Principal,2021-09-26 01:00 PM,2021,09,26,13,11.0,46,Good,10.4,UG/M3,1 Hr,Valid
Banja Luka,PM2.5 - Principal,2021-09-26 02:00 PM,2021,09,26,14,11.3,47,Good,11.7,UG/M3,1 Hr,Valid
Banja Luka,PM2.5 - Principal,2021-09-26 03:00 PM,2021,09,26,15,12.0,50,Good,12.7,UG/M3,1 Hr,Valid
Banja Luka,PM2.5 - Principal,2021-09-26 04:00 PM,2021,09,26,16,13.3,54,Moderate,14.5,UG/M3,1 Hr,Valid
Banja Luka,PM2.5 - Principal,2021-09-26 05:00 PM,2021,09,26,17,14.5,56,Moderate,15.8,UG/M3,1 Hr,Valid
Banja Luka,PM2.5 - Principal,2021-09-26 06:00 PM,2021,09,26,18,15.2,58,Moderate,16.0,UG/M3,1 Hr,Valid
Banja Luka,PM2.5 - Principal,2021-09-26 07:00 PM,2021,09,26,19,16.8,61,Moderate,18.4,UG/M3,1 Hr,Valid
Banja Luka,PM2.5 - Principal,2021-09-26 08:00 PM,2021,09,26,20,19.4,66,Moderate,22.1,UG/M3,1 Hr,Valid
Banja Luka,PM2.5 - Principal,2021-09-26 09:00 PM,2021,09,26,21,29.6,88,Moderate,39.7,UG/M3,1 Hr,Valid
Banja Luka,PM2.5 - Principal,2021-09-26 10:00 PM,2021,09,26,22,28.0,84,Moderate,26.5,UG/M3,1 Hr,Valid
Banja Luka,PM2.5 - Principal,2021-09-26 11:00 PM,2021,09,26,23,27.3,83,Moderate,26.6,UG/M3,1 Hr,Valid
Banja Luka,PM2.5 - Principal,2021-09-27 12:00 AM,2021,09,27,00,25.6,79,Moderate,23.8,UG/M3,1 Hr,Valid
Banja Luka,PM2.5 - Principal,2021-09-27 01:00 AM,2021,09,27,01,23.4,75,Moderate,21.2,UG/M3,1 Hr,Valid
Banja Luka,PM2.5 - Principal,2021-09-27 02:00 AM,2021,09,27,02,21.3,70,Moderate,19.2,UG/M3,1 Hr,Valid
Banja Luka,PM2.5 - Principal,2021-09-27 03:00 AM,2021,09,27,03,19.3,66,Moderate,17.4,UG/M3,1 Hr,Valid
Banja Luka,PM2.5 - Principal,2021-09-27 04:00 AM,2021,09,27,04,17.3,62,Moderate,15.3,UG/M3,1 Hr,Valid
Banja Luka,PM2.5 - Principal,2021-09-27 05:00 AM,2021,09,27,05,16.3,60,Moderate,15.2,UG/M3,1 Hr,Valid
Banja Luka,PM2.5 - Principal,2021-09-27 06:00 AM,2021,09,27,06,16.0,59,Moderate,15.7,UG/M3,1 Hr,Valid
Banja Luka,PM2.5 - Principal,2021-09-27 07:00 AM,2021,09,27,07,14.5,56,Moderate,13.0,UG/M3,1 Hr,Valid
Banja Luka,PM2.5 - Principal,2021-09-27 08:00 AM,2021,09,27,08,13.6,54,Moderate,12.8,UG/M3,1 Hr,Valid
Banja Luka,PM2.5 - Principal,2021-09-27 09:00 AM,2021,09,27,09,15.5,58,Moderate,17.4,UG/M3,1 Hr,Valid
Banja Luka,PM2.5 - Principal,2021-09-27 10:00 AM,2021,09,27,10,15.8,59,Moderate,16.1,UG/M3,1 Hr,Valid
Banja Luka,PM2.5 - Principal,2021-09-27 11:00 AM,2021,09,27,11,14.8,57,Moderate,13.7,UG/M3,1 Hr,Valid
Banja Luka,PM2.5 - Principal,2021-09-27 12:00 PM,2021,09,27,12,14.4,56,Moderate,13.8,UG/M3,1 Hr,Valid
Banja Luka,PM2.5 - Principal,2021-09-27 01:00 PM,2021,09,27,13,14.5,56,Moderate,14.3,UG/M3,1 Hr,Valid
Banja Luka,PM2.5 - Principal,2021-09-27 02:00 PM,2021,09,27,14,14.6,56,Moderate,14.8,UG/M3,1 Hr,Valid
Banja Luka,PM2.5 - Principal,2021-09-27 03:00 PM,2021,09,27,15,14.5,56,Moderate,14.1,UG/M3,1 Hr,Valid
Banja Luka,PM2.5 - Principal,2021-09-27 04:00 PM,2021,09,27,16,14.7,56,Moderate,15.4,UG/M3,1 Hr,Valid
Banja Luka,PM2.5 - Principal,2021-09-27 05:00 PM,2021,09,27,17,15.1,57,Moderate,16.3,UG/M3,1 Hr,Valid
Banja Luka,PM2.5 - Principal,2021-09-27 06:00 PM,2021,09,27,18,15.5,58,Moderate,16.4,UG/M3,1 Hr,Valid
Banja Luka,PM2.5 - Principal,2021-09-27 07:00 PM,2021,09,27,19,15.9,59,Moderate,16.8,UG/M3,1 Hr,Valid
Banja Luka,PM2.5 - Principal,2021-09-27 08:00 PM,2021,09,27,20,17.3,62,Moderate,20.1,UG/M3,1 Hr,Valid
Banja Luka,PM2.5 - Principal,2021-09-27 09:00 PM,2021,09,27,21,17.4,62,Moderate,17.4,UG/M3,1 Hr,Valid
Banja Luka,PM2.5 - Principal,2021-09-27 10:00 PM,2021,09,27,22,16.4,60,Moderate,14.4,UG/M3,1 Hr,Valid
Banja Luka,PM2.5 - Principal,2021-09-27 11:00 PM,2021,09,27,23,14.4,56,Moderate,11.7,UG/M3,1 Hr,Valid
Banja Luka,PM2.5 - Principal,2021-09-28 12:00 AM,2021,09,28,00,12.9,53,Moderate,11.1,UG/M3,1 Hr,Valid
Banja Luka,PM2.5 - Principal,2021-09-28 01:00 AM,2021,09,28,01,12.5,52,Moderate,12.0,UG/M3,1 Hr,Valid
Banja Luka,PM2.5 - Principal,2021-09-28 02:00 AM,2021,09,28,02,11.8,49,Good,11.1,UG/M3,1 Hr,Valid
Banja Luka,PM2.5 - Principal,2021-09-28 03:00 AM,2021,09,28,03,11.5,48,Good,11.1,UG/M3,1 Hr,Valid
Banja Luka,PM2.5 - Principal,2021-09-28 04:00 AM,2021,09,28,04,11.5,48,Good,11.5,UG/M3,1 Hr,Valid
Banja Luka,PM2.5 - Principal,2021-09-28 05:00 AM,2021,09,28,05,11.4,48,Good,11.3,UG/M3,1 Hr,Valid
Banja Luka,PM2.5 - Principal,2021-09-28 06:00 AM,2021,09,28,06,11.3,47,Good,11.3,UG/M3,1 Hr,Valid
Banja Luka,PM2.5 - Principal,2021-09-28 07:00 AM,2021,09,28,07,10.7,45,Good,10.0,UG/M3,1 Hr,Valid
Banja Luka,PM2.5 - Principal,2021-09-28 08:00 AM,2021,09,28,08,10.7,45,Good,10.6,UG/M3,1 Hr,Valid
Banja Luka,PM2.5 - Principal,2021-09-28 09:00 AM,2021,09,28,09,11.1,46,Good,11.6,UG/M3,1 Hr,Valid
Banja Luka,PM2.5 - Principal,2021-09-28 10:00 AM,2021,09,28,10,10.7,45,Good,9.4,UG/M3,1 Hr,Valid
Banja Luka,PM2.5 - Principal,2021-09-28 11:00 AM,2021,09,28,11,10.7,45,Good,10.8,UG/M3,1 Hr,Valid
Banja Luka,PM2.5 - Principal,2021-09-28 12:00 PM,2021,09,28,12,11.1,46,Good,12.2,UG/M3,1 Hr,Valid
Banja Luka,PM2.5 - Principal,2021-09-28 01:00 PM,2021,09,28,13,13.6,54,Moderate,16.7,UG/M3,1 Hr,Valid
Banja Luka,PM2.5 - Principal,2021-09-28 02:00 PM,2021,09,28,14,14.2,55,Moderate,14.9,UG/M3,1 Hr,Valid
Banja Luka,PM2.5 - Principal,2021-09-28 03:00 PM,2021,09,28,15,12.4,52,Moderate,10.2,UG/M3,1 Hr,Valid
Banja Luka,PM2.5 - Principal,2021-09-28 04:00 PM,2021,09,28,16,12.6,52,Moderate,12.9,UG/M3,1 Hr,Valid
Banja Luka,PM2.5 - Principal,2021-09-28 05:00 PM,2021,09,28,17,12.8,52,Moderate,13.1,UG/M3,1 Hr,Valid
Banja Luka,PM2.5 - Principal,2021-09-28 06:00 PM,2021,09,28,18,13.7,54,Moderate,14.8,UG/M3,1 Hr,Valid
Banja Luka,PM2.5 - Principal,2021-09-28 07:00 PM,2021,09,28,19,13.7,54,Moderate,13.6,UG/M3,1 Hr,Valid
Banja Luka,PM2.5 - Principal,2021-09-28 08:00 PM,2021,09,28,20,14.3,56,Moderate,15.1,UG/M3,1 Hr,Valid
Banja Luka,PM2.5 - Principal,2021-09-28 09:00 PM,2021,09,28,21,15.6,58,Moderate,17.2,UG/M3,1 Hr,Valid
Banja Luka,PM2.5 - Principal,2021-09-28 10:00 PM,2021,09,28,22,19.3,66,Moderate,22.7,UG/M3,1 Hr,Valid
Banja Luka,PM2.5 - Principal,2021-09-28 11:00 PM,2021,09,28,23,21.1,70,Moderate,22.9,UG/M3,1 Hr,Valid
Banja Luka,PM2.5 - Principal,2021-09-29 12:00 AM,2021,09,29,00,22.0,72,Moderate,23.0,UG/M3,1 Hr,Valid
Banja Luka,PM2.5 - Principal,2021-09-29 01:00 AM,2021,09,29,01,19.5,67,Moderate,17.0,UG/M3,1 Hr,Valid
Banja Luka,PM2.5 - Principal,2021-09-29 02:00 AM,2021,09,29,02,16.6,60,Moderate,13.7,UG/M3,1 Hr,Valid
Banja Luka,PM2.5 - Principal,2021-09-29 03:00 AM,2021,09,29,03,15.3,58,Moderate,13.1,UG/M3,1 Hr,Valid
Banja Luka,PM2.5 - Principal,2021-09-29 04:00 AM,2021,09,29,04,14.4,56,Moderate,13.1,UG/M3,1 Hr,Valid
Banja Luka,PM2.5 - Principal,2021-09-29 05:00 AM,2021,09,29,05,13.8,55,Moderate,13.1,UG/M3,1 Hr,Valid
Banja Luka,PM2.5 - Principal,2021-09-29 06:00 AM,2021,09,29,06,12.5,52,Moderate,11.5,UG/M3,1 Hr,Valid
Banja Luka,PM2.5 - Principal,2021-09-29 07:00 AM,2021,09,29,07,12.0,50,Good,11.5,UG/M3,1 Hr,Valid
Banja Luka,PM2.5 - Principal,2021-09-29 08:00 AM,2021,09,29,08,11.8,49,Good,11.5,UG/M3,1 Hr,Valid
Banja Luka,PM2.5 - Principal,2021-09-29 09:00 AM,2021,09,29,09,11.7,49,Good,11.5,UG/M3,1 Hr,Valid
Banja Luka,PM2.5 - Principal,2021-09-29 10:00 AM,2021,09,29,10,16.0,59,Moderate,20.4,UG/M3,1 Hr,Valid
Banja Luka,PM2.5 - Principal,2021-09-29 11:00 AM,2021,09,29,11,15.7,59,Moderate,15.4,UG/M3,1 Hr,Valid
Banja Luka,PM2.5 - Principal,2021-09-29 12:00 PM,2021,09,29,12,16.7,61,Moderate,18.3,UG/M3,1 Hr,Valid
Banja Luka,PM2.5 - Principal,2021-09-29 01:00 PM,2021,09,29,13,23.7,75,Moderate,30.4,UG/M3,1 Hr,Valid
Banja Luka,PM2.5 - Principal,2021-09-29 02:00 PM,2021,09,29,14,20.8,69,Moderate,17.8,UG/M3,1 Hr,Valid
Banja Luka,PM2.5 - Principal,2021-09-29 03:00 PM,2021,09,29,15,18.4,64,Moderate,16.1,UG/M3,1 Hr,Valid
Banja Luka,PM2.5 - Principal,2021-09-29 04:00 PM,2021,09,29,16,17.3,62,Moderate,16.1,UG/M3,1 Hr,Valid
Banja Luka,PM2.5 - Principal,2021-09-29 05:00 PM,2021,09,29,17,19.4,66,Moderate,21.5,UG/M3,1 Hr,Valid
Banja Luka,PM2.5 - Principal,2021-09-29 06:00 PM,2021,09,29,18,22.4,73,Moderate,25.3,UG/M3,1 Hr,Valid
Banja Luka,PM2.5 - Principal,2021-09-29 07:00 PM,2021,09,29,19,23.8,76,Moderate,25.3,UG/M3,1 Hr,Valid
Banja Luka,PM2.5 - Principal,2021-09-29 08:00 PM,2021,09,29,20,24.6,77,Moderate,25.4,UG/M3,1 Hr,Valid
Banja Luka,PM2.5 - Principal,2021-09-29 09:00 PM,2021,09,29,21,29.3,87,Moderate,33.9,UG/M3,1 Hr,Valid
Banja Luka,PM2.5 - Principal,2021-09-29 10:00 PM,2021,09,29,22,31.6,92,Moderate,33.9,UG/M3,1 Hr,Valid
Banja Luka,PM2.5 - Principal,2021-09-29 11:00 PM,2021,09,29,23,37.0,105,Unhealthy for Sensitive Groups,42.3,UG/M3,1 Hr,Valid
Banja Luka,PM2.5 - Principal,2021-09-30 12:00 AM,2021,09,30,00,39.6,111,Unhealthy for Sensitive Groups,42.3,UG/M3,1 Hr,Valid
Banja Luka,PM2.5 - Principal,2021-09-30 01:00 AM,2021,09,30,01,38.9,109,Unhealthy for Sensitive Groups,38.1,UG/M3,1 Hr,Valid
Banja Luka,PM2.5 - Principal,2021-09-30 02:00 AM,2021,09,30,02,39.9,112,Unhealthy for Sensitive Groups,40.9,UG/M3,1 Hr,Valid
Banja Luka,PM2.5 - Principal,2021-09-30 03:00 AM,2021,09,30,03,40.4,113,Unhealthy for Sensitive Groups,40.9,UG/M3,1 Hr,Valid
Banja Luka,PM2.5 - Principal,2021-09-30 04:00 AM,2021,09,30,04,38.0,107,Unhealthy for Sensitive Groups,35.4,UG/M3,1 Hr,Valid
Banja Luka,PM2.5 - Principal,2021-09-30 05:00 AM,2021,09,30,05,35.9,102,Unhealthy for Sensitive Groups,32.5,UG/M3,1 Hr,Valid
Banja Luka,PM2.5 - Principal,2021-09-30 06:00 AM,2021,09,30,06,34.6,98,Moderate,32.5,UG/M3,1 Hr,Valid
Banja Luka,PM2.5 - Principal,2021-09-30 07:00 AM,2021,09,30,07,31.5,92,Moderate,26.9,UG/M3,1 Hr,Valid
Banja Luka,PM2.5 - Principal,2021-09-30 08:00 AM,2021,09,30,08,30.2,89,Moderate,26.9,UG/M3,1 Hr,Valid
Banja Luka,PM2.5 - Principal,2021-09-30 09:00 AM,2021,09,30,09,24.2,76,Moderate,19.7,UG/M3,1 Hr,Valid
Banja Luka,PM2.5 - Principal,2021-09-30 10:00 AM,2021,09,30,10,24.1,76,Moderate,24.0,UG/M3,1 Hr,Valid
Banja Luka,PM2.5 - Principal,2021-09-30 11:00 AM,2021,09,30,11,24.0,76,Moderate,24.0,UG/M3,1 Hr,Valid
Banja Luka,PM2.5 - Principal,2021-09-30 12:00 PM,2021,09,30,12,19.1,66,Moderate,14.1,UG/M3,1 Hr,Valid
Banja Luka,PM2.5 - Principal,2021-09-30 01:00 PM,2021,09,30,13,16.9,61,Moderate,14.8,UG/M3,1 Hr,Valid
Banja Luka,PM2.5 - Principal,2021-09-30 02:00 PM,2021,09,30,14,15.9,59,Moderate,14.8,UG/M3,1 Hr,Valid
Banja Luka,PM2.5 - Principal,2021-09-30 03:00 PM,2021,09,30,15,13.6,54,Moderate,11.4,UG/M3,1 Hr,Valid
Banja Luka,PM2.5 - Principal,2021-09-30 04:00 PM,2021,09,30,16,13.5,54,Moderate,13.4,UG/M3,1 Hr,Valid
Banja Luka,PM2.5 - Principal,2021-09-30 05:00 PM,2021,09,30,17,13.5,54,Moderate,13.4,UG/M3,1 Hr,Valid
Banja Luka,PM2.5 - Principal,2021-09-30 06:00 PM,2021,09,30,18,10.1,42,Good,6.7,UG/M3,1 Hr,Valid
Banja Luka,PM2.5 - Principal,2021-09-30 07:00 PM,2021,09,30,19,8.3,35,Good,6.5,UG/M3,1 Hr,Valid
Banja Luka,PM2.5 - Principal,2021-09-30 08:00 PM,2021,09,30,20,8.4,35,Good,8.5,UG/M3,1 Hr,Valid
Banja Luka,PM2.5 - Principal,2021-09-30 09:00 PM,2021,09,30,21,10.7,45,Good,13.0,UG/M3,1 Hr,Valid
Banja Luka,PM2.5 - Principal,2021-09-30 10:00 PM,2021,09,30,22,11.7,49,Good,12.7,UG/M3,1 Hr,Valid
Banja Luka,PM2.5 - Principal,2021-09-30 11:00 PM,2021,09,30,23,14.1,55,Moderate,16.5,UG/M3,1 Hr,Valid
Banja Luka,PM2.5 - Principal,2021-10-01 12:00 AM,2021,10,01,00,15.3,58,Moderate,16.5,UG/M3,1 Hr,Valid
Banja Luka,PM2.5 - Principal,2021-10-01 01:00 AM,2021,10,01,01,13.5,54,Moderate,11.8,UG/M3,1 Hr,Valid
Banja Luka,PM2.5 - Principal,2021-10-01 02:00 AM,2021,10,01,02,10.8,45,Good,8.1,UG/M3,1 Hr,Valid
Banja Luka,PM2.5 - Principal,2021-10-01 03:00 AM,2021,10,01,03,8.6,36,Good,6.5,UG/M3,1 Hr,Valid
Banja Luka,PM2.5 - Principal,2021-10-01 04:00 AM,2021,10,01,04,6.7,28,Good,4.8,UG/M3,1 Hr,Valid
Banja Luka,PM2.5 - Principal,2021-10-01 05:00 AM,2021,10,01,05,6.6,28,Good,6.5,UG/M3,1 Hr,Valid
Banja Luka,PM2.5 - Principal,2021-10-01 06:00 AM,2021,10,01,06,6.5,27,Good,6.4,UG/M3,1 Hr,Valid
Banja Luka,PM2.5 - Principal,2021-10-01 07:00 AM,2021,10,01,07,7.2,30,Good,7.9,UG/M3,1 Hr,Valid
Banja Luka,PM2.5 - Principal,2021-10-01 08:00 AM,2021,10,01,08,9.8,41,Good,12.5,UG/M3,1 Hr,Valid
Banja Luka,PM2.5 - Principal,2021-10-01 09:00 AM,2021,10,01,09,14.0,55,Moderate,18.2,UG/M3,1 Hr,Valid
Banja Luka,PM2.5 - Principal,2021-10-01 10:00 AM,2021,10,01,10,15.5,58,Moderate,17.0,UG/M3,1 Hr,Valid
Banja Luka,PM2.5 - Principal,2021-10-01 11:00 AM,2021,10,01,11,15.6,58,Moderate,15.7,UG/M3,1 Hr,Valid
Banja Luka,PM2.5 - Principal,2021-10-01 12:00 PM,2021,10,01,12,15.5,58,Moderate,15.5,UG/M3,1 Hr,Valid
Banja Luka,PM2.5 - Principal,2021-10-01 01:00 PM,2021,10,01,13,15.5,58,Moderate,15.5,UG/M3,1 Hr,Valid
Banja Luka,PM2.5 - Principal,2021-10-01 02:00 PM,2021,10,01,14,16.8,61,Moderate,18.2,UG/M3,1 Hr,Valid
Banja Luka,PM2.5 - Principal,2021-10-01 03:00 PM,2021,10,01,15,17.8,63,Moderate,18.8,UG/M3,1 Hr,Valid
Banja Luka,PM2.5 - Principal,2021-10-01 04:00 PM,2021,10,01,16,17.1,62,Moderate,16.3,UG/M3,1 Hr,Valid
Banja Luka,PM2.5 - Principal,2021-10-01 05:00 PM,2021,10,01,17,16.7,61,Moderate,16.3,UG/M3,1 Hr,Valid
Banja Luka,PM2.5 - Principal,2021-10-01 06:00 PM,2021,10,01,18,16.7,61,Moderate,17.5,UG/M3,1 Hr,Invalid
Banja Luka,PM2.5 - Principal,2021-10-01 07:00 PM,2021,10,01,19,-999.0,-999,N/A,17.5,UG/M3,1 Hr,Invalid
Banja Luka,PM2.5 - Principal,2021-10-01 08:00 PM,2021,10,01,20,-999.0,-999,N/A,17.5,UG/M3,1 Hr,Invalid
Banja Luka,PM2.5 - Principal,2021-10-01 09:00 PM,2021,10,01,21,-999.0,-999,N/A,17.5,UG/M3,1 Hr,Invalid
Banja Luka,PM2.5 - Principal,2021-10-01 10:00 PM,2021,10,01,22,-999.0,-999,N/A,44.4,UG/M3,1 Hr,Valid
Banja Luka,PM2.5 - Principal,2021-10-01 11:00 PM,2021,10,01,23,43.9,122,Unhealthy for Sensitive Groups,44.4,UG/M3,1 Hr,Valid
Banja Luka,PM2.5 - Principal,2021-10-02 12:00 AM,2021,10,02,00,46.3,128,Unhealthy for Sensitive Groups,48.2,UG/M3,1 Hr,Valid
Banja Luka,PM2.5 - Principal,2021-10-02 01:00 AM,2021,10,02,01,47.3,130,Unhealthy for Sensitive Groups,48.2,UG/M3,1 Hr,Valid
Banja Luka,PM2.5 - Principal,2021-10-02 02:00 AM,2021,10,02,02,38.7,109,Unhealthy for Sensitive Groups,30.6,UG/M3,1 Hr,Valid
Banja Luka,PM2.5 - Principal,2021-10-02 03:00 AM,2021,10,02,03,31.6,92,Moderate,24.6,UG/M3,1 Hr,Valid
Banja Luka,PM2.5 - Principal,2021-10-02 04:00 AM,2021,10,02,04,28.1,85,Moderate,24.6,UG/M3,1 Hr,Valid
Banja Luka,PM2.5 - Principal,2021-10-02 05:00 AM,2021,10,02,05,26.5,81,Moderate,24.6,UG/M3,1 Hr,Valid
Banja Luka,PM2.5 - Principal,2021-10-02 06:00 AM,2021,10,02,06,24.8,78,Moderate,23.2,UG/M3,1 Hr,Valid
Banja Luka,PM2.5 - Principal,2021-10-02 07:00 AM,2021,10,02,07,21.4,71,Moderate,18.0,UG/M3,1 Hr,Valid
Banja Luka,PM2.5 - Principal,2021-10-02 08:00 AM,2021,10,02,08,19.3,66,Moderate,17.1,UG/M3,1 Hr,Valid
Banja Luka,PM2.5 - Principal,2021-10-02 09:00 AM,2021,10,02,09,18.1,64,Moderate,16.8,UG/M3,1 Hr,Valid
Banja Luka,PM2.5 - Principal,2021-10-02 10:00 AM,2021,10,02,10,17.8,63,Moderate,17.5,UG/M3,1 Hr,Valid
Banja Luka,PM2.5 - Principal,2021-10-02 11:00 AM,2021,10,02,11,19.3,66,Moderate,20.8,UG/M3,1 Hr,Valid
Banja Luka,PM2.5 - Principal,2021-10-02 12:00 PM,2021,10,02,12,19.7,67,Moderate,20.2,UG/M3,1 Hr,Valid
Banja Luka,PM2.5 - Principal,2021-10-02 01:00 PM,2021,10,02,13,20.0,68,Moderate,20.4,UG/M3,1 Hr,Valid
Banja Luka,PM2.5 - Principal,2021-10-02 02:00 PM,2021,10,02,14,18.9,65,Moderate,16.9,UG/M3,1 Hr,Valid
Banja Luka,PM2.5 - Principal,2021-10-02 03:00 PM,2021,10,02,15,18.2,64,Moderate,16.9,UG/M3,1 Hr,Valid
Banja Luka,PM2.5 - Principal,2021-10-02 04:00 PM,2021,10,02,16,17.4,62,Moderate,16.0,UG/M3,1 Hr,Valid
Banja Luka,PM2.5 - Principal,2021-10-02 05:00 PM,2021,10,02,17,18.5,64,Moderate,20.6,UG/M3,1 Hr,Valid
Banja Luka,PM2.5 - Principal,2021-10-02 06:00 PM,2021,10,02,18,18.6,65,Moderate,19.4,UG/M3,1 Hr,Valid
Banja Luka,PM2.5 - Principal,2021-10-02 07:00 PM,2021,10,02,19,20.2,68,Moderate,23.4,UG/M3,1 Hr,Valid
Banja Luka,PM2.5 - Principal,2021-10-02 08:00 PM,2021,10,02,20,26.7,82,Moderate,32.1,UG/M3,1 Hr,Valid
Banja Luka,PM2.5 - Principal,2021-10-02 09:00 PM,2021,10,02,21,40.8,114,Unhealthy for Sensitive Groups,54.9,UG/M3,1 Hr,Valid
Banja Luka,PM2.5 - Principal,2021-10-02 10:00 PM,2021,10,02,22,45.8,126,Unhealthy for Sensitive Groups,50.9,UG/M3,1 Hr,Valid
Banja Luka,PM2.5 - Principal,2021-10-02 11:00 PM,2021,10,02,23,48.4,133,Unhealthy for Sensitive Groups,50.9,UG/M3,1 Hr,Valid
Banja Luka,PM2.5 - Principal,2021-10-03 12:00 AM,2021,10,03,00,47.5,131,Unhealthy for Sensitive Groups,46.6,UG/M3,1 Hr,Valid
Banja Luka,PM2.5 - Principal,2021-10-03 01:00 AM,2021,10,03,01,47.6,131,Unhealthy for Sensitive Groups,47.8,UG/M3,1 Hr,Valid
Banja Luka,PM2.5 - Principal,2021-10-03 02:00 AM,2021,10,03,02,46.0,127,Unhealthy for Sensitive Groups,44.4,UG/M3,1 Hr,Valid
Banja Luka,PM2.5 - Principal,2021-10-03 03:00 AM,2021,10,03,03,38.7,109,Unhealthy for Sensitive Groups,31.4,UG/M3,1 Hr,Valid
Banja Luka,PM2.5 - Principal,2021-10-03 04:00 AM,2021,10,03,04,36.6,104,Unhealthy for Sensitive Groups,34.6,UG/M3,1 Hr,Valid
Banja Luka,PM2.5 - Principal,2021-10-03 05:00 AM,2021,10,03,05,34.1,97,Moderate,31.6,UG/M3,1 Hr,Valid
Banja Luka,PM2.5 - Principal,2021-10-03 06:00 AM,2021,10,03,06,32.8,95,Moderate,31.6,UG/M3,1 Hr,Valid
Banja Luka,PM2.5 - Principal,2021-10-03 07:00 AM,2021,10,03,07,30.1,89,Moderate,27.4,UG/M3,1 Hr,Valid
Banja Luka,PM2.5 - Principal,2021-10-03 08:00 AM,2021,10,03,08,28.7,86,Moderate,27.4,UG/M3,1 Hr,Valid
Banja Luka,PM2.5 - Principal,2021-10-03 09:00 AM,2021,10,03,09,29.3,87,Moderate,29.5,UG/M3,1 Hr,Valid
Banja Luka,PM2.5 - Principal,2021-10-03 10:00 AM,2021,10,03,10,30.1,89,Moderate,31.1,UG/M3,1 Hr,Valid
Banja Luka,PM2.5 - Principal,2021-10-03 11:00 AM,2021,10,03,11,30.4,89,Moderate,30.7,UG/M3,1 Hr,Valid
Banja Luka,PM2.5 - Principal,2021-10-03 12:00 PM,2021,10,03,12,22.0,72,Moderate,13.7,UG/M3,1 Hr,Valid
Banja Luka,PM2.5 - Principal,2021-10-03 01:00 PM,2021,10,03,13,17.9,63,Moderate,13.7,UG/M3,1 Hr,Valid
Banja Luka,PM2.5 - Principal,2021-10-03 02:00 PM,2021,10,03,14,13.9,55,Moderate,9.9,UG/M3,1 Hr,Valid
Banja Luka,PM2.5 - Principal,2021-10-03 03:00 PM,2021,10,03,15,11.9,50,Good,9.9,UG/M3,1 Hr,Valid
Banja Luka,PM2.5 - Principal,2021-10-03 04:00 PM,2021,10,03,16,10.4,43,Good,8.8,UG/M3,1 Hr,Valid
Banja Luka,PM2.5 - Principal,2021-10-03 05:00 PM,2021,10,03,17,9.3,39,Good,8.3,UG/M3,1 Hr,Valid
Banja Luka,PM2.5 - Principal,2021-10-03 06:00 PM,2021,10,03,18,9.5,40,Good,9.6,UG/M3,1 Hr,Valid
Banja Luka,PM2.5 - Principal,2021-10-03 07:00 PM,2021,10,03,19,9.8,41,Good,10.2,UG/M3,1 Hr,Valid
Banja Luka,PM2.5 - Principal,2021-10-03 08:00 PM,2021,10,03,20,10.0,42,Good,10.2,UG/M3,1 Hr,Valid
Banja Luka,PM2.5 - Principal,2021-10-03 09:00 PM,2021,10,03,21,18.4,64,Moderate,26.8,UG/M3,1 Hr,Valid
Banja Luka,PM2.5 - Principal,2021-10-03 10:00 PM,2021,10,03,22,22.6,73,Moderate,26.8,UG/M3,1 Hr,Valid
Banja Luka,PM2.5 - Principal,2021-10-03 11:00 PM,2021,10,03,23,26.8,82,Moderate,31.1,UG/M3,1 Hr,Valid
Banja Luka,PM2.5 - Principal,2021-10-04 12:00 AM,2021,10,04,00,26.8,82,Moderate,20.8,UG/M3,1 Hr,Invalid
Banja Luka,PM2.5 - Principal,2021-10-04 01:00 AM,2021,10,04,01,-999.0,-999,N/A,20.8,UG/M3,1 Hr,Invalid
Banja Luka,PM2.5 - Principal,2021-10-04 02:00 AM,2021,10,04,02,-999.0,-999,N/A,20.8,UG/M3,1 Hr,Invalid
Banja Luka,PM2.5 - Principal,2021-10-04 03:00 AM,2021,10,04,03,-999.0,-999,N/A,20.8,UG/M3,1 Hr,Invalid
Banja Luka,PM2.5 - Principal,2021-10-04 04:00 AM,2021,10,04,04,-999.0,-999,N/A,20.8,UG/M3,1 Hr,Invalid
Banja Luka,PM2.5 - Principal,2021-10-04 05:00 AM,2021,10,04,05,-999.0,-999,N/A,20.8,UG/M3,1 Hr,Invalid
Banja Luka,PM2.5 - Principal,2021-10-04 06:00 AM,2021,10,04,06,-999.0,-999,N/A,20.8,UG/M3,1 Hr,Invalid
Banja Luka,PM2.5 - Principal,2021-10-04 07:00 AM,2021,10,04,07,-999.0,-999,N/A,20.8,UG/M3,1 Hr,Invalid
Banja Luka,PM2.5 - Principal,2021-10-04 08:00 AM,2021,10,04,08,-999.0,-999,N/A,20.8,UG/M3,1 Hr,Invalid
Banja Luka,PM2.5 - Principal,2021-10-04 09:00 AM,2021,10,04,09,-999.0,-999,N/A,20.8,UG/M3,1 Hr,Invalid
Banja Luka,PM2.5 - Principal,2021-10-04 10:00 AM,2021,10,04,10,-999.0,-999,N/A,20.8,UG/M3,1 Hr,Invalid
Banja Luka,PM2.5 - Principal,2021-10-04 11:00 AM,2021,10,04,11,-999.0,-999,N/A,20.8,UG/M3,1 Hr,Invalid
Banja Luka,PM2.5 - Principal,2021-10-04 12:00 PM,2021,10,04,12,-999.0,-999,N/A,20.8,UG/M3,1 Hr,Invalid
Banja Luka,PM2.5 - Principal,2021-10-04 01:00 PM,2021,10,04,13,-999.0,-999,N/A,9.6,UG/M3,1 Hr,Valid
Banja Luka,PM2.5 - Principal,2021-10-04 02:00 PM,2021,10,04,14,9.4,39,Good,9.1,UG/M3,1 Hr,Valid
Banja Luka,PM2.5 - Principal,2021-10-04 03:00 PM,2021,10,04,15,8.7,36,Good,7.8,UG/M3,1 Hr,Valid
Banja Luka,PM2.5 - Principal,2021-10-04 04:00 PM,2021,10,04,16,8.5,35,Good,8.0,UG/M3,1 Hr,Valid
Banja Luka,PM2.5 - Principal,2021-10-04 05:00 PM,2021,10,04,17,8.2,34,Good,7.5,UG/M3,1 Hr,Valid
Banja Luka,PM2.5 - Principal,2021-10-04 06:00 PM,2021,10,04,18,8.9,37,Good,10.5,UG/M3,1 Hr,Valid
Banja Luka,PM2.5 - Principal,2021-10-04 07:00 PM,2021,10,04,19,11.9,50,Good,14.8,UG/M3,1 Hr,Valid
Banja Luka,PM2.5 - Principal,2021-10-04 08:00 PM,2021,10,04,20,16.6,60,Moderate,21.2,UG/M3,1 Hr,Valid
Banja Luka,PM2.5 - Principal,2021-10-04 09:00 PM,2021,10,04,21,23.5,75,Moderate,30.4,UG/M3,1 Hr,Valid
Banja Luka,PM2.5 - Principal,2021-10-04 10:00 PM,2021,10,04,22,26.7,82,Moderate,30.0,UG/M3,1 Hr,Valid
Banja Luka,PM2.5 - Principal,2021-10-04 11:00 PM,2021,10,04,23,26.2,81,Moderate,25.7,UG/M3,1 Hr,Valid
Banja Luka,PM2.5 - Principal,2021-10-05 12:00 AM,2021,10,05,00,19.9,67,Moderate,13.5,UG/M3,1 Hr,Valid
Banja Luka,PM2.5 - Principal,2021-10-05 01:00 AM,2021,10,05,01,15.2,58,Moderate,10.6,UG/M3,1 Hr,Valid
Banja Luka,PM2.5 - Principal,2021-10-05 02:00 AM,2021,10,05,02,12.8,52,Moderate,10.4,UG/M3,1 Hr,Valid
Banja Luka,PM2.5 - Principal,2021-10-05 03:00 AM,2021,10,05,03,13.4,54,Moderate,14.0,UG/M3,1 Hr,Valid
Banja Luka,PM2.5 - Principal,2021-10-05 04:00 AM,2021,10,05,04,13.9,55,Moderate,14.5,UG/M3,1 Hr,Valid
Banja Luka,PM2.5 - Principal,2021-10-05 05:00 AM,2021,10,05,05,13.4,54,Moderate,12.9,UG/M3,1 Hr,Valid
Banja Luka,PM2.5 - Principal,2021-10-05 06:00 AM,2021,10,05,06,13.2,53,Moderate,13.1,UG/M3,1 Hr,Valid
Banja Luka,PM2.5 - Principal,2021-10-05 07:00 AM,2021,10,05,07,11.5,48,Good,9.8,UG/M3,1 Hr,Valid
Banja Luka,PM2.5 - Principal,2021-10-05 08:00 AM,2021,10,05,08,12.3,51,Moderate,13.0,UG/M3,1 Hr,Valid
Banja Luka,PM2.5 - Principal,2021-10-05 09:00 AM,2021,10,05,09,10.8,45,Good,9.4,UG/M3,1 Hr,Valid
Banja Luka,PM2.5 - Principal,2021-10-05 10:00 AM,2021,10,05,10,10.3,43,Good,9.8,UG/M3,1 Hr,Valid
Banja Luka,PM2.5 - Principal,2021-10-05 11:00 AM,2021,10,05,11,10.6,44,Good,10.4,UG/M3,1 Hr,Valid
Banja Luka,PM2.5 - Principal,2021-10-05 12:00 PM,2021,10,05,12,10.7,45,Good,10.8,UG/M3,1 Hr,Valid
Banja Luka,PM2.5 - Principal,2021-10-05 01:00 PM,2021,10,05,13,11.7,49,Good,13.4,UG/M3,1 Hr,Valid
Banja Luka,PM2.5 - Principal,2021-10-05 02:00 PM,2021,10,05,14,11.7,49,Good,11.6,UG/M3,1 Hr,Valid
Banja Luka,PM2.5 - Principal,2021-10-05 03:00 PM,2021,10,05,15,11.9,50,Good,12.3,UG/M3,1 Hr,Valid
Banja Luka,PM2.5 - Principal,2021-10-05 04:00 PM,2021,10,05,16,10.4,43,Good,8.0,UG/M3,1 Hr,Valid
Banja Luka,PM2.5 - Principal,2021-10-05 05:00 PM,2021,10,05,17,9.3,39,Good,7.9,UG/M3,1 Hr,Valid
Banja Luka,PM2.5 - Principal,2021-10-05 06:00 PM,2021,10,05,18,9.7,40,Good,10.2,UG/M3,1 Hr,Valid
Banja Luka,PM2.5 - Principal,2021-10-05 07:00 PM,2021,10,05,19,11.3,47,Good,13.5,UG/M3,1 Hr,Valid
Banja Luka,PM2.5 - Principal,2021-10-05 08:00 PM,2021,10,05,20,14.2,55,Moderate,16.8,UG/M3,1 Hr,Valid
Banja Luka,PM2.5 - Principal,2021-10-05 09:00 PM,2021,10,05,21,14.2,55,Moderate,14.2,UG/M3,1 Hr,Valid
Banja Luka,PM2.5 - Principal,2021-10-05 10:00 PM,2021,10,05,22,12.6,52,Moderate,11.0,UG/M3,1 Hr,Valid
Banja Luka,PM2.5 - Principal,2021-10-05 11:00 PM,2021,10,05,23,11.3,47,Good,10.0,UG/M3,1 Hr,Valid
Banja Luka,PM2.5 - Principal,2021-10-06 12:00 AM,2021,10,06,00,10.8,45,Good,10.2,UG/M3,1 Hr,Valid
Banja Luka,PM2.5 - Principal,2021-10-06 01:00 AM,2021,10,06,01,11.3,47,Good,11.8,UG/M3,1 Hr,Valid
Banja Luka,PM2.5 - Principal,2021-10-06 02:00 AM,2021,10,06,02,9.7,40,Good,8.1,UG/M3,1 Hr,Valid
Banja Luka,PM2.5 - Principal,2021-10-06 03:00 AM,2021,10,06,03,8.8,37,Good,7.9,UG/M3,1 Hr,Valid
Banja Luka,PM2.5 - Principal,2021-10-06 04:00 AM,2021,10,06,04,7.0,29,Good,5.3,UG/M3,1 Hr,Valid
Banja Luka,PM2.5 - Principal,2021-10-06 05:00 AM,2021,10,06,05,5.9,25,Good,4.7,UG/M3,1 Hr,Valid
Banja Luka,PM2.5 - Principal,2021-10-06 06:00 AM,2021,10,06,06,5.6,23,Good,5.4,UG/M3,1 Hr,Valid
Banja Luka,PM2.5 - Principal,2021-10-06 07:00 AM,2021,10,06,07,4.9,20,Good,4.2,UG/M3,1 Hr,Valid
Banja Luka,PM2.5 - Principal,2021-10-06 08:00 AM,2021,10,06,08,4.6,19,Good,4.3,UG/M3,1 Hr,Valid
Banja Luka,PM2.5 - Principal,2021-10-06 09:00 AM,2021,10,06,09,4.8,20,Good,5.1,UG/M3,1 Hr,Valid
Banja Luka,PM2.5 - Principal,2021-10-06 10:00 AM,2021,10,06,10,6.5,27,Good,8.1,UG/M3,1 Hr,Valid
Banja Luka,PM2.5 - Principal,2021-10-06 11:00 AM,2021,10,06,11,6.6,28,Good,6.7,UG/M3,1 Hr,Valid
Banja Luka,PM2.5 - Principal,2021-10-06 12:00 PM,2021,10,06,12,9.5,40,Good,12.5,UG/M3,1 Hr,Valid
Banja Luka,PM2.5 - Principal,2021-10-06 01:00 PM,2021,10,06,13,10.6,44,Good,11.7,UG/M3,1 Hr,Valid
Banja Luka,PM2.5 - Principal,2021-10-06 02:00 PM,2021,10,06,14,12.3,51,Moderate,14.0,UG/M3,1 Hr,Valid
Banja Luka,PM2.5 - Principal,2021-10-06 03:00 PM,2021,10,06,15,12.5,52,Moderate,12.6,UG/M3,1 Hr,Valid
Banja Luka,PM2.5 - Principal,2021-10-06 04:00 PM,2021,10,06,16,10.8,45,Good,9.1,UG/M3,1 Hr,Valid
Banja Luka,PM2.5 - Principal,2021-10-06 05:00 PM,2021,10,06,17,9.6,40,Good,8.4,UG/M3,1 Hr,Valid
Banja Luka,PM2.5 - Principal,2021-10-06 06:00 PM,2021,10,06,18,12.1,51,Moderate,14.7,UG/M3,1 Hr,Valid
Banja Luka,PM2.5 - Principal,2021-10-06 07:00 PM,2021,10,06,19,16.9,61,Moderate,21.7,UG/M3,1 Hr,Valid
Banja Luka,PM2.5 - Principal,2021-10-06 08:00 PM,2021,10,06,20,17.6,63,Moderate,18.4,UG/M3,1 Hr,Valid
Banja Luka,PM2.5 - Principal,2021-10-06 09:00 PM,2021,10,06,21,15.5,58,Moderate,13.4,UG/M3,1 Hr,Valid
Banja Luka,PM2.5 - Principal,2021-10-06 10:00 PM,2021,10,06,22,13.9,55,Moderate,12.4,UG/M3,1 Hr,Valid
Banja Luka,PM2.5 - Principal,2021-10-06 11:00 PM,2021,10,06,23,14.2,55,Moderate,14.5,UG/M3,1 Hr,Valid
Banja Luka,PM2.5 - Principal,2021-10-07 12:00 AM,2021,10,07,00,12.5,52,Moderate,10.8,UG/M3,1 Hr,Valid
Banja Luka,PM2.5 - Principal,2021-10-07 01:00 AM,2021,10,07,01,10.8,45,Good,9.1,UG/M3,1 Hr,Valid
Banja Luka,PM2.5 - Principal,2021-10-07 02:00 AM,2021,10,07,02,10.8,45,Good,10.7,UG/M3,1 Hr,Valid
Banja Luka,PM2.5 - Principal,2021-10-07 03:00 AM,2021,10,07,03,11.7,49,Good,12.6,UG/M3,1 Hr,Valid
Banja Luka,PM2.5 - Principal,2021-10-07 04:00 AM,2021,10,07,04,11.5,48,Good,11.3,UG/M3,1 Hr,Valid
Banja Luka,PM2.5 - Principal,2021-10-07 05:00 AM,2021,10,07,05,10.3,43,Good,9.2,UG/M3,1 Hr,Valid
Banja Luka,PM2.5 - Principal,2021-10-07 06:00 AM,2021,10,07,06,10.8,45,Good,11.2,UG/M3,1 Hr,Valid
Banja Luka,PM2.5 - Principal,2021-10-07 07:00 AM,2021,10,07,07,12.9,53,Moderate,15.0,UG/M3,1 Hr,Valid
Banja Luka,PM2.5 - Principal,2021-10-07 08:00 AM,2021,10,07,08,19.2,66,Moderate,25.5,UG/M3,1 Hr,Valid
Banja Luka,PM2.5 - Principal,2021-10-07 09:00 AM,2021,10,07,09,22.6,73,Moderate,25.9,UG/M3,1 Hr,Valid
Banja Luka,PM2.5 - Principal,2021-10-07 10:00 AM,2021,10,07,10,25.3,79,Moderate,28.1,UG/M3,1 Hr,Valid
Banja Luka,PM2.5 - Principal,2021-10-07 11:00 AM,2021,10,07,11,23.4,75,Moderate,21.5,UG/M3,1 Hr,Valid
Banja Luka,PM2.5 - Principal,2021-10-07 12:00 PM,2021,10,07,12,19.7,67,Moderate,16.0,UG/M3,1 Hr,Valid
Banja Luka,PM2.5 - Principal,2021-10-07 01:00 PM,2021,10,07,13,16.7,61,Moderate,13.7,UG/M3,1 Hr,Valid
Banja Luka,PM2.5 - Principal,2021-10-07 02:00 PM,2021,10,07,14,18.7,65,Moderate,20.6,UG/M3,1 Hr,Valid
Banja Luka,PM2.5 - Principal,2021-10-07 03:00 PM,2021,10,07,15,19.5,67,Moderate,20.4,UG/M3,1 Hr,Valid
Banja Luka,PM2.5 - Principal,2021-10-07 04:00 PM,2021,10,07,16,18.1,64,Moderate,16.6,UG/M3,1 Hr,Valid
Banja Luka,PM2.5 - Principal,2021-10-07 05:00 PM,2021,10,07,17,15.2,58,Moderate,12.4,UG/M3,1 Hr,Valid
Banja Luka,PM2.5 - Principal,2021-10-07 06:00 PM,2021,10,07,18,12.3,51,Moderate,9.4,UG/M3,1 Hr,Valid
Banja Luka,PM2.5 - Principal,2021-10-07 07:00 PM,2021,10,07,19,10.4,43,Good,8.6,UG/M3,1 Hr,Valid
Banja Luka,PM2.5 - Principal,2021-10-07 08:00 PM,2021,10,07,20,11.4,48,Good,12.3,UG/M3,1 Hr,Valid
Banja Luka,PM2.5 - Principal,2021-10-07 09:00 PM,2021,10,07,21,10.7,45,Good,10.0,UG/M3,1 Hr,Valid
Banja Luka,PM2.5 - Principal,2021-10-07 10:00 PM,2021,10,07,22,10.1,42,Good,9.6,UG/M3,1 Hr,Valid
Banja Luka,PM2.5 - Principal,2021-10-07 11:00 PM,2021,10,07,23,11.1,46,Good,12.1,UG/M3,1 Hr,Valid
Banja Luka,PM2.5 - Principal,2021-10-08 12:00 AM,2021,10,08,00,11.8,49,Good,12.5,UG/M3,1 Hr,Valid
Banja Luka,PM2.5 - Principal,2021-10-08 01:00 AM,2021,10,08,01,14.0,55,Moderate,16.2,UG/M3,1 Hr,Valid
Banja Luka,PM2.5 - Principal,2021-10-08 02:00 AM,2021,10,08,02,15.4,58,Moderate,16.7,UG/M3,1 Hr,Valid
Banja Luka,PM2.5 - Principal,2021-10-08 03:00 AM,2021,10,08,03,15.2,58,Moderate,15.0,UG/M3,1 Hr,Valid
Banja Luka,PM2.5 - Principal,2021-10-08 04:00 AM,2021,10,08,04,15.9,59,Moderate,16.7,UG/M3,1 Hr,Valid
Banja Luka,PM2.5 - Principal,2021-10-08 05:00 AM,2021,10,08,05,16.4,60,Moderate,16.9,UG/M3,1 Hr,Valid
Banja Luka,PM2.5 - Principal,2021-10-08 06:00 AM,2021,10,08,06,16.7,61,Moderate,17.0,UG/M3,1 Hr,Valid
Banja Luka,PM2.5 - Principal,2021-10-08 07:00 AM,2021,10,08,07,15.2,58,Moderate,13.4,UG/M3,1 Hr,Valid
Banja Luka,PM2.5 - Principal,2021-10-08 08:00 AM,2021,10,08,08,13.2,53,Moderate,10.5,UG/M3,1 Hr,Valid
Banja Luka,PM2.5 - Principal,2021-10-08 09:00 AM,2021,10,08,09,12.5,52,Moderate,11.7,UG/M3,1 Hr,Valid
Banja Luka,PM2.5 - Principal,2021-10-08 10:00 AM,2021,10,08,10,11.5,48,Good,9.9,UG/M3,1 Hr,Valid
Banja Luka,PM2.5 - Principal,2021-10-08 11:00 AM,2021,10,08,11,12.5,52,Moderate,13.8,UG/M3,1 Hr,Valid
Banja Luka,PM2.5 - Principal,2021-10-08 12:00 PM,2021,10,08,12,12.5,52,Moderate,12.6,UG/M3,1 Hr,Valid
Banja Luka,PM2.5 - Principal,2021-10-08 01:00 PM,2021,10,08,13,11.9,50,Good,11.2,UG/M3,1 Hr,Valid
Banja Luka,PM2.5 - Principal,2021-10-08 02:00 PM,2021,10,08,14,11.5,48,Good,10.8,UG/M3,1 Hr,Valid
Banja Luka,PM2.5 - Principal,2021-10-08 03:00 PM,2021,10,08,15,13.7,54,Moderate,17.0,UG/M3,1 Hr,Valid
Banja Luka,PM2.5 - Principal,2021-10-08 04:00 PM,2021,10,08,16,13.1,53,Moderate,12.1,UG/M3,1 Hr,Valid
Banja Luka,PM2.5 - Principal,2021-10-08 05:00 PM,2021,10,08,17,13.2,53,Moderate,13.4,UG/M3,1 Hr,Valid
Banja Luka,PM2.5 - Principal,2021-10-08 06:00 PM,2021,10,08,18,17.6,63,Moderate,22.0,UG/M3,1 Hr,Valid
Banja Luka,PM2.5 - Principal,2021-10-08 07:00 PM,2021,10,08,19,13.8,55,Moderate,10.0,UG/M3,1 Hr,Valid
Banja Luka,PM2.5 - Principal,2021-10-08 08:00 PM,2021,10,08,20,17.0,61,Moderate,20.2,UG/M3,1 Hr,Valid
Banja Luka,PM2.5 - Principal,2021-10-08 09:00 PM,2021,10,08,21,15.9,59,Moderate,14.8,UG/M3,1 Hr,Valid
Banja Luka,PM2.5 - Principal,2021-10-08 10:00 PM,2021,10,08,22,16.1,59,Moderate,16.4,UG/M3,1 Hr,Valid
Banja Luka,PM2.5 - Principal,2021-10-08 11:00 PM,2021,10,08,23,16.0,59,Moderate,15.9,UG/M3,1 Hr,Valid
Banja Luka,PM2.5 - Principal,2021-10-09 12:00 AM,2021,10,09,00,17.4,62,Moderate,18.8,UG/M3,1 Hr,Valid
Banja Luka,PM2.5 - Principal,2021-10-09 01:00 AM,2021,10,09,01,16.6,60,Moderate,15.8,UG/M3,1 Hr,Valid
Banja Luka,PM2.5 - Principal,2021-10-09 02:00 AM,2021,10,09,02,15.3,58,Moderate,14.0,UG/M3,1 Hr,Valid
Banja Luka,PM2.5 - Principal,2021-10-09 03:00 AM,2021,10,09,03,14.1,55,Moderate,13.0,UG/M3,1 Hr,Valid
Banja Luka,PM2.5 - Principal,2021-10-09 04:00 AM,2021,10,09,04,12.3,51,Moderate,10.6,UG/M3,1 Hr,Valid
Banja Luka,PM2.5 - Principal,2021-10-09 05:00 AM,2021,10,09,05,11.9,50,Good,11.4,UG/M3,1 Hr,Valid
Banja Luka,PM2.5 - Principal,2021-10-09 06:00 AM,2021,10,09,06,11.7,49,Good,11.5,UG/M3,1 Hr,Valid
Banja Luka,PM2.5 - Principal,2021-10-09 07:00 AM,2021,10,09,07,11.8,49,Good,11.9,UG/M3,1 Hr,Valid
Banja Luka,PM2.5 - Principal,2021-10-09 08:00 AM,2021,10,09,08,11.8,49,Good,11.7,UG/M3,1 Hr,Valid
Banja Luka,PM2.5 - Principal,2021-10-09 09:00 AM,2021,10,09,09,12.8,52,Moderate,14.2,UG/M3,1 Hr,Valid
Banja Luka,PM2.5 - Principal,2021-10-09 10:00 AM,2021,10,09,10,12.2,51,Moderate,11.3,UG/M3,1 Hr,Valid
Banja Luka,PM2.5 - Principal,2021-10-09 11:00 AM,2021,10,09,11,12.1,51,Moderate,12.0,UG/M3,1 Hr,Valid
Banja Luka,PM2.5 - Principal,2021-10-09 12:00 PM,2021,10,09,12,11.5,48,Good,10.4,UG/M3,1 Hr,Valid
Banja Luka,PM2.5 - Principal,2021-10-09 01:00 PM,2021,10,09,13,12.0,50,Good,13.0,UG/M3,1 Hr,Valid
Banja Luka,PM2.5 - Principal,2021-10-09 02:00 PM,2021,10,09,14,12.5,52,Moderate,13.8,UG/M3,1 Hr,Valid
Banja Luka,PM2.5 - Principal,2021-10-09 03:00 PM,2021,10,09,15,14.5,56,Moderate,17.2,UG/M3,1 Hr,Valid
Banja Luka,PM2.5 - Principal,2021-10-09 04:00 PM,2021,10,09,16,15.7,59,Moderate,17.5,UG/M3,1 Hr,Valid
Banja Luka,PM2.5 - Principal,2021-10-09 05:00 PM,2021,10,09,17,16.7,61,Moderate,17.9,UG/M3,1 Hr,Valid
Banja Luka,PM2.5 - Principal,2021-10-09 06:00 PM,2021,10,09,18,18.7,65,Moderate,20.4,UG/M3,1 Hr,Valid
Banja Luka,PM2.5 - Principal,2021-10-09 07:00 PM,2021,10,09,19,16.2,60,Moderate,13.7,UG/M3,1 Hr,Valid
Banja Luka,PM2.5 - Principal,2021-10-09 08:00 PM,2021,10,09,20,13.0,53,Moderate,9.8,UG/M3,1 Hr,Valid
Banja Luka,PM2.5 - Principal,2021-10-09 09:00 PM,2021,10,09,21,13.2,53,Moderate,13.4,UG/M3,1 Hr,Valid
Banja Luka,PM2.5 - Principal,2021-10-09 10:00 PM,2021,10,09,22,14.1,55,Moderate,15.0,UG/M3,1 Hr,Valid
Banja Luka,PM2.5 - Principal,2021-10-09 11:00 PM,2021,10,09,23,13.4,54,Moderate,12.6,UG/M3,1 Hr,Valid
Banja Luka,PM2.5 - Principal,2021-10-10 12:00 AM,2021,10,10,00,11.2,47,Good,9.0,UG/M3,1 Hr,Valid
Banja Luka,PM2.5 - Principal,2021-10-10 01:00 AM,2021,10,10,01,11.6,48,Good,12.0,UG/M3,1 Hr,Valid
Banja Luka,PM2.5 - Principal,2021-10-10 02:00 AM,2021,10,10,02,11.5,48,Good,11.5,UG/M3,1 Hr,Valid
Banja Luka,PM2.5 - Principal,2021-10-10 03:00 AM,2021,10,10,03,10.0,42,Good,8.4,UG/M3,1 Hr,Valid
Banja Luka,PM2.5 - Principal,2021-10-10 04:00 AM,2021,10,10,04,8.2,34,Good,6.4,UG/M3,1 Hr,Valid
Banja Luka,PM2.5 - Principal,2021-10-10 05:00 AM,2021,10,10,05,7.2,30,Good,6.3,UG/M3,1 Hr,Valid
Banja Luka,PM2.5 - Principal,2021-10-10 06:00 AM,2021,10,10,06,6.1,25,Good,5.0,UG/M3,1 Hr,Valid
Banja Luka,PM2.5 - Principal,2021-10-10 07:00 AM,2021,10,10,07,5.0,21,Good,3.9,UG/M3,1 Hr,Valid
Banja Luka,PM2.5 - Principal,2021-10-10 08:00 AM,2021,10,10,08,5.1,21,Good,5.2,UG/M3,1 Hr,Valid
Banja Luka,PM2.5 - Principal,2021-10-10 09:00 AM,2021,10,10,09,8.4,35,Good,11.7,UG/M3,1 Hr,Valid
Banja Luka,PM2.5 - Principal,2021-10-10 10:00 AM,2021,10,10,10,11.2,47,Good,14.1,UG/M3,1 Hr,Valid
Banja Luka,PM2.5 - Principal,2021-10-10 11:00 AM,2021,10,10,11,17.9,63,Moderate,24.5,UG/M3,1 Hr,Valid
Banja Luka,PM2.5 - Principal,2021-10-10 12:00 PM,2021,10,10,12,14.8,57,Moderate,11.7,UG/M3,1 Hr,Valid
Banja Luka,PM2.5 - Principal,2021-10-10 01:00 PM,2021,10,10,13,17.9,63,Moderate,21.0,UG/M3,1 Hr,Valid
Banja Luka,PM2.5 - Principal,2021-10-10 02:00 PM,2021,10,10,14,21.8,71,Moderate,25.7,UG/M3,1 Hr,Valid
Banja Luka,PM2.5 - Principal,2021-10-10 03:00 PM,2021,10,10,15,21.5,71,Moderate,21.2,UG/M3,1 Hr,Valid
Banja Luka,PM2.5 - Principal,2021-10-10 04:00 PM,2021,10,10,16,23.1,74,Moderate,24.7,UG/M3,1 Hr,Valid
Banja Luka,PM2.5 - Principal,2021-10-10 05:00 PM,2021,10,10,17,24.3,77,Moderate,25.5,UG/M3,1 Hr,Valid
Banja Luka,PM2.5 - Principal,2021-10-10 06:00 PM,2021,10,10,18,27.3,83,Moderate,30.3,UG/M3,1 Hr,Valid
Banja Luka,PM2.5 - Principal,2021-10-10 07:00 PM,2021,10,10,19,28.5,85,Moderate,29.7,UG/M3,1 Hr,Valid
Banja Luka,PM2.5 - Principal,2021-10-10 08:00 PM,2021,10,10,20,28.3,85,Moderate,28.1,UG/M3,1 Hr,Valid
Banja Luka,PM2.5 - Principal,2021-10-10 09:00 PM,2021,10,10,21,28.6,86,Moderate,28.8,UG/M3,1 Hr,Valid
Banja Luka,PM2.5 - Principal,2021-10-10 10:00 PM,2021,10,10,22,23.2,74,Moderate,17.8,UG/M3,1 Hr,Valid
Banja Luka,PM2.5 - Principal,2021-10-10 11:00 PM,2021,10,10,23,21.7,71,Moderate,20.1,UG/M3,1 Hr,Valid
Banja Luka,PM2.5 - Principal,2021-10-11 12:00 AM,2021,10,11,00,15.0,57,Moderate,8.4,UG/M3,1 Hr,Valid
Banja Luka,PM2.5 - Principal,2021-10-11 01:00 AM,2021,10,11,01,11.9,50,Good,8.8,UG/M3,1 Hr,Valid
Banja Luka,PM2.5 - Principal,2021-10-11 02:00 AM,2021,10,11,02,11.0,46,Good,10.2,UG/M3,1 Hr,Valid
Banja Luka,PM2.5 - Principal,2021-10-11 03:00 AM,2021,10,11,03,11.3,47,Good,11.6,UG/M3,1 Hr,Valid
Banja Luka,PM2.5 - Principal,2021-10-11 04:00 AM,2021,10,11,04,11.0,46,Good,10.6,UG/M3,1 Hr,Valid
Banja Luka,PM2.5 - Principal,2021-10-11 05:00 AM,2021,10,11,05,10.6,44,Good,10.2,UG/M3,1 Hr,Valid
Banja Luka,PM2.5 - Principal,2021-10-11 06:00 AM,2021,10,11,06,10.3,43,Good,10.1,UG/M3,1 Hr,Valid
Banja Luka,PM2.5 - Principal,2021-10-11 07:00 AM,2021,10,11,07,10.0,42,Good,9.6,UG/M3,1 Hr,Valid
Banja Luka,PM2.5 - Principal,2021-10-11 08:00 AM,2021,10,11,08,19.6,67,Moderate,29.1,UG/M3,1 Hr,Valid
Banja Luka,PM2.5 - Principal,2021-10-11 09:00 AM,2021,10,11,09,24.3,77,Moderate,29.0,UG/M3,1 Hr,Valid
Banja Luka,PM2.5 - Principal,2021-10-11 10:00 AM,2021,10,11,10,24.3,77,Moderate,24.2,UG/M3,1 Hr,Valid
Banja Luka,PM2.5 - Principal,2021-10-11 11:00 AM,2021,10,11,11,21.4,71,Moderate,18.5,UG/M3,1 Hr,Valid
Banja Luka,PM2.5 - Principal,2021-10-11 12:00 PM,2021,10,11,12,22.3,72,Moderate,23.3,UG/M3,1 Hr,Valid
Banja Luka,PM2.5 - Principal,2021-10-11 01:00 PM,2021,10,11,13,34.9,99,Moderate,47.5,UG/M3,1 Hr,Valid
Banja Luka,PM2.5 - Principal,2021-10-11 02:00 PM,2021,10,11,14,30.8,90,Moderate,26.7,UG/M3,1 Hr,Valid
Banja Luka,PM2.5 - Principal,2021-10-11 03:00 PM,2021,10,11,15,28.0,84,Moderate,25.1,UG/M3,1 Hr,Valid
Banja Luka,PM2.5 - Principal,2021-10-11 04:00 PM,2021,10,11,16,30.0,89,Moderate,32.1,UG/M3,1 Hr,Valid
Banja Luka,PM2.5 - Principal,2021-10-11 05:00 PM,2021,10,11,17,30.1,89,Moderate,30.1,UG/M3,1 Hr,Valid
Banja Luka,PM2.5 - Principal,2021-10-11 06:00 PM,2021,10,11,18,33.6,96,Moderate,37.1,UG/M3,1 Hr,Valid
Banja Luka,PM2.5 - Principal,2021-10-11 07:00 PM,2021,10,11,19,36.5,103,Unhealthy for Sensitive Groups,39.4,UG/M3,1 Hr,Valid
Banja Luka,PM2.5 - Principal,2021-10-11 08:00 PM,2021,10,11,20,45.7,126,Unhealthy for Sensitive Groups,54.8,UG/M3,1 Hr,Valid
Banja Luka,PM2.5 - Principal,2021-10-11 09:00 PM,2021,10,11,21,41.7,116,Unhealthy for Sensitive Groups,37.7,UG/M3,1 Hr,Valid
Banja Luka,PM2.5 - Principal,2021-10-11 10:00 PM,2021,10,11,22,51.0,139,Unhealthy for Sensitive Groups,60.3,UG/M3,1 Hr,Valid
Banja Luka,PM2.5 - Principal,2021-10-11 11:00 PM,2021,10,11,23,45.8,126,Unhealthy for Sensitive Groups,40.5,UG/M3,1 Hr,Valid
Banja Luka,PM2.5 - Principal,2021-10-12 12:00 AM,2021,10,12,00,39.0,110,Unhealthy for Sensitive Groups,32.2,UG/M3,1 Hr,Valid
Banja Luka,PM2.5 - Principal,2021-10-12 01:00 AM,2021,10,12,01,32.9,95,Moderate,26.8,UG/M3,1 Hr,Valid
Banja Luka,PM2.5 - Principal,2021-10-12 02:00 AM,2021,10,12,02,33.5,96,Moderate,34.1,UG/M3,1 Hr,Valid
Banja Luka,PM2.5 - Principal,2021-10-12 03:00 AM,2021,10,12,03,29.1,87,Moderate,24.8,UG/M3,1 Hr,Valid
Banja Luka,PM2.5 - Principal,2021-10-12 04:00 AM,2021,10,12,04,26.8,82,Moderate,24.4,UG/M3,1 Hr,Valid
Banja Luka,PM2.5 - Principal,2021-10-12 05:00 AM,2021,10,12,05,25.0,78,Moderate,23.3,UG/M3,1 Hr,Valid
Banja Luka,PM2.5 - Principal,2021-10-12 06:00 AM,2021,10,12,06,24.1,76,Moderate,23.1,UG/M3,1 Hr,Valid
Banja Luka,PM2.5 - Principal,2021-10-12 07:00 AM,2021,10,12,07,22.9,74,Moderate,21.8,UG/M3,1 Hr,Valid
Banja Luka,PM2.5 - Principal,2021-10-12 08:00 AM,2021,10,12,08,27.1,83,Moderate,31.2,UG/M3,1 Hr,Valid
Banja Luka,PM2.5 - Principal,2021-10-12 09:00 AM,2021,10,12,09,32.0,93,Moderate,36.9,UG/M3,1 Hr,Valid
Banja Luka,PM2.5 - Principal,2021-10-12 10:00 AM,2021,10,12,10,64.9,156,Unhealthy,97.8,UG/M3,1 Hr,Valid
Banja Luka,PM2.5 - Principal,2021-10-12 11:00 AM,2021,10,12,11,63.9,155,Unhealthy,63.0,UG/M3,1 Hr,Valid
Banja Luka,PM2.5 - Principal,2021-10-12 12:00 PM,2021,10,12,12,49.1,134,Unhealthy for Sensitive Groups,34.2,UG/M3,1 Hr,Valid
Banja Luka,PM2.5 - Principal,2021-10-12 01:00 PM,2021,10,12,13,34.0,97,Moderate,18.9,UG/M3,1 Hr,Valid
Banja Luka,PM2.5 - Principal,2021-10-12 02:00 PM,2021,10,12,14,24.6,77,Moderate,15.2,UG/M3,1 Hr,Valid
Banja Luka,PM2.5 - Principal,2021-10-12 03:00 PM,2021,10,12,15,19.5,67,Moderate,14.4,UG/M3,1 Hr,Valid
Banja Luka,PM2.5 - Principal,2021-10-12 04:00 PM,2021,10,12,16,15.4,58,Moderate,11.3,UG/M3,1 Hr,Valid
Banja Luka,PM2.5 - Principal,2021-10-12 05:00 PM,2021,10,12,17,15.4,58,Moderate,15.4,UG/M3,1 Hr,Valid
Banja Luka,PM2.5 - Principal,2021-10-12 06:00 PM,2021,10,12,18,18.5,64,Moderate,21.5,UG/M3,1 Hr,Valid
Banja Luka,PM2.5 - Principal,2021-10-12 07:00 PM,2021,10,12,19,28.0,84,Moderate,37.4,UG/M3,1 Hr,Valid
Banja Luka,PM2.5 - Principal,2021-10-12 08:00 PM,2021,10,12,20,39.3,110,Unhealthy for Sensitive Groups,50.5,UG/M3,1 Hr,Valid
Banja Luka,PM2.5 - Principal,2021-10-12 09:00 PM,2021,10,12,21,68.6,158,Unhealthy,98.0,UG/M3,1 Hr,Valid
Banja Luka,PM2.5 - Principal,2021-10-12 10:00 PM,2021,10,12,22,78.7,163,Unhealthy,88.8,UG/M3,1 Hr,Valid
Banja Luka,PM2.5 - Principal,2021-10-12 11:00 PM,2021,10,12,23,81.4,164,Unhealthy,84.1,UG/M3,1 Hr,Valid
Banja Luka,PM2.5 - Principal,2021-10-13 12:00 AM,2021,10,13,00,75.3,161,Unhealthy,69.2,UG/M3,1 Hr,Valid
Banja Luka,PM2.5 - Principal,2021-10-13 01:00 AM,2021,10,13,01,49.4,135,Unhealthy for Sensitive Groups,23.5,UG/M3,1 Hr,Valid
Banja Luka,PM2.5 - Principal,2021-10-13 02:00 AM,2021,10,13,02,42.4,118,Unhealthy for Sensitive Groups,35.4,UG/M3,1 Hr,Valid
Banja Luka,PM2.5 - Principal,2021-10-13 03:00 AM,2021,10,13,03,30.0,89,Moderate,17.5,UG/M3,1 Hr,Valid
Banja Luka,PM2.5 - Principal,2021-10-13 04:00 AM,2021,10,13,04,29.1,87,Moderate,28.3,UG/M3,1 Hr,Valid
Banja Luka,PM2.5 - Principal,2021-10-13 05:00 AM,2021,10,13,05,23.3,75,Moderate,17.5,UG/M3,1 Hr,Valid
Banja Luka,PM2.5 - Principal,2021-10-13 06:00 AM,2021,10,13,06,20.8,69,Moderate,18.2,UG/M3,1 Hr,Valid
Banja Luka,PM2.5 - Principal,2021-10-13 07:00 AM,2021,10,13,07,18.2,64,Moderate,15.7,UG/M3,1 Hr,Valid
Banja Luka,PM2.5 - Principal,2021-10-13 08:00 AM,2021,10,13,08,25.4,79,Moderate,32.6,UG/M3,1 Hr,Valid
Banja Luka,PM2.5 - Principal,2021-10-13 09:00 AM,2021,10,13,09,35.4,100,Moderate,45.4,UG/M3,1 Hr,Valid
Banja Luka,PM2.5 - Principal,2021-10-13 10:00 AM,2021,10,13,10,29.8,88,Moderate,24.2,UG/M3,1 Hr,Valid
Banja Luka,PM2.5 - Principal,2021-10-13 11:00 AM,2021,10,13,11,25.9,80,Moderate,22.0,UG/M3,1 Hr,Valid
Banja Luka,PM2.5 - Principal,2021-10-13 12:00 PM,2021,10,13,12,39.7,111,Unhealthy for Sensitive Groups,53.6,UG/M3,1 Hr,Valid
Banja Luka,PM2.5 - Principal,2021-10-13 01:00 PM,2021,10,13,13,29.4,87,Moderate,19.1,UG/M3,1 Hr,Valid
Banja Luka,PM2.5 - Principal,2021-10-13 02:00 PM,2021,10,13,14,22.0,72,Moderate,14.6,UG/M3,1 Hr,Valid
Banja Luka,PM2.5 - Principal,2021-10-13 03:00 PM,2021,10,13,15,18.4,64,Moderate,14.8,UG/M3,1 Hr,Valid
Banja Luka,PM2.5 - Principal,2021-10-13 04:00 PM,2021,10,13,16,14.2,55,Moderate,9.9,UG/M3,1 Hr,Valid
Banja Luka,PM2.5 - Principal,2021-10-13 05:00 PM,2021,10,13,17,16.0,59,Moderate,17.8,UG/M3,1 Hr,Valid
Banja Luka,PM2.5 - Principal,2021-10-13 06:00 PM,2021,10,13,18,15.0,57,Moderate,14.1,UG/M3,1 Hr,Valid
Banja Luka,PM2.5 - Principal,2021-10-13 07:00 PM,2021,10,13,19,17.7,63,Moderate,20.4,UG/M3,1 Hr,Valid
Banja Luka,PM2.5 - Principal,2021-10-13 08:00 PM,2021,10,13,20,23.4,75,Moderate,29.1,UG/M3,1 Hr,Valid
Banja Luka,PM2.5 - Principal,2021-10-13 09:00 PM,2021,10,13,21,23.4,75,Moderate,76.3,UG/M3,1 Hr,Invalid
Banja Luka,PM2.5 - Principal,2021-10-13 10:00 PM,2021,10,13,22,37.4,106,Unhealthy for Sensitive Groups,44.3,UG/M3,1 Hr,Valid
Banja Luka,PM2.5 - Principal,2021-10-13 11:00 PM,2021,10,13,23,55.3,150,Unhealthy for Sensitive Groups,68.8,UG/M3,1 Hr,Suspect
Banja Luka,PM2.5 - Principal,2021-10-14 12:00 AM,2021,10,14,00,61.7,154,Unhealthy,67.4,UG/M3,1 Hr,Suspect
Banja Luka,PM2.5 - Principal,2021-10-14 01:00 AM,2021,10,14,01,35.2,100,Moderate,10.3,UG/M3,1 Hr,Valid
Banja Luka,PM2.5 - Principal,2021-10-14 02:00 AM,2021,10,14,02,31.1,91,Moderate,27.2,UG/M3,1 Hr,Valid
Banja Luka,PM2.5 - Principal,2021-10-14 03:00 AM,2021,10,14,03,24.2,76,Moderate,17.4,UG/M3,1 Hr,Valid
Banja Luka,PM2.5 - Principal,2021-10-14 04:00 AM,2021,10,14,04,17.5,62,Moderate,10.8,UG/M3,1 Hr,Valid
Banja Luka,PM2.5 - Principal,2021-10-14 05:00 AM,2021,10,14,05,12.7,52,Moderate,8.0,UG/M3,1 Hr,Valid
Banja Luka,PM2.5 - Principal,2021-10-14 06:00 AM,2021,10,14,06,14.7,56,Moderate,16.7,UG/M3,1 Hr,Valid
Banja Luka,PM2.5 - Principal,2021-10-14 07:00 AM,2021,10,14,07,15.4,58,Moderate,16.1,UG/M3,1 Hr,Valid
Banja Luka,PM2.5 - Principal,2021-10-14 08:00 AM,2021,10,14,08,15.1,57,Moderate,14.7,UG/M3,1 Hr,Valid
Banja Luka,PM2.5 - Principal,2021-10-14 09:00 AM,2021,10,14,09,36.9,104,Unhealthy for Sensitive Groups,58.8,UG/M3,1 Hr,Valid
Banja Luka,PM2.5 - Principal,2021-10-14 10:00 AM,2021,10,14,10,45.1,125,Unhealthy for Sensitive Groups,53.3,UG/M3,1 Hr,Valid
Banja Luka,PM2.5 - Principal,2021-10-14 11:00 AM,2021,10,14,11,38.6,109,Unhealthy for Sensitive Groups,32.1,UG/M3,1 Hr,Valid
Banja Luka,PM2.5 - Principal,2021-10-14 12:00 PM,2021,10,14,12,25.5,79,Moderate,12.5,UG/M3,1 Hr,Valid
Banja Luka,PM2.5 - Principal,2021-10-14 01:00 PM,2021,10,14,13,21.1,70,Moderate,16.6,UG/M3,1 Hr,Valid
Banja Luka,PM2.5 - Principal,2021-10-14 02:00 PM,2021,10,14,14,14.7,56,Moderate,8.4,UG/M3,1 Hr,Valid
Banja Luka,PM2.5 - Principal,2021-10-14 03:00 PM,2021,10,14,15,12.3,51,Moderate,9.8,UG/M3,1 Hr,Valid
Banja Luka,PM2.5 - Principal,2021-10-14 04:00 PM,2021,10,14,16,10.9,45,Good,9.6,UG/M3,1 Hr,Valid
Banja Luka,PM2.5 - Principal,2021-10-14 05:00 PM,2021,10,14,17,10.4,43,Good,9.9,UG/M3,1 Hr,Valid
Banja Luka,PM2.5 - Principal,2021-10-14 06:00 PM,2021,10,14,18,10.0,42,Good,9.6,UG/M3,1 Hr,Valid
Banja Luka,PM2.5 - Principal,2021-10-14 07:00 PM,2021,10,14,19,14.3,56,Moderate,18.7,UG/M3,1 Hr,Valid
Banja Luka,PM2.5 - Principal,2021-10-14 08:00 PM,2021,10,14,20,19.2,66,Moderate,24.0,UG/M3,1 Hr,Valid
Banja Luka,PM2.5 - Principal,2021-10-14 09:00 PM,2021,10,14,21,19.2,66,Moderate,100.5,UG/M3,1 Hr,Invalid
Banja Luka,PM2.5 - Principal,2021-10-14 10:00 PM,2021,10,14,22,-999.0,-999,N/A,112.3,UG/M3,1 Hr,Invalid
Banja Luka,PM2.5 - Principal,2021-10-14 11:00 PM,2021,10,14,23,-999.0,-999,N/A,114.6,UG/M3,1 Hr,Invalid
Banja Luka,PM2.5 - Principal,2021-10-15 12:00 AM,2021,10,15,00,-999.0,-999,N/A,89.8,UG/M3,1 Hr,Invalid
Banja Luka,PM2.5 - Principal,2021-10-15 01:00 AM,2021,10,15,01,-999.0,-999,N/A,91.1,UG/M3,1 Hr,Invalid
Banja Luka,PM2.5 - Principal,2021-10-15 02:00 AM,2021,10,15,02,-999.0,-999,N/A,56.7,UG/M3,1 Hr,Valid
Banja Luka,PM2.5 - Principal,2021-10-15 03:00 AM,2021,10,15,03,56.7,152,Unhealthy,57.2,UG/M3,1 Hr,Valid
Banja Luka,PM2.5 - Principal,2021-10-15 04:00 AM,2021,10,15,04,45.8,126,Unhealthy for Sensitive Groups,37.5,UG/M3,1 Hr,Valid
Banja Luka,PM2.5 - Principal,2021-10-15 05:00 AM,2021,10,15,05,43.8,121,Unhealthy for Sensitive Groups,42.0,UG/M3,1 Hr,Valid
Banja Luka,PM2.5 - Principal,2021-10-15 06:00 AM,2021,10,15,06,38.3,108,Unhealthy for Sensitive Groups,33.2,UG/M3,1 Hr,Valid
Banja Luka,PM2.5 - Principal,2021-10-15 07:00 AM,2021,10,15,07,34.1,97,Moderate,30.0,UG/M3,1 Hr,Valid
Banja Luka,PM2.5 - Principal,2021-10-15 08:00 AM,2021,10,15,08,35.0,99,Moderate,35.5,UG/M3,1 Hr,Valid
Banja Luka,PM2.5 - Principal,2021-10-15 09:00 AM,2021,10,15,09,37.6,106,Unhealthy for Sensitive Groups,40.5,UG/M3,1 Hr,Valid
Banja Luka,PM2.5 - Principal,2021-10-15 10:00 AM,2021,10,15,10,41.0,115,Unhealthy for Sensitive Groups,44.7,UG/M3,1 Hr,Valid
Banja Luka,PM2.5 - Principal,2021-10-15 11:00 AM,2021,10,15,11,36.3,103,Unhealthy for Sensitive Groups,31.2,UG/M3,1 Hr,Valid
Banja Luka,PM2.5 - Principal,2021-10-15 12:00 PM,2021,10,15,12,31.3,91,Moderate,26.4,UG/M3,1 Hr,Valid
Banja Luka,PM2.5 - Principal,2021-10-15 01:00 PM,2021,10,15,13,28.4,85,Moderate,25.6,UG/M3,1 Hr,Valid
Banja Luka,PM2.5 - Principal,2021-10-15 02:00 PM,2021,10,15,14,27.2,83,Moderate,26.0,UG/M3,1 Hr,Valid
Banja Luka,PM2.5 - Principal,2021-10-15 03:00 PM,2021,10,15,15,23.4,75,Moderate,19.6,UG/M3,1 Hr,Valid
Banja Luka,PM2.5 - Principal,2021-10-15 04:00 PM,2021,10,15,16,19.7,67,Moderate,16.1,UG/M3,1 Hr,Valid
Banja Luka,PM2.5 - Principal,2021-10-15 05:00 PM,2021,10,15,17,21.8,71,Moderate,23.8,UG/M3,1 Hr,Valid
Banja Luka,PM2.5 - Principal,2021-10-15 06:00 PM,2021,10,15,18,27.6,84,Moderate,33.3,UG/M3,1 Hr,Valid
Banja Luka,PM2.5 - Principal,2021-10-15 07:00 PM,2021,10,15,19,36.3,103,Unhealthy for Sensitive Groups,45.1,UG/M3,1 Hr,Valid
Banja Luka,PM2.5 - Principal,2021-10-15 08:00 PM,2021,10,15,20,45.0,124,Unhealthy for Sensitive Groups,53.7,UG/M3,1 Hr,Valid
Banja Luka,PM2.5 - Principal,2021-10-15 09:00 PM,2021,10,15,21,38.5,108,Unhealthy for Sensitive Groups,32.1,UG/M3,1 Hr,Valid
Banja Luka,PM2.5 - Principal,2021-10-15 10:00 PM,2021,10,15,22,34.8,99,Moderate,31.0,UG/M3,1 Hr,Valid
Banja Luka,PM2.5 - Principal,2021-10-15 11:00 PM,2021,10,15,23,46.5,128,Unhealthy for Sensitive Groups,58.2,UG/M3,1 Hr,Valid
Banja Luka,PM2.5 - Principal,2021-10-16 12:00 AM,2021,10,16,00,41.0,115,Unhealthy for Sensitive Groups,35.4,UG/M3,1 Hr,Valid
Banja Luka,PM2.5 - Principal,2021-10-16 01:00 AM,2021,10,16,01,42.3,118,Unhealthy for Sensitive Groups,43.6,UG/M3,1 Hr,Valid
Banja Luka,PM2.5 - Principal,2021-10-16 02:00 AM,2021,10,16,02,48.2,132,Unhealthy for Sensitive Groups,54.1,UG/M3,1 Hr,Valid
Banja Luka,PM2.5 - Principal,2021-10-16 03:00 AM,2021,10,16,03,46.4,128,Unhealthy for Sensitive Groups,44.6,UG/M3,1 Hr,Valid
Banja Luka,PM2.5 - Principal,2021-10-16 04:00 AM,2021,10,16,04,45.3,125,Unhealthy for Sensitive Groups,44.1,UG/M3,1 Hr,Valid
Banja Luka,PM2.5 - Principal,2021-10-16 05:00 AM,2021,10,16,05,43.8,121,Unhealthy for Sensitive Groups,42.0,UG/M3,1 Hr,Valid
Banja Luka,PM2.5 - Principal,2021-10-16 06:00 AM,2021,10,16,06,42.6,118,Unhealthy for Sensitive Groups,41.3,UG/M3,1 Hr,Valid
Banja Luka,PM2.5 - Principal,2021-10-16 07:00 AM,2021,10,16,07,42.2,117,Unhealthy for Sensitive Groups,41.6,UG/M3,1 Hr,Valid
Banja Luka,PM2.5 - Principal,2021-10-16 08:00 AM,2021,10,16,08,43.7,121,Unhealthy for Sensitive Groups,45.5,UG/M3,1 Hr,Valid
Banja Luka,PM2.5 - Principal,2021-10-16 09:00 AM,2021,10,16,09,49.5,135,Unhealthy for Sensitive Groups,56.0,UG/M3,1 Hr,Valid
Banja Luka,PM2.5 - Principal,2021-10-16 10:00 AM,2021,10,16,10,46.7,129,Unhealthy for Sensitive Groups,43.9,UG/M3,1 Hr,Valid
Banja Luka,PM2.5 - Principal,2021-10-16 11:00 AM,2021,10,16,11,34.3,98,Moderate,21.8,UG/M3,1 Hr,Valid
Banja Luka,PM2.5 - Principal,2021-10-16 12:00 PM,2021,10,16,12,30.1,89,Moderate,25.8,UG/M3,1 Hr,Valid
Banja Luka,PM2.5 - Principal,2021-10-16 01:00 PM,2021,10,16,13,26.5,81,Moderate,22.9,UG/M3,1 Hr,Valid
Banja Luka,PM2.5 - Principal,2021-10-16 02:00 PM,2021,10,16,14,23.5,75,Moderate,20.6,UG/M3,1 Hr,Valid
Banja Luka,PM2.5 - Principal,2021-10-16 03:00 PM,2021,10,16,15,18.9,65,Moderate,14.2,UG/M3,1 Hr,Valid
Banja Luka,PM2.5 - Principal,2021-10-16 04:00 PM,2021,10,16,16,14.7,56,Moderate,10.5,UG/M3,1 Hr,Valid
Banja Luka,PM2.5 - Principal,2021-10-16 05:00 PM,2021,10,16,17,13.0,53,Moderate,11.3,UG/M3,1 Hr,Valid
Banja Luka,PM2.5 - Principal,2021-10-16 06:00 PM,2021,10,16,18,16.9,61,Moderate,20.9,UG/M3,1 Hr,Valid
Banja Luka,PM2.5 - Principal,2021-10-16 07:00 PM,2021,10,16,19,25.7,80,Moderate,34.4,UG/M3,1 Hr,Valid
Banja Luka,PM2.5 - Principal,2021-10-16 08:00 PM,2021,10,16,20,70.2,159,Unhealthy,114.7,UG/M3,1 Hr,Suspect
Banja Luka,PM2.5 - Principal,2021-10-16 09:00 PM,2021,10,16,21,104.0,176,Unhealthy,137.7,UG/M3,1 Hr,Suspect
Banja Luka,PM2.5 - Principal,2021-10-16 10:00 PM,2021,10,16,22,103.1,176,Unhealthy,102.3,UG/M3,1 Hr,Valid
Banja Luka,PM2.5 - Principal,2021-10-16 11:00 PM,2021,10,16,23,112.4,180,Unhealthy,121.7,UG/M3,1 Hr,Valid
Banja Luka,PM2.5 - Principal,2021-10-17 12:00 AM,2021,10,17,00,118.5,184,Unhealthy,124.5,UG/M3,1 Hr,Valid
Banja Luka,PM2.5 - Principal,2021-10-17 01:00 AM,2021,10,17,01,65.6,156,Unhealthy,12.8,UG/M3,1 Hr,Valid
Banja Luka,PM2.5 - Principal,2021-10-17 02:00 AM,2021,10,17,02,38.6,109,Unhealthy for Sensitive Groups,11.6,UG/M3,1 Hr,Valid
Banja Luka,PM2.5 - Principal,2021-10-17 03:00 AM,2021,10,17,03,24.1,76,Moderate,9.7,UG/M3,1 Hr,Valid
Banja Luka,PM2.5 - Principal,2021-10-17 04:00 AM,2021,10,17,04,17.0,61,Moderate,9.9,UG/M3,1 Hr,Valid
Banja Luka,PM2.5 - Principal,2021-10-17 05:00 AM,2021,10,17,05,12.9,53,Moderate,8.7,UG/M3,1 Hr,Valid
Banja Luka,PM2.5 - Principal,2021-10-17 06:00 AM,2021,10,17,06,14.0,55,Moderate,15.1,UG/M3,1 Hr,Valid
Banja Luka,PM2.5 - Principal,2021-10-17 07:00 AM,2021,10,17,07,12.8,52,Moderate,11.6,UG/M3,1 Hr,Valid
Banja Luka,PM2.5 - Principal,2021-10-17 08:00 AM,2021,10,17,08,11.9,50,Good,10.9,UG/M3,1 Hr,Valid
Banja Luka,PM2.5 - Principal,2021-10-17 09:00 AM,2021,10,17,09,14.6,56,Moderate,17.3,UG/M3,1 Hr,Valid
Banja Luka,PM2.5 - Principal,2021-10-17 10:00 AM,2021,10,17,10,17.4,62,Moderate,20.2,UG/M3,1 Hr,Valid
Banja Luka,PM2.5 - Principal,2021-10-17 11:00 AM,2021,10,17,11,16.0,59,Moderate,14.7,UG/M3,1 Hr,Valid
Banja Luka,PM2.5 - Principal,2021-10-17 12:00 PM,2021,10,17,12,14.8,57,Moderate,13.7,UG/M3,1 Hr,Valid
Banja Luka,PM2.5 - Principal,2021-10-17 01:00 PM,2021,10,17,13,17.8,63,Moderate,20.8,UG/M3,1 Hr,Valid
Banja Luka,PM2.5 - Principal,2021-10-17 02:00 PM,2021,10,17,14,20.0,68,Moderate,22.2,UG/M3,1 Hr,Valid
Banja Luka,PM2.5 - Principal,2021-10-17 03:00 PM,2021,10,17,15,18.2,64,Moderate,16.4,UG/M3,1 Hr,Valid
Banja Luka,PM2.5 - Principal,2021-10-17 04:00 PM,2021,10,17,16,15.5,58,Moderate,12.8,UG/M3,1 Hr,Valid
Banja Luka,PM2.5 - Principal,2021-10-17 05:00 PM,2021,10,17,17,16.8,61,Moderate,18.2,UG/M3,1 Hr,Valid
Banja Luka,PM2.5 - Principal,2021-10-17 06:00 PM,2021,10,17,18,17.5,62,Moderate,18.2,UG/M3,1 Hr,Valid
Banja Luka,PM2.5 - Principal,2021-10-17 07:00 PM,2021,10,17,19,31.9,93,Moderate,46.3,UG/M3,1 Hr,Valid
Banja Luka,PM2.5 - Principal,2021-10-17 08:00 PM,2021,10,17,20,69.5,158,Unhealthy,107.0,UG/M3,1 Hr,Valid
Banja Luka,PM2.5 - Principal,2021-10-17 09:00 PM,2021,10,17,21,88.0,168,Unhealthy,106.4,UG/M3,1 Hr,Valid
Banja Luka,PM2.5 - Principal,2021-10-17 10:00 PM,2021,10,17,22,95.6,172,Unhealthy,103.2,UG/M3,1 Hr,Suspect
Banja Luka,PM2.5 - Principal,2021-10-17 11:00 PM,2021,10,17,23,108.1,178,Unhealthy,120.5,UG/M3,1 Hr,Suspect
Banja Luka,PM2.5 - Principal,2021-10-18 12:00 AM,2021,10,18,00,97.7,173,Unhealthy,87.4,UG/M3,1 Hr,Valid
Banja Luka,PM2.5 - Principal,2021-10-18 01:00 AM,2021,10,18,01,97.9,173,Unhealthy,98.0,UG/M3,1 Hr,Valid
Banja Luka,PM2.5 - Principal,2021-10-18 02:00 AM,2021,10,18,02,84.3,166,Unhealthy,70.7,UG/M3,1 Hr,Valid
Banja Luka,PM2.5 - Principal,2021-10-18 03:00 AM,2021,10,18,03,72.3,160,Unhealthy,60.3,UG/M3,1 Hr,Valid
Banja Luka,PM2.5 - Principal,2021-10-18 04:00 AM,2021,10,18,04,51.9,141,Unhealthy for Sensitive Groups,31.6,UG/M3,1 Hr,Valid
Banja Luka,PM2.5 - Principal,2021-10-18 05:00 AM,2021,10,18,05,46.6,128,Unhealthy for Sensitive Groups,41.3,UG/M3,1 Hr,Valid
Banja Luka,PM2.5 - Principal,2021-10-18 06:00 AM,2021,10,18,06,44.5,123,Unhealthy for Sensitive Groups,42.3,UG/M3,1 Hr,Valid
Banja Luka,PM2.5 - Principal,2021-10-18 07:00 AM,2021,10,18,07,38.0,107,Unhealthy for Sensitive Groups,31.4,UG/M3,1 Hr,Valid
Banja Luka,PM2.5 - Principal,2021-10-18 08:00 AM,2021,10,18,08,37.5,106,Unhealthy for Sensitive Groups,37.0,UG/M3,1 Hr,Valid
Banja Luka,PM2.5 - Principal,2021-10-18 09:00 AM,2021,10,18,09,37.2,105,Unhealthy for Sensitive Groups,36.9,UG/M3,1 Hr,Valid
Banja Luka,PM2.5 - Principal,2021-10-18 10:00 AM,2021,10,18,10,31.3,91,Moderate,25.5,UG/M3,1 Hr,Valid
Banja Luka,PM2.5 - Principal,2021-10-18 11:00 AM,2021,10,18,11,29.6,88,Moderate,27.9,UG/M3,1 Hr,Valid
Banja Luka,PM2.5 - Principal,2021-10-18 12:00 PM,2021,10,18,12,29.9,88,Moderate,30.1,UG/M3,1 Hr,Valid
Banja Luka,PM2.5 - Principal,2021-10-18 01:00 PM,2021,10,18,13,31.8,92,Moderate,33.8,UG/M3,1 Hr,Valid
Banja Luka,PM2.5 - Principal,2021-10-18 02:00 PM,2021,10,18,14,30.3,89,Moderate,28.8,UG/M3,1 Hr,Valid
Banja Luka,PM2.5 - Principal,2021-10-18 03:00 PM,2021,10,18,15,29.3,87,Moderate,27.4,UG/M3,1 Hr,Valid
Banja Luka,PM2.5 - Principal,2021-10-18 04:00 PM,2021,10,18,16,28.3,85,Moderate,26.8,UG/M3,1 Hr,Valid
Banja Luka,PM2.5 - Principal,2021-10-18 05:00 PM,2021,10,18,17,29.1,87,Moderate,30.3,UG/M3,1 Hr,Valid
Banja Luka,PM2.5 - Principal,2021-10-18 06:00 PM,2021,10,18,18,30.5,90,Moderate,33.4,UG/M3,1 Hr,Valid
Banja Luka,PM2.5 - Principal,2021-10-18 07:00 PM,2021,10,18,19,42.1,117,Unhealthy for Sensitive Groups,52.9,UG/M3,1 Hr,Valid
Banja Luka,PM2.5 - Principal,2021-10-18 08:00 PM,2021,10,18,20,83.6,166,Unhealthy,125.1,UG/M3,1 Hr,Valid
Banja Luka,PM2.5 - Principal,2021-10-18 09:00 PM,2021,10,18,21,94.2,171,Unhealthy,104.9,UG/M3,1 Hr,Valid
Banja Luka,PM2.5 - Principal,2021-10-18 10:00 PM,2021,10,18,22,107.5,178,Unhealthy,120.8,UG/M3,1 Hr,Valid
Banja Luka,PM2.5 - Principal,2021-10-18 11:00 PM,2021,10,18,23,102.5,175,Unhealthy,97.5,UG/M3,1 Hr,Valid
Banja Luka,PM2.5 - Principal,2021-10-19 12:00 AM,2021,10,19,00,93.1,170,Unhealthy,83.7,UG/M3,1 Hr,Valid
Banja Luka,PM2.5 - Principal,2021-10-19 01:00 AM,2021,10,19,01,104.7,176,Unhealthy,116.2,UG/M3,1 Hr,Valid
Banja Luka,PM2.5 - Principal,2021-10-19 02:00 AM,2021,10,19,02,87.9,168,Unhealthy,71.1,UG/M3,1 Hr,Valid
Banja Luka,PM2.5 - Principal,2021-10-19 03:00 AM,2021,10,19,03,78.4,163,Unhealthy,68.8,UG/M3,1 Hr,Valid
Banja Luka,PM2.5 - Principal,2021-10-19 04:00 AM,2021,10,19,04,67.4,157,Unhealthy,56.5,UG/M3,1 Hr,Valid
Banja Luka,PM2.5 - Principal,2021-10-19 05:00 AM,2021,10,19,05,54.2,147,Unhealthy for Sensitive Groups,41.0,UG/M3,1 Hr,Valid
Banja Luka,PM2.5 - Principal,2021-10-19 06:00 AM,2021,10,19,06,44.2,122,Unhealthy for Sensitive Groups,34.1,UG/M3,1 Hr,Valid
Banja Luka,PM2.5 - Principal,2021-10-19 07:00 AM,2021,10,19,07,46.1,127,Unhealthy for Sensitive Groups,48.0,UG/M3,1 Hr,Valid
Banja Luka,PM2.5 - Principal,2021-10-19 08:00 AM,2021,10,19,08,46.9,129,Unhealthy for Sensitive Groups,47.7,UG/M3,1 Hr,Valid
Banja Luka,PM2.5 - Principal,2021-10-19 09:00 AM,2021,10,19,09,42.6,118,Unhealthy for Sensitive Groups,38.4,UG/M3,1 Hr,Valid
Banja Luka,PM2.5 - Principal,2021-10-19 10:00 AM,2021,10,19,10,63.7,155,Unhealthy,84.8,UG/M3,1 Hr,Valid
Banja Luka,PM2.5 - Principal,2021-10-19 11:00 AM,2021,10,19,11,66.8,157,Unhealthy,69.9,UG/M3,1 Hr,Valid
Banja Luka,PM2.5 - Principal,2021-10-19 12:00 PM,2021,10,19,12,51.0,139,Unhealthy for Sensitive Groups,35.3,UG/M3,1 Hr,Valid
Banja Luka,PM2.5 - Principal,2021-10-19 01:00 PM,2021,10,19,13,43.0,119,Unhealthy for Sensitive Groups,34.9,UG/M3,1 Hr,Valid
Banja Luka,PM2.5 - Principal,2021-10-19 02:00 PM,2021,10,19,14,39.2,110,Unhealthy for Sensitive Groups,35.5,UG/M3,1 Hr,Valid
Banja Luka,PM2.5 - Principal,2021-10-19 03:00 PM,2021,10,19,15,34.1,97,Moderate,29.0,UG/M3,1 Hr,Valid
Banja Luka,PM2.5 - Principal,2021-10-19 04:00 PM,2021,10,19,16,29.5,88,Moderate,24.8,UG/M3,1 Hr,Valid
Banja Luka,PM2.5 - Principal,2021-10-19 05:00 PM,2021,10,19,17,24.8,78,Moderate,20.2,UG/M3,1 Hr,Valid
Banja Luka,PM2.5 - Principal,2021-10-19 06:00 PM,2021,10,19,18,22.8,74,Moderate,20.8,UG/M3,1 Hr,Valid
Banja Luka,PM2.5 - Principal,2021-10-19 07:00 PM,2021,10,19,19,24.2,76,Moderate,25.6,UG/M3,1 Hr,Valid
Banja Luka,PM2.5 - Principal,2021-10-19 08:00 PM,2021,10,19,20,64.2,155,Unhealthy,104.1,UG/M3,1 Hr,Valid
Banja Luka,PM2.5 - Principal,2021-10-19 09:00 PM,2021,10,19,21,86.6,167,Unhealthy,109.1,UG/M3,1 Hr,Valid
Banja Luka,PM2.5 - Principal,2021-10-19 10:00 PM,2021,10,19,22,107.4,178,Unhealthy,128.2,UG/M3,1 Hr,Valid
Banja Luka,PM2.5 - Principal,2021-10-19 11:00 PM,2021,10,19,23,123.6,186,Unhealthy,139.7,UG/M3,1 Hr,Valid
Banja Luka,PM2.5 - Principal,2021-10-20 12:00 AM,2021,10,20,00,112.8,181,Unhealthy,102.1,UG/M3,1 Hr,Valid
Banja Luka,PM2.5 - Principal,2021-10-20 01:00 AM,2021,10,20,01,109.3,179,Unhealthy,105.7,UG/M3,1 Hr,Valid
Banja Luka,PM2.5 - Principal,2021-10-20 02:00 AM,2021,10,20,02,74.9,161,Unhealthy,40.5,UG/M3,1 Hr,Valid
Banja Luka,PM2.5 - Principal,2021-10-20 03:00 AM,2021,10,20,03,78.2,163,Unhealthy,81.4,UG/M3,1 Hr,Valid
Banja Luka,PM2.5 - Principal,2021-10-20 04:00 AM,2021,10,20,04,72.2,160,Unhealthy,66.1,UG/M3,1 Hr,Valid
Banja Luka,PM2.5 - Principal,2021-10-20 05:00 AM,2021,10,20,05,70.6,159,Unhealthy,69.0,UG/M3,1 Hr,Valid
Banja Luka,PM2.5 - Principal,2021-10-20 06:00 AM,2021,10,20,06,62.9,155,Unhealthy,55.3,UG/M3,1 Hr,Valid
Banja Luka,PM2.5 - Principal,2021-10-20 07:00 AM,2021,10,20,07,55.1,149,Unhealthy for Sensitive Groups,47.3,UG/M3,1 Hr,Valid
Banja Luka,PM2.5 - Principal,2021-10-20 08:00 AM,2021,10,20,08,56.9,152,Unhealthy,58.7,UG/M3,1 Hr,Valid
Banja Luka,PM2.5 - Principal,2021-10-20 09:00 AM,2021,10,20,09,56.8,152,Unhealthy,56.6,UG/M3,1 Hr,Valid
Banja Luka,PM2.5 - Principal,2021-10-20 10:00 AM,2021,10,20,10,64.6,156,Unhealthy,72.5,UG/M3,1 Hr,Valid
Banja Luka,PM2.5 - Principal,2021-10-20 11:00 AM,2021,10,20,11,59.2,153,Unhealthy,53.8,UG/M3,1 Hr,Valid
Banja Luka,PM2.5 - Principal,2021-10-20 12:00 PM,2021,10,20,12,46.3,128,Unhealthy for Sensitive Groups,33.5,UG/M3,1 Hr,Valid
Banja Luka,PM2.5 - Principal,2021-10-20 01:00 PM,2021,10,20,13,33.7,96,Moderate,21.0,UG/M3,1 Hr,Valid
Banja Luka,PM2.5 - Principal,2021-10-20 02:00 PM,2021,10,20,14,23.2,74,Moderate,12.7,UG/M3,1 Hr,Valid
Banja Luka,PM2.5 - Principal,2021-10-20 03:00 PM,2021,10,20,15,18.6,65,Moderate,14.0,UG/M3,1 Hr,Valid
Banja Luka,PM2.5 - Principal,2021-10-20 04:00 PM,2021,10,20,16,15.7,59,Moderate,12.8,UG/M3,1 Hr,Valid
Banja Luka,PM2.5 - Principal,2021-10-20 05:00 PM,2021,10,20,17,16.3,60,Moderate,16.9,UG/M3,1 Hr,Valid
Banja Luka,PM2.5 - Principal,2021-10-20 06:00 PM,2021,10,20,18,17.0,61,Moderate,17.7,UG/M3,1 Hr,Valid
Banja Luka,PM2.5 - Principal,2021-10-20 07:00 PM,2021,10,20,19,15.1,57,Moderate,13.2,UG/M3,1 Hr,Valid
Banja Luka,PM2.5 - Principal,2021-10-20 08:00 PM,2021,10,20,20,12.9,53,Moderate,10.7,UG/M3,1 Hr,Valid
Banja Luka,PM2.5 - Principal,2021-10-20 09:00 PM,2021,10,20,21,13.0,53,Moderate,13.1,UG/M3,1 Hr,Valid
Banja Luka,PM2.5 - Principal,2021-10-20 10:00 PM,2021,10,20,22,29.7,88,Moderate,46.4,UG/M3,1 Hr,Valid
Banja Luka,PM2.5 - Principal,2021-10-20 11:00 PM,2021,10,20,23,68.5,158,Unhealthy,107.3,UG/M3,1 Hr,Valid
Banja Luka,PM2.5 - Principal,2021-10-21 12:00 AM,2021,10,21,00,77.9,163,Unhealthy,87.4,UG/M3,1 Hr,Valid
Banja Luka,PM2.5 - Principal,2021-10-21 01:00 AM,2021,10,21,01,84.9,166,Unhealthy,91.8,UG/M3,1 Hr,Valid
Banja Luka,PM2.5 - Principal,2021-10-21 02:00 AM,2021,10,21,02,90.5,169,Unhealthy,96.1,UG/M3,1 Hr,Valid
Banja Luka,PM2.5 - Principal,2021-10-21 03:00 AM,2021,10,21,03,89.8,169,Unhealthy,89.2,UG/M3,1 Hr,Valid
Banja Luka,PM2.5 - Principal,2021-10-21 04:00 AM,2021,10,21,04,77.2,162,Unhealthy,64.6,UG/M3,1 Hr,Valid
Banja Luka,PM2.5 - Principal,2021-10-21 05:00 AM,2021,10,21,05,65.5,156,Unhealthy,53.8,UG/M3,1 Hr,Valid
Banja Luka,PM2.5 - Principal,2021-10-21 06:00 AM,2021,10,21,06,41.8,117,Unhealthy for Sensitive Groups,18.0,UG/M3,1 Hr,Valid
Banja Luka,PM2.5 - Principal,2021-10-21 07:00 AM,2021,10,21,07,24.9,78,Moderate,7.9,UG/M3,1 Hr,Valid
Banja Luka,PM2.5 - Principal,2021-10-21 08:00 AM,2021,10,21,08,17.5,62,Moderate,10.2,UG/M3,1 Hr,Valid
Banja Luka,PM2.5 - Principal,2021-10-21 09:00 AM,2021,10,21,09,18.8,65,Moderate,20.1,UG/M3,1 Hr,Valid
Banja Luka,PM2.5 - Principal,2021-10-21 10:00 AM,2021,10,21,10,32.6,94,Moderate,46.4,UG/M3,1 Hr,Valid
Banja Luka,PM2.5 - Principal,2021-10-21 11:00 AM,2021,10,21,11,21.9,72,Moderate,11.3,UG/M3,1 Hr,Valid
Banja Luka,PM2.5 - Principal,2021-10-21 12:00 PM,2021,10,21,12,16.0,59,Moderate,10.1,UG/M3,1 Hr,Valid
Banja Luka,PM2.5 - Principal,2021-10-21 01:00 PM,2021,10,21,13,12.8,52,Moderate,9.6,UG/M3,1 Hr,Valid
Banja Luka,PM2.5 - Principal,2021-10-21 02:00 PM,2021,10,21,14,11.0,46,Good,9.1,UG/M3,1 Hr,Valid
Banja Luka,PM2.5 - Principal,2021-10-21 03:00 PM,2021,10,21,15,10.5,44,Good,10.1,UG/M3,1 Hr,Valid
Banja Luka,PM2.5 - Principal,2021-10-21 04:00 PM,2021,10,21,16,9.3,39,Good,8.1,UG/M3,1 Hr,Valid
Banja Luka,PM2.5 - Principal,2021-10-21 05:00 PM,2021,10,21,17,9.0,38,Good,8.7,UG/M3,1 Hr,Valid
Banja Luka,PM2.5 - Principal,2021-10-21 06:00 PM,2021,10,21,18,8.8,37,Good,8.7,UG/M3,1 Hr,Valid
Banja Luka,PM2.5 - Principal,2021-10-21 07:00 PM,2021,10,21,19,8.9,37,Good,9.1,UG/M3,1 Hr,Valid
Banja Luka,PM2.5 - Principal,2021-10-21 08:00 PM,2021,10,21,20,9.9,41,Good,10.9,UG/M3,1 Hr,Valid
Banja Luka,PM2.5 - Principal,2021-10-21 09:00 PM,2021,10,21,21,9.8,41,Good,9.7,UG/M3,1 Hr,Valid
Banja Luka,PM2.5 - Principal,2021-10-21 10:00 PM,2021,10,21,22,13.7,54,Moderate,17.6,UG/M3,1 Hr,Valid
Banja Luka,PM2.5 - Principal,2021-10-21 11:00 PM,2021,10,21,23,16.3,60,Moderate,18.8,UG/M3,1 Hr,Valid
Banja Luka,PM2.5 - Principal,2021-10-22 12:00 AM,2021,10,22,00,11.6,48,Good,7.0,UG/M3,1 Hr,Valid
Banja Luka,PM2.5 - Principal,2021-10-22 01:00 AM,2021,10,22,01,9.0,38,Good,6.5,UG/M3,1 Hr,Valid
Banja Luka,PM2.5 - Principal,2021-10-22 02:00 AM,2021,10,22,02,7.8,33,Good,6.6,UG/M3,1 Hr,Valid
Banja Luka,PM2.5 - Principal,2021-10-22 03:00 AM,2021,10,22,03,7.0,29,Good,6.1,UG/M3,1 Hr,Valid
Banja Luka,PM2.5 - Principal,2021-10-22 04:00 AM,2021,10,22,04,6.7,28,Good,6.4,UG/M3,1 Hr,Valid
Banja Luka,PM2.5 - Principal,2021-10-22 05:00 AM,2021,10,22,05,6.8,28,Good,6.9,UG/M3,1 Hr,Valid
Banja Luka,PM2.5 - Principal,2021-10-22 06:00 AM,2021,10,22,06,9.1,38,Good,11.4,UG/M3,1 Hr,Valid
Banja Luka,PM2.5 - Principal,2021-10-22 07:00 AM,2021,10,22,07,10.7,45,Good,12.4,UG/M3,1 Hr,Valid
Banja Luka,PM2.5 - Principal,2021-10-22 08:00 AM,2021,10,22,08,16.3,60,Moderate,21.8,UG/M3,1 Hr,Valid
Banja Luka,PM2.5 - Principal,2021-10-22 09:00 AM,2021,10,22,09,19.2,66,Moderate,22.2,UG/M3,1 Hr,Valid
Banja Luka,PM2.5 - Principal,2021-10-22 10:00 AM,2021,10,22,10,24.8,78,Moderate,30.4,UG/M3,1 Hr,Valid
Banja Luka,PM2.5 - Principal,2021-10-22 11:00 AM,2021,10,22,11,35.6,101,Unhealthy for Sensitive Groups,46.4,UG/M3,1 Hr,Valid
Banja Luka,PM2.5 - Principal,2021-10-22 12:00 PM,2021,10,22,12,35.0,99,Moderate,34.5,UG/M3,1 Hr,Valid
Banja Luka,PM2.5 - Principal,2021-10-22 01:00 PM,2021,10,22,13,33.5,96,Moderate,31.9,UG/M3,1 Hr,Valid
Banja Luka,PM2.5 - Principal,2021-10-22 02:00 PM,2021,10,22,14,32.7,94,Moderate,31.9,UG/M3,1 Hr,Valid
Banja Luka,PM2.5 - Principal,2021-10-22 03:00 PM,2021,10,22,15,37.2,105,Unhealthy for Sensitive Groups,41.6,UG/M3,1 Hr,Valid
Banja Luka,PM2.5 - Principal,2021-10-22 04:00 PM,2021,10,22,16,46.1,127,Unhealthy for Sensitive Groups,55.0,UG/M3,1 Hr,Valid
Banja Luka,PM2.5 - Principal,2021-10-22 05:00 PM,2021,10,22,17,44.4,123,Unhealthy for Sensitive Groups,42.7,UG/M3,1 Hr,Valid
Banja Luka,PM2.5 - Principal,2021-10-22 06:00 PM,2021,10,22,18,46.7,129,Unhealthy for Sensitive Groups,48.9,UG/M3,1 Hr,Valid
Banja Luka,PM2.5 - Principal,2021-10-22 07:00 PM,2021,10,22,19,47.3,130,Unhealthy for Sensitive Groups,48.0,UG/M3,1 Hr,Valid
Banja Luka,PM2.5 - Principal,2021-10-22 08:00 PM,2021,10,22,20,55.5,151,Unhealthy,63.7,UG/M3,1 Hr,Valid
Banja Luka,PM2.5 - Principal,2021-10-22 09:00 PM,2021,10,22,21,89.0,168,Unhealthy,122.4,UG/M3,1 Hr,Valid
Banja Luka,PM2.5 - Principal,2021-10-22 10:00 PM,2021,10,22,22,118.5,184,Unhealthy,148.1,UG/M3,1 Hr,Valid
Banja Luka,PM2.5 - Principal,2021-10-22 11:00 PM,2021,10,22,23,130.9,190,Unhealthy,143.3,UG/M3,1 Hr,Valid
Banja Luka,PM2.5 - Principal,2021-10-23 12:00 AM,2021,10,23,00,146.7,198,Unhealthy,162.5,UG/M3,1 Hr,Valid
Banja Luka,PM2.5 - Principal,2021-10-23 01:00 AM,2021,10,23,01,118.6,184,Unhealthy,90.5,UG/M3,1 Hr,Valid
Banja Luka,PM2.5 - Principal,2021-10-23 02:00 AM,2021,10,23,02,105.3,177,Unhealthy,91.9,UG/M3,1 Hr,Valid
Banja Luka,PM2.5 - Principal,2021-10-23 03:00 AM,2021,10,23,03,91.7,170,Unhealthy,78.1,UG/M3,1 Hr,Valid
Banja Luka,PM2.5 - Principal,2021-10-23 04:00 AM,2021,10,23,04,88.6,168,Unhealthy,85.4,UG/M3,1 Hr,Valid
Banja Luka,PM2.5 - Principal,2021-10-23 05:00 AM,2021,10,23,05,76.9,162,Unhealthy,65.2,UG/M3,1 Hr,Valid
Banja Luka,PM2.5 - Principal,2021-10-23 06:00 AM,2021,10,23,06,66.4,157,Unhealthy,55.9,UG/M3,1 Hr,Valid
Banja Luka,PM2.5 - Principal,2021-10-23 07:00 AM,2021,10,23,07,55.2,150,Unhealthy for Sensitive Groups,44.0,UG/M3,1 Hr,Valid
Banja Luka,PM2.5 - Principal,2021-10-23 08:00 AM,2021,10,23,08,30.6,90,Moderate,6.1,UG/M3,1 Hr,Valid
Banja Luka,PM2.5 - Principal,2021-10-23 09:00 AM,2021,10,23,09,19.7,67,Moderate,8.8,UG/M3,1 Hr,Valid
Banja Luka,PM2.5 - Principal,2021-10-23 10:00 AM,2021,10,23,10,14.2,55,Moderate,8.6,UG/M3,1 Hr,Valid
Banja Luka,PM2.5 - Principal,2021-10-23 11:00 AM,2021,10,23,11,11.4,48,Good,8.7,UG/M3,1 Hr,Valid
Banja Luka,PM2.5 - Principal,2021-10-23 12:00 PM,2021,10,23,12,14.3,56,Moderate,17.3,UG/M3,1 Hr,Valid
Banja Luka,PM2.5 - Principal,2021-10-23 01:00 PM,2021,10,23,13,13.5,54,Moderate,12.7,UG/M3,1 Hr,Valid
Banja Luka,PM2.5 - Principal,2021-10-23 02:00 PM,2021,10,23,14,11.5,48,Good,9.5,UG/M3,1 Hr,Valid
Banja Luka,PM2.5 - Principal,2021-10-23 03:00 PM,2021,10,23,15,8.9,37,Good,6.4,UG/M3,1 Hr,Valid
Banja Luka,PM2.5 - Principal,2021-10-23 04:00 PM,2021,10,23,16,7.8,33,Good,6.7,UG/M3,1 Hr,Valid
Banja Luka,PM2.5 - Principal,2021-10-23 05:00 PM,2021,10,23,17,6.7,28,Good,5.6,UG/M3,1 Hr,Valid
Banja Luka,PM2.5 - Principal,2021-10-23 06:00 PM,2021,10,23,18,6.6,28,Good,6.5,UG/M3,1 Hr,Valid
Banja Luka,PM2.5 - Principal,2021-10-23 07:00 PM,2021,10,23,19,18.2,64,Moderate,29.8,UG/M3,1 Hr,Valid
Banja Luka,PM2.5 - Principal,2021-10-23 08:00 PM,2021,10,23,20,37.4,106,Unhealthy for Sensitive Groups,56.6,UG/M3,1 Hr,Valid
Banja Luka,PM2.5 - Principal,2021-10-23 09:00 PM,2021,10,23,21,78.7,163,Unhealthy,119.9,UG/M3,1 Hr,Valid
Banja Luka,PM2.5 - Principal,2021-10-23 10:00 PM,2021,10,23,22,80.2,164,Unhealthy,81.7,UG/M3,1 Hr,Valid
Banja Luka,PM2.5 - Principal,2021-10-23 11:00 PM,2021,10,23,23,86.0,167,Unhealthy,91.7,UG/M3,1 Hr,Valid
Banja Luka,PM2.5 - Principal,2021-10-24 12:00 AM,2021,10,24,00,82.4,165,Unhealthy,78.8,UG/M3,1 Hr,Valid
Banja Luka,PM2.5 - Principal,2021-10-24 01:00 AM,2021,10,24,01,79.4,163,Unhealthy,76.4,UG/M3,1 Hr,Valid
Banja Luka,PM2.5 - Principal,2021-10-24 02:00 AM,2021,10,24,02,74.0,161,Unhealthy,68.5,UG/M3,1 Hr,Valid
Banja Luka,PM2.5 - Principal,2021-10-24 03:00 AM,2021,10,24,03,64.6,156,Unhealthy,55.2,UG/M3,1 Hr,Valid
Banja Luka,PM2.5 - Principal,2021-10-24 04:00 AM,2021,10,24,04,49.2,135,Unhealthy for Sensitive Groups,33.8,UG/M3,1 Hr,Valid
Banja Luka,PM2.5 - Principal,2021-10-24 05:00 AM,2021,10,24,05,39.3,110,Unhealthy for Sensitive Groups,29.4,UG/M3,1 Hr,Valid
Banja Luka,PM2.5 - Principal,2021-10-24 06:00 AM,2021,10,24,06,36.1,102,Unhealthy for Sensitive Groups,32.9,UG/M3,1 Hr,Valid
Banja Luka,PM2.5 - Principal,2021-10-24 07:00 AM,2021,10,24,07,33.4,96,Moderate,30.7,UG/M3,1 Hr,Valid
Banja Luka,PM2.5 - Principal,2021-10-24 08:00 AM,2021,10,24,08,35.0,99,Moderate,36.7,UG/M3,1 Hr,Valid
Banja Luka,PM2.5 - Principal,2021-10-24 09:00 AM,2021,10,24,09,26.0,80,Moderate,17.1,UG/M3,1 Hr,Valid
Banja Luka,PM2.5 - Principal,2021-10-24 10:00 AM,2021,10,24,10,33.1,95,Moderate,40.2,UG/M3,1 Hr,Valid
Banja Luka,PM2.5 - Principal,2021-10-24 11:00 AM,2021,10,24,11,50.9,139,Unhealthy for Sensitive Groups,68.7,UG/M3,1 Hr,Valid
Banja Luka,PM2.5 - Principal,2021-10-24 12:00 PM,2021,10,24,12,58.4,152,Unhealthy,66.0,UG/M3,1 Hr,Valid
Banja Luka,PM2.5 - Principal,2021-10-24 01:00 PM,2021,10,24,13,65.0,156,Unhealthy,71.5,UG/M3,1 Hr,Valid
Banja Luka,PM2.5 - Principal,2021-10-24 02:00 PM,2021,10,24,14,55.2,150,Unhealthy for Sensitive Groups,45.5,UG/M3,1 Hr,Valid
Banja Luka,PM2.5 - Principal,2021-10-24 03:00 PM,2021,10,24,15,31.0,91,Moderate,6.7,UG/M3,1 Hr,Valid
Banja Luka,PM2.5 - Principal,2021-10-24 04:00 PM,2021,10,24,16,19.6,67,Moderate,8.2,UG/M3,1 Hr,Valid
Banja Luka,PM2.5 - Principal,2021-10-24 05:00 PM,2021,10,24,17,13.2,53,Moderate,6.8,UG/M3,1 Hr,Valid
Banja Luka,PM2.5 - Principal,2021-10-24 06:00 PM,2021,10,24,18,11.1,46,Good,8.9,UG/M3,1 Hr,Valid
Banja Luka,PM2.5 - Principal,2021-10-24 07:00 PM,2021,10,24,19,10.0,42,Good,8.9,UG/M3,1 Hr,Valid
Banja Luka,PM2.5 - Principal,2021-10-24 08:00 PM,2021,10,24,20,47.2,130,Unhealthy for Sensitive Groups,84.4,UG/M3,1 Hr,Valid
Banja Luka,PM2.5 - Principal,2021-10-24 09:00 PM,2021,10,24,21,92.5,170,Unhealthy,137.7,UG/M3,1 Hr,Valid
Banja Luka,PM2.5 - Principal,2021-10-24 10:00 PM,2021,10,24,22,105.2,177,Unhealthy,117.8,UG/M3,1 Hr,Valid
Banja Luka,PM2.5 - Principal,2021-10-24 11:00 PM,2021,10,24,23,115.6,182,Unhealthy,126.1,UG/M3,1 Hr,Valid
Banja Luka,PM2.5 - Principal,2021-10-25 12:00 AM,2021,10,25,00,107.0,178,Unhealthy,98.3,UG/M3,1 Hr,Valid
Banja Luka,PM2.5 - Principal,2021-10-25 01:00 AM,2021,10,25,01,104.4,176,Unhealthy,101.8,UG/M3,1 Hr,Valid
Banja Luka,PM2.5 - Principal,2021-10-25 02:00 AM,2021,10,25,02,89.4,169,Unhealthy,74.5,UG/M3,1 Hr,Valid
Banja Luka,PM2.5 - Principal,2021-10-25 03:00 AM,2021,10,25,03,74.6,161,Unhealthy,59.7,UG/M3,1 Hr,Valid
Banja Luka,PM2.5 - Principal,2021-10-25 04:00 AM,2021,10,25,04,69.0,158,Unhealthy,63.4,UG/M3,1 Hr,Valid
Banja Luka,PM2.5 - Principal,2021-10-25 05:00 AM,2021,10,25,05,52.9,144,Unhealthy for Sensitive Groups,36.8,UG/M3,1 Hr,Valid
Banja Luka,PM2.5 - Principal,2021-10-25 06:00 AM,2021,10,25,06,44.8,124,Unhealthy for Sensitive Groups,36.6,UG/M3,1 Hr,Valid
Banja Luka,PM2.5 - Principal,2021-10-25 07:00 AM,2021,10,25,07,41.0,115,Unhealthy for Sensitive Groups,37.3,UG/M3,1 Hr,Valid
Banja Luka,PM2.5 - Principal,2021-10-25 08:00 AM,2021,10,25,08,85.3,166,Unhealthy,129.7,UG/M3,1 Hr,Valid
Banja Luka,PM2.5 - Principal,2021-10-25 09:00 AM,2021,10,25,09,75.6,161,Unhealthy,65.8,UG/M3,1 Hr,Valid
Banja Luka,PM2.5 - Principal,2021-10-25 10:00 AM,2021,10,25,10,51.9,141,Unhealthy for Sensitive Groups,28.3,UG/M3,1 Hr,Valid
Banja Luka,PM2.5 - Principal,2021-10-25 11:00 AM,2021,10,25,11,42.6,118,Unhealthy for Sensitive Groups,33.4,UG/M3,1 Hr,Valid
Banja Luka,PM2.5 - Principal,2021-10-25 12:00 PM,2021,10,25,12,38.6,109,Unhealthy for Sensitive Groups,34.5,UG/M3,1 Hr,Valid
Banja Luka,PM2.5 - Principal,2021-10-25 01:00 PM,2021,10,25,13,34.6,98,Moderate,30.7,UG/M3,1 Hr,Valid
Banja Luka,PM2.5 - Principal,2021-10-25 02:00 PM,2021,10,25,14,31.3,91,Moderate,28.0,UG/M3,1 Hr,Valid
Banja Luka,PM2.5 - Principal,2021-10-25 03:00 PM,2021,10,25,15,28.0,84,Moderate,24.6,UG/M3,1 Hr,Valid
Banja Luka,PM2.5 - Principal,2021-10-25 04:00 PM,2021,10,25,16,27.3,83,Moderate,26.6,UG/M3,1 Hr,Valid
Banja Luka,PM2.5 - Principal,2021-10-25 05:00 PM,2021,10,25,17,23.9,76,Moderate,20.5,UG/M3,1 Hr,Valid
Banja Luka,PM2.5 - Principal,2021-10-25 06:00 PM,2021,10,25,18,27.1,83,Moderate,30.3,UG/M3,1 Hr,Valid
Banja Luka,PM2.5 - Principal,2021-10-25 07:00 PM,2021,10,25,19,73.8,160,Unhealthy,120.4,UG/M3,1 Hr,Valid
Banja Luka,PM2.5 - Principal,2021-10-25 08:00 PM,2021,10,25,20,106.6,177,Unhealthy,139.4,UG/M3,1 Hr,Valid
Banja Luka,PM2.5 - Principal,2021-10-25 09:00 PM,2021,10,25,21,115.7,182,Unhealthy,124.7,UG/M3,1 Hr,Valid
Banja Luka,PM2.5 - Principal,2021-10-25 10:00 PM,2021,10,25,22,124.1,186,Unhealthy,132.5,UG/M3,1 Hr,Valid
Banja Luka,PM2.5 - Principal,2021-10-25 11:00 PM,2021,10,25,23,117.2,183,Unhealthy,110.3,UG/M3,1 Hr,Valid
Banja Luka,PM2.5 - Principal,2021-10-26 12:00 AM,2021,10,26,00,82.1,165,Unhealthy,46.9,UG/M3,1 Hr,Valid
Banja Luka,PM2.5 - Principal,2021-10-26 01:00 AM,2021,10,26,01,82.1,165,Unhealthy,154.2,UG/M3,1 Hr,Invalid
Banja Luka,PM2.5 - Principal,2021-10-26 02:00 AM,2021,10,26,02,66.4,157,Unhealthy,58.5,UG/M3,1 Hr,Valid
Banja Luka,PM2.5 - Principal,2021-10-26 03:00 AM,2021,10,26,03,66.4,157,Unhealthy,66.4,UG/M3,1 Hr,Valid
Banja Luka,PM2.5 - Principal,2021-10-26 04:00 AM,2021,10,26,04,44.8,124,Unhealthy for Sensitive Groups,26.0,UG/M3,1 Hr,Valid
Banja Luka,PM2.5 - Principal,2021-10-26 05:00 AM,2021,10,26,05,36.3,103,Unhealthy for Sensitive Groups,28.3,UG/M3,1 Hr,Valid
Banja Luka,PM2.5 - Principal,2021-10-26 06:00 AM,2021,10,26,06,30.0,89,Moderate,23.9,UG/M3,1 Hr,Valid
Banja Luka,PM2.5 - Principal,2021-10-26 07:00 AM,2021,10,26,07,37.2,105,Unhealthy for Sensitive Groups,44.3,UG/M3,1 Hr,Valid
Banja Luka,PM2.5 - Principal,2021-10-26 08:00 AM,2021,10,26,08,34.4,98,Moderate,31.6,UG/M3,1 Hr,Valid
Banja Luka,PM2.5 - Principal,2021-10-26 09:00 AM,2021,10,26,09,30.4,89,Moderate,26.4,UG/M3,1 Hr,Valid
Banja Luka,PM2.5 - Principal,2021-10-26 10:00 AM,2021,10,26,10,31.4,92,Moderate,32.5,UG/M3,1 Hr,Valid
Banja Luka,PM2.5 - Principal,2021-10-26 11:00 AM,2021,10,26,11,37.6,106,Unhealthy for Sensitive Groups,43.8,UG/M3,1 Hr,Valid
Banja Luka,PM2.5 - Principal,2021-10-26 12:00 PM,2021,10,26,12,38.8,109,Unhealthy for Sensitive Groups,39.9,UG/M3,1 Hr,Valid
Banja Luka,PM2.5 - Principal,2021-10-26 01:00 PM,2021,10,26,13,44.5,123,Unhealthy for Sensitive Groups,50.2,UG/M3,1 Hr,Valid
Banja Luka,PM2.5 - Principal,2021-10-26 02:00 PM,2021,10,26,14,42.9,119,Unhealthy for Sensitive Groups,41.2,UG/M3,1 Hr,Valid
Banja Luka,PM2.5 - Principal,2021-10-26 03:00 PM,2021,10,26,15,41.2,115,Unhealthy for Sensitive Groups,39.5,UG/M3,1 Hr,Valid
Banja Luka,PM2.5 - Principal,2021-10-26 04:00 PM,2021,10,26,16,32.3,93,Moderate,23.5,UG/M3,1 Hr,Valid
Banja Luka,PM2.5 - Principal,2021-10-26 05:00 PM,2021,10,26,17,29.3,87,Moderate,26.4,UG/M3,1 Hr,Valid
Banja Luka,PM2.5 - Principal,2021-10-26 06:00 PM,2021,10,26,18,30.4,89,Moderate,31.5,UG/M3,1 Hr,Valid
Banja Luka,PM2.5 - Principal,2021-10-26 07:00 PM,2021,10,26,19,65.9,156,Unhealthy,101.4,UG/M3,1 Hr,Valid
Banja Luka,PM2.5 - Principal,2021-10-26 08:00 PM,2021,10,26,20,106.0,177,Unhealthy,146.1,UG/M3,1 Hr,Valid
Banja Luka,PM2.5 - Principal,2021-10-26 09:00 PM,2021,10,26,21,136.3,193,Unhealthy,166.5,UG/M3,1 Hr,Valid
Banja Luka,PM2.5 - Principal,2021-10-26 10:00 PM,2021,10,26,22,134.1,192,Unhealthy,131.9,UG/M3,1 Hr,Valid
Banja Luka,PM2.5 - Principal,2021-10-26 11:00 PM,2021,10,26,23,119.0,184,Unhealthy,103.9,UG/M3,1 Hr,Valid
Banja Luka,PM2.5 - Principal,2021-10-27 12:00 AM,2021,10,27,00,92.0,170,Unhealthy,64.9,UG/M3,1 Hr,Valid
Banja Luka,PM2.5 - Principal,2021-10-27 01:00 AM,2021,10,27,01,100.1,174,Unhealthy,108.3,UG/M3,1 Hr,Valid
Banja Luka,PM2.5 - Principal,2021-10-27 02:00 AM,2021,10,27,02,99.5,174,Unhealthy,98.8,UG/M3,1 Hr,Valid
Banja Luka,PM2.5 - Principal,2021-10-27 03:00 AM,2021,10,27,03,89.3,168,Unhealthy,79.1,UG/M3,1 Hr,Valid
Banja Luka,PM2.5 - Principal,2021-10-27 04:00 AM,2021,10,27,04,72.3,160,Unhealthy,55.2,UG/M3,1 Hr,Valid
Banja Luka,PM2.5 - Principal,2021-10-27 05:00 AM,2021,10,27,05,80.4,164,Unhealthy,88.6,UG/M3,1 Hr,Valid
Banja Luka,PM2.5 - Principal,2021-10-27 06:00 AM,2021,10,27,06,60.8,154,Unhealthy,41.1,UG/M3,1 Hr,Valid
Banja Luka,PM2.5 - Principal,2021-10-27 07:00 AM,2021,10,27,07,51.0,139,Unhealthy for Sensitive Groups,41.2,UG/M3,1 Hr,Valid
Banja Luka,PM2.5 - Principal,2021-10-27 08:00 AM,2021,10,27,08,50.7,138,Unhealthy for Sensitive Groups,50.4,UG/M3,1 Hr,Valid
Banja Luka,PM2.5 - Principal,2021-10-27 09:00 AM,2021,10,27,09,69.5,158,Unhealthy,88.4,UG/M3,1 Hr,Valid
Banja Luka,PM2.5 - Principal,2021-10-27 10:00 AM,2021,10,27,10,85.1,166,Unhealthy,100.7,UG/M3,1 Hr,Valid
Banja Luka,PM2.5 - Principal,2021-10-27 11:00 AM,2021,10,27,11,67.3,157,Unhealthy,49.4,UG/M3,1 Hr,Valid
Banja Luka,PM2.5 - Principal,2021-10-27 12:00 PM,2021,10,27,12,70.0,158,Unhealthy,72.7,UG/M3,1 Hr,Valid
Banja Luka,PM2.5 - Principal,2021-10-27 01:00 PM,2021,10,27,13,69.9,158,Unhealthy,69.7,UG/M3,1 Hr,Valid
Banja Luka,PM2.5 - Principal,2021-10-27 02:00 PM,2021,10,27,14,65.5,156,Unhealthy,61.0,UG/M3,1 Hr,Valid
Banja Luka,PM2.5 - Principal,2021-10-27 03:00 PM,2021,10,27,15,49.4,135,Unhealthy for Sensitive Groups,33.3,UG/M3,1 Hr,Valid
Banja Luka,PM2.5 - Principal,2021-10-27 04:00 PM,2021,10,27,16,42.9,119,Unhealthy for Sensitive Groups,36.4,UG/M3,1 Hr,Valid
Banja Luka,PM2.5 - Principal,2021-10-27 05:00 PM,2021,10,27,17,39.1,110,Unhealthy for Sensitive Groups,35.3,UG/M3,1 Hr,Valid
Banja Luka,PM2.5 - Principal,2021-10-27 06:00 PM,2021,10,27,18,37.0,105,Unhealthy for Sensitive Groups,34.9,UG/M3,1 Hr,Valid
Banja Luka,PM2.5 - Principal,2021-10-27 07:00 PM,2021,10,27,19,39.3,110,Unhealthy for Sensitive Groups,41.7,UG/M3,1 Hr,Valid
Banja Luka,PM2.5 - Principal,2021-10-27 08:00 PM,2021,10,27,20,57.2,152,Unhealthy,75.0,UG/M3,1 Hr,Valid
Banja Luka,PM2.5 - Principal,2021-10-27 09:00 PM,2021,10,27,21,117.4,183,Unhealthy,177.5,UG/M3,1 Hr,Suspect
Banja Luka,PM2.5 - Principal,2021-10-27 10:00 PM,2021,10,27,22,136.8,193,Unhealthy,156.2,UG/M3,1 Hr,Suspect
Banja Luka,PM2.5 - Principal,2021-10-27 11:00 PM,2021,10,27,23,133.3,191,Unhealthy,129.9,UG/M3,1 Hr,Valid
Banja Luka,PM2.5 - Principal,2021-10-28 12:00 AM,2021,10,28,00,129.6,189,Unhealthy,125.8,UG/M3,1 Hr,Valid
Banja Luka,PM2.5 - Principal,2021-10-28 01:00 AM,2021,10,28,01,119.9,184,Unhealthy,110.3,UG/M3,1 Hr,Valid
Banja Luka,PM2.5 - Principal,2021-10-28 02:00 AM,2021,10,28,02,104.3,176,Unhealthy,88.7,UG/M3,1 Hr,Valid
Banja Luka,PM2.5 - Principal,2021-10-28 03:00 AM,2021,10,28,03,91.0,169,Unhealthy,77.7,UG/M3,1 Hr,Valid
Banja Luka,PM2.5 - Principal,2021-10-28 04:00 AM,2021,10,28,04,74.2,161,Unhealthy,57.3,UG/M3,1 Hr,Valid
Banja Luka,PM2.5 - Principal,2021-10-28 05:00 AM,2021,10,28,05,60.0,153,Unhealthy,45.8,UG/M3,1 Hr,Valid
Banja Luka,PM2.5 - Principal,2021-10-28 06:00 AM,2021,10,28,06,56.8,152,Unhealthy,53.7,UG/M3,1 Hr,Valid
Banja Luka,PM2.5 - Principal,2021-10-28 07:00 AM,2021,10,28,07,51.6,141,Unhealthy for Sensitive Groups,46.4,UG/M3,1 Hr,Valid
Banja Luka,PM2.5 - Principal,2021-10-28 08:00 AM,2021,10,28,08,46.4,128,Unhealthy for Sensitive Groups,41.2,UG/M3,1 Hr,Valid
Banja Luka,PM2.5 - Principal,2021-10-28 09:00 AM,2021,10,28,09,58.8,153,Unhealthy,71.2,UG/M3,1 Hr,Valid
Banja Luka,PM2.5 - Principal,2021-10-28 10:00 AM,2021,10,28,10,48.6,133,Unhealthy for Sensitive Groups,38.4,UG/M3,1 Hr,Valid
Banja Luka,PM2.5 - Principal,2021-10-28 11:00 AM,2021,10,28,11,43.7,121,Unhealthy for Sensitive Groups,38.8,UG/M3,1 Hr,Valid
Banja Luka,PM2.5 - Principal,2021-10-28 12:00 PM,2021,10,28,12,41.6,116,Unhealthy for Sensitive Groups,39.6,UG/M3,1 Hr,Valid
Banja Luka,PM2.5 - Principal,2021-10-28 01:00 PM,2021,10,28,13,51.6,141,Unhealthy for Sensitive Groups,61.6,UG/M3,1 Hr,Valid
Banja Luka,PM2.5 - Principal,2021-10-28 02:00 PM,2021,10,28,14,48.8,134,Unhealthy for Sensitive Groups,46.1,UG/M3,1 Hr,Valid
Banja Luka,PM2.5 - Principal,2021-10-28 03:00 PM,2021,10,28,15,49.9,136,Unhealthy for Sensitive Groups,51.2,UG/M3,1 Hr,Valid
Banja Luka,PM2.5 - Principal,2021-10-28 04:00 PM,2021,10,28,16,48.1,132,Unhealthy for Sensitive Groups,46.0,UG/M3,1 Hr,Valid
Banja Luka,PM2.5 - Principal,2021-10-28 05:00 PM,2021,10,28,17,48.2,132,Unhealthy for Sensitive Groups,48.4,UG/M3,1 Hr,Valid
Banja Luka,PM2.5 - Principal,2021-10-28 06:00 PM,2021,10,28,18,54.4,148,Unhealthy for Sensitive Groups,61.6,UG/M3,1 Hr,Valid
Banja Luka,PM2.5 - Principal,2021-10-28 07:00 PM,2021,10,28,19,67.1,157,Unhealthy,79.2,UG/M3,1 Hr,Valid
Banja Luka,PM2.5 - Principal,2021-10-28 08:00 PM,2021,10,28,20,124.5,187,Unhealthy,181.8,UG/M3,1 Hr,Valid
Banja Luka,PM2.5 - Principal,2021-10-28 09:00 PM,2021,10,28,21,146.8,198,Unhealthy,169.2,UG/M3,1 Hr,Valid
Banja Luka,PM2.5 - Principal,2021-10-28 10:00 PM,2021,10,28,22,157.8,208,Very Unhealthy,168.7,UG/M3,1 Hr,Valid
Banja Luka,PM2.5 - Principal,2021-10-28 11:00 PM,2021,10,28,23,165.6,216,Very Unhealthy,173.3,UG/M3,1 Hr,Valid
Banja Luka,PM2.5 - Principal,2021-10-29 12:00 AM,2021,10,29,00,163.4,214,Very Unhealthy,161.3,UG/M3,1 Hr,Valid
Banja Luka,PM2.5 - Principal,2021-10-29 01:00 AM,2021,10,29,01,163.7,214,Very Unhealthy,163.9,UG/M3,1 Hr,Valid
Banja Luka,PM2.5 - Principal,2021-10-29 02:00 AM,2021,10,29,02,131.5,190,Unhealthy,99.3,UG/M3,1 Hr,Valid
Banja Luka,PM2.5 - Principal,2021-10-29 03:00 AM,2021,10,29,03,113.8,181,Unhealthy,96.2,UG/M3,1 Hr,Valid
Banja Luka,PM2.5 - Principal,2021-10-29 04:00 AM,2021,10,29,04,104.9,177,Unhealthy,96.0,UG/M3,1 Hr,Valid
Banja Luka,PM2.5 - Principal,2021-10-29 05:00 AM,2021,10,29,05,96.5,172,Unhealthy,88.1,UG/M3,1 Hr,Valid
Banja Luka,PM2.5 - Principal,2021-10-29 06:00 AM,2021,10,29,06,95.6,172,Unhealthy,94.6,UG/M3,1 Hr,Valid
Banja Luka,PM2.5 - Principal,2021-10-29 07:00 AM,2021,10,29,07,90.2,169,Unhealthy,84.8,UG/M3,1 Hr,Valid
Banja Luka,PM2.5 - Principal,2021-10-29 08:00 AM,2021,10,29,08,81.9,165,Unhealthy,73.6,UG/M3,1 Hr,Valid
Banja Luka,PM2.5 - Principal,2021-10-29 09:00 AM,2021,10,29,09,88.4,168,Unhealthy,94.9,UG/M3,1 Hr,Valid
Banja Luka,PM2.5 - Principal,2021-10-29 10:00 AM,2021,10,29,10,98.9,173,Unhealthy,109.5,UG/M3,1 Hr,Valid
Banja Luka,PM2.5 - Principal,2021-10-29 11:00 AM,2021,10,29,11,88.1,168,Unhealthy,77.2,UG/M3,1 Hr,Valid
Banja Luka,PM2.5 - Principal,2021-10-29 12:00 PM,2021,10,29,12,113.1,181,Unhealthy,138.2,UG/M3,1 Hr,Valid
Banja Luka,PM2.5 - Principal,2021-10-29 01:00 PM,2021,10,29,13,120.0,184,Unhealthy,129.7,UG/M3,1 Hr,Valid
Banja Luka,PM2.5 - Principal,2021-10-29 02:00 PM,2021,10,29,14,87.5,168,Unhealthy,53.5,UG/M3,1 Hr,Valid
Banja Luka,PM2.5 - Principal,2021-10-29 03:00 PM,2021,10,29,15,70.9,159,Unhealthy,54.4,UG/M3,1 Hr,Valid
Banja Luka,PM2.5 - Principal,2021-10-29 04:00 PM,2021,10,29,16,65.6,156,Unhealthy,60.3,UG/M3,1 Hr,Valid
Banja Luka,PM2.5 - Principal,2021-10-29 05:00 PM,2021,10,29,17,63.2,155,Unhealthy,60.7,UG/M3,1 Hr,Valid
Banja Luka,PM2.5 - Principal,2021-10-29 06:00 PM,2021,10,29,18,68.8,158,Unhealthy,74.5,UG/M3,1 Hr,Valid
Banja Luka,PM2.5 - Principal,2021-10-29 07:00 PM,2021,10,29,19,91.6,170,Unhealthy,114.3,UG/M3,1 Hr,Valid
Banja Luka,PM2.5 - Principal,2021-10-29 08:00 PM,2021,10,29,20,139.3,194,Unhealthy,186.9,UG/M3,1 Hr,Valid
Banja Luka,PM2.5 - Principal,2021-10-29 09:00 PM,2021,10,29,21,161.1,212,Very Unhealthy,182.9,UG/M3,1 Hr,Valid
Banja Luka,PM2.5 - Principal,2021-10-29 10:00 PM,2021,10,29,22,177.3,228,Very Unhealthy,193.5,UG/M3,1 Hr,Valid
Banja Luka,PM2.5 - Principal,2021-10-29 11:00 PM,2021,10,29,23,185.0,235,Very Unhealthy,192.6,UG/M3,1 Hr,Valid
Banja Luka,PM2.5 - Principal,2021-10-30 12:00 AM,2021,10,30,00,169.8,220,Very Unhealthy,154.7,UG/M3,1 Hr,Valid
Banja Luka,PM2.5 - Principal,2021-10-30 01:00 AM,2021,10,30,01,194.4,245,Very Unhealthy,219.0,UG/M3,1 Hr,Valid
Banja Luka,PM2.5 - Principal,2021-10-30 02:00 AM,2021,10,30,02,168.4,219,Very Unhealthy,142.4,UG/M3,1 Hr,Valid
Banja Luka,PM2.5 - Principal,2021-10-30 03:00 AM,2021,10,30,03,148.4,199,Unhealthy,128.4,UG/M3,1 Hr,Valid
Banja Luka,PM2.5 - Principal,2021-10-30 04:00 AM,2021,10,30,04,127.1,188,Unhealthy,105.7,UG/M3,1 Hr,Valid
Banja Luka,PM2.5 - Principal,2021-10-30 05:00 AM,2021,10,30,05,117.8,183,Unhealthy,108.5,UG/M3,1 Hr,Valid
Banja Luka,PM2.5 - Principal,2021-10-30 06:00 AM,2021,10,30,06,100.0,174,Unhealthy,82.3,UG/M3,1 Hr,Valid
Banja Luka,PM2.5 - Principal,2021-10-30 07:00 AM,2021,10,30,07,97.0,172,Unhealthy,94.0,UG/M3,1 Hr,Valid
Banja Luka,PM2.5 - Principal,2021-10-30 08:00 AM,2021,10,30,08,98.3,173,Unhealthy,99.7,UG/M3,1 Hr,Valid
Banja Luka,PM2.5 - Principal,2021-10-30 09:00 AM,2021,10,30,09,97.0,172,Unhealthy,95.7,UG/M3,1 Hr,Valid
Banja Luka,PM2.5 - Principal,2021-10-30 10:00 AM,2021,10,30,10,118.9,184,Unhealthy,140.9,UG/M3,1 Hr,Valid
Banja Luka,PM2.5 - Principal,2021-10-30 11:00 AM,2021,10,30,11,97.0,172,Unhealthy,75.1,UG/M3,1 Hr,Valid
Banja Luka,PM2.5 - Principal,2021-10-30 12:00 PM,2021,10,30,12,97.9,173,Unhealthy,98.7,UG/M3,1 Hr,Valid
Banja Luka,PM2.5 - Principal,2021-10-30 01:00 PM,2021,10,30,13,108.6,178,Unhealthy,120.4,UG/M3,1 Hr,Valid
Banja Luka,PM2.5 - Principal,2021-10-30 02:00 PM,2021,10,30,14,95.8,172,Unhealthy,81.3,UG/M3,1 Hr,Valid
Banja Luka,PM2.5 - Principal,2021-10-30 03:00 PM,2021,10,30,15,87.7,168,Unhealthy,78.4,UG/M3,1 Hr,Valid
Banja Luka,PM2.5 - Principal,2021-10-30 04:00 PM,2021,10,30,16,85.5,166,Unhealthy,82.9,UG/M3,1 Hr,Valid
Banja Luka,PM2.5 - Principal,2021-10-30 05:00 PM,2021,10,30,17,86.9,167,Unhealthy,88.6,UG/M3,1 Hr,Valid
Banja Luka,PM2.5 - Principal,2021-10-30 06:00 PM,2021,10,30,18,95.2,171,Unhealthy,104.7,UG/M3,1 Hr,Valid
Banja Luka,PM2.5 - Principal,2021-10-30 07:00 PM,2021,10,30,19,146.8,198,Unhealthy,197.9,UG/M3,1 Hr,Valid
Banja Luka,PM2.5 - Principal,2021-10-30 08:00 PM,2021,10,30,20,195.7,246,Very Unhealthy,244.4,UG/M3,1 Hr,Valid
Banja Luka,PM2.5 - Principal,2021-10-30 09:00 PM,2021,10,30,21,216.0,266,Very Unhealthy,236.2,UG/M3,1 Hr,Valid
Banja Luka,PM2.5 - Principal,2021-10-30 10:00 PM,2021,10,30,22,240.6,290,Very Unhealthy,265.1,UG/M3,1 Hr,Valid
Banja Luka,PM2.5 - Principal,2021-10-30 11:00 PM,2021,10,30,23,229.7,279,Very Unhealthy,218.8,UG/M3,1 Hr,Valid
Banja Luka,PM2.5 - Principal,2021-10-31 12:00 AM,2021,10,31,00,247.2,297,Very Unhealthy,264.6,UG/M3,1 Hr,Valid
Banja Luka,PM2.5 - Principal,2021-10-31 01:00 AM,2021,10,31,01,225.5,275,Very Unhealthy,203.9,UG/M3,1 Hr,Valid
Banja Luka,PM2.5 - Principal,2021-10-31 02:00 AM,2021,10,31,02,204.2,254,Very Unhealthy,182.8,UG/M3,1 Hr,Valid
Banja Luka,PM2.5 - Principal,2021-10-31 03:00 AM,2021,10,31,03,181.6,232,Very Unhealthy,159.1,UG/M3,1 Hr,Valid
Banja Luka,PM2.5 - Principal,2021-10-31 03:00 AM,2021,10,31,03,181.6,232,Very Unhealthy,-999.0,UG/M3,1 Hr,Missing
Banja Luka,PM2.5 - Principal,2021-10-31 04:00 AM,2021,10,31,04,125.1,187,Unhealthy,96.9,UG/M3,1 Hr,Valid
Banja Luka,PM2.5 - Principal,2021-10-31 05:00 AM,2021,10,31,05,103.9,176,Unhealthy,88.0,UG/M3,1 Hr,Valid
Banja Luka,PM2.5 - Principal,2021-10-31 06:00 AM,2021,10,31,06,109.3,179,Unhealthy,114.1,UG/M3,1 Hr,Valid
Banja Luka,PM2.5 - Principal,2021-10-31 07:00 AM,2021,10,31,07,112.7,181,Unhealthy,115.9,UG/M3,1 Hr,Valid
Banja Luka,PM2.5 - Principal,2021-10-31 08:00 AM,2021,10,31,08,112.3,180,Unhealthy,111.9,UG/M3,1 Hr,Valid
Banja Luka,PM2.5 - Principal,2021-10-31 09:00 AM,2021,10,31,09,97.0,172,Unhealthy,82.0,UG/M3,1 Hr,Valid
Banja Luka,PM2.5 - Principal,2021-10-31 10:00 AM,2021,10,31,10,87.5,168,Unhealthy,78.0,UG/M3,1 Hr,Valid
Banja Luka,PM2.5 - Principal,2021-10-31 11:00 AM,2021,10,31,11,83.9,166,Unhealthy,80.3,UG/M3,1 Hr,Valid
Banja Luka,PM2.5 - Principal,2021-10-31 12:00 PM,2021,10,31,12,72.9,160,Unhealthy,62.0,UG/M3,1 Hr,Valid
Banja Luka,PM2.5 - Principal,2021-10-31 01:00 PM,2021,10,31,13,75.2,161,Unhealthy,77.6,UG/M3,1 Hr,Valid
Banja Luka,PM2.5 - Principal,2021-10-31 02:00 PM,2021,10,31,14,74.9,161,Unhealthy,74.1,UG/M3,1 Hr,Valid
Banja Luka,PM2.5 - Principal,2021-10-31 03:00 PM,2021,10,31,15,70.9,159,Unhealthy,66.4,UG/M3,1 Hr,Valid
Banja Luka,PM2.5 - Principal,2021-10-31 04:00 PM,2021,10,31,16,69.0,158,Unhealthy,66.9,UG/M3,1 Hr,Valid
Banja Luka,PM2.5 - Principal,2021-10-31 05:00 PM,2021,10,31,17,93.2,170,Unhealthy,119.5,UG/M3,1 Hr,Valid
Banja Luka,PM2.5 - Principal,2021-10-31 06:00 PM,2021,10,31,18,163.4,214,Very Unhealthy,232.7,UG/M3,1 Hr,Valid
Banja Luka,PM2.5 - Principal,2021-10-31 07:00 PM,2021,10,31,19,182.3,233,Very Unhealthy,201.1,UG/M3,1 Hr,Valid
Banja Luka,PM2.5 - Principal,2021-10-31 08:00 PM,2021,10,31,20,211.3,261,Very Unhealthy,240.3,UG/M3,1 Hr,Valid
Banja Luka,PM2.5 - Principal,2021-10-31 09:00 PM,2021,10,31,21,256.8,307,Hazardous,302.1,UG/M3,1 Hr,Valid
Banja Luka,PM2.5 - Principal,2021-10-31 10:00 PM,2021,10,31,22,258.5,309,Hazardous,260.2,UG/M3,1 Hr,Valid
Banja Luka,PM2.5 - Principal,2021-10-31 11:00 PM,2021,10,31,23,235.3,285,Very Unhealthy,212.0,UG/M3,1 Hr,Valid
Banja Luka,PM2.5 - Principal,2021-11-01 12:00 AM,2021,11,01,00,213.8,264,Very Unhealthy,192.3,UG/M3,1 Hr,Valid
Banja Luka,PM2.5 - Principal,2021-11-01 01:00 AM,2021,11,01,01,177.4,228,Very Unhealthy,141.0,UG/M3,1 Hr,Valid
Banja Luka,PM2.5 - Principal,2021-11-01 02:00 AM,2021,11,01,02,162.5,213,Very Unhealthy,147.7,UG/M3,1 Hr,Valid
Banja Luka,PM2.5 - Principal,2021-11-01 03:00 AM,2021,11,01,03,150.6,201,Very Unhealthy,138.5,UG/M3,1 Hr,Valid
Banja Luka,PM2.5 - Principal,2021-11-01 04:00 AM,2021,11,01,04,155.5,206,Very Unhealthy,160.4,UG/M3,1 Hr,Valid
Banja Luka,PM2.5 - Principal,2021-11-01 05:00 AM,2021,11,01,05,125.5,187,Unhealthy,95.5,UG/M3,1 Hr,Valid
Banja Luka,PM2.5 - Principal,2021-11-01 06:00 AM,2021,11,01,06,108.7,178,Unhealthy,91.9,UG/M3,1 Hr,Valid
Banja Luka,PM2.5 - Principal,2021-11-01 07:00 AM,2021,11,01,07,107.7,178,Unhealthy,106.8,UG/M3,1 Hr,Valid
Banja Luka,PM2.5 - Principal,2021-11-01 08:00 AM,2021,11,01,08,137.2,193,Unhealthy,166.7,UG/M3,1 Hr,Valid
Banja Luka,PM2.5 - Principal,2021-11-01 09:00 AM,2021,11,01,09,138.7,194,Unhealthy,140.3,UG/M3,1 Hr,Valid
Banja Luka,PM2.5 - Principal,2021-11-01 10:00 AM,2021,11,01,10,131.5,190,Unhealthy,124.3,UG/M3,1 Hr,Valid
Banja Luka,PM2.5 - Principal,2021-11-01 11:00 AM,2021,11,01,11,128.7,189,Unhealthy,125.9,UG/M3,1 Hr,Valid
Banja Luka,PM2.5 - Principal,2021-11-01 12:00 PM,2021,11,01,12,117.9,183,Unhealthy,104.3,UG/M3,1 Hr,Valid
Banja Luka,PM2.5 - Principal,2021-11-01 01:00 PM,2021,11,01,13,100.7,174,Unhealthy,84.3,UG/M3,1 Hr,Valid
Banja Luka,PM2.5 - Principal,2021-11-01 02:00 PM,2021,11,01,14,82.0,165,Unhealthy,63.6,UG/M3,1 Hr,Valid
Banja Luka,PM2.5 - Principal,2021-11-01 03:00 PM,2021,11,01,15,76.3,162,Unhealthy,70.7,UG/M3,1 Hr,Valid
Banja Luka,PM2.5 - Principal,2021-11-01 04:00 PM,2021,11,01,16,96.4,172,Unhealthy,116.4,UG/M3,1 Hr,Valid
Banja Luka,PM2.5 - Principal,2021-11-01 05:00 PM,2021,11,01,17,174.1,224,Very Unhealthy,251.8,UG/M3,1 Hr,Suspect
Banja Luka,PM2.5 - Principal,2021-11-01 06:00 PM,2021,11,01,18,299.3,349,Hazardous,424.4,UG/M3,1 Hr,Valid
Banja Luka,PM2.5 - Principal,2021-11-01 07:00 PM,2021,11,01,19,299.8,350,Hazardous,300.3,UG/M3,1 Hr,Valid
Banja Luka,PM2.5 - Principal,2021-11-01 08:00 PM,2021,11,01,20,296.3,346,Hazardous,292.8,UG/M3,1 Hr,Valid
Banja Luka,PM2.5 - Principal,2021-11-01 09:00 PM,2021,11,01,21,313.5,363,Hazardous,330.6,UG/M3,1 Hr,Valid
Banja Luka,PM2.5 - Principal,2021-11-01 10:00 PM,2021,11,01,22,249.2,299,Very Unhealthy,184.9,UG/M3,1 Hr,Valid
Banja Luka,PM2.5 - Principal,2021-11-01 11:00 PM,2021,11,01,23,199.9,250,Very Unhealthy,150.6,UG/M3,1 Hr,Valid
Banja Luka,PM2.5 - Principal,2021-11-02 12:00 AM,2021,11,02,00,145.6,198,Unhealthy,91.4,UG/M3,1 Hr,Valid
Banja Luka,PM2.5 - Principal,2021-11-02 01:00 AM,2021,11,02,01,118.7,184,Unhealthy,91.8,UG/M3,1 Hr,Valid
Banja Luka,PM2.5 - Principal,2021-11-02 02:00 AM,2021,11,02,02,105.5,177,Unhealthy,92.4,UG/M3,1 Hr,Valid
Banja Luka,PM2.5 - Principal,2021-11-02 03:00 AM,2021,11,02,03,71.3,159,Unhealthy,37.0,UG/M3,1 Hr,Valid
Banja Luka,PM2.5 - Principal,2021-11-02 04:00 AM,2021,11,02,04,60.4,154,Unhealthy,49.5,UG/M3,1 Hr,Valid
Banja Luka,PM2.5 - Principal,2021-11-02 05:00 AM,2021,11,02,05,62.4,155,Unhealthy,64.4,UG/M3,1 Hr,Valid
Banja Luka,PM2.5 - Principal,2021-11-02 06:00 AM,2021,11,02,06,55.1,149,Unhealthy for Sensitive Groups,48.0,UG/M3,1 Hr,Valid
Banja Luka,PM2.5 - Principal,2021-11-02 07:00 AM,2021,11,02,07,51.8,141,Unhealthy for Sensitive Groups,48.5,UG/M3,1 Hr,Valid
Banja Luka,PM2.5 - Principal,2021-11-02 08:00 AM,2021,11,02,08,50.8,139,Unhealthy for Sensitive Groups,49.8,UG/M3,1 Hr,Valid
Banja Luka,PM2.5 - Principal,2021-11-02 09:00 AM,2021,11,02,09,52.1,142,Unhealthy for Sensitive Groups,53.5,UG/M3,1 Hr,Valid
Banja Luka,PM2.5 - Principal,2021-11-02 10:00 AM,2021,11,02,10,49.3,135,Unhealthy for Sensitive Groups,46.5,UG/M3,1 Hr,Valid
Banja Luka,PM2.5 - Principal,2021-11-02 11:00 AM,2021,11,02,11,29.4,87,Moderate,9.5,UG/M3,1 Hr,Valid
Banja Luka,PM2.5 - Principal,2021-11-02 12:00 PM,2021,11,02,12,21.8,71,Moderate,14.3,UG/M3,1 Hr,Valid
Banja Luka,PM2.5 - Principal,2021-11-02 01:00 PM,2021,11,02,13,23.3,75,Moderate,24.9,UG/M3,1 Hr,Valid
Banja Luka,PM2.5 - Principal,2021-11-02 02:00 PM,2021,11,02,14,22.0,72,Moderate,20.6,UG/M3,1 Hr,Valid
Banja Luka,PM2.5 - Principal,2021-11-02 03:00 PM,2021,11,02,15,21.0,70,Moderate,20.0,UG/M3,1 Hr,Valid
Banja Luka,PM2.5 - Principal,2021-11-02 04:00 PM,2021,11,02,16,25.0,78,Moderate,29.1,UG/M3,1 Hr,Valid
Banja Luka,PM2.5 - Principal,2021-11-02 05:00 PM,2021,11,02,17,39.4,111,Unhealthy for Sensitive Groups,53.7,UG/M3,1 Hr,Valid
Banja Luka,PM2.5 - Principal,2021-11-02 06:00 PM,2021,11,02,18,56.3,151,Unhealthy,73.3,UG/M3,1 Hr,Valid
Banja Luka,PM2.5 - Principal,2021-11-02 07:00 PM,2021,11,02,19,72.7,160,Unhealthy,89.1,UG/M3,1 Hr,Valid
Banja Luka,PM2.5 - Principal,2021-11-02 08:00 PM,2021,11,02,20,70.3,159,Unhealthy,67.9,UG/M3,1 Hr,Valid
Banja Luka,PM2.5 - Principal,2021-11-02 09:00 PM,2021,11,02,21,124.2,186,Unhealthy,178.1,UG/M3,1 Hr,Valid
Banja Luka,PM2.5 - Principal,2021-11-02 10:00 PM,2021,11,02,22,136.5,193,Unhealthy,148.7,UG/M3,1 Hr,Valid
Banja Luka,PM2.5 - Principal,2021-11-02 11:00 PM,2021,11,02,23,143.6,196,Unhealthy,150.7,UG/M3,1 Hr,Valid
Banja Luka,PM2.5 - Principal,2021-11-03 12:00 AM,2021,11,03,00,119.2,184,Unhealthy,94.7,UG/M3,1 Hr,Valid
Banja Luka,PM2.5 - Principal,2021-11-03 01:00 AM,2021,11,03,01,97.9,173,Unhealthy,76.7,UG/M3,1 Hr,Valid
Banja Luka,PM2.5 - Principal,2021-11-03 02:00 AM,2021,11,03,02,85.8,167,Unhealthy,73.7,UG/M3,1 Hr,Valid
Banja Luka,PM2.5 - Principal,2021-11-03 03:00 AM,2021,11,03,03,74.4,161,Unhealthy,63.0,UG/M3,1 Hr,Valid
Banja Luka,PM2.5 - Principal,2021-11-03 04:00 AM,2021,11,03,04,71.9,159,Unhealthy,69.4,UG/M3,1 Hr,Valid
Banja Luka,PM2.5 - Principal,2021-11-03 05:00 AM,2021,11,03,05,69.3,158,Unhealthy,66.6,UG/M3,1 Hr,Valid
Banja Luka,PM2.5 - Principal,2021-11-03 06:00 AM,2021,11,03,06,71.4,159,Unhealthy,73.6,UG/M3,1 Hr,Valid
Banja Luka,PM2.5 - Principal,2021-11-03 07:00 AM,2021,11,03,07,72.6,160,Unhealthy,73.8,UG/M3,1 Hr,Valid
Banja Luka,PM2.5 - Principal,2021-11-03 08:00 AM,2021,11,03,08,79.3,163,Unhealthy,86.0,UG/M3,1 Hr,Valid
Banja Luka,PM2.5 - Principal,2021-11-03 09:00 AM,2021,11,03,09,93.4,171,Unhealthy,107.6,UG/M3,1 Hr,Valid
Banja Luka,PM2.5 - Principal,2021-11-03 10:00 AM,2021,11,03,10,96.7,172,Unhealthy,100.0,UG/M3,1 Hr,Valid
Banja Luka,PM2.5 - Principal,2021-11-03 11:00 AM,2021,11,03,11,116.0,182,Unhealthy,135.2,UG/M3,1 Hr,Valid
Banja Luka,PM2.5 - Principal,2021-11-03 12:00 PM,2021,11,03,12,123.5,186,Unhealthy,131.1,UG/M3,1 Hr,Valid
Banja Luka,PM2.5 - Principal,2021-11-03 01:00 PM,2021,11,03,13,106.5,177,Unhealthy,89.5,UG/M3,1 Hr,Valid
Banja Luka,PM2.5 - Principal,2021-11-03 02:00 PM,2021,11,03,14,95.1,171,Unhealthy,83.6,UG/M3,1 Hr,Valid
Banja Luka,PM2.5 - Principal,2021-11-03 03:00 PM,2021,11,03,15,86.6,167,Unhealthy,78.1,UG/M3,1 Hr,Valid
Banja Luka,PM2.5 - Principal,2021-11-03 04:00 PM,2021,11,03,16,83.1,165,Unhealthy,79.6,UG/M3,1 Hr,Valid
Banja Luka,PM2.5 - Principal,2021-11-03 05:00 PM,2021,11,03,17,96.6,172,Unhealthy,111.4,UG/M3,1 Hr,Valid
Banja Luka,PM2.5 - Principal,2021-11-03 06:00 PM,2021,11,03,18,102.0,175,Unhealthy,108.6,UG/M3,1 Hr,Valid
Banja Luka,PM2.5 - Principal,2021-11-03 07:00 PM,2021,11,03,19,90.9,169,Unhealthy,76.8,UG/M3,1 Hr,Valid
Banja Luka,PM2.5 - Principal,2021-11-03 08:00 PM,2021,11,03,20,86.5,167,Unhealthy,80.7,UG/M3,1 Hr,Valid
Banja Luka,PM2.5 - Principal,2021-11-03 09:00 PM,2021,11,03,21,122.6,186,Unhealthy,159.9,UG/M3,1 Hr,Valid
Banja Luka,PM2.5 - Principal,2021-11-03 10:00 PM,2021,11,03,22,141.5,195,Unhealthy,160.5,UG/M3,1 Hr,Valid
Banja Luka,PM2.5 - Principal,2021-11-03 11:00 PM,2021,11,03,23,173.3,224,Very Unhealthy,205.1,UG/M3,1 Hr,Valid
Banja Luka,PM2.5 - Principal,2021-11-04 12:00 AM,2021,11,04,00,169.5,220,Very Unhealthy,165.6,UG/M3,1 Hr,Valid
Banja Luka,PM2.5 - Principal,2021-11-04 01:00 AM,2021,11,04,01,156.9,207,Very Unhealthy,144.3,UG/M3,1 Hr,Valid
Banja Luka,PM2.5 - Principal,2021-11-04 02:00 AM,2021,11,04,02,148.9,199,Unhealthy,140.9,UG/M3,1 Hr,Valid
Banja Luka,PM2.5 - Principal,2021-11-04 03:00 AM,2021,11,04,03,145.1,197,Unhealthy,141.3,UG/M3,1 Hr,Valid
Banja Luka,PM2.5 - Principal,2021-11-04 04:00 AM,2021,11,04,04,115.3,182,Unhealthy,85.5,UG/M3,1 Hr,Valid
Banja Luka,PM2.5 - Principal,2021-11-04 05:00 AM,2021,11,04,05,67.7,157,Unhealthy,20.2,UG/M3,1 Hr,Valid
Banja Luka,PM2.5 - Principal,2021-11-04 06:00 AM,2021,11,04,06,37.7,106,Unhealthy for Sensitive Groups,7.6,UG/M3,1 Hr,Valid
Banja Luka,PM2.5 - Principal,2021-11-04 07:00 AM,2021,11,04,07,34.3,98,Moderate,31.0,UG/M3,1 Hr,Valid
Banja Luka,PM2.5 - Principal,2021-11-04 08:00 AM,2021,11,04,08,20.8,69,Moderate,7.3,UG/M3,1 Hr,Valid
Banja Luka,PM2.5 - Principal,2021-11-04 09:00 AM,2021,11,04,09,15.4,58,Moderate,10.1,UG/M3,1 Hr,Valid
Banja Luka,PM2.5 - Principal,2021-11-04 10:00 AM,2021,11,04,10,12.0,50,Good,8.6,UG/M3,1 Hr,Valid
Banja Luka,PM2.5 - Principal,2021-11-04 11:00 AM,2021,11,04,11,9.6,40,Good,7.2,UG/M3,1 Hr,Valid
Banja Luka,PM2.5 - Principal,2021-11-04 12:00 PM,2021,11,04,12,9.0,38,Good,8.4,UG/M3,1 Hr,Valid
Banja Luka,PM2.5 - Principal,2021-11-04 01:00 PM,2021,11,04,13,6.6,28,Good,4.3,UG/M3,1 Hr,Valid
Banja Luka,PM2.5 - Principal,2021-11-04 02:00 PM,2021,11,04,14,5.5,23,Good,4.4,UG/M3,1 Hr,Valid
Banja Luka,PM2.5 - Principal,2021-11-04 03:00 PM,2021,11,04,15,5.7,24,Good,6.0,UG/M3,1 Hr,Valid
Banja Luka,PM2.5 - Principal,2021-11-04 04:00 PM,2021,11,04,16,10.9,45,Good,16.0,UG/M3,1 Hr,Valid
Banja Luka,PM2.5 - Principal,2021-11-04 05:00 PM,2021,11,04,17,27.0,82,Moderate,43.2,UG/M3,1 Hr,Valid
Banja Luka,PM2.5 - Principal,2021-11-04 06:00 PM,2021,11,04,18,78.1,163,Unhealthy,129.2,UG/M3,1 Hr,Valid
Banja Luka,PM2.5 - Principal,2021-11-04 07:00 PM,2021,11,04,19,99.2,174,Unhealthy,120.3,UG/M3,1 Hr,Valid
Banja Luka,PM2.5 - Principal,2021-11-04 08:00 PM,2021,11,04,20,100.5,174,Unhealthy,101.7,UG/M3,1 Hr,Valid
Banja Luka,PM2.5 - Principal,2021-11-04 09:00 PM,2021,11,04,21,127.3,188,Unhealthy,154.2,UG/M3,1 Hr,Valid
Banja Luka,PM2.5 - Principal,2021-11-04 10:00 PM,2021,11,04,22,110.2,179,Unhealthy,93.0,UG/M3,1 Hr,Valid
Banja Luka,PM2.5 - Principal,2021-11-04 11:00 PM,2021,11,04,23,103.8,176,Unhealthy,97.4,UG/M3,1 Hr,Valid
Banja Luka,PM2.5 - Principal,2021-11-05 12:00 AM,2021,11,05,00,96.0,172,Unhealthy,88.2,UG/M3,1 Hr,Valid
Banja Luka,PM2.5 - Principal,2021-11-05 01:00 AM,2021,11,05,01,86.5,167,Unhealthy,77.0,UG/M3,1 Hr,Valid
Banja Luka,PM2.5 - Principal,2021-11-05 02:00 AM,2021,11,05,02,80.2,164,Unhealthy,73.8,UG/M3,1 Hr,Valid
Banja Luka,PM2.5 - Principal,2021-11-05 03:00 AM,2021,11,05,03,85.5,166,Unhealthy,90.7,UG/M3,1 Hr,Valid
Banja Luka,PM2.5 - Principal,2021-11-05 04:00 AM,2021,11,05,04,65.1,156,Unhealthy,44.7,UG/M3,1 Hr,Valid
Banja Luka,PM2.5 - Principal,2021-11-05 05:00 AM,2021,11,05,05,57.6,152,Unhealthy,50.2,UG/M3,1 Hr,Valid
Banja Luka,PM2.5 - Principal,2021-11-05 06:00 AM,2021,11,05,06,60.8,154,Unhealthy,64.0,UG/M3,1 Hr,Valid
Banja Luka,PM2.5 - Principal,2021-11-05 07:00 AM,2021,11,05,07,48.0,132,Unhealthy for Sensitive Groups,35.3,UG/M3,1 Hr,Valid
Banja Luka,PM2.5 - Principal,2021-11-05 08:00 AM,2021,11,05,08,43.0,119,Unhealthy for Sensitive Groups,38.1,UG/M3,1 Hr,Valid
Banja Luka,PM2.5 - Principal,2021-11-05 09:00 AM,2021,11,05,09,35.9,102,Unhealthy for Sensitive Groups,28.9,UG/M3,1 Hr,Valid
Banja Luka,PM2.5 - Principal,2021-11-05 10:00 AM,2021,11,05,10,28.1,85,Moderate,20.2,UG/M3,1 Hr,Valid
Banja Luka,PM2.5 - Principal,2021-11-05 11:00 AM,2021,11,05,11,20.2,68,Moderate,12.4,UG/M3,1 Hr,Valid
Banja Luka,PM2.5 - Principal,2021-11-05 12:00 PM,2021,11,05,12,17.4,62,Moderate,14.5,UG/M3,1 Hr,Valid
Banja Luka,PM2.5 - Principal,2021-11-05 01:00 PM,2021,11,05,13,14.7,56,Moderate,12.1,UG/M3,1 Hr,Valid
Banja Luka,PM2.5 - Principal,2021-11-05 02:00 PM,2021,11,05,14,14.9,57,Moderate,15.1,UG/M3,1 Hr,Valid
Banja Luka,PM2.5 - Principal,2021-11-05 03:00 PM,2021,11,05,15,16.2,60,Moderate,17.5,UG/M3,1 Hr,Valid
Banja Luka,PM2.5 - Principal,2021-11-05 04:00 PM,2021,11,05,16,15.9,59,Moderate,15.6,UG/M3,1 Hr,Valid
Banja Luka,PM2.5 - Principal,2021-11-05 05:00 PM,2021,11,05,17,18.4,64,Moderate,20.9,UG/M3,1 Hr,Valid
Banja Luka,PM2.5 - Principal,2021-11-05 06:00 PM,2021,11,05,18,17.0,61,Moderate,15.6,UG/M3,1 Hr,Valid
Banja Luka,PM2.5 - Principal,2021-11-05 07:00 PM,2021,11,05,19,18.1,64,Moderate,19.2,UG/M3,1 Hr,Valid
Banja Luka,PM2.5 - Principal,2021-11-05 08:00 PM,2021,11,05,20,15.7,59,Moderate,13.3,UG/M3,1 Hr,Valid
Banja Luka,PM2.5 - Principal,2021-11-05 09:00 PM,2021,11,05,21,14.5,56,Moderate,12.5,UG/M3,1 Hr,Valid
Banja Luka,PM2.5 - Principal,2021-11-05 10:00 PM,2021,11,05,22,15.3,58,Moderate,16.4,UG/M3,1 Hr,Valid
Banja Luka,PM2.5 - Principal,2021-11-05 11:00 PM,2021,11,05,23,15.2,58,Moderate,15.2,UG/M3,1 Hr,Valid
Banja Luka,PM2.5 - Principal,2021-11-06 12:00 AM,2021,11,06,00,28.9,86,Moderate,42.7,UG/M3,1 Hr,Valid
Banja Luka,PM2.5 - Principal,2021-11-06 01:00 AM,2021,11,06,01,32.3,93,Moderate,35.8,UG/M3,1 Hr,Valid
Banja Luka,PM2.5 - Principal,2021-11-06 02:00 AM,2021,11,06,02,36.2,103,Unhealthy for Sensitive Groups,40.0,UG/M3,1 Hr,Valid
Banja Luka,PM2.5 - Principal,2021-11-06 03:00 AM,2021,11,06,03,31.9,93,Moderate,27.7,UG/M3,1 Hr,Valid
Banja Luka,PM2.5 - Principal,2021-11-06 04:00 AM,2021,11,06,04,23.6,75,Moderate,15.3,UG/M3,1 Hr,Valid
Banja Luka,PM2.5 - Principal,2021-11-06 05:00 AM,2021,11,06,05,20.9,70,Moderate,18.1,UG/M3,1 Hr,Valid
Banja Luka,PM2.5 - Principal,2021-11-06 06:00 AM,2021,11,06,06,19.4,66,Moderate,18.0,UG/M3,1 Hr,Valid
Banja Luka,PM2.5 - Principal,2021-11-06 07:00 AM,2021,11,06,07,34.8,99,Moderate,50.2,UG/M3,1 Hr,Valid
Banja Luka,PM2.5 - Principal,2021-11-06 08:00 AM,2021,11,06,08,27.5,83,Moderate,20.2,UG/M3,1 Hr,Valid
Banja Luka,PM2.5 - Principal,2021-11-06 09:00 AM,2021,11,06,09,27.7,84,Moderate,27.8,UG/M3,1 Hr,Valid
Banja Luka,PM2.5 - Principal,2021-11-06 10:00 AM,2021,11,06,10,23.6,75,Moderate,19.6,UG/M3,1 Hr,Valid
Banja Luka,PM2.5 - Principal,2021-11-06 11:00 AM,2021,11,06,11,34.2,97,Moderate,44.7,UG/M3,1 Hr,Valid
Banja Luka,PM2.5 - Principal,2021-11-06 12:00 PM,2021,11,06,12,40.5,113,Unhealthy for Sensitive Groups,46.8,UG/M3,1 Hr,Valid
Banja Luka,PM2.5 - Principal,2021-11-06 01:00 PM,2021,11,06,13,30.5,90,Moderate,20.5,UG/M3,1 Hr,Valid
Banja Luka,PM2.5 - Principal,2021-11-06 02:00 PM,2021,11,06,14,26.0,80,Moderate,21.5,UG/M3,1 Hr,Valid
Banja Luka,PM2.5 - Principal,2021-11-06 03:00 PM,2021,11,06,15,21.8,71,Moderate,17.6,UG/M3,1 Hr,Valid
Banja Luka,PM2.5 - Principal,2021-11-06 04:00 PM,2021,11,06,16,29.0,87,Moderate,36.1,UG/M3,1 Hr,Valid
Banja Luka,PM2.5 - Principal,2021-11-06 05:00 PM,2021,11,06,17,47.5,131,Unhealthy for Sensitive Groups,66.0,UG/M3,1 Hr,Valid
Banja Luka,PM2.5 - Principal,2021-11-06 06:00 PM,2021,11,06,18,46.9,129,Unhealthy for Sensitive Groups,46.3,UG/M3,1 Hr,Valid
Banja Luka,PM2.5 - Principal,2021-11-06 07:00 PM,2021,11,06,19,44.2,122,Unhealthy for Sensitive Groups,41.5,UG/M3,1 Hr,Valid
Banja Luka,PM2.5 - Principal,2021-11-06 08:00 PM,2021,11,06,20,48.1,132,Unhealthy for Sensitive Groups,52.1,UG/M3,1 Hr,Valid
Banja Luka,PM2.5 - Principal,2021-11-06 09:00 PM,2021,11,06,21,47.9,132,Unhealthy for Sensitive Groups,47.7,UG/M3,1 Hr,Valid
Banja Luka,PM2.5 - Principal,2021-11-06 10:00 PM,2021,11,06,22,52.4,143,Unhealthy for Sensitive Groups,57.0,UG/M3,1 Hr,Valid
Banja Luka,PM2.5 - Principal,2021-11-06 11:00 PM,2021,11,06,23,41.8,117,Unhealthy for Sensitive Groups,31.1,UG/M3,1 Hr,Valid
Banja Luka,PM2.5 - Principal,2021-11-07 12:00 AM,2021,11,07,00,37.1,105,Unhealthy for Sensitive Groups,32.4,UG/M3,1 Hr,Valid
Banja Luka,PM2.5 - Principal,2021-11-07 01:00 AM,2021,11,07,01,34.2,97,Moderate,31.4,UG/M3,1 Hr,Valid
Banja Luka,PM2.5 - Principal,2021-11-07 02:00 AM,2021,11,07,02,30.6,90,Moderate,27.0,UG/M3,1 Hr,Valid
Banja Luka,PM2.5 - Principal,2021-11-07 03:00 AM,2021,11,07,03,25.3,79,Moderate,20.0,UG/M3,1 Hr,Valid
Banja Luka,PM2.5 - Principal,2021-11-07 04:00 AM,2021,11,07,04,23.2,74,Moderate,21.0,UG/M3,1 Hr,Valid
Banja Luka,PM2.5 - Principal,2021-11-07 05:00 AM,2021,11,07,05,24.1,76,Moderate,25.0,UG/M3,1 Hr,Valid
Banja Luka,PM2.5 - Principal,2021-11-07 06:00 AM,2021,11,07,06,24.2,76,Moderate,24.3,UG/M3,1 Hr,Valid
Banja Luka,PM2.5 - Principal,2021-11-07 07:00 AM,2021,11,07,07,22.4,73,Moderate,20.7,UG/M3,1 Hr,Valid
Banja Luka,PM2.5 - Principal,2021-11-07 08:00 AM,2021,11,07,08,18.6,65,Moderate,14.7,UG/M3,1 Hr,Valid
Banja Luka,PM2.5 - Principal,2021-11-07 09:00 AM,2021,11,07,09,16.6,60,Moderate,14.6,UG/M3,1 Hr,Valid
Banja Luka,PM2.5 - Principal,2021-11-07 10:00 AM,2021,11,07,10,15.2,58,Moderate,13.8,UG/M3,1 Hr,Valid
Banja Luka,PM2.5 - Principal,2021-11-07 11:00 AM,2021,11,07,11,14.3,56,Moderate,13.4,UG/M3,1 Hr,Valid
Banja Luka,PM2.5 - Principal,2021-11-07 12:00 PM,2021,11,07,12,12.4,52,Moderate,10.4,UG/M3,1 Hr,Valid
Banja Luka,PM2.5 - Principal,2021-11-07 01:00 PM,2021,11,07,13,16.4,60,Moderate,20.5,UG/M3,1 Hr,Valid
Banja Luka,PM2.5 - Principal,2021-11-07 02:00 PM,2021,11,07,14,13.8,55,Moderate,11.2,UG/M3,1 Hr,Valid
Banja Luka,PM2.5 - Principal,2021-11-07 03:00 PM,2021,11,07,15,13.9,55,Moderate,13.9,UG/M3,1 Hr,Valid
Banja Luka,PM2.5 - Principal,2021-11-07 04:00 PM,2021,11,07,16,25.7,80,Moderate,37.5,UG/M3,1 Hr,Valid
Banja Luka,PM2.5 - Principal,2021-11-07 05:00 PM,2021,11,07,17,39.2,110,Unhealthy for Sensitive Groups,52.6,UG/M3,1 Hr,Valid
Banja Luka,PM2.5 - Principal,2021-11-07 06:00 PM,2021,11,07,18,84.1,166,Unhealthy,129.0,UG/M3,1 Hr,Valid
Banja Luka,PM2.5 - Principal,2021-11-07 07:00 PM,2021,11,07,19,102.5,175,Unhealthy,120.9,UG/M3,1 Hr,Valid
Banja Luka,PM2.5 - Principal,2021-11-07 08:00 PM,2021,11,07,20,116.7,183,Unhealthy,130.8,UG/M3,1 Hr,Valid
Banja Luka,PM2.5 - Principal,2021-11-07 09:00 PM,2021,11,07,21,89.3,168,Unhealthy,61.9,UG/M3,1 Hr,Valid
Banja Luka,PM2.5 - Principal,2021-11-07 10:00 PM,2021,11,07,22,86.8,167,Unhealthy,84.2,UG/M3,1 Hr,Valid
Banja Luka,PM2.5 - Principal,2021-11-07 11:00 PM,2021,11,07,23,66.4,157,Unhealthy,46.1,UG/M3,1 Hr,Valid
Banja Luka,PM2.5 - Principal,2021-11-08 12:00 AM,2021,11,08,00,57.8,152,Unhealthy,49.1,UG/M3,1 Hr,Valid
Banja Luka,PM2.5 - Principal,2021-11-08 01:00 AM,2021,11,08,01,53.7,146,Unhealthy for Sensitive Groups,49.7,UG/M3,1 Hr,Valid
Banja Luka,PM2.5 - Principal,2021-11-08 02:00 AM,2021,11,08,02,45.3,125,Unhealthy for Sensitive Groups,36.9,UG/M3,1 Hr,Valid
Banja Luka,PM2.5 - Principal,2021-11-08 03:00 AM,2021,11,08,03,35.5,101,Unhealthy for Sensitive Groups,25.8,UG/M3,1 Hr,Valid
Banja Luka,PM2.5 - Principal,2021-11-08 04:00 AM,2021,11,08,04,40.0,112,Unhealthy for Sensitive Groups,44.5,UG/M3,1 Hr,Valid
Banja Luka,PM2.5 - Principal,2021-11-08 05:00 AM,2021,11,08,05,42.2,117,Unhealthy for Sensitive Groups,44.4,UG/M3,1 Hr,Valid
Banja Luka,PM2.5 - Principal,2021-11-08 06:00 AM,2021,11,08,06,34.6,98,Moderate,26.9,UG/M3,1 Hr,Valid
Banja Luka,PM2.5 - Principal,2021-11-08 07:00 AM,2021,11,08,07,31.3,91,Moderate,28.1,UG/M3,1 Hr,Valid
Banja Luka,PM2.5 - Principal,2021-11-08 08:00 AM,2021,11,08,08,38.3,108,Unhealthy for Sensitive Groups,45.3,UG/M3,1 Hr,Valid
Banja Luka,PM2.5 - Principal,2021-11-08 09:00 AM,2021,11,08,09,34.5,98,Moderate,30.7,UG/M3,1 Hr,Valid
Banja Luka,PM2.5 - Principal,2021-11-08 10:00 AM,2021,11,08,10,42.3,118,Unhealthy for Sensitive Groups,50.5,UG/M3,1 Hr,Valid
Banja Luka,PM2.5 - Principal,2021-11-08 11:00 AM,2021,11,08,11,44.3,123,Unhealthy for Sensitive Groups,46.3,UG/M3,1 Hr,Valid
Banja Luka,PM2.5 - Principal,2021-11-08 12:00 PM,2021,11,08,12,39.5,111,Unhealthy for Sensitive Groups,34.5,UG/M3,1 Hr,Valid
Banja Luka,PM2.5 - Principal,2021-11-08 01:00 PM,2021,11,08,13,25.1,78,Moderate,10.8,UG/M3,1 Hr,Valid
Banja Luka,PM2.5 - Principal,2021-11-08 02:00 PM,2021,11,08,14,22.1,72,Moderate,19.1,UG/M3,1 Hr,Valid
Banja Luka,PM2.5 - Principal,2021-11-08 03:00 PM,2021,11,08,15,18.7,65,Moderate,15.2,UG/M3,1 Hr,Valid
Banja Luka,PM2.5 - Principal,2021-11-08 04:00 PM,2021,11,08,16,37.9,107,Unhealthy for Sensitive Groups,57.0,UG/M3,1 Hr,Valid
Banja Luka,PM2.5 - Principal,2021-11-08 05:00 PM,2021,11,08,17,49.6,136,Unhealthy for Sensitive Groups,61.3,UG/M3,1 Hr,Valid
Banja Luka,PM2.5 - Principal,2021-11-08 06:00 PM,2021,11,08,18,55.6,151,Unhealthy,61.7,UG/M3,1 Hr,Valid
Banja Luka,PM2.5 - Principal,2021-11-08 07:00 PM,2021,11,08,19,57.9,152,Unhealthy,60.1,UG/M3,1 Hr,Valid
Banja Luka,PM2.5 - Principal,2021-11-08 08:00 PM,2021,11,08,20,61.0,154,Unhealthy,64.1,UG/M3,1 Hr,Valid
Banja Luka,PM2.5 - Principal,2021-11-08 09:00 PM,2021,11,08,21,47.1,130,Unhealthy for Sensitive Groups,33.2,UG/M3,1 Hr,Valid
Banja Luka,PM2.5 - Principal,2021-11-08 10:00 PM,2021,11,08,22,38.4,108,Unhealthy for Sensitive Groups,29.7,UG/M3,1 Hr,Valid
Banja Luka,PM2.5 - Principal,2021-11-08 11:00 PM,2021,11,08,23,33.4,96,Moderate,28.4,UG/M3,1 Hr,Valid
Banja Luka,PM2.5 - Principal,2021-11-09 12:00 AM,2021,11,09,00,22.2,72,Moderate,11.0,UG/M3,1 Hr,Valid
Banja Luka,PM2.5 - Principal,2021-11-09 01:00 AM,2021,11,09,01,17.3,62,Moderate,12.5,UG/M3,1 Hr,Valid
Banja Luka,PM2.5 - Principal,2021-11-09 02:00 AM,2021,11,09,02,14.8,57,Moderate,12.2,UG/M3,1 Hr,Valid
Banja Luka,PM2.5 - Principal,2021-11-09 03:00 AM,2021,11,09,03,14.3,56,Moderate,13.8,UG/M3,1 Hr,Valid
Banja Luka,PM2.5 - Principal,2021-11-09 04:00 AM,2021,11,09,04,19.5,67,Moderate,24.6,UG/M3,1 Hr,Valid
Banja Luka,PM2.5 - Principal,2021-11-09 05:00 AM,2021,11,09,05,23.9,76,Moderate,28.3,UG/M3,1 Hr,Valid
Banja Luka,PM2.5 - Principal,2021-11-09 06:00 AM,2021,11,09,06,24.8,78,Moderate,25.7,UG/M3,1 Hr,Valid
Banja Luka,PM2.5 - Principal,2021-11-09 07:00 AM,2021,11,09,07,24.4,77,Moderate,24.0,UG/M3,1 Hr,Valid
Banja Luka,PM2.5 - Principal,2021-11-09 08:00 AM,2021,11,09,08,24.9,78,Moderate,25.4,UG/M3,1 Hr,Valid
Banja Luka,PM2.5 - Principal,2021-11-09 09:00 AM,2021,11,09,09,27.9,84,Moderate,30.8,UG/M3,1 Hr,Valid
Banja Luka,PM2.5 - Principal,2021-11-09 10:00 AM,2021,11,09,10,37.4,106,Unhealthy for Sensitive Groups,47.0,UG/M3,1 Hr,Valid
Banja Luka,PM2.5 - Principal,2021-11-09 11:00 AM,2021,11,09,11,35.0,99,Moderate,32.6,UG/M3,1 Hr,Valid
Banja Luka,PM2.5 - Principal,2021-11-09 12:00 PM,2021,11,09,12,28.1,85,Moderate,21.1,UG/M3,1 Hr,Valid
Banja Luka,PM2.5 - Principal,2021-11-09 01:00 PM,2021,11,09,13,26.4,81,Moderate,24.7,UG/M3,1 Hr,Valid
Banja Luka,PM2.5 - Principal,2021-11-09 02:00 PM,2021,11,09,14,25.4,79,Moderate,24.3,UG/M3,1 Hr,Valid
Banja Luka,PM2.5 - Principal,2021-11-09 03:00 PM,2021,11,09,15,19.4,66,Moderate,13.4,UG/M3,1 Hr,Valid
Banja Luka,PM2.5 - Principal,2021-11-09 04:00 PM,2021,11,09,16,17.2,62,Moderate,15.1,UG/M3,1 Hr,Valid
Banja Luka,PM2.5 - Principal,2021-11-09 05:00 PM,2021,11,09,17,16.6,60,Moderate,16.1,UG/M3,1 Hr,Valid
Banja Luka,PM2.5 - Principal,2021-11-09 06:00 PM,2021,11,09,18,28.0,84,Moderate,39.4,UG/M3,1 Hr,Valid
Banja Luka,PM2.5 - Principal,2021-11-09 07:00 PM,2021,11,09,19,123.4,186,Unhealthy,218.8,UG/M3,1 Hr,Valid
Banja Luka,PM2.5 - Principal,2021-11-09 08:00 PM,2021,11,09,20,151.4,202,Very Unhealthy,179.4,UG/M3,1 Hr,Valid
Banja Luka,PM2.5 - Principal,2021-11-09 09:00 PM,2021,11,09,21,145.7,198,Unhealthy,139.9,UG/M3,1 Hr,Valid
Banja Luka,PM2.5 - Principal,2021-11-09 10:00 PM,2021,11,09,22,158.7,209,Very Unhealthy,171.6,UG/M3,1 Hr,Valid
Banja Luka,PM2.5 - Principal,2021-11-09 11:00 PM,2021,11,09,23,142.0,196,Unhealthy,125.2,UG/M3,1 Hr,Valid
Banja Luka,PM2.5 - Principal,2021-11-10 12:00 AM,2021,11,10,00,115.7,182,Unhealthy,89.4,UG/M3,1 Hr,Valid
Banja Luka,PM2.5 - Principal,2021-11-10 01:00 AM,2021,11,10,01,79.7,163,Unhealthy,43.7,UG/M3,1 Hr,Valid
Banja Luka,PM2.5 - Principal,2021-11-10 02:00 AM,2021,11,10,02,67.7,157,Unhealthy,55.6,UG/M3,1 Hr,Valid
Banja Luka,PM2.5 - Principal,2021-11-10 03:00 AM,2021,11,10,03,49.6,136,Unhealthy for Sensitive Groups,31.6,UG/M3,1 Hr,Valid
Banja Luka,PM2.5 - Principal,2021-11-10 04:00 AM,2021,11,10,04,39.4,111,Unhealthy for Sensitive Groups,29.2,UG/M3,1 Hr,Valid
Banja Luka,PM2.5 - Principal,2021-11-10 05:00 AM,2021,11,10,05,35.2,100,Moderate,31.0,UG/M3,1 Hr,Valid
Banja Luka,PM2.5 - Principal,2021-11-10 06:00 AM,2021,11,10,06,30.5,90,Moderate,25.8,UG/M3,1 Hr,Valid
Banja Luka,PM2.5 - Principal,2021-11-10 07:00 AM,2021,11,10,07,28.1,85,Moderate,25.8,UG/M3,1 Hr,Valid
Banja Luka,PM2.5 - Principal,2021-11-10 08:00 AM,2021,11,10,08,30.1,89,Moderate,32.1,UG/M3,1 Hr,Valid
Banja Luka,PM2.5 - Principal,2021-11-10 09:00 AM,2021,11,10,09,32.9,95,Moderate,35.7,UG/M3,1 Hr,Valid
Banja Luka,PM2.5 - Principal,2021-11-10 10:00 AM,2021,11,10,10,43.6,121,Unhealthy for Sensitive Groups,54.4,UG/M3,1 Hr,Valid
Banja Luka,PM2.5 - Principal,2021-11-10 11:00 AM,2021,11,10,11,45.7,126,Unhealthy for Sensitive Groups,47.8,UG/M3,1 Hr,Valid
Banja Luka,PM2.5 - Principal,2021-11-10 12:00 PM,2021,11,10,12,44.8,124,Unhealthy for Sensitive Groups,43.9,UG/M3,1 Hr,Valid
Banja Luka,PM2.5 - Principal,2021-11-10 01:00 PM,2021,11,10,13,42.5,118,Unhealthy for Sensitive Groups,40.2,UG/M3,1 Hr,Valid
Banja Luka,PM2.5 - Principal,2021-11-10 02:00 PM,2021,11,10,14,42.9,119,Unhealthy for Sensitive Groups,43.3,UG/M3,1 Hr,Valid
Banja Luka,PM2.5 - Principal,2021-11-10 03:00 PM,2021,11,10,15,43.6,121,Unhealthy for Sensitive Groups,44.3,UG/M3,1 Hr,Valid
Banja Luka,PM2.5 - Principal,2021-11-10 04:00 PM,2021,11,10,16,50.1,137,Unhealthy for Sensitive Groups,56.6,UG/M3,1 Hr,Valid
Banja Luka,PM2.5 - Principal,2021-11-10 05:00 PM,2021,11,10,17,58.5,153,Unhealthy,66.8,UG/M3,1 Hr,Valid
Banja Luka,PM2.5 - Principal,2021-11-10 06:00 PM,2021,11,10,18,75.6,161,Unhealthy,92.8,UG/M3,1 Hr,Valid
Banja Luka,PM2.5 - Principal,2021-11-10 07:00 PM,2021,11,10,19,70.3,159,Unhealthy,65.0,UG/M3,1 Hr,Valid
Banja Luka,PM2.5 - Principal,2021-11-10 08:00 PM,2021,11,10,20,62.7,155,Unhealthy,55.1,UG/M3,1 Hr,Valid
Banja Luka,PM2.5 - Principal,2021-11-10 09:00 PM,2021,11,10,21,59.2,153,Unhealthy,55.7,UG/M3,1 Hr,Valid
Banja Luka,PM2.5 - Principal,2021-11-10 10:00 PM,2021,11,10,22,60.8,154,Unhealthy,62.3,UG/M3,1 Hr,Valid
Banja Luka,PM2.5 - Principal,2021-11-10 11:00 PM,2021,11,10,23,60.7,154,Unhealthy,60.6,UG/M3,1 Hr,Valid
Banja Luka,PM2.5 - Principal,2021-11-11 12:00 AM,2021,11,11,00,62.0,154,Unhealthy,63.3,UG/M3,1 Hr,Valid
Banja Luka,PM2.5 - Principal,2021-11-11 01:00 AM,2021,11,11,01,64.2,155,Unhealthy,66.4,UG/M3,1 Hr,Valid
Banja Luka,PM2.5 - Principal,2021-11-11 02:00 AM,2021,11,11,02,66.5,157,Unhealthy,68.7,UG/M3,1 Hr,Valid
Banja Luka,PM2.5 - Principal,2021-11-11 03:00 AM,2021,11,11,03,68.3,158,Unhealthy,72.0,UG/M3,1 Hr,Valid
Banja Luka,PM2.5 - Principal,2021-11-11 04:00 AM,2021,11,11,04,69.1,158,Unhealthy,70.2,UG/M3,1 Hr,Valid
Banja Luka,PM2.5 - Principal,2021-11-11 05:00 AM,2021,11,11,05,69.9,158,Unhealthy,71.1,UG/M3,1 Hr,Valid
Banja Luka,PM2.5 - Principal,2021-11-11 06:00 AM,2021,11,11,06,52.1,142,Unhealthy for Sensitive Groups,33.9,UG/M3,1 Hr,Valid
Banja Luka,PM2.5 - Principal,2021-11-11 07:00 AM,2021,11,11,07,50.4,138,Unhealthy for Sensitive Groups,48.6,UG/M3,1 Hr,Valid
Banja Luka,PM2.5 - Principal,2021-11-11 08:00 AM,2021,11,11,08,36.6,104,Unhealthy for Sensitive Groups,22.9,UG/M3,1 Hr,Valid
Banja Luka,PM2.5 - Principal,2021-11-11 09:00 AM,2021,11,11,09,31.3,91,Moderate,26.0,UG/M3,1 Hr,Valid
Banja Luka,PM2.5 - Principal,2021-11-11 10:00 AM,2021,11,11,10,30.9,91,Moderate,30.6,UG/M3,1 Hr,Valid
Banja Luka,PM2.5 - Principal,2021-11-11 11:00 AM,2021,11,11,11,28.9,86,Moderate,26.9,UG/M3,1 Hr,Valid
Banja Luka,PM2.5 - Principal,2021-11-11 12:00 PM,2021,11,11,12,29.2,87,Moderate,29.5,UG/M3,1 Hr,Valid
Banja Luka,PM2.5 - Principal,2021-11-11 01:00 PM,2021,11,11,13,29.9,88,Moderate,30.6,UG/M3,1 Hr,Valid
Banja Luka,PM2.5 - Principal,2021-11-11 02:00 PM,2021,11,11,14,27.5,83,Moderate,25.2,UG/M3,1 Hr,Valid
Banja Luka,PM2.5 - Principal,2021-11-11 03:00 PM,2021,11,11,15,36.9,104,Unhealthy for Sensitive Groups,46.3,UG/M3,1 Hr,Valid
Banja Luka,PM2.5 - Principal,2021-11-11 04:00 PM,2021,11,11,16,41.6,116,Unhealthy for Sensitive Groups,46.4,UG/M3,1 Hr,Valid
Banja Luka,PM2.5 - Principal,2021-11-11 05:00 PM,2021,11,11,17,40.6,114,Unhealthy for Sensitive Groups,39.6,UG/M3,1 Hr,Valid
Banja Luka,PM2.5 - Principal,2021-11-11 06:00 PM,2021,11,11,18,39.9,112,Unhealthy for Sensitive Groups,39.2,UG/M3,1 Hr,Valid
Banja Luka,PM2.5 - Principal,2021-11-11 07:00 PM,2021,11,11,19,37.7,106,Unhealthy for Sensitive Groups,35.4,UG/M3,1 Hr,Valid
Banja Luka,PM2.5 - Principal,2021-11-11 08:00 PM,2021,11,11,20,38.6,109,Unhealthy for Sensitive Groups,39.6,UG/M3,1 Hr,Valid
Banja Luka,PM2.5 - Principal,2021-11-11 09:00 PM,2021,11,11,21,39.5,111,Unhealthy for Sensitive Groups,40.6,UG/M3,1 Hr,Valid
Banja Luka,PM2.5 - Principal,2021-11-11 10:00 PM,2021,11,11,22,36.2,103,Unhealthy for Sensitive Groups,32.3,UG/M3,1 Hr,Valid
Banja Luka,PM2.5 - Principal,2021-11-11 11:00 PM,2021,11,11,23,35.4,100,Moderate,34.3,UG/M3,1 Hr,Valid
Banja Luka,PM2.5 - Principal,2021-11-12 12:00 AM,2021,11,12,00,35.1,99,Moderate,34.7,UG/M3,1 Hr,Valid
Banja Luka,PM2.5 - Principal,2021-11-12 01:00 AM,2021,11,12,01,34.4,98,Moderate,33.6,UG/M3,1 Hr,Valid
Banja Luka,PM2.5 - Principal,2021-11-12 02:00 AM,2021,11,12,02,30.6,90,Moderate,25.8,UG/M3,1 Hr,Valid
Banja Luka,PM2.5 - Principal,2021-11-12 03:00 AM,2021,11,12,03,27.6,84,Moderate,24.6,UG/M3,1 Hr,Valid
Banja Luka,PM2.5 - Principal,2021-11-12 04:00 AM,2021,11,12,04,25.4,79,Moderate,22.3,UG/M3,1 Hr,Valid
Banja Luka,PM2.5 - Principal,2021-11-12 05:00 AM,2021,11,12,05,23.0,74,Moderate,20.9,UG/M3,1 Hr,Valid
Banja Luka,PM2.5 - Principal,2021-11-12 06:00 AM,2021,11,12,06,21.2,70,Moderate,19.6,UG/M3,1 Hr,Valid
Banja Luka,PM2.5 - Principal,2021-11-12 07:00 AM,2021,11,12,07,30.8,90,Moderate,40.4,UG/M3,1 Hr,Valid
Banja Luka,PM2.5 - Principal,2021-11-12 08:00 AM,2021,11,12,08,27.3,83,Moderate,23.8,UG/M3,1 Hr,Valid
Banja Luka,PM2.5 - Principal,2021-11-12 09:00 AM,2021,11,12,09,28.1,85,Moderate,28.9,UG/M3,1 Hr,Valid
Banja Luka,PM2.5 - Principal,2021-11-12 10:00 AM,2021,11,12,10,32.8,95,Moderate,37.4,UG/M3,1 Hr,Valid
Banja Luka,PM2.5 - Principal,2021-11-12 11:00 AM,2021,11,12,11,33.7,96,Moderate,34.7,UG/M3,1 Hr,Valid
Banja Luka,PM2.5 - Principal,2021-11-12 12:00 PM,2021,11,12,12,33.8,97,Moderate,34.0,UG/M3,1 Hr,Valid
Banja Luka,PM2.5 - Principal,2021-11-12 01:00 PM,2021,11,12,13,23.8,76,Moderate,13.7,UG/M3,1 Hr,Valid
Banja Luka,PM2.5 - Principal,2021-11-12 02:00 PM,2021,11,12,14,19.3,66,Moderate,14.8,UG/M3,1 Hr,Valid
Banja Luka,PM2.5 - Principal,2021-11-12 03:00 PM,2021,11,12,15,20.0,68,Moderate,20.6,UG/M3,1 Hr,Valid
Banja Luka,PM2.5 - Principal,2021-11-12 04:00 PM,2021,11,12,16,26.2,81,Moderate,32.4,UG/M3,1 Hr,Valid
Banja Luka,PM2.5 - Principal,2021-11-12 05:00 PM,2021,11,12,17,36.2,103,Unhealthy for Sensitive Groups,46.2,UG/M3,1 Hr,Valid
Banja Luka,PM2.5 - Principal,2021-11-12 06:00 PM,2021,11,12,18,52.1,142,Unhealthy for Sensitive Groups,68.0,UG/M3,1 Hr,Valid
Banja Luka,PM2.5 - Principal,2021-11-12 07:00 PM,2021,11,12,19,52.9,144,Unhealthy for Sensitive Groups,53.8,UG/M3,1 Hr,Valid
Banja Luka,PM2.5 - Principal,2021-11-12 08:00 PM,2021,11,12,20,65.0,156,Unhealthy,77.0,UG/M3,1 Hr,Valid
Banja Luka,PM2.5 - Principal,2021-11-12 09:00 PM,2021,11,12,21,68.1,158,Unhealthy,71.3,UG/M3,1 Hr,Valid
Banja Luka,PM2.5 - Principal,2021-11-12 10:00 PM,2021,11,12,22,62.3,155,Unhealthy,56.4,UG/M3,1 Hr,Valid
Banja Luka,PM2.5 - Principal,2021-11-12 11:00 PM,2021,11,12,23,53.8,146,Unhealthy for Sensitive Groups,45.3,UG/M3,1 Hr,Valid
Banja Luka,PM2.5 - Principal,2021-11-13 12:00 AM,2021,11,13,00,49.4,135,Unhealthy for Sensitive Groups,45.0,UG/M3,1 Hr,Valid
Banja Luka,PM2.5 - Principal,2021-11-13 01:00 AM,2021,11,13,01,45.1,125,Unhealthy for Sensitive Groups,40.7,UG/M3,1 Hr,Valid
Banja Luka,PM2.5 - Principal,2021-11-13 02:00 AM,2021,11,13,02,40.3,113,Unhealthy for Sensitive Groups,35.6,UG/M3,1 Hr,Valid
Banja Luka,PM2.5 - Principal,2021-11-13 03:00 AM,2021,11,13,03,36.8,104,Unhealthy for Sensitive Groups,33.3,UG/M3,1 Hr,Valid
Banja Luka,PM2.5 - Principal,2021-11-13 04:00 AM,2021,11,13,04,26.5,81,Moderate,16.2,UG/M3,1 Hr,Valid
Banja Luka,PM2.5 - Principal,2021-11-13 05:00 AM,2021,11,13,05,21.7,71,Moderate,16.9,UG/M3,1 Hr,Valid
Banja Luka,PM2.5 - Principal,2021-11-13 06:00 AM,2021,11,13,06,17.8,63,Moderate,13.8,UG/M3,1 Hr,Valid
Banja Luka,PM2.5 - Principal,2021-11-13 07:00 AM,2021,11,13,07,15.5,58,Moderate,13.3,UG/M3,1 Hr,Valid
Banja Luka,PM2.5 - Principal,2021-11-13 08:00 AM,2021,11,13,08,15.8,59,Moderate,16.0,UG/M3,1 Hr,Valid
Banja Luka,PM2.5 - Principal,2021-11-13 09:00 AM,2021,11,13,09,18.1,64,Moderate,20.4,UG/M3,1 Hr,Valid
Banja Luka,PM2.5 - Principal,2021-11-13 10:00 AM,2021,11,13,10,21.8,71,Moderate,25.6,UG/M3,1 Hr,Valid
Banja Luka,PM2.5 - Principal,2021-11-13 11:00 AM,2021,11,13,11,26.0,80,Moderate,30.2,UG/M3,1 Hr,Valid
Banja Luka,PM2.5 - Principal,2021-11-13 12:00 PM,2021,11,13,12,37.7,106,Unhealthy for Sensitive Groups,49.5,UG/M3,1 Hr,Valid
Banja Luka,PM2.5 - Principal,2021-11-13 01:00 PM,2021,11,13,13,38.1,107,Unhealthy for Sensitive Groups,38.4,UG/M3,1 Hr,Valid
Banja Luka,PM2.5 - Principal,2021-11-13 02:00 PM,2021,11,13,14,40.4,113,Unhealthy for Sensitive Groups,42.7,UG/M3,1 Hr,Valid
Banja Luka,PM2.5 - Principal,2021-11-13 03:00 PM,2021,11,13,15,46.6,128,Unhealthy for Sensitive Groups,52.9,UG/M3,1 Hr,Valid
Banja Luka,PM2.5 - Principal,2021-11-13 04:00 PM,2021,11,13,16,59.5,153,Unhealthy,72.3,UG/M3,1 Hr,Valid
Banja Luka,PM2.5 - Principal,2021-11-13 05:00 PM,2021,11,13,17,65.9,156,Unhealthy,72.3,UG/M3,1 Hr,Valid
Banja Luka,PM2.5 - Principal,2021-11-13 06:00 PM,2021,11,13,18,87.3,167,Unhealthy,108.7,UG/M3,1 Hr,Valid
Banja Luka,PM2.5 - Principal,2021-11-13 07:00 PM,2021,11,13,19,98.0,173,Unhealthy,108.7,UG/M3,1 Hr,Valid
Banja Luka,PM2.5 - Principal,2021-11-13 08:00 PM,2021,11,13,20,180.0,230,Very Unhealthy,262.0,UG/M3,1 Hr,Suspect
Banja Luka,PM2.5 - Principal,2021-11-13 09:00 PM,2021,11,13,21,220.4,270,Very Unhealthy,260.7,UG/M3,1 Hr,Suspect
Banja Luka,PM2.5 - Principal,2021-11-13 10:00 PM,2021,11,13,22,240.6,290,Very Unhealthy,260.7,UG/M3,1 Hr,Suspect
Banja Luka,PM2.5 - Principal,2021-11-13 11:00 PM,2021,11,13,23,240.7,290,Very Unhealthy,247.8,UG/M3,1 Hr,Invalid
Banja Luka,PM2.5 - Principal,2021-11-14 12:00 AM,2021,11,14,00,-999.0,-999,N/A,247.8,UG/M3,1 Hr,Invalid
Banja Luka,PM2.5 - Principal,2021-11-14 01:00 AM,2021,11,14,01,-999.0,-999,N/A,247.8,UG/M3,1 Hr,Invalid
Banja Luka,PM2.5 - Principal,2021-11-14 02:00 AM,2021,11,14,02,-999.0,-999,N/A,247.8,UG/M3,1 Hr,Invalid
Banja Luka,PM2.5 - Principal,2021-11-14 03:00 AM,2021,11,14,03,-999.0,-999,N/A,247.8,UG/M3,1 Hr,Invalid
Banja Luka,PM2.5 - Principal,2021-11-14 04:00 AM,2021,11,14,04,-999.0,-999,N/A,247.8,UG/M3,1 Hr,Invalid
Banja Luka,PM2.5 - Principal,2021-11-14 05:00 AM,2021,11,14,05,-999.0,-999,N/A,156.5,UG/M3,1 Hr,Valid
Banja Luka,PM2.5 - Principal,2021-11-14 06:00 AM,2021,11,14,06,86.6,167,Unhealthy,50.5,UG/M3,1 Hr,Valid
Banja Luka,PM2.5 - Principal,2021-11-14 07:00 AM,2021,11,14,07,62.6,155,Unhealthy,44.5,UG/M3,1 Hr,Valid
Banja Luka,PM2.5 - Principal,2021-11-14 08:00 AM,2021,11,14,08,54.0,147,Unhealthy for Sensitive Groups,46.4,UG/M3,1 Hr,Valid
Banja Luka,PM2.5 - Principal,2021-11-14 09:00 AM,2021,11,14,09,67.2,157,Unhealthy,79.7,UG/M3,1 Hr,Valid
Banja Luka,PM2.5 - Principal,2021-11-14 10:00 AM,2021,11,14,10,71.1,159,Unhealthy,74.9,UG/M3,1 Hr,Valid
Banja Luka,PM2.5 - Principal,2021-11-14 11:00 AM,2021,11,14,11,82.3,165,Unhealthy,93.4,UG/M3,1 Hr,Valid
Banja Luka,PM2.5 - Principal,2021-11-14 12:00 PM,2021,11,14,12,90.1,169,Unhealthy,97.8,UG/M3,1 Hr,Valid
Banja Luka,PM2.5 - Principal,2021-11-14 01:00 PM,2021,11,14,13,90.4,169,Unhealthy,90.6,UG/M3,1 Hr,Valid
Banja Luka,PM2.5 - Principal,2021-11-14 02:00 PM,2021,11,14,14,98.3,173,Unhealthy,106.2,UG/M3,1 Hr,Valid
Banja Luka,PM2.5 - Principal,2021-11-14 03:00 PM,2021,11,14,15,98.8,173,Unhealthy,99.4,UG/M3,1 Hr,Valid
Banja Luka,PM2.5 - Principal,2021-11-14 04:00 PM,2021,11,14,16,98.9,173,Unhealthy,99.0,UG/M3,1 Hr,Valid
Banja Luka,PM2.5 - Principal,2021-11-14 05:00 PM,2021,11,14,17,95.0,171,Unhealthy,91.0,UG/M3,1 Hr,Valid
Banja Luka,PM2.5 - Principal,2021-11-14 06:00 PM,2021,11,14,18,91.7,170,Unhealthy,88.4,UG/M3,1 Hr,Valid
Banja Luka,PM2.5 - Principal,2021-11-14 07:00 PM,2021,11,14,19,90.0,169,Unhealthy,88.4,UG/M3,1 Hr,Valid
Banja Luka,PM2.5 - Principal,2021-11-14 08:00 PM,2021,11,14,20,105.1,177,Unhealthy,125.9,UG/M3,1 Hr,Valid
Banja Luka,PM2.5 - Principal,2021-11-14 09:00 PM,2021,11,14,21,106.9,178,Unhealthy,109.5,UG/M3,1 Hr,Valid
Banja Luka,PM2.5 - Principal,2021-11-14 10:00 PM,2021,11,14,22,101.3,175,Unhealthy,93.7,UG/M3,1 Hr,Valid
Banja Luka,PM2.5 - Principal,2021-11-14 11:00 PM,2021,11,14,23,99.0,173,Unhealthy,93.7,UG/M3,1 Hr,Valid
Banja Luka,PM2.5 - Principal,2021-11-15 12:00 AM,2021,11,15,00,97.4,173,Unhealthy,93.7,UG/M3,1 Hr,Valid
Banja Luka,PM2.5 - Principal,2021-11-15 01:00 AM,2021,11,15,01,96.0,172,Unhealthy,92.7,UG/M3,1 Hr,Valid
Banja Luka,PM2.5 - Principal,2021-11-15 02:00 AM,2021,11,15,02,90.1,169,Unhealthy,80.8,UG/M3,1 Hr,Valid
Banja Luka,PM2.5 - Principal,2021-11-15 03:00 AM,2021,11,15,03,70.5,159,Unhealthy,53.5,UG/M3,1 Hr,Valid
Banja Luka,PM2.5 - Principal,2021-11-15 04:00 AM,2021,11,15,04,63.1,155,Unhealthy,55.7,UG/M3,1 Hr,Valid
Banja Luka,PM2.5 - Principal,2021-11-15 05:00 AM,2021,11,15,05,60.1,153,Unhealthy,57.1,UG/M3,1 Hr,Valid
Banja Luka,PM2.5 - Principal,2021-11-15 06:00 AM,2021,11,15,06,58.2,152,Unhealthy,56.3,UG/M3,1 Hr,Valid
Banja Luka,PM2.5 - Principal,2021-11-15 07:00 AM,2021,11,15,07,58.2,152,Unhealthy,128.9,UG/M3,1 Hr,Invalid
Banja Luka,PM2.5 - Principal,2021-11-15 08:00 AM,2021,11,15,08,-999.0,-999,N/A,128.9,UG/M3,1 Hr,Invalid
Banja Luka,PM2.5 - Principal,2021-11-15 09:00 AM,2021,11,15,09,-999.0,-999,N/A,128.9,UG/M3,1 Hr,Invalid
Banja Luka,PM2.5 - Principal,2021-11-15 10:00 AM,2021,11,15,10,-999.0,-999,N/A,128.9,UG/M3,1 Hr,Invalid
Banja Luka,PM2.5 - Principal,2021-11-15 11:00 AM,2021,11,15,11,-999.0,-999,N/A,59.6,UG/M3,1 Hr,Valid
Banja Luka,PM2.5 - Principal,2021-11-15 12:00 PM,2021,11,15,12,57.3,152,Unhealthy,55.9,UG/M3,1 Hr,Valid
Banja Luka,PM2.5 - Principal,2021-11-15 01:00 PM,2021,11,15,13,49.9,136,Unhealthy for Sensitive Groups,43.6,UG/M3,1 Hr,Valid
Banja Luka,PM2.5 - Principal,2021-11-15 02:00 PM,2021,11,15,14,51.4,140,Unhealthy for Sensitive Groups,50.5,UG/M3,1 Hr,Valid
Banja Luka,PM2.5 - Principal,2021-11-15 03:00 PM,2021,11,15,15,54.6,148,Unhealthy for Sensitive Groups,61.0,UG/M3,1 Hr,Valid
Banja Luka,PM2.5 - Principal,2021-11-15 04:00 PM,2021,11,15,16,55.9,151,Unhealthy,58.6,UG/M3,1 Hr,Valid
Banja Luka,PM2.5 - Principal,2021-11-15 05:00 PM,2021,11,15,17,56.0,151,Unhealthy,56.5,UG/M3,1 Hr,Valid
Banja Luka,PM2.5 - Principal,2021-11-15 06:00 PM,2021,11,15,18,50.1,137,Unhealthy for Sensitive Groups,39.3,UG/M3,1 Hr,Valid
Banja Luka,PM2.5 - Principal,2021-11-15 07:00 PM,2021,11,15,19,49.3,135,Unhealthy for Sensitive Groups,47.8,UG/M3,1 Hr,Valid
Banja Luka,PM2.5 - Principal,2021-11-15 08:00 PM,2021,11,15,20,50.6,138,Unhealthy for Sensitive Groups,52.9,UG/M3,1 Hr,Valid
Banja Luka,PM2.5 - Principal,2021-11-15 09:00 PM,2021,11,15,21,53.3,145,Unhealthy for Sensitive Groups,58.3,UG/M3,1 Hr,Valid
Banja Luka,PM2.5 - Principal,2021-11-15 10:00 PM,2021,11,15,22,55.1,149,Unhealthy for Sensitive Groups,58.3,UG/M3,1 Hr,Valid
Banja Luka,PM2.5 - Principal,2021-11-15 11:00 PM,2021,11,15,23,52.9,144,Unhealthy for Sensitive Groups,48.9,UG/M3,1 Hr,Valid
Banja Luka,PM2.5 - Principal,2021-11-16 12:00 AM,2021,11,16,00,51.7,141,Unhealthy for Sensitive Groups,49.6,UG/M3,1 Hr,Valid
Banja Luka,PM2.5 - Principal,2021-11-16 01:00 AM,2021,11,16,01,49.7,136,Unhealthy for Sensitive Groups,45.9,UG/M3,1 Hr,Valid
Banja Luka,PM2.5 - Principal,2021-11-16 02:00 AM,2021,11,16,02,50.4,138,Unhealthy for Sensitive Groups,51.8,UG/M3,1 Hr,Valid
Banja Luka,PM2.5 - Principal,2021-11-16 03:00 AM,2021,11,16,03,49.9,136,Unhealthy for Sensitive Groups,48.9,UG/M3,1 Hr,Valid
Banja Luka,PM2.5 - Principal,2021-11-16 04:00 AM,2021,11,16,04,49.2,135,Unhealthy for Sensitive Groups,47.7,UG/M3,1 Hr,Valid
Banja Luka,PM2.5 - Principal,2021-11-16 05:00 AM,2021,11,16,05,49.1,134,Unhealthy for Sensitive Groups,48.9,UG/M3,1 Hr,Valid
Banja Luka,PM2.5 - Principal,2021-11-16 06:00 AM,2021,11,16,06,49.5,135,Unhealthy for Sensitive Groups,48.9,UG/M3,1 Hr,Valid
Banja Luka,PM2.5 - Principal,2021-11-16 07:00 AM,2021,11,16,07,49.6,136,Unhealthy for Sensitive Groups,50.1,UG/M3,1 Hr,Valid
Banja Luka,PM2.5 - Principal,2021-11-16 08:00 AM,2021,11,16,08,49.7,136,Unhealthy for Sensitive Groups,50.1,UG/M3,1 Hr,Valid
Banja Luka,PM2.5 - Principal,2021-11-16 09:00 AM,2021,11,16,09,50.0,137,Unhealthy for Sensitive Groups,51.7,UG/M3,1 Hr,Valid
Banja Luka,PM2.5 - Principal,2021-11-16 10:00 AM,2021,11,16,10,50.6,138,Unhealthy for Sensitive Groups,54.4,UG/M3,1 Hr,Valid
Banja Luka,PM2.5 - Principal,2021-11-16 11:00 AM,2021,11,16,11,51.3,140,Unhealthy for Sensitive Groups,54.4,UG/M3,1 Hr,Valid
Banja Luka,PM2.5 - Principal,2021-11-16 12:00 PM,2021,11,16,12,54.8,149,Unhealthy for Sensitive Groups,62.1,UG/M3,1 Hr,Valid
Banja Luka,PM2.5 - Principal,2021-11-16 01:00 PM,2021,11,16,13,55.0,149,Unhealthy for Sensitive Groups,56.4,UG/M3,1 Hr,Valid
Banja Luka,PM2.5 - Principal,2021-11-16 02:00 PM,2021,11,16,14,55.4,150,Unhealthy for Sensitive Groups,56.4,UG/M3,1 Hr,Valid
Banja Luka,PM2.5 - Principal,2021-11-16 03:00 PM,2021,11,16,15,53.5,145,Unhealthy for Sensitive Groups,47.5,UG/M3,1 Hr,Valid
Banja Luka,PM2.5 - Principal,2021-11-16 04:00 PM,2021,11,16,16,54.9,149,Unhealthy for Sensitive Groups,59.1,UG/M3,1 Hr,Valid
Banja Luka,PM2.5 - Principal,2021-11-16 05:00 PM,2021,11,16,17,55.8,151,Unhealthy,58.2,UG/M3,1 Hr,Valid
Banja Luka,PM2.5 - Principal,2021-11-16 06:00 PM,2021,11,16,18,57.3,152,Unhealthy,61.7,UG/M3,1 Hr,Valid
Banja Luka,PM2.5 - Principal,2021-11-16 07:00 PM,2021,11,16,19,56.6,152,Unhealthy,54.0,UG/M3,1 Hr,Valid
Banja Luka,PM2.5 - Principal,2021-11-16 08:00 PM,2021,11,16,20,75.0,161,Unhealthy,93.7,UG/M3,1 Hr,Valid
Banja Luka,PM2.5 - Principal,2021-11-16 09:00 PM,2021,11,16,21,84.2,166,Unhealthy,93.7,UG/M3,1 Hr,Valid
Banja Luka,PM2.5 - Principal,2021-11-16 10:00 PM,2021,11,16,22,88.9,168,Unhealthy,93.7,UG/M3,1 Hr,Valid
Banja Luka,PM2.5 - Principal,2021-11-16 11:00 PM,2021,11,16,23,94.0,171,Unhealthy,98.8,UG/M3,1 Hr,Valid
Banja Luka,PM2.5 - Principal,2021-11-17 12:00 AM,2021,11,17,00,96.4,172,Unhealthy,98.8,UG/M3,1 Hr,Valid
Banja Luka,PM2.5 - Principal,2021-11-17 01:00 AM,2021,11,17,01,88.7,168,Unhealthy,80.9,UG/M3,1 Hr,Valid
Banja Luka,PM2.5 - Principal,2021-11-17 02:00 AM,2021,11,17,02,76.8,162,Unhealthy,64.9,UG/M3,1 Hr,Valid
Banja Luka,PM2.5 - Principal,2021-11-17 03:00 AM,2021,11,17,03,74.8,161,Unhealthy,70.9,UG/M3,1 Hr,Valid
Banja Luka,PM2.5 - Principal,2021-11-17 04:00 AM,2021,11,17,04,77.8,163,Unhealthy,81.4,UG/M3,1 Hr,Valid
Banja Luka,PM2.5 - Principal,2021-11-17 05:00 AM,2021,11,17,05,79.7,163,Unhealthy,82.0,UG/M3,1 Hr,Valid
Banja Luka,PM2.5 - Principal,2021-11-17 06:00 AM,2021,11,17,06,80.8,164,Unhealthy,82.0,UG/M3,1 Hr,Valid
Banja Luka,PM2.5 - Principal,2021-11-17 07:00 AM,2021,11,17,07,81.2,164,Unhealthy,82.0,UG/M3,1 Hr,Valid
Banja Luka,PM2.5 - Principal,2021-11-17 08:00 AM,2021,11,17,08,78.7,163,Unhealthy,74.1,UG/M3,1 Hr,Valid
Banja Luka,PM2.5 - Principal,2021-11-17 09:00 AM,2021,11,17,09,89.4,169,Unhealthy,106.6,UG/M3,1 Hr,Valid
Banja Luka,PM2.5 - Principal,2021-11-17 10:00 AM,2021,11,17,10,104.6,176,Unhealthy,120.4,UG/M3,1 Hr,Valid
Banja Luka,PM2.5 - Principal,2021-11-17 11:00 AM,2021,11,17,11,111.9,180,Unhealthy,120.4,UG/M3,1 Hr,Valid
Banja Luka,PM2.5 - Principal,2021-11-17 12:00 PM,2021,11,17,12,72.1,160,Unhealthy,31.0,UG/M3,1 Hr,Valid
Banja Luka,PM2.5 - Principal,2021-11-17 01:00 PM,2021,11,17,13,55.3,150,Unhealthy for Sensitive Groups,38.5,UG/M3,1 Hr,Valid
Banja Luka,PM2.5 - Principal,2021-11-17 02:00 PM,2021,11,17,14,54.4,148,Unhealthy for Sensitive Groups,53.6,UG/M3,1 Hr,Valid
Banja Luka,PM2.5 - Principal,2021-11-17 03:00 PM,2021,11,17,15,54.1,147,Unhealthy for Sensitive Groups,53.8,UG/M3,1 Hr,Valid
Banja Luka,PM2.5 - Principal,2021-11-17 04:00 PM,2021,11,17,16,55.9,151,Unhealthy,57.7,UG/M3,1 Hr,Valid
Banja Luka,PM2.5 - Principal,2021-11-17 05:00 PM,2021,11,17,17,56.8,152,Unhealthy,57.7,UG/M3,1 Hr,Valid
Banja Luka,PM2.5 - Principal,2021-11-17 06:00 PM,2021,11,17,18,57.3,152,Unhealthy,57.7,UG/M3,1 Hr,Valid
Banja Luka,PM2.5 - Principal,2021-11-17 07:00 PM,2021,11,17,19,47.8,131,Unhealthy for Sensitive Groups,38.4,UG/M3,1 Hr,Valid
Banja Luka,PM2.5 - Principal,2021-11-17 08:00 PM,2021,11,17,20,71.5,159,Unhealthy,95.2,UG/M3,1 Hr,Valid
Banja Luka,PM2.5 - Principal,2021-11-17 09:00 PM,2021,11,17,21,97.1,172,Unhealthy,122.6,UG/M3,1 Hr,Valid
Banja Luka,PM2.5 - Principal,2021-11-17 10:00 PM,2021,11,17,22,100.8,174,Unhealthy,104.5,UG/M3,1 Hr,Valid
Banja Luka,PM2.5 - Principal,2021-11-17 11:00 PM,2021,11,17,23,93.8,171,Unhealthy,86.9,UG/M3,1 Hr,Valid
Banja Luka,PM2.5 - Principal,2021-11-18 12:00 AM,2021,11,18,00,95.0,171,Unhealthy,96.1,UG/M3,1 Hr,Valid
Banja Luka,PM2.5 - Principal,2021-11-18 01:00 AM,2021,11,18,01,85.3,166,Unhealthy,75.6,UG/M3,1 Hr,Valid
Banja Luka,PM2.5 - Principal,2021-11-18 02:00 AM,2021,11,18,02,79.5,163,Unhealthy,73.7,UG/M3,1 Hr,Valid
Banja Luka,PM2.5 - Principal,2021-11-18 03:00 AM,2021,11,18,03,79.5,163,Unhealthy,75.1,UG/M3,1 Hr,Invalid
Banja Luka,PM2.5 - Principal,2021-11-18 04:00 AM,2021,11,18,04,-999.0,-999,N/A,75.1,UG/M3,1 Hr,Invalid
Banja Luka,PM2.5 - Principal,2021-11-18 05:00 AM,2021,11,18,05,-999.0,-999,N/A,75.1,UG/M3,1 Hr,Invalid
Banja Luka,PM2.5 - Principal,2021-11-18 06:00 AM,2021,11,18,06,-999.0,-999,N/A,75.1,UG/M3,1 Hr,Invalid
Banja Luka,PM2.5 - Principal,2021-11-18 07:00 AM,2021,11,18,07,-999.0,-999,N/A,68.7,UG/M3,1 Hr,Valid
Banja Luka,PM2.5 - Principal,2021-11-18 08:00 AM,2021,11,18,08,69.2,158,Unhealthy,68.7,UG/M3,1 Hr,Valid
Banja Luka,PM2.5 - Principal,2021-11-18 09:00 AM,2021,11,18,09,44.4,123,Unhealthy for Sensitive Groups,25.6,UG/M3,1 Hr,Valid
Banja Luka,PM2.5 - Principal,2021-11-18 10:00 AM,2021,11,18,10,30.8,90,Moderate,18.9,UG/M3,1 Hr,Valid
Banja Luka,PM2.5 - Principal,2021-11-18 11:00 AM,2021,11,18,11,28.3,85,Moderate,25.9,UG/M3,1 Hr,Valid
Banja Luka,PM2.5 - Principal,2021-11-18 12:00 PM,2021,11,18,12,29.4,87,Moderate,30.5,UG/M3,1 Hr,Valid
Banja Luka,PM2.5 - Principal,2021-11-18 01:00 PM,2021,11,18,13,26.0,80,Moderate,22.7,UG/M3,1 Hr,Valid
Banja Luka,PM2.5 - Principal,2021-11-18 02:00 PM,2021,11,18,14,28.1,85,Moderate,30.1,UG/M3,1 Hr,Valid
Banja Luka,PM2.5 - Principal,2021-11-18 03:00 PM,2021,11,18,15,29.1,87,Moderate,30.1,UG/M3,1 Hr,Valid
Banja Luka,PM2.5 - Principal,2021-11-18 04:00 PM,2021,11,18,16,29.6,88,Moderate,30.1,UG/M3,1 Hr,Valid
Banja Luka,PM2.5 - Principal,2021-11-18 05:00 PM,2021,11,18,17,29.9,88,Moderate,30.1,UG/M3,1 Hr,Valid
Banja Luka,PM2.5 - Principal,2021-11-18 06:00 PM,2021,11,18,18,29.9,88,Moderate,191.9,UG/M3,1 Hr,Invalid
Banja Luka,PM2.5 - Principal,2021-11-18 07:00 PM,2021,11,18,19,-999.0,-999,N/A,191.9,UG/M3,1 Hr,Invalid
Banja Luka,PM2.5 - Principal,2021-11-18 08:00 PM,2021,11,18,20,-999.0,-999,N/A,191.9,UG/M3,1 Hr,Invalid
Banja Luka,PM2.5 - Principal,2021-11-18 09:00 PM,2021,11,18,21,-999.0,-999,N/A,191.9,UG/M3,1 Hr,Invalid
Banja Luka,PM2.5 - Principal,2021-11-18 10:00 PM,2021,11,18,22,-999.0,-999,N/A,191.9,UG/M3,1 Hr,Invalid
Banja Luka,PM2.5 - Principal,2021-11-18 11:00 PM,2021,11,18,23,-999.0,-999,N/A,191.9,UG/M3,1 Hr,Invalid
Banja Luka,PM2.5 - Principal,2021-11-19 12:00 AM,2021,11,19,00,-999.0,-999,N/A,191.9,UG/M3,1 Hr,Invalid
Banja Luka,PM2.5 - Principal,2021-11-19 01:00 AM,2021,11,19,01,-999.0,-999,N/A,191.9,UG/M3,1 Hr,Invalid
Banja Luka,PM2.5 - Principal,2021-11-19 02:00 AM,2021,11,19,02,-999.0,-999,N/A,191.9,UG/M3,1 Hr,Invalid
Banja Luka,PM2.5 - Principal,2021-11-19 03:00 AM,2021,11,19,03,-999.0,-999,N/A,191.9,UG/M3,1 Hr,Invalid
Banja Luka,PM2.5 - Principal,2021-11-19 04:00 AM,2021,11,19,04,-999.0,-999,N/A,191.9,UG/M3,1 Hr,Invalid
Banja Luka,PM2.5 - Principal,2021-11-19 05:00 AM,2021,11,19,05,-999.0,-999,N/A,191.9,UG/M3,1 Hr,Invalid
Banja Luka,PM2.5 - Principal,2021-11-19 06:00 AM,2021,11,19,06,-999.0,-999,N/A,191.9,UG/M3,1 Hr,Invalid
Banja Luka,PM2.5 - Principal,2021-11-19 07:00 AM,2021,11,19,07,-999.0,-999,N/A,191.9,UG/M3,1 Hr,Invalid
Banja Luka,PM2.5 - Principal,2021-11-19 08:00 AM,2021,11,19,08,-999.0,-999,N/A,191.9,UG/M3,1 Hr,Invalid
Banja Luka,PM2.5 - Principal,2021-11-19 09:00 AM,2021,11,19,09,-999.0,-999,N/A,191.9,UG/M3,1 Hr,Invalid
Banja Luka,PM2.5 - Principal,2021-11-19 10:00 AM,2021,11,19,10,-999.0,-999,N/A,191.9,UG/M3,1 Hr,Invalid
Banja Luka,PM2.5 - Principal,2021-11-19 11:00 AM,2021,11,19,11,-999.0,-999,N/A,191.9,UG/M3,1 Hr,Invalid
Banja Luka,PM2.5 - Principal,2021-11-19 12:00 PM,2021,11,19,12,-999.0,-999,N/A,191.9,UG/M3,1 Hr,Invalid
Banja Luka,PM2.5 - Principal,2021-11-19 01:00 PM,2021,11,19,13,-999.0,-999,N/A,191.9,UG/M3,1 Hr,Invalid
Banja Luka,PM2.5 - Principal,2021-11-19 02:00 PM,2021,11,19,14,-999.0,-999,N/A,191.9,UG/M3,1 Hr,Invalid
Banja Luka,PM2.5 - Principal,2021-11-19 03:00 PM,2021,11,19,15,-999.0,-999,N/A,191.9,UG/M3,1 Hr,Invalid
Banja Luka,PM2.5 - Principal,2021-11-19 04:00 PM,2021,11,19,16,-999.0,-999,N/A,191.9,UG/M3,1 Hr,Invalid
Banja Luka,PM2.5 - Principal,2021-11-19 05:00 PM,2021,11,19,17,-999.0,-999,N/A,191.9,UG/M3,1 Hr,Invalid
Banja Luka,PM2.5 - Principal,2021-11-19 06:00 PM,2021,11,19,18,-999.0,-999,N/A,191.9,UG/M3,1 Hr,Invalid
Banja Luka,PM2.5 - Principal,2021-11-19 07:00 PM,2021,11,19,19,-999.0,-999,N/A,216.8,UG/M3,1 Hr,Valid
Banja Luka,PM2.5 - Principal,2021-11-19 08:00 PM,2021,11,19,20,153.4,204,Very Unhealthy,118.7,UG/M3,1 Hr,Valid
Banja Luka,PM2.5 - Principal,2021-11-19 09:00 PM,2021,11,19,21,149.0,199,Unhealthy,145.3,UG/M3,1 Hr,Valid
Banja Luka,PM2.5 - Principal,2021-11-19 10:00 PM,2021,11,19,22,208.3,258,Very Unhealthy,261.1,UG/M3,1 Hr,Valid
Banja Luka,PM2.5 - Principal,2021-11-19 11:00 PM,2021,11,19,23,223.6,273,Very Unhealthy,237.9,UG/M3,1 Hr,Valid
Banja Luka,PM2.5 - Principal,2021-11-20 12:00 AM,2021,11,20,00,213.7,264,Very Unhealthy,204.1,UG/M3,1 Hr,Valid
Banja Luka,PM2.5 - Principal,2021-11-20 01:00 AM,2021,11,20,01,210.5,260,Very Unhealthy,207.3,UG/M3,1 Hr,Valid
Banja Luka,PM2.5 - Principal,2021-11-20 02:00 AM,2021,11,20,02,202.6,253,Very Unhealthy,194.9,UG/M3,1 Hr,Valid
Banja Luka,PM2.5 - Principal,2021-11-20 03:00 AM,2021,11,20,03,172.2,223,Very Unhealthy,141.9,UG/M3,1 Hr,Valid
Banja Luka,PM2.5 - Principal,2021-11-20 04:00 AM,2021,11,20,04,122.9,186,Unhealthy,73.7,UG/M3,1 Hr,Valid
Banja Luka,PM2.5 - Principal,2021-11-20 05:00 AM,2021,11,20,05,93.8,171,Unhealthy,64.7,UG/M3,1 Hr,Valid
Banja Luka,PM2.5 - Principal,2021-11-20 06:00 AM,2021,11,20,06,79.0,163,Unhealthy,64.3,UG/M3,1 Hr,Valid
Banja Luka,PM2.5 - Principal,2021-11-20 07:00 AM,2021,11,20,07,66.6,157,Unhealthy,54.2,UG/M3,1 Hr,Valid
Banja Luka,PM2.5 - Principal,2021-11-20 08:00 AM,2021,11,20,08,74.1,161,Unhealthy,81.7,UG/M3,1 Hr,Valid
Banja Luka,PM2.5 - Principal,2021-11-20 09:00 AM,2021,11,20,09,84.6,166,Unhealthy,95.2,UG/M3,1 Hr,Valid
Banja Luka,PM2.5 - Principal,2021-11-20 10:00 AM,2021,11,20,10,110.6,179,Unhealthy,136.5,UG/M3,1 Hr,Valid
Banja Luka,PM2.5 - Principal,2021-11-20 11:00 AM,2021,11,20,11,77.8,163,Unhealthy,45.1,UG/M3,1 Hr,Valid
Banja Luka,PM2.5 - Principal,2021-11-20 12:00 PM,2021,11,20,12,53.8,146,Unhealthy for Sensitive Groups,29.9,UG/M3,1 Hr,Valid
Banja Luka,PM2.5 - Principal,2021-11-20 01:00 PM,2021,11,20,13,41.6,116,Unhealthy for Sensitive Groups,29.4,UG/M3,1 Hr,Valid
Banja Luka,PM2.5 - Principal,2021-11-20 02:00 PM,2021,11,20,14,40.4,113,Unhealthy for Sensitive Groups,39.2,UG/M3,1 Hr,Valid
Banja Luka,PM2.5 - Principal,2021-11-20 03:00 PM,2021,11,20,15,40.1,112,Unhealthy for Sensitive Groups,39.8,UG/M3,1 Hr,Valid
Banja Luka,PM2.5 - Principal,2021-11-20 04:00 PM,2021,11,20,16,49.9,136,Unhealthy for Sensitive Groups,59.8,UG/M3,1 Hr,Valid
Banja Luka,PM2.5 - Principal,2021-11-20 05:00 PM,2021,11,20,17,124.7,187,Unhealthy,199.4,UG/M3,1 Hr,Valid
Banja Luka,PM2.5 - Principal,2021-11-20 06:00 PM,2021,11,20,18,149.5,200,Unhealthy,174.3,UG/M3,1 Hr,Valid
Banja Luka,PM2.5 - Principal,2021-11-20 07:00 PM,2021,11,20,19,195.5,246,Very Unhealthy,241.3,UG/M3,1 Hr,Valid
Banja Luka,PM2.5 - Principal,2021-11-20 08:00 PM,2021,11,20,20,192.6,243,Very Unhealthy,189.7,UG/M3,1 Hr,Valid
Banja Luka,PM2.5 - Principal,2021-11-20 09:00 PM,2021,11,20,21,206.6,257,Very Unhealthy,220.7,UG/M3,1 Hr,Valid
Banja Luka,PM2.5 - Principal,2021-11-20 10:00 PM,2021,11,20,22,203.9,254,Very Unhealthy,201.2,UG/M3,1 Hr,Valid
Banja Luka,PM2.5 - Principal,2021-11-20 11:00 PM,2021,11,20,23,182.9,233,Very Unhealthy,161.8,UG/M3,1 Hr,Valid
Banja Luka,PM2.5 - Principal,2021-11-21 12:00 AM,2021,11,21,00,182.1,232,Very Unhealthy,181.2,UG/M3,1 Hr,Valid
Banja Luka,PM2.5 - Principal,2021-11-21 01:00 AM,2021,11,21,01,154.9,205,Very Unhealthy,127.7,UG/M3,1 Hr,Valid
Banja Luka,PM2.5 - Principal,2021-11-21 02:00 AM,2021,11,21,02,128.8,189,Unhealthy,102.7,UG/M3,1 Hr,Valid
Banja Luka,PM2.5 - Principal,2021-11-21 03:00 AM,2021,11,21,03,145.1,197,Unhealthy,161.4,UG/M3,1 Hr,Valid
Banja Luka,PM2.5 - Principal,2021-11-21 04:00 AM,2021,11,21,04,120.0,184,Unhealthy,94.8,UG/M3,1 Hr,Valid
Banja Luka,PM2.5 - Principal,2021-11-21 05:00 AM,2021,11,21,05,96.5,172,Unhealthy,73.1,UG/M3,1 Hr,Valid
Banja Luka,PM2.5 - Principal,2021-11-21 06:00 AM,2021,11,21,06,83.0,165,Unhealthy,69.5,UG/M3,1 Hr,Valid
Banja Luka,PM2.5 - Principal,2021-11-21 07:00 AM,2021,11,21,07,72.2,160,Unhealthy,61.5,UG/M3,1 Hr,Valid
Banja Luka,PM2.5 - Principal,2021-11-21 08:00 AM,2021,11,21,08,75.7,161,Unhealthy,79.1,UG/M3,1 Hr,Valid
Banja Luka,PM2.5 - Principal,2021-11-21 09:00 AM,2021,11,21,09,75.8,161,Unhealthy,76.0,UG/M3,1 Hr,Valid
Banja Luka,PM2.5 - Principal,2021-11-21 10:00 AM,2021,11,21,10,75.0,161,Unhealthy,74.1,UG/M3,1 Hr,Valid
Banja Luka,PM2.5 - Principal,2021-11-21 11:00 AM,2021,11,21,11,78.7,163,Unhealthy,82.5,UG/M3,1 Hr,Valid
Banja Luka,PM2.5 - Principal,2021-11-21 12:00 PM,2021,11,21,12,72.1,160,Unhealthy,65.4,UG/M3,1 Hr,Valid
Banja Luka,PM2.5 - Principal,2021-11-21 01:00 PM,2021,11,21,13,64.3,156,Unhealthy,56.5,UG/M3,1 Hr,Valid
Banja Luka,PM2.5 - Principal,2021-11-21 02:00 PM,2021,11,21,14,51.5,140,Unhealthy for Sensitive Groups,38.8,UG/M3,1 Hr,Valid
Banja Luka,PM2.5 - Principal,2021-11-21 03:00 PM,2021,11,21,15,49.5,135,Unhealthy for Sensitive Groups,47.5,UG/M3,1 Hr,Valid
Banja Luka,PM2.5 - Principal,2021-11-21 04:00 PM,2021,11,21,16,50.7,138,Unhealthy for Sensitive Groups,51.9,UG/M3,1 Hr,Valid
Banja Luka,PM2.5 - Principal,2021-11-21 05:00 PM,2021,11,21,17,150.0,200,Unhealthy,249.3,UG/M3,1 Hr,Valid
Banja Luka,PM2.5 - Principal,2021-11-21 06:00 PM,2021,11,21,18,179.6,230,Very Unhealthy,209.2,UG/M3,1 Hr,Valid
Banja Luka,PM2.5 - Principal,2021-11-21 07:00 PM,2021,11,21,19,206.7,257,Very Unhealthy,233.8,UG/M3,1 Hr,Valid
Banja Luka,PM2.5 - Principal,2021-11-21 08:00 PM,2021,11,21,20,220.4,270,Very Unhealthy,234.1,UG/M3,1 Hr,Valid
Banja Luka,PM2.5 - Principal,2021-11-21 09:00 PM,2021,11,21,21,302.1,352,Hazardous,383.7,UG/M3,1 Hr,Valid
Banja Luka,PM2.5 - Principal,2021-11-21 10:00 PM,2021,11,21,22,337.2,387,Hazardous,372.3,UG/M3,1 Hr,Valid
Banja Luka,PM2.5 - Principal,2021-11-21 11:00 PM,2021,11,21,23,383.7,423,Hazardous,430.1,UG/M3,1 Hr,Valid
Banja Luka,PM2.5 - Principal,2021-11-22 12:00 AM,2021,11,22,00,416.2,444,Hazardous,448.5,UG/M3,1 Hr,Valid
Banja Luka,PM2.5 - Principal,2021-11-22 01:00 AM,2021,11,22,01,373.9,416,Hazardous,331.6,UG/M3,1 Hr,Valid
Banja Luka,PM2.5 - Principal,2021-11-22 02:00 AM,2021,11,22,02,300.6,351,Hazardous,227.3,UG/M3,1 Hr,Valid
Banja Luka,PM2.5 - Principal,2021-11-22 03:00 AM,2021,11,22,03,282.1,332,Hazardous,263.4,UG/M3,1 Hr,Valid
Banja Luka,PM2.5 - Principal,2021-11-22 04:00 AM,2021,11,22,04,204.5,255,Very Unhealthy,127.0,UG/M3,1 Hr,Valid
Banja Luka,PM2.5 - Principal,2021-11-22 05:00 AM,2021,11,22,05,206.9,257,Very Unhealthy,209.2,UG/M3,1 Hr,Valid
Banja Luka,PM2.5 - Principal,2021-11-22 06:00 AM,2021,11,22,06,164.4,215,Very Unhealthy,121.9,UG/M3,1 Hr,Valid
Banja Luka,PM2.5 - Principal,2021-11-22 07:00 AM,2021,11,22,07,129.6,189,Unhealthy,94.8,UG/M3,1 Hr,Valid
Banja Luka,PM2.5 - Principal,2021-11-22 08:00 AM,2021,11,22,08,163.2,214,Very Unhealthy,196.9,UG/M3,1 Hr,Valid
Banja Luka,PM2.5 - Principal,2021-11-22 09:00 AM,2021,11,22,09,204.1,254,Very Unhealthy,244.9,UG/M3,1 Hr,Valid
Banja Luka,PM2.5 - Principal,2021-11-22 10:00 AM,2021,11,22,10,197.0,247,Very Unhealthy,189.9,UG/M3,1 Hr,Valid
Banja Luka,PM2.5 - Principal,2021-11-22 11:00 AM,2021,11,22,11,150.0,200,Unhealthy,103.1,UG/M3,1 Hr,Valid
Banja Luka,PM2.5 - Principal,2021-11-22 12:00 PM,2021,11,22,12,126.0,187,Unhealthy,102.0,UG/M3,1 Hr,Valid
Banja Luka,PM2.5 - Principal,2021-11-22 01:00 PM,2021,11,22,13,92.6,170,Unhealthy,59.4,UG/M3,1 Hr,Valid
Banja Luka,PM2.5 - Principal,2021-11-22 02:00 PM,2021,11,22,14,73.8,160,Unhealthy,55.0,UG/M3,1 Hr,Valid
Banja Luka,PM2.5 - Principal,2021-11-22 03:00 PM,2021,11,22,15,54.0,147,Unhealthy for Sensitive Groups,34.2,UG/M3,1 Hr,Valid
Banja Luka,PM2.5 - Principal,2021-11-22 04:00 PM,2021,11,22,16,39.9,112,Unhealthy for Sensitive Groups,25.8,UG/M3,1 Hr,Valid
Banja Luka,PM2.5 - Principal,2021-11-22 05:00 PM,2021,11,22,17,39.4,111,Unhealthy for Sensitive Groups,39.0,UG/M3,1 Hr,Valid
Banja Luka,PM2.5 - Principal,2021-11-22 06:00 PM,2021,11,22,18,37.0,105,Unhealthy for Sensitive Groups,34.6,UG/M3,1 Hr,Valid
Banja Luka,PM2.5 - Principal,2021-11-22 07:00 PM,2021,11,22,19,35.2,100,Moderate,33.3,UG/M3,1 Hr,Valid
Banja Luka,PM2.5 - Principal,2021-11-22 08:00 PM,2021,11,22,20,37.6,106,Unhealthy for Sensitive Groups,40.0,UG/M3,1 Hr,Valid
Banja Luka,PM2.5 - Principal,2021-11-22 09:00 PM,2021,11,22,21,39.2,110,Unhealthy for Sensitive Groups,40.8,UG/M3,1 Hr,Valid
Banja Luka,PM2.5 - Principal,2021-11-22 10:00 PM,2021,11,22,22,31.9,93,Moderate,24.7,UG/M3,1 Hr,Valid
Banja Luka,PM2.5 - Principal,2021-11-22 11:00 PM,2021,11,22,23,29.0,87,Moderate,26.0,UG/M3,1 Hr,Valid
Banja Luka,PM2.5 - Principal,2021-11-23 12:00 AM,2021,11,23,00,25.8,80,Moderate,22.7,UG/M3,1 Hr,Valid
Banja Luka,PM2.5 - Principal,2021-11-23 01:00 AM,2021,11,23,01,23.7,75,Moderate,21.7,UG/M3,1 Hr,Valid
Banja Luka,PM2.5 - Principal,2021-11-23 02:00 AM,2021,11,23,02,25.5,79,Moderate,27.1,UG/M3,1 Hr,Valid
Banja Luka,PM2.5 - Principal,2021-11-23 03:00 AM,2021,11,23,03,22.6,73,Moderate,19.9,UG/M3,1 Hr,Valid
Banja Luka,PM2.5 - Principal,2021-11-23 04:00 AM,2021,11,23,04,22.7,73,Moderate,22.8,UG/M3,1 Hr,Valid
Banja Luka,PM2.5 - Principal,2021-11-23 05:00 AM,2021,11,23,05,20.0,68,Moderate,17.3,UG/M3,1 Hr,Valid
Banja Luka,PM2.5 - Principal,2021-11-23 06:00 AM,2021,11,23,06,18.4,64,Moderate,16.8,UG/M3,1 Hr,Valid
Banja Luka,PM2.5 - Principal,2021-11-23 07:00 AM,2021,11,23,07,22.8,74,Moderate,27.2,UG/M3,1 Hr,Valid
Banja Luka,PM2.5 - Principal,2021-11-23 08:00 AM,2021,11,23,08,31.4,92,Moderate,40.0,UG/M3,1 Hr,Valid
Banja Luka,PM2.5 - Principal,2021-11-23 09:00 AM,2021,11,23,09,45.2,125,Unhealthy for Sensitive Groups,58.9,UG/M3,1 Hr,Valid
Banja Luka,PM2.5 - Principal,2021-11-23 10:00 AM,2021,11,23,10,58.4,152,Unhealthy,71.7,UG/M3,1 Hr,Valid
Banja Luka,PM2.5 - Principal,2021-11-23 11:00 AM,2021,11,23,11,49.0,134,Unhealthy for Sensitive Groups,39.5,UG/M3,1 Hr,Valid
Banja Luka,PM2.5 - Principal,2021-11-23 12:00 PM,2021,11,23,12,48.9,134,Unhealthy for Sensitive Groups,48.8,UG/M3,1 Hr,Valid
Banja Luka,PM2.5 - Principal,2021-11-23 01:00 PM,2021,11,23,13,39.8,112,Unhealthy for Sensitive Groups,30.8,UG/M3,1 Hr,Valid
Banja Luka,PM2.5 - Principal,2021-11-23 02:00 PM,2021,11,23,14,36.5,103,Unhealthy for Sensitive Groups,33.1,UG/M3,1 Hr,Valid
Banja Luka,PM2.5 - Principal,2021-11-23 03:00 PM,2021,11,23,15,37.2,105,Unhealthy for Sensitive Groups,38.0,UG/M3,1 Hr,Valid
Banja Luka,PM2.5 - Principal,2021-11-23 04:00 PM,2021,11,23,16,37.9,107,Unhealthy for Sensitive Groups,38.6,UG/M3,1 Hr,Valid
Banja Luka,PM2.5 - Principal,2021-11-23 05:00 PM,2021,11,23,17,40.2,113,Unhealthy for Sensitive Groups,42.4,UG/M3,1 Hr,Valid
Banja Luka,PM2.5 - Principal,2021-11-23 06:00 PM,2021,11,23,18,38.7,109,Unhealthy for Sensitive Groups,37.2,UG/M3,1 Hr,Valid
Banja Luka,PM2.5 - Principal,2021-11-23 07:00 PM,2021,11,23,19,40.7,114,Unhealthy for Sensitive Groups,42.8,UG/M3,1 Hr,Valid
Banja Luka,PM2.5 - Principal,2021-11-23 08:00 PM,2021,11,23,20,38.2,108,Unhealthy for Sensitive Groups,35.7,UG/M3,1 Hr,Valid
Banja Luka,PM2.5 - Principal,2021-11-23 09:00 PM,2021,11,23,21,49.6,136,Unhealthy for Sensitive Groups,61.0,UG/M3,1 Hr,Valid
Banja Luka,PM2.5 - Principal,2021-11-23 10:00 PM,2021,11,23,22,52.6,143,Unhealthy for Sensitive Groups,55.8,UG/M3,1 Hr,Valid
Banja Luka,PM2.5 - Principal,2021-11-23 11:00 PM,2021,11,23,23,41.6,116,Unhealthy for Sensitive Groups,30.4,UG/M3,1 Hr,Valid
Banja Luka,PM2.5 - Principal,2021-11-24 12:00 AM,2021,11,24,00,35.7,101,Unhealthy for Sensitive Groups,29.9,UG/M3,1 Hr,Valid
Banja Luka,PM2.5 - Principal,2021-11-24 01:00 AM,2021,11,24,01,33.9,97,Moderate,32.1,UG/M3,1 Hr,Valid
Banja Luka,PM2.5 - Principal,2021-11-24 02:00 AM,2021,11,24,02,36.7,104,Unhealthy for Sensitive Groups,39.4,UG/M3,1 Hr,Valid
Banja Luka,PM2.5 - Principal,2021-11-24 03:00 AM,2021,11,24,03,33.6,96,Moderate,30.5,UG/M3,1 Hr,Valid
Banja Luka,PM2.5 - Principal,2021-11-24 04:00 AM,2021,11,24,04,32.7,94,Moderate,31.8,UG/M3,1 Hr,Valid
Banja Luka,PM2.5 - Principal,2021-11-24 05:00 AM,2021,11,24,05,32.6,94,Moderate,32.6,UG/M3,1 Hr,Valid
Banja Luka,PM2.5 - Principal,2021-11-24 06:00 AM,2021,11,24,06,37.9,107,Unhealthy for Sensitive Groups,43.1,UG/M3,1 Hr,Valid
Banja Luka,PM2.5 - Principal,2021-11-24 07:00 AM,2021,11,24,07,65.8,156,Unhealthy,93.8,UG/M3,1 Hr,Valid
Banja Luka,PM2.5 - Principal,2021-11-24 08:00 AM,2021,11,24,08,57.6,152,Unhealthy,49.3,UG/M3,1 Hr,Valid
Banja Luka,PM2.5 - Principal,2021-11-24 09:00 AM,2021,11,24,09,58.9,153,Unhealthy,60.2,UG/M3,1 Hr,Valid
Banja Luka,PM2.5 - Principal,2021-11-24 10:00 AM,2021,11,24,10,51.9,141,Unhealthy for Sensitive Groups,44.9,UG/M3,1 Hr,Valid
Banja Luka,PM2.5 - Principal,2021-11-24 11:00 AM,2021,11,24,11,44.9,124,Unhealthy for Sensitive Groups,37.9,UG/M3,1 Hr,Valid
Banja Luka,PM2.5 - Principal,2021-11-24 12:00 PM,2021,11,24,12,48.2,132,Unhealthy for Sensitive Groups,51.5,UG/M3,1 Hr,Valid
Banja Luka,PM2.5 - Principal,2021-11-24 01:00 PM,2021,11,24,13,47.1,130,Unhealthy for Sensitive Groups,46.0,UG/M3,1 Hr,Valid
Banja Luka,PM2.5 - Principal,2021-11-24 02:00 PM,2021,11,24,14,45.5,126,Unhealthy for Sensitive Groups,43.8,UG/M3,1 Hr,Valid
Banja Luka,PM2.5 - Principal,2021-11-24 03:00 PM,2021,11,24,15,40.4,113,Unhealthy for Sensitive Groups,35.3,UG/M3,1 Hr,Valid
Banja Luka,PM2.5 - Principal,2021-11-24 04:00 PM,2021,11,24,16,42.2,117,Unhealthy for Sensitive Groups,44.0,UG/M3,1 Hr,Valid
Banja Luka,PM2.5 - Principal,2021-11-24 05:00 PM,2021,11,24,17,45.6,126,Unhealthy for Sensitive Groups,49.0,UG/M3,1 Hr,Valid
Banja Luka,PM2.5 - Principal,2021-11-24 06:00 PM,2021,11,24,18,46.5,128,Unhealthy for Sensitive Groups,47.5,UG/M3,1 Hr,Valid
Banja Luka,PM2.5 - Principal,2021-11-24 07:00 PM,2021,11,24,19,51.0,139,Unhealthy for Sensitive Groups,58.0,UG/M3,1 Hr,Valid
Banja Luka,PM2.5 - Principal,2021-11-24 08:00 PM,2021,11,24,20,56.5,152,Unhealthy,63.1,UG/M3,1 Hr,Valid
Banja Luka,PM2.5 - Principal,2021-11-24 09:00 PM,2021,11,24,21,63.1,155,Unhealthy,69.0,UG/M3,1 Hr,Valid
Banja Luka,PM2.5 - Principal,2021-11-24 10:00 PM,2021,11,24,22,81.0,164,Unhealthy,98.6,UG/M3,1 Hr,Valid
Banja Luka,PM2.5 - Principal,2021-11-24 11:00 PM,2021,11,24,23,80.9,164,Unhealthy,80.7,UG/M3,1 Hr,Valid
Banja Luka,PM2.5 - Principal,2021-11-25 12:00 AM,2021,11,25,00,114.1,181,Unhealthy,147.3,UG/M3,1 Hr,Valid
Banja Luka,PM2.5 - Principal,2021-11-25 01:00 AM,2021,11,25,01,109.9,179,Unhealthy,105.6,UG/M3,1 Hr,Valid
Banja Luka,PM2.5 - Principal,2021-11-25 02:00 AM,2021,11,25,02,100.4,174,Unhealthy,90.8,UG/M3,1 Hr,Valid
Banja Luka,PM2.5 - Principal,2021-11-25 03:00 AM,2021,11,25,03,86.2,167,Unhealthy,72.0,UG/M3,1 Hr,Valid
Banja Luka,PM2.5 - Principal,2021-11-25 04:00 AM,2021,11,25,04,94.9,171,Unhealthy,103.6,UG/M3,1 Hr,Valid
Banja Luka,PM2.5 - Principal,2021-11-25 05:00 AM,2021,11,25,05,82.7,165,Unhealthy,70.4,UG/M3,1 Hr,Valid
Banja Luka,PM2.5 - Principal,2021-11-25 06:00 AM,2021,11,25,06,82.0,165,Unhealthy,81.4,UG/M3,1 Hr,Valid
Banja Luka,PM2.5 - Principal,2021-11-25 07:00 AM,2021,11,25,07,81.1,164,Unhealthy,80.1,UG/M3,1 Hr,Valid
Banja Luka,PM2.5 - Principal,2021-11-25 08:00 AM,2021,11,25,08,91.8,170,Unhealthy,102.5,UG/M3,1 Hr,Valid
Banja Luka,PM2.5 - Principal,2021-11-25 09:00 AM,2021,11,25,09,117.8,183,Unhealthy,143.8,UG/M3,1 Hr,Valid
Banja Luka,PM2.5 - Principal,2021-11-25 10:00 AM,2021,11,25,10,119.0,184,Unhealthy,120.2,UG/M3,1 Hr,Valid
Banja Luka,PM2.5 - Principal,2021-11-25 11:00 AM,2021,11,25,11,95.7,172,Unhealthy,72.5,UG/M3,1 Hr,Valid
Banja Luka,PM2.5 - Principal,2021-11-25 12:00 PM,2021,11,25,12,93.9,171,Unhealthy,92.0,UG/M3,1 Hr,Valid
Banja Luka,PM2.5 - Principal,2021-11-25 01:00 PM,2021,11,25,13,87.0,167,Unhealthy,80.2,UG/M3,1 Hr,Valid
Banja Luka,PM2.5 - Principal,2021-11-25 02:00 PM,2021,11,25,14,80.8,164,Unhealthy,74.6,UG/M3,1 Hr,Valid
Banja Luka,PM2.5 - Principal,2021-11-25 03:00 PM,2021,11,25,15,85.6,167,Unhealthy,90.3,UG/M3,1 Hr,Valid
Banja Luka,PM2.5 - Principal,2021-11-25 04:00 PM,2021,11,25,16,94.8,171,Unhealthy,104.0,UG/M3,1 Hr,Valid
Banja Luka,PM2.5 - Principal,2021-11-25 05:00 PM,2021,11,25,17,108.6,178,Unhealthy,122.7,UG/M3,1 Hr,Valid
Banja Luka,PM2.5 - Principal,2021-11-25 06:00 PM,2021,11,25,18,170.9,221,Very Unhealthy,233.1,UG/M3,1 Hr,Valid
Banja Luka,PM2.5 - Principal,2021-11-25 07:00 PM,2021,11,25,19,231.8,282,Very Unhealthy,292.6,UG/M3,1 Hr,Suspect
Banja Luka,PM2.5 - Principal,2021-11-25 08:00 PM,2021,11,25,20,239.2,289,Very Unhealthy,246.5,UG/M3,1 Hr,Valid
Banja Luka,PM2.5 - Principal,2021-11-25 09:00 PM,2021,11,25,21,285.8,336,Hazardous,332.4,UG/M3,1 Hr,Suspect
Banja Luka,PM2.5 - Principal,2021-11-25 10:00 PM,2021,11,25,22,285.7,336,Hazardous,285.5,UG/M3,1 Hr,Suspect
Banja Luka,PM2.5 - Principal,2021-11-25 11:00 PM,2021,11,25,23,256.3,307,Hazardous,226.8,UG/M3,1 Hr,Valid
Banja Luka,PM2.5 - Principal,2021-11-26 12:00 AM,2021,11,26,00,209.2,259,Very Unhealthy,162.1,UG/M3,1 Hr,Valid
Banja Luka,PM2.5 - Principal,2021-11-26 01:00 AM,2021,11,26,01,200.6,251,Very Unhealthy,191.9,UG/M3,1 Hr,Valid
Banja Luka,PM2.5 - Principal,2021-11-26 02:00 AM,2021,11,26,02,165.1,215,Very Unhealthy,129.7,UG/M3,1 Hr,Valid
Banja Luka,PM2.5 - Principal,2021-11-26 03:00 AM,2021,11,26,03,155.9,206,Very Unhealthy,146.6,UG/M3,1 Hr,Valid
Banja Luka,PM2.5 - Principal,2021-11-26 04:00 AM,2021,11,26,04,137.3,193,Unhealthy,118.7,UG/M3,1 Hr,Valid
Banja Luka,PM2.5 - Principal,2021-11-26 05:00 AM,2021,11,26,05,117.0,183,Unhealthy,96.7,UG/M3,1 Hr,Valid
Banja Luka,PM2.5 - Principal,2021-11-26 06:00 AM,2021,11,26,06,104.9,177,Unhealthy,92.8,UG/M3,1 Hr,Valid
Banja Luka,PM2.5 - Principal,2021-11-26 07:00 AM,2021,11,26,07,103.8,176,Unhealthy,102.8,UG/M3,1 Hr,Valid
Banja Luka,PM2.5 - Principal,2021-11-26 08:00 AM,2021,11,26,08,114.5,181,Unhealthy,125.2,UG/M3,1 Hr,Valid
Banja Luka,PM2.5 - Principal,2021-11-26 09:00 AM,2021,11,26,09,108.0,178,Unhealthy,101.5,UG/M3,1 Hr,Valid
Banja Luka,PM2.5 - Principal,2021-11-26 10:00 AM,2021,11,26,10,109.2,179,Unhealthy,110.5,UG/M3,1 Hr,Valid
Banja Luka,PM2.5 - Principal,2021-11-26 11:00 AM,2021,11,26,11,87.4,167,Unhealthy,65.5,UG/M3,1 Hr,Valid
Banja Luka,PM2.5 - Principal,2021-11-26 12:00 PM,2021,11,26,12,105.4,177,Unhealthy,123.4,UG/M3,1 Hr,Valid
Banja Luka,PM2.5 - Principal,2021-11-26 01:00 PM,2021,11,26,13,138.6,194,Unhealthy,171.9,UG/M3,1 Hr,Valid
Banja Luka,PM2.5 - Principal,2021-11-26 02:00 PM,2021,11,26,14,97.9,173,Unhealthy,57.2,UG/M3,1 Hr,Valid
Banja Luka,PM2.5 - Principal,2021-11-26 03:00 PM,2021,11,26,15,77.6,162,Unhealthy,57.4,UG/M3,1 Hr,Valid
Banja Luka,PM2.5 - Principal,2021-11-26 04:00 PM,2021,11,26,16,70.4,159,Unhealthy,63.1,UG/M3,1 Hr,Valid
Banja Luka,PM2.5 - Principal,2021-11-26 05:00 PM,2021,11,26,17,71.9,159,Unhealthy,73.5,UG/M3,1 Hr,Valid
Banja Luka,PM2.5 - Principal,2021-11-26 06:00 PM,2021,11,26,18,78.9,163,Unhealthy,85.9,UG/M3,1 Hr,Valid
Banja Luka,PM2.5 - Principal,2021-11-26 07:00 PM,2021,11,26,19,81.5,164,Unhealthy,84.1,UG/M3,1 Hr,Valid
Banja Luka,PM2.5 - Principal,2021-11-26 08:00 PM,2021,11,26,20,79.0,163,Unhealthy,76.5,UG/M3,1 Hr,Valid
Banja Luka,PM2.5 - Principal,2021-11-26 09:00 PM,2021,11,26,21,82.9,165,Unhealthy,86.9,UG/M3,1 Hr,Valid
Banja Luka,PM2.5 - Principal,2021-11-26 10:00 PM,2021,11,26,22,67.3,157,Unhealthy,51.8,UG/M3,1 Hr,Valid
Banja Luka,PM2.5 - Principal,2021-11-26 11:00 PM,2021,11,26,23,51.0,139,Unhealthy for Sensitive Groups,34.6,UG/M3,1 Hr,Valid
Banja Luka,PM2.5 - Principal,2021-11-27 12:00 AM,2021,11,27,00,40.9,114,Unhealthy for Sensitive Groups,30.7,UG/M3,1 Hr,Valid
Banja Luka,PM2.5 - Principal,2021-11-27 01:00 AM,2021,11,27,01,33.2,95,Moderate,25.7,UG/M3,1 Hr,Valid
Banja Luka,PM2.5 - Principal,2021-11-27 02:00 AM,2021,11,27,02,26.9,82,Moderate,20.5,UG/M3,1 Hr,Valid
Banja Luka,PM2.5 - Principal,2021-11-27 03:00 AM,2021,11,27,03,24.6,77,Moderate,22.3,UG/M3,1 Hr,Valid
Banja Luka,PM2.5 - Principal,2021-11-27 04:00 AM,2021,11,27,04,22.2,72,Moderate,19.9,UG/M3,1 Hr,Valid
Banja Luka,PM2.5 - Principal,2021-11-27 05:00 AM,2021,11,27,05,19.1,66,Moderate,15.9,UG/M3,1 Hr,Valid
Banja Luka,PM2.5 - Principal,2021-11-27 06:00 AM,2021,11,27,06,17.2,62,Moderate,15.3,UG/M3,1 Hr,Valid
Banja Luka,PM2.5 - Principal,2021-11-27 07:00 AM,2021,11,27,07,16.6,60,Moderate,16.1,UG/M3,1 Hr,Valid
Banja Luka,PM2.5 - Principal,2021-11-27 08:00 AM,2021,11,27,08,18.7,65,Moderate,20.8,UG/M3,1 Hr,Valid
Banja Luka,PM2.5 - Principal,2021-11-27 09:00 AM,2021,11,27,09,25.3,79,Moderate,32.0,UG/M3,1 Hr,Valid
Banja Luka,PM2.5 - Principal,2021-11-27 10:00 AM,2021,11,27,10,31.8,92,Moderate,38.3,UG/M3,1 Hr,Valid
Banja Luka,PM2.5 - Principal,2021-11-27 11:00 AM,2021,11,27,11,39.6,111,Unhealthy for Sensitive Groups,47.3,UG/M3,1 Hr,Valid
Banja Luka,PM2.5 - Principal,2021-11-27 12:00 PM,2021,11,27,12,45.1,125,Unhealthy for Sensitive Groups,50.6,UG/M3,1 Hr,Valid
Banja Luka,PM2.5 - Principal,2021-11-27 01:00 PM,2021,11,27,13,46.9,129,Unhealthy for Sensitive Groups,48.8,UG/M3,1 Hr,Valid
Banja Luka,PM2.5 - Principal,2021-11-27 02:00 PM,2021,11,27,14,50.4,138,Unhealthy for Sensitive Groups,53.8,UG/M3,1 Hr,Valid
Banja Luka,PM2.5 - Principal,2021-11-27 03:00 PM,2021,11,27,15,52.5,143,Unhealthy for Sensitive Groups,54.6,UG/M3,1 Hr,Valid
Banja Luka,PM2.5 - Principal,2021-11-27 04:00 PM,2021,11,27,16,49.1,134,Unhealthy for Sensitive Groups,45.7,UG/M3,1 Hr,Valid
Banja Luka,PM2.5 - Principal,2021-11-27 05:00 PM,2021,11,27,17,53.8,146,Unhealthy for Sensitive Groups,58.5,UG/M3,1 Hr,Valid
Banja Luka,PM2.5 - Principal,2021-11-27 06:00 PM,2021,11,27,18,53.5,145,Unhealthy for Sensitive Groups,53.1,UG/M3,1 Hr,Valid
Banja Luka,PM2.5 - Principal,2021-11-27 07:00 PM,2021,11,27,19,72.3,160,Unhealthy,91.2,UG/M3,1 Hr,Valid
Banja Luka,PM2.5 - Principal,2021-11-27 08:00 PM,2021,11,27,20,85.7,167,Unhealthy,99.1,UG/M3,1 Hr,Valid
Banja Luka,PM2.5 - Principal,2021-11-27 09:00 PM,2021,11,27,21,89.4,169,Unhealthy,93.0,UG/M3,1 Hr,Valid
Banja Luka,PM2.5 - Principal,2021-11-27 10:00 PM,2021,11,27,22,108.8,179,Unhealthy,128.2,UG/M3,1 Hr,Valid
Banja Luka,PM2.5 - Principal,2021-11-27 11:00 PM,2021,11,27,23,104.5,176,Unhealthy,100.2,UG/M3,1 Hr,Valid
Banja Luka,PM2.5 - Principal,2021-11-28 12:00 AM,2021,11,28,00,155.9,206,Very Unhealthy,207.3,UG/M3,1 Hr,Valid
Banja Luka,PM2.5 - Principal,2021-11-28 01:00 AM,2021,11,28,01,143.8,197,Unhealthy,131.7,UG/M3,1 Hr,Valid
Banja Luka,PM2.5 - Principal,2021-11-28 02:00 AM,2021,11,28,02,138.2,194,Unhealthy,132.5,UG/M3,1 Hr,Valid
Banja Luka,PM2.5 - Principal,2021-11-28 03:00 AM,2021,11,28,03,126.1,187,Unhealthy,114.0,UG/M3,1 Hr,Valid
Banja Luka,PM2.5 - Principal,2021-11-28 04:00 AM,2021,11,28,04,102.8,175,Unhealthy,79.5,UG/M3,1 Hr,Valid
Banja Luka,PM2.5 - Principal,2021-11-28 05:00 AM,2021,11,28,05,90.8,169,Unhealthy,78.7,UG/M3,1 Hr,Valid
Banja Luka,PM2.5 - Principal,2021-11-28 06:00 AM,2021,11,28,06,80.0,164,Unhealthy,69.2,UG/M3,1 Hr,Valid
Banja Luka,PM2.5 - Principal,2021-11-28 07:00 AM,2021,11,28,07,82.3,165,Unhealthy,84.6,UG/M3,1 Hr,Valid
Banja Luka,PM2.5 - Principal,2021-11-28 08:00 AM,2021,11,28,08,80.3,164,Unhealthy,78.3,UG/M3,1 Hr,Valid
Banja Luka,PM2.5 - Principal,2021-11-28 09:00 AM,2021,11,28,09,47.6,131,Unhealthy for Sensitive Groups,15.0,UG/M3,1 Hr,Valid
Banja Luka,PM2.5 - Principal,2021-11-28 10:00 AM,2021,11,28,10,25.5,79,Moderate,3.4,UG/M3,1 Hr,Valid
Banja Luka,PM2.5 - Principal,2021-11-28 11:00 AM,2021,11,28,11,14.1,55,Moderate,2.8,UG/M3,1 Hr,Valid
Banja Luka,PM2.5 - Principal,2021-11-28 12:00 PM,2021,11,28,12,10.0,42,Good,5.9,UG/M3,1 Hr,Valid
Banja Luka,PM2.5 - Principal,2021-11-28 01:00 PM,2021,11,28,13,16.5,60,Moderate,23.0,UG/M3,1 Hr,Valid
Banja Luka,PM2.5 - Principal,2021-11-28 02:00 PM,2021,11,28,14,33.1,95,Moderate,49.6,UG/M3,1 Hr,Valid
Banja Luka,PM2.5 - Principal,2021-11-28 03:00 PM,2021,11,28,15,37.8,107,Unhealthy for Sensitive Groups,42.5,UG/M3,1 Hr,Valid
Banja Luka,PM2.5 - Principal,2021-11-28 04:00 PM,2021,11,28,16,34.0,97,Moderate,30.2,UG/M3,1 Hr,Valid
Banja Luka,PM2.5 - Principal,2021-11-28 05:00 PM,2021,11,28,17,26.8,82,Moderate,19.7,UG/M3,1 Hr,Valid
Banja Luka,PM2.5 - Principal,2021-11-28 06:00 PM,2021,11,28,18,23.9,76,Moderate,21.1,UG/M3,1 Hr,Valid
Banja Luka,PM2.5 - Principal,2021-11-28 07:00 PM,2021,11,28,19,17.2,62,Moderate,10.4,UG/M3,1 Hr,Valid
Banja Luka,PM2.5 - Principal,2021-11-28 08:00 PM,2021,11,28,20,16.2,60,Moderate,15.2,UG/M3,1 Hr,Valid
Banja Luka,PM2.5 - Principal,2021-11-28 09:00 PM,2021,11,28,21,29.9,88,Moderate,43.7,UG/M3,1 Hr,Valid
Banja Luka,PM2.5 - Principal,2021-11-28 10:00 PM,2021,11,28,22,28.5,85,Moderate,27.0,UG/M3,1 Hr,Valid
Banja Luka,PM2.5 - Principal,2021-11-28 11:00 PM,2021,11,28,23,22.3,72,Moderate,16.0,UG/M3,1 Hr,Valid
Banja Luka,PM2.5 - Principal,2021-11-29 12:00 AM,2021,11,29,00,23.0,74,Moderate,23.8,UG/M3,1 Hr,Valid
Banja Luka,PM2.5 - Principal,2021-11-29 01:00 AM,2021,11,29,01,23.4,75,Moderate,23.8,UG/M3,1 Hr,Valid
Banja Luka,PM2.5 - Principal,2021-11-29 02:00 AM,2021,11,29,02,27.0,82,Moderate,30.6,UG/M3,1 Hr,Valid
Banja Luka,PM2.5 - Principal,2021-11-29 03:00 AM,2021,11,29,03,27.3,83,Moderate,27.7,UG/M3,1 Hr,Valid
Banja Luka,PM2.5 - Principal,2021-11-29 04:00 AM,2021,11,29,04,28.6,86,Moderate,29.8,UG/M3,1 Hr,Valid
Banja Luka,PM2.5 - Principal,2021-11-29 05:00 AM,2021,11,29,05,32.2,93,Moderate,35.9,UG/M3,1 Hr,Valid
Banja Luka,PM2.5 - Principal,2021-11-29 06:00 AM,2021,11,29,06,32.7,94,Moderate,33.2,UG/M3,1 Hr,Valid
Banja Luka,PM2.5 - Principal,2021-11-29 07:00 AM,2021,11,29,07,28.3,85,Moderate,23.8,UG/M3,1 Hr,Valid
Banja Luka,PM2.5 - Principal,2021-11-29 08:00 AM,2021,11,29,08,22.5,73,Moderate,16.8,UG/M3,1 Hr,Valid
Banja Luka,PM2.5 - Principal,2021-11-29 09:00 AM,2021,11,29,09,21.4,71,Moderate,20.3,UG/M3,1 Hr,Valid
Banja Luka,PM2.5 - Principal,2021-11-29 10:00 AM,2021,11,29,10,22.7,73,Moderate,23.9,UG/M3,1 Hr,Valid
Banja Luka,PM2.5 - Principal,2021-11-29 11:00 AM,2021,11,29,11,22.3,72,Moderate,22.0,UG/M3,1 Hr,Valid
Banja Luka,PM2.5 - Principal,2021-11-29 12:00 PM,2021,11,29,12,22.6,73,Moderate,22.8,UG/M3,1 Hr,Valid
Banja Luka,PM2.5 - Principal,2021-11-29 01:00 PM,2021,11,29,13,21.3,70,Moderate,20.0,UG/M3,1 Hr,Valid
Banja Luka,PM2.5 - Principal,2021-11-29 02:00 PM,2021,11,29,14,27.9,84,Moderate,34.6,UG/M3,1 Hr,Valid
Banja Luka,PM2.5 - Principal,2021-11-29 03:00 PM,2021,11,29,15,29.6,88,Moderate,31.3,UG/M3,1 Hr,Valid
Banja Luka,PM2.5 - Principal,2021-11-29 04:00 PM,2021,11,29,16,40.1,112,Unhealthy for Sensitive Groups,50.5,UG/M3,1 Hr,Valid
Banja Luka,PM2.5 - Principal,2021-11-29 05:00 PM,2021,11,29,17,52.3,142,Unhealthy for Sensitive Groups,64.5,UG/M3,1 Hr,Valid
Banja Luka,PM2.5 - Principal,2021-11-29 06:00 PM,2021,11,29,18,82.1,165,Unhealthy,112.0,UG/M3,1 Hr,Valid
Banja Luka,PM2.5 - Principal,2021-11-29 07:00 PM,2021,11,29,19,136.8,193,Unhealthy,191.4,UG/M3,1 Hr,Valid
Banja Luka,PM2.5 - Principal,2021-11-29 08:00 PM,2021,11,29,20,149.3,199,Unhealthy,161.8,UG/M3,1 Hr,Valid
Banja Luka,PM2.5 - Principal,2021-11-29 09:00 PM,2021,11,29,21,154.7,205,Very Unhealthy,160.0,UG/M3,1 Hr,Valid
Banja Luka,PM2.5 - Principal,2021-11-29 10:00 PM,2021,11,29,22,157.3,208,Very Unhealthy,159.8,UG/M3,1 Hr,Valid
Banja Luka,PM2.5 - Principal,2021-11-29 11:00 PM,2021,11,29,23,154.7,205,Very Unhealthy,152.1,UG/M3,1 Hr,Valid
Banja Luka,PM2.5 - Principal,2021-11-30 12:00 AM,2021,11,30,00,137.7,193,Unhealthy,120.7,UG/M3,1 Hr,Valid
Banja Luka,PM2.5 - Principal,2021-11-30 01:00 AM,2021,11,30,01,101.3,175,Unhealthy,65.0,UG/M3,1 Hr,Valid
Banja Luka,PM2.5 - Principal,2021-11-30 02:00 AM,2021,11,30,02,79.6,163,Unhealthy,57.8,UG/M3,1 Hr,Valid
Banja Luka,PM2.5 - Principal,2021-11-30 03:00 AM,2021,11,30,03,60.6,154,Unhealthy,41.5,UG/M3,1 Hr,Valid
Banja Luka,PM2.5 - Principal,2021-11-30 04:00 AM,2021,11,30,04,42.0,117,Unhealthy for Sensitive Groups,23.5,UG/M3,1 Hr,Valid
Banja Luka,PM2.5 - Principal,2021-11-30 05:00 AM,2021,11,30,05,33.9,97,Moderate,25.8,UG/M3,1 Hr,Valid
Banja Luka,PM2.5 - Principal,2021-11-30 06:00 AM,2021,11,30,06,35.9,102,Unhealthy for Sensitive Groups,38.0,UG/M3,1 Hr,Valid
Banja Luka,PM2.5 - Principal,2021-11-30 07:00 AM,2021,11,30,07,45.6,126,Unhealthy for Sensitive Groups,55.3,UG/M3,1 Hr,Valid
Banja Luka,PM2.5 - Principal,2021-11-30 08:00 AM,2021,11,30,08,47.3,130,Unhealthy for Sensitive Groups,49.0,UG/M3,1 Hr,Valid
Banja Luka,PM2.5 - Principal,2021-11-30 09:00 AM,2021,11,30,09,49.8,136,Unhealthy for Sensitive Groups,52.3,UG/M3,1 Hr,Valid
Banja Luka,PM2.5 - Principal,2021-11-30 10:00 AM,2021,11,30,10,52.9,144,Unhealthy for Sensitive Groups,56.1,UG/M3,1 Hr,Valid
Banja Luka,PM2.5 - Principal,2021-11-30 11:00 AM,2021,11,30,11,42.3,118,Unhealthy for Sensitive Groups,31.7,UG/M3,1 Hr,Valid
Banja Luka,PM2.5 - Principal,2021-11-30 12:00 PM,2021,11,30,12,25.3,79,Moderate,8.4,UG/M3,1 Hr,Valid
Banja Luka,PM2.5 - Principal,2021-11-30 01:00 PM,2021,11,30,13,16.2,60,Moderate,7.0,UG/M3,1 Hr,Valid
Banja Luka,PM2.5 - Principal,2021-11-30 02:00 PM,2021,11,30,14,10.4,43,Good,4.7,UG/M3,1 Hr,Valid
Banja Luka,PM2.5 - Principal,2021-11-30 03:00 PM,2021,11,30,15,8.4,35,Good,6.4,UG/M3,1 Hr,Valid
Banja Luka,PM2.5 - Principal,2021-11-30 04:00 PM,2021,11,30,16,11.4,48,Good,14.3,UG/M3,1 Hr,Valid
Banja Luka,PM2.5 - Principal,2021-11-30 05:00 PM,2021,11,30,17,12.7,52,Moderate,14.1,UG/M3,1 Hr,Valid
Banja Luka,PM2.5 - Principal,2021-11-30 06:00 PM,2021,11,30,18,12.1,51,Moderate,11.5,UG/M3,1 Hr,Valid
Banja Luka,PM2.5 - Principal,2021-11-30 07:00 PM,2021,11,30,19,11.5,48,Good,10.9,UG/M3,1 Hr,Valid
Banja Luka,PM2.5 - Principal,2021-11-30 08:00 PM,2021,11,30,20,11.0,46,Good,10.6,UG/M3,1 Hr,Valid
Banja Luka,PM2.5 - Principal,2021-11-30 09:00 PM,2021,11,30,21,8.7,36,Good,6.3,UG/M3,1 Hr,Valid
Banja Luka,PM2.5 - Principal,2021-11-30 10:00 PM,2021,11,30,22,7.7,32,Good,6.8,UG/M3,1 Hr,Valid
Banja Luka,PM2.5 - Principal,2021-11-30 11:00 PM,2021,11,30,23,7.0,29,Good,6.2,UG/M3,1 Hr,Valid
Banja Luka,PM2.5 - Principal,2021-12-01 12:00 AM,2021,12,01,00,5.9,25,Good,4.8,UG/M3,1 Hr,Valid
Banja Luka,PM2.5 - Principal,2021-12-01 01:00 AM,2021,12,01,01,4.7,20,Good,3.6,UG/M3,1 Hr,Valid
Banja Luka,PM2.5 - Principal,2021-12-01 02:00 AM,2021,12,01,02,4.0,17,Good,3.2,UG/M3,1 Hr,Valid
Banja Luka,PM2.5 - Principal,2021-12-01 03:00 AM,2021,12,01,03,3.6,15,Good,3.2,UG/M3,1 Hr,Valid
Banja Luka,PM2.5 - Principal,2021-12-01 04:00 AM,2021,12,01,04,3.5,15,Good,3.4,UG/M3,1 Hr,Valid
Banja Luka,PM2.5 - Principal,2021-12-01 05:00 AM,2021,12,01,05,3.7,15,Good,3.9,UG/M3,1 Hr,Valid
Banja Luka,PM2.5 - Principal,2021-12-01 06:00 AM,2021,12,01,06,3.8,16,Good,3.9,UG/M3,1 Hr,Valid
Banja Luka,PM2.5 - Principal,2021-12-01 07:00 AM,2021,12,01,07,4.5,19,Good,5.2,UG/M3,1 Hr,Valid
Banja Luka,PM2.5 - Principal,2021-12-01 08:00 AM,2021,12,01,08,5.3,22,Good,6.1,UG/M3,1 Hr,Valid
Banja Luka,PM2.5 - Principal,2021-12-01 09:00 AM,2021,12,01,09,6.0,25,Good,6.7,UG/M3,1 Hr,Valid
Banja Luka,PM2.5 - Principal,2021-12-01 10:00 AM,2021,12,01,10,5.5,23,Good,4.9,UG/M3,1 Hr,Valid
Banja Luka,PM2.5 - Principal,2021-12-01 11:00 AM,2021,12,01,11,5.4,23,Good,5.3,UG/M3,1 Hr,Valid
Banja Luka,PM2.5 - Principal,2021-12-01 12:00 PM,2021,12,01,12,5.1,21,Good,4.8,UG/M3,1 Hr,Valid
Banja Luka,PM2.5 - Principal,2021-12-01 01:00 PM,2021,12,01,13,4.9,20,Good,4.7,UG/M3,1 Hr,Valid
Banja Luka,PM2.5 - Principal,2021-12-01 02:00 PM,2021,12,01,14,5.0,21,Good,5.1,UG/M3,1 Hr,Valid
Banja Luka,PM2.5 - Principal,2021-12-01 03:00 PM,2021,12,01,15,5.7,24,Good,6.5,UG/M3,1 Hr,Valid
Banja Luka,PM2.5 - Principal,2021-12-01 04:00 PM,2021,12,01,16,5.9,25,Good,6.2,UG/M3,1 Hr,Valid
Banja Luka,PM2.5 - Principal,2021-12-01 05:00 PM,2021,12,01,17,6.6,28,Good,7.3,UG/M3,1 Hr,Valid
Banja Luka,PM2.5 - Principal,2021-12-01 06:00 PM,2021,12,01,18,6.7,28,Good,7.2,UG/M3,1 Hr,Valid
Banja Luka,PM2.5 - Principal,2021-12-01 07:00 PM,2021,12,01,19,6.6,28,Good,6.6,UG/M3,1 Hr,Valid
Banja Luka,PM2.5 - Principal,2021-12-01 08:00 PM,2021,12,01,20,6.6,28,Good,6.6,UG/M3,1 Hr,Valid
Banja Luka,PM2.5 - Principal,2021-12-01 09:00 PM,2021,12,01,21,6.2,26,Good,5.4,UG/M3,1 Hr,Valid
Banja Luka,PM2.5 - Principal,2021-12-01 10:00 PM,2021,12,01,22,5.4,23,Good,4.3,UG/M3,1 Hr,Valid
Banja Luka,PM2.5 - Principal,2021-12-01 11:00 PM,2021,12,01,23,4.6,19,Good,3.9,UG/M3,1 Hr,Valid
Banja Luka,PM2.5 - Principal,2021-12-02 12:00 AM,2021,12,02,00,4.1,17,Good,3.6,UG/M3,1 Hr,Valid
Banja Luka,PM2.5 - Principal,2021-12-02 01:00 AM,2021,12,02,01,3.7,15,Good,3.4,UG/M3,1 Hr,Valid
Banja Luka,PM2.5 - Principal,2021-12-02 02:00 AM,2021,12,02,02,4.5,19,Good,5.2,UG/M3,1 Hr,Valid
Banja Luka,PM2.5 - Principal,2021-12-02 03:00 AM,2021,12,02,03,6.9,29,Good,9.4,UG/M3,1 Hr,Valid
Banja Luka,PM2.5 - Principal,2021-12-02 04:00 AM,2021,12,02,04,7.1,30,Good,7.2,UG/M3,1 Hr,Valid
Banja Luka,PM2.5 - Principal,2021-12-02 05:00 AM,2021,12,02,05,4.6,19,Good,2.1,UG/M3,1 Hr,Valid
Banja Luka,PM2.5 - Principal,2021-12-02 06:00 AM,2021,12,02,06,3.4,14,Good,2.2,UG/M3,1 Hr,Valid
Banja Luka,PM2.5 - Principal,2021-12-02 07:00 AM,2021,12,02,07,3.2,13,Good,2.9,UG/M3,1 Hr,Valid
Banja Luka,PM2.5 - Principal,2021-12-02 08:00 AM,2021,12,02,08,3.8,16,Good,4.4,UG/M3,1 Hr,Valid
Banja Luka,PM2.5 - Principal,2021-12-02 09:00 AM,2021,12,02,09,4.2,18,Good,4.7,UG/M3,1 Hr,Valid
Banja Luka,PM2.5 - Principal,2021-12-02 10:00 AM,2021,12,02,10,3.7,15,Good,3.3,UG/M3,1 Hr,Valid
Banja Luka,PM2.5 - Principal,2021-12-02 11:00 AM,2021,12,02,11,3.6,15,Good,3.5,UG/M3,1 Hr,Valid
Banja Luka,PM2.5 - Principal,2021-12-02 12:00 PM,2021,12,02,12,3.2,13,Good,2.8,UG/M3,1 Hr,Valid
Banja Luka,PM2.5 - Principal,2021-12-02 01:00 PM,2021,12,02,13,2.9,12,Good,2.7,UG/M3,1 Hr,Valid
Banja Luka,PM2.5 - Principal,2021-12-02 02:00 PM,2021,12,02,14,3.2,13,Good,3.4,UG/M3,1 Hr,Valid
Banja Luka,PM2.5 - Principal,2021-12-02 03:00 PM,2021,12,02,15,3.2,13,Good,3.3,UG/M3,1 Hr,Valid
Banja Luka,PM2.5 - Principal,2021-12-02 04:00 PM,2021,12,02,16,3.9,16,Good,4.7,UG/M3,1 Hr,Valid
Banja Luka,PM2.5 - Principal,2021-12-02 05:00 PM,2021,12,02,17,5.3,22,Good,6.7,UG/M3,1 Hr,Valid
Banja Luka,PM2.5 - Principal,2021-12-02 06:00 PM,2021,12,02,18,7.4,31,Good,9.5,UG/M3,1 Hr,Valid
Banja Luka,PM2.5 - Principal,2021-12-02 07:00 PM,2021,12,02,19,6.2,26,Good,5.0,UG/M3,1 Hr,Valid
Banja Luka,PM2.5 - Principal,2021-12-02 08:00 PM,2021,12,02,20,6.5,27,Good,6.8,UG/M3,1 Hr,Valid
Banja Luka,PM2.5 - Principal,2021-12-02 09:00 PM,2021,12,02,21,10.3,43,Good,14.0,UG/M3,1 Hr,Valid
Banja Luka,PM2.5 - Principal,2021-12-02 10:00 PM,2021,12,02,22,7.5,31,Good,4.7,UG/M3,1 Hr,Valid
Banja Luka,PM2.5 - Principal,2021-12-02 11:00 PM,2021,12,02,23,6.6,28,Good,5.7,UG/M3,1 Hr,Valid
Banja Luka,PM2.5 - Principal,2021-12-03 12:00 AM,2021,12,03,00,4.8,20,Good,3.1,UG/M3,1 Hr,Valid
Banja Luka,PM2.5 - Principal,2021-12-03 01:00 AM,2021,12,03,01,4.1,17,Good,3.4,UG/M3,1 Hr,Valid
Banja Luka,PM2.5 - Principal,2021-12-03 02:00 AM,2021,12,03,02,3.6,15,Good,3.1,UG/M3,1 Hr,Valid
Banja Luka,PM2.5 - Principal,2021-12-03 03:00 AM,2021,12,03,03,9.1,38,Good,14.5,UG/M3,1 Hr,Valid
Banja Luka,PM2.5 - Principal,2021-12-03 04:00 AM,2021,12,03,04,6.6,28,Good,4.1,UG/M3,1 Hr,Valid
Banja Luka,PM2.5 - Principal,2021-12-03 05:00 AM,2021,12,03,05,3.9,16,Good,1.1,UG/M3,1 Hr,Valid
Banja Luka,PM2.5 - Principal,2021-12-03 06:00 AM,2021,12,03,06,3.5,15,Good,3.1,UG/M3,1 Hr,Valid
Banja Luka,PM2.5 - Principal,2021-12-03 07:00 AM,2021,12,03,07,4.9,20,Good,6.3,UG/M3,1 Hr,Valid
Banja Luka,PM2.5 - Principal,2021-12-03 08:00 AM,2021,12,03,08,7.8,33,Good,10.7,UG/M3,1 Hr,Valid
Banja Luka,PM2.5 - Principal,2021-12-03 09:00 AM,2021,12,03,09,11.5,48,Good,15.2,UG/M3,1 Hr,Valid
Banja Luka,PM2.5 - Principal,2021-12-03 10:00 AM,2021,12,03,10,12.8,52,Moderate,14.1,UG/M3,1 Hr,Valid
Banja Luka,PM2.5 - Principal,2021-12-03 11:00 AM,2021,12,03,11,18.2,64,Moderate,23.6,UG/M3,1 Hr,Valid
Banja Luka,PM2.5 - Principal,2021-12-03 12:00 PM,2021,12,03,12,54.1,147,Unhealthy for Sensitive Groups,89.9,UG/M3,1 Hr,Valid
Banja Luka,PM2.5 - Principal,2021-12-03 01:00 PM,2021,12,03,13,57.8,152,Unhealthy,61.5,UG/M3,1 Hr,Valid
Banja Luka,PM2.5 - Principal,2021-12-03 02:00 PM,2021,12,03,14,39.2,110,Unhealthy for Sensitive Groups,20.6,UG/M3,1 Hr,Valid
Banja Luka,PM2.5 - Principal,2021-12-03 03:00 PM,2021,12,03,15,38.3,108,Unhealthy for Sensitive Groups,37.5,UG/M3,1 Hr,Valid
Banja Luka,PM2.5 - Principal,2021-12-03 04:00 PM,2021,12,03,16,33.7,96,Moderate,29.0,UG/M3,1 Hr,Valid
Banja Luka,PM2.5 - Principal,2021-12-03 05:00 PM,2021,12,03,17,43.0,119,Unhealthy for Sensitive Groups,52.3,UG/M3,1 Hr,Valid
Banja Luka,PM2.5 - Principal,2021-12-03 06:00 PM,2021,12,03,18,101.9,175,Unhealthy,160.8,UG/M3,1 Hr,Valid
Banja Luka,PM2.5 - Principal,2021-12-03 07:00 PM,2021,12,03,19,165.2,216,Very Unhealthy,228.5,UG/M3,1 Hr,Valid
Banja Luka,PM2.5 - Principal,2021-12-03 08:00 PM,2021,12,03,20,204.1,254,Very Unhealthy,242.9,UG/M3,1 Hr,Valid
Banja Luka,PM2.5 - Principal,2021-12-03 09:00 PM,2021,12,03,21,200.9,251,Very Unhealthy,197.6,UG/M3,1 Hr,Valid
Banja Luka,PM2.5 - Principal,2021-12-03 10:00 PM,2021,12,03,22,239.5,289,Very Unhealthy,278.0,UG/M3,1 Hr,Valid
Banja Luka,PM2.5 - Principal,2021-12-03 11:00 PM,2021,12,03,23,218.2,268,Very Unhealthy,196.9,UG/M3,1 Hr,Valid
Banja Luka,PM2.5 - Principal,2021-12-04 12:00 AM,2021,12,04,00,178.7,229,Very Unhealthy,139.1,UG/M3,1 Hr,Valid
Banja Luka,PM2.5 - Principal,2021-12-04 01:00 AM,2021,12,04,01,157.2,208,Very Unhealthy,135.7,UG/M3,1 Hr,Valid
Banja Luka,PM2.5 - Principal,2021-12-04 02:00 AM,2021,12,04,02,116.2,182,Unhealthy,75.2,UG/M3,1 Hr,Valid
Banja Luka,PM2.5 - Principal,2021-12-04 03:00 AM,2021,12,04,03,85.0,166,Unhealthy,53.8,UG/M3,1 Hr,Valid
Banja Luka,PM2.5 - Principal,2021-12-04 04:00 AM,2021,12,04,04,74.6,161,Unhealthy,64.2,UG/M3,1 Hr,Valid
Banja Luka,PM2.5 - Principal,2021-12-04 05:00 AM,2021,12,04,05,64.2,155,Unhealthy,53.8,UG/M3,1 Hr,Valid
Banja Luka,PM2.5 - Principal,2021-12-04 06:00 AM,2021,12,04,06,60.9,154,Unhealthy,57.6,UG/M3,1 Hr,Valid
Banja Luka,PM2.5 - Principal,2021-12-04 07:00 AM,2021,12,04,07,60.9,154,Unhealthy,60.9,UG/M3,1 Hr,Valid
Banja Luka,PM2.5 - Principal,2021-12-04 08:00 AM,2021,12,04,08,79.7,163,Unhealthy,98.6,UG/M3,1 Hr,Valid
Banja Luka,PM2.5 - Principal,2021-12-04 09:00 AM,2021,12,04,09,86.9,167,Unhealthy,94.1,UG/M3,1 Hr,Valid
Banja Luka,PM2.5 - Principal,2021-12-04 10:00 AM,2021,12,04,10,57.5,152,Unhealthy,28.2,UG/M3,1 Hr,Valid
Banja Luka,PM2.5 - Principal,2021-12-04 11:00 AM,2021,12,04,11,53.9,146,Unhealthy for Sensitive Groups,50.3,UG/M3,1 Hr,Valid
Banja Luka,PM2.5 - Principal,2021-12-04 12:00 PM,2021,12,04,12,51.2,140,Unhealthy for Sensitive Groups,48.4,UG/M3,1 Hr,Valid
Banja Luka,PM2.5 - Principal,2021-12-04 01:00 PM,2021,12,04,13,58.5,153,Unhealthy,65.9,UG/M3,1 Hr,Valid
Banja Luka,PM2.5 - Principal,2021-12-04 02:00 PM,2021,12,04,14,49.8,136,Unhealthy for Sensitive Groups,41.1,UG/M3,1 Hr,Valid
Banja Luka,PM2.5 - Principal,2021-12-04 03:00 PM,2021,12,04,15,55.7,151,Unhealthy,61.7,UG/M3,1 Hr,Valid
Banja Luka,PM2.5 - Principal,2021-12-04 04:00 PM,2021,12,04,16,66.4,157,Unhealthy,77.1,UG/M3,1 Hr,Valid
Banja Luka,PM2.5 - Principal,2021-12-04 05:00 PM,2021,12,04,17,168.4,219,Very Unhealthy,270.4,UG/M3,1 Hr,Valid
Banja Luka,PM2.5 - Principal,2021-12-04 06:00 PM,2021,12,04,18,237.3,287,Very Unhealthy,306.1,UG/M3,1 Hr,Valid
Banja Luka,PM2.5 - Principal,2021-12-04 07:00 PM,2021,12,04,19,255.4,306,Hazardous,273.4,UG/M3,1 Hr,Valid
Banja Luka,PM2.5 - Principal,2021-12-04 08:00 PM,2021,12,04,20,345.6,395,Hazardous,435.8,UG/M3,1 Hr,Valid
Banja Luka,PM2.5 - Principal,2021-12-04 09:00 PM,2021,12,04,21,304.2,354,Hazardous,262.6,UG/M3,1 Hr,Valid
Banja Luka,PM2.5 - Principal,2021-12-04 10:00 PM,2021,12,04,22,283.6,334,Hazardous,263.0,UG/M3,1 Hr,Valid
Banja Luka,PM2.5 - Principal,2021-12-04 11:00 PM,2021,12,04,23,229.2,279,Very Unhealthy,174.9,UG/M3,1 Hr,Valid
Banja Luka,PM2.5 - Principal,2021-12-05 12:00 AM,2021,12,05,00,192.0,242,Very Unhealthy,154.7,UG/M3,1 Hr,Valid
Banja Luka,PM2.5 - Principal,2021-12-05 01:00 AM,2021,12,05,01,194.1,244,Very Unhealthy,196.1,UG/M3,1 Hr,Valid
Banja Luka,PM2.5 - Principal,2021-12-05 02:00 AM,2021,12,05,02,185.5,236,Very Unhealthy,176.9,UG/M3,1 Hr,Valid
Banja Luka,PM2.5 - Principal,2021-12-05 03:00 AM,2021,12,05,03,137.6,193,Unhealthy,89.7,UG/M3,1 Hr,Valid
Banja Luka,PM2.5 - Principal,2021-12-05 04:00 AM,2021,12,05,04,109.7,179,Unhealthy,81.9,UG/M3,1 Hr,Valid
Banja Luka,PM2.5 - Principal,2021-12-05 05:00 AM,2021,12,05,05,88.2,168,Unhealthy,66.7,UG/M3,1 Hr,Valid
Banja Luka,PM2.5 - Principal,2021-12-05 06:00 AM,2021,12,05,06,77.6,162,Unhealthy,67.1,UG/M3,1 Hr,Valid
Banja Luka,PM2.5 - Principal,2021-12-05 07:00 AM,2021,12,05,07,81.7,165,Unhealthy,85.8,UG/M3,1 Hr,Valid
Banja Luka,PM2.5 - Principal,2021-12-05 08:00 AM,2021,12,05,08,84.5,166,Unhealthy,87.3,UG/M3,1 Hr,Valid
Banja Luka,PM2.5 - Principal,2021-12-05 09:00 AM,2021,12,05,09,87.6,168,Unhealthy,90.7,UG/M3,1 Hr,Valid
Banja Luka,PM2.5 - Principal,2021-12-05 10:00 AM,2021,12,05,10,90.7,169,Unhealthy,93.8,UG/M3,1 Hr,Valid
Banja Luka,PM2.5 - Principal,2021-12-05 11:00 AM,2021,12,05,11,105.2,177,Unhealthy,119.8,UG/M3,1 Hr,Valid
Banja Luka,PM2.5 - Principal,2021-12-05 12:00 PM,2021,12,05,12,124.1,186,Unhealthy,143.0,UG/M3,1 Hr,Valid
Banja Luka,PM2.5 - Principal,2021-12-05 01:00 PM,2021,12,05,13,117.4,183,Unhealthy,110.8,UG/M3,1 Hr,Valid
Banja Luka,PM2.5 - Principal,2021-12-05 02:00 PM,2021,12,05,14,140.1,195,Unhealthy,162.7,UG/M3,1 Hr,Valid
Banja Luka,PM2.5 - Principal,2021-12-05 03:00 PM,2021,12,05,15,125.6,187,Unhealthy,111.2,UG/M3,1 Hr,Valid
Banja Luka,PM2.5 - Principal,2021-12-05 04:00 PM,2021,12,05,16,112.7,181,Unhealthy,99.8,UG/M3,1 Hr,Valid
Banja Luka,PM2.5 - Principal,2021-12-05 05:00 PM,2021,12,05,17,74.2,161,Unhealthy,35.6,UG/M3,1 Hr,Valid
Banja Luka,PM2.5 - Principal,2021-12-05 06:00 PM,2021,12,05,18,52.9,144,Unhealthy for Sensitive Groups,31.7,UG/M3,1 Hr,Valid
Banja Luka,PM2.5 - Principal,2021-12-05 07:00 PM,2021,12,05,19,58.0,152,Unhealthy,63.1,UG/M3,1 Hr,Valid
Banja Luka,PM2.5 - Principal,2021-12-05 08:00 PM,2021,12,05,20,73.5,160,Unhealthy,88.9,UG/M3,1 Hr,Valid
Banja Luka,PM2.5 - Principal,2021-12-05 09:00 PM,2021,12,05,21,45.7,126,Unhealthy for Sensitive Groups,17.9,UG/M3,1 Hr,Valid
Banja Luka,PM2.5 - Principal,2021-12-05 10:00 PM,2021,12,05,22,59.2,153,Unhealthy,72.7,UG/M3,1 Hr,Valid
Banja Luka,PM2.5 - Principal,2021-12-05 11:00 PM,2021,12,05,23,58.6,153,Unhealthy,58.0,UG/M3,1 Hr,Valid
Banja Luka,PM2.5 - Principal,2021-12-06 12:00 AM,2021,12,06,00,42.0,117,Unhealthy for Sensitive Groups,25.4,UG/M3,1 Hr,Valid
Banja Luka,PM2.5 - Principal,2021-12-06 01:00 AM,2021,12,06,01,28.9,86,Moderate,15.9,UG/M3,1 Hr,Valid
Banja Luka,PM2.5 - Principal,2021-12-06 02:00 AM,2021,12,06,02,20.6,69,Moderate,12.4,UG/M3,1 Hr,Valid
Banja Luka,PM2.5 - Principal,2021-12-06 03:00 AM,2021,12,06,03,16.2,60,Moderate,11.8,UG/M3,1 Hr,Valid
Banja Luka,PM2.5 - Principal,2021-12-06 04:00 AM,2021,12,06,04,14.4,56,Moderate,12.6,UG/M3,1 Hr,Valid
Banja Luka,PM2.5 - Principal,2021-12-06 05:00 AM,2021,12,06,05,13.1,53,Moderate,11.8,UG/M3,1 Hr,Valid
Banja Luka,PM2.5 - Principal,2021-12-06 06:00 AM,2021,12,06,06,12.9,53,Moderate,12.7,UG/M3,1 Hr,Valid
Banja Luka,PM2.5 - Principal,2021-12-06 07:00 AM,2021,12,06,07,13.9,55,Moderate,15.0,UG/M3,1 Hr,Valid
Banja Luka,PM2.5 - Principal,2021-12-06 08:00 AM,2021,12,06,08,16.5,60,Moderate,19.2,UG/M3,1 Hr,Valid
Banja Luka,PM2.5 - Principal,2021-12-06 09:00 AM,2021,12,06,09,21.2,70,Moderate,25.9,UG/M3,1 Hr,Valid
Banja Luka,PM2.5 - Principal,2021-12-06 10:00 AM,2021,12,06,10,26.6,81,Moderate,32.1,UG/M3,1 Hr,Valid
Banja Luka,PM2.5 - Principal,2021-12-06 11:00 AM,2021,12,06,11,39.4,111,Unhealthy for Sensitive Groups,52.1,UG/M3,1 Hr,Valid
Banja Luka,PM2.5 - Principal,2021-12-06 12:00 PM,2021,12,06,12,32.8,95,Moderate,26.2,UG/M3,1 Hr,Valid
Banja Luka,PM2.5 - Principal,2021-12-06 01:00 PM,2021,12,06,13,29.8,88,Moderate,26.8,UG/M3,1 Hr,Valid
Banja Luka,PM2.5 - Principal,2021-12-06 02:00 PM,2021,12,06,14,29.9,88,Moderate,29.9,UG/M3,1 Hr,Valid
Banja Luka,PM2.5 - Principal,2021-12-06 03:00 PM,2021,12,06,15,31.1,91,Moderate,32.3,UG/M3,1 Hr,Valid
Banja Luka,PM2.5 - Principal,2021-12-06 04:00 PM,2021,12,06,16,30.7,90,Moderate,30.3,UG/M3,1 Hr,Valid
Banja Luka,PM2.5 - Principal,2021-12-06 05:00 PM,2021,12,06,17,37.2,105,Unhealthy for Sensitive Groups,43.7,UG/M3,1 Hr,Valid
Banja Luka,PM2.5 - Principal,2021-12-06 06:00 PM,2021,12,06,18,44.1,122,Unhealthy for Sensitive Groups,51.0,UG/M3,1 Hr,Valid
Banja Luka,PM2.5 - Principal,2021-12-06 07:00 PM,2021,12,06,19,58.6,153,Unhealthy,73.0,UG/M3,1 Hr,Valid
Banja Luka,PM2.5 - Principal,2021-12-06 08:00 PM,2021,12,06,20,53.6,146,Unhealthy for Sensitive Groups,48.6,UG/M3,1 Hr,Valid
Banja Luka,PM2.5 - Principal,2021-12-06 09:00 PM,2021,12,06,21,44.3,123,Unhealthy for Sensitive Groups,35.0,UG/M3,1 Hr,Valid
Banja Luka,PM2.5 - Principal,2021-12-06 10:00 PM,2021,12,06,22,39.7,111,Unhealthy for Sensitive Groups,35.2,UG/M3,1 Hr,Valid
Banja Luka,PM2.5 - Principal,2021-12-06 11:00 PM,2021,12,06,23,36.1,102,Unhealthy for Sensitive Groups,32.5,UG/M3,1 Hr,Valid
Banja Luka,PM2.5 - Principal,2021-12-07 12:00 AM,2021,12,07,00,66.0,156,Unhealthy,95.9,UG/M3,1 Hr,Valid
Banja Luka,PM2.5 - Principal,2021-12-07 01:00 AM,2021,12,07,01,81.2,164,Unhealthy,96.4,UG/M3,1 Hr,Valid
Banja Luka,PM2.5 - Principal,2021-12-07 02:00 AM,2021,12,07,02,72.2,160,Unhealthy,63.1,UG/M3,1 Hr,Valid
Banja Luka,PM2.5 - Principal,2021-12-07 03:00 AM,2021,12,07,03,61.4,154,Unhealthy,50.7,UG/M3,1 Hr,Valid
Banja Luka,PM2.5 - Principal,2021-12-07 04:00 AM,2021,12,07,04,45.7,126,Unhealthy for Sensitive Groups,29.9,UG/M3,1 Hr,Valid
Banja Luka,PM2.5 - Principal,2021-12-07 05:00 AM,2021,12,07,05,36.2,103,Unhealthy for Sensitive Groups,26.7,UG/M3,1 Hr,Valid
Banja Luka,PM2.5 - Principal,2021-12-07 06:00 AM,2021,12,07,06,32.8,95,Moderate,29.4,UG/M3,1 Hr,Valid
Banja Luka,PM2.5 - Principal,2021-12-07 07:00 AM,2021,12,07,07,35.3,100,Moderate,37.7,UG/M3,1 Hr,Valid
Banja Luka,PM2.5 - Principal,2021-12-07 08:00 AM,2021,12,07,08,39.2,110,Unhealthy for Sensitive Groups,43.2,UG/M3,1 Hr,Valid
Banja Luka,PM2.5 - Principal,2021-12-07 09:00 AM,2021,12,07,09,42.3,118,Unhealthy for Sensitive Groups,45.3,UG/M3,1 Hr,Valid
Banja Luka,PM2.5 - Principal,2021-12-07 10:00 AM,2021,12,07,10,38.5,108,Unhealthy for Sensitive Groups,34.8,UG/M3,1 Hr,Valid
Banja Luka,PM2.5 - Principal,2021-12-07 11:00 AM,2021,12,07,11,37.8,107,Unhealthy for Sensitive Groups,37.0,UG/M3,1 Hr,Valid
Banja Luka,PM2.5 - Principal,2021-12-07 12:00 PM,2021,12,07,12,35.6,101,Unhealthy for Sensitive Groups,33.5,UG/M3,1 Hr,Valid
Banja Luka,PM2.5 - Principal,2021-12-07 01:00 PM,2021,12,07,13,31.5,92,Moderate,27.5,UG/M3,1 Hr,Valid
Banja Luka,PM2.5 - Principal,2021-12-07 02:00 PM,2021,12,07,14,28.9,86,Moderate,26.0,UG/M3,1 Hr,Valid
Banja Luka,PM2.5 - Principal,2021-12-07 03:00 PM,2021,12,07,15,32.0,93,Moderate,35.2,UG/M3,1 Hr,Valid
Banja Luka,PM2.5 - Principal,2021-12-07 04:00 PM,2021,12,07,16,32.6,94,Moderate,33.5,UG/M3,1 Hr,Valid
Banja Luka,PM2.5 - Principal,2021-12-07 05:00 PM,2021,12,07,17,55.8,151,Unhealthy,78.8,UG/M3,1 Hr,Valid
Banja Luka,PM2.5 - Principal,2021-12-07 06:00 PM,2021,12,07,18,52.2,142,Unhealthy for Sensitive Groups,48.7,UG/M3,1 Hr,Valid
Banja Luka,PM2.5 - Principal,2021-12-07 07:00 PM,2021,12,07,19,56.8,152,Unhealthy,61.3,UG/M3,1 Hr,Valid
Banja Luka,PM2.5 - Principal,2021-12-07 08:00 PM,2021,12,07,20,74.6,161,Unhealthy,92.3,UG/M3,1 Hr,Valid
Banja Luka,PM2.5 - Principal,2021-12-07 09:00 PM,2021,12,07,21,148.4,199,Unhealthy,222.3,UG/M3,1 Hr,Valid
Banja Luka,PM2.5 - Principal,2021-12-07 10:00 PM,2021,12,07,22,95.1,171,Unhealthy,41.8,UG/M3,1 Hr,Valid
Banja Luka,PM2.5 - Principal,2021-12-07 11:00 PM,2021,12,07,23,63.6,155,Unhealthy,32.2,UG/M3,1 Hr,Valid
Banja Luka,PM2.5 - Principal,2021-12-08 12:00 AM,2021,12,08,00,111.0,180,Unhealthy,158.4,UG/M3,1 Hr,Valid
Banja Luka,PM2.5 - Principal,2021-12-08 01:00 AM,2021,12,08,01,95.0,171,Unhealthy,78.9,UG/M3,1 Hr,Valid
Banja Luka,PM2.5 - Principal,2021-12-08 02:00 AM,2021,12,08,02,63.9,155,Unhealthy,32.8,UG/M3,1 Hr,Valid
Banja Luka,PM2.5 - Principal,2021-12-08 03:00 AM,2021,12,08,03,41.9,117,Unhealthy for Sensitive Groups,20.0,UG/M3,1 Hr,Valid
Banja Luka,PM2.5 - Principal,2021-12-08 04:00 AM,2021,12,08,04,29.0,87,Moderate,16.1,UG/M3,1 Hr,Valid
Banja Luka,PM2.5 - Principal,2021-12-08 05:00 AM,2021,12,08,05,22.7,73,Moderate,16.4,UG/M3,1 Hr,Valid
Banja Luka,PM2.5 - Principal,2021-12-08 06:00 AM,2021,12,08,06,18.5,64,Moderate,14.3,UG/M3,1 Hr,Valid
Banja Luka,PM2.5 - Principal,2021-12-08 07:00 AM,2021,12,08,07,17.8,63,Moderate,17.1,UG/M3,1 Hr,Valid
Banja Luka,PM2.5 - Principal,2021-12-08 08:00 AM,2021,12,08,08,33.7,96,Moderate,49.7,UG/M3,1 Hr,Valid
Banja Luka,PM2.5 - Principal,2021-12-08 09:00 AM,2021,12,08,09,28.3,85,Moderate,23.0,UG/M3,1 Hr,Valid
Banja Luka,PM2.5 - Principal,2021-12-08 10:00 AM,2021,12,08,10,25.8,80,Moderate,23.2,UG/M3,1 Hr,Valid
Banja Luka,PM2.5 - Principal,2021-12-08 11:00 AM,2021,12,08,11,28.9,86,Moderate,32.0,UG/M3,1 Hr,Valid
Banja Luka,PM2.5 - Principal,2021-12-08 12:00 PM,2021,12,08,12,29.5,88,Moderate,30.2,UG/M3,1 Hr,Valid
Banja Luka,PM2.5 - Principal,2021-12-08 01:00 PM,2021,12,08,13,27.8,84,Moderate,26.2,UG/M3,1 Hr,Valid
Banja Luka,PM2.5 - Principal,2021-12-08 02:00 PM,2021,12,08,14,28.3,85,Moderate,28.7,UG/M3,1 Hr,Valid
Banja Luka,PM2.5 - Principal,2021-12-08 03:00 PM,2021,12,08,15,52.4,143,Unhealthy for Sensitive Groups,76.5,UG/M3,1 Hr,Valid
Banja Luka,PM2.5 - Principal,2021-12-08 04:00 PM,2021,12,08,16,58.8,153,Unhealthy,65.2,UG/M3,1 Hr,Valid
Banja Luka,PM2.5 - Principal,2021-12-08 05:00 PM,2021,12,08,17,74.8,161,Unhealthy,90.7,UG/M3,1 Hr,Valid
Banja Luka,PM2.5 - Principal,2021-12-08 06:00 PM,2021,12,08,18,150.8,201,Very Unhealthy,226.7,UG/M3,1 Hr,Valid
Banja Luka,PM2.5 - Principal,2021-12-08 07:00 PM,2021,12,08,19,181.4,232,Very Unhealthy,212.1,UG/M3,1 Hr,Valid
Banja Luka,PM2.5 - Principal,2021-12-08 08:00 PM,2021,12,08,20,157.5,208,Very Unhealthy,133.5,UG/M3,1 Hr,Valid
Banja Luka,PM2.5 - Principal,2021-12-08 09:00 PM,2021,12,08,21,116.9,183,Unhealthy,76.3,UG/M3,1 Hr,Valid
Banja Luka,PM2.5 - Principal,2021-12-08 10:00 PM,2021,12,08,22,130.6,190,Unhealthy,144.2,UG/M3,1 Hr,Valid
Banja Luka,PM2.5 - Principal,2021-12-08 11:00 PM,2021,12,08,23,112.7,181,Unhealthy,94.9,UG/M3,1 Hr,Valid
Banja Luka,PM2.5 - Principal,2021-12-09 12:00 AM,2021,12,09,00,92.4,170,Unhealthy,71.9,UG/M3,1 Hr,Valid
Banja Luka,PM2.5 - Principal,2021-12-09 01:00 AM,2021,12,09,01,77.9,163,Unhealthy,63.3,UG/M3,1 Hr,Valid
Banja Luka,PM2.5 - Principal,2021-12-09 02:00 AM,2021,12,09,02,77.7,162,Unhealthy,77.5,UG/M3,1 Hr,Valid
Banja Luka,PM2.5 - Principal,2021-12-09 03:00 AM,2021,12,09,03,66.1,156,Unhealthy,54.4,UG/M3,1 Hr,Valid
Banja Luka,PM2.5 - Principal,2021-12-09 04:00 AM,2021,12,09,04,57.5,152,Unhealthy,48.9,UG/M3,1 Hr,Valid
Banja Luka,PM2.5 - Principal,2021-12-09 05:00 AM,2021,12,09,05,63.5,155,Unhealthy,69.6,UG/M3,1 Hr,Valid
Banja Luka,PM2.5 - Principal,2021-12-09 06:00 AM,2021,12,09,06,55.4,150,Unhealthy for Sensitive Groups,47.3,UG/M3,1 Hr,Valid
Banja Luka,PM2.5 - Principal,2021-12-09 07:00 AM,2021,12,09,07,53.0,144,Unhealthy for Sensitive Groups,50.7,UG/M3,1 Hr,Valid
Banja Luka,PM2.5 - Principal,2021-12-09 08:00 AM,2021,12,09,08,53.5,145,Unhealthy for Sensitive Groups,54.0,UG/M3,1 Hr,Valid
Banja Luka,PM2.5 - Principal,2021-12-09 09:00 AM,2021,12,09,09,45.8,126,Unhealthy for Sensitive Groups,38.0,UG/M3,1 Hr,Valid
Banja Luka,PM2.5 - Principal,2021-12-09 10:00 AM,2021,12,09,10,60.0,153,Unhealthy,74.3,UG/M3,1 Hr,Valid
Banja Luka,PM2.5 - Principal,2021-12-09 11:00 AM,2021,12,09,11,67.0,157,Unhealthy,74.1,UG/M3,1 Hr,Valid
Banja Luka,PM2.5 - Principal,2021-12-09 12:00 PM,2021,12,09,12,62.6,155,Unhealthy,58.1,UG/M3,1 Hr,Valid
Banja Luka,PM2.5 - Principal,2021-12-09 01:00 PM,2021,12,09,13,50.6,138,Unhealthy for Sensitive Groups,38.6,UG/M3,1 Hr,Valid
Banja Luka,PM2.5 - Principal,2021-12-09 02:00 PM,2021,12,09,14,70.0,158,Unhealthy,89.5,UG/M3,1 Hr,Valid
Banja Luka,PM2.5 - Principal,2021-12-09 03:00 PM,2021,12,09,15,50.4,138,Unhealthy for Sensitive Groups,30.7,UG/M3,1 Hr,Valid
Banja Luka,PM2.5 - Principal,2021-12-09 04:00 PM,2021,12,09,16,45.4,125,Unhealthy for Sensitive Groups,40.4,UG/M3,1 Hr,Valid
Banja Luka,PM2.5 - Principal,2021-12-09 05:00 PM,2021,12,09,17,45.5,126,Unhealthy for Sensitive Groups,45.7,UG/M3,1 Hr,Valid
Banja Luka,PM2.5 - Principal,2021-12-09 06:00 PM,2021,12,09,18,44.2,122,Unhealthy for Sensitive Groups,42.9,UG/M3,1 Hr,Valid
Banja Luka,PM2.5 - Principal,2021-12-09 07:00 PM,2021,12,09,19,41.2,115,Unhealthy for Sensitive Groups,38.2,UG/M3,1 Hr,Valid
Banja Luka,PM2.5 - Principal,2021-12-09 08:00 PM,2021,12,09,20,39.8,112,Unhealthy for Sensitive Groups,38.4,UG/M3,1 Hr,Valid
Banja Luka,PM2.5 - Principal,2021-12-09 09:00 PM,2021,12,09,21,33.4,96,Moderate,27.0,UG/M3,1 Hr,Valid
Banja Luka,PM2.5 - Principal,2021-12-09 10:00 PM,2021,12,09,22,35.5,101,Unhealthy for Sensitive Groups,37.6,UG/M3,1 Hr,Valid
Banja Luka,PM2.5 - Principal,2021-12-09 11:00 PM,2021,12,09,23,32.3,93,Moderate,29.1,UG/M3,1 Hr,Valid
Banja Luka,PM2.5 - Principal,2021-12-10 12:00 AM,2021,12,10,00,30.7,90,Moderate,29.2,UG/M3,1 Hr,Valid
Banja Luka,PM2.5 - Principal,2021-12-10 01:00 AM,2021,12,10,01,31.3,91,Moderate,31.9,UG/M3,1 Hr,Valid
Banja Luka,PM2.5 - Principal,2021-12-10 02:00 AM,2021,12,10,02,30.4,89,Moderate,28.6,UG/M3,1 Hr,Valid
Banja Luka,PM2.5 - Principal,2021-12-10 03:00 AM,2021,12,10,03,29.5,88,Moderate,28.2,UG/M3,1 Hr,Valid
Banja Luka,PM2.5 - Principal,2021-12-10 04:00 AM,2021,12,10,04,28.5,85,Moderate,27.1,UG/M3,1 Hr,Valid
Banja Luka,PM2.5 - Principal,2021-12-10 05:00 AM,2021,12,10,05,31.9,93,Moderate,37.4,UG/M3,1 Hr,Valid
Banja Luka,PM2.5 - Principal,2021-12-10 06:00 AM,2021,12,10,06,34.3,98,Moderate,39.9,UG/M3,1 Hr,Valid
Banja Luka,PM2.5 - Principal,2021-12-10 07:00 AM,2021,12,10,07,35.8,102,Unhealthy for Sensitive Groups,38.8,UG/M3,1 Hr,Valid
Banja Luka,PM2.5 - Principal,2021-12-10 08:00 AM,2021,12,10,08,36.6,104,Unhealthy for Sensitive Groups,38.3,UG/M3,1 Hr,Valid
Banja Luka,PM2.5 - Principal,2021-12-10 09:00 AM,2021,12,10,09,66.1,156,Unhealthy,94.2,UG/M3,1 Hr,Valid
Banja Luka,PM2.5 - Principal,2021-12-10 10:00 AM,2021,12,10,10,64.6,156,Unhealthy,63.2,UG/M3,1 Hr,Valid
Banja Luka,PM2.5 - Principal,2021-12-10 11:00 AM,2021,12,10,11,56.4,151,Unhealthy,48.2,UG/M3,1 Hr,Valid
Banja Luka,PM2.5 - Principal,2021-12-10 12:00 PM,2021,12,10,12,52.1,142,Unhealthy for Sensitive Groups,47.8,UG/M3,1 Hr,Valid
Banja Luka,PM2.5 - Principal,2021-12-10 01:00 PM,2021,12,10,13,69.5,158,Unhealthy,86.8,UG/M3,1 Hr,Valid
Banja Luka,PM2.5 - Principal,2021-12-10 02:00 PM,2021,12,10,14,65.2,156,Unhealthy,60.9,UG/M3,1 Hr,Valid
Banja Luka,PM2.5 - Principal,2021-12-10 03:00 PM,2021,12,10,15,68.7,158,Unhealthy,72.3,UG/M3,1 Hr,Valid
Banja Luka,PM2.5 - Principal,2021-12-10 04:00 PM,2021,12,10,16,66.0,156,Unhealthy,63.3,UG/M3,1 Hr,Valid
Banja Luka,PM2.5 - Principal,2021-12-10 05:00 PM,2021,12,10,17,48.0,132,Unhealthy for Sensitive Groups,30.0,UG/M3,1 Hr,Valid
Banja Luka,PM2.5 - Principal,2021-12-10 06:00 PM,2021,12,10,18,37.3,105,Unhealthy for Sensitive Groups,26.6,UG/M3,1 Hr,Valid
Banja Luka,PM2.5 - Principal,2021-12-10 07:00 PM,2021,12,10,19,36.2,103,Unhealthy for Sensitive Groups,35.2,UG/M3,1 Hr,Valid
Banja Luka,PM2.5 - Principal,2021-12-10 08:00 PM,2021,12,10,20,45.9,127,Unhealthy for Sensitive Groups,55.5,UG/M3,1 Hr,Valid
Banja Luka,PM2.5 - Principal,2021-12-10 09:00 PM,2021,12,10,21,44.1,122,Unhealthy for Sensitive Groups,42.3,UG/M3,1 Hr,Valid
Banja Luka,PM2.5 - Principal,2021-12-10 10:00 PM,2021,12,10,22,44.5,123,Unhealthy for Sensitive Groups,45.0,UG/M3,1 Hr,Valid
Banja Luka,PM2.5 - Principal,2021-12-10 11:00 PM,2021,12,10,23,43.1,120,Unhealthy for Sensitive Groups,41.7,UG/M3,1 Hr,Valid
Banja Luka,PM2.5 - Principal,2021-12-11 12:00 AM,2021,12,11,00,38.2,108,Unhealthy for Sensitive Groups,33.3,UG/M3,1 Hr,Valid
Banja Luka,PM2.5 - Principal,2021-12-11 01:00 AM,2021,12,11,01,34.1,97,Moderate,30.0,UG/M3,1 Hr,Valid
Banja Luka,PM2.5 - Principal,2021-12-11 02:00 AM,2021,12,11,02,35.0,99,Moderate,36.0,UG/M3,1 Hr,Valid
Banja Luka,PM2.5 - Principal,2021-12-11 03:00 AM,2021,12,11,03,34.2,97,Moderate,33.4,UG/M3,1 Hr,Valid
Banja Luka,PM2.5 - Principal,2021-12-11 04:00 AM,2021,12,11,04,33.9,97,Moderate,33.6,UG/M3,1 Hr,Valid
Banja Luka,PM2.5 - Principal,2021-12-11 05:00 AM,2021,12,11,05,34.7,99,Moderate,35.5,UG/M3,1 Hr,Valid
Banja Luka,PM2.5 - Principal,2021-12-11 06:00 AM,2021,12,11,06,32.5,94,Moderate,29.9,UG/M3,1 Hr,Valid
Banja Luka,PM2.5 - Principal,2021-12-11 07:00 AM,2021,12,11,07,31.1,91,Moderate,29.6,UG/M3,1 Hr,Valid
Banja Luka,PM2.5 - Principal,2021-12-11 08:00 AM,2021,12,11,08,32.5,94,Moderate,33.8,UG/M3,1 Hr,Valid
Banja Luka,PM2.5 - Principal,2021-12-11 09:00 AM,2021,12,11,09,32.7,94,Moderate,33.1,UG/M3,1 Hr,Valid
Banja Luka,PM2.5 - Principal,2021-12-11 10:00 AM,2021,12,11,10,58.6,153,Unhealthy,84.5,UG/M3,1 Hr,Valid
Banja Luka,PM2.5 - Principal,2021-12-11 11:00 AM,2021,12,11,11,70.8,159,Unhealthy,82.9,UG/M3,1 Hr,Valid
Banja Luka,PM2.5 - Principal,2021-12-11 12:00 PM,2021,12,11,12,72.4,160,Unhealthy,74.0,UG/M3,1 Hr,Valid
Banja Luka,PM2.5 - Principal,2021-12-11 01:00 PM,2021,12,11,13,61.3,154,Unhealthy,50.3,UG/M3,1 Hr,Valid
Banja Luka,PM2.5 - Principal,2021-12-11 02:00 PM,2021,12,11,14,53.5,145,Unhealthy for Sensitive Groups,45.7,UG/M3,1 Hr,Valid
Banja Luka,PM2.5 - Principal,2021-12-11 03:00 PM,2021,12,11,15,58.2,152,Unhealthy,62.9,UG/M3,1 Hr,Valid
Banja Luka,PM2.5 - Principal,2021-12-11 04:00 PM,2021,12,11,16,63.4,155,Unhealthy,68.5,UG/M3,1 Hr,Valid
Banja Luka,PM2.5 - Principal,2021-12-11 05:00 PM,2021,12,11,17,69.7,158,Unhealthy,76.1,UG/M3,1 Hr,Valid
Banja Luka,PM2.5 - Principal,2021-12-11 06:00 PM,2021,12,11,18,72.2,160,Unhealthy,74.7,UG/M3,1 Hr,Valid
Banja Luka,PM2.5 - Principal,2021-12-11 07:00 PM,2021,12,11,19,72.1,160,Unhealthy,72.1,UG/M3,1 Hr,Valid
Banja Luka,PM2.5 - Principal,2021-12-11 08:00 PM,2021,12,11,20,86.2,167,Unhealthy,100.2,UG/M3,1 Hr,Valid
Banja Luka,PM2.5 - Principal,2021-12-11 09:00 PM,2021,12,11,21,96.8,172,Unhealthy,107.5,UG/M3,1 Hr,Valid
Banja Luka,PM2.5 - Principal,2021-12-11 10:00 PM,2021,12,11,22,83.5,165,Unhealthy,70.1,UG/M3,1 Hr,Valid
Banja Luka,PM2.5 - Principal,2021-12-11 11:00 PM,2021,12,11,23,78.9,163,Unhealthy,74.3,UG/M3,1 Hr,Valid
Banja Luka,PM2.5 - Principal,2021-12-12 12:00 AM,2021,12,12,00,81.5,164,Unhealthy,84.2,UG/M3,1 Hr,Valid
Banja Luka,PM2.5 - Principal,2021-12-12 01:00 AM,2021,12,12,01,56.4,151,Unhealthy,31.2,UG/M3,1 Hr,Valid
Banja Luka,PM2.5 - Principal,2021-12-12 02:00 AM,2021,12,12,02,35.5,101,Unhealthy for Sensitive Groups,14.6,UG/M3,1 Hr,Valid
Banja Luka,PM2.5 - Principal,2021-12-12 03:00 AM,2021,12,12,03,25.5,79,Moderate,15.5,UG/M3,1 Hr,Valid
Banja Luka,PM2.5 - Principal,2021-12-12 04:00 AM,2021,12,12,04,20.8,69,Moderate,16.2,UG/M3,1 Hr,Valid
Banja Luka,PM2.5 - Principal,2021-12-12 05:00 AM,2021,12,12,05,17.6,63,Moderate,14.4,UG/M3,1 Hr,Valid
Banja Luka,PM2.5 - Principal,2021-12-12 06:00 AM,2021,12,12,06,15.4,58,Moderate,13.3,UG/M3,1 Hr,Valid
Banja Luka,PM2.5 - Principal,2021-12-12 07:00 AM,2021,12,12,07,14.9,57,Moderate,14.4,UG/M3,1 Hr,Valid
Banja Luka,PM2.5 - Principal,2021-12-12 08:00 AM,2021,12,12,08,14.5,56,Moderate,14.1,UG/M3,1 Hr,Valid
Banja Luka,PM2.5 - Principal,2021-12-12 09:00 AM,2021,12,12,09,15.5,58,Moderate,16.5,UG/M3,1 Hr,Valid
Banja Luka,PM2.5 - Principal,2021-12-12 10:00 AM,2021,12,12,10,16.7,61,Moderate,17.9,UG/M3,1 Hr,Valid
Banja Luka,PM2.5 - Principal,2021-12-12 11:00 AM,2021,12,12,11,16.6,60,Moderate,16.5,UG/M3,1 Hr,Valid
Banja Luka,PM2.5 - Principal,2021-12-12 12:00 PM,2021,12,12,12,20.9,70,Moderate,25.2,UG/M3,1 Hr,Valid
Banja Luka,PM2.5 - Principal,2021-12-12 01:00 PM,2021,12,12,13,17.4,62,Moderate,13.8,UG/M3,1 Hr,Valid
Banja Luka,PM2.5 - Principal,2021-12-12 02:00 PM,2021,12,12,14,17.1,62,Moderate,16.8,UG/M3,1 Hr,Valid
Banja Luka,PM2.5 - Principal,2021-12-12 03:00 PM,2021,12,12,15,22.1,72,Moderate,27.2,UG/M3,1 Hr,Valid
Banja Luka,PM2.5 - Principal,2021-12-12 04:00 PM,2021,12,12,16,24.4,77,Moderate,26.7,UG/M3,1 Hr,Valid
Banja Luka,PM2.5 - Principal,2021-12-12 05:00 PM,2021,12,12,17,27.4,83,Moderate,30.3,UG/M3,1 Hr,Valid
Banja Luka,PM2.5 - Principal,2021-12-12 06:00 PM,2021,12,12,18,31.7,92,Moderate,36.0,UG/M3,1 Hr,Valid
Banja Luka,PM2.5 - Principal,2021-12-12 07:00 PM,2021,12,12,19,39.9,112,Unhealthy for Sensitive Groups,48.1,UG/M3,1 Hr,Valid
Banja Luka,PM2.5 - Principal,2021-12-12 08:00 PM,2021,12,12,20,36.7,104,Unhealthy for Sensitive Groups,33.6,UG/M3,1 Hr,Valid
Banja Luka,PM2.5 - Principal,2021-12-12 09:00 PM,2021,12,12,21,35.3,100,Moderate,33.8,UG/M3,1 Hr,Valid
Banja Luka,PM2.5 - Principal,2021-12-12 10:00 PM,2021,12,12,22,24.6,77,Moderate,13.8,UG/M3,1 Hr,Valid
Banja Luka,PM2.5 - Principal,2021-12-12 11:00 PM,2021,12,12,23,20.7,69,Moderate,16.9,UG/M3,1 Hr,Valid
Banja Luka,PM2.5 - Principal,2021-12-13 12:00 AM,2021,12,13,00,19.5,67,Moderate,18.3,UG/M3,1 Hr,Valid
Banja Luka,PM2.5 - Principal,2021-12-13 01:00 AM,2021,12,13,01,21.8,71,Moderate,24.0,UG/M3,1 Hr,Valid
Banja Luka,PM2.5 - Principal,2021-12-13 02:00 AM,2021,12,13,02,18.8,65,Moderate,15.8,UG/M3,1 Hr,Valid
Banja Luka,PM2.5 - Principal,2021-12-13 03:00 AM,2021,12,13,03,17.7,63,Moderate,16.6,UG/M3,1 Hr,Valid
Banja Luka,PM2.5 - Principal,2021-12-13 04:00 AM,2021,12,13,04,14.3,56,Moderate,10.8,UG/M3,1 Hr,Valid
Banja Luka,PM2.5 - Principal,2021-12-13 05:00 AM,2021,12,13,05,14.0,55,Moderate,13.8,UG/M3,1 Hr,Valid
Banja Luka,PM2.5 - Principal,2021-12-13 06:00 AM,2021,12,13,06,16.5,60,Moderate,19.0,UG/M3,1 Hr,Valid
Banja Luka,PM2.5 - Principal,2021-12-13 07:00 AM,2021,12,13,07,33.5,96,Moderate,50.4,UG/M3,1 Hr,Valid
Banja Luka,PM2.5 - Principal,2021-12-13 08:00 AM,2021,12,13,08,54.2,147,Unhealthy for Sensitive Groups,74.8,UG/M3,1 Hr,Valid
Banja Luka,PM2.5 - Principal,2021-12-13 09:00 AM,2021,12,13,09,37.9,107,Unhealthy for Sensitive Groups,21.7,UG/M3,1 Hr,Valid
Banja Luka,PM2.5 - Principal,2021-12-13 10:00 AM,2021,12,13,10,35.1,99,Moderate,32.4,UG/M3,1 Hr,Valid
Banja Luka,PM2.5 - Principal,2021-12-13 11:00 AM,2021,12,13,11,32.6,94,Moderate,30.0,UG/M3,1 Hr,Valid
Banja Luka,PM2.5 - Principal,2021-12-13 12:00 PM,2021,12,13,12,109.1,179,Unhealthy,185.6,UG/M3,1 Hr,Valid
Banja Luka,PM2.5 - Principal,2021-12-13 01:00 PM,2021,12,13,13,74.9,161,Unhealthy,40.7,UG/M3,1 Hr,Valid
Banja Luka,PM2.5 - Principal,2021-12-13 02:00 PM,2021,12,13,14,93.1,170,Unhealthy,111.2,UG/M3,1 Hr,Valid
Banja Luka,PM2.5 - Principal,2021-12-13 03:00 PM,2021,12,13,15,73.2,160,Unhealthy,53.4,UG/M3,1 Hr,Valid
Banja Luka,PM2.5 - Principal,2021-12-13 04:00 PM,2021,12,13,16,59.5,153,Unhealthy,45.8,UG/M3,1 Hr,Valid
Banja Luka,PM2.5 - Principal,2021-12-13 05:00 PM,2021,12,13,17,51.5,140,Unhealthy for Sensitive Groups,43.6,UG/M3,1 Hr,Valid
Banja Luka,PM2.5 - Principal,2021-12-13 06:00 PM,2021,12,13,18,49.4,135,Unhealthy for Sensitive Groups,47.3,UG/M3,1 Hr,Valid
Banja Luka,PM2.5 - Principal,2021-12-13 07:00 PM,2021,12,13,19,46.2,127,Unhealthy for Sensitive Groups,42.9,UG/M3,1 Hr,Valid
Banja Luka,PM2.5 - Principal,2021-12-13 08:00 PM,2021,12,13,20,41.9,117,Unhealthy for Sensitive Groups,37.6,UG/M3,1 Hr,Valid
Banja Luka,PM2.5 - Principal,2021-12-13 09:00 PM,2021,12,13,21,75.7,161,Unhealthy,109.4,UG/M3,1 Hr,Valid
Banja Luka,PM2.5 - Principal,2021-12-13 10:00 PM,2021,12,13,22,68.0,157,Unhealthy,60.3,UG/M3,1 Hr,Valid
Banja Luka,PM2.5 - Principal,2021-12-13 11:00 PM,2021,12,13,23,53.4,145,Unhealthy for Sensitive Groups,38.8,UG/M3,1 Hr,Valid
Banja Luka,PM2.5 - Principal,2021-12-14 12:00 AM,2021,12,14,00,43.6,121,Unhealthy for Sensitive Groups,33.8,UG/M3,1 Hr,Valid
Banja Luka,PM2.5 - Principal,2021-12-14 01:00 AM,2021,12,14,01,43.5,121,Unhealthy for Sensitive Groups,43.4,UG/M3,1 Hr,Valid
Banja Luka,PM2.5 - Principal,2021-12-14 02:00 AM,2021,12,14,02,36.7,104,Unhealthy for Sensitive Groups,29.9,UG/M3,1 Hr,Valid
Banja Luka,PM2.5 - Principal,2021-12-14 03:00 AM,2021,12,14,03,35.5,101,Unhealthy for Sensitive Groups,34.4,UG/M3,1 Hr,Valid
Banja Luka,PM2.5 - Principal,2021-12-14 04:00 AM,2021,12,14,04,29.4,87,Moderate,23.3,UG/M3,1 Hr,Valid
Banja Luka,PM2.5 - Principal,2021-12-14 05:00 AM,2021,12,14,05,26.6,81,Moderate,23.8,UG/M3,1 Hr,Valid
Banja Luka,PM2.5 - Principal,2021-12-14 06:00 AM,2021,12,14,06,29.1,87,Moderate,31.5,UG/M3,1 Hr,Valid
Banja Luka,PM2.5 - Principal,2021-12-14 07:00 AM,2021,12,14,07,33.4,96,Moderate,37.8,UG/M3,1 Hr,Valid
Banja Luka,PM2.5 - Principal,2021-12-14 08:00 AM,2021,12,14,08,32.4,94,Moderate,31.4,UG/M3,1 Hr,Valid
Banja Luka,PM2.5 - Principal,2021-12-14 09:00 AM,2021,12,14,09,33.2,95,Moderate,34.0,UG/M3,1 Hr,Valid
Banja Luka,PM2.5 - Principal,2021-12-14 10:00 AM,2021,12,14,10,30.1,89,Moderate,26.7,UG/M3,1 Hr,Valid
Banja Luka,PM2.5 - Principal,2021-12-14 11:00 AM,2021,12,14,11,27.7,84,Moderate,24.9,UG/M3,1 Hr,Valid
Banja Luka,PM2.5 - Principal,2021-12-14 12:00 PM,2021,12,14,12,30.1,89,Moderate,32.9,UG/M3,1 Hr,Valid
Banja Luka,PM2.5 - Principal,2021-12-14 01:00 PM,2021,12,14,13,31.7,92,Moderate,34.5,UG/M3,1 Hr,Valid
Banja Luka,PM2.5 - Principal,2021-12-14 02:00 PM,2021,12,14,14,35.6,101,Unhealthy for Sensitive Groups,40.6,UG/M3,1 Hr,Valid
Banja Luka,PM2.5 - Principal,2021-12-14 03:00 PM,2021,12,14,15,44.3,123,Unhealthy for Sensitive Groups,52.1,UG/M3,1 Hr,Valid
Banja Luka,PM2.5 - Principal,2021-12-14 04:00 PM,2021,12,14,16,45.6,126,Unhealthy for Sensitive Groups,46.8,UG/M3,1 Hr,Valid
Banja Luka,PM2.5 - Principal,2021-12-14 05:00 PM,2021,12,14,17,45.7,126,Unhealthy for Sensitive Groups,45.8,UG/M3,1 Hr,Valid
Banja Luka,PM2.5 - Principal,2021-12-14 06:00 PM,2021,12,14,18,41.0,115,Unhealthy for Sensitive Groups,36.4,UG/M3,1 Hr,Valid
Banja Luka,PM2.5 - Principal,2021-12-14 07:00 PM,2021,12,14,19,44.5,123,Unhealthy for Sensitive Groups,48.0,UG/M3,1 Hr,Valid
Banja Luka,PM2.5 - Principal,2021-12-14 08:00 PM,2021,12,14,20,42.7,119,Unhealthy for Sensitive Groups,40.9,UG/M3,1 Hr,Valid
Banja Luka,PM2.5 - Principal,2021-12-14 09:00 PM,2021,12,14,21,37.0,105,Unhealthy for Sensitive Groups,31.3,UG/M3,1 Hr,Valid
Banja Luka,PM2.5 - Principal,2021-12-14 10:00 PM,2021,12,14,22,39.7,111,Unhealthy for Sensitive Groups,42.4,UG/M3,1 Hr,Valid
Banja Luka,PM2.5 - Principal,2021-12-14 11:00 PM,2021,12,14,23,44.5,123,Unhealthy for Sensitive Groups,51.3,UG/M3,1 Hr,Valid
Banja Luka,PM2.5 - Principal,2021-12-15 12:00 AM,2021,12,15,00,44.0,122,Unhealthy for Sensitive Groups,43.2,UG/M3,1 Hr,Valid
Banja Luka,PM2.5 - Principal,2021-12-15 01:00 AM,2021,12,15,01,36.0,102,Unhealthy for Sensitive Groups,27.1,UG/M3,1 Hr,Valid
Banja Luka,PM2.5 - Principal,2021-12-15 02:00 AM,2021,12,15,02,29.7,88,Moderate,23.7,UG/M3,1 Hr,Valid
Banja Luka,PM2.5 - Principal,2021-12-15 03:00 AM,2021,12,15,03,28.4,85,Moderate,27.1,UG/M3,1 Hr,Valid
Banja Luka,PM2.5 - Principal,2021-12-15 04:00 AM,2021,12,15,04,25.7,80,Moderate,22.9,UG/M3,1 Hr,Valid
Banja Luka,PM2.5 - Principal,2021-12-15 05:00 AM,2021,12,15,05,24.8,78,Moderate,23.9,UG/M3,1 Hr,Valid
Banja Luka,PM2.5 - Principal,2021-12-15 06:00 AM,2021,12,15,06,24.8,78,Moderate,24.8,UG/M3,1 Hr,Valid
Banja Luka,PM2.5 - Principal,2021-12-15 07:00 AM,2021,12,15,07,29.9,88,Moderate,35.0,UG/M3,1 Hr,Valid
Banja Luka,PM2.5 - Principal,2021-12-15 08:00 AM,2021,12,15,08,28.0,84,Moderate,26.1,UG/M3,1 Hr,Valid
Banja Luka,PM2.5 - Principal,2021-12-15 09:00 AM,2021,12,15,09,35.6,101,Unhealthy for Sensitive Groups,43.2,UG/M3,1 Hr,Valid
Banja Luka,PM2.5 - Principal,2021-12-15 10:00 AM,2021,12,15,10,37.4,106,Unhealthy for Sensitive Groups,39.2,UG/M3,1 Hr,Valid
Banja Luka,PM2.5 - Principal,2021-12-15 11:00 AM,2021,12,15,11,41.6,116,Unhealthy for Sensitive Groups,45.8,UG/M3,1 Hr,Valid
Banja Luka,PM2.5 - Principal,2021-12-15 12:00 PM,2021,12,15,12,49.4,135,Unhealthy for Sensitive Groups,57.2,UG/M3,1 Hr,Valid
Banja Luka,PM2.5 - Principal,2021-12-15 01:00 PM,2021,12,15,13,48.4,133,Unhealthy for Sensitive Groups,47.4,UG/M3,1 Hr,Valid
Banja Luka,PM2.5 - Principal,2021-12-15 02:00 PM,2021,12,15,14,38.8,109,Unhealthy for Sensitive Groups,29.1,UG/M3,1 Hr,Valid
Banja Luka,PM2.5 - Principal,2021-12-15 03:00 PM,2021,12,15,15,32.9,95,Moderate,27.1,UG/M3,1 Hr,Valid
Banja Luka,PM2.5 - Principal,2021-12-15 04:00 PM,2021,12,15,16,27.9,84,Moderate,22.9,UG/M3,1 Hr,Valid
Banja Luka,PM2.5 - Principal,2021-12-15 05:00 PM,2021,12,15,17,35.8,102,Unhealthy for Sensitive Groups,43.6,UG/M3,1 Hr,Valid
Banja Luka,PM2.5 - Principal,2021-12-15 06:00 PM,2021,12,15,18,51.3,140,Unhealthy for Sensitive Groups,66.9,UG/M3,1 Hr,Valid
Banja Luka,PM2.5 - Principal,2021-12-15 07:00 PM,2021,12,15,19,112.8,181,Unhealthy,174.3,UG/M3,1 Hr,Valid
Banja Luka,PM2.5 - Principal,2021-12-15 08:00 PM,2021,12,15,20,128.5,189,Unhealthy,144.2,UG/M3,1 Hr,Valid
Banja Luka,PM2.5 - Principal,2021-12-15 09:00 PM,2021,12,15,21,126.6,188,Unhealthy,124.7,UG/M3,1 Hr,Valid
Banja Luka,PM2.5 - Principal,2021-12-15 10:00 PM,2021,12,15,22,108.6,178,Unhealthy,90.6,UG/M3,1 Hr,Valid
Banja Luka,PM2.5 - Principal,2021-12-15 11:00 PM,2021,12,15,23,79.0,163,Unhealthy,49.4,UG/M3,1 Hr,Valid
Banja Luka,PM2.5 - Principal,2021-12-16 12:00 AM,2021,12,16,00,59.6,153,Unhealthy,40.2,UG/M3,1 Hr,Valid
Banja Luka,PM2.5 - Principal,2021-12-16 01:00 AM,2021,12,16,01,51.0,139,Unhealthy for Sensitive Groups,42.3,UG/M3,1 Hr,Valid
Banja Luka,PM2.5 - Principal,2021-12-16 02:00 AM,2021,12,16,02,42.7,119,Unhealthy for Sensitive Groups,34.5,UG/M3,1 Hr,Valid
Banja Luka,PM2.5 - Principal,2021-12-16 03:00 AM,2021,12,16,03,38.7,109,Unhealthy for Sensitive Groups,34.6,UG/M3,1 Hr,Valid
Banja Luka,PM2.5 - Principal,2021-12-16 04:00 AM,2021,12,16,04,38.5,108,Unhealthy for Sensitive Groups,38.4,UG/M3,1 Hr,Valid
Banja Luka,PM2.5 - Principal,2021-12-16 05:00 AM,2021,12,16,05,36.1,102,Unhealthy for Sensitive Groups,33.6,UG/M3,1 Hr,Valid
Banja Luka,PM2.5 - Principal,2021-12-16 06:00 AM,2021,12,16,06,39.5,111,Unhealthy for Sensitive Groups,42.9,UG/M3,1 Hr,Valid
Banja Luka,PM2.5 - Principal,2021-12-16 07:00 AM,2021,12,16,07,39.8,112,Unhealthy for Sensitive Groups,40.1,UG/M3,1 Hr,Valid
Banja Luka,PM2.5 - Principal,2021-12-16 08:00 AM,2021,12,16,08,37.8,107,Unhealthy for Sensitive Groups,35.9,UG/M3,1 Hr,Valid
Banja Luka,PM2.5 - Principal,2021-12-16 09:00 AM,2021,12,16,09,57.6,152,Unhealthy,77.3,UG/M3,1 Hr,Valid
Banja Luka,PM2.5 - Principal,2021-12-16 10:00 AM,2021,12,16,10,47.1,130,Unhealthy for Sensitive Groups,36.6,UG/M3,1 Hr,Valid
Banja Luka,PM2.5 - Principal,2021-12-16 11:00 AM,2021,12,16,11,39.6,111,Unhealthy for Sensitive Groups,32.1,UG/M3,1 Hr,Valid
Banja Luka,PM2.5 - Principal,2021-12-16 12:00 PM,2021,12,16,12,38.6,109,Unhealthy for Sensitive Groups,37.6,UG/M3,1 Hr,Valid
Banja Luka,PM2.5 - Principal,2021-12-16 01:00 PM,2021,12,16,13,36.0,102,Unhealthy for Sensitive Groups,33.5,UG/M3,1 Hr,Valid
Banja Luka,PM2.5 - Principal,2021-12-16 02:00 PM,2021,12,16,14,38.2,108,Unhealthy for Sensitive Groups,40.4,UG/M3,1 Hr,Valid
Banja Luka,PM2.5 - Principal,2021-12-16 03:00 PM,2021,12,16,15,42.1,117,Unhealthy for Sensitive Groups,45.9,UG/M3,1 Hr,Valid
Banja Luka,PM2.5 - Principal,2021-12-16 04:00 PM,2021,12,16,16,49.4,135,Unhealthy for Sensitive Groups,56.7,UG/M3,1 Hr,Valid
Banja Luka,PM2.5 - Principal,2021-12-16 05:00 PM,2021,12,16,17,52.4,143,Unhealthy for Sensitive Groups,55.5,UG/M3,1 Hr,Valid
Banja Luka,PM2.5 - Principal,2021-12-16 06:00 PM,2021,12,16,18,51.5,140,Unhealthy for Sensitive Groups,50.5,UG/M3,1 Hr,Valid
Banja Luka,PM2.5 - Principal,2021-12-16 07:00 PM,2021,12,16,19,58.5,153,Unhealthy,65.6,UG/M3,1 Hr,Valid
Banja Luka,PM2.5 - Principal,2021-12-16 08:00 PM,2021,12,16,20,59.3,153,Unhealthy,60.0,UG/M3,1 Hr,Valid
Banja Luka,PM2.5 - Principal,2021-12-16 09:00 PM,2021,12,16,21,45.4,125,Unhealthy for Sensitive Groups,31.6,UG/M3,1 Hr,Valid
Banja Luka,PM2.5 - Principal,2021-12-16 10:00 PM,2021,12,16,22,35.3,100,Moderate,25.2,UG/M3,1 Hr,Valid
Banja Luka,PM2.5 - Principal,2021-12-16 11:00 PM,2021,12,16,23,34.7,99,Moderate,34.1,UG/M3,1 Hr,Valid
Banja Luka,PM2.5 - Principal,2021-12-17 12:00 AM,2021,12,17,00,28.7,86,Moderate,22.7,UG/M3,1 Hr,Valid
Banja Luka,PM2.5 - Principal,2021-12-17 01:00 AM,2021,12,17,01,24.5,77,Moderate,20.3,UG/M3,1 Hr,Valid
Banja Luka,PM2.5 - Principal,2021-12-17 02:00 AM,2021,12,17,02,22.4,73,Moderate,20.3,UG/M3,1 Hr,Valid
Banja Luka,PM2.5 - Principal,2021-12-17 03:00 AM,2021,12,17,03,25.2,79,Moderate,28.1,UG/M3,1 Hr,Valid
Banja Luka,PM2.5 - Principal,2021-12-17 04:00 AM,2021,12,17,04,22.2,72,Moderate,19.2,UG/M3,1 Hr,Valid
Banja Luka,PM2.5 - Principal,2021-12-17 05:00 AM,2021,12,17,05,20.0,68,Moderate,17.8,UG/M3,1 Hr,Valid
Banja Luka,PM2.5 - Principal,2021-12-17 06:00 AM,2021,12,17,06,16.1,59,Moderate,12.1,UG/M3,1 Hr,Valid
Banja Luka,PM2.5 - Principal,2021-12-17 07:00 AM,2021,12,17,07,16.8,61,Moderate,17.6,UG/M3,1 Hr,Valid
Banja Luka,PM2.5 - Principal,2021-12-17 08:00 AM,2021,12,17,08,31.3,91,Moderate,45.7,UG/M3,1 Hr,Valid
Banja Luka,PM2.5 - Principal,2021-12-17 09:00 AM,2021,12,17,09,84.9,166,Unhealthy,138.4,UG/M3,1 Hr,Valid
Banja Luka,PM2.5 - Principal,2021-12-17 10:00 AM,2021,12,17,10,68.4,158,Unhealthy,51.9,UG/M3,1 Hr,Valid
Banja Luka,PM2.5 - Principal,2021-12-17 11:00 AM,2021,12,17,11,75.2,161,Unhealthy,82.0,UG/M3,1 Hr,Valid
Banja Luka,PM2.5 - Principal,2021-12-17 12:00 PM,2021,12,17,12,91.4,170,Unhealthy,107.6,UG/M3,1 Hr,Valid
Banja Luka,PM2.5 - Principal,2021-12-17 01:00 PM,2021,12,17,13,55.9,151,Unhealthy,20.4,UG/M3,1 Hr,Valid
Banja Luka,PM2.5 - Principal,2021-12-17 02:00 PM,2021,12,17,14,43.7,121,Unhealthy for Sensitive Groups,31.4,UG/M3,1 Hr,Valid
Banja Luka,PM2.5 - Principal,2021-12-17 03:00 PM,2021,12,17,15,34.8,99,Moderate,26.0,UG/M3,1 Hr,Valid
Banja Luka,PM2.5 - Principal,2021-12-17 04:00 PM,2021,12,17,16,31.2,91,Moderate,27.6,UG/M3,1 Hr,Valid
Banja Luka,PM2.5 - Principal,2021-12-17 05:00 PM,2021,12,17,17,49.2,135,Unhealthy for Sensitive Groups,67.2,UG/M3,1 Hr,Valid
Banja Luka,PM2.5 - Principal,2021-12-17 06:00 PM,2021,12,17,18,44.3,123,Unhealthy for Sensitive Groups,39.3,UG/M3,1 Hr,Valid
Banja Luka,PM2.5 - Principal,2021-12-17 07:00 PM,2021,12,17,19,39.9,112,Unhealthy for Sensitive Groups,35.5,UG/M3,1 Hr,Valid
Banja Luka,PM2.5 - Principal,2021-12-17 08:00 PM,2021,12,17,20,70.9,159,Unhealthy,102.0,UG/M3,1 Hr,Valid
Banja Luka,PM2.5 - Principal,2021-12-17 09:00 PM,2021,12,17,21,51.5,140,Unhealthy for Sensitive Groups,32.2,UG/M3,1 Hr,Valid
Banja Luka,PM2.5 - Principal,2021-12-17 10:00 PM,2021,12,17,22,57.7,152,Unhealthy,63.9,UG/M3,1 Hr,Valid
Banja Luka,PM2.5 - Principal,2021-12-17 11:00 PM,2021,12,17,23,56.9,152,Unhealthy,56.1,UG/M3,1 Hr,Valid
Banja Luka,PM2.5 - Principal,2021-12-18 12:00 AM,2021,12,18,00,43.7,121,Unhealthy for Sensitive Groups,30.5,UG/M3,1 Hr,Valid
Banja Luka,PM2.5 - Principal,2021-12-18 01:00 AM,2021,12,18,01,33.8,97,Moderate,24.0,UG/M3,1 Hr,Valid
Banja Luka,PM2.5 - Principal,2021-12-18 02:00 AM,2021,12,18,02,23.7,75,Moderate,13.5,UG/M3,1 Hr,Valid
Banja Luka,PM2.5 - Principal,2021-12-18 03:00 AM,2021,12,18,03,17.3,62,Moderate,10.8,UG/M3,1 Hr,Valid
Banja Luka,PM2.5 - Principal,2021-12-18 04:00 AM,2021,12,18,04,13.3,54,Moderate,9.3,UG/M3,1 Hr,Valid
Banja Luka,PM2.5 - Principal,2021-12-18 05:00 AM,2021,12,18,05,11.2,47,Good,9.0,UG/M3,1 Hr,Valid
Banja Luka,PM2.5 - Principal,2021-12-18 06:00 AM,2021,12,18,06,9.6,40,Good,8.0,UG/M3,1 Hr,Valid
Banja Luka,PM2.5 - Principal,2021-12-18 07:00 AM,2021,12,18,07,11.0,46,Good,12.3,UG/M3,1 Hr,Valid
Banja Luka,PM2.5 - Principal,2021-12-18 08:00 AM,2021,12,18,08,12.8,52,Moderate,14.6,UG/M3,1 Hr,Valid
Banja Luka,PM2.5 - Principal,2021-12-18 09:00 AM,2021,12,18,09,15.1,57,Moderate,17.5,UG/M3,1 Hr,Valid
Banja Luka,PM2.5 - Principal,2021-12-18 10:00 AM,2021,12,18,10,17.0,61,Moderate,18.8,UG/M3,1 Hr,Valid
Banja Luka,PM2.5 - Principal,2021-12-18 11:00 AM,2021,12,18,11,17.3,62,Moderate,17.6,UG/M3,1 Hr,Valid
Banja Luka,PM2.5 - Principal,2021-12-18 12:00 PM,2021,12,18,12,17.7,63,Moderate,18.2,UG/M3,1 Hr,Valid
Banja Luka,PM2.5 - Principal,2021-12-18 01:00 PM,2021,12,18,13,16.6,60,Moderate,15.4,UG/M3,1 Hr,Valid
Banja Luka,PM2.5 - Principal,2021-12-18 02:00 PM,2021,12,18,14,19.6,67,Moderate,22.7,UG/M3,1 Hr,Valid
Banja Luka,PM2.5 - Principal,2021-12-18 03:00 PM,2021,12,18,15,25.3,79,Moderate,31.0,UG/M3,1 Hr,Valid
Banja Luka,PM2.5 - Principal,2021-12-18 04:00 PM,2021,12,18,16,29.0,87,Moderate,32.6,UG/M3,1 Hr,Valid
Banja Luka,PM2.5 - Principal,2021-12-18 05:00 PM,2021,12,18,17,83.0,165,Unhealthy,137.0,UG/M3,1 Hr,Valid
Banja Luka,PM2.5 - Principal,2021-12-18 06:00 PM,2021,12,18,18,140.7,195,Unhealthy,198.4,UG/M3,1 Hr,Valid
Banja Luka,PM2.5 - Principal,2021-12-18 07:00 PM,2021,12,18,19,156.0,206,Very Unhealthy,171.3,UG/M3,1 Hr,Valid
Banja Luka,PM2.5 - Principal,2021-12-18 08:00 PM,2021,12,18,20,190.6,241,Very Unhealthy,225.1,UG/M3,1 Hr,Valid
Banja Luka,PM2.5 - Principal,2021-12-18 09:00 PM,2021,12,18,21,141.5,195,Unhealthy,92.5,UG/M3,1 Hr,Valid
Banja Luka,PM2.5 - Principal,2021-12-18 10:00 PM,2021,12,18,22,99.0,173,Unhealthy,56.4,UG/M3,1 Hr,Valid
Banja Luka,PM2.5 - Principal,2021-12-18 11:00 PM,2021,12,18,23,65.4,156,Unhealthy,31.8,UG/M3,1 Hr,Valid
Banja Luka,PM2.5 - Principal,2021-12-19 12:00 AM,2021,12,19,00,52.2,142,Unhealthy for Sensitive Groups,39.0,UG/M3,1 Hr,Valid
Banja Luka,PM2.5 - Principal,2021-12-19 01:00 AM,2021,12,19,01,35.4,100,Moderate,18.6,UG/M3,1 Hr,Valid
Banja Luka,PM2.5 - Principal,2021-12-19 02:00 AM,2021,12,19,02,25.6,79,Moderate,15.9,UG/M3,1 Hr,Valid
Banja Luka,PM2.5 - Principal,2021-12-19 03:00 AM,2021,12,19,03,20.8,69,Moderate,15.9,UG/M3,1 Hr,Valid
Banja Luka,PM2.5 - Principal,2021-12-19 04:00 AM,2021,12,19,04,21.3,70,Moderate,21.9,UG/M3,1 Hr,Valid
Banja Luka,PM2.5 - Principal,2021-12-19 05:00 AM,2021,12,19,05,22.2,72,Moderate,23.0,UG/M3,1 Hr,Valid
Banja Luka,PM2.5 - Principal,2021-12-19 06:00 AM,2021,12,19,06,22.6,73,Moderate,23.1,UG/M3,1 Hr,Valid
Banja Luka,PM2.5 - Principal,2021-12-19 07:00 AM,2021,12,19,07,30.1,89,Moderate,37.5,UG/M3,1 Hr,Valid
Banja Luka,PM2.5 - Principal,2021-12-19 08:00 AM,2021,12,19,08,26.5,81,Moderate,23.1,UG/M3,1 Hr,Valid
Banja Luka,PM2.5 - Principal,2021-12-19 09:00 AM,2021,12,19,09,29.3,87,Moderate,32.1,UG/M3,1 Hr,Valid
Banja Luka,PM2.5 - Principal,2021-12-19 10:00 AM,2021,12,19,10,31.4,92,Moderate,33.5,UG/M3,1 Hr,Valid
Banja Luka,PM2.5 - Principal,2021-12-19 11:00 AM,2021,12,19,11,28.9,86,Moderate,26.3,UG/M3,1 Hr,Valid
Banja Luka,PM2.5 - Principal,2021-12-19 12:00 PM,2021,12,19,12,25.5,79,Moderate,22.2,UG/M3,1 Hr,Valid
Banja Luka,PM2.5 - Principal,2021-12-19 01:00 PM,2021,12,19,13,16.8,61,Moderate,8.1,UG/M3,1 Hr,Valid
Banja Luka,PM2.5 - Principal,2021-12-19 02:00 PM,2021,12,19,14,14.1,55,Moderate,11.5,UG/M3,1 Hr,Valid
Banja Luka,PM2.5 - Principal,2021-12-19 03:00 PM,2021,12,19,15,13.7,54,Moderate,13.3,UG/M3,1 Hr,Valid
Banja Luka,PM2.5 - Principal,2021-12-19 04:00 PM,2021,12,19,16,18.5,64,Moderate,23.3,UG/M3,1 Hr,Valid
Banja Luka,PM2.5 - Principal,2021-12-19 05:00 PM,2021,12,19,17,36.5,103,Unhealthy for Sensitive Groups,54.6,UG/M3,1 Hr,Valid
Banja Luka,PM2.5 - Principal,2021-12-19 06:00 PM,2021,12,19,18,80.9,164,Unhealthy,125.2,UG/M3,1 Hr,Valid
Banja Luka,PM2.5 - Principal,2021-12-19 07:00 PM,2021,12,19,19,104.8,176,Unhealthy,128.7,UG/M3,1 Hr,Valid
Banja Luka,PM2.5 - Principal,2021-12-19 08:00 PM,2021,12,19,20,169.3,220,Very Unhealthy,233.8,UG/M3,1 Hr,Valid
Banja Luka,PM2.5 - Principal,2021-12-19 09:00 PM,2021,12,19,21,212.4,262,Very Unhealthy,255.5,UG/M3,1 Hr,Valid
Banja Luka,PM2.5 - Principal,2021-12-19 10:00 PM,2021,12,19,22,259.1,310,Hazardous,305.8,UG/M3,1 Hr,Valid
Banja Luka,PM2.5 - Principal,2021-12-19 11:00 PM,2021,12,19,23,239.5,289,Very Unhealthy,219.8,UG/M3,1 Hr,Valid
Banja Luka,PM2.5 - Principal,2021-12-20 12:00 AM,2021,12,20,00,209.8,260,Very Unhealthy,180.1,UG/M3,1 Hr,Valid
Banja Luka,PM2.5 - Principal,2021-12-20 01:00 AM,2021,12,20,01,188.6,239,Very Unhealthy,167.4,UG/M3,1 Hr,Valid
Banja Luka,PM2.5 - Principal,2021-12-20 02:00 AM,2021,12,20,02,165.6,216,Very Unhealthy,142.6,UG/M3,1 Hr,Valid
Banja Luka,PM2.5 - Principal,2021-12-20 03:00 AM,2021,12,20,03,150.7,201,Very Unhealthy,135.8,UG/M3,1 Hr,Valid
Banja Luka,PM2.5 - Principal,2021-12-20 04:00 AM,2021,12,20,04,111.1,180,Unhealthy,71.5,UG/M3,1 Hr,Valid
Banja Luka,PM2.5 - Principal,2021-12-20 05:00 AM,2021,12,20,05,106.2,177,Unhealthy,101.2,UG/M3,1 Hr,Valid
Banja Luka,PM2.5 - Principal,2021-12-20 06:00 AM,2021,12,20,06,70.6,159,Unhealthy,35.1,UG/M3,1 Hr,Valid
Banja Luka,PM2.5 - Principal,2021-12-20 07:00 AM,2021,12,20,07,60.3,153,Unhealthy,49.9,UG/M3,1 Hr,Valid
Banja Luka,PM2.5 - Principal,2021-12-20 08:00 AM,2021,12,20,08,82.2,165,Unhealthy,104.2,UG/M3,1 Hr,Valid
Banja Luka,PM2.5 - Principal,2021-12-20 09:00 AM,2021,12,20,09,169.6,220,Very Unhealthy,257.0,UG/M3,1 Hr,Valid
Banja Luka,PM2.5 - Principal,2021-12-20 10:00 AM,2021,12,20,10,142.5,196,Unhealthy,115.5,UG/M3,1 Hr,Valid
Banja Luka,PM2.5 - Principal,2021-12-20 11:00 AM,2021,12,20,11,122.6,186,Unhealthy,102.6,UG/M3,1 Hr,Valid
Banja Luka,PM2.5 - Principal,2021-12-20 12:00 PM,2021,12,20,12,87.4,167,Unhealthy,52.3,UG/M3,1 Hr,Valid
Banja Luka,PM2.5 - Principal,2021-12-20 01:00 PM,2021,12,20,13,54.1,147,Unhealthy for Sensitive Groups,20.8,UG/M3,1 Hr,Valid
Banja Luka,PM2.5 - Principal,2021-12-20 02:00 PM,2021,12,20,14,33.9,97,Moderate,13.8,UG/M3,1 Hr,Valid
Banja Luka,PM2.5 - Principal,2021-12-20 03:00 PM,2021,12,20,15,26.0,80,Moderate,18.1,UG/M3,1 Hr,Valid
Banja Luka,PM2.5 - Principal,2021-12-20 04:00 PM,2021,12,20,16,26.6,81,Moderate,27.2,UG/M3,1 Hr,Valid
Banja Luka,PM2.5 - Principal,2021-12-20 05:00 PM,2021,12,20,17,111.0,180,Unhealthy,195.5,UG/M3,1 Hr,Valid
Banja Luka,PM2.5 - Principal,2021-12-20 06:00 PM,2021,12,20,18,161.3,212,Very Unhealthy,211.5,UG/M3,1 Hr,Valid
Banja Luka,PM2.5 - Principal,2021-12-20 07:00 PM,2021,12,20,19,235.2,285,Very Unhealthy,309.0,UG/M3,1 Hr,Valid
Banja Luka,PM2.5 - Principal,2021-12-20 08:00 PM,2021,12,20,20,275.1,325,Hazardous,314.9,UG/M3,1 Hr,Valid
Banja Luka,PM2.5 - Principal,2021-12-20 09:00 PM,2021,12,20,21,307.8,358,Hazardous,340.6,UG/M3,1 Hr,Valid
Banja Luka,PM2.5 - Principal,2021-12-20 10:00 PM,2021,12,20,22,263.0,313,Hazardous,218.1,UG/M3,1 Hr,Valid
Banja Luka,PM2.5 - Principal,2021-12-20 11:00 PM,2021,12,20,23,273.3,324,Hazardous,283.6,UG/M3,1 Hr,Valid
Banja Luka,PM2.5 - Principal,2021-12-21 12:00 AM,2021,12,21,00,276.5,327,Hazardous,279.5,UG/M3,1 Hr,Valid
Banja Luka,PM2.5 - Principal,2021-12-21 01:00 AM,2021,12,21,01,184.7,235,Very Unhealthy,92.9,UG/M3,1 Hr,Valid
Banja Luka,PM2.5 - Principal,2021-12-21 02:00 AM,2021,12,21,02,134.3,192,Unhealthy,83.8,UG/M3,1 Hr,Valid
Banja Luka,PM2.5 - Principal,2021-12-21 03:00 AM,2021,12,21,03,101.1,175,Unhealthy,68.0,UG/M3,1 Hr,Valid
Banja Luka,PM2.5 - Principal,2021-12-21 04:00 AM,2021,12,21,04,72.5,160,Unhealthy,43.8,UG/M3,1 Hr,Valid
Banja Luka,PM2.5 - Principal,2021-12-21 05:00 AM,2021,12,21,05,51.4,140,Unhealthy for Sensitive Groups,30.3,UG/M3,1 Hr,Valid
Banja Luka,PM2.5 - Principal,2021-12-21 06:00 AM,2021,12,21,06,40.0,112,Unhealthy for Sensitive Groups,28.7,UG/M3,1 Hr,Valid
Banja Luka,PM2.5 - Principal,2021-12-21 07:00 AM,2021,12,21,07,42.0,117,Unhealthy for Sensitive Groups,44.1,UG/M3,1 Hr,Valid
Banja Luka,PM2.5 - Principal,2021-12-21 08:00 AM,2021,12,21,08,59.4,153,Unhealthy,76.9,UG/M3,1 Hr,Valid
Banja Luka,PM2.5 - Principal,2021-12-21 09:00 AM,2021,12,21,09,91.8,170,Unhealthy,124.3,UG/M3,1 Hr,Valid
Banja Luka,PM2.5 - Principal,2021-12-21 10:00 AM,2021,12,21,10,99.6,174,Unhealthy,107.4,UG/M3,1 Hr,Valid
Banja Luka,PM2.5 - Principal,2021-12-21 11:00 AM,2021,12,21,11,87.7,168,Unhealthy,75.8,UG/M3,1 Hr,Valid
Banja Luka,PM2.5 - Principal,2021-12-21 12:00 PM,2021,12,21,12,53.9,146,Unhealthy for Sensitive Groups,20.2,UG/M3,1 Hr,Valid
Banja Luka,PM2.5 - Principal,2021-12-21 01:00 PM,2021,12,21,13,33.8,97,Moderate,13.7,UG/M3,1 Hr,Valid
Banja Luka,PM2.5 - Principal,2021-12-21 02:00 PM,2021,12,21,14,23.0,74,Moderate,12.2,UG/M3,1 Hr,Valid
Banja Luka,PM2.5 - Principal,2021-12-21 03:00 PM,2021,12,21,15,16.7,61,Moderate,10.4,UG/M3,1 Hr,Valid
Banja Luka,PM2.5 - Principal,2021-12-21 04:00 PM,2021,12,21,16,23.2,74,Moderate,29.6,UG/M3,1 Hr,Valid
Banja Luka,PM2.5 - Principal,2021-12-21 05:00 PM,2021,12,21,17,23.6,75,Moderate,24.0,UG/M3,1 Hr,Valid
Banja Luka,PM2.5 - Principal,2021-12-21 06:00 PM,2021,12,21,18,25.5,79,Moderate,27.4,UG/M3,1 Hr,Valid
Banja Luka,PM2.5 - Principal,2021-12-21 07:00 PM,2021,12,21,19,21.0,70,Moderate,16.6,UG/M3,1 Hr,Valid
Banja Luka,PM2.5 - Principal,2021-12-21 08:00 PM,2021,12,21,20,24.5,77,Moderate,28.0,UG/M3,1 Hr,Valid
Banja Luka,PM2.5 - Principal,2021-12-21 09:00 PM,2021,12,21,21,62.9,155,Unhealthy,101.4,UG/M3,1 Hr,Valid
Banja Luka,PM2.5 - Principal,2021-12-21 10:00 PM,2021,12,21,22,97.8,173,Unhealthy,132.6,UG/M3,1 Hr,Valid
Banja Luka,PM2.5 - Principal,2021-12-21 11:00 PM,2021,12,21,23,103.2,176,Unhealthy,108.7,UG/M3,1 Hr,Valid
Banja Luka,PM2.5 - Principal,2021-12-22 12:00 AM,2021,12,22,00,85.1,166,Unhealthy,67.0,UG/M3,1 Hr,Valid
Banja Luka,PM2.5 - Principal,2021-12-22 01:00 AM,2021,12,22,01,71.1,159,Unhealthy,57.1,UG/M3,1 Hr,Valid
Banja Luka,PM2.5 - Principal,2021-12-22 02:00 AM,2021,12,22,02,59.9,153,Unhealthy,48.6,UG/M3,1 Hr,Valid
Banja Luka,PM2.5 - Principal,2021-12-22 03:00 AM,2021,12,22,03,50.3,137,Unhealthy for Sensitive Groups,40.7,UG/M3,1 Hr,Valid
Banja Luka,PM2.5 - Principal,2021-12-22 04:00 AM,2021,12,22,04,50.5,138,Unhealthy for Sensitive Groups,50.6,UG/M3,1 Hr,Valid
Banja Luka,PM2.5 - Principal,2021-12-22 05:00 AM,2021,12,22,05,48.4,133,Unhealthy for Sensitive Groups,46.3,UG/M3,1 Hr,Valid
Banja Luka,PM2.5 - Principal,2021-12-22 06:00 AM,2021,12,22,06,45.1,125,Unhealthy for Sensitive Groups,41.9,UG/M3,1 Hr,Valid
Banja Luka,PM2.5 - Principal,2021-12-22 07:00 AM,2021,12,22,07,50.6,138,Unhealthy for Sensitive Groups,56.0,UG/M3,1 Hr,Valid
Banja Luka,PM2.5 - Principal,2021-12-22 08:00 AM,2021,12,22,08,54.6,148,Unhealthy for Sensitive Groups,58.5,UG/M3,1 Hr,Valid
Banja Luka,PM2.5 - Principal,2021-12-22 09:00 AM,2021,12,22,09,63.6,155,Unhealthy,72.7,UG/M3,1 Hr,Valid
Banja Luka,PM2.5 - Principal,2021-12-22 10:00 AM,2021,12,22,10,68.2,158,Unhealthy,72.7,UG/M3,1 Hr,Valid
Banja Luka,PM2.5 - Principal,2021-12-22 11:00 AM,2021,12,22,11,68.5,158,Unhealthy,70.5,UG/M3,1 Hr,Valid
Banja Luka,PM2.5 - Principal,2021-12-22 12:00 PM,2021,12,22,12,65.7,156,Unhealthy,62.3,UG/M3,1 Hr,Valid
Banja Luka,PM2.5 - Principal,2021-12-22 01:00 PM,2021,12,22,13,64.6,156,Unhealthy,63.2,UG/M3,1 Hr,Valid
Banja Luka,PM2.5 - Principal,2021-12-22 02:00 PM,2021,12,22,14,63.2,155,Unhealthy,61.4,UG/M3,1 Hr,Valid
Banja Luka,PM2.5 - Principal,2021-12-22 03:00 PM,2021,12,22,15,50.7,138,Unhealthy for Sensitive Groups,37.5,UG/M3,1 Hr,Valid
Banja Luka,PM2.5 - Principal,2021-12-22 04:00 PM,2021,12,22,16,47.4,130,Unhealthy for Sensitive Groups,43.9,UG/M3,1 Hr,Valid
Banja Luka,PM2.5 - Principal,2021-12-22 05:00 PM,2021,12,22,17,68.5,158,Unhealthy,89.9,UG/M3,1 Hr,Valid
Banja Luka,PM2.5 - Principal,2021-12-22 06:00 PM,2021,12,22,18,70.0,158,Unhealthy,71.5,UG/M3,1 Hr,Valid
Banja Luka,PM2.5 - Principal,2021-12-22 07:00 PM,2021,12,22,19,75.5,161,Unhealthy,81.0,UG/M3,1 Hr,Valid
Banja Luka,PM2.5 - Principal,2021-12-22 08:00 PM,2021,12,22,20,181.5,232,Very Unhealthy,287.5,UG/M3,1 Hr,Valid
Banja Luka,PM2.5 - Principal,2021-12-22 09:00 PM,2021,12,22,21,224.2,274,Very Unhealthy,266.9,UG/M3,1 Hr,Valid
Banja Luka,PM2.5 - Principal,2021-12-22 10:00 PM,2021,12,22,22,229.6,279,Very Unhealthy,235.0,UG/M3,1 Hr,Valid
Banja Luka,PM2.5 - Principal,2021-12-22 11:00 PM,2021,12,22,23,222.7,273,Very Unhealthy,215.8,UG/M3,1 Hr,Valid
Banja Luka,PM2.5 - Principal,2021-12-23 12:00 AM,2021,12,23,00,205.6,256,Very Unhealthy,188.5,UG/M3,1 Hr,Valid
Banja Luka,PM2.5 - Principal,2021-12-23 01:00 AM,2021,12,23,01,162.5,213,Very Unhealthy,119.3,UG/M3,1 Hr,Valid
Banja Luka,PM2.5 - Principal,2021-12-23 02:00 AM,2021,12,23,02,104.6,176,Unhealthy,46.7,UG/M3,1 Hr,Valid
Banja Luka,PM2.5 - Principal,2021-12-23 03:00 AM,2021,12,23,03,76.3,162,Unhealthy,48.0,UG/M3,1 Hr,Valid
Banja Luka,PM2.5 - Principal,2021-12-23 04:00 AM,2021,12,23,04,85.5,166,Unhealthy,94.6,UG/M3,1 Hr,Valid
Banja Luka,PM2.5 - Principal,2021-12-23 05:00 AM,2021,12,23,05,76.1,162,Unhealthy,66.7,UG/M3,1 Hr,Valid
Banja Luka,PM2.5 - Principal,2021-12-23 06:00 AM,2021,12,23,06,93.5,171,Unhealthy,110.9,UG/M3,1 Hr,Valid
Banja Luka,PM2.5 - Principal,2021-12-23 07:00 AM,2021,12,23,07,90.5,169,Unhealthy,87.5,UG/M3,1 Hr,Valid
Banja Luka,PM2.5 - Principal,2021-12-23 08:00 AM,2021,12,23,08,92.0,170,Unhealthy,93.6,UG/M3,1 Hr,Valid
Banja Luka,PM2.5 - Principal,2021-12-23 09:00 AM,2021,12,23,09,101.4,175,Unhealthy,110.8,UG/M3,1 Hr,Valid
Banja Luka,PM2.5 - Principal,2021-12-23 10:00 AM,2021,12,23,10,101.3,175,Unhealthy,-999.0,UG/M3,1 Hr,Missing
Banja Luka,PM2.5 - Principal,2021-12-23 03:00 PM,2021,12,23,15,-999.0,-999,N/A,124.4,UG/M3,1 Hr,Valid
Banja Luka,PM2.5 - Principal,2021-12-23 04:00 PM,2021,12,23,16,145.1,197,Unhealthy,156.0,UG/M3,1 Hr,Valid
Banja Luka,PM2.5 - Principal,2021-12-23 05:00 PM,2021,12,23,17,306.5,356,Hazardous,428.7,UG/M3,1 Hr,Valid
Banja Luka,PM2.5 - Principal,2021-12-23 06:00 PM,2021,12,23,18,450.0,467,Hazardous,575.9,UG/M3,1 Hr,Valid
Banja Luka,PM2.5 - Principal,2021-12-23 07:00 PM,2021,12,23,19,539.3,526,Hazardous,623.2,UG/M3,1 Hr,Valid
Banja Luka,PM2.5 - Principal,2021-12-23 08:00 PM,2021,12,23,20,497.2,498,Hazardous,456.3,UG/M3,1 Hr,Valid
Banja Luka,PM2.5 - Principal,2021-12-23 09:00 PM,2021,12,23,21,291.2,341,Hazardous,88.3,UG/M3,1 Hr,Valid
Banja Luka,PM2.5 - Principal,2021-12-23 10:00 PM,2021,12,23,22,153.0,203,Very Unhealthy,15.8,UG/M3,1 Hr,Valid
Banja Luka,PM2.5 - Principal,2021-12-23 11:00 PM,2021,12,23,23,82.7,165,Unhealthy,12.7,UG/M3,1 Hr,Valid
Banja Luka,PM2.5 - Principal,2021-12-24 12:00 AM,2021,12,24,00,78.3,163,Unhealthy,73.8,UG/M3,1 Hr,Valid
Banja Luka,PM2.5 - Principal,2021-12-24 01:00 AM,2021,12,24,01,55.4,150,Unhealthy for Sensitive Groups,32.6,UG/M3,1 Hr,Valid
Banja Luka,PM2.5 - Principal,2021-12-24 02:00 AM,2021,12,24,02,33.7,96,Moderate,11.9,UG/M3,1 Hr,Valid
Banja Luka,PM2.5 - Principal,2021-12-24 03:00 AM,2021,12,24,03,20.0,68,Moderate,6.4,UG/M3,1 Hr,Valid
Banja Luka,PM2.5 - Principal,2021-12-24 04:00 AM,2021,12,24,04,11.7,49,Good,3.5,UG/M3,1 Hr,Valid
Banja Luka,PM2.5 - Principal,2021-12-24 05:00 AM,2021,12,24,05,7.6,32,Good,3.5,UG/M3,1 Hr,Valid
Banja Luka,PM2.5 - Principal,2021-12-24 06:00 AM,2021,12,24,06,5.7,24,Good,4.1,UG/M3,1 Hr,Valid
Banja Luka,PM2.5 - Principal,2021-12-24 07:00 AM,2021,12,24,07,5.5,23,Good,5.3,UG/M3,1 Hr,Valid
Banja Luka,PM2.5 - Principal,2021-12-24 08:00 AM,2021,12,24,08,5.6,23,Good,6.0,UG/M3,1 Hr,Valid
Banja Luka,PM2.5 - Principal,2021-12-24 09:00 AM,2021,12,24,09,5.9,25,Good,6.2,UG/M3,1 Hr,Valid
Banja Luka,PM2.5 - Principal,2021-12-24 10:00 AM,2021,12,24,10,6.7,28,Good,7.5,UG/M3,1 Hr,Valid
Banja Luka,PM2.5 - Principal,2021-12-24 11:00 AM,2021,12,24,11,5.7,24,Good,4.7,UG/M3,1 Hr,Valid
Banja Luka,PM2.5 - Principal,2021-12-24 12:00 PM,2021,12,24,12,4.7,20,Good,3.6,UG/M3,1 Hr,Valid
Banja Luka,PM2.5 - Principal,2021-12-24 01:00 PM,2021,12,24,13,4.3,18,Good,3.9,UG/M3,1 Hr,Valid
Banja Luka,PM2.5 - Principal,2021-12-24 02:00 PM,2021,12,24,14,4.4,18,Good,4.5,UG/M3,1 Hr,Valid
Banja Luka,PM2.5 - Principal,2021-12-24 03:00 PM,2021,12,24,15,4.5,19,Good,4.5,UG/M3,1 Hr,Valid
Banja Luka,PM2.5 - Principal,2021-12-24 04:00 PM,2021,12,24,16,4.6,19,Good,4.8,UG/M3,1 Hr,Valid
Banja Luka,PM2.5 - Principal,2021-12-24 05:00 PM,2021,12,24,17,7.3,30,Good,9.9,UG/M3,1 Hr,Valid
Banja Luka,PM2.5 - Principal,2021-12-24 06:00 PM,2021,12,24,18,7.5,31,Good,7.7,UG/M3,1 Hr,Valid
Banja Luka,PM2.5 - Principal,2021-12-24 07:00 PM,2021,12,24,19,6.5,27,Good,5.5,UG/M3,1 Hr,Valid
Banja Luka,PM2.5 - Principal,2021-12-24 08:00 PM,2021,12,24,20,5.7,24,Good,4.8,UG/M3,1 Hr,Valid
Banja Luka,PM2.5 - Principal,2021-12-24 09:00 PM,2021,12,24,21,5.7,24,Good,5.8,UG/M3,1 Hr,Valid
Banja Luka,PM2.5 - Principal,2021-12-24 10:00 PM,2021,12,24,22,4.7,20,Good,3.7,UG/M3,1 Hr,Valid
Banja Luka,PM2.5 - Principal,2021-12-24 11:00 PM,2021,12,24,23,4.2,18,Good,3.7,UG/M3,1 Hr,Valid
Banja Luka,PM2.5 - Principal,2021-12-25 12:00 AM,2021,12,25,00,4.0,17,Good,3.9,UG/M3,1 Hr,Valid
Banja Luka,PM2.5 - Principal,2021-12-25 01:00 AM,2021,12,25,01,4.1,17,Good,4.2,UG/M3,1 Hr,Valid
Banja Luka,PM2.5 - Principal,2021-12-25 02:00 AM,2021,12,25,02,3.6,15,Good,3.2,UG/M3,1 Hr,Valid
Banja Luka,PM2.5 - Principal,2021-12-25 03:00 AM,2021,12,25,03,2.9,12,Good,2.2,UG/M3,1 Hr,Valid
Banja Luka,PM2.5 - Principal,2021-12-25 04:00 AM,2021,12,25,04,2.8,12,Good,2.7,UG/M3,1 Hr,Valid
Banja Luka,PM2.5 - Principal,2021-12-25 05:00 AM,2021,12,25,05,2.4,10,Good,2.0,UG/M3,1 Hr,Valid
Banja Luka,PM2.5 - Principal,2021-12-25 06:00 AM,2021,12,25,06,2.5,10,Good,2.5,UG/M3,1 Hr,Valid
Banja Luka,PM2.5 - Principal,2021-12-25 07:00 AM,2021,12,25,07,3.2,13,Good,3.8,UG/M3,1 Hr,Valid
Banja Luka,PM2.5 - Principal,2021-12-25 08:00 AM,2021,12,25,08,3.7,15,Good,4.3,UG/M3,1 Hr,Valid
Banja Luka,PM2.5 - Principal,2021-12-25 09:00 AM,2021,12,25,09,3.7,15,Good,3.6,UG/M3,1 Hr,Valid
Banja Luka,PM2.5 - Principal,2021-12-25 10:00 AM,2021,12,25,10,3.9,16,Good,4.1,UG/M3,1 Hr,Valid
Banja Luka,PM2.5 - Principal,2021-12-25 11:00 AM,2021,12,25,11,5.1,21,Good,6.3,UG/M3,1 Hr,Valid
Banja Luka,PM2.5 - Principal,2021-12-25 12:00 PM,2021,12,25,12,4.6,19,Good,4.0,UG/M3,1 Hr,Valid
Banja Luka,PM2.5 - Principal,2021-12-25 01:00 PM,2021,12,25,13,4.3,18,Good,4.1,UG/M3,1 Hr,Valid
Banja Luka,PM2.5 - Principal,2021-12-25 02:00 PM,2021,12,25,14,5.2,22,Good,6.1,UG/M3,1 Hr,Valid
Banja Luka,PM2.5 - Principal,2021-12-25 03:00 PM,2021,12,25,15,5.0,21,Good,4.8,UG/M3,1 Hr,Valid
Banja Luka,PM2.5 - Principal,2021-12-25 04:00 PM,2021,12,25,16,6.4,27,Good,7.9,UG/M3,1 Hr,Valid
Banja Luka,PM2.5 - Principal,2021-12-25 05:00 PM,2021,12,25,17,7.7,32,Good,8.9,UG/M3,1 Hr,Valid
Banja Luka,PM2.5 - Principal,2021-12-25 06:00 PM,2021,12,25,18,8.0,33,Good,8.4,UG/M3,1 Hr,Valid
Banja Luka,PM2.5 - Principal,2021-12-25 07:00 PM,2021,12,25,19,8.5,35,Good,8.9,UG/M3,1 Hr,Valid
Banja Luka,PM2.5 - Principal,2021-12-25 08:00 PM,2021,12,25,20,13.0,53,Moderate,17.5,UG/M3,1 Hr,Valid
Banja Luka,PM2.5 - Principal,2021-12-25 09:00 PM,2021,12,25,21,72.6,160,Unhealthy,132.1,UG/M3,1 Hr,Valid
Banja Luka,PM2.5 - Principal,2021-12-25 10:00 PM,2021,12,25,22,101.0,174,Unhealthy,129.4,UG/M3,1 Hr,Valid
Banja Luka,PM2.5 - Principal,2021-12-25 11:00 PM,2021,12,25,23,108.0,178,Unhealthy,114.9,UG/M3,1 Hr,Valid
Banja Luka,PM2.5 - Principal,2021-12-26 12:00 AM,2021,12,26,00,96.5,172,Unhealthy,85.1,UG/M3,1 Hr,Valid
Banja Luka,PM2.5 - Principal,2021-12-26 01:00 AM,2021,12,26,01,62.5,155,Unhealthy,28.4,UG/M3,1 Hr,Valid
Banja Luka,PM2.5 - Principal,2021-12-26 02:00 AM,2021,12,26,02,50.5,138,Unhealthy for Sensitive Groups,38.5,UG/M3,1 Hr,Valid
Banja Luka,PM2.5 - Principal,2021-12-26 03:00 AM,2021,12,26,03,47.8,131,Unhealthy for Sensitive Groups,45.1,UG/M3,1 Hr,Valid
Banja Luka,PM2.5 - Principal,2021-12-26 04:00 AM,2021,12,26,04,34.3,98,Moderate,20.8,UG/M3,1 Hr,Valid
Banja Luka,PM2.5 - Principal,2021-12-26 05:00 AM,2021,12,26,05,21.9,72,Moderate,9.5,UG/M3,1 Hr,Valid
Banja Luka,PM2.5 - Principal,2021-12-26 06:00 AM,2021,12,26,06,16.3,60,Moderate,10.8,UG/M3,1 Hr,Valid
Banja Luka,PM2.5 - Principal,2021-12-26 07:00 AM,2021,12,26,07,15.4,58,Moderate,14.4,UG/M3,1 Hr,Valid
Banja Luka,PM2.5 - Principal,2021-12-26 08:00 AM,2021,12,26,08,12.8,52,Moderate,10.2,UG/M3,1 Hr,Valid
Banja Luka,PM2.5 - Principal,2021-12-26 09:00 AM,2021,12,26,09,14.0,55,Moderate,15.2,UG/M3,1 Hr,Valid
Banja Luka,PM2.5 - Principal,2021-12-26 10:00 AM,2021,12,26,10,15.3,58,Moderate,16.6,UG/M3,1 Hr,Valid
Banja Luka,PM2.5 - Principal,2021-12-26 11:00 AM,2021,12,26,11,13.9,55,Moderate,12.7,UG/M3,1 Hr,Valid
Banja Luka,PM2.5 - Principal,2021-12-26 12:00 PM,2021,12,26,12,15.9,59,Moderate,17.8,UG/M3,1 Hr,Valid
Banja Luka,PM2.5 - Principal,2021-12-26 01:00 PM,2021,12,26,13,21.5,71,Moderate,27.2,UG/M3,1 Hr,Valid
Banja Luka,PM2.5 - Principal,2021-12-26 02:00 PM,2021,12,26,14,23.0,74,Moderate,24.5,UG/M3,1 Hr,Valid
Banja Luka,PM2.5 - Principal,2021-12-26 03:00 PM,2021,12,26,15,29.7,88,Moderate,36.3,UG/M3,1 Hr,Valid
Banja Luka,PM2.5 - Principal,2021-12-26 04:00 PM,2021,12,26,16,27.5,83,Moderate,25.3,UG/M3,1 Hr,Valid
Banja Luka,PM2.5 - Principal,2021-12-26 05:00 PM,2021,12,26,17,34.3,98,Moderate,41.2,UG/M3,1 Hr,Valid
Banja Luka,PM2.5 - Principal,2021-12-26 06:00 PM,2021,12,26,18,32.3,93,Moderate,30.3,UG/M3,1 Hr,Valid
Banja Luka,PM2.5 - Principal,2021-12-26 07:00 PM,2021,12,26,19,32.1,93,Moderate,31.8,UG/M3,1 Hr,Valid
Banja Luka,PM2.5 - Principal,2021-12-26 08:00 PM,2021,12,26,20,23.6,75,Moderate,15.2,UG/M3,1 Hr,Valid
Banja Luka,PM2.5 - Principal,2021-12-26 09:00 PM,2021,12,26,21,30.7,90,Moderate,37.8,UG/M3,1 Hr,Valid
Banja Luka,PM2.5 - Principal,2021-12-26 10:00 PM,2021,12,26,22,30.0,89,Moderate,29.2,UG/M3,1 Hr,Valid
Banja Luka,PM2.5 - Principal,2021-12-26 11:00 PM,2021,12,26,23,27.8,84,Moderate,25.7,UG/M3,1 Hr,Valid
Banja Luka,PM2.5 - Principal,2021-12-27 12:00 AM,2021,12,27,00,24.8,78,Moderate,21.8,UG/M3,1 Hr,Valid
Banja Luka,PM2.5 - Principal,2021-12-27 01:00 AM,2021,12,27,01,20.8,69,Moderate,16.7,UG/M3,1 Hr,Valid
Banja Luka,PM2.5 - Principal,2021-12-27 02:00 AM,2021,12,27,02,16.2,60,Moderate,11.6,UG/M3,1 Hr,Valid
Banja Luka,PM2.5 - Principal,2021-12-27 03:00 AM,2021,12,27,03,18.2,64,Moderate,20.2,UG/M3,1 Hr,Valid
Banja Luka,PM2.5 - Principal,2021-12-27 04:00 AM,2021,12,27,04,16.5,60,Moderate,14.8,UG/M3,1 Hr,Valid
Banja Luka,PM2.5 - Principal,2021-12-27 05:00 AM,2021,12,27,05,17.5,62,Moderate,18.5,UG/M3,1 Hr,Valid
Banja Luka,PM2.5 - Principal,2021-12-27 06:00 AM,2021,12,27,06,18.9,65,Moderate,20.3,UG/M3,1 Hr,Valid
Banja Luka,PM2.5 - Principal,2021-12-27 07:00 AM,2021,12,27,07,20.0,68,Moderate,21.1,UG/M3,1 Hr,Valid
Banja Luka,PM2.5 - Principal,2021-12-27 08:00 AM,2021,12,27,08,20.5,69,Moderate,21.1,UG/M3,1 Hr,Valid
Banja Luka,PM2.5 - Principal,2021-12-27 09:00 AM,2021,12,27,09,19.4,66,Moderate,18.3,UG/M3,1 Hr,Valid
Banja Luka,PM2.5 - Principal,2021-12-27 10:00 AM,2021,12,27,10,19.5,67,Moderate,19.5,UG/M3,1 Hr,Valid
Banja Luka,PM2.5 - Principal,2021-12-27 11:00 AM,2021,12,27,11,21.8,71,Moderate,24.2,UG/M3,1 Hr,Valid
Banja Luka,PM2.5 - Principal,2021-12-27 12:00 PM,2021,12,27,12,18.1,64,Moderate,14.4,UG/M3,1 Hr,Valid
Banja Luka,PM2.5 - Principal,2021-12-27 01:00 PM,2021,12,27,13,17.1,62,Moderate,16.2,UG/M3,1 Hr,Valid
Banja Luka,PM2.5 - Principal,2021-12-27 02:00 PM,2021,12,27,14,20.2,68,Moderate,24.1,UG/M3,1 Hr,Valid
Banja Luka,PM2.5 - Principal,2021-12-27 03:00 PM,2021,12,27,15,20.5,69,Moderate,21.0,UG/M3,1 Hr,Valid
Banja Luka,PM2.5 - Principal,2021-12-27 04:00 PM,2021,12,27,16,21.6,71,Moderate,23.3,UG/M3,1 Hr,Valid
Banja Luka,PM2.5 - Principal,2021-12-27 05:00 PM,2021,12,27,17,29.0,87,Moderate,36.0,UG/M3,1 Hr,Valid
Banja Luka,PM2.5 - Principal,2021-12-27 06:00 PM,2021,12,27,18,31.3,91,Moderate,33.6,UG/M3,1 Hr,Valid
Banja Luka,PM2.5 - Principal,2021-12-27 07:00 PM,2021,12,27,19,34.5,98,Moderate,37.6,UG/M3,1 Hr,Valid
Banja Luka,PM2.5 - Principal,2021-12-27 08:00 PM,2021,12,27,20,35.5,101,Unhealthy for Sensitive Groups,36.5,UG/M3,1 Hr,Valid
Banja Luka,PM2.5 - Principal,2021-12-27 09:00 PM,2021,12,27,21,51.4,140,Unhealthy for Sensitive Groups,67.3,UG/M3,1 Hr,Valid
Banja Luka,PM2.5 - Principal,2021-12-27 10:00 PM,2021,12,27,22,61.3,154,Unhealthy,71.1,UG/M3,1 Hr,Valid
Banja Luka,PM2.5 - Principal,2021-12-27 11:00 PM,2021,12,27,23,56.3,151,Unhealthy,51.4,UG/M3,1 Hr,Valid
Banja Luka,PM2.5 - Principal,2021-12-28 12:00 AM,2021,12,28,00,54.7,148,Unhealthy for Sensitive Groups,53.1,UG/M3,1 Hr,Valid
Banja Luka,PM2.5 - Principal,2021-12-28 01:00 AM,2021,12,28,01,51.5,140,Unhealthy for Sensitive Groups,48.2,UG/M3,1 Hr,Valid
Banja Luka,PM2.5 - Principal,2021-12-28 02:00 AM,2021,12,28,02,43.1,120,Unhealthy for Sensitive Groups,34.7,UG/M3,1 Hr,Valid
Banja Luka,PM2.5 - Principal,2021-12-28 03:00 AM,2021,12,28,03,28.3,85,Moderate,13.5,UG/M3,1 Hr,Valid
Banja Luka,PM2.5 - Principal,2021-12-28 04:00 AM,2021,12,28,04,23.4,75,Moderate,18.5,UG/M3,1 Hr,Valid
Banja Luka,PM2.5 - Principal,2021-12-28 05:00 AM,2021,12,28,05,19.1,66,Moderate,14.8,UG/M3,1 Hr,Valid
Banja Luka,PM2.5 - Principal,2021-12-28 06:00 AM,2021,12,28,06,15.0,57,Moderate,11.0,UG/M3,1 Hr,Valid
Banja Luka,PM2.5 - Principal,2021-12-28 07:00 AM,2021,12,28,07,14.7,56,Moderate,14.3,UG/M3,1 Hr,Valid
Banja Luka,PM2.5 - Principal,2021-12-28 08:00 AM,2021,12,28,08,16.1,59,Moderate,17.5,UG/M3,1 Hr,Valid
Banja Luka,PM2.5 - Principal,2021-12-28 09:00 AM,2021,12,28,09,30.5,90,Moderate,44.9,UG/M3,1 Hr,Valid
Banja Luka,PM2.5 - Principal,2021-12-28 10:00 AM,2021,12,28,10,38.1,107,Unhealthy for Sensitive Groups,45.7,UG/M3,1 Hr,Valid
Banja Luka,PM2.5 - Principal,2021-12-28 11:00 AM,2021,12,28,11,48.5,133,Unhealthy for Sensitive Groups,58.9,UG/M3,1 Hr,Valid
Banja Luka,PM2.5 - Principal,2021-12-28 12:00 PM,2021,12,28,12,64.6,156,Unhealthy,80.6,UG/M3,1 Hr,Valid
Banja Luka,PM2.5 - Principal,2021-12-28 01:00 PM,2021,12,28,13,83.8,166,Unhealthy,103.1,UG/M3,1 Hr,Valid
Banja Luka,PM2.5 - Principal,2021-12-28 02:00 PM,2021,12,28,14,76.8,162,Unhealthy,69.8,UG/M3,1 Hr,Valid
Banja Luka,PM2.5 - Principal,2021-12-28 03:00 PM,2021,12,28,15,73.0,160,Unhealthy,69.2,UG/M3,1 Hr,Valid
Banja Luka,PM2.5 - Principal,2021-12-28 04:00 PM,2021,12,28,16,76.2,162,Unhealthy,79.4,UG/M3,1 Hr,Valid
Banja Luka,PM2.5 - Principal,2021-12-28 05:00 PM,2021,12,28,17,87.5,168,Unhealthy,98.6,UG/M3,1 Hr,Valid
Banja Luka,PM2.5 - Principal,2021-12-28 06:00 PM,2021,12,28,18,101.6,175,Unhealthy,115.7,UG/M3,1 Hr,Valid
Banja Luka,PM2.5 - Principal,2021-12-28 07:00 PM,2021,12,28,19,109.4,179,Unhealthy,117.2,UG/M3,1 Hr,Valid
Banja Luka,PM2.5 - Principal,2021-12-28 08:00 PM,2021,12,28,20,150.3,200,Unhealthy,191.2,UG/M3,1 Hr,Valid
Banja Luka,PM2.5 - Principal,2021-12-28 09:00 PM,2021,12,28,21,160.7,211,Very Unhealthy,171.0,UG/M3,1 Hr,Valid
Banja Luka,PM2.5 - Principal,2021-12-28 10:00 PM,2021,12,28,22,182.3,233,Very Unhealthy,203.9,UG/M3,1 Hr,Valid
Banja Luka,PM2.5 - Principal,2021-12-28 11:00 PM,2021,12,28,23,185.4,236,Very Unhealthy,188.5,UG/M3,1 Hr,Valid
Banja Luka,PM2.5 - Principal,2021-12-29 12:00 AM,2021,12,29,00,181.5,232,Very Unhealthy,177.6,UG/M3,1 Hr,Valid
Banja Luka,PM2.5 - Principal,2021-12-29 01:00 AM,2021,12,29,01,157.4,208,Very Unhealthy,133.4,UG/M3,1 Hr,Valid
Banja Luka,PM2.5 - Principal,2021-12-29 02:00 AM,2021,12,29,02,137.4,193,Unhealthy,117.3,UG/M3,1 Hr,Valid
Banja Luka,PM2.5 - Principal,2021-12-29 03:00 AM,2021,12,29,03,124.7,187,Unhealthy,111.9,UG/M3,1 Hr,Valid
Banja Luka,PM2.5 - Principal,2021-12-29 04:00 AM,2021,12,29,04,122.8,186,Unhealthy,121.0,UG/M3,1 Hr,Valid
Banja Luka,PM2.5 - Principal,2021-12-29 05:00 AM,2021,12,29,05,116.8,183,Unhealthy,108.6,UG/M3,1 Hr,Valid
Banja Luka,PM2.5 - Principal,2021-12-29 06:00 AM,2021,12,29,06,100.5,174,Unhealthy,85.4,UG/M3,1 Hr,Valid
Banja Luka,PM2.5 - Principal,2021-12-29 07:00 AM,2021,12,29,07,105.0,177,Unhealthy,109.4,UG/M3,1 Hr,Valid
Banja Luka,PM2.5 - Principal,2021-12-29 08:00 AM,2021,12,29,08,96.1,172,Unhealthy,87.2,UG/M3,1 Hr,Valid
Banja Luka,PM2.5 - Principal,2021-12-29 09:00 AM,2021,12,29,09,106.3,177,Unhealthy,116.5,UG/M3,1 Hr,Valid
Banja Luka,PM2.5 - Principal,2021-12-29 10:00 AM,2021,12,29,10,79.3,163,Unhealthy,52.4,UG/M3,1 Hr,Valid
Banja Luka,PM2.5 - Principal,2021-12-29 11:00 AM,2021,12,29,11,107.9,178,Unhealthy,136.4,UG/M3,1 Hr,Valid
Banja Luka,PM2.5 - Principal,2021-12-29 12:00 PM,2021,12,29,12,67.5,157,Unhealthy,27.1,UG/M3,1 Hr,Valid
Banja Luka,PM2.5 - Principal,2021-12-29 01:00 PM,2021,12,29,13,49.5,135,Unhealthy for Sensitive Groups,31.6,UG/M3,1 Hr,Valid
Banja Luka,PM2.5 - Principal,2021-12-29 02:00 PM,2021,12,29,14,48.8,134,Unhealthy for Sensitive Groups,48.1,UG/M3,1 Hr,Valid
Banja Luka,PM2.5 - Principal,2021-12-29 03:00 PM,2021,12,29,15,41.1,115,Unhealthy for Sensitive Groups,33.5,UG/M3,1 Hr,Valid
Banja Luka,PM2.5 - Principal,2021-12-29 04:00 PM,2021,12,29,16,39.3,110,Unhealthy for Sensitive Groups,37.6,UG/M3,1 Hr,Valid
Banja Luka,PM2.5 - Principal,2021-12-29 05:00 PM,2021,12,29,17,41.9,117,Unhealthy for Sensitive Groups,44.5,UG/M3,1 Hr,Valid
Banja Luka,PM2.5 - Principal,2021-12-29 06:00 PM,2021,12,29,18,59.1,153,Unhealthy,76.4,UG/M3,1 Hr,Valid
Banja Luka,PM2.5 - Principal,2021-12-29 07:00 PM,2021,12,29,19,92.2,170,Unhealthy,125.2,UG/M3,1 Hr,Valid
Banja Luka,PM2.5 - Principal,2021-12-29 08:00 PM,2021,12,29,20,206.0,256,Very Unhealthy,319.7,UG/M3,1 Hr,Valid
Banja Luka,PM2.5 - Principal,2021-12-29 09:00 PM,2021,12,29,21,238.2,288,Very Unhealthy,270.4,UG/M3,1 Hr,Valid
Banja Luka,PM2.5 - Principal,2021-12-29 10:00 PM,2021,12,29,22,215.8,266,Very Unhealthy,193.3,UG/M3,1 Hr,Valid
Banja Luka,PM2.5 - Principal,2021-12-29 11:00 PM,2021,12,29,23,200.9,251,Very Unhealthy,186.1,UG/M3,1 Hr,Valid
Banja Luka,PM2.5 - Principal,2021-12-30 12:00 AM,2021,12,30,00,192.3,242,Very Unhealthy,183.6,UG/M3,1 Hr,Valid
Banja Luka,PM2.5 - Principal,2021-12-30 01:00 AM,2021,12,30,01,162.4,213,Very Unhealthy,132.5,UG/M3,1 Hr,Valid
Banja Luka,PM2.5 - Principal,2021-12-30 02:00 AM,2021,12,30,02,158.6,209,Very Unhealthy,154.8,UG/M3,1 Hr,Valid
Banja Luka,PM2.5 - Principal,2021-12-30 03:00 AM,2021,12,30,03,134.0,192,Unhealthy,109.4,UG/M3,1 Hr,Valid
Banja Luka,PM2.5 - Principal,2021-12-30 04:00 AM,2021,12,30,04,112.3,180,Unhealthy,90.5,UG/M3,1 Hr,Valid
Banja Luka,PM2.5 - Principal,2021-12-30 05:00 AM,2021,12,30,05,96.9,172,Unhealthy,81.5,UG/M3,1 Hr,Valid
Banja Luka,PM2.5 - Principal,2021-12-30 06:00 AM,2021,12,30,06,79.5,163,Unhealthy,62.1,UG/M3,1 Hr,Valid
Banja Luka,PM2.5 - Principal,2021-12-30 07:00 AM,2021,12,30,07,85.4,166,Unhealthy,91.3,UG/M3,1 Hr,Valid
Banja Luka,PM2.5 - Principal,2021-12-30 08:00 AM,2021,12,30,08,75.0,161,Unhealthy,64.7,UG/M3,1 Hr,Valid
Banja Luka,PM2.5 - Principal,2021-12-30 09:00 AM,2021,12,30,09,105.1,177,Unhealthy,135.2,UG/M3,1 Hr,Valid
Banja Luka,PM2.5 - Principal,2021-12-30 10:00 AM,2021,12,30,10,112.2,180,Unhealthy,119.4,UG/M3,1 Hr,Valid
Banja Luka,PM2.5 - Principal,2021-12-30 11:00 AM,2021,12,30,11,108.1,178,Unhealthy,104.1,UG/M3,1 Hr,Valid
Banja Luka,PM2.5 - Principal,2021-12-30 12:00 PM,2021,12,30,12,128.6,189,Unhealthy,149.1,UG/M3,1 Hr,Valid
Banja Luka,PM2.5 - Principal,2021-12-30 01:00 PM,2021,12,30,13,124.8,187,Unhealthy,120.9,UG/M3,1 Hr,Valid
Banja Luka,PM2.5 - Principal,2021-12-30 02:00 PM,2021,12,30,14,113.1,181,Unhealthy,101.4,UG/M3,1 Hr,Valid
Banja Luka,PM2.5 - Principal,2021-12-30 03:00 PM,2021,12,30,15,91.1,169,Unhealthy,69.2,UG/M3,1 Hr,Valid
Banja Luka,PM2.5 - Principal,2021-12-30 04:00 PM,2021,12,30,16,102.3,175,Unhealthy,113.4,UG/M3,1 Hr,Valid
Banja Luka,PM2.5 - Principal,2021-12-30 05:00 PM,2021,12,30,17,126.5,188,Unhealthy,150.7,UG/M3,1 Hr,Valid
Banja Luka,PM2.5 - Principal,2021-12-30 06:00 PM,2021,12,30,18,212.2,262,Very Unhealthy,297.8,UG/M3,1 Hr,Valid
Banja Luka,PM2.5 - Principal,2021-12-30 07:00 PM,2021,12,30,19,261.5,312,Hazardous,310.7,UG/M3,1 Hr,Valid
Banja Luka,PM2.5 - Principal,2021-12-30 08:00 PM,2021,12,30,20,291.2,341,Hazardous,320.8,UG/M3,1 Hr,Valid
Banja Luka,PM2.5 - Principal,2021-12-30 09:00 PM,2021,12,30,21,340.4,390,Hazardous,389.5,UG/M3,1 Hr,Valid
Banja Luka,PM2.5 - Principal,2021-12-30 10:00 PM,2021,12,30,22,275.5,326,Hazardous,210.5,UG/M3,1 Hr,Valid
Banja Luka,PM2.5 - Principal,2021-12-30 11:00 PM,2021,12,30,23,145.8,198,Unhealthy,16.2,UG/M3,1 Hr,Valid
Banja Luka,PM2.5 - Principal,2021-12-31 12:00 AM,2021,12,31,00,160.6,211,Very Unhealthy,175.3,UG/M3,1 Hr,Valid
Banja Luka,PM2.5 - Principal,2021-12-31 01:00 AM,2021,12,31,01,169.5,220,Very Unhealthy,178.5,UG/M3,1 Hr,Valid
Banja Luka,PM2.5 - Principal,2021-12-31 02:00 AM,2021,12,31,02,151.7,202,Very Unhealthy,133.9,UG/M3,1 Hr,Valid
Banja Luka,PM2.5 - Principal,2021-12-31 03:00 AM,2021,12,31,03,126.6,188,Unhealthy,101.5,UG/M3,1 Hr,Valid
Banja Luka,PM2.5 - Principal,2021-12-31 04:00 AM,2021,12,31,04,104.8,176,Unhealthy,82.9,UG/M3,1 Hr,Valid
Banja Luka,PM2.5 - Principal,2021-12-31 05:00 AM,2021,12,31,05,124.0,186,Unhealthy,143.2,UG/M3,1 Hr,Valid
Banja Luka,PM2.5 - Principal,2021-12-31 06:00 AM,2021,12,31,06,108.5,178,Unhealthy,93.0,UG/M3,1 Hr,Valid
Banja Luka,PM2.5 - Principal,2021-12-31 07:00 AM,2021,12,31,07,100.6,174,Unhealthy,92.7,UG/M3,1 Hr,Valid
Banja Luka,PM2.5 - Principal,2021-12-31 08:00 AM,2021,12,31,08,117.7,183,Unhealthy,134.9,UG/M3,1 Hr,Valid
Banja Luka,PM2.5 - Principal,2021-12-31 09:00 AM,2021,12,31,09,141.3,195,Unhealthy,165.0,UG/M3,1 Hr,Valid
Banja Luka,PM2.5 - Principal,2021-12-31 10:00 AM,2021,12,31,10,125.3,187,Unhealthy,109.3,UG/M3,1 Hr,Valid
Banja Luka,PM2.5 - Principal,2021-12-31 11:00 AM,2021,12,31,11,95.0,171,Unhealthy,64.6,UG/M3,1 Hr,Valid
Banja Luka,PM2.5 - Principal,2021-12-31 12:00 PM,2021,12,31,12,61.9,154,Unhealthy,28.9,UG/M3,1 Hr,Valid
Banja Luka,PM2.5 - Principal,2021-12-31 01:00 PM,2021,12,31,13,42.2,117,Unhealthy for Sensitive Groups,22.6,UG/M3,1 Hr,Valid
Banja Luka,PM2.5 - Principal,2021-12-31 02:00 PM,2021,12,31,14,29.6,88,Moderate,17.0,UG/M3,1 Hr,Valid
Banja Luka,PM2.5 - Principal,2021-12-31 03:00 PM,2021,12,31,15,44.4,123,Unhealthy for Sensitive Groups,59.2,UG/M3,1 Hr,Valid
Banja Luka,PM2.5 - Principal,2021-12-31 04:00 PM,2021,12,31,16,71.3,159,Unhealthy,98.1,UG/M3,1 Hr,Valid
Banja Luka,PM2.5 - Principal,2021-12-31 05:00 PM,2021,12,31,17,157.9,208,Very Unhealthy,244.5,UG/M3,1 Hr,Valid
Banja Luka,PM2.5 - Principal,2021-12-31 06:00 PM,2021,12,31,18,195.6,246,Very Unhealthy,233.2,UG/M3,1 Hr,Valid
Banja Luka,PM2.5 - Principal,2021-12-31 07:00 PM,2021,12,31,19,210.0,260,Very Unhealthy,224.5,UG/M3,1 Hr,Valid
Banja Luka,PM2.5 - Principal,2021-12-31 08:00 PM,2021,12,31,20,225.7,276,Very Unhealthy,241.4,UG/M3,1 Hr,Valid
Banja Luka,PM2.5 - Principal,2021-12-31 09:00 PM,2021,12,31,21,291.8,342,Hazardous,357.8,UG/M3,1 Hr,Valid
Banja Luka,PM2.5 - Principal,2021-12-31 10:00 PM,2021,12,31,22,286.7,337,Hazardous,281.6,UG/M3,1 Hr,Valid
Banja Luka,PM2.5 - Principal,2021-12-31 11:00 PM,2021,12,31,23,324.5,374,Hazardous,362.2,UG/M3,1 Hr,Valid
Banja Luka,PM2.5 - Principal,2022-01-01 12:00 AM,2022,01,01,00,303.4,353,Hazardous,282.2,UG/M3,1 Hr,Valid
