Site,Parameter,Date (LT),Year,Month,Day,Hour,NowCast Conc.,AQI,AQI Category,Raw Conc.,Conc. Unit,Duration,QC Name
Banja Luka,PM2.5 - Principal,2023-01-01 01:00 AM,2023,01,01,01,126.6,188,Unhealthy,134.1,UG/M3,1 Hr,Valid
Banja Luka,PM2.5 - Principal,2023-01-01 02:00 AM,2023,01,01,02,131.0,190,Unhealthy,135.3,UG/M3,1 Hr,Valid
Banja Luka,PM2.5 - Principal,2023-01-01 03:00 AM,2023,01,01,03,132.3,191,Unhealthy,133.6,UG/M3,1 Hr,Valid
Banja Luka,PM2.5 - Principal,2023-01-01 04:00 AM,2023,01,01,04,120.9,185,Unhealthy,109.6,UG/M3,1 Hr,Valid
Banja Luka,PM2.5 - Principal,2023-01-01 05:00 AM,2023,01,01,05,89.6,169,Unhealthy,58.3,UG/M3,1 Hr,Valid
Banja Luka,PM2.5 - Principal,2023-01-01 06:00 AM,2023,01,01,06,66.2,157,Unhealthy,42.8,UG/M3,1 Hr,Valid
Banja Luka,PM2.5 - Principal,2023-01-01 07:00 AM,2023,01,01,07,51.5,140,Unhealthy for Sensitive Groups,36.8,UG/M3,1 Hr,Valid
Banja Luka,PM2.5 - Principal,2023-01-01 08:00 AM,2023,01,01,08,30.5,90,Moderate,9.5,UG/M3,1 Hr,Valid
Banja Luka,PM2.5 - Principal,2023-01-01 09:00 AM,2023,01,01,09,25.9,80,Moderate,21.2,UG/M3,1 Hr,Valid
Banja Luka,PM2.5 - Principal,2023-01-01 10:00 AM,2023,01,01,10,28.8,86,Moderate,31.7,UG/M3,1 Hr,Valid
Banja Luka,PM2.5 - Principal,2023-01-01 11:00 AM,2023,01,01,11,21.2,70,Moderate,13.7,UG/M3,1 Hr,Valid
Banja Luka,PM2.5 - Principal,2023-01-01 12:00 PM,2023,01,01,12,20.2,68,Moderate,19.1,UG/M3,1 Hr,Valid
Banja Luka,PM2.5 - Principal,2023-01-01 01:00 PM,2023,01,01,13,16.5,60,Moderate,12.9,UG/M3,1 Hr,Valid
Banja Luka,PM2.5 - Principal,2023-01-01 02:00 PM,2023,01,01,14,12.8,52,Moderate,9.1,UG/M3,1 Hr,Valid
Banja Luka,PM2.5 - Principal,2023-01-01 03:00 PM,2023,01,01,15,12.7,52,Moderate,12.7,UG/M3,1 Hr,Valid
Banja Luka,PM2.5 - Principal,2023-01-01 04:00 PM,2023,01,01,16,17.6,63,Moderate,22.6,UG/M3,1 Hr,Valid
Banja Luka,PM2.5 - Principal,2023-01-01 05:00 PM,2023,01,01,17,72.9,160,Unhealthy,128.1,UG/M3,1 Hr,Valid
Banja Luka,PM2.5 - Principal,2023-01-01 06:00 PM,2023,01,01,18,125.6,187,Unhealthy,178.4,UG/M3,1 Hr,Valid
Banja Luka,PM2.5 - Principal,2023-01-01 07:00 PM,2023,01,01,19,132.2,191,Unhealthy,138.7,UG/M3,1 Hr,Valid
Banja Luka,PM2.5 - Principal,2023-01-01 08:00 PM,2023,01,01,20,166.3,217,Very Unhealthy,200.5,UG/M3,1 Hr,Valid
Banja Luka,PM2.5 - Principal,2023-01-01 09:00 PM,2023,01,01,21,181.3,232,Very Unhealthy,196.2,UG/M3,1 Hr,Valid
Banja Luka,PM2.5 - Principal,2023-01-01 10:00 PM,2023,01,01,22,161.2,212,Very Unhealthy,141.1,UG/M3,1 Hr,Valid
Banja Luka,PM2.5 - Principal,2023-01-01 11:00 PM,2023,01,01,23,149.0,199,Unhealthy,136.8,UG/M3,1 Hr,Valid
Banja Luka,PM2.5 - Principal,2023-01-02 12:00 AM,2023,01,02,00,125.2,187,Unhealthy,101.4,UG/M3,1 Hr,Valid
Banja Luka,PM2.5 - Principal,2023-01-02 01:00 AM,2023,01,02,01,103.0,176,Unhealthy,80.8,UG/M3,1 Hr,Valid
Banja Luka,PM2.5 - Principal,2023-01-02 02:00 AM,2023,01,02,02,98.1,173,Unhealthy,93.1,UG/M3,1 Hr,Valid
Banja Luka,PM2.5 - Principal,2023-01-02 03:00 AM,2023,01,02,03,83.1,165,Unhealthy,68.1,UG/M3,1 Hr,Valid
Banja Luka,PM2.5 - Principal,2023-01-02 04:00 AM,2023,01,02,04,68.0,157,Unhealthy,52.9,UG/M3,1 Hr,Valid
Banja Luka,PM2.5 - Principal,2023-01-02 05:00 AM,2023,01,02,05,55.3,150,Unhealthy for Sensitive Groups,42.7,UG/M3,1 Hr,Valid
Banja Luka,PM2.5 - Principal,2023-01-02 06:00 AM,2023,01,02,06,46.6,128,Unhealthy for Sensitive Groups,37.8,UG/M3,1 Hr,Valid
Banja Luka,PM2.5 - Principal,2023-01-02 07:00 AM,2023,01,02,07,38.3,108,Unhealthy for Sensitive Groups,30.0,UG/M3,1 Hr,Valid
Banja Luka,PM2.5 - Principal,2023-01-02 08:00 AM,2023,01,02,08,45.6,126,Unhealthy for Sensitive Groups,53.0,UG/M3,1 Hr,Valid
Banja Luka,PM2.5 - Principal,2023-01-02 09:00 AM,2023,01,02,09,67.2,157,Unhealthy,88.8,UG/M3,1 Hr,Valid
Banja Luka,PM2.5 - Principal,2023-01-02 10:00 AM,2023,01,02,10,57.7,152,Unhealthy,48.1,UG/M3,1 Hr,Valid
Banja Luka,PM2.5 - Principal,2023-01-02 11:00 AM,2023,01,02,11,49.9,136,Unhealthy for Sensitive Groups,42.1,UG/M3,1 Hr,Valid
Banja Luka,PM2.5 - Principal,2023-01-02 12:00 PM,2023,01,02,12,48.1,132,Unhealthy for Sensitive Groups,46.4,UG/M3,1 Hr,Valid
Banja Luka,PM2.5 - Principal,2023-01-02 01:00 PM,2023,01,02,13,40.5,113,Unhealthy for Sensitive Groups,32.9,UG/M3,1 Hr,Valid
Banja Luka,PM2.5 - Principal,2023-01-02 02:00 PM,2023,01,02,14,36.8,104,Unhealthy for Sensitive Groups,33.1,UG/M3,1 Hr,Valid
Banja Luka,PM2.5 - Principal,2023-01-02 03:00 PM,2023,01,02,15,51.2,140,Unhealthy for Sensitive Groups,65.7,UG/M3,1 Hr,Valid
Banja Luka,PM2.5 - Principal,2023-01-02 04:00 PM,2023,01,02,16,32.9,95,Moderate,14.6,UG/M3,1 Hr,Valid
Banja Luka,PM2.5 - Principal,2023-01-02 05:00 PM,2023,01,02,17,46.4,128,Unhealthy for Sensitive Groups,59.8,UG/M3,1 Hr,Valid
Banja Luka,PM2.5 - Principal,2023-01-02 06:00 PM,2023,01,02,18,152.3,203,Very Unhealthy,258.1,UG/M3,1 Hr,Valid
Banja Luka,PM2.5 - Principal,2023-01-02 07:00 PM,2023,01,02,19,194.1,244,Very Unhealthy,236.0,UG/M3,1 Hr,Valid
Banja Luka,PM2.5 - Principal,2023-01-02 08:00 PM,2023,01,02,20,244.7,294,Very Unhealthy,295.1,UG/M3,1 Hr,Valid
Banja Luka,PM2.5 - Principal,2023-01-02 09:00 PM,2023,01,02,21,286.6,337,Hazardous,328.6,UG/M3,1 Hr,Valid
Banja Luka,PM2.5 - Principal,2023-01-02 10:00 PM,2023,01,02,22,306.2,356,Hazardous,325.7,UG/M3,1 Hr,Valid
Banja Luka,PM2.5 - Principal,2023-01-02 11:00 PM,2023,01,02,23,247.8,297,Very Unhealthy,189.5,UG/M3,1 Hr,Valid
Banja Luka,PM2.5 - Principal,2023-01-03 12:00 AM,2023,01,03,00,205.8,256,Very Unhealthy,163.7,UG/M3,1 Hr,Valid
Banja Luka,PM2.5 - Principal,2023-01-03 01:00 AM,2023,01,03,01,162.2,213,Very Unhealthy,118.6,UG/M3,1 Hr,Valid
Banja Luka,PM2.5 - Principal,2023-01-03 02:00 AM,2023,01,03,02,124.0,186,Unhealthy,85.8,UG/M3,1 Hr,Valid
Banja Luka,PM2.5 - Principal,2023-01-03 03:00 AM,2023,01,03,03,100.2,174,Unhealthy,76.5,UG/M3,1 Hr,Valid
Banja Luka,PM2.5 - Principal,2023-01-03 04:00 AM,2023,01,03,04,69.8,158,Unhealthy,39.4,UG/M3,1 Hr,Valid
Banja Luka,PM2.5 - Principal,2023-01-03 05:00 AM,2023,01,03,05,50.4,138,Unhealthy for Sensitive Groups,30.9,UG/M3,1 Hr,Valid
Banja Luka,PM2.5 - Principal,2023-01-03 06:00 AM,2023,01,03,06,41.3,115,Unhealthy for Sensitive Groups,32.2,UG/M3,1 Hr,Valid
Banja Luka,PM2.5 - Principal,2023-01-03 07:00 AM,2023,01,03,07,37.2,105,Unhealthy for Sensitive Groups,33.3,UG/M3,1 Hr,Valid
Banja Luka,PM2.5 - Principal,2023-01-03 08:00 AM,2023,01,03,08,39.6,111,Unhealthy for Sensitive Groups,42.0,UG/M3,1 Hr,Valid
Banja Luka,PM2.5 - Principal,2023-01-03 09:00 AM,2023,01,03,09,39.7,111,Unhealthy for Sensitive Groups,39.8,UG/M3,1 Hr,Valid
Banja Luka,PM2.5 - Principal,2023-01-03 10:00 AM,2023,01,03,10,28.0,84,Moderate,16.4,UG/M3,1 Hr,Valid
Banja Luka,PM2.5 - Principal,2023-01-03 11:00 AM,2023,01,03,11,23.9,76,Moderate,19.8,UG/M3,1 Hr,Valid
Banja Luka,PM2.5 - Principal,2023-01-03 12:00 PM,2023,01,03,12,19.0,66,Moderate,14.2,UG/M3,1 Hr,Valid
Banja Luka,PM2.5 - Principal,2023-01-03 01:00 PM,2023,01,03,13,15.2,58,Moderate,11.5,UG/M3,1 Hr,Valid
Banja Luka,PM2.5 - Principal,2023-01-03 02:00 PM,2023,01,03,14,11.1,46,Good,6.9,UG/M3,1 Hr,Valid
Banja Luka,PM2.5 - Principal,2023-01-03 03:00 PM,2023,01,03,15,9.8,41,Good,8.6,UG/M3,1 Hr,Valid
Banja Luka,PM2.5 - Principal,2023-01-03 04:00 PM,2023,01,03,16,15.8,59,Moderate,21.9,UG/M3,1 Hr,Valid
Banja Luka,PM2.5 - Principal,2023-01-03 05:00 PM,2023,01,03,17,45.0,124,Unhealthy for Sensitive Groups,74.2,UG/M3,1 Hr,Valid
Banja Luka,PM2.5 - Principal,2023-01-03 06:00 PM,2023,01,03,18,70.7,159,Unhealthy,96.3,UG/M3,1 Hr,Valid
Banja Luka,PM2.5 - Principal,2023-01-03 07:00 PM,2023,01,03,19,73.4,160,Unhealthy,76.1,UG/M3,1 Hr,Valid
Banja Luka,PM2.5 - Principal,2023-01-03 08:00 PM,2023,01,03,20,185.2,235,Very Unhealthy,296.9,UG/M3,1 Hr,Valid
Banja Luka,PM2.5 - Principal,2023-01-03 09:00 PM,2023,01,03,21,193.8,244,Very Unhealthy,202.4,UG/M3,1 Hr,Valid
Banja Luka,PM2.5 - Principal,2023-01-03 10:00 PM,2023,01,03,22,236.3,286,Very Unhealthy,278.8,UG/M3,1 Hr,Valid
Banja Luka,PM2.5 - Principal,2023-01-03 11:00 PM,2023,01,03,23,226.8,277,Very Unhealthy,217.3,UG/M3,1 Hr,Valid
Banja Luka,PM2.5 - Principal,2023-01-04 12:00 AM,2023,01,04,00,226.7,277,Very Unhealthy,226.6,UG/M3,1 Hr,Valid
Banja Luka,PM2.5 - Principal,2023-01-04 01:00 AM,2023,01,04,01,217.2,267,Very Unhealthy,207.7,UG/M3,1 Hr,Valid
Banja Luka,PM2.5 - Principal,2023-01-04 02:00 AM,2023,01,04,02,196.0,246,Very Unhealthy,174.7,UG/M3,1 Hr,Valid
Banja Luka,PM2.5 - Principal,2023-01-04 03:00 AM,2023,01,04,03,181.3,232,Very Unhealthy,166.6,UG/M3,1 Hr,Valid
Banja Luka,PM2.5 - Principal,2023-01-04 04:00 AM,2023,01,04,04,165.5,216,Very Unhealthy,149.6,UG/M3,1 Hr,Valid
Banja Luka,PM2.5 - Principal,2023-01-04 05:00 AM,2023,01,04,05,111.2,180,Unhealthy,56.9,UG/M3,1 Hr,Valid
Banja Luka,PM2.5 - Principal,2023-01-04 06:00 AM,2023,01,04,06,71.6,159,Unhealthy,32.0,UG/M3,1 Hr,Valid
Banja Luka,PM2.5 - Principal,2023-01-04 07:00 AM,2023,01,04,07,55.7,151,Unhealthy,39.7,UG/M3,1 Hr,Valid
Banja Luka,PM2.5 - Principal,2023-01-04 08:00 AM,2023,01,04,08,45.9,127,Unhealthy for Sensitive Groups,36.1,UG/M3,1 Hr,Valid
Banja Luka,PM2.5 - Principal,2023-01-04 09:00 AM,2023,01,04,09,43.6,121,Unhealthy for Sensitive Groups,41.4,UG/M3,1 Hr,Valid
Banja Luka,PM2.5 - Principal,2023-01-04 10:00 AM,2023,01,04,10,54.6,148,Unhealthy for Sensitive Groups,65.6,UG/M3,1 Hr,Valid
Banja Luka,PM2.5 - Principal,2023-01-04 11:00 AM,2023,01,04,11,42.6,118,Unhealthy for Sensitive Groups,30.6,UG/M3,1 Hr,Valid
Banja Luka,PM2.5 - Principal,2023-01-04 12:00 PM,2023,01,04,12,34.4,98,Moderate,26.2,UG/M3,1 Hr,Valid
Banja Luka,PM2.5 - Principal,2023-01-04 01:00 PM,2023,01,04,13,28.8,86,Moderate,23.2,UG/M3,1 Hr,Valid
Banja Luka,PM2.5 - Principal,2023-01-04 02:00 PM,2023,01,04,14,27.0,82,Moderate,25.3,UG/M3,1 Hr,Valid
Banja Luka,PM2.5 - Principal,2023-01-04 03:00 PM,2023,01,04,15,28.8,86,Moderate,30.7,UG/M3,1 Hr,Valid
Banja Luka,PM2.5 - Principal,2023-01-04 04:00 PM,2023,01,04,16,27.8,84,Moderate,26.9,UG/M3,1 Hr,Valid
Banja Luka,PM2.5 - Principal,2023-01-04 05:00 PM,2023,01,04,17,46.5,128,Unhealthy for Sensitive Groups,65.1,UG/M3,1 Hr,Valid
Banja Luka,PM2.5 - Principal,2023-01-04 06:00 PM,2023,01,04,18,98.8,173,Unhealthy,151.1,UG/M3,1 Hr,Valid
Banja Luka,PM2.5 - Principal,2023-01-04 07:00 PM,2023,01,04,19,122.1,185,Unhealthy,145.4,UG/M3,1 Hr,Valid
Banja Luka,PM2.5 - Principal,2023-01-04 08:00 PM,2023,01,04,20,130.2,190,Unhealthy,138.3,UG/M3,1 Hr,Valid
Banja Luka,PM2.5 - Principal,2023-01-04 09:00 PM,2023,01,04,21,138.5,194,Unhealthy,146.7,UG/M3,1 Hr,Valid
Banja Luka,PM2.5 - Principal,2023-01-04 10:00 PM,2023,01,04,22,148.0,199,Unhealthy,157.5,UG/M3,1 Hr,Valid
Banja Luka,PM2.5 - Principal,2023-01-04 11:00 PM,2023,01,04,23,171.9,222,Very Unhealthy,195.8,UG/M3,1 Hr,Valid
Banja Luka,PM2.5 - Principal,2023-01-05 12:00 AM,2023,01,05,00,130.6,190,Unhealthy,89.2,UG/M3,1 Hr,Valid
Banja Luka,PM2.5 - Principal,2023-01-05 01:00 AM,2023,01,05,01,132.8,191,Unhealthy,135.0,UG/M3,1 Hr,Valid
Banja Luka,PM2.5 - Principal,2023-01-05 02:00 AM,2023,01,05,02,136.4,193,Unhealthy,139.9,UG/M3,1 Hr,Valid
Banja Luka,PM2.5 - Principal,2023-01-05 03:00 AM,2023,01,05,03,118.7,184,Unhealthy,101.0,UG/M3,1 Hr,Valid
Banja Luka,PM2.5 - Principal,2023-01-05 04:00 AM,2023,01,05,04,104.2,176,Unhealthy,89.8,UG/M3,1 Hr,Valid
Banja Luka,PM2.5 - Principal,2023-01-05 05:00 AM,2023,01,05,05,79.1,163,Unhealthy,53.9,UG/M3,1 Hr,Valid
Banja Luka,PM2.5 - Principal,2023-01-05 06:00 AM,2023,01,05,06,68.6,158,Unhealthy,58.1,UG/M3,1 Hr,Valid
Banja Luka,PM2.5 - Principal,2023-01-05 07:00 AM,2023,01,05,07,67.5,157,Unhealthy,66.4,UG/M3,1 Hr,Valid
Banja Luka,PM2.5 - Principal,2023-01-05 08:00 AM,2023,01,05,08,60.9,154,Unhealthy,54.3,UG/M3,1 Hr,Valid
Banja Luka,PM2.5 - Principal,2023-01-05 09:00 AM,2023,01,05,09,82.0,165,Unhealthy,103.2,UG/M3,1 Hr,Valid
Banja Luka,PM2.5 - Principal,2023-01-05 10:00 AM,2023,01,05,10,77.0,162,Unhealthy,71.9,UG/M3,1 Hr,Valid
Banja Luka,PM2.5 - Principal,2023-01-05 11:00 AM,2023,01,05,11,102.2,175,Unhealthy,127.4,UG/M3,1 Hr,Valid
Banja Luka,PM2.5 - Principal,2023-01-05 12:00 PM,2023,01,05,12,95.3,172,Unhealthy,88.4,UG/M3,1 Hr,Valid
Banja Luka,PM2.5 - Principal,2023-01-05 01:00 PM,2023,01,05,13,58.0,152,Unhealthy,20.8,UG/M3,1 Hr,Valid
Banja Luka,PM2.5 - Principal,2023-01-05 02:00 PM,2023,01,05,14,39.3,110,Unhealthy for Sensitive Groups,20.7,UG/M3,1 Hr,Valid
Banja Luka,PM2.5 - Principal,2023-01-05 03:00 PM,2023,01,05,15,34.5,98,Moderate,29.7,UG/M3,1 Hr,Valid
Banja Luka,PM2.5 - Principal,2023-01-05 04:00 PM,2023,01,05,16,27.9,84,Moderate,21.4,UG/M3,1 Hr,Valid
Banja Luka,PM2.5 - Principal,2023-01-05 05:00 PM,2023,01,05,17,48.3,133,Unhealthy for Sensitive Groups,68.7,UG/M3,1 Hr,Valid
Banja Luka,PM2.5 - Principal,2023-01-05 06:00 PM,2023,01,05,18,87.9,168,Unhealthy,127.4,UG/M3,1 Hr,Valid
Banja Luka,PM2.5 - Principal,2023-01-05 07:00 PM,2023,01,05,19,189.8,240,Very Unhealthy,291.7,UG/M3,1 Hr,Suspect
Banja Luka,PM2.5 - Principal,2023-01-05 08:00 PM,2023,01,05,20,179.3,230,Very Unhealthy,168.8,UG/M3,1 Hr,Valid
Banja Luka,PM2.5 - Principal,2023-01-05 09:00 PM,2023,01,05,21,281.1,331,Hazardous,382.9,UG/M3,1 Hr,Suspect
Banja Luka,PM2.5 - Principal,2023-01-05 10:00 PM,2023,01,05,22,238.2,288,Very Unhealthy,195.3,UG/M3,1 Hr,Valid
Banja Luka,PM2.5 - Principal,2023-01-05 11:00 PM,2023,01,05,23,234.4,284,Very Unhealthy,230.6,UG/M3,1 Hr,Valid
Banja Luka,PM2.5 - Principal,2023-01-06 12:00 AM,2023,01,06,00,191.3,241,Very Unhealthy,148.3,UG/M3,1 Hr,Valid
Banja Luka,PM2.5 - Principal,2023-01-06 01:00 AM,2023,01,06,01,142.8,196,Unhealthy,94.3,UG/M3,1 Hr,Valid
Banja Luka,PM2.5 - Principal,2023-01-06 02:00 AM,2023,01,06,02,119.4,184,Unhealthy,95.9,UG/M3,1 Hr,Valid
Banja Luka,PM2.5 - Principal,2023-01-06 03:00 AM,2023,01,06,03,101.5,175,Unhealthy,83.6,UG/M3,1 Hr,Valid
Banja Luka,PM2.5 - Principal,2023-01-06 04:00 AM,2023,01,06,04,85.8,167,Unhealthy,70.1,UG/M3,1 Hr,Valid
Banja Luka,PM2.5 - Principal,2023-01-06 05:00 AM,2023,01,06,05,75.4,161,Unhealthy,64.9,UG/M3,1 Hr,Valid
Banja Luka,PM2.5 - Principal,2023-01-06 06:00 AM,2023,01,06,06,69.3,158,Unhealthy,63.3,UG/M3,1 Hr,Valid
Banja Luka,PM2.5 - Principal,2023-01-06 07:00 AM,2023,01,06,07,58.0,152,Unhealthy,46.8,UG/M3,1 Hr,Valid
Banja Luka,PM2.5 - Principal,2023-01-06 08:00 AM,2023,01,06,08,63.5,155,Unhealthy,69.1,UG/M3,1 Hr,Valid
Banja Luka,PM2.5 - Principal,2023-01-06 09:00 AM,2023,01,06,09,72.2,160,Unhealthy,80.9,UG/M3,1 Hr,Valid
Banja Luka,PM2.5 - Principal,2023-01-06 10:00 AM,2023,01,06,10,67.0,157,Unhealthy,61.9,UG/M3,1 Hr,Valid
Banja Luka,PM2.5 - Principal,2023-01-06 11:00 AM,2023,01,06,11,56.2,151,Unhealthy,45.4,UG/M3,1 Hr,Valid
Banja Luka,PM2.5 - Principal,2023-01-06 12:00 PM,2023,01,06,12,54.8,149,Unhealthy for Sensitive Groups,53.4,UG/M3,1 Hr,Valid
Banja Luka,PM2.5 - Principal,2023-01-06 01:00 PM,2023,01,06,13,51.1,139,Unhealthy for Sensitive Groups,47.4,UG/M3,1 Hr,Valid
Banja Luka,PM2.5 - Principal,2023-01-06 02:00 PM,2023,01,06,14,42.4,118,Unhealthy for Sensitive Groups,33.9,UG/M3,1 Hr,Valid
Banja Luka,PM2.5 - Principal,2023-01-06 03:00 PM,2023,01,06,15,39.2,110,Unhealthy for Sensitive Groups,36.0,UG/M3,1 Hr,Valid
Banja Luka,PM2.5 - Principal,2023-01-06 04:00 PM,2023,01,06,16,63.8,155,Unhealthy,88.4,UG/M3,1 Hr,Valid
Banja Luka,PM2.5 - Principal,2023-01-06 05:00 PM,2023,01,06,17,193.1,243,Very Unhealthy,322.4,UG/M3,1 Hr,Valid
Banja Luka,PM2.5 - Principal,2023-01-06 06:00 PM,2023,01,06,18,249.5,299,Very Unhealthy,305.7,UG/M3,1 Hr,Valid
Banja Luka,PM2.5 - Principal,2023-01-06 07:00 PM,2023,01,06,19,245.8,295,Very Unhealthy,242.0,UG/M3,1 Hr,Valid
Banja Luka,PM2.5 - Principal,2023-01-06 08:00 PM,2023,01,06,20,241.9,292,Very Unhealthy,237.9,UG/M3,1 Hr,Valid
Banja Luka,PM2.5 - Principal,2023-01-06 09:00 PM,2023,01,06,21,237.8,288,Very Unhealthy,233.7,UG/M3,1 Hr,Valid
Banja Luka,PM2.5 - Principal,2023-01-06 10:00 PM,2023,01,06,22,330.3,380,Hazardous,422.6,UG/M3,1 Hr,Valid
Banja Luka,PM2.5 - Principal,2023-01-06 11:00 PM,2023,01,06,23,294.1,344,Hazardous,257.9,UG/M3,1 Hr,Valid
Banja Luka,PM2.5 - Principal,2023-01-07 12:00 AM,2023,01,07,00,372.6,416,Hazardous,451.0,UG/M3,1 Hr,Valid
Banja Luka,PM2.5 - Principal,2023-01-07 01:00 AM,2023,01,07,01,344.0,394,Hazardous,315.4,UG/M3,1 Hr,Valid
Banja Luka,PM2.5 - Principal,2023-01-07 02:00 AM,2023,01,07,02,265.7,316,Hazardous,187.4,UG/M3,1 Hr,Valid
Banja Luka,PM2.5 - Principal,2023-01-07 03:00 AM,2023,01,07,03,219.9,270,Very Unhealthy,174.1,UG/M3,1 Hr,Valid
Banja Luka,PM2.5 - Principal,2023-01-07 04:00 AM,2023,01,07,04,164.1,214,Very Unhealthy,108.3,UG/M3,1 Hr,Valid
Banja Luka,PM2.5 - Principal,2023-01-07 05:00 AM,2023,01,07,05,138.2,194,Unhealthy,112.3,UG/M3,1 Hr,Valid
Banja Luka,PM2.5 - Principal,2023-01-07 06:00 AM,2023,01,07,06,107.3,178,Unhealthy,76.4,UG/M3,1 Hr,Valid
Banja Luka,PM2.5 - Principal,2023-01-07 07:00 AM,2023,01,07,07,91.9,170,Unhealthy,76.6,UG/M3,1 Hr,Valid
Banja Luka,PM2.5 - Principal,2023-01-07 08:00 AM,2023,01,07,08,106.4,177,Unhealthy,121.0,UG/M3,1 Hr,Valid
Banja Luka,PM2.5 - Principal,2023-01-07 09:00 AM,2023,01,07,09,149.3,199,Unhealthy,192.1,UG/M3,1 Hr,Valid
Banja Luka,PM2.5 - Principal,2023-01-07 10:00 AM,2023,01,07,10,113.5,181,Unhealthy,77.7,UG/M3,1 Hr,Valid
Banja Luka,PM2.5 - Principal,2023-01-07 11:00 AM,2023,01,07,11,90.4,169,Unhealthy,67.4,UG/M3,1 Hr,Valid
Banja Luka,PM2.5 - Principal,2023-01-07 12:00 PM,2023,01,07,12,75.8,161,Unhealthy,61.3,UG/M3,1 Hr,Valid
Banja Luka,PM2.5 - Principal,2023-01-07 01:00 PM,2023,01,07,13,68.3,158,Unhealthy,60.8,UG/M3,1 Hr,Valid
Banja Luka,PM2.5 - Principal,2023-01-07 02:00 PM,2023,01,07,14,41.3,115,Unhealthy for Sensitive Groups,14.4,UG/M3,1 Hr,Valid
Banja Luka,PM2.5 - Principal,2023-01-07 03:00 PM,2023,01,07,15,27.1,83,Moderate,12.8,UG/M3,1 Hr,Valid
Banja Luka,PM2.5 - Principal,2023-01-07 04:00 PM,2023,01,07,16,22.2,72,Moderate,17.4,UG/M3,1 Hr,Valid
Banja Luka,PM2.5 - Principal,2023-01-07 05:00 PM,2023,01,07,17,68.4,158,Unhealthy,114.5,UG/M3,1 Hr,Valid
Banja Luka,PM2.5 - Principal,2023-01-07 06:00 PM,2023,01,07,18,118.8,184,Unhealthy,169.3,UG/M3,1 Hr,Valid
Banja Luka,PM2.5 - Principal,2023-01-07 07:00 PM,2023,01,07,19,130.4,190,Unhealthy,142.0,UG/M3,1 Hr,Valid
Banja Luka,PM2.5 - Principal,2023-01-07 08:00 PM,2023,01,07,20,147.0,198,Unhealthy,163.7,UG/M3,1 Hr,Valid
Banja Luka,PM2.5 - Principal,2023-01-07 09:00 PM,2023,01,07,21,172.5,223,Very Unhealthy,198.0,UG/M3,1 Hr,Valid
Banja Luka,PM2.5 - Principal,2023-01-07 10:00 PM,2023,01,07,22,196.5,247,Very Unhealthy,220.4,UG/M3,1 Hr,Valid
Banja Luka,PM2.5 - Principal,2023-01-07 11:00 PM,2023,01,07,23,187.7,238,Very Unhealthy,178.8,UG/M3,1 Hr,Valid
Banja Luka,PM2.5 - Principal,2023-01-08 12:00 AM,2023,01,08,00,164.3,215,Very Unhealthy,140.9,UG/M3,1 Hr,Valid
Banja Luka,PM2.5 - Principal,2023-01-08 01:00 AM,2023,01,08,01,117.7,183,Unhealthy,71.1,UG/M3,1 Hr,Valid
Banja Luka,PM2.5 - Principal,2023-01-08 02:00 AM,2023,01,08,02,85.8,167,Unhealthy,53.9,UG/M3,1 Hr,Valid
Banja Luka,PM2.5 - Principal,2023-01-08 03:00 AM,2023,01,08,03,73.1,160,Unhealthy,60.4,UG/M3,1 Hr,Valid
Banja Luka,PM2.5 - Principal,2023-01-08 04:00 AM,2023,01,08,04,51.8,141,Unhealthy for Sensitive Groups,30.5,UG/M3,1 Hr,Valid
Banja Luka,PM2.5 - Principal,2023-01-08 05:00 AM,2023,01,08,05,29.1,87,Moderate,6.4,UG/M3,1 Hr,Valid
Banja Luka,PM2.5 - Principal,2023-01-08 06:00 AM,2023,01,08,06,17.7,63,Moderate,6.4,UG/M3,1 Hr,Valid
Banja Luka,PM2.5 - Principal,2023-01-08 07:00 AM,2023,01,08,07,12.0,50,Good,6.4,UG/M3,1 Hr,Valid
Banja Luka,PM2.5 - Principal,2023-01-08 08:00 AM,2023,01,08,08,9.2,38,Good,6.4,UG/M3,1 Hr,Valid
Banja Luka,PM2.5 - Principal,2023-01-08 09:00 AM,2023,01,08,09,8.3,35,Good,7.4,UG/M3,1 Hr,Valid
Banja Luka,PM2.5 - Principal,2023-01-08 10:00 AM,2023,01,08,10,8.6,36,Good,9.0,UG/M3,1 Hr,Valid
Banja Luka,PM2.5 - Principal,2023-01-08 11:00 AM,2023,01,08,11,8.5,35,Good,8.4,UG/M3,1 Hr,Valid
Banja Luka,PM2.5 - Principal,2023-01-08 12:00 PM,2023,01,08,12,7.0,29,Good,5.5,UG/M3,1 Hr,Valid
Banja Luka,PM2.5 - Principal,2023-01-08 01:00 PM,2023,01,08,13,5.9,25,Good,4.9,UG/M3,1 Hr,Valid
Banja Luka,PM2.5 - Principal,2023-01-08 02:00 PM,2023,01,08,14,5.7,24,Good,5.4,UG/M3,1 Hr,Valid
Banja Luka,PM2.5 - Principal,2023-01-08 03:00 PM,2023,01,08,15,4.6,19,Good,3.6,UG/M3,1 Hr,Valid
Banja Luka,PM2.5 - Principal,2023-01-08 04:00 PM,2023,01,08,16,4.8,20,Good,5.1,UG/M3,1 Hr,Valid
Banja Luka,PM2.5 - Principal,2023-01-08 05:00 PM,2023,01,08,17,6.5,27,Good,8.1,UG/M3,1 Hr,Valid
Banja Luka,PM2.5 - Principal,2023-01-08 06:00 PM,2023,01,08,18,6.6,28,Good,6.8,UG/M3,1 Hr,Valid
Banja Luka,PM2.5 - Principal,2023-01-08 07:00 PM,2023,01,08,19,6.3,26,Good,6.0,UG/M3,1 Hr,Valid
Banja Luka,PM2.5 - Principal,2023-01-08 08:00 PM,2023,01,08,20,8.1,34,Good,9.8,UG/M3,1 Hr,Valid
Banja Luka,PM2.5 - Principal,2023-01-08 09:00 PM,2023,01,08,21,7.2,30,Good,6.3,UG/M3,1 Hr,Valid
Banja Luka,PM2.5 - Principal,2023-01-08 10:00 PM,2023,01,08,22,6.5,27,Good,5.8,UG/M3,1 Hr,Valid
Banja Luka,PM2.5 - Principal,2023-01-08 11:00 PM,2023,01,08,23,6.5,27,Good,6.4,UG/M3,1 Hr,Valid
Banja Luka,PM2.5 - Principal,2023-01-09 12:00 AM,2023,01,09,00,7.0,29,Good,7.6,UG/M3,1 Hr,Valid
Banja Luka,PM2.5 - Principal,2023-01-09 01:00 AM,2023,01,09,01,6.2,26,Good,5.3,UG/M3,1 Hr,Valid
Banja Luka,PM2.5 - Principal,2023-01-09 02:00 AM,2023,01,09,02,6.2,26,Good,6.3,UG/M3,1 Hr,Valid
Banja Luka,PM2.5 - Principal,2023-01-09 03:00 AM,2023,01,09,03,7.6,32,Good,9.0,UG/M3,1 Hr,Valid
Banja Luka,PM2.5 - Principal,2023-01-09 04:00 AM,2023,01,09,04,16.2,60,Moderate,24.8,UG/M3,1 Hr,Valid
Banja Luka,PM2.5 - Principal,2023-01-09 05:00 AM,2023,01,09,05,20.8,69,Moderate,25.4,UG/M3,1 Hr,Valid
Banja Luka,PM2.5 - Principal,2023-01-09 06:00 AM,2023,01,09,06,14.8,57,Moderate,8.7,UG/M3,1 Hr,Valid
Banja Luka,PM2.5 - Principal,2023-01-09 07:00 AM,2023,01,09,07,8.9,37,Good,3.0,UG/M3,1 Hr,Valid
Banja Luka,PM2.5 - Principal,2023-01-09 08:00 AM,2023,01,09,08,5.5,23,Good,2.2,UG/M3,1 Hr,Valid
Banja Luka,PM2.5 - Principal,2023-01-09 09:00 AM,2023,01,09,09,3.9,16,Good,2.3,UG/M3,1 Hr,Valid
Banja Luka,PM2.5 - Principal,2023-01-09 10:00 AM,2023,01,09,10,3.0,13,Good,2.1,UG/M3,1 Hr,Valid
Banja Luka,PM2.5 - Principal,2023-01-09 11:00 AM,2023,01,09,11,2.3,10,Good,1.5,UG/M3,1 Hr,Valid
Banja Luka,PM2.5 - Principal,2023-01-09 12:00 PM,2023,01,09,12,2.2,9,Good,2.2,UG/M3,1 Hr,Valid
Banja Luka,PM2.5 - Principal,2023-01-09 01:00 PM,2023,01,09,13,2.6,11,Good,2.9,UG/M3,1 Hr,Valid
Banja Luka,PM2.5 - Principal,2023-01-09 02:00 PM,2023,01,09,14,2.1,9,Good,1.6,UG/M3,1 Hr,Valid
Banja Luka,PM2.5 - Principal,2023-01-09 03:00 PM,2023,01,09,15,2.6,11,Good,3.2,UG/M3,1 Hr,Valid
Banja Luka,PM2.5 - Principal,2023-01-09 04:00 PM,2023,01,09,16,2.3,10,Good,2.0,UG/M3,1 Hr,Valid
Banja Luka,PM2.5 - Principal,2023-01-09 05:00 PM,2023,01,09,17,3.1,13,Good,4.0,UG/M3,1 Hr,Valid
Banja Luka,PM2.5 - Principal,2023-01-09 06:00 PM,2023,01,09,18,8.1,34,Good,13.0,UG/M3,1 Hr,Valid
Banja Luka,PM2.5 - Principal,2023-01-09 07:00 PM,2023,01,09,19,14.5,56,Moderate,20.9,UG/M3,1 Hr,Valid
Banja Luka,PM2.5 - Principal,2023-01-09 08:00 PM,2023,01,09,20,32.9,95,Moderate,51.3,UG/M3,1 Hr,Valid
Banja Luka,PM2.5 - Principal,2023-01-09 09:00 PM,2023,01,09,21,50.4,138,Unhealthy for Sensitive Groups,67.8,UG/M3,1 Hr,Valid
Banja Luka,PM2.5 - Principal,2023-01-09 10:00 PM,2023,01,09,22,50.8,139,Unhealthy for Sensitive Groups,51.3,UG/M3,1 Hr,Valid
Banja Luka,PM2.5 - Principal,2023-01-09 11:00 PM,2023,01,09,23,27.9,84,Moderate,5.0,UG/M3,1 Hr,Valid
Banja Luka,PM2.5 - Principal,2023-01-10 12:00 AM,2023,01,10,00,15.3,58,Moderate,2.6,UG/M3,1 Hr,Valid
Banja Luka,PM2.5 - Principal,2023-01-10 01:00 AM,2023,01,10,01,8.4,35,Good,1.5,UG/M3,1 Hr,Valid
Banja Luka,PM2.5 - Principal,2023-01-10 02:00 AM,2023,01,10,02,4.8,20,Good,1.2,UG/M3,1 Hr,Valid
Banja Luka,PM2.5 - Principal,2023-01-10 03:00 AM,2023,01,10,03,2.9,12,Good,0.9,UG/M3,1 Hr,Valid
Banja Luka,PM2.5 - Principal,2023-01-10 04:00 AM,2023,01,10,04,2.1,9,Good,1.3,UG/M3,1 Hr,Valid
Banja Luka,PM2.5 - Principal,2023-01-10 05:00 AM,2023,01,10,05,1.5,6,Good,0.9,UG/M3,1 Hr,Valid
Banja Luka,PM2.5 - Principal,2023-01-10 06:00 AM,2023,01,10,06,1.4,6,Good,1.3,UG/M3,1 Hr,Valid
Banja Luka,PM2.5 - Principal,2023-01-10 07:00 AM,2023,01,10,07,1.8,8,Good,2.1,UG/M3,1 Hr,Valid
Banja Luka,PM2.5 - Principal,2023-01-10 08:00 AM,2023,01,10,08,3.1,13,Good,4.5,UG/M3,1 Hr,Valid
Banja Luka,PM2.5 - Principal,2023-01-10 09:00 AM,2023,01,10,09,4.9,20,Good,6.6,UG/M3,1 Hr,Valid
Banja Luka,PM2.5 - Principal,2023-01-10 10:00 AM,2023,01,10,10,7.8,33,Good,10.7,UG/M3,1 Hr,Valid
Banja Luka,PM2.5 - Principal,2023-01-10 11:00 AM,2023,01,10,11,7.6,32,Good,7.4,UG/M3,1 Hr,Valid
Banja Luka,PM2.5 - Principal,2023-01-10 12:00 PM,2023,01,10,12,8.6,36,Good,9.5,UG/M3,1 Hr,Valid
Banja Luka,PM2.5 - Principal,2023-01-10 01:00 PM,2023,01,10,13,9.8,41,Good,11.0,UG/M3,1 Hr,Valid
Banja Luka,PM2.5 - Principal,2023-01-10 02:00 PM,2023,01,10,14,10.1,42,Good,10.4,UG/M3,1 Hr,Valid
Banja Luka,PM2.5 - Principal,2023-01-10 03:00 PM,2023,01,10,15,11.0,46,Good,11.9,UG/M3,1 Hr,Valid
Banja Luka,PM2.5 - Principal,2023-01-10 04:00 PM,2023,01,10,16,10.3,43,Good,9.6,UG/M3,1 Hr,Valid
Banja Luka,PM2.5 - Principal,2023-01-10 05:00 PM,2023,01,10,17,9.2,38,Good,8.2,UG/M3,1 Hr,Valid
Banja Luka,PM2.5 - Principal,2023-01-10 06:00 PM,2023,01,10,18,9.2,38,Good,9.2,UG/M3,1 Hr,Valid
Banja Luka,PM2.5 - Principal,2023-01-10 07:00 PM,2023,01,10,19,8.7,36,Good,8.3,UG/M3,1 Hr,Valid
Banja Luka,PM2.5 - Principal,2023-01-10 08:00 PM,2023,01,10,20,9.3,39,Good,9.9,UG/M3,1 Hr,Valid
Banja Luka,PM2.5 - Principal,2023-01-10 09:00 PM,2023,01,10,21,9.9,41,Good,10.8,UG/M3,1 Hr,Valid
Banja Luka,PM2.5 - Principal,2023-01-10 10:00 PM,2023,01,10,22,10.4,43,Good,11.4,UG/M3,1 Hr,Valid
Banja Luka,PM2.5 - Principal,2023-01-10 11:00 PM,2023,01,10,23,9.6,40,Good,8.1,UG/M3,1 Hr,Valid
Banja Luka,PM2.5 - Principal,2023-01-11 12:00 AM,2023,01,11,00,7.6,32,Good,5.8,UG/M3,1 Hr,Valid
Banja Luka,PM2.5 - Principal,2023-01-11 01:00 AM,2023,01,11,01,7.0,29,Good,6.4,UG/M3,1 Hr,Valid
Banja Luka,PM2.5 - Principal,2023-01-11 02:00 AM,2023,01,11,02,6.4,27,Good,5.8,UG/M3,1 Hr,Valid
Banja Luka,PM2.5 - Principal,2023-01-11 03:00 AM,2023,01,11,03,5.7,24,Good,5.0,UG/M3,1 Hr,Valid
Banja Luka,PM2.5 - Principal,2023-01-11 04:00 AM,2023,01,11,04,5.2,22,Good,4.6,UG/M3,1 Hr,Valid
Banja Luka,PM2.5 - Principal,2023-01-11 05:00 AM,2023,01,11,05,4.9,20,Good,4.7,UG/M3,1 Hr,Valid
Banja Luka,PM2.5 - Principal,2023-01-11 06:00 AM,2023,01,11,06,4.7,20,Good,4.5,UG/M3,1 Hr,Valid
Banja Luka,PM2.5 - Principal,2023-01-11 07:00 AM,2023,01,11,07,7.2,30,Good,9.6,UG/M3,1 Hr,Valid
Banja Luka,PM2.5 - Principal,2023-01-11 08:00 AM,2023,01,11,08,8.1,34,Good,9.1,UG/M3,1 Hr,Valid
Banja Luka,PM2.5 - Principal,2023-01-11 09:00 AM,2023,01,11,09,28.6,86,Moderate,49.1,UG/M3,1 Hr,Valid
Banja Luka,PM2.5 - Principal,2023-01-11 10:00 AM,2023,01,11,10,34.4,98,Moderate,40.1,UG/M3,1 Hr,Valid
Banja Luka,PM2.5 - Principal,2023-01-11 11:00 AM,2023,01,11,11,20.7,69,Moderate,7.1,UG/M3,1 Hr,Valid
Banja Luka,PM2.5 - Principal,2023-01-11 12:00 PM,2023,01,11,12,14.3,56,Moderate,7.9,UG/M3,1 Hr,Valid
Banja Luka,PM2.5 - Principal,2023-01-11 01:00 PM,2023,01,11,13,10.1,42,Good,5.8,UG/M3,1 Hr,Valid
Banja Luka,PM2.5 - Principal,2023-01-11 02:00 PM,2023,01,11,14,11.0,46,Good,12.0,UG/M3,1 Hr,Valid
Banja Luka,PM2.5 - Principal,2023-01-11 03:00 PM,2023,01,11,15,9.7,40,Good,8.3,UG/M3,1 Hr,Valid
Banja Luka,PM2.5 - Principal,2023-01-11 04:00 PM,2023,01,11,16,10.8,45,Good,11.8,UG/M3,1 Hr,Valid
Banja Luka,PM2.5 - Principal,2023-01-11 05:00 PM,2023,01,11,17,20.8,69,Moderate,30.9,UG/M3,1 Hr,Valid
Banja Luka,PM2.5 - Principal,2023-01-11 06:00 PM,2023,01,11,18,19.8,67,Moderate,18.8,UG/M3,1 Hr,Valid
Banja Luka,PM2.5 - Principal,2023-01-11 07:00 PM,2023,01,11,19,76.5,162,Unhealthy,133.1,UG/M3,1 Hr,Valid
Banja Luka,PM2.5 - Principal,2023-01-11 08:00 PM,2023,01,11,20,100.6,174,Unhealthy,124.6,UG/M3,1 Hr,Valid
Banja Luka,PM2.5 - Principal,2023-01-11 09:00 PM,2023,01,11,21,133.8,191,Unhealthy,167.1,UG/M3,1 Hr,Valid
Banja Luka,PM2.5 - Principal,2023-01-11 10:00 PM,2023,01,11,22,104.6,176,Unhealthy,75.4,UG/M3,1 Hr,Valid
Banja Luka,PM2.5 - Principal,2023-01-11 11:00 PM,2023,01,11,23,69.5,158,Unhealthy,34.4,UG/M3,1 Hr,Valid
Banja Luka,PM2.5 - Principal,2023-01-12 12:00 AM,2023,01,12,00,103.2,176,Unhealthy,136.9,UG/M3,1 Hr,Valid
Banja Luka,PM2.5 - Principal,2023-01-12 01:00 AM,2023,01,12,01,121.8,185,Unhealthy,140.4,UG/M3,1 Hr,Valid
Banja Luka,PM2.5 - Principal,2023-01-12 02:00 AM,2023,01,12,02,104.8,176,Unhealthy,87.8,UG/M3,1 Hr,Valid
Banja Luka,PM2.5 - Principal,2023-01-12 03:00 AM,2023,01,12,03,107.1,178,Unhealthy,109.4,UG/M3,1 Hr,Valid
Banja Luka,PM2.5 - Principal,2023-01-12 04:00 AM,2023,01,12,04,89.9,169,Unhealthy,72.6,UG/M3,1 Hr,Valid
Banja Luka,PM2.5 - Principal,2023-01-12 05:00 AM,2023,01,12,05,80.4,164,Unhealthy,70.9,UG/M3,1 Hr,Valid
Banja Luka,PM2.5 - Principal,2023-01-12 06:00 AM,2023,01,12,06,81.6,164,Unhealthy,82.9,UG/M3,1 Hr,Valid
Banja Luka,PM2.5 - Principal,2023-01-12 07:00 AM,2023,01,12,07,60.1,153,Unhealthy,38.5,UG/M3,1 Hr,Valid
Banja Luka,PM2.5 - Principal,2023-01-12 08:00 AM,2023,01,12,08,37.3,105,Unhealthy for Sensitive Groups,14.7,UG/M3,1 Hr,Valid
Banja Luka,PM2.5 - Principal,2023-01-12 09:00 AM,2023,01,12,09,37.0,105,Unhealthy for Sensitive Groups,36.6,UG/M3,1 Hr,Valid
Banja Luka,PM2.5 - Principal,2023-01-12 10:00 AM,2023,01,12,10,33.5,96,Moderate,30.0,UG/M3,1 Hr,Valid
Banja Luka,PM2.5 - Principal,2023-01-12 11:00 AM,2023,01,12,11,39.7,111,Unhealthy for Sensitive Groups,45.8,UG/M3,1 Hr,Valid
Banja Luka,PM2.5 - Principal,2023-01-12 12:00 PM,2023,01,12,12,61.6,154,Unhealthy,83.5,UG/M3,1 Hr,Valid
Banja Luka,PM2.5 - Principal,2023-01-12 01:00 PM,2023,01,12,13,36.9,104,Unhealthy for Sensitive Groups,12.3,UG/M3,1 Hr,Valid
Banja Luka,PM2.5 - Principal,2023-01-12 02:00 PM,2023,01,12,14,31.6,92,Moderate,26.3,UG/M3,1 Hr,Valid
Banja Luka,PM2.5 - Principal,2023-01-12 03:00 PM,2023,01,12,15,24.4,77,Moderate,17.1,UG/M3,1 Hr,Valid
Banja Luka,PM2.5 - Principal,2023-01-12 04:00 PM,2023,01,12,16,20.2,68,Moderate,16.1,UG/M3,1 Hr,Valid
Banja Luka,PM2.5 - Principal,2023-01-12 05:00 PM,2023,01,12,17,34.7,99,Moderate,49.2,UG/M3,1 Hr,Valid
Banja Luka,PM2.5 - Principal,2023-01-12 06:00 PM,2023,01,12,18,45.8,126,Unhealthy for Sensitive Groups,56.8,UG/M3,1 Hr,Valid
Banja Luka,PM2.5 - Principal,2023-01-12 07:00 PM,2023,01,12,19,107.0,178,Unhealthy,168.2,UG/M3,1 Hr,Valid
Banja Luka,PM2.5 - Principal,2023-01-12 08:00 PM,2023,01,12,20,133.2,191,Unhealthy,159.3,UG/M3,1 Hr,Valid
Banja Luka,PM2.5 - Principal,2023-01-12 09:00 PM,2023,01,12,21,172.8,223,Very Unhealthy,212.4,UG/M3,1 Hr,Valid
Banja Luka,PM2.5 - Principal,2023-01-12 10:00 PM,2023,01,12,22,227.3,277,Very Unhealthy,281.7,UG/M3,1 Hr,Valid
Banja Luka,PM2.5 - Principal,2023-01-12 11:00 PM,2023,01,12,23,187.0,237,Very Unhealthy,146.7,UG/M3,1 Hr,Valid
Banja Luka,PM2.5 - Principal,2023-01-13 12:00 AM,2023,01,13,00,157.9,208,Very Unhealthy,128.8,UG/M3,1 Hr,Valid
Banja Luka,PM2.5 - Principal,2023-01-13 01:00 AM,2023,01,13,01,169.3,220,Very Unhealthy,180.8,UG/M3,1 Hr,Valid
Banja Luka,PM2.5 - Principal,2023-01-13 02:00 AM,2023,01,13,02,180.9,231,Very Unhealthy,192.5,UG/M3,1 Hr,Valid
Banja Luka,PM2.5 - Principal,2023-01-13 03:00 AM,2023,01,13,03,142.9,196,Unhealthy,104.9,UG/M3,1 Hr,Valid
Banja Luka,PM2.5 - Principal,2023-01-13 04:00 AM,2023,01,13,04,111.9,180,Unhealthy,80.8,UG/M3,1 Hr,Valid
Banja Luka,PM2.5 - Principal,2023-01-13 05:00 AM,2023,01,13,05,81.9,165,Unhealthy,51.9,UG/M3,1 Hr,Valid
Banja Luka,PM2.5 - Principal,2023-01-13 06:00 AM,2023,01,13,06,77.5,162,Unhealthy,73.1,UG/M3,1 Hr,Valid
Banja Luka,PM2.5 - Principal,2023-01-13 07:00 AM,2023,01,13,07,59.3,153,Unhealthy,41.1,UG/M3,1 Hr,Valid
Banja Luka,PM2.5 - Principal,2023-01-13 08:00 AM,2023,01,13,08,56.2,151,Unhealthy,53.2,UG/M3,1 Hr,Valid
Banja Luka,PM2.5 - Principal,2023-01-13 09:00 AM,2023,01,13,09,83.6,166,Unhealthy,111.1,UG/M3,1 Hr,Valid
Banja Luka,PM2.5 - Principal,2023-01-13 10:00 AM,2023,01,13,10,112.8,181,Unhealthy,142.1,UG/M3,1 Hr,Valid
Banja Luka,PM2.5 - Principal,2023-01-13 11:00 AM,2023,01,13,11,143.5,196,Unhealthy,174.2,UG/M3,1 Hr,Valid
Banja Luka,PM2.5 - Principal,2023-01-13 12:00 PM,2023,01,13,12,92.5,170,Unhealthy,41.6,UG/M3,1 Hr,Valid
Banja Luka,PM2.5 - Principal,2023-01-13 01:00 PM,2023,01,13,13,54.8,149,Unhealthy for Sensitive Groups,17.1,UG/M3,1 Hr,Valid
Banja Luka,PM2.5 - Principal,2023-01-13 02:00 PM,2023,01,13,14,35.0,99,Moderate,15.3,UG/M3,1 Hr,Valid
Banja Luka,PM2.5 - Principal,2023-01-13 03:00 PM,2023,01,13,15,74.4,161,Unhealthy,113.7,UG/M3,1 Hr,Valid
Banja Luka,PM2.5 - Principal,2023-01-13 04:00 PM,2023,01,13,16,90.5,169,Unhealthy,106.7,UG/M3,1 Hr,Valid
Banja Luka,PM2.5 - Principal,2023-01-13 05:00 PM,2023,01,13,17,82.1,165,Unhealthy,73.7,UG/M3,1 Hr,Valid
Banja Luka,PM2.5 - Principal,2023-01-13 06:00 PM,2023,01,13,18,138.0,194,Unhealthy,194.0,UG/M3,1 Hr,Valid
Banja Luka,PM2.5 - Principal,2023-01-13 07:00 PM,2023,01,13,19,157.4,208,Very Unhealthy,176.8,UG/M3,1 Hr,Valid
Banja Luka,PM2.5 - Principal,2023-01-13 08:00 PM,2023,01,13,20,116.6,183,Unhealthy,75.8,UG/M3,1 Hr,Valid
Banja Luka,PM2.5 - Principal,2023-01-13 09:00 PM,2023,01,13,21,153.0,203,Very Unhealthy,189.3,UG/M3,1 Hr,Valid
Banja Luka,PM2.5 - Principal,2023-01-13 10:00 PM,2023,01,13,22,219.8,270,Very Unhealthy,286.6,UG/M3,1 Hr,Valid
Banja Luka,PM2.5 - Principal,2023-01-13 11:00 PM,2023,01,13,23,220.7,271,Very Unhealthy,221.5,UG/M3,1 Hr,Valid
Banja Luka,PM2.5 - Principal,2023-01-14 12:00 AM,2023,01,14,00,192.8,243,Very Unhealthy,165.0,UG/M3,1 Hr,Valid
Banja Luka,PM2.5 - Principal,2023-01-14 01:00 AM,2023,01,14,01,187.0,237,Very Unhealthy,181.2,UG/M3,1 Hr,Valid
Banja Luka,PM2.5 - Principal,2023-01-14 02:00 AM,2023,01,14,02,168.6,219,Very Unhealthy,150.2,UG/M3,1 Hr,Valid
Banja Luka,PM2.5 - Principal,2023-01-14 03:00 AM,2023,01,14,03,146.3,198,Unhealthy,123.9,UG/M3,1 Hr,Valid
Banja Luka,PM2.5 - Principal,2023-01-14 04:00 AM,2023,01,14,04,145.1,197,Unhealthy,144.0,UG/M3,1 Hr,Valid
Banja Luka,PM2.5 - Principal,2023-01-14 05:00 AM,2023,01,14,05,145.7,198,Unhealthy,146.2,UG/M3,1 Hr,Valid
Banja Luka,PM2.5 - Principal,2023-01-14 06:00 AM,2023,01,14,06,97.6,173,Unhealthy,49.6,UG/M3,1 Hr,Valid
Banja Luka,PM2.5 - Principal,2023-01-14 07:00 AM,2023,01,14,07,53.1,144,Unhealthy for Sensitive Groups,8.7,UG/M3,1 Hr,Valid
Banja Luka,PM2.5 - Principal,2023-01-14 08:00 AM,2023,01,14,08,54.5,148,Unhealthy for Sensitive Groups,55.8,UG/M3,1 Hr,Valid
Banja Luka,PM2.5 - Principal,2023-01-14 09:00 AM,2023,01,14,09,50.2,137,Unhealthy for Sensitive Groups,46.0,UG/M3,1 Hr,Valid
Banja Luka,PM2.5 - Principal,2023-01-14 10:00 AM,2023,01,14,10,45.9,127,Unhealthy for Sensitive Groups,41.6,UG/M3,1 Hr,Valid
Banja Luka,PM2.5 - Principal,2023-01-14 11:00 AM,2023,01,14,11,43.3,120,Unhealthy for Sensitive Groups,40.8,UG/M3,1 Hr,Valid
Banja Luka,PM2.5 - Principal,2023-01-14 12:00 PM,2023,01,14,12,27.2,83,Moderate,11.1,UG/M3,1 Hr,Valid
Banja Luka,PM2.5 - Principal,2023-01-14 01:00 PM,2023,01,14,13,20.3,68,Moderate,13.4,UG/M3,1 Hr,Valid
Banja Luka,PM2.5 - Principal,2023-01-14 02:00 PM,2023,01,14,14,16.6,60,Moderate,12.9,UG/M3,1 Hr,Valid
Banja Luka,PM2.5 - Principal,2023-01-14 03:00 PM,2023,01,14,15,12.6,52,Moderate,8.6,UG/M3,1 Hr,Valid
Banja Luka,PM2.5 - Principal,2023-01-14 04:00 PM,2023,01,14,16,10.2,43,Good,7.9,UG/M3,1 Hr,Valid
Banja Luka,PM2.5 - Principal,2023-01-14 05:00 PM,2023,01,14,17,20.7,69,Moderate,31.1,UG/M3,1 Hr,Valid
Banja Luka,PM2.5 - Principal,2023-01-14 06:00 PM,2023,01,14,18,85.9,167,Unhealthy,151.0,UG/M3,1 Hr,Valid
Banja Luka,PM2.5 - Principal,2023-01-14 07:00 PM,2023,01,14,19,112.4,180,Unhealthy,138.8,UG/M3,1 Hr,Valid
Banja Luka,PM2.5 - Principal,2023-01-14 08:00 PM,2023,01,14,20,131.1,190,Unhealthy,149.7,UG/M3,1 Hr,Valid
Banja Luka,PM2.5 - Principal,2023-01-14 09:00 PM,2023,01,14,21,80.1,164,Unhealthy,29.2,UG/M3,1 Hr,Valid
Banja Luka,PM2.5 - Principal,2023-01-14 10:00 PM,2023,01,14,22,49.9,136,Unhealthy for Sensitive Groups,19.7,UG/M3,1 Hr,Valid
Banja Luka,PM2.5 - Principal,2023-01-14 11:00 PM,2023,01,14,23,38.3,108,Unhealthy for Sensitive Groups,26.7,UG/M3,1 Hr,Valid
Banja Luka,PM2.5 - Principal,2023-01-15 12:00 AM,2023,01,15,00,26.5,81,Moderate,14.6,UG/M3,1 Hr,Valid
Banja Luka,PM2.5 - Principal,2023-01-15 01:00 AM,2023,01,15,01,82.8,165,Unhealthy,139.1,UG/M3,1 Hr,Valid
Banja Luka,PM2.5 - Principal,2023-01-15 02:00 AM,2023,01,15,02,104.1,176,Unhealthy,125.3,UG/M3,1 Hr,Valid
Banja Luka,PM2.5 - Principal,2023-01-15 03:00 AM,2023,01,15,03,118.4,183,Unhealthy,132.8,UG/M3,1 Hr,Valid
Banja Luka,PM2.5 - Principal,2023-01-15 04:00 AM,2023,01,15,04,130.8,190,Unhealthy,143.2,UG/M3,1 Hr,Valid
Banja Luka,PM2.5 - Principal,2023-01-15 05:00 AM,2023,01,15,05,135.7,192,Unhealthy,140.6,UG/M3,1 Hr,Valid
Banja Luka,PM2.5 - Principal,2023-01-15 06:00 AM,2023,01,15,06,101.1,175,Unhealthy,66.5,UG/M3,1 Hr,Valid
Banja Luka,PM2.5 - Principal,2023-01-15 07:00 AM,2023,01,15,07,80.2,164,Unhealthy,59.4,UG/M3,1 Hr,Valid
Banja Luka,PM2.5 - Principal,2023-01-15 08:00 AM,2023,01,15,08,65.6,156,Unhealthy,51.1,UG/M3,1 Hr,Valid
Banja Luka,PM2.5 - Principal,2023-01-15 09:00 AM,2023,01,15,09,74.3,161,Unhealthy,82.9,UG/M3,1 Hr,Valid
Banja Luka,PM2.5 - Principal,2023-01-15 10:00 AM,2023,01,15,10,78.5,163,Unhealthy,82.7,UG/M3,1 Hr,Valid
Banja Luka,PM2.5 - Principal,2023-01-15 11:00 AM,2023,01,15,11,98.5,173,Unhealthy,118.5,UG/M3,1 Hr,Valid
Banja Luka,PM2.5 - Principal,2023-01-15 12:00 PM,2023,01,15,12,73.4,160,Unhealthy,48.2,UG/M3,1 Hr,Valid
Banja Luka,PM2.5 - Principal,2023-01-15 01:00 PM,2023,01,15,13,55.5,151,Unhealthy,37.7,UG/M3,1 Hr,Valid
Banja Luka,PM2.5 - Principal,2023-01-15 02:00 PM,2023,01,15,14,30.3,89,Moderate,5.2,UG/M3,1 Hr,Valid
Banja Luka,PM2.5 - Principal,2023-01-15 03:00 PM,2023,01,15,15,17.6,63,Moderate,4.8,UG/M3,1 Hr,Valid
Banja Luka,PM2.5 - Principal,2023-01-15 04:00 PM,2023,01,15,16,11.8,49,Good,6.0,UG/M3,1 Hr,Valid
Banja Luka,PM2.5 - Principal,2023-01-15 05:00 PM,2023,01,15,17,14.8,57,Moderate,17.9,UG/M3,1 Hr,Valid
Banja Luka,PM2.5 - Principal,2023-01-15 06:00 PM,2023,01,15,18,13.6,54,Moderate,12.5,UG/M3,1 Hr,Valid
Banja Luka,PM2.5 - Principal,2023-01-15 07:00 PM,2023,01,15,19,12.0,50,Good,10.3,UG/M3,1 Hr,Valid
Banja Luka,PM2.5 - Principal,2023-01-15 08:00 PM,2023,01,15,20,10.1,42,Good,8.2,UG/M3,1 Hr,Valid
Banja Luka,PM2.5 - Principal,2023-01-15 09:00 PM,2023,01,15,21,7.8,33,Good,5.5,UG/M3,1 Hr,Valid
Banja Luka,PM2.5 - Principal,2023-01-15 10:00 PM,2023,01,15,22,6.6,28,Good,5.4,UG/M3,1 Hr,Valid
Banja Luka,PM2.5 - Principal,2023-01-15 11:00 PM,2023,01,15,23,5.9,25,Good,5.3,UG/M3,1 Hr,Valid
Banja Luka,PM2.5 - Principal,2023-01-16 12:00 AM,2023,01,16,00,5.3,22,Good,4.6,UG/M3,1 Hr,Valid
Banja Luka,PM2.5 - Principal,2023-01-16 01:00 AM,2023,01,16,01,4.8,20,Good,4.4,UG/M3,1 Hr,Valid
Banja Luka,PM2.5 - Principal,2023-01-16 02:00 AM,2023,01,16,02,6.3,26,Good,7.9,UG/M3,1 Hr,Valid
Banja Luka,PM2.5 - Principal,2023-01-16 03:00 AM,2023,01,16,03,6.3,26,Good,6.2,UG/M3,1 Hr,Valid
Banja Luka,PM2.5 - Principal,2023-01-16 04:00 AM,2023,01,16,04,5.9,25,Good,5.6,UG/M3,1 Hr,Valid
Banja Luka,PM2.5 - Principal,2023-01-16 05:00 AM,2023,01,16,05,6.3,26,Good,6.7,UG/M3,1 Hr,Valid
Banja Luka,PM2.5 - Principal,2023-01-16 06:00 AM,2023,01,16,06,7.9,33,Good,9.4,UG/M3,1 Hr,Valid
Banja Luka,PM2.5 - Principal,2023-01-16 07:00 AM,2023,01,16,07,13.5,54,Moderate,19.1,UG/M3,1 Hr,Valid
Banja Luka,PM2.5 - Principal,2023-01-16 08:00 AM,2023,01,16,08,22.5,73,Moderate,31.4,UG/M3,1 Hr,Valid
Banja Luka,PM2.5 - Principal,2023-01-16 09:00 AM,2023,01,16,09,24.1,76,Moderate,25.8,UG/M3,1 Hr,Valid
Banja Luka,PM2.5 - Principal,2023-01-16 10:00 AM,2023,01,16,10,27.6,84,Moderate,31.1,UG/M3,1 Hr,Valid
Banja Luka,PM2.5 - Principal,2023-01-16 11:00 AM,2023,01,16,11,39.7,111,Unhealthy for Sensitive Groups,51.7,UG/M3,1 Hr,Valid
Banja Luka,PM2.5 - Principal,2023-01-16 12:00 PM,2023,01,16,12,31.5,92,Moderate,23.3,UG/M3,1 Hr,Valid
Banja Luka,PM2.5 - Principal,2023-01-16 01:00 PM,2023,01,16,13,22.2,72,Moderate,12.9,UG/M3,1 Hr,Valid
Banja Luka,PM2.5 - Principal,2023-01-16 02:00 PM,2023,01,16,14,15.3,58,Moderate,8.4,UG/M3,1 Hr,Valid
Banja Luka,PM2.5 - Principal,2023-01-16 03:00 PM,2023,01,16,15,15.8,59,Moderate,16.3,UG/M3,1 Hr,Valid
Banja Luka,PM2.5 - Principal,2023-01-16 04:00 PM,2023,01,16,16,15.9,59,Moderate,16.1,UG/M3,1 Hr,Valid
Banja Luka,PM2.5 - Principal,2023-01-16 05:00 PM,2023,01,16,17,23.6,75,Moderate,31.3,UG/M3,1 Hr,Valid
Banja Luka,PM2.5 - Principal,2023-01-16 06:00 PM,2023,01,16,18,52.2,142,Unhealthy for Sensitive Groups,80.8,UG/M3,1 Hr,Valid
Banja Luka,PM2.5 - Principal,2023-01-16 07:00 PM,2023,01,16,19,139.5,194,Unhealthy,226.8,UG/M3,1 Hr,Valid
Banja Luka,PM2.5 - Principal,2023-01-16 08:00 PM,2023,01,16,20,160.0,210,Very Unhealthy,180.4,UG/M3,1 Hr,Valid
Banja Luka,PM2.5 - Principal,2023-01-16 09:00 PM,2023,01,16,21,154.9,205,Very Unhealthy,149.7,UG/M3,1 Hr,Valid
Banja Luka,PM2.5 - Principal,2023-01-16 10:00 PM,2023,01,16,22,174.7,225,Very Unhealthy,194.6,UG/M3,1 Hr,Valid
Banja Luka,PM2.5 - Principal,2023-01-16 11:00 PM,2023,01,16,23,188.0,238,Very Unhealthy,201.1,UG/M3,1 Hr,Valid
Banja Luka,PM2.5 - Principal,2023-01-17 12:00 AM,2023,01,17,00,190.4,241,Very Unhealthy,192.8,UG/M3,1 Hr,Valid
Banja Luka,PM2.5 - Principal,2023-01-17 01:00 AM,2023,01,17,01,200.3,250,Very Unhealthy,210.2,UG/M3,1 Hr,Valid
Banja Luka,PM2.5 - Principal,2023-01-17 02:00 AM,2023,01,17,02,102.5,175,Unhealthy,4.6,UG/M3,1 Hr,Valid
Banja Luka,PM2.5 - Principal,2023-01-17 03:00 AM,2023,01,17,03,52.9,144,Unhealthy for Sensitive Groups,3.3,UG/M3,1 Hr,Valid
Banja Luka,PM2.5 - Principal,2023-01-17 04:00 AM,2023,01,17,04,28.6,86,Moderate,4.3,UG/M3,1 Hr,Valid
Banja Luka,PM2.5 - Principal,2023-01-17 05:00 AM,2023,01,17,05,16.2,60,Moderate,3.9,UG/M3,1 Hr,Valid
Banja Luka,PM2.5 - Principal,2023-01-17 06:00 AM,2023,01,17,06,9.7,40,Good,3.1,UG/M3,1 Hr,Valid
Banja Luka,PM2.5 - Principal,2023-01-17 07:00 AM,2023,01,17,07,9.3,39,Good,9.0,UG/M3,1 Hr,Valid
Banja Luka,PM2.5 - Principal,2023-01-17 08:00 AM,2023,01,17,08,14.9,57,Moderate,20.6,UG/M3,1 Hr,Valid
Banja Luka,PM2.5 - Principal,2023-01-17 09:00 AM,2023,01,17,09,35.7,101,Unhealthy for Sensitive Groups,56.6,UG/M3,1 Hr,Valid
Banja Luka,PM2.5 - Principal,2023-01-17 10:00 AM,2023,01,17,10,57.8,152,Unhealthy,80.0,UG/M3,1 Hr,Valid
Banja Luka,PM2.5 - Principal,2023-01-17 11:00 AM,2023,01,17,11,60.5,154,Unhealthy,63.2,UG/M3,1 Hr,Valid
Banja Luka,PM2.5 - Principal,2023-01-17 12:00 PM,2023,01,17,12,53.0,144,Unhealthy for Sensitive Groups,45.5,UG/M3,1 Hr,Valid
Banja Luka,PM2.5 - Principal,2023-01-17 01:00 PM,2023,01,17,13,48.9,134,Unhealthy for Sensitive Groups,44.9,UG/M3,1 Hr,Valid
Banja Luka,PM2.5 - Principal,2023-01-17 02:00 PM,2023,01,17,14,48.0,132,Unhealthy for Sensitive Groups,47.1,UG/M3,1 Hr,Valid
Banja Luka,PM2.5 - Principal,2023-01-17 03:00 PM,2023,01,17,15,46.9,129,Unhealthy for Sensitive Groups,45.8,UG/M3,1 Hr,Valid
Banja Luka,PM2.5 - Principal,2023-01-17 04:00 PM,2023,01,17,16,39.3,110,Unhealthy for Sensitive Groups,31.6,UG/M3,1 Hr,Valid
Banja Luka,PM2.5 - Principal,2023-01-17 05:00 PM,2023,01,17,17,42.7,119,Unhealthy for Sensitive Groups,46.0,UG/M3,1 Hr,Valid
Banja Luka,PM2.5 - Principal,2023-01-17 06:00 PM,2023,01,17,18,48.5,133,Unhealthy for Sensitive Groups,54.2,UG/M3,1 Hr,Valid
Banja Luka,PM2.5 - Principal,2023-01-17 07:00 PM,2023,01,17,19,57.5,152,Unhealthy,66.5,UG/M3,1 Hr,Valid
Banja Luka,PM2.5 - Principal,2023-01-17 08:00 PM,2023,01,17,20,45.0,124,Unhealthy for Sensitive Groups,32.5,UG/M3,1 Hr,Valid
Banja Luka,PM2.5 - Principal,2023-01-17 09:00 PM,2023,01,17,21,28.1,85,Moderate,11.2,UG/M3,1 Hr,Valid
Banja Luka,PM2.5 - Principal,2023-01-17 10:00 PM,2023,01,17,22,34.0,97,Moderate,39.8,UG/M3,1 Hr,Valid
Banja Luka,PM2.5 - Principal,2023-01-17 11:00 PM,2023,01,17,23,45.1,125,Unhealthy for Sensitive Groups,56.2,UG/M3,1 Hr,Valid
Banja Luka,PM2.5 - Principal,2023-01-18 12:00 AM,2023,01,18,00,41.4,116,Unhealthy for Sensitive Groups,37.8,UG/M3,1 Hr,Valid
Banja Luka,PM2.5 - Principal,2023-01-18 01:00 AM,2023,01,18,01,43.4,120,Unhealthy for Sensitive Groups,45.4,UG/M3,1 Hr,Valid
Banja Luka,PM2.5 - Principal,2023-01-18 02:00 AM,2023,01,18,02,29.2,87,Moderate,15.1,UG/M3,1 Hr,Valid
Banja Luka,PM2.5 - Principal,2023-01-18 03:00 AM,2023,01,18,03,20.5,69,Moderate,11.8,UG/M3,1 Hr,Valid
Banja Luka,PM2.5 - Principal,2023-01-18 04:00 AM,2023,01,18,04,15.5,58,Moderate,10.6,UG/M3,1 Hr,Valid
Banja Luka,PM2.5 - Principal,2023-01-18 05:00 AM,2023,01,18,05,11.7,49,Good,8.0,UG/M3,1 Hr,Valid
Banja Luka,PM2.5 - Principal,2023-01-18 06:00 AM,2023,01,18,06,7.3,30,Good,2.8,UG/M3,1 Hr,Valid
Banja Luka,PM2.5 - Principal,2023-01-18 07:00 AM,2023,01,18,07,6.0,25,Good,4.7,UG/M3,1 Hr,Valid
Banja Luka,PM2.5 - Principal,2023-01-18 08:00 AM,2023,01,18,08,14.4,56,Moderate,22.8,UG/M3,1 Hr,Valid
Banja Luka,PM2.5 - Principal,2023-01-18 09:00 AM,2023,01,18,09,39.8,112,Unhealthy for Sensitive Groups,65.3,UG/M3,1 Hr,Valid
Banja Luka,PM2.5 - Principal,2023-01-18 10:00 AM,2023,01,18,10,39.2,110,Unhealthy for Sensitive Groups,38.7,UG/M3,1 Hr,Valid
Banja Luka,PM2.5 - Principal,2023-01-18 11:00 AM,2023,01,18,11,46.8,129,Unhealthy for Sensitive Groups,54.3,UG/M3,1 Hr,Valid
Banja Luka,PM2.5 - Principal,2023-01-18 12:00 PM,2023,01,18,12,30.2,89,Moderate,13.7,UG/M3,1 Hr,Valid
Banja Luka,PM2.5 - Principal,2023-01-18 01:00 PM,2023,01,18,13,16.7,61,Moderate,3.3,UG/M3,1 Hr,Valid
Banja Luka,PM2.5 - Principal,2023-01-18 02:00 PM,2023,01,18,14,10.3,43,Good,3.9,UG/M3,1 Hr,Valid
Banja Luka,PM2.5 - Principal,2023-01-18 03:00 PM,2023,01,18,15,6.9,29,Good,3.5,UG/M3,1 Hr,Valid
Banja Luka,PM2.5 - Principal,2023-01-18 04:00 PM,2023,01,18,16,6.2,26,Good,5.4,UG/M3,1 Hr,Valid
Banja Luka,PM2.5 - Principal,2023-01-18 05:00 PM,2023,01,18,17,6.6,28,Good,7.1,UG/M3,1 Hr,Valid
Banja Luka,PM2.5 - Principal,2023-01-18 06:00 PM,2023,01,18,18,7.5,31,Good,8.5,UG/M3,1 Hr,Valid
Banja Luka,PM2.5 - Principal,2023-01-18 07:00 PM,2023,01,18,19,7.3,30,Good,7.1,UG/M3,1 Hr,Valid
Banja Luka,PM2.5 - Principal,2023-01-18 08:00 PM,2023,01,18,20,8.1,34,Good,8.9,UG/M3,1 Hr,Valid
Banja Luka,PM2.5 - Principal,2023-01-18 09:00 PM,2023,01,18,21,16.0,59,Moderate,23.8,UG/M3,1 Hr,Valid
Banja Luka,PM2.5 - Principal,2023-01-18 10:00 PM,2023,01,18,22,18.8,65,Moderate,21.7,UG/M3,1 Hr,Valid
Banja Luka,PM2.5 - Principal,2023-01-18 11:00 PM,2023,01,18,23,14.6,56,Moderate,10.4,UG/M3,1 Hr,Valid
Banja Luka,PM2.5 - Principal,2023-01-19 12:00 AM,2023,01,19,00,17.8,63,Moderate,20.9,UG/M3,1 Hr,Valid
Banja Luka,PM2.5 - Principal,2023-01-19 01:00 AM,2023,01,19,01,24.3,77,Moderate,30.7,UG/M3,1 Hr,Valid
Banja Luka,PM2.5 - Principal,2023-01-19 02:00 AM,2023,01,19,02,25.1,78,Moderate,25.9,UG/M3,1 Hr,Valid
Banja Luka,PM2.5 - Principal,2023-01-19 03:00 AM,2023,01,19,03,19.5,67,Moderate,13.8,UG/M3,1 Hr,Valid
Banja Luka,PM2.5 - Principal,2023-01-19 04:00 AM,2023,01,19,04,14.7,56,Moderate,10.0,UG/M3,1 Hr,Valid
Banja Luka,PM2.5 - Principal,2023-01-19 05:00 AM,2023,01,19,05,9.7,40,Good,4.7,UG/M3,1 Hr,Valid
Banja Luka,PM2.5 - Principal,2023-01-19 06:00 AM,2023,01,19,06,8.5,35,Good,7.3,UG/M3,1 Hr,Valid
Banja Luka,PM2.5 - Principal,2023-01-19 07:00 AM,2023,01,19,07,6.2,26,Good,3.8,UG/M3,1 Hr,Valid
Banja Luka,PM2.5 - Principal,2023-01-19 08:00 AM,2023,01,19,08,6.7,28,Good,7.3,UG/M3,1 Hr,Valid
Banja Luka,PM2.5 - Principal,2023-01-19 09:00 AM,2023,01,19,09,7.5,31,Good,8.2,UG/M3,1 Hr,Valid
Banja Luka,PM2.5 - Principal,2023-01-19 10:00 AM,2023,01,19,10,11.8,49,Good,16.1,UG/M3,1 Hr,Valid
Banja Luka,PM2.5 - Principal,2023-01-19 11:00 AM,2023,01,19,11,12.2,51,Moderate,12.7,UG/M3,1 Hr,Valid
Banja Luka,PM2.5 - Principal,2023-01-19 12:00 PM,2023,01,19,12,10.8,45,Good,9.5,UG/M3,1 Hr,Valid
Banja Luka,PM2.5 - Principal,2023-01-19 01:00 PM,2023,01,19,13,9.5,40,Good,8.3,UG/M3,1 Hr,Valid
Banja Luka,PM2.5 - Principal,2023-01-19 02:00 PM,2023,01,19,14,10.2,43,Good,10.9,UG/M3,1 Hr,Valid
Banja Luka,PM2.5 - Principal,2023-01-19 03:00 PM,2023,01,19,15,12.1,51,Moderate,14.0,UG/M3,1 Hr,Valid
Banja Luka,PM2.5 - Principal,2023-01-19 04:00 PM,2023,01,19,16,15.4,58,Moderate,18.7,UG/M3,1 Hr,Valid
Banja Luka,PM2.5 - Principal,2023-01-19 05:00 PM,2023,01,19,17,18.9,65,Moderate,22.5,UG/M3,1 Hr,Valid
Banja Luka,PM2.5 - Principal,2023-01-19 06:00 PM,2023,01,19,18,22.5,73,Moderate,26.2,UG/M3,1 Hr,Valid
Banja Luka,PM2.5 - Principal,2023-01-19 07:00 PM,2023,01,19,19,26.3,81,Moderate,30.0,UG/M3,1 Hr,Valid
Banja Luka,PM2.5 - Principal,2023-01-19 08:00 PM,2023,01,19,20,23.9,76,Moderate,21.5,UG/M3,1 Hr,Valid
Banja Luka,PM2.5 - Principal,2023-01-19 09:00 PM,2023,01,19,21,26.7,82,Moderate,29.6,UG/M3,1 Hr,Valid
Banja Luka,PM2.5 - Principal,2023-01-19 10:00 PM,2023,01,19,22,33.9,97,Moderate,41.0,UG/M3,1 Hr,Valid
Banja Luka,PM2.5 - Principal,2023-01-19 11:00 PM,2023,01,19,23,28.3,85,Moderate,22.7,UG/M3,1 Hr,Valid
Banja Luka,PM2.5 - Principal,2023-01-20 12:00 AM,2023,01,20,00,28.0,84,Moderate,27.7,UG/M3,1 Hr,Valid
Banja Luka,PM2.5 - Principal,2023-01-20 01:00 AM,2023,01,20,01,24.2,76,Moderate,20.4,UG/M3,1 Hr,Valid
Banja Luka,PM2.5 - Principal,2023-01-20 02:00 AM,2023,01,20,02,23.2,74,Moderate,22.3,UG/M3,1 Hr,Valid
Banja Luka,PM2.5 - Principal,2023-01-20 03:00 AM,2023,01,20,03,23.5,75,Moderate,23.7,UG/M3,1 Hr,Valid
Banja Luka,PM2.5 - Principal,2023-01-20 04:00 AM,2023,01,20,04,19.1,66,Moderate,14.7,UG/M3,1 Hr,Valid
Banja Luka,PM2.5 - Principal,2023-01-20 05:00 AM,2023,01,20,05,19.6,67,Moderate,20.2,UG/M3,1 Hr,Valid
Banja Luka,PM2.5 - Principal,2023-01-20 06:00 AM,2023,01,20,06,17.9,63,Moderate,16.2,UG/M3,1 Hr,Valid
Banja Luka,PM2.5 - Principal,2023-01-20 07:00 AM,2023,01,20,07,19.3,66,Moderate,20.7,UG/M3,1 Hr,Valid
Banja Luka,PM2.5 - Principal,2023-01-20 08:00 AM,2023,01,20,08,38.7,109,Unhealthy for Sensitive Groups,58.0,UG/M3,1 Hr,Valid
Banja Luka,PM2.5 - Principal,2023-01-20 09:00 AM,2023,01,20,09,32.3,93,Moderate,26.0,UG/M3,1 Hr,Valid
Banja Luka,PM2.5 - Principal,2023-01-20 10:00 AM,2023,01,20,10,33.4,96,Moderate,34.6,UG/M3,1 Hr,Valid
Banja Luka,PM2.5 - Principal,2023-01-20 11:00 AM,2023,01,20,11,42.2,117,Unhealthy for Sensitive Groups,50.9,UG/M3,1 Hr,Valid
Banja Luka,PM2.5 - Principal,2023-01-20 12:00 PM,2023,01,20,12,43.7,121,Unhealthy for Sensitive Groups,45.3,UG/M3,1 Hr,Valid
Banja Luka,PM2.5 - Principal,2023-01-20 01:00 PM,2023,01,20,13,43.9,122,Unhealthy for Sensitive Groups,44.1,UG/M3,1 Hr,Valid
Banja Luka,PM2.5 - Principal,2023-01-20 02:00 PM,2023,01,20,14,35.8,102,Unhealthy for Sensitive Groups,27.7,UG/M3,1 Hr,Valid
Banja Luka,PM2.5 - Principal,2023-01-20 03:00 PM,2023,01,20,15,31.6,92,Moderate,27.5,UG/M3,1 Hr,Valid
Banja Luka,PM2.5 - Principal,2023-01-20 04:00 PM,2023,01,20,16,29.7,88,Moderate,27.7,UG/M3,1 Hr,Valid
Banja Luka,PM2.5 - Principal,2023-01-20 05:00 PM,2023,01,20,17,31.1,91,Moderate,32.6,UG/M3,1 Hr,Valid
Banja Luka,PM2.5 - Principal,2023-01-20 06:00 PM,2023,01,20,18,31.9,93,Moderate,32.6,UG/M3,1 Hr,Valid
Banja Luka,PM2.5 - Principal,2023-01-20 07:00 PM,2023,01,20,19,37.1,105,Unhealthy for Sensitive Groups,42.4,UG/M3,1 Hr,Valid
Banja Luka,PM2.5 - Principal,2023-01-20 08:00 PM,2023,01,20,20,36.0,102,Unhealthy for Sensitive Groups,34.9,UG/M3,1 Hr,Valid
Banja Luka,PM2.5 - Principal,2023-01-20 09:00 PM,2023,01,20,21,35.3,100,Moderate,34.6,UG/M3,1 Hr,Valid
Banja Luka,PM2.5 - Principal,2023-01-20 10:00 PM,2023,01,20,22,34.1,97,Moderate,32.7,UG/M3,1 Hr,Valid
Banja Luka,PM2.5 - Principal,2023-01-20 11:00 PM,2023,01,20,23,34.0,97,Moderate,33.6,UG/M3,1 Hr,Valid
Banja Luka,PM2.5 - Principal,2023-01-21 12:00 AM,2023,01,21,00,32.5,94,Moderate,30.1,UG/M3,1 Hr,Valid
Banja Luka,PM2.5 - Principal,2023-01-21 01:00 AM,2023,01,21,01,29.1,87,Moderate,24.7,UG/M3,1 Hr,Valid
Banja Luka,PM2.5 - Principal,2023-01-21 02:00 AM,2023,01,21,02,30.2,89,Moderate,31.7,UG/M3,1 Hr,Valid
Banja Luka,PM2.5 - Principal,2023-01-21 03:00 AM,2023,01,21,03,31.4,92,Moderate,33.2,UG/M3,1 Hr,Valid
Banja Luka,PM2.5 - Principal,2023-01-21 04:00 AM,2023,01,21,04,32.3,93,Moderate,33.5,UG/M3,1 Hr,Valid
Banja Luka,PM2.5 - Principal,2023-01-21 05:00 AM,2023,01,21,05,28.4,85,Moderate,23.4,UG/M3,1 Hr,Valid
Banja Luka,PM2.5 - Principal,2023-01-21 06:00 AM,2023,01,21,06,23.8,76,Moderate,19.7,UG/M3,1 Hr,Valid
Banja Luka,PM2.5 - Principal,2023-01-21 07:00 AM,2023,01,21,07,27.6,84,Moderate,31.3,UG/M3,1 Hr,Valid
Banja Luka,PM2.5 - Principal,2023-01-21 08:00 AM,2023,01,21,08,27.1,83,Moderate,26.6,UG/M3,1 Hr,Valid
Banja Luka,PM2.5 - Principal,2023-01-21 09:00 AM,2023,01,21,09,49.7,136,Unhealthy for Sensitive Groups,72.4,UG/M3,1 Hr,Valid
Banja Luka,PM2.5 - Principal,2023-01-21 10:00 AM,2023,01,21,10,54.4,148,Unhealthy for Sensitive Groups,59.0,UG/M3,1 Hr,Valid
Banja Luka,PM2.5 - Principal,2023-01-21 11:00 AM,2023,01,21,11,46.8,129,Unhealthy for Sensitive Groups,39.3,UG/M3,1 Hr,Valid
Banja Luka,PM2.5 - Principal,2023-01-21 12:00 PM,2023,01,21,12,51.2,140,Unhealthy for Sensitive Groups,55.6,UG/M3,1 Hr,Valid
Banja Luka,PM2.5 - Principal,2023-01-21 01:00 PM,2023,01,21,13,53.4,145,Unhealthy for Sensitive Groups,55.6,UG/M3,1 Hr,Valid
Banja Luka,PM2.5 - Principal,2023-01-21 02:00 PM,2023,01,21,14,47.9,132,Unhealthy for Sensitive Groups,42.5,UG/M3,1 Hr,Valid
Banja Luka,PM2.5 - Principal,2023-01-21 03:00 PM,2023,01,21,15,45.2,125,Unhealthy for Sensitive Groups,42.4,UG/M3,1 Hr,Valid
Banja Luka,PM2.5 - Principal,2023-01-21 04:00 PM,2023,01,21,16,38.7,109,Unhealthy for Sensitive Groups,32.2,UG/M3,1 Hr,Valid
Banja Luka,PM2.5 - Principal,2023-01-21 05:00 PM,2023,01,21,17,35.3,100,Moderate,32.0,UG/M3,1 Hr,Valid
Banja Luka,PM2.5 - Principal,2023-01-21 06:00 PM,2023,01,21,18,46.4,128,Unhealthy for Sensitive Groups,57.4,UG/M3,1 Hr,Valid
Banja Luka,PM2.5 - Principal,2023-01-21 07:00 PM,2023,01,21,19,46.2,127,Unhealthy for Sensitive Groups,46.1,UG/M3,1 Hr,Valid
Banja Luka,PM2.5 - Principal,2023-01-21 08:00 PM,2023,01,21,20,50.3,137,Unhealthy for Sensitive Groups,54.4,UG/M3,1 Hr,Valid
Banja Luka,PM2.5 - Principal,2023-01-21 09:00 PM,2023,01,21,21,62.4,155,Unhealthy,74.5,UG/M3,1 Hr,Valid
Banja Luka,PM2.5 - Principal,2023-01-21 10:00 PM,2023,01,21,22,55.6,151,Unhealthy,48.7,UG/M3,1 Hr,Valid
Banja Luka,PM2.5 - Principal,2023-01-21 11:00 PM,2023,01,21,23,49.8,136,Unhealthy for Sensitive Groups,43.9,UG/M3,1 Hr,Valid
Banja Luka,PM2.5 - Principal,2023-01-22 12:00 AM,2023,01,22,00,54.1,147,Unhealthy for Sensitive Groups,58.5,UG/M3,1 Hr,Valid
Banja Luka,PM2.5 - Principal,2023-01-22 01:00 AM,2023,01,22,01,46.7,129,Unhealthy for Sensitive Groups,39.3,UG/M3,1 Hr,Valid
Banja Luka,PM2.5 - Principal,2023-01-22 02:00 AM,2023,01,22,02,37.2,105,Unhealthy for Sensitive Groups,27.7,UG/M3,1 Hr,Valid
Banja Luka,PM2.5 - Principal,2023-01-22 03:00 AM,2023,01,22,03,40.7,114,Unhealthy for Sensitive Groups,44.3,UG/M3,1 Hr,Valid
Banja Luka,PM2.5 - Principal,2023-01-22 04:00 AM,2023,01,22,04,40.1,112,Unhealthy for Sensitive Groups,39.4,UG/M3,1 Hr,Valid
Banja Luka,PM2.5 - Principal,2023-01-22 05:00 AM,2023,01,22,05,39.7,111,Unhealthy for Sensitive Groups,39.4,UG/M3,1 Hr,Valid
Banja Luka,PM2.5 - Principal,2023-01-22 06:00 AM,2023,01,22,06,23.8,76,Moderate,7.9,UG/M3,1 Hr,Valid
Banja Luka,PM2.5 - Principal,2023-01-22 07:00 AM,2023,01,22,07,15.7,59,Moderate,7.7,UG/M3,1 Hr,Valid
Banja Luka,PM2.5 - Principal,2023-01-22 08:00 AM,2023,01,22,08,11.9,50,Good,8.1,UG/M3,1 Hr,Valid
Banja Luka,PM2.5 - Principal,2023-01-22 09:00 AM,2023,01,22,09,10.3,43,Good,8.8,UG/M3,1 Hr,Valid
Banja Luka,PM2.5 - Principal,2023-01-22 10:00 AM,2023,01,22,10,9.5,40,Good,8.8,UG/M3,1 Hr,Valid
Banja Luka,PM2.5 - Principal,2023-01-22 11:00 AM,2023,01,22,11,24.0,76,Moderate,38.4,UG/M3,1 Hr,Valid
Banja Luka,PM2.5 - Principal,2023-01-22 12:00 PM,2023,01,22,12,27.5,83,Moderate,31.0,UG/M3,1 Hr,Valid
Banja Luka,PM2.5 - Principal,2023-01-22 01:00 PM,2023,01,22,13,24.5,77,Moderate,21.6,UG/M3,1 Hr,Valid
Banja Luka,PM2.5 - Principal,2023-01-22 02:00 PM,2023,01,22,14,23.9,76,Moderate,23.3,UG/M3,1 Hr,Valid
Banja Luka,PM2.5 - Principal,2023-01-22 03:00 PM,2023,01,22,15,19.5,67,Moderate,15.1,UG/M3,1 Hr,Valid
Banja Luka,PM2.5 - Principal,2023-01-22 04:00 PM,2023,01,22,16,22.3,72,Moderate,25.1,UG/M3,1 Hr,Valid
Banja Luka,PM2.5 - Principal,2023-01-22 05:00 PM,2023,01,22,17,28.6,86,Moderate,34.9,UG/M3,1 Hr,Valid
Banja Luka,PM2.5 - Principal,2023-01-22 06:00 PM,2023,01,22,18,51.7,141,Unhealthy for Sensitive Groups,74.7,UG/M3,1 Hr,Valid
Banja Luka,PM2.5 - Principal,2023-01-22 07:00 PM,2023,01,22,19,55.2,150,Unhealthy for Sensitive Groups,58.7,UG/M3,1 Hr,Valid
Banja Luka,PM2.5 - Principal,2023-01-22 08:00 PM,2023,01,22,20,62.2,154,Unhealthy,69.1,UG/M3,1 Hr,Valid
Banja Luka,PM2.5 - Principal,2023-01-22 09:00 PM,2023,01,22,21,61.6,154,Unhealthy,61.1,UG/M3,1 Hr,Valid
Banja Luka,PM2.5 - Principal,2023-01-22 10:00 PM,2023,01,22,22,56.1,151,Unhealthy,50.6,UG/M3,1 Hr,Valid
Banja Luka,PM2.5 - Principal,2023-01-22 11:00 PM,2023,01,22,23,53.4,145,Unhealthy for Sensitive Groups,50.6,UG/M3,1 Hr,Valid
Banja Luka,PM2.5 - Principal,2023-01-23 12:00 AM,2023,01,23,00,34.1,97,Moderate,14.7,UG/M3,1 Hr,Valid
Banja Luka,PM2.5 - Principal,2023-01-23 01:00 AM,2023,01,23,01,25.2,79,Moderate,16.3,UG/M3,1 Hr,Valid
Banja Luka,PM2.5 - Principal,2023-01-23 02:00 AM,2023,01,23,02,25.5,79,Moderate,25.9,UG/M3,1 Hr,Valid
Banja Luka,PM2.5 - Principal,2023-01-23 03:00 AM,2023,01,23,03,20.9,70,Moderate,16.3,UG/M3,1 Hr,Valid
Banja Luka,PM2.5 - Principal,2023-01-23 04:00 AM,2023,01,23,04,17.0,61,Moderate,13.1,UG/M3,1 Hr,Valid
Banja Luka,PM2.5 - Principal,2023-01-23 05:00 AM,2023,01,23,05,15.6,58,Moderate,14.1,UG/M3,1 Hr,Valid
Banja Luka,PM2.5 - Principal,2023-01-23 06:00 AM,2023,01,23,06,13.5,54,Moderate,11.4,UG/M3,1 Hr,Valid
Banja Luka,PM2.5 - Principal,2023-01-23 07:00 AM,2023,01,23,07,11.7,49,Good,9.9,UG/M3,1 Hr,Valid
Banja Luka,PM2.5 - Principal,2023-01-23 08:00 AM,2023,01,23,08,11.6,48,Good,11.5,UG/M3,1 Hr,Valid
Banja Luka,PM2.5 - Principal,2023-01-23 09:00 AM,2023,01,23,09,24.4,77,Moderate,37.1,UG/M3,1 Hr,Valid
Banja Luka,PM2.5 - Principal,2023-01-23 10:00 AM,2023,01,23,10,54.4,148,Unhealthy for Sensitive Groups,84.5,UG/M3,1 Hr,Valid
Banja Luka,PM2.5 - Principal,2023-01-23 11:00 AM,2023,01,23,11,66.3,157,Unhealthy,78.1,UG/M3,1 Hr,Valid
Banja Luka,PM2.5 - Principal,2023-01-23 12:00 PM,2023,01,23,12,62.5,155,Unhealthy,58.8,UG/M3,1 Hr,Valid
Banja Luka,PM2.5 - Principal,2023-01-23 01:00 PM,2023,01,23,13,58.3,152,Unhealthy,54.0,UG/M3,1 Hr,Valid
Banja Luka,PM2.5 - Principal,2023-01-23 02:00 PM,2023,01,23,14,71.0,159,Unhealthy,83.6,UG/M3,1 Hr,Valid
Banja Luka,PM2.5 - Principal,2023-01-23 03:00 PM,2023,01,23,15,99.1,174,Unhealthy,127.2,UG/M3,1 Hr,Valid
Banja Luka,PM2.5 - Principal,2023-01-23 04:00 PM,2023,01,23,16,90.4,169,Unhealthy,81.7,UG/M3,1 Hr,Valid
Banja Luka,PM2.5 - Principal,2023-01-23 05:00 PM,2023,01,23,17,68.4,158,Unhealthy,46.5,UG/M3,1 Hr,Valid
Banja Luka,PM2.5 - Principal,2023-01-23 06:00 PM,2023,01,23,18,56.6,152,Unhealthy,44.8,UG/M3,1 Hr,Valid
Banja Luka,PM2.5 - Principal,2023-01-23 07:00 PM,2023,01,23,19,69.0,158,Unhealthy,81.3,UG/M3,1 Hr,Valid
Banja Luka,PM2.5 - Principal,2023-01-23 08:00 PM,2023,01,23,20,66.9,157,Unhealthy,64.8,UG/M3,1 Hr,Valid
Banja Luka,PM2.5 - Principal,2023-01-23 09:00 PM,2023,01,23,21,59.6,153,Unhealthy,52.3,UG/M3,1 Hr,Valid
Banja Luka,PM2.5 - Principal,2023-01-23 10:00 PM,2023,01,23,22,45.4,125,Unhealthy for Sensitive Groups,31.1,UG/M3,1 Hr,Valid
Banja Luka,PM2.5 - Principal,2023-01-23 11:00 PM,2023,01,23,23,38.0,107,Unhealthy for Sensitive Groups,30.7,UG/M3,1 Hr,Valid
Banja Luka,PM2.5 - Principal,2023-01-24 12:00 AM,2023,01,24,00,32.0,93,Moderate,26.0,UG/M3,1 Hr,Valid
Banja Luka,PM2.5 - Principal,2023-01-24 01:00 AM,2023,01,24,01,30.9,91,Moderate,29.8,UG/M3,1 Hr,Valid
Banja Luka,PM2.5 - Principal,2023-01-24 02:00 AM,2023,01,24,02,25.1,78,Moderate,19.3,UG/M3,1 Hr,Valid
Banja Luka,PM2.5 - Principal,2023-01-24 03:00 AM,2023,01,24,03,49.6,136,Unhealthy for Sensitive Groups,74.2,UG/M3,1 Hr,Valid
Banja Luka,PM2.5 - Principal,2023-01-24 04:00 AM,2023,01,24,04,62.1,154,Unhealthy,74.6,UG/M3,1 Hr,Valid
Banja Luka,PM2.5 - Principal,2023-01-24 05:00 AM,2023,01,24,05,61.3,154,Unhealthy,60.5,UG/M3,1 Hr,Valid
Banja Luka,PM2.5 - Principal,2023-01-24 06:00 AM,2023,01,24,06,52.4,143,Unhealthy for Sensitive Groups,43.6,UG/M3,1 Hr,Valid
Banja Luka,PM2.5 - Principal,2023-01-24 07:00 AM,2023,01,24,07,35.6,101,Unhealthy for Sensitive Groups,18.9,UG/M3,1 Hr,Valid
Banja Luka,PM2.5 - Principal,2023-01-24 08:00 AM,2023,01,24,08,46.4,128,Unhealthy for Sensitive Groups,57.2,UG/M3,1 Hr,Valid
Banja Luka,PM2.5 - Principal,2023-01-24 09:00 AM,2023,01,24,09,47.7,131,Unhealthy for Sensitive Groups,49.0,UG/M3,1 Hr,Valid
Banja Luka,PM2.5 - Principal,2023-01-24 10:00 AM,2023,01,24,10,46.0,127,Unhealthy for Sensitive Groups,44.2,UG/M3,1 Hr,Valid
Banja Luka,PM2.5 - Principal,2023-01-24 11:00 AM,2023,01,24,11,45.1,125,Unhealthy for Sensitive Groups,44.2,UG/M3,1 Hr,Valid
Banja Luka,PM2.5 - Principal,2023-01-24 12:00 PM,2023,01,24,12,31.9,93,Moderate,18.7,UG/M3,1 Hr,Valid
Banja Luka,PM2.5 - Principal,2023-01-24 01:00 PM,2023,01,24,13,28.6,86,Moderate,25.2,UG/M3,1 Hr,Valid
Banja Luka,PM2.5 - Principal,2023-01-24 02:00 PM,2023,01,24,14,28.4,85,Moderate,28.2,UG/M3,1 Hr,Valid
Banja Luka,PM2.5 - Principal,2023-01-24 03:00 PM,2023,01,24,15,32.1,93,Moderate,35.9,UG/M3,1 Hr,Valid
Banja Luka,PM2.5 - Principal,2023-01-24 04:00 PM,2023,01,24,16,34.0,97,Moderate,35.9,UG/M3,1 Hr,Valid
Banja Luka,PM2.5 - Principal,2023-01-24 05:00 PM,2023,01,24,17,69.4,158,Unhealthy,104.7,UG/M3,1 Hr,Valid
Banja Luka,PM2.5 - Principal,2023-01-24 06:00 PM,2023,01,24,18,99.0,173,Unhealthy,128.6,UG/M3,1 Hr,Valid
Banja Luka,PM2.5 - Principal,2023-01-24 07:00 PM,2023,01,24,19,113.8,181,Unhealthy,128.6,UG/M3,1 Hr,Valid
Banja Luka,PM2.5 - Principal,2023-01-24 08:00 PM,2023,01,24,20,158.2,209,Very Unhealthy,202.5,UG/M3,1 Hr,Valid
Banja Luka,PM2.5 - Principal,2023-01-24 09:00 PM,2023,01,24,21,185.6,236,Very Unhealthy,213.0,UG/M3,1 Hr,Valid
Banja Luka,PM2.5 - Principal,2023-01-24 10:00 PM,2023,01,24,22,129.2,189,Unhealthy,72.7,UG/M3,1 Hr,Valid
Banja Luka,PM2.5 - Principal,2023-01-24 11:00 PM,2023,01,24,23,99.2,174,Unhealthy,69.3,UG/M3,1 Hr,Valid
Banja Luka,PM2.5 - Principal,2023-01-25 12:00 AM,2023,01,25,00,64.1,155,Unhealthy,28.9,UG/M3,1 Hr,Valid
Banja Luka,PM2.5 - Principal,2023-01-25 01:00 AM,2023,01,25,01,59.3,153,Unhealthy,54.5,UG/M3,1 Hr,Valid
Banja Luka,PM2.5 - Principal,2023-01-25 02:00 AM,2023,01,25,02,78.1,163,Unhealthy,96.8,UG/M3,1 Hr,Valid
Banja Luka,PM2.5 - Principal,2023-01-25 03:00 AM,2023,01,25,03,78.5,163,Unhealthy,79.0,UG/M3,1 Hr,Valid
Banja Luka,PM2.5 - Principal,2023-01-25 04:00 AM,2023,01,25,04,83.7,166,Unhealthy,88.9,UG/M3,1 Hr,Valid
Banja Luka,PM2.5 - Principal,2023-01-25 05:00 AM,2023,01,25,05,78.6,163,Unhealthy,73.6,UG/M3,1 Hr,Valid
Banja Luka,PM2.5 - Principal,2023-01-25 06:00 AM,2023,01,25,06,76.1,162,Unhealthy,73.6,UG/M3,1 Hr,Valid
Banja Luka,PM2.5 - Principal,2023-01-25 07:00 AM,2023,01,25,07,63.3,155,Unhealthy,50.5,UG/M3,1 Hr,Valid
Banja Luka,PM2.5 - Principal,2023-01-25 08:00 AM,2023,01,25,08,58.5,153,Unhealthy,53.8,UG/M3,1 Hr,Valid
Banja Luka,PM2.5 - Principal,2023-01-25 09:00 AM,2023,01,25,09,56.0,151,Unhealthy,53.4,UG/M3,1 Hr,Valid
Banja Luka,PM2.5 - Principal,2023-01-25 10:00 AM,2023,01,25,10,59.6,153,Unhealthy,63.3,UG/M3,1 Hr,Valid
Banja Luka,PM2.5 - Principal,2023-01-25 11:00 AM,2023,01,25,11,54.9,149,Unhealthy for Sensitive Groups,50.2,UG/M3,1 Hr,Valid
Banja Luka,PM2.5 - Principal,2023-01-25 12:00 PM,2023,01,25,12,58.5,153,Unhealthy,62.1,UG/M3,1 Hr,Valid
Banja Luka,PM2.5 - Principal,2023-01-25 01:00 PM,2023,01,25,13,59.0,153,Unhealthy,59.6,UG/M3,1 Hr,Valid
Banja Luka,PM2.5 - Principal,2023-01-25 02:00 PM,2023,01,25,14,44.6,123,Unhealthy for Sensitive Groups,30.2,UG/M3,1 Hr,Valid
Banja Luka,PM2.5 - Principal,2023-01-25 03:00 PM,2023,01,25,15,37.4,106,Unhealthy for Sensitive Groups,30.3,UG/M3,1 Hr,Valid
Banja Luka,PM2.5 - Principal,2023-01-25 04:00 PM,2023,01,25,16,39.4,111,Unhealthy for Sensitive Groups,41.4,UG/M3,1 Hr,Valid
Banja Luka,PM2.5 - Principal,2023-01-25 05:00 PM,2023,01,25,17,42.9,119,Unhealthy for Sensitive Groups,46.3,UG/M3,1 Hr,Valid
Banja Luka,PM2.5 - Principal,2023-01-25 06:00 PM,2023,01,25,18,39.0,110,Unhealthy for Sensitive Groups,35.2,UG/M3,1 Hr,Valid
Banja Luka,PM2.5 - Principal,2023-01-25 07:00 PM,2023,01,25,19,33.1,95,Moderate,27.1,UG/M3,1 Hr,Valid
Banja Luka,PM2.5 - Principal,2023-01-25 08:00 PM,2023,01,25,20,41.8,117,Unhealthy for Sensitive Groups,50.6,UG/M3,1 Hr,Valid
Banja Luka,PM2.5 - Principal,2023-01-25 09:00 PM,2023,01,25,21,46.3,128,Unhealthy for Sensitive Groups,50.8,UG/M3,1 Hr,Valid
Banja Luka,PM2.5 - Principal,2023-01-25 10:00 PM,2023,01,25,22,38.6,109,Unhealthy for Sensitive Groups,30.8,UG/M3,1 Hr,Valid
Banja Luka,PM2.5 - Principal,2023-01-25 11:00 PM,2023,01,25,23,33.9,97,Moderate,29.3,UG/M3,1 Hr,Valid
Banja Luka,PM2.5 - Principal,2023-01-26 12:00 AM,2023,01,26,00,33.3,96,Moderate,32.8,UG/M3,1 Hr,Valid
Banja Luka,PM2.5 - Principal,2023-01-26 01:00 AM,2023,01,26,01,30.7,90,Moderate,27.4,UG/M3,1 Hr,Valid
Banja Luka,PM2.5 - Principal,2023-01-26 02:00 AM,2023,01,26,02,30.1,89,Moderate,29.5,UG/M3,1 Hr,Valid
Banja Luka,PM2.5 - Principal,2023-01-26 03:00 AM,2023,01,26,03,28.5,85,Moderate,26.7,UG/M3,1 Hr,Valid
Banja Luka,PM2.5 - Principal,2023-01-26 04:00 AM,2023,01,26,04,26.2,81,Moderate,24.2,UG/M3,1 Hr,Valid
Banja Luka,PM2.5 - Principal,2023-01-26 05:00 AM,2023,01,26,05,25.2,79,Moderate,24.2,UG/M3,1 Hr,Valid
Banja Luka,PM2.5 - Principal,2023-01-26 06:00 AM,2023,01,26,06,24.1,76,Moderate,22.9,UG/M3,1 Hr,Valid
Banja Luka,PM2.5 - Principal,2023-01-26 07:00 AM,2023,01,26,07,23.9,76,Moderate,23.8,UG/M3,1 Hr,Valid
Banja Luka,PM2.5 - Principal,2023-01-26 08:00 AM,2023,01,26,08,22.6,73,Moderate,21.4,UG/M3,1 Hr,Valid
Banja Luka,PM2.5 - Principal,2023-01-26 09:00 AM,2023,01,26,09,26.7,82,Moderate,32.8,UG/M3,1 Hr,Valid
Banja Luka,PM2.5 - Principal,2023-01-26 10:00 AM,2023,01,26,10,27.5,83,Moderate,29.1,UG/M3,1 Hr,Valid
Banja Luka,PM2.5 - Principal,2023-01-26 11:00 AM,2023,01,26,11,26.8,82,Moderate,25.5,UG/M3,1 Hr,Valid
Banja Luka,PM2.5 - Principal,2023-01-26 12:00 PM,2023,01,26,12,30.8,90,Moderate,36.4,UG/M3,1 Hr,Valid
Banja Luka,PM2.5 - Principal,2023-01-26 01:00 PM,2023,01,26,13,27.9,84,Moderate,23.7,UG/M3,1 Hr,Valid
Banja Luka,PM2.5 - Principal,2023-01-26 02:00 PM,2023,01,26,14,26.0,80,Moderate,23.3,UG/M3,1 Hr,Valid
Banja Luka,PM2.5 - Principal,2023-01-26 03:00 PM,2023,01,26,15,28.7,86,Moderate,32.6,UG/M3,1 Hr,Valid
Banja Luka,PM2.5 - Principal,2023-01-26 04:00 PM,2023,01,26,16,32.4,94,Moderate,37.3,UG/M3,1 Hr,Valid
Banja Luka,PM2.5 - Principal,2023-01-26 05:00 PM,2023,01,26,17,32.4,94,Moderate,-999.0,UG/M3,1 Hr,Missing
Banja Luka,PM2.5 - Principal,2023-01-27 03:00 PM,2023,01,27,15,-999.0,-999,N/A,38.1,UG/M3,1 Hr,Valid
Banja Luka,PM2.5 - Principal,2023-01-27 04:00 PM,2023,01,27,16,30.9,91,Moderate,26.0,UG/M3,1 Hr,Valid
Banja Luka,PM2.5 - Principal,2023-01-27 05:00 PM,2023,01,27,17,42.5,118,Unhealthy for Sensitive Groups,51.9,UG/M3,1 Hr,Valid
Banja Luka,PM2.5 - Principal,2023-01-27 06:00 PM,2023,01,27,18,45.5,126,Unhealthy for Sensitive Groups,48.0,UG/M3,1 Hr,Valid
Banja Luka,PM2.5 - Principal,2023-01-27 07:00 PM,2023,01,27,19,63.8,155,Unhealthy,81.0,UG/M3,1 Hr,Valid
Banja Luka,PM2.5 - Principal,2023-01-27 08:00 PM,2023,01,27,20,45.2,125,Unhealthy for Sensitive Groups,27.3,UG/M3,1 Hr,Valid
Banja Luka,PM2.5 - Principal,2023-01-27 09:00 PM,2023,01,27,21,56.1,151,Unhealthy,66.7,UG/M3,1 Hr,Valid
Banja Luka,PM2.5 - Principal,2023-01-27 10:00 PM,2023,01,27,22,87.5,168,Unhealthy,118.6,UG/M3,1 Hr,Valid
Banja Luka,PM2.5 - Principal,2023-01-27 11:00 PM,2023,01,27,23,87.1,167,Unhealthy,86.7,UG/M3,1 Hr,Valid
Banja Luka,PM2.5 - Principal,2023-01-28 12:00 AM,2023,01,28,00,71.2,159,Unhealthy,55.3,UG/M3,1 Hr,Valid
Banja Luka,PM2.5 - Principal,2023-01-28 01:00 AM,2023,01,28,01,51.1,139,Unhealthy for Sensitive Groups,31.0,UG/M3,1 Hr,Valid
Banja Luka,PM2.5 - Principal,2023-01-28 02:00 AM,2023,01,28,02,41.6,116,Unhealthy for Sensitive Groups,32.1,UG/M3,1 Hr,Valid
Banja Luka,PM2.5 - Principal,2023-01-28 03:00 AM,2023,01,28,03,37.0,105,Unhealthy for Sensitive Groups,32.4,UG/M3,1 Hr,Valid
Banja Luka,PM2.5 - Principal,2023-01-28 04:00 AM,2023,01,28,04,36.3,103,Unhealthy for Sensitive Groups,35.6,UG/M3,1 Hr,Valid
Banja Luka,PM2.5 - Principal,2023-01-28 05:00 AM,2023,01,28,05,32.6,94,Moderate,28.9,UG/M3,1 Hr,Valid
Banja Luka,PM2.5 - Principal,2023-01-28 06:00 AM,2023,01,28,06,33.3,96,Moderate,33.9,UG/M3,1 Hr,Valid
Banja Luka,PM2.5 - Principal,2023-01-28 07:00 AM,2023,01,28,07,33.7,96,Moderate,34.2,UG/M3,1 Hr,Valid
Banja Luka,PM2.5 - Principal,2023-01-28 08:00 AM,2023,01,28,08,33.6,96,Moderate,33.4,UG/M3,1 Hr,Valid
Banja Luka,PM2.5 - Principal,2023-01-28 09:00 AM,2023,01,28,09,42.9,119,Unhealthy for Sensitive Groups,52.1,UG/M3,1 Hr,Valid
Banja Luka,PM2.5 - Principal,2023-01-28 10:00 AM,2023,01,28,10,50.8,139,Unhealthy for Sensitive Groups,58.7,UG/M3,1 Hr,Valid
Banja Luka,PM2.5 - Principal,2023-01-28 11:00 AM,2023,01,28,11,46.7,129,Unhealthy for Sensitive Groups,42.7,UG/M3,1 Hr,Valid
Banja Luka,PM2.5 - Principal,2023-01-28 12:00 PM,2023,01,28,12,46.5,128,Unhealthy for Sensitive Groups,46.3,UG/M3,1 Hr,Valid
Banja Luka,PM2.5 - Principal,2023-01-28 01:00 PM,2023,01,28,13,39.3,110,Unhealthy for Sensitive Groups,32.1,UG/M3,1 Hr,Valid
Banja Luka,PM2.5 - Principal,2023-01-28 02:00 PM,2023,01,28,14,39.1,110,Unhealthy for Sensitive Groups,38.9,UG/M3,1 Hr,Valid
Banja Luka,PM2.5 - Principal,2023-01-28 03:00 PM,2023,01,28,15,40.0,112,Unhealthy for Sensitive Groups,40.9,UG/M3,1 Hr,Valid
Banja Luka,PM2.5 - Principal,2023-01-28 04:00 PM,2023,01,28,16,40.1,112,Unhealthy for Sensitive Groups,40.2,UG/M3,1 Hr,Valid
Banja Luka,PM2.5 - Principal,2023-01-28 05:00 PM,2023,01,28,17,41.2,115,Unhealthy for Sensitive Groups,42.4,UG/M3,1 Hr,Valid
Banja Luka,PM2.5 - Principal,2023-01-28 06:00 PM,2023,01,28,18,41.7,116,Unhealthy for Sensitive Groups,42.4,UG/M3,1 Hr,Valid
Banja Luka,PM2.5 - Principal,2023-01-28 07:00 PM,2023,01,28,19,47.3,130,Unhealthy for Sensitive Groups,54.1,UG/M3,1 Hr,Valid
Banja Luka,PM2.5 - Principal,2023-01-28 08:00 PM,2023,01,28,20,50.6,138,Unhealthy for Sensitive Groups,54.6,UG/M3,1 Hr,Valid
Banja Luka,PM2.5 - Principal,2023-01-28 09:00 PM,2023,01,28,21,48.7,134,Unhealthy for Sensitive Groups,46.3,UG/M3,1 Hr,Valid
Banja Luka,PM2.5 - Principal,2023-01-28 10:00 PM,2023,01,28,22,50.6,138,Unhealthy for Sensitive Groups,53.7,UG/M3,1 Hr,Valid
Banja Luka,PM2.5 - Principal,2023-01-28 11:00 PM,2023,01,28,23,46.7,129,Unhealthy for Sensitive Groups,41.0,UG/M3,1 Hr,Valid
Banja Luka,PM2.5 - Principal,2023-01-29 12:00 AM,2023,01,29,00,43.5,121,Unhealthy for Sensitive Groups,39.1,UG/M3,1 Hr,Valid
Banja Luka,PM2.5 - Principal,2023-01-29 01:00 AM,2023,01,29,01,42.8,119,Unhealthy for Sensitive Groups,38.5,UG/M3,1 Hr,Valid
Banja Luka,PM2.5 - Principal,2023-01-29 02:00 AM,2023,01,29,02,36.2,103,Unhealthy for Sensitive Groups,30.2,UG/M3,1 Hr,Valid
Banja Luka,PM2.5 - Principal,2023-01-29 03:00 AM,2023,01,29,03,32.5,94,Moderate,28.8,UG/M3,1 Hr,Valid
Banja Luka,PM2.5 - Principal,2023-01-29 04:00 AM,2023,01,29,04,31.3,91,Moderate,30.0,UG/M3,1 Hr,Valid
Banja Luka,PM2.5 - Principal,2023-01-29 05:00 AM,2023,01,29,05,29.1,87,Moderate,27.2,UG/M3,1 Hr,Valid
Banja Luka,PM2.5 - Principal,2023-01-29 06:00 AM,2023,01,29,06,28.6,86,Moderate,28.1,UG/M3,1 Hr,Valid
Banja Luka,PM2.5 - Principal,2023-01-29 07:00 AM,2023,01,29,07,28.6,86,Moderate,28.6,UG/M3,1 Hr,Valid
Banja Luka,PM2.5 - Principal,2023-01-29 08:00 AM,2023,01,29,08,28.8,86,Moderate,29.0,UG/M3,1 Hr,Valid
Banja Luka,PM2.5 - Principal,2023-01-29 09:00 AM,2023,01,29,09,35.1,99,Moderate,41.5,UG/M3,1 Hr,Valid
Banja Luka,PM2.5 - Principal,2023-01-29 10:00 AM,2023,01,29,10,38.6,109,Unhealthy for Sensitive Groups,45.5,UG/M3,1 Hr,Valid
Banja Luka,PM2.5 - Principal,2023-01-29 11:00 AM,2023,01,29,11,38.5,108,Unhealthy for Sensitive Groups,38.3,UG/M3,1 Hr,Valid
Banja Luka,PM2.5 - Principal,2023-01-29 12:00 PM,2023,01,29,12,38.5,108,Unhealthy for Sensitive Groups,38.5,UG/M3,1 Hr,Valid
Banja Luka,PM2.5 - Principal,2023-01-29 01:00 PM,2023,01,29,13,34.9,99,Moderate,29.6,UG/M3,1 Hr,Valid
Banja Luka,PM2.5 - Principal,2023-01-29 02:00 PM,2023,01,29,14,32.0,93,Moderate,27.7,UG/M3,1 Hr,Valid
Banja Luka,PM2.5 - Principal,2023-01-29 03:00 PM,2023,01,29,15,31.7,92,Moderate,31.2,UG/M3,1 Hr,Valid
Banja Luka,PM2.5 - Principal,2023-01-29 04:00 PM,2023,01,29,16,35.0,99,Moderate,39.9,UG/M3,1 Hr,Valid
Banja Luka,PM2.5 - Principal,2023-01-29 05:00 PM,2023,01,29,17,37.4,106,Unhealthy for Sensitive Groups,41.1,UG/M3,1 Hr,Valid
Banja Luka,PM2.5 - Principal,2023-01-29 06:00 PM,2023,01,29,18,57.2,152,Unhealthy,76.1,UG/M3,1 Hr,Valid
Banja Luka,PM2.5 - Principal,2023-01-29 07:00 PM,2023,01,29,19,55.5,151,Unhealthy,53.9,UG/M3,1 Hr,Valid
Banja Luka,PM2.5 - Principal,2023-01-29 08:00 PM,2023,01,29,20,64.5,156,Unhealthy,73.5,UG/M3,1 Hr,Valid
Banja Luka,PM2.5 - Principal,2023-01-29 09:00 PM,2023,01,29,21,75.8,161,Unhealthy,87.0,UG/M3,1 Hr,Valid
Banja Luka,PM2.5 - Principal,2023-01-29 10:00 PM,2023,01,29,22,53.6,146,Unhealthy for Sensitive Groups,31.4,UG/M3,1 Hr,Valid
Banja Luka,PM2.5 - Principal,2023-01-29 11:00 PM,2023,01,29,23,33.7,96,Moderate,13.9,UG/M3,1 Hr,Valid
Banja Luka,PM2.5 - Principal,2023-01-30 12:00 AM,2023,01,30,00,27.0,82,Moderate,20.3,UG/M3,1 Hr,Valid
Banja Luka,PM2.5 - Principal,2023-01-30 01:00 AM,2023,01,30,01,27.6,84,Moderate,28.2,UG/M3,1 Hr,Valid
Banja Luka,PM2.5 - Principal,2023-01-30 02:00 AM,2023,01,30,02,33.9,97,Moderate,40.2,UG/M3,1 Hr,Valid
Banja Luka,PM2.5 - Principal,2023-01-30 03:00 AM,2023,01,30,03,40.9,114,Unhealthy for Sensitive Groups,47.9,UG/M3,1 Hr,Valid
Banja Luka,PM2.5 - Principal,2023-01-30 04:00 AM,2023,01,30,04,41.6,116,Unhealthy for Sensitive Groups,42.4,UG/M3,1 Hr,Valid
Banja Luka,PM2.5 - Principal,2023-01-30 05:00 AM,2023,01,30,05,38.8,109,Unhealthy for Sensitive Groups,36.1,UG/M3,1 Hr,Valid
Banja Luka,PM2.5 - Principal,2023-01-30 06:00 AM,2023,01,30,06,34.5,98,Moderate,30.1,UG/M3,1 Hr,Valid
Banja Luka,PM2.5 - Principal,2023-01-30 07:00 AM,2023,01,30,07,42.2,117,Unhealthy for Sensitive Groups,49.9,UG/M3,1 Hr,Valid
Banja Luka,PM2.5 - Principal,2023-01-30 08:00 AM,2023,01,30,08,41.4,116,Unhealthy for Sensitive Groups,40.6,UG/M3,1 Hr,Valid
Banja Luka,PM2.5 - Principal,2023-01-30 09:00 AM,2023,01,30,09,43.8,121,Unhealthy for Sensitive Groups,46.3,UG/M3,1 Hr,Valid
Banja Luka,PM2.5 - Principal,2023-01-30 10:00 AM,2023,01,30,10,36.6,104,Unhealthy for Sensitive Groups,29.3,UG/M3,1 Hr,Valid
Banja Luka,PM2.5 - Principal,2023-01-30 11:00 AM,2023,01,30,11,27.7,84,Moderate,18.8,UG/M3,1 Hr,Valid
Banja Luka,PM2.5 - Principal,2023-01-30 12:00 PM,2023,01,30,12,27.6,84,Moderate,27.5,UG/M3,1 Hr,Valid
Banja Luka,PM2.5 - Principal,2023-01-30 01:00 PM,2023,01,30,13,22.8,74,Moderate,18.1,UG/M3,1 Hr,Valid
Banja Luka,PM2.5 - Principal,2023-01-30 02:00 PM,2023,01,30,14,25.8,80,Moderate,28.8,UG/M3,1 Hr,Valid
Banja Luka,PM2.5 - Principal,2023-01-30 03:00 PM,2023,01,30,15,27.3,83,Moderate,28.7,UG/M3,1 Hr,Valid
Banja Luka,PM2.5 - Principal,2023-01-30 04:00 PM,2023,01,30,16,26.3,81,Moderate,25.3,UG/M3,1 Hr,Valid
Banja Luka,PM2.5 - Principal,2023-01-30 05:00 PM,2023,01,30,17,30.9,91,Moderate,35.6,UG/M3,1 Hr,Valid
Banja Luka,PM2.5 - Principal,2023-01-30 06:00 PM,2023,01,30,18,41.5,116,Unhealthy for Sensitive Groups,52.1,UG/M3,1 Hr,Valid
Banja Luka,PM2.5 - Principal,2023-01-30 07:00 PM,2023,01,30,19,45.1,125,Unhealthy for Sensitive Groups,48.6,UG/M3,1 Hr,Valid
Banja Luka,PM2.5 - Principal,2023-01-30 08:00 PM,2023,01,30,20,57.1,152,Unhealthy,69.1,UG/M3,1 Hr,Valid
Banja Luka,PM2.5 - Principal,2023-01-30 09:00 PM,2023,01,30,21,94.1,171,Unhealthy,131.0,UG/M3,1 Hr,Valid
Banja Luka,PM2.5 - Principal,2023-01-30 10:00 PM,2023,01,30,22,150.0,200,Unhealthy,205.8,UG/M3,1 Hr,Valid
Banja Luka,PM2.5 - Principal,2023-01-30 11:00 PM,2023,01,30,23,100.5,174,Unhealthy,51.0,UG/M3,1 Hr,Valid
Banja Luka,PM2.5 - Principal,2023-01-31 12:00 AM,2023,01,31,00,103.0,176,Unhealthy,105.5,UG/M3,1 Hr,Valid
Banja Luka,PM2.5 - Principal,2023-01-31 01:00 AM,2023,01,31,01,84.6,166,Unhealthy,66.1,UG/M3,1 Hr,Valid
Banja Luka,PM2.5 - Principal,2023-01-31 02:00 AM,2023,01,31,02,65.6,156,Unhealthy,46.7,UG/M3,1 Hr,Valid
Banja Luka,PM2.5 - Principal,2023-01-31 03:00 AM,2023,01,31,03,48.4,133,Unhealthy for Sensitive Groups,31.1,UG/M3,1 Hr,Valid
Banja Luka,PM2.5 - Principal,2023-01-31 04:00 AM,2023,01,31,04,60.0,153,Unhealthy,71.7,UG/M3,1 Hr,Valid
Banja Luka,PM2.5 - Principal,2023-01-31 05:00 AM,2023,01,31,05,54.4,148,Unhealthy for Sensitive Groups,48.8,UG/M3,1 Hr,Valid
Banja Luka,PM2.5 - Principal,2023-01-31 06:00 AM,2023,01,31,06,38.0,107,Unhealthy for Sensitive Groups,21.5,UG/M3,1 Hr,Valid
Banja Luka,PM2.5 - Principal,2023-01-31 07:00 AM,2023,01,31,07,29.1,87,Moderate,20.3,UG/M3,1 Hr,Valid
Banja Luka,PM2.5 - Principal,2023-01-31 08:00 AM,2023,01,31,08,40.6,114,Unhealthy for Sensitive Groups,52.1,UG/M3,1 Hr,Valid
Banja Luka,PM2.5 - Principal,2023-01-31 09:00 AM,2023,01,31,09,71.1,159,Unhealthy,101.7,UG/M3,1 Hr,Valid
Banja Luka,PM2.5 - Principal,2023-01-31 10:00 AM,2023,01,31,10,67.2,157,Unhealthy,63.2,UG/M3,1 Hr,Valid
Banja Luka,PM2.5 - Principal,2023-01-31 11:00 AM,2023,01,31,11,43.7,121,Unhealthy for Sensitive Groups,20.2,UG/M3,1 Hr,Valid
Banja Luka,PM2.5 - Principal,2023-01-31 12:00 PM,2023,01,31,12,28.1,85,Moderate,12.6,UG/M3,1 Hr,Valid
Banja Luka,PM2.5 - Principal,2023-01-31 01:00 PM,2023,01,31,13,21.9,72,Moderate,15.6,UG/M3,1 Hr,Valid
Banja Luka,PM2.5 - Principal,2023-01-31 02:00 PM,2023,01,31,14,17.9,63,Moderate,14.0,UG/M3,1 Hr,Valid
Banja Luka,PM2.5 - Principal,2023-01-31 03:00 PM,2023,01,31,15,16.6,60,Moderate,15.2,UG/M3,1 Hr,Valid
Banja Luka,PM2.5 - Principal,2023-01-31 04:00 PM,2023,01,31,16,14.3,56,Moderate,12.0,UG/M3,1 Hr,Valid
Banja Luka,PM2.5 - Principal,2023-01-31 05:00 PM,2023,01,31,17,11.9,50,Good,9.6,UG/M3,1 Hr,Valid
Banja Luka,PM2.5 - Principal,2023-01-31 06:00 PM,2023,01,31,18,75.2,161,Unhealthy,138.4,UG/M3,1 Hr,Valid
Banja Luka,PM2.5 - Principal,2023-01-31 07:00 PM,2023,01,31,19,172.4,223,Very Unhealthy,269.5,UG/M3,1 Hr,Valid
Banja Luka,PM2.5 - Principal,2023-01-31 08:00 PM,2023,01,31,20,97.6,173,Unhealthy,22.9,UG/M3,1 Hr,Valid
Banja Luka,PM2.5 - Principal,2023-01-31 09:00 PM,2023,01,31,21,59.1,153,Unhealthy,20.5,UG/M3,1 Hr,Valid
Banja Luka,PM2.5 - Principal,2023-01-31 10:00 PM,2023,01,31,22,39.3,110,Unhealthy for Sensitive Groups,19.6,UG/M3,1 Hr,Valid
Banja Luka,PM2.5 - Principal,2023-01-31 11:00 PM,2023,01,31,23,27.3,83,Moderate,15.2,UG/M3,1 Hr,Valid
Banja Luka,PM2.5 - Principal,2023-02-01 12:00 AM,2023,02,01,00,22.7,73,Moderate,18.2,UG/M3,1 Hr,Valid
Banja Luka,PM2.5 - Principal,2023-02-01 01:00 AM,2023,02,01,01,36.6,104,Unhealthy for Sensitive Groups,50.4,UG/M3,1 Hr,Valid
Banja Luka,PM2.5 - Principal,2023-02-01 02:00 AM,2023,02,01,02,29.4,87,Moderate,22.3,UG/M3,1 Hr,Valid
Banja Luka,PM2.5 - Principal,2023-02-01 03:00 AM,2023,02,01,03,27.7,84,Moderate,25.9,UG/M3,1 Hr,Valid
Banja Luka,PM2.5 - Principal,2023-02-01 04:00 AM,2023,02,01,04,29.2,87,Moderate,30.8,UG/M3,1 Hr,Valid
Banja Luka,PM2.5 - Principal,2023-02-01 05:00 AM,2023,02,01,05,23.0,74,Moderate,16.9,UG/M3,1 Hr,Valid
Banja Luka,PM2.5 - Principal,2023-02-01 06:00 AM,2023,02,01,06,15.9,59,Moderate,8.7,UG/M3,1 Hr,Valid
Banja Luka,PM2.5 - Principal,2023-02-01 07:00 AM,2023,02,01,07,15.8,59,Moderate,15.8,UG/M3,1 Hr,Valid
Banja Luka,PM2.5 - Principal,2023-02-01 08:00 AM,2023,02,01,08,14.0,55,Moderate,12.1,UG/M3,1 Hr,Valid
Banja Luka,PM2.5 - Principal,2023-02-01 09:00 AM,2023,02,01,09,13.5,54,Moderate,13.0,UG/M3,1 Hr,Valid
Banja Luka,PM2.5 - Principal,2023-02-01 10:00 AM,2023,02,01,10,12.5,52,Moderate,11.5,UG/M3,1 Hr,Valid
Banja Luka,PM2.5 - Principal,2023-02-01 11:00 AM,2023,02,01,11,10.7,45,Good,8.9,UG/M3,1 Hr,Valid
Banja Luka,PM2.5 - Principal,2023-02-01 12:00 PM,2023,02,01,12,10.8,45,Good,11.0,UG/M3,1 Hr,Valid
Banja Luka,PM2.5 - Principal,2023-02-01 01:00 PM,2023,02,01,13,11.8,49,Good,12.8,UG/M3,1 Hr,Valid
Banja Luka,PM2.5 - Principal,2023-02-01 02:00 PM,2023,02,01,14,11.2,47,Good,10.5,UG/M3,1 Hr,Valid
Banja Luka,PM2.5 - Principal,2023-02-01 03:00 PM,2023,02,01,15,11.8,49,Good,12.5,UG/M3,1 Hr,Valid
Banja Luka,PM2.5 - Principal,2023-02-01 04:00 PM,2023,02,01,16,12.4,52,Moderate,13.1,UG/M3,1 Hr,Valid
Banja Luka,PM2.5 - Principal,2023-02-01 05:00 PM,2023,02,01,17,20.7,69,Moderate,28.9,UG/M3,1 Hr,Valid
Banja Luka,PM2.5 - Principal,2023-02-01 06:00 PM,2023,02,01,18,78.0,163,Unhealthy,135.4,UG/M3,1 Hr,Valid
Banja Luka,PM2.5 - Principal,2023-02-01 07:00 PM,2023,02,01,19,125.4,187,Unhealthy,172.7,UG/M3,1 Hr,Valid
Banja Luka,PM2.5 - Principal,2023-02-01 08:00 PM,2023,02,01,20,165.5,216,Very Unhealthy,205.6,UG/M3,1 Hr,Valid
Banja Luka,PM2.5 - Principal,2023-02-01 09:00 PM,2023,02,01,21,214.8,265,Very Unhealthy,264.1,UG/M3,1 Hr,Valid
Banja Luka,PM2.5 - Principal,2023-02-01 10:00 PM,2023,02,01,22,213.6,264,Very Unhealthy,212.2,UG/M3,1 Hr,Valid
Banja Luka,PM2.5 - Principal,2023-02-01 11:00 PM,2023,02,01,23,139.8,195,Unhealthy,66.1,UG/M3,1 Hr,Valid
Banja Luka,PM2.5 - Principal,2023-02-02 12:00 AM,2023,02,02,00,137.0,193,Unhealthy,134.2,UG/M3,1 Hr,Valid
Banja Luka,PM2.5 - Principal,2023-02-02 01:00 AM,2023,02,02,01,120.9,185,Unhealthy,104.7,UG/M3,1 Hr,Valid
Banja Luka,PM2.5 - Principal,2023-02-02 02:00 AM,2023,02,02,02,115.5,182,Unhealthy,110.1,UG/M3,1 Hr,Valid
Banja Luka,PM2.5 - Principal,2023-02-02 03:00 AM,2023,02,02,03,97.7,173,Unhealthy,79.9,UG/M3,1 Hr,Valid
Banja Luka,PM2.5 - Principal,2023-02-02 04:00 AM,2023,02,02,04,87.1,167,Unhealthy,76.5,UG/M3,1 Hr,Valid
Banja Luka,PM2.5 - Principal,2023-02-02 05:00 AM,2023,02,02,05,50.0,137,Unhealthy for Sensitive Groups,13.0,UG/M3,1 Hr,Valid
Banja Luka,PM2.5 - Principal,2023-02-02 06:00 AM,2023,02,02,06,41.3,115,Unhealthy for Sensitive Groups,32.6,UG/M3,1 Hr,Valid
Banja Luka,PM2.5 - Principal,2023-02-02 07:00 AM,2023,02,02,07,36.6,104,Unhealthy for Sensitive Groups,32.0,UG/M3,1 Hr,Valid
Banja Luka,PM2.5 - Principal,2023-02-02 08:00 AM,2023,02,02,08,42.0,117,Unhealthy for Sensitive Groups,47.3,UG/M3,1 Hr,Valid
Banja Luka,PM2.5 - Principal,2023-02-02 09:00 AM,2023,02,02,09,61.1,154,Unhealthy,80.4,UG/M3,1 Hr,Valid
Banja Luka,PM2.5 - Principal,2023-02-02 10:00 AM,2023,02,02,10,98.0,173,Unhealthy,135.0,UG/M3,1 Hr,Valid
Banja Luka,PM2.5 - Principal,2023-02-02 11:00 AM,2023,02,02,11,68.2,158,Unhealthy,38.3,UG/M3,1 Hr,Valid
Banja Luka,PM2.5 - Principal,2023-02-02 12:00 PM,2023,02,02,12,44.8,124,Unhealthy for Sensitive Groups,21.5,UG/M3,1 Hr,Valid
Banja Luka,PM2.5 - Principal,2023-02-02 01:00 PM,2023,02,02,13,33.2,95,Moderate,21.6,UG/M3,1 Hr,Valid
Banja Luka,PM2.5 - Principal,2023-02-02 02:00 PM,2023,02,02,14,28.5,85,Moderate,23.9,UG/M3,1 Hr,Valid
Banja Luka,PM2.5 - Principal,2023-02-02 03:00 PM,2023,02,02,15,22.6,73,Moderate,16.7,UG/M3,1 Hr,Valid
Banja Luka,PM2.5 - Principal,2023-02-02 04:00 PM,2023,02,02,16,17.0,61,Moderate,11.3,UG/M3,1 Hr,Valid
Banja Luka,PM2.5 - Principal,2023-02-02 05:00 PM,2023,02,02,17,13.8,55,Moderate,10.6,UG/M3,1 Hr,Valid
Banja Luka,PM2.5 - Principal,2023-02-02 06:00 PM,2023,02,02,18,17.7,63,Moderate,21.7,UG/M3,1 Hr,Valid
Banja Luka,PM2.5 - Principal,2023-02-02 07:00 PM,2023,02,02,19,28.9,86,Moderate,40.0,UG/M3,1 Hr,Valid
Banja Luka,PM2.5 - Principal,2023-02-02 08:00 PM,2023,02,02,20,18.9,65,Moderate,9.0,UG/M3,1 Hr,Valid
Banja Luka,PM2.5 - Principal,2023-02-02 09:00 PM,2023,02,02,21,15.1,57,Moderate,11.4,UG/M3,1 Hr,Valid
Banja Luka,PM2.5 - Principal,2023-02-02 10:00 PM,2023,02,02,22,11.1,46,Good,7.1,UG/M3,1 Hr,Valid
Banja Luka,PM2.5 - Principal,2023-02-02 11:00 PM,2023,02,02,23,8.1,34,Good,5.1,UG/M3,1 Hr,Valid
Banja Luka,PM2.5 - Principal,2023-02-03 12:00 AM,2023,02,03,00,10.8,45,Good,13.5,UG/M3,1 Hr,Valid
Banja Luka,PM2.5 - Principal,2023-02-03 01:00 AM,2023,02,03,01,8.1,34,Good,5.4,UG/M3,1 Hr,Valid
Banja Luka,PM2.5 - Principal,2023-02-03 02:00 AM,2023,02,03,02,7.0,29,Good,6.0,UG/M3,1 Hr,Valid
Banja Luka,PM2.5 - Principal,2023-02-03 03:00 AM,2023,02,03,03,8.5,35,Good,10.0,UG/M3,1 Hr,Valid
Banja Luka,PM2.5 - Principal,2023-02-03 04:00 AM,2023,02,03,04,17.2,62,Moderate,26.0,UG/M3,1 Hr,Valid
Banja Luka,PM2.5 - Principal,2023-02-03 05:00 AM,2023,02,03,05,17.1,62,Moderate,16.9,UG/M3,1 Hr,Valid
Banja Luka,PM2.5 - Principal,2023-02-03 06:00 AM,2023,02,03,06,12.7,52,Moderate,8.2,UG/M3,1 Hr,Valid
Banja Luka,PM2.5 - Principal,2023-02-03 07:00 AM,2023,02,03,07,10.4,43,Good,8.2,UG/M3,1 Hr,Valid
Banja Luka,PM2.5 - Principal,2023-02-03 08:00 AM,2023,02,03,08,12.5,52,Moderate,14.5,UG/M3,1 Hr,Valid
Banja Luka,PM2.5 - Principal,2023-02-03 09:00 AM,2023,02,03,09,12.7,52,Moderate,12.9,UG/M3,1 Hr,Valid
Banja Luka,PM2.5 - Principal,2023-02-03 10:00 AM,2023,02,03,10,11.1,46,Good,9.6,UG/M3,1 Hr,Valid
Banja Luka,PM2.5 - Principal,2023-02-03 11:00 AM,2023,02,03,11,9.7,40,Good,8.4,UG/M3,1 Hr,Valid
Banja Luka,PM2.5 - Principal,2023-02-03 12:00 PM,2023,02,03,12,14.5,56,Moderate,19.2,UG/M3,1 Hr,Valid
Banja Luka,PM2.5 - Principal,2023-02-03 01:00 PM,2023,02,03,13,23.0,74,Moderate,31.4,UG/M3,1 Hr,Valid
Banja Luka,PM2.5 - Principal,2023-02-03 02:00 PM,2023,02,03,14,25.9,80,Moderate,28.8,UG/M3,1 Hr,Valid
Banja Luka,PM2.5 - Principal,2023-02-03 03:00 PM,2023,02,03,15,26.5,81,Moderate,27.1,UG/M3,1 Hr,Valid
Banja Luka,PM2.5 - Principal,2023-02-03 04:00 PM,2023,02,03,16,28.6,86,Moderate,30.6,UG/M3,1 Hr,Valid
Banja Luka,PM2.5 - Principal,2023-02-03 05:00 PM,2023,02,03,17,39.9,112,Unhealthy for Sensitive Groups,51.3,UG/M3,1 Hr,Valid
Banja Luka,PM2.5 - Principal,2023-02-03 06:00 PM,2023,02,03,18,59.6,153,Unhealthy,79.3,UG/M3,1 Hr,Valid
Banja Luka,PM2.5 - Principal,2023-02-03 07:00 PM,2023,02,03,19,63.6,155,Unhealthy,67.6,UG/M3,1 Hr,Valid
Banja Luka,PM2.5 - Principal,2023-02-03 08:00 PM,2023,02,03,20,112.3,180,Unhealthy,160.9,UG/M3,1 Hr,Valid
Banja Luka,PM2.5 - Principal,2023-02-03 09:00 PM,2023,02,03,21,156.2,207,Very Unhealthy,200.1,UG/M3,1 Hr,Valid
Banja Luka,PM2.5 - Principal,2023-02-03 10:00 PM,2023,02,03,22,144.9,197,Unhealthy,133.6,UG/M3,1 Hr,Valid
Banja Luka,PM2.5 - Principal,2023-02-03 11:00 PM,2023,02,03,23,115.3,182,Unhealthy,85.7,UG/M3,1 Hr,Valid
Banja Luka,PM2.5 - Principal,2023-02-04 12:00 AM,2023,02,04,00,84.0,166,Unhealthy,52.7,UG/M3,1 Hr,Valid
Banja Luka,PM2.5 - Principal,2023-02-04 01:00 AM,2023,02,04,01,45.6,126,Unhealthy for Sensitive Groups,7.3,UG/M3,1 Hr,Valid
Banja Luka,PM2.5 - Principal,2023-02-04 02:00 AM,2023,02,04,02,47.8,131,Unhealthy for Sensitive Groups,50.0,UG/M3,1 Hr,Valid
Banja Luka,PM2.5 - Principal,2023-02-04 03:00 AM,2023,02,04,03,45.7,126,Unhealthy for Sensitive Groups,43.6,UG/M3,1 Hr,Valid
Banja Luka,PM2.5 - Principal,2023-02-04 04:00 AM,2023,02,04,04,40.1,112,Unhealthy for Sensitive Groups,34.5,UG/M3,1 Hr,Valid
Banja Luka,PM2.5 - Principal,2023-02-04 05:00 AM,2023,02,04,05,37.9,107,Unhealthy for Sensitive Groups,35.7,UG/M3,1 Hr,Valid
Banja Luka,PM2.5 - Principal,2023-02-04 06:00 AM,2023,02,04,06,27.7,84,Moderate,17.6,UG/M3,1 Hr,Valid
Banja Luka,PM2.5 - Principal,2023-02-04 07:00 AM,2023,02,04,07,35.0,99,Moderate,42.2,UG/M3,1 Hr,Valid
Banja Luka,PM2.5 - Principal,2023-02-04 08:00 AM,2023,02,04,08,41.0,115,Unhealthy for Sensitive Groups,47.1,UG/M3,1 Hr,Valid
Banja Luka,PM2.5 - Principal,2023-02-04 09:00 AM,2023,02,04,09,63.8,155,Unhealthy,86.5,UG/M3,1 Hr,Valid
Banja Luka,PM2.5 - Principal,2023-02-04 10:00 AM,2023,02,04,10,40.4,113,Unhealthy for Sensitive Groups,17.0,UG/M3,1 Hr,Valid
Banja Luka,PM2.5 - Principal,2023-02-04 11:00 AM,2023,02,04,11,26.1,80,Moderate,11.9,UG/M3,1 Hr,Valid
Banja Luka,PM2.5 - Principal,2023-02-04 12:00 PM,2023,02,04,12,15.3,58,Moderate,4.4,UG/M3,1 Hr,Valid
Banja Luka,PM2.5 - Principal,2023-02-04 01:00 PM,2023,02,04,13,10.5,44,Good,5.8,UG/M3,1 Hr,Valid
Banja Luka,PM2.5 - Principal,2023-02-04 02:00 PM,2023,02,04,14,8.7,36,Good,6.9,UG/M3,1 Hr,Valid
Banja Luka,PM2.5 - Principal,2023-02-04 03:00 PM,2023,02,04,15,7.3,30,Good,6.0,UG/M3,1 Hr,Valid
Banja Luka,PM2.5 - Principal,2023-02-04 04:00 PM,2023,02,04,16,8.0,33,Good,8.7,UG/M3,1 Hr,Valid
Banja Luka,PM2.5 - Principal,2023-02-04 05:00 PM,2023,02,04,17,9.1,38,Good,10.2,UG/M3,1 Hr,Valid
Banja Luka,PM2.5 - Principal,2023-02-04 06:00 PM,2023,02,04,18,11.5,48,Good,13.9,UG/M3,1 Hr,Valid
Banja Luka,PM2.5 - Principal,2023-02-04 07:00 PM,2023,02,04,19,13.4,54,Moderate,15.3,UG/M3,1 Hr,Valid
Banja Luka,PM2.5 - Principal,2023-02-04 08:00 PM,2023,02,04,20,12.0,50,Good,10.6,UG/M3,1 Hr,Valid
Banja Luka,PM2.5 - Principal,2023-02-04 09:00 PM,2023,02,04,21,12.4,52,Moderate,12.8,UG/M3,1 Hr,Valid
Banja Luka,PM2.5 - Principal,2023-02-04 10:00 PM,2023,02,04,22,13.0,53,Moderate,13.6,UG/M3,1 Hr,Valid
Banja Luka,PM2.5 - Principal,2023-02-04 11:00 PM,2023,02,04,23,10.7,45,Good,8.5,UG/M3,1 Hr,Valid
Banja Luka,PM2.5 - Principal,2023-02-05 12:00 AM,2023,02,05,00,9.0,38,Good,7.2,UG/M3,1 Hr,Valid
Banja Luka,PM2.5 - Principal,2023-02-05 01:00 AM,2023,02,05,01,7.2,30,Good,5.5,UG/M3,1 Hr,Valid
Banja Luka,PM2.5 - Principal,2023-02-05 02:00 AM,2023,02,05,02,6.3,26,Good,5.3,UG/M3,1 Hr,Valid
Banja Luka,PM2.5 - Principal,2023-02-05 03:00 AM,2023,02,05,03,5.9,25,Good,5.6,UG/M3,1 Hr,Valid
Banja Luka,PM2.5 - Principal,2023-02-05 04:00 AM,2023,02,05,04,5.8,24,Good,5.6,UG/M3,1 Hr,Valid
Banja Luka,PM2.5 - Principal,2023-02-05 05:00 AM,2023,02,05,05,5.5,23,Good,5.3,UG/M3,1 Hr,Valid
Banja Luka,PM2.5 - Principal,2023-02-05 06:00 AM,2023,02,05,06,5.1,21,Good,4.8,UG/M3,1 Hr,Valid
Banja Luka,PM2.5 - Principal,2023-02-05 07:00 AM,2023,02,05,07,5.4,23,Good,5.6,UG/M3,1 Hr,Valid
Banja Luka,PM2.5 - Principal,2023-02-05 08:00 AM,2023,02,05,08,7.8,33,Good,10.2,UG/M3,1 Hr,Valid
Banja Luka,PM2.5 - Principal,2023-02-05 09:00 AM,2023,02,05,09,16.5,60,Moderate,25.3,UG/M3,1 Hr,Valid
Banja Luka,PM2.5 - Principal,2023-02-05 10:00 AM,2023,02,05,10,14.2,55,Moderate,11.9,UG/M3,1 Hr,Valid
Banja Luka,PM2.5 - Principal,2023-02-05 11:00 AM,2023,02,05,11,13.2,53,Moderate,12.1,UG/M3,1 Hr,Valid
Banja Luka,PM2.5 - Principal,2023-02-05 12:00 PM,2023,02,05,12,11.5,48,Good,9.9,UG/M3,1 Hr,Valid
Banja Luka,PM2.5 - Principal,2023-02-05 01:00 PM,2023,02,05,13,10.6,44,Good,9.7,UG/M3,1 Hr,Valid
Banja Luka,PM2.5 - Principal,2023-02-05 02:00 PM,2023,02,05,14,11.6,48,Good,12.6,UG/M3,1 Hr,Valid
Banja Luka,PM2.5 - Principal,2023-02-05 03:00 PM,2023,02,05,15,11.2,47,Good,10.8,UG/M3,1 Hr,Valid
Banja Luka,PM2.5 - Principal,2023-02-05 04:00 PM,2023,02,05,16,11.1,46,Good,11.0,UG/M3,1 Hr,Valid
Banja Luka,PM2.5 - Principal,2023-02-05 05:00 PM,2023,02,05,17,11.0,46,Good,11.0,UG/M3,1 Hr,Valid
Banja Luka,PM2.5 - Principal,2023-02-05 06:00 PM,2023,02,05,18,11.8,49,Good,12.5,UG/M3,1 Hr,Valid
Banja Luka,PM2.5 - Principal,2023-02-05 07:00 PM,2023,02,05,19,16.1,59,Moderate,20.4,UG/M3,1 Hr,Valid
Banja Luka,PM2.5 - Principal,2023-02-05 08:00 PM,2023,02,05,20,22.9,74,Moderate,29.6,UG/M3,1 Hr,Valid
Banja Luka,PM2.5 - Principal,2023-02-05 09:00 PM,2023,02,05,21,34.9,99,Moderate,47.0,UG/M3,1 Hr,Valid
Banja Luka,PM2.5 - Principal,2023-02-05 10:00 PM,2023,02,05,22,38.7,109,Unhealthy for Sensitive Groups,42.4,UG/M3,1 Hr,Valid
Banja Luka,PM2.5 - Principal,2023-02-05 11:00 PM,2023,02,05,23,34.5,98,Moderate,30.3,UG/M3,1 Hr,Valid
Banja Luka,PM2.5 - Principal,2023-02-06 12:00 AM,2023,02,06,00,23.8,76,Moderate,13.1,UG/M3,1 Hr,Valid
Banja Luka,PM2.5 - Principal,2023-02-06 01:00 AM,2023,02,06,01,18.2,64,Moderate,12.6,UG/M3,1 Hr,Valid
Banja Luka,PM2.5 - Principal,2023-02-06 02:00 AM,2023,02,06,02,18.1,64,Moderate,18.0,UG/M3,1 Hr,Valid
Banja Luka,PM2.5 - Principal,2023-02-06 03:00 AM,2023,02,06,03,17.7,63,Moderate,17.3,UG/M3,1 Hr,Valid
Banja Luka,PM2.5 - Principal,2023-02-06 04:00 AM,2023,02,06,04,16.0,59,Moderate,14.3,UG/M3,1 Hr,Valid
Banja Luka,PM2.5 - Principal,2023-02-06 05:00 AM,2023,02,06,05,18.8,65,Moderate,21.5,UG/M3,1 Hr,Valid
Banja Luka,PM2.5 - Principal,2023-02-06 06:00 AM,2023,02,06,06,20.1,68,Moderate,21.5,UG/M3,1 Hr,Valid
Banja Luka,PM2.5 - Principal,2023-02-06 07:00 AM,2023,02,06,07,19.4,66,Moderate,18.7,UG/M3,1 Hr,Valid
Banja Luka,PM2.5 - Principal,2023-02-06 08:00 AM,2023,02,06,08,19.1,66,Moderate,18.9,UG/M3,1 Hr,Valid
Banja Luka,PM2.5 - Principal,2023-02-06 09:00 AM,2023,02,06,09,20.1,68,Moderate,21.0,UG/M3,1 Hr,Valid
Banja Luka,PM2.5 - Principal,2023-02-06 10:00 AM,2023,02,06,10,23.9,76,Moderate,27.6,UG/M3,1 Hr,Valid
Banja Luka,PM2.5 - Principal,2023-02-06 11:00 AM,2023,02,06,11,18.8,65,Moderate,13.8,UG/M3,1 Hr,Valid
Banja Luka,PM2.5 - Principal,2023-02-06 12:00 PM,2023,02,06,12,17.6,63,Moderate,16.4,UG/M3,1 Hr,Valid
Banja Luka,PM2.5 - Principal,2023-02-06 01:00 PM,2023,02,06,13,18.6,65,Moderate,19.5,UG/M3,1 Hr,Valid
Banja Luka,PM2.5 - Principal,2023-02-06 02:00 PM,2023,02,06,14,16.4,60,Moderate,14.2,UG/M3,1 Hr,Valid
Banja Luka,PM2.5 - Principal,2023-02-06 03:00 PM,2023,02,06,15,17.7,63,Moderate,18.9,UG/M3,1 Hr,Valid
Banja Luka,PM2.5 - Principal,2023-02-06 04:00 PM,2023,02,06,16,18.3,64,Moderate,19.0,UG/M3,1 Hr,Valid
Banja Luka,PM2.5 - Principal,2023-02-06 05:00 PM,2023,02,06,17,16.0,59,Moderate,13.7,UG/M3,1 Hr,Valid
Banja Luka,PM2.5 - Principal,2023-02-06 06:00 PM,2023,02,06,18,15.0,57,Moderate,14.1,UG/M3,1 Hr,Valid
Banja Luka,PM2.5 - Principal,2023-02-06 07:00 PM,2023,02,06,19,16.4,60,Moderate,17.7,UG/M3,1 Hr,Valid
Banja Luka,PM2.5 - Principal,2023-02-06 08:00 PM,2023,02,06,20,17.1,62,Moderate,17.7,UG/M3,1 Hr,Valid
Banja Luka,PM2.5 - Principal,2023-02-06 09:00 PM,2023,02,06,21,16.5,60,Moderate,16.0,UG/M3,1 Hr,Valid
Banja Luka,PM2.5 - Principal,2023-02-06 10:00 PM,2023,02,06,22,17.7,63,Moderate,20.1,UG/M3,1 Hr,Valid
Banja Luka,PM2.5 - Principal,2023-02-06 11:00 PM,2023,02,06,23,22.9,74,Moderate,27.5,UG/M3,1 Hr,Valid
Banja Luka,PM2.5 - Principal,2023-02-07 12:00 AM,2023,02,07,00,28.5,85,Moderate,34.2,UG/M3,1 Hr,Valid
Banja Luka,PM2.5 - Principal,2023-02-07 01:00 AM,2023,02,07,01,50.3,137,Unhealthy for Sensitive Groups,71.9,UG/M3,1 Hr,Valid
Banja Luka,PM2.5 - Principal,2023-02-07 02:00 AM,2023,02,07,02,59.0,153,Unhealthy,67.8,UG/M3,1 Hr,Valid
Banja Luka,PM2.5 - Principal,2023-02-07 03:00 AM,2023,02,07,03,53.8,146,Unhealthy for Sensitive Groups,48.5,UG/M3,1 Hr,Valid
Banja Luka,PM2.5 - Principal,2023-02-07 04:00 AM,2023,02,07,04,46.9,129,Unhealthy for Sensitive Groups,40.0,UG/M3,1 Hr,Valid
Banja Luka,PM2.5 - Principal,2023-02-07 05:00 AM,2023,02,07,05,42.2,117,Unhealthy for Sensitive Groups,37.5,UG/M3,1 Hr,Valid
Banja Luka,PM2.5 - Principal,2023-02-07 06:00 AM,2023,02,07,06,40.8,114,Unhealthy for Sensitive Groups,39.5,UG/M3,1 Hr,Valid
Banja Luka,PM2.5 - Principal,2023-02-07 07:00 AM,2023,02,07,07,42.4,118,Unhealthy for Sensitive Groups,44.0,UG/M3,1 Hr,Valid
Banja Luka,PM2.5 - Principal,2023-02-07 08:00 AM,2023,02,07,08,55.8,151,Unhealthy,69.1,UG/M3,1 Hr,Valid
Banja Luka,PM2.5 - Principal,2023-02-07 09:00 AM,2023,02,07,09,83.5,165,Unhealthy,111.3,UG/M3,1 Hr,Valid
Banja Luka,PM2.5 - Principal,2023-02-07 10:00 AM,2023,02,07,10,78.4,163,Unhealthy,73.2,UG/M3,1 Hr,Valid
Banja Luka,PM2.5 - Principal,2023-02-07 11:00 AM,2023,02,07,11,62.3,155,Unhealthy,46.1,UG/M3,1 Hr,Valid
Banja Luka,PM2.5 - Principal,2023-02-07 12:00 PM,2023,02,07,12,42.0,117,Unhealthy for Sensitive Groups,21.7,UG/M3,1 Hr,Valid
Banja Luka,PM2.5 - Principal,2023-02-07 01:00 PM,2023,02,07,13,30.5,90,Moderate,18.9,UG/M3,1 Hr,Valid
Banja Luka,PM2.5 - Principal,2023-02-07 02:00 PM,2023,02,07,14,22.9,74,Moderate,15.5,UG/M3,1 Hr,Valid
Banja Luka,PM2.5 - Principal,2023-02-07 03:00 PM,2023,02,07,15,18.4,64,Moderate,13.8,UG/M3,1 Hr,Valid
Banja Luka,PM2.5 - Principal,2023-02-07 04:00 PM,2023,02,07,16,21.0,70,Moderate,23.6,UG/M3,1 Hr,Valid
Banja Luka,PM2.5 - Principal,2023-02-07 05:00 PM,2023,02,07,17,22.9,74,Moderate,24.8,UG/M3,1 Hr,Valid
Banja Luka,PM2.5 - Principal,2023-02-07 06:00 PM,2023,02,07,18,23.9,76,Moderate,24.9,UG/M3,1 Hr,Valid
Banja Luka,PM2.5 - Principal,2023-02-07 07:00 PM,2023,02,07,19,29.1,87,Moderate,34.3,UG/M3,1 Hr,Valid
Banja Luka,PM2.5 - Principal,2023-02-07 08:00 PM,2023,02,07,20,107.4,178,Unhealthy,185.6,UG/M3,1 Hr,Valid
Banja Luka,PM2.5 - Principal,2023-02-07 09:00 PM,2023,02,07,21,128.9,189,Unhealthy,150.3,UG/M3,1 Hr,Valid
Banja Luka,PM2.5 - Principal,2023-02-07 10:00 PM,2023,02,07,22,155.1,206,Very Unhealthy,181.4,UG/M3,1 Hr,Valid
Banja Luka,PM2.5 - Principal,2023-02-07 11:00 PM,2023,02,07,23,144.6,197,Unhealthy,134.0,UG/M3,1 Hr,Valid
Banja Luka,PM2.5 - Principal,2023-02-08 12:00 AM,2023,02,08,00,125.4,187,Unhealthy,106.3,UG/M3,1 Hr,Valid
Banja Luka,PM2.5 - Principal,2023-02-08 01:00 AM,2023,02,08,01,77.9,163,Unhealthy,30.4,UG/M3,1 Hr,Valid
Banja Luka,PM2.5 - Principal,2023-02-08 02:00 AM,2023,02,08,02,51.1,139,Unhealthy for Sensitive Groups,24.2,UG/M3,1 Hr,Valid
Banja Luka,PM2.5 - Principal,2023-02-08 03:00 AM,2023,02,08,03,37.5,106,Unhealthy for Sensitive Groups,24.0,UG/M3,1 Hr,Valid
Banja Luka,PM2.5 - Principal,2023-02-08 04:00 AM,2023,02,08,04,31.8,92,Moderate,26.0,UG/M3,1 Hr,Valid
Banja Luka,PM2.5 - Principal,2023-02-08 05:00 AM,2023,02,08,05,27.1,83,Moderate,22.3,UG/M3,1 Hr,Valid
Banja Luka,PM2.5 - Principal,2023-02-08 06:00 AM,2023,02,08,06,25.4,79,Moderate,23.7,UG/M3,1 Hr,Valid
Banja Luka,PM2.5 - Principal,2023-02-08 07:00 AM,2023,02,08,07,43.6,121,Unhealthy for Sensitive Groups,61.9,UG/M3,1 Hr,Valid
Banja Luka,PM2.5 - Principal,2023-02-08 08:00 AM,2023,02,08,08,66.3,157,Unhealthy,88.9,UG/M3,1 Hr,Valid
Banja Luka,PM2.5 - Principal,2023-02-08 09:00 AM,2023,02,08,09,66.2,157,Unhealthy,66.1,UG/M3,1 Hr,Valid
Banja Luka,PM2.5 - Principal,2023-02-08 10:00 AM,2023,02,08,10,72.0,160,Unhealthy,77.9,UG/M3,1 Hr,Valid
Banja Luka,PM2.5 - Principal,2023-02-08 11:00 AM,2023,02,08,11,59.4,153,Unhealthy,46.9,UG/M3,1 Hr,Valid
Banja Luka,PM2.5 - Principal,2023-02-08 12:00 PM,2023,02,08,12,56.1,151,Unhealthy,52.8,UG/M3,1 Hr,Valid
Banja Luka,PM2.5 - Principal,2023-02-08 01:00 PM,2023,02,08,13,44.3,123,Unhealthy for Sensitive Groups,32.5,UG/M3,1 Hr,Valid
Banja Luka,PM2.5 - Principal,2023-02-08 02:00 PM,2023,02,08,14,42.1,117,Unhealthy for Sensitive Groups,39.9,UG/M3,1 Hr,Valid
Banja Luka,PM2.5 - Principal,2023-02-08 03:00 PM,2023,02,08,15,34.8,99,Moderate,27.6,UG/M3,1 Hr,Valid
Banja Luka,PM2.5 - Principal,2023-02-08 04:00 PM,2023,02,08,16,35.3,100,Moderate,35.8,UG/M3,1 Hr,Valid
Banja Luka,PM2.5 - Principal,2023-02-08 05:00 PM,2023,02,08,17,34.5,98,Moderate,33.6,UG/M3,1 Hr,Valid
Banja Luka,PM2.5 - Principal,2023-02-08 06:00 PM,2023,02,08,18,31.8,92,Moderate,29.1,UG/M3,1 Hr,Valid
Banja Luka,PM2.5 - Principal,2023-02-08 07:00 PM,2023,02,08,19,30.3,89,Moderate,28.8,UG/M3,1 Hr,Valid
Banja Luka,PM2.5 - Principal,2023-02-08 08:00 PM,2023,02,08,20,30.6,90,Moderate,31.0,UG/M3,1 Hr,Valid
Banja Luka,PM2.5 - Principal,2023-02-08 09:00 PM,2023,02,08,21,34.8,99,Moderate,38.9,UG/M3,1 Hr,Valid
Banja Luka,PM2.5 - Principal,2023-02-08 10:00 PM,2023,02,08,22,36.3,103,Unhealthy for Sensitive Groups,38.2,UG/M3,1 Hr,Valid
Banja Luka,PM2.5 - Principal,2023-02-08 11:00 PM,2023,02,08,23,38.6,109,Unhealthy for Sensitive Groups,41.1,UG/M3,1 Hr,Valid
Banja Luka,PM2.5 - Principal,2023-02-09 12:00 AM,2023,02,09,00,37.5,106,Unhealthy for Sensitive Groups,38.2,UG/M3,1 Hr,Valid
Banja Luka,PM2.5 - Principal,2023-02-09 01:00 AM,2023,02,09,01,68.2,158,Unhealthy,97.9,UG/M3,1 Hr,Valid
Banja Luka,PM2.5 - Principal,2023-02-09 02:00 AM,2023,02,09,02,71.9,159,Unhealthy,75.5,UG/M3,1 Hr,Valid
Banja Luka,PM2.5 - Principal,2023-02-09 03:00 AM,2023,02,09,03,70.6,159,Unhealthy,69.4,UG/M3,1 Hr,Valid
Banja Luka,PM2.5 - Principal,2023-02-09 04:00 AM,2023,02,09,04,64.3,156,Unhealthy,58.0,UG/M3,1 Hr,Valid
Banja Luka,PM2.5 - Principal,2023-02-09 05:00 AM,2023,02,09,05,62.7,155,Unhealthy,61.1,UG/M3,1 Hr,Valid
Banja Luka,PM2.5 - Principal,2023-02-09 06:00 AM,2023,02,09,06,62.1,154,Unhealthy,61.4,UG/M3,1 Hr,Valid
Banja Luka,PM2.5 - Principal,2023-02-09 07:00 AM,2023,02,09,07,65.1,156,Unhealthy,68.2,UG/M3,1 Hr,Valid
Banja Luka,PM2.5 - Principal,2023-02-09 08:00 AM,2023,02,09,08,69.1,158,Unhealthy,73.1,UG/M3,1 Hr,Valid
Banja Luka,PM2.5 - Principal,2023-02-09 09:00 AM,2023,02,09,09,61.7,154,Unhealthy,54.3,UG/M3,1 Hr,Valid
Banja Luka,PM2.5 - Principal,2023-02-09 10:00 AM,2023,02,09,10,66.4,157,Unhealthy,71.0,UG/M3,1 Hr,Valid
Banja Luka,PM2.5 - Principal,2023-02-09 11:00 AM,2023,02,09,11,70.1,159,Unhealthy,73.8,UG/M3,1 Hr,Valid
Banja Luka,PM2.5 - Principal,2023-02-09 12:00 PM,2023,02,09,12,66.1,156,Unhealthy,61.7,UG/M3,1 Hr,Valid
Banja Luka,PM2.5 - Principal,2023-02-09 01:00 PM,2023,02,09,13,58.9,153,Unhealthy,47.0,UG/M3,1 Hr,Valid
Banja Luka,PM2.5 - Principal,2023-02-09 02:00 PM,2023,02,09,14,53.7,146,Unhealthy for Sensitive Groups,45.6,UG/M3,1 Hr,Valid
Banja Luka,PM2.5 - Principal,2023-02-09 03:00 PM,2023,02,09,15,49.2,135,Unhealthy for Sensitive Groups,43.7,UG/M3,1 Hr,Valid
Banja Luka,PM2.5 - Principal,2023-02-09 04:00 PM,2023,02,09,16,42.0,117,Unhealthy for Sensitive Groups,36.7,UG/M3,1 Hr,Valid
Banja Luka,PM2.5 - Principal,2023-02-09 05:00 PM,2023,02,09,17,41.0,115,Unhealthy for Sensitive Groups,40.0,UG/M3,1 Hr,Valid
Banja Luka,PM2.5 - Principal,2023-02-09 06:00 PM,2023,02,09,18,46.8,129,Unhealthy for Sensitive Groups,52.7,UG/M3,1 Hr,Valid
Banja Luka,PM2.5 - Principal,2023-02-09 07:00 PM,2023,02,09,19,67.5,157,Unhealthy,88.1,UG/M3,1 Hr,Valid
Banja Luka,PM2.5 - Principal,2023-02-09 08:00 PM,2023,02,09,20,73.1,160,Unhealthy,78.6,UG/M3,1 Hr,Valid
Banja Luka,PM2.5 - Principal,2023-02-09 09:00 PM,2023,02,09,21,67.5,157,Unhealthy,62.0,UG/M3,1 Hr,Valid
Banja Luka,PM2.5 - Principal,2023-02-09 10:00 PM,2023,02,09,22,64.7,156,Unhealthy,61.8,UG/M3,1 Hr,Valid
Banja Luka,PM2.5 - Principal,2023-02-09 11:00 PM,2023,02,09,23,61.1,154,Unhealthy,57.5,UG/M3,1 Hr,Valid
Banja Luka,PM2.5 - Principal,2023-02-10 12:00 AM,2023,02,10,00,57.7,152,Unhealthy,54.4,UG/M3,1 Hr,Valid
Banja Luka,PM2.5 - Principal,2023-02-10 01:00 AM,2023,02,10,01,53.4,145,Unhealthy for Sensitive Groups,49.0,UG/M3,1 Hr,Valid
Banja Luka,PM2.5 - Principal,2023-02-10 02:00 AM,2023,02,10,02,53.5,145,Unhealthy for Sensitive Groups,53.7,UG/M3,1 Hr,Valid
Banja Luka,PM2.5 - Principal,2023-02-10 03:00 AM,2023,02,10,03,48.9,134,Unhealthy for Sensitive Groups,44.3,UG/M3,1 Hr,Valid
Banja Luka,PM2.5 - Principal,2023-02-10 04:00 AM,2023,02,10,04,44.6,123,Unhealthy for Sensitive Groups,40.3,UG/M3,1 Hr,Valid
Banja Luka,PM2.5 - Principal,2023-02-10 05:00 AM,2023,02,10,05,44.3,123,Unhealthy for Sensitive Groups,43.9,UG/M3,1 Hr,Valid
Banja Luka,PM2.5 - Principal,2023-02-10 06:00 AM,2023,02,10,06,44.2,122,Unhealthy for Sensitive Groups,44.2,UG/M3,1 Hr,Valid
Banja Luka,PM2.5 - Principal,2023-02-10 07:00 AM,2023,02,10,07,44.4,123,Unhealthy for Sensitive Groups,44.4,UG/M3,1 Hr,Valid
Banja Luka,PM2.5 - Principal,2023-02-10 08:00 AM,2023,02,10,08,48.3,133,Unhealthy for Sensitive Groups,54.5,UG/M3,1 Hr,Valid
Banja Luka,PM2.5 - Principal,2023-02-10 09:00 AM,2023,02,10,09,49.3,135,Unhealthy for Sensitive Groups,51.3,UG/M3,1 Hr,Valid
Banja Luka,PM2.5 - Principal,2023-02-10 10:00 AM,2023,02,10,10,53.4,145,Unhealthy for Sensitive Groups,61.3,UG/M3,1 Hr,Valid
Banja Luka,PM2.5 - Principal,2023-02-10 11:00 AM,2023,02,10,11,70.1,159,Unhealthy,84.3,UG/M3,1 Hr,Valid
Banja Luka,PM2.5 - Principal,2023-02-10 12:00 PM,2023,02,10,12,58.0,152,Unhealthy,46.0,UG/M3,1 Hr,Valid
Banja Luka,PM2.5 - Principal,2023-02-10 01:00 PM,2023,02,10,13,47.9,132,Unhealthy for Sensitive Groups,37.7,UG/M3,1 Hr,Valid
Banja Luka,PM2.5 - Principal,2023-02-10 02:00 PM,2023,02,10,14,41.6,116,Unhealthy for Sensitive Groups,35.3,UG/M3,1 Hr,Valid
Banja Luka,PM2.5 - Principal,2023-02-10 03:00 PM,2023,02,10,15,37.7,106,Unhealthy for Sensitive Groups,33.9,UG/M3,1 Hr,Valid
Banja Luka,PM2.5 - Principal,2023-02-10 04:00 PM,2023,02,10,16,36.1,102,Unhealthy for Sensitive Groups,34.4,UG/M3,1 Hr,Valid
Banja Luka,PM2.5 - Principal,2023-02-10 05:00 PM,2023,02,10,17,36.3,103,Unhealthy for Sensitive Groups,36.5,UG/M3,1 Hr,Valid
Banja Luka,PM2.5 - Principal,2023-02-10 06:00 PM,2023,02,10,18,72.7,160,Unhealthy,109.1,UG/M3,1 Hr,Valid
Banja Luka,PM2.5 - Principal,2023-02-10 07:00 PM,2023,02,10,19,114.4,181,Unhealthy,156.0,UG/M3,1 Hr,Valid
Banja Luka,PM2.5 - Principal,2023-02-10 08:00 PM,2023,02,10,20,138.1,194,Unhealthy,161.8,UG/M3,1 Hr,Valid
Banja Luka,PM2.5 - Principal,2023-02-10 09:00 PM,2023,02,10,21,156.6,207,Very Unhealthy,175.1,UG/M3,1 Hr,Valid
Banja Luka,PM2.5 - Principal,2023-02-10 10:00 PM,2023,02,10,22,168.8,219,Very Unhealthy,180.9,UG/M3,1 Hr,Valid
Banja Luka,PM2.5 - Principal,2023-02-10 11:00 PM,2023,02,10,23,161.0,211,Very Unhealthy,153.1,UG/M3,1 Hr,Valid
Banja Luka,PM2.5 - Principal,2023-02-11 12:00 AM,2023,02,11,00,144.6,197,Unhealthy,128.2,UG/M3,1 Hr,Valid
Banja Luka,PM2.5 - Principal,2023-02-11 01:00 AM,2023,02,11,01,94.0,171,Unhealthy,43.4,UG/M3,1 Hr,Valid
Banja Luka,PM2.5 - Principal,2023-02-11 02:00 AM,2023,02,11,02,70.1,159,Unhealthy,46.1,UG/M3,1 Hr,Valid
Banja Luka,PM2.5 - Principal,2023-02-11 03:00 AM,2023,02,11,03,53.9,146,Unhealthy for Sensitive Groups,37.7,UG/M3,1 Hr,Valid
Banja Luka,PM2.5 - Principal,2023-02-11 04:00 AM,2023,02,11,04,44.5,123,Unhealthy for Sensitive Groups,35.1,UG/M3,1 Hr,Valid
Banja Luka,PM2.5 - Principal,2023-02-11 05:00 AM,2023,02,11,05,40.1,112,Unhealthy for Sensitive Groups,35.7,UG/M3,1 Hr,Valid
Banja Luka,PM2.5 - Principal,2023-02-11 06:00 AM,2023,02,11,06,35.8,102,Unhealthy for Sensitive Groups,31.6,UG/M3,1 Hr,Valid
Banja Luka,PM2.5 - Principal,2023-02-11 07:00 AM,2023,02,11,07,34.8,99,Moderate,33.7,UG/M3,1 Hr,Valid
Banja Luka,PM2.5 - Principal,2023-02-11 08:00 AM,2023,02,11,08,38.8,109,Unhealthy for Sensitive Groups,42.9,UG/M3,1 Hr,Valid
Banja Luka,PM2.5 - Principal,2023-02-11 09:00 AM,2023,02,11,09,40.4,113,Unhealthy for Sensitive Groups,42.0,UG/M3,1 Hr,Valid
Banja Luka,PM2.5 - Principal,2023-02-11 10:00 AM,2023,02,11,10,47.0,129,Unhealthy for Sensitive Groups,53.6,UG/M3,1 Hr,Valid
Banja Luka,PM2.5 - Principal,2023-02-11 11:00 AM,2023,02,11,11,44.7,124,Unhealthy for Sensitive Groups,42.5,UG/M3,1 Hr,Valid
Banja Luka,PM2.5 - Principal,2023-02-11 12:00 PM,2023,02,11,12,42.1,117,Unhealthy for Sensitive Groups,39.1,UG/M3,1 Hr,Valid
Banja Luka,PM2.5 - Principal,2023-02-11 01:00 PM,2023,02,11,13,40.9,114,Unhealthy for Sensitive Groups,39.3,UG/M3,1 Hr,Valid
Banja Luka,PM2.5 - Principal,2023-02-11 02:00 PM,2023,02,11,14,44.5,123,Unhealthy for Sensitive Groups,49.7,UG/M3,1 Hr,Valid
Banja Luka,PM2.5 - Principal,2023-02-11 03:00 PM,2023,02,11,15,43.2,120,Unhealthy for Sensitive Groups,41.2,UG/M3,1 Hr,Valid
Banja Luka,PM2.5 - Principal,2023-02-11 04:00 PM,2023,02,11,16,49.6,136,Unhealthy for Sensitive Groups,57.5,UG/M3,1 Hr,Valid
Banja Luka,PM2.5 - Principal,2023-02-11 05:00 PM,2023,02,11,17,66.5,157,Unhealthy,82.7,UG/M3,1 Hr,Valid
Banja Luka,PM2.5 - Principal,2023-02-11 06:00 PM,2023,02,11,18,79.1,163,Unhealthy,91.7,UG/M3,1 Hr,Valid
Banja Luka,PM2.5 - Principal,2023-02-11 07:00 PM,2023,02,11,19,176.4,227,Very Unhealthy,273.7,UG/M3,1 Hr,Valid
Banja Luka,PM2.5 - Principal,2023-02-11 08:00 PM,2023,02,11,20,224.7,275,Very Unhealthy,272.9,UG/M3,1 Hr,Valid
Banja Luka,PM2.5 - Principal,2023-02-11 09:00 PM,2023,02,11,21,217.6,267,Very Unhealthy,210.4,UG/M3,1 Hr,Valid
Banja Luka,PM2.5 - Principal,2023-02-11 10:00 PM,2023,02,11,22,168.2,219,Very Unhealthy,118.9,UG/M3,1 Hr,Valid
Banja Luka,PM2.5 - Principal,2023-02-11 11:00 PM,2023,02,11,23,229.4,279,Very Unhealthy,290.5,UG/M3,1 Hr,Valid
Banja Luka,PM2.5 - Principal,2023-02-12 12:00 AM,2023,02,12,00,245.8,295,Very Unhealthy,262.0,UG/M3,1 Hr,Valid
Banja Luka,PM2.5 - Principal,2023-02-12 01:00 AM,2023,02,12,01,174.6,225,Very Unhealthy,103.5,UG/M3,1 Hr,Valid
Banja Luka,PM2.5 - Principal,2023-02-12 02:00 AM,2023,02,12,02,190.1,240,Very Unhealthy,205.5,UG/M3,1 Hr,Valid
Banja Luka,PM2.5 - Principal,2023-02-12 03:00 AM,2023,02,12,03,185.9,236,Very Unhealthy,181.7,UG/M3,1 Hr,Valid
Banja Luka,PM2.5 - Principal,2023-02-12 04:00 AM,2023,02,12,04,187.9,238,Very Unhealthy,189.8,UG/M3,1 Hr,Valid
Banja Luka,PM2.5 - Principal,2023-02-12 05:00 AM,2023,02,12,05,179.1,229,Very Unhealthy,170.3,UG/M3,1 Hr,Valid
Banja Luka,PM2.5 - Principal,2023-02-12 06:00 AM,2023,02,12,06,168.3,219,Very Unhealthy,157.4,UG/M3,1 Hr,Valid
Banja Luka,PM2.5 - Principal,2023-02-12 07:00 AM,2023,02,12,07,154.6,205,Very Unhealthy,140.9,UG/M3,1 Hr,Valid
Banja Luka,PM2.5 - Principal,2023-02-12 08:00 AM,2023,02,12,08,133.3,191,Unhealthy,112.1,UG/M3,1 Hr,Valid
Banja Luka,PM2.5 - Principal,2023-02-12 09:00 AM,2023,02,12,09,152.5,203,Very Unhealthy,171.7,UG/M3,1 Hr,Valid
Banja Luka,PM2.5 - Principal,2023-02-12 10:00 AM,2023,02,12,10,116.3,182,Unhealthy,80.0,UG/M3,1 Hr,Valid
Banja Luka,PM2.5 - Principal,2023-02-12 11:00 AM,2023,02,12,11,84.3,166,Unhealthy,52.4,UG/M3,1 Hr,Valid
Banja Luka,PM2.5 - Principal,2023-02-12 12:00 PM,2023,02,12,12,60.4,154,Unhealthy,36.6,UG/M3,1 Hr,Valid
Banja Luka,PM2.5 - Principal,2023-02-12 01:00 PM,2023,02,12,13,46.9,129,Unhealthy for Sensitive Groups,33.3,UG/M3,1 Hr,Valid
Banja Luka,PM2.5 - Principal,2023-02-12 02:00 PM,2023,02,12,14,33.7,96,Moderate,20.7,UG/M3,1 Hr,Valid
Banja Luka,PM2.5 - Principal,2023-02-12 03:00 PM,2023,02,12,15,29.1,87,Moderate,24.5,UG/M3,1 Hr,Valid
Banja Luka,PM2.5 - Principal,2023-02-12 04:00 PM,2023,02,12,16,25.8,80,Moderate,22.5,UG/M3,1 Hr,Valid
Banja Luka,PM2.5 - Principal,2023-02-12 05:00 PM,2023,02,12,17,24.8,78,Moderate,23.8,UG/M3,1 Hr,Valid
Banja Luka,PM2.5 - Principal,2023-02-12 06:00 PM,2023,02,12,18,46.4,128,Unhealthy for Sensitive Groups,68.0,UG/M3,1 Hr,Valid
Banja Luka,PM2.5 - Principal,2023-02-12 07:00 PM,2023,02,12,19,105.8,177,Unhealthy,165.1,UG/M3,1 Hr,Valid
Banja Luka,PM2.5 - Principal,2023-02-12 08:00 PM,2023,02,12,20,133.2,191,Unhealthy,160.6,UG/M3,1 Hr,Valid
Banja Luka,PM2.5 - Principal,2023-02-12 09:00 PM,2023,02,12,21,153.3,204,Very Unhealthy,173.5,UG/M3,1 Hr,Valid
Banja Luka,PM2.5 - Principal,2023-02-12 10:00 PM,2023,02,12,22,156.7,207,Very Unhealthy,160.0,UG/M3,1 Hr,Valid
Banja Luka,PM2.5 - Principal,2023-02-12 11:00 PM,2023,02,12,23,170.8,221,Very Unhealthy,184.9,UG/M3,1 Hr,Valid
Banja Luka,PM2.5 - Principal,2023-02-13 12:00 AM,2023,02,13,00,159.5,210,Very Unhealthy,148.1,UG/M3,1 Hr,Valid
Banja Luka,PM2.5 - Principal,2023-02-13 01:00 AM,2023,02,13,01,139.2,194,Unhealthy,118.9,UG/M3,1 Hr,Valid
Banja Luka,PM2.5 - Principal,2023-02-13 02:00 AM,2023,02,13,02,114.2,181,Unhealthy,89.2,UG/M3,1 Hr,Valid
Banja Luka,PM2.5 - Principal,2023-02-13 03:00 AM,2023,02,13,03,100.0,174,Unhealthy,85.8,UG/M3,1 Hr,Valid
Banja Luka,PM2.5 - Principal,2023-02-13 04:00 AM,2023,02,13,04,82.8,165,Unhealthy,65.7,UG/M3,1 Hr,Valid
Banja Luka,PM2.5 - Principal,2023-02-13 05:00 AM,2023,02,13,05,61.9,154,Unhealthy,41.0,UG/M3,1 Hr,Valid
Banja Luka,PM2.5 - Principal,2023-02-13 06:00 AM,2023,02,13,06,47.8,131,Unhealthy for Sensitive Groups,33.7,UG/M3,1 Hr,Valid
Banja Luka,PM2.5 - Principal,2023-02-13 07:00 AM,2023,02,13,07,43.1,120,Unhealthy for Sensitive Groups,38.4,UG/M3,1 Hr,Valid
Banja Luka,PM2.5 - Principal,2023-02-13 08:00 AM,2023,02,13,08,55.1,149,Unhealthy for Sensitive Groups,67.1,UG/M3,1 Hr,Valid
Banja Luka,PM2.5 - Principal,2023-02-13 09:00 AM,2023,02,13,09,51.4,140,Unhealthy for Sensitive Groups,47.7,UG/M3,1 Hr,Valid
Banja Luka,PM2.5 - Principal,2023-02-13 10:00 AM,2023,02,13,10,42.1,117,Unhealthy for Sensitive Groups,32.9,UG/M3,1 Hr,Valid
Banja Luka,PM2.5 - Principal,2023-02-13 11:00 AM,2023,02,13,11,43.2,120,Unhealthy for Sensitive Groups,44.2,UG/M3,1 Hr,Valid
Banja Luka,PM2.5 - Principal,2023-02-13 12:00 PM,2023,02,13,12,28.0,84,Moderate,12.9,UG/M3,1 Hr,Valid
Banja Luka,PM2.5 - Principal,2023-02-13 01:00 PM,2023,02,13,13,20.9,70,Moderate,13.8,UG/M3,1 Hr,Valid
Banja Luka,PM2.5 - Principal,2023-02-13 02:00 PM,2023,02,13,14,17.6,63,Moderate,14.3,UG/M3,1 Hr,Valid
Banja Luka,PM2.5 - Principal,2023-02-13 03:00 PM,2023,02,13,15,18.0,63,Moderate,18.4,UG/M3,1 Hr,Valid
Banja Luka,PM2.5 - Principal,2023-02-13 04:00 PM,2023,02,13,16,17.1,62,Moderate,16.2,UG/M3,1 Hr,Valid
Banja Luka,PM2.5 - Principal,2023-02-13 05:00 PM,2023,02,13,17,16.5,60,Moderate,15.8,UG/M3,1 Hr,Valid
Banja Luka,PM2.5 - Principal,2023-02-13 06:00 PM,2023,02,13,18,36.4,103,Unhealthy for Sensitive Groups,56.3,UG/M3,1 Hr,Valid
Banja Luka,PM2.5 - Principal,2023-02-13 07:00 PM,2023,02,13,19,98.2,173,Unhealthy,160.0,UG/M3,1 Hr,Valid
Banja Luka,PM2.5 - Principal,2023-02-13 08:00 PM,2023,02,13,20,129.4,189,Unhealthy,160.6,UG/M3,1 Hr,Valid
Banja Luka,PM2.5 - Principal,2023-02-13 09:00 PM,2023,02,13,21,178.8,229,Very Unhealthy,228.0,UG/M3,1 Hr,Valid
Banja Luka,PM2.5 - Principal,2023-02-13 10:00 PM,2023,02,13,22,170.1,220,Very Unhealthy,161.4,UG/M3,1 Hr,Valid
Banja Luka,PM2.5 - Principal,2023-02-13 11:00 PM,2023,02,13,23,145.6,198,Unhealthy,121.1,UG/M3,1 Hr,Valid
Banja Luka,PM2.5 - Principal,2023-02-14 12:00 AM,2023,02,14,00,137.0,193,Unhealthy,128.5,UG/M3,1 Hr,Valid
Banja Luka,PM2.5 - Principal,2023-02-14 01:00 AM,2023,02,14,01,133.1,191,Unhealthy,129.1,UG/M3,1 Hr,Valid
Banja Luka,PM2.5 - Principal,2023-02-14 02:00 AM,2023,02,14,02,108.4,178,Unhealthy,83.8,UG/M3,1 Hr,Valid
Banja Luka,PM2.5 - Principal,2023-02-14 03:00 AM,2023,02,14,03,78.5,163,Unhealthy,48.5,UG/M3,1 Hr,Valid
Banja Luka,PM2.5 - Principal,2023-02-14 04:00 AM,2023,02,14,04,63.9,155,Unhealthy,49.4,UG/M3,1 Hr,Valid
Banja Luka,PM2.5 - Principal,2023-02-14 05:00 AM,2023,02,14,05,58.2,152,Unhealthy,52.4,UG/M3,1 Hr,Valid
Banja Luka,PM2.5 - Principal,2023-02-14 06:00 AM,2023,02,14,06,38.0,107,Unhealthy for Sensitive Groups,17.9,UG/M3,1 Hr,Valid
Banja Luka,PM2.5 - Principal,2023-02-14 07:00 AM,2023,02,14,07,30.5,90,Moderate,22.9,UG/M3,1 Hr,Valid
Banja Luka,PM2.5 - Principal,2023-02-14 08:00 AM,2023,02,14,08,28.6,86,Moderate,26.8,UG/M3,1 Hr,Valid
Banja Luka,PM2.5 - Principal,2023-02-14 09:00 AM,2023,02,14,09,26.1,80,Moderate,23.7,UG/M3,1 Hr,Valid
Banja Luka,PM2.5 - Principal,2023-02-14 10:00 AM,2023,02,14,10,27.4,83,Moderate,28.7,UG/M3,1 Hr,Valid
Banja Luka,PM2.5 - Principal,2023-02-14 11:00 AM,2023,02,14,11,30.0,89,Moderate,32.7,UG/M3,1 Hr,Valid
Banja Luka,PM2.5 - Principal,2023-02-14 12:00 PM,2023,02,14,12,35.7,101,Unhealthy for Sensitive Groups,41.4,UG/M3,1 Hr,Valid
Banja Luka,PM2.5 - Principal,2023-02-14 01:00 PM,2023,02,14,13,23.7,75,Moderate,11.7,UG/M3,1 Hr,Valid
Banja Luka,PM2.5 - Principal,2023-02-14 02:00 PM,2023,02,14,14,21.6,71,Moderate,19.6,UG/M3,1 Hr,Valid
Banja Luka,PM2.5 - Principal,2023-02-14 03:00 PM,2023,02,14,15,17.5,62,Moderate,13.4,UG/M3,1 Hr,Valid
Banja Luka,PM2.5 - Principal,2023-02-14 04:00 PM,2023,02,14,16,15.1,57,Moderate,12.7,UG/M3,1 Hr,Valid
Banja Luka,PM2.5 - Principal,2023-02-14 05:00 PM,2023,02,14,17,14.9,57,Moderate,14.7,UG/M3,1 Hr,Valid
Banja Luka,PM2.5 - Principal,2023-02-14 06:00 PM,2023,02,14,18,29.2,87,Moderate,43.5,UG/M3,1 Hr,Valid
Banja Luka,PM2.5 - Principal,2023-02-14 07:00 PM,2023,02,14,19,72.4,160,Unhealthy,115.7,UG/M3,1 Hr,Valid
Banja Luka,PM2.5 - Principal,2023-02-14 08:00 PM,2023,02,14,20,123.3,186,Unhealthy,174.0,UG/M3,1 Hr,Valid
Banja Luka,PM2.5 - Principal,2023-02-14 09:00 PM,2023,02,14,21,139.9,195,Unhealthy,156.5,UG/M3,1 Hr,Valid
Banja Luka,PM2.5 - Principal,2023-02-14 10:00 PM,2023,02,14,22,134.6,192,Unhealthy,129.3,UG/M3,1 Hr,Valid
Banja Luka,PM2.5 - Principal,2023-02-14 11:00 PM,2023,02,14,23,133.4,191,Unhealthy,132.1,UG/M3,1 Hr,Valid
Banja Luka,PM2.5 - Principal,2023-02-15 12:00 AM,2023,02,15,00,106.2,177,Unhealthy,78.9,UG/M3,1 Hr,Valid
Banja Luka,PM2.5 - Principal,2023-02-15 01:00 AM,2023,02,15,01,91.5,170,Unhealthy,76.9,UG/M3,1 Hr,Valid
Banja Luka,PM2.5 - Principal,2023-02-15 02:00 AM,2023,02,15,02,63.1,155,Unhealthy,34.7,UG/M3,1 Hr,Valid
Banja Luka,PM2.5 - Principal,2023-02-15 03:00 AM,2023,02,15,03,45.5,126,Unhealthy for Sensitive Groups,28.0,UG/M3,1 Hr,Valid
Banja Luka,PM2.5 - Principal,2023-02-15 04:00 AM,2023,02,15,04,52.6,143,Unhealthy for Sensitive Groups,59.6,UG/M3,1 Hr,Valid
Banja Luka,PM2.5 - Principal,2023-02-15 05:00 AM,2023,02,15,05,48.6,133,Unhealthy for Sensitive Groups,44.6,UG/M3,1 Hr,Valid
Banja Luka,PM2.5 - Principal,2023-02-15 06:00 AM,2023,02,15,06,44.2,122,Unhealthy for Sensitive Groups,39.8,UG/M3,1 Hr,Valid
Banja Luka,PM2.5 - Principal,2023-02-15 07:00 AM,2023,02,15,07,42.3,118,Unhealthy for Sensitive Groups,40.4,UG/M3,1 Hr,Valid
Banja Luka,PM2.5 - Principal,2023-02-15 08:00 AM,2023,02,15,08,49.9,136,Unhealthy for Sensitive Groups,57.5,UG/M3,1 Hr,Valid
Banja Luka,PM2.5 - Principal,2023-02-15 09:00 AM,2023,02,15,09,53.6,146,Unhealthy for Sensitive Groups,57.4,UG/M3,1 Hr,Valid
Banja Luka,PM2.5 - Principal,2023-02-15 10:00 AM,2023,02,15,10,42.6,118,Unhealthy for Sensitive Groups,31.7,UG/M3,1 Hr,Valid
Banja Luka,PM2.5 - Principal,2023-02-15 11:00 AM,2023,02,15,11,33.2,95,Moderate,23.7,UG/M3,1 Hr,Valid
Banja Luka,PM2.5 - Principal,2023-02-15 12:00 PM,2023,02,15,12,26.1,80,Moderate,19.1,UG/M3,1 Hr,Valid
Banja Luka,PM2.5 - Principal,2023-02-15 01:00 PM,2023,02,15,13,25.8,80,Moderate,25.4,UG/M3,1 Hr,Valid
Banja Luka,PM2.5 - Principal,2023-02-15 02:00 PM,2023,02,15,14,23.2,74,Moderate,20.6,UG/M3,1 Hr,Valid
Banja Luka,PM2.5 - Principal,2023-02-15 03:00 PM,2023,02,15,15,22.3,72,Moderate,21.4,UG/M3,1 Hr,Valid
Banja Luka,PM2.5 - Principal,2023-02-15 04:00 PM,2023,02,15,16,23.4,75,Moderate,24.6,UG/M3,1 Hr,Valid
Banja Luka,PM2.5 - Principal,2023-02-15 05:00 PM,2023,02,15,17,29.5,88,Moderate,35.5,UG/M3,1 Hr,Valid
Banja Luka,PM2.5 - Principal,2023-02-15 06:00 PM,2023,02,15,18,51.0,139,Unhealthy for Sensitive Groups,72.5,UG/M3,1 Hr,Valid
Banja Luka,PM2.5 - Principal,2023-02-15 07:00 PM,2023,02,15,19,127.3,188,Unhealthy,203.5,UG/M3,1 Hr,Valid
Banja Luka,PM2.5 - Principal,2023-02-15 08:00 PM,2023,02,15,20,143.3,196,Unhealthy,159.3,UG/M3,1 Hr,Valid
Banja Luka,PM2.5 - Principal,2023-02-15 09:00 PM,2023,02,15,21,157.2,208,Very Unhealthy,171.0,UG/M3,1 Hr,Valid
Banja Luka,PM2.5 - Principal,2023-02-15 10:00 PM,2023,02,15,22,174.8,225,Very Unhealthy,192.4,UG/M3,1 Hr,Valid
Banja Luka,PM2.5 - Principal,2023-02-15 11:00 PM,2023,02,15,23,169.0,219,Very Unhealthy,163.1,UG/M3,1 Hr,Valid
Banja Luka,PM2.5 - Principal,2023-02-16 12:00 AM,2023,02,16,00,159.4,210,Very Unhealthy,149.8,UG/M3,1 Hr,Valid
Banja Luka,PM2.5 - Principal,2023-02-16 01:00 AM,2023,02,16,01,148.7,199,Unhealthy,138.0,UG/M3,1 Hr,Valid
Banja Luka,PM2.5 - Principal,2023-02-16 02:00 AM,2023,02,16,02,121.0,185,Unhealthy,93.2,UG/M3,1 Hr,Valid
Banja Luka,PM2.5 - Principal,2023-02-16 03:00 AM,2023,02,16,03,98.6,173,Unhealthy,76.2,UG/M3,1 Hr,Valid
Banja Luka,PM2.5 - Principal,2023-02-16 04:00 AM,2023,02,16,04,75.5,161,Unhealthy,52.3,UG/M3,1 Hr,Valid
Banja Luka,PM2.5 - Principal,2023-02-16 05:00 AM,2023,02,16,05,57.3,152,Unhealthy,39.1,UG/M3,1 Hr,Valid
Banja Luka,PM2.5 - Principal,2023-02-16 06:00 AM,2023,02,16,06,56.3,151,Unhealthy,55.3,UG/M3,1 Hr,Valid
Banja Luka,PM2.5 - Principal,2023-02-16 07:00 AM,2023,02,16,07,49.1,134,Unhealthy for Sensitive Groups,41.9,UG/M3,1 Hr,Valid
Banja Luka,PM2.5 - Principal,2023-02-16 08:00 AM,2023,02,16,08,63.5,155,Unhealthy,78.0,UG/M3,1 Hr,Valid
Banja Luka,PM2.5 - Principal,2023-02-16 09:00 AM,2023,02,16,09,80.3,164,Unhealthy,97.1,UG/M3,1 Hr,Valid
Banja Luka,PM2.5 - Principal,2023-02-16 10:00 AM,2023,02,16,10,65.1,156,Unhealthy,49.9,UG/M3,1 Hr,Valid
Banja Luka,PM2.5 - Principal,2023-02-16 11:00 AM,2023,02,16,11,63.9,155,Unhealthy,62.7,UG/M3,1 Hr,Valid
Banja Luka,PM2.5 - Principal,2023-02-16 12:00 PM,2023,02,16,12,58.8,153,Unhealthy,53.7,UG/M3,1 Hr,Valid
Banja Luka,PM2.5 - Principal,2023-02-16 01:00 PM,2023,02,16,13,55.6,151,Unhealthy,52.5,UG/M3,1 Hr,Valid
Banja Luka,PM2.5 - Principal,2023-02-16 02:00 PM,2023,02,16,14,50.9,139,Unhealthy for Sensitive Groups,46.3,UG/M3,1 Hr,Valid
Banja Luka,PM2.5 - Principal,2023-02-16 03:00 PM,2023,02,16,15,41.0,115,Unhealthy for Sensitive Groups,31.0,UG/M3,1 Hr,Valid
Banja Luka,PM2.5 - Principal,2023-02-16 04:00 PM,2023,02,16,16,40.8,114,Unhealthy for Sensitive Groups,40.6,UG/M3,1 Hr,Valid
Banja Luka,PM2.5 - Principal,2023-02-16 05:00 PM,2023,02,16,17,40.0,112,Unhealthy for Sensitive Groups,39.3,UG/M3,1 Hr,Valid
Banja Luka,PM2.5 - Principal,2023-02-16 06:00 PM,2023,02,16,18,95.7,172,Unhealthy,151.4,UG/M3,1 Hr,Valid
Banja Luka,PM2.5 - Principal,2023-02-16 07:00 PM,2023,02,16,19,138.9,194,Unhealthy,182.1,UG/M3,1 Hr,Valid
Banja Luka,PM2.5 - Principal,2023-02-16 08:00 PM,2023,02,16,20,154.2,205,Very Unhealthy,169.4,UG/M3,1 Hr,Valid
Banja Luka,PM2.5 - Principal,2023-02-16 09:00 PM,2023,02,16,21,158.6,209,Very Unhealthy,163.1,UG/M3,1 Hr,Valid
Banja Luka,PM2.5 - Principal,2023-02-16 10:00 PM,2023,02,16,22,166.9,217,Very Unhealthy,175.2,UG/M3,1 Hr,Valid
Banja Luka,PM2.5 - Principal,2023-02-16 11:00 PM,2023,02,16,23,179.8,230,Very Unhealthy,192.6,UG/M3,1 Hr,Valid
Banja Luka,PM2.5 - Principal,2023-02-17 12:00 AM,2023,02,17,00,170.6,221,Very Unhealthy,161.4,UG/M3,1 Hr,Valid
Banja Luka,PM2.5 - Principal,2023-02-17 01:00 AM,2023,02,17,01,151.0,201,Very Unhealthy,131.3,UG/M3,1 Hr,Valid
Banja Luka,PM2.5 - Principal,2023-02-17 02:00 AM,2023,02,17,02,128.0,188,Unhealthy,105.1,UG/M3,1 Hr,Valid
Banja Luka,PM2.5 - Principal,2023-02-17 03:00 AM,2023,02,17,03,98.5,173,Unhealthy,69.0,UG/M3,1 Hr,Valid
Banja Luka,PM2.5 - Principal,2023-02-17 04:00 AM,2023,02,17,04,73.3,160,Unhealthy,48.0,UG/M3,1 Hr,Valid
Banja Luka,PM2.5 - Principal,2023-02-17 05:00 AM,2023,02,17,05,54.8,149,Unhealthy for Sensitive Groups,36.2,UG/M3,1 Hr,Valid
Banja Luka,PM2.5 - Principal,2023-02-17 06:00 AM,2023,02,17,06,44.1,122,Unhealthy for Sensitive Groups,33.5,UG/M3,1 Hr,Valid
Banja Luka,PM2.5 - Principal,2023-02-17 07:00 AM,2023,02,17,07,43.6,121,Unhealthy for Sensitive Groups,43.1,UG/M3,1 Hr,Valid
Banja Luka,PM2.5 - Principal,2023-02-17 08:00 AM,2023,02,17,08,66.9,157,Unhealthy,90.2,UG/M3,1 Hr,Valid
Banja Luka,PM2.5 - Principal,2023-02-17 09:00 AM,2023,02,17,09,48.1,132,Unhealthy for Sensitive Groups,29.4,UG/M3,1 Hr,Valid
Banja Luka,PM2.5 - Principal,2023-02-17 10:00 AM,2023,02,17,10,41.9,117,Unhealthy for Sensitive Groups,35.6,UG/M3,1 Hr,Valid
Banja Luka,PM2.5 - Principal,2023-02-17 11:00 AM,2023,02,17,11,39.3,110,Unhealthy for Sensitive Groups,36.8,UG/M3,1 Hr,Valid
Banja Luka,PM2.5 - Principal,2023-02-17 12:00 PM,2023,02,17,12,30.4,89,Moderate,21.4,UG/M3,1 Hr,Valid
Banja Luka,PM2.5 - Principal,2023-02-17 01:00 PM,2023,02,17,13,20.2,68,Moderate,10.0,UG/M3,1 Hr,Valid
Banja Luka,PM2.5 - Principal,2023-02-17 02:00 PM,2023,02,17,14,14.7,56,Moderate,9.3,UG/M3,1 Hr,Valid
Banja Luka,PM2.5 - Principal,2023-02-17 03:00 PM,2023,02,17,15,14.5,56,Moderate,14.3,UG/M3,1 Hr,Valid
Banja Luka,PM2.5 - Principal,2023-02-17 04:00 PM,2023,02,17,16,14.0,55,Moderate,13.4,UG/M3,1 Hr,Valid
Banja Luka,PM2.5 - Principal,2023-02-17 05:00 PM,2023,02,17,17,16.9,61,Moderate,19.9,UG/M3,1 Hr,Valid
Banja Luka,PM2.5 - Principal,2023-02-17 06:00 PM,2023,02,17,18,18.4,64,Moderate,19.9,UG/M3,1 Hr,Valid
Banja Luka,PM2.5 - Principal,2023-02-17 07:00 PM,2023,02,17,19,19.2,66,Moderate,19.9,UG/M3,1 Hr,Valid
Banja Luka,PM2.5 - Principal,2023-02-17 08:00 PM,2023,02,17,20,25.2,79,Moderate,31.2,UG/M3,1 Hr,Valid
Banja Luka,PM2.5 - Principal,2023-02-17 09:00 PM,2023,02,17,21,19.7,67,Moderate,14.2,UG/M3,1 Hr,Valid
Banja Luka,PM2.5 - Principal,2023-02-17 10:00 PM,2023,02,17,22,15.8,59,Moderate,11.9,UG/M3,1 Hr,Valid
Banja Luka,PM2.5 - Principal,2023-02-17 11:00 PM,2023,02,17,23,13.8,55,Moderate,11.8,UG/M3,1 Hr,Valid
Banja Luka,PM2.5 - Principal,2023-02-18 12:00 AM,2023,02,18,00,12.2,51,Moderate,10.6,UG/M3,1 Hr,Valid
Banja Luka,PM2.5 - Principal,2023-02-18 01:00 AM,2023,02,18,01,12.6,52,Moderate,13.1,UG/M3,1 Hr,Valid
Banja Luka,PM2.5 - Principal,2023-02-18 02:00 AM,2023,02,18,02,22.4,73,Moderate,32.0,UG/M3,1 Hr,Valid
Banja Luka,PM2.5 - Principal,2023-02-18 03:00 AM,2023,02,18,03,21.5,71,Moderate,20.6,UG/M3,1 Hr,Valid
Banja Luka,PM2.5 - Principal,2023-02-18 04:00 AM,2023,02,18,04,22.1,72,Moderate,22.8,UG/M3,1 Hr,Valid
Banja Luka,PM2.5 - Principal,2023-02-18 05:00 AM,2023,02,18,05,23.2,74,Moderate,24.2,UG/M3,1 Hr,Valid
Banja Luka,PM2.5 - Principal,2023-02-18 06:00 AM,2023,02,18,06,19.9,67,Moderate,16.7,UG/M3,1 Hr,Valid
Banja Luka,PM2.5 - Principal,2023-02-18 07:00 AM,2023,02,18,07,19.6,67,Moderate,19.3,UG/M3,1 Hr,Valid
Banja Luka,PM2.5 - Principal,2023-02-18 08:00 AM,2023,02,18,08,28.0,84,Moderate,36.3,UG/M3,1 Hr,Valid
Banja Luka,PM2.5 - Principal,2023-02-18 09:00 AM,2023,02,18,09,33.2,95,Moderate,38.5,UG/M3,1 Hr,Valid
Banja Luka,PM2.5 - Principal,2023-02-18 10:00 AM,2023,02,18,10,36.0,102,Unhealthy for Sensitive Groups,38.8,UG/M3,1 Hr,Valid
Banja Luka,PM2.5 - Principal,2023-02-18 11:00 AM,2023,02,18,11,34.4,98,Moderate,32.8,UG/M3,1 Hr,Valid
Banja Luka,PM2.5 - Principal,2023-02-18 12:00 PM,2023,02,18,12,27.5,83,Moderate,20.6,UG/M3,1 Hr,Valid
Banja Luka,PM2.5 - Principal,2023-02-18 01:00 PM,2023,02,18,13,20.0,68,Moderate,12.5,UG/M3,1 Hr,Valid
Banja Luka,PM2.5 - Principal,2023-02-18 02:00 PM,2023,02,18,14,16.8,61,Moderate,13.6,UG/M3,1 Hr,Valid
Banja Luka,PM2.5 - Principal,2023-02-18 03:00 PM,2023,02,18,15,15.8,59,Moderate,14.8,UG/M3,1 Hr,Valid
Banja Luka,PM2.5 - Principal,2023-02-18 04:00 PM,2023,02,18,16,17.8,63,Moderate,19.9,UG/M3,1 Hr,Valid
Banja Luka,PM2.5 - Principal,2023-02-18 05:00 PM,2023,02,18,17,21.5,71,Moderate,25.2,UG/M3,1 Hr,Valid
Banja Luka,PM2.5 - Principal,2023-02-18 06:00 PM,2023,02,18,18,17.0,61,Moderate,12.6,UG/M3,1 Hr,Valid
Banja Luka,PM2.5 - Principal,2023-02-18 07:00 PM,2023,02,18,19,15.2,58,Moderate,13.4,UG/M3,1 Hr,Valid
Banja Luka,PM2.5 - Principal,2023-02-18 08:00 PM,2023,02,18,20,15.0,57,Moderate,14.7,UG/M3,1 Hr,Valid
Banja Luka,PM2.5 - Principal,2023-02-18 09:00 PM,2023,02,18,21,15.3,58,Moderate,15.7,UG/M3,1 Hr,Valid
Banja Luka,PM2.5 - Principal,2023-02-18 10:00 PM,2023,02,18,22,36.2,103,Unhealthy for Sensitive Groups,57.2,UG/M3,1 Hr,Valid
Banja Luka,PM2.5 - Principal,2023-02-18 11:00 PM,2023,02,18,23,24.8,78,Moderate,13.4,UG/M3,1 Hr,Valid
Banja Luka,PM2.5 - Principal,2023-02-19 12:00 AM,2023,02,19,00,30.8,90,Moderate,36.7,UG/M3,1 Hr,Valid
Banja Luka,PM2.5 - Principal,2023-02-19 01:00 AM,2023,02,19,01,29.1,87,Moderate,27.3,UG/M3,1 Hr,Valid
Banja Luka,PM2.5 - Principal,2023-02-19 02:00 AM,2023,02,19,02,27.0,82,Moderate,25.0,UG/M3,1 Hr,Valid
Banja Luka,PM2.5 - Principal,2023-02-19 03:00 AM,2023,02,19,03,34.1,97,Moderate,41.1,UG/M3,1 Hr,Valid
Banja Luka,PM2.5 - Principal,2023-02-19 04:00 AM,2023,02,19,04,32.9,95,Moderate,31.8,UG/M3,1 Hr,Valid
Banja Luka,PM2.5 - Principal,2023-02-19 05:00 AM,2023,02,19,05,36.8,104,Unhealthy for Sensitive Groups,40.7,UG/M3,1 Hr,Valid
Banja Luka,PM2.5 - Principal,2023-02-19 06:00 AM,2023,02,19,06,35.9,102,Unhealthy for Sensitive Groups,34.9,UG/M3,1 Hr,Valid
Banja Luka,PM2.5 - Principal,2023-02-19 07:00 AM,2023,02,19,07,34.3,98,Moderate,32.8,UG/M3,1 Hr,Valid
Banja Luka,PM2.5 - Principal,2023-02-19 08:00 AM,2023,02,19,08,41.0,115,Unhealthy for Sensitive Groups,47.7,UG/M3,1 Hr,Valid
Banja Luka,PM2.5 - Principal,2023-02-19 09:00 AM,2023,02,19,09,55.2,150,Unhealthy for Sensitive Groups,69.4,UG/M3,1 Hr,Valid
Banja Luka,PM2.5 - Principal,2023-02-19 10:00 AM,2023,02,19,10,45.8,126,Unhealthy for Sensitive Groups,36.4,UG/M3,1 Hr,Valid
Banja Luka,PM2.5 - Principal,2023-02-19 11:00 AM,2023,02,19,11,32.9,95,Moderate,20.0,UG/M3,1 Hr,Valid
Banja Luka,PM2.5 - Principal,2023-02-19 12:00 PM,2023,02,19,12,20.5,69,Moderate,8.2,UG/M3,1 Hr,Valid
Banja Luka,PM2.5 - Principal,2023-02-19 01:00 PM,2023,02,19,13,16.0,59,Moderate,11.5,UG/M3,1 Hr,Valid
Banja Luka,PM2.5 - Principal,2023-02-19 02:00 PM,2023,02,19,14,14.0,55,Moderate,11.9,UG/M3,1 Hr,Valid
Banja Luka,PM2.5 - Principal,2023-02-19 03:00 PM,2023,02,19,15,13.9,55,Moderate,13.9,UG/M3,1 Hr,Valid
Banja Luka,PM2.5 - Principal,2023-02-19 04:00 PM,2023,02,19,16,13.1,53,Moderate,12.2,UG/M3,1 Hr,Valid
Banja Luka,PM2.5 - Principal,2023-02-19 05:00 PM,2023,02,19,17,12.9,53,Moderate,12.7,UG/M3,1 Hr,Valid
Banja Luka,PM2.5 - Principal,2023-02-19 06:00 PM,2023,02,19,18,15.7,59,Moderate,18.6,UG/M3,1 Hr,Valid
Banja Luka,PM2.5 - Principal,2023-02-19 07:00 PM,2023,02,19,19,18.1,64,Moderate,20.5,UG/M3,1 Hr,Valid
Banja Luka,PM2.5 - Principal,2023-02-19 08:00 PM,2023,02,19,20,18.4,64,Moderate,18.7,UG/M3,1 Hr,Valid
Banja Luka,PM2.5 - Principal,2023-02-19 09:00 PM,2023,02,19,21,16.8,61,Moderate,15.3,UG/M3,1 Hr,Valid
Banja Luka,PM2.5 - Principal,2023-02-19 10:00 PM,2023,02,19,22,20.2,68,Moderate,23.5,UG/M3,1 Hr,Valid
Banja Luka,PM2.5 - Principal,2023-02-19 11:00 PM,2023,02,19,23,62.3,155,Unhealthy,104.4,UG/M3,1 Hr,Valid
Banja Luka,PM2.5 - Principal,2023-02-20 12:00 AM,2023,02,20,00,78.1,163,Unhealthy,93.9,UG/M3,1 Hr,Valid
Banja Luka,PM2.5 - Principal,2023-02-20 01:00 AM,2023,02,20,01,82.4,165,Unhealthy,86.7,UG/M3,1 Hr,Valid
Banja Luka,PM2.5 - Principal,2023-02-20 02:00 AM,2023,02,20,02,75.6,161,Unhealthy,68.8,UG/M3,1 Hr,Valid
Banja Luka,PM2.5 - Principal,2023-02-20 03:00 AM,2023,02,20,03,54.4,148,Unhealthy for Sensitive Groups,33.2,UG/M3,1 Hr,Valid
Banja Luka,PM2.5 - Principal,2023-02-20 04:00 AM,2023,02,20,04,39.5,111,Unhealthy for Sensitive Groups,24.7,UG/M3,1 Hr,Valid
Banja Luka,PM2.5 - Principal,2023-02-20 05:00 AM,2023,02,20,05,33.9,97,Moderate,28.2,UG/M3,1 Hr,Valid
Banja Luka,PM2.5 - Principal,2023-02-20 06:00 AM,2023,02,20,06,25.9,80,Moderate,18.0,UG/M3,1 Hr,Valid
Banja Luka,PM2.5 - Principal,2023-02-20 07:00 AM,2023,02,20,07,31.8,92,Moderate,37.6,UG/M3,1 Hr,Valid
Banja Luka,PM2.5 - Principal,2023-02-20 08:00 AM,2023,02,20,08,38.2,108,Unhealthy for Sensitive Groups,44.5,UG/M3,1 Hr,Valid
Banja Luka,PM2.5 - Principal,2023-02-20 09:00 AM,2023,02,20,09,30.0,89,Moderate,21.9,UG/M3,1 Hr,Valid
Banja Luka,PM2.5 - Principal,2023-02-20 10:00 AM,2023,02,20,10,27.1,83,Moderate,24.3,UG/M3,1 Hr,Valid
Banja Luka,PM2.5 - Principal,2023-02-20 11:00 AM,2023,02,20,11,28.3,85,Moderate,29.4,UG/M3,1 Hr,Valid
Banja Luka,PM2.5 - Principal,2023-02-20 12:00 PM,2023,02,20,12,26.5,81,Moderate,24.9,UG/M3,1 Hr,Valid
Banja Luka,PM2.5 - Principal,2023-02-20 01:00 PM,2023,02,20,13,18.7,65,Moderate,10.9,UG/M3,1 Hr,Valid
Banja Luka,PM2.5 - Principal,2023-02-20 02:00 PM,2023,02,20,14,13.3,54,Moderate,8.0,UG/M3,1 Hr,Valid
Banja Luka,PM2.5 - Principal,2023-02-20 03:00 PM,2023,02,20,15,10.4,43,Good,7.5,UG/M3,1 Hr,Valid
Banja Luka,PM2.5 - Principal,2023-02-20 04:00 PM,2023,02,20,16,8.8,37,Good,7.2,UG/M3,1 Hr,Valid
Banja Luka,PM2.5 - Principal,2023-02-20 05:00 PM,2023,02,20,17,9.2,38,Good,9.6,UG/M3,1 Hr,Valid
Banja Luka,PM2.5 - Principal,2023-02-20 06:00 PM,2023,02,20,18,17.8,63,Moderate,26.4,UG/M3,1 Hr,Valid
Banja Luka,PM2.5 - Principal,2023-02-20 07:00 PM,2023,02,20,19,111.4,180,Unhealthy,205.1,UG/M3,1 Hr,Valid
Banja Luka,PM2.5 - Principal,2023-02-20 08:00 PM,2023,02,20,20,116.7,183,Unhealthy,121.9,UG/M3,1 Hr,Valid
Banja Luka,PM2.5 - Principal,2023-02-20 09:00 PM,2023,02,20,21,128.0,188,Unhealthy,139.4,UG/M3,1 Hr,Valid
Banja Luka,PM2.5 - Principal,2023-02-20 10:00 PM,2023,02,20,22,92.9,170,Unhealthy,57.7,UG/M3,1 Hr,Valid
Banja Luka,PM2.5 - Principal,2023-02-20 11:00 PM,2023,02,20,23,65.9,156,Unhealthy,38.8,UG/M3,1 Hr,Valid
Banja Luka,PM2.5 - Principal,2023-02-21 12:00 AM,2023,02,21,00,70.9,159,Unhealthy,76.0,UG/M3,1 Hr,Valid
Banja Luka,PM2.5 - Principal,2023-02-21 01:00 AM,2023,02,21,01,66.9,157,Unhealthy,62.8,UG/M3,1 Hr,Valid
Banja Luka,PM2.5 - Principal,2023-02-21 02:00 AM,2023,02,21,02,76.7,162,Unhealthy,86.6,UG/M3,1 Hr,Valid
Banja Luka,PM2.5 - Principal,2023-02-21 03:00 AM,2023,02,21,03,65.0,156,Unhealthy,53.2,UG/M3,1 Hr,Valid
Banja Luka,PM2.5 - Principal,2023-02-21 04:00 AM,2023,02,21,04,52.3,142,Unhealthy for Sensitive Groups,39.6,UG/M3,1 Hr,Valid
Banja Luka,PM2.5 - Principal,2023-02-21 05:00 AM,2023,02,21,05,45.7,126,Unhealthy for Sensitive Groups,39.0,UG/M3,1 Hr,Valid
Banja Luka,PM2.5 - Principal,2023-02-21 06:00 AM,2023,02,21,06,39.1,110,Unhealthy for Sensitive Groups,32.5,UG/M3,1 Hr,Valid
Banja Luka,PM2.5 - Principal,2023-02-21 07:00 AM,2023,02,21,07,44.2,122,Unhealthy for Sensitive Groups,49.3,UG/M3,1 Hr,Valid
Banja Luka,PM2.5 - Principal,2023-02-21 08:00 AM,2023,02,21,08,45.1,125,Unhealthy for Sensitive Groups,46.0,UG/M3,1 Hr,Valid
Banja Luka,PM2.5 - Principal,2023-02-21 09:00 AM,2023,02,21,09,52.5,143,Unhealthy for Sensitive Groups,59.9,UG/M3,1 Hr,Valid
Banja Luka,PM2.5 - Principal,2023-02-21 10:00 AM,2023,02,21,10,56.9,152,Unhealthy,61.2,UG/M3,1 Hr,Valid
Banja Luka,PM2.5 - Principal,2023-02-21 11:00 AM,2023,02,21,11,41.2,115,Unhealthy for Sensitive Groups,25.6,UG/M3,1 Hr,Valid
Banja Luka,PM2.5 - Principal,2023-02-21 12:00 PM,2023,02,21,12,31.4,92,Moderate,21.6,UG/M3,1 Hr,Valid
Banja Luka,PM2.5 - Principal,2023-02-21 01:00 PM,2023,02,21,13,19.2,66,Moderate,7.0,UG/M3,1 Hr,Valid
Banja Luka,PM2.5 - Principal,2023-02-21 02:00 PM,2023,02,21,14,13.9,55,Moderate,8.6,UG/M3,1 Hr,Valid
Banja Luka,PM2.5 - Principal,2023-02-21 03:00 PM,2023,02,21,15,13.0,53,Moderate,12.1,UG/M3,1 Hr,Valid
Banja Luka,PM2.5 - Principal,2023-02-21 04:00 PM,2023,02,21,16,13.1,53,Moderate,13.3,UG/M3,1 Hr,Valid
Banja Luka,PM2.5 - Principal,2023-02-21 05:00 PM,2023,02,21,17,12.1,51,Moderate,11.0,UG/M3,1 Hr,Valid
Banja Luka,PM2.5 - Principal,2023-02-21 06:00 PM,2023,02,21,18,27.1,83,Moderate,42.2,UG/M3,1 Hr,Valid
Banja Luka,PM2.5 - Principal,2023-02-21 07:00 PM,2023,02,21,19,74.9,161,Unhealthy,122.7,UG/M3,1 Hr,Valid
Banja Luka,PM2.5 - Principal,2023-02-21 08:00 PM,2023,02,21,20,87.5,168,Unhealthy,100.1,UG/M3,1 Hr,Valid
Banja Luka,PM2.5 - Principal,2023-02-21 09:00 PM,2023,02,21,21,98.9,173,Unhealthy,110.3,UG/M3,1 Hr,Valid
Banja Luka,PM2.5 - Principal,2023-02-21 10:00 PM,2023,02,21,22,129.0,189,Unhealthy,159.1,UG/M3,1 Hr,Valid
Banja Luka,PM2.5 - Principal,2023-02-21 11:00 PM,2023,02,21,23,144.5,197,Unhealthy,160.1,UG/M3,1 Hr,Valid
Banja Luka,PM2.5 - Principal,2023-02-22 12:00 AM,2023,02,22,00,121.2,185,Unhealthy,97.9,UG/M3,1 Hr,Valid
Banja Luka,PM2.5 - Principal,2023-02-22 01:00 AM,2023,02,22,01,81.2,164,Unhealthy,41.2,UG/M3,1 Hr,Valid
Banja Luka,PM2.5 - Principal,2023-02-22 02:00 AM,2023,02,22,02,63.9,155,Unhealthy,46.6,UG/M3,1 Hr,Valid
Banja Luka,PM2.5 - Principal,2023-02-22 03:00 AM,2023,02,22,03,50.5,138,Unhealthy for Sensitive Groups,37.0,UG/M3,1 Hr,Valid
Banja Luka,PM2.5 - Principal,2023-02-22 04:00 AM,2023,02,22,04,37.7,106,Unhealthy for Sensitive Groups,25.0,UG/M3,1 Hr,Valid
Banja Luka,PM2.5 - Principal,2023-02-22 05:00 AM,2023,02,22,05,27.7,84,Moderate,17.7,UG/M3,1 Hr,Valid
Banja Luka,PM2.5 - Principal,2023-02-22 06:00 AM,2023,02,22,06,24.2,76,Moderate,20.8,UG/M3,1 Hr,Valid
Banja Luka,PM2.5 - Principal,2023-02-22 07:00 AM,2023,02,22,07,26.6,81,Moderate,28.9,UG/M3,1 Hr,Valid
Banja Luka,PM2.5 - Principal,2023-02-22 08:00 AM,2023,02,22,08,41.1,115,Unhealthy for Sensitive Groups,55.7,UG/M3,1 Hr,Valid
Banja Luka,PM2.5 - Principal,2023-02-22 09:00 AM,2023,02,22,09,32.8,95,Moderate,24.6,UG/M3,1 Hr,Valid
Banja Luka,PM2.5 - Principal,2023-02-22 10:00 AM,2023,02,22,10,28.7,86,Moderate,24.6,UG/M3,1 Hr,Valid
Banja Luka,PM2.5 - Principal,2023-02-22 11:00 AM,2023,02,22,11,23.7,75,Moderate,18.7,UG/M3,1 Hr,Valid
Banja Luka,PM2.5 - Principal,2023-02-22 12:00 PM,2023,02,22,12,20.6,69,Moderate,17.5,UG/M3,1 Hr,Valid
Banja Luka,PM2.5 - Principal,2023-02-22 01:00 PM,2023,02,22,13,20.3,68,Moderate,20.0,UG/M3,1 Hr,Valid
Banja Luka,PM2.5 - Principal,2023-02-22 02:00 PM,2023,02,22,14,19.2,66,Moderate,18.1,UG/M3,1 Hr,Valid
Banja Luka,PM2.5 - Principal,2023-02-22 03:00 PM,2023,02,22,15,19.0,66,Moderate,18.8,UG/M3,1 Hr,Valid
Banja Luka,PM2.5 - Principal,2023-02-22 04:00 PM,2023,02,22,16,18.8,65,Moderate,18.6,UG/M3,1 Hr,Valid
Banja Luka,PM2.5 - Principal,2023-02-22 05:00 PM,2023,02,22,17,23.0,74,Moderate,27.1,UG/M3,1 Hr,Valid
Banja Luka,PM2.5 - Principal,2023-02-22 06:00 PM,2023,02,22,18,32.2,93,Moderate,41.5,UG/M3,1 Hr,Valid
Banja Luka,PM2.5 - Principal,2023-02-22 07:00 PM,2023,02,22,19,99.9,174,Unhealthy,167.5,UG/M3,1 Hr,Valid
Banja Luka,PM2.5 - Principal,2023-02-22 08:00 PM,2023,02,22,20,125.8,187,Unhealthy,151.8,UG/M3,1 Hr,Valid
Banja Luka,PM2.5 - Principal,2023-02-22 09:00 PM,2023,02,22,21,128.2,189,Unhealthy,130.5,UG/M3,1 Hr,Valid
Banja Luka,PM2.5 - Principal,2023-02-22 10:00 PM,2023,02,22,22,134.0,192,Unhealthy,139.9,UG/M3,1 Hr,Valid
Banja Luka,PM2.5 - Principal,2023-02-22 11:00 PM,2023,02,22,23,130.1,190,Unhealthy,126.1,UG/M3,1 Hr,Valid
Banja Luka,PM2.5 - Principal,2023-02-23 12:00 AM,2023,02,23,00,114.6,182,Unhealthy,99.1,UG/M3,1 Hr,Valid
Banja Luka,PM2.5 - Principal,2023-02-23 01:00 AM,2023,02,23,01,98.2,173,Unhealthy,81.8,UG/M3,1 Hr,Valid
Banja Luka,PM2.5 - Principal,2023-02-23 02:00 AM,2023,02,23,02,74.9,161,Unhealthy,51.6,UG/M3,1 Hr,Valid
Banja Luka,PM2.5 - Principal,2023-02-23 03:00 AM,2023,02,23,03,57.4,152,Unhealthy,39.8,UG/M3,1 Hr,Valid
Banja Luka,PM2.5 - Principal,2023-02-23 04:00 AM,2023,02,23,04,52.1,142,Unhealthy for Sensitive Groups,46.9,UG/M3,1 Hr,Valid
Banja Luka,PM2.5 - Principal,2023-02-23 05:00 AM,2023,02,23,05,45.9,127,Unhealthy for Sensitive Groups,39.6,UG/M3,1 Hr,Valid
Banja Luka,PM2.5 - Principal,2023-02-23 06:00 AM,2023,02,23,06,38.8,109,Unhealthy for Sensitive Groups,31.7,UG/M3,1 Hr,Valid
Banja Luka,PM2.5 - Principal,2023-02-23 07:00 AM,2023,02,23,07,34.1,97,Moderate,29.5,UG/M3,1 Hr,Valid
Banja Luka,PM2.5 - Principal,2023-02-23 08:00 AM,2023,02,23,08,37.4,106,Unhealthy for Sensitive Groups,40.8,UG/M3,1 Hr,Valid
Banja Luka,PM2.5 - Principal,2023-02-23 09:00 AM,2023,02,23,09,33.8,97,Moderate,30.3,UG/M3,1 Hr,Valid
Banja Luka,PM2.5 - Principal,2023-02-23 10:00 AM,2023,02,23,10,34.7,99,Moderate,35.6,UG/M3,1 Hr,Valid
Banja Luka,PM2.5 - Principal,2023-02-23 11:00 AM,2023,02,23,11,34.5,98,Moderate,34.3,UG/M3,1 Hr,Valid
Banja Luka,PM2.5 - Principal,2023-02-23 12:00 PM,2023,02,23,12,35.9,102,Unhealthy for Sensitive Groups,37.3,UG/M3,1 Hr,Valid
Banja Luka,PM2.5 - Principal,2023-02-23 01:00 PM,2023,02,23,13,31.7,92,Moderate,27.1,UG/M3,1 Hr,Valid
Banja Luka,PM2.5 - Principal,2023-02-23 02:00 PM,2023,02,23,14,26.6,81,Moderate,21.6,UG/M3,1 Hr,Valid
Banja Luka,PM2.5 - Principal,2023-02-23 03:00 PM,2023,02,23,15,19.4,66,Moderate,12.3,UG/M3,1 Hr,Valid
Banja Luka,PM2.5 - Principal,2023-02-23 04:00 PM,2023,02,23,16,17.3,62,Moderate,15.2,UG/M3,1 Hr,Valid
Banja Luka,PM2.5 - Principal,2023-02-23 05:00 PM,2023,02,23,17,17.9,63,Moderate,18.4,UG/M3,1 Hr,Valid
Banja Luka,PM2.5 - Principal,2023-02-23 06:00 PM,2023,02,23,18,29.7,88,Moderate,41.6,UG/M3,1 Hr,Valid
Banja Luka,PM2.5 - Principal,2023-02-23 07:00 PM,2023,02,23,19,83.3,165,Unhealthy,136.9,UG/M3,1 Hr,Valid
Banja Luka,PM2.5 - Principal,2023-02-23 08:00 PM,2023,02,23,20,158.3,209,Very Unhealthy,233.3,UG/M3,1 Hr,Valid
Banja Luka,PM2.5 - Principal,2023-02-23 09:00 PM,2023,02,23,21,144.6,197,Unhealthy,130.8,UG/M3,1 Hr,Valid
Banja Luka,PM2.5 - Principal,2023-02-23 10:00 PM,2023,02,23,22,147.6,199,Unhealthy,150.5,UG/M3,1 Hr,Valid
Banja Luka,PM2.5 - Principal,2023-02-23 11:00 PM,2023,02,23,23,162.6,213,Very Unhealthy,177.6,UG/M3,1 Hr,Valid
Banja Luka,PM2.5 - Principal,2023-02-24 12:00 AM,2023,02,24,00,153.9,204,Very Unhealthy,145.2,UG/M3,1 Hr,Valid
Banja Luka,PM2.5 - Principal,2023-02-24 01:00 AM,2023,02,24,01,116.0,182,Unhealthy,78.0,UG/M3,1 Hr,Valid
Banja Luka,PM2.5 - Principal,2023-02-24 02:00 AM,2023,02,24,02,78.6,163,Unhealthy,41.2,UG/M3,1 Hr,Valid
Banja Luka,PM2.5 - Principal,2023-02-24 03:00 AM,2023,02,24,03,88.3,168,Unhealthy,98.1,UG/M3,1 Hr,Valid
Banja Luka,PM2.5 - Principal,2023-02-24 04:00 AM,2023,02,24,04,65.3,156,Unhealthy,42.2,UG/M3,1 Hr,Valid
Banja Luka,PM2.5 - Principal,2023-02-24 05:00 AM,2023,02,24,05,47.0,129,Unhealthy for Sensitive Groups,28.7,UG/M3,1 Hr,Valid
Banja Luka,PM2.5 - Principal,2023-02-24 06:00 AM,2023,02,24,06,36.0,102,Unhealthy for Sensitive Groups,25.1,UG/M3,1 Hr,Valid
Banja Luka,PM2.5 - Principal,2023-02-24 07:00 AM,2023,02,24,07,40.3,113,Unhealthy for Sensitive Groups,44.5,UG/M3,1 Hr,Valid
Banja Luka,PM2.5 - Principal,2023-02-24 08:00 AM,2023,02,24,08,46.0,127,Unhealthy for Sensitive Groups,51.9,UG/M3,1 Hr,Valid
Banja Luka,PM2.5 - Principal,2023-02-24 09:00 AM,2023,02,24,09,58.8,153,Unhealthy,71.7,UG/M3,1 Hr,Valid
Banja Luka,PM2.5 - Principal,2023-02-24 10:00 AM,2023,02,24,10,67.9,157,Unhealthy,76.9,UG/M3,1 Hr,Valid
Banja Luka,PM2.5 - Principal,2023-02-24 11:00 AM,2023,02,24,11,41.0,115,Unhealthy for Sensitive Groups,14.2,UG/M3,1 Hr,Valid
Banja Luka,PM2.5 - Principal,2023-02-24 12:00 PM,2023,02,24,12,27.4,83,Moderate,13.8,UG/M3,1 Hr,Valid
Banja Luka,PM2.5 - Principal,2023-02-24 01:00 PM,2023,02,24,13,20.5,69,Moderate,13.7,UG/M3,1 Hr,Valid
Banja Luka,PM2.5 - Principal,2023-02-24 02:00 PM,2023,02,24,14,18.1,64,Moderate,15.6,UG/M3,1 Hr,Valid
Banja Luka,PM2.5 - Principal,2023-02-24 03:00 PM,2023,02,24,15,16.3,60,Moderate,14.5,UG/M3,1 Hr,Valid
Banja Luka,PM2.5 - Principal,2023-02-24 04:00 PM,2023,02,24,16,16.3,60,Moderate,16.4,UG/M3,1 Hr,Valid
Banja Luka,PM2.5 - Principal,2023-02-24 05:00 PM,2023,02,24,17,16.2,60,Moderate,16.1,UG/M3,1 Hr,Valid
Banja Luka,PM2.5 - Principal,2023-02-24 06:00 PM,2023,02,24,18,16.1,59,Moderate,16.0,UG/M3,1 Hr,Valid
Banja Luka,PM2.5 - Principal,2023-02-24 07:00 PM,2023,02,24,19,18.4,64,Moderate,20.6,UG/M3,1 Hr,Valid
Banja Luka,PM2.5 - Principal,2023-02-24 08:00 PM,2023,02,24,20,18.7,65,Moderate,19.1,UG/M3,1 Hr,Valid
Banja Luka,PM2.5 - Principal,2023-02-24 09:00 PM,2023,02,24,21,17.7,63,Moderate,16.6,UG/M3,1 Hr,Valid
Banja Luka,PM2.5 - Principal,2023-02-24 10:00 PM,2023,02,24,22,16.9,61,Moderate,15.8,UG/M3,1 Hr,Valid
Banja Luka,PM2.5 - Principal,2023-02-24 11:00 PM,2023,02,24,23,15.8,59,Moderate,13.6,UG/M3,1 Hr,Valid
Banja Luka,PM2.5 - Principal,2023-02-25 12:00 AM,2023,02,25,00,15.1,57,Moderate,13.7,UG/M3,1 Hr,Valid
Banja Luka,PM2.5 - Principal,2023-02-25 01:00 AM,2023,02,25,01,15.0,57,Moderate,14.8,UG/M3,1 Hr,Valid
Banja Luka,PM2.5 - Principal,2023-02-25 02:00 AM,2023,02,25,02,14.4,56,Moderate,13.3,UG/M3,1 Hr,Valid
Banja Luka,PM2.5 - Principal,2023-02-25 03:00 AM,2023,02,25,03,14.1,55,Moderate,13.7,UG/M3,1 Hr,Valid
Banja Luka,PM2.5 - Principal,2023-02-25 04:00 AM,2023,02,25,04,12.0,50,Good,10.1,UG/M3,1 Hr,Valid
Banja Luka,PM2.5 - Principal,2023-02-25 05:00 AM,2023,02,25,05,8.6,36,Good,5.3,UG/M3,1 Hr,Valid
Banja Luka,PM2.5 - Principal,2023-02-25 06:00 AM,2023,02,25,06,6.0,25,Good,3.4,UG/M3,1 Hr,Valid
Banja Luka,PM2.5 - Principal,2023-02-25 07:00 AM,2023,02,25,07,5.0,21,Good,4.0,UG/M3,1 Hr,Valid
Banja Luka,PM2.5 - Principal,2023-02-25 08:00 AM,2023,02,25,08,4.8,20,Good,4.6,UG/M3,1 Hr,Valid
Banja Luka,PM2.5 - Principal,2023-02-25 09:00 AM,2023,02,25,09,5.9,25,Good,7.1,UG/M3,1 Hr,Valid
Banja Luka,PM2.5 - Principal,2023-02-25 10:00 AM,2023,02,25,10,8.8,37,Good,11.6,UG/M3,1 Hr,Valid
Banja Luka,PM2.5 - Principal,2023-02-25 11:00 AM,2023,02,25,11,13.0,53,Moderate,17.3,UG/M3,1 Hr,Valid
Banja Luka,PM2.5 - Principal,2023-02-25 12:00 PM,2023,02,25,12,14.5,56,Moderate,15.9,UG/M3,1 Hr,Valid
Banja Luka,PM2.5 - Principal,2023-02-25 01:00 PM,2023,02,25,13,14.8,57,Moderate,15.0,UG/M3,1 Hr,Valid
Banja Luka,PM2.5 - Principal,2023-02-25 02:00 PM,2023,02,25,14,14.8,57,Moderate,14.8,UG/M3,1 Hr,Valid
Banja Luka,PM2.5 - Principal,2023-02-25 03:00 PM,2023,02,25,15,12.8,52,Moderate,10.8,UG/M3,1 Hr,Valid
Banja Luka,PM2.5 - Principal,2023-02-25 04:00 PM,2023,02,25,16,10.0,42,Good,7.2,UG/M3,1 Hr,Valid
Banja Luka,PM2.5 - Principal,2023-02-25 05:00 PM,2023,02,25,17,12.6,52,Moderate,15.3,UG/M3,1 Hr,Valid
Banja Luka,PM2.5 - Principal,2023-02-25 06:00 PM,2023,02,25,18,17.6,63,Moderate,22.5,UG/M3,1 Hr,Valid
Banja Luka,PM2.5 - Principal,2023-02-25 07:00 PM,2023,02,25,19,16.2,60,Moderate,14.9,UG/M3,1 Hr,Valid
Banja Luka,PM2.5 - Principal,2023-02-25 08:00 PM,2023,02,25,20,20.1,68,Moderate,23.9,UG/M3,1 Hr,Valid
Banja Luka,PM2.5 - Principal,2023-02-25 09:00 PM,2023,02,25,21,14.1,55,Moderate,8.1,UG/M3,1 Hr,Valid
Banja Luka,PM2.5 - Principal,2023-02-25 10:00 PM,2023,02,25,22,9.4,39,Good,4.7,UG/M3,1 Hr,Valid
Banja Luka,PM2.5 - Principal,2023-02-25 11:00 PM,2023,02,25,23,8.0,33,Good,6.6,UG/M3,1 Hr,Valid
Banja Luka,PM2.5 - Principal,2023-02-26 12:00 AM,2023,02,26,00,9.0,38,Good,10.1,UG/M3,1 Hr,Valid
Banja Luka,PM2.5 - Principal,2023-02-26 01:00 AM,2023,02,26,01,8.3,35,Good,7.5,UG/M3,1 Hr,Valid
Banja Luka,PM2.5 - Principal,2023-02-26 02:00 AM,2023,02,26,02,9.6,40,Good,10.9,UG/M3,1 Hr,Valid
Banja Luka,PM2.5 - Principal,2023-02-26 03:00 AM,2023,02,26,03,8.6,36,Good,7.6,UG/M3,1 Hr,Valid
Banja Luka,PM2.5 - Principal,2023-02-26 04:00 AM,2023,02,26,04,7.3,30,Good,5.9,UG/M3,1 Hr,Valid
Banja Luka,PM2.5 - Principal,2023-02-26 05:00 AM,2023,02,26,05,6.9,29,Good,6.6,UG/M3,1 Hr,Valid
Banja Luka,PM2.5 - Principal,2023-02-26 06:00 AM,2023,02,26,06,6.4,27,Good,5.9,UG/M3,1 Hr,Valid
Banja Luka,PM2.5 - Principal,2023-02-26 07:00 AM,2023,02,26,07,6.2,26,Good,6.0,UG/M3,1 Hr,Valid
Banja Luka,PM2.5 - Principal,2023-02-26 08:00 AM,2023,02,26,08,7.9,33,Good,9.6,UG/M3,1 Hr,Valid
Banja Luka,PM2.5 - Principal,2023-02-26 09:00 AM,2023,02,26,09,12.1,51,Moderate,16.2,UG/M3,1 Hr,Valid
Banja Luka,PM2.5 - Principal,2023-02-26 10:00 AM,2023,02,26,10,15.3,58,Moderate,18.5,UG/M3,1 Hr,Valid
Banja Luka,PM2.5 - Principal,2023-02-26 11:00 AM,2023,02,26,11,17.8,63,Moderate,20.3,UG/M3,1 Hr,Valid
Banja Luka,PM2.5 - Principal,2023-02-26 12:00 PM,2023,02,26,12,50.3,137,Unhealthy for Sensitive Groups,82.8,UG/M3,1 Hr,Valid
Banja Luka,PM2.5 - Principal,2023-02-26 01:00 PM,2023,02,26,13,59.1,153,Unhealthy,67.9,UG/M3,1 Hr,Valid
Banja Luka,PM2.5 - Principal,2023-02-26 02:00 PM,2023,02,26,14,60.4,154,Unhealthy,61.6,UG/M3,1 Hr,Valid
Banja Luka,PM2.5 - Principal,2023-02-26 03:00 PM,2023,02,26,15,54.4,148,Unhealthy for Sensitive Groups,48.4,UG/M3,1 Hr,Valid
Banja Luka,PM2.5 - Principal,2023-02-26 04:00 PM,2023,02,26,16,53.3,145,Unhealthy for Sensitive Groups,52.3,UG/M3,1 Hr,Valid
Banja Luka,PM2.5 - Principal,2023-02-26 05:00 PM,2023,02,26,17,49.2,135,Unhealthy for Sensitive Groups,45.0,UG/M3,1 Hr,Valid
Banja Luka,PM2.5 - Principal,2023-02-26 06:00 PM,2023,02,26,18,48.9,134,Unhealthy for Sensitive Groups,48.6,UG/M3,1 Hr,Valid
Banja Luka,PM2.5 - Principal,2023-02-26 07:00 PM,2023,02,26,19,58.5,153,Unhealthy,68.2,UG/M3,1 Hr,Valid
Banja Luka,PM2.5 - Principal,2023-02-26 08:00 PM,2023,02,26,20,63.7,155,Unhealthy,68.8,UG/M3,1 Hr,Valid
Banja Luka,PM2.5 - Principal,2023-02-26 09:00 PM,2023,02,26,21,59.7,153,Unhealthy,55.8,UG/M3,1 Hr,Valid
Banja Luka,PM2.5 - Principal,2023-02-26 10:00 PM,2023,02,26,22,58.4,152,Unhealthy,57.1,UG/M3,1 Hr,Valid
Banja Luka,PM2.5 - Principal,2023-02-26 11:00 PM,2023,02,26,23,54.7,148,Unhealthy for Sensitive Groups,50.1,UG/M3,1 Hr,Valid
Banja Luka,PM2.5 - Principal,2023-02-27 12:00 AM,2023,02,27,00,53.2,145,Unhealthy for Sensitive Groups,48.8,UG/M3,1 Hr,Valid
Banja Luka,PM2.5 - Principal,2023-02-27 01:00 AM,2023,02,27,01,41.0,115,Unhealthy for Sensitive Groups,30.5,UG/M3,1 Hr,Valid
Banja Luka,PM2.5 - Principal,2023-02-27 02:00 AM,2023,02,27,02,30.1,89,Moderate,19.1,UG/M3,1 Hr,Valid
Banja Luka,PM2.5 - Principal,2023-02-27 03:00 AM,2023,02,27,03,22.5,73,Moderate,15.0,UG/M3,1 Hr,Valid
Banja Luka,PM2.5 - Principal,2023-02-27 04:00 AM,2023,02,27,04,16.3,60,Moderate,10.1,UG/M3,1 Hr,Valid
Banja Luka,PM2.5 - Principal,2023-02-27 05:00 AM,2023,02,27,05,13.0,53,Moderate,9.7,UG/M3,1 Hr,Valid
Banja Luka,PM2.5 - Principal,2023-02-27 06:00 AM,2023,02,27,06,12.2,51,Moderate,11.4,UG/M3,1 Hr,Valid
Banja Luka,PM2.5 - Principal,2023-02-27 07:00 AM,2023,02,27,07,20.9,70,Moderate,29.6,UG/M3,1 Hr,Valid
Banja Luka,PM2.5 - Principal,2023-02-27 08:00 AM,2023,02,27,08,16.5,60,Moderate,12.2,UG/M3,1 Hr,Valid
Banja Luka,PM2.5 - Principal,2023-02-27 09:00 AM,2023,02,27,09,14.6,56,Moderate,12.7,UG/M3,1 Hr,Valid
Banja Luka,PM2.5 - Principal,2023-02-27 10:00 AM,2023,02,27,10,16.0,59,Moderate,17.3,UG/M3,1 Hr,Valid
Banja Luka,PM2.5 - Principal,2023-02-27 11:00 AM,2023,02,27,11,18.1,64,Moderate,20.3,UG/M3,1 Hr,Valid
Banja Luka,PM2.5 - Principal,2023-02-27 12:00 PM,2023,02,27,12,16.7,61,Moderate,15.3,UG/M3,1 Hr,Valid
Banja Luka,PM2.5 - Principal,2023-02-27 01:00 PM,2023,02,27,13,15.7,59,Moderate,14.6,UG/M3,1 Hr,Valid
Banja Luka,PM2.5 - Principal,2023-02-27 02:00 PM,2023,02,27,14,16.5,60,Moderate,17.4,UG/M3,1 Hr,Valid
Banja Luka,PM2.5 - Principal,2023-02-27 03:00 PM,2023,02,27,15,17.4,62,Moderate,18.3,UG/M3,1 Hr,Valid
Banja Luka,PM2.5 - Principal,2023-02-27 04:00 PM,2023,02,27,16,18.8,65,Moderate,20.1,UG/M3,1 Hr,Valid
Banja Luka,PM2.5 - Principal,2023-02-27 05:00 PM,2023,02,27,17,23.0,74,Moderate,27.2,UG/M3,1 Hr,Valid
Banja Luka,PM2.5 - Principal,2023-02-27 06:00 PM,2023,02,27,18,36.3,103,Unhealthy for Sensitive Groups,49.6,UG/M3,1 Hr,Valid
Banja Luka,PM2.5 - Principal,2023-02-27 07:00 PM,2023,02,27,19,41.3,115,Unhealthy for Sensitive Groups,46.3,UG/M3,1 Hr,Valid
Banja Luka,PM2.5 - Principal,2023-02-27 08:00 PM,2023,02,27,20,39.3,110,Unhealthy for Sensitive Groups,37.3,UG/M3,1 Hr,Valid
Banja Luka,PM2.5 - Principal,2023-02-27 09:00 PM,2023,02,27,21,36.4,103,Unhealthy for Sensitive Groups,33.4,UG/M3,1 Hr,Valid
Banja Luka,PM2.5 - Principal,2023-02-27 10:00 PM,2023,02,27,22,31.2,91,Moderate,26.0,UG/M3,1 Hr,Valid
Banja Luka,PM2.5 - Principal,2023-02-27 11:00 PM,2023,02,27,23,29.3,87,Moderate,27.5,UG/M3,1 Hr,Valid
Banja Luka,PM2.5 - Principal,2023-02-28 12:00 AM,2023,02,28,00,28.1,85,Moderate,26.9,UG/M3,1 Hr,Valid
Banja Luka,PM2.5 - Principal,2023-02-28 01:00 AM,2023,02,28,01,28.4,85,Moderate,28.7,UG/M3,1 Hr,Valid
Banja Luka,PM2.5 - Principal,2023-02-28 02:00 AM,2023,02,28,02,26.4,81,Moderate,24.4,UG/M3,1 Hr,Valid
Banja Luka,PM2.5 - Principal,2023-02-28 03:00 AM,2023,02,28,03,19.9,67,Moderate,13.5,UG/M3,1 Hr,Valid
Banja Luka,PM2.5 - Principal,2023-02-28 04:00 AM,2023,02,28,04,16.6,60,Moderate,13.4,UG/M3,1 Hr,Valid
Banja Luka,PM2.5 - Principal,2023-02-28 05:00 AM,2023,02,28,05,13.3,54,Moderate,9.9,UG/M3,1 Hr,Valid
Banja Luka,PM2.5 - Principal,2023-02-28 06:00 AM,2023,02,28,06,12.0,50,Good,10.7,UG/M3,1 Hr,Valid
Banja Luka,PM2.5 - Principal,2023-02-28 07:00 AM,2023,02,28,07,19.6,67,Moderate,27.3,UG/M3,1 Hr,Valid
Banja Luka,PM2.5 - Principal,2023-02-28 08:00 AM,2023,02,28,08,20.7,69,Moderate,21.8,UG/M3,1 Hr,Valid
Banja Luka,PM2.5 - Principal,2023-02-28 09:00 AM,2023,02,28,09,20.3,68,Moderate,20.0,UG/M3,1 Hr,Valid
Banja Luka,PM2.5 - Principal,2023-02-28 10:00 AM,2023,02,28,10,19.1,66,Moderate,17.8,UG/M3,1 Hr,Valid
Banja Luka,PM2.5 - Principal,2023-02-28 11:00 AM,2023,02,28,11,22.9,74,Moderate,26.8,UG/M3,1 Hr,Valid
Banja Luka,PM2.5 - Principal,2023-02-28 12:00 PM,2023,02,28,12,19.9,67,Moderate,16.9,UG/M3,1 Hr,Valid
Banja Luka,PM2.5 - Principal,2023-02-28 01:00 PM,2023,02,28,13,17.6,63,Moderate,15.2,UG/M3,1 Hr,Valid
Banja Luka,PM2.5 - Principal,2023-02-28 02:00 PM,2023,02,28,14,16.5,60,Moderate,15.5,UG/M3,1 Hr,Valid
Banja Luka,PM2.5 - Principal,2023-02-28 03:00 PM,2023,02,28,15,20.4,68,Moderate,24.3,UG/M3,1 Hr,Valid
Banja Luka,PM2.5 - Principal,2023-02-28 04:00 PM,2023,02,28,16,25.4,79,Moderate,30.3,UG/M3,1 Hr,Valid
Banja Luka,PM2.5 - Principal,2023-02-28 05:00 PM,2023,02,28,17,21.1,70,Moderate,16.9,UG/M3,1 Hr,Valid
Banja Luka,PM2.5 - Principal,2023-02-28 06:00 PM,2023,02,28,18,20.3,68,Moderate,19.5,UG/M3,1 Hr,Valid
Banja Luka,PM2.5 - Principal,2023-02-28 07:00 PM,2023,02,28,19,20.4,68,Moderate,20.4,UG/M3,1 Hr,Valid
Banja Luka,PM2.5 - Principal,2023-02-28 08:00 PM,2023,02,28,20,19.8,67,Moderate,19.2,UG/M3,1 Hr,Valid
Banja Luka,PM2.5 - Principal,2023-02-28 09:00 PM,2023,02,28,21,19.7,67,Moderate,19.6,UG/M3,1 Hr,Valid
Banja Luka,PM2.5 - Principal,2023-02-28 10:00 PM,2023,02,28,22,20.1,68,Moderate,20.6,UG/M3,1 Hr,Valid
Banja Luka,PM2.5 - Principal,2023-02-28 11:00 PM,2023,02,28,23,26.2,81,Moderate,32.2,UG/M3,1 Hr,Valid
Banja Luka,PM2.5 - Principal,2023-03-01 12:00 AM,2023,03,01,00,30.1,89,Moderate,34.0,UG/M3,1 Hr,Valid
Banja Luka,PM2.5 - Principal,2023-03-01 01:00 AM,2023,03,01,01,29.4,87,Moderate,28.7,UG/M3,1 Hr,Valid
Banja Luka,PM2.5 - Principal,2023-03-01 02:00 AM,2023,03,01,02,27.0,82,Moderate,24.6,UG/M3,1 Hr,Valid
Banja Luka,PM2.5 - Principal,2023-03-01 03:00 AM,2023,03,01,03,25.1,78,Moderate,23.2,UG/M3,1 Hr,Valid
Banja Luka,PM2.5 - Principal,2023-03-01 04:00 AM,2023,03,01,04,23.7,75,Moderate,22.2,UG/M3,1 Hr,Valid
Banja Luka,PM2.5 - Principal,2023-03-01 05:00 AM,2023,03,01,05,22.2,72,Moderate,19.9,UG/M3,1 Hr,Valid
Banja Luka,PM2.5 - Principal,2023-03-01 06:00 AM,2023,03,01,06,19.8,67,Moderate,17.6,UG/M3,1 Hr,Valid
Banja Luka,PM2.5 - Principal,2023-03-01 07:00 AM,2023,03,01,07,29.0,87,Moderate,38.4,UG/M3,1 Hr,Valid
Banja Luka,PM2.5 - Principal,2023-03-01 08:00 AM,2023,03,01,08,28.9,86,Moderate,28.7,UG/M3,1 Hr,Valid
Banja Luka,PM2.5 - Principal,2023-03-01 09:00 AM,2023,03,01,09,32.4,94,Moderate,35.8,UG/M3,1 Hr,Valid
Banja Luka,PM2.5 - Principal,2023-03-01 10:00 AM,2023,03,01,10,35.8,102,Unhealthy for Sensitive Groups,39.2,UG/M3,1 Hr,Valid
Banja Luka,PM2.5 - Principal,2023-03-01 11:00 AM,2023,03,01,11,34.3,98,Moderate,32.8,UG/M3,1 Hr,Valid
Banja Luka,PM2.5 - Principal,2023-03-01 12:00 PM,2023,03,01,12,39.7,111,Unhealthy for Sensitive Groups,45.1,UG/M3,1 Hr,Valid
Banja Luka,PM2.5 - Principal,2023-03-01 01:00 PM,2023,03,01,13,36.5,103,Unhealthy for Sensitive Groups,33.2,UG/M3,1 Hr,Valid
Banja Luka,PM2.5 - Principal,2023-03-01 02:00 PM,2023,03,01,14,36.6,104,Unhealthy for Sensitive Groups,36.7,UG/M3,1 Hr,Valid
Banja Luka,PM2.5 - Principal,2023-03-01 03:00 PM,2023,03,01,15,29.3,87,Moderate,21.9,UG/M3,1 Hr,Valid
Banja Luka,PM2.5 - Principal,2023-03-01 04:00 PM,2023,03,01,16,28.5,85,Moderate,27.8,UG/M3,1 Hr,Valid
Banja Luka,PM2.5 - Principal,2023-03-01 05:00 PM,2023,03,01,17,26.6,81,Moderate,24.8,UG/M3,1 Hr,Valid
Banja Luka,PM2.5 - Principal,2023-03-01 06:00 PM,2023,03,01,18,77.2,162,Unhealthy,127.8,UG/M3,1 Hr,Valid
Banja Luka,PM2.5 - Principal,2023-03-01 07:00 PM,2023,03,01,19,103.8,176,Unhealthy,130.4,UG/M3,1 Hr,Valid
Banja Luka,PM2.5 - Principal,2023-03-01 08:00 PM,2023,03,01,20,103.4,176,Unhealthy,102.9,UG/M3,1 Hr,Valid
Banja Luka,PM2.5 - Principal,2023-03-01 09:00 PM,2023,03,01,21,107.5,178,Unhealthy,111.6,UG/M3,1 Hr,Valid
Banja Luka,PM2.5 - Principal,2023-03-01 10:00 PM,2023,03,01,22,89.1,168,Unhealthy,70.6,UG/M3,1 Hr,Valid
Banja Luka,PM2.5 - Principal,2023-03-01 11:00 PM,2023,03,01,23,125.2,187,Unhealthy,161.2,UG/M3,1 Hr,Valid
Banja Luka,PM2.5 - Principal,2023-03-02 12:00 AM,2023,03,02,00,103.9,176,Unhealthy,82.6,UG/M3,1 Hr,Valid
Banja Luka,PM2.5 - Principal,2023-03-02 01:00 AM,2023,03,02,01,61.0,154,Unhealthy,18.1,UG/M3,1 Hr,Valid
Banja Luka,PM2.5 - Principal,2023-03-02 02:00 AM,2023,03,02,02,36.8,104,Unhealthy for Sensitive Groups,12.6,UG/M3,1 Hr,Valid
Banja Luka,PM2.5 - Principal,2023-03-02 03:00 AM,2023,03,02,03,22.9,74,Moderate,8.9,UG/M3,1 Hr,Valid
Banja Luka,PM2.5 - Principal,2023-03-02 04:00 AM,2023,03,02,04,15.8,59,Moderate,8.8,UG/M3,1 Hr,Valid
Banja Luka,PM2.5 - Principal,2023-03-02 05:00 AM,2023,03,02,05,19.5,67,Moderate,23.2,UG/M3,1 Hr,Valid
Banja Luka,PM2.5 - Principal,2023-03-02 06:00 AM,2023,03,02,06,26.5,81,Moderate,33.4,UG/M3,1 Hr,Valid
Banja Luka,PM2.5 - Principal,2023-03-02 07:00 AM,2023,03,02,07,31.2,91,Moderate,36.0,UG/M3,1 Hr,Valid
Banja Luka,PM2.5 - Principal,2023-03-02 08:00 AM,2023,03,02,08,44.7,124,Unhealthy for Sensitive Groups,58.1,UG/M3,1 Hr,Valid
Banja Luka,PM2.5 - Principal,2023-03-02 09:00 AM,2023,03,02,09,58.1,152,Unhealthy,71.5,UG/M3,1 Hr,Valid
Banja Luka,PM2.5 - Principal,2023-03-02 10:00 AM,2023,03,02,10,50.5,138,Unhealthy for Sensitive Groups,42.9,UG/M3,1 Hr,Valid
Banja Luka,PM2.5 - Principal,2023-03-02 11:00 AM,2023,03,02,11,47.0,129,Unhealthy for Sensitive Groups,43.5,UG/M3,1 Hr,Valid
Banja Luka,PM2.5 - Principal,2023-03-02 12:00 PM,2023,03,02,12,35.2,100,Moderate,23.4,UG/M3,1 Hr,Valid
Banja Luka,PM2.5 - Principal,2023-03-02 01:00 PM,2023,03,02,13,30.2,89,Moderate,25.3,UG/M3,1 Hr,Valid
Banja Luka,PM2.5 - Principal,2023-03-02 02:00 PM,2023,03,02,14,24.4,77,Moderate,18.7,UG/M3,1 Hr,Valid
Banja Luka,PM2.5 - Principal,2023-03-02 03:00 PM,2023,03,02,15,21.7,71,Moderate,18.9,UG/M3,1 Hr,Valid
Banja Luka,PM2.5 - Principal,2023-03-02 04:00 PM,2023,03,02,16,23.6,75,Moderate,25.6,UG/M3,1 Hr,Valid
Banja Luka,PM2.5 - Principal,2023-03-02 05:00 PM,2023,03,02,17,26.8,82,Moderate,29.9,UG/M3,1 Hr,Valid
Banja Luka,PM2.5 - Principal,2023-03-02 06:00 PM,2023,03,02,18,33.3,96,Moderate,39.9,UG/M3,1 Hr,Valid
Banja Luka,PM2.5 - Principal,2023-03-02 07:00 PM,2023,03,02,19,32.5,94,Moderate,31.7,UG/M3,1 Hr,Valid
Banja Luka,PM2.5 - Principal,2023-03-02 08:00 PM,2023,03,02,20,55.5,151,Unhealthy,78.5,UG/M3,1 Hr,Valid
Banja Luka,PM2.5 - Principal,2023-03-02 09:00 PM,2023,03,02,21,99.4,174,Unhealthy,143.3,UG/M3,1 Hr,Valid
Banja Luka,PM2.5 - Principal,2023-03-02 10:00 PM,2023,03,02,22,112.0,180,Unhealthy,124.5,UG/M3,1 Hr,Valid
Banja Luka,PM2.5 - Principal,2023-03-02 11:00 PM,2023,03,02,23,86.1,167,Unhealthy,60.2,UG/M3,1 Hr,Valid
Banja Luka,PM2.5 - Principal,2023-03-03 12:00 AM,2023,03,03,00,89.7,169,Unhealthy,93.3,UG/M3,1 Hr,Valid
Banja Luka,PM2.5 - Principal,2023-03-03 01:00 AM,2023,03,03,01,78.6,163,Unhealthy,67.5,UG/M3,1 Hr,Valid
Banja Luka,PM2.5 - Principal,2023-03-03 02:00 AM,2023,03,03,02,59.4,153,Unhealthy,40.1,UG/M3,1 Hr,Valid
Banja Luka,PM2.5 - Principal,2023-03-03 03:00 AM,2023,03,03,03,46.5,128,Unhealthy for Sensitive Groups,33.7,UG/M3,1 Hr,Valid
Banja Luka,PM2.5 - Principal,2023-03-03 04:00 AM,2023,03,03,04,32.8,95,Moderate,19.2,UG/M3,1 Hr,Valid
Banja Luka,PM2.5 - Principal,2023-03-03 05:00 AM,2023,03,03,05,26.4,81,Moderate,20.0,UG/M3,1 Hr,Valid
Banja Luka,PM2.5 - Principal,2023-03-03 06:00 AM,2023,03,03,06,24.0,76,Moderate,21.6,UG/M3,1 Hr,Valid
Banja Luka,PM2.5 - Principal,2023-03-03 07:00 AM,2023,03,03,07,33.1,95,Moderate,42.3,UG/M3,1 Hr,Valid
Banja Luka,PM2.5 - Principal,2023-03-03 08:00 AM,2023,03,03,08,31.6,92,Moderate,30.0,UG/M3,1 Hr,Valid
Banja Luka,PM2.5 - Principal,2023-03-03 09:00 AM,2023,03,03,09,41.8,117,Unhealthy for Sensitive Groups,52.0,UG/M3,1 Hr,Valid
Banja Luka,PM2.5 - Principal,2023-03-03 10:00 AM,2023,03,03,10,37.6,106,Unhealthy for Sensitive Groups,33.4,UG/M3,1 Hr,Valid
Banja Luka,PM2.5 - Principal,2023-03-03 11:00 AM,2023,03,03,11,53.0,144,Unhealthy for Sensitive Groups,68.4,UG/M3,1 Hr,Valid
Banja Luka,PM2.5 - Principal,2023-03-03 12:00 PM,2023,03,03,12,46.0,127,Unhealthy for Sensitive Groups,39.1,UG/M3,1 Hr,Valid
Banja Luka,PM2.5 - Principal,2023-03-03 01:00 PM,2023,03,03,13,39.0,110,Unhealthy for Sensitive Groups,31.9,UG/M3,1 Hr,Valid
Banja Luka,PM2.5 - Principal,2023-03-03 02:00 PM,2023,03,03,14,35.2,100,Moderate,31.5,UG/M3,1 Hr,Valid
Banja Luka,PM2.5 - Principal,2023-03-03 03:00 PM,2023,03,03,15,30.8,90,Moderate,26.3,UG/M3,1 Hr,Valid
Banja Luka,PM2.5 - Principal,2023-03-03 04:00 PM,2023,03,03,16,31.8,92,Moderate,32.8,UG/M3,1 Hr,Valid
Banja Luka,PM2.5 - Principal,2023-03-03 05:00 PM,2023,03,03,17,30.7,90,Moderate,29.7,UG/M3,1 Hr,Valid
Banja Luka,PM2.5 - Principal,2023-03-03 06:00 PM,2023,03,03,18,35.8,102,Unhealthy for Sensitive Groups,40.8,UG/M3,1 Hr,Valid
Banja Luka,PM2.5 - Principal,2023-03-03 07:00 PM,2023,03,03,19,40.6,114,Unhealthy for Sensitive Groups,45.4,UG/M3,1 Hr,Valid
Banja Luka,PM2.5 - Principal,2023-03-03 08:00 PM,2023,03,03,20,49.8,136,Unhealthy for Sensitive Groups,59.0,UG/M3,1 Hr,Valid
Banja Luka,PM2.5 - Principal,2023-03-03 09:00 PM,2023,03,03,21,54.5,148,Unhealthy for Sensitive Groups,59.2,UG/M3,1 Hr,Valid
Banja Luka,PM2.5 - Principal,2023-03-03 10:00 PM,2023,03,03,22,48.1,132,Unhealthy for Sensitive Groups,41.7,UG/M3,1 Hr,Valid
Banja Luka,PM2.5 - Principal,2023-03-03 11:00 PM,2023,03,03,23,46.6,128,Unhealthy for Sensitive Groups,45.2,UG/M3,1 Hr,Valid
Banja Luka,PM2.5 - Principal,2023-03-04 12:00 AM,2023,03,04,00,76.9,162,Unhealthy,107.2,UG/M3,1 Hr,Valid
Banja Luka,PM2.5 - Principal,2023-03-04 01:00 AM,2023,03,04,01,62.7,155,Unhealthy,48.4,UG/M3,1 Hr,Valid
Banja Luka,PM2.5 - Principal,2023-03-04 02:00 AM,2023,03,04,02,45.5,126,Unhealthy for Sensitive Groups,28.3,UG/M3,1 Hr,Valid
Banja Luka,PM2.5 - Principal,2023-03-04 03:00 AM,2023,03,04,03,45.9,127,Unhealthy for Sensitive Groups,46.3,UG/M3,1 Hr,Valid
Banja Luka,PM2.5 - Principal,2023-03-04 04:00 AM,2023,03,04,04,36.6,104,Unhealthy for Sensitive Groups,27.2,UG/M3,1 Hr,Valid
Banja Luka,PM2.5 - Principal,2023-03-04 05:00 AM,2023,03,04,05,33.0,95,Moderate,29.5,UG/M3,1 Hr,Valid
Banja Luka,PM2.5 - Principal,2023-03-04 06:00 AM,2023,03,04,06,28.5,85,Moderate,24.0,UG/M3,1 Hr,Valid
Banja Luka,PM2.5 - Principal,2023-03-04 07:00 AM,2023,03,04,07,25.1,78,Moderate,21.7,UG/M3,1 Hr,Valid
Banja Luka,PM2.5 - Principal,2023-03-04 08:00 AM,2023,03,04,08,27.0,82,Moderate,28.9,UG/M3,1 Hr,Valid
Banja Luka,PM2.5 - Principal,2023-03-04 09:00 AM,2023,03,04,09,28.8,86,Moderate,30.5,UG/M3,1 Hr,Valid
Banja Luka,PM2.5 - Principal,2023-03-04 10:00 AM,2023,03,04,10,30.6,90,Moderate,32.5,UG/M3,1 Hr,Valid
Banja Luka,PM2.5 - Principal,2023-03-04 11:00 AM,2023,03,04,11,31.7,92,Moderate,32.8,UG/M3,1 Hr,Valid
Banja Luka,PM2.5 - Principal,2023-03-04 12:00 PM,2023,03,04,12,32.6,94,Moderate,33.4,UG/M3,1 Hr,Valid
Banja Luka,PM2.5 - Principal,2023-03-04 01:00 PM,2023,03,04,13,33.1,95,Moderate,33.5,UG/M3,1 Hr,Valid
Banja Luka,PM2.5 - Principal,2023-03-04 02:00 PM,2023,03,04,14,31.6,92,Moderate,30.1,UG/M3,1 Hr,Valid
Banja Luka,PM2.5 - Principal,2023-03-04 03:00 PM,2023,03,04,15,30.9,91,Moderate,29.8,UG/M3,1 Hr,Valid
Banja Luka,PM2.5 - Principal,2023-03-04 04:00 PM,2023,03,04,16,28.0,84,Moderate,22.6,UG/M3,1 Hr,Valid
Banja Luka,PM2.5 - Principal,2023-03-04 05:00 PM,2023,03,04,17,22.7,73,Moderate,17.9,UG/M3,1 Hr,Valid
Banja Luka,PM2.5 - Principal,2023-03-04 06:00 PM,2023,03,04,18,30.9,91,Moderate,39.6,UG/M3,1 Hr,Valid
Banja Luka,PM2.5 - Principal,2023-03-04 07:00 PM,2023,03,04,19,72.6,160,Unhealthy,114.2,UG/M3,1 Hr,Valid
Banja Luka,PM2.5 - Principal,2023-03-04 08:00 PM,2023,03,04,20,130.8,190,Unhealthy,189.0,UG/M3,1 Hr,Valid
Banja Luka,PM2.5 - Principal,2023-03-04 09:00 PM,2023,03,04,21,136.2,193,Unhealthy,141.6,UG/M3,1 Hr,Valid
Banja Luka,PM2.5 - Principal,2023-03-04 10:00 PM,2023,03,04,22,147.3,198,Unhealthy,158.3,UG/M3,1 Hr,Valid
Banja Luka,PM2.5 - Principal,2023-03-04 11:00 PM,2023,03,04,23,139.2,194,Unhealthy,131.0,UG/M3,1 Hr,Valid
Banja Luka,PM2.5 - Principal,2023-03-05 12:00 AM,2023,03,05,00,105.5,177,Unhealthy,71.9,UG/M3,1 Hr,Valid
Banja Luka,PM2.5 - Principal,2023-03-05 01:00 AM,2023,03,05,01,66.7,157,Unhealthy,27.8,UG/M3,1 Hr,Valid
Banja Luka,PM2.5 - Principal,2023-03-05 02:00 AM,2023,03,05,02,45.8,126,Unhealthy for Sensitive Groups,25.0,UG/M3,1 Hr,Valid
Banja Luka,PM2.5 - Principal,2023-03-05 03:00 AM,2023,03,05,03,35.3,100,Moderate,24.7,UG/M3,1 Hr,Valid
Banja Luka,PM2.5 - Principal,2023-03-05 04:00 AM,2023,03,05,04,30.1,89,Moderate,24.8,UG/M3,1 Hr,Valid
Banja Luka,PM2.5 - Principal,2023-03-05 05:00 AM,2023,03,05,05,27.4,83,Moderate,24.7,UG/M3,1 Hr,Valid
Banja Luka,PM2.5 - Principal,2023-03-05 06:00 AM,2023,03,05,06,28.5,85,Moderate,29.6,UG/M3,1 Hr,Valid
Banja Luka,PM2.5 - Principal,2023-03-05 07:00 AM,2023,03,05,07,28.1,85,Moderate,27.7,UG/M3,1 Hr,Valid
Banja Luka,PM2.5 - Principal,2023-03-05 08:00 AM,2023,03,05,08,27.3,83,Moderate,26.5,UG/M3,1 Hr,Valid
Banja Luka,PM2.5 - Principal,2023-03-05 09:00 AM,2023,03,05,09,41.2,115,Unhealthy for Sensitive Groups,55.2,UG/M3,1 Hr,Valid
Banja Luka,PM2.5 - Principal,2023-03-05 10:00 AM,2023,03,05,10,44.1,122,Unhealthy for Sensitive Groups,46.9,UG/M3,1 Hr,Valid
Banja Luka,PM2.5 - Principal,2023-03-05 11:00 AM,2023,03,05,11,45.9,127,Unhealthy for Sensitive Groups,47.8,UG/M3,1 Hr,Valid
Banja Luka,PM2.5 - Principal,2023-03-05 12:00 PM,2023,03,05,12,28.5,85,Moderate,11.1,UG/M3,1 Hr,Valid
Banja Luka,PM2.5 - Principal,2023-03-05 01:00 PM,2023,03,05,13,18.3,64,Moderate,8.2,UG/M3,1 Hr,Valid
Banja Luka,PM2.5 - Principal,2023-03-05 02:00 PM,2023,03,05,14,13.0,53,Moderate,7.7,UG/M3,1 Hr,Valid
Banja Luka,PM2.5 - Principal,2023-03-05 03:00 PM,2023,03,05,15,10.8,45,Good,8.7,UG/M3,1 Hr,Valid
Banja Luka,PM2.5 - Principal,2023-03-05 04:00 PM,2023,03,05,16,10.7,45,Good,10.5,UG/M3,1 Hr,Valid
Banja Luka,PM2.5 - Principal,2023-03-05 05:00 PM,2023,03,05,17,10.6,44,Good,10.5,UG/M3,1 Hr,Valid
Banja Luka,PM2.5 - Principal,2023-03-05 06:00 PM,2023,03,05,18,12.9,53,Moderate,15.2,UG/M3,1 Hr,Valid
Banja Luka,PM2.5 - Principal,2023-03-05 07:00 PM,2023,03,05,19,17.4,62,Moderate,21.8,UG/M3,1 Hr,Valid
Banja Luka,PM2.5 - Principal,2023-03-05 08:00 PM,2023,03,05,20,88.3,168,Unhealthy,159.2,UG/M3,1 Hr,Valid
Banja Luka,PM2.5 - Principal,2023-03-05 09:00 PM,2023,03,05,21,116.5,182,Unhealthy,144.8,UG/M3,1 Hr,Valid
Banja Luka,PM2.5 - Principal,2023-03-05 10:00 PM,2023,03,05,22,128.6,189,Unhealthy,140.7,UG/M3,1 Hr,Valid
Banja Luka,PM2.5 - Principal,2023-03-05 11:00 PM,2023,03,05,23,154.7,205,Very Unhealthy,180.7,UG/M3,1 Hr,Valid
Banja Luka,PM2.5 - Principal,2023-03-06 12:00 AM,2023,03,06,00,145.6,198,Unhealthy,136.4,UG/M3,1 Hr,Valid
Banja Luka,PM2.5 - Principal,2023-03-06 01:00 AM,2023,03,06,01,136.2,193,Unhealthy,126.8,UG/M3,1 Hr,Valid
Banja Luka,PM2.5 - Principal,2023-03-06 02:00 AM,2023,03,06,02,129.4,189,Unhealthy,122.6,UG/M3,1 Hr,Valid
Banja Luka,PM2.5 - Principal,2023-03-06 03:00 AM,2023,03,06,03,120.2,184,Unhealthy,110.9,UG/M3,1 Hr,Valid
Banja Luka,PM2.5 - Principal,2023-03-06 04:00 AM,2023,03,06,04,93.8,171,Unhealthy,67.5,UG/M3,1 Hr,Valid
Banja Luka,PM2.5 - Principal,2023-03-06 05:00 AM,2023,03,06,05,79.7,163,Unhealthy,65.7,UG/M3,1 Hr,Valid
Banja Luka,PM2.5 - Principal,2023-03-06 06:00 AM,2023,03,06,06,70.0,158,Unhealthy,60.2,UG/M3,1 Hr,Valid
Banja Luka,PM2.5 - Principal,2023-03-06 07:00 AM,2023,03,06,07,68.3,158,Unhealthy,66.7,UG/M3,1 Hr,Valid
Banja Luka,PM2.5 - Principal,2023-03-06 08:00 AM,2023,03,06,08,70.1,159,Unhealthy,71.8,UG/M3,1 Hr,Valid
Banja Luka,PM2.5 - Principal,2023-03-06 09:00 AM,2023,03,06,09,95.9,172,Unhealthy,121.8,UG/M3,1 Hr,Valid
Banja Luka,PM2.5 - Principal,2023-03-06 10:00 AM,2023,03,06,10,103.0,176,Unhealthy,110.1,UG/M3,1 Hr,Valid
Banja Luka,PM2.5 - Principal,2023-03-06 11:00 AM,2023,03,06,11,96.7,172,Unhealthy,90.4,UG/M3,1 Hr,Valid
Banja Luka,PM2.5 - Principal,2023-03-06 12:00 PM,2023,03,06,12,82.1,165,Unhealthy,67.5,UG/M3,1 Hr,Valid
Banja Luka,PM2.5 - Principal,2023-03-06 01:00 PM,2023,03,06,13,46.2,127,Unhealthy for Sensitive Groups,10.4,UG/M3,1 Hr,Valid
Banja Luka,PM2.5 - Principal,2023-03-06 02:00 PM,2023,03,06,14,28.9,86,Moderate,11.5,UG/M3,1 Hr,Valid
Banja Luka,PM2.5 - Principal,2023-03-06 03:00 PM,2023,03,06,15,21.7,71,Moderate,14.6,UG/M3,1 Hr,Valid
Banja Luka,PM2.5 - Principal,2023-03-06 04:00 PM,2023,03,06,16,17.0,61,Moderate,12.2,UG/M3,1 Hr,Valid
Banja Luka,PM2.5 - Principal,2023-03-06 05:00 PM,2023,03,06,17,20.3,68,Moderate,23.7,UG/M3,1 Hr,Valid
Banja Luka,PM2.5 - Principal,2023-03-06 06:00 PM,2023,03,06,18,27.2,83,Moderate,34.0,UG/M3,1 Hr,Valid
Banja Luka,PM2.5 - Principal,2023-03-06 07:00 PM,2023,03,06,19,29.3,87,Moderate,31.5,UG/M3,1 Hr,Valid
Banja Luka,PM2.5 - Principal,2023-03-06 08:00 PM,2023,03,06,20,54.6,148,Unhealthy for Sensitive Groups,79.8,UG/M3,1 Hr,Valid
Banja Luka,PM2.5 - Principal,2023-03-06 09:00 PM,2023,03,06,21,102.6,175,Unhealthy,150.7,UG/M3,1 Hr,Valid
Banja Luka,PM2.5 - Principal,2023-03-06 10:00 PM,2023,03,06,22,101.7,175,Unhealthy,100.7,UG/M3,1 Hr,Valid
Banja Luka,PM2.5 - Principal,2023-03-06 11:00 PM,2023,03,06,23,92.2,170,Unhealthy,82.8,UG/M3,1 Hr,Valid
Banja Luka,PM2.5 - Principal,2023-03-07 12:00 AM,2023,03,07,00,66.1,156,Unhealthy,39.9,UG/M3,1 Hr,Valid
Banja Luka,PM2.5 - Principal,2023-03-07 01:00 AM,2023,03,07,01,52.8,144,Unhealthy for Sensitive Groups,39.4,UG/M3,1 Hr,Valid
Banja Luka,PM2.5 - Principal,2023-03-07 02:00 AM,2023,03,07,02,44.8,124,Unhealthy for Sensitive Groups,36.8,UG/M3,1 Hr,Valid
Banja Luka,PM2.5 - Principal,2023-03-07 03:00 AM,2023,03,07,03,45.0,124,Unhealthy for Sensitive Groups,45.1,UG/M3,1 Hr,Valid
Banja Luka,PM2.5 - Principal,2023-03-07 04:00 AM,2023,03,07,04,39.6,111,Unhealthy for Sensitive Groups,34.3,UG/M3,1 Hr,Valid
Banja Luka,PM2.5 - Principal,2023-03-07 05:00 AM,2023,03,07,05,36.2,103,Unhealthy for Sensitive Groups,32.8,UG/M3,1 Hr,Valid
Banja Luka,PM2.5 - Principal,2023-03-07 06:00 AM,2023,03,07,06,30.9,91,Moderate,25.6,UG/M3,1 Hr,Valid
Banja Luka,PM2.5 - Principal,2023-03-07 07:00 AM,2023,03,07,07,29.2,87,Moderate,27.5,UG/M3,1 Hr,Valid
Banja Luka,PM2.5 - Principal,2023-03-07 08:00 AM,2023,03,07,08,45.4,125,Unhealthy for Sensitive Groups,61.5,UG/M3,1 Hr,Valid
Banja Luka,PM2.5 - Principal,2023-03-07 09:00 AM,2023,03,07,09,43.3,120,Unhealthy for Sensitive Groups,41.2,UG/M3,1 Hr,Valid
Banja Luka,PM2.5 - Principal,2023-03-07 10:00 AM,2023,03,07,10,88.1,168,Unhealthy,132.9,UG/M3,1 Hr,Valid
Banja Luka,PM2.5 - Principal,2023-03-07 11:00 AM,2023,03,07,11,77.9,163,Unhealthy,67.6,UG/M3,1 Hr,Valid
Banja Luka,PM2.5 - Principal,2023-03-07 12:00 PM,2023,03,07,12,41.7,116,Unhealthy for Sensitive Groups,5.4,UG/M3,1 Hr,Valid
Banja Luka,PM2.5 - Principal,2023-03-07 01:00 PM,2023,03,07,13,23.5,75,Moderate,5.5,UG/M3,1 Hr,Valid
Banja Luka,PM2.5 - Principal,2023-03-07 02:00 PM,2023,03,07,14,14.5,56,Moderate,5.5,UG/M3,1 Hr,Valid
Banja Luka,PM2.5 - Principal,2023-03-07 03:00 PM,2023,03,07,15,10.1,42,Good,5.7,UG/M3,1 Hr,Valid
Banja Luka,PM2.5 - Principal,2023-03-07 04:00 PM,2023,03,07,16,7.7,32,Good,5.2,UG/M3,1 Hr,Valid
Banja Luka,PM2.5 - Principal,2023-03-07 05:00 PM,2023,03,07,17,7.0,29,Good,6.3,UG/M3,1 Hr,Valid
Banja Luka,PM2.5 - Principal,2023-03-07 06:00 PM,2023,03,07,18,8.2,34,Good,9.4,UG/M3,1 Hr,Valid
Banja Luka,PM2.5 - Principal,2023-03-07 07:00 PM,2023,03,07,19,9.1,38,Good,10.1,UG/M3,1 Hr,Valid
Banja Luka,PM2.5 - Principal,2023-03-07 08:00 PM,2023,03,07,20,10.5,44,Good,11.9,UG/M3,1 Hr,Valid
Banja Luka,PM2.5 - Principal,2023-03-07 09:00 PM,2023,03,07,21,11.7,49,Good,12.8,UG/M3,1 Hr,Valid
Banja Luka,PM2.5 - Principal,2023-03-07 10:00 PM,2023,03,07,22,9.6,40,Good,7.6,UG/M3,1 Hr,Valid
Banja Luka,PM2.5 - Principal,2023-03-07 11:00 PM,2023,03,07,23,7.7,32,Good,5.8,UG/M3,1 Hr,Valid
Banja Luka,PM2.5 - Principal,2023-03-08 12:00 AM,2023,03,08,00,6.6,28,Good,5.5,UG/M3,1 Hr,Valid
Banja Luka,PM2.5 - Principal,2023-03-08 01:00 AM,2023,03,08,01,5.9,25,Good,5.2,UG/M3,1 Hr,Valid
Banja Luka,PM2.5 - Principal,2023-03-08 02:00 AM,2023,03,08,02,5.6,23,Good,5.4,UG/M3,1 Hr,Valid
Banja Luka,PM2.5 - Principal,2023-03-08 03:00 AM,2023,03,08,03,5.3,22,Good,5.0,UG/M3,1 Hr,Valid
Banja Luka,PM2.5 - Principal,2023-03-08 04:00 AM,2023,03,08,04,4.9,20,Good,4.4,UG/M3,1 Hr,Valid
Banja Luka,PM2.5 - Principal,2023-03-08 05:00 AM,2023,03,08,05,4.8,20,Good,4.7,UG/M3,1 Hr,Valid
Banja Luka,PM2.5 - Principal,2023-03-08 06:00 AM,2023,03,08,06,4.9,20,Good,5.0,UG/M3,1 Hr,Valid
Banja Luka,PM2.5 - Principal,2023-03-08 07:00 AM,2023,03,08,07,7.7,32,Good,10.5,UG/M3,1 Hr,Valid
Banja Luka,PM2.5 - Principal,2023-03-08 08:00 AM,2023,03,08,08,14.7,56,Moderate,21.7,UG/M3,1 Hr,Valid
Banja Luka,PM2.5 - Principal,2023-03-08 09:00 AM,2023,03,08,09,31.9,93,Moderate,49.2,UG/M3,1 Hr,Valid
Banja Luka,PM2.5 - Principal,2023-03-08 10:00 AM,2023,03,08,10,20.7,69,Moderate,9.6,UG/M3,1 Hr,Valid
Banja Luka,PM2.5 - Principal,2023-03-08 11:00 AM,2023,03,08,11,15.2,58,Moderate,9.7,UG/M3,1 Hr,Valid
Banja Luka,PM2.5 - Principal,2023-03-08 12:00 PM,2023,03,08,12,10.8,45,Good,6.4,UG/M3,1 Hr,Valid
Banja Luka,PM2.5 - Principal,2023-03-08 01:00 PM,2023,03,08,13,8.0,33,Good,5.2,UG/M3,1 Hr,Valid
Banja Luka,PM2.5 - Principal,2023-03-08 02:00 PM,2023,03,08,14,6.6,28,Good,5.2,UG/M3,1 Hr,Valid
Banja Luka,PM2.5 - Principal,2023-03-08 03:00 PM,2023,03,08,15,5.7,24,Good,4.8,UG/M3,1 Hr,Valid
Banja Luka,PM2.5 - Principal,2023-03-08 04:00 PM,2023,03,08,16,5.3,22,Good,5.0,UG/M3,1 Hr,Valid
Banja Luka,PM2.5 - Principal,2023-03-08 05:00 PM,2023,03,08,17,5.8,24,Good,6.3,UG/M3,1 Hr,Valid
Banja Luka,PM2.5 - Principal,2023-03-08 06:00 PM,2023,03,08,18,6.5,27,Good,7.1,UG/M3,1 Hr,Valid
Banja Luka,PM2.5 - Principal,2023-03-08 07:00 PM,2023,03,08,19,7.3,30,Good,8.1,UG/M3,1 Hr,Valid
Banja Luka,PM2.5 - Principal,2023-03-08 08:00 PM,2023,03,08,20,8.0,33,Good,8.7,UG/M3,1 Hr,Valid
Banja Luka,PM2.5 - Principal,2023-03-08 09:00 PM,2023,03,08,21,7.4,31,Good,6.7,UG/M3,1 Hr,Valid
Banja Luka,PM2.5 - Principal,2023-03-08 10:00 PM,2023,03,08,22,6.2,26,Good,5.0,UG/M3,1 Hr,Valid
Banja Luka,PM2.5 - Principal,2023-03-08 11:00 PM,2023,03,08,23,5.3,22,Good,4.4,UG/M3,1 Hr,Valid
Banja Luka,PM2.5 - Principal,2023-03-09 12:00 AM,2023,03,09,00,4.4,18,Good,3.6,UG/M3,1 Hr,Valid
Banja Luka,PM2.5 - Principal,2023-03-09 01:00 AM,2023,03,09,01,4.2,18,Good,3.9,UG/M3,1 Hr,Valid
Banja Luka,PM2.5 - Principal,2023-03-09 02:00 AM,2023,03,09,02,4.0,17,Good,3.9,UG/M3,1 Hr,Valid
Banja Luka,PM2.5 - Principal,2023-03-09 03:00 AM,2023,03,09,03,3.9,16,Good,3.9,UG/M3,1 Hr,Valid
Banja Luka,PM2.5 - Principal,2023-03-09 04:00 AM,2023,03,09,04,4.0,17,Good,4.1,UG/M3,1 Hr,Valid
Banja Luka,PM2.5 - Principal,2023-03-09 05:00 AM,2023,03,09,05,3.9,16,Good,3.9,UG/M3,1 Hr,Valid
Banja Luka,PM2.5 - Principal,2023-03-09 06:00 AM,2023,03,09,06,3.8,16,Good,3.6,UG/M3,1 Hr,Valid
Banja Luka,PM2.5 - Principal,2023-03-09 07:00 AM,2023,03,09,07,3.9,16,Good,4.0,UG/M3,1 Hr,Valid
Banja Luka,PM2.5 - Principal,2023-03-09 08:00 AM,2023,03,09,08,4.2,18,Good,4.5,UG/M3,1 Hr,Valid
Banja Luka,PM2.5 - Principal,2023-03-09 09:00 AM,2023,03,09,09,4.2,18,Good,4.5,UG/M3,1 Hr,Valid
Banja Luka,PM2.5 - Principal,2023-03-09 10:00 AM,2023,03,09,10,3.9,16,Good,3.3,UG/M3,1 Hr,Valid
Banja Luka,PM2.5 - Principal,2023-03-09 11:00 AM,2023,03,09,11,3.9,16,Good,3.9,UG/M3,1 Hr,Valid
Banja Luka,PM2.5 - Principal,2023-03-09 12:00 PM,2023,03,09,12,4.1,17,Good,4.6,UG/M3,1 Hr,Valid
Banja Luka,PM2.5 - Principal,2023-03-09 01:00 PM,2023,03,09,13,4.1,17,Good,4.1,UG/M3,1 Hr,Valid
Banja Luka,PM2.5 - Principal,2023-03-09 02:00 PM,2023,03,09,14,4.1,17,Good,4.0,UG/M3,1 Hr,Valid
Banja Luka,PM2.5 - Principal,2023-03-09 03:00 PM,2023,03,09,15,4.0,17,Good,3.9,UG/M3,1 Hr,Valid
Banja Luka,PM2.5 - Principal,2023-03-09 04:00 PM,2023,03,09,16,3.9,16,Good,3.7,UG/M3,1 Hr,Valid
Banja Luka,PM2.5 - Principal,2023-03-09 05:00 PM,2023,03,09,17,4.0,17,Good,4.4,UG/M3,1 Hr,Valid
Banja Luka,PM2.5 - Principal,2023-03-09 06:00 PM,2023,03,09,18,4.3,18,Good,4.8,UG/M3,1 Hr,Valid
Banja Luka,PM2.5 - Principal,2023-03-09 07:00 PM,2023,03,09,19,5.9,25,Good,7.4,UG/M3,1 Hr,Valid
Banja Luka,PM2.5 - Principal,2023-03-09 08:00 PM,2023,03,09,20,7.6,32,Good,9.3,UG/M3,1 Hr,Valid
Banja Luka,PM2.5 - Principal,2023-03-09 09:00 PM,2023,03,09,21,9.3,39,Good,11.0,UG/M3,1 Hr,Valid
Banja Luka,PM2.5 - Principal,2023-03-09 10:00 PM,2023,03,09,22,7.9,33,Good,6.4,UG/M3,1 Hr,Valid
Banja Luka,PM2.5 - Principal,2023-03-09 11:00 PM,2023,03,09,23,7.0,29,Good,6.1,UG/M3,1 Hr,Valid
Banja Luka,PM2.5 - Principal,2023-03-10 12:00 AM,2023,03,10,00,6.2,26,Good,5.5,UG/M3,1 Hr,Valid
Banja Luka,PM2.5 - Principal,2023-03-10 01:00 AM,2023,03,10,01,6.0,25,Good,5.8,UG/M3,1 Hr,Valid
Banja Luka,PM2.5 - Principal,2023-03-10 02:00 AM,2023,03,10,02,5.9,25,Good,5.7,UG/M3,1 Hr,Valid
Banja Luka,PM2.5 - Principal,2023-03-10 03:00 AM,2023,03,10,03,7.1,30,Good,8.2,UG/M3,1 Hr,Valid
Banja Luka,PM2.5 - Principal,2023-03-10 04:00 AM,2023,03,10,04,12.1,51,Moderate,17.1,UG/M3,1 Hr,Valid
Banja Luka,PM2.5 - Principal,2023-03-10 05:00 AM,2023,03,10,05,10.6,44,Good,9.0,UG/M3,1 Hr,Valid
Banja Luka,PM2.5 - Principal,2023-03-10 06:00 AM,2023,03,10,06,7.5,31,Good,4.5,UG/M3,1 Hr,Valid
Banja Luka,PM2.5 - Principal,2023-03-10 07:00 AM,2023,03,10,07,5.7,24,Good,3.9,UG/M3,1 Hr,Valid
Banja Luka,PM2.5 - Principal,2023-03-10 08:00 AM,2023,03,10,08,5.0,21,Good,4.3,UG/M3,1 Hr,Valid
Banja Luka,PM2.5 - Principal,2023-03-10 09:00 AM,2023,03,10,09,5.7,24,Good,6.4,UG/M3,1 Hr,Valid
Banja Luka,PM2.5 - Principal,2023-03-10 10:00 AM,2023,03,10,10,6.3,26,Good,6.8,UG/M3,1 Hr,Valid
Banja Luka,PM2.5 - Principal,2023-03-10 11:00 AM,2023,03,10,11,6.4,27,Good,6.6,UG/M3,1 Hr,Valid
Banja Luka,PM2.5 - Principal,2023-03-10 12:00 PM,2023,03,10,12,5.2,22,Good,3.9,UG/M3,1 Hr,Valid
Banja Luka,PM2.5 - Principal,2023-03-10 01:00 PM,2023,03,10,13,6.9,29,Good,8.7,UG/M3,1 Hr,Valid
Banja Luka,PM2.5 - Principal,2023-03-10 02:00 PM,2023,03,10,14,6.4,27,Good,5.8,UG/M3,1 Hr,Valid
Banja Luka,PM2.5 - Principal,2023-03-10 03:00 PM,2023,03,10,15,5.1,21,Good,3.9,UG/M3,1 Hr,Valid
Banja Luka,PM2.5 - Principal,2023-03-10 04:00 PM,2023,03,10,16,4.8,20,Good,4.5,UG/M3,1 Hr,Valid
Banja Luka,PM2.5 - Principal,2023-03-10 05:00 PM,2023,03,10,17,6.1,25,Good,7.4,UG/M3,1 Hr,Valid
Banja Luka,PM2.5 - Principal,2023-03-10 06:00 PM,2023,03,10,18,9.6,40,Good,13.1,UG/M3,1 Hr,Valid
Banja Luka,PM2.5 - Principal,2023-03-10 07:00 PM,2023,03,10,19,11.5,48,Good,13.3,UG/M3,1 Hr,Valid
Banja Luka,PM2.5 - Principal,2023-03-10 08:00 PM,2023,03,10,20,13.7,54,Moderate,16.0,UG/M3,1 Hr,Valid
Banja Luka,PM2.5 - Principal,2023-03-10 09:00 PM,2023,03,10,21,13.4,54,Moderate,13.0,UG/M3,1 Hr,Valid
Banja Luka,PM2.5 - Principal,2023-03-10 10:00 PM,2023,03,10,22,10.2,43,Good,7.1,UG/M3,1 Hr,Valid
Banja Luka,PM2.5 - Principal,2023-03-10 11:00 PM,2023,03,10,23,7.5,31,Good,4.7,UG/M3,1 Hr,Valid
Banja Luka,PM2.5 - Principal,2023-03-11 12:00 AM,2023,03,11,00,6.2,26,Good,4.9,UG/M3,1 Hr,Valid
Banja Luka,PM2.5 - Principal,2023-03-11 01:00 AM,2023,03,11,01,13.8,55,Moderate,21.4,UG/M3,1 Hr,Valid
Banja Luka,PM2.5 - Principal,2023-03-11 02:00 AM,2023,03,11,02,17.1,62,Moderate,20.4,UG/M3,1 Hr,Valid
Banja Luka,PM2.5 - Principal,2023-03-11 03:00 AM,2023,03,11,03,19.3,66,Moderate,21.5,UG/M3,1 Hr,Valid
Banja Luka,PM2.5 - Principal,2023-03-11 04:00 AM,2023,03,11,04,20.4,68,Moderate,21.5,UG/M3,1 Hr,Valid
Banja Luka,PM2.5 - Principal,2023-03-11 05:00 AM,2023,03,11,05,21.7,71,Moderate,22.9,UG/M3,1 Hr,Valid
Banja Luka,PM2.5 - Principal,2023-03-11 06:00 AM,2023,03,11,06,26.2,81,Moderate,30.7,UG/M3,1 Hr,Valid
Banja Luka,PM2.5 - Principal,2023-03-11 07:00 AM,2023,03,11,07,29.0,87,Moderate,31.8,UG/M3,1 Hr,Valid
Banja Luka,PM2.5 - Principal,2023-03-11 08:00 AM,2023,03,11,08,28.7,86,Moderate,28.5,UG/M3,1 Hr,Valid
Banja Luka,PM2.5 - Principal,2023-03-11 09:00 AM,2023,03,11,09,29.3,87,Moderate,29.9,UG/M3,1 Hr,Valid
Banja Luka,PM2.5 - Principal,2023-03-11 10:00 AM,2023,03,11,10,38.2,108,Unhealthy for Sensitive Groups,47.0,UG/M3,1 Hr,Valid
Banja Luka,PM2.5 - Principal,2023-03-11 11:00 AM,2023,03,11,11,34.0,97,Moderate,29.8,UG/M3,1 Hr,Valid
Banja Luka,PM2.5 - Principal,2023-03-11 12:00 PM,2023,03,11,12,18.7,65,Moderate,3.5,UG/M3,1 Hr,Valid
Banja Luka,PM2.5 - Principal,2023-03-11 01:00 PM,2023,03,11,13,12.1,51,Moderate,5.4,UG/M3,1 Hr,Valid
Banja Luka,PM2.5 - Principal,2023-03-11 02:00 PM,2023,03,11,14,9.1,38,Good,6.0,UG/M3,1 Hr,Valid
Banja Luka,PM2.5 - Principal,2023-03-11 03:00 PM,2023,03,11,15,7.5,31,Good,6.0,UG/M3,1 Hr,Valid
Banja Luka,PM2.5 - Principal,2023-03-11 04:00 PM,2023,03,11,16,7.1,30,Good,6.6,UG/M3,1 Hr,Valid
Banja Luka,PM2.5 - Principal,2023-03-11 05:00 PM,2023,03,11,17,8.0,33,Good,8.8,UG/M3,1 Hr,Valid
Banja Luka,PM2.5 - Principal,2023-03-11 06:00 PM,2023,03,11,18,8.4,35,Good,8.8,UG/M3,1 Hr,Valid
Banja Luka,PM2.5 - Principal,2023-03-11 07:00 PM,2023,03,11,19,12.7,52,Moderate,17.0,UG/M3,1 Hr,Valid
Banja Luka,PM2.5 - Principal,2023-03-11 08:00 PM,2023,03,11,20,73.3,160,Unhealthy,133.8,UG/M3,1 Hr,Valid
Banja Luka,PM2.5 - Principal,2023-03-11 09:00 PM,2023,03,11,21,91.5,170,Unhealthy,109.7,UG/M3,1 Hr,Valid
Banja Luka,PM2.5 - Principal,2023-03-11 10:00 PM,2023,03,11,22,60.1,153,Unhealthy,28.7,UG/M3,1 Hr,Valid
Banja Luka,PM2.5 - Principal,2023-03-11 11:00 PM,2023,03,11,23,44.1,122,Unhealthy for Sensitive Groups,28.1,UG/M3,1 Hr,Valid
Banja Luka,PM2.5 - Principal,2023-03-12 12:00 AM,2023,03,12,00,33.8,97,Moderate,23.4,UG/M3,1 Hr,Valid
Banja Luka,PM2.5 - Principal,2023-03-12 01:00 AM,2023,03,12,01,28.6,86,Moderate,23.3,UG/M3,1 Hr,Valid
Banja Luka,PM2.5 - Principal,2023-03-12 02:00 AM,2023,03,12,02,25.9,80,Moderate,23.3,UG/M3,1 Hr,Valid
Banja Luka,PM2.5 - Principal,2023-03-12 03:00 AM,2023,03,12,03,24.6,77,Moderate,23.3,UG/M3,1 Hr,Valid
Banja Luka,PM2.5 - Principal,2023-03-12 04:00 AM,2023,03,12,04,15.6,58,Moderate,6.5,UG/M3,1 Hr,Valid
Banja Luka,PM2.5 - Principal,2023-03-12 05:00 AM,2023,03,12,05,10.1,42,Good,4.6,UG/M3,1 Hr,Valid
Banja Luka,PM2.5 - Principal,2023-03-12 06:00 AM,2023,03,12,06,8.6,36,Good,7.1,UG/M3,1 Hr,Valid
Banja Luka,PM2.5 - Principal,2023-03-12 07:00 AM,2023,03,12,07,7.1,30,Good,5.6,UG/M3,1 Hr,Valid
Banja Luka,PM2.5 - Principal,2023-03-12 08:00 AM,2023,03,12,08,6.1,25,Good,5.2,UG/M3,1 Hr,Valid
Banja Luka,PM2.5 - Principal,2023-03-12 09:00 AM,2023,03,12,09,6.5,27,Good,6.8,UG/M3,1 Hr,Valid
Banja Luka,PM2.5 - Principal,2023-03-12 10:00 AM,2023,03,12,10,6.6,28,Good,6.8,UG/M3,1 Hr,Valid
Banja Luka,PM2.5 - Principal,2023-03-12 11:00 AM,2023,03,12,11,5.7,24,Good,4.8,UG/M3,1 Hr,Valid
Banja Luka,PM2.5 - Principal,2023-03-12 12:00 PM,2023,03,12,12,5.2,22,Good,4.7,UG/M3,1 Hr,Valid
Banja Luka,PM2.5 - Principal,2023-03-12 01:00 PM,2023,03,12,13,5.3,22,Good,5.4,UG/M3,1 Hr,Valid
Banja Luka,PM2.5 - Principal,2023-03-12 02:00 PM,2023,03,12,14,5.3,22,Good,5.3,UG/M3,1 Hr,Valid
Banja Luka,PM2.5 - Principal,2023-03-12 03:00 PM,2023,03,12,15,5.5,23,Good,5.7,UG/M3,1 Hr,Valid
Banja Luka,PM2.5 - Principal,2023-03-12 04:00 PM,2023,03,12,16,5.6,23,Good,5.9,UG/M3,1 Hr,Valid
Banja Luka,PM2.5 - Principal,2023-03-12 05:00 PM,2023,03,12,17,5.6,23,Good,5.5,UG/M3,1 Hr,Valid
Banja Luka,PM2.5 - Principal,2023-03-12 06:00 PM,2023,03,12,18,6.4,27,Good,7.8,UG/M3,1 Hr,Valid
Banja Luka,PM2.5 - Principal,2023-03-12 07:00 PM,2023,03,12,19,14.0,55,Moderate,21.4,UG/M3,1 Hr,Valid
Banja Luka,PM2.5 - Principal,2023-03-12 08:00 PM,2023,03,12,20,72.5,160,Unhealthy,130.9,UG/M3,1 Hr,Valid
Banja Luka,PM2.5 - Principal,2023-03-12 09:00 PM,2023,03,12,21,101.3,175,Unhealthy,130.1,UG/M3,1 Hr,Valid
Banja Luka,PM2.5 - Principal,2023-03-12 10:00 PM,2023,03,12,22,115.7,182,Unhealthy,130.1,UG/M3,1 Hr,Valid
Banja Luka,PM2.5 - Principal,2023-03-12 11:00 PM,2023,03,12,23,139.3,194,Unhealthy,162.8,UG/M3,1 Hr,Valid
Banja Luka,PM2.5 - Principal,2023-03-13 12:00 AM,2023,03,13,00,79.8,164,Unhealthy,20.3,UG/M3,1 Hr,Valid
Banja Luka,PM2.5 - Principal,2023-03-13 01:00 AM,2023,03,13,01,51.1,139,Unhealthy for Sensitive Groups,22.4,UG/M3,1 Hr,Valid
Banja Luka,PM2.5 - Principal,2023-03-13 02:00 AM,2023,03,13,02,32.5,94,Moderate,13.9,UG/M3,1 Hr,Valid
Banja Luka,PM2.5 - Principal,2023-03-13 03:00 AM,2023,03,13,03,41.0,115,Unhealthy for Sensitive Groups,49.4,UG/M3,1 Hr,Valid
Banja Luka,PM2.5 - Principal,2023-03-13 04:00 AM,2023,03,13,04,45.2,125,Unhealthy for Sensitive Groups,49.4,UG/M3,1 Hr,Valid
Banja Luka,PM2.5 - Principal,2023-03-13 05:00 AM,2023,03,13,05,41.9,117,Unhealthy for Sensitive Groups,38.6,UG/M3,1 Hr,Valid
Banja Luka,PM2.5 - Principal,2023-03-13 06:00 AM,2023,03,13,06,40.3,113,Unhealthy for Sensitive Groups,38.7,UG/M3,1 Hr,Valid
Banja Luka,PM2.5 - Principal,2023-03-13 07:00 AM,2023,03,13,07,33.2,95,Moderate,26.1,UG/M3,1 Hr,Valid
Banja Luka,PM2.5 - Principal,2023-03-13 08:00 AM,2023,03,13,08,30.6,90,Moderate,28.1,UG/M3,1 Hr,Valid
Banja Luka,PM2.5 - Principal,2023-03-13 09:00 AM,2023,03,13,09,24.5,77,Moderate,18.5,UG/M3,1 Hr,Valid
Banja Luka,PM2.5 - Principal,2023-03-13 10:00 AM,2023,03,13,10,40.0,112,Unhealthy for Sensitive Groups,55.5,UG/M3,1 Hr,Valid
Banja Luka,PM2.5 - Principal,2023-03-13 11:00 AM,2023,03,13,11,29.7,88,Moderate,19.3,UG/M3,1 Hr,Valid
Banja Luka,PM2.5 - Principal,2023-03-13 12:00 PM,2023,03,13,12,27.1,83,Moderate,24.6,UG/M3,1 Hr,Valid
Banja Luka,PM2.5 - Principal,2023-03-13 01:00 PM,2023,03,13,13,18.6,65,Moderate,10.0,UG/M3,1 Hr,Valid
Banja Luka,PM2.5 - Principal,2023-03-13 02:00 PM,2023,03,13,14,14.3,56,Moderate,10.0,UG/M3,1 Hr,Valid
Banja Luka,PM2.5 - Principal,2023-03-13 03:00 PM,2023,03,13,15,11.2,47,Good,8.2,UG/M3,1 Hr,Valid
Banja Luka,PM2.5 - Principal,2023-03-13 04:00 PM,2023,03,13,16,9.3,39,Good,7.3,UG/M3,1 Hr,Valid
Banja Luka,PM2.5 - Principal,2023-03-13 05:00 PM,2023,03,13,17,8.8,37,Good,8.3,UG/M3,1 Hr,Valid
Banja Luka,PM2.5 - Principal,2023-03-13 06:00 PM,2023,03,13,18,8.6,36,Good,8.3,UG/M3,1 Hr,Valid
Banja Luka,PM2.5 - Principal,2023-03-13 07:00 PM,2023,03,13,19,10.6,44,Good,12.6,UG/M3,1 Hr,Valid
Banja Luka,PM2.5 - Principal,2023-03-13 08:00 PM,2023,03,13,20,9.5,40,Good,8.5,UG/M3,1 Hr,Valid
Banja Luka,PM2.5 - Principal,2023-03-13 09:00 PM,2023,03,13,21,8.3,35,Good,7.1,UG/M3,1 Hr,Valid
Banja Luka,PM2.5 - Principal,2023-03-13 10:00 PM,2023,03,13,22,7.3,30,Good,6.2,UG/M3,1 Hr,Valid
Banja Luka,PM2.5 - Principal,2023-03-13 11:00 PM,2023,03,13,23,6.8,28,Good,6.3,UG/M3,1 Hr,Valid
Banja Luka,PM2.5 - Principal,2023-03-14 12:00 AM,2023,03,14,00,5.9,25,Good,5.0,UG/M3,1 Hr,Valid
Banja Luka,PM2.5 - Principal,2023-03-14 01:00 AM,2023,03,14,01,5.2,22,Good,4.5,UG/M3,1 Hr,Valid
Banja Luka,PM2.5 - Principal,2023-03-14 02:00 AM,2023,03,14,02,4.4,18,Good,3.6,UG/M3,1 Hr,Valid
Banja Luka,PM2.5 - Principal,2023-03-14 03:00 AM,2023,03,14,03,4.0,17,Good,3.6,UG/M3,1 Hr,Valid
Banja Luka,PM2.5 - Principal,2023-03-14 04:00 AM,2023,03,14,04,4.0,17,Good,3.9,UG/M3,1 Hr,Valid
Banja Luka,PM2.5 - Principal,2023-03-14 05:00 AM,2023,03,14,05,3.8,16,Good,3.7,UG/M3,1 Hr,Valid
Banja Luka,PM2.5 - Principal,2023-03-14 06:00 AM,2023,03,14,06,3.8,16,Good,3.7,UG/M3,1 Hr,Valid
Banja Luka,PM2.5 - Principal,2023-03-14 07:00 AM,2023,03,14,07,3.4,14,Good,3.1,UG/M3,1 Hr,Valid
Banja Luka,PM2.5 - Principal,2023-03-14 08:00 AM,2023,03,14,08,3.2,13,Good,3.1,UG/M3,1 Hr,Valid
Banja Luka,PM2.5 - Principal,2023-03-14 09:00 AM,2023,03,14,09,3.7,15,Good,4.1,UG/M3,1 Hr,Valid
Banja Luka,PM2.5 - Principal,2023-03-14 10:00 AM,2023,03,14,10,3.5,15,Good,3.3,UG/M3,1 Hr,Valid
Banja Luka,PM2.5 - Principal,2023-03-14 11:00 AM,2023,03,14,11,3.4,14,Good,3.1,UG/M3,1 Hr,Valid
Banja Luka,PM2.5 - Principal,2023-03-14 12:00 PM,2023,03,14,12,3.3,14,Good,3.1,UG/M3,1 Hr,Valid
Banja Luka,PM2.5 - Principal,2023-03-14 01:00 PM,2023,03,14,13,3.0,13,Good,2.5,UG/M3,1 Hr,Valid
Banja Luka,PM2.5 - Principal,2023-03-14 02:00 PM,2023,03,14,14,2.9,12,Good,2.8,UG/M3,1 Hr,Valid
Banja Luka,PM2.5 - Principal,2023-03-14 03:00 PM,2023,03,14,15,2.2,9,Good,1.6,UG/M3,1 Hr,Valid
Banja Luka,PM2.5 - Principal,2023-03-14 04:00 PM,2023,03,14,16,2.9,12,Good,3.6,UG/M3,1 Hr,Valid
Banja Luka,PM2.5 - Principal,2023-03-14 05:00 PM,2023,03,14,17,3.3,14,Good,3.6,UG/M3,1 Hr,Valid
Banja Luka,PM2.5 - Principal,2023-03-14 06:00 PM,2023,03,14,18,6.1,25,Good,9.0,UG/M3,1 Hr,Valid
Banja Luka,PM2.5 - Principal,2023-03-14 07:00 PM,2023,03,14,19,5.4,23,Good,4.6,UG/M3,1 Hr,Valid
Banja Luka,PM2.5 - Principal,2023-03-14 08:00 PM,2023,03,14,20,5.0,21,Good,4.6,UG/M3,1 Hr,Valid
Banja Luka,PM2.5 - Principal,2023-03-14 09:00 PM,2023,03,14,21,5.6,23,Good,6.2,UG/M3,1 Hr,Valid
Banja Luka,PM2.5 - Principal,2023-03-14 10:00 PM,2023,03,14,22,6.9,29,Good,8.3,UG/M3,1 Hr,Valid
Banja Luka,PM2.5 - Principal,2023-03-14 11:00 PM,2023,03,14,23,6.0,25,Good,5.0,UG/M3,1 Hr,Valid
Banja Luka,PM2.5 - Principal,2023-03-15 12:00 AM,2023,03,15,00,5.4,23,Good,4.9,UG/M3,1 Hr,Valid
Banja Luka,PM2.5 - Principal,2023-03-15 01:00 AM,2023,03,15,01,5.2,22,Good,4.9,UG/M3,1 Hr,Valid
Banja Luka,PM2.5 - Principal,2023-03-15 02:00 AM,2023,03,15,02,5.0,21,Good,4.8,UG/M3,1 Hr,Valid
Banja Luka,PM2.5 - Principal,2023-03-15 03:00 AM,2023,03,15,03,5.1,21,Good,5.3,UG/M3,1 Hr,Valid
Banja Luka,PM2.5 - Principal,2023-03-15 04:00 AM,2023,03,15,04,4.3,18,Good,3.6,UG/M3,1 Hr,Valid
Banja Luka,PM2.5 - Principal,2023-03-15 05:00 AM,2023,03,15,05,4.6,19,Good,4.8,UG/M3,1 Hr,Valid
Banja Luka,PM2.5 - Principal,2023-03-15 06:00 AM,2023,03,15,06,4.7,20,Good,4.8,UG/M3,1 Hr,Valid
Banja Luka,PM2.5 - Principal,2023-03-15 07:00 AM,2023,03,15,07,4.8,20,Good,5.0,UG/M3,1 Hr,Valid
Banja Luka,PM2.5 - Principal,2023-03-15 08:00 AM,2023,03,15,08,6.3,26,Good,7.7,UG/M3,1 Hr,Valid
Banja Luka,PM2.5 - Principal,2023-03-15 09:00 AM,2023,03,15,09,8.8,37,Good,11.3,UG/M3,1 Hr,Valid
Banja Luka,PM2.5 - Principal,2023-03-15 10:00 AM,2023,03,15,10,12.3,51,Moderate,15.8,UG/M3,1 Hr,Valid
Banja Luka,PM2.5 - Principal,2023-03-15 11:00 AM,2023,03,15,11,10.9,45,Good,9.5,UG/M3,1 Hr,Valid
Banja Luka,PM2.5 - Principal,2023-03-15 12:00 PM,2023,03,15,12,8.0,33,Good,5.0,UG/M3,1 Hr,Valid
Banja Luka,PM2.5 - Principal,2023-03-15 01:00 PM,2023,03,15,13,8.0,33,Good,7.9,UG/M3,1 Hr,Valid
Banja Luka,PM2.5 - Principal,2023-03-15 02:00 PM,2023,03,15,14,7.4,31,Good,6.9,UG/M3,1 Hr,Valid
Banja Luka,PM2.5 - Principal,2023-03-15 03:00 PM,2023,03,15,15,7.2,30,Good,6.9,UG/M3,1 Hr,Valid
Banja Luka,PM2.5 - Principal,2023-03-15 04:00 PM,2023,03,15,16,8.0,33,Good,8.9,UG/M3,1 Hr,Valid
Banja Luka,PM2.5 - Principal,2023-03-15 05:00 PM,2023,03,15,17,8.4,35,Good,8.9,UG/M3,1 Hr,Valid
Banja Luka,PM2.5 - Principal,2023-03-15 06:00 PM,2023,03,15,18,8.3,35,Good,8.1,UG/M3,1 Hr,Valid
Banja Luka,PM2.5 - Principal,2023-03-15 07:00 PM,2023,03,15,19,7.0,29,Good,5.7,UG/M3,1 Hr,Valid
Banja Luka,PM2.5 - Principal,2023-03-15 08:00 PM,2023,03,15,20,6.4,27,Good,5.8,UG/M3,1 Hr,Valid
Banja Luka,PM2.5 - Principal,2023-03-15 09:00 PM,2023,03,15,21,43.4,120,Unhealthy for Sensitive Groups,80.3,UG/M3,1 Hr,Valid
Banja Luka,PM2.5 - Principal,2023-03-15 10:00 PM,2023,03,15,22,61.3,154,Unhealthy,79.2,UG/M3,1 Hr,Valid
Banja Luka,PM2.5 - Principal,2023-03-15 11:00 PM,2023,03,15,23,46.9,129,Unhealthy for Sensitive Groups,32.5,UG/M3,1 Hr,Valid
Banja Luka,PM2.5 - Principal,2023-03-16 12:00 AM,2023,03,16,00,30.2,89,Moderate,13.5,UG/M3,1 Hr,Valid
Banja Luka,PM2.5 - Principal,2023-03-16 01:00 AM,2023,03,16,01,19.5,67,Moderate,8.8,UG/M3,1 Hr,Valid
Banja Luka,PM2.5 - Principal,2023-03-16 02:00 AM,2023,03,16,02,13.9,55,Moderate,8.4,UG/M3,1 Hr,Valid
Banja Luka,PM2.5 - Principal,2023-03-16 03:00 AM,2023,03,16,03,11.0,46,Good,8.0,UG/M3,1 Hr,Valid
Banja Luka,PM2.5 - Principal,2023-03-16 04:00 AM,2023,03,16,04,11.0,46,Good,11.8,UG/M3,1 Hr,Invalid
Banja Luka,PM2.5 - Principal,2023-03-16 05:00 AM,2023,03,16,05,-999.0,-999,N/A,11.8,UG/M3,1 Hr,Invalid
Banja Luka,PM2.5 - Principal,2023-03-16 06:00 AM,2023,03,16,06,-999.0,-999,N/A,11.8,UG/M3,1 Hr,Invalid
Banja Luka,PM2.5 - Principal,2023-03-16 07:00 AM,2023,03,16,07,-999.0,-999,N/A,11.8,UG/M3,1 Hr,Invalid
Banja Luka,PM2.5 - Principal,2023-03-16 08:00 AM,2023,03,16,08,-999.0,-999,N/A,23.0,UG/M3,1 Hr,Valid
Banja Luka,PM2.5 - Principal,2023-03-16 09:00 AM,2023,03,16,09,20.9,70,Moderate,20.2,UG/M3,1 Hr,Valid
Banja Luka,PM2.5 - Principal,2023-03-16 10:00 AM,2023,03,16,10,20.5,69,Moderate,20.2,UG/M3,1 Hr,Valid
Banja Luka,PM2.5 - Principal,2023-03-16 11:00 AM,2023,03,16,11,14.0,55,Moderate,8.2,UG/M3,1 Hr,Valid
Banja Luka,PM2.5 - Principal,2023-03-16 12:00 PM,2023,03,16,12,11.0,46,Good,8.2,UG/M3,1 Hr,Valid
Banja Luka,PM2.5 - Principal,2023-03-16 01:00 PM,2023,03,16,13,9.6,40,Good,8.2,UG/M3,1 Hr,Valid
Banja Luka,PM2.5 - Principal,2023-03-16 02:00 PM,2023,03,16,14,9.0,38,Good,8.4,UG/M3,1 Hr,Valid
Banja Luka,PM2.5 - Principal,2023-03-16 03:00 PM,2023,03,16,15,8.0,33,Good,7.0,UG/M3,1 Hr,Valid
Banja Luka,PM2.5 - Principal,2023-03-16 04:00 PM,2023,03,16,16,7.4,31,Good,6.9,UG/M3,1 Hr,Valid
Banja Luka,PM2.5 - Principal,2023-03-16 05:00 PM,2023,03,16,17,7.2,30,Good,6.9,UG/M3,1 Hr,Valid
Banja Luka,PM2.5 - Principal,2023-03-16 06:00 PM,2023,03,16,18,7.1,30,Good,7.0,UG/M3,1 Hr,Valid
Banja Luka,PM2.5 - Principal,2023-03-16 07:00 PM,2023,03,16,19,9.9,41,Good,12.8,UG/M3,1 Hr,Valid
Banja Luka,PM2.5 - Principal,2023-03-16 08:00 PM,2023,03,16,20,22.9,74,Moderate,35.9,UG/M3,1 Hr,Valid
Banja Luka,PM2.5 - Principal,2023-03-16 09:00 PM,2023,03,16,21,29.4,87,Moderate,35.9,UG/M3,1 Hr,Valid
Banja Luka,PM2.5 - Principal,2023-03-16 10:00 PM,2023,03,16,22,32.6,94,Moderate,35.9,UG/M3,1 Hr,Valid
Banja Luka,PM2.5 - Principal,2023-03-16 11:00 PM,2023,03,16,23,32.6,94,Moderate,98.2,UG/M3,1 Hr,Invalid
Banja Luka,PM2.5 - Principal,2023-03-17 12:00 AM,2023,03,17,00,-999.0,-999,N/A,98.2,UG/M3,1 Hr,Invalid
Banja Luka,PM2.5 - Principal,2023-03-17 01:00 AM,2023,03,17,01,-999.0,-999,N/A,98.2,UG/M3,1 Hr,Invalid
Banja Luka,PM2.5 - Principal,2023-03-17 02:00 AM,2023,03,17,02,-999.0,-999,N/A,98.2,UG/M3,1 Hr,Invalid
Banja Luka,PM2.5 - Principal,2023-03-17 03:00 AM,2023,03,17,03,-999.0,-999,N/A,98.2,UG/M3,1 Hr,Invalid
Banja Luka,PM2.5 - Principal,2023-03-17 04:00 AM,2023,03,17,04,-999.0,-999,N/A,21.6,UG/M3,1 Hr,Valid
Banja Luka,PM2.5 - Principal,2023-03-17 05:00 AM,2023,03,17,05,22.5,73,Moderate,22.8,UG/M3,1 Hr,Valid
Banja Luka,PM2.5 - Principal,2023-03-17 06:00 AM,2023,03,17,06,22.7,73,Moderate,22.8,UG/M3,1 Hr,Valid
Banja Luka,PM2.5 - Principal,2023-03-17 07:00 AM,2023,03,17,07,22.8,74,Moderate,22.8,UG/M3,1 Hr,Valid
Banja Luka,PM2.5 - Principal,2023-03-17 08:00 AM,2023,03,17,08,19.9,67,Moderate,17.2,UG/M3,1 Hr,Valid
Banja Luka,PM2.5 - Principal,2023-03-17 09:00 AM,2023,03,17,09,19.3,66,Moderate,18.7,UG/M3,1 Hr,Valid
Banja Luka,PM2.5 - Principal,2023-03-17 10:00 AM,2023,03,17,10,19.8,67,Moderate,18.7,UG/M3,1 Hr,Valid
Banja Luka,PM2.5 - Principal,2023-03-17 11:00 AM,2023,03,17,11,20.0,68,Moderate,20.6,UG/M3,1 Hr,Valid
Banja Luka,PM2.5 - Principal,2023-03-17 12:00 PM,2023,03,17,12,20.6,69,Moderate,22.4,UG/M3,1 Hr,Valid
Banja Luka,PM2.5 - Principal,2023-03-17 01:00 PM,2023,03,17,13,13.6,54,Moderate,6.0,UG/M3,1 Hr,Valid
Banja Luka,PM2.5 - Principal,2023-03-17 02:00 PM,2023,03,17,14,9.8,41,Good,6.0,UG/M3,1 Hr,Valid
Banja Luka,PM2.5 - Principal,2023-03-17 03:00 PM,2023,03,17,15,8.1,34,Good,6.5,UG/M3,1 Hr,Valid
Banja Luka,PM2.5 - Principal,2023-03-17 04:00 PM,2023,03,17,16,7.3,30,Good,6.5,UG/M3,1 Hr,Valid
Banja Luka,PM2.5 - Principal,2023-03-17 05:00 PM,2023,03,17,17,6.9,29,Good,6.5,UG/M3,1 Hr,Valid
Banja Luka,PM2.5 - Principal,2023-03-17 06:00 PM,2023,03,17,18,9.8,41,Good,12.7,UG/M3,1 Hr,Valid
Banja Luka,PM2.5 - Principal,2023-03-17 07:00 PM,2023,03,17,19,11.3,47,Good,12.7,UG/M3,1 Hr,Valid
Banja Luka,PM2.5 - Principal,2023-03-17 08:00 PM,2023,03,17,20,12.0,50,Good,12.7,UG/M3,1 Hr,Valid
Banja Luka,PM2.5 - Principal,2023-03-17 09:00 PM,2023,03,17,21,84.0,166,Unhealthy,156.0,UG/M3,1 Hr,Valid
Banja Luka,PM2.5 - Principal,2023-03-17 10:00 PM,2023,03,17,22,105.7,177,Unhealthy,127.4,UG/M3,1 Hr,Valid
Banja Luka,PM2.5 - Principal,2023-03-17 11:00 PM,2023,03,17,23,116.6,183,Unhealthy,127.4,UG/M3,1 Hr,Valid
Banja Luka,PM2.5 - Principal,2023-03-18 12:00 AM,2023,03,18,00,116.6,183,Unhealthy,97.3,UG/M3,1 Hr,Invalid
Banja Luka,PM2.5 - Principal,2023-03-18 01:00 AM,2023,03,18,01,-999.0,-999,N/A,97.3,UG/M3,1 Hr,Invalid
Banja Luka,PM2.5 - Principal,2023-03-18 02:00 AM,2023,03,18,02,-999.0,-999,N/A,97.3,UG/M3,1 Hr,Invalid
Banja Luka,PM2.5 - Principal,2023-03-18 03:00 AM,2023,03,18,03,-999.0,-999,N/A,97.3,UG/M3,1 Hr,Invalid
Banja Luka,PM2.5 - Principal,2023-03-18 04:00 AM,2023,03,18,04,-999.0,-999,N/A,97.3,UG/M3,1 Hr,Invalid
Banja Luka,PM2.5 - Principal,2023-03-18 05:00 AM,2023,03,18,05,-999.0,-999,N/A,40.2,UG/M3,1 Hr,Valid
Banja Luka,PM2.5 - Principal,2023-03-18 06:00 AM,2023,03,18,06,46.8,129,Unhealthy for Sensitive Groups,48.9,UG/M3,1 Hr,Valid
Banja Luka,PM2.5 - Principal,2023-03-18 07:00 AM,2023,03,18,07,45.4,125,Unhealthy for Sensitive Groups,44.4,UG/M3,1 Hr,Valid
Banja Luka,PM2.5 - Principal,2023-03-18 08:00 AM,2023,03,18,08,47.1,130,Unhealthy for Sensitive Groups,48.5,UG/M3,1 Hr,Valid
Banja Luka,PM2.5 - Principal,2023-03-18 09:00 AM,2023,03,18,09,37.8,107,Unhealthy for Sensitive Groups,29.2,UG/M3,1 Hr,Valid
Banja Luka,PM2.5 - Principal,2023-03-18 10:00 AM,2023,03,18,10,36.5,103,Unhealthy for Sensitive Groups,35.3,UG/M3,1 Hr,Valid
Banja Luka,PM2.5 - Principal,2023-03-18 11:00 AM,2023,03,18,11,36.2,103,Unhealthy for Sensitive Groups,34.5,UG/M3,1 Hr,Valid
Banja Luka,PM2.5 - Principal,2023-03-18 12:00 PM,2023,03,18,12,26.7,82,Moderate,17.9,UG/M3,1 Hr,Valid
Banja Luka,PM2.5 - Principal,2023-03-18 01:00 PM,2023,03,18,13,21.9,72,Moderate,17.2,UG/M3,1 Hr,Valid
Banja Luka,PM2.5 - Principal,2023-03-18 02:00 PM,2023,03,18,14,19.5,67,Moderate,17.2,UG/M3,1 Hr,Valid
Banja Luka,PM2.5 - Principal,2023-03-18 03:00 PM,2023,03,18,15,19.5,67,Moderate,-999.0,UG/M3,1 Hr,Missing
Banja Luka,PM2.5 - Principal,2023-03-20 10:00 AM,2023,03,20,10,-999.0,-999,N/A,16.8,UG/M3,1 Hr,Valid
Banja Luka,PM2.5 - Principal,2023-03-20 11:00 AM,2023,03,20,11,24.3,77,Moderate,28.7,UG/M3,1 Hr,Valid
Banja Luka,PM2.5 - Principal,2023-03-20 12:00 PM,2023,03,20,12,17.0,61,Moderate,11.2,UG/M3,1 Hr,Valid
Banja Luka,PM2.5 - Principal,2023-03-20 01:00 PM,2023,03,20,13,12.4,52,Moderate,8.5,UG/M3,1 Hr,Valid
Banja Luka,PM2.5 - Principal,2023-03-20 02:00 PM,2023,03,20,14,9.8,41,Good,7.4,UG/M3,1 Hr,Valid
Banja Luka,PM2.5 - Principal,2023-03-20 03:00 PM,2023,03,20,15,8.4,35,Good,7.1,UG/M3,1 Hr,Valid
Banja Luka,PM2.5 - Principal,2023-03-20 04:00 PM,2023,03,20,16,7.7,32,Good,7.0,UG/M3,1 Hr,Valid
Banja Luka,PM2.5 - Principal,2023-03-20 05:00 PM,2023,03,20,17,7.5,31,Good,7.3,UG/M3,1 Hr,Valid
Banja Luka,PM2.5 - Principal,2023-03-20 06:00 PM,2023,03,20,18,8.4,35,Good,9.3,UG/M3,1 Hr,Valid
Banja Luka,PM2.5 - Principal,2023-03-20 07:00 PM,2023,03,20,19,15.7,59,Moderate,23.0,UG/M3,1 Hr,Valid
Banja Luka,PM2.5 - Principal,2023-03-20 08:00 PM,2023,03,20,20,28.3,85,Moderate,40.8,UG/M3,1 Hr,Valid
Banja Luka,PM2.5 - Principal,2023-03-20 09:00 PM,2023,03,20,21,22.9,74,Moderate,17.6,UG/M3,1 Hr,Valid
Banja Luka,PM2.5 - Principal,2023-03-20 10:00 PM,2023,03,20,22,16.8,61,Moderate,10.6,UG/M3,1 Hr,Valid
Banja Luka,PM2.5 - Principal,2023-03-20 11:00 PM,2023,03,20,23,12.7,52,Moderate,8.6,UG/M3,1 Hr,Valid
Banja Luka,PM2.5 - Principal,2023-03-21 12:00 AM,2023,03,21,00,10.6,44,Good,8.5,UG/M3,1 Hr,Valid
Banja Luka,PM2.5 - Principal,2023-03-21 01:00 AM,2023,03,21,01,11.4,48,Good,12.2,UG/M3,1 Hr,Valid
Banja Luka,PM2.5 - Principal,2023-03-21 02:00 AM,2023,03,21,02,9.8,41,Good,8.2,UG/M3,1 Hr,Valid
Banja Luka,PM2.5 - Principal,2023-03-21 03:00 AM,2023,03,21,03,9.2,38,Good,8.7,UG/M3,1 Hr,Valid
Banja Luka,PM2.5 - Principal,2023-03-21 04:00 AM,2023,03,21,04,10.0,42,Good,10.7,UG/M3,1 Hr,Valid
Banja Luka,PM2.5 - Principal,2023-03-21 05:00 AM,2023,03,21,05,9.0,38,Good,8.1,UG/M3,1 Hr,Valid
Banja Luka,PM2.5 - Principal,2023-03-21 06:00 AM,2023,03,21,06,8.5,35,Good,7.9,UG/M3,1 Hr,Valid
Banja Luka,PM2.5 - Principal,2023-03-21 07:00 AM,2023,03,21,07,8.7,36,Good,8.9,UG/M3,1 Hr,Valid
Banja Luka,PM2.5 - Principal,2023-03-21 08:00 AM,2023,03,21,08,9.6,40,Good,10.6,UG/M3,1 Hr,Valid
Banja Luka,PM2.5 - Principal,2023-03-21 09:00 AM,2023,03,21,09,12.6,52,Moderate,15.7,UG/M3,1 Hr,Valid
Banja Luka,PM2.5 - Principal,2023-03-21 10:00 AM,2023,03,21,10,22.2,72,Moderate,31.6,UG/M3,1 Hr,Valid
Banja Luka,PM2.5 - Principal,2023-03-21 11:00 AM,2023,03,21,11,19.8,67,Moderate,17.3,UG/M3,1 Hr,Valid
Banja Luka,PM2.5 - Principal,2023-03-21 12:00 PM,2023,03,21,12,16.0,59,Moderate,12.3,UG/M3,1 Hr,Valid
Banja Luka,PM2.5 - Principal,2023-03-21 01:00 PM,2023,03,21,13,15.2,58,Moderate,14.5,UG/M3,1 Hr,Valid
Banja Luka,PM2.5 - Principal,2023-03-21 02:00 PM,2023,03,21,14,16.9,61,Moderate,18.6,UG/M3,1 Hr,Valid
Banja Luka,PM2.5 - Principal,2023-03-21 03:00 PM,2023,03,21,15,16.2,60,Moderate,15.4,UG/M3,1 Hr,Valid
Banja Luka,PM2.5 - Principal,2023-03-21 04:00 PM,2023,03,21,16,13.4,54,Moderate,10.7,UG/M3,1 Hr,Valid
Banja Luka,PM2.5 - Principal,2023-03-21 05:00 PM,2023,03,21,17,11.6,48,Good,9.7,UG/M3,1 Hr,Valid
Banja Luka,PM2.5 - Principal,2023-03-21 06:00 PM,2023,03,21,18,10.2,43,Good,8.8,UG/M3,1 Hr,Valid
Banja Luka,PM2.5 - Principal,2023-03-21 07:00 PM,2023,03,21,19,30.3,89,Moderate,50.4,UG/M3,1 Hr,Valid
Banja Luka,PM2.5 - Principal,2023-03-21 08:00 PM,2023,03,21,20,66.7,157,Unhealthy,103.0,UG/M3,1 Hr,Valid
Banja Luka,PM2.5 - Principal,2023-03-21 09:00 PM,2023,03,21,21,109.6,179,Unhealthy,152.4,UG/M3,1 Hr,Valid
Banja Luka,PM2.5 - Principal,2023-03-21 10:00 PM,2023,03,21,22,102.4,175,Unhealthy,95.3,UG/M3,1 Hr,Valid
Banja Luka,PM2.5 - Principal,2023-03-21 11:00 PM,2023,03,21,23,89.0,168,Unhealthy,75.5,UG/M3,1 Hr,Valid
Banja Luka,PM2.5 - Principal,2023-03-22 12:00 AM,2023,03,22,00,54.3,147,Unhealthy for Sensitive Groups,19.6,UG/M3,1 Hr,Valid
Banja Luka,PM2.5 - Principal,2023-03-22 01:00 AM,2023,03,22,01,34.6,98,Moderate,14.9,UG/M3,1 Hr,Valid
Banja Luka,PM2.5 - Principal,2023-03-22 02:00 AM,2023,03,22,02,23.5,75,Moderate,12.5,UG/M3,1 Hr,Valid
Banja Luka,PM2.5 - Principal,2023-03-22 03:00 AM,2023,03,22,03,18.7,65,Moderate,13.8,UG/M3,1 Hr,Valid
Banja Luka,PM2.5 - Principal,2023-03-22 04:00 AM,2023,03,22,04,15.9,59,Moderate,13.1,UG/M3,1 Hr,Valid
Banja Luka,PM2.5 - Principal,2023-03-22 05:00 AM,2023,03,22,05,14.1,55,Moderate,12.3,UG/M3,1 Hr,Valid
Banja Luka,PM2.5 - Principal,2023-03-22 06:00 AM,2023,03,22,06,13.6,54,Moderate,13.0,UG/M3,1 Hr,Valid
Banja Luka,PM2.5 - Principal,2023-03-22 07:00 AM,2023,03,22,07,14.2,55,Moderate,14.9,UG/M3,1 Hr,Valid
Banja Luka,PM2.5 - Principal,2023-03-22 08:00 AM,2023,03,22,08,17.2,62,Moderate,20.2,UG/M3,1 Hr,Valid
Banja Luka,PM2.5 - Principal,2023-03-22 09:00 AM,2023,03,22,09,24.4,77,Moderate,31.7,UG/M3,1 Hr,Valid
Banja Luka,PM2.5 - Principal,2023-03-22 10:00 AM,2023,03,22,10,19.3,66,Moderate,14.2,UG/M3,1 Hr,Valid
Banja Luka,PM2.5 - Principal,2023-03-22 11:00 AM,2023,03,22,11,19.1,66,Moderate,19.0,UG/M3,1 Hr,Valid
Banja Luka,PM2.5 - Principal,2023-03-22 12:00 PM,2023,03,22,12,15.0,57,Moderate,10.9,UG/M3,1 Hr,Valid
Banja Luka,PM2.5 - Principal,2023-03-22 01:00 PM,2023,03,22,13,11.7,49,Good,8.3,UG/M3,1 Hr,Valid
Banja Luka,PM2.5 - Principal,2023-03-22 02:00 PM,2023,03,22,14,10.6,44,Good,9.6,UG/M3,1 Hr,Valid
Banja Luka,PM2.5 - Principal,2023-03-22 03:00 PM,2023,03,22,15,9.0,38,Good,7.4,UG/M3,1 Hr,Valid
Banja Luka,PM2.5 - Principal,2023-03-22 04:00 PM,2023,03,22,16,7.8,33,Good,6.5,UG/M3,1 Hr,Valid
Banja Luka,PM2.5 - Principal,2023-03-22 05:00 PM,2023,03,22,17,7.1,30,Good,6.4,UG/M3,1 Hr,Valid
Banja Luka,PM2.5 - Principal,2023-03-22 06:00 PM,2023,03,22,18,6.6,28,Good,6.2,UG/M3,1 Hr,Valid
Banja Luka,PM2.5 - Principal,2023-03-22 07:00 PM,2023,03,22,19,11.5,48,Good,16.4,UG/M3,1 Hr,Valid
Banja Luka,PM2.5 - Principal,2023-03-22 08:00 PM,2023,03,22,20,57.7,152,Unhealthy,103.8,UG/M3,1 Hr,Valid
Banja Luka,PM2.5 - Principal,2023-03-22 09:00 PM,2023,03,22,21,76.0,162,Unhealthy,94.3,UG/M3,1 Hr,Valid
Banja Luka,PM2.5 - Principal,2023-03-22 10:00 PM,2023,03,22,22,70.4,159,Unhealthy,64.8,UG/M3,1 Hr,Valid
Banja Luka,PM2.5 - Principal,2023-03-22 11:00 PM,2023,03,22,23,72.4,160,Unhealthy,74.4,UG/M3,1 Hr,Valid
Banja Luka,PM2.5 - Principal,2023-03-23 12:00 AM,2023,03,23,00,47.4,130,Unhealthy for Sensitive Groups,22.3,UG/M3,1 Hr,Valid
Banja Luka,PM2.5 - Principal,2023-03-23 01:00 AM,2023,03,23,01,85.9,167,Unhealthy,124.4,UG/M3,1 Hr,Valid
Banja Luka,PM2.5 - Principal,2023-03-23 02:00 AM,2023,03,23,02,80.3,164,Unhealthy,74.7,UG/M3,1 Hr,Valid
Banja Luka,PM2.5 - Principal,2023-03-23 03:00 AM,2023,03,23,03,68.8,158,Unhealthy,57.3,UG/M3,1 Hr,Valid
Banja Luka,PM2.5 - Principal,2023-03-23 04:00 AM,2023,03,23,04,39.7,111,Unhealthy for Sensitive Groups,10.6,UG/M3,1 Hr,Valid
Banja Luka,PM2.5 - Principal,2023-03-23 05:00 AM,2023,03,23,05,40.9,114,Unhealthy for Sensitive Groups,42.1,UG/M3,1 Hr,Valid
Banja Luka,PM2.5 - Principal,2023-03-23 06:00 AM,2023,03,23,06,37.3,105,Unhealthy for Sensitive Groups,33.7,UG/M3,1 Hr,Valid
Banja Luka,PM2.5 - Principal,2023-03-23 07:00 AM,2023,03,23,07,35.3,100,Moderate,33.3,UG/M3,1 Hr,Valid
Banja Luka,PM2.5 - Principal,2023-03-23 08:00 AM,2023,03,23,08,32.2,93,Moderate,29.0,UG/M3,1 Hr,Valid
Banja Luka,PM2.5 - Principal,2023-03-23 09:00 AM,2023,03,23,09,25.1,78,Moderate,18.1,UG/M3,1 Hr,Valid
Banja Luka,PM2.5 - Principal,2023-03-23 10:00 AM,2023,03,23,10,19.2,66,Moderate,13.3,UG/M3,1 Hr,Valid
Banja Luka,PM2.5 - Principal,2023-03-23 11:00 AM,2023,03,23,11,15.3,58,Moderate,11.4,UG/M3,1 Hr,Valid
Banja Luka,PM2.5 - Principal,2023-03-23 12:00 PM,2023,03,23,12,11.7,49,Good,8.2,UG/M3,1 Hr,Valid
Banja Luka,PM2.5 - Principal,2023-03-23 01:00 PM,2023,03,23,13,8.8,37,Good,6.0,UG/M3,1 Hr,Valid
Banja Luka,PM2.5 - Principal,2023-03-23 02:00 PM,2023,03,23,14,7.5,31,Good,6.1,UG/M3,1 Hr,Valid
Banja Luka,PM2.5 - Principal,2023-03-23 03:00 PM,2023,03,23,15,6.4,27,Good,5.4,UG/M3,1 Hr,Valid
Banja Luka,PM2.5 - Principal,2023-03-23 04:00 PM,2023,03,23,16,6.7,28,Good,6.9,UG/M3,1 Hr,Valid
Banja Luka,PM2.5 - Principal,2023-03-23 05:00 PM,2023,03,23,17,8.4,35,Good,10.2,UG/M3,1 Hr,Valid
Banja Luka,PM2.5 - Principal,2023-03-23 06:00 PM,2023,03,23,18,9.2,38,Good,9.9,UG/M3,1 Hr,Valid
Banja Luka,PM2.5 - Principal,2023-03-23 07:00 PM,2023,03,23,19,21.0,70,Moderate,32.8,UG/M3,1 Hr,Valid
Banja Luka,PM2.5 - Principal,2023-03-23 08:00 PM,2023,03,23,20,43.6,121,Unhealthy for Sensitive Groups,66.3,UG/M3,1 Hr,Valid
Banja Luka,PM2.5 - Principal,2023-03-23 09:00 PM,2023,03,23,21,56.5,152,Unhealthy,69.3,UG/M3,1 Hr,Valid
Banja Luka,PM2.5 - Principal,2023-03-23 10:00 PM,2023,03,23,22,67.4,157,Unhealthy,78.3,UG/M3,1 Hr,Valid
Banja Luka,PM2.5 - Principal,2023-03-23 11:00 PM,2023,03,23,23,69.7,158,Unhealthy,72.0,UG/M3,1 Hr,Valid
Banja Luka,PM2.5 - Principal,2023-03-24 12:00 AM,2023,03,24,00,47.7,131,Unhealthy for Sensitive Groups,25.7,UG/M3,1 Hr,Valid
Banja Luka,PM2.5 - Principal,2023-03-24 01:00 AM,2023,03,24,01,31.7,92,Moderate,15.7,UG/M3,1 Hr,Valid
Banja Luka,PM2.5 - Principal,2023-03-24 02:00 AM,2023,03,24,02,22.9,74,Moderate,14.1,UG/M3,1 Hr,Valid
Banja Luka,PM2.5 - Principal,2023-03-24 03:00 AM,2023,03,24,03,18.1,64,Moderate,13.3,UG/M3,1 Hr,Valid
Banja Luka,PM2.5 - Principal,2023-03-24 04:00 AM,2023,03,24,04,21.7,71,Moderate,25.2,UG/M3,1 Hr,Valid
Banja Luka,PM2.5 - Principal,2023-03-24 05:00 AM,2023,03,24,05,16.7,61,Moderate,11.8,UG/M3,1 Hr,Valid
Banja Luka,PM2.5 - Principal,2023-03-24 06:00 AM,2023,03,24,06,14.2,55,Moderate,11.7,UG/M3,1 Hr,Valid
Banja Luka,PM2.5 - Principal,2023-03-24 07:00 AM,2023,03,24,07,15.6,58,Moderate,17.0,UG/M3,1 Hr,Valid
Banja Luka,PM2.5 - Principal,2023-03-24 08:00 AM,2023,03,24,08,14.9,57,Moderate,14.2,UG/M3,1 Hr,Valid
Banja Luka,PM2.5 - Principal,2023-03-24 09:00 AM,2023,03,24,09,11.8,49,Good,8.7,UG/M3,1 Hr,Valid
Banja Luka,PM2.5 - Principal,2023-03-24 10:00 AM,2023,03,24,10,9.0,38,Good,6.3,UG/M3,1 Hr,Valid
Banja Luka,PM2.5 - Principal,2023-03-24 11:00 AM,2023,03,24,11,7.3,30,Good,5.7,UG/M3,1 Hr,Valid
Banja Luka,PM2.5 - Principal,2023-03-24 12:00 PM,2023,03,24,12,6.4,27,Good,5.4,UG/M3,1 Hr,Valid
Banja Luka,PM2.5 - Principal,2023-03-24 01:00 PM,2023,03,24,13,5.4,23,Good,4.4,UG/M3,1 Hr,Valid
Banja Luka,PM2.5 - Principal,2023-03-24 02:00 PM,2023,03,24,14,5.1,21,Good,4.9,UG/M3,1 Hr,Valid
Banja Luka,PM2.5 - Principal,2023-03-24 03:00 PM,2023,03,24,15,4.8,20,Good,4.5,UG/M3,1 Hr,Valid
Banja Luka,PM2.5 - Principal,2023-03-24 04:00 PM,2023,03,24,16,5.0,21,Good,5.2,UG/M3,1 Hr,Valid
Banja Luka,PM2.5 - Principal,2023-03-24 05:00 PM,2023,03,24,17,5.4,23,Good,5.9,UG/M3,1 Hr,Valid
Banja Luka,PM2.5 - Principal,2023-03-24 06:00 PM,2023,03,24,18,6.3,26,Good,7.1,UG/M3,1 Hr,Valid
Banja Luka,PM2.5 - Principal,2023-03-24 07:00 PM,2023,03,24,19,6.9,29,Good,7.5,UG/M3,1 Hr,Valid
Banja Luka,PM2.5 - Principal,2023-03-24 08:00 PM,2023,03,24,20,7.8,33,Good,8.8,UG/M3,1 Hr,Valid
Banja Luka,PM2.5 - Principal,2023-03-24 09:00 PM,2023,03,24,21,7.1,30,Good,6.3,UG/M3,1 Hr,Valid
Banja Luka,PM2.5 - Principal,2023-03-24 10:00 PM,2023,03,24,22,6.8,28,Good,6.5,UG/M3,1 Hr,Valid
Banja Luka,PM2.5 - Principal,2023-03-24 11:00 PM,2023,03,24,23,6.3,26,Good,5.7,UG/M3,1 Hr,Valid
Banja Luka,PM2.5 - Principal,2023-03-25 12:00 AM,2023,03,25,00,6.5,27,Good,6.7,UG/M3,1 Hr,Valid
Banja Luka,PM2.5 - Principal,2023-03-25 01:00 AM,2023,03,25,01,6.5,27,Good,6.6,UG/M3,1 Hr,Valid
Banja Luka,PM2.5 - Principal,2023-03-25 02:00 AM,2023,03,25,02,6.5,27,Good,6.5,UG/M3,1 Hr,Valid
Banja Luka,PM2.5 - Principal,2023-03-25 03:00 AM,2023,03,25,03,7.2,30,Good,8.3,UG/M3,1 Hr,Valid
Banja Luka,PM2.5 - Principal,2023-03-25 04:00 AM,2023,03,25,04,9.1,38,Good,11.1,UG/M3,1 Hr,Valid
Banja Luka,PM2.5 - Principal,2023-03-25 05:00 AM,2023,03,25,05,9.5,40,Good,10.0,UG/M3,1 Hr,Valid
Banja Luka,PM2.5 - Principal,2023-03-25 06:00 AM,2023,03,25,06,12.2,51,Moderate,14.7,UG/M3,1 Hr,Valid
Banja Luka,PM2.5 - Principal,2023-03-25 07:00 AM,2023,03,25,07,15.3,58,Moderate,18.3,UG/M3,1 Hr,Valid
Banja Luka,PM2.5 - Principal,2023-03-25 08:00 AM,2023,03,25,08,13.5,54,Moderate,11.7,UG/M3,1 Hr,Valid
Banja Luka,PM2.5 - Principal,2023-03-25 09:00 AM,2023,03,25,09,11.7,49,Good,10.0,UG/M3,1 Hr,Valid
Banja Luka,PM2.5 - Principal,2023-03-25 10:00 AM,2023,03,25,10,10.8,45,Good,10.0,UG/M3,1 Hr,Valid
Banja Luka,PM2.5 - Principal,2023-03-25 11:00 AM,2023,03,25,11,12.0,50,Good,13.1,UG/M3,1 Hr,Valid
Banja Luka,PM2.5 - Principal,2023-03-25 12:00 PM,2023,03,25,12,13.7,54,Moderate,15.5,UG/M3,1 Hr,Valid
Banja Luka,PM2.5 - Principal,2023-03-25 01:00 PM,2023,03,25,13,13.2,53,Moderate,12.7,UG/M3,1 Hr,Valid
Banja Luka,PM2.5 - Principal,2023-03-25 02:00 PM,2023,03,25,14,13.9,55,Moderate,14.6,UG/M3,1 Hr,Valid
Banja Luka,PM2.5 - Principal,2023-03-25 03:00 PM,2023,03,25,15,12.7,52,Moderate,11.4,UG/M3,1 Hr,Valid
Banja Luka,PM2.5 - Principal,2023-03-25 04:00 PM,2023,03,25,16,9.8,41,Good,7.0,UG/M3,1 Hr,Valid
Banja Luka,PM2.5 - Principal,2023-03-25 05:00 PM,2023,03,25,17,8.6,36,Good,7.4,UG/M3,1 Hr,Valid
Banja Luka,PM2.5 - Principal,2023-03-25 06:00 PM,2023,03,25,18,7.0,29,Good,5.4,UG/M3,1 Hr,Valid
Banja Luka,PM2.5 - Principal,2023-03-25 07:00 PM,2023,03,25,19,6.4,27,Good,5.9,UG/M3,1 Hr,Valid
Banja Luka,PM2.5 - Principal,2023-03-25 08:00 PM,2023,03,25,20,6.9,29,Good,7.4,UG/M3,1 Hr,Valid
Banja Luka,PM2.5 - Principal,2023-03-25 09:00 PM,2023,03,25,21,6.6,28,Good,6.4,UG/M3,1 Hr,Valid
Banja Luka,PM2.5 - Principal,2023-03-25 10:00 PM,2023,03,25,22,10.1,42,Good,13.6,UG/M3,1 Hr,Valid
Banja Luka,PM2.5 - Principal,2023-03-25 11:00 PM,2023,03,25,23,20.9,70,Moderate,31.7,UG/M3,1 Hr,Valid
Banja Luka,PM2.5 - Principal,2023-03-26 12:00 AM,2023,03,26,00,35.6,101,Unhealthy for Sensitive Groups,50.2,UG/M3,1 Hr,Valid
Banja Luka,PM2.5 - Principal,2023-03-26 01:00 AM,2023,03,26,01,47.1,130,Unhealthy for Sensitive Groups,58.6,UG/M3,1 Hr,Valid
Banja Luka,PM2.5 - Principal,2023-03-26 02:00 AM,2023,03,26,02,38.3,108,Unhealthy for Sensitive Groups,29.6,UG/M3,1 Hr,Valid
Banja Luka,PM2.5 - Principal,2023-03-26 04:00 AM,2023,03,26,04,38.3,108,Unhealthy for Sensitive Groups,-999.0,UG/M3,1 Hr,Missing
Banja Luka,PM2.5 - Principal,2023-03-26 05:00 AM,2023,03,26,05,39.7,111,Unhealthy for Sensitive Groups,40.4,UG/M3,1 Hr,Valid
Banja Luka,PM2.5 - Principal,2023-03-26 06:00 AM,2023,03,26,06,28.4,85,Moderate,20.0,UG/M3,1 Hr,Valid
Banja Luka,PM2.5 - Principal,2023-03-26 07:00 AM,2023,03,26,07,17.7,63,Moderate,8.2,UG/M3,1 Hr,Valid
Banja Luka,PM2.5 - Principal,2023-03-26 08:00 AM,2023,03,26,08,15.3,58,Moderate,13.2,UG/M3,1 Hr,Valid
Banja Luka,PM2.5 - Principal,2023-03-26 09:00 AM,2023,03,26,09,11.6,48,Good,8.1,UG/M3,1 Hr,Valid
Banja Luka,PM2.5 - Principal,2023-03-26 10:00 AM,2023,03,26,10,17.4,62,Moderate,23.1,UG/M3,1 Hr,Valid
Banja Luka,PM2.5 - Principal,2023-03-26 11:00 AM,2023,03,26,11,17.1,62,Moderate,16.8,UG/M3,1 Hr,Valid
Banja Luka,PM2.5 - Principal,2023-03-26 12:00 PM,2023,03,26,12,14.3,56,Moderate,11.5,UG/M3,1 Hr,Valid
Banja Luka,PM2.5 - Principal,2023-03-26 01:00 PM,2023,03,26,13,15.0,57,Moderate,15.7,UG/M3,1 Hr,Valid
Banja Luka,PM2.5 - Principal,2023-03-26 02:00 PM,2023,03,26,14,12.5,52,Moderate,9.9,UG/M3,1 Hr,Valid
Banja Luka,PM2.5 - Principal,2023-03-26 03:00 PM,2023,03,26,15,9.5,40,Good,6.6,UG/M3,1 Hr,Valid
Banja Luka,PM2.5 - Principal,2023-03-26 04:00 PM,2023,03,26,16,7.9,33,Good,6.2,UG/M3,1 Hr,Valid
Banja Luka,PM2.5 - Principal,2023-03-26 05:00 PM,2023,03,26,17,7.1,30,Good,6.3,UG/M3,1 Hr,Valid
Banja Luka,PM2.5 - Principal,2023-03-26 06:00 PM,2023,03,26,18,6.0,25,Good,4.9,UG/M3,1 Hr,Valid
Banja Luka,PM2.5 - Principal,2023-03-26 07:00 PM,2023,03,26,19,5.4,23,Good,4.8,UG/M3,1 Hr,Valid
Banja Luka,PM2.5 - Principal,2023-03-26 08:00 PM,2023,03,26,20,5.3,22,Good,5.1,UG/M3,1 Hr,Valid
Banja Luka,PM2.5 - Principal,2023-03-26 09:00 PM,2023,03,26,21,5.4,23,Good,5.5,UG/M3,1 Hr,Valid
Banja Luka,PM2.5 - Principal,2023-03-26 10:00 PM,2023,03,26,22,5.8,24,Good,6.1,UG/M3,1 Hr,Valid
Banja Luka,PM2.5 - Principal,2023-03-26 11:00 PM,2023,03,26,23,8.0,33,Good,10.2,UG/M3,1 Hr,Valid
Banja Luka,PM2.5 - Principal,2023-03-27 12:00 AM,2023,03,27,00,7.2,30,Good,6.4,UG/M3,1 Hr,Valid
Banja Luka,PM2.5 - Principal,2023-03-27 01:00 AM,2023,03,27,01,6.4,27,Good,5.7,UG/M3,1 Hr,Valid
Banja Luka,PM2.5 - Principal,2023-03-27 02:00 AM,2023,03,27,02,6.2,26,Good,6.0,UG/M3,1 Hr,Valid
Banja Luka,PM2.5 - Principal,2023-03-27 03:00 AM,2023,03,27,03,6.5,27,Good,6.8,UG/M3,1 Hr,Valid
Banja Luka,PM2.5 - Principal,2023-03-27 04:00 AM,2023,03,27,04,6.8,28,Good,7.1,UG/M3,1 Hr,Valid
Banja Luka,PM2.5 - Principal,2023-03-27 05:00 AM,2023,03,27,05,7.3,30,Good,7.7,UG/M3,1 Hr,Valid
Banja Luka,PM2.5 - Principal,2023-03-27 06:00 AM,2023,03,27,06,5.5,23,Good,3.8,UG/M3,1 Hr,Valid
Banja Luka,PM2.5 - Principal,2023-03-27 07:00 AM,2023,03,27,07,4.7,20,Good,3.9,UG/M3,1 Hr,Valid
Banja Luka,PM2.5 - Principal,2023-03-27 08:00 AM,2023,03,27,08,4.9,20,Good,5.1,UG/M3,1 Hr,Valid
Banja Luka,PM2.5 - Principal,2023-03-27 09:00 AM,2023,03,27,09,11.2,47,Good,17.6,UG/M3,1 Hr,Valid
Banja Luka,PM2.5 - Principal,2023-03-27 10:00 AM,2023,03,27,10,7.2,30,Good,3.2,UG/M3,1 Hr,Valid
Banja Luka,PM2.5 - Principal,2023-03-27 11:00 AM,2023,03,27,11,6.4,27,Good,5.6,UG/M3,1 Hr,Valid
Banja Luka,PM2.5 - Principal,2023-03-27 12:00 PM,2023,03,27,12,5.5,23,Good,4.7,UG/M3,1 Hr,Valid
Banja Luka,PM2.5 - Principal,2023-03-27 01:00 PM,2023,03,27,13,5.2,22,Good,4.9,UG/M3,1 Hr,Valid
Banja Luka,PM2.5 - Principal,2023-03-27 02:00 PM,2023,03,27,14,5.4,23,Good,5.7,UG/M3,1 Hr,Valid
Banja Luka,PM2.5 - Principal,2023-03-27 03:00 PM,2023,03,27,15,5.1,21,Good,4.8,UG/M3,1 Hr,Valid
Banja Luka,PM2.5 - Principal,2023-03-27 04:00 PM,2023,03,27,16,5.9,25,Good,6.6,UG/M3,1 Hr,Valid
Banja Luka,PM2.5 - Principal,2023-03-27 05:00 PM,2023,03,27,17,9.1,38,Good,12.4,UG/M3,1 Hr,Valid
Banja Luka,PM2.5 - Principal,2023-03-27 06:00 PM,2023,03,27,18,7.8,33,Good,6.5,UG/M3,1 Hr,Valid
Banja Luka,PM2.5 - Principal,2023-03-27 07:00 PM,2023,03,27,19,10.4,43,Good,12.9,UG/M3,1 Hr,Valid
Banja Luka,PM2.5 - Principal,2023-03-27 08:00 PM,2023,03,27,20,9.5,40,Good,8.6,UG/M3,1 Hr,Valid
Banja Luka,PM2.5 - Principal,2023-03-27 09:00 PM,2023,03,27,21,12.5,52,Moderate,15.5,UG/M3,1 Hr,Valid
Banja Luka,PM2.5 - Principal,2023-03-27 10:00 PM,2023,03,27,22,27.5,83,Moderate,42.6,UG/M3,1 Hr,Valid
Banja Luka,PM2.5 - Principal,2023-03-27 11:00 PM,2023,03,27,23,23.7,75,Moderate,19.8,UG/M3,1 Hr,Valid
Banja Luka,PM2.5 - Principal,2023-03-28 12:00 AM,2023,03,28,00,15.9,59,Moderate,8.1,UG/M3,1 Hr,Valid
Banja Luka,PM2.5 - Principal,2023-03-28 01:00 AM,2023,03,28,01,12.1,51,Moderate,8.3,UG/M3,1 Hr,Valid
Banja Luka,PM2.5 - Principal,2023-03-28 02:00 AM,2023,03,28,02,9.6,40,Good,7.1,UG/M3,1 Hr,Valid
Banja Luka,PM2.5 - Principal,2023-03-28 03:00 AM,2023,03,28,03,10.5,44,Good,11.3,UG/M3,1 Hr,Valid
Banja Luka,PM2.5 - Principal,2023-03-28 04:00 AM,2023,03,28,04,8.3,35,Good,6.1,UG/M3,1 Hr,Valid
Banja Luka,PM2.5 - Principal,2023-03-28 05:00 AM,2023,03,28,05,9.7,40,Good,11.2,UG/M3,1 Hr,Valid
Banja Luka,PM2.5 - Principal,2023-03-28 06:00 AM,2023,03,28,06,9.1,38,Good,8.5,UG/M3,1 Hr,Valid
Banja Luka,PM2.5 - Principal,2023-03-28 07:00 AM,2023,03,28,07,8.2,34,Good,7.2,UG/M3,1 Hr,Valid
Banja Luka,PM2.5 - Principal,2023-03-28 08:00 AM,2023,03,28,08,9.1,38,Good,10.1,UG/M3,1 Hr,Valid
Banja Luka,PM2.5 - Principal,2023-03-28 09:00 AM,2023,03,28,09,14.9,57,Moderate,20.6,UG/M3,1 Hr,Valid
Banja Luka,PM2.5 - Principal,2023-03-28 10:00 AM,2023,03,28,10,17.1,62,Moderate,19.2,UG/M3,1 Hr,Valid
Banja Luka,PM2.5 - Principal,2023-03-28 11:00 AM,2023,03,28,11,17.3,62,Moderate,17.6,UG/M3,1 Hr,Valid
Banja Luka,PM2.5 - Principal,2023-03-28 12:00 PM,2023,03,28,12,12.7,52,Moderate,8.0,UG/M3,1 Hr,Valid
Banja Luka,PM2.5 - Principal,2023-03-28 01:00 PM,2023,03,28,13,8.8,37,Good,5.0,UG/M3,1 Hr,Valid
Banja Luka,PM2.5 - Principal,2023-03-28 02:00 PM,2023,03,28,14,6.5,27,Good,4.2,UG/M3,1 Hr,Valid
Banja Luka,PM2.5 - Principal,2023-03-28 03:00 PM,2023,03,28,15,5.5,23,Good,4.4,UG/M3,1 Hr,Valid
Banja Luka,PM2.5 - Principal,2023-03-28 04:00 PM,2023,03,28,16,5.0,21,Good,4.5,UG/M3,1 Hr,Valid
Banja Luka,PM2.5 - Principal,2023-03-28 05:00 PM,2023,03,28,17,5.1,21,Good,5.2,UG/M3,1 Hr,Valid
Banja Luka,PM2.5 - Principal,2023-03-28 06:00 PM,2023,03,28,18,5.3,22,Good,5.5,UG/M3,1 Hr,Valid
Banja Luka,PM2.5 - Principal,2023-03-28 07:00 PM,2023,03,28,19,6.2,26,Good,7.2,UG/M3,1 Hr,Valid
Banja Luka,PM2.5 - Principal,2023-03-28 08:00 PM,2023,03,28,20,6.8,28,Good,7.4,UG/M3,1 Hr,Valid
Banja Luka,PM2.5 - Principal,2023-03-28 09:00 PM,2023,03,28,21,15.8,59,Moderate,24.9,UG/M3,1 Hr,Valid
Banja Luka,PM2.5 - Principal,2023-03-28 10:00 PM,2023,03,28,22,24.5,77,Moderate,33.2,UG/M3,1 Hr,Valid
Banja Luka,PM2.5 - Principal,2023-03-28 11:00 PM,2023,03,28,23,68.6,158,Unhealthy,112.6,UG/M3,1 Hr,Valid
Banja Luka,PM2.5 - Principal,2023-03-29 12:00 AM,2023,03,29,00,71.0,159,Unhealthy,73.5,UG/M3,1 Hr,Valid
Banja Luka,PM2.5 - Principal,2023-03-29 01:00 AM,2023,03,29,01,75.5,161,Unhealthy,80.0,UG/M3,1 Hr,Valid
Banja Luka,PM2.5 - Principal,2023-03-29 02:00 AM,2023,03,29,02,57.3,152,Unhealthy,39.0,UG/M3,1 Hr,Valid
Banja Luka,PM2.5 - Principal,2023-03-29 03:00 AM,2023,03,29,03,39.9,112,Unhealthy for Sensitive Groups,22.5,UG/M3,1 Hr,Valid
Banja Luka,PM2.5 - Principal,2023-03-29 04:00 AM,2023,03,29,04,24.5,77,Moderate,9.0,UG/M3,1 Hr,Valid
Banja Luka,PM2.5 - Principal,2023-03-29 05:00 AM,2023,03,29,05,15.7,59,Moderate,7.0,UG/M3,1 Hr,Valid
Banja Luka,PM2.5 - Principal,2023-03-29 06:00 AM,2023,03,29,06,11.0,46,Good,6.2,UG/M3,1 Hr,Valid
Banja Luka,PM2.5 - Principal,2023-03-29 07:00 AM,2023,03,29,07,8.0,33,Good,4.9,UG/M3,1 Hr,Valid
Banja Luka,PM2.5 - Principal,2023-03-29 08:00 AM,2023,03,29,08,9.1,38,Good,10.2,UG/M3,1 Hr,Valid
Banja Luka,PM2.5 - Principal,2023-03-29 09:00 AM,2023,03,29,09,10.7,45,Good,12.3,UG/M3,1 Hr,Valid
Banja Luka,PM2.5 - Principal,2023-03-29 10:00 AM,2023,03,29,10,10.7,45,Good,10.7,UG/M3,1 Hr,Valid
Banja Luka,PM2.5 - Principal,2023-03-29 11:00 AM,2023,03,29,11,11.7,49,Good,12.7,UG/M3,1 Hr,Valid
Banja Luka,PM2.5 - Principal,2023-03-29 12:00 PM,2023,03,29,12,12.8,52,Moderate,14.0,UG/M3,1 Hr,Valid
Banja Luka,PM2.5 - Principal,2023-03-29 01:00 PM,2023,03,29,13,12.1,51,Moderate,11.3,UG/M3,1 Hr,Valid
Banja Luka,PM2.5 - Principal,2023-03-29 02:00 PM,2023,03,29,14,10.4,43,Good,8.7,UG/M3,1 Hr,Valid
Banja Luka,PM2.5 - Principal,2023-03-29 03:00 PM,2023,03,29,15,15.0,57,Moderate,19.7,UG/M3,1 Hr,Valid
Banja Luka,PM2.5 - Principal,2023-03-29 04:00 PM,2023,03,29,16,17.5,62,Moderate,19.9,UG/M3,1 Hr,Valid
Banja Luka,PM2.5 - Principal,2023-03-29 05:00 PM,2023,03,29,17,15.7,59,Moderate,14.0,UG/M3,1 Hr,Valid
Banja Luka,PM2.5 - Principal,2023-03-29 06:00 PM,2023,03,29,18,12.7,52,Moderate,9.6,UG/M3,1 Hr,Valid
Banja Luka,PM2.5 - Principal,2023-03-29 07:00 PM,2023,03,29,19,11.1,46,Good,9.5,UG/M3,1 Hr,Valid
Banja Luka,PM2.5 - Principal,2023-03-29 08:00 PM,2023,03,29,20,11.0,46,Good,11.0,UG/M3,1 Hr,Valid
Banja Luka,PM2.5 - Principal,2023-03-29 09:00 PM,2023,03,29,21,23.4,75,Moderate,35.8,UG/M3,1 Hr,Valid
Banja Luka,PM2.5 - Principal,2023-03-29 10:00 PM,2023,03,29,22,18.4,64,Moderate,13.4,UG/M3,1 Hr,Valid
Banja Luka,PM2.5 - Principal,2023-03-29 11:00 PM,2023,03,29,23,13.3,54,Moderate,8.2,UG/M3,1 Hr,Valid
Banja Luka,PM2.5 - Principal,2023-03-30 12:00 AM,2023,03,30,00,9.4,39,Good,5.5,UG/M3,1 Hr,Valid
Banja Luka,PM2.5 - Principal,2023-03-30 01:00 AM,2023,03,30,01,8.2,34,Good,7.0,UG/M3,1 Hr,Valid
Banja Luka,PM2.5 - Principal,2023-03-30 02:00 AM,2023,03,30,02,37.2,105,Unhealthy for Sensitive Groups,66.2,UG/M3,1 Hr,Valid
Banja Luka,PM2.5 - Principal,2023-03-30 03:00 AM,2023,03,30,03,50.0,137,Unhealthy for Sensitive Groups,62.8,UG/M3,1 Hr,Valid
Banja Luka,PM2.5 - Principal,2023-03-30 04:00 AM,2023,03,30,04,51.2,140,Unhealthy for Sensitive Groups,52.4,UG/M3,1 Hr,Valid
Banja Luka,PM2.5 - Principal,2023-03-30 05:00 AM,2023,03,30,05,53.9,146,Unhealthy for Sensitive Groups,56.6,UG/M3,1 Hr,Valid
Banja Luka,PM2.5 - Principal,2023-03-30 06:00 AM,2023,03,30,06,52.3,142,Unhealthy for Sensitive Groups,50.7,UG/M3,1 Hr,Valid
Banja Luka,PM2.5 - Principal,2023-03-30 07:00 AM,2023,03,30,07,41.6,116,Unhealthy for Sensitive Groups,30.9,UG/M3,1 Hr,Valid
Banja Luka,PM2.5 - Principal,2023-03-30 08:00 AM,2023,03,30,08,24.3,77,Moderate,7.0,UG/M3,1 Hr,Valid
Banja Luka,PM2.5 - Principal,2023-03-30 09:00 AM,2023,03,30,09,18.1,64,Moderate,11.9,UG/M3,1 Hr,Valid
Banja Luka,PM2.5 - Principal,2023-03-30 10:00 AM,2023,03,30,10,14.3,56,Moderate,10.4,UG/M3,1 Hr,Valid
Banja Luka,PM2.5 - Principal,2023-03-30 11:00 AM,2023,03,30,11,10.1,42,Good,5.9,UG/M3,1 Hr,Valid
Banja Luka,PM2.5 - Principal,2023-03-30 12:00 PM,2023,03,30,12,7.6,32,Good,5.2,UG/M3,1 Hr,Valid
Banja Luka,PM2.5 - Principal,2023-03-30 01:00 PM,2023,03,30,13,6.3,26,Good,4.9,UG/M3,1 Hr,Valid
Banja Luka,PM2.5 - Principal,2023-03-30 02:00 PM,2023,03,30,14,5.7,24,Good,5.2,UG/M3,1 Hr,Valid
Banja Luka,PM2.5 - Principal,2023-03-30 03:00 PM,2023,03,30,15,5.6,23,Good,5.4,UG/M3,1 Hr,Valid
Banja Luka,PM2.5 - Principal,2023-03-30 04:00 PM,2023,03,30,16,5.7,24,Good,5.9,UG/M3,1 Hr,Valid
Banja Luka,PM2.5 - Principal,2023-03-30 05:00 PM,2023,03,30,17,6.2,26,Good,6.8,UG/M3,1 Hr,Valid
Banja Luka,PM2.5 - Principal,2023-03-30 06:00 PM,2023,03,30,18,6.2,26,Good,6.3,UG/M3,1 Hr,Valid
Banja Luka,PM2.5 - Principal,2023-03-30 07:00 PM,2023,03,30,19,6.6,28,Good,7.0,UG/M3,1 Hr,Valid
Banja Luka,PM2.5 - Principal,2023-03-30 08:00 PM,2023,03,30,20,6.6,28,Good,6.6,UG/M3,1 Hr,Valid
Banja Luka,PM2.5 - Principal,2023-03-30 09:00 PM,2023,03,30,21,7.0,29,Good,7.3,UG/M3,1 Hr,Valid
Banja Luka,PM2.5 - Principal,2023-03-30 10:00 PM,2023,03,30,22,7.0,29,Good,7.5,UG/M3,1 Hr,Valid
Banja Luka,PM2.5 - Principal,2023-03-30 11:00 PM,2023,03,30,23,6.7,28,Good,6.1,UG/M3,1 Hr,Valid
Banja Luka,PM2.5 - Principal,2023-03-31 12:00 AM,2023,03,31,00,7.8,33,Good,9.1,UG/M3,1 Hr,Valid
Banja Luka,PM2.5 - Principal,2023-03-31 01:00 AM,2023,03,31,01,6.9,29,Good,5.9,UG/M3,1 Hr,Valid
Banja Luka,PM2.5 - Principal,2023-03-31 02:00 AM,2023,03,31,02,6.6,28,Good,6.2,UG/M3,1 Hr,Valid
Banja Luka,PM2.5 - Principal,2023-03-31 03:00 AM,2023,03,31,03,6.0,25,Good,5.1,UG/M3,1 Hr,Valid
Banja Luka,PM2.5 - Principal,2023-03-31 04:00 AM,2023,03,31,04,5.5,23,Good,5.0,UG/M3,1 Hr,Valid
Banja Luka,PM2.5 - Principal,2023-03-31 05:00 AM,2023,03,31,05,5.4,23,Good,5.2,UG/M3,1 Hr,Valid
Banja Luka,PM2.5 - Principal,2023-03-31 06:00 AM,2023,03,31,06,5.8,24,Good,6.3,UG/M3,1 Hr,Valid
Banja Luka,PM2.5 - Principal,2023-03-31 07:00 AM,2023,03,31,07,7.6,32,Good,9.5,UG/M3,1 Hr,Valid
Banja Luka,PM2.5 - Principal,2023-03-31 08:00 AM,2023,03,31,08,11.1,46,Good,14.6,UG/M3,1 Hr,Valid
Banja Luka,PM2.5 - Principal,2023-03-31 09:00 AM,2023,03,31,09,9.1,38,Good,7.2,UG/M3,1 Hr,Valid
Banja Luka,PM2.5 - Principal,2023-03-31 10:00 AM,2023,03,31,10,8.7,36,Good,8.2,UG/M3,1 Hr,Valid
Banja Luka,PM2.5 - Principal,2023-03-31 11:00 AM,2023,03,31,11,7.9,33,Good,7.1,UG/M3,1 Hr,Valid
Banja Luka,PM2.5 - Principal,2023-03-31 12:00 PM,2023,03,31,12,6.9,29,Good,6.0,UG/M3,1 Hr,Valid
Banja Luka,PM2.5 - Principal,2023-03-31 01:00 PM,2023,03,31,13,6.1,25,Good,5.3,UG/M3,1 Hr,Valid
Banja Luka,PM2.5 - Principal,2023-03-31 02:00 PM,2023,03,31,14,5.7,24,Good,5.4,UG/M3,1 Hr,Valid
Banja Luka,PM2.5 - Principal,2023-03-31 03:00 PM,2023,03,31,15,5.6,23,Good,5.5,UG/M3,1 Hr,Valid
Banja Luka,PM2.5 - Principal,2023-03-31 04:00 PM,2023,03,31,16,5.9,25,Good,6.2,UG/M3,1 Hr,Valid
Banja Luka,PM2.5 - Principal,2023-03-31 05:00 PM,2023,03,31,17,6.2,26,Good,6.5,UG/M3,1 Hr,Valid
Banja Luka,PM2.5 - Principal,2023-03-31 06:00 PM,2023,03,31,18,6.2,26,Good,6.2,UG/M3,1 Hr,Valid
Banja Luka,PM2.5 - Principal,2023-03-31 07:00 PM,2023,03,31,19,6.6,28,Good,7.0,UG/M3,1 Hr,Valid
Banja Luka,PM2.5 - Principal,2023-03-31 08:00 PM,2023,03,31,20,6.6,28,Good,7.0,UG/M3,1 Hr,Valid
Banja Luka,PM2.5 - Principal,2023-03-31 09:00 PM,2023,03,31,21,8.9,37,Good,11.0,UG/M3,1 Hr,Valid
Banja Luka,PM2.5 - Principal,2023-03-31 10:00 PM,2023,03,31,22,8.2,34,Good,7.5,UG/M3,1 Hr,Valid
Banja Luka,PM2.5 - Principal,2023-03-31 11:00 PM,2023,03,31,23,7.9,33,Good,7.6,UG/M3,1 Hr,Valid
Banja Luka,PM2.5 - Principal,2023-04-01 12:00 AM,2023,04,01,00,7.3,30,Good,6.6,UG/M3,1 Hr,Valid
Banja Luka,PM2.5 - Principal,2023-04-01 01:00 AM,2023,04,01,01,6.8,28,Good,6.3,UG/M3,1 Hr,Valid
Banja Luka,PM2.5 - Principal,2023-04-01 02:00 AM,2023,04,01,02,6.5,27,Good,6.2,UG/M3,1 Hr,Valid
Banja Luka,PM2.5 - Principal,2023-04-01 03:00 AM,2023,04,01,03,6.8,28,Good,7.1,UG/M3,1 Hr,Valid
Banja Luka,PM2.5 - Principal,2023-04-01 04:00 AM,2023,04,01,04,7.6,32,Good,8.5,UG/M3,1 Hr,Valid
Banja Luka,PM2.5 - Principal,2023-04-01 05:00 AM,2023,04,01,05,7.6,32,Good,7.6,UG/M3,1 Hr,Valid
Banja Luka,PM2.5 - Principal,2023-04-01 06:00 AM,2023,04,01,06,7.0,29,Good,6.2,UG/M3,1 Hr,Valid
Banja Luka,PM2.5 - Principal,2023-04-01 07:00 AM,2023,04,01,07,5.3,22,Good,3.7,UG/M3,1 Hr,Valid
Banja Luka,PM2.5 - Principal,2023-04-01 08:00 AM,2023,04,01,08,3.9,16,Good,2.5,UG/M3,1 Hr,Valid
Banja Luka,PM2.5 - Principal,2023-04-01 09:00 AM,2023,04,01,09,3.6,15,Good,3.3,UG/M3,1 Hr,Valid
Banja Luka,PM2.5 - Principal,2023-04-01 10:00 AM,2023,04,01,10,5.0,21,Good,6.3,UG/M3,1 Hr,Valid
Banja Luka,PM2.5 - Principal,2023-04-01 11:00 AM,2023,04,01,11,5.8,24,Good,6.6,UG/M3,1 Hr,Valid
Banja Luka,PM2.5 - Principal,2023-04-01 12:00 PM,2023,04,01,12,5.9,25,Good,6.0,UG/M3,1 Hr,Valid
Banja Luka,PM2.5 - Principal,2023-04-01 01:00 PM,2023,04,01,13,4.8,20,Good,3.8,UG/M3,1 Hr,Valid
Banja Luka,PM2.5 - Principal,2023-04-01 02:00 PM,2023,04,01,14,4.1,17,Good,3.3,UG/M3,1 Hr,Valid
Banja Luka,PM2.5 - Principal,2023-04-01 03:00 PM,2023,04,01,15,2.9,12,Good,1.8,UG/M3,1 Hr,Valid
Banja Luka,PM2.5 - Principal,2023-04-01 04:00 PM,2023,04,01,16,2.4,10,Good,1.9,UG/M3,1 Hr,Valid
Banja Luka,PM2.5 - Principal,2023-04-01 05:00 PM,2023,04,01,17,2.1,9,Good,1.7,UG/M3,1 Hr,Valid
Banja Luka,PM2.5 - Principal,2023-04-01 06:00 PM,2023,04,01,18,2.2,9,Good,2.3,UG/M3,1 Hr,Valid
Banja Luka,PM2.5 - Principal,2023-04-01 07:00 PM,2023,04,01,19,3.2,13,Good,4.1,UG/M3,1 Hr,Valid
Banja Luka,PM2.5 - Principal,2023-04-01 08:00 PM,2023,04,01,20,4.2,18,Good,5.3,UG/M3,1 Hr,Valid
Banja Luka,PM2.5 - Principal,2023-04-01 09:00 PM,2023,04,01,21,4.1,17,Good,4.1,UG/M3,1 Hr,Valid
Banja Luka,PM2.5 - Principal,2023-04-01 10:00 PM,2023,04,01,22,5.4,23,Good,6.7,UG/M3,1 Hr,Valid
Banja Luka,PM2.5 - Principal,2023-04-01 11:00 PM,2023,04,01,23,9.0,38,Good,12.6,UG/M3,1 Hr,Valid
Banja Luka,PM2.5 - Principal,2023-04-02 12:00 AM,2023,04,02,00,9.2,38,Good,9.3,UG/M3,1 Hr,Valid
Banja Luka,PM2.5 - Principal,2023-04-02 01:00 AM,2023,04,02,01,34.5,98,Moderate,59.9,UG/M3,1 Hr,Valid
Banja Luka,PM2.5 - Principal,2023-04-02 02:00 AM,2023,04,02,02,41.3,115,Unhealthy for Sensitive Groups,48.0,UG/M3,1 Hr,Valid
Banja Luka,PM2.5 - Principal,2023-04-02 03:00 AM,2023,04,02,03,36.7,104,Unhealthy for Sensitive Groups,32.1,UG/M3,1 Hr,Valid
Banja Luka,PM2.5 - Principal,2023-04-02 04:00 AM,2023,04,02,04,33.1,95,Moderate,29.6,UG/M3,1 Hr,Valid
Banja Luka,PM2.5 - Principal,2023-04-02 05:00 AM,2023,04,02,05,33.1,95,Moderate,33.1,UG/M3,1 Hr,Valid
Banja Luka,PM2.5 - Principal,2023-04-02 06:00 AM,2023,04,02,06,29.3,87,Moderate,25.4,UG/M3,1 Hr,Valid
Banja Luka,PM2.5 - Principal,2023-04-02 07:00 AM,2023,04,02,07,25.4,79,Moderate,21.5,UG/M3,1 Hr,Valid
Banja Luka,PM2.5 - Principal,2023-04-02 08:00 AM,2023,04,02,08,20.3,68,Moderate,15.2,UG/M3,1 Hr,Valid
Banja Luka,PM2.5 - Principal,2023-04-02 09:00 AM,2023,04,02,09,21.8,71,Moderate,23.3,UG/M3,1 Hr,Valid
Banja Luka,PM2.5 - Principal,2023-04-02 10:00 AM,2023,04,02,10,19.5,67,Moderate,17.3,UG/M3,1 Hr,Valid
Banja Luka,PM2.5 - Principal,2023-04-02 11:00 AM,2023,04,02,11,14.3,56,Moderate,9.0,UG/M3,1 Hr,Valid
Banja Luka,PM2.5 - Principal,2023-04-02 12:00 PM,2023,04,02,12,11.5,48,Good,8.7,UG/M3,1 Hr,Valid
Banja Luka,PM2.5 - Principal,2023-04-02 01:00 PM,2023,04,02,13,8.2,34,Good,5.0,UG/M3,1 Hr,Valid
Banja Luka,PM2.5 - Principal,2023-04-02 02:00 PM,2023,04,02,14,6.1,25,Good,4.0,UG/M3,1 Hr,Valid
Banja Luka,PM2.5 - Principal,2023-04-02 03:00 PM,2023,04,02,15,4.9,20,Good,3.7,UG/M3,1 Hr,Valid
Banja Luka,PM2.5 - Principal,2023-04-02 04:00 PM,2023,04,02,16,4.7,20,Good,4.4,UG/M3,1 Hr,Valid
Banja Luka,PM2.5 - Principal,2023-04-02 05:00 PM,2023,04,02,17,4.1,17,Good,3.5,UG/M3,1 Hr,Valid
Banja Luka,PM2.5 - Principal,2023-04-02 06:00 PM,2023,04,02,18,3.7,15,Good,3.4,UG/M3,1 Hr,Valid
Banja Luka,PM2.5 - Principal,2023-04-02 07:00 PM,2023,04,02,19,3.4,14,Good,3.1,UG/M3,1 Hr,Valid
Banja Luka,PM2.5 - Principal,2023-04-02 08:00 PM,2023,04,02,20,4.8,20,Good,6.3,UG/M3,1 Hr,Valid
Banja Luka,PM2.5 - Principal,2023-04-02 09:00 PM,2023,04,02,21,6.2,26,Good,7.6,UG/M3,1 Hr,Valid
Banja Luka,PM2.5 - Principal,2023-04-02 10:00 PM,2023,04,02,22,6.9,29,Good,7.5,UG/M3,1 Hr,Valid
Banja Luka,PM2.5 - Principal,2023-04-02 11:00 PM,2023,04,02,23,8.2,34,Good,9.5,UG/M3,1 Hr,Valid
Banja Luka,PM2.5 - Principal,2023-04-03 12:00 AM,2023,04,03,00,15.5,58,Moderate,22.8,UG/M3,1 Hr,Valid
Banja Luka,PM2.5 - Principal,2023-04-03 01:00 AM,2023,04,03,01,9.5,40,Good,3.5,UG/M3,1 Hr,Valid
Banja Luka,PM2.5 - Principal,2023-04-03 02:00 AM,2023,04,03,02,7.1,30,Good,4.8,UG/M3,1 Hr,Valid
Banja Luka,PM2.5 - Principal,2023-04-03 03:00 AM,2023,04,03,03,6.2,26,Good,5.3,UG/M3,1 Hr,Valid
Banja Luka,PM2.5 - Principal,2023-04-03 04:00 AM,2023,04,03,04,6.3,26,Good,6.3,UG/M3,1 Hr,Valid
Banja Luka,PM2.5 - Principal,2023-04-03 05:00 AM,2023,04,03,05,6.7,28,Good,7.2,UG/M3,1 Hr,Valid
Banja Luka,PM2.5 - Principal,2023-04-03 06:00 AM,2023,04,03,06,7.3,30,Good,7.9,UG/M3,1 Hr,Valid
Banja Luka,PM2.5 - Principal,2023-04-03 07:00 AM,2023,04,03,07,7.7,32,Good,8.0,UG/M3,1 Hr,Valid
Banja Luka,PM2.5 - Principal,2023-04-03 08:00 AM,2023,04,03,08,8.0,33,Good,8.2,UG/M3,1 Hr,Valid
Banja Luka,PM2.5 - Principal,2023-04-03 09:00 AM,2023,04,03,09,8.6,36,Good,9.3,UG/M3,1 Hr,Valid
Banja Luka,PM2.5 - Principal,2023-04-03 10:00 AM,2023,04,03,10,9.7,40,Good,10.8,UG/M3,1 Hr,Valid
Banja Luka,PM2.5 - Principal,2023-04-03 11:00 AM,2023,04,03,11,11.8,49,Good,14.0,UG/M3,1 Hr,Valid
Banja Luka,PM2.5 - Principal,2023-04-03 12:00 PM,2023,04,03,12,11.9,50,Good,11.9,UG/M3,1 Hr,Valid
Banja Luka,PM2.5 - Principal,2023-04-03 01:00 PM,2023,04,03,13,13.2,53,Moderate,14.5,UG/M3,1 Hr,Valid
Banja Luka,PM2.5 - Principal,2023-04-03 02:00 PM,2023,04,03,14,14.6,56,Moderate,16.0,UG/M3,1 Hr,Valid
Banja Luka,PM2.5 - Principal,2023-04-03 03:00 PM,2023,04,03,15,15.9,59,Moderate,17.2,UG/M3,1 Hr,Valid
Banja Luka,PM2.5 - Principal,2023-04-03 04:00 PM,2023,04,03,16,14.5,56,Moderate,13.2,UG/M3,1 Hr,Valid
Banja Luka,PM2.5 - Principal,2023-04-03 05:00 PM,2023,04,03,17,16.7,61,Moderate,18.8,UG/M3,1 Hr,Valid
Banja Luka,PM2.5 - Principal,2023-04-03 06:00 PM,2023,04,03,18,19.0,66,Moderate,21.3,UG/M3,1 Hr,Valid
Banja Luka,PM2.5 - Principal,2023-04-03 07:00 PM,2023,04,03,19,19.0,66,Moderate,19.0,UG/M3,1 Hr,Valid
Banja Luka,PM2.5 - Principal,2023-04-03 08:00 PM,2023,04,03,20,19.8,67,Moderate,20.6,UG/M3,1 Hr,Valid
Banja Luka,PM2.5 - Principal,2023-04-03 09:00 PM,2023,04,03,21,29.0,87,Moderate,38.1,UG/M3,1 Hr,Valid
Banja Luka,PM2.5 - Principal,2023-04-03 10:00 PM,2023,04,03,22,39.8,112,Unhealthy for Sensitive Groups,50.6,UG/M3,1 Hr,Valid
Banja Luka,PM2.5 - Principal,2023-04-03 11:00 PM,2023,04,03,23,30.8,90,Moderate,21.7,UG/M3,1 Hr,Valid
Banja Luka,PM2.5 - Principal,2023-04-04 12:00 AM,2023,04,04,00,22.6,73,Moderate,14.4,UG/M3,1 Hr,Valid
Banja Luka,PM2.5 - Principal,2023-04-04 01:00 AM,2023,04,04,01,18.2,64,Moderate,13.7,UG/M3,1 Hr,Valid
Banja Luka,PM2.5 - Principal,2023-04-04 02:00 AM,2023,04,04,02,14.7,56,Moderate,11.2,UG/M3,1 Hr,Valid
Banja Luka,PM2.5 - Principal,2023-04-04 03:00 AM,2023,04,04,03,12.0,50,Good,9.2,UG/M3,1 Hr,Valid
Banja Luka,PM2.5 - Principal,2023-04-04 04:00 AM,2023,04,04,04,9.9,41,Good,7.8,UG/M3,1 Hr,Valid
Banja Luka,PM2.5 - Principal,2023-04-04 05:00 AM,2023,04,04,05,8.7,36,Good,7.5,UG/M3,1 Hr,Valid
Banja Luka,PM2.5 - Principal,2023-04-04 06:00 AM,2023,04,04,06,9.3,39,Good,9.9,UG/M3,1 Hr,Valid
Banja Luka,PM2.5 - Principal,2023-04-04 07:00 AM,2023,04,04,07,9.5,40,Good,9.7,UG/M3,1 Hr,Valid
Banja Luka,PM2.5 - Principal,2023-04-04 08:00 AM,2023,04,04,08,10.9,45,Good,12.2,UG/M3,1 Hr,Valid
Banja Luka,PM2.5 - Principal,2023-04-04 09:00 AM,2023,04,04,09,12.9,53,Moderate,15.0,UG/M3,1 Hr,Valid
Banja Luka,PM2.5 - Principal,2023-04-04 10:00 AM,2023,04,04,10,16.0,59,Moderate,19.2,UG/M3,1 Hr,Valid
Banja Luka,PM2.5 - Principal,2023-04-04 11:00 AM,2023,04,04,11,16.0,59,Moderate,16.0,UG/M3,1 Hr,Valid
Banja Luka,PM2.5 - Principal,2023-04-04 12:00 PM,2023,04,04,12,14.1,55,Moderate,12.1,UG/M3,1 Hr,Valid
Banja Luka,PM2.5 - Principal,2023-04-04 01:00 PM,2023,04,04,13,13.2,53,Moderate,12.3,UG/M3,1 Hr,Valid
Banja Luka,PM2.5 - Principal,2023-04-04 02:00 PM,2023,04,04,14,13.4,54,Moderate,13.6,UG/M3,1 Hr,Valid
Banja Luka,PM2.5 - Principal,2023-04-04 03:00 PM,2023,04,04,15,12.8,52,Moderate,12.2,UG/M3,1 Hr,Valid
Banja Luka,PM2.5 - Principal,2023-04-04 04:00 PM,2023,04,04,16,13.4,54,Moderate,14.0,UG/M3,1 Hr,Valid
Banja Luka,PM2.5 - Principal,2023-04-04 05:00 PM,2023,04,04,17,13.3,54,Moderate,13.2,UG/M3,1 Hr,Valid
Banja Luka,PM2.5 - Principal,2023-04-04 06:00 PM,2023,04,04,18,13.9,55,Moderate,14.5,UG/M3,1 Hr,Valid
Banja Luka,PM2.5 - Principal,2023-04-04 07:00 PM,2023,04,04,19,14.3,56,Moderate,15.3,UG/M3,1 Hr,Valid
Banja Luka,PM2.5 - Principal,2023-04-04 08:00 PM,2023,04,04,20,15.8,59,Moderate,18.2,UG/M3,1 Hr,Valid
Banja Luka,PM2.5 - Principal,2023-04-04 09:00 PM,2023,04,04,21,16.9,61,Moderate,18.9,UG/M3,1 Hr,Valid
Banja Luka,PM2.5 - Principal,2023-04-04 10:00 PM,2023,04,04,22,17.2,62,Moderate,17.7,UG/M3,1 Hr,Valid
Banja Luka,PM2.5 - Principal,2023-04-04 11:00 PM,2023,04,04,23,17.8,63,Moderate,18.7,UG/M3,1 Hr,Valid
Banja Luka,PM2.5 - Principal,2023-04-05 12:00 AM,2023,04,05,00,18.8,65,Moderate,20.2,UG/M3,1 Hr,Valid
Banja Luka,PM2.5 - Principal,2023-04-05 01:00 AM,2023,04,05,01,23.6,75,Moderate,28.0,UG/M3,1 Hr,Valid
Banja Luka,PM2.5 - Principal,2023-04-05 02:00 AM,2023,04,05,02,24.9,78,Moderate,26.2,UG/M3,1 Hr,Valid
Banja Luka,PM2.5 - Principal,2023-04-05 03:00 AM,2023,04,05,03,25.6,79,Moderate,26.2,UG/M3,1 Hr,Valid
Banja Luka,PM2.5 - Principal,2023-04-05 04:00 AM,2023,04,05,04,24.2,76,Moderate,22.9,UG/M3,1 Hr,Valid
Banja Luka,PM2.5 - Principal,2023-04-05 05:00 AM,2023,04,05,05,27.2,83,Moderate,30.2,UG/M3,1 Hr,Valid
Banja Luka,PM2.5 - Principal,2023-04-05 06:00 AM,2023,04,05,06,25.6,79,Moderate,23.9,UG/M3,1 Hr,Valid
Banja Luka,PM2.5 - Principal,2023-04-05 07:00 AM,2023,04,05,07,22.7,73,Moderate,18.5,UG/M3,1 Hr,Valid
Banja Luka,PM2.5 - Principal,2023-04-05 08:00 AM,2023,04,05,08,19.8,67,Moderate,16.6,UG/M3,1 Hr,Valid
Banja Luka,PM2.5 - Principal,2023-04-05 09:00 AM,2023,04,05,09,19.4,66,Moderate,18.8,UG/M3,1 Hr,Valid
Banja Luka,PM2.5 - Principal,2023-04-05 10:00 AM,2023,04,05,10,19.4,66,Moderate,19.5,UG/M3,1 Hr,Valid
Banja Luka,PM2.5 - Principal,2023-04-05 11:00 AM,2023,04,05,11,20.4,68,Moderate,21.5,UG/M3,1 Hr,Valid
Banja Luka,PM2.5 - Principal,2023-04-05 12:00 PM,2023,04,05,12,20.0,68,Moderate,19.6,UG/M3,1 Hr,Valid
Banja Luka,PM2.5 - Principal,2023-04-05 01:00 PM,2023,04,05,13,19.7,67,Moderate,19.3,UG/M3,1 Hr,Valid
Banja Luka,PM2.5 - Principal,2023-04-05 02:00 PM,2023,04,05,14,18.9,65,Moderate,18.0,UG/M3,1 Hr,Valid
Banja Luka,PM2.5 - Principal,2023-04-05 03:00 PM,2023,04,05,15,18.4,64,Moderate,17.8,UG/M3,1 Hr,Valid
Banja Luka,PM2.5 - Principal,2023-04-05 04:00 PM,2023,04,05,16,21.4,71,Moderate,25.1,UG/M3,1 Hr,Valid
Banja Luka,PM2.5 - Principal,2023-04-05 05:00 PM,2023,04,05,17,20.8,69,Moderate,20.6,UG/M3,1 Hr,Valid
Banja Luka,PM2.5 - Principal,2023-04-05 06:00 PM,2023,04,05,18,19.9,67,Moderate,18.1,UG/M3,1 Hr,Valid
Banja Luka,PM2.5 - Principal,2023-04-05 07:00 PM,2023,04,05,19,20.2,68,Moderate,20.7,UG/M3,1 Hr,Valid
Banja Luka,PM2.5 - Principal,2023-04-05 08:00 PM,2023,04,05,20,20.4,68,Moderate,20.9,UG/M3,1 Hr,Valid
Banja Luka,PM2.5 - Principal,2023-04-05 09:00 PM,2023,04,05,21,20.0,68,Moderate,19.1,UG/M3,1 Hr,Valid
Banja Luka,PM2.5 - Principal,2023-04-05 10:00 PM,2023,04,05,22,22.4,73,Moderate,27.0,UG/M3,1 Hr,Valid
Banja Luka,PM2.5 - Principal,2023-04-05 11:00 PM,2023,04,05,23,65.3,156,Unhealthy,107.1,UG/M3,1 Hr,Valid
Banja Luka,PM2.5 - Principal,2023-04-06 12:00 AM,2023,04,06,00,84.0,166,Unhealthy,102.7,UG/M3,1 Hr,Valid
Banja Luka,PM2.5 - Principal,2023-04-06 01:00 AM,2023,04,06,01,75.6,161,Unhealthy,67.1,UG/M3,1 Hr,Valid
Banja Luka,PM2.5 - Principal,2023-04-06 02:00 AM,2023,04,06,02,57.9,152,Unhealthy,40.2,UG/M3,1 Hr,Valid
Banja Luka,PM2.5 - Principal,2023-04-06 03:00 AM,2023,04,06,03,48.7,134,Unhealthy for Sensitive Groups,39.4,UG/M3,1 Hr,Valid
Banja Luka,PM2.5 - Principal,2023-04-06 04:00 AM,2023,04,06,04,42.0,117,Unhealthy for Sensitive Groups,35.3,UG/M3,1 Hr,Valid
Banja Luka,PM2.5 - Principal,2023-04-06 05:00 AM,2023,04,06,05,32.5,94,Moderate,23.1,UG/M3,1 Hr,Valid
Banja Luka,PM2.5 - Principal,2023-04-06 06:00 AM,2023,04,06,06,27.4,83,Moderate,22.2,UG/M3,1 Hr,Valid
Banja Luka,PM2.5 - Principal,2023-04-06 07:00 AM,2023,04,06,07,28.1,85,Moderate,28.8,UG/M3,1 Hr,Valid
Banja Luka,PM2.5 - Principal,2023-04-06 08:00 AM,2023,04,06,08,29.4,87,Moderate,30.7,UG/M3,1 Hr,Valid
Banja Luka,PM2.5 - Principal,2023-04-06 09:00 AM,2023,04,06,09,27.4,83,Moderate,25.5,UG/M3,1 Hr,Valid
Banja Luka,PM2.5 - Principal,2023-04-06 10:00 AM,2023,04,06,10,24.2,76,Moderate,21.0,UG/M3,1 Hr,Valid
Banja Luka,PM2.5 - Principal,2023-04-06 11:00 AM,2023,04,06,11,21.1,70,Moderate,18.0,UG/M3,1 Hr,Valid
Banja Luka,PM2.5 - Principal,2023-04-06 12:00 PM,2023,04,06,12,18.4,64,Moderate,15.6,UG/M3,1 Hr,Valid
Banja Luka,PM2.5 - Principal,2023-04-06 01:00 PM,2023,04,06,13,14.4,56,Moderate,10.5,UG/M3,1 Hr,Valid
Banja Luka,PM2.5 - Principal,2023-04-06 02:00 PM,2023,04,06,14,12.4,52,Moderate,10.4,UG/M3,1 Hr,Valid
Banja Luka,PM2.5 - Principal,2023-04-06 03:00 PM,2023,04,06,15,11.6,48,Good,10.9,UG/M3,1 Hr,Valid
Banja Luka,PM2.5 - Principal,2023-04-06 04:00 PM,2023,04,06,16,11.4,48,Good,11.1,UG/M3,1 Hr,Valid
Banja Luka,PM2.5 - Principal,2023-04-06 05:00 PM,2023,04,06,17,12.2,51,Moderate,13.1,UG/M3,1 Hr,Valid
Banja Luka,PM2.5 - Principal,2023-04-06 06:00 PM,2023,04,06,18,12.9,53,Moderate,13.5,UG/M3,1 Hr,Valid
Banja Luka,PM2.5 - Principal,2023-04-06 07:00 PM,2023,04,06,19,13.7,54,Moderate,14.5,UG/M3,1 Hr,Valid
Banja Luka,PM2.5 - Principal,2023-04-06 08:00 PM,2023,04,06,20,13.7,54,Moderate,13.8,UG/M3,1 Hr,Valid
Banja Luka,PM2.5 - Principal,2023-04-06 09:00 PM,2023,04,06,21,16.5,60,Moderate,19.3,UG/M3,1 Hr,Valid
Banja Luka,PM2.5 - Principal,2023-04-06 10:00 PM,2023,04,06,22,47.0,129,Unhealthy for Sensitive Groups,77.4,UG/M3,1 Hr,Valid
Banja Luka,PM2.5 - Principal,2023-04-06 11:00 PM,2023,04,06,23,69.8,158,Unhealthy,92.6,UG/M3,1 Hr,Valid
Banja Luka,PM2.5 - Principal,2023-04-07 12:00 AM,2023,04,07,00,80.3,164,Unhealthy,90.9,UG/M3,1 Hr,Valid
Banja Luka,PM2.5 - Principal,2023-04-07 01:00 AM,2023,04,07,01,77.5,162,Unhealthy,74.6,UG/M3,1 Hr,Valid
Banja Luka,PM2.5 - Principal,2023-04-07 02:00 AM,2023,04,07,02,50.5,138,Unhealthy for Sensitive Groups,23.5,UG/M3,1 Hr,Valid
Banja Luka,PM2.5 - Principal,2023-04-07 03:00 AM,2023,04,07,03,34.6,98,Moderate,18.6,UG/M3,1 Hr,Valid
Banja Luka,PM2.5 - Principal,2023-04-07 04:00 AM,2023,04,07,04,27.5,83,Moderate,20.4,UG/M3,1 Hr,Valid
Banja Luka,PM2.5 - Principal,2023-04-07 05:00 AM,2023,04,07,05,21.0,70,Moderate,14.4,UG/M3,1 Hr,Valid
Banja Luka,PM2.5 - Principal,2023-04-07 06:00 AM,2023,04,07,06,17.9,63,Moderate,14.9,UG/M3,1 Hr,Valid
Banja Luka,PM2.5 - Principal,2023-04-07 07:00 AM,2023,04,07,07,16.7,61,Moderate,15.4,UG/M3,1 Hr,Valid
Banja Luka,PM2.5 - Principal,2023-04-07 08:00 AM,2023,04,07,08,16.6,60,Moderate,16.6,UG/M3,1 Hr,Valid
Banja Luka,PM2.5 - Principal,2023-04-07 09:00 AM,2023,04,07,09,17.6,63,Moderate,18.6,UG/M3,1 Hr,Valid
Banja Luka,PM2.5 - Principal,2023-04-07 10:00 AM,2023,04,07,10,19.3,66,Moderate,21.0,UG/M3,1 Hr,Valid
Banja Luka,PM2.5 - Principal,2023-04-07 11:00 AM,2023,04,07,11,25.6,79,Moderate,31.9,UG/M3,1 Hr,Valid
Banja Luka,PM2.5 - Principal,2023-04-07 12:00 PM,2023,04,07,12,29.6,88,Moderate,33.6,UG/M3,1 Hr,Valid
Banja Luka,PM2.5 - Principal,2023-04-07 01:00 PM,2023,04,07,13,26.3,81,Moderate,23.0,UG/M3,1 Hr,Valid
Banja Luka,PM2.5 - Principal,2023-04-07 02:00 PM,2023,04,07,14,22.9,74,Moderate,19.6,UG/M3,1 Hr,Valid
Banja Luka,PM2.5 - Principal,2023-04-07 03:00 PM,2023,04,07,15,20.3,68,Moderate,17.7,UG/M3,1 Hr,Valid
Banja Luka,PM2.5 - Principal,2023-04-07 04:00 PM,2023,04,07,16,19.0,66,Moderate,17.7,UG/M3,1 Hr,Valid
Banja Luka,PM2.5 - Principal,2023-04-07 05:00 PM,2023,04,07,17,17.3,62,Moderate,15.6,UG/M3,1 Hr,Valid
Banja Luka,PM2.5 - Principal,2023-04-07 06:00 PM,2023,04,07,18,16.4,60,Moderate,15.4,UG/M3,1 Hr,Valid
Banja Luka,PM2.5 - Principal,2023-04-07 07:00 PM,2023,04,07,19,16.3,60,Moderate,16.2,UG/M3,1 Hr,Valid
Banja Luka,PM2.5 - Principal,2023-04-07 08:00 PM,2023,04,07,20,14.8,57,Moderate,13.3,UG/M3,1 Hr,Valid
Banja Luka,PM2.5 - Principal,2023-04-07 09:00 PM,2023,04,07,21,13.4,54,Moderate,12.1,UG/M3,1 Hr,Valid
Banja Luka,PM2.5 - Principal,2023-04-07 10:00 PM,2023,04,07,22,14.5,56,Moderate,15.5,UG/M3,1 Hr,Valid
Banja Luka,PM2.5 - Principal,2023-04-07 11:00 PM,2023,04,07,23,16.2,60,Moderate,18.0,UG/M3,1 Hr,Valid
Banja Luka,PM2.5 - Principal,2023-04-08 12:00 AM,2023,04,08,00,25.5,79,Moderate,34.8,UG/M3,1 Hr,Valid
Banja Luka,PM2.5 - Principal,2023-04-08 01:00 AM,2023,04,08,01,37.6,106,Unhealthy for Sensitive Groups,49.7,UG/M3,1 Hr,Valid
Banja Luka,PM2.5 - Principal,2023-04-08 02:00 AM,2023,04,08,02,34.5,98,Moderate,31.4,UG/M3,1 Hr,Valid
Banja Luka,PM2.5 - Principal,2023-04-08 03:00 AM,2023,04,08,03,33.0,95,Moderate,31.4,UG/M3,1 Hr,Valid
Banja Luka,PM2.5 - Principal,2023-04-08 04:00 AM,2023,04,08,04,28.7,86,Moderate,24.5,UG/M3,1 Hr,Valid
Banja Luka,PM2.5 - Principal,2023-04-08 05:00 AM,2023,04,08,05,27.5,83,Moderate,26.3,UG/M3,1 Hr,Valid
Banja Luka,PM2.5 - Principal,2023-04-08 06:00 AM,2023,04,08,06,29.6,88,Moderate,31.7,UG/M3,1 Hr,Valid
Banja Luka,PM2.5 - Principal,2023-04-08 07:00 AM,2023,04,08,07,30.6,90,Moderate,31.5,UG/M3,1 Hr,Valid
Banja Luka,PM2.5 - Principal,2023-04-08 08:00 AM,2023,04,08,08,34.7,99,Moderate,38.8,UG/M3,1 Hr,Valid
Banja Luka,PM2.5 - Principal,2023-04-08 09:00 AM,2023,04,08,09,38.3,108,Unhealthy for Sensitive Groups,41.8,UG/M3,1 Hr,Valid
Banja Luka,PM2.5 - Principal,2023-04-08 10:00 AM,2023,04,08,10,33.0,95,Moderate,27.7,UG/M3,1 Hr,Valid
Banja Luka,PM2.5 - Principal,2023-04-08 11:00 AM,2023,04,08,11,47.7,131,Unhealthy for Sensitive Groups,62.3,UG/M3,1 Hr,Valid
Banja Luka,PM2.5 - Principal,2023-04-08 12:00 PM,2023,04,08,12,44.7,124,Unhealthy for Sensitive Groups,41.7,UG/M3,1 Hr,Valid
Banja Luka,PM2.5 - Principal,2023-04-08 01:00 PM,2023,04,08,13,36.2,103,Unhealthy for Sensitive Groups,27.7,UG/M3,1 Hr,Valid
Banja Luka,PM2.5 - Principal,2023-04-08 02:00 PM,2023,04,08,14,24.2,76,Moderate,12.2,UG/M3,1 Hr,Valid
Banja Luka,PM2.5 - Principal,2023-04-08 03:00 PM,2023,04,08,15,18.5,64,Moderate,12.7,UG/M3,1 Hr,Valid
Banja Luka,PM2.5 - Principal,2023-04-08 04:00 PM,2023,04,08,16,15.9,59,Moderate,13.3,UG/M3,1 Hr,Valid
Banja Luka,PM2.5 - Principal,2023-04-08 05:00 PM,2023,04,08,17,14.1,55,Moderate,12.3,UG/M3,1 Hr,Valid
Banja Luka,PM2.5 - Principal,2023-04-08 06:00 PM,2023,04,08,18,12.5,52,Moderate,10.9,UG/M3,1 Hr,Valid
Banja Luka,PM2.5 - Principal,2023-04-08 07:00 PM,2023,04,08,19,13.3,54,Moderate,14.1,UG/M3,1 Hr,Valid
Banja Luka,PM2.5 - Principal,2023-04-08 08:00 PM,2023,04,08,20,14.2,55,Moderate,15.2,UG/M3,1 Hr,Valid
Banja Luka,PM2.5 - Principal,2023-04-08 09:00 PM,2023,04,08,21,15.1,57,Moderate,15.9,UG/M3,1 Hr,Valid
Banja Luka,PM2.5 - Principal,2023-04-08 10:00 PM,2023,04,08,22,26.3,81,Moderate,37.5,UG/M3,1 Hr,Valid
Banja Luka,PM2.5 - Principal,2023-04-08 11:00 PM,2023,04,08,23,31.9,93,Moderate,37.5,UG/M3,1 Hr,Valid
Banja Luka,PM2.5 - Principal,2023-04-09 12:00 AM,2023,04,09,00,30.2,89,Moderate,28.5,UG/M3,1 Hr,Valid
Banja Luka,PM2.5 - Principal,2023-04-09 01:00 AM,2023,04,09,01,29.3,87,Moderate,28.5,UG/M3,1 Hr,Valid
Banja Luka,PM2.5 - Principal,2023-04-09 02:00 AM,2023,04,09,02,26.1,80,Moderate,22.9,UG/M3,1 Hr,Valid
Banja Luka,PM2.5 - Principal,2023-04-09 03:00 AM,2023,04,09,03,23.8,76,Moderate,21.4,UG/M3,1 Hr,Valid
Banja Luka,PM2.5 - Principal,2023-04-09 04:00 AM,2023,04,09,04,21.8,71,Moderate,19.7,UG/M3,1 Hr,Valid
Banja Luka,PM2.5 - Principal,2023-04-09 05:00 AM,2023,04,09,05,20.6,69,Moderate,19.5,UG/M3,1 Hr,Valid
Banja Luka,PM2.5 - Principal,2023-04-09 06:00 AM,2023,04,09,06,19.4,66,Moderate,18.2,UG/M3,1 Hr,Valid
Banja Luka,PM2.5 - Principal,2023-04-09 07:00 AM,2023,04,09,07,17.5,62,Moderate,15.6,UG/M3,1 Hr,Valid
Banja Luka,PM2.5 - Principal,2023-04-09 08:00 AM,2023,04,09,08,17.4,62,Moderate,17.3,UG/M3,1 Hr,Valid
Banja Luka,PM2.5 - Principal,2023-04-09 09:00 AM,2023,04,09,09,17.4,62,Moderate,17.3,UG/M3,1 Hr,Valid
Banja Luka,PM2.5 - Principal,2023-04-09 10:00 AM,2023,04,09,10,12.3,51,Moderate,7.2,UG/M3,1 Hr,Valid
Banja Luka,PM2.5 - Principal,2023-04-09 11:00 AM,2023,04,09,11,12.8,52,Moderate,13.3,UG/M3,1 Hr,Valid
Banja Luka,PM2.5 - Principal,2023-04-09 12:00 PM,2023,04,09,12,13.6,54,Moderate,14.3,UG/M3,1 Hr,Valid
Banja Luka,PM2.5 - Principal,2023-04-09 01:00 PM,2023,04,09,13,13.5,54,Moderate,13.5,UG/M3,1 Hr,Valid
Banja Luka,PM2.5 - Principal,2023-04-09 02:00 PM,2023,04,09,14,13.8,55,Moderate,14.1,UG/M3,1 Hr,Valid
Banja Luka,PM2.5 - Principal,2023-04-09 03:00 PM,2023,04,09,15,14.0,55,Moderate,14.1,UG/M3,1 Hr,Valid
Banja Luka,PM2.5 - Principal,2023-04-09 04:00 PM,2023,04,09,16,20.2,68,Moderate,26.3,UG/M3,1 Hr,Valid
Banja Luka,PM2.5 - Principal,2023-04-09 05:00 PM,2023,04,09,17,25.7,80,Moderate,31.2,UG/M3,1 Hr,Valid
Banja Luka,PM2.5 - Principal,2023-04-09 06:00 PM,2023,04,09,18,33.5,96,Moderate,41.2,UG/M3,1 Hr,Valid
Banja Luka,PM2.5 - Principal,2023-04-09 07:00 PM,2023,04,09,19,37.3,105,Unhealthy for Sensitive Groups,41.2,UG/M3,1 Hr,Valid
Banja Luka,PM2.5 - Principal,2023-04-09 08:00 PM,2023,04,09,20,37.7,106,Unhealthy for Sensitive Groups,38.1,UG/M3,1 Hr,Valid
Banja Luka,PM2.5 - Principal,2023-04-09 09:00 PM,2023,04,09,21,37.9,107,Unhealthy for Sensitive Groups,38.1,UG/M3,1 Hr,Valid
Banja Luka,PM2.5 - Principal,2023-04-09 10:00 PM,2023,04,09,22,37.9,107,Unhealthy for Sensitive Groups,37.9,UG/M3,1 Hr,Valid
Banja Luka,PM2.5 - Principal,2023-04-09 11:00 PM,2023,04,09,23,37.4,106,Unhealthy for Sensitive Groups,36.8,UG/M3,1 Hr,Valid
Banja Luka,PM2.5 - Principal,2023-04-10 12:00 AM,2023,04,10,00,31.4,92,Moderate,25.4,UG/M3,1 Hr,Valid
Banja Luka,PM2.5 - Principal,2023-04-10 01:00 AM,2023,04,10,01,29.0,87,Moderate,26.6,UG/M3,1 Hr,Valid
Banja Luka,PM2.5 - Principal,2023-04-10 02:00 AM,2023,04,10,02,24.9,78,Moderate,20.9,UG/M3,1 Hr,Valid
Banja Luka,PM2.5 - Principal,2023-04-10 03:00 AM,2023,04,10,03,24.7,77,Moderate,24.4,UG/M3,1 Hr,Valid
Banja Luka,PM2.5 - Principal,2023-04-10 04:00 AM,2023,04,10,04,25.2,79,Moderate,25.7,UG/M3,1 Hr,Valid
Banja Luka,PM2.5 - Principal,2023-04-10 05:00 AM,2023,04,10,05,20.6,69,Moderate,15.9,UG/M3,1 Hr,Valid
Banja Luka,PM2.5 - Principal,2023-04-10 06:00 AM,2023,04,10,06,18.1,64,Moderate,15.6,UG/M3,1 Hr,Valid
Banja Luka,PM2.5 - Principal,2023-04-10 07:00 AM,2023,04,10,07,17.6,63,Moderate,17.1,UG/M3,1 Hr,Valid
Banja Luka,PM2.5 - Principal,2023-04-10 08:00 AM,2023,04,10,08,16.9,61,Moderate,16.2,UG/M3,1 Hr,Valid
Banja Luka,PM2.5 - Principal,2023-04-10 09:00 AM,2023,04,10,09,18.3,64,Moderate,19.7,UG/M3,1 Hr,Valid
Banja Luka,PM2.5 - Principal,2023-04-10 10:00 AM,2023,04,10,10,24.3,77,Moderate,30.3,UG/M3,1 Hr,Valid
Banja Luka,PM2.5 - Principal,2023-04-10 11:00 AM,2023,04,10,11,21.0,70,Moderate,17.7,UG/M3,1 Hr,Valid
Banja Luka,PM2.5 - Principal,2023-04-10 12:00 PM,2023,04,10,12,19.4,66,Moderate,17.7,UG/M3,1 Hr,Valid
Banja Luka,PM2.5 - Principal,2023-04-10 01:00 PM,2023,04,10,13,17.2,62,Moderate,15.0,UG/M3,1 Hr,Valid
Banja Luka,PM2.5 - Principal,2023-04-10 02:00 PM,2023,04,10,14,15.7,59,Moderate,14.3,UG/M3,1 Hr,Valid
Banja Luka,PM2.5 - Principal,2023-04-10 03:00 PM,2023,04,10,15,14.9,57,Moderate,14.1,UG/M3,1 Hr,Valid
Banja Luka,PM2.5 - Principal,2023-04-10 04:00 PM,2023,04,10,16,14.5,56,Moderate,14.1,UG/M3,1 Hr,Valid
Banja Luka,PM2.5 - Principal,2023-04-10 05:00 PM,2023,04,10,17,14.1,55,Moderate,13.6,UG/M3,1 Hr,Valid
Banja Luka,PM2.5 - Principal,2023-04-10 06:00 PM,2023,04,10,18,13.9,55,Moderate,13.6,UG/M3,1 Hr,Valid
Banja Luka,PM2.5 - Principal,2023-04-10 07:00 PM,2023,04,10,19,12.6,52,Moderate,11.3,UG/M3,1 Hr,Valid
Banja Luka,PM2.5 - Principal,2023-04-10 08:00 PM,2023,04,10,20,12.5,52,Moderate,12.5,UG/M3,1 Hr,Valid
Banja Luka,PM2.5 - Principal,2023-04-10 09:00 PM,2023,04,10,21,14.9,57,Moderate,17.3,UG/M3,1 Hr,Valid
Banja Luka,PM2.5 - Principal,2023-04-10 10:00 PM,2023,04,10,22,39.6,111,Unhealthy for Sensitive Groups,64.3,UG/M3,1 Hr,Valid
Banja Luka,PM2.5 - Principal,2023-04-10 11:00 PM,2023,04,10,23,63.9,155,Unhealthy,88.3,UG/M3,1 Hr,Valid
Banja Luka,PM2.5 - Principal,2023-04-11 12:00 AM,2023,04,11,00,76.1,162,Unhealthy,88.3,UG/M3,1 Hr,Valid
Banja Luka,PM2.5 - Principal,2023-04-11 01:00 AM,2023,04,11,01,74.5,161,Unhealthy,72.9,UG/M3,1 Hr,Valid
Banja Luka,PM2.5 - Principal,2023-04-11 02:00 AM,2023,04,11,02,47.3,130,Unhealthy for Sensitive Groups,20.1,UG/M3,1 Hr,Valid
Banja Luka,PM2.5 - Principal,2023-04-11 03:00 AM,2023,04,11,03,31.1,91,Moderate,14.9,UG/M3,1 Hr,Valid
Banja Luka,PM2.5 - Principal,2023-04-11 04:00 AM,2023,04,11,04,23.3,75,Moderate,15.5,UG/M3,1 Hr,Valid
Banja Luka,PM2.5 - Principal,2023-04-11 05:00 AM,2023,04,11,05,19.1,66,Moderate,15.0,UG/M3,1 Hr,Valid
Banja Luka,PM2.5 - Principal,2023-04-11 06:00 AM,2023,04,11,06,17.2,62,Moderate,15.3,UG/M3,1 Hr,Valid
Banja Luka,PM2.5 - Principal,2023-04-11 07:00 AM,2023,04,11,07,16.2,60,Moderate,15.3,UG/M3,1 Hr,Valid
Banja Luka,PM2.5 - Principal,2023-04-11 08:00 AM,2023,04,11,08,15.7,59,Moderate,15.3,UG/M3,1 Hr,Valid
Banja Luka,PM2.5 - Principal,2023-04-11 09:00 AM,2023,04,11,09,16.8,61,Moderate,17.9,UG/M3,1 Hr,Valid
Banja Luka,PM2.5 - Principal,2023-04-11 10:00 AM,2023,04,11,10,18.5,64,Moderate,20.2,UG/M3,1 Hr,Valid
Banja Luka,PM2.5 - Principal,2023-04-11 11:00 AM,2023,04,11,11,17.8,63,Moderate,17.0,UG/M3,1 Hr,Valid
Banja Luka,PM2.5 - Principal,2023-04-11 12:00 PM,2023,04,11,12,15.9,59,Moderate,14.1,UG/M3,1 Hr,Valid
Banja Luka,PM2.5 - Principal,2023-04-11 01:00 PM,2023,04,11,13,14.4,56,Moderate,11.9,UG/M3,1 Hr,Valid
Banja Luka,PM2.5 - Principal,2023-04-11 02:00 PM,2023,04,11,14,12.2,51,Moderate,10.4,UG/M3,1 Hr,Valid
Banja Luka,PM2.5 - Principal,2023-04-11 03:00 PM,2023,04,11,15,10.3,43,Good,8.6,UG/M3,1 Hr,Valid
Banja Luka,PM2.5 - Principal,2023-04-11 04:00 PM,2023,04,11,16,8.5,35,Good,6.7,UG/M3,1 Hr,Valid
Banja Luka,PM2.5 - Principal,2023-04-11 05:00 PM,2023,04,11,17,8.0,33,Good,7.5,UG/M3,1 Hr,Valid
Banja Luka,PM2.5 - Principal,2023-04-11 06:00 PM,2023,04,11,18,8.4,35,Good,8.8,UG/M3,1 Hr,Valid
Banja Luka,PM2.5 - Principal,2023-04-11 07:00 PM,2023,04,11,19,9.4,39,Good,10.4,UG/M3,1 Hr,Valid
Banja Luka,PM2.5 - Principal,2023-04-11 08:00 PM,2023,04,11,20,10.2,43,Good,11.1,UG/M3,1 Hr,Valid
Banja Luka,PM2.5 - Principal,2023-04-11 09:00 PM,2023,04,11,21,18.1,64,Moderate,26.0,UG/M3,1 Hr,Valid
Banja Luka,PM2.5 - Principal,2023-04-11 10:00 PM,2023,04,11,22,22.4,73,Moderate,26.7,UG/M3,1 Hr,Valid
Banja Luka,PM2.5 - Principal,2023-04-11 11:00 PM,2023,04,11,23,24.6,77,Moderate,26.7,UG/M3,1 Hr,Valid
Banja Luka,PM2.5 - Principal,2023-04-12 12:00 AM,2023,04,12,00,54.8,149,Unhealthy for Sensitive Groups,85.1,UG/M3,1 Hr,Valid
Banja Luka,PM2.5 - Principal,2023-04-12 01:00 AM,2023,04,12,01,60.1,153,Unhealthy,65.3,UG/M3,1 Hr,Valid
Banja Luka,PM2.5 - Principal,2023-04-12 02:00 AM,2023,04,12,02,55.9,151,Unhealthy,51.7,UG/M3,1 Hr,Valid
Banja Luka,PM2.5 - Principal,2023-04-12 03:00 AM,2023,04,12,03,52.4,143,Unhealthy for Sensitive Groups,48.9,UG/M3,1 Hr,Valid
Banja Luka,PM2.5 - Principal,2023-04-12 04:00 AM,2023,04,12,04,46.7,129,Unhealthy for Sensitive Groups,40.9,UG/M3,1 Hr,Valid
Banja Luka,PM2.5 - Principal,2023-04-12 05:00 AM,2023,04,12,05,39.8,112,Unhealthy for Sensitive Groups,32.9,UG/M3,1 Hr,Valid
Banja Luka,PM2.5 - Principal,2023-04-12 06:00 AM,2023,04,12,06,37.8,107,Unhealthy for Sensitive Groups,35.8,UG/M3,1 Hr,Valid
Banja Luka,PM2.5 - Principal,2023-04-12 07:00 AM,2023,04,12,07,36.8,104,Unhealthy for Sensitive Groups,35.8,UG/M3,1 Hr,Valid
Banja Luka,PM2.5 - Principal,2023-04-12 08:00 AM,2023,04,12,08,29.8,88,Moderate,22.7,UG/M3,1 Hr,Valid
Banja Luka,PM2.5 - Principal,2023-04-12 09:00 AM,2023,04,12,09,30.3,89,Moderate,30.8,UG/M3,1 Hr,Valid
Banja Luka,PM2.5 - Principal,2023-04-12 10:00 AM,2023,04,12,10,27.3,83,Moderate,24.4,UG/M3,1 Hr,Valid
Banja Luka,PM2.5 - Principal,2023-04-12 11:00 AM,2023,04,12,11,21.3,70,Moderate,15.2,UG/M3,1 Hr,Valid
Banja Luka,PM2.5 - Principal,2023-04-12 12:00 PM,2023,04,12,12,12.9,53,Moderate,4.5,UG/M3,1 Hr,Valid
Banja Luka,PM2.5 - Principal,2023-04-12 01:00 PM,2023,04,12,13,8.4,35,Good,3.9,UG/M3,1 Hr,Valid
Banja Luka,PM2.5 - Principal,2023-04-12 02:00 PM,2023,04,12,14,6.4,27,Good,4.4,UG/M3,1 Hr,Valid
Banja Luka,PM2.5 - Principal,2023-04-12 03:00 PM,2023,04,12,15,5.1,21,Good,3.8,UG/M3,1 Hr,Valid
Banja Luka,PM2.5 - Principal,2023-04-12 04:00 PM,2023,04,12,16,4.9,20,Good,4.7,UG/M3,1 Hr,Valid
Banja Luka,PM2.5 - Principal,2023-04-12 05:00 PM,2023,04,12,17,5.1,21,Good,5.3,UG/M3,1 Hr,Valid
Banja Luka,PM2.5 - Principal,2023-04-12 06:00 PM,2023,04,12,18,5.0,21,Good,5.0,UG/M3,1 Hr,Valid
Banja Luka,PM2.5 - Principal,2023-04-12 07:00 PM,2023,04,12,19,5.3,22,Good,5.6,UG/M3,1 Hr,Valid
Banja Luka,PM2.5 - Principal,2023-04-12 08:00 PM,2023,04,12,20,5.8,24,Good,6.3,UG/M3,1 Hr,Valid
Banja Luka,PM2.5 - Principal,2023-04-12 09:00 PM,2023,04,12,21,6.8,28,Good,7.8,UG/M3,1 Hr,Valid
Banja Luka,PM2.5 - Principal,2023-04-12 10:00 PM,2023,04,12,22,11.2,47,Good,15.5,UG/M3,1 Hr,Valid
Banja Luka,PM2.5 - Principal,2023-04-12 11:00 PM,2023,04,12,23,33.2,95,Moderate,55.2,UG/M3,1 Hr,Valid
Banja Luka,PM2.5 - Principal,2023-04-13 12:00 AM,2023,04,13,00,38.9,109,Unhealthy for Sensitive Groups,44.6,UG/M3,1 Hr,Valid
Banja Luka,PM2.5 - Principal,2023-04-13 01:00 AM,2023,04,13,01,45.9,127,Unhealthy for Sensitive Groups,52.8,UG/M3,1 Hr,Valid
Banja Luka,PM2.5 - Principal,2023-04-13 02:00 AM,2023,04,13,02,44.6,123,Unhealthy for Sensitive Groups,43.3,UG/M3,1 Hr,Valid
Banja Luka,PM2.5 - Principal,2023-04-13 03:00 AM,2023,04,13,03,28.6,86,Moderate,12.6,UG/M3,1 Hr,Valid
Banja Luka,PM2.5 - Principal,2023-04-13 04:00 AM,2023,04,13,04,20.6,69,Moderate,12.5,UG/M3,1 Hr,Valid
Banja Luka,PM2.5 - Principal,2023-04-13 05:00 AM,2023,04,13,05,20.6,69,Moderate,12.5,UG/M3,1 Hr,Invalid
Banja Luka,PM2.5 - Principal,2023-04-13 06:00 AM,2023,04,13,06,-999.0,-999,N/A,12.5,UG/M3,1 Hr,Invalid
Banja Luka,PM2.5 - Principal,2023-04-13 07:00 AM,2023,04,13,07,-999.0,-999,N/A,12.5,UG/M3,1 Hr,Invalid
Banja Luka,PM2.5 - Principal,2023-04-13 08:00 AM,2023,04,13,08,-999.0,-999,N/A,12.5,UG/M3,1 Hr,Invalid
Banja Luka,PM2.5 - Principal,2023-04-13 09:00 AM,2023,04,13,09,-999.0,-999,N/A,12.5,UG/M3,1 Hr,Invalid
Banja Luka,PM2.5 - Principal,2023-04-13 10:00 AM,2023,04,13,10,-999.0,-999,N/A,36.1,UG/M3,1 Hr,Valid
Banja Luka,PM2.5 - Principal,2023-04-13 11:00 AM,2023,04,13,11,33.6,96,Moderate,32.5,UG/M3,1 Hr,Valid
Banja Luka,PM2.5 - Principal,2023-04-13 12:00 PM,2023,04,13,12,33.0,95,Moderate,32.5,UG/M3,1 Hr,Valid
Banja Luka,PM2.5 - Principal,2023-04-13 01:00 PM,2023,04,13,13,26.4,81,Moderate,20.6,UG/M3,1 Hr,Valid
Banja Luka,PM2.5 - Principal,2023-04-13 02:00 PM,2023,04,13,14,23.4,75,Moderate,20.6,UG/M3,1 Hr,Valid
Banja Luka,PM2.5 - Principal,2023-04-13 03:00 PM,2023,04,13,15,19.8,67,Moderate,16.3,UG/M3,1 Hr,Valid
Banja Luka,PM2.5 - Principal,2023-04-13 04:00 PM,2023,04,13,16,18.0,63,Moderate,16.3,UG/M3,1 Hr,Valid
Banja Luka,PM2.5 - Principal,2023-04-13 05:00 PM,2023,04,13,17,18.5,64,Moderate,18.9,UG/M3,1 Hr,Valid
Banja Luka,PM2.5 - Principal,2023-04-13 06:00 PM,2023,04,13,18,21.2,70,Moderate,23.9,UG/M3,1 Hr,Valid
Banja Luka,PM2.5 - Principal,2023-04-13 07:00 PM,2023,04,13,19,21.1,70,Moderate,21.1,UG/M3,1 Hr,Valid
Banja Luka,PM2.5 - Principal,2023-04-13 08:00 PM,2023,04,13,20,21.1,70,Moderate,17.8,UG/M3,1 Hr,Invalid
Banja Luka,PM2.5 - Principal,2023-04-13 09:00 PM,2023,04,13,21,-999.0,-999,N/A,17.8,UG/M3,1 Hr,Invalid
Banja Luka,PM2.5 - Principal,2023-04-13 10:00 PM,2023,04,13,22,-999.0,-999,N/A,17.8,UG/M3,1 Hr,Invalid
Banja Luka,PM2.5 - Principal,2023-04-13 11:00 PM,2023,04,13,23,-999.0,-999,N/A,17.8,UG/M3,1 Hr,Invalid
Banja Luka,PM2.5 - Principal,2023-04-14 12:00 AM,2023,04,14,00,-999.0,-999,N/A,17.8,UG/M3,1 Hr,Invalid
Banja Luka,PM2.5 - Principal,2023-04-14 01:00 AM,2023,04,14,01,-999.0,-999,N/A,17.8,UG/M3,1 Hr,Invalid
Banja Luka,PM2.5 - Principal,2023-04-14 02:00 AM,2023,04,14,02,-999.0,-999,N/A,17.8,UG/M3,1 Hr,Invalid
Banja Luka,PM2.5 - Principal,2023-04-14 03:00 AM,2023,04,14,03,-999.0,-999,N/A,6.7,UG/M3,1 Hr,Valid
Banja Luka,PM2.5 - Principal,2023-04-14 04:00 AM,2023,04,14,04,6.8,28,Good,6.8,UG/M3,1 Hr,Valid
Banja Luka,PM2.5 - Principal,2023-04-14 05:00 AM,2023,04,14,05,5.3,22,Good,4.2,UG/M3,1 Hr,Valid
Banja Luka,PM2.5 - Principal,2023-04-14 06:00 AM,2023,04,14,06,4.4,18,Good,3.6,UG/M3,1 Hr,Valid
Banja Luka,PM2.5 - Principal,2023-04-14 07:00 AM,2023,04,14,07,4.0,17,Good,3.6,UG/M3,1 Hr,Valid
Banja Luka,PM2.5 - Principal,2023-04-14 08:00 AM,2023,04,14,08,3.8,16,Good,3.6,UG/M3,1 Hr,Valid
Banja Luka,PM2.5 - Principal,2023-04-14 09:00 AM,2023,04,14,09,3.7,15,Good,3.6,UG/M3,1 Hr,Valid
Banja Luka,PM2.5 - Principal,2023-04-14 10:00 AM,2023,04,14,10,4.0,17,Good,4.3,UG/M3,1 Hr,Valid
Banja Luka,PM2.5 - Principal,2023-04-14 11:00 AM,2023,04,14,11,4.1,17,Good,4.3,UG/M3,1 Hr,Valid
Banja Luka,PM2.5 - Principal,2023-04-14 12:00 PM,2023,04,14,12,7.6,32,Good,11.1,UG/M3,1 Hr,Valid
Banja Luka,PM2.5 - Principal,2023-04-14 01:00 PM,2023,04,14,13,9.1,38,Good,10.5,UG/M3,1 Hr,Valid
Banja Luka,PM2.5 - Principal,2023-04-14 02:00 PM,2023,04,14,14,7.0,29,Good,4.8,UG/M3,1 Hr,Valid
Banja Luka,PM2.5 - Principal,2023-04-14 03:00 PM,2023,04,14,15,5.2,22,Good,3.4,UG/M3,1 Hr,Valid
Banja Luka,PM2.5 - Principal,2023-04-14 04:00 PM,2023,04,14,16,4.3,18,Good,3.4,UG/M3,1 Hr,Valid
Banja Luka,PM2.5 - Principal,2023-04-14 05:00 PM,2023,04,14,17,3.9,16,Good,3.4,UG/M3,1 Hr,Valid
Banja Luka,PM2.5 - Principal,2023-04-14 06:00 PM,2023,04,14,18,3.4,14,Good,3.0,UG/M3,1 Hr,Valid
Banja Luka,PM2.5 - Principal,2023-04-14 07:00 PM,2023,04,14,19,3.2,13,Good,3.0,UG/M3,1 Hr,Valid
Banja Luka,PM2.5 - Principal,2023-04-14 08:00 PM,2023,04,14,20,3.1,13,Good,3.0,UG/M3,1 Hr,Valid
Banja Luka,PM2.5 - Principal,2023-04-14 09:00 PM,2023,04,14,21,3.1,13,Good,3.0,UG/M3,1 Hr,Valid
Banja Luka,PM2.5 - Principal,2023-04-14 10:00 PM,2023,04,14,22,3.0,13,Good,3.0,UG/M3,1 Hr,Valid
Banja Luka,PM2.5 - Principal,2023-04-14 11:00 PM,2023,04,14,23,3.0,13,Good,3.0,UG/M3,1 Hr,Valid
Banja Luka,PM2.5 - Principal,2023-04-15 12:00 AM,2023,04,15,00,15.6,58,Moderate,28.1,UG/M3,1 Hr,Valid
Banja Luka,PM2.5 - Principal,2023-04-15 01:00 AM,2023,04,15,01,15.6,58,Moderate,-999.0,UG/M3,1 Hr,Missing
Banja Luka,PM2.5 - Principal,2023-04-21 12:00 PM,2023,04,21,12,-999.0,-999,N/A,16.4,UG/M3,1 Hr,Valid
Banja Luka,PM2.5 - Principal,2023-04-21 01:00 PM,2023,04,21,13,15.9,59,Moderate,15.4,UG/M3,1 Hr,Valid
Banja Luka,PM2.5 - Principal,2023-04-21 02:00 PM,2023,04,21,14,12.5,52,Moderate,9.5,UG/M3,1 Hr,Valid
Banja Luka,PM2.5 - Principal,2023-04-21 03:00 PM,2023,04,21,15,10.0,42,Good,8.1,UG/M3,1 Hr,Valid
Banja Luka,PM2.5 - Principal,2023-04-21 04:00 PM,2023,04,21,16,9.0,38,Good,8.1,UG/M3,1 Hr,Valid
Banja Luka,PM2.5 - Principal,2023-04-21 05:00 PM,2023,04,21,17,9.4,39,Good,9.8,UG/M3,1 Hr,Valid
Banja Luka,PM2.5 - Principal,2023-04-21 06:00 PM,2023,04,21,18,9.4,39,Good,9.3,UG/M3,1 Hr,Valid
Banja Luka,PM2.5 - Principal,2023-04-21 07:00 PM,2023,04,21,19,9.0,38,Good,8.7,UG/M3,1 Hr,Valid
Banja Luka,PM2.5 - Principal,2023-04-21 08:00 PM,2023,04,21,20,9.4,39,Good,9.7,UG/M3,1 Hr,Valid
Banja Luka,PM2.5 - Principal,2023-04-21 09:00 PM,2023,04,21,21,10.3,43,Good,11.2,UG/M3,1 Hr,Valid
Banja Luka,PM2.5 - Principal,2023-04-21 10:00 PM,2023,04,21,22,27.7,84,Moderate,45.2,UG/M3,1 Hr,Valid
Banja Luka,PM2.5 - Principal,2023-04-21 11:00 PM,2023,04,21,23,41.9,117,Unhealthy for Sensitive Groups,56.1,UG/M3,1 Hr,Valid
Banja Luka,PM2.5 - Principal,2023-04-22 12:00 AM,2023,04,22,00,43.3,120,Unhealthy for Sensitive Groups,44.6,UG/M3,1 Hr,Valid
Banja Luka,PM2.5 - Principal,2023-04-22 01:00 AM,2023,04,22,01,44.2,122,Unhealthy for Sensitive Groups,45.1,UG/M3,1 Hr,Valid
Banja Luka,PM2.5 - Principal,2023-04-22 02:00 AM,2023,04,22,02,34.1,97,Moderate,23.9,UG/M3,1 Hr,Valid
Banja Luka,PM2.5 - Principal,2023-04-22 03:00 AM,2023,04,22,03,26.5,81,Moderate,18.9,UG/M3,1 Hr,Valid
Banja Luka,PM2.5 - Principal,2023-04-22 04:00 AM,2023,04,22,04,22.8,74,Moderate,19.2,UG/M3,1 Hr,Valid
Banja Luka,PM2.5 - Principal,2023-04-22 05:00 AM,2023,04,22,05,18.6,65,Moderate,14.4,UG/M3,1 Hr,Valid
Banja Luka,PM2.5 - Principal,2023-04-22 06:00 AM,2023,04,22,06,15.2,58,Moderate,11.8,UG/M3,1 Hr,Valid
Banja Luka,PM2.5 - Principal,2023-04-22 07:00 AM,2023,04,22,07,13.4,54,Moderate,11.5,UG/M3,1 Hr,Valid
Banja Luka,PM2.5 - Principal,2023-04-22 08:00 AM,2023,04,22,08,13.2,53,Moderate,13.1,UG/M3,1 Hr,Valid
Banja Luka,PM2.5 - Principal,2023-04-22 09:00 AM,2023,04,22,09,13.1,53,Moderate,13.1,UG/M3,1 Hr,Valid
Banja Luka,PM2.5 - Principal,2023-04-22 10:00 AM,2023,04,22,10,13.2,53,Moderate,13.2,UG/M3,1 Hr,Valid
Banja Luka,PM2.5 - Principal,2023-04-22 11:00 AM,2023,04,22,11,13.1,53,Moderate,13.0,UG/M3,1 Hr,Valid
Banja Luka,PM2.5 - Principal,2023-04-22 12:00 PM,2023,04,22,12,14.3,56,Moderate,15.5,UG/M3,1 Hr,Valid
Banja Luka,PM2.5 - Principal,2023-04-22 01:00 PM,2023,04,22,13,12.4,52,Moderate,10.5,UG/M3,1 Hr,Valid
Banja Luka,PM2.5 - Principal,2023-04-22 02:00 PM,2023,04,22,14,11.7,49,Good,10.8,UG/M3,1 Hr,Valid
Banja Luka,PM2.5 - Principal,2023-04-22 03:00 PM,2023,04,22,15,10.5,44,Good,9.5,UG/M3,1 Hr,Valid
Banja Luka,PM2.5 - Principal,2023-04-22 04:00 PM,2023,04,22,16,10.6,44,Good,9.9,UG/M3,1 Hr,Valid
Banja Luka,PM2.5 - Principal,2023-04-22 05:00 PM,2023,04,22,17,10.4,43,Good,10.0,UG/M3,1 Hr,Valid
Banja Luka,PM2.5 - Principal,2023-04-22 06:00 PM,2023,04,22,18,10.2,43,Good,10.0,UG/M3,1 Hr,Valid
Banja Luka,PM2.5 - Principal,2023-04-22 07:00 PM,2023,04,22,19,10.0,42,Good,9.7,UG/M3,1 Hr,Valid
Banja Luka,PM2.5 - Principal,2023-04-22 08:00 PM,2023,04,22,20,9.8,41,Good,9.5,UG/M3,1 Hr,Valid
Banja Luka,PM2.5 - Principal,2023-04-22 09:00 PM,2023,04,22,21,10.7,45,Good,12.1,UG/M3,1 Hr,Valid
Banja Luka,PM2.5 - Principal,2023-04-22 10:00 PM,2023,04,22,22,23.9,76,Moderate,36.8,UG/M3,1 Hr,Valid
Banja Luka,PM2.5 - Principal,2023-04-22 11:00 PM,2023,04,22,23,32.6,94,Moderate,41.2,UG/M3,1 Hr,Valid
Banja Luka,PM2.5 - Principal,2023-04-23 12:00 AM,2023,04,23,00,37.5,106,Unhealthy for Sensitive Groups,42.5,UG/M3,1 Hr,Valid
Banja Luka,PM2.5 - Principal,2023-04-23 01:00 AM,2023,04,23,01,41.3,115,Unhealthy for Sensitive Groups,45.0,UG/M3,1 Hr,Valid
Banja Luka,PM2.5 - Principal,2023-04-23 02:00 AM,2023,04,23,02,39.8,112,Unhealthy for Sensitive Groups,38.3,UG/M3,1 Hr,Valid
Banja Luka,PM2.5 - Principal,2023-04-23 03:00 AM,2023,04,23,03,34.4,98,Moderate,29.1,UG/M3,1 Hr,Valid
Banja Luka,PM2.5 - Principal,2023-04-23 04:00 AM,2023,04,23,04,30.1,89,Moderate,25.8,UG/M3,1 Hr,Valid
Banja Luka,PM2.5 - Principal,2023-04-23 05:00 AM,2023,04,23,05,29.2,87,Moderate,28.3,UG/M3,1 Hr,Valid
Banja Luka,PM2.5 - Principal,2023-04-23 06:00 AM,2023,04,23,06,27.0,82,Moderate,24.8,UG/M3,1 Hr,Valid
Banja Luka,PM2.5 - Principal,2023-04-23 07:00 AM,2023,04,23,07,21.4,71,Moderate,15.9,UG/M3,1 Hr,Valid
Banja Luka,PM2.5 - Principal,2023-04-23 08:00 AM,2023,04,23,08,19.4,66,Moderate,17.3,UG/M3,1 Hr,Valid
Banja Luka,PM2.5 - Principal,2023-04-23 09:00 AM,2023,04,23,09,18.2,64,Moderate,17.0,UG/M3,1 Hr,Valid
Banja Luka,PM2.5 - Principal,2023-04-23 10:00 AM,2023,04,23,10,22.0,72,Moderate,25.8,UG/M3,1 Hr,Valid
Banja Luka,PM2.5 - Principal,2023-04-23 11:00 AM,2023,04,23,11,20.1,68,Moderate,18.1,UG/M3,1 Hr,Valid
Banja Luka,PM2.5 - Principal,2023-04-23 12:00 PM,2023,04,23,12,17.7,63,Moderate,15.4,UG/M3,1 Hr,Valid
Banja Luka,PM2.5 - Principal,2023-04-23 01:00 PM,2023,04,23,13,13.9,55,Moderate,10.0,UG/M3,1 Hr,Valid
Banja Luka,PM2.5 - Principal,2023-04-23 02:00 PM,2023,04,23,14,9.6,40,Good,5.4,UG/M3,1 Hr,Valid
Banja Luka,PM2.5 - Principal,2023-04-23 03:00 PM,2023,04,23,15,7.5,31,Good,5.4,UG/M3,1 Hr,Valid
Banja Luka,PM2.5 - Principal,2023-04-23 04:00 PM,2023,04,23,16,6.4,27,Good,5.3,UG/M3,1 Hr,Valid
Banja Luka,PM2.5 - Principal,2023-04-23 05:00 PM,2023,04,23,17,6.1,25,Good,5.7,UG/M3,1 Hr,Valid
Banja Luka,PM2.5 - Principal,2023-04-23 06:00 PM,2023,04,23,18,6.2,26,Good,6.4,UG/M3,1 Hr,Valid
Banja Luka,PM2.5 - Principal,2023-04-23 07:00 PM,2023,04,23,19,6.7,28,Good,7.2,UG/M3,1 Hr,Valid
Banja Luka,PM2.5 - Principal,2023-04-23 08:00 PM,2023,04,23,20,7.2,30,Good,7.6,UG/M3,1 Hr,Valid
Banja Luka,PM2.5 - Principal,2023-04-23 09:00 PM,2023,04,23,21,7.4,31,Good,7.6,UG/M3,1 Hr,Valid
Banja Luka,PM2.5 - Principal,2023-04-23 10:00 PM,2023,04,23,22,15.7,59,Moderate,24.1,UG/M3,1 Hr,Valid
Banja Luka,PM2.5 - Principal,2023-04-23 11:00 PM,2023,04,23,23,15.8,59,Moderate,15.9,UG/M3,1 Hr,Valid
Banja Luka,PM2.5 - Principal,2023-04-24 12:00 AM,2023,04,24,00,13.1,53,Moderate,10.4,UG/M3,1 Hr,Valid
Banja Luka,PM2.5 - Principal,2023-04-24 01:00 AM,2023,04,24,01,21.4,71,Moderate,29.8,UG/M3,1 Hr,Valid
Banja Luka,PM2.5 - Principal,2023-04-24 02:00 AM,2023,04,24,02,18.7,65,Moderate,15.9,UG/M3,1 Hr,Valid
Banja Luka,PM2.5 - Principal,2023-04-24 03:00 AM,2023,04,24,03,14.0,55,Moderate,9.2,UG/M3,1 Hr,Valid
Banja Luka,PM2.5 - Principal,2023-04-24 04:00 AM,2023,04,24,04,15.7,59,Moderate,17.5,UG/M3,1 Hr,Valid
Banja Luka,PM2.5 - Principal,2023-04-24 05:00 AM,2023,04,24,05,12.0,50,Good,8.2,UG/M3,1 Hr,Valid
Banja Luka,PM2.5 - Principal,2023-04-24 06:00 AM,2023,04,24,06,12.1,51,Moderate,12.3,UG/M3,1 Hr,Valid
Banja Luka,PM2.5 - Principal,2023-04-24 07:00 AM,2023,04,24,07,9.1,38,Good,6.1,UG/M3,1 Hr,Valid
Banja Luka,PM2.5 - Principal,2023-04-24 08:00 AM,2023,04,24,08,7.8,33,Good,6.5,UG/M3,1 Hr,Valid
Banja Luka,PM2.5 - Principal,2023-04-24 09:00 AM,2023,04,24,09,9.8,41,Good,11.9,UG/M3,1 Hr,Valid
Banja Luka,PM2.5 - Principal,2023-04-24 10:00 AM,2023,04,24,10,15.4,58,Moderate,21.0,UG/M3,1 Hr,Valid
Banja Luka,PM2.5 - Principal,2023-04-24 11:00 AM,2023,04,24,11,16.9,61,Moderate,18.3,UG/M3,1 Hr,Valid
Banja Luka,PM2.5 - Principal,2023-04-24 12:00 PM,2023,04,24,12,18.5,64,Moderate,20.1,UG/M3,1 Hr,Valid
Banja Luka,PM2.5 - Principal,2023-04-24 01:00 PM,2023,04,24,13,21.4,71,Moderate,24.4,UG/M3,1 Hr,Valid
Banja Luka,PM2.5 - Principal,2023-04-24 02:00 PM,2023,04,24,14,18.0,63,Moderate,14.6,UG/M3,1 Hr,Valid
Banja Luka,PM2.5 - Principal,2023-04-24 03:00 PM,2023,04,24,15,15.5,58,Moderate,13.1,UG/M3,1 Hr,Valid
Banja Luka,PM2.5 - Principal,2023-04-24 04:00 PM,2023,04,24,16,15.1,57,Moderate,14.7,UG/M3,1 Hr,Valid
Banja Luka,PM2.5 - Principal,2023-04-24 05:00 PM,2023,04,24,17,13.9,55,Moderate,12.6,UG/M3,1 Hr,Valid
Banja Luka,PM2.5 - Principal,2023-04-24 06:00 PM,2023,04,24,18,13.3,54,Moderate,12.8,UG/M3,1 Hr,Valid
Banja Luka,PM2.5 - Principal,2023-04-24 07:00 PM,2023,04,24,19,9.4,39,Good,5.5,UG/M3,1 Hr,Valid
Banja Luka,PM2.5 - Principal,2023-04-24 08:00 PM,2023,04,24,20,7.7,32,Good,5.9,UG/M3,1 Hr,Valid
Banja Luka,PM2.5 - Principal,2023-04-24 09:00 PM,2023,04,24,21,8.1,34,Good,8.6,UG/M3,1 Hr,Valid
Banja Luka,PM2.5 - Principal,2023-04-24 10:00 PM,2023,04,24,22,18.5,64,Moderate,28.8,UG/M3,1 Hr,Valid
Banja Luka,PM2.5 - Principal,2023-04-24 11:00 PM,2023,04,24,23,15.4,58,Moderate,12.3,UG/M3,1 Hr,Valid
Banja Luka,PM2.5 - Principal,2023-04-25 12:00 AM,2023,04,25,00,28.9,86,Moderate,42.4,UG/M3,1 Hr,Valid
Banja Luka,PM2.5 - Principal,2023-04-25 01:00 AM,2023,04,25,01,22.3,72,Moderate,15.7,UG/M3,1 Hr,Valid
Banja Luka,PM2.5 - Principal,2023-04-25 02:00 AM,2023,04,25,02,13.4,54,Moderate,4.6,UG/M3,1 Hr,Valid
Banja Luka,PM2.5 - Principal,2023-04-25 03:00 AM,2023,04,25,03,8.5,35,Good,3.5,UG/M3,1 Hr,Valid
Banja Luka,PM2.5 - Principal,2023-04-25 04:00 AM,2023,04,25,04,5.3,22,Good,2.1,UG/M3,1 Hr,Valid
Banja Luka,PM2.5 - Principal,2023-04-25 05:00 AM,2023,04,25,05,4.3,18,Good,3.4,UG/M3,1 Hr,Valid
Banja Luka,PM2.5 - Principal,2023-04-25 06:00 AM,2023,04,25,06,4.0,17,Good,3.6,UG/M3,1 Hr,Valid
Banja Luka,PM2.5 - Principal,2023-04-25 07:00 AM,2023,04,25,07,3.9,16,Good,3.9,UG/M3,1 Hr,Valid
Banja Luka,PM2.5 - Principal,2023-04-25 08:00 AM,2023,04,25,08,4.8,20,Good,5.7,UG/M3,1 Hr,Valid
Banja Luka,PM2.5 - Principal,2023-04-25 09:00 AM,2023,04,25,09,5.1,21,Good,5.4,UG/M3,1 Hr,Valid
Banja Luka,PM2.5 - Principal,2023-04-25 10:00 AM,2023,04,25,10,5.7,24,Good,6.3,UG/M3,1 Hr,Valid
Banja Luka,PM2.5 - Principal,2023-04-25 11:00 AM,2023,04,25,11,5.4,23,Good,5.0,UG/M3,1 Hr,Valid
Banja Luka,PM2.5 - Principal,2023-04-25 12:00 PM,2023,04,25,12,5.0,21,Good,4.6,UG/M3,1 Hr,Valid
Banja Luka,PM2.5 - Principal,2023-04-25 01:00 PM,2023,04,25,13,4.4,18,Good,3.8,UG/M3,1 Hr,Valid
Banja Luka,PM2.5 - Principal,2023-04-25 02:00 PM,2023,04,25,14,4.4,18,Good,4.3,UG/M3,1 Hr,Valid
Banja Luka,PM2.5 - Principal,2023-04-25 03:00 PM,2023,04,25,15,4.5,19,Good,4.7,UG/M3,1 Hr,Valid
Banja Luka,PM2.5 - Principal,2023-04-25 04:00 PM,2023,04,25,16,4.4,18,Good,4.4,UG/M3,1 Hr,Valid
Banja Luka,PM2.5 - Principal,2023-04-25 05:00 PM,2023,04,25,17,4.0,17,Good,3.4,UG/M3,1 Hr,Valid
Banja Luka,PM2.5 - Principal,2023-04-25 06:00 PM,2023,04,25,18,3.7,15,Good,3.4,UG/M3,1 Hr,Valid
Banja Luka,PM2.5 - Principal,2023-04-25 07:00 PM,2023,04,25,19,3.6,15,Good,3.4,UG/M3,1 Hr,Valid
Banja Luka,PM2.5 - Principal,2023-04-25 08:00 PM,2023,04,25,20,4.1,17,Good,4.7,UG/M3,1 Hr,Valid
Banja Luka,PM2.5 - Principal,2023-04-25 09:00 PM,2023,04,25,21,5.4,23,Good,6.7,UG/M3,1 Hr,Valid
Banja Luka,PM2.5 - Principal,2023-04-25 10:00 PM,2023,04,25,22,5.9,25,Good,6.4,UG/M3,1 Hr,Valid
Banja Luka,PM2.5 - Principal,2023-04-25 11:00 PM,2023,04,25,23,5.9,25,Good,5.9,UG/M3,1 Hr,Valid
Banja Luka,PM2.5 - Principal,2023-04-26 12:00 AM,2023,04,26,00,5.7,24,Good,5.5,UG/M3,1 Hr,Valid
Banja Luka,PM2.5 - Principal,2023-04-26 01:00 AM,2023,04,26,01,5.5,23,Good,5.3,UG/M3,1 Hr,Valid
Banja Luka,PM2.5 - Principal,2023-04-26 02:00 AM,2023,04,26,02,4.7,20,Good,3.8,UG/M3,1 Hr,Valid
Banja Luka,PM2.5 - Principal,2023-04-26 03:00 AM,2023,04,26,03,4.3,18,Good,4.0,UG/M3,1 Hr,Valid
Banja Luka,PM2.5 - Principal,2023-04-26 04:00 AM,2023,04,26,04,3.9,16,Good,3.6,UG/M3,1 Hr,Valid
Banja Luka,PM2.5 - Principal,2023-04-26 05:00 AM,2023,04,26,05,4.1,17,Good,4.2,UG/M3,1 Hr,Valid
Banja Luka,PM2.5 - Principal,2023-04-26 06:00 AM,2023,04,26,06,4.3,18,Good,4.5,UG/M3,1 Hr,Valid
Banja Luka,PM2.5 - Principal,2023-04-26 07:00 AM,2023,04,26,07,5.0,21,Good,5.8,UG/M3,1 Hr,Valid
Banja Luka,PM2.5 - Principal,2023-04-26 08:00 AM,2023,04,26,08,5.7,24,Good,6.5,UG/M3,1 Hr,Valid
Banja Luka,PM2.5 - Principal,2023-04-26 09:00 AM,2023,04,26,09,6.1,25,Good,6.6,UG/M3,1 Hr,Valid
Banja Luka,PM2.5 - Principal,2023-04-26 10:00 AM,2023,04,26,10,6.6,28,Good,7.0,UG/M3,1 Hr,Valid
Banja Luka,PM2.5 - Principal,2023-04-26 11:00 AM,2023,04,26,11,6.9,29,Good,7.1,UG/M3,1 Hr,Valid
Banja Luka,PM2.5 - Principal,2023-04-26 12:00 PM,2023,04,26,12,6.4,27,Good,6.0,UG/M3,1 Hr,Valid
Banja Luka,PM2.5 - Principal,2023-04-26 01:00 PM,2023,04,26,13,6.1,25,Good,5.9,UG/M3,1 Hr,Valid
Banja Luka,PM2.5 - Principal,2023-04-26 02:00 PM,2023,04,26,14,5.6,23,Good,5.0,UG/M3,1 Hr,Valid
Banja Luka,PM2.5 - Principal,2023-04-26 03:00 PM,2023,04,26,15,5.2,22,Good,4.9,UG/M3,1 Hr,Valid
Banja Luka,PM2.5 - Principal,2023-04-26 04:00 PM,2023,04,26,16,4.9,20,Good,4.3,UG/M3,1 Hr,Valid
Banja Luka,PM2.5 - Principal,2023-04-26 05:00 PM,2023,04,26,17,4.6,19,Good,4.2,UG/M3,1 Hr,Valid
Banja Luka,PM2.5 - Principal,2023-04-26 06:00 PM,2023,04,26,18,4.6,19,Good,4.6,UG/M3,1 Hr,Valid
Banja Luka,PM2.5 - Principal,2023-04-26 07:00 PM,2023,04,26,19,4.6,19,Good,4.6,UG/M3,1 Hr,Valid
Banja Luka,PM2.5 - Principal,2023-04-26 08:00 PM,2023,04,26,20,4.5,19,Good,4.4,UG/M3,1 Hr,Valid
Banja Luka,PM2.5 - Principal,2023-04-26 09:00 PM,2023,04,26,21,5.6,23,Good,7.1,UG/M3,1 Hr,Valid
Banja Luka,PM2.5 - Principal,2023-04-26 10:00 PM,2023,04,26,22,6.5,27,Good,7.6,UG/M3,1 Hr,Valid
Banja Luka,PM2.5 - Principal,2023-04-26 11:00 PM,2023,04,26,23,30.3,89,Moderate,53.9,UG/M3,1 Hr,Valid
Banja Luka,PM2.5 - Principal,2023-04-27 12:00 AM,2023,04,27,00,40.9,114,Unhealthy for Sensitive Groups,51.5,UG/M3,1 Hr,Valid
Banja Luka,PM2.5 - Principal,2023-04-27 01:00 AM,2023,04,27,01,49.0,134,Unhealthy for Sensitive Groups,57.0,UG/M3,1 Hr,Valid
Banja Luka,PM2.5 - Principal,2023-04-27 02:00 AM,2023,04,27,02,35.3,100,Moderate,21.6,UG/M3,1 Hr,Valid
Banja Luka,PM2.5 - Principal,2023-04-27 03:00 AM,2023,04,27,03,34.1,97,Moderate,32.9,UG/M3,1 Hr,Valid
Banja Luka,PM2.5 - Principal,2023-04-27 04:00 AM,2023,04,27,04,23.3,75,Moderate,12.6,UG/M3,1 Hr,Valid
Banja Luka,PM2.5 - Principal,2023-04-27 05:00 AM,2023,04,27,05,15.6,58,Moderate,7.8,UG/M3,1 Hr,Valid
Banja Luka,PM2.5 - Principal,2023-04-27 06:00 AM,2023,04,27,06,11.3,47,Good,7.0,UG/M3,1 Hr,Valid
Banja Luka,PM2.5 - Principal,2023-04-27 07:00 AM,2023,04,27,07,9.3,39,Good,7.4,UG/M3,1 Hr,Valid
Banja Luka,PM2.5 - Principal,2023-04-27 08:00 AM,2023,04,27,08,8.4,35,Good,7.4,UG/M3,1 Hr,Valid
Banja Luka,PM2.5 - Principal,2023-04-27 09:00 AM,2023,04,27,09,8.2,34,Good,8.1,UG/M3,1 Hr,Valid
Banja Luka,PM2.5 - Principal,2023-04-27 10:00 AM,2023,04,27,10,8.3,35,Good,8.3,UG/M3,1 Hr,Valid
Banja Luka,PM2.5 - Principal,2023-04-27 11:00 AM,2023,04,27,11,7.9,33,Good,7.5,UG/M3,1 Hr,Valid
Banja Luka,PM2.5 - Principal,2023-04-27 12:00 PM,2023,04,27,12,8.1,34,Good,8.4,UG/M3,1 Hr,Valid
Banja Luka,PM2.5 - Principal,2023-04-27 01:00 PM,2023,04,27,13,8.5,35,Good,8.8,UG/M3,1 Hr,Valid
Banja Luka,PM2.5 - Principal,2023-04-27 02:00 PM,2023,04,27,14,7.5,31,Good,6.6,UG/M3,1 Hr,Valid
Banja Luka,PM2.5 - Principal,2023-04-27 03:00 PM,2023,04,27,15,7.2,30,Good,6.8,UG/M3,1 Hr,Valid
Banja Luka,PM2.5 - Principal,2023-04-27 04:00 PM,2023,04,27,16,7.1,30,Good,6.3,UG/M3,1 Hr,Valid
Banja Luka,PM2.5 - Principal,2023-04-27 05:00 PM,2023,04,27,17,6.6,28,Good,5.9,UG/M3,1 Hr,Valid
Banja Luka,PM2.5 - Principal,2023-04-27 06:00 PM,2023,04,27,18,6.6,28,Good,6.4,UG/M3,1 Hr,Valid
Banja Luka,PM2.5 - Principal,2023-04-27 07:00 PM,2023,04,27,19,6.5,27,Good,6.3,UG/M3,1 Hr,Valid
Banja Luka,PM2.5 - Principal,2023-04-27 08:00 PM,2023,04,27,20,6.5,27,Good,6.5,UG/M3,1 Hr,Valid
Banja Luka,PM2.5 - Principal,2023-04-27 09:00 PM,2023,04,27,21,6.6,28,Good,7.0,UG/M3,1 Hr,Valid
Banja Luka,PM2.5 - Principal,2023-04-27 10:00 PM,2023,04,27,22,10.4,43,Good,14.1,UG/M3,1 Hr,Valid
Banja Luka,PM2.5 - Principal,2023-04-27 11:00 PM,2023,04,27,23,30.1,89,Moderate,49.9,UG/M3,1 Hr,Valid
Banja Luka,PM2.5 - Principal,2023-04-28 12:00 AM,2023,04,28,00,36.8,104,Unhealthy for Sensitive Groups,43.4,UG/M3,1 Hr,Valid
Banja Luka,PM2.5 - Principal,2023-04-28 01:00 AM,2023,04,28,01,34.9,99,Moderate,33.0,UG/M3,1 Hr,Valid
Banja Luka,PM2.5 - Principal,2023-04-28 02:00 AM,2023,04,28,02,31.8,92,Moderate,28.8,UG/M3,1 Hr,Valid
Banja Luka,PM2.5 - Principal,2023-04-28 03:00 AM,2023,04,28,03,29.3,87,Moderate,26.8,UG/M3,1 Hr,Valid
Banja Luka,PM2.5 - Principal,2023-04-28 04:00 AM,2023,04,28,04,23.6,75,Moderate,17.9,UG/M3,1 Hr,Valid
Banja Luka,PM2.5 - Principal,2023-04-28 05:00 AM,2023,04,28,05,16.6,60,Moderate,9.5,UG/M3,1 Hr,Valid
Banja Luka,PM2.5 - Principal,2023-04-28 06:00 AM,2023,04,28,06,12.8,52,Moderate,9.0,UG/M3,1 Hr,Valid
Banja Luka,PM2.5 - Principal,2023-04-28 07:00 AM,2023,04,28,07,15.4,58,Moderate,18.1,UG/M3,1 Hr,Valid
Banja Luka,PM2.5 - Principal,2023-04-28 08:00 AM,2023,04,28,08,15.8,59,Moderate,16.1,UG/M3,1 Hr,Valid
Banja Luka,PM2.5 - Principal,2023-04-28 09:00 AM,2023,04,28,09,13.6,54,Moderate,11.5,UG/M3,1 Hr,Valid
Banja Luka,PM2.5 - Principal,2023-04-28 10:00 AM,2023,04,28,10,13.7,54,Moderate,13.8,UG/M3,1 Hr,Valid
Banja Luka,PM2.5 - Principal,2023-04-28 11:00 AM,2023,04,28,11,13.7,54,Moderate,13.6,UG/M3,1 Hr,Valid
Banja Luka,PM2.5 - Principal,2023-04-28 12:00 PM,2023,04,28,12,13.1,53,Moderate,12.5,UG/M3,1 Hr,Valid
Banja Luka,PM2.5 - Principal,2023-04-28 01:00 PM,2023,04,28,13,11.6,48,Good,10.2,UG/M3,1 Hr,Valid
Banja Luka,PM2.5 - Principal,2023-04-28 02:00 PM,2023,04,28,14,9.0,38,Good,6.3,UG/M3,1 Hr,Valid
Banja Luka,PM2.5 - Principal,2023-04-28 03:00 PM,2023,04,28,15,7.4,31,Good,5.8,UG/M3,1 Hr,Valid
Banja Luka,PM2.5 - Principal,2023-04-28 04:00 PM,2023,04,28,16,7.3,30,Good,7.1,UG/M3,1 Hr,Valid
Banja Luka,PM2.5 - Principal,2023-04-28 05:00 PM,2023,04,28,17,7.5,31,Good,7.7,UG/M3,1 Hr,Valid
Banja Luka,PM2.5 - Principal,2023-04-28 06:00 PM,2023,04,28,18,7.8,33,Good,8.1,UG/M3,1 Hr,Valid
Banja Luka,PM2.5 - Principal,2023-04-28 07:00 PM,2023,04,28,19,8.3,35,Good,8.8,UG/M3,1 Hr,Valid
Banja Luka,PM2.5 - Principal,2023-04-28 08:00 PM,2023,04,28,20,11.0,46,Good,13.8,UG/M3,1 Hr,Valid
Banja Luka,PM2.5 - Principal,2023-04-28 09:00 PM,2023,04,28,21,17.3,62,Moderate,23.6,UG/M3,1 Hr,Valid
Banja Luka,PM2.5 - Principal,2023-04-28 10:00 PM,2023,04,28,22,20.7,69,Moderate,24.1,UG/M3,1 Hr,Valid
Banja Luka,PM2.5 - Principal,2023-04-28 11:00 PM,2023,04,28,23,35.3,100,Moderate,49.8,UG/M3,1 Hr,Valid
Banja Luka,PM2.5 - Principal,2023-04-29 12:00 AM,2023,04,29,00,42.9,119,Unhealthy for Sensitive Groups,50.5,UG/M3,1 Hr,Valid
Banja Luka,PM2.5 - Principal,2023-04-29 01:00 AM,2023,04,29,01,40.6,114,Unhealthy for Sensitive Groups,38.3,UG/M3,1 Hr,Valid
Banja Luka,PM2.5 - Principal,2023-04-29 02:00 AM,2023,04,29,02,29.8,88,Moderate,19.1,UG/M3,1 Hr,Valid
Banja Luka,PM2.5 - Principal,2023-04-29 03:00 AM,2023,04,29,03,29.9,88,Moderate,30.1,UG/M3,1 Hr,Valid
Banja Luka,PM2.5 - Principal,2023-04-29 04:00 AM,2023,04,29,04,27.3,83,Moderate,24.6,UG/M3,1 Hr,Valid
Banja Luka,PM2.5 - Principal,2023-04-29 05:00 AM,2023,04,29,05,23.8,76,Moderate,20.3,UG/M3,1 Hr,Valid
Banja Luka,PM2.5 - Principal,2023-04-29 06:00 AM,2023,04,29,06,21.6,71,Moderate,19.3,UG/M3,1 Hr,Valid
Banja Luka,PM2.5 - Principal,2023-04-29 07:00 AM,2023,04,29,07,22.1,72,Moderate,22.6,UG/M3,1 Hr,Valid
Banja Luka,PM2.5 - Principal,2023-04-29 08:00 AM,2023,04,29,08,19.2,66,Moderate,16.3,UG/M3,1 Hr,Valid
Banja Luka,PM2.5 - Principal,2023-04-29 09:00 AM,2023,04,29,09,22.6,73,Moderate,25.9,UG/M3,1 Hr,Valid
Banja Luka,PM2.5 - Principal,2023-04-29 10:00 AM,2023,04,29,10,23.6,75,Moderate,24.7,UG/M3,1 Hr,Valid
Banja Luka,PM2.5 - Principal,2023-04-29 11:00 AM,2023,04,29,11,23.5,75,Moderate,23.4,UG/M3,1 Hr,Valid
Banja Luka,PM2.5 - Principal,2023-04-29 12:00 PM,2023,04,29,12,17.7,63,Moderate,11.8,UG/M3,1 Hr,Valid
Banja Luka,PM2.5 - Principal,2023-04-29 01:00 PM,2023,04,29,13,13.0,53,Moderate,8.4,UG/M3,1 Hr,Valid
Banja Luka,PM2.5 - Principal,2023-04-29 02:00 PM,2023,04,29,14,10.7,45,Good,8.3,UG/M3,1 Hr,Valid
Banja Luka,PM2.5 - Principal,2023-04-29 03:00 PM,2023,04,29,15,9.5,40,Good,8.3,UG/M3,1 Hr,Valid
Banja Luka,PM2.5 - Principal,2023-04-29 04:00 PM,2023,04,29,16,8.1,34,Good,6.7,UG/M3,1 Hr,Valid
Banja Luka,PM2.5 - Principal,2023-04-29 05:00 PM,2023,04,29,17,7.4,31,Good,6.8,UG/M3,1 Hr,Valid
Banja Luka,PM2.5 - Principal,2023-04-29 06:00 PM,2023,04,29,18,6.9,29,Good,6.4,UG/M3,1 Hr,Valid
Banja Luka,PM2.5 - Principal,2023-04-29 07:00 PM,2023,04,29,19,7.4,31,Good,7.8,UG/M3,1 Hr,Valid
Banja Luka,PM2.5 - Principal,2023-04-29 08:00 PM,2023,04,29,20,7.5,31,Good,7.7,UG/M3,1 Hr,Valid
Banja Luka,PM2.5 - Principal,2023-04-29 09:00 PM,2023,04,29,21,8.3,35,Good,9.1,UG/M3,1 Hr,Valid
Banja Luka,PM2.5 - Principal,2023-04-29 10:00 PM,2023,04,29,22,15.8,59,Moderate,23.2,UG/M3,1 Hr,Valid
Banja Luka,PM2.5 - Principal,2023-04-29 11:00 PM,2023,04,29,23,26.2,81,Moderate,36.6,UG/M3,1 Hr,Valid
Banja Luka,PM2.5 - Principal,2023-04-30 12:00 AM,2023,04,30,00,28.2,85,Moderate,30.2,UG/M3,1 Hr,Valid
Banja Luka,PM2.5 - Principal,2023-04-30 01:00 AM,2023,04,30,01,26.5,81,Moderate,24.9,UG/M3,1 Hr,Valid
Banja Luka,PM2.5 - Principal,2023-04-30 02:00 AM,2023,04,30,02,23.3,75,Moderate,20.0,UG/M3,1 Hr,Valid
Banja Luka,PM2.5 - Principal,2023-04-30 03:00 AM,2023,04,30,03,20.5,69,Moderate,17.8,UG/M3,1 Hr,Valid
Banja Luka,PM2.5 - Principal,2023-04-30 04:00 AM,2023,04,30,04,19.5,67,Moderate,18.4,UG/M3,1 Hr,Valid
Banja Luka,PM2.5 - Principal,2023-04-30 05:00 AM,2023,04,30,05,15.7,59,Moderate,11.9,UG/M3,1 Hr,Valid
Banja Luka,PM2.5 - Principal,2023-04-30 06:00 AM,2023,04,30,06,13.3,54,Moderate,10.9,UG/M3,1 Hr,Valid
Banja Luka,PM2.5 - Principal,2023-04-30 07:00 AM,2023,04,30,07,11.2,47,Good,9.1,UG/M3,1 Hr,Valid
Banja Luka,PM2.5 - Principal,2023-04-30 08:00 AM,2023,04,30,08,12.2,51,Moderate,13.2,UG/M3,1 Hr,Valid
Banja Luka,PM2.5 - Principal,2023-04-30 09:00 AM,2023,04,30,09,11.0,46,Good,9.9,UG/M3,1 Hr,Valid
Banja Luka,PM2.5 - Principal,2023-04-30 10:00 AM,2023,04,30,10,10.5,44,Good,10.0,UG/M3,1 Hr,Valid
Banja Luka,PM2.5 - Principal,2023-04-30 11:00 AM,2023,04,30,11,10.5,44,Good,10.5,UG/M3,1 Hr,Valid
Banja Luka,PM2.5 - Principal,2023-04-30 12:00 PM,2023,04,30,12,8.2,34,Good,5.9,UG/M3,1 Hr,Valid
Banja Luka,PM2.5 - Principal,2023-04-30 01:00 PM,2023,04,30,13,7.3,30,Good,6.3,UG/M3,1 Hr,Valid
Banja Luka,PM2.5 - Principal,2023-04-30 02:00 PM,2023,04,30,14,7.7,32,Good,8.0,UG/M3,1 Hr,Valid
Banja Luka,PM2.5 - Principal,2023-04-30 03:00 PM,2023,04,30,15,7.1,30,Good,6.5,UG/M3,1 Hr,Valid
Banja Luka,PM2.5 - Principal,2023-04-30 04:00 PM,2023,04,30,16,7.1,30,Good,7.1,UG/M3,1 Hr,Valid
Banja Luka,PM2.5 - Principal,2023-04-30 05:00 PM,2023,04,30,17,7.7,32,Good,8.2,UG/M3,1 Hr,Valid
Banja Luka,PM2.5 - Principal,2023-04-30 06:00 PM,2023,04,30,18,7.6,32,Good,7.5,UG/M3,1 Hr,Valid
Banja Luka,PM2.5 - Principal,2023-04-30 07:00 PM,2023,04,30,19,7.8,33,Good,8.0,UG/M3,1 Hr,Valid
Banja Luka,PM2.5 - Principal,2023-04-30 08:00 PM,2023,04,30,20,7.9,33,Good,8.0,UG/M3,1 Hr,Valid
Banja Luka,PM2.5 - Principal,2023-04-30 09:00 PM,2023,04,30,21,8.8,37,Good,10.0,UG/M3,1 Hr,Valid
Banja Luka,PM2.5 - Principal,2023-04-30 10:00 PM,2023,04,30,22,11.7,49,Good,14.5,UG/M3,1 Hr,Valid
Banja Luka,PM2.5 - Principal,2023-04-30 11:00 PM,2023,04,30,23,19.7,67,Moderate,27.8,UG/M3,1 Hr,Valid
Banja Luka,PM2.5 - Principal,2023-05-01 12:00 AM,2023,05,01,00,17.8,63,Moderate,15.8,UG/M3,1 Hr,Valid
Banja Luka,PM2.5 - Principal,2023-05-01 01:00 AM,2023,05,01,01,21.8,71,Moderate,25.9,UG/M3,1 Hr,Valid
Banja Luka,PM2.5 - Principal,2023-05-01 02:00 AM,2023,05,01,02,22.6,73,Moderate,23.4,UG/M3,1 Hr,Valid
Banja Luka,PM2.5 - Principal,2023-05-01 03:00 AM,2023,05,01,03,19.9,67,Moderate,17.1,UG/M3,1 Hr,Valid
Banja Luka,PM2.5 - Principal,2023-05-01 04:00 AM,2023,05,01,04,17.9,63,Moderate,16.0,UG/M3,1 Hr,Valid
Banja Luka,PM2.5 - Principal,2023-05-01 05:00 AM,2023,05,01,05,16.5,60,Moderate,15.1,UG/M3,1 Hr,Valid
Banja Luka,PM2.5 - Principal,2023-05-01 06:00 AM,2023,05,01,06,14.7,56,Moderate,13.0,UG/M3,1 Hr,Valid
Banja Luka,PM2.5 - Principal,2023-05-01 07:00 AM,2023,05,01,07,13.8,55,Moderate,12.8,UG/M3,1 Hr,Valid
Banja Luka,PM2.5 - Principal,2023-05-01 08:00 AM,2023,05,01,08,13.4,54,Moderate,13.0,UG/M3,1 Hr,Valid
Banja Luka,PM2.5 - Principal,2023-05-01 09:00 AM,2023,05,01,09,13.9,55,Moderate,14.5,UG/M3,1 Hr,Valid
Banja Luka,PM2.5 - Principal,2023-05-01 10:00 AM,2023,05,01,10,13.8,55,Moderate,13.6,UG/M3,1 Hr,Valid
Banja Luka,PM2.5 - Principal,2023-05-01 11:00 AM,2023,05,01,11,12.7,52,Moderate,11.6,UG/M3,1 Hr,Valid
Banja Luka,PM2.5 - Principal,2023-05-01 12:00 PM,2023,05,01,12,11.8,49,Good,11.0,UG/M3,1 Hr,Valid
Banja Luka,PM2.5 - Principal,2023-05-01 01:00 PM,2023,05,01,13,11.4,48,Good,10.9,UG/M3,1 Hr,Valid
Banja Luka,PM2.5 - Principal,2023-05-01 02:00 PM,2023,05,01,14,10.6,44,Good,9.4,UG/M3,1 Hr,Valid
Banja Luka,PM2.5 - Principal,2023-05-01 03:00 PM,2023,05,01,15,9.3,39,Good,8.2,UG/M3,1 Hr,Valid
Banja Luka,PM2.5 - Principal,2023-05-01 04:00 PM,2023,05,01,16,8.5,35,Good,7.7,UG/M3,1 Hr,Valid
Banja Luka,PM2.5 - Principal,2023-05-01 05:00 PM,2023,05,01,17,9.1,38,Good,9.7,UG/M3,1 Hr,Valid
Banja Luka,PM2.5 - Principal,2023-05-01 06:00 PM,2023,05,01,18,9.7,40,Good,10.5,UG/M3,1 Hr,Valid
Banja Luka,PM2.5 - Principal,2023-05-01 07:00 PM,2023,05,01,19,10.1,42,Good,10.5,UG/M3,1 Hr,Valid
Banja Luka,PM2.5 - Principal,2023-05-01 08:00 PM,2023,05,01,20,10.1,42,Good,10.1,UG/M3,1 Hr,Valid
Banja Luka,PM2.5 - Principal,2023-05-01 09:00 PM,2023,05,01,21,11.3,47,Good,12.9,UG/M3,1 Hr,Valid
Banja Luka,PM2.5 - Principal,2023-05-01 10:00 PM,2023,05,01,22,11.9,50,Good,13.0,UG/M3,1 Hr,Valid
Banja Luka,PM2.5 - Principal,2023-05-01 11:00 PM,2023,05,01,23,12.6,52,Moderate,13.3,UG/M3,1 Hr,Valid
Banja Luka,PM2.5 - Principal,2023-05-02 12:00 AM,2023,05,02,00,13.3,54,Moderate,14.1,UG/M3,1 Hr,Valid
Banja Luka,PM2.5 - Principal,2023-05-02 01:00 AM,2023,05,02,01,13.5,54,Moderate,13.6,UG/M3,1 Hr,Valid
Banja Luka,PM2.5 - Principal,2023-05-02 02:00 AM,2023,05,02,02,13.3,54,Moderate,13.1,UG/M3,1 Hr,Valid
Banja Luka,PM2.5 - Principal,2023-05-02 03:00 AM,2023,05,02,03,15.8,59,Moderate,18.3,UG/M3,1 Hr,Valid
Banja Luka,PM2.5 - Principal,2023-05-02 04:00 AM,2023,05,02,04,15.5,58,Moderate,15.3,UG/M3,1 Hr,Valid
Banja Luka,PM2.5 - Principal,2023-05-02 05:00 AM,2023,05,02,05,15.8,59,Moderate,16.4,UG/M3,1 Hr,Valid
Banja Luka,PM2.5 - Principal,2023-05-02 06:00 AM,2023,05,02,06,14.9,57,Moderate,13.7,UG/M3,1 Hr,Valid
Banja Luka,PM2.5 - Principal,2023-05-02 07:00 AM,2023,05,02,07,14.4,56,Moderate,13.9,UG/M3,1 Hr,Valid
Banja Luka,PM2.5 - Principal,2023-05-02 08:00 AM,2023,05,02,08,14.6,56,Moderate,14.6,UG/M3,1 Hr,Valid
Banja Luka,PM2.5 - Principal,2023-05-02 09:00 AM,2023,05,02,09,14.5,56,Moderate,14.3,UG/M3,1 Hr,Valid
Banja Luka,PM2.5 - Principal,2023-05-02 10:00 AM,2023,05,02,10,15.2,58,Moderate,16.7,UG/M3,1 Hr,Valid
Banja Luka,PM2.5 - Principal,2023-05-02 11:00 AM,2023,05,02,11,15.7,59,Moderate,16.9,UG/M3,1 Hr,Valid
Banja Luka,PM2.5 - Principal,2023-05-02 12:00 PM,2023,05,02,12,16.5,60,Moderate,18.4,UG/M3,1 Hr,Valid
Banja Luka,PM2.5 - Principal,2023-05-02 01:00 PM,2023,05,02,13,16.8,61,Moderate,17.4,UG/M3,1 Hr,Valid
Banja Luka,PM2.5 - Principal,2023-05-02 02:00 PM,2023,05,02,14,16.9,61,Moderate,17.6,UG/M3,1 Hr,Valid
Banja Luka,PM2.5 - Principal,2023-05-02 03:00 PM,2023,05,02,15,17.5,62,Moderate,18.8,UG/M3,1 Hr,Valid
Banja Luka,PM2.5 - Principal,2023-05-02 04:00 PM,2023,05,02,16,18.7,65,Moderate,20.7,UG/M3,1 Hr,Valid
Banja Luka,PM2.5 - Principal,2023-05-02 05:00 PM,2023,05,02,17,19.1,66,Moderate,19.7,UG/M3,1 Hr,Valid
Banja Luka,PM2.5 - Principal,2023-05-02 06:00 PM,2023,05,02,18,18.8,65,Moderate,18.4,UG/M3,1 Hr,Valid
Banja Luka,PM2.5 - Principal,2023-05-02 07:00 PM,2023,05,02,19,19.3,66,Moderate,20.3,UG/M3,1 Hr,Valid
Banja Luka,PM2.5 - Principal,2023-05-02 08:00 PM,2023,05,02,20,20.4,68,Moderate,22.2,UG/M3,1 Hr,Valid
Banja Luka,PM2.5 - Principal,2023-05-02 09:00 PM,2023,05,02,21,24.5,77,Moderate,29.5,UG/M3,1 Hr,Valid
Banja Luka,PM2.5 - Principal,2023-05-02 10:00 PM,2023,05,02,22,34.0,97,Moderate,42.8,UG/M3,1 Hr,Valid
Banja Luka,PM2.5 - Principal,2023-05-02 11:00 PM,2023,05,02,23,48.2,132,Unhealthy for Sensitive Groups,62.4,UG/M3,1 Hr,Valid
Banja Luka,PM2.5 - Principal,2023-05-03 12:00 AM,2023,05,03,00,44.1,122,Unhealthy for Sensitive Groups,40.0,UG/M3,1 Hr,Valid
Banja Luka,PM2.5 - Principal,2023-05-03 01:00 AM,2023,05,03,01,42.3,118,Unhealthy for Sensitive Groups,40.5,UG/M3,1 Hr,Valid
Banja Luka,PM2.5 - Principal,2023-05-03 02:00 AM,2023,05,03,02,34.6,98,Moderate,26.9,UG/M3,1 Hr,Valid
Banja Luka,PM2.5 - Principal,2023-05-03 03:00 AM,2023,05,03,03,28.5,85,Moderate,22.4,UG/M3,1 Hr,Valid
Banja Luka,PM2.5 - Principal,2023-05-03 04:00 AM,2023,05,03,04,27.4,83,Moderate,26.4,UG/M3,1 Hr,Valid
Banja Luka,PM2.5 - Principal,2023-05-03 05:00 AM,2023,05,03,05,23.2,74,Moderate,19.0,UG/M3,1 Hr,Valid
Banja Luka,PM2.5 - Principal,2023-05-03 06:00 AM,2023,05,03,06,20.3,68,Moderate,17.4,UG/M3,1 Hr,Valid
Banja Luka,PM2.5 - Principal,2023-05-03 07:00 AM,2023,05,03,07,17.7,63,Moderate,15.0,UG/M3,1 Hr,Valid
Banja Luka,PM2.5 - Principal,2023-05-03 08:00 AM,2023,05,03,08,14.5,56,Moderate,11.5,UG/M3,1 Hr,Valid
Banja Luka,PM2.5 - Principal,2023-05-03 09:00 AM,2023,05,03,09,13.3,54,Moderate,12.0,UG/M3,1 Hr,Valid
Banja Luka,PM2.5 - Principal,2023-05-03 10:00 AM,2023,05,03,10,13.8,55,Moderate,14.4,UG/M3,1 Hr,Valid
Banja Luka,PM2.5 - Principal,2023-05-03 11:00 AM,2023,05,03,11,13.6,54,Moderate,13.4,UG/M3,1 Hr,Valid
Banja Luka,PM2.5 - Principal,2023-05-03 12:00 PM,2023,05,03,12,13.4,54,Moderate,13.2,UG/M3,1 Hr,Valid
Banja Luka,PM2.5 - Principal,2023-05-03 01:00 PM,2023,05,03,13,12.7,52,Moderate,12.0,UG/M3,1 Hr,Valid
Banja Luka,PM2.5 - Principal,2023-05-03 02:00 PM,2023,05,03,14,13.6,54,Moderate,14.6,UG/M3,1 Hr,Valid
Banja Luka,PM2.5 - Principal,2023-05-03 03:00 PM,2023,05,03,15,13.3,54,Moderate,13.0,UG/M3,1 Hr,Valid
Banja Luka,PM2.5 - Principal,2023-05-03 04:00 PM,2023,05,03,16,13.6,54,Moderate,14.1,UG/M3,1 Hr,Valid
Banja Luka,PM2.5 - Principal,2023-05-03 05:00 PM,2023,05,03,17,14.2,55,Moderate,15.3,UG/M3,1 Hr,Valid
Banja Luka,PM2.5 - Principal,2023-05-03 06:00 PM,2023,05,03,18,13.5,54,Moderate,12.3,UG/M3,1 Hr,Valid
Banja Luka,PM2.5 - Principal,2023-05-03 07:00 PM,2023,05,03,19,13.9,55,Moderate,14.9,UG/M3,1 Hr,Valid
Banja Luka,PM2.5 - Principal,2023-05-03 08:00 PM,2023,05,03,20,19.2,66,Moderate,24.3,UG/M3,1 Hr,Valid
Banja Luka,PM2.5 - Principal,2023-05-03 09:00 PM,2023,05,03,21,20.4,68,Moderate,21.5,UG/M3,1 Hr,Valid
Banja Luka,PM2.5 - Principal,2023-05-03 10:00 PM,2023,05,03,22,19.3,66,Moderate,18.2,UG/M3,1 Hr,Valid
Banja Luka,PM2.5 - Principal,2023-05-03 11:00 PM,2023,05,03,23,17.6,63,Moderate,15.8,UG/M3,1 Hr,Valid
Banja Luka,PM2.5 - Principal,2023-05-04 12:00 AM,2023,05,04,00,19.1,66,Moderate,20.7,UG/M3,1 Hr,Valid
Banja Luka,PM2.5 - Principal,2023-05-04 01:00 AM,2023,05,04,01,22.8,74,Moderate,26.6,UG/M3,1 Hr,Valid
Banja Luka,PM2.5 - Principal,2023-05-04 02:00 AM,2023,05,04,02,20.7,69,Moderate,18.5,UG/M3,1 Hr,Valid
Banja Luka,PM2.5 - Principal,2023-05-04 03:00 AM,2023,05,04,03,18.9,65,Moderate,17.2,UG/M3,1 Hr,Valid
Banja Luka,PM2.5 - Principal,2023-05-04 04:00 AM,2023,05,04,04,15.1,57,Moderate,11.2,UG/M3,1 Hr,Valid
Banja Luka,PM2.5 - Principal,2023-05-04 05:00 AM,2023,05,04,05,13.8,55,Moderate,12.5,UG/M3,1 Hr,Valid
Banja Luka,PM2.5 - Principal,2023-05-04 06:00 AM,2023,05,04,06,12.9,53,Moderate,12.0,UG/M3,1 Hr,Valid
Banja Luka,PM2.5 - Principal,2023-05-04 07:00 AM,2023,05,04,07,12.0,50,Good,11.1,UG/M3,1 Hr,Valid
Banja Luka,PM2.5 - Principal,2023-05-04 08:00 AM,2023,05,04,08,11.0,46,Good,10.1,UG/M3,1 Hr,Valid
Banja Luka,PM2.5 - Principal,2023-05-04 09:00 AM,2023,05,04,09,11.1,46,Good,11.2,UG/M3,1 Hr,Valid
Banja Luka,PM2.5 - Principal,2023-05-04 10:00 AM,2023,05,04,10,12.1,51,Moderate,13.1,UG/M3,1 Hr,Valid
Banja Luka,PM2.5 - Principal,2023-05-04 11:00 AM,2023,05,04,11,11.9,50,Good,11.8,UG/M3,1 Hr,Valid
Banja Luka,PM2.5 - Principal,2023-05-04 12:00 PM,2023,05,04,12,13.0,53,Moderate,14.1,UG/M3,1 Hr,Valid
Banja Luka,PM2.5 - Principal,2023-05-04 01:00 PM,2023,05,04,13,15.5,58,Moderate,18.5,UG/M3,1 Hr,Valid
Banja Luka,PM2.5 - Principal,2023-05-04 02:00 PM,2023,05,04,14,14.6,56,Moderate,13.7,UG/M3,1 Hr,Valid
Banja Luka,PM2.5 - Principal,2023-05-04 03:00 PM,2023,05,04,15,14.9,57,Moderate,15.3,UG/M3,1 Hr,Valid
Banja Luka,PM2.5 - Principal,2023-05-04 04:00 PM,2023,05,04,16,14.7,56,Moderate,14.4,UG/M3,1 Hr,Valid
Banja Luka,PM2.5 - Principal,2023-05-04 05:00 PM,2023,05,04,17,13.8,55,Moderate,12.6,UG/M3,1 Hr,Valid
Banja Luka,PM2.5 - Principal,2023-05-04 06:00 PM,2023,05,04,18,13.1,53,Moderate,12.4,UG/M3,1 Hr,Valid
Banja Luka,PM2.5 - Principal,2023-05-04 07:00 PM,2023,05,04,19,11.8,49,Good,10.1,UG/M3,1 Hr,Valid
Banja Luka,PM2.5 - Principal,2023-05-04 08:00 PM,2023,05,04,20,11.2,47,Good,10.4,UG/M3,1 Hr,Valid
Banja Luka,PM2.5 - Principal,2023-05-04 09:00 PM,2023,05,04,21,11.3,47,Good,11.4,UG/M3,1 Hr,Valid
Banja Luka,PM2.5 - Principal,2023-05-04 10:00 PM,2023,05,04,22,12.0,50,Good,12.8,UG/M3,1 Hr,Valid
Banja Luka,PM2.5 - Principal,2023-05-04 11:00 PM,2023,05,04,23,25.7,80,Moderate,39.3,UG/M3,1 Hr,Valid
Banja Luka,PM2.5 - Principal,2023-05-05 12:00 AM,2023,05,05,00,30.5,90,Moderate,35.2,UG/M3,1 Hr,Valid
Banja Luka,PM2.5 - Principal,2023-05-05 01:00 AM,2023,05,05,01,34.8,99,Moderate,39.1,UG/M3,1 Hr,Valid
Banja Luka,PM2.5 - Principal,2023-05-05 02:00 AM,2023,05,05,02,37.9,107,Unhealthy for Sensitive Groups,40.9,UG/M3,1 Hr,Valid
Banja Luka,PM2.5 - Principal,2023-05-05 03:00 AM,2023,05,05,03,26.2,81,Moderate,14.6,UG/M3,1 Hr,Valid
Banja Luka,PM2.5 - Principal,2023-05-05 04:00 AM,2023,05,05,04,19.9,67,Moderate,13.6,UG/M3,1 Hr,Valid
Banja Luka,PM2.5 - Principal,2023-05-05 05:00 AM,2023,05,05,05,16.6,60,Moderate,13.4,UG/M3,1 Hr,Valid
Banja Luka,PM2.5 - Principal,2023-05-05 06:00 AM,2023,05,05,06,14.1,55,Moderate,11.5,UG/M3,1 Hr,Valid
Banja Luka,PM2.5 - Principal,2023-05-05 07:00 AM,2023,05,05,07,12.6,52,Moderate,11.1,UG/M3,1 Hr,Valid
Banja Luka,PM2.5 - Principal,2023-05-05 08:00 AM,2023,05,05,08,12.1,51,Moderate,11.7,UG/M3,1 Hr,Valid
Banja Luka,PM2.5 - Principal,2023-05-05 09:00 AM,2023,05,05,09,12.2,51,Moderate,12.3,UG/M3,1 Hr,Valid
Banja Luka,PM2.5 - Principal,2023-05-05 10:00 AM,2023,05,05,10,13.2,53,Moderate,14.2,UG/M3,1 Hr,Valid
Banja Luka,PM2.5 - Principal,2023-05-05 11:00 AM,2023,05,05,11,12.8,52,Moderate,12.4,UG/M3,1 Hr,Valid
Banja Luka,PM2.5 - Principal,2023-05-05 12:00 PM,2023,05,05,12,12.3,51,Moderate,11.8,UG/M3,1 Hr,Valid
Banja Luka,PM2.5 - Principal,2023-05-05 01:00 PM,2023,05,05,13,12.9,53,Moderate,13.4,UG/M3,1 Hr,Valid
Banja Luka,PM2.5 - Principal,2023-05-05 02:00 PM,2023,05,05,14,12.3,51,Moderate,11.0,UG/M3,1 Hr,Valid
Banja Luka,PM2.5 - Principal,2023-05-05 03:00 PM,2023,05,05,15,11.7,49,Good,10.5,UG/M3,1 Hr,Valid
Banja Luka,PM2.5 - Principal,2023-05-05 04:00 PM,2023,05,05,16,11.3,47,Good,10.2,UG/M3,1 Hr,Valid
Banja Luka,PM2.5 - Principal,2023-05-05 05:00 PM,2023,05,05,17,11.2,47,Good,11.2,UG/M3,1 Hr,Valid
Banja Luka,PM2.5 - Principal,2023-05-05 06:00 PM,2023,05,05,18,11.0,46,Good,10.4,UG/M3,1 Hr,Valid
Banja Luka,PM2.5 - Principal,2023-05-05 07:00 PM,2023,05,05,19,10.8,45,Good,10.2,UG/M3,1 Hr,Valid
Banja Luka,PM2.5 - Principal,2023-05-05 08:00 PM,2023,05,05,20,10.8,45,Good,10.9,UG/M3,1 Hr,Valid
Banja Luka,PM2.5 - Principal,2023-05-05 09:00 PM,2023,05,05,21,10.9,45,Good,11.0,UG/M3,1 Hr,Valid
Banja Luka,PM2.5 - Principal,2023-05-05 10:00 PM,2023,05,05,22,11.3,47,Good,12.6,UG/M3,1 Hr,Valid
Banja Luka,PM2.5 - Principal,2023-05-05 11:00 PM,2023,05,05,23,18.9,65,Moderate,26.1,UG/M3,1 Hr,Valid
Banja Luka,PM2.5 - Principal,2023-05-06 12:00 AM,2023,05,06,00,22.0,72,Moderate,25.2,UG/M3,1 Hr,Valid
Banja Luka,PM2.5 - Principal,2023-05-06 01:00 AM,2023,05,06,01,23.7,75,Moderate,25.4,UG/M3,1 Hr,Valid
Banja Luka,PM2.5 - Principal,2023-05-06 02:00 AM,2023,05,06,02,23.0,74,Moderate,22.4,UG/M3,1 Hr,Valid
Banja Luka,PM2.5 - Principal,2023-05-06 03:00 AM,2023,05,06,03,22.3,72,Moderate,21.5,UG/M3,1 Hr,Valid
Banja Luka,PM2.5 - Principal,2023-05-06 04:00 AM,2023,05,06,04,21.1,70,Moderate,19.9,UG/M3,1 Hr,Valid
Banja Luka,PM2.5 - Principal,2023-05-06 05:00 AM,2023,05,06,05,20.1,68,Moderate,19.1,UG/M3,1 Hr,Valid
Banja Luka,PM2.5 - Principal,2023-05-06 06:00 AM,2023,05,06,06,19.6,67,Moderate,19.1,UG/M3,1 Hr,Valid
Banja Luka,PM2.5 - Principal,2023-05-06 07:00 AM,2023,05,06,07,20.1,68,Moderate,20.7,UG/M3,1 Hr,Valid
Banja Luka,PM2.5 - Principal,2023-05-06 08:00 AM,2023,05,06,08,20.7,69,Moderate,21.2,UG/M3,1 Hr,Valid
Banja Luka,PM2.5 - Principal,2023-05-06 09:00 AM,2023,05,06,09,20.4,68,Moderate,20.1,UG/M3,1 Hr,Valid
Banja Luka,PM2.5 - Principal,2023-05-06 10:00 AM,2023,05,06,10,20.3,68,Moderate,19.4,UG/M3,1 Hr,Valid
Banja Luka,PM2.5 - Principal,2023-05-06 11:00 AM,2023,05,06,11,18.8,65,Moderate,16.5,UG/M3,1 Hr,Valid
Banja Luka,PM2.5 - Principal,2023-05-06 12:00 PM,2023,05,06,12,18.1,64,Moderate,16.8,UG/M3,1 Hr,Valid
Banja Luka,PM2.5 - Principal,2023-05-06 01:00 PM,2023,05,06,13,18.5,64,Moderate,18.4,UG/M3,1 Hr,Valid
Banja Luka,PM2.5 - Principal,2023-05-06 02:00 PM,2023,05,06,14,18.3,64,Moderate,17.8,UG/M3,1 Hr,Valid
Banja Luka,PM2.5 - Principal,2023-05-06 03:00 PM,2023,05,06,15,17.8,63,Moderate,16.2,UG/M3,1 Hr,Valid
Banja Luka,PM2.5 - Principal,2023-05-06 04:00 PM,2023,05,06,16,15.7,59,Moderate,13.1,UG/M3,1 Hr,Valid
Banja Luka,PM2.5 - Principal,2023-05-06 05:00 PM,2023,05,06,17,12.9,53,Moderate,10.7,UG/M3,1 Hr,Valid
Banja Luka,PM2.5 - Principal,2023-05-06 06:00 PM,2023,05,06,18,11.8,49,Good,10.7,UG/M3,1 Hr,Valid
Banja Luka,PM2.5 - Principal,2023-05-06 07:00 PM,2023,05,06,19,10.6,44,Good,9.4,UG/M3,1 Hr,Valid
Banja Luka,PM2.5 - Principal,2023-05-06 08:00 PM,2023,05,06,20,10.5,44,Good,10.4,UG/M3,1 Hr,Valid
Banja Luka,PM2.5 - Principal,2023-05-06 09:00 PM,2023,05,06,21,10.9,45,Good,11.3,UG/M3,1 Hr,Valid
Banja Luka,PM2.5 - Principal,2023-05-06 10:00 PM,2023,05,06,22,12.6,52,Moderate,14.4,UG/M3,1 Hr,Valid
Banja Luka,PM2.5 - Principal,2023-05-06 11:00 PM,2023,05,06,23,14.4,56,Moderate,16.3,UG/M3,1 Hr,Valid
Banja Luka,PM2.5 - Principal,2023-05-07 12:00 AM,2023,05,07,00,14.7,56,Moderate,14.9,UG/M3,1 Hr,Valid
Banja Luka,PM2.5 - Principal,2023-05-07 01:00 AM,2023,05,07,01,14.3,56,Moderate,13.9,UG/M3,1 Hr,Valid
Banja Luka,PM2.5 - Principal,2023-05-07 02:00 AM,2023,05,07,02,14.0,55,Moderate,13.8,UG/M3,1 Hr,Valid
Banja Luka,PM2.5 - Principal,2023-05-07 03:00 AM,2023,05,07,03,13.7,54,Moderate,13.3,UG/M3,1 Hr,Valid
Banja Luka,PM2.5 - Principal,2023-05-07 04:00 AM,2023,05,07,04,13.0,53,Moderate,12.0,UG/M3,1 Hr,Valid
Banja Luka,PM2.5 - Principal,2023-05-07 05:00 AM,2023,05,07,05,11.9,50,Good,10.4,UG/M3,1 Hr,Valid
Banja Luka,PM2.5 - Principal,2023-05-07 06:00 AM,2023,05,07,06,11.2,47,Good,10.2,UG/M3,1 Hr,Valid
Banja Luka,PM2.5 - Principal,2023-05-07 07:00 AM,2023,05,07,07,11.1,46,Good,10.6,UG/M3,1 Hr,Valid
Banja Luka,PM2.5 - Principal,2023-05-07 08:00 AM,2023,05,07,08,10.6,44,Good,10.0,UG/M3,1 Hr,Valid
Banja Luka,PM2.5 - Principal,2023-05-07 09:00 AM,2023,05,07,09,10.5,44,Good,10.3,UG/M3,1 Hr,Valid
Banja Luka,PM2.5 - Principal,2023-05-07 10:00 AM,2023,05,07,10,11.1,46,Good,12.0,UG/M3,1 Hr,Valid
Banja Luka,PM2.5 - Principal,2023-05-07 11:00 AM,2023,05,07,11,11.2,47,Good,11.4,UG/M3,1 Hr,Valid
Banja Luka,PM2.5 - Principal,2023-05-07 12:00 PM,2023,05,07,12,11.3,47,Good,11.6,UG/M3,1 Hr,Valid
Banja Luka,PM2.5 - Principal,2023-05-07 01:00 PM,2023,05,07,13,11.2,47,Good,11.2,UG/M3,1 Hr,Valid
Banja Luka,PM2.5 - Principal,2023-05-07 02:00 PM,2023,05,07,14,11.0,46,Good,10.6,UG/M3,1 Hr,Valid
Banja Luka,PM2.5 - Principal,2023-05-07 03:00 PM,2023,05,07,15,11.0,46,Good,10.8,UG/M3,1 Hr,Valid
Banja Luka,PM2.5 - Principal,2023-05-07 04:00 PM,2023,05,07,16,10.8,45,Good,10.1,UG/M3,1 Hr,Valid
Banja Luka,PM2.5 - Principal,2023-05-07 05:00 PM,2023,05,07,17,10.6,44,Good,9.7,UG/M3,1 Hr,Valid
Banja Luka,PM2.5 - Principal,2023-05-07 06:00 PM,2023,05,07,18,10.4,43,Good,10.0,UG/M3,1 Hr,Valid
Banja Luka,PM2.5 - Principal,2023-05-07 07:00 PM,2023,05,07,19,10.4,43,Good,10.4,UG/M3,1 Hr,Valid
Banja Luka,PM2.5 - Principal,2023-05-07 08:00 PM,2023,05,07,20,10.7,45,Good,11.6,UG/M3,1 Hr,Valid
Banja Luka,PM2.5 - Principal,2023-05-07 09:00 PM,2023,05,07,21,11.0,46,Good,12.2,UG/M3,1 Hr,Valid
Banja Luka,PM2.5 - Principal,2023-05-07 10:00 PM,2023,05,07,22,11.2,47,Good,12.0,UG/M3,1 Hr,Valid
Banja Luka,PM2.5 - Principal,2023-05-07 11:00 PM,2023,05,07,23,10.1,42,Good,7.7,UG/M3,1 Hr,Valid
Banja Luka,PM2.5 - Principal,2023-05-08 12:00 AM,2023,05,08,00,9.2,38,Good,7.8,UG/M3,1 Hr,Valid
Banja Luka,PM2.5 - Principal,2023-05-08 01:00 AM,2023,05,08,01,9.1,38,Good,8.8,UG/M3,1 Hr,Valid
Banja Luka,PM2.5 - Principal,2023-05-08 02:00 AM,2023,05,08,02,7.6,32,Good,6.3,UG/M3,1 Hr,Valid
Banja Luka,PM2.5 - Principal,2023-05-08 03:00 AM,2023,05,08,03,6.8,28,Good,6.1,UG/M3,1 Hr,Valid
Banja Luka,PM2.5 - Principal,2023-05-08 04:00 AM,2023,05,08,04,6.6,28,Good,6.4,UG/M3,1 Hr,Valid
Banja Luka,PM2.5 - Principal,2023-05-08 05:00 AM,2023,05,08,05,6.7,28,Good,6.8,UG/M3,1 Hr,Valid
Banja Luka,PM2.5 - Principal,2023-05-08 06:00 AM,2023,05,08,06,6.8,28,Good,6.9,UG/M3,1 Hr,Valid
Banja Luka,PM2.5 - Principal,2023-05-08 07:00 AM,2023,05,08,07,6.9,29,Good,7.0,UG/M3,1 Hr,Valid
Banja Luka,PM2.5 - Principal,2023-05-08 08:00 AM,2023,05,08,08,7.5,31,Good,8.0,UG/M3,1 Hr,Valid
Banja Luka,PM2.5 - Principal,2023-05-08 09:00 AM,2023,05,08,09,8.0,33,Good,8.5,UG/M3,1 Hr,Valid
Banja Luka,PM2.5 - Principal,2023-05-08 10:00 AM,2023,05,08,10,7.9,33,Good,8.5,UG/M3,1 Hr,Valid
Banja Luka,PM2.5 - Principal,2023-05-08 11:00 AM,2023,05,08,11,8.9,37,Good,10.2,UG/M3,1 Hr,Valid
Banja Luka,PM2.5 - Principal,2023-05-08 12:00 PM,2023,05,08,12,7.2,30,Good,5.2,UG/M3,1 Hr,Valid
Banja Luka,PM2.5 - Principal,2023-05-08 01:00 PM,2023,05,08,13,7.2,30,Good,7.3,UG/M3,1 Hr,Valid
Banja Luka,PM2.5 - Principal,2023-05-08 02:00 PM,2023,05,08,14,9.0,38,Good,10.8,UG/M3,1 Hr,Valid
Banja Luka,PM2.5 - Principal,2023-05-08 03:00 PM,2023,05,08,15,8.8,37,Good,8.6,UG/M3,1 Hr,Valid
Banja Luka,PM2.5 - Principal,2023-05-08 04:00 PM,2023,05,08,16,8.0,33,Good,7.1,UG/M3,1 Hr,Valid
Banja Luka,PM2.5 - Principal,2023-05-08 05:00 PM,2023,05,08,17,9.1,38,Good,10.3,UG/M3,1 Hr,Valid
Banja Luka,PM2.5 - Principal,2023-05-08 06:00 PM,2023,05,08,18,10.6,44,Good,12.0,UG/M3,1 Hr,Valid
Banja Luka,PM2.5 - Principal,2023-05-08 07:00 PM,2023,05,08,19,12.7,52,Moderate,14.8,UG/M3,1 Hr,Valid
Banja Luka,PM2.5 - Principal,2023-05-08 08:00 PM,2023,05,08,20,16.1,59,Moderate,19.6,UG/M3,1 Hr,Valid
Banja Luka,PM2.5 - Principal,2023-05-08 09:00 PM,2023,05,08,21,18.4,64,Moderate,20.7,UG/M3,1 Hr,Valid
Banja Luka,PM2.5 - Principal,2023-05-08 10:00 PM,2023,05,08,22,19.5,67,Moderate,20.7,UG/M3,1 Hr,Valid
Banja Luka,PM2.5 - Principal,2023-05-08 11:00 PM,2023,05,08,23,30.9,91,Moderate,42.3,UG/M3,1 Hr,Valid
Banja Luka,PM2.5 - Principal,2023-05-09 12:00 AM,2023,05,09,00,32.9,95,Moderate,34.8,UG/M3,1 Hr,Valid
Banja Luka,PM2.5 - Principal,2023-05-09 01:00 AM,2023,05,09,01,33.9,97,Moderate,35.0,UG/M3,1 Hr,Valid
Banja Luka,PM2.5 - Principal,2023-05-09 02:00 AM,2023,05,09,02,30.3,89,Moderate,26.6,UG/M3,1 Hr,Valid
Banja Luka,PM2.5 - Principal,2023-05-09 03:00 AM,2023,05,09,03,26.2,81,Moderate,22.1,UG/M3,1 Hr,Valid
Banja Luka,PM2.5 - Principal,2023-05-09 04:00 AM,2023,05,09,04,22.8,74,Moderate,19.4,UG/M3,1 Hr,Valid
Banja Luka,PM2.5 - Principal,2023-05-09 05:00 AM,2023,05,09,05,20.3,68,Moderate,17.8,UG/M3,1 Hr,Valid
Banja Luka,PM2.5 - Principal,2023-05-09 06:00 AM,2023,05,09,06,17.0,61,Moderate,13.7,UG/M3,1 Hr,Valid
Banja Luka,PM2.5 - Principal,2023-05-09 07:00 AM,2023,05,09,07,14.4,56,Moderate,11.7,UG/M3,1 Hr,Valid
Banja Luka,PM2.5 - Principal,2023-05-09 08:00 AM,2023,05,09,08,12.5,52,Moderate,10.7,UG/M3,1 Hr,Valid
Banja Luka,PM2.5 - Principal,2023-05-09 09:00 AM,2023,05,09,09,11.4,48,Good,10.3,UG/M3,1 Hr,Valid
Banja Luka,PM2.5 - Principal,2023-05-09 10:00 AM,2023,05,09,10,11.5,48,Good,11.6,UG/M3,1 Hr,Valid
Banja Luka,PM2.5 - Principal,2023-05-09 11:00 AM,2023,05,09,11,12.4,52,Moderate,13.4,UG/M3,1 Hr,Valid
Banja Luka,PM2.5 - Principal,2023-05-09 12:00 PM,2023,05,09,12,13.5,54,Moderate,14.5,UG/M3,1 Hr,Valid
Banja Luka,PM2.5 - Principal,2023-05-09 01:00 PM,2023,05,09,13,14.3,56,Moderate,15.1,UG/M3,1 Hr,Valid
Banja Luka,PM2.5 - Principal,2023-05-09 02:00 PM,2023,05,09,14,15.0,57,Moderate,15.7,UG/M3,1 Hr,Valid
Banja Luka,PM2.5 - Principal,2023-05-09 03:00 PM,2023,05,09,15,12.0,50,Good,9.0,UG/M3,1 Hr,Valid
Banja Luka,PM2.5 - Principal,2023-05-09 04:00 PM,2023,05,09,16,10.7,45,Good,9.3,UG/M3,1 Hr,Valid
Banja Luka,PM2.5 - Principal,2023-05-09 05:00 PM,2023,05,09,17,9.9,41,Good,8.7,UG/M3,1 Hr,Valid
Banja Luka,PM2.5 - Principal,2023-05-09 06:00 PM,2023,05,09,18,9.1,38,Good,8.3,UG/M3,1 Hr,Valid
Banja Luka,PM2.5 - Principal,2023-05-09 07:00 PM,2023,05,09,19,9.6,40,Good,10.3,UG/M3,1 Hr,Valid
Banja Luka,PM2.5 - Principal,2023-05-09 08:00 PM,2023,05,09,20,9.3,39,Good,9.0,UG/M3,1 Hr,Valid
Banja Luka,PM2.5 - Principal,2023-05-09 09:00 PM,2023,05,09,21,9.0,38,Good,8.7,UG/M3,1 Hr,Valid
Banja Luka,PM2.5 - Principal,2023-05-09 10:00 PM,2023,05,09,22,9.4,39,Good,9.8,UG/M3,1 Hr,Valid
Banja Luka,PM2.5 - Principal,2023-05-09 11:00 PM,2023,05,09,23,11.0,46,Good,12.8,UG/M3,1 Hr,Valid
Banja Luka,PM2.5 - Principal,2023-05-10 12:00 AM,2023,05,10,00,16.4,60,Moderate,21.7,UG/M3,1 Hr,Valid
Banja Luka,PM2.5 - Principal,2023-05-10 01:00 AM,2023,05,10,01,22.0,72,Moderate,27.5,UG/M3,1 Hr,Valid
Banja Luka,PM2.5 - Principal,2023-05-10 02:00 AM,2023,05,10,02,23.9,76,Moderate,25.8,UG/M3,1 Hr,Valid
Banja Luka,PM2.5 - Principal,2023-05-10 03:00 AM,2023,05,10,03,21.1,70,Moderate,18.3,UG/M3,1 Hr,Valid
Banja Luka,PM2.5 - Principal,2023-05-10 04:00 AM,2023,05,10,04,17.9,63,Moderate,14.8,UG/M3,1 Hr,Valid
Banja Luka,PM2.5 - Principal,2023-05-10 05:00 AM,2023,05,10,05,15.4,58,Moderate,12.9,UG/M3,1 Hr,Valid
Banja Luka,PM2.5 - Principal,2023-05-10 06:00 AM,2023,05,10,06,14.3,56,Moderate,13.2,UG/M3,1 Hr,Valid
Banja Luka,PM2.5 - Principal,2023-05-10 07:00 AM,2023,05,10,07,14.0,55,Moderate,13.7,UG/M3,1 Hr,Valid
Banja Luka,PM2.5 - Principal,2023-05-10 08:00 AM,2023,05,10,08,14.6,56,Moderate,15.2,UG/M3,1 Hr,Valid
Banja Luka,PM2.5 - Principal,2023-05-10 09:00 AM,2023,05,10,09,14.8,57,Moderate,15.0,UG/M3,1 Hr,Valid
Banja Luka,PM2.5 - Principal,2023-05-10 10:00 AM,2023,05,10,10,16.0,59,Moderate,17.2,UG/M3,1 Hr,Valid
Banja Luka,PM2.5 - Principal,2023-05-10 11:00 AM,2023,05,10,11,17.9,63,Moderate,19.9,UG/M3,1 Hr,Valid
Banja Luka,PM2.5 - Principal,2023-05-10 12:00 PM,2023,05,10,12,19.0,66,Moderate,20.1,UG/M3,1 Hr,Valid
Banja Luka,PM2.5 - Principal,2023-05-10 01:00 PM,2023,05,10,13,20.2,68,Moderate,21.4,UG/M3,1 Hr,Valid
Banja Luka,PM2.5 - Principal,2023-05-10 02:00 PM,2023,05,10,14,20.0,68,Moderate,20.7,UG/M3,1 Hr,Valid
Banja Luka,PM2.5 - Principal,2023-05-10 03:00 PM,2023,05,10,15,20.4,68,Moderate,20.8,UG/M3,1 Hr,Valid
Banja Luka,PM2.5 - Principal,2023-05-10 04:00 PM,2023,05,10,16,20.9,70,Moderate,21.6,UG/M3,1 Hr,Valid
Banja Luka,PM2.5 - Principal,2023-05-10 05:00 PM,2023,05,10,17,21.4,71,Moderate,22.2,UG/M3,1 Hr,Valid
Banja Luka,PM2.5 - Principal,2023-05-10 06:00 PM,2023,05,10,18,23.4,75,Moderate,25.5,UG/M3,1 Hr,Valid
Banja Luka,PM2.5 - Principal,2023-05-10 07:00 PM,2023,05,10,19,23.1,74,Moderate,23.1,UG/M3,1 Hr,Valid
Banja Luka,PM2.5 - Principal,2023-05-10 08:00 PM,2023,05,10,20,23.1,74,Moderate,23.1,UG/M3,1 Hr,Valid
Banja Luka,PM2.5 - Principal,2023-05-10 09:00 PM,2023,05,10,21,26.1,80,Moderate,30.1,UG/M3,1 Hr,Valid
Banja Luka,PM2.5 - Principal,2023-05-10 10:00 PM,2023,05,10,22,28.5,85,Moderate,32.6,UG/M3,1 Hr,Valid
Banja Luka,PM2.5 - Principal,2023-05-10 11:00 PM,2023,05,10,23,30.3,89,Moderate,33.0,UG/M3,1 Hr,Valid
Banja Luka,PM2.5 - Principal,2023-05-11 12:00 AM,2023,05,11,00,31.4,92,Moderate,33.4,UG/M3,1 Hr,Valid
Banja Luka,PM2.5 - Principal,2023-05-11 01:00 AM,2023,05,11,01,29.4,87,Moderate,26.0,UG/M3,1 Hr,Valid
Banja Luka,PM2.5 - Principal,2023-05-11 02:00 AM,2023,05,11,02,27.9,84,Moderate,25.4,UG/M3,1 Hr,Valid
Banja Luka,PM2.5 - Principal,2023-05-11 03:00 AM,2023,05,11,03,21.7,71,Moderate,16.0,UG/M3,1 Hr,Valid
Banja Luka,PM2.5 - Principal,2023-05-11 04:00 AM,2023,05,11,04,17.6,63,Moderate,13.5,UG/M3,1 Hr,Valid
Banja Luka,PM2.5 - Principal,2023-05-11 05:00 AM,2023,05,11,05,15.1,57,Moderate,12.7,UG/M3,1 Hr,Valid
Banja Luka,PM2.5 - Principal,2023-05-11 06:00 AM,2023,05,11,06,12.9,53,Moderate,10.8,UG/M3,1 Hr,Valid
Banja Luka,PM2.5 - Principal,2023-05-11 07:00 AM,2023,05,11,07,11.9,50,Good,10.8,UG/M3,1 Hr,Valid
Banja Luka,PM2.5 - Principal,2023-05-11 08:00 AM,2023,05,11,08,11.1,46,Good,10.4,UG/M3,1 Hr,Valid
Banja Luka,PM2.5 - Principal,2023-05-11 09:00 AM,2023,05,11,09,11.4,48,Good,11.7,UG/M3,1 Hr,Valid
Banja Luka,PM2.5 - Principal,2023-05-11 10:00 AM,2023,05,11,10,13.2,53,Moderate,15.0,UG/M3,1 Hr,Valid
Banja Luka,PM2.5 - Principal,2023-05-11 11:00 AM,2023,05,11,11,13.4,54,Moderate,13.7,UG/M3,1 Hr,Valid
Banja Luka,PM2.5 - Principal,2023-05-11 12:00 PM,2023,05,11,12,15.7,59,Moderate,17.9,UG/M3,1 Hr,Valid
Banja Luka,PM2.5 - Principal,2023-05-11 01:00 PM,2023,05,11,13,15.8,59,Moderate,15.9,UG/M3,1 Hr,Valid
Banja Luka,PM2.5 - Principal,2023-05-11 02:00 PM,2023,05,11,14,15.7,59,Moderate,16.1,UG/M3,1 Hr,Valid
Banja Luka,PM2.5 - Principal,2023-05-11 03:00 PM,2023,05,11,15,15.6,58,Moderate,15.3,UG/M3,1 Hr,Valid
Banja Luka,PM2.5 - Principal,2023-05-11 04:00 PM,2023,05,11,16,15.9,59,Moderate,16.3,UG/M3,1 Hr,Valid
Banja Luka,PM2.5 - Principal,2023-05-11 05:00 PM,2023,05,11,17,14.9,57,Moderate,13.5,UG/M3,1 Hr,Valid
Banja Luka,PM2.5 - Principal,2023-05-11 06:00 PM,2023,05,11,18,15.7,59,Moderate,16.9,UG/M3,1 Hr,Valid
Banja Luka,PM2.5 - Principal,2023-05-11 07:00 PM,2023,05,11,19,17.2,62,Moderate,18.9,UG/M3,1 Hr,Valid
Banja Luka,PM2.5 - Principal,2023-05-11 08:00 PM,2023,05,11,20,16.6,60,Moderate,16.1,UG/M3,1 Hr,Valid
Banja Luka,PM2.5 - Principal,2023-05-11 09:00 PM,2023,05,11,21,17.2,62,Moderate,18.8,UG/M3,1 Hr,Valid
Banja Luka,PM2.5 - Principal,2023-05-11 10:00 PM,2023,05,11,22,20.5,69,Moderate,24.2,UG/M3,1 Hr,Valid
Banja Luka,PM2.5 - Principal,2023-05-11 11:00 PM,2023,05,11,23,24.4,77,Moderate,27.8,UG/M3,1 Hr,Valid
Banja Luka,PM2.5 - Principal,2023-05-12 12:00 AM,2023,05,12,00,26.0,80,Moderate,27.5,UG/M3,1 Hr,Valid
Banja Luka,PM2.5 - Principal,2023-05-12 01:00 AM,2023,05,12,01,28.5,85,Moderate,31.0,UG/M3,1 Hr,Valid
Banja Luka,PM2.5 - Principal,2023-05-12 02:00 AM,2023,05,12,02,23.7,75,Moderate,18.9,UG/M3,1 Hr,Valid
Banja Luka,PM2.5 - Principal,2023-05-12 03:00 AM,2023,05,12,03,17.2,62,Moderate,10.6,UG/M3,1 Hr,Valid
Banja Luka,PM2.5 - Principal,2023-05-12 04:00 AM,2023,05,12,04,14.0,55,Moderate,10.8,UG/M3,1 Hr,Valid
Banja Luka,PM2.5 - Principal,2023-05-12 05:00 AM,2023,05,12,05,11.7,49,Good,9.4,UG/M3,1 Hr,Valid
Banja Luka,PM2.5 - Principal,2023-05-12 06:00 AM,2023,05,12,06,10.5,44,Good,9.3,UG/M3,1 Hr,Valid
Banja Luka,PM2.5 - Principal,2023-05-12 07:00 AM,2023,05,12,07,7.6,32,Good,4.7,UG/M3,1 Hr,Valid
Banja Luka,PM2.5 - Principal,2023-05-12 08:00 AM,2023,05,12,08,7.3,30,Good,7.0,UG/M3,1 Hr,Valid
Banja Luka,PM2.5 - Principal,2023-05-12 09:00 AM,2023,05,12,09,8.7,36,Good,10.0,UG/M3,1 Hr,Valid
Banja Luka,PM2.5 - Principal,2023-05-12 10:00 AM,2023,05,12,10,8.4,35,Good,8.2,UG/M3,1 Hr,Valid
Banja Luka,PM2.5 - Principal,2023-05-12 11:00 AM,2023,05,12,11,8.6,36,Good,8.8,UG/M3,1 Hr,Valid
Banja Luka,PM2.5 - Principal,2023-05-12 12:00 PM,2023,05,12,12,8.1,34,Good,7.5,UG/M3,1 Hr,Valid
Banja Luka,PM2.5 - Principal,2023-05-12 01:00 PM,2023,05,12,13,6.4,27,Good,4.7,UG/M3,1 Hr,Valid
Banja Luka,PM2.5 - Principal,2023-05-12 02:00 PM,2023,05,12,14,5.4,23,Good,4.4,UG/M3,1 Hr,Valid
Banja Luka,PM2.5 - Principal,2023-05-12 03:00 PM,2023,05,12,15,4.8,20,Good,4.3,UG/M3,1 Hr,Valid
Banja Luka,PM2.5 - Principal,2023-05-12 04:00 PM,2023,05,12,16,4.6,19,Good,4.3,UG/M3,1 Hr,Valid
Banja Luka,PM2.5 - Principal,2023-05-12 05:00 PM,2023,05,12,17,3.7,15,Good,2.9,UG/M3,1 Hr,Valid
Banja Luka,PM2.5 - Principal,2023-05-12 06:00 PM,2023,05,12,18,3.5,15,Good,3.2,UG/M3,1 Hr,Valid
Banja Luka,PM2.5 - Principal,2023-05-12 07:00 PM,2023,05,12,19,3.0,13,Good,2.6,UG/M3,1 Hr,Valid
Banja Luka,PM2.5 - Principal,2023-05-12 08:00 PM,2023,05,12,20,3.1,13,Good,3.1,UG/M3,1 Hr,Valid
Banja Luka,PM2.5 - Principal,2023-05-12 09:00 PM,2023,05,12,21,3.7,15,Good,4.3,UG/M3,1 Hr,Valid
Banja Luka,PM2.5 - Principal,2023-05-12 10:00 PM,2023,05,12,22,4.4,18,Good,5.0,UG/M3,1 Hr,Valid
Banja Luka,PM2.5 - Principal,2023-05-12 11:00 PM,2023,05,12,23,5.9,25,Good,7.3,UG/M3,1 Hr,Valid
Banja Luka,PM2.5 - Principal,2023-05-13 12:00 AM,2023,05,13,00,6.7,28,Good,7.5,UG/M3,1 Hr,Valid
Banja Luka,PM2.5 - Principal,2023-05-13 01:00 AM,2023,05,13,01,7.5,31,Good,8.3,UG/M3,1 Hr,Valid
Banja Luka,PM2.5 - Principal,2023-05-13 02:00 AM,2023,05,13,02,7.0,29,Good,6.5,UG/M3,1 Hr,Valid
Banja Luka,PM2.5 - Principal,2023-05-13 03:00 AM,2023,05,13,03,6.0,25,Good,5.0,UG/M3,1 Hr,Valid
Banja Luka,PM2.5 - Principal,2023-05-13 04:00 AM,2023,05,13,04,8.4,35,Good,10.9,UG/M3,1 Hr,Valid
Banja Luka,PM2.5 - Principal,2023-05-13 05:00 AM,2023,05,13,05,8.4,35,Good,8.4,UG/M3,1 Hr,Valid
Banja Luka,PM2.5 - Principal,2023-05-13 06:00 AM,2023,05,13,06,8.0,33,Good,7.5,UG/M3,1 Hr,Valid
Banja Luka,PM2.5 - Principal,2023-05-13 07:00 AM,2023,05,13,07,6.2,26,Good,4.4,UG/M3,1 Hr,Valid
Banja Luka,PM2.5 - Principal,2023-05-13 08:00 AM,2023,05,13,08,5.3,22,Good,4.4,UG/M3,1 Hr,Valid
Banja Luka,PM2.5 - Principal,2023-05-13 09:00 AM,2023,05,13,09,4.9,20,Good,4.6,UG/M3,1 Hr,Valid
Banja Luka,PM2.5 - Principal,2023-05-13 10:00 AM,2023,05,13,10,4.8,20,Good,4.7,UG/M3,1 Hr,Valid
Banja Luka,PM2.5 - Principal,2023-05-13 11:00 AM,2023,05,13,11,6.9,29,Good,8.9,UG/M3,1 Hr,Valid
Banja Luka,PM2.5 - Principal,2023-05-13 12:00 PM,2023,05,13,12,8.9,37,Good,10.9,UG/M3,1 Hr,Valid
Banja Luka,PM2.5 - Principal,2023-05-13 01:00 PM,2023,05,13,13,8.6,36,Good,8.3,UG/M3,1 Hr,Valid
Banja Luka,PM2.5 - Principal,2023-05-13 02:00 PM,2023,05,13,14,8.5,35,Good,8.5,UG/M3,1 Hr,Valid
Banja Luka,PM2.5 - Principal,2023-05-13 03:00 PM,2023,05,13,15,8.9,37,Good,9.3,UG/M3,1 Hr,Valid
Banja Luka,PM2.5 - Principal,2023-05-13 04:00 PM,2023,05,13,16,10.0,42,Good,11.1,UG/M3,1 Hr,Valid
Banja Luka,PM2.5 - Principal,2023-05-13 05:00 PM,2023,05,13,17,11.1,46,Good,12.2,UG/M3,1 Hr,Valid
Banja Luka,PM2.5 - Principal,2023-05-13 06:00 PM,2023,05,13,18,10.3,43,Good,9.5,UG/M3,1 Hr,Valid
Banja Luka,PM2.5 - Principal,2023-05-13 07:00 PM,2023,05,13,19,11.0,46,Good,11.7,UG/M3,1 Hr,Valid
Banja Luka,PM2.5 - Principal,2023-05-13 08:00 PM,2023,05,13,20,11.1,46,Good,11.1,UG/M3,1 Hr,Valid
Banja Luka,PM2.5 - Principal,2023-05-13 09:00 PM,2023,05,13,21,17.2,62,Moderate,23.4,UG/M3,1 Hr,Valid
Banja Luka,PM2.5 - Principal,2023-05-13 10:00 PM,2023,05,13,22,19.7,67,Moderate,22.1,UG/M3,1 Hr,Valid
Banja Luka,PM2.5 - Principal,2023-05-13 11:00 PM,2023,05,13,23,21.4,71,Moderate,23.2,UG/M3,1 Hr,Valid
Banja Luka,PM2.5 - Principal,2023-05-14 12:00 AM,2023,05,14,00,29.2,87,Moderate,37.1,UG/M3,1 Hr,Valid
Banja Luka,PM2.5 - Principal,2023-05-14 01:00 AM,2023,05,14,01,26.9,82,Moderate,24.6,UG/M3,1 Hr,Valid
Banja Luka,PM2.5 - Principal,2023-05-14 02:00 AM,2023,05,14,02,27.6,84,Moderate,28.2,UG/M3,1 Hr,Valid
Banja Luka,PM2.5 - Principal,2023-05-14 03:00 AM,2023,05,14,03,25.3,79,Moderate,23.0,UG/M3,1 Hr,Valid
Banja Luka,PM2.5 - Principal,2023-05-14 04:00 AM,2023,05,14,04,18.0,63,Moderate,10.7,UG/M3,1 Hr,Valid
Banja Luka,PM2.5 - Principal,2023-05-14 05:00 AM,2023,05,14,05,14.2,55,Moderate,10.4,UG/M3,1 Hr,Valid
Banja Luka,PM2.5 - Principal,2023-05-14 06:00 AM,2023,05,14,06,11.3,47,Good,8.3,UG/M3,1 Hr,Valid
Banja Luka,PM2.5 - Principal,2023-05-14 07:00 AM,2023,05,14,07,9.8,41,Good,8.3,UG/M3,1 Hr,Valid
Banja Luka,PM2.5 - Principal,2023-05-14 08:00 AM,2023,05,14,08,9.6,40,Good,9.5,UG/M3,1 Hr,Valid
Banja Luka,PM2.5 - Principal,2023-05-14 09:00 AM,2023,05,14,09,10.4,43,Good,11.2,UG/M3,1 Hr,Valid
Banja Luka,PM2.5 - Principal,2023-05-14 10:00 AM,2023,05,14,10,11.4,48,Good,12.4,UG/M3,1 Hr,Valid
Banja Luka,PM2.5 - Principal,2023-05-14 11:00 AM,2023,05,14,11,11.0,46,Good,10.7,UG/M3,1 Hr,Valid
Banja Luka,PM2.5 - Principal,2023-05-14 12:00 PM,2023,05,14,12,12.1,51,Moderate,13.1,UG/M3,1 Hr,Valid
Banja Luka,PM2.5 - Principal,2023-05-14 01:00 PM,2023,05,14,13,12.1,51,Moderate,12.2,UG/M3,1 Hr,Valid
Banja Luka,PM2.5 - Principal,2023-05-14 02:00 PM,2023,05,14,14,11.8,49,Good,11.4,UG/M3,1 Hr,Valid
Banja Luka,PM2.5 - Principal,2023-05-14 03:00 PM,2023,05,14,15,12.7,52,Moderate,14.2,UG/M3,1 Hr,Valid
Banja Luka,PM2.5 - Principal,2023-05-14 04:00 PM,2023,05,14,16,15.3,58,Moderate,17.7,UG/M3,1 Hr,Valid
Banja Luka,PM2.5 - Principal,2023-05-14 05:00 PM,2023,05,14,17,16.9,61,Moderate,18.5,UG/M3,1 Hr,Valid
Banja Luka,PM2.5 - Principal,2023-05-14 06:00 PM,2023,05,14,18,18.0,63,Moderate,19.2,UG/M3,1 Hr,Valid
Banja Luka,PM2.5 - Principal,2023-05-14 07:00 PM,2023,05,14,19,18.7,65,Moderate,19.3,UG/M3,1 Hr,Valid
Banja Luka,PM2.5 - Principal,2023-05-14 08:00 PM,2023,05,14,20,21.7,71,Moderate,24.7,UG/M3,1 Hr,Valid
Banja Luka,PM2.5 - Principal,2023-05-14 09:00 PM,2023,05,14,21,22.4,73,Moderate,23.0,UG/M3,1 Hr,Valid
Banja Luka,PM2.5 - Principal,2023-05-14 10:00 PM,2023,05,14,22,23.5,75,Moderate,24.6,UG/M3,1 Hr,Valid
Banja Luka,PM2.5 - Principal,2023-05-14 11:00 PM,2023,05,14,23,26.2,81,Moderate,29.0,UG/M3,1 Hr,Valid
Banja Luka,PM2.5 - Principal,2023-05-15 12:00 AM,2023,05,15,00,30.1,89,Moderate,34.0,UG/M3,1 Hr,Valid
Banja Luka,PM2.5 - Principal,2023-05-15 01:00 AM,2023,05,15,01,30.6,90,Moderate,31.1,UG/M3,1 Hr,Valid
Banja Luka,PM2.5 - Principal,2023-05-15 02:00 AM,2023,05,15,02,25.4,79,Moderate,20.1,UG/M3,1 Hr,Valid
Banja Luka,PM2.5 - Principal,2023-05-15 03:00 AM,2023,05,15,03,20.2,68,Moderate,15.0,UG/M3,1 Hr,Valid
Banja Luka,PM2.5 - Principal,2023-05-15 04:00 AM,2023,05,15,04,15.1,57,Moderate,10.0,UG/M3,1 Hr,Valid
Banja Luka,PM2.5 - Principal,2023-05-15 05:00 AM,2023,05,15,05,10.6,44,Good,6.1,UG/M3,1 Hr,Valid
Banja Luka,PM2.5 - Principal,2023-05-15 06:00 AM,2023,05,15,06,6.8,28,Good,3.1,UG/M3,1 Hr,Valid
Banja Luka,PM2.5 - Principal,2023-05-15 07:00 AM,2023,05,15,07,4.8,20,Good,2.7,UG/M3,1 Hr,Valid
Banja Luka,PM2.5 - Principal,2023-05-15 08:00 AM,2023,05,15,08,4.7,20,Good,4.6,UG/M3,1 Hr,Valid
Banja Luka,PM2.5 - Principal,2023-05-15 09:00 AM,2023,05,15,09,5.9,25,Good,7.1,UG/M3,1 Hr,Valid
Banja Luka,PM2.5 - Principal,2023-05-15 10:00 AM,2023,05,15,10,9.3,39,Good,12.7,UG/M3,1 Hr,Valid
Banja Luka,PM2.5 - Principal,2023-05-15 11:00 AM,2023,05,15,11,8.7,36,Good,8.2,UG/M3,1 Hr,Valid
Banja Luka,PM2.5 - Principal,2023-05-15 12:00 PM,2023,05,15,12,8.5,35,Good,8.2,UG/M3,1 Hr,Valid
Banja Luka,PM2.5 - Principal,2023-05-15 01:00 PM,2023,05,15,13,7.9,33,Good,7.2,UG/M3,1 Hr,Valid
Banja Luka,PM2.5 - Principal,2023-05-15 02:00 PM,2023,05,15,14,6.9,29,Good,6.0,UG/M3,1 Hr,Valid
Banja Luka,PM2.5 - Principal,2023-05-15 03:00 PM,2023,05,15,15,6.2,26,Good,5.5,UG/M3,1 Hr,Valid
Banja Luka,PM2.5 - Principal,2023-05-15 04:00 PM,2023,05,15,16,5.5,23,Good,4.9,UG/M3,1 Hr,Valid
Banja Luka,PM2.5 - Principal,2023-05-15 05:00 PM,2023,05,15,17,5.4,23,Good,5.2,UG/M3,1 Hr,Valid
Banja Luka,PM2.5 - Principal,2023-05-15 06:00 PM,2023,05,15,18,5.2,22,Good,5.0,UG/M3,1 Hr,Valid
Banja Luka,PM2.5 - Principal,2023-05-15 07:00 PM,2023,05,15,19,5.1,21,Good,5.1,UG/M3,1 Hr,Valid
Banja Luka,PM2.5 - Principal,2023-05-15 08:00 PM,2023,05,15,20,5.5,23,Good,5.9,UG/M3,1 Hr,Valid
Banja Luka,PM2.5 - Principal,2023-05-15 09:00 PM,2023,05,15,21,6.8,28,Good,8.0,UG/M3,1 Hr,Valid
Banja Luka,PM2.5 - Principal,2023-05-15 10:00 PM,2023,05,15,22,7.7,32,Good,8.9,UG/M3,1 Hr,Valid
Banja Luka,PM2.5 - Principal,2023-05-15 11:00 PM,2023,05,15,23,8.1,34,Good,8.6,UG/M3,1 Hr,Valid
Banja Luka,PM2.5 - Principal,2023-05-16 12:00 AM,2023,05,16,00,10.7,45,Good,13.2,UG/M3,1 Hr,Valid
Banja Luka,PM2.5 - Principal,2023-05-16 01:00 AM,2023,05,16,01,11.0,46,Good,11.4,UG/M3,1 Hr,Valid
Banja Luka,PM2.5 - Principal,2023-05-16 02:00 AM,2023,05,16,02,8.9,37,Good,6.8,UG/M3,1 Hr,Valid
Banja Luka,PM2.5 - Principal,2023-05-16 03:00 AM,2023,05,16,03,8.0,33,Good,7.0,UG/M3,1 Hr,Valid
Banja Luka,PM2.5 - Principal,2023-05-16 04:00 AM,2023,05,16,04,7.1,30,Good,6.2,UG/M3,1 Hr,Valid
Banja Luka,PM2.5 - Principal,2023-05-16 05:00 AM,2023,05,16,05,6.1,25,Good,5.0,UG/M3,1 Hr,Valid
Banja Luka,PM2.5 - Principal,2023-05-16 06:00 AM,2023,05,16,06,5.0,21,Good,3.9,UG/M3,1 Hr,Valid
Banja Luka,PM2.5 - Principal,2023-05-16 07:00 AM,2023,05,16,07,5.0,21,Good,5.0,UG/M3,1 Hr,Valid
Banja Luka,PM2.5 - Principal,2023-05-16 08:00 AM,2023,05,16,08,5.1,21,Good,5.1,UG/M3,1 Hr,Valid
Banja Luka,PM2.5 - Principal,2023-05-16 09:00 AM,2023,05,16,09,5.6,23,Good,6.2,UG/M3,1 Hr,Valid
Banja Luka,PM2.5 - Principal,2023-05-16 10:00 AM,2023,05,16,10,7.1,30,Good,8.7,UG/M3,1 Hr,Valid
Banja Luka,PM2.5 - Principal,2023-05-16 11:00 AM,2023,05,16,11,10.5,44,Good,13.8,UG/M3,1 Hr,Valid
Banja Luka,PM2.5 - Principal,2023-05-16 12:00 PM,2023,05,16,12,13.4,54,Moderate,16.2,UG/M3,1 Hr,Valid
Banja Luka,PM2.5 - Principal,2023-05-16 01:00 PM,2023,05,16,13,13.5,54,Moderate,13.6,UG/M3,1 Hr,Valid
Banja Luka,PM2.5 - Principal,2023-05-16 02:00 PM,2023,05,16,14,13.6,54,Moderate,13.8,UG/M3,1 Hr,Valid
Banja Luka,PM2.5 - Principal,2023-05-16 03:00 PM,2023,05,16,15,13.1,53,Moderate,12.6,UG/M3,1 Hr,Valid
Banja Luka,PM2.5 - Principal,2023-05-16 04:00 PM,2023,05,16,16,15.6,58,Moderate,18.0,UG/M3,1 Hr,Valid
Banja Luka,PM2.5 - Principal,2023-05-16 05:00 PM,2023,05,16,17,18.4,64,Moderate,21.1,UG/M3,1 Hr,Valid
Banja Luka,PM2.5 - Principal,2023-05-16 06:00 PM,2023,05,16,18,18.9,65,Moderate,19.5,UG/M3,1 Hr,Valid
Banja Luka,PM2.5 - Principal,2023-05-16 07:00 PM,2023,05,16,19,16.4,60,Moderate,13.9,UG/M3,1 Hr,Valid
Banja Luka,PM2.5 - Principal,2023-05-16 08:00 PM,2023,05,16,20,14.9,57,Moderate,13.4,UG/M3,1 Hr,Valid
Banja Luka,PM2.5 - Principal,2023-05-16 09:00 PM,2023,05,16,21,15.8,59,Moderate,16.7,UG/M3,1 Hr,Valid
Banja Luka,PM2.5 - Principal,2023-05-16 10:00 PM,2023,05,16,22,17.6,63,Moderate,20.3,UG/M3,1 Hr,Valid
Banja Luka,PM2.5 - Principal,2023-05-16 11:00 PM,2023,05,16,23,21.5,71,Moderate,25.1,UG/M3,1 Hr,Valid
Banja Luka,PM2.5 - Principal,2023-05-17 12:00 AM,2023,05,17,00,27.4,83,Moderate,33.2,UG/M3,1 Hr,Valid
Banja Luka,PM2.5 - Principal,2023-05-17 01:00 AM,2023,05,17,01,24.4,77,Moderate,21.5,UG/M3,1 Hr,Valid
Banja Luka,PM2.5 - Principal,2023-05-17 02:00 AM,2023,05,17,02,24.6,77,Moderate,24.7,UG/M3,1 Hr,Valid
Banja Luka,PM2.5 - Principal,2023-05-17 03:00 AM,2023,05,17,03,21.0,70,Moderate,17.4,UG/M3,1 Hr,Valid
Banja Luka,PM2.5 - Principal,2023-05-17 04:00 AM,2023,05,17,04,14.9,57,Moderate,8.8,UG/M3,1 Hr,Valid
Banja Luka,PM2.5 - Principal,2023-05-17 05:00 AM,2023,05,17,05,11.2,47,Good,7.4,UG/M3,1 Hr,Valid
Banja Luka,PM2.5 - Principal,2023-05-17 06:00 AM,2023,05,17,06,9.4,39,Good,7.6,UG/M3,1 Hr,Valid
Banja Luka,PM2.5 - Principal,2023-05-17 07:00 AM,2023,05,17,07,8.3,35,Good,7.3,UG/M3,1 Hr,Valid
Banja Luka,PM2.5 - Principal,2023-05-17 08:00 AM,2023,05,17,08,7.4,31,Good,6.5,UG/M3,1 Hr,Valid
Banja Luka,PM2.5 - Principal,2023-05-17 09:00 AM,2023,05,17,09,7.6,32,Good,7.9,UG/M3,1 Hr,Valid
Banja Luka,PM2.5 - Principal,2023-05-17 10:00 AM,2023,05,17,10,8.1,34,Good,8.6,UG/M3,1 Hr,Valid
Banja Luka,PM2.5 - Principal,2023-05-17 11:00 AM,2023,05,17,11,8.5,35,Good,8.9,UG/M3,1 Hr,Valid
Banja Luka,PM2.5 - Principal,2023-05-17 12:00 PM,2023,05,17,12,8.3,35,Good,8.0,UG/M3,1 Hr,Valid
Banja Luka,PM2.5 - Principal,2023-05-17 01:00 PM,2023,05,17,13,9.0,38,Good,9.7,UG/M3,1 Hr,Valid
Banja Luka,PM2.5 - Principal,2023-05-17 02:00 PM,2023,05,17,14,10.0,42,Good,11.1,UG/M3,1 Hr,Valid
Banja Luka,PM2.5 - Principal,2023-05-17 03:00 PM,2023,05,17,15,11.6,48,Good,13.1,UG/M3,1 Hr,Valid
Banja Luka,PM2.5 - Principal,2023-05-17 04:00 PM,2023,05,17,16,9.5,40,Good,7.3,UG/M3,1 Hr,Valid
Banja Luka,PM2.5 - Principal,2023-05-17 05:00 PM,2023,05,17,17,8.4,35,Good,7.3,UG/M3,1 Hr,Valid
Banja Luka,PM2.5 - Principal,2023-05-17 06:00 PM,2023,05,17,18,8.2,34,Good,8.0,UG/M3,1 Hr,Valid
Banja Luka,PM2.5 - Principal,2023-05-17 07:00 PM,2023,05,17,19,8.9,37,Good,9.5,UG/M3,1 Hr,Valid
Banja Luka,PM2.5 - Principal,2023-05-17 08:00 PM,2023,05,17,20,9.2,38,Good,9.7,UG/M3,1 Hr,Valid
Banja Luka,PM2.5 - Principal,2023-05-17 09:00 PM,2023,05,17,21,10.0,42,Good,11.1,UG/M3,1 Hr,Valid
Banja Luka,PM2.5 - Principal,2023-05-17 10:00 PM,2023,05,17,22,9.7,40,Good,9.3,UG/M3,1 Hr,Valid
Banja Luka,PM2.5 - Principal,2023-05-17 11:00 PM,2023,05,17,23,10.6,44,Good,11.8,UG/M3,1 Hr,Valid
Banja Luka,PM2.5 - Principal,2023-05-18 12:00 AM,2023,05,18,00,9.4,39,Good,7.8,UG/M3,1 Hr,Valid
Banja Luka,PM2.5 - Principal,2023-05-18 01:00 AM,2023,05,18,01,9.3,39,Good,9.2,UG/M3,1 Hr,Valid
Banja Luka,PM2.5 - Principal,2023-05-18 02:00 AM,2023,05,18,02,9.2,38,Good,9.2,UG/M3,1 Hr,Valid
Banja Luka,PM2.5 - Principal,2023-05-18 03:00 AM,2023,05,18,03,7.3,30,Good,5.4,UG/M3,1 Hr,Valid
Banja Luka,PM2.5 - Principal,2023-05-18 04:00 AM,2023,05,18,04,6.6,28,Good,5.8,UG/M3,1 Hr,Valid
Banja Luka,PM2.5 - Principal,2023-05-18 05:00 AM,2023,05,18,05,6.4,27,Good,6.3,UG/M3,1 Hr,Valid
Banja Luka,PM2.5 - Principal,2023-05-18 06:00 AM,2023,05,18,06,6.6,28,Good,6.8,UG/M3,1 Hr,Valid
Banja Luka,PM2.5 - Principal,2023-05-18 07:00 AM,2023,05,18,07,7.8,33,Good,8.9,UG/M3,1 Hr,Valid
Banja Luka,PM2.5 - Principal,2023-05-18 08:00 AM,2023,05,18,08,6.2,26,Good,4.6,UG/M3,1 Hr,Valid
Banja Luka,PM2.5 - Principal,2023-05-18 09:00 AM,2023,05,18,09,5.7,24,Good,5.3,UG/M3,1 Hr,Valid
Banja Luka,PM2.5 - Principal,2023-05-18 10:00 AM,2023,05,18,10,6.6,28,Good,7.4,UG/M3,1 Hr,Valid
Banja Luka,PM2.5 - Principal,2023-05-18 11:00 AM,2023,05,18,11,8.5,35,Good,10.5,UG/M3,1 Hr,Valid
Banja Luka,PM2.5 - Principal,2023-05-18 12:00 PM,2023,05,18,12,9.5,40,Good,10.5,UG/M3,1 Hr,Valid
Banja Luka,PM2.5 - Principal,2023-05-18 01:00 PM,2023,05,18,13,10.0,42,Good,10.6,UG/M3,1 Hr,Valid
Banja Luka,PM2.5 - Principal,2023-05-18 02:00 PM,2023,05,18,14,11.2,47,Good,12.4,UG/M3,1 Hr,Valid
Banja Luka,PM2.5 - Principal,2023-05-18 03:00 PM,2023,05,18,15,12.0,50,Good,12.8,UG/M3,1 Hr,Valid
Banja Luka,PM2.5 - Principal,2023-05-18 04:00 PM,2023,05,18,16,12.4,52,Moderate,12.8,UG/M3,1 Hr,Valid
Banja Luka,PM2.5 - Principal,2023-05-18 05:00 PM,2023,05,18,17,13.7,54,Moderate,15.1,UG/M3,1 Hr,Valid
Banja Luka,PM2.5 - Principal,2023-05-18 06:00 PM,2023,05,18,18,13.1,53,Moderate,12.5,UG/M3,1 Hr,Valid
Banja Luka,PM2.5 - Principal,2023-05-18 07:00 PM,2023,05,18,19,13.4,54,Moderate,13.7,UG/M3,1 Hr,Valid
Banja Luka,PM2.5 - Principal,2023-05-18 08:00 PM,2023,05,18,20,15.5,58,Moderate,17.6,UG/M3,1 Hr,Valid
Banja Luka,PM2.5 - Principal,2023-05-18 09:00 PM,2023,05,18,21,15.4,58,Moderate,15.2,UG/M3,1 Hr,Valid
Banja Luka,PM2.5 - Principal,2023-05-18 10:00 PM,2023,05,18,22,15.4,58,Moderate,15.7,UG/M3,1 Hr,Valid
Banja Luka,PM2.5 - Principal,2023-05-18 11:00 PM,2023,05,18,23,15.3,58,Moderate,15.3,UG/M3,1 Hr,Valid
Banja Luka,PM2.5 - Principal,2023-05-19 12:00 AM,2023,05,19,00,16.5,60,Moderate,18.1,UG/M3,1 Hr,Valid
Banja Luka,PM2.5 - Principal,2023-05-19 01:00 AM,2023,05,19,01,21.7,71,Moderate,26.6,UG/M3,1 Hr,Valid
Banja Luka,PM2.5 - Principal,2023-05-19 02:00 AM,2023,05,19,02,17.6,63,Moderate,13.6,UG/M3,1 Hr,Valid
Banja Luka,PM2.5 - Principal,2023-05-19 03:00 AM,2023,05,19,03,15.6,58,Moderate,13.6,UG/M3,1 Hr,Valid
Banja Luka,PM2.5 - Principal,2023-05-19 04:00 AM,2023,05,19,04,14.6,56,Moderate,13.6,UG/M3,1 Hr,Valid
Banja Luka,PM2.5 - Principal,2023-05-19 05:00 AM,2023,05,19,05,13.0,53,Moderate,11.3,UG/M3,1 Hr,Valid
Banja Luka,PM2.5 - Principal,2023-05-19 06:00 AM,2023,05,19,06,12.1,51,Moderate,11.3,UG/M3,1 Hr,Valid
Banja Luka,PM2.5 - Principal,2023-05-19 07:00 AM,2023,05,19,07,11.5,48,Good,10.8,UG/M3,1 Hr,Valid
Banja Luka,PM2.5 - Principal,2023-05-19 08:00 AM,2023,05,19,08,11.1,46,Good,10.8,UG/M3,1 Hr,Valid
Banja Luka,PM2.5 - Principal,2023-05-19 09:00 AM,2023,05,19,09,13.8,55,Moderate,16.5,UG/M3,1 Hr,Valid
Banja Luka,PM2.5 - Principal,2023-05-19 10:00 AM,2023,05,19,10,14.8,57,Moderate,15.7,UG/M3,1 Hr,Valid
Banja Luka,PM2.5 - Principal,2023-05-19 11:00 AM,2023,05,19,11,14.8,57,Moderate,14.8,UG/M3,1 Hr,Valid
Banja Luka,PM2.5 - Principal,2023-05-19 12:00 PM,2023,05,19,12,12.2,51,Moderate,9.7,UG/M3,1 Hr,Valid
Banja Luka,PM2.5 - Principal,2023-05-19 01:00 PM,2023,05,19,13,10.1,42,Good,8.0,UG/M3,1 Hr,Valid
Banja Luka,PM2.5 - Principal,2023-05-19 02:00 PM,2023,05,19,14,10.0,42,Good,9.8,UG/M3,1 Hr,Valid
Banja Luka,PM2.5 - Principal,2023-05-19 03:00 PM,2023,05,19,15,10.5,44,Good,11.1,UG/M3,1 Hr,Valid
Banja Luka,PM2.5 - Principal,2023-05-19 04:00 PM,2023,05,19,16,12.3,51,Moderate,14.0,UG/M3,1 Hr,Valid
Banja Luka,PM2.5 - Principal,2023-05-19 05:00 PM,2023,05,19,17,13.4,54,Moderate,14.6,UG/M3,1 Hr,Valid
Banja Luka,PM2.5 - Principal,2023-05-19 06:00 PM,2023,05,19,18,14.3,56,Moderate,15.1,UG/M3,1 Hr,Valid
Banja Luka,PM2.5 - Principal,2023-05-19 07:00 PM,2023,05,19,19,13.2,53,Moderate,12.1,UG/M3,1 Hr,Valid
Banja Luka,PM2.5 - Principal,2023-05-19 08:00 PM,2023,05,19,20,12.8,52,Moderate,12.3,UG/M3,1 Hr,Valid
Banja Luka,PM2.5 - Principal,2023-05-19 09:00 PM,2023,05,19,21,12.5,52,Moderate,12.1,UG/M3,1 Hr,Valid
Banja Luka,PM2.5 - Principal,2023-05-19 10:00 PM,2023,05,19,22,13.3,54,Moderate,14.2,UG/M3,1 Hr,Valid
Banja Luka,PM2.5 - Principal,2023-05-19 11:00 PM,2023,05,19,23,13.7,54,Moderate,14.2,UG/M3,1 Hr,Valid
Banja Luka,PM2.5 - Principal,2023-05-20 12:00 AM,2023,05,20,00,13.5,54,Moderate,13.3,UG/M3,1 Hr,Valid
Banja Luka,PM2.5 - Principal,2023-05-20 01:00 AM,2023,05,20,01,27.6,84,Moderate,41.7,UG/M3,1 Hr,Valid
Banja Luka,PM2.5 - Principal,2023-05-20 02:00 AM,2023,05,20,02,23.6,75,Moderate,19.7,UG/M3,1 Hr,Valid
Banja Luka,PM2.5 - Principal,2023-05-20 03:00 AM,2023,05,20,03,21.4,71,Moderate,19.2,UG/M3,1 Hr,Valid
Banja Luka,PM2.5 - Principal,2023-05-20 04:00 AM,2023,05,20,04,22.5,73,Moderate,23.6,UG/M3,1 Hr,Valid
Banja Luka,PM2.5 - Principal,2023-05-20 05:00 AM,2023,05,20,05,21.6,71,Moderate,20.7,UG/M3,1 Hr,Valid
Banja Luka,PM2.5 - Principal,2023-05-20 06:00 AM,2023,05,20,06,20.4,68,Moderate,19.2,UG/M3,1 Hr,Valid
Banja Luka,PM2.5 - Principal,2023-05-20 07:00 AM,2023,05,20,07,19.1,66,Moderate,17.7,UG/M3,1 Hr,Valid
Banja Luka,PM2.5 - Principal,2023-05-20 08:00 AM,2023,05,20,08,18.8,65,Moderate,18.6,UG/M3,1 Hr,Valid
Banja Luka,PM2.5 - Principal,2023-05-20 09:00 AM,2023,05,20,09,20.4,68,Moderate,21.9,UG/M3,1 Hr,Valid
Banja Luka,PM2.5 - Principal,2023-05-20 10:00 AM,2023,05,20,10,22.3,72,Moderate,24.3,UG/M3,1 Hr,Valid
Banja Luka,PM2.5 - Principal,2023-05-20 11:00 AM,2023,05,20,11,21.8,71,Moderate,21.2,UG/M3,1 Hr,Valid
Banja Luka,PM2.5 - Principal,2023-05-20 12:00 PM,2023,05,20,12,21.5,71,Moderate,21.2,UG/M3,1 Hr,Valid
Banja Luka,PM2.5 - Principal,2023-05-20 01:00 PM,2023,05,20,13,25.4,79,Moderate,30.8,UG/M3,1 Hr,Valid
Banja Luka,PM2.5 - Principal,2023-05-20 02:00 PM,2023,05,20,14,26.7,82,Moderate,28.6,UG/M3,1 Hr,Valid
Banja Luka,PM2.5 - Principal,2023-05-20 03:00 PM,2023,05,20,15,27.0,82,Moderate,27.5,UG/M3,1 Hr,Valid
Banja Luka,PM2.5 - Principal,2023-05-20 04:00 PM,2023,05,20,16,24.5,77,Moderate,20.9,UG/M3,1 Hr,Valid
Banja Luka,PM2.5 - Principal,2023-05-20 05:00 PM,2023,05,20,17,22.7,73,Moderate,20.4,UG/M3,1 Hr,Valid
Banja Luka,PM2.5 - Principal,2023-05-20 06:00 PM,2023,05,20,18,20.2,68,Moderate,17.2,UG/M3,1 Hr,Valid
Banja Luka,PM2.5 - Principal,2023-05-20 07:00 PM,2023,05,20,19,19.0,66,Moderate,17.3,UG/M3,1 Hr,Valid
Banja Luka,PM2.5 - Principal,2023-05-20 08:00 PM,2023,05,20,20,17.1,62,Moderate,15.6,UG/M3,1 Hr,Valid
Banja Luka,PM2.5 - Principal,2023-05-20 09:00 PM,2023,05,20,21,16.4,60,Moderate,15.6,UG/M3,1 Hr,Valid
Banja Luka,PM2.5 - Principal,2023-05-20 10:00 PM,2023,05,20,22,21.6,71,Moderate,27.0,UG/M3,1 Hr,Valid
Banja Luka,PM2.5 - Principal,2023-05-20 11:00 PM,2023,05,20,23,24.2,76,Moderate,27.0,UG/M3,1 Hr,Valid
Banja Luka,PM2.5 - Principal,2023-05-21 12:00 AM,2023,05,21,00,28.7,86,Moderate,33.2,UG/M3,1 Hr,Valid
Banja Luka,PM2.5 - Principal,2023-05-21 01:00 AM,2023,05,21,01,32.3,93,Moderate,35.9,UG/M3,1 Hr,Valid
Banja Luka,PM2.5 - Principal,2023-05-21 02:00 AM,2023,05,21,02,31.6,92,Moderate,31.0,UG/M3,1 Hr,Valid
Banja Luka,PM2.5 - Principal,2023-05-21 03:00 AM,2023,05,21,03,33.2,95,Moderate,34.8,UG/M3,1 Hr,Valid
Banja Luka,PM2.5 - Principal,2023-05-21 04:00 AM,2023,05,21,04,28.1,85,Moderate,22.9,UG/M3,1 Hr,Valid
Banja Luka,PM2.5 - Principal,2023-05-21 05:00 AM,2023,05,21,05,25.3,79,Moderate,22.6,UG/M3,1 Hr,Valid
Banja Luka,PM2.5 - Principal,2023-05-21 06:00 AM,2023,05,21,06,24.0,76,Moderate,22.6,UG/M3,1 Hr,Valid
Banja Luka,PM2.5 - Principal,2023-05-21 07:00 AM,2023,05,21,07,20.9,70,Moderate,17.9,UG/M3,1 Hr,Valid
Banja Luka,PM2.5 - Principal,2023-05-21 08:00 AM,2023,05,21,08,19.8,67,Moderate,18.7,UG/M3,1 Hr,Valid
Banja Luka,PM2.5 - Principal,2023-05-21 09:00 AM,2023,05,21,09,18.2,64,Moderate,16.6,UG/M3,1 Hr,Valid
Banja Luka,PM2.5 - Principal,2023-05-21 10:00 AM,2023,05,21,10,17.7,63,Moderate,17.2,UG/M3,1 Hr,Valid
Banja Luka,PM2.5 - Principal,2023-05-21 11:00 AM,2023,05,21,11,15.8,59,Moderate,13.9,UG/M3,1 Hr,Valid
Banja Luka,PM2.5 - Principal,2023-05-21 12:00 PM,2023,05,21,12,15.5,58,Moderate,15.2,UG/M3,1 Hr,Valid
Banja Luka,PM2.5 - Principal,2023-05-21 01:00 PM,2023,05,21,13,14.8,57,Moderate,14.0,UG/M3,1 Hr,Valid
Banja Luka,PM2.5 - Principal,2023-05-21 02:00 PM,2023,05,21,14,13.8,55,Moderate,12.9,UG/M3,1 Hr,Valid
Banja Luka,PM2.5 - Principal,2023-05-21 03:00 PM,2023,05,21,15,13.4,54,Moderate,12.6,UG/M3,1 Hr,Valid
Banja Luka,PM2.5 - Principal,2023-05-21 04:00 PM,2023,05,21,16,13.0,53,Moderate,12.5,UG/M3,1 Hr,Valid
Banja Luka,PM2.5 - Principal,2023-05-21 05:00 PM,2023,05,21,17,12.3,51,Moderate,11.7,UG/M3,1 Hr,Valid
Banja Luka,PM2.5 - Principal,2023-05-21 06:00 PM,2023,05,21,18,12.2,51,Moderate,11.5,UG/M3,1 Hr,Valid
Banja Luka,PM2.5 - Principal,2023-05-21 07:00 PM,2023,05,21,19,10.8,45,Good,9.6,UG/M3,1 Hr,Valid
Banja Luka,PM2.5 - Principal,2023-05-21 08:00 PM,2023,05,21,20,11.1,46,Good,11.2,UG/M3,1 Hr,Valid
Banja Luka,PM2.5 - Principal,2023-05-21 09:00 PM,2023,05,21,21,12.1,51,Moderate,13.4,UG/M3,1 Hr,Valid
Banja Luka,PM2.5 - Principal,2023-05-21 10:00 PM,2023,05,21,22,12.5,52,Moderate,13.4,UG/M3,1 Hr,Valid
Banja Luka,PM2.5 - Principal,2023-05-21 11:00 PM,2023,05,21,23,12.3,51,Moderate,12.1,UG/M3,1 Hr,Valid
Banja Luka,PM2.5 - Principal,2023-05-22 12:00 AM,2023,05,22,00,15.8,59,Moderate,19.1,UG/M3,1 Hr,Valid
Banja Luka,PM2.5 - Principal,2023-05-22 01:00 AM,2023,05,22,01,19.3,66,Moderate,22.8,UG/M3,1 Hr,Valid
Banja Luka,PM2.5 - Principal,2023-05-22 02:00 AM,2023,05,22,02,19.3,66,Moderate,20.1,UG/M3,1 Hr,Invalid
Banja Luka,PM2.5 - Principal,2023-05-22 03:00 AM,2023,05,22,03,-999.0,-999,N/A,20.1,UG/M3,1 Hr,Invalid
Banja Luka,PM2.5 - Principal,2023-05-22 04:00 AM,2023,05,22,04,-999.0,-999,N/A,20.1,UG/M3,1 Hr,Invalid
Banja Luka,PM2.5 - Principal,2023-05-22 05:00 AM,2023,05,22,05,-999.0,-999,N/A,20.1,UG/M3,1 Hr,Invalid
Banja Luka,PM2.5 - Principal,2023-05-22 06:00 AM,2023,05,22,06,-999.0,-999,N/A,20.1,UG/M3,1 Hr,Invalid
Banja Luka,PM2.5 - Principal,2023-05-22 07:00 AM,2023,05,22,07,-999.0,-999,N/A,20.1,UG/M3,1 Hr,Invalid
Banja Luka,PM2.5 - Principal,2023-05-22 08:00 AM,2023,05,22,08,-999.0,-999,N/A,20.1,UG/M3,1 Hr,Invalid
Banja Luka,PM2.5 - Principal,2023-05-22 09:00 AM,2023,05,22,09,-999.0,-999,N/A,20.1,UG/M3,1 Hr,Invalid
Banja Luka,PM2.5 - Principal,2023-05-22 10:00 AM,2023,05,22,10,-999.0,-999,N/A,20.1,UG/M3,1 Hr,Invalid
Banja Luka,PM2.5 - Principal,2023-05-22 11:00 AM,2023,05,22,11,-999.0,-999,N/A,20.1,UG/M3,1 Hr,Invalid
Banja Luka,PM2.5 - Principal,2023-05-22 12:00 PM,2023,05,22,12,-999.0,-999,N/A,20.1,UG/M3,1 Hr,Invalid
Banja Luka,PM2.5 - Principal,2023-05-22 01:00 PM,2023,05,22,13,-999.0,-999,N/A,17.1,UG/M3,1 Hr,Valid
Banja Luka,PM2.5 - Principal,2023-05-22 02:00 PM,2023,05,22,14,15.8,59,Moderate,14.8,UG/M3,1 Hr,Valid
Banja Luka,PM2.5 - Principal,2023-05-22 03:00 PM,2023,05,22,15,14.2,55,Moderate,12.3,UG/M3,1 Hr,Valid
Banja Luka,PM2.5 - Principal,2023-05-22 04:00 PM,2023,05,22,16,13.7,54,Moderate,12.9,UG/M3,1 Hr,Valid
Banja Luka,PM2.5 - Principal,2023-05-22 05:00 PM,2023,05,22,17,13.2,53,Moderate,12.1,UG/M3,1 Hr,Valid
Banja Luka,PM2.5 - Principal,2023-05-22 06:00 PM,2023,05,22,18,12.5,52,Moderate,11.5,UG/M3,1 Hr,Valid
Banja Luka,PM2.5 - Principal,2023-05-22 07:00 PM,2023,05,22,19,12.3,51,Moderate,12.0,UG/M3,1 Hr,Valid
Banja Luka,PM2.5 - Principal,2023-05-22 08:00 PM,2023,05,22,20,11.9,50,Good,11.2,UG/M3,1 Hr,Valid
Banja Luka,PM2.5 - Principal,2023-05-22 09:00 PM,2023,05,22,21,11.7,49,Good,11.4,UG/M3,1 Hr,Valid
Banja Luka,PM2.5 - Principal,2023-05-22 10:00 PM,2023,05,22,22,11.8,49,Good,12.0,UG/M3,1 Hr,Valid
Banja Luka,PM2.5 - Principal,2023-05-22 11:00 PM,2023,05,22,23,16.1,59,Moderate,21.0,UG/M3,1 Hr,Valid
Banja Luka,PM2.5 - Principal,2023-05-23 12:00 AM,2023,05,23,00,17.4,62,Moderate,19.0,UG/M3,1 Hr,Valid
Banja Luka,PM2.5 - Principal,2023-05-23 01:00 AM,2023,05,23,01,17.4,62,Moderate,17.5,UG/M3,1 Hr,Valid
Banja Luka,PM2.5 - Principal,2023-05-23 02:00 AM,2023,05,23,02,14.9,57,Moderate,12.0,UG/M3,1 Hr,Valid
Banja Luka,PM2.5 - Principal,2023-05-23 03:00 AM,2023,05,23,03,13.4,54,Moderate,11.8,UG/M3,1 Hr,Valid
Banja Luka,PM2.5 - Principal,2023-05-23 04:00 AM,2023,05,23,04,12.7,52,Moderate,11.9,UG/M3,1 Hr,Valid
Banja Luka,PM2.5 - Principal,2023-05-23 05:00 AM,2023,05,23,05,12.5,52,Moderate,12.2,UG/M3,1 Hr,Valid
Banja Luka,PM2.5 - Principal,2023-05-23 06:00 AM,2023,05,23,06,13.5,54,Moderate,14.6,UG/M3,1 Hr,Valid
Banja Luka,PM2.5 - Principal,2023-05-23 07:00 AM,2023,05,23,07,12.4,52,Moderate,11.2,UG/M3,1 Hr,Valid
Banja Luka,PM2.5 - Principal,2023-05-23 08:00 AM,2023,05,23,08,11.9,50,Good,11.5,UG/M3,1 Hr,Valid
Banja Luka,PM2.5 - Principal,2023-05-23 09:00 AM,2023,05,23,09,11.3,47,Good,10.6,UG/M3,1 Hr,Valid
Banja Luka,PM2.5 - Principal,2023-05-23 10:00 AM,2023,05,23,10,11.9,50,Good,12.5,UG/M3,1 Hr,Valid
Banja Luka,PM2.5 - Principal,2023-05-23 11:00 AM,2023,05,23,11,11.6,48,Good,11.3,UG/M3,1 Hr,Valid
Banja Luka,PM2.5 - Principal,2023-05-23 12:00 PM,2023,05,23,12,11.5,48,Good,11.2,UG/M3,1 Hr,Valid
Banja Luka,PM2.5 - Principal,2023-05-23 01:00 PM,2023,05,23,13,12.1,51,Moderate,13.6,UG/M3,1 Hr,Valid
Banja Luka,PM2.5 - Principal,2023-05-23 02:00 PM,2023,05,23,14,12.1,51,Moderate,12.1,UG/M3,1 Hr,Valid
Banja Luka,PM2.5 - Principal,2023-05-23 03:00 PM,2023,05,23,15,12.1,51,Moderate,11.9,UG/M3,1 Hr,Valid
Banja Luka,PM2.5 - Principal,2023-05-23 04:00 PM,2023,05,23,16,11.5,48,Good,10.2,UG/M3,1 Hr,Valid
Banja Luka,PM2.5 - Principal,2023-05-23 05:00 PM,2023,05,23,17,10.8,45,Good,9.6,UG/M3,1 Hr,Valid
Banja Luka,PM2.5 - Principal,2023-05-23 06:00 PM,2023,05,23,18,10.4,43,Good,9.4,UG/M3,1 Hr,Valid
Banja Luka,PM2.5 - Principal,2023-05-23 07:00 PM,2023,05,23,19,10.0,42,Good,9.2,UG/M3,1 Hr,Valid
Banja Luka,PM2.5 - Principal,2023-05-23 08:00 PM,2023,05,23,20,10.0,42,Good,10.1,UG/M3,1 Hr,Valid
Banja Luka,PM2.5 - Principal,2023-05-23 09:00 PM,2023,05,23,21,10.3,43,Good,10.8,UG/M3,1 Hr,Valid
Banja Luka,PM2.5 - Principal,2023-05-23 10:00 PM,2023,05,23,22,11.4,48,Good,13.8,UG/M3,1 Hr,Valid
Banja Luka,PM2.5 - Principal,2023-05-23 11:00 PM,2023,05,23,23,16.0,59,Moderate,19.9,UG/M3,1 Hr,Valid
Banja Luka,PM2.5 - Principal,2023-05-24 12:00 AM,2023,05,24,00,18.2,64,Moderate,20.4,UG/M3,1 Hr,Valid
Banja Luka,PM2.5 - Principal,2023-05-24 01:00 AM,2023,05,24,01,18.8,65,Moderate,19.5,UG/M3,1 Hr,Valid
Banja Luka,PM2.5 - Principal,2023-05-24 02:00 AM,2023,05,24,02,17.7,63,Moderate,16.5,UG/M3,1 Hr,Valid
Banja Luka,PM2.5 - Principal,2023-05-24 03:00 AM,2023,05,24,03,17.6,63,Moderate,17.6,UG/M3,1 Hr,Valid
Banja Luka,PM2.5 - Principal,2023-05-24 04:00 AM,2023,05,24,04,15.1,57,Moderate,12.7,UG/M3,1 Hr,Valid
Banja Luka,PM2.5 - Principal,2023-05-24 05:00 AM,2023,05,24,05,14.1,55,Moderate,13.1,UG/M3,1 Hr,Valid
Banja Luka,PM2.5 - Principal,2023-05-24 06:00 AM,2023,05,24,06,13.5,54,Moderate,12.9,UG/M3,1 Hr,Valid
Banja Luka,PM2.5 - Principal,2023-05-24 07:00 AM,2023,05,24,07,12.8,52,Moderate,12.0,UG/M3,1 Hr,Valid
Banja Luka,PM2.5 - Principal,2023-05-24 08:00 AM,2023,05,24,08,12.5,52,Moderate,12.1,UG/M3,1 Hr,Valid
Banja Luka,PM2.5 - Principal,2023-05-24 09:00 AM,2023,05,24,09,12.0,50,Good,11.4,UG/M3,1 Hr,Valid
Banja Luka,PM2.5 - Principal,2023-05-24 10:00 AM,2023,05,24,10,11.5,48,Good,11.0,UG/M3,1 Hr,Valid
Banja Luka,PM2.5 - Principal,2023-05-24 11:00 AM,2023,05,24,11,10.3,43,Good,9.2,UG/M3,1 Hr,Valid
Banja Luka,PM2.5 - Principal,2023-05-24 12:00 PM,2023,05,24,12,9.4,39,Good,8.5,UG/M3,1 Hr,Valid
Banja Luka,PM2.5 - Principal,2023-05-24 01:00 PM,2023,05,24,13,9.7,40,Good,10.0,UG/M3,1 Hr,Valid
Banja Luka,PM2.5 - Principal,2023-05-24 02:00 PM,2023,05,24,14,10.1,42,Good,10.4,UG/M3,1 Hr,Valid
Banja Luka,PM2.5 - Principal,2023-05-24 03:00 PM,2023,05,24,15,10.0,42,Good,9.9,UG/M3,1 Hr,Valid
Banja Luka,PM2.5 - Principal,2023-05-24 04:00 PM,2023,05,24,16,9.8,41,Good,9.4,UG/M3,1 Hr,Valid
Banja Luka,PM2.5 - Principal,2023-05-24 05:00 PM,2023,05,24,17,10.0,42,Good,10.5,UG/M3,1 Hr,Valid
Banja Luka,PM2.5 - Principal,2023-05-24 06:00 PM,2023,05,24,18,10.0,42,Good,9.9,UG/M3,1 Hr,Valid
Banja Luka,PM2.5 - Principal,2023-05-24 07:00 PM,2023,05,24,19,10.0,42,Good,10.1,UG/M3,1 Hr,Valid
Banja Luka,PM2.5 - Principal,2023-05-24 08:00 PM,2023,05,24,20,9.7,40,Good,8.9,UG/M3,1 Hr,Valid
Banja Luka,PM2.5 - Principal,2023-05-24 09:00 PM,2023,05,24,21,9.6,40,Good,9.1,UG/M3,1 Hr,Valid
Banja Luka,PM2.5 - Principal,2023-05-24 10:00 PM,2023,05,24,22,9.3,39,Good,8.4,UG/M3,1 Hr,Valid
Banja Luka,PM2.5 - Principal,2023-05-24 11:00 PM,2023,05,24,23,9.2,38,Good,8.8,UG/M3,1 Hr,Valid
Banja Luka,PM2.5 - Principal,2023-05-25 12:00 AM,2023,05,25,00,9.4,39,Good,10.0,UG/M3,1 Hr,Valid
Banja Luka,PM2.5 - Principal,2023-05-25 01:00 AM,2023,05,25,01,10.0,42,Good,11.6,UG/M3,1 Hr,Valid
Banja Luka,PM2.5 - Principal,2023-05-25 02:00 AM,2023,05,25,02,9.9,41,Good,9.6,UG/M3,1 Hr,Valid
Banja Luka,PM2.5 - Principal,2023-05-25 03:00 AM,2023,05,25,03,9.9,41,Good,9.8,UG/M3,1 Hr,Valid
Banja Luka,PM2.5 - Principal,2023-05-25 04:00 AM,2023,05,25,04,9.1,38,Good,7.5,UG/M3,1 Hr,Valid
Banja Luka,PM2.5 - Principal,2023-05-25 05:00 AM,2023,05,25,05,8.4,35,Good,7.4,UG/M3,1 Hr,Valid
Banja Luka,PM2.5 - Principal,2023-05-25 06:00 AM,2023,05,25,06,8.3,35,Good,8.0,UG/M3,1 Hr,Valid
Banja Luka,PM2.5 - Principal,2023-05-25 07:00 AM,2023,05,25,07,8.1,34,Good,7.9,UG/M3,1 Hr,Valid
Banja Luka,PM2.5 - Principal,2023-05-25 08:00 AM,2023,05,25,08,8.0,33,Good,7.8,UG/M3,1 Hr,Valid
Banja Luka,PM2.5 - Principal,2023-05-25 09:00 AM,2023,05,25,09,7.9,33,Good,7.7,UG/M3,1 Hr,Valid
Banja Luka,PM2.5 - Principal,2023-05-25 10:00 AM,2023,05,25,10,8.8,37,Good,10.5,UG/M3,1 Hr,Valid
Banja Luka,PM2.5 - Principal,2023-05-25 11:00 AM,2023,05,25,11,9.4,39,Good,10.5,UG/M3,1 Hr,Valid
Banja Luka,PM2.5 - Principal,2023-05-25 12:00 PM,2023,05,25,12,9.1,38,Good,8.6,UG/M3,1 Hr,Valid
Banja Luka,PM2.5 - Principal,2023-05-25 01:00 PM,2023,05,25,13,8.8,37,Good,8.4,UG/M3,1 Hr,Valid
Banja Luka,PM2.5 - Principal,2023-05-25 02:00 PM,2023,05,25,14,8.5,35,Good,7.7,UG/M3,1 Hr,Valid
Banja Luka,PM2.5 - Principal,2023-05-25 03:00 PM,2023,05,25,15,8.2,34,Good,7.6,UG/M3,1 Hr,Valid
Banja Luka,PM2.5 - Principal,2023-05-25 04:00 PM,2023,05,25,16,8.0,33,Good,7.4,UG/M3,1 Hr,Valid
Banja Luka,PM2.5 - Principal,2023-05-25 05:00 PM,2023,05,25,17,7.8,33,Good,7.3,UG/M3,1 Hr,Valid
Banja Luka,PM2.5 - Principal,2023-05-25 06:00 PM,2023,05,25,18,7.7,32,Good,7.4,UG/M3,1 Hr,Valid
Banja Luka,PM2.5 - Principal,2023-05-25 07:00 PM,2023,05,25,19,7.7,32,Good,7.7,UG/M3,1 Hr,Valid
Banja Luka,PM2.5 - Principal,2023-05-25 08:00 PM,2023,05,25,20,7.8,33,Good,8.2,UG/M3,1 Hr,Valid
Banja Luka,PM2.5 - Principal,2023-05-25 09:00 PM,2023,05,25,21,8.1,34,Good,8.7,UG/M3,1 Hr,Valid
Banja Luka,PM2.5 - Principal,2023-05-25 10:00 PM,2023,05,25,22,8.7,36,Good,10.2,UG/M3,1 Hr,Valid
Banja Luka,PM2.5 - Principal,2023-05-25 11:00 PM,2023,05,25,23,10.8,45,Good,13.0,UG/M3,1 Hr,Valid
Banja Luka,PM2.5 - Principal,2023-05-26 12:00 AM,2023,05,26,00,11.3,47,Good,12.1,UG/M3,1 Hr,Valid
Banja Luka,PM2.5 - Principal,2023-05-26 01:00 AM,2023,05,26,01,10.8,45,Good,10.1,UG/M3,1 Hr,Valid
Banja Luka,PM2.5 - Principal,2023-05-26 02:00 AM,2023,05,26,02,10.3,43,Good,9.7,UG/M3,1 Hr,Valid
Banja Luka,PM2.5 - Principal,2023-05-26 03:00 AM,2023,05,26,03,9.8,41,Good,9.1,UG/M3,1 Hr,Valid
Banja Luka,PM2.5 - Principal,2023-05-26 04:00 AM,2023,05,26,04,9.4,39,Good,8.8,UG/M3,1 Hr,Valid
Banja Luka,PM2.5 - Principal,2023-05-26 05:00 AM,2023,05,26,05,9.0,38,Good,8.4,UG/M3,1 Hr,Valid
Banja Luka,PM2.5 - Principal,2023-05-26 06:00 AM,2023,05,26,06,8.9,37,Good,8.7,UG/M3,1 Hr,Valid
Banja Luka,PM2.5 - Principal,2023-05-26 07:00 AM,2023,05,26,07,8.8,37,Good,8.6,UG/M3,1 Hr,Valid
Banja Luka,PM2.5 - Principal,2023-05-26 08:00 AM,2023,05,26,08,9.2,38,Good,9.8,UG/M3,1 Hr,Valid
Banja Luka,PM2.5 - Principal,2023-05-26 09:00 AM,2023,05,26,09,9.7,40,Good,10.8,UG/M3,1 Hr,Valid
Banja Luka,PM2.5 - Principal,2023-05-26 10:00 AM,2023,05,26,10,10.1,42,Good,10.6,UG/M3,1 Hr,Valid
Banja Luka,PM2.5 - Principal,2023-05-26 11:00 AM,2023,05,26,11,10.3,43,Good,11.2,UG/M3,1 Hr,Valid
Banja Luka,PM2.5 - Principal,2023-05-26 12:00 PM,2023,05,26,12,11.1,46,Good,12.5,UG/M3,1 Hr,Valid
Banja Luka,PM2.5 - Principal,2023-05-26 01:00 PM,2023,05,26,13,11.4,48,Good,12.1,UG/M3,1 Hr,Valid
Banja Luka,PM2.5 - Principal,2023-05-26 02:00 PM,2023,05,26,14,12.0,50,Good,12.9,UG/M3,1 Hr,Valid
Banja Luka,PM2.5 - Principal,2023-05-26 03:00 PM,2023,05,26,15,11.8,49,Good,11.5,UG/M3,1 Hr,Valid
Banja Luka,PM2.5 - Principal,2023-05-26 04:00 PM,2023,05,26,16,11.4,48,Good,10.7,UG/M3,1 Hr,Valid
Banja Luka,PM2.5 - Principal,2023-05-26 05:00 PM,2023,05,26,17,11.3,47,Good,11.1,UG/M3,1 Hr,Valid
Banja Luka,PM2.5 - Principal,2023-05-26 06:00 PM,2023,05,26,18,11.1,46,Good,10.6,UG/M3,1 Hr,Valid
Banja Luka,PM2.5 - Principal,2023-05-26 07:00 PM,2023,05,26,19,11.0,46,Good,10.3,UG/M3,1 Hr,Valid
Banja Luka,PM2.5 - Principal,2023-05-26 08:00 PM,2023,05,26,20,10.8,45,Good,10.1,UG/M3,1 Hr,Valid
Banja Luka,PM2.5 - Principal,2023-05-26 09:00 PM,2023,05,26,21,10.7,45,Good,10.2,UG/M3,1 Hr,Valid
Banja Luka,PM2.5 - Principal,2023-05-26 10:00 PM,2023,05,26,22,8.8,37,Good,7.0,UG/M3,1 Hr,Valid
Banja Luka,PM2.5 - Principal,2023-05-26 11:00 PM,2023,05,26,23,7.7,32,Good,6.7,UG/M3,1 Hr,Valid
Banja Luka,PM2.5 - Principal,2023-05-27 12:00 AM,2023,05,27,00,7.6,32,Good,7.4,UG/M3,1 Hr,Valid
Banja Luka,PM2.5 - Principal,2023-05-27 01:00 AM,2023,05,27,01,6.8,28,Good,6.0,UG/M3,1 Hr,Valid
Banja Luka,PM2.5 - Principal,2023-05-27 02:00 AM,2023,05,27,02,6.6,28,Good,6.3,UG/M3,1 Hr,Valid
Banja Luka,PM2.5 - Principal,2023-05-27 03:00 AM,2023,05,27,03,6.4,27,Good,6.1,UG/M3,1 Hr,Valid
Banja Luka,PM2.5 - Principal,2023-05-27 04:00 AM,2023,05,27,04,6.4,27,Good,6.4,UG/M3,1 Hr,Valid
Banja Luka,PM2.5 - Principal,2023-05-27 05:00 AM,2023,05,27,05,6.1,25,Good,5.7,UG/M3,1 Hr,Valid
Banja Luka,PM2.5 - Principal,2023-05-27 06:00 AM,2023,05,27,06,5.9,25,Good,5.6,UG/M3,1 Hr,Valid
Banja Luka,PM2.5 - Principal,2023-05-27 07:00 AM,2023,05,27,07,5.4,23,Good,5.0,UG/M3,1 Hr,Valid
Banja Luka,PM2.5 - Principal,2023-05-27 08:00 AM,2023,05,27,08,5.5,23,Good,5.5,UG/M3,1 Hr,Valid
Banja Luka,PM2.5 - Principal,2023-05-27 09:00 AM,2023,05,27,09,6.0,25,Good,6.9,UG/M3,1 Hr,Valid
Banja Luka,PM2.5 - Principal,2023-05-27 10:00 AM,2023,05,27,10,8.1,34,Good,10.1,UG/M3,1 Hr,Valid
Banja Luka,PM2.5 - Principal,2023-05-27 11:00 AM,2023,05,27,11,10.1,42,Good,12.0,UG/M3,1 Hr,Valid
Banja Luka,PM2.5 - Principal,2023-05-27 12:00 PM,2023,05,27,12,11.5,48,Good,12.8,UG/M3,1 Hr,Valid
Banja Luka,PM2.5 - Principal,2023-05-27 01:00 PM,2023,05,27,13,12.5,52,Moderate,13.6,UG/M3,1 Hr,Valid
Banja Luka,PM2.5 - Principal,2023-05-27 02:00 PM,2023,05,27,14,13.3,54,Moderate,14.1,UG/M3,1 Hr,Valid
Banja Luka,PM2.5 - Principal,2023-05-27 03:00 PM,2023,05,27,15,13.7,54,Moderate,14.1,UG/M3,1 Hr,Valid
Banja Luka,PM2.5 - Principal,2023-05-27 04:00 PM,2023,05,27,16,14.2,55,Moderate,14.7,UG/M3,1 Hr,Valid
Banja Luka,PM2.5 - Principal,2023-05-27 05:00 PM,2023,05,27,17,14.4,56,Moderate,14.5,UG/M3,1 Hr,Valid
Banja Luka,PM2.5 - Principal,2023-05-27 06:00 PM,2023,05,27,18,14.6,56,Moderate,14.7,UG/M3,1 Hr,Valid
Banja Luka,PM2.5 - Principal,2023-05-27 07:00 PM,2023,05,27,19,13.3,54,Moderate,12.1,UG/M3,1 Hr,Valid
Banja Luka,PM2.5 - Principal,2023-05-27 08:00 PM,2023,05,27,20,12.5,52,Moderate,11.6,UG/M3,1 Hr,Valid
Banja Luka,PM2.5 - Principal,2023-05-27 09:00 PM,2023,05,27,21,12.8,52,Moderate,12.4,UG/M3,1 Hr,Valid
Banja Luka,PM2.5 - Principal,2023-05-27 10:00 PM,2023,05,27,22,12.9,53,Moderate,12.7,UG/M3,1 Hr,Valid
Banja Luka,PM2.5 - Principal,2023-05-27 11:00 PM,2023,05,27,23,13.4,54,Moderate,15.1,UG/M3,1 Hr,Valid
Banja Luka,PM2.5 - Principal,2023-05-28 12:00 AM,2023,05,28,00,13.3,54,Moderate,12.6,UG/M3,1 Hr,Valid
Banja Luka,PM2.5 - Principal,2023-05-28 01:00 AM,2023,05,28,01,14.4,56,Moderate,17.0,UG/M3,1 Hr,Valid
Banja Luka,PM2.5 - Principal,2023-05-28 02:00 AM,2023,05,28,02,14.1,55,Moderate,13.5,UG/M3,1 Hr,Valid
Banja Luka,PM2.5 - Principal,2023-05-28 03:00 AM,2023,05,28,03,13.6,54,Moderate,12.5,UG/M3,1 Hr,Valid
Banja Luka,PM2.5 - Principal,2023-05-28 04:00 AM,2023,05,28,04,13.3,54,Moderate,12.5,UG/M3,1 Hr,Valid
Banja Luka,PM2.5 - Principal,2023-05-28 05:00 AM,2023,05,28,05,12.8,52,Moderate,11.9,UG/M3,1 Hr,Valid
Banja Luka,PM2.5 - Principal,2023-05-28 06:00 AM,2023,05,28,06,11.6,48,Good,10.1,UG/M3,1 Hr,Valid
Banja Luka,PM2.5 - Principal,2023-05-28 07:00 AM,2023,05,28,07,10.0,42,Good,8.6,UG/M3,1 Hr,Valid
Banja Luka,PM2.5 - Principal,2023-05-28 08:00 AM,2023,05,28,08,10.0,42,Good,10.0,UG/M3,1 Hr,Valid
Banja Luka,PM2.5 - Principal,2023-05-28 09:00 AM,2023,05,28,09,9.3,39,Good,8.6,UG/M3,1 Hr,Valid
Banja Luka,PM2.5 - Principal,2023-05-28 10:00 AM,2023,05,28,10,8.3,35,Good,7.4,UG/M3,1 Hr,Valid
Banja Luka,PM2.5 - Principal,2023-05-28 11:00 AM,2023,05,28,11,8.2,34,Good,8.1,UG/M3,1 Hr,Valid
Banja Luka,PM2.5 - Principal,2023-05-28 12:00 PM,2023,05,28,12,8.9,37,Good,9.6,UG/M3,1 Hr,Valid
Banja Luka,PM2.5 - Principal,2023-05-28 01:00 PM,2023,05,28,13,9.9,41,Good,11.1,UG/M3,1 Hr,Valid
Banja Luka,PM2.5 - Principal,2023-05-28 02:00 PM,2023,05,28,14,10.4,43,Good,11.4,UG/M3,1 Hr,Valid
Banja Luka,PM2.5 - Principal,2023-05-28 03:00 PM,2023,05,28,15,10.7,45,Good,11.0,UG/M3,1 Hr,Valid
Banja Luka,PM2.5 - Principal,2023-05-28 04:00 PM,2023,05,28,16,10.5,44,Good,10.4,UG/M3,1 Hr,Valid
Banja Luka,PM2.5 - Principal,2023-05-28 05:00 PM,2023,05,28,17,10.4,43,Good,10.2,UG/M3,1 Hr,Valid
Banja Luka,PM2.5 - Principal,2023-05-28 06:00 PM,2023,05,28,18,10.5,44,Good,10.9,UG/M3,1 Hr,Valid
Banja Luka,PM2.5 - Principal,2023-05-28 07:00 PM,2023,05,28,19,10.5,44,Good,10.5,UG/M3,1 Hr,Valid
Banja Luka,PM2.5 - Principal,2023-05-28 08:00 PM,2023,05,28,20,10.1,42,Good,9.4,UG/M3,1 Hr,Valid
Banja Luka,PM2.5 - Principal,2023-05-28 09:00 PM,2023,05,28,21,10.1,42,Good,10.1,UG/M3,1 Hr,Valid
Banja Luka,PM2.5 - Principal,2023-05-28 10:00 PM,2023,05,28,22,10.2,43,Good,10.3,UG/M3,1 Hr,Valid
Banja Luka,PM2.5 - Principal,2023-05-28 11:00 PM,2023,05,28,23,10.6,44,Good,12.0,UG/M3,1 Hr,Valid
Banja Luka,PM2.5 - Principal,2023-05-29 12:00 AM,2023,05,29,00,12.2,51,Moderate,14.7,UG/M3,1 Hr,Valid
Banja Luka,PM2.5 - Principal,2023-05-29 01:00 AM,2023,05,29,01,13.2,53,Moderate,14.9,UG/M3,1 Hr,Valid
Banja Luka,PM2.5 - Principal,2023-05-29 02:00 AM,2023,05,29,02,12.8,52,Moderate,12.0,UG/M3,1 Hr,Valid
Banja Luka,PM2.5 - Principal,2023-05-29 03:00 AM,2023,05,29,03,13.1,53,Moderate,13.6,UG/M3,1 Hr,Valid
Banja Luka,PM2.5 - Principal,2023-05-29 04:00 AM,2023,05,29,04,12.8,52,Moderate,12.3,UG/M3,1 Hr,Valid
Banja Luka,PM2.5 - Principal,2023-05-29 05:00 AM,2023,05,29,05,12.6,52,Moderate,12.1,UG/M3,1 Hr,Valid
Banja Luka,PM2.5 - Principal,2023-05-29 06:00 AM,2023,05,29,06,12.3,51,Moderate,11.8,UG/M3,1 Hr,Valid
Banja Luka,PM2.5 - Principal,2023-05-29 07:00 AM,2023,05,29,07,11.3,47,Good,9.6,UG/M3,1 Hr,Valid
Banja Luka,PM2.5 - Principal,2023-05-29 08:00 AM,2023,05,29,08,9.6,40,Good,8.0,UG/M3,1 Hr,Valid
Banja Luka,PM2.5 - Principal,2023-05-29 09:00 AM,2023,05,29,09,9.4,39,Good,9.0,UG/M3,1 Hr,Valid
Banja Luka,PM2.5 - Principal,2023-05-29 10:00 AM,2023,05,29,10,9.1,38,Good,8.9,UG/M3,1 Hr,Valid
Banja Luka,PM2.5 - Principal,2023-05-29 11:00 AM,2023,05,29,11,9.4,39,Good,9.7,UG/M3,1 Hr,Valid
Banja Luka,PM2.5 - Principal,2023-05-29 12:00 PM,2023,05,29,12,9.4,39,Good,9.5,UG/M3,1 Hr,Valid
Banja Luka,PM2.5 - Principal,2023-05-29 01:00 PM,2023,05,29,13,9.4,39,Good,9.4,UG/M3,1 Hr,Valid
Banja Luka,PM2.5 - Principal,2023-05-29 02:00 PM,2023,05,29,14,9.0,38,Good,8.4,UG/M3,1 Hr,Valid
Banja Luka,PM2.5 - Principal,2023-05-29 03:00 PM,2023,05,29,15,8.5,35,Good,7.6,UG/M3,1 Hr,Valid
Banja Luka,PM2.5 - Principal,2023-05-29 04:00 PM,2023,05,29,16,8.5,35,Good,8.5,UG/M3,1 Hr,Valid
Banja Luka,PM2.5 - Principal,2023-05-29 05:00 PM,2023,05,29,17,8.6,36,Good,8.9,UG/M3,1 Hr,Valid
Banja Luka,PM2.5 - Principal,2023-05-29 06:00 PM,2023,05,29,18,8.6,36,Good,8.3,UG/M3,1 Hr,Valid
Banja Luka,PM2.5 - Principal,2023-05-29 07:00 PM,2023,05,29,19,8.5,35,Good,8.2,UG/M3,1 Hr,Valid
Banja Luka,PM2.5 - Principal,2023-05-29 08:00 PM,2023,05,29,20,8.5,35,Good,8.4,UG/M3,1 Hr,Valid
Banja Luka,PM2.5 - Principal,2023-05-29 09:00 PM,2023,05,29,21,8.7,36,Good,9.4,UG/M3,1 Hr,Valid
Banja Luka,PM2.5 - Principal,2023-05-29 10:00 PM,2023,05,29,22,9.1,38,Good,10.1,UG/M3,1 Hr,Valid
Banja Luka,PM2.5 - Principal,2023-05-29 11:00 PM,2023,05,29,23,8.7,36,Good,7.5,UG/M3,1 Hr,Valid
Banja Luka,PM2.5 - Principal,2023-05-30 12:00 AM,2023,05,30,00,8.2,34,Good,7.2,UG/M3,1 Hr,Valid
Banja Luka,PM2.5 - Principal,2023-05-30 01:00 AM,2023,05,30,01,8.0,33,Good,7.4,UG/M3,1 Hr,Valid
Banja Luka,PM2.5 - Principal,2023-05-30 02:00 AM,2023,05,30,02,8.2,34,Good,8.6,UG/M3,1 Hr,Valid
Banja Luka,PM2.5 - Principal,2023-05-30 03:00 AM,2023,05,30,03,8.2,34,Good,8.4,UG/M3,1 Hr,Valid
Banja Luka,PM2.5 - Principal,2023-05-30 04:00 AM,2023,05,30,04,8.4,35,Good,8.9,UG/M3,1 Hr,Valid
Banja Luka,PM2.5 - Principal,2023-05-30 05:00 AM,2023,05,30,05,8.5,35,Good,8.6,UG/M3,1 Hr,Valid
Banja Luka,PM2.5 - Principal,2023-05-30 06:00 AM,2023,05,30,06,8.8,37,Good,9.6,UG/M3,1 Hr,Valid
Banja Luka,PM2.5 - Principal,2023-05-30 07:00 AM,2023,05,30,07,9.2,38,Good,10.0,UG/M3,1 Hr,Valid
Banja Luka,PM2.5 - Principal,2023-05-30 08:00 AM,2023,05,30,08,9.7,40,Good,10.7,UG/M3,1 Hr,Valid
Banja Luka,PM2.5 - Principal,2023-05-30 09:00 AM,2023,05,30,09,10.3,43,Good,11.2,UG/M3,1 Hr,Valid
Banja Luka,PM2.5 - Principal,2023-05-30 10:00 AM,2023,05,30,10,10.4,43,Good,10.6,UG/M3,1 Hr,Valid
Banja Luka,PM2.5 - Principal,2023-05-30 11:00 AM,2023,05,30,11,10.4,43,Good,10.3,UG/M3,1 Hr,Valid
Banja Luka,PM2.5 - Principal,2023-05-30 12:00 PM,2023,05,30,12,10.2,43,Good,9.9,UG/M3,1 Hr,Valid
Banja Luka,PM2.5 - Principal,2023-05-30 01:00 PM,2023,05,30,13,10.2,43,Good,10.1,UG/M3,1 Hr,Valid
Banja Luka,PM2.5 - Principal,2023-05-30 02:00 PM,2023,05,30,14,10.6,44,Good,11.7,UG/M3,1 Hr,Valid
Banja Luka,PM2.5 - Principal,2023-05-30 03:00 PM,2023,05,30,15,12.2,51,Moderate,14.2,UG/M3,1 Hr,Valid
Banja Luka,PM2.5 - Principal,2023-05-30 04:00 PM,2023,05,30,16,13.2,53,Moderate,14.6,UG/M3,1 Hr,Valid
Banja Luka,PM2.5 - Principal,2023-05-30 05:00 PM,2023,05,30,17,12.3,51,Moderate,11.1,UG/M3,1 Hr,Valid
Banja Luka,PM2.5 - Principal,2023-05-30 06:00 PM,2023,05,30,18,10.6,44,Good,8.3,UG/M3,1 Hr,Valid
Banja Luka,PM2.5 - Principal,2023-05-30 07:00 PM,2023,05,30,19,9.7,40,Good,8.6,UG/M3,1 Hr,Valid
Banja Luka,PM2.5 - Principal,2023-05-30 08:00 PM,2023,05,30,20,8.2,34,Good,6.9,UG/M3,1 Hr,Valid
Banja Luka,PM2.5 - Principal,2023-05-30 09:00 PM,2023,05,30,21,7.4,31,Good,6.5,UG/M3,1 Hr,Valid
Banja Luka,PM2.5 - Principal,2023-05-30 10:00 PM,2023,05,30,22,6.9,29,Good,6.5,UG/M3,1 Hr,Valid
Banja Luka,PM2.5 - Principal,2023-05-30 11:00 PM,2023,05,30,23,7.0,29,Good,7.0,UG/M3,1 Hr,Valid
Banja Luka,PM2.5 - Principal,2023-05-31 12:00 AM,2023,05,31,00,7.1,30,Good,7.2,UG/M3,1 Hr,Valid
Banja Luka,PM2.5 - Principal,2023-05-31 01:00 AM,2023,05,31,01,7.6,32,Good,8.1,UG/M3,1 Hr,Valid
Banja Luka,PM2.5 - Principal,2023-05-31 02:00 AM,2023,05,31,02,7.0,29,Good,6.3,UG/M3,1 Hr,Valid
Banja Luka,PM2.5 - Principal,2023-05-31 03:00 AM,2023,05,31,03,6.2,26,Good,5.3,UG/M3,1 Hr,Valid
Banja Luka,PM2.5 - Principal,2023-05-31 04:00 AM,2023,05,31,04,6.2,26,Good,6.2,UG/M3,1 Hr,Valid
Banja Luka,PM2.5 - Principal,2023-05-31 05:00 AM,2023,05,31,05,6.6,28,Good,7.1,UG/M3,1 Hr,Valid
Banja Luka,PM2.5 - Principal,2023-05-31 06:00 AM,2023,05,31,06,6.2,26,Good,5.6,UG/M3,1 Hr,Valid
Banja Luka,PM2.5 - Principal,2023-05-31 07:00 AM,2023,05,31,07,5.3,22,Good,4.3,UG/M3,1 Hr,Valid
Banja Luka,PM2.5 - Principal,2023-05-31 08:00 AM,2023,05,31,08,5.1,21,Good,5.0,UG/M3,1 Hr,Valid
Banja Luka,PM2.5 - Principal,2023-05-31 09:00 AM,2023,05,31,09,5.3,22,Good,5.4,UG/M3,1 Hr,Valid
Banja Luka,PM2.5 - Principal,2023-05-31 10:00 AM,2023,05,31,10,4.9,20,Good,4.5,UG/M3,1 Hr,Valid
Banja Luka,PM2.5 - Principal,2023-05-31 11:00 AM,2023,05,31,11,4.8,20,Good,4.7,UG/M3,1 Hr,Valid
Banja Luka,PM2.5 - Principal,2023-05-31 12:00 PM,2023,05,31,12,5.1,21,Good,5.4,UG/M3,1 Hr,Valid
Banja Luka,PM2.5 - Principal,2023-05-31 01:00 PM,2023,05,31,13,5.6,23,Good,6.3,UG/M3,1 Hr,Valid
Banja Luka,PM2.5 - Principal,2023-05-31 02:00 PM,2023,05,31,14,6.0,25,Good,6.7,UG/M3,1 Hr,Valid
Banja Luka,PM2.5 - Principal,2023-05-31 03:00 PM,2023,05,31,15,5.9,25,Good,5.8,UG/M3,1 Hr,Valid
Banja Luka,PM2.5 - Principal,2023-05-31 04:00 PM,2023,05,31,16,5.9,25,Good,6.0,UG/M3,1 Hr,Valid
Banja Luka,PM2.5 - Principal,2023-05-31 05:00 PM,2023,05,31,17,5.9,25,Good,6.0,UG/M3,1 Hr,Valid
Banja Luka,PM2.5 - Principal,2023-05-31 06:00 PM,2023,05,31,18,5.6,23,Good,5.1,UG/M3,1 Hr,Valid
Banja Luka,PM2.5 - Principal,2023-05-31 07:00 PM,2023,05,31,19,5.8,24,Good,6.1,UG/M3,1 Hr,Valid
Banja Luka,PM2.5 - Principal,2023-05-31 08:00 PM,2023,05,31,20,7.6,32,Good,9.3,UG/M3,1 Hr,Valid
Banja Luka,PM2.5 - Principal,2023-05-31 09:00 PM,2023,05,31,21,7.6,32,Good,7.7,UG/M3,1 Hr,Valid
Banja Luka,PM2.5 - Principal,2023-05-31 10:00 PM,2023,05,31,22,8.5,35,Good,9.4,UG/M3,1 Hr,Valid
Banja Luka,PM2.5 - Principal,2023-05-31 11:00 PM,2023,05,31,23,8.9,37,Good,9.5,UG/M3,1 Hr,Valid
Banja Luka,PM2.5 - Principal,2023-06-01 12:00 AM,2023,06,01,00,10.1,42,Good,11.3,UG/M3,1 Hr,Valid
Banja Luka,PM2.5 - Principal,2023-06-01 01:00 AM,2023,06,01,01,9.4,39,Good,8.6,UG/M3,1 Hr,Valid
Banja Luka,PM2.5 - Principal,2023-06-01 02:00 AM,2023,06,01,02,9.5,40,Good,9.5,UG/M3,1 Hr,Valid
Banja Luka,PM2.5 - Principal,2023-06-01 03:00 AM,2023,06,01,03,9.9,41,Good,10.4,UG/M3,1 Hr,Valid
Banja Luka,PM2.5 - Principal,2023-06-01 04:00 AM,2023,06,01,04,10.7,45,Good,11.4,UG/M3,1 Hr,Valid
Banja Luka,PM2.5 - Principal,2023-06-01 05:00 AM,2023,06,01,05,11.1,46,Good,11.4,UG/M3,1 Hr,Valid
Banja Luka,PM2.5 - Principal,2023-06-01 06:00 AM,2023,06,01,06,11.1,46,Good,11.1,UG/M3,1 Hr,Valid
Banja Luka,PM2.5 - Principal,2023-06-01 07:00 AM,2023,06,01,07,10.9,45,Good,11.1,UG/M3,1 Hr,Valid
Banja Luka,PM2.5 - Principal,2023-06-01 08:00 AM,2023,06,01,08,11.5,48,Good,12.3,UG/M3,1 Hr,Valid
Banja Luka,PM2.5 - Principal,2023-06-01 09:00 AM,2023,06,01,09,11.6,48,Good,12.2,UG/M3,1 Hr,Valid
Banja Luka,PM2.5 - Principal,2023-06-01 10:00 AM,2023,06,01,10,11.3,47,Good,10.5,UG/M3,1 Hr,Valid
Banja Luka,PM2.5 - Principal,2023-06-01 11:00 AM,2023,06,01,11,11.0,46,Good,10.4,UG/M3,1 Hr,Valid
Banja Luka,PM2.5 - Principal,2023-06-01 12:00 PM,2023,06,01,12,11.2,47,Good,11.7,UG/M3,1 Hr,Valid
Banja Luka,PM2.5 - Principal,2023-06-01 01:00 PM,2023,06,01,13,11.9,50,Good,13.4,UG/M3,1 Hr,Valid
Banja Luka,PM2.5 - Principal,2023-06-01 02:00 PM,2023,06,01,14,12.3,51,Moderate,13.8,UG/M3,1 Hr,Valid
Banja Luka,PM2.5 - Principal,2023-06-01 03:00 PM,2023,06,01,15,12.7,52,Moderate,13.8,UG/M3,1 Hr,Valid
Banja Luka,PM2.5 - Principal,2023-06-01 04:00 PM,2023,06,01,16,12.7,52,Moderate,12.6,UG/M3,1 Hr,Valid
Banja Luka,PM2.5 - Principal,2023-06-01 05:00 PM,2023,06,01,17,12.4,52,Moderate,11.3,UG/M3,1 Hr,Valid
Banja Luka,PM2.5 - Principal,2023-06-01 06:00 PM,2023,06,01,18,12.3,51,Moderate,12.0,UG/M3,1 Hr,Valid
Banja Luka,PM2.5 - Principal,2023-06-01 07:00 PM,2023,06,01,19,12.1,51,Moderate,11.4,UG/M3,1 Hr,Valid
Banja Luka,PM2.5 - Principal,2023-06-01 08:00 PM,2023,06,01,20,11.8,49,Good,10.8,UG/M3,1 Hr,Valid
Banja Luka,PM2.5 - Principal,2023-06-01 09:00 PM,2023,06,01,21,11.5,48,Good,10.7,UG/M3,1 Hr,Valid
Banja Luka,PM2.5 - Principal,2023-06-01 10:00 PM,2023,06,01,22,11.4,48,Good,11.3,UG/M3,1 Hr,Valid
Banja Luka,PM2.5 - Principal,2023-06-01 11:00 PM,2023,06,01,23,11.8,49,Good,12.8,UG/M3,1 Hr,Valid
Banja Luka,PM2.5 - Principal,2023-06-02 12:00 AM,2023,06,02,00,12.4,52,Moderate,14.1,UG/M3,1 Hr,Valid
Banja Luka,PM2.5 - Principal,2023-06-02 01:00 AM,2023,06,02,01,13.4,54,Moderate,15.3,UG/M3,1 Hr,Valid
Banja Luka,PM2.5 - Principal,2023-06-02 02:00 AM,2023,06,02,02,14.8,57,Moderate,16.9,UG/M3,1 Hr,Valid
Banja Luka,PM2.5 - Principal,2023-06-02 03:00 AM,2023,06,02,03,15.6,58,Moderate,16.9,UG/M3,1 Hr,Valid
Banja Luka,PM2.5 - Principal,2023-06-02 04:00 AM,2023,06,02,04,14.8,57,Moderate,13.5,UG/M3,1 Hr,Valid
Banja Luka,PM2.5 - Principal,2023-06-02 05:00 AM,2023,06,02,05,14.6,56,Moderate,14.2,UG/M3,1 Hr,Valid
Banja Luka,PM2.5 - Principal,2023-06-02 06:00 AM,2023,06,02,06,14.3,56,Moderate,13.8,UG/M3,1 Hr,Valid
Banja Luka,PM2.5 - Principal,2023-06-02 07:00 AM,2023,06,02,07,14.0,55,Moderate,13.6,UG/M3,1 Hr,Valid
Banja Luka,PM2.5 - Principal,2023-06-02 08:00 AM,2023,06,02,08,13.9,55,Moderate,13.5,UG/M3,1 Hr,Valid
Banja Luka,PM2.5 - Principal,2023-06-02 09:00 AM,2023,06,02,09,13.8,55,Moderate,13.5,UG/M3,1 Hr,Valid
Banja Luka,PM2.5 - Principal,2023-06-02 10:00 AM,2023,06,02,10,13.9,55,Moderate,13.8,UG/M3,1 Hr,Valid
Banja Luka,PM2.5 - Principal,2023-06-02 11:00 AM,2023,06,02,11,13.0,53,Moderate,11.3,UG/M3,1 Hr,Valid
Banja Luka,PM2.5 - Principal,2023-06-02 12:00 PM,2023,06,02,12,13.1,53,Moderate,13.4,UG/M3,1 Hr,Valid
Banja Luka,PM2.5 - Principal,2023-06-02 01:00 PM,2023,06,02,13,13.2,53,Moderate,13.3,UG/M3,1 Hr,Valid
Banja Luka,PM2.5 - Principal,2023-06-02 02:00 PM,2023,06,02,14,13.3,54,Moderate,13.6,UG/M3,1 Hr,Valid
Banja Luka,PM2.5 - Principal,2023-06-02 03:00 PM,2023,06,02,15,14.2,55,Moderate,16.2,UG/M3,1 Hr,Valid
Banja Luka,PM2.5 - Principal,2023-06-02 04:00 PM,2023,06,02,16,16.8,61,Moderate,19.7,UG/M3,1 Hr,Valid
Banja Luka,PM2.5 - Principal,2023-06-02 05:00 PM,2023,06,02,17,18.6,65,Moderate,20.6,UG/M3,1 Hr,Valid
Banja Luka,PM2.5 - Principal,2023-06-02 06:00 PM,2023,06,02,18,18.5,64,Moderate,18.5,UG/M3,1 Hr,Valid
Banja Luka,PM2.5 - Principal,2023-06-02 07:00 PM,2023,06,02,19,19.8,67,Moderate,21.2,UG/M3,1 Hr,Valid
Banja Luka,PM2.5 - Principal,2023-06-02 08:00 PM,2023,06,02,20,20.5,69,Moderate,21.3,UG/M3,1 Hr,Valid
Banja Luka,PM2.5 - Principal,2023-06-02 09:00 PM,2023,06,02,21,20.9,70,Moderate,21.3,UG/M3,1 Hr,Valid
Banja Luka,PM2.5 - Principal,2023-06-02 10:00 PM,2023,06,02,22,21.1,70,Moderate,21.3,UG/M3,1 Hr,Valid
Banja Luka,PM2.5 - Principal,2023-06-02 11:00 PM,2023,06,02,23,21.4,71,Moderate,22.1,UG/M3,1 Hr,Valid
Banja Luka,PM2.5 - Principal,2023-06-03 12:00 AM,2023,06,03,00,21.6,71,Moderate,21.8,UG/M3,1 Hr,Valid
Banja Luka,PM2.5 - Principal,2023-06-03 01:00 AM,2023,06,03,01,21.0,70,Moderate,20.2,UG/M3,1 Hr,Valid
Banja Luka,PM2.5 - Principal,2023-06-03 02:00 AM,2023,06,03,02,20.8,69,Moderate,20.2,UG/M3,1 Hr,Valid
Banja Luka,PM2.5 - Principal,2023-06-03 03:00 AM,2023,06,03,03,20.2,68,Moderate,17.8,UG/M3,1 Hr,Valid
Banja Luka,PM2.5 - Principal,2023-06-03 04:00 AM,2023,06,03,04,19.4,66,Moderate,17.0,UG/M3,1 Hr,Valid
Banja Luka,PM2.5 - Principal,2023-06-03 05:00 AM,2023,06,03,05,19.0,66,Moderate,17.7,UG/M3,1 Hr,Valid
Banja Luka,PM2.5 - Principal,2023-06-03 06:00 AM,2023,06,03,06,18.8,65,Moderate,18.4,UG/M3,1 Hr,Valid
Banja Luka,PM2.5 - Principal,2023-06-03 07:00 AM,2023,06,03,07,17.3,62,Moderate,14.9,UG/M3,1 Hr,Valid
Banja Luka,PM2.5 - Principal,2023-06-03 08:00 AM,2023,06,03,08,16.5,60,Moderate,14.9,UG/M3,1 Hr,Valid
Banja Luka,PM2.5 - Principal,2023-06-03 09:00 AM,2023,06,03,09,15.6,58,Moderate,14.3,UG/M3,1 Hr,Valid
Banja Luka,PM2.5 - Principal,2023-06-03 10:00 AM,2023,06,03,10,13.7,54,Moderate,12.0,UG/M3,1 Hr,Valid
Banja Luka,PM2.5 - Principal,2023-06-03 11:00 AM,2023,06,03,11,12.5,52,Moderate,11.3,UG/M3,1 Hr,Valid
Banja Luka,PM2.5 - Principal,2023-06-03 12:00 PM,2023,06,03,12,12.1,51,Moderate,11.3,UG/M3,1 Hr,Valid
Banja Luka,PM2.5 - Principal,2023-06-03 01:00 PM,2023,06,03,13,11.9,50,Good,11.6,UG/M3,1 Hr,Valid
Banja Luka,PM2.5 - Principal,2023-06-03 02:00 PM,2023,06,03,14,12.5,52,Moderate,13.2,UG/M3,1 Hr,Valid
Banja Luka,PM2.5 - Principal,2023-06-03 03:00 PM,2023,06,03,15,12.9,53,Moderate,13.5,UG/M3,1 Hr,Valid
Banja Luka,PM2.5 - Principal,2023-06-03 04:00 PM,2023,06,03,16,13.1,53,Moderate,13.5,UG/M3,1 Hr,Valid
Banja Luka,PM2.5 - Principal,2023-06-03 05:00 PM,2023,06,03,17,13.5,54,Moderate,14.2,UG/M3,1 Hr,Valid
Banja Luka,PM2.5 - Principal,2023-06-03 06:00 PM,2023,06,03,18,13.1,53,Moderate,12.7,UG/M3,1 Hr,Valid
Banja Luka,PM2.5 - Principal,2023-06-03 07:00 PM,2023,06,03,19,12.6,52,Moderate,11.3,UG/M3,1 Hr,Valid
Banja Luka,PM2.5 - Principal,2023-06-03 08:00 PM,2023,06,03,20,12.3,51,Moderate,11.2,UG/M3,1 Hr,Valid
Banja Luka,PM2.5 - Principal,2023-06-03 09:00 PM,2023,06,03,21,11.9,50,Good,11.0,UG/M3,1 Hr,Valid
Banja Luka,PM2.5 - Principal,2023-06-03 10:00 PM,2023,06,03,22,11.8,49,Good,11.2,UG/M3,1 Hr,Valid
Banja Luka,PM2.5 - Principal,2023-06-03 11:00 PM,2023,06,03,23,11.9,50,Good,12.4,UG/M3,1 Hr,Valid
Banja Luka,PM2.5 - Principal,2023-06-04 12:00 AM,2023,06,04,00,12.1,51,Moderate,12.4,UG/M3,1 Hr,Valid
Banja Luka,PM2.5 - Principal,2023-06-04 01:00 AM,2023,06,04,01,13.3,54,Moderate,15.9,UG/M3,1 Hr,Valid
Banja Luka,PM2.5 - Principal,2023-06-04 02:00 AM,2023,06,04,02,13.4,54,Moderate,13.6,UG/M3,1 Hr,Valid
Banja Luka,PM2.5 - Principal,2023-06-04 03:00 AM,2023,06,04,03,13.8,55,Moderate,14.6,UG/M3,1 Hr,Valid
Banja Luka,PM2.5 - Principal,2023-06-04 04:00 AM,2023,06,04,04,14.0,55,Moderate,14.6,UG/M3,1 Hr,Valid
Banja Luka,PM2.5 - Principal,2023-06-04 05:00 AM,2023,06,04,05,14.2,55,Moderate,14.6,UG/M3,1 Hr,Valid
Banja Luka,PM2.5 - Principal,2023-06-04 06:00 AM,2023,06,04,06,14.1,55,Moderate,13.8,UG/M3,1 Hr,Valid
Banja Luka,PM2.5 - Principal,2023-06-04 07:00 AM,2023,06,04,07,14.0,55,Moderate,13.8,UG/M3,1 Hr,Valid
Banja Luka,PM2.5 - Principal,2023-06-04 08:00 AM,2023,06,04,08,13.8,55,Moderate,13.2,UG/M3,1 Hr,Valid
Banja Luka,PM2.5 - Principal,2023-06-04 09:00 AM,2023,06,04,09,13.8,55,Moderate,13.7,UG/M3,1 Hr,Valid
Banja Luka,PM2.5 - Principal,2023-06-04 10:00 AM,2023,06,04,10,13.8,55,Moderate,13.7,UG/M3,1 Hr,Valid
Banja Luka,PM2.5 - Principal,2023-06-04 11:00 AM,2023,06,04,11,13.9,55,Moderate,14.3,UG/M3,1 Hr,Valid
Banja Luka,PM2.5 - Principal,2023-06-04 12:00 PM,2023,06,04,12,14.2,55,Moderate,15.0,UG/M3,1 Hr,Valid
Banja Luka,PM2.5 - Principal,2023-06-04 01:00 PM,2023,06,04,13,14.3,56,Moderate,15.4,UG/M3,1 Hr,Valid
Banja Luka,PM2.5 - Principal,2023-06-04 02:00 PM,2023,06,04,14,14.6,56,Moderate,15.5,UG/M3,1 Hr,Valid
Banja Luka,PM2.5 - Principal,2023-06-04 03:00 PM,2023,06,04,15,14.6,56,Moderate,14.7,UG/M3,1 Hr,Valid
Banja Luka,PM2.5 - Principal,2023-06-04 04:00 PM,2023,06,04,16,14.6,56,Moderate,14.7,UG/M3,1 Hr,Valid
Banja Luka,PM2.5 - Principal,2023-06-04 05:00 PM,2023,06,04,17,15.1,57,Moderate,16.6,UG/M3,1 Hr,Valid
Banja Luka,PM2.5 - Principal,2023-06-04 06:00 PM,2023,06,04,18,15.2,58,Moderate,15.5,UG/M3,1 Hr,Valid
Banja Luka,PM2.5 - Principal,2023-06-04 07:00 PM,2023,06,04,19,11.4,48,Good,7.2,UG/M3,1 Hr,Valid
Banja Luka,PM2.5 - Principal,2023-06-04 08:00 PM,2023,06,04,20,10.2,43,Good,8.9,UG/M3,1 Hr,Valid
Banja Luka,PM2.5 - Principal,2023-06-04 09:00 PM,2023,06,04,21,9.6,40,Good,8.9,UG/M3,1 Hr,Valid
Banja Luka,PM2.5 - Principal,2023-06-04 10:00 PM,2023,06,04,22,8.9,37,Good,8.2,UG/M3,1 Hr,Valid
Banja Luka,PM2.5 - Principal,2023-06-04 11:00 PM,2023,06,04,23,8.5,35,Good,8.2,UG/M3,1 Hr,Valid
Banja Luka,PM2.5 - Principal,2023-06-05 12:00 AM,2023,06,05,00,8.3,35,Good,8.0,UG/M3,1 Hr,Valid
Banja Luka,PM2.5 - Principal,2023-06-05 01:00 AM,2023,06,05,01,8.6,36,Good,8.8,UG/M3,1 Hr,Valid
Banja Luka,PM2.5 - Principal,2023-06-05 02:00 AM,2023,06,05,02,8.2,34,Good,7.8,UG/M3,1 Hr,Valid
Banja Luka,PM2.5 - Principal,2023-06-05 03:00 AM,2023,06,05,03,8.3,35,Good,8.5,UG/M3,1 Hr,Valid
Banja Luka,PM2.5 - Principal,2023-06-05 04:00 AM,2023,06,05,04,8.7,36,Good,9.0,UG/M3,1 Hr,Valid
Banja Luka,PM2.5 - Principal,2023-06-05 05:00 AM,2023,06,05,05,8.1,34,Good,7.6,UG/M3,1 Hr,Valid
Banja Luka,PM2.5 - Principal,2023-06-05 06:00 AM,2023,06,05,06,8.1,34,Good,7.6,UG/M3,1 Hr,Valid
Banja Luka,PM2.5 - Principal,2023-06-05 07:00 AM,2023,06,05,07,8.1,34,Good,7.6,UG/M3,1 Hr,Valid
Banja Luka,PM2.5 - Principal,2023-06-05 08:00 AM,2023,06,05,08,8.3,35,Good,9.3,UG/M3,1 Hr,Valid
Banja Luka,PM2.5 - Principal,2023-06-05 09:00 AM,2023,06,05,09,8.5,35,Good,9.3,UG/M3,1 Hr,Valid
Banja Luka,PM2.5 - Principal,2023-06-05 10:00 AM,2023,06,05,10,8.4,35,Good,8.2,UG/M3,1 Hr,Valid
Banja Luka,PM2.5 - Principal,2023-06-05 11:00 AM,2023,06,05,11,8.4,35,Good,8.5,UG/M3,1 Hr,Valid
Banja Luka,PM2.5 - Principal,2023-06-05 12:00 PM,2023,06,05,12,8.5,35,Good,8.7,UG/M3,1 Hr,Valid
Banja Luka,PM2.5 - Principal,2023-06-05 01:00 PM,2023,06,05,13,8.2,34,Good,7.2,UG/M3,1 Hr,Valid
Banja Luka,PM2.5 - Principal,2023-06-05 02:00 PM,2023,06,05,14,8.0,33,Good,7.2,UG/M3,1 Hr,Valid
Banja Luka,PM2.5 - Principal,2023-06-05 03:00 PM,2023,06,05,15,7.9,33,Good,7.5,UG/M3,1 Hr,Valid
Banja Luka,PM2.5 - Principal,2023-06-05 04:00 PM,2023,06,05,16,7.8,33,Good,7.5,UG/M3,1 Hr,Valid
Banja Luka,PM2.5 - Principal,2023-06-05 05:00 PM,2023,06,05,17,7.7,32,Good,7.4,UG/M3,1 Hr,Valid
Banja Luka,PM2.5 - Principal,2023-06-05 06:00 PM,2023,06,05,18,7.8,33,Good,8.2,UG/M3,1 Hr,Valid
Banja Luka,PM2.5 - Principal,2023-06-05 07:00 PM,2023,06,05,19,8.1,34,Good,8.8,UG/M3,1 Hr,Valid
Banja Luka,PM2.5 - Principal,2023-06-05 08:00 PM,2023,06,05,20,9.1,38,Good,10.9,UG/M3,1 Hr,Valid
Banja Luka,PM2.5 - Principal,2023-06-05 09:00 PM,2023,06,05,21,10.3,43,Good,12.0,UG/M3,1 Hr,Valid
Banja Luka,PM2.5 - Principal,2023-06-05 10:00 PM,2023,06,05,22,10.7,45,Good,11.3,UG/M3,1 Hr,Valid
Banja Luka,PM2.5 - Principal,2023-06-05 11:00 PM,2023,06,05,23,13.8,55,Moderate,16.6,UG/M3,1 Hr,Valid
Banja Luka,PM2.5 - Principal,2023-06-06 12:00 AM,2023,06,06,00,15.2,58,Moderate,16.6,UG/M3,1 Hr,Valid
Banja Luka,PM2.5 - Principal,2023-06-06 01:00 AM,2023,06,06,01,17.4,62,Moderate,19.6,UG/M3,1 Hr,Valid
Banja Luka,PM2.5 - Principal,2023-06-06 02:00 AM,2023,06,06,02,16.9,61,Moderate,16.4,UG/M3,1 Hr,Valid
Banja Luka,PM2.5 - Principal,2023-06-06 03:00 AM,2023,06,06,03,17.6,63,Moderate,18.3,UG/M3,1 Hr,Valid
Banja Luka,PM2.5 - Principal,2023-06-06 04:00 AM,2023,06,06,04,17.8,63,Moderate,18.0,UG/M3,1 Hr,Valid
Banja Luka,PM2.5 - Principal,2023-06-06 05:00 AM,2023,06,06,05,17.9,63,Moderate,18.0,UG/M3,1 Hr,Valid
Banja Luka,PM2.5 - Principal,2023-06-06 06:00 AM,2023,06,06,06,14.3,56,Moderate,10.7,UG/M3,1 Hr,Valid
Banja Luka,PM2.5 - Principal,2023-06-06 07:00 AM,2023,06,06,07,11.8,49,Good,9.3,UG/M3,1 Hr,Valid
Banja Luka,PM2.5 - Principal,2023-06-06 08:00 AM,2023,06,06,08,10.2,43,Good,8.7,UG/M3,1 Hr,Valid
Banja Luka,PM2.5 - Principal,2023-06-06 09:00 AM,2023,06,06,09,10.2,43,Good,10.1,UG/M3,1 Hr,Valid
Banja Luka,PM2.5 - Principal,2023-06-06 10:00 AM,2023,06,06,10,10.1,42,Good,10.1,UG/M3,1 Hr,Valid
Banja Luka,PM2.5 - Principal,2023-06-06 11:00 AM,2023,06,06,11,11.9,50,Good,13.6,UG/M3,1 Hr,Valid
Banja Luka,PM2.5 - Principal,2023-06-06 12:00 PM,2023,06,06,12,12.7,52,Moderate,13.6,UG/M3,1 Hr,Valid
Banja Luka,PM2.5 - Principal,2023-06-06 01:00 PM,2023,06,06,13,13.2,53,Moderate,13.6,UG/M3,1 Hr,Valid
Banja Luka,PM2.5 - Principal,2023-06-06 02:00 PM,2023,06,06,14,13.2,53,Moderate,12.0,UG/M3,1 Hr,Invalid
Banja Luka,PM2.5 - Principal,2023-06-06 03:00 PM,2023,06,06,15,-999.0,-999,N/A,12.0,UG/M3,1 Hr,Invalid
Banja Luka,PM2.5 - Principal,2023-06-06 04:00 PM,2023,06,06,16,-999.0,-999,N/A,12.0,UG/M3,1 Hr,Invalid
Banja Luka,PM2.5 - Principal,2023-06-06 05:00 PM,2023,06,06,17,-999.0,-999,N/A,12.0,UG/M3,1 Hr,Invalid
Banja Luka,PM2.5 - Principal,2023-06-06 06:00 PM,2023,06,06,18,-999.0,-999,N/A,12.0,UG/M3,1 Hr,Invalid
Banja Luka,PM2.5 - Principal,2023-06-06 07:00 PM,2023,06,06,19,-999.0,-999,N/A,5.4,UG/M3,1 Hr,Valid
Banja Luka,PM2.5 - Principal,2023-06-06 08:00 PM,2023,06,06,20,6.5,27,Good,7.0,UG/M3,1 Hr,Valid
Banja Luka,PM2.5 - Principal,2023-06-06 09:00 PM,2023,06,06,21,6.5,27,Good,-999.0,UG/M3,1 Hr,Missing
Banja Luka,PM2.5 - Principal,2023-06-09 03:00 PM,2023,06,09,15,-999.0,-999,N/A,6.5,UG/M3,1 Hr,Valid
Banja Luka,PM2.5 - Principal,2023-06-09 04:00 PM,2023,06,09,16,6.8,28,Good,7.1,UG/M3,1 Hr,Valid
Banja Luka,PM2.5 - Principal,2023-06-09 05:00 PM,2023,06,09,17,6.9,29,Good,6.9,UG/M3,1 Hr,Valid
Banja Luka,PM2.5 - Principal,2023-06-09 06:00 PM,2023,06,09,18,6.9,29,Good,6.8,UG/M3,1 Hr,Valid
Banja Luka,PM2.5 - Principal,2023-06-09 07:00 PM,2023,06,09,19,6.9,29,Good,7.1,UG/M3,1 Hr,Valid
Banja Luka,PM2.5 - Principal,2023-06-09 08:00 PM,2023,06,09,20,7.1,30,Good,7.7,UG/M3,1 Hr,Valid
Banja Luka,PM2.5 - Principal,2023-06-09 09:00 PM,2023,06,09,21,7.0,29,Good,6.7,UG/M3,1 Hr,Valid
Banja Luka,PM2.5 - Principal,2023-06-09 10:00 PM,2023,06,09,22,7.0,29,Good,6.8,UG/M3,1 Hr,Valid
Banja Luka,PM2.5 - Principal,2023-06-09 11:00 PM,2023,06,09,23,6.8,28,Good,6.1,UG/M3,1 Hr,Valid
Banja Luka,PM2.5 - Principal,2023-06-10 12:00 AM,2023,06,10,00,6.6,28,Good,6.1,UG/M3,1 Hr,Valid
Banja Luka,PM2.5 - Principal,2023-06-10 01:00 AM,2023,06,10,01,6.8,28,Good,7.3,UG/M3,1 Hr,Valid
Banja Luka,PM2.5 - Principal,2023-06-10 02:00 AM,2023,06,10,02,6.8,28,Good,6.8,UG/M3,1 Hr,Valid
Banja Luka,PM2.5 - Principal,2023-06-10 03:00 AM,2023,06,10,03,6.7,28,Good,6.4,UG/M3,1 Hr,Valid
Banja Luka,PM2.5 - Principal,2023-06-10 04:00 AM,2023,06,10,04,6.6,28,Good,6.1,UG/M3,1 Hr,Valid
Banja Luka,PM2.5 - Principal,2023-06-10 05:00 AM,2023,06,10,05,6.4,27,Good,6.0,UG/M3,1 Hr,Valid
Banja Luka,PM2.5 - Principal,2023-06-10 06:00 AM,2023,06,10,06,6.3,26,Good,5.9,UG/M3,1 Hr,Valid
Banja Luka,PM2.5 - Principal,2023-06-10 07:00 AM,2023,06,10,07,6.4,27,Good,7.0,UG/M3,1 Hr,Valid
Banja Luka,PM2.5 - Principal,2023-06-10 08:00 AM,2023,06,10,08,6.3,26,Good,5.9,UG/M3,1 Hr,Valid
Banja Luka,PM2.5 - Principal,2023-06-10 09:00 AM,2023,06,10,09,6.2,26,Good,5.8,UG/M3,1 Hr,Valid
Banja Luka,PM2.5 - Principal,2023-06-10 10:00 AM,2023,06,10,10,6.1,25,Good,5.8,UG/M3,1 Hr,Valid
Banja Luka,PM2.5 - Principal,2023-06-10 11:00 AM,2023,06,10,11,6.0,25,Good,5.8,UG/M3,1 Hr,Valid
Banja Luka,PM2.5 - Principal,2023-06-10 12:00 PM,2023,06,10,12,6.3,26,Good,7.3,UG/M3,1 Hr,Valid
Banja Luka,PM2.5 - Principal,2023-06-10 01:00 PM,2023,06,10,13,6.8,28,Good,8.0,UG/M3,1 Hr,Valid
Banja Luka,PM2.5 - Principal,2023-06-10 02:00 PM,2023,06,10,14,7.4,31,Good,8.4,UG/M3,1 Hr,Valid
Banja Luka,PM2.5 - Principal,2023-06-10 03:00 PM,2023,06,10,15,7.5,31,Good,7.7,UG/M3,1 Hr,Valid
Banja Luka,PM2.5 - Principal,2023-06-10 04:00 PM,2023,06,10,16,7.2,30,Good,6.6,UG/M3,1 Hr,Valid
Banja Luka,PM2.5 - Principal,2023-06-10 05:00 PM,2023,06,10,17,7.1,30,Good,6.8,UG/M3,1 Hr,Valid
Banja Luka,PM2.5 - Principal,2023-06-10 06:00 PM,2023,06,10,18,7.7,32,Good,8.8,UG/M3,1 Hr,Valid
Banja Luka,PM2.5 - Principal,2023-06-10 07:00 PM,2023,06,10,19,7.7,32,Good,7.7,UG/M3,1 Hr,Valid
Banja Luka,PM2.5 - Principal,2023-06-10 08:00 PM,2023,06,10,20,7.5,31,Good,7.1,UG/M3,1 Hr,Valid
Banja Luka,PM2.5 - Principal,2023-06-10 09:00 PM,2023,06,10,21,6.7,28,Good,5.5,UG/M3,1 Hr,Valid
Banja Luka,PM2.5 - Principal,2023-06-10 10:00 PM,2023,06,10,22,6.1,25,Good,5.2,UG/M3,1 Hr,Valid
Banja Luka,PM2.5 - Principal,2023-06-10 11:00 PM,2023,06,10,23,5.9,25,Good,5.7,UG/M3,1 Hr,Valid
Banja Luka,PM2.5 - Principal,2023-06-11 12:00 AM,2023,06,11,00,6.1,25,Good,6.4,UG/M3,1 Hr,Valid
Banja Luka,PM2.5 - Principal,2023-06-11 01:00 AM,2023,06,11,01,6.1,25,Good,6.0,UG/M3,1 Hr,Valid
Banja Luka,PM2.5 - Principal,2023-06-11 02:00 AM,2023,06,11,02,6.0,25,Good,5.9,UG/M3,1 Hr,Valid
Banja Luka,PM2.5 - Principal,2023-06-11 03:00 AM,2023,06,11,03,5.9,25,Good,5.8,UG/M3,1 Hr,Valid
Banja Luka,PM2.5 - Principal,2023-06-11 04:00 AM,2023,06,11,04,5.8,24,Good,5.5,UG/M3,1 Hr,Valid
Banja Luka,PM2.5 - Principal,2023-06-11 05:00 AM,2023,06,11,05,6.1,25,Good,6.5,UG/M3,1 Hr,Valid
Banja Luka,PM2.5 - Principal,2023-06-11 06:00 AM,2023,06,11,06,6.0,25,Good,5.9,UG/M3,1 Hr,Valid
Banja Luka,PM2.5 - Principal,2023-06-11 07:00 AM,2023,06,11,07,6.0,25,Good,6.1,UG/M3,1 Hr,Valid
Banja Luka,PM2.5 - Principal,2023-06-11 08:00 AM,2023,06,11,08,5.9,25,Good,5.9,UG/M3,1 Hr,Valid
Banja Luka,PM2.5 - Principal,2023-06-11 09:00 AM,2023,06,11,09,6.0,25,Good,6.3,UG/M3,1 Hr,Valid
Banja Luka,PM2.5 - Principal,2023-06-11 10:00 AM,2023,06,11,10,6.1,25,Good,6.3,UG/M3,1 Hr,Valid
Banja Luka,PM2.5 - Principal,2023-06-11 11:00 AM,2023,06,11,11,6.2,26,Good,6.5,UG/M3,1 Hr,Valid
Banja Luka,PM2.5 - Principal,2023-06-11 12:00 PM,2023,06,11,12,6.4,27,Good,6.9,UG/M3,1 Hr,Valid
Banja Luka,PM2.5 - Principal,2023-06-11 01:00 PM,2023,06,11,13,6.1,25,Good,5.2,UG/M3,1 Hr,Valid
Banja Luka,PM2.5 - Principal,2023-06-11 02:00 PM,2023,06,11,14,5.9,25,Good,5.4,UG/M3,1 Hr,Valid
Banja Luka,PM2.5 - Principal,2023-06-11 03:00 PM,2023,06,11,15,6.0,25,Good,6.0,UG/M3,1 Hr,Valid
Banja Luka,PM2.5 - Principal,2023-06-11 04:00 PM,2023,06,11,16,5.7,24,Good,5.0,UG/M3,1 Hr,Valid
Banja Luka,PM2.5 - Principal,2023-06-11 05:00 PM,2023,06,11,17,5.1,21,Good,4.3,UG/M3,1 Hr,Valid
Banja Luka,PM2.5 - Principal,2023-06-11 06:00 PM,2023,06,11,18,5.3,22,Good,5.7,UG/M3,1 Hr,Valid
Banja Luka,PM2.5 - Principal,2023-06-11 07:00 PM,2023,06,11,19,5.7,24,Good,6.2,UG/M3,1 Hr,Valid
Banja Luka,PM2.5 - Principal,2023-06-11 08:00 PM,2023,06,11,20,5.6,23,Good,5.5,UG/M3,1 Hr,Valid
Banja Luka,PM2.5 - Principal,2023-06-11 09:00 PM,2023,06,11,21,5.9,25,Good,6.4,UG/M3,1 Hr,Valid
Banja Luka,PM2.5 - Principal,2023-06-11 10:00 PM,2023,06,11,22,5.8,24,Good,5.7,UG/M3,1 Hr,Valid
Banja Luka,PM2.5 - Principal,2023-06-11 11:00 PM,2023,06,11,23,6.0,25,Good,6.3,UG/M3,1 Hr,Valid
Banja Luka,PM2.5 - Principal,2023-06-12 12:00 AM,2023,06,12,00,6.1,25,Good,6.4,UG/M3,1 Hr,Valid
Banja Luka,PM2.5 - Principal,2023-06-12 01:00 AM,2023,06,12,01,6.2,26,Good,6.5,UG/M3,1 Hr,Valid
Banja Luka,PM2.5 - Principal,2023-06-12 02:00 AM,2023,06,12,02,6.0,25,Good,5.4,UG/M3,1 Hr,Valid
Banja Luka,PM2.5 - Principal,2023-06-12 03:00 AM,2023,06,12,03,5.0,21,Good,3.7,UG/M3,1 Hr,Valid
Banja Luka,PM2.5 - Principal,2023-06-12 04:00 AM,2023,06,12,04,4.5,19,Good,3.8,UG/M3,1 Hr,Valid
Banja Luka,PM2.5 - Principal,2023-06-12 05:00 AM,2023,06,12,05,4.0,17,Good,3.6,UG/M3,1 Hr,Valid
Banja Luka,PM2.5 - Principal,2023-06-12 06:00 AM,2023,06,12,06,4.3,18,Good,4.5,UG/M3,1 Hr,Valid
Banja Luka,PM2.5 - Principal,2023-06-12 07:00 AM,2023,06,12,07,4.9,20,Good,5.7,UG/M3,1 Hr,Valid
Banja Luka,PM2.5 - Principal,2023-06-12 08:00 AM,2023,06,12,08,5.0,21,Good,5.1,UG/M3,1 Hr,Valid
Banja Luka,PM2.5 - Principal,2023-06-12 09:00 AM,2023,06,12,09,4.9,20,Good,4.7,UG/M3,1 Hr,Valid
Banja Luka,PM2.5 - Principal,2023-06-12 10:00 AM,2023,06,12,10,5.3,22,Good,5.9,UG/M3,1 Hr,Valid
Banja Luka,PM2.5 - Principal,2023-06-12 11:00 AM,2023,06,12,11,6.9,29,Good,8.5,UG/M3,1 Hr,Valid
Banja Luka,PM2.5 - Principal,2023-06-12 12:00 PM,2023,06,12,12,7.0,29,Good,7.0,UG/M3,1 Hr,Valid
Banja Luka,PM2.5 - Principal,2023-06-12 01:00 PM,2023,06,12,13,7.3,30,Good,7.6,UG/M3,1 Hr,Valid
Banja Luka,PM2.5 - Principal,2023-06-12 02:00 PM,2023,06,12,14,7.1,30,Good,6.9,UG/M3,1 Hr,Valid
Banja Luka,PM2.5 - Principal,2023-06-12 03:00 PM,2023,06,12,15,7.0,29,Good,6.9,UG/M3,1 Hr,Valid
Banja Luka,PM2.5 - Principal,2023-06-12 04:00 PM,2023,06,12,16,6.9,29,Good,6.8,UG/M3,1 Hr,Valid
Banja Luka,PM2.5 - Principal,2023-06-12 05:00 PM,2023,06,12,17,6.8,28,Good,6.7,UG/M3,1 Hr,Valid
Banja Luka,PM2.5 - Principal,2023-06-12 06:00 PM,2023,06,12,18,6.6,28,Good,6.3,UG/M3,1 Hr,Valid
Banja Luka,PM2.5 - Principal,2023-06-12 07:00 PM,2023,06,12,19,6.5,27,Good,6.4,UG/M3,1 Hr,Valid
Banja Luka,PM2.5 - Principal,2023-06-12 08:00 PM,2023,06,12,20,6.4,27,Good,6.4,UG/M3,1 Hr,Valid
Banja Luka,PM2.5 - Principal,2023-06-12 09:00 PM,2023,06,12,21,6.6,28,Good,6.9,UG/M3,1 Hr,Valid
Banja Luka,PM2.5 - Principal,2023-06-12 10:00 PM,2023,06,12,22,6.9,29,Good,7.6,UG/M3,1 Hr,Valid
Banja Luka,PM2.5 - Principal,2023-06-12 11:00 PM,2023,06,12,23,6.8,28,Good,6.8,UG/M3,1 Hr,Valid
Banja Luka,PM2.5 - Principal,2023-06-13 12:00 AM,2023,06,13,00,7.1,30,Good,8.1,UG/M3,1 Hr,Valid
Banja Luka,PM2.5 - Principal,2023-06-13 01:00 AM,2023,06,13,01,8.0,33,Good,9.5,UG/M3,1 Hr,Valid
Banja Luka,PM2.5 - Principal,2023-06-13 02:00 AM,2023,06,13,02,9.0,38,Good,10.4,UG/M3,1 Hr,Valid
Banja Luka,PM2.5 - Principal,2023-06-13 03:00 AM,2023,06,13,03,9.0,38,Good,8.9,UG/M3,1 Hr,Valid
Banja Luka,PM2.5 - Principal,2023-06-13 04:00 AM,2023,06,13,04,8.5,35,Good,7.6,UG/M3,1 Hr,Valid
Banja Luka,PM2.5 - Principal,2023-06-13 05:00 AM,2023,06,13,05,8.5,35,Good,8.7,UG/M3,1 Hr,Valid
Banja Luka,PM2.5 - Principal,2023-06-13 06:00 AM,2023,06,13,06,8.1,34,Good,7.3,UG/M3,1 Hr,Valid
Banja Luka,PM2.5 - Principal,2023-06-13 07:00 AM,2023,06,13,07,8.4,35,Good,8.9,UG/M3,1 Hr,Valid
Banja Luka,PM2.5 - Principal,2023-06-13 08:00 AM,2023,06,13,08,8.5,35,Good,8.7,UG/M3,1 Hr,Valid
Banja Luka,PM2.5 - Principal,2023-06-13 09:00 AM,2023,06,13,09,8.5,35,Good,8.4,UG/M3,1 Hr,Valid
Banja Luka,PM2.5 - Principal,2023-06-13 10:00 AM,2023,06,13,10,8.3,35,Good,7.9,UG/M3,1 Hr,Valid
Banja Luka,PM2.5 - Principal,2023-06-13 11:00 AM,2023,06,13,11,9.7,40,Good,12.0,UG/M3,1 Hr,Valid
Banja Luka,PM2.5 - Principal,2023-06-13 12:00 PM,2023,06,13,12,10.5,44,Good,11.7,UG/M3,1 Hr,Valid
Banja Luka,PM2.5 - Principal,2023-06-13 01:00 PM,2023,06,13,13,9.4,39,Good,7.7,UG/M3,1 Hr,Valid
Banja Luka,PM2.5 - Principal,2023-06-13 02:00 PM,2023,06,13,14,7.8,33,Good,6.1,UG/M3,1 Hr,Valid
Banja Luka,PM2.5 - Principal,2023-06-13 03:00 PM,2023,06,13,15,6.7,28,Good,5.7,UG/M3,1 Hr,Valid
Banja Luka,PM2.5 - Principal,2023-06-13 04:00 PM,2023,06,13,16,6.5,27,Good,6.2,UG/M3,1 Hr,Valid
Banja Luka,PM2.5 - Principal,2023-06-13 05:00 PM,2023,06,13,17,6.4,27,Good,6.4,UG/M3,1 Hr,Valid
Banja Luka,PM2.5 - Principal,2023-06-13 06:00 PM,2023,06,13,18,6.4,27,Good,6.4,UG/M3,1 Hr,Valid
Banja Luka,PM2.5 - Principal,2023-06-13 07:00 PM,2023,06,13,19,6.6,28,Good,6.8,UG/M3,1 Hr,Valid
Banja Luka,PM2.5 - Principal,2023-06-13 08:00 PM,2023,06,13,20,6.7,28,Good,6.9,UG/M3,1 Hr,Valid
Banja Luka,PM2.5 - Principal,2023-06-13 09:00 PM,2023,06,13,21,6.8,28,Good,6.9,UG/M3,1 Hr,Valid
Banja Luka,PM2.5 - Principal,2023-06-13 10:00 PM,2023,06,13,22,7.0,29,Good,7.2,UG/M3,1 Hr,Valid
Banja Luka,PM2.5 - Principal,2023-06-13 11:00 PM,2023,06,13,23,8.3,35,Good,9.7,UG/M3,1 Hr,Valid
Banja Luka,PM2.5 - Principal,2023-06-14 12:00 AM,2023,06,14,00,8.4,35,Good,8.9,UG/M3,1 Hr,Valid
Banja Luka,PM2.5 - Principal,2023-06-14 01:00 AM,2023,06,14,01,8.8,37,Good,9.4,UG/M3,1 Hr,Valid
Banja Luka,PM2.5 - Principal,2023-06-14 02:00 AM,2023,06,14,02,9.1,38,Good,9.6,UG/M3,1 Hr,Valid
Banja Luka,PM2.5 - Principal,2023-06-14 03:00 AM,2023,06,14,03,9.3,39,Good,9.7,UG/M3,1 Hr,Valid
Banja Luka,PM2.5 - Principal,2023-06-14 04:00 AM,2023,06,14,04,9.1,38,Good,8.8,UG/M3,1 Hr,Valid
Banja Luka,PM2.5 - Principal,2023-06-14 05:00 AM,2023,06,14,05,8.9,37,Good,8.6,UG/M3,1 Hr,Valid
Banja Luka,PM2.5 - Principal,2023-06-14 06:00 AM,2023,06,14,06,8.9,37,Good,8.8,UG/M3,1 Hr,Valid
Banja Luka,PM2.5 - Principal,2023-06-14 07:00 AM,2023,06,14,07,8.9,37,Good,8.8,UG/M3,1 Hr,Valid
Banja Luka,PM2.5 - Principal,2023-06-14 08:00 AM,2023,06,14,08,9.0,38,Good,9.4,UG/M3,1 Hr,Valid
Banja Luka,PM2.5 - Principal,2023-06-14 09:00 AM,2023,06,14,09,9.4,39,Good,10.3,UG/M3,1 Hr,Valid
Banja Luka,PM2.5 - Principal,2023-06-14 10:00 AM,2023,06,14,10,9.9,41,Good,11.3,UG/M3,1 Hr,Valid
Banja Luka,PM2.5 - Principal,2023-06-14 11:00 AM,2023,06,14,11,10.2,43,Good,11.3,UG/M3,1 Hr,Valid
Banja Luka,PM2.5 - Principal,2023-06-14 12:00 PM,2023,06,14,12,10.7,45,Good,11.6,UG/M3,1 Hr,Valid
Banja Luka,PM2.5 - Principal,2023-06-14 01:00 PM,2023,06,14,13,10.8,45,Good,11.3,UG/M3,1 Hr,Valid
Banja Luka,PM2.5 - Principal,2023-06-14 02:00 PM,2023,06,14,14,11.4,48,Good,12.4,UG/M3,1 Hr,Valid
Banja Luka,PM2.5 - Principal,2023-06-14 03:00 PM,2023,06,14,15,11.5,48,Good,11.7,UG/M3,1 Hr,Valid
Banja Luka,PM2.5 - Principal,2023-06-14 04:00 PM,2023,06,14,16,11.4,48,Good,11.2,UG/M3,1 Hr,Valid
Banja Luka,PM2.5 - Principal,2023-06-14 05:00 PM,2023,06,14,17,12.2,51,Moderate,13.6,UG/M3,1 Hr,Valid
Banja Luka,PM2.5 - Principal,2023-06-14 06:00 PM,2023,06,14,18,13.2,53,Moderate,14.5,UG/M3,1 Hr,Valid
Banja Luka,PM2.5 - Principal,2023-06-14 07:00 PM,2023,06,14,19,12.5,52,Moderate,11.6,UG/M3,1 Hr,Valid
Banja Luka,PM2.5 - Principal,2023-06-14 08:00 PM,2023,06,14,20,11.9,50,Good,10.4,UG/M3,1 Hr,Valid
Banja Luka,PM2.5 - Principal,2023-06-14 09:00 PM,2023,06,14,21,10.7,45,Good,8.9,UG/M3,1 Hr,Valid
Banja Luka,PM2.5 - Principal,2023-06-14 10:00 PM,2023,06,14,22,10.3,43,Good,9.6,UG/M3,1 Hr,Valid
Banja Luka,PM2.5 - Principal,2023-06-14 11:00 PM,2023,06,14,23,10.5,44,Good,10.9,UG/M3,1 Hr,Valid
Banja Luka,PM2.5 - Principal,2023-06-15 12:00 AM,2023,06,15,00,11.0,46,Good,11.7,UG/M3,1 Hr,Valid
Banja Luka,PM2.5 - Principal,2023-06-15 01:00 AM,2023,06,15,01,14.1,55,Moderate,17.3,UG/M3,1 Hr,Valid
Banja Luka,PM2.5 - Principal,2023-06-15 02:00 AM,2023,06,15,02,15.3,58,Moderate,16.6,UG/M3,1 Hr,Valid
Banja Luka,PM2.5 - Principal,2023-06-15 03:00 AM,2023,06,15,03,15.4,58,Moderate,15.4,UG/M3,1 Hr,Valid
Banja Luka,PM2.5 - Principal,2023-06-15 04:00 AM,2023,06,15,04,15.2,58,Moderate,15.0,UG/M3,1 Hr,Valid
Banja Luka,PM2.5 - Principal,2023-06-15 05:00 AM,2023,06,15,05,13.4,54,Moderate,11.6,UG/M3,1 Hr,Valid
Banja Luka,PM2.5 - Principal,2023-06-15 06:00 AM,2023,06,15,06,13.6,54,Moderate,13.8,UG/M3,1 Hr,Valid
Banja Luka,PM2.5 - Principal,2023-06-15 07:00 AM,2023,06,15,07,12.7,52,Moderate,11.7,UG/M3,1 Hr,Valid
Banja Luka,PM2.5 - Principal,2023-06-15 08:00 AM,2023,06,15,08,12.2,51,Moderate,11.7,UG/M3,1 Hr,Valid
Banja Luka,PM2.5 - Principal,2023-06-15 09:00 AM,2023,06,15,09,11.6,48,Good,10.6,UG/M3,1 Hr,Valid
Banja Luka,PM2.5 - Principal,2023-06-15 10:00 AM,2023,06,15,10,11.6,48,Good,11.4,UG/M3,1 Hr,Valid
Banja Luka,PM2.5 - Principal,2023-06-15 11:00 AM,2023,06,15,11,11.2,47,Good,10.6,UG/M3,1 Hr,Valid
Banja Luka,PM2.5 - Principal,2023-06-15 12:00 PM,2023,06,15,12,11.2,47,Good,-999.0,UG/M3,1 Hr,Missing
Banja Luka,PM2.5 - Principal,2023-06-15 01:00 PM,2023,06,15,13,10.6,44,Good,10.0,UG/M3,1 Hr,Valid
Banja Luka,PM2.5 - Principal,2023-06-15 02:00 PM,2023,06,15,14,10.5,44,Good,10.2,UG/M3,1 Hr,Valid
Banja Luka,PM2.5 - Principal,2023-06-15 03:00 PM,2023,06,15,15,10.4,43,Good,10.2,UG/M3,1 Hr,Valid
Banja Luka,PM2.5 - Principal,2023-06-15 04:00 PM,2023,06,15,16,10.0,42,Good,9.4,UG/M3,1 Hr,Valid
Banja Luka,PM2.5 - Principal,2023-06-15 05:00 PM,2023,06,15,17,9.9,41,Good,9.7,UG/M3,1 Hr,Valid
Banja Luka,PM2.5 - Principal,2023-06-15 06:00 PM,2023,06,15,18,9.6,40,Good,8.6,UG/M3,1 Hr,Valid
Banja Luka,PM2.5 - Principal,2023-06-15 07:00 PM,2023,06,15,19,9.5,40,Good,9.2,UG/M3,1 Hr,Valid
Banja Luka,PM2.5 - Principal,2023-06-15 08:00 PM,2023,06,15,20,9.4,39,Good,9.3,UG/M3,1 Hr,Valid
Banja Luka,PM2.5 - Principal,2023-06-15 09:00 PM,2023,06,15,21,9.5,40,Good,9.7,UG/M3,1 Hr,Valid
Banja Luka,PM2.5 - Principal,2023-06-15 10:00 PM,2023,06,15,22,9.4,39,Good,9.0,UG/M3,1 Hr,Valid
Banja Luka,PM2.5 - Principal,2023-06-15 11:00 PM,2023,06,15,23,9.3,39,Good,9.2,UG/M3,1 Hr,Valid
Banja Luka,PM2.5 - Principal,2023-06-16 12:00 AM,2023,06,16,00,9.4,39,Good,9.7,UG/M3,1 Hr,Valid
Banja Luka,PM2.5 - Principal,2023-06-16 01:00 AM,2023,06,16,01,9.5,40,Good,10.0,UG/M3,1 Hr,Valid
Banja Luka,PM2.5 - Principal,2023-06-16 02:00 AM,2023,06,16,02,9.4,39,Good,9.0,UG/M3,1 Hr,Valid
Banja Luka,PM2.5 - Principal,2023-06-16 03:00 AM,2023,06,16,03,9.3,39,Good,9.2,UG/M3,1 Hr,Valid
Banja Luka,PM2.5 - Principal,2023-06-16 04:00 AM,2023,06,16,04,9.3,39,Good,9.2,UG/M3,1 Hr,Valid
Banja Luka,PM2.5 - Principal,2023-06-16 05:00 AM,2023,06,16,05,9.1,38,Good,8.3,UG/M3,1 Hr,Valid
Banja Luka,PM2.5 - Principal,2023-06-16 06:00 AM,2023,06,16,06,8.6,36,Good,7.3,UG/M3,1 Hr,Valid
Banja Luka,PM2.5 - Principal,2023-06-16 07:00 AM,2023,06,16,07,8.3,35,Good,7.5,UG/M3,1 Hr,Valid
Banja Luka,PM2.5 - Principal,2023-06-16 08:00 AM,2023,06,16,08,7.8,33,Good,7.0,UG/M3,1 Hr,Valid
Banja Luka,PM2.5 - Principal,2023-06-16 09:00 AM,2023,06,16,09,7.8,33,Good,7.6,UG/M3,1 Hr,Valid
Banja Luka,PM2.5 - Principal,2023-06-16 10:00 AM,2023,06,16,10,7.7,32,Good,7.4,UG/M3,1 Hr,Valid
Banja Luka,PM2.5 - Principal,2023-06-16 11:00 AM,2023,06,16,11,7.8,33,Good,8.1,UG/M3,1 Hr,Valid
Banja Luka,PM2.5 - Principal,2023-06-16 12:00 PM,2023,06,16,12,7.9,33,Good,8.0,UG/M3,1 Hr,Valid
Banja Luka,PM2.5 - Principal,2023-06-16 01:00 PM,2023,06,16,13,8.1,34,Good,8.7,UG/M3,1 Hr,Valid
Banja Luka,PM2.5 - Principal,2023-06-16 02:00 PM,2023,06,16,14,8.4,35,Good,9.3,UG/M3,1 Hr,Valid
Banja Luka,PM2.5 - Principal,2023-06-16 03:00 PM,2023,06,16,15,9.5,40,Good,11.0,UG/M3,1 Hr,Valid
Banja Luka,PM2.5 - Principal,2023-06-16 04:00 PM,2023,06,16,16,10.6,44,Good,11.9,UG/M3,1 Hr,Valid
Banja Luka,PM2.5 - Principal,2023-06-16 05:00 PM,2023,06,16,17,10.9,45,Good,11.4,UG/M3,1 Hr,Valid
Banja Luka,PM2.5 - Principal,2023-06-16 06:00 PM,2023,06,16,18,11.4,48,Good,12.0,UG/M3,1 Hr,Valid
Banja Luka,PM2.5 - Principal,2023-06-16 07:00 PM,2023,06,16,19,12.0,50,Good,12.6,UG/M3,1 Hr,Valid
Banja Luka,PM2.5 - Principal,2023-06-16 08:00 PM,2023,06,16,20,12.1,51,Moderate,12.4,UG/M3,1 Hr,Valid
Banja Luka,PM2.5 - Principal,2023-06-16 09:00 PM,2023,06,16,21,12.2,51,Moderate,12.3,UG/M3,1 Hr,Valid
Banja Luka,PM2.5 - Principal,2023-06-16 10:00 PM,2023,06,16,22,14.1,55,Moderate,16.0,UG/M3,1 Hr,Valid
Banja Luka,PM2.5 - Principal,2023-06-16 11:00 PM,2023,06,16,23,15.8,59,Moderate,17.4,UG/M3,1 Hr,Valid
Banja Luka,PM2.5 - Principal,2023-06-17 12:00 AM,2023,06,17,00,17.7,63,Moderate,19.7,UG/M3,1 Hr,Valid
Banja Luka,PM2.5 - Principal,2023-06-17 01:00 AM,2023,06,17,01,17.4,62,Moderate,17.1,UG/M3,1 Hr,Valid
Banja Luka,PM2.5 - Principal,2023-06-17 02:00 AM,2023,06,17,02,16.8,61,Moderate,16.2,UG/M3,1 Hr,Valid
Banja Luka,PM2.5 - Principal,2023-06-17 03:00 AM,2023,06,17,03,15.7,59,Moderate,14.2,UG/M3,1 Hr,Valid
Banja Luka,PM2.5 - Principal,2023-06-17 04:00 AM,2023,06,17,04,14.5,56,Moderate,12.9,UG/M3,1 Hr,Valid
Banja Luka,PM2.5 - Principal,2023-06-17 05:00 AM,2023,06,17,05,14.2,55,Moderate,13.5,UG/M3,1 Hr,Valid
Banja Luka,PM2.5 - Principal,2023-06-17 06:00 AM,2023,06,17,06,13.5,54,Moderate,12.3,UG/M3,1 Hr,Valid
Banja Luka,PM2.5 - Principal,2023-06-17 07:00 AM,2023,06,17,07,12.8,52,Moderate,11.9,UG/M3,1 Hr,Valid
Banja Luka,PM2.5 - Principal,2023-06-17 08:00 AM,2023,06,17,08,12.9,53,Moderate,13.0,UG/M3,1 Hr,Valid
Banja Luka,PM2.5 - Principal,2023-06-17 09:00 AM,2023,06,17,09,12.3,51,Moderate,11.5,UG/M3,1 Hr,Valid
Banja Luka,PM2.5 - Principal,2023-06-17 10:00 AM,2023,06,17,10,12.0,50,Good,11.5,UG/M3,1 Hr,Valid
Banja Luka,PM2.5 - Principal,2023-06-17 11:00 AM,2023,06,17,11,11.2,47,Good,10.5,UG/M3,1 Hr,Valid
Banja Luka,PM2.5 - Principal,2023-06-17 12:00 PM,2023,06,17,12,10.5,44,Good,9.5,UG/M3,1 Hr,Valid
Banja Luka,PM2.5 - Principal,2023-06-17 01:00 PM,2023,06,17,13,9.2,38,Good,8.1,UG/M3,1 Hr,Valid
Banja Luka,PM2.5 - Principal,2023-06-17 02:00 PM,2023,06,17,14,8.7,36,Good,7.8,UG/M3,1 Hr,Valid
Banja Luka,PM2.5 - Principal,2023-06-17 03:00 PM,2023,06,17,15,8.8,37,Good,8.8,UG/M3,1 Hr,Valid
Banja Luka,PM2.5 - Principal,2023-06-17 04:00 PM,2023,06,17,16,8.1,34,Good,7.4,UG/M3,1 Hr,Valid
Banja Luka,PM2.5 - Principal,2023-06-17 05:00 PM,2023,06,17,17,7.7,32,Good,7.1,UG/M3,1 Hr,Valid
Banja Luka,PM2.5 - Principal,2023-06-17 06:00 PM,2023,06,17,18,7.5,31,Good,7.4,UG/M3,1 Hr,Valid
Banja Luka,PM2.5 - Principal,2023-06-17 07:00 PM,2023,06,17,19,7.7,32,Good,7.8,UG/M3,1 Hr,Valid
Banja Luka,PM2.5 - Principal,2023-06-17 08:00 PM,2023,06,17,20,7.8,33,Good,7.9,UG/M3,1 Hr,Valid
Banja Luka,PM2.5 - Principal,2023-06-17 09:00 PM,2023,06,17,21,7.9,33,Good,8.0,UG/M3,1 Hr,Valid
Banja Luka,PM2.5 - Principal,2023-06-17 10:00 PM,2023,06,17,22,8.3,35,Good,9.3,UG/M3,1 Hr,Valid
Banja Luka,PM2.5 - Principal,2023-06-17 11:00 PM,2023,06,17,23,9.3,39,Good,11.0,UG/M3,1 Hr,Valid
Banja Luka,PM2.5 - Principal,2023-06-18 12:00 AM,2023,06,18,00,9.7,40,Good,10.6,UG/M3,1 Hr,Valid
Banja Luka,PM2.5 - Principal,2023-06-18 01:00 AM,2023,06,18,01,9.8,41,Good,10.0,UG/M3,1 Hr,Valid
Banja Luka,PM2.5 - Principal,2023-06-18 02:00 AM,2023,06,18,02,10.0,42,Good,10.4,UG/M3,1 Hr,Valid
Banja Luka,PM2.5 - Principal,2023-06-18 03:00 AM,2023,06,18,03,9.9,41,Good,9.7,UG/M3,1 Hr,Valid
Banja Luka,PM2.5 - Principal,2023-06-18 04:00 AM,2023,06,18,04,9.7,40,Good,9.3,UG/M3,1 Hr,Valid
Banja Luka,PM2.5 - Principal,2023-06-18 05:00 AM,2023,06,18,05,9.5,40,Good,9.1,UG/M3,1 Hr,Valid
Banja Luka,PM2.5 - Principal,2023-06-18 06:00 AM,2023,06,18,06,9.4,39,Good,9.0,UG/M3,1 Hr,Valid
Banja Luka,PM2.5 - Principal,2023-06-18 07:00 AM,2023,06,18,07,9.2,38,Good,8.9,UG/M3,1 Hr,Valid
Banja Luka,PM2.5 - Principal,2023-06-18 08:00 AM,2023,06,18,08,9.2,38,Good,9.0,UG/M3,1 Hr,Valid
Banja Luka,PM2.5 - Principal,2023-06-18 09:00 AM,2023,06,18,09,9.2,38,Good,8.9,UG/M3,1 Hr,Valid
Banja Luka,PM2.5 - Principal,2023-06-18 10:00 AM,2023,06,18,10,9.2,38,Good,9.2,UG/M3,1 Hr,Valid
Banja Luka,PM2.5 - Principal,2023-06-18 11:00 AM,2023,06,18,11,9.2,38,Good,8.8,UG/M3,1 Hr,Valid
Banja Luka,PM2.5 - Principal,2023-06-18 12:00 PM,2023,06,18,12,9.1,38,Good,9.1,UG/M3,1 Hr,Valid
Banja Luka,PM2.5 - Principal,2023-06-18 01:00 PM,2023,06,18,13,9.0,38,Good,8.7,UG/M3,1 Hr,Valid
Banja Luka,PM2.5 - Principal,2023-06-18 02:00 PM,2023,06,18,14,9.3,39,Good,10.6,UG/M3,1 Hr,Valid
Banja Luka,PM2.5 - Principal,2023-06-18 03:00 PM,2023,06,18,15,9.6,40,Good,10.7,UG/M3,1 Hr,Valid
Banja Luka,PM2.5 - Principal,2023-06-18 04:00 PM,2023,06,18,16,10.3,43,Good,11.9,UG/M3,1 Hr,Valid
Banja Luka,PM2.5 - Principal,2023-06-18 05:00 PM,2023,06,18,17,10.6,44,Good,11.4,UG/M3,1 Hr,Valid
Banja Luka,PM2.5 - Principal,2023-06-18 06:00 PM,2023,06,18,18,11.0,46,Good,11.9,UG/M3,1 Hr,Valid
Banja Luka,PM2.5 - Principal,2023-06-18 07:00 PM,2023,06,18,19,11.3,47,Good,12.1,UG/M3,1 Hr,Valid
Banja Luka,PM2.5 - Principal,2023-06-18 08:00 PM,2023,06,18,20,11.5,48,Good,12.0,UG/M3,1 Hr,Valid
Banja Luka,PM2.5 - Principal,2023-06-18 09:00 PM,2023,06,18,21,12.2,51,Moderate,13.1,UG/M3,1 Hr,Valid
Banja Luka,PM2.5 - Principal,2023-06-18 10:00 PM,2023,06,18,22,14.0,55,Moderate,16.0,UG/M3,1 Hr,Valid
Banja Luka,PM2.5 - Principal,2023-06-18 11:00 PM,2023,06,18,23,15.3,58,Moderate,16.7,UG/M3,1 Hr,Valid
Banja Luka,PM2.5 - Principal,2023-06-19 12:00 AM,2023,06,19,00,16.4,60,Moderate,17.4,UG/M3,1 Hr,Valid
Banja Luka,PM2.5 - Principal,2023-06-19 01:00 AM,2023,06,19,01,14.9,57,Moderate,13.3,UG/M3,1 Hr,Valid
Banja Luka,PM2.5 - Principal,2023-06-19 02:00 AM,2023,06,19,02,13.8,55,Moderate,12.1,UG/M3,1 Hr,Valid
Banja Luka,PM2.5 - Principal,2023-06-19 03:00 AM,2023,06,19,03,13.3,54,Moderate,12.3,UG/M3,1 Hr,Valid
Banja Luka,PM2.5 - Principal,2023-06-19 04:00 AM,2023,06,19,04,13.0,53,Moderate,12.3,UG/M3,1 Hr,Valid
Banja Luka,PM2.5 - Principal,2023-06-19 05:00 AM,2023,06,19,05,12.9,53,Moderate,12.7,UG/M3,1 Hr,Valid
Banja Luka,PM2.5 - Principal,2023-06-19 06:00 AM,2023,06,19,06,12.9,53,Moderate,12.7,UG/M3,1 Hr,Valid
Banja Luka,PM2.5 - Principal,2023-06-19 07:00 AM,2023,06,19,07,12.8,52,Moderate,12.6,UG/M3,1 Hr,Valid
Banja Luka,PM2.5 - Principal,2023-06-19 08:00 AM,2023,06,19,08,12.9,53,Moderate,13.1,UG/M3,1 Hr,Valid
Banja Luka,PM2.5 - Principal,2023-06-19 09:00 AM,2023,06,19,09,13.2,53,Moderate,14.0,UG/M3,1 Hr,Valid
Banja Luka,PM2.5 - Principal,2023-06-19 10:00 AM,2023,06,19,10,13.3,54,Moderate,13.6,UG/M3,1 Hr,Valid
Banja Luka,PM2.5 - Principal,2023-06-19 11:00 AM,2023,06,19,11,13.4,54,Moderate,13.8,UG/M3,1 Hr,Valid
Banja Luka,PM2.5 - Principal,2023-06-19 12:00 PM,2023,06,19,12,13.2,53,Moderate,13.3,UG/M3,1 Hr,Valid
Banja Luka,PM2.5 - Principal,2023-06-19 01:00 PM,2023,06,19,13,13.0,53,Moderate,12.0,UG/M3,1 Hr,Valid
Banja Luka,PM2.5 - Principal,2023-06-19 02:00 PM,2023,06,19,14,12.9,53,Moderate,12.4,UG/M3,1 Hr,Valid
Banja Luka,PM2.5 - Principal,2023-06-19 03:00 PM,2023,06,19,15,12.9,53,Moderate,12.9,UG/M3,1 Hr,Valid
Banja Luka,PM2.5 - Principal,2023-06-19 04:00 PM,2023,06,19,16,13.0,53,Moderate,13.2,UG/M3,1 Hr,Valid
Banja Luka,PM2.5 - Principal,2023-06-19 05:00 PM,2023,06,19,17,13.0,53,Moderate,12.9,UG/M3,1 Hr,Valid
Banja Luka,PM2.5 - Principal,2023-06-19 06:00 PM,2023,06,19,18,13.1,53,Moderate,13.9,UG/M3,1 Hr,Valid
Banja Luka,PM2.5 - Principal,2023-06-19 07:00 PM,2023,06,19,19,13.2,53,Moderate,13.6,UG/M3,1 Hr,Valid
Banja Luka,PM2.5 - Principal,2023-06-19 08:00 PM,2023,06,19,20,13.6,54,Moderate,15.0,UG/M3,1 Hr,Valid
Banja Luka,PM2.5 - Principal,2023-06-19 09:00 PM,2023,06,19,21,14.4,56,Moderate,16.1,UG/M3,1 Hr,Valid
Banja Luka,PM2.5 - Principal,2023-06-19 10:00 PM,2023,06,19,22,18.0,63,Moderate,21.7,UG/M3,1 Hr,Valid
Banja Luka,PM2.5 - Principal,2023-06-19 11:00 PM,2023,06,19,23,18.4,64,Moderate,19.0,UG/M3,1 Hr,Valid
Banja Luka,PM2.5 - Principal,2023-06-20 12:00 AM,2023,06,20,00,18.5,64,Moderate,18.5,UG/M3,1 Hr,Valid
Banja Luka,PM2.5 - Principal,2023-06-20 01:00 AM,2023,06,20,01,19.3,66,Moderate,20.5,UG/M3,1 Hr,Valid
Banja Luka,PM2.5 - Principal,2023-06-20 02:00 AM,2023,06,20,02,18.2,64,Moderate,16.7,UG/M3,1 Hr,Valid
Banja Luka,PM2.5 - Principal,2023-06-20 03:00 AM,2023,06,20,03,16.9,61,Moderate,15.0,UG/M3,1 Hr,Valid
Banja Luka,PM2.5 - Principal,2023-06-20 04:00 AM,2023,06,20,04,16.0,59,Moderate,14.6,UG/M3,1 Hr,Valid
Banja Luka,PM2.5 - Principal,2023-06-20 05:00 AM,2023,06,20,05,15.7,59,Moderate,14.9,UG/M3,1 Hr,Valid
Banja Luka,PM2.5 - Principal,2023-06-20 06:00 AM,2023,06,20,06,15.3,58,Moderate,14.5,UG/M3,1 Hr,Valid
Banja Luka,PM2.5 - Principal,2023-06-20 07:00 AM,2023,06,20,07,15.2,58,Moderate,14.8,UG/M3,1 Hr,Valid
Banja Luka,PM2.5 - Principal,2023-06-20 08:00 AM,2023,06,20,08,15.2,58,Moderate,15.3,UG/M3,1 Hr,Valid
Banja Luka,PM2.5 - Principal,2023-06-20 09:00 AM,2023,06,20,09,15.6,58,Moderate,16.3,UG/M3,1 Hr,Valid
Banja Luka,PM2.5 - Principal,2023-06-20 10:00 AM,2023,06,20,10,16.1,59,Moderate,17.3,UG/M3,1 Hr,Valid
Banja Luka,PM2.5 - Principal,2023-06-20 11:00 AM,2023,06,20,11,16.4,60,Moderate,17.2,UG/M3,1 Hr,Valid
Banja Luka,PM2.5 - Principal,2023-06-20 12:00 PM,2023,06,20,12,16.1,59,Moderate,15.5,UG/M3,1 Hr,Valid
Banja Luka,PM2.5 - Principal,2023-06-20 01:00 PM,2023,06,20,13,14.4,56,Moderate,11.3,UG/M3,1 Hr,Valid
Banja Luka,PM2.5 - Principal,2023-06-20 02:00 PM,2023,06,20,14,13.5,54,Moderate,11.8,UG/M3,1 Hr,Valid
Banja Luka,PM2.5 - Principal,2023-06-20 03:00 PM,2023,06,20,15,12.9,53,Moderate,11.8,UG/M3,1 Hr,Valid
Banja Luka,PM2.5 - Principal,2023-06-20 04:00 PM,2023,06,20,16,12.5,52,Moderate,11.7,UG/M3,1 Hr,Valid
Banja Luka,PM2.5 - Principal,2023-06-20 05:00 PM,2023,06,20,17,11.4,48,Good,10.1,UG/M3,1 Hr,Valid
Banja Luka,PM2.5 - Principal,2023-06-20 06:00 PM,2023,06,20,18,11.4,48,Good,11.5,UG/M3,1 Hr,Valid
Banja Luka,PM2.5 - Principal,2023-06-20 07:00 PM,2023,06,20,19,12.1,51,Moderate,13.0,UG/M3,1 Hr,Valid
Banja Luka,PM2.5 - Principal,2023-06-20 08:00 PM,2023,06,20,20,12.8,52,Moderate,13.8,UG/M3,1 Hr,Valid
Banja Luka,PM2.5 - Principal,2023-06-20 09:00 PM,2023,06,20,21,15.5,58,Moderate,18.7,UG/M3,1 Hr,Valid
Banja Luka,PM2.5 - Principal,2023-06-20 10:00 PM,2023,06,20,22,16.6,60,Moderate,17.8,UG/M3,1 Hr,Valid
Banja Luka,PM2.5 - Principal,2023-06-20 11:00 PM,2023,06,20,23,18.9,65,Moderate,21.0,UG/M3,1 Hr,Valid
Banja Luka,PM2.5 - Principal,2023-06-21 12:00 AM,2023,06,21,00,20.6,69,Moderate,22.2,UG/M3,1 Hr,Valid
Banja Luka,PM2.5 - Principal,2023-06-21 01:00 AM,2023,06,21,01,17.0,61,Moderate,13.4,UG/M3,1 Hr,Valid
Banja Luka,PM2.5 - Principal,2023-06-21 02:00 AM,2023,06,21,02,15.7,59,Moderate,14.4,UG/M3,1 Hr,Valid
Banja Luka,PM2.5 - Principal,2023-06-21 03:00 AM,2023,06,21,03,14.7,56,Moderate,13.6,UG/M3,1 Hr,Valid
Banja Luka,PM2.5 - Principal,2023-06-21 04:00 AM,2023,06,21,04,13.8,55,Moderate,12.9,UG/M3,1 Hr,Valid
Banja Luka,PM2.5 - Principal,2023-06-21 05:00 AM,2023,06,21,05,13.4,54,Moderate,12.9,UG/M3,1 Hr,Valid
Banja Luka,PM2.5 - Principal,2023-06-21 06:00 AM,2023,06,21,06,13.1,53,Moderate,12.6,UG/M3,1 Hr,Valid
Banja Luka,PM2.5 - Principal,2023-06-21 07:00 AM,2023,06,21,07,12.9,53,Moderate,12.5,UG/M3,1 Hr,Valid
Banja Luka,PM2.5 - Principal,2023-06-21 08:00 AM,2023,06,21,08,12.8,52,Moderate,12.8,UG/M3,1 Hr,Valid
Banja Luka,PM2.5 - Principal,2023-06-21 09:00 AM,2023,06,21,09,13.4,54,Moderate,14.2,UG/M3,1 Hr,Valid
Banja Luka,PM2.5 - Principal,2023-06-21 10:00 AM,2023,06,21,10,14.3,56,Moderate,15.4,UG/M3,1 Hr,Valid
Banja Luka,PM2.5 - Principal,2023-06-21 11:00 AM,2023,06,21,11,14.9,57,Moderate,15.7,UG/M3,1 Hr,Valid
Banja Luka,PM2.5 - Principal,2023-06-21 12:00 PM,2023,06,21,12,14.5,56,Moderate,15.7,UG/M3,1 Hr,Valid
Banja Luka,PM2.5 - Principal,2023-06-21 01:00 PM,2023,06,21,13,14.0,55,Moderate,12.2,UG/M3,1 Hr,Valid
Banja Luka,PM2.5 - Principal,2023-06-21 02:00 PM,2023,06,21,14,14.0,55,Moderate,13.9,UG/M3,1 Hr,Valid
Banja Luka,PM2.5 - Principal,2023-06-21 03:00 PM,2023,06,21,15,14.0,55,Moderate,14.1,UG/M3,1 Hr,Valid
Banja Luka,PM2.5 - Principal,2023-06-21 04:00 PM,2023,06,21,16,14.2,55,Moderate,14.5,UG/M3,1 Hr,Valid
Banja Luka,PM2.5 - Principal,2023-06-21 05:00 PM,2023,06,21,17,14.4,56,Moderate,14.9,UG/M3,1 Hr,Valid
Banja Luka,PM2.5 - Principal,2023-06-21 06:00 PM,2023,06,21,18,15.0,57,Moderate,16.5,UG/M3,1 Hr,Valid
Banja Luka,PM2.5 - Principal,2023-06-21 07:00 PM,2023,06,21,19,15.5,58,Moderate,16.8,UG/M3,1 Hr,Valid
Banja Luka,PM2.5 - Principal,2023-06-21 08:00 PM,2023,06,21,20,16.0,59,Moderate,17.1,UG/M3,1 Hr,Valid
Banja Luka,PM2.5 - Principal,2023-06-21 09:00 PM,2023,06,21,21,18.8,65,Moderate,21.7,UG/M3,1 Hr,Valid
Banja Luka,PM2.5 - Principal,2023-06-21 10:00 PM,2023,06,21,22,20.6,69,Moderate,22.7,UG/M3,1 Hr,Valid
Banja Luka,PM2.5 - Principal,2023-06-21 11:00 PM,2023,06,21,23,25.5,79,Moderate,30.0,UG/M3,1 Hr,Valid
Banja Luka,PM2.5 - Principal,2023-06-22 12:00 AM,2023,06,22,00,24.8,78,Moderate,24.2,UG/M3,1 Hr,Valid
Banja Luka,PM2.5 - Principal,2023-06-22 01:00 AM,2023,06,22,01,23.8,76,Moderate,22.7,UG/M3,1 Hr,Valid
Banja Luka,PM2.5 - Principal,2023-06-22 02:00 AM,2023,06,22,02,22.0,72,Moderate,20.2,UG/M3,1 Hr,Valid
Banja Luka,PM2.5 - Principal,2023-06-22 03:00 AM,2023,06,22,03,20.0,68,Moderate,17.9,UG/M3,1 Hr,Valid
Banja Luka,PM2.5 - Principal,2023-06-22 04:00 AM,2023,06,22,04,18.3,64,Moderate,16.7,UG/M3,1 Hr,Valid
Banja Luka,PM2.5 - Principal,2023-06-22 05:00 AM,2023,06,22,05,17.8,63,Moderate,16.7,UG/M3,1 Hr,Valid
Banja Luka,PM2.5 - Principal,2023-06-22 06:00 AM,2023,06,22,06,17.3,62,Moderate,16.7,UG/M3,1 Hr,Valid
Banja Luka,PM2.5 - Principal,2023-06-22 07:00 AM,2023,06,22,07,17.1,62,Moderate,16.8,UG/M3,1 Hr,Valid
Banja Luka,PM2.5 - Principal,2023-06-22 08:00 AM,2023,06,22,08,16.8,61,Moderate,16.5,UG/M3,1 Hr,Valid
Banja Luka,PM2.5 - Principal,2023-06-22 09:00 AM,2023,06,22,09,16.8,61,Moderate,16.8,UG/M3,1 Hr,Valid
Banja Luka,PM2.5 - Principal,2023-06-22 10:00 AM,2023,06,22,10,18.7,65,Moderate,21.1,UG/M3,1 Hr,Valid
Banja Luka,PM2.5 - Principal,2023-06-22 11:00 AM,2023,06,22,11,18.6,65,Moderate,19.1,UG/M3,1 Hr,Valid
Banja Luka,PM2.5 - Principal,2023-06-22 12:00 PM,2023,06,22,12,18.8,65,Moderate,19.8,UG/M3,1 Hr,Valid
Banja Luka,PM2.5 - Principal,2023-06-22 01:00 PM,2023,06,22,13,18.6,65,Moderate,18.5,UG/M3,1 Hr,Valid
Banja Luka,PM2.5 - Principal,2023-06-22 02:00 PM,2023,06,22,14,18.5,64,Moderate,18.2,UG/M3,1 Hr,Valid
Banja Luka,PM2.5 - Principal,2023-06-22 03:00 PM,2023,06,22,15,18.8,65,Moderate,20.1,UG/M3,1 Hr,Valid
Banja Luka,PM2.5 - Principal,2023-06-22 04:00 PM,2023,06,22,16,19.2,66,Moderate,20.2,UG/M3,1 Hr,Valid
Banja Luka,PM2.5 - Principal,2023-06-22 05:00 PM,2023,06,22,17,19.5,67,Moderate,20.2,UG/M3,1 Hr,Valid
Banja Luka,PM2.5 - Principal,2023-06-22 06:00 PM,2023,06,22,18,19.8,67,Moderate,21.0,UG/M3,1 Hr,Valid
Banja Luka,PM2.5 - Principal,2023-06-22 07:00 PM,2023,06,22,19,19.9,67,Moderate,20.1,UG/M3,1 Hr,Valid
Banja Luka,PM2.5 - Principal,2023-06-22 08:00 PM,2023,06,22,20,20.0,68,Moderate,20.1,UG/M3,1 Hr,Valid
Banja Luka,PM2.5 - Principal,2023-06-22 09:00 PM,2023,06,22,21,19.9,67,Moderate,19.6,UG/M3,1 Hr,Valid
Banja Luka,PM2.5 - Principal,2023-06-22 10:00 PM,2023,06,22,22,20.8,69,Moderate,23.6,UG/M3,1 Hr,Valid
Banja Luka,PM2.5 - Principal,2023-06-22 11:00 PM,2023,06,22,23,21.9,72,Moderate,24.6,UG/M3,1 Hr,Valid
Banja Luka,PM2.5 - Principal,2023-06-23 12:00 AM,2023,06,23,00,23.8,76,Moderate,26.9,UG/M3,1 Hr,Valid
Banja Luka,PM2.5 - Principal,2023-06-23 01:00 AM,2023,06,23,01,22.4,73,Moderate,19.5,UG/M3,1 Hr,Valid
Banja Luka,PM2.5 - Principal,2023-06-23 02:00 AM,2023,06,23,02,21.7,71,Moderate,20.0,UG/M3,1 Hr,Valid
Banja Luka,PM2.5 - Principal,2023-06-23 03:00 AM,2023,06,23,03,20.9,70,Moderate,19.1,UG/M3,1 Hr,Valid
Banja Luka,PM2.5 - Principal,2023-06-23 04:00 AM,2023,06,23,04,20.5,69,Moderate,19.6,UG/M3,1 Hr,Valid
Banja Luka,PM2.5 - Principal,2023-06-23 05:00 AM,2023,06,23,05,20.1,68,Moderate,19.1,UG/M3,1 Hr,Valid
Banja Luka,PM2.5 - Principal,2023-06-23 06:00 AM,2023,06,23,06,19.8,67,Moderate,19.0,UG/M3,1 Hr,Valid
Banja Luka,PM2.5 - Principal,2023-06-23 07:00 AM,2023,06,23,07,19.6,67,Moderate,19.3,UG/M3,1 Hr,Valid
Banja Luka,PM2.5 - Principal,2023-06-23 08:00 AM,2023,06,23,08,19.5,67,Moderate,19.4,UG/M3,1 Hr,Valid
Banja Luka,PM2.5 - Principal,2023-06-23 09:00 AM,2023,06,23,09,20.2,68,Moderate,21.7,UG/M3,1 Hr,Valid
Banja Luka,PM2.5 - Principal,2023-06-23 10:00 AM,2023,06,23,10,20.7,69,Moderate,21.9,UG/M3,1 Hr,Valid
Banja Luka,PM2.5 - Principal,2023-06-23 11:00 AM,2023,06,23,11,21.2,70,Moderate,22.3,UG/M3,1 Hr,Valid
Banja Luka,PM2.5 - Principal,2023-06-23 12:00 PM,2023,06,23,12,21.4,71,Moderate,23.7,UG/M3,1 Hr,Valid
Banja Luka,PM2.5 - Principal,2023-06-23 01:00 PM,2023,06,23,13,22.0,72,Moderate,23.9,UG/M3,1 Hr,Valid
Banja Luka,PM2.5 - Principal,2023-06-23 02:00 PM,2023,06,23,14,23.8,76,Moderate,26.9,UG/M3,1 Hr,Valid
Banja Luka,PM2.5 - Principal,2023-06-23 03:00 PM,2023,06,23,15,24.7,77,Moderate,26.6,UG/M3,1 Hr,Valid
Banja Luka,PM2.5 - Principal,2023-06-23 04:00 PM,2023,06,23,16,24.3,77,Moderate,23.4,UG/M3,1 Hr,Valid
Banja Luka,PM2.5 - Principal,2023-06-23 05:00 PM,2023,06,23,17,24.1,76,Moderate,23.5,UG/M3,1 Hr,Valid
Banja Luka,PM2.5 - Principal,2023-06-23 06:00 PM,2023,06,23,18,24.2,76,Moderate,24.5,UG/M3,1 Hr,Valid
Banja Luka,PM2.5 - Principal,2023-06-23 07:00 PM,2023,06,23,19,24.9,78,Moderate,26.5,UG/M3,1 Hr,Valid
Banja Luka,PM2.5 - Principal,2023-06-23 08:00 PM,2023,06,23,20,24.0,76,Moderate,21.3,UG/M3,1 Hr,Valid
Banja Luka,PM2.5 - Principal,2023-06-23 09:00 PM,2023,06,23,21,23.4,75,Moderate,21.3,UG/M3,1 Hr,Valid
Banja Luka,PM2.5 - Principal,2023-06-23 10:00 PM,2023,06,23,22,22.4,73,Moderate,20.0,UG/M3,1 Hr,Valid
Banja Luka,PM2.5 - Principal,2023-06-23 11:00 PM,2023,06,23,23,16.7,61,Moderate,12.2,UG/M3,1 Hr,Valid
Banja Luka,PM2.5 - Principal,2023-06-24 12:00 AM,2023,06,24,00,11.0,46,Good,5.4,UG/M3,1 Hr,Valid
Banja Luka,PM2.5 - Principal,2023-06-24 01:00 AM,2023,06,24,01,10.0,42,Good,8.9,UG/M3,1 Hr,Valid
Banja Luka,PM2.5 - Principal,2023-06-24 02:00 AM,2023,06,24,02,7.9,33,Good,5.9,UG/M3,1 Hr,Valid
Banja Luka,PM2.5 - Principal,2023-06-24 03:00 AM,2023,06,24,03,6.8,28,Good,5.6,UG/M3,1 Hr,Valid
Banja Luka,PM2.5 - Principal,2023-06-24 04:00 AM,2023,06,24,04,5.9,25,Good,5.0,UG/M3,1 Hr,Valid
Banja Luka,PM2.5 - Principal,2023-06-24 05:00 AM,2023,06,24,05,5.6,23,Good,5.3,UG/M3,1 Hr,Valid
Banja Luka,PM2.5 - Principal,2023-06-24 06:00 AM,2023,06,24,06,6.4,27,Good,7.2,UG/M3,1 Hr,Valid
Banja Luka,PM2.5 - Principal,2023-06-24 07:00 AM,2023,06,24,07,5.9,25,Good,5.5,UG/M3,1 Hr,Valid
Banja Luka,PM2.5 - Principal,2023-06-24 08:00 AM,2023,06,24,08,6.2,26,Good,6.5,UG/M3,1 Hr,Valid
Banja Luka,PM2.5 - Principal,2023-06-24 09:00 AM,2023,06,24,09,6.6,28,Good,6.9,UG/M3,1 Hr,Valid
Banja Luka,PM2.5 - Principal,2023-06-24 10:00 AM,2023,06,24,10,6.7,28,Good,6.8,UG/M3,1 Hr,Valid
Banja Luka,PM2.5 - Principal,2023-06-24 11:00 AM,2023,06,24,11,6.8,28,Good,6.9,UG/M3,1 Hr,Valid
Banja Luka,PM2.5 - Principal,2023-06-24 12:00 PM,2023,06,24,12,6.5,27,Good,6.1,UG/M3,1 Hr,Valid
Banja Luka,PM2.5 - Principal,2023-06-24 01:00 PM,2023,06,24,13,6.4,27,Good,6.4,UG/M3,1 Hr,Valid
Banja Luka,PM2.5 - Principal,2023-06-24 02:00 PM,2023,06,24,14,6.6,28,Good,7.1,UG/M3,1 Hr,Valid
Banja Luka,PM2.5 - Principal,2023-06-24 03:00 PM,2023,06,24,15,6.6,28,Good,6.7,UG/M3,1 Hr,Valid
Banja Luka,PM2.5 - Principal,2023-06-24 04:00 PM,2023,06,24,16,6.4,27,Good,5.9,UG/M3,1 Hr,Valid
Banja Luka,PM2.5 - Principal,2023-06-24 05:00 PM,2023,06,24,17,6.3,26,Good,5.8,UG/M3,1 Hr,Valid
Banja Luka,PM2.5 - Principal,2023-06-24 06:00 PM,2023,06,24,18,6.2,26,Good,5.6,UG/M3,1 Hr,Valid
Banja Luka,PM2.5 - Principal,2023-06-24 07:00 PM,2023,06,24,19,6.1,25,Good,6.0,UG/M3,1 Hr,Valid
Banja Luka,PM2.5 - Principal,2023-06-24 08:00 PM,2023,06,24,20,5.8,24,Good,5.2,UG/M3,1 Hr,Valid
Banja Luka,PM2.5 - Principal,2023-06-24 09:00 PM,2023,06,24,21,5.7,24,Good,5.3,UG/M3,1 Hr,Valid
Banja Luka,PM2.5 - Principal,2023-06-24 10:00 PM,2023,06,24,22,5.6,23,Good,5.6,UG/M3,1 Hr,Valid
Banja Luka,PM2.5 - Principal,2023-06-24 11:00 PM,2023,06,24,23,5.7,24,Good,5.9,UG/M3,1 Hr,Valid
Banja Luka,PM2.5 - Principal,2023-06-25 12:00 AM,2023,06,25,00,5.3,22,Good,4.6,UG/M3,1 Hr,Valid
Banja Luka,PM2.5 - Principal,2023-06-25 01:00 AM,2023,06,25,01,5.1,21,Good,4.8,UG/M3,1 Hr,Valid
Banja Luka,PM2.5 - Principal,2023-06-25 02:00 AM,2023,06,25,02,4.8,20,Good,4.3,UG/M3,1 Hr,Valid
Banja Luka,PM2.5 - Principal,2023-06-25 03:00 AM,2023,06,25,03,4.9,20,Good,4.8,UG/M3,1 Hr,Valid
Banja Luka,PM2.5 - Principal,2023-06-25 04:00 AM,2023,06,25,04,5.0,21,Good,5.1,UG/M3,1 Hr,Valid
Banja Luka,PM2.5 - Principal,2023-06-25 05:00 AM,2023,06,25,05,5.3,22,Good,6.1,UG/M3,1 Hr,Valid
Banja Luka,PM2.5 - Principal,2023-06-25 06:00 AM,2023,06,25,06,5.5,23,Good,6.0,UG/M3,1 Hr,Valid
Banja Luka,PM2.5 - Principal,2023-06-25 07:00 AM,2023,06,25,07,6.2,26,Good,7.1,UG/M3,1 Hr,Valid
Banja Luka,PM2.5 - Principal,2023-06-25 08:00 AM,2023,06,25,08,6.8,28,Good,7.4,UG/M3,1 Hr,Valid
Banja Luka,PM2.5 - Principal,2023-06-25 09:00 AM,2023,06,25,09,7.5,31,Good,8.2,UG/M3,1 Hr,Valid
Banja Luka,PM2.5 - Principal,2023-06-25 10:00 AM,2023,06,25,10,7.9,33,Good,8.3,UG/M3,1 Hr,Valid
Banja Luka,PM2.5 - Principal,2023-06-25 11:00 AM,2023,06,25,11,7.8,33,Good,7.7,UG/M3,1 Hr,Valid
Banja Luka,PM2.5 - Principal,2023-06-25 12:00 PM,2023,06,25,12,7.9,33,Good,8.0,UG/M3,1 Hr,Valid
Banja Luka,PM2.5 - Principal,2023-06-25 01:00 PM,2023,06,25,13,8.3,35,Good,8.7,UG/M3,1 Hr,Valid
Banja Luka,PM2.5 - Principal,2023-06-25 02:00 PM,2023,06,25,14,8.4,35,Good,8.7,UG/M3,1 Hr,Valid
Banja Luka,PM2.5 - Principal,2023-06-25 03:00 PM,2023,06,25,15,8.5,35,Good,8.7,UG/M3,1 Hr,Valid
Banja Luka,PM2.5 - Principal,2023-06-25 04:00 PM,2023,06,25,16,8.9,37,Good,9.7,UG/M3,1 Hr,Valid
Banja Luka,PM2.5 - Principal,2023-06-25 05:00 PM,2023,06,25,17,9.0,38,Good,9.1,UG/M3,1 Hr,Valid
Banja Luka,PM2.5 - Principal,2023-06-25 06:00 PM,2023,06,25,18,9.0,38,Good,9.4,UG/M3,1 Hr,Valid
Banja Luka,PM2.5 - Principal,2023-06-25 07:00 PM,2023,06,25,19,9.2,38,Good,9.9,UG/M3,1 Hr,Valid
Banja Luka,PM2.5 - Principal,2023-06-25 08:00 PM,2023,06,25,20,9.3,39,Good,9.7,UG/M3,1 Hr,Valid
Banja Luka,PM2.5 - Principal,2023-06-25 09:00 PM,2023,06,25,21,9.4,39,Good,9.5,UG/M3,1 Hr,Valid
Banja Luka,PM2.5 - Principal,2023-06-25 10:00 PM,2023,06,25,22,9.4,39,Good,9.6,UG/M3,1 Hr,Valid
Banja Luka,PM2.5 - Principal,2023-06-25 11:00 PM,2023,06,25,23,9.6,40,Good,10.1,UG/M3,1 Hr,Valid
Banja Luka,PM2.5 - Principal,2023-06-26 12:00 AM,2023,06,26,00,9.9,41,Good,11.0,UG/M3,1 Hr,Valid
Banja Luka,PM2.5 - Principal,2023-06-26 01:00 AM,2023,06,26,01,9.9,41,Good,9.8,UG/M3,1 Hr,Valid
Banja Luka,PM2.5 - Principal,2023-06-26 02:00 AM,2023,06,26,02,9.9,41,Good,9.9,UG/M3,1 Hr,Valid
Banja Luka,PM2.5 - Principal,2023-06-26 03:00 AM,2023,06,26,03,9.9,41,Good,9.6,UG/M3,1 Hr,Valid
Banja Luka,PM2.5 - Principal,2023-06-26 04:00 AM,2023,06,26,04,9.8,41,Good,9.4,UG/M3,1 Hr,Valid
Banja Luka,PM2.5 - Principal,2023-06-26 05:00 AM,2023,06,26,05,9.7,40,Good,9.1,UG/M3,1 Hr,Valid
Banja Luka,PM2.5 - Principal,2023-06-26 06:00 AM,2023,06,26,06,9.6,40,Good,9.1,UG/M3,1 Hr,Valid
Banja Luka,PM2.5 - Principal,2023-06-26 07:00 AM,2023,06,26,07,9.5,40,Good,9.3,UG/M3,1 Hr,Valid
Banja Luka,PM2.5 - Principal,2023-06-26 08:00 AM,2023,06,26,08,9.5,40,Good,9.4,UG/M3,1 Hr,Valid
Banja Luka,PM2.5 - Principal,2023-06-26 09:00 AM,2023,06,26,09,9.6,40,Good,10.0,UG/M3,1 Hr,Valid
Banja Luka,PM2.5 - Principal,2023-06-26 10:00 AM,2023,06,26,10,9.7,40,Good,10.5,UG/M3,1 Hr,Valid
Banja Luka,PM2.5 - Principal,2023-06-26 11:00 AM,2023,06,26,11,9.7,40,Good,9.7,UG/M3,1 Hr,Valid
Banja Luka,PM2.5 - Principal,2023-06-26 12:00 PM,2023,06,26,12,9.7,40,Good,9.7,UG/M3,1 Hr,Valid
Banja Luka,PM2.5 - Principal,2023-06-26 01:00 PM,2023,06,26,13,9.7,40,Good,9.6,UG/M3,1 Hr,Valid
Banja Luka,PM2.5 - Principal,2023-06-26 02:00 PM,2023,06,26,14,9.7,40,Good,10.1,UG/M3,1 Hr,Valid
Banja Luka,PM2.5 - Principal,2023-06-26 03:00 PM,2023,06,26,15,9.8,41,Good,10.3,UG/M3,1 Hr,Valid
Banja Luka,PM2.5 - Principal,2023-06-26 04:00 PM,2023,06,26,16,10.3,43,Good,11.5,UG/M3,1 Hr,Valid
Banja Luka,PM2.5 - Principal,2023-06-26 05:00 PM,2023,06,26,17,10.5,44,Good,11.4,UG/M3,1 Hr,Valid
Banja Luka,PM2.5 - Principal,2023-06-26 06:00 PM,2023,06,26,18,10.9,45,Good,11.9,UG/M3,1 Hr,Valid
Banja Luka,PM2.5 - Principal,2023-06-26 07:00 PM,2023,06,26,19,11.0,46,Good,11.6,UG/M3,1 Hr,Valid
Banja Luka,PM2.5 - Principal,2023-06-26 08:00 PM,2023,06,26,20,11.0,46,Good,11.1,UG/M3,1 Hr,Valid
Banja Luka,PM2.5 - Principal,2023-06-26 09:00 PM,2023,06,26,21,10.9,45,Good,10.3,UG/M3,1 Hr,Valid
Banja Luka,PM2.5 - Principal,2023-06-26 10:00 PM,2023,06,26,22,10.6,44,Good,9.7,UG/M3,1 Hr,Valid
Banja Luka,PM2.5 - Principal,2023-06-26 11:00 PM,2023,06,26,23,11.3,47,Good,13.1,UG/M3,1 Hr,Valid
Banja Luka,PM2.5 - Principal,2023-06-27 12:00 AM,2023,06,27,00,11.6,48,Good,12.4,UG/M3,1 Hr,Valid
Banja Luka,PM2.5 - Principal,2023-06-27 01:00 AM,2023,06,27,01,11.9,50,Good,12.7,UG/M3,1 Hr,Valid
Banja Luka,PM2.5 - Principal,2023-06-27 02:00 AM,2023,06,27,02,11.9,50,Good,11.7,UG/M3,1 Hr,Valid
Banja Luka,PM2.5 - Principal,2023-06-27 03:00 AM,2023,06,27,03,11.7,49,Good,11.4,UG/M3,1 Hr,Valid
Banja Luka,PM2.5 - Principal,2023-06-27 04:00 AM,2023,06,27,04,11.6,48,Good,11.2,UG/M3,1 Hr,Valid
Banja Luka,PM2.5 - Principal,2023-06-27 05:00 AM,2023,06,27,05,11.4,48,Good,10.9,UG/M3,1 Hr,Valid
Banja Luka,PM2.5 - Principal,2023-06-27 06:00 AM,2023,06,27,06,11.2,47,Good,10.7,UG/M3,1 Hr,Valid
Banja Luka,PM2.5 - Principal,2023-06-27 07:00 AM,2023,06,27,07,11.2,47,Good,11.0,UG/M3,1 Hr,Valid
Banja Luka,PM2.5 - Principal,2023-06-27 08:00 AM,2023,06,27,08,11.2,47,Good,11.2,UG/M3,1 Hr,Valid
Banja Luka,PM2.5 - Principal,2023-06-27 09:00 AM,2023,06,27,09,11.2,47,Good,11.1,UG/M3,1 Hr,Valid
Banja Luka,PM2.5 - Principal,2023-06-27 10:00 AM,2023,06,27,10,11.3,47,Good,11.3,UG/M3,1 Hr,Valid
Banja Luka,PM2.5 - Principal,2023-06-27 11:00 AM,2023,06,27,11,11.6,48,Good,12.9,UG/M3,1 Hr,Valid
Banja Luka,PM2.5 - Principal,2023-06-27 12:00 PM,2023,06,27,12,11.6,48,Good,11.6,UG/M3,1 Hr,Valid
Banja Luka,PM2.5 - Principal,2023-06-27 01:00 PM,2023,06,27,13,11.4,48,Good,10.9,UG/M3,1 Hr,Valid
Banja Luka,PM2.5 - Principal,2023-06-27 02:00 PM,2023,06,27,14,10.9,45,Good,9.4,UG/M3,1 Hr,Valid
Banja Luka,PM2.5 - Principal,2023-06-27 03:00 PM,2023,06,27,15,10.5,44,Good,9.7,UG/M3,1 Hr,Valid
Banja Luka,PM2.5 - Principal,2023-06-27 04:00 PM,2023,06,27,16,10.7,45,Good,11.2,UG/M3,1 Hr,Valid
Banja Luka,PM2.5 - Principal,2023-06-27 05:00 PM,2023,06,27,17,11.0,46,Good,11.6,UG/M3,1 Hr,Valid
Banja Luka,PM2.5 - Principal,2023-06-27 06:00 PM,2023,06,27,18,12.6,52,Moderate,15.2,UG/M3,1 Hr,Valid
Banja Luka,PM2.5 - Principal,2023-06-27 07:00 PM,2023,06,27,19,13.1,53,Moderate,14.0,UG/M3,1 Hr,Valid
Banja Luka,PM2.5 - Principal,2023-06-27 08:00 PM,2023,06,27,20,12.9,53,Moderate,12.6,UG/M3,1 Hr,Valid
Banja Luka,PM2.5 - Principal,2023-06-27 09:00 PM,2023,06,27,21,12.0,50,Good,10.5,UG/M3,1 Hr,Valid
Banja Luka,PM2.5 - Principal,2023-06-27 10:00 PM,2023,06,27,22,11.5,48,Good,10.7,UG/M3,1 Hr,Valid
Banja Luka,PM2.5 - Principal,2023-06-27 11:00 PM,2023,06,27,23,11.7,49,Good,12.1,UG/M3,1 Hr,Valid
Banja Luka,PM2.5 - Principal,2023-06-28 12:00 AM,2023,06,28,00,11.0,46,Good,9.7,UG/M3,1 Hr,Valid
Banja Luka,PM2.5 - Principal,2023-06-28 01:00 AM,2023,06,28,01,10.6,44,Good,9.9,UG/M3,1 Hr,Valid
Banja Luka,PM2.5 - Principal,2023-06-28 02:00 AM,2023,06,28,02,9.9,41,Good,9.1,UG/M3,1 Hr,Valid
Banja Luka,PM2.5 - Principal,2023-06-28 03:00 AM,2023,06,28,03,9.0,38,Good,8.1,UG/M3,1 Hr,Valid
Banja Luka,PM2.5 - Principal,2023-06-28 04:00 AM,2023,06,28,04,8.9,37,Good,8.7,UG/M3,1 Hr,Valid
Banja Luka,PM2.5 - Principal,2023-06-28 05:00 AM,2023,06,28,05,7.8,33,Good,6.8,UG/M3,1 Hr,Valid
Banja Luka,PM2.5 - Principal,2023-06-28 06:00 AM,2023,06,28,06,7.1,30,Good,6.3,UG/M3,1 Hr,Valid
Banja Luka,PM2.5 - Principal,2023-06-28 07:00 AM,2023,06,28,07,6.6,28,Good,6.2,UG/M3,1 Hr,Valid
Banja Luka,PM2.5 - Principal,2023-06-28 08:00 AM,2023,06,28,08,6.5,27,Good,6.3,UG/M3,1 Hr,Valid
Banja Luka,PM2.5 - Principal,2023-06-28 09:00 AM,2023,06,28,09,6.9,29,Good,7.3,UG/M3,1 Hr,Valid
Banja Luka,PM2.5 - Principal,2023-06-28 10:00 AM,2023,06,28,10,7.3,30,Good,7.8,UG/M3,1 Hr,Valid
Banja Luka,PM2.5 - Principal,2023-06-28 11:00 AM,2023,06,28,11,7.9,33,Good,9.1,UG/M3,1 Hr,Valid
Banja Luka,PM2.5 - Principal,2023-06-28 12:00 PM,2023,06,28,12,8.2,34,Good,8.8,UG/M3,1 Hr,Valid
Banja Luka,PM2.5 - Principal,2023-06-28 01:00 PM,2023,06,28,13,8.4,35,Good,9.0,UG/M3,1 Hr,Valid
Banja Luka,PM2.5 - Principal,2023-06-28 02:00 PM,2023,06,28,14,8.0,33,Good,7.1,UG/M3,1 Hr,Valid
Banja Luka,PM2.5 - Principal,2023-06-28 03:00 PM,2023,06,28,15,7.5,31,Good,6.5,UG/M3,1 Hr,Valid
Banja Luka,PM2.5 - Principal,2023-06-28 04:00 PM,2023,06,28,16,7.2,30,Good,6.5,UG/M3,1 Hr,Valid
Banja Luka,PM2.5 - Principal,2023-06-28 05:00 PM,2023,06,28,17,6.9,29,Good,6.3,UG/M3,1 Hr,Valid
Banja Luka,PM2.5 - Principal,2023-06-28 06:00 PM,2023,06,28,18,6.8,28,Good,6.6,UG/M3,1 Hr,Valid
Banja Luka,PM2.5 - Principal,2023-06-28 07:00 PM,2023,06,28,19,5.9,25,Good,5.0,UG/M3,1 Hr,Valid
Banja Luka,PM2.5 - Principal,2023-06-28 08:00 PM,2023,06,28,20,5.3,22,Good,4.7,UG/M3,1 Hr,Valid
Banja Luka,PM2.5 - Principal,2023-06-28 09:00 PM,2023,06,28,21,5.1,21,Good,5.0,UG/M3,1 Hr,Valid
Banja Luka,PM2.5 - Principal,2023-06-28 10:00 PM,2023,06,28,22,5.0,21,Good,4.8,UG/M3,1 Hr,Valid
Banja Luka,PM2.5 - Principal,2023-06-28 11:00 PM,2023,06,28,23,5.9,25,Good,7.0,UG/M3,1 Hr,Valid
Banja Luka,PM2.5 - Principal,2023-06-29 12:00 AM,2023,06,29,00,6.8,28,Good,7.8,UG/M3,1 Hr,Valid
Banja Luka,PM2.5 - Principal,2023-06-29 01:00 AM,2023,06,29,01,7.0,29,Good,7.6,UG/M3,1 Hr,Valid
Banja Luka,PM2.5 - Principal,2023-06-29 02:00 AM,2023,06,29,02,7.1,30,Good,7.2,UG/M3,1 Hr,Valid
Banja Luka,PM2.5 - Principal,2023-06-29 03:00 AM,2023,06,29,03,7.0,29,Good,6.8,UG/M3,1 Hr,Valid
Banja Luka,PM2.5 - Principal,2023-06-29 04:00 AM,2023,06,29,04,6.8,28,Good,6.6,UG/M3,1 Hr,Valid
Banja Luka,PM2.5 - Principal,2023-06-29 05:00 AM,2023,06,29,05,7.0,29,Good,7.2,UG/M3,1 Hr,Valid
Banja Luka,PM2.5 - Principal,2023-06-29 06:00 AM,2023,06,29,06,6.8,28,Good,6.6,UG/M3,1 Hr,Valid
Banja Luka,PM2.5 - Principal,2023-06-29 07:00 AM,2023,06,29,07,6.8,28,Good,6.9,UG/M3,1 Hr,Valid
Banja Luka,PM2.5 - Principal,2023-06-29 08:00 AM,2023,06,29,08,6.9,29,Good,6.9,UG/M3,1 Hr,Valid
Banja Luka,PM2.5 - Principal,2023-06-29 09:00 AM,2023,06,29,09,6.8,28,Good,6.7,UG/M3,1 Hr,Valid
Banja Luka,PM2.5 - Principal,2023-06-29 10:00 AM,2023,06,29,10,6.9,29,Good,6.7,UG/M3,1 Hr,Valid
Banja Luka,PM2.5 - Principal,2023-06-29 11:00 AM,2023,06,29,11,7.0,29,Good,7.8,UG/M3,1 Hr,Valid
Banja Luka,PM2.5 - Principal,2023-06-29 12:00 PM,2023,06,29,12,7.0,29,Good,6.7,UG/M3,1 Hr,Valid
Banja Luka,PM2.5 - Principal,2023-06-29 01:00 PM,2023,06,29,13,6.8,28,Good,6.2,UG/M3,1 Hr,Valid
Banja Luka,PM2.5 - Principal,2023-06-29 02:00 PM,2023,06,29,14,6.6,28,Good,6.2,UG/M3,1 Hr,Valid
Banja Luka,PM2.5 - Principal,2023-06-29 03:00 PM,2023,06,29,15,6.5,27,Good,6.2,UG/M3,1 Hr,Valid
Banja Luka,PM2.5 - Principal,2023-06-29 04:00 PM,2023,06,29,16,6.4,27,Good,6.1,UG/M3,1 Hr,Valid
Banja Luka,PM2.5 - Principal,2023-06-29 05:00 PM,2023,06,29,17,6.3,26,Good,6.1,UG/M3,1 Hr,Valid
Banja Luka,PM2.5 - Principal,2023-06-29 06:00 PM,2023,06,29,18,6.4,27,Good,6.4,UG/M3,1 Hr,Valid
Banja Luka,PM2.5 - Principal,2023-06-29 07:00 PM,2023,06,29,19,6.2,26,Good,5.9,UG/M3,1 Hr,Valid
Banja Luka,PM2.5 - Principal,2023-06-29 08:00 PM,2023,06,29,20,6.2,26,Good,6.2,UG/M3,1 Hr,Valid
Banja Luka,PM2.5 - Principal,2023-06-29 09:00 PM,2023,06,29,21,6.3,26,Good,6.6,UG/M3,1 Hr,Valid
Banja Luka,PM2.5 - Principal,2023-06-29 10:00 PM,2023,06,29,22,6.6,28,Good,7.5,UG/M3,1 Hr,Valid
Banja Luka,PM2.5 - Principal,2023-06-29 11:00 PM,2023,06,29,23,8.7,36,Good,10.9,UG/M3,1 Hr,Valid
Banja Luka,PM2.5 - Principal,2023-06-30 12:00 AM,2023,06,30,00,10.3,43,Good,11.7,UG/M3,1 Hr,Valid
Banja Luka,PM2.5 - Principal,2023-06-30 01:00 AM,2023,06,30,01,11.3,47,Good,12.2,UG/M3,1 Hr,Valid
Banja Luka,PM2.5 - Principal,2023-06-30 02:00 AM,2023,06,30,02,11.7,49,Good,12.0,UG/M3,1 Hr,Valid
Banja Luka,PM2.5 - Principal,2023-06-30 03:00 AM,2023,06,30,03,10.0,42,Good,8.4,UG/M3,1 Hr,Valid
Banja Luka,PM2.5 - Principal,2023-06-30 04:00 AM,2023,06,30,04,8.9,37,Good,7.9,UG/M3,1 Hr,Valid
Banja Luka,PM2.5 - Principal,2023-06-30 05:00 AM,2023,06,30,05,8.8,37,Good,8.6,UG/M3,1 Hr,Valid
Banja Luka,PM2.5 - Principal,2023-06-30 06:00 AM,2023,06,30,06,8.8,37,Good,8.9,UG/M3,1 Hr,Valid
Banja Luka,PM2.5 - Principal,2023-06-30 07:00 AM,2023,06,30,07,9.1,38,Good,9.3,UG/M3,1 Hr,Valid
Banja Luka,PM2.5 - Principal,2023-06-30 08:00 AM,2023,06,30,08,9.8,41,Good,10.6,UG/M3,1 Hr,Valid
Banja Luka,PM2.5 - Principal,2023-06-30 09:00 AM,2023,06,30,09,10.7,45,Good,12.3,UG/M3,1 Hr,Valid
Banja Luka,PM2.5 - Principal,2023-06-30 10:00 AM,2023,06,30,10,12.0,50,Good,13.7,UG/M3,1 Hr,Valid
Banja Luka,PM2.5 - Principal,2023-06-30 11:00 AM,2023,06,30,11,13.0,53,Moderate,14.1,UG/M3,1 Hr,Valid
Banja Luka,PM2.5 - Principal,2023-06-30 12:00 PM,2023,06,30,12,12.7,52,Moderate,12.2,UG/M3,1 Hr,Valid
Banja Luka,PM2.5 - Principal,2023-06-30 01:00 PM,2023,06,30,13,11.6,48,Good,10.2,UG/M3,1 Hr,Valid
Banja Luka,PM2.5 - Principal,2023-06-30 02:00 PM,2023,06,30,14,11.1,46,Good,10.4,UG/M3,1 Hr,Valid
Banja Luka,PM2.5 - Principal,2023-06-30 03:00 PM,2023,06,30,15,10.2,43,Good,9.2,UG/M3,1 Hr,Valid
Banja Luka,PM2.5 - Principal,2023-06-30 04:00 PM,2023,06,30,16,9.4,39,Good,8.2,UG/M3,1 Hr,Valid
Banja Luka,PM2.5 - Principal,2023-06-30 05:00 PM,2023,06,30,17,8.9,37,Good,8.2,UG/M3,1 Hr,Valid
Banja Luka,PM2.5 - Principal,2023-06-30 06:00 PM,2023,06,30,18,8.9,37,Good,9.0,UG/M3,1 Hr,Valid
Banja Luka,PM2.5 - Principal,2023-06-30 07:00 PM,2023,06,30,19,8.8,37,Good,8.6,UG/M3,1 Hr,Valid
Banja Luka,PM2.5 - Principal,2023-06-30 08:00 PM,2023,06,30,20,9.0,38,Good,9.2,UG/M3,1 Hr,Valid
Banja Luka,PM2.5 - Principal,2023-06-30 09:00 PM,2023,06,30,21,9.4,39,Good,10.1,UG/M3,1 Hr,Valid
Banja Luka,PM2.5 - Principal,2023-06-30 10:00 PM,2023,06,30,22,10.9,45,Good,12.9,UG/M3,1 Hr,Valid
Banja Luka,PM2.5 - Principal,2023-06-30 11:00 PM,2023,06,30,23,12.7,52,Moderate,14.7,UG/M3,1 Hr,Valid
Banja Luka,PM2.5 - Principal,2023-07-01 12:00 AM,2023,07,01,00,10.9,45,Good,8.8,UG/M3,1 Hr,Valid
Banja Luka,PM2.5 - Principal,2023-07-01 01:00 AM,2023,07,01,01,12.4,52,Moderate,14.2,UG/M3,1 Hr,Valid
Banja Luka,PM2.5 - Principal,2023-07-01 02:00 AM,2023,07,01,02,14.4,56,Moderate,16.3,UG/M3,1 Hr,Valid
Banja Luka,PM2.5 - Principal,2023-07-01 03:00 AM,2023,07,01,03,12.5,52,Moderate,10.5,UG/M3,1 Hr,Valid
Banja Luka,PM2.5 - Principal,2023-07-01 04:00 AM,2023,07,01,04,11.6,48,Good,10.7,UG/M3,1 Hr,Valid
Banja Luka,PM2.5 - Principal,2023-07-01 05:00 AM,2023,07,01,05,11.6,48,Good,11.6,UG/M3,1 Hr,Valid
Banja Luka,PM2.5 - Principal,2023-07-01 06:00 AM,2023,07,01,06,11.5,48,Good,11.3,UG/M3,1 Hr,Valid
Banja Luka,PM2.5 - Principal,2023-07-01 07:00 AM,2023,07,01,07,10.7,45,Good,9.9,UG/M3,1 Hr,Valid
Banja Luka,PM2.5 - Principal,2023-07-01 08:00 AM,2023,07,01,08,11.3,47,Good,11.9,UG/M3,1 Hr,Valid
Banja Luka,PM2.5 - Principal,2023-07-01 09:00 AM,2023,07,01,09,10.8,45,Good,10.3,UG/M3,1 Hr,Valid
Banja Luka,PM2.5 - Principal,2023-07-01 10:00 AM,2023,07,01,10,11.6,48,Good,12.4,UG/M3,1 Hr,Valid
Banja Luka,PM2.5 - Principal,2023-07-01 11:00 AM,2023,07,01,11,11.3,47,Good,10.9,UG/M3,1 Hr,Valid
Banja Luka,PM2.5 - Principal,2023-07-01 12:00 PM,2023,07,01,12,10.2,43,Good,8.9,UG/M3,1 Hr,Valid
Banja Luka,PM2.5 - Principal,2023-07-01 01:00 PM,2023,07,01,13,9.5,40,Good,8.8,UG/M3,1 Hr,Valid
Banja Luka,PM2.5 - Principal,2023-07-01 02:00 PM,2023,07,01,14,9.6,40,Good,8.6,UG/M3,1 Hr,Valid
Banja Luka,PM2.5 - Principal,2023-07-01 03:00 PM,2023,07,01,15,9.3,39,Good,8.7,UG/M3,1 Hr,Valid
Banja Luka,PM2.5 - Principal,2023-07-01 04:00 PM,2023,07,01,16,8.9,37,Good,8.2,UG/M3,1 Hr,Valid
Banja Luka,PM2.5 - Principal,2023-07-01 05:00 PM,2023,07,01,17,8.7,36,Good,8.5,UG/M3,1 Hr,Valid
Banja Luka,PM2.5 - Principal,2023-07-01 06:00 PM,2023,07,01,18,8.8,37,Good,9.0,UG/M3,1 Hr,Valid
Banja Luka,PM2.5 - Principal,2023-07-01 07:00 PM,2023,07,01,19,8.7,36,Good,8.6,UG/M3,1 Hr,Valid
Banja Luka,PM2.5 - Principal,2023-07-01 08:00 PM,2023,07,01,20,7.3,30,Good,5.9,UG/M3,1 Hr,Valid
Banja Luka,PM2.5 - Principal,2023-07-01 09:00 PM,2023,07,01,21,7.2,30,Good,7.1,UG/M3,1 Hr,Valid
Banja Luka,PM2.5 - Principal,2023-07-01 10:00 PM,2023,07,01,22,7.7,32,Good,8.3,UG/M3,1 Hr,Valid
Banja Luka,PM2.5 - Principal,2023-07-01 11:00 PM,2023,07,01,23,7.7,32,Good,7.6,UG/M3,1 Hr,Valid
Banja Luka,PM2.5 - Principal,2023-07-02 12:00 AM,2023,07,02,00,7.2,30,Good,6.3,UG/M3,1 Hr,Valid
Banja Luka,PM2.5 - Principal,2023-07-02 01:00 AM,2023,07,02,01,7.6,32,Good,8.5,UG/M3,1 Hr,Valid
Banja Luka,PM2.5 - Principal,2023-07-02 02:00 AM,2023,07,02,02,7.3,30,Good,6.7,UG/M3,1 Hr,Valid
Banja Luka,PM2.5 - Principal,2023-07-02 03:00 AM,2023,07,02,03,7.1,30,Good,6.6,UG/M3,1 Hr,Valid
Banja Luka,PM2.5 - Principal,2023-07-02 04:00 AM,2023,07,02,04,6.9,29,Good,6.6,UG/M3,1 Hr,Valid
Banja Luka,PM2.5 - Principal,2023-07-02 05:00 AM,2023,07,02,05,6.7,28,Good,6.5,UG/M3,1 Hr,Valid
Banja Luka,PM2.5 - Principal,2023-07-02 06:00 AM,2023,07,02,06,6.7,28,Good,6.6,UG/M3,1 Hr,Valid
Banja Luka,PM2.5 - Principal,2023-07-02 07:00 AM,2023,07,02,07,6.8,28,Good,6.9,UG/M3,1 Hr,Valid
Banja Luka,PM2.5 - Principal,2023-07-02 08:00 AM,2023,07,02,08,6.9,29,Good,7.3,UG/M3,1 Hr,Valid
Banja Luka,PM2.5 - Principal,2023-07-02 09:00 AM,2023,07,02,09,7.1,30,Good,7.5,UG/M3,1 Hr,Valid
Banja Luka,PM2.5 - Principal,2023-07-02 10:00 AM,2023,07,02,10,7.1,30,Good,7.4,UG/M3,1 Hr,Valid
Banja Luka,PM2.5 - Principal,2023-07-02 11:00 AM,2023,07,02,11,7.5,31,Good,8.4,UG/M3,1 Hr,Valid
Banja Luka,PM2.5 - Principal,2023-07-02 12:00 PM,2023,07,02,12,9.2,38,Good,11.2,UG/M3,1 Hr,Valid
Banja Luka,PM2.5 - Principal,2023-07-02 01:00 PM,2023,07,02,13,10.0,42,Good,11.2,UG/M3,1 Hr,Valid
Banja Luka,PM2.5 - Principal,2023-07-02 02:00 PM,2023,07,02,14,10.8,45,Good,11.7,UG/M3,1 Hr,Valid
Banja Luka,PM2.5 - Principal,2023-07-02 03:00 PM,2023,07,02,15,11.1,46,Good,11.5,UG/M3,1 Hr,Valid
Banja Luka,PM2.5 - Principal,2023-07-02 04:00 PM,2023,07,02,16,11.2,47,Good,11.2,UG/M3,1 Hr,Valid
Banja Luka,PM2.5 - Principal,2023-07-02 05:00 PM,2023,07,02,17,11.1,46,Good,11.0,UG/M3,1 Hr,Valid
Banja Luka,PM2.5 - Principal,2023-07-02 06:00 PM,2023,07,02,18,10.9,45,Good,10.6,UG/M3,1 Hr,Valid
Banja Luka,PM2.5 - Principal,2023-07-02 07:00 PM,2023,07,02,19,10.6,44,Good,10.1,UG/M3,1 Hr,Valid
Banja Luka,PM2.5 - Principal,2023-07-02 08:00 PM,2023,07,02,20,10.4,43,Good,10.1,UG/M3,1 Hr,Valid
Banja Luka,PM2.5 - Principal,2023-07-02 09:00 PM,2023,07,02,21,10.5,44,Good,10.5,UG/M3,1 Hr,Valid
Banja Luka,PM2.5 - Principal,2023-07-02 10:00 PM,2023,07,02,22,10.6,44,Good,10.9,UG/M3,1 Hr,Valid
Banja Luka,PM2.5 - Principal,2023-07-02 11:00 PM,2023,07,02,23,10.9,45,Good,11.6,UG/M3,1 Hr,Valid
Banja Luka,PM2.5 - Principal,2023-07-03 12:00 AM,2023,07,03,00,11.3,47,Good,12.7,UG/M3,1 Hr,Valid
Banja Luka,PM2.5 - Principal,2023-07-03 01:00 AM,2023,07,03,01,11.2,47,Good,11.1,UG/M3,1 Hr,Valid
Banja Luka,PM2.5 - Principal,2023-07-03 02:00 AM,2023,07,03,02,11.1,46,Good,10.5,UG/M3,1 Hr,Valid
Banja Luka,PM2.5 - Principal,2023-07-03 03:00 AM,2023,07,03,03,11.0,46,Good,10.7,UG/M3,1 Hr,Valid
Banja Luka,PM2.5 - Principal,2023-07-03 04:00 AM,2023,07,03,04,10.9,45,Good,10.5,UG/M3,1 Hr,Valid
Banja Luka,PM2.5 - Principal,2023-07-03 05:00 AM,2023,07,03,05,10.9,45,Good,11.0,UG/M3,1 Hr,Valid
Banja Luka,PM2.5 - Principal,2023-07-03 06:00 AM,2023,07,03,06,10.7,45,Good,10.2,UG/M3,1 Hr,Valid
Banja Luka,PM2.5 - Principal,2023-07-03 07:00 AM,2023,07,03,07,10.9,45,Good,11.4,UG/M3,1 Hr,Valid
Banja Luka,PM2.5 - Principal,2023-07-03 08:00 AM,2023,07,03,08,11.0,46,Good,11.5,UG/M3,1 Hr,Valid
Banja Luka,PM2.5 - Principal,2023-07-03 09:00 AM,2023,07,03,09,11.1,46,Good,11.3,UG/M3,1 Hr,Valid
Banja Luka,PM2.5 - Principal,2023-07-03 10:00 AM,2023,07,03,10,11.0,46,Good,10.7,UG/M3,1 Hr,Valid
Banja Luka,PM2.5 - Principal,2023-07-03 11:00 AM,2023,07,03,11,11.6,48,Good,13.5,UG/M3,1 Hr,Valid
Banja Luka,PM2.5 - Principal,2023-07-03 12:00 PM,2023,07,03,12,12.2,51,Moderate,13.7,UG/M3,1 Hr,Valid
Banja Luka,PM2.5 - Principal,2023-07-03 01:00 PM,2023,07,03,13,12.5,52,Moderate,13.2,UG/M3,1 Hr,Valid
Banja Luka,PM2.5 - Principal,2023-07-03 02:00 PM,2023,07,03,14,12.8,52,Moderate,13.6,UG/M3,1 Hr,Valid
Banja Luka,PM2.5 - Principal,2023-07-03 03:00 PM,2023,07,03,15,12.5,52,Moderate,11.6,UG/M3,1 Hr,Valid
Banja Luka,PM2.5 - Principal,2023-07-03 04:00 PM,2023,07,03,16,12.4,52,Moderate,12.1,UG/M3,1 Hr,Valid
Banja Luka,PM2.5 - Principal,2023-07-03 05:00 PM,2023,07,03,17,13.4,54,Moderate,15.5,UG/M3,1 Hr,Valid
Banja Luka,PM2.5 - Principal,2023-07-03 06:00 PM,2023,07,03,18,13.9,55,Moderate,14.9,UG/M3,1 Hr,Valid
Banja Luka,PM2.5 - Principal,2023-07-03 07:00 PM,2023,07,03,19,13.8,55,Moderate,13.6,UG/M3,1 Hr,Valid
Banja Luka,PM2.5 - Principal,2023-07-03 08:00 PM,2023,07,03,20,13.0,53,Moderate,11.3,UG/M3,1 Hr,Valid
Banja Luka,PM2.5 - Principal,2023-07-03 09:00 PM,2023,07,03,21,12.8,52,Moderate,12.1,UG/M3,1 Hr,Valid
Banja Luka,PM2.5 - Principal,2023-07-03 10:00 PM,2023,07,03,22,12.9,53,Moderate,13.0,UG/M3,1 Hr,Valid
Banja Luka,PM2.5 - Principal,2023-07-03 11:00 PM,2023,07,03,23,13.5,54,Moderate,15.3,UG/M3,1 Hr,Valid
Banja Luka,PM2.5 - Principal,2023-07-04 12:00 AM,2023,07,04,00,13.6,54,Moderate,13.9,UG/M3,1 Hr,Valid
Banja Luka,PM2.5 - Principal,2023-07-04 01:00 AM,2023,07,04,01,13.2,53,Moderate,12.1,UG/M3,1 Hr,Valid
Banja Luka,PM2.5 - Principal,2023-07-04 02:00 AM,2023,07,04,02,12.9,53,Moderate,12.0,UG/M3,1 Hr,Valid
Banja Luka,PM2.5 - Principal,2023-07-04 03:00 AM,2023,07,04,03,13.1,53,Moderate,13.6,UG/M3,1 Hr,Valid
Banja Luka,PM2.5 - Principal,2023-07-04 04:00 AM,2023,07,04,04,12.8,52,Moderate,12.0,UG/M3,1 Hr,Valid
Banja Luka,PM2.5 - Principal,2023-07-04 05:00 AM,2023,07,04,05,12.6,52,Moderate,11.9,UG/M3,1 Hr,Valid
Banja Luka,PM2.5 - Principal,2023-07-04 06:00 AM,2023,07,04,06,12.5,52,Moderate,12.3,UG/M3,1 Hr,Valid
Banja Luka,PM2.5 - Principal,2023-07-04 07:00 AM,2023,07,04,07,12.0,50,Good,11.0,UG/M3,1 Hr,Valid
Banja Luka,PM2.5 - Principal,2023-07-04 08:00 AM,2023,07,04,08,11.4,48,Good,10.4,UG/M3,1 Hr,Valid
Banja Luka,PM2.5 - Principal,2023-07-04 09:00 AM,2023,07,04,09,11.3,47,Good,10.9,UG/M3,1 Hr,Valid
Banja Luka,PM2.5 - Principal,2023-07-04 10:00 AM,2023,07,04,10,11.3,47,Good,11.3,UG/M3,1 Hr,Valid
Banja Luka,PM2.5 - Principal,2023-07-04 11:00 AM,2023,07,04,11,11.3,47,Good,11.3,UG/M3,1 Hr,Valid
Banja Luka,PM2.5 - Principal,2023-07-04 12:00 PM,2023,07,04,12,11.2,47,Good,10.8,UG/M3,1 Hr,Valid
Banja Luka,PM2.5 - Principal,2023-07-04 01:00 PM,2023,07,04,13,11.5,48,Good,12.6,UG/M3,1 Hr,Valid
Banja Luka,PM2.5 - Principal,2023-07-04 02:00 PM,2023,07,04,14,11.5,48,Good,11.4,UG/M3,1 Hr,Valid
Banja Luka,PM2.5 - Principal,2023-07-04 03:00 PM,2023,07,04,15,11.3,47,Good,10.9,UG/M3,1 Hr,Valid
Banja Luka,PM2.5 - Principal,2023-07-04 04:00 PM,2023,07,04,16,11.6,48,Good,12.6,UG/M3,1 Hr,Valid
Banja Luka,PM2.5 - Principal,2023-07-04 05:00 PM,2023,07,04,17,12.5,52,Moderate,14.5,UG/M3,1 Hr,Valid
Banja Luka,PM2.5 - Principal,2023-07-04 06:00 PM,2023,07,04,18,13.0,53,Moderate,14.4,UG/M3,1 Hr,Valid
Banja Luka,PM2.5 - Principal,2023-07-04 07:00 PM,2023,07,04,19,14.1,55,Moderate,15.7,UG/M3,1 Hr,Valid
Banja Luka,PM2.5 - Principal,2023-07-04 08:00 PM,2023,07,04,20,14.9,57,Moderate,16.5,UG/M3,1 Hr,Valid
Banja Luka,PM2.5 - Principal,2023-07-04 09:00 PM,2023,07,04,21,15.8,59,Moderate,17.0,UG/M3,1 Hr,Valid
Banja Luka,PM2.5 - Principal,2023-07-04 10:00 PM,2023,07,04,22,16.5,60,Moderate,17.6,UG/M3,1 Hr,Valid
Banja Luka,PM2.5 - Principal,2023-07-04 11:00 PM,2023,07,04,23,18.0,63,Moderate,19.5,UG/M3,1 Hr,Valid
Banja Luka,PM2.5 - Principal,2023-07-05 12:00 AM,2023,07,05,00,18.8,65,Moderate,19.9,UG/M3,1 Hr,Valid
Banja Luka,PM2.5 - Principal,2023-07-05 01:00 AM,2023,07,05,01,20.1,68,Moderate,21.2,UG/M3,1 Hr,Valid
Banja Luka,PM2.5 - Principal,2023-07-05 02:00 AM,2023,07,05,02,20.4,68,Moderate,20.8,UG/M3,1 Hr,Valid
Banja Luka,PM2.5 - Principal,2023-07-05 03:00 AM,2023,07,05,03,22.2,72,Moderate,24.1,UG/M3,1 Hr,Valid
Banja Luka,PM2.5 - Principal,2023-07-05 04:00 AM,2023,07,05,04,20.7,69,Moderate,19.2,UG/M3,1 Hr,Valid
Banja Luka,PM2.5 - Principal,2023-07-05 05:00 AM,2023,07,05,05,20.1,68,Moderate,19.1,UG/M3,1 Hr,Valid
Banja Luka,PM2.5 - Principal,2023-07-05 06:00 AM,2023,07,05,06,18.7,65,Moderate,16.1,UG/M3,1 Hr,Valid
Banja Luka,PM2.5 - Principal,2023-07-05 07:00 AM,2023,07,05,07,17.0,61,Moderate,14.6,UG/M3,1 Hr,Valid
Banja Luka,PM2.5 - Principal,2023-07-05 08:00 AM,2023,07,05,08,17.5,62,Moderate,18.2,UG/M3,1 Hr,Valid
Banja Luka,PM2.5 - Principal,2023-07-05 09:00 AM,2023,07,05,09,17.0,61,Moderate,16.3,UG/M3,1 Hr,Valid
Banja Luka,PM2.5 - Principal,2023-07-05 10:00 AM,2023,07,05,10,17.8,63,Moderate,19.1,UG/M3,1 Hr,Valid
Banja Luka,PM2.5 - Principal,2023-07-05 11:00 AM,2023,07,05,11,19.8,67,Moderate,23.0,UG/M3,1 Hr,Valid
Banja Luka,PM2.5 - Principal,2023-07-05 12:00 PM,2023,07,05,12,20.1,68,Moderate,20.5,UG/M3,1 Hr,Valid
Banja Luka,PM2.5 - Principal,2023-07-05 01:00 PM,2023,07,05,13,22.2,72,Moderate,25.1,UG/M3,1 Hr,Valid
Banja Luka,PM2.5 - Principal,2023-07-05 02:00 PM,2023,07,05,14,23.3,75,Moderate,24.9,UG/M3,1 Hr,Valid
Banja Luka,PM2.5 - Principal,2023-07-05 03:00 PM,2023,07,05,15,25.5,79,Moderate,27.5,UG/M3,1 Hr,Valid
Banja Luka,PM2.5 - Principal,2023-07-05 04:00 PM,2023,07,05,16,26.0,80,Moderate,26.6,UG/M3,1 Hr,Valid
Banja Luka,PM2.5 - Principal,2023-07-05 05:00 PM,2023,07,05,17,26.8,82,Moderate,27.6,UG/M3,1 Hr,Valid
Banja Luka,PM2.5 - Principal,2023-07-05 06:00 PM,2023,07,05,18,27.0,82,Moderate,27.2,UG/M3,1 Hr,Valid
Banja Luka,PM2.5 - Principal,2023-07-05 07:00 PM,2023,07,05,19,27.2,83,Moderate,27.7,UG/M3,1 Hr,Valid
Banja Luka,PM2.5 - Principal,2023-07-05 08:00 PM,2023,07,05,20,27.1,83,Moderate,27.1,UG/M3,1 Hr,Valid
Banja Luka,PM2.5 - Principal,2023-07-05 09:00 PM,2023,07,05,21,27.4,83,Moderate,28.3,UG/M3,1 Hr,Valid
Banja Luka,PM2.5 - Principal,2023-07-05 10:00 PM,2023,07,05,22,31.1,91,Moderate,35.7,UG/M3,1 Hr,Valid
Banja Luka,PM2.5 - Principal,2023-07-05 11:00 PM,2023,07,05,23,30.6,90,Moderate,29.9,UG/M3,1 Hr,Valid
Banja Luka,PM2.5 - Principal,2023-07-06 12:00 AM,2023,07,06,00,26.6,81,Moderate,21.0,UG/M3,1 Hr,Valid
Banja Luka,PM2.5 - Principal,2023-07-06 01:00 AM,2023,07,06,01,19.9,67,Moderate,13.9,UG/M3,1 Hr,Valid
Banja Luka,PM2.5 - Principal,2023-07-06 02:00 AM,2023,07,06,02,17.8,63,Moderate,15.8,UG/M3,1 Hr,Valid
Banja Luka,PM2.5 - Principal,2023-07-06 03:00 AM,2023,07,06,03,16.1,59,Moderate,14.4,UG/M3,1 Hr,Valid
Banja Luka,PM2.5 - Principal,2023-07-06 04:00 AM,2023,07,06,04,14.9,57,Moderate,13.8,UG/M3,1 Hr,Valid
Banja Luka,PM2.5 - Principal,2023-07-06 05:00 AM,2023,07,06,05,14.3,56,Moderate,13.8,UG/M3,1 Hr,Valid
Banja Luka,PM2.5 - Principal,2023-07-06 06:00 AM,2023,07,06,06,13.2,53,Moderate,12.1,UG/M3,1 Hr,Valid
Banja Luka,PM2.5 - Principal,2023-07-06 07:00 AM,2023,07,06,07,13.0,53,Moderate,12.9,UG/M3,1 Hr,Valid
Banja Luka,PM2.5 - Principal,2023-07-06 08:00 AM,2023,07,06,08,13.0,53,Moderate,13.0,UG/M3,1 Hr,Valid
Banja Luka,PM2.5 - Principal,2023-07-06 09:00 AM,2023,07,06,09,12.4,52,Moderate,11.8,UG/M3,1 Hr,Valid
Banja Luka,PM2.5 - Principal,2023-07-06 10:00 AM,2023,07,06,10,9.8,41,Good,7.2,UG/M3,1 Hr,Valid
Banja Luka,PM2.5 - Principal,2023-07-06 11:00 AM,2023,07,06,11,8.7,36,Good,7.6,UG/M3,1 Hr,Valid
Banja Luka,PM2.5 - Principal,2023-07-06 12:00 PM,2023,07,06,12,8.1,34,Good,7.6,UG/M3,1 Hr,Valid
Banja Luka,PM2.5 - Principal,2023-07-06 01:00 PM,2023,07,06,13,7.0,29,Good,6.0,UG/M3,1 Hr,Valid
Banja Luka,PM2.5 - Principal,2023-07-06 02:00 PM,2023,07,06,14,6.8,28,Good,6.6,UG/M3,1 Hr,Valid
Banja Luka,PM2.5 - Principal,2023-07-06 03:00 PM,2023,07,06,15,6.8,28,Good,6.8,UG/M3,1 Hr,Valid
Banja Luka,PM2.5 - Principal,2023-07-06 04:00 PM,2023,07,06,16,7.0,29,Good,7.3,UG/M3,1 Hr,Valid
Banja Luka,PM2.5 - Principal,2023-07-06 05:00 PM,2023,07,06,17,8.4,35,Good,9.8,UG/M3,1 Hr,Valid
Banja Luka,PM2.5 - Principal,2023-07-06 06:00 PM,2023,07,06,18,8.5,35,Good,8.7,UG/M3,1 Hr,Valid
Banja Luka,PM2.5 - Principal,2023-07-06 07:00 PM,2023,07,06,19,8.5,35,Good,8.4,UG/M3,1 Hr,Valid
Banja Luka,PM2.5 - Principal,2023-07-06 08:00 PM,2023,07,06,20,8.3,35,Good,8.1,UG/M3,1 Hr,Valid
Banja Luka,PM2.5 - Principal,2023-07-06 09:00 PM,2023,07,06,21,8.3,35,Good,8.3,UG/M3,1 Hr,Valid
Banja Luka,PM2.5 - Principal,2023-07-06 10:00 PM,2023,07,06,22,8.1,34,Good,7.8,UG/M3,1 Hr,Valid
Banja Luka,PM2.5 - Principal,2023-07-06 11:00 PM,2023,07,06,23,9.0,38,Good,10.4,UG/M3,1 Hr,Valid
Banja Luka,PM2.5 - Principal,2023-07-07 12:00 AM,2023,07,07,00,8.5,35,Good,7.8,UG/M3,1 Hr,Valid
Banja Luka,PM2.5 - Principal,2023-07-07 01:00 AM,2023,07,07,01,8.3,35,Good,8.0,UG/M3,1 Hr,Valid
Banja Luka,PM2.5 - Principal,2023-07-07 02:00 AM,2023,07,07,02,8.1,34,Good,7.8,UG/M3,1 Hr,Valid
Banja Luka,PM2.5 - Principal,2023-07-07 03:00 AM,2023,07,07,03,7.9,33,Good,7.2,UG/M3,1 Hr,Valid
Banja Luka,PM2.5 - Principal,2023-07-07 04:00 AM,2023,07,07,04,7.8,33,Good,7.5,UG/M3,1 Hr,Valid
Banja Luka,PM2.5 - Principal,2023-07-07 05:00 AM,2023,07,07,05,7.7,32,Good,7.5,UG/M3,1 Hr,Valid
Banja Luka,PM2.5 - Principal,2023-07-07 06:00 AM,2023,07,07,06,7.7,32,Good,7.7,UG/M3,1 Hr,Valid
Banja Luka,PM2.5 - Principal,2023-07-07 07:00 AM,2023,07,07,07,7.5,31,Good,7.2,UG/M3,1 Hr,Valid
Banja Luka,PM2.5 - Principal,2023-07-07 08:00 AM,2023,07,07,08,7.6,32,Good,7.9,UG/M3,1 Hr,Valid
Banja Luka,PM2.5 - Principal,2023-07-07 09:00 AM,2023,07,07,09,8.1,34,Good,9.3,UG/M3,1 Hr,Valid
Banja Luka,PM2.5 - Principal,2023-07-07 10:00 AM,2023,07,07,10,8.1,34,Good,8.1,UG/M3,1 Hr,Valid
Banja Luka,PM2.5 - Principal,2023-07-07 11:00 AM,2023,07,07,11,8.0,33,Good,8.0,UG/M3,1 Hr,Valid
Banja Luka,PM2.5 - Principal,2023-07-07 12:00 PM,2023,07,07,12,7.8,33,Good,7.1,UG/M3,1 Hr,Valid
Banja Luka,PM2.5 - Principal,2023-07-07 01:00 PM,2023,07,07,13,8.1,34,Good,9.0,UG/M3,1 Hr,Valid
Banja Luka,PM2.5 - Principal,2023-07-07 02:00 PM,2023,07,07,14,8.0,33,Good,7.6,UG/M3,1 Hr,Valid
Banja Luka,PM2.5 - Principal,2023-07-07 03:00 PM,2023,07,07,15,8.0,33,Good,7.9,UG/M3,1 Hr,Valid
Banja Luka,PM2.5 - Principal,2023-07-07 04:00 PM,2023,07,07,16,8.0,33,Good,7.9,UG/M3,1 Hr,Valid
Banja Luka,PM2.5 - Principal,2023-07-07 05:00 PM,2023,07,07,17,7.9,33,Good,7.9,UG/M3,1 Hr,Valid
Banja Luka,PM2.5 - Principal,2023-07-07 06:00 PM,2023,07,07,18,7.8,33,Good,7.4,UG/M3,1 Hr,Valid
Banja Luka,PM2.5 - Principal,2023-07-07 07:00 PM,2023,07,07,19,7.5,31,Good,6.7,UG/M3,1 Hr,Valid
Banja Luka,PM2.5 - Principal,2023-07-07 08:00 PM,2023,07,07,20,7.5,31,Good,7.5,UG/M3,1 Hr,Valid
Banja Luka,PM2.5 - Principal,2023-07-07 09:00 PM,2023,07,07,21,7.6,32,Good,7.9,UG/M3,1 Hr,Valid
Banja Luka,PM2.5 - Principal,2023-07-07 10:00 PM,2023,07,07,22,8.6,36,Good,10.4,UG/M3,1 Hr,Valid
Banja Luka,PM2.5 - Principal,2023-07-07 11:00 PM,2023,07,07,23,10.9,45,Good,12.9,UG/M3,1 Hr,Valid
Banja Luka,PM2.5 - Principal,2023-07-08 12:00 AM,2023,07,08,00,10.8,45,Good,10.8,UG/M3,1 Hr,Valid
Banja Luka,PM2.5 - Principal,2023-07-08 01:00 AM,2023,07,08,01,10.6,44,Good,10.3,UG/M3,1 Hr,Valid
Banja Luka,PM2.5 - Principal,2023-07-08 02:00 AM,2023,07,08,02,9.7,40,Good,8.7,UG/M3,1 Hr,Valid
Banja Luka,PM2.5 - Principal,2023-07-08 03:00 AM,2023,07,08,03,8.9,37,Good,8.2,UG/M3,1 Hr,Valid
Banja Luka,PM2.5 - Principal,2023-07-08 04:00 AM,2023,07,08,04,8.6,36,Good,8.3,UG/M3,1 Hr,Valid
Banja Luka,PM2.5 - Principal,2023-07-08 05:00 AM,2023,07,08,05,8.4,35,Good,8.1,UG/M3,1 Hr,Valid
Banja Luka,PM2.5 - Principal,2023-07-08 06:00 AM,2023,07,08,06,8.3,35,Good,8.1,UG/M3,1 Hr,Valid
Banja Luka,PM2.5 - Principal,2023-07-08 07:00 AM,2023,07,08,07,8.2,34,Good,8.0,UG/M3,1 Hr,Valid
Banja Luka,PM2.5 - Principal,2023-07-08 08:00 AM,2023,07,08,08,8.5,35,Good,8.9,UG/M3,1 Hr,Valid
Banja Luka,PM2.5 - Principal,2023-07-08 09:00 AM,2023,07,08,09,9.1,38,Good,10.1,UG/M3,1 Hr,Valid
Banja Luka,PM2.5 - Principal,2023-07-08 10:00 AM,2023,07,08,10,8.8,37,Good,8.5,UG/M3,1 Hr,Valid
Banja Luka,PM2.5 - Principal,2023-07-08 11:00 AM,2023,07,08,11,8.9,37,Good,9.1,UG/M3,1 Hr,Valid
Banja Luka,PM2.5 - Principal,2023-07-08 12:00 PM,2023,07,08,12,8.8,37,Good,8.9,UG/M3,1 Hr,Valid
Banja Luka,PM2.5 - Principal,2023-07-08 01:00 PM,2023,07,08,13,9.1,38,Good,10.1,UG/M3,1 Hr,Valid
Banja Luka,PM2.5 - Principal,2023-07-08 02:00 PM,2023,07,08,14,9.1,38,Good,9.1,UG/M3,1 Hr,Valid
Banja Luka,PM2.5 - Principal,2023-07-08 03:00 PM,2023,07,08,15,9.0,38,Good,8.7,UG/M3,1 Hr,Valid
Banja Luka,PM2.5 - Principal,2023-07-08 04:00 PM,2023,07,08,16,9.1,38,Good,9.2,UG/M3,1 Hr,Valid
Banja Luka,PM2.5 - Principal,2023-07-08 05:00 PM,2023,07,08,17,9.1,38,Good,9.0,UG/M3,1 Hr,Valid
Banja Luka,PM2.5 - Principal,2023-07-08 06:00 PM,2023,07,08,18,9.2,38,Good,9.5,UG/M3,1 Hr,Valid
Banja Luka,PM2.5 - Principal,2023-07-08 07:00 PM,2023,07,08,19,9.3,39,Good,9.6,UG/M3,1 Hr,Valid
Banja Luka,PM2.5 - Principal,2023-07-08 08:00 PM,2023,07,08,20,9.4,39,Good,9.8,UG/M3,1 Hr,Valid
Banja Luka,PM2.5 - Principal,2023-07-08 09:00 PM,2023,07,08,21,9.5,40,Good,10.0,UG/M3,1 Hr,Valid
Banja Luka,PM2.5 - Principal,2023-07-08 10:00 PM,2023,07,08,22,9.7,40,Good,10.6,UG/M3,1 Hr,Valid
Banja Luka,PM2.5 - Principal,2023-07-08 11:00 PM,2023,07,08,23,11.0,46,Good,13.0,UG/M3,1 Hr,Valid
Banja Luka,PM2.5 - Principal,2023-07-09 12:00 AM,2023,07,09,00,12.4,52,Moderate,14.3,UG/M3,1 Hr,Valid
Banja Luka,PM2.5 - Principal,2023-07-09 01:00 AM,2023,07,09,01,14.2,55,Moderate,16.0,UG/M3,1 Hr,Valid
Banja Luka,PM2.5 - Principal,2023-07-09 02:00 AM,2023,07,09,02,15.5,58,Moderate,16.7,UG/M3,1 Hr,Valid
Banja Luka,PM2.5 - Principal,2023-07-09 03:00 AM,2023,07,09,03,14.8,57,Moderate,14.0,UG/M3,1 Hr,Valid
Banja Luka,PM2.5 - Principal,2023-07-09 04:00 AM,2023,07,09,04,13.9,55,Moderate,12.8,UG/M3,1 Hr,Valid
Banja Luka,PM2.5 - Principal,2023-07-09 05:00 AM,2023,07,09,05,13.3,54,Moderate,12.6,UG/M3,1 Hr,Valid
Banja Luka,PM2.5 - Principal,2023-07-09 06:00 AM,2023,07,09,06,13.3,54,Moderate,13.2,UG/M3,1 Hr,Valid
Banja Luka,PM2.5 - Principal,2023-07-09 07:00 AM,2023,07,09,07,13.1,53,Moderate,12.8,UG/M3,1 Hr,Valid
Banja Luka,PM2.5 - Principal,2023-07-09 08:00 AM,2023,07,09,08,13.0,53,Moderate,12.9,UG/M3,1 Hr,Valid
Banja Luka,PM2.5 - Principal,2023-07-09 09:00 AM,2023,07,09,09,12.9,53,Moderate,12.7,UG/M3,1 Hr,Valid
Banja Luka,PM2.5 - Principal,2023-07-09 10:00 AM,2023,07,09,10,13.0,53,Moderate,12.8,UG/M3,1 Hr,Valid
Banja Luka,PM2.5 - Principal,2023-07-09 11:00 AM,2023,07,09,11,13.2,53,Moderate,13.5,UG/M3,1 Hr,Valid
Banja Luka,PM2.5 - Principal,2023-07-09 12:00 PM,2023,07,09,12,13.5,54,Moderate,14.6,UG/M3,1 Hr,Valid
Banja Luka,PM2.5 - Principal,2023-07-09 01:00 PM,2023,07,09,13,13.9,55,Moderate,15.1,UG/M3,1 Hr,Valid
Banja Luka,PM2.5 - Principal,2023-07-09 02:00 PM,2023,07,09,14,13.7,54,Moderate,14.0,UG/M3,1 Hr,Valid
Banja Luka,PM2.5 - Principal,2023-07-09 03:00 PM,2023,07,09,15,13.4,54,Moderate,11.9,UG/M3,1 Hr,Valid
Banja Luka,PM2.5 - Principal,2023-07-09 04:00 PM,2023,07,09,16,13.3,54,Moderate,13.0,UG/M3,1 Hr,Valid
Banja Luka,PM2.5 - Principal,2023-07-09 05:00 PM,2023,07,09,17,13.2,53,Moderate,12.8,UG/M3,1 Hr,Valid
Banja Luka,PM2.5 - Principal,2023-07-09 06:00 PM,2023,07,09,18,13.0,53,Moderate,12.2,UG/M3,1 Hr,Valid
Banja Luka,PM2.5 - Principal,2023-07-09 07:00 PM,2023,07,09,19,12.9,53,Moderate,12.6,UG/M3,1 Hr,Valid
Banja Luka,PM2.5 - Principal,2023-07-09 08:00 PM,2023,07,09,20,13.0,53,Moderate,13.5,UG/M3,1 Hr,Valid
Banja Luka,PM2.5 - Principal,2023-07-09 09:00 PM,2023,07,09,21,13.2,53,Moderate,13.9,UG/M3,1 Hr,Valid
Banja Luka,PM2.5 - Principal,2023-07-09 10:00 PM,2023,07,09,22,13.6,54,Moderate,14.9,UG/M3,1 Hr,Valid
Banja Luka,PM2.5 - Principal,2023-07-09 11:00 PM,2023,07,09,23,20.7,69,Moderate,27.1,UG/M3,1 Hr,Valid
Banja Luka,PM2.5 - Principal,2023-07-10 12:00 AM,2023,07,10,00,22.0,72,Moderate,23.3,UG/M3,1 Hr,Valid
Banja Luka,PM2.5 - Principal,2023-07-10 01:00 AM,2023,07,10,01,20.5,69,Moderate,19.1,UG/M3,1 Hr,Valid
Banja Luka,PM2.5 - Principal,2023-07-10 02:00 AM,2023,07,10,02,18.1,64,Moderate,15.7,UG/M3,1 Hr,Valid
Banja Luka,PM2.5 - Principal,2023-07-10 03:00 AM,2023,07,10,03,16.0,59,Moderate,13.8,UG/M3,1 Hr,Valid
Banja Luka,PM2.5 - Principal,2023-07-10 04:00 AM,2023,07,10,04,14.6,56,Moderate,13.2,UG/M3,1 Hr,Valid
Banja Luka,PM2.5 - Principal,2023-07-10 05:00 AM,2023,07,10,05,13.4,54,Moderate,12.3,UG/M3,1 Hr,Valid
Banja Luka,PM2.5 - Principal,2023-07-10 06:00 AM,2023,07,10,06,13.1,53,Moderate,12.8,UG/M3,1 Hr,Valid
Banja Luka,PM2.5 - Principal,2023-07-10 07:00 AM,2023,07,10,07,12.8,52,Moderate,12.5,UG/M3,1 Hr,Valid
Banja Luka,PM2.5 - Principal,2023-07-10 08:00 AM,2023,07,10,08,12.8,52,Moderate,12.9,UG/M3,1 Hr,Valid
Banja Luka,PM2.5 - Principal,2023-07-10 09:00 AM,2023,07,10,09,13.1,53,Moderate,13.4,UG/M3,1 Hr,Valid
Banja Luka,PM2.5 - Principal,2023-07-10 10:00 AM,2023,07,10,10,13.6,54,Moderate,14.2,UG/M3,1 Hr,Valid
Banja Luka,PM2.5 - Principal,2023-07-10 11:00 AM,2023,07,10,11,14.8,57,Moderate,16.1,UG/M3,1 Hr,Valid
Banja Luka,PM2.5 - Principal,2023-07-10 12:00 PM,2023,07,10,12,15.1,57,Moderate,16.2,UG/M3,1 Hr,Valid
Banja Luka,PM2.5 - Principal,2023-07-10 01:00 PM,2023,07,10,13,14.6,56,Moderate,14.8,UG/M3,1 Hr,Valid
Banja Luka,PM2.5 - Principal,2023-07-10 02:00 PM,2023,07,10,14,14.1,55,Moderate,12.6,UG/M3,1 Hr,Valid
Banja Luka,PM2.5 - Principal,2023-07-10 03:00 PM,2023,07,10,15,14.0,55,Moderate,13.7,UG/M3,1 Hr,Valid
Banja Luka,PM2.5 - Principal,2023-07-10 04:00 PM,2023,07,10,16,14.0,55,Moderate,14.0,UG/M3,1 Hr,Valid
Banja Luka,PM2.5 - Principal,2023-07-10 05:00 PM,2023,07,10,17,14.3,56,Moderate,15.0,UG/M3,1 Hr,Valid
Banja Luka,PM2.5 - Principal,2023-07-10 06:00 PM,2023,07,10,18,14.7,56,Moderate,15.8,UG/M3,1 Hr,Valid
Banja Luka,PM2.5 - Principal,2023-07-10 07:00 PM,2023,07,10,19,14.6,56,Moderate,14.2,UG/M3,1 Hr,Valid
Banja Luka,PM2.5 - Principal,2023-07-10 08:00 PM,2023,07,10,20,14.6,56,Moderate,14.7,UG/M3,1 Hr,Valid
Banja Luka,PM2.5 - Principal,2023-07-10 09:00 PM,2023,07,10,21,14.8,57,Moderate,15.4,UG/M3,1 Hr,Valid
Banja Luka,PM2.5 - Principal,2023-07-10 10:00 PM,2023,07,10,22,15.7,59,Moderate,17.6,UG/M3,1 Hr,Valid
Banja Luka,PM2.5 - Principal,2023-07-10 11:00 PM,2023,07,10,23,16.6,60,Moderate,18.4,UG/M3,1 Hr,Valid
Banja Luka,PM2.5 - Principal,2023-07-11 12:00 AM,2023,07,11,00,17.0,61,Moderate,18.0,UG/M3,1 Hr,Valid
Banja Luka,PM2.5 - Principal,2023-07-11 01:00 AM,2023,07,11,01,17.6,63,Moderate,18.7,UG/M3,1 Hr,Valid
Banja Luka,PM2.5 - Principal,2023-07-11 02:00 AM,2023,07,11,02,16.9,61,Moderate,15.7,UG/M3,1 Hr,Valid
Banja Luka,PM2.5 - Principal,2023-07-11 03:00 AM,2023,07,11,03,16.2,60,Moderate,14.3,UG/M3,1 Hr,Valid
Banja Luka,PM2.5 - Principal,2023-07-11 04:00 AM,2023,07,11,04,15.6,58,Moderate,13.8,UG/M3,1 Hr,Valid
Banja Luka,PM2.5 - Principal,2023-07-11 05:00 AM,2023,07,11,05,15.1,57,Moderate,13.8,UG/M3,1 Hr,Valid
Banja Luka,PM2.5 - Principal,2023-07-11 06:00 AM,2023,07,11,06,14.5,56,Moderate,13.3,UG/M3,1 Hr,Valid
Banja Luka,PM2.5 - Principal,2023-07-11 07:00 AM,2023,07,11,07,14.0,55,Moderate,13.1,UG/M3,1 Hr,Valid
Banja Luka,PM2.5 - Principal,2023-07-11 08:00 AM,2023,07,11,08,13.8,55,Moderate,13.4,UG/M3,1 Hr,Valid
Banja Luka,PM2.5 - Principal,2023-07-11 09:00 AM,2023,07,11,09,14.1,55,Moderate,14.7,UG/M3,1 Hr,Valid
Banja Luka,PM2.5 - Principal,2023-07-11 10:00 AM,2023,07,11,10,14.8,57,Moderate,16.5,UG/M3,1 Hr,Valid
Banja Luka,PM2.5 - Principal,2023-07-11 11:00 AM,2023,07,11,11,15.2,58,Moderate,16.2,UG/M3,1 Hr,Valid
Banja Luka,PM2.5 - Principal,2023-07-11 12:00 PM,2023,07,11,12,15.2,58,Moderate,15.1,UG/M3,1 Hr,Valid
Banja Luka,PM2.5 - Principal,2023-07-11 01:00 PM,2023,07,11,13,15.0,57,Moderate,15.2,UG/M3,1 Hr,Valid
Banja Luka,PM2.5 - Principal,2023-07-11 02:00 PM,2023,07,11,14,14.7,56,Moderate,13.8,UG/M3,1 Hr,Valid
Banja Luka,PM2.5 - Principal,2023-07-11 03:00 PM,2023,07,11,15,14.9,57,Moderate,15.7,UG/M3,1 Hr,Valid
Banja Luka,PM2.5 - Principal,2023-07-11 04:00 PM,2023,07,11,16,15.3,58,Moderate,16.6,UG/M3,1 Hr,Valid
Banja Luka,PM2.5 - Principal,2023-07-11 05:00 PM,2023,07,11,17,15.6,58,Moderate,16.5,UG/M3,1 Hr,Valid
Banja Luka,PM2.5 - Principal,2023-07-11 06:00 PM,2023,07,11,18,15.9,59,Moderate,16.8,UG/M3,1 Hr,Valid
Banja Luka,PM2.5 - Principal,2023-07-11 07:00 PM,2023,07,11,19,16.3,60,Moderate,17.2,UG/M3,1 Hr,Valid
Banja Luka,PM2.5 - Principal,2023-07-11 08:00 PM,2023,07,11,20,16.6,60,Moderate,17.6,UG/M3,1 Hr,Valid
Banja Luka,PM2.5 - Principal,2023-07-11 09:00 PM,2023,07,11,21,17.3,62,Moderate,18.7,UG/M3,1 Hr,Valid
Banja Luka,PM2.5 - Principal,2023-07-11 10:00 PM,2023,07,11,22,18.3,64,Moderate,20.2,UG/M3,1 Hr,Valid
Banja Luka,PM2.5 - Principal,2023-07-11 11:00 PM,2023,07,11,23,24.0,76,Moderate,28.9,UG/M3,1 Hr,Valid
Banja Luka,PM2.5 - Principal,2023-07-12 12:00 AM,2023,07,12,00,44.1,122,Unhealthy for Sensitive Groups,64.2,UG/M3,1 Hr,Valid
Banja Luka,PM2.5 - Principal,2023-07-12 01:00 AM,2023,07,12,01,47.0,129,Unhealthy for Sensitive Groups,49.9,UG/M3,1 Hr,Valid
Banja Luka,PM2.5 - Principal,2023-07-12 02:00 AM,2023,07,12,02,43.3,120,Unhealthy for Sensitive Groups,39.5,UG/M3,1 Hr,Valid
Banja Luka,PM2.5 - Principal,2023-07-12 03:00 AM,2023,07,12,03,36.6,104,Unhealthy for Sensitive Groups,29.9,UG/M3,1 Hr,Valid
Banja Luka,PM2.5 - Principal,2023-07-12 04:00 AM,2023,07,12,04,33.9,97,Moderate,31.3,UG/M3,1 Hr,Valid
Banja Luka,PM2.5 - Principal,2023-07-12 05:00 AM,2023,07,12,05,26.3,81,Moderate,18.6,UG/M3,1 Hr,Valid
Banja Luka,PM2.5 - Principal,2023-07-12 06:00 AM,2023,07,12,06,22.8,74,Moderate,19.4,UG/M3,1 Hr,Valid
Banja Luka,PM2.5 - Principal,2023-07-12 07:00 AM,2023,07,12,07,19.5,67,Moderate,16.2,UG/M3,1 Hr,Valid
Banja Luka,PM2.5 - Principal,2023-07-12 08:00 AM,2023,07,12,08,16.9,61,Moderate,14.4,UG/M3,1 Hr,Valid
Banja Luka,PM2.5 - Principal,2023-07-12 09:00 AM,2023,07,12,09,16.8,61,Moderate,16.6,UG/M3,1 Hr,Valid
Banja Luka,PM2.5 - Principal,2023-07-12 10:00 AM,2023,07,12,10,16.0,59,Moderate,15.3,UG/M3,1 Hr,Valid
Banja Luka,PM2.5 - Principal,2023-07-12 11:00 AM,2023,07,12,11,15.9,59,Moderate,15.8,UG/M3,1 Hr,Valid
Banja Luka,PM2.5 - Principal,2023-07-12 12:00 PM,2023,07,12,12,13.7,54,Moderate,11.4,UG/M3,1 Hr,Valid
Banja Luka,PM2.5 - Principal,2023-07-12 01:00 PM,2023,07,12,13,11.6,48,Good,9.6,UG/M3,1 Hr,Valid
Banja Luka,PM2.5 - Principal,2023-07-12 02:00 PM,2023,07,12,14,12.2,51,Moderate,12.8,UG/M3,1 Hr,Valid
Banja Luka,PM2.5 - Principal,2023-07-12 03:00 PM,2023,07,12,15,13.8,55,Moderate,15.4,UG/M3,1 Hr,Valid
Banja Luka,PM2.5 - Principal,2023-07-12 04:00 PM,2023,07,12,16,13.9,55,Moderate,13.9,UG/M3,1 Hr,Valid
Banja Luka,PM2.5 - Principal,2023-07-12 05:00 PM,2023,07,12,17,13.6,54,Moderate,13.3,UG/M3,1 Hr,Valid
Banja Luka,PM2.5 - Principal,2023-07-12 06:00 PM,2023,07,12,18,13.3,54,Moderate,12.9,UG/M3,1 Hr,Valid
Banja Luka,PM2.5 - Principal,2023-07-12 07:00 PM,2023,07,12,19,13.7,54,Moderate,14.3,UG/M3,1 Hr,Valid
Banja Luka,PM2.5 - Principal,2023-07-12 08:00 PM,2023,07,12,20,13.9,55,Moderate,14.2,UG/M3,1 Hr,Valid
Banja Luka,PM2.5 - Principal,2023-07-12 09:00 PM,2023,07,12,21,13.9,55,Moderate,14.0,UG/M3,1 Hr,Valid
Banja Luka,PM2.5 - Principal,2023-07-12 10:00 PM,2023,07,12,22,14.0,55,Moderate,14.2,UG/M3,1 Hr,Valid
Banja Luka,PM2.5 - Principal,2023-07-12 11:00 PM,2023,07,12,23,13.9,55,Moderate,13.8,UG/M3,1 Hr,Valid
Banja Luka,PM2.5 - Principal,2023-07-13 12:00 AM,2023,07,13,00,14.3,56,Moderate,14.9,UG/M3,1 Hr,Valid
Banja Luka,PM2.5 - Principal,2023-07-13 01:00 AM,2023,07,13,01,14.3,56,Moderate,15.1,UG/M3,1 Hr,Valid
Banja Luka,PM2.5 - Principal,2023-07-13 02:00 AM,2023,07,13,02,14.2,55,Moderate,13.4,UG/M3,1 Hr,Valid
Banja Luka,PM2.5 - Principal,2023-07-13 03:00 AM,2023,07,13,03,14.3,56,Moderate,15.0,UG/M3,1 Hr,Valid
Banja Luka,PM2.5 - Principal,2023-07-13 04:00 AM,2023,07,13,04,14.4,56,Moderate,14.8,UG/M3,1 Hr,Valid
Banja Luka,PM2.5 - Principal,2023-07-13 05:00 AM,2023,07,13,05,14.1,55,Moderate,12.8,UG/M3,1 Hr,Valid
Banja Luka,PM2.5 - Principal,2023-07-13 06:00 AM,2023,07,13,06,13.3,54,Moderate,11.2,UG/M3,1 Hr,Valid
Banja Luka,PM2.5 - Principal,2023-07-13 07:00 AM,2023,07,13,07,11.8,49,Good,9.7,UG/M3,1 Hr,Valid
Banja Luka,PM2.5 - Principal,2023-07-13 08:00 AM,2023,07,13,08,11.1,46,Good,9.8,UG/M3,1 Hr,Valid
Banja Luka,PM2.5 - Principal,2023-07-13 09:00 AM,2023,07,13,09,11.2,47,Good,11.4,UG/M3,1 Hr,Valid
Banja Luka,PM2.5 - Principal,2023-07-13 10:00 AM,2023,07,13,10,12.0,50,Good,13.5,UG/M3,1 Hr,Valid
Banja Luka,PM2.5 - Principal,2023-07-13 11:00 AM,2023,07,13,11,12.5,52,Moderate,13.5,UG/M3,1 Hr,Valid
Banja Luka,PM2.5 - Principal,2023-07-13 12:00 PM,2023,07,13,12,14.6,56,Moderate,17.1,UG/M3,1 Hr,Valid
Banja Luka,PM2.5 - Principal,2023-07-13 01:00 PM,2023,07,13,13,15.8,59,Moderate,17.3,UG/M3,1 Hr,Valid
Banja Luka,PM2.5 - Principal,2023-07-13 02:00 PM,2023,07,13,14,16.2,60,Moderate,16.8,UG/M3,1 Hr,Valid
Banja Luka,PM2.5 - Principal,2023-07-13 03:00 PM,2023,07,13,15,16.9,61,Moderate,17.7,UG/M3,1 Hr,Valid
Banja Luka,PM2.5 - Principal,2023-07-13 04:00 PM,2023,07,13,16,17.3,62,Moderate,17.7,UG/M3,1 Hr,Valid
Banja Luka,PM2.5 - Principal,2023-07-13 05:00 PM,2023,07,13,17,19.4,66,Moderate,21.3,UG/M3,1 Hr,Valid
Banja Luka,PM2.5 - Principal,2023-07-13 06:00 PM,2023,07,13,18,17.5,62,Moderate,15.5,UG/M3,1 Hr,Valid
Banja Luka,PM2.5 - Principal,2023-07-13 07:00 PM,2023,07,13,19,16.1,59,Moderate,14.7,UG/M3,1 Hr,Valid
Banja Luka,PM2.5 - Principal,2023-07-13 08:00 PM,2023,07,13,20,15.5,58,Moderate,14.7,UG/M3,1 Hr,Valid
Banja Luka,PM2.5 - Principal,2023-07-13 09:00 PM,2023,07,13,21,14.9,57,Moderate,13.4,UG/M3,1 Hr,Valid
Banja Luka,PM2.5 - Principal,2023-07-13 10:00 PM,2023,07,13,22,12.1,51,Moderate,9.8,UG/M3,1 Hr,Valid
Banja Luka,PM2.5 - Principal,2023-07-13 11:00 PM,2023,07,13,23,12.7,52,Moderate,13.3,UG/M3,1 Hr,Valid
Banja Luka,PM2.5 - Principal,2023-07-14 12:00 AM,2023,07,14,00,14.2,55,Moderate,15.7,UG/M3,1 Hr,Valid
Banja Luka,PM2.5 - Principal,2023-07-14 01:00 AM,2023,07,14,01,14.0,55,Moderate,13.9,UG/M3,1 Hr,Valid
Banja Luka,PM2.5 - Principal,2023-07-14 02:00 AM,2023,07,14,02,8.8,37,Good,3.6,UG/M3,1 Hr,Valid
Banja Luka,PM2.5 - Principal,2023-07-14 03:00 AM,2023,07,14,03,6.2,26,Good,3.6,UG/M3,1 Hr,Valid
Banja Luka,PM2.5 - Principal,2023-07-14 04:00 AM,2023,07,14,04,5.5,23,Good,4.9,UG/M3,1 Hr,Valid
Banja Luka,PM2.5 - Principal,2023-07-14 05:00 AM,2023,07,14,05,5.2,22,Good,4.9,UG/M3,1 Hr,Valid
Banja Luka,PM2.5 - Principal,2023-07-14 06:00 AM,2023,07,14,06,5.0,21,Good,4.8,UG/M3,1 Hr,Valid
Banja Luka,PM2.5 - Principal,2023-07-14 07:00 AM,2023,07,14,07,4.1,17,Good,3.1,UG/M3,1 Hr,Valid
Banja Luka,PM2.5 - Principal,2023-07-14 08:00 AM,2023,07,14,08,3.6,15,Good,3.1,UG/M3,1 Hr,Valid
Banja Luka,PM2.5 - Principal,2023-07-14 09:00 AM,2023,07,14,09,3.4,14,Good,3.1,UG/M3,1 Hr,Valid
Banja Luka,PM2.5 - Principal,2023-07-14 10:00 AM,2023,07,14,10,3.9,16,Good,4.5,UG/M3,1 Hr,Valid
Banja Luka,PM2.5 - Principal,2023-07-14 11:00 AM,2023,07,14,11,4.2,18,Good,4.5,UG/M3,1 Hr,Valid
Banja Luka,PM2.5 - Principal,2023-07-14 12:00 PM,2023,07,14,12,4.3,18,Good,4.5,UG/M3,1 Hr,Valid
Banja Luka,PM2.5 - Principal,2023-07-14 01:00 PM,2023,07,14,13,4.3,18,Good,4.5,UG/M3,1 Hr,Valid
Banja Luka,PM2.5 - Principal,2023-07-14 02:00 PM,2023,07,14,14,4.4,18,Good,4.7,UG/M3,1 Hr,Valid
Banja Luka,PM2.5 - Principal,2023-07-14 03:00 PM,2023,07,14,15,5.2,22,Good,5.9,UG/M3,1 Hr,Valid
Banja Luka,PM2.5 - Principal,2023-07-14 04:00 PM,2023,07,14,16,4.9,20,Good,4.6,UG/M3,1 Hr,Valid
Banja Luka,PM2.5 - Principal,2023-07-14 05:00 PM,2023,07,14,17,4.9,20,Good,4.8,UG/M3,1 Hr,Valid
Banja Luka,PM2.5 - Principal,2023-07-14 06:00 PM,2023,07,14,18,5.2,22,Good,5.7,UG/M3,1 Hr,Valid
Banja Luka,PM2.5 - Principal,2023-07-14 07:00 PM,2023,07,14,19,5.6,23,Good,6.0,UG/M3,1 Hr,Valid
Banja Luka,PM2.5 - Principal,2023-07-14 08:00 PM,2023,07,14,20,5.8,24,Good,6.0,UG/M3,1 Hr,Valid
Banja Luka,PM2.5 - Principal,2023-07-14 09:00 PM,2023,07,14,21,6.0,25,Good,6.7,UG/M3,1 Hr,Valid
Banja Luka,PM2.5 - Principal,2023-07-14 10:00 PM,2023,07,14,22,6.3,26,Good,6.7,UG/M3,1 Hr,Valid
Banja Luka,PM2.5 - Principal,2023-07-14 11:00 PM,2023,07,14,23,6.4,27,Good,6.8,UG/M3,1 Hr,Valid
Banja Luka,PM2.5 - Principal,2023-07-15 12:00 AM,2023,07,15,00,6.6,28,Good,6.8,UG/M3,1 Hr,Valid
Banja Luka,PM2.5 - Principal,2023-07-15 01:00 AM,2023,07,15,01,6.6,28,Good,6.8,UG/M3,1 Hr,Valid
Banja Luka,PM2.5 - Principal,2023-07-15 02:00 AM,2023,07,15,02,6.7,28,Good,6.8,UG/M3,1 Hr,Valid
Banja Luka,PM2.5 - Principal,2023-07-15 03:00 AM,2023,07,15,03,6.7,28,Good,6.8,UG/M3,1 Hr,Valid
Banja Luka,PM2.5 - Principal,2023-07-15 04:00 AM,2023,07,15,04,7.1,30,Good,7.6,UG/M3,1 Hr,Valid
Banja Luka,PM2.5 - Principal,2023-07-15 05:00 AM,2023,07,15,05,6.8,28,Good,6.4,UG/M3,1 Hr,Valid
Banja Luka,PM2.5 - Principal,2023-07-15 06:00 AM,2023,07,15,06,6.7,28,Good,6.4,UG/M3,1 Hr,Valid
Banja Luka,PM2.5 - Principal,2023-07-15 07:00 AM,2023,07,15,07,6.8,28,Good,7.2,UG/M3,1 Hr,Valid
Banja Luka,PM2.5 - Principal,2023-07-15 08:00 AM,2023,07,15,08,7.1,30,Good,8.0,UG/M3,1 Hr,Valid
Banja Luka,PM2.5 - Principal,2023-07-15 09:00 AM,2023,07,15,09,7.2,30,Good,7.4,UG/M3,1 Hr,Valid
Banja Luka,PM2.5 - Principal,2023-07-15 10:00 AM,2023,07,15,10,7.7,32,Good,8.8,UG/M3,1 Hr,Valid
Banja Luka,PM2.5 - Principal,2023-07-15 11:00 AM,2023,07,15,11,9.1,38,Good,10.8,UG/M3,1 Hr,Valid
Banja Luka,PM2.5 - Principal,2023-07-15 12:00 PM,2023,07,15,12,9.8,41,Good,10.8,UG/M3,1 Hr,Valid
Banja Luka,PM2.5 - Principal,2023-07-15 01:00 PM,2023,07,15,13,10.2,43,Good,10.8,UG/M3,1 Hr,Valid
Banja Luka,PM2.5 - Principal,2023-07-15 02:00 PM,2023,07,15,14,11.5,48,Good,12.6,UG/M3,1 Hr,Valid
Banja Luka,PM2.5 - Principal,2023-07-15 03:00 PM,2023,07,15,15,12.0,50,Good,12.6,UG/M3,1 Hr,Valid
Banja Luka,PM2.5 - Principal,2023-07-15 04:00 PM,2023,07,15,16,12.3,51,Moderate,12.5,UG/M3,1 Hr,Valid
Banja Luka,PM2.5 - Principal,2023-07-15 05:00 PM,2023,07,15,17,12.4,52,Moderate,12.5,UG/M3,1 Hr,Valid
Banja Luka,PM2.5 - Principal,2023-07-15 06:00 PM,2023,07,15,18,11.6,48,Good,10.6,UG/M3,1 Hr,Valid
Banja Luka,PM2.5 - Principal,2023-07-15 07:00 PM,2023,07,15,19,11.4,48,Good,11.1,UG/M3,1 Hr,Valid
Banja Luka,PM2.5 - Principal,2023-07-15 08:00 PM,2023,07,15,20,13.0,53,Moderate,14.8,UG/M3,1 Hr,Valid
Banja Luka,PM2.5 - Principal,2023-07-15 09:00 PM,2023,07,15,21,13.4,54,Moderate,14.4,UG/M3,1 Hr,Valid
Banja Luka,PM2.5 - Principal,2023-07-15 10:00 PM,2023,07,15,22,20.3,68,Moderate,26.9,UG/M3,1 Hr,Valid
Banja Luka,PM2.5 - Principal,2023-07-15 11:00 PM,2023,07,15,23,23.0,74,Moderate,25.7,UG/M3,1 Hr,Valid
Banja Luka,PM2.5 - Principal,2023-07-16 12:00 AM,2023,07,16,00,25.8,80,Moderate,28.6,UG/M3,1 Hr,Valid
Banja Luka,PM2.5 - Principal,2023-07-16 01:00 AM,2023,07,16,01,27.2,83,Moderate,28.6,UG/M3,1 Hr,Valid
Banja Luka,PM2.5 - Principal,2023-07-16 02:00 AM,2023,07,16,02,27.9,84,Moderate,28.6,UG/M3,1 Hr,Valid
Banja Luka,PM2.5 - Principal,2023-07-16 03:00 AM,2023,07,16,03,30.9,91,Moderate,33.8,UG/M3,1 Hr,Valid
Banja Luka,PM2.5 - Principal,2023-07-16 04:00 AM,2023,07,16,04,32.5,94,Moderate,34.2,UG/M3,1 Hr,Valid
Banja Luka,PM2.5 - Principal,2023-07-16 05:00 AM,2023,07,16,05,32.0,93,Moderate,31.5,UG/M3,1 Hr,Valid
Banja Luka,PM2.5 - Principal,2023-07-16 06:00 AM,2023,07,16,06,31.2,91,Moderate,30.4,UG/M3,1 Hr,Valid
Banja Luka,PM2.5 - Principal,2023-07-16 07:00 AM,2023,07,16,07,30.8,90,Moderate,30.4,UG/M3,1 Hr,Valid
Banja Luka,PM2.5 - Principal,2023-07-16 08:00 AM,2023,07,16,08,29.2,87,Moderate,27.6,UG/M3,1 Hr,Valid
Banja Luka,PM2.5 - Principal,2023-07-16 09:00 AM,2023,07,16,09,26.2,81,Moderate,20.8,UG/M3,1 Hr,Valid
Banja Luka,PM2.5 - Principal,2023-07-16 10:00 AM,2023,07,16,10,22.2,72,Moderate,18.4,UG/M3,1 Hr,Valid
Banja Luka,PM2.5 - Principal,2023-07-16 11:00 AM,2023,07,16,11,18.2,64,Moderate,14.6,UG/M3,1 Hr,Valid
Banja Luka,PM2.5 - Principal,2023-07-16 12:00 PM,2023,07,16,12,16.4,60,Moderate,14.7,UG/M3,1 Hr,Valid
Banja Luka,PM2.5 - Principal,2023-07-16 01:00 PM,2023,07,16,13,14.3,56,Moderate,12.2,UG/M3,1 Hr,Valid
Banja Luka,PM2.5 - Principal,2023-07-16 02:00 PM,2023,07,16,14,12.3,51,Moderate,10.4,UG/M3,1 Hr,Valid
Banja Luka,PM2.5 - Principal,2023-07-16 03:00 PM,2023,07,16,15,11.6,48,Good,11.0,UG/M3,1 Hr,Valid
Banja Luka,PM2.5 - Principal,2023-07-16 04:00 PM,2023,07,16,16,10.8,45,Good,10.0,UG/M3,1 Hr,Valid
Banja Luka,PM2.5 - Principal,2023-07-16 05:00 PM,2023,07,16,17,10.3,43,Good,9.8,UG/M3,1 Hr,Valid
Banja Luka,PM2.5 - Principal,2023-07-16 06:00 PM,2023,07,16,18,10.0,42,Good,9.8,UG/M3,1 Hr,Valid
Banja Luka,PM2.5 - Principal,2023-07-16 07:00 PM,2023,07,16,19,11.8,49,Good,13.5,UG/M3,1 Hr,Valid
Banja Luka,PM2.5 - Principal,2023-07-16 08:00 PM,2023,07,16,20,12.3,51,Moderate,12.9,UG/M3,1 Hr,Valid
Banja Luka,PM2.5 - Principal,2023-07-16 09:00 PM,2023,07,16,21,12.9,53,Moderate,13.5,UG/M3,1 Hr,Valid
Banja Luka,PM2.5 - Principal,2023-07-16 10:00 PM,2023,07,16,22,13.0,53,Moderate,14.2,UG/M3,1 Hr,Valid
Banja Luka,PM2.5 - Principal,2023-07-16 11:00 PM,2023,07,16,23,13.7,54,Moderate,15.0,UG/M3,1 Hr,Valid
Banja Luka,PM2.5 - Principal,2023-07-17 12:00 AM,2023,07,17,00,14.8,57,Moderate,16.1,UG/M3,1 Hr,Valid
Banja Luka,PM2.5 - Principal,2023-07-17 01:00 AM,2023,07,17,01,16.9,61,Moderate,18.8,UG/M3,1 Hr,Valid
Banja Luka,PM2.5 - Principal,2023-07-17 02:00 AM,2023,07,17,02,16.7,61,Moderate,16.6,UG/M3,1 Hr,Valid
Banja Luka,PM2.5 - Principal,2023-07-17 03:00 AM,2023,07,17,03,16.4,60,Moderate,16.0,UG/M3,1 Hr,Valid
Banja Luka,PM2.5 - Principal,2023-07-17 04:00 AM,2023,07,17,04,14.6,56,Moderate,12.6,UG/M3,1 Hr,Valid
Banja Luka,PM2.5 - Principal,2023-07-17 05:00 AM,2023,07,17,05,15.6,58,Moderate,16.8,UG/M3,1 Hr,Valid
Banja Luka,PM2.5 - Principal,2023-07-17 06:00 AM,2023,07,17,06,16.0,59,Moderate,16.8,UG/M3,1 Hr,Valid
Banja Luka,PM2.5 - Principal,2023-07-17 07:00 AM,2023,07,17,07,15.0,57,Moderate,13.0,UG/M3,1 Hr,Valid
Banja Luka,PM2.5 - Principal,2023-07-17 08:00 AM,2023,07,17,08,14.2,55,Moderate,12.6,UG/M3,1 Hr,Valid
Banja Luka,PM2.5 - Principal,2023-07-17 09:00 AM,2023,07,17,09,14.1,55,Moderate,13.9,UG/M3,1 Hr,Valid
Banja Luka,PM2.5 - Principal,2023-07-17 10:00 AM,2023,07,17,10,13.5,54,Moderate,12.5,UG/M3,1 Hr,Valid
Banja Luka,PM2.5 - Principal,2023-07-17 11:00 AM,2023,07,17,11,14.5,56,Moderate,16.3,UG/M3,1 Hr,Valid
Banja Luka,PM2.5 - Principal,2023-07-17 12:00 PM,2023,07,17,12,14.3,56,Moderate,14.1,UG/M3,1 Hr,Valid
Banja Luka,PM2.5 - Principal,2023-07-17 01:00 PM,2023,07,17,13,14.0,55,Moderate,13.0,UG/M3,1 Hr,Valid
Banja Luka,PM2.5 - Principal,2023-07-17 02:00 PM,2023,07,17,14,14.1,55,Moderate,14.5,UG/M3,1 Hr,Valid
Banja Luka,PM2.5 - Principal,2023-07-17 03:00 PM,2023,07,17,15,13.9,55,Moderate,13.4,UG/M3,1 Hr,Valid
Banja Luka,PM2.5 - Principal,2023-07-17 04:00 PM,2023,07,17,16,13.1,53,Moderate,11.4,UG/M3,1 Hr,Valid
Banja Luka,PM2.5 - Principal,2023-07-17 05:00 PM,2023,07,17,17,11.9,50,Good,10.4,UG/M3,1 Hr,Valid
Banja Luka,PM2.5 - Principal,2023-07-17 06:00 PM,2023,07,17,18,11.4,48,Good,10.4,UG/M3,1 Hr,Valid
Banja Luka,PM2.5 - Principal,2023-07-17 07:00 PM,2023,07,17,19,11.2,47,Good,10.9,UG/M3,1 Hr,Valid
Banja Luka,PM2.5 - Principal,2023-07-17 08:00 PM,2023,07,17,20,10.2,43,Good,9.2,UG/M3,1 Hr,Valid
Banja Luka,PM2.5 - Principal,2023-07-17 09:00 PM,2023,07,17,21,13.2,53,Moderate,16.9,UG/M3,1 Hr,Valid
Banja Luka,PM2.5 - Principal,2023-07-17 10:00 PM,2023,07,17,22,14.9,57,Moderate,16.9,UG/M3,1 Hr,Valid
Banja Luka,PM2.5 - Principal,2023-07-17 11:00 PM,2023,07,17,23,17.9,63,Moderate,20.6,UG/M3,1 Hr,Valid
Banja Luka,PM2.5 - Principal,2023-07-18 12:00 AM,2023,07,18,00,18.1,64,Moderate,18.4,UG/M3,1 Hr,Valid
Banja Luka,PM2.5 - Principal,2023-07-18 01:00 AM,2023,07,18,01,19.6,67,Moderate,21.0,UG/M3,1 Hr,Valid
Banja Luka,PM2.5 - Principal,2023-07-18 02:00 AM,2023,07,18,02,19.3,66,Moderate,18.9,UG/M3,1 Hr,Valid
Banja Luka,PM2.5 - Principal,2023-07-18 03:00 AM,2023,07,18,03,17.6,63,Moderate,16.0,UG/M3,1 Hr,Valid
Banja Luka,PM2.5 - Principal,2023-07-18 04:00 AM,2023,07,18,04,16.5,60,Moderate,15.4,UG/M3,1 Hr,Valid
Banja Luka,PM2.5 - Principal,2023-07-18 05:00 AM,2023,07,18,05,16.5,60,Moderate,16.4,UG/M3,1 Hr,Valid
Banja Luka,PM2.5 - Principal,2023-07-18 06:00 AM,2023,07,18,06,16.4,60,Moderate,16.3,UG/M3,1 Hr,Valid
Banja Luka,PM2.5 - Principal,2023-07-18 07:00 AM,2023,07,18,07,14.9,57,Moderate,13.5,UG/M3,1 Hr,Valid
Banja Luka,PM2.5 - Principal,2023-07-18 08:00 AM,2023,07,18,08,14.8,57,Moderate,13.5,UG/M3,1 Hr,Valid
Banja Luka,PM2.5 - Principal,2023-07-18 09:00 AM,2023,07,18,09,14.3,56,Moderate,13.5,UG/M3,1 Hr,Valid
Banja Luka,PM2.5 - Principal,2023-07-18 10:00 AM,2023,07,18,10,15.1,57,Moderate,16.5,UG/M3,1 Hr,Valid
Banja Luka,PM2.5 - Principal,2023-07-18 11:00 AM,2023,07,18,11,16.0,59,Moderate,17.6,UG/M3,1 Hr,Valid
Banja Luka,PM2.5 - Principal,2023-07-18 12:00 PM,2023,07,18,12,16.5,60,Moderate,17.6,UG/M3,1 Hr,Valid
Banja Luka,PM2.5 - Principal,2023-07-18 01:00 PM,2023,07,18,13,16.7,61,Moderate,17.6,UG/M3,1 Hr,Valid
Banja Luka,PM2.5 - Principal,2023-07-18 02:00 PM,2023,07,18,14,15.7,59,Moderate,13.3,UG/M3,1 Hr,Valid
Banja Luka,PM2.5 - Principal,2023-07-18 03:00 PM,2023,07,18,15,15.4,58,Moderate,14.5,UG/M3,1 Hr,Valid
Banja Luka,PM2.5 - Principal,2023-07-18 04:00 PM,2023,07,18,16,15.2,58,Moderate,14.5,UG/M3,1 Hr,Valid
Banja Luka,PM2.5 - Principal,2023-07-18 05:00 PM,2023,07,18,17,15.0,57,Moderate,14.5,UG/M3,1 Hr,Valid
Banja Luka,PM2.5 - Principal,2023-07-18 06:00 PM,2023,07,18,18,16.0,59,Moderate,18.6,UG/M3,1 Hr,Valid
Banja Luka,PM2.5 - Principal,2023-07-18 07:00 PM,2023,07,18,19,16.2,60,Moderate,16.5,UG/M3,1 Hr,Valid
Banja Luka,PM2.5 - Principal,2023-07-18 08:00 PM,2023,07,18,20,16.1,59,Moderate,15.8,UG/M3,1 Hr,Valid
Banja Luka,PM2.5 - Principal,2023-07-18 09:00 PM,2023,07,18,21,16.1,59,Moderate,-999.0,UG/M3,1 Hr,Missing
Banja Luka,PM2.5 - Principal,2023-07-19 01:00 PM,2023,07,19,13,-999.0,-999,N/A,10.0,UG/M3,1 Hr,Valid
Banja Luka,PM2.5 - Principal,2023-07-19 02:00 PM,2023,07,19,14,10.0,42,Good,9.9,UG/M3,1 Hr,Valid
Banja Luka,PM2.5 - Principal,2023-07-19 03:00 PM,2023,07,19,15,10.4,43,Good,11.1,UG/M3,1 Hr,Valid
Banja Luka,PM2.5 - Principal,2023-07-19 04:00 PM,2023,07,19,16,10.5,44,Good,10.8,UG/M3,1 Hr,Valid
Banja Luka,PM2.5 - Principal,2023-07-19 05:00 PM,2023,07,19,17,10.6,44,Good,11.1,UG/M3,1 Hr,Valid
Banja Luka,PM2.5 - Principal,2023-07-19 06:00 PM,2023,07,19,18,10.8,45,Good,11.2,UG/M3,1 Hr,Valid
Banja Luka,PM2.5 - Principal,2023-07-19 07:00 PM,2023,07,19,19,11.1,46,Good,12.0,UG/M3,1 Hr,Valid
Banja Luka,PM2.5 - Principal,2023-07-19 08:00 PM,2023,07,19,20,11.0,46,Good,10.6,UG/M3,1 Hr,Valid
Banja Luka,PM2.5 - Principal,2023-07-19 09:00 PM,2023,07,19,21,9.8,41,Good,7.6,UG/M3,1 Hr,Valid
Banja Luka,PM2.5 - Principal,2023-07-19 10:00 PM,2023,07,19,22,9.5,40,Good,9.1,UG/M3,1 Hr,Valid
Banja Luka,PM2.5 - Principal,2023-07-19 11:00 PM,2023,07,19,23,8.9,37,Good,7.9,UG/M3,1 Hr,Valid
Banja Luka,PM2.5 - Principal,2023-07-20 12:00 AM,2023,07,20,00,8.7,36,Good,8.2,UG/M3,1 Hr,Valid
Banja Luka,PM2.5 - Principal,2023-07-20 01:00 AM,2023,07,20,01,8.4,35,Good,7.9,UG/M3,1 Hr,Valid
Banja Luka,PM2.5 - Principal,2023-07-20 02:00 AM,2023,07,20,02,8.5,35,Good,8.6,UG/M3,1 Hr,Valid
Banja Luka,PM2.5 - Principal,2023-07-20 03:00 AM,2023,07,20,03,8.0,33,Good,7.2,UG/M3,1 Hr,Valid
Banja Luka,PM2.5 - Principal,2023-07-20 04:00 AM,2023,07,20,04,7.8,33,Good,7.6,UG/M3,1 Hr,Valid
Banja Luka,PM2.5 - Principal,2023-07-20 05:00 AM,2023,07,20,05,6.2,26,Good,4.6,UG/M3,1 Hr,Valid
Banja Luka,PM2.5 - Principal,2023-07-20 06:00 AM,2023,07,20,06,4.4,18,Good,2.7,UG/M3,1 Hr,Valid
Banja Luka,PM2.5 - Principal,2023-07-20 07:00 AM,2023,07,20,07,3.4,14,Good,2.4,UG/M3,1 Hr,Valid
Banja Luka,PM2.5 - Principal,2023-07-20 08:00 AM,2023,07,20,08,3.3,14,Good,3.1,UG/M3,1 Hr,Valid
Banja Luka,PM2.5 - Principal,2023-07-20 09:00 AM,2023,07,20,09,3.8,16,Good,4.3,UG/M3,1 Hr,Valid
Banja Luka,PM2.5 - Principal,2023-07-20 10:00 AM,2023,07,20,10,4.2,18,Good,4.7,UG/M3,1 Hr,Valid
Banja Luka,PM2.5 - Principal,2023-07-20 11:00 AM,2023,07,20,11,5.0,21,Good,5.8,UG/M3,1 Hr,Valid
Banja Luka,PM2.5 - Principal,2023-07-20 12:00 PM,2023,07,20,12,5.4,23,Good,5.9,UG/M3,1 Hr,Valid
Banja Luka,PM2.5 - Principal,2023-07-20 01:00 PM,2023,07,20,13,5.2,22,Good,4.9,UG/M3,1 Hr,Valid
Banja Luka,PM2.5 - Principal,2023-07-20 02:00 PM,2023,07,20,14,5.2,22,Good,5.3,UG/M3,1 Hr,Valid
Banja Luka,PM2.5 - Principal,2023-07-20 03:00 PM,2023,07,20,15,5.4,23,Good,5.6,UG/M3,1 Hr,Valid
Banja Luka,PM2.5 - Principal,2023-07-20 04:00 PM,2023,07,20,16,5.5,23,Good,5.5,UG/M3,1 Hr,Valid
Banja Luka,PM2.5 - Principal,2023-07-20 05:00 PM,2023,07,20,17,5.6,23,Good,5.7,UG/M3,1 Hr,Valid
Banja Luka,PM2.5 - Principal,2023-07-20 06:00 PM,2023,07,20,18,5.9,25,Good,6.3,UG/M3,1 Hr,Valid
Banja Luka,PM2.5 - Principal,2023-07-20 07:00 PM,2023,07,20,19,6.3,26,Good,6.7,UG/M3,1 Hr,Valid
Banja Luka,PM2.5 - Principal,2023-07-20 08:00 PM,2023,07,20,20,6.6,28,Good,7.2,UG/M3,1 Hr,Valid
Banja Luka,PM2.5 - Principal,2023-07-20 09:00 PM,2023,07,20,21,7.2,30,Good,8.0,UG/M3,1 Hr,Valid
Banja Luka,PM2.5 - Principal,2023-07-20 10:00 PM,2023,07,20,22,7.5,31,Good,8.1,UG/M3,1 Hr,Valid
Banja Luka,PM2.5 - Principal,2023-07-20 11:00 PM,2023,07,20,23,8.2,34,Good,8.9,UG/M3,1 Hr,Valid
Banja Luka,PM2.5 - Principal,2023-07-21 12:00 AM,2023,07,21,00,9.4,39,Good,10.6,UG/M3,1 Hr,Valid
Banja Luka,PM2.5 - Principal,2023-07-21 01:00 AM,2023,07,21,01,9.2,38,Good,9.0,UG/M3,1 Hr,Valid
Banja Luka,PM2.5 - Principal,2023-07-21 02:00 AM,2023,07,21,02,9.2,38,Good,9.3,UG/M3,1 Hr,Valid
Banja Luka,PM2.5 - Principal,2023-07-21 03:00 AM,2023,07,21,03,9.2,38,Good,9.2,UG/M3,1 Hr,Valid
Banja Luka,PM2.5 - Principal,2023-07-21 04:00 AM,2023,07,21,04,9.4,39,Good,9.7,UG/M3,1 Hr,Valid
Banja Luka,PM2.5 - Principal,2023-07-21 05:00 AM,2023,07,21,05,9.4,39,Good,9.4,UG/M3,1 Hr,Valid
Banja Luka,PM2.5 - Principal,2023-07-21 06:00 AM,2023,07,21,06,9.4,39,Good,9.3,UG/M3,1 Hr,Valid
Banja Luka,PM2.5 - Principal,2023-07-21 07:00 AM,2023,07,21,07,9.3,39,Good,9.2,UG/M3,1 Hr,Valid
Banja Luka,PM2.5 - Principal,2023-07-21 08:00 AM,2023,07,21,08,9.4,39,Good,9.7,UG/M3,1 Hr,Valid
Banja Luka,PM2.5 - Principal,2023-07-21 09:00 AM,2023,07,21,09,9.7,40,Good,10.5,UG/M3,1 Hr,Valid
Banja Luka,PM2.5 - Principal,2023-07-21 10:00 AM,2023,07,21,10,9.8,41,Good,10.6,UG/M3,1 Hr,Valid
Banja Luka,PM2.5 - Principal,2023-07-21 11:00 AM,2023,07,21,11,9.9,41,Good,10.3,UG/M3,1 Hr,Valid
Banja Luka,PM2.5 - Principal,2023-07-21 12:00 PM,2023,07,21,12,10.3,43,Good,11.4,UG/M3,1 Hr,Valid
Banja Luka,PM2.5 - Principal,2023-07-21 01:00 PM,2023,07,21,13,11.0,46,Good,12.7,UG/M3,1 Hr,Valid
Banja Luka,PM2.5 - Principal,2023-07-21 02:00 PM,2023,07,21,14,12.5,52,Moderate,14.5,UG/M3,1 Hr,Valid
Banja Luka,PM2.5 - Principal,2023-07-21 03:00 PM,2023,07,21,15,14.2,55,Moderate,16.2,UG/M3,1 Hr,Valid
Banja Luka,PM2.5 - Principal,2023-07-21 04:00 PM,2023,07,21,16,15.6,58,Moderate,17.0,UG/M3,1 Hr,Valid
Banja Luka,PM2.5 - Principal,2023-07-21 05:00 PM,2023,07,21,17,15.9,59,Moderate,16.3,UG/M3,1 Hr,Valid
Banja Luka,PM2.5 - Principal,2023-07-21 06:00 PM,2023,07,21,18,19.4,66,Moderate,22.7,UG/M3,1 Hr,Valid
Banja Luka,PM2.5 - Principal,2023-07-21 07:00 PM,2023,07,21,19,23.3,75,Moderate,27.2,UG/M3,1 Hr,Valid
Banja Luka,PM2.5 - Principal,2023-07-21 08:00 PM,2023,07,21,20,22.0,72,Moderate,20.8,UG/M3,1 Hr,Valid
Banja Luka,PM2.5 - Principal,2023-07-21 09:00 PM,2023,07,21,21,19.1,66,Moderate,16.2,UG/M3,1 Hr,Valid
Banja Luka,PM2.5 - Principal,2023-07-21 10:00 PM,2023,07,21,22,12.7,52,Moderate,6.3,UG/M3,1 Hr,Valid
Banja Luka,PM2.5 - Principal,2023-07-21 11:00 PM,2023,07,21,23,9.7,40,Good,6.6,UG/M3,1 Hr,Valid
Banja Luka,PM2.5 - Principal,2023-07-22 12:00 AM,2023,07,22,00,8.3,35,Good,6.9,UG/M3,1 Hr,Valid
Banja Luka,PM2.5 - Principal,2023-07-22 01:00 AM,2023,07,22,01,7.8,33,Good,7.4,UG/M3,1 Hr,Valid
Banja Luka,PM2.5 - Principal,2023-07-22 02:00 AM,2023,07,22,02,7.9,33,Good,7.9,UG/M3,1 Hr,Valid
Banja Luka,PM2.5 - Principal,2023-07-22 03:00 AM,2023,07,22,03,8.0,33,Good,8.1,UG/M3,1 Hr,Valid
Banja Luka,PM2.5 - Principal,2023-07-22 04:00 AM,2023,07,22,04,8.4,35,Good,8.9,UG/M3,1 Hr,Valid
Banja Luka,PM2.5 - Principal,2023-07-22 05:00 AM,2023,07,22,05,8.2,34,Good,8.0,UG/M3,1 Hr,Valid
Banja Luka,PM2.5 - Principal,2023-07-22 06:00 AM,2023,07,22,06,7.9,33,Good,7.6,UG/M3,1 Hr,Valid
Banja Luka,PM2.5 - Principal,2023-07-22 07:00 AM,2023,07,22,07,7.9,33,Good,7.8,UG/M3,1 Hr,Valid
Banja Luka,PM2.5 - Principal,2023-07-22 08:00 AM,2023,07,22,08,7.5,31,Good,7.1,UG/M3,1 Hr,Valid
Banja Luka,PM2.5 - Principal,2023-07-22 09:00 AM,2023,07,22,09,7.8,33,Good,8.2,UG/M3,1 Hr,Valid
Banja Luka,PM2.5 - Principal,2023-07-22 10:00 AM,2023,07,22,10,8.6,36,Good,10.0,UG/M3,1 Hr,Valid
Banja Luka,PM2.5 - Principal,2023-07-22 11:00 AM,2023,07,22,11,8.9,37,Good,9.7,UG/M3,1 Hr,Valid
Banja Luka,PM2.5 - Principal,2023-07-22 12:00 PM,2023,07,22,12,8.4,35,Good,7.4,UG/M3,1 Hr,Valid
Banja Luka,PM2.5 - Principal,2023-07-22 01:00 PM,2023,07,22,13,8.1,34,Good,7.3,UG/M3,1 Hr,Valid
Banja Luka,PM2.5 - Principal,2023-07-22 02:00 PM,2023,07,22,14,7.9,33,Good,7.5,UG/M3,1 Hr,Valid
Banja Luka,PM2.5 - Principal,2023-07-22 03:00 PM,2023,07,22,15,7.9,33,Good,7.7,UG/M3,1 Hr,Valid
Banja Luka,PM2.5 - Principal,2023-07-22 04:00 PM,2023,07,22,16,7.8,33,Good,7.8,UG/M3,1 Hr,Valid
Banja Luka,PM2.5 - Principal,2023-07-22 05:00 PM,2023,07,22,17,8.3,35,Good,9.4,UG/M3,1 Hr,Valid
Banja Luka,PM2.5 - Principal,2023-07-22 06:00 PM,2023,07,22,18,8.8,37,Good,10.1,UG/M3,1 Hr,Valid
Banja Luka,PM2.5 - Principal,2023-07-22 07:00 PM,2023,07,22,19,9.4,39,Good,10.4,UG/M3,1 Hr,Valid
Banja Luka,PM2.5 - Principal,2023-07-22 08:00 PM,2023,07,22,20,9.5,40,Good,10.0,UG/M3,1 Hr,Valid
Banja Luka,PM2.5 - Principal,2023-07-22 09:00 PM,2023,07,22,21,9.7,40,Good,10.1,UG/M3,1 Hr,Valid
Banja Luka,PM2.5 - Principal,2023-07-22 10:00 PM,2023,07,22,22,7.9,33,Good,5.5,UG/M3,1 Hr,Valid
Banja Luka,PM2.5 - Principal,2023-07-22 11:00 PM,2023,07,22,23,7.2,30,Good,6.4,UG/M3,1 Hr,Valid
Banja Luka,PM2.5 - Principal,2023-07-23 12:00 AM,2023,07,23,00,6.7,28,Good,6.0,UG/M3,1 Hr,Valid
Banja Luka,PM2.5 - Principal,2023-07-23 01:00 AM,2023,07,23,01,6.7,28,Good,6.7,UG/M3,1 Hr,Valid
Banja Luka,PM2.5 - Principal,2023-07-23 02:00 AM,2023,07,23,02,6.4,27,Good,6.0,UG/M3,1 Hr,Valid
Banja Luka,PM2.5 - Principal,2023-07-23 03:00 AM,2023,07,23,03,7.1,30,Good,8.0,UG/M3,1 Hr,Valid
Banja Luka,PM2.5 - Principal,2023-07-23 04:00 AM,2023,07,23,04,6.5,27,Good,5.7,UG/M3,1 Hr,Valid
Banja Luka,PM2.5 - Principal,2023-07-23 05:00 AM,2023,07,23,05,6.6,28,Good,6.7,UG/M3,1 Hr,Valid
Banja Luka,PM2.5 - Principal,2023-07-23 06:00 AM,2023,07,23,06,6.6,28,Good,6.7,UG/M3,1 Hr,Valid
Banja Luka,PM2.5 - Principal,2023-07-23 07:00 AM,2023,07,23,07,5.8,24,Good,5.0,UG/M3,1 Hr,Valid
Banja Luka,PM2.5 - Principal,2023-07-23 08:00 AM,2023,07,23,08,6.1,25,Good,6.3,UG/M3,1 Hr,Valid
Banja Luka,PM2.5 - Principal,2023-07-23 09:00 AM,2023,07,23,09,6.7,28,Good,7.6,UG/M3,1 Hr,Valid
Banja Luka,PM2.5 - Principal,2023-07-23 10:00 AM,2023,07,23,10,7.4,31,Good,8.4,UG/M3,1 Hr,Valid
Banja Luka,PM2.5 - Principal,2023-07-23 11:00 AM,2023,07,23,11,7.8,33,Good,8.4,UG/M3,1 Hr,Valid
Banja Luka,PM2.5 - Principal,2023-07-23 12:00 PM,2023,07,23,12,9.8,41,Good,11.5,UG/M3,1 Hr,Valid
Banja Luka,PM2.5 - Principal,2023-07-23 01:00 PM,2023,07,23,13,8.0,33,Good,6.2,UG/M3,1 Hr,Valid
Banja Luka,PM2.5 - Principal,2023-07-23 02:00 PM,2023,07,23,14,6.9,29,Good,5.8,UG/M3,1 Hr,Valid
Banja Luka,PM2.5 - Principal,2023-07-23 03:00 PM,2023,07,23,15,6.7,28,Good,6.5,UG/M3,1 Hr,Valid
Banja Luka,PM2.5 - Principal,2023-07-23 04:00 PM,2023,07,23,16,7.0,29,Good,7.2,UG/M3,1 Hr,Valid
Banja Luka,PM2.5 - Principal,2023-07-23 05:00 PM,2023,07,23,17,8.2,34,Good,9.5,UG/M3,1 Hr,Valid
Banja Luka,PM2.5 - Principal,2023-07-23 06:00 PM,2023,07,23,18,8.8,37,Good,9.4,UG/M3,1 Hr,Valid
Banja Luka,PM2.5 - Principal,2023-07-23 07:00 PM,2023,07,23,19,9.5,40,Good,10.2,UG/M3,1 Hr,Valid
Banja Luka,PM2.5 - Principal,2023-07-23 08:00 PM,2023,07,23,20,10.2,43,Good,10.9,UG/M3,1 Hr,Valid
Banja Luka,PM2.5 - Principal,2023-07-23 09:00 PM,2023,07,23,21,10.9,45,Good,11.6,UG/M3,1 Hr,Valid
Banja Luka,PM2.5 - Principal,2023-07-23 10:00 PM,2023,07,23,22,11.2,47,Good,11.6,UG/M3,1 Hr,Valid
Banja Luka,PM2.5 - Principal,2023-07-23 11:00 PM,2023,07,23,23,12.7,52,Moderate,14.1,UG/M3,1 Hr,Valid
Banja Luka,PM2.5 - Principal,2023-07-24 12:00 AM,2023,07,24,00,12.4,52,Moderate,12.1,UG/M3,1 Hr,Valid
Banja Luka,PM2.5 - Principal,2023-07-24 01:00 AM,2023,07,24,01,12.9,53,Moderate,13.5,UG/M3,1 Hr,Valid
Banja Luka,PM2.5 - Principal,2023-07-24 02:00 AM,2023,07,24,02,13.1,53,Moderate,13.3,UG/M3,1 Hr,Valid
Banja Luka,PM2.5 - Principal,2023-07-24 03:00 AM,2023,07,24,03,13.1,53,Moderate,13.0,UG/M3,1 Hr,Valid
Banja Luka,PM2.5 - Principal,2023-07-24 04:00 AM,2023,07,24,04,12.8,52,Moderate,12.7,UG/M3,1 Hr,Valid
Banja Luka,PM2.5 - Principal,2023-07-24 05:00 AM,2023,07,24,05,12.5,52,Moderate,11.9,UG/M3,1 Hr,Valid
Banja Luka,PM2.5 - Principal,2023-07-24 06:00 AM,2023,07,24,06,12.5,52,Moderate,12.3,UG/M3,1 Hr,Valid
Banja Luka,PM2.5 - Principal,2023-07-24 07:00 AM,2023,07,24,07,12.4,52,Moderate,12.2,UG/M3,1 Hr,Valid
Banja Luka,PM2.5 - Principal,2023-07-24 08:00 AM,2023,07,24,08,12.7,52,Moderate,13.4,UG/M3,1 Hr,Valid
Banja Luka,PM2.5 - Principal,2023-07-24 09:00 AM,2023,07,24,09,12.9,53,Moderate,14.0,UG/M3,1 Hr,Valid
Banja Luka,PM2.5 - Principal,2023-07-24 10:00 AM,2023,07,24,10,13.5,54,Moderate,15.1,UG/M3,1 Hr,Valid
Banja Luka,PM2.5 - Principal,2023-07-24 11:00 AM,2023,07,24,11,13.8,55,Moderate,15.1,UG/M3,1 Hr,Valid
Banja Luka,PM2.5 - Principal,2023-07-24 12:00 PM,2023,07,24,12,14.3,56,Moderate,15.6,UG/M3,1 Hr,Valid
Banja Luka,PM2.5 - Principal,2023-07-24 01:00 PM,2023,07,24,13,14.9,57,Moderate,16.2,UG/M3,1 Hr,Valid
Banja Luka,PM2.5 - Principal,2023-07-24 02:00 PM,2023,07,24,14,14.7,56,Moderate,13.9,UG/M3,1 Hr,Valid
Banja Luka,PM2.5 - Principal,2023-07-24 03:00 PM,2023,07,24,15,14.5,56,Moderate,14.2,UG/M3,1 Hr,Valid
Banja Luka,PM2.5 - Principal,2023-07-24 04:00 PM,2023,07,24,16,14.4,56,Moderate,13.8,UG/M3,1 Hr,Valid
Banja Luka,PM2.5 - Principal,2023-07-24 05:00 PM,2023,07,24,17,14.4,56,Moderate,14.6,UG/M3,1 Hr,Valid
Banja Luka,PM2.5 - Principal,2023-07-24 06:00 PM,2023,07,24,18,14.6,56,Moderate,15.1,UG/M3,1 Hr,Valid
Banja Luka,PM2.5 - Principal,2023-07-24 07:00 PM,2023,07,24,19,14.9,57,Moderate,15.8,UG/M3,1 Hr,Valid
Banja Luka,PM2.5 - Principal,2023-07-24 08:00 PM,2023,07,24,20,15.5,58,Moderate,17.4,UG/M3,1 Hr,Valid
Banja Luka,PM2.5 - Principal,2023-07-24 09:00 PM,2023,07,24,21,15.8,59,Moderate,16.9,UG/M3,1 Hr,Valid
Banja Luka,PM2.5 - Principal,2023-07-24 10:00 PM,2023,07,24,22,19.7,67,Moderate,24.1,UG/M3,1 Hr,Valid
Banja Luka,PM2.5 - Principal,2023-07-24 11:00 PM,2023,07,24,23,23.5,75,Moderate,26.9,UG/M3,1 Hr,Valid
Banja Luka,PM2.5 - Principal,2023-07-25 12:00 AM,2023,07,25,00,23.1,74,Moderate,22.7,UG/M3,1 Hr,Valid
Banja Luka,PM2.5 - Principal,2023-07-25 01:00 AM,2023,07,25,01,21.3,70,Moderate,19.4,UG/M3,1 Hr,Valid
Banja Luka,PM2.5 - Principal,2023-07-25 02:00 AM,2023,07,25,02,20.0,68,Moderate,18.6,UG/M3,1 Hr,Valid
Banja Luka,PM2.5 - Principal,2023-07-25 03:00 AM,2023,07,25,03,17.8,63,Moderate,15.5,UG/M3,1 Hr,Valid
Banja Luka,PM2.5 - Principal,2023-07-25 04:00 AM,2023,07,25,04,16.6,60,Moderate,14.9,UG/M3,1 Hr,Valid
Banja Luka,PM2.5 - Principal,2023-07-25 05:00 AM,2023,07,25,05,16.2,60,Moderate,15.8,UG/M3,1 Hr,Valid
Banja Luka,PM2.5 - Principal,2023-07-25 06:00 AM,2023,07,25,06,15.7,59,Moderate,15.0,UG/M3,1 Hr,Valid
Banja Luka,PM2.5 - Principal,2023-07-25 07:00 AM,2023,07,25,07,15.4,58,Moderate,14.9,UG/M3,1 Hr,Valid
Banja Luka,PM2.5 - Principal,2023-07-25 08:00 AM,2023,07,25,08,15.2,58,Moderate,15.0,UG/M3,1 Hr,Valid
Banja Luka,PM2.5 - Principal,2023-07-25 09:00 AM,2023,07,25,09,15.3,58,Moderate,15.5,UG/M3,1 Hr,Valid
Banja Luka,PM2.5 - Principal,2023-07-25 10:00 AM,2023,07,25,10,17.3,62,Moderate,19.7,UG/M3,1 Hr,Valid
Banja Luka,PM2.5 - Principal,2023-07-25 11:00 AM,2023,07,25,11,18.7,65,Moderate,22.1,UG/M3,1 Hr,Valid
Banja Luka,PM2.5 - Principal,2023-07-25 12:00 PM,2023,07,25,12,19.5,67,Moderate,21.2,UG/M3,1 Hr,Valid
Banja Luka,PM2.5 - Principal,2023-07-25 01:00 PM,2023,07,25,13,20.6,69,Moderate,22.5,UG/M3,1 Hr,Valid
Banja Luka,PM2.5 - Principal,2023-07-25 02:00 PM,2023,07,25,14,20.8,69,Moderate,21.4,UG/M3,1 Hr,Valid
Banja Luka,PM2.5 - Principal,2023-07-25 03:00 PM,2023,07,25,15,14.2,55,Moderate,7.0,UG/M3,1 Hr,Valid
Banja Luka,PM2.5 - Principal,2023-07-25 04:00 PM,2023,07,25,16,10.7,45,Good,7.2,UG/M3,1 Hr,Valid
Banja Luka,PM2.5 - Principal,2023-07-25 05:00 PM,2023,07,25,17,9.2,38,Good,7.6,UG/M3,1 Hr,Valid
Banja Luka,PM2.5 - Principal,2023-07-25 06:00 PM,2023,07,25,18,8.8,37,Good,8.5,UG/M3,1 Hr,Valid
Banja Luka,PM2.5 - Principal,2023-07-25 07:00 PM,2023,07,25,19,8.7,36,Good,8.5,UG/M3,1 Hr,Valid
Banja Luka,PM2.5 - Principal,2023-07-25 08:00 PM,2023,07,25,20,8.7,36,Good,8.7,UG/M3,1 Hr,Valid
Banja Luka,PM2.5 - Principal,2023-07-25 09:00 PM,2023,07,25,21,9.7,40,Good,10.8,UG/M3,1 Hr,Valid
Banja Luka,PM2.5 - Principal,2023-07-25 10:00 PM,2023,07,25,22,10.3,43,Good,10.9,UG/M3,1 Hr,Valid
Banja Luka,PM2.5 - Principal,2023-07-25 11:00 PM,2023,07,25,23,11.1,46,Good,11.9,UG/M3,1 Hr,Valid
Banja Luka,PM2.5 - Principal,2023-07-26 12:00 AM,2023,07,26,00,12.5,52,Moderate,13.9,UG/M3,1 Hr,Valid
Banja Luka,PM2.5 - Principal,2023-07-26 01:00 AM,2023,07,26,01,13.6,54,Moderate,14.6,UG/M3,1 Hr,Valid
Banja Luka,PM2.5 - Principal,2023-07-26 02:00 AM,2023,07,26,02,12.4,52,Moderate,11.2,UG/M3,1 Hr,Valid
Banja Luka,PM2.5 - Principal,2023-07-26 03:00 AM,2023,07,26,03,11.0,46,Good,9.7,UG/M3,1 Hr,Valid
Banja Luka,PM2.5 - Principal,2023-07-26 04:00 AM,2023,07,26,04,10.4,43,Good,9.5,UG/M3,1 Hr,Valid
Banja Luka,PM2.5 - Principal,2023-07-26 05:00 AM,2023,07,26,05,8.1,34,Good,5.9,UG/M3,1 Hr,Valid
Banja Luka,PM2.5 - Principal,2023-07-26 06:00 AM,2023,07,26,06,6.3,26,Good,4.5,UG/M3,1 Hr,Valid
Banja Luka,PM2.5 - Principal,2023-07-26 07:00 AM,2023,07,26,07,5.2,22,Good,4.2,UG/M3,1 Hr,Valid
Banja Luka,PM2.5 - Principal,2023-07-26 08:00 AM,2023,07,26,08,4.9,20,Good,4.5,UG/M3,1 Hr,Valid
Banja Luka,PM2.5 - Principal,2023-07-26 09:00 AM,2023,07,26,09,4.9,20,Good,4.9,UG/M3,1 Hr,Valid
Banja Luka,PM2.5 - Principal,2023-07-26 10:00 AM,2023,07,26,10,5.0,21,Good,5.0,UG/M3,1 Hr,Valid
Banja Luka,PM2.5 - Principal,2023-07-26 11:00 AM,2023,07,26,11,5.4,23,Good,5.8,UG/M3,1 Hr,Valid
Banja Luka,PM2.5 - Principal,2023-07-26 12:00 PM,2023,07,26,12,5.4,23,Good,5.4,UG/M3,1 Hr,Valid
Banja Luka,PM2.5 - Principal,2023-07-26 01:00 PM,2023,07,26,13,4.6,19,Good,3.8,UG/M3,1 Hr,Valid
Banja Luka,PM2.5 - Principal,2023-07-26 02:00 PM,2023,07,26,14,4.0,17,Good,3.3,UG/M3,1 Hr,Valid
Banja Luka,PM2.5 - Principal,2023-07-26 03:00 PM,2023,07,26,15,3.3,14,Good,2.7,UG/M3,1 Hr,Valid
Banja Luka,PM2.5 - Principal,2023-07-26 04:00 PM,2023,07,26,16,3.3,14,Good,3.2,UG/M3,1 Hr,Valid
Banja Luka,PM2.5 - Principal,2023-07-26 05:00 PM,2023,07,26,17,3.0,13,Good,2.7,UG/M3,1 Hr,Valid
Banja Luka,PM2.5 - Principal,2023-07-26 06:00 PM,2023,07,26,18,3.3,14,Good,3.6,UG/M3,1 Hr,Valid
Banja Luka,PM2.5 - Principal,2023-07-26 07:00 PM,2023,07,26,19,3.3,14,Good,3.4,UG/M3,1 Hr,Valid
Banja Luka,PM2.5 - Principal,2023-07-26 08:00 PM,2023,07,26,20,3.3,14,Good,3.4,UG/M3,1 Hr,Valid
Banja Luka,PM2.5 - Principal,2023-07-26 09:00 PM,2023,07,26,21,3.2,13,Good,3.0,UG/M3,1 Hr,Valid
Banja Luka,PM2.5 - Principal,2023-07-26 10:00 PM,2023,07,26,22,3.5,15,Good,3.8,UG/M3,1 Hr,Valid
Banja Luka,PM2.5 - Principal,2023-07-26 11:00 PM,2023,07,26,23,3.9,16,Good,4.3,UG/M3,1 Hr,Valid
Banja Luka,PM2.5 - Principal,2023-07-27 12:00 AM,2023,07,27,00,4.1,17,Good,4.6,UG/M3,1 Hr,Valid
Banja Luka,PM2.5 - Principal,2023-07-27 01:00 AM,2023,07,27,01,3.9,16,Good,3.6,UG/M3,1 Hr,Valid
Banja Luka,PM2.5 - Principal,2023-07-27 02:00 AM,2023,07,27,02,3.8,16,Good,3.6,UG/M3,1 Hr,Valid
Banja Luka,PM2.5 - Principal,2023-07-27 03:00 AM,2023,07,27,03,3.7,15,Good,3.6,UG/M3,1 Hr,Valid
Banja Luka,PM2.5 - Principal,2023-07-27 04:00 AM,2023,07,27,04,3.7,15,Good,3.6,UG/M3,1 Hr,Valid
Banja Luka,PM2.5 - Principal,2023-07-27 05:00 AM,2023,07,27,05,3.6,15,Good,3.4,UG/M3,1 Hr,Valid
Banja Luka,PM2.5 - Principal,2023-07-27 06:00 AM,2023,07,27,06,3.4,14,Good,3.2,UG/M3,1 Hr,Valid
Banja Luka,PM2.5 - Principal,2023-07-27 07:00 AM,2023,07,27,07,3.4,14,Good,3.3,UG/M3,1 Hr,Valid
Banja Luka,PM2.5 - Principal,2023-07-27 08:00 AM,2023,07,27,08,3.5,15,Good,3.7,UG/M3,1 Hr,Valid
Banja Luka,PM2.5 - Principal,2023-07-27 09:00 AM,2023,07,27,09,3.7,15,Good,4.3,UG/M3,1 Hr,Valid
Banja Luka,PM2.5 - Principal,2023-07-27 10:00 AM,2023,07,27,10,3.9,16,Good,4.4,UG/M3,1 Hr,Valid
Banja Luka,PM2.5 - Principal,2023-07-27 11:00 AM,2023,07,27,11,4.1,17,Good,4.3,UG/M3,1 Hr,Valid
Banja Luka,PM2.5 - Principal,2023-07-27 12:00 PM,2023,07,27,12,4.1,17,Good,4.2,UG/M3,1 Hr,Valid
Banja Luka,PM2.5 - Principal,2023-07-27 01:00 PM,2023,07,27,13,4.1,17,Good,4.3,UG/M3,1 Hr,Valid
Banja Luka,PM2.5 - Principal,2023-07-27 02:00 PM,2023,07,27,14,4.2,18,Good,4.2,UG/M3,1 Hr,Valid
Banja Luka,PM2.5 - Principal,2023-07-27 03:00 PM,2023,07,27,15,4.3,18,Good,4.5,UG/M3,1 Hr,Valid
Banja Luka,PM2.5 - Principal,2023-07-27 04:00 PM,2023,07,27,16,4.4,18,Good,4.6,UG/M3,1 Hr,Valid
Banja Luka,PM2.5 - Principal,2023-07-27 05:00 PM,2023,07,27,17,4.4,18,Good,4.3,UG/M3,1 Hr,Valid
Banja Luka,PM2.5 - Principal,2023-07-27 06:00 PM,2023,07,27,18,4.3,18,Good,4.1,UG/M3,1 Hr,Valid
Banja Luka,PM2.5 - Principal,2023-07-27 07:00 PM,2023,07,27,19,4.2,18,Good,4.0,UG/M3,1 Hr,Valid
Banja Luka,PM2.5 - Principal,2023-07-27 08:00 PM,2023,07,27,20,4.2,18,Good,4.1,UG/M3,1 Hr,Valid
Banja Luka,PM2.5 - Principal,2023-07-27 09:00 PM,2023,07,27,21,4.3,18,Good,4.7,UG/M3,1 Hr,Valid
Banja Luka,PM2.5 - Principal,2023-07-27 10:00 PM,2023,07,27,22,6.5,27,Good,8.5,UG/M3,1 Hr,Valid
Banja Luka,PM2.5 - Principal,2023-07-27 11:00 PM,2023,07,27,23,12.1,51,Moderate,17.6,UG/M3,1 Hr,Valid
Banja Luka,PM2.5 - Principal,2023-07-28 12:00 AM,2023,07,28,00,13.4,54,Moderate,14.8,UG/M3,1 Hr,Valid
Banja Luka,PM2.5 - Principal,2023-07-28 01:00 AM,2023,07,28,01,10.5,44,Good,7.6,UG/M3,1 Hr,Valid
Banja Luka,PM2.5 - Principal,2023-07-28 02:00 AM,2023,07,28,02,8.4,35,Good,6.4,UG/M3,1 Hr,Valid
Banja Luka,PM2.5 - Principal,2023-07-28 03:00 AM,2023,07,28,03,7.2,30,Good,5.9,UG/M3,1 Hr,Valid
Banja Luka,PM2.5 - Principal,2023-07-28 04:00 AM,2023,07,28,04,6.5,27,Good,5.8,UG/M3,1 Hr,Valid
Banja Luka,PM2.5 - Principal,2023-07-28 05:00 AM,2023,07,28,05,6.0,25,Good,5.5,UG/M3,1 Hr,Valid
Banja Luka,PM2.5 - Principal,2023-07-28 06:00 AM,2023,07,28,06,5.7,24,Good,5.4,UG/M3,1 Hr,Valid
Banja Luka,PM2.5 - Principal,2023-07-28 07:00 AM,2023,07,28,07,5.7,24,Good,5.7,UG/M3,1 Hr,Valid
Banja Luka,PM2.5 - Principal,2023-07-28 08:00 AM,2023,07,28,08,5.5,23,Good,5.3,UG/M3,1 Hr,Valid
Banja Luka,PM2.5 - Principal,2023-07-28 09:00 AM,2023,07,28,09,6.0,25,Good,6.5,UG/M3,1 Hr,Valid
Banja Luka,PM2.5 - Principal,2023-07-28 10:00 AM,2023,07,28,10,6.0,25,Good,6.0,UG/M3,1 Hr,Valid
Banja Luka,PM2.5 - Principal,2023-07-28 11:00 AM,2023,07,28,11,5.9,25,Good,5.9,UG/M3,1 Hr,Valid
Banja Luka,PM2.5 - Principal,2023-07-28 12:00 PM,2023,07,28,12,6.0,25,Good,6.3,UG/M3,1 Hr,Valid
Banja Luka,PM2.5 - Principal,2023-07-28 01:00 PM,2023,07,28,13,5.9,25,Good,5.6,UG/M3,1 Hr,Valid
Banja Luka,PM2.5 - Principal,2023-07-28 02:00 PM,2023,07,28,14,5.9,25,Good,6.0,UG/M3,1 Hr,Valid
Banja Luka,PM2.5 - Principal,2023-07-28 03:00 PM,2023,07,28,15,5.8,24,Good,5.7,UG/M3,1 Hr,Valid
Banja Luka,PM2.5 - Principal,2023-07-28 04:00 PM,2023,07,28,16,5.8,24,Good,5.7,UG/M3,1 Hr,Valid
Banja Luka,PM2.5 - Principal,2023-07-28 05:00 PM,2023,07,28,17,5.9,25,Good,6.4,UG/M3,1 Hr,Valid
Banja Luka,PM2.5 - Principal,2023-07-28 06:00 PM,2023,07,28,18,6.0,25,Good,6.0,UG/M3,1 Hr,Valid
Banja Luka,PM2.5 - Principal,2023-07-28 07:00 PM,2023,07,28,19,5.9,25,Good,5.8,UG/M3,1 Hr,Valid
Banja Luka,PM2.5 - Principal,2023-07-28 08:00 PM,2023,07,28,20,6.1,25,Good,6.6,UG/M3,1 Hr,Valid
Banja Luka,PM2.5 - Principal,2023-07-28 09:00 PM,2023,07,28,21,6.5,27,Good,7.6,UG/M3,1 Hr,Valid
Banja Luka,PM2.5 - Principal,2023-07-28 10:00 PM,2023,07,28,22,14.5,56,Moderate,22.0,UG/M3,1 Hr,Valid
Banja Luka,PM2.5 - Principal,2023-07-28 11:00 PM,2023,07,28,23,17.6,63,Moderate,20.8,UG/M3,1 Hr,Valid
Banja Luka,PM2.5 - Principal,2023-07-29 12:00 AM,2023,07,29,00,16.3,60,Moderate,15.1,UG/M3,1 Hr,Valid
Banja Luka,PM2.5 - Principal,2023-07-29 01:00 AM,2023,07,29,01,13.4,54,Moderate,10.4,UG/M3,1 Hr,Valid
Banja Luka,PM2.5 - Principal,2023-07-29 02:00 AM,2023,07,29,02,10.9,45,Good,8.5,UG/M3,1 Hr,Valid
Banja Luka,PM2.5 - Principal,2023-07-29 03:00 AM,2023,07,29,03,10.4,43,Good,9.8,UG/M3,1 Hr,Valid
Banja Luka,PM2.5 - Principal,2023-07-29 04:00 AM,2023,07,29,04,8.9,37,Good,7.5,UG/M3,1 Hr,Valid
Banja Luka,PM2.5 - Principal,2023-07-29 05:00 AM,2023,07,29,05,7.9,33,Good,6.8,UG/M3,1 Hr,Valid
Banja Luka,PM2.5 - Principal,2023-07-29 06:00 AM,2023,07,29,06,7.3,30,Good,6.7,UG/M3,1 Hr,Valid
Banja Luka,PM2.5 - Principal,2023-07-29 07:00 AM,2023,07,29,07,7.2,30,Good,7.0,UG/M3,1 Hr,Valid
Banja Luka,PM2.5 - Principal,2023-07-29 08:00 AM,2023,07,29,08,7.0,29,Good,6.9,UG/M3,1 Hr,Valid
Banja Luka,PM2.5 - Principal,2023-07-29 09:00 AM,2023,07,29,09,7.2,30,Good,7.4,UG/M3,1 Hr,Valid
Banja Luka,PM2.5 - Principal,2023-07-29 10:00 AM,2023,07,29,10,7.3,30,Good,7.5,UG/M3,1 Hr,Valid
Banja Luka,PM2.5 - Principal,2023-07-29 11:00 AM,2023,07,29,11,7.7,32,Good,8.1,UG/M3,1 Hr,Valid
Banja Luka,PM2.5 - Principal,2023-07-29 12:00 PM,2023,07,29,12,7.6,32,Good,7.5,UG/M3,1 Hr,Valid
Banja Luka,PM2.5 - Principal,2023-07-29 01:00 PM,2023,07,29,13,7.7,32,Good,8.2,UG/M3,1 Hr,Valid
Banja Luka,PM2.5 - Principal,2023-07-29 02:00 PM,2023,07,29,14,8.0,33,Good,8.4,UG/M3,1 Hr,Valid
Banja Luka,PM2.5 - Principal,2023-07-29 03:00 PM,2023,07,29,15,8.5,35,Good,9.7,UG/M3,1 Hr,Valid
Banja Luka,PM2.5 - Principal,2023-07-29 04:00 PM,2023,07,29,16,8.8,37,Good,9.5,UG/M3,1 Hr,Valid
Banja Luka,PM2.5 - Principal,2023-07-29 05:00 PM,2023,07,29,17,9.1,38,Good,9.8,UG/M3,1 Hr,Valid
Banja Luka,PM2.5 - Principal,2023-07-29 06:00 PM,2023,07,29,18,9.3,39,Good,9.9,UG/M3,1 Hr,Valid
Banja Luka,PM2.5 - Principal,2023-07-29 07:00 PM,2023,07,29,19,9.7,40,Good,10.3,UG/M3,1 Hr,Valid
Banja Luka,PM2.5 - Principal,2023-07-29 08:00 PM,2023,07,29,20,10.0,42,Good,10.6,UG/M3,1 Hr,Valid
Banja Luka,PM2.5 - Principal,2023-07-29 09:00 PM,2023,07,29,21,10.0,42,Good,10.0,UG/M3,1 Hr,Valid
Banja Luka,PM2.5 - Principal,2023-07-29 10:00 PM,2023,07,29,22,11.0,46,Good,12.4,UG/M3,1 Hr,Valid
Banja Luka,PM2.5 - Principal,2023-07-29 11:00 PM,2023,07,29,23,12.8,52,Moderate,14.4,UG/M3,1 Hr,Valid
Banja Luka,PM2.5 - Principal,2023-07-30 12:00 AM,2023,07,30,00,18.2,64,Moderate,23.6,UG/M3,1 Hr,Valid
Banja Luka,PM2.5 - Principal,2023-07-30 01:00 AM,2023,07,30,01,17.6,63,Moderate,16.9,UG/M3,1 Hr,Valid
Banja Luka,PM2.5 - Principal,2023-07-30 02:00 AM,2023,07,30,02,15.9,59,Moderate,14.2,UG/M3,1 Hr,Valid
Banja Luka,PM2.5 - Principal,2023-07-30 03:00 AM,2023,07,30,03,14.2,55,Moderate,12.5,UG/M3,1 Hr,Valid
Banja Luka,PM2.5 - Principal,2023-07-30 04:00 AM,2023,07,30,04,12.7,52,Moderate,11.3,UG/M3,1 Hr,Valid
Banja Luka,PM2.5 - Principal,2023-07-30 05:00 AM,2023,07,30,05,12.2,51,Moderate,11.7,UG/M3,1 Hr,Valid
Banja Luka,PM2.5 - Principal,2023-07-30 06:00 AM,2023,07,30,06,11.3,47,Good,10.3,UG/M3,1 Hr,Valid
Banja Luka,PM2.5 - Principal,2023-07-30 07:00 AM,2023,07,30,07,10.9,45,Good,10.6,UG/M3,1 Hr,Valid
Banja Luka,PM2.5 - Principal,2023-07-30 08:00 AM,2023,07,30,08,10.6,44,Good,10.2,UG/M3,1 Hr,Valid
Banja Luka,PM2.5 - Principal,2023-07-30 09:00 AM,2023,07,30,09,10.2,43,Good,9.8,UG/M3,1 Hr,Valid
Banja Luka,PM2.5 - Principal,2023-07-30 10:00 AM,2023,07,30,10,10.0,42,Good,9.8,UG/M3,1 Hr,Valid
Banja Luka,PM2.5 - Principal,2023-07-30 11:00 AM,2023,07,30,11,10.4,43,Good,10.8,UG/M3,1 Hr,Valid
Banja Luka,PM2.5 - Principal,2023-07-30 12:00 PM,2023,07,30,12,11.7,49,Good,13.5,UG/M3,1 Hr,Valid
Banja Luka,PM2.5 - Principal,2023-07-30 01:00 PM,2023,07,30,13,10.4,43,Good,8.6,UG/M3,1 Hr,Valid
Banja Luka,PM2.5 - Principal,2023-07-30 02:00 PM,2023,07,30,14,8.6,36,Good,6.8,UG/M3,1 Hr,Valid
Banja Luka,PM2.5 - Principal,2023-07-30 03:00 PM,2023,07,30,15,7.8,33,Good,7.0,UG/M3,1 Hr,Valid
Banja Luka,PM2.5 - Principal,2023-07-30 04:00 PM,2023,07,30,16,6.2,26,Good,4.7,UG/M3,1 Hr,Valid
Banja Luka,PM2.5 - Principal,2023-07-30 05:00 PM,2023,07,30,17,7.1,30,Good,8.0,UG/M3,1 Hr,Valid
Banja Luka,PM2.5 - Principal,2023-07-30 06:00 PM,2023,07,30,18,7.3,30,Good,7.5,UG/M3,1 Hr,Valid
Banja Luka,PM2.5 - Principal,2023-07-30 07:00 PM,2023,07,30,19,6.4,27,Good,5.5,UG/M3,1 Hr,Valid
Banja Luka,PM2.5 - Principal,2023-07-30 08:00 PM,2023,07,30,20,5.5,23,Good,4.6,UG/M3,1 Hr,Valid
Banja Luka,PM2.5 - Principal,2023-07-30 09:00 PM,2023,07,30,21,5.2,22,Good,4.9,UG/M3,1 Hr,Valid
Banja Luka,PM2.5 - Principal,2023-07-30 10:00 PM,2023,07,30,22,5.1,21,Good,5.0,UG/M3,1 Hr,Valid
Banja Luka,PM2.5 - Principal,2023-07-30 11:00 PM,2023,07,30,23,5.6,23,Good,6.0,UG/M3,1 Hr,Valid
Banja Luka,PM2.5 - Principal,2023-07-31 12:00 AM,2023,07,31,00,6.4,27,Good,7.4,UG/M3,1 Hr,Valid
Banja Luka,PM2.5 - Principal,2023-07-31 01:00 AM,2023,07,31,01,6.8,28,Good,7.6,UG/M3,1 Hr,Valid
Banja Luka,PM2.5 - Principal,2023-07-31 02:00 AM,2023,07,31,02,6.2,26,Good,5.3,UG/M3,1 Hr,Valid
Banja Luka,PM2.5 - Principal,2023-07-31 03:00 AM,2023,07,31,03,6.0,25,Good,5.8,UG/M3,1 Hr,Valid
Banja Luka,PM2.5 - Principal,2023-07-31 04:00 AM,2023,07,31,04,5.6,23,Good,5.1,UG/M3,1 Hr,Valid
Banja Luka,PM2.5 - Principal,2023-07-31 05:00 AM,2023,07,31,05,5.3,22,Good,4.8,UG/M3,1 Hr,Valid
Banja Luka,PM2.5 - Principal,2023-07-31 06:00 AM,2023,07,31,06,5.2,22,Good,4.9,UG/M3,1 Hr,Valid
Banja Luka,PM2.5 - Principal,2023-07-31 07:00 AM,2023,07,31,07,5.2,22,Good,5.2,UG/M3,1 Hr,Valid
Banja Luka,PM2.5 - Principal,2023-07-31 08:00 AM,2023,07,31,08,5.1,21,Good,5.0,UG/M3,1 Hr,Valid
Banja Luka,PM2.5 - Principal,2023-07-31 09:00 AM,2023,07,31,09,5.2,22,Good,5.2,UG/M3,1 Hr,Valid
Banja Luka,PM2.5 - Principal,2023-07-31 10:00 AM,2023,07,31,10,5.4,23,Good,5.9,UG/M3,1 Hr,Valid
Banja Luka,PM2.5 - Principal,2023-07-31 11:00 AM,2023,07,31,11,5.7,24,Good,6.3,UG/M3,1 Hr,Valid
Banja Luka,PM2.5 - Principal,2023-07-31 12:00 PM,2023,07,31,12,5.8,24,Good,6.0,UG/M3,1 Hr,Valid
Banja Luka,PM2.5 - Principal,2023-07-31 01:00 PM,2023,07,31,13,5.6,23,Good,5.4,UG/M3,1 Hr,Valid
Banja Luka,PM2.5 - Principal,2023-07-31 02:00 PM,2023,07,31,14,5.6,23,Good,5.6,UG/M3,1 Hr,Valid
Banja Luka,PM2.5 - Principal,2023-07-31 03:00 PM,2023,07,31,15,5.5,23,Good,5.0,UG/M3,1 Hr,Valid
Banja Luka,PM2.5 - Principal,2023-07-31 04:00 PM,2023,07,31,16,5.5,23,Good,5.6,UG/M3,1 Hr,Valid
Banja Luka,PM2.5 - Principal,2023-07-31 05:00 PM,2023,07,31,17,5.6,23,Good,5.8,UG/M3,1 Hr,Valid
Banja Luka,PM2.5 - Principal,2023-07-31 06:00 PM,2023,07,31,18,5.8,24,Good,6.4,UG/M3,1 Hr,Valid
Banja Luka,PM2.5 - Principal,2023-07-31 07:00 PM,2023,07,31,19,6.2,26,Good,7.0,UG/M3,1 Hr,Valid
Banja Luka,PM2.5 - Principal,2023-07-31 08:00 PM,2023,07,31,20,6.4,27,Good,6.9,UG/M3,1 Hr,Valid
Banja Luka,PM2.5 - Principal,2023-07-31 09:00 PM,2023,07,31,21,6.8,28,Good,7.4,UG/M3,1 Hr,Valid
Banja Luka,PM2.5 - Principal,2023-07-31 10:00 PM,2023,07,31,22,7.1,30,Good,7.6,UG/M3,1 Hr,Valid
Banja Luka,PM2.5 - Principal,2023-07-31 11:00 PM,2023,07,31,23,18.4,64,Moderate,29.5,UG/M3,1 Hr,Valid
Banja Luka,PM2.5 - Principal,2023-08-01 12:00 AM,2023,08,01,00,16.7,61,Moderate,15.0,UG/M3,1 Hr,Valid
Banja Luka,PM2.5 - Principal,2023-08-01 01:00 AM,2023,08,01,01,17.0,61,Moderate,17.2,UG/M3,1 Hr,Valid
Banja Luka,PM2.5 - Principal,2023-08-01 02:00 AM,2023,08,01,02,13.8,55,Moderate,10.7,UG/M3,1 Hr,Valid
Banja Luka,PM2.5 - Principal,2023-08-01 03:00 AM,2023,08,01,03,12.4,52,Moderate,11.1,UG/M3,1 Hr,Valid
Banja Luka,PM2.5 - Principal,2023-08-01 04:00 AM,2023,08,01,04,10.9,45,Good,9.3,UG/M3,1 Hr,Valid
Banja Luka,PM2.5 - Principal,2023-08-01 05:00 AM,2023,08,01,05,9.8,41,Good,8.7,UG/M3,1 Hr,Valid
Banja Luka,PM2.5 - Principal,2023-08-01 06:00 AM,2023,08,01,06,9.0,38,Good,8.3,UG/M3,1 Hr,Valid
Banja Luka,PM2.5 - Principal,2023-08-01 07:00 AM,2023,08,01,07,8.5,35,Good,8.0,UG/M3,1 Hr,Valid
Banja Luka,PM2.5 - Principal,2023-08-01 08:00 AM,2023,08,01,08,10.6,44,Good,12.7,UG/M3,1 Hr,Valid
Banja Luka,PM2.5 - Principal,2023-08-01 09:00 AM,2023,08,01,09,10.1,42,Good,9.5,UG/M3,1 Hr,Valid
Banja Luka,PM2.5 - Principal,2023-08-01 10:00 AM,2023,08,01,10,10.3,43,Good,10.5,UG/M3,1 Hr,Valid
Banja Luka,PM2.5 - Principal,2023-08-01 11:00 AM,2023,08,01,11,10.6,44,Good,11.0,UG/M3,1 Hr,Valid
Banja Luka,PM2.5 - Principal,2023-08-01 12:00 PM,2023,08,01,12,10.2,43,Good,9.8,UG/M3,1 Hr,Valid
Banja Luka,PM2.5 - Principal,2023-08-01 01:00 PM,2023,08,01,13,10.3,43,Good,10.5,UG/M3,1 Hr,Valid
Banja Luka,PM2.5 - Principal,2023-08-01 02:00 PM,2023,08,01,14,10.8,45,Good,11.6,UG/M3,1 Hr,Valid
Banja Luka,PM2.5 - Principal,2023-08-01 03:00 PM,2023,08,01,15,11.1,46,Good,11.6,UG/M3,1 Hr,Valid
Banja Luka,PM2.5 - Principal,2023-08-01 04:00 PM,2023,08,01,16,11.0,46,Good,11.0,UG/M3,1 Hr,Valid
Banja Luka,PM2.5 - Principal,2023-08-01 05:00 PM,2023,08,01,17,10.9,45,Good,10.8,UG/M3,1 Hr,Valid
Banja Luka,PM2.5 - Principal,2023-08-01 06:00 PM,2023,08,01,18,10.8,45,Good,10.4,UG/M3,1 Hr,Valid
Banja Luka,PM2.5 - Principal,2023-08-01 07:00 PM,2023,08,01,19,11.0,46,Good,11.5,UG/M3,1 Hr,Valid
Banja Luka,PM2.5 - Principal,2023-08-01 08:00 PM,2023,08,01,20,12.8,52,Moderate,15.6,UG/M3,1 Hr,Valid
Banja Luka,PM2.5 - Principal,2023-08-01 09:00 PM,2023,08,01,21,14.3,56,Moderate,16.4,UG/M3,1 Hr,Valid
Banja Luka,PM2.5 - Principal,2023-08-01 10:00 PM,2023,08,01,22,19.2,66,Moderate,23.4,UG/M3,1 Hr,Valid
Banja Luka,PM2.5 - Principal,2023-08-01 11:00 PM,2023,08,01,23,13.4,54,Moderate,7.7,UG/M3,1 Hr,Valid
Banja Luka,PM2.5 - Principal,2023-08-02 12:00 AM,2023,08,02,00,8.5,35,Good,3.6,UG/M3,1 Hr,Valid
Banja Luka,PM2.5 - Principal,2023-08-02 01:00 AM,2023,08,02,01,5.4,23,Good,2.2,UG/M3,1 Hr,Valid
Banja Luka,PM2.5 - Principal,2023-08-02 02:00 AM,2023,08,02,02,4.3,18,Good,3.2,UG/M3,1 Hr,Valid
Banja Luka,PM2.5 - Principal,2023-08-02 03:00 AM,2023,08,02,03,3.5,15,Good,2.7,UG/M3,1 Hr,Valid
Banja Luka,PM2.5 - Principal,2023-08-02 04:00 AM,2023,08,02,04,2.9,12,Good,2.4,UG/M3,1 Hr,Valid
Banja Luka,PM2.5 - Principal,2023-08-02 05:00 AM,2023,08,02,05,2.5,10,Good,2.0,UG/M3,1 Hr,Valid
Banja Luka,PM2.5 - Principal,2023-08-02 06:00 AM,2023,08,02,06,3.5,15,Good,4.6,UG/M3,1 Hr,Valid
Banja Luka,PM2.5 - Principal,2023-08-02 07:00 AM,2023,08,02,07,2.8,12,Good,2.1,UG/M3,1 Hr,Valid
Banja Luka,PM2.5 - Principal,2023-08-02 08:00 AM,2023,08,02,08,3.1,13,Good,3.5,UG/M3,1 Hr,Valid
Banja Luka,PM2.5 - Principal,2023-08-02 09:00 AM,2023,08,02,09,3.3,14,Good,3.4,UG/M3,1 Hr,Valid
Banja Luka,PM2.5 - Principal,2023-08-02 10:00 AM,2023,08,02,10,3.7,15,Good,4.1,UG/M3,1 Hr,Valid
Banja Luka,PM2.5 - Principal,2023-08-02 11:00 AM,2023,08,02,11,3.8,16,Good,3.9,UG/M3,1 Hr,Valid
Banja Luka,PM2.5 - Principal,2023-08-02 12:00 PM,2023,08,02,12,3.7,15,Good,3.7,UG/M3,1 Hr,Valid
Banja Luka,PM2.5 - Principal,2023-08-02 01:00 PM,2023,08,02,13,3.6,15,Good,3.5,UG/M3,1 Hr,Valid
Banja Luka,PM2.5 - Principal,2023-08-02 02:00 PM,2023,08,02,14,3.9,16,Good,4.1,UG/M3,1 Hr,Valid
Banja Luka,PM2.5 - Principal,2023-08-02 03:00 PM,2023,08,02,15,4.2,18,Good,4.4,UG/M3,1 Hr,Valid
Banja Luka,PM2.5 - Principal,2023-08-02 04:00 PM,2023,08,02,16,4.2,18,Good,4.3,UG/M3,1 Hr,Valid
Banja Luka,PM2.5 - Principal,2023-08-02 05:00 PM,2023,08,02,17,4.7,20,Good,5.2,UG/M3,1 Hr,Valid
Banja Luka,PM2.5 - Principal,2023-08-02 06:00 PM,2023,08,02,18,5.3,22,Good,5.8,UG/M3,1 Hr,Valid
Banja Luka,PM2.5 - Principal,2023-08-02 07:00 PM,2023,08,02,19,5.2,22,Good,5.4,UG/M3,1 Hr,Valid
Banja Luka,PM2.5 - Principal,2023-08-02 08:00 PM,2023,08,02,20,5.7,24,Good,6.2,UG/M3,1 Hr,Valid
Banja Luka,PM2.5 - Principal,2023-08-02 09:00 PM,2023,08,02,21,6.4,27,Good,7.1,UG/M3,1 Hr,Valid
Banja Luka,PM2.5 - Principal,2023-08-02 10:00 PM,2023,08,02,22,7.3,30,Good,8.1,UG/M3,1 Hr,Valid
Banja Luka,PM2.5 - Principal,2023-08-02 11:00 PM,2023,08,02,23,8.4,35,Good,9.5,UG/M3,1 Hr,Valid
Banja Luka,PM2.5 - Principal,2023-08-03 12:00 AM,2023,08,03,00,8.8,37,Good,9.2,UG/M3,1 Hr,Valid
Banja Luka,PM2.5 - Principal,2023-08-03 01:00 AM,2023,08,03,01,9.2,38,Good,9.7,UG/M3,1 Hr,Valid
Banja Luka,PM2.5 - Principal,2023-08-03 02:00 AM,2023,08,03,02,8.6,36,Good,7.9,UG/M3,1 Hr,Valid
Banja Luka,PM2.5 - Principal,2023-08-03 03:00 AM,2023,08,03,03,8.7,36,Good,8.9,UG/M3,1 Hr,Valid
Banja Luka,PM2.5 - Principal,2023-08-03 04:00 AM,2023,08,03,04,8.9,37,Good,9.0,UG/M3,1 Hr,Valid
Banja Luka,PM2.5 - Principal,2023-08-03 05:00 AM,2023,08,03,05,8.7,36,Good,8.5,UG/M3,1 Hr,Valid
Banja Luka,PM2.5 - Principal,2023-08-03 06:00 AM,2023,08,03,06,8.9,37,Good,9.2,UG/M3,1 Hr,Valid
Banja Luka,PM2.5 - Principal,2023-08-03 07:00 AM,2023,08,03,07,8.7,36,Good,8.4,UG/M3,1 Hr,Valid
Banja Luka,PM2.5 - Principal,2023-08-03 08:00 AM,2023,08,03,08,8.9,37,Good,9.4,UG/M3,1 Hr,Valid
Banja Luka,PM2.5 - Principal,2023-08-03 09:00 AM,2023,08,03,09,10.1,42,Good,12.2,UG/M3,1 Hr,Valid
Banja Luka,PM2.5 - Principal,2023-08-03 10:00 AM,2023,08,03,10,10.0,42,Good,9.9,UG/M3,1 Hr,Valid
Banja Luka,PM2.5 - Principal,2023-08-03 11:00 AM,2023,08,03,11,9.9,41,Good,9.7,UG/M3,1 Hr,Valid
Banja Luka,PM2.5 - Principal,2023-08-03 12:00 PM,2023,08,03,12,10.0,42,Good,10.2,UG/M3,1 Hr,Valid
Banja Luka,PM2.5 - Principal,2023-08-03 01:00 PM,2023,08,03,13,10.3,43,Good,10.7,UG/M3,1 Hr,Valid
Banja Luka,PM2.5 - Principal,2023-08-03 02:00 PM,2023,08,03,14,10.1,42,Good,9.8,UG/M3,1 Hr,Valid
Banja Luka,PM2.5 - Principal,2023-08-03 03:00 PM,2023,08,03,15,10.2,43,Good,10.6,UG/M3,1 Hr,Valid
Banja Luka,PM2.5 - Principal,2023-08-03 04:00 PM,2023,08,03,16,10.2,43,Good,9.9,UG/M3,1 Hr,Valid
Banja Luka,PM2.5 - Principal,2023-08-03 05:00 PM,2023,08,03,17,10.2,43,Good,10.3,UG/M3,1 Hr,Valid
Banja Luka,PM2.5 - Principal,2023-08-03 06:00 PM,2023,08,03,18,10.2,43,Good,10.1,UG/M3,1 Hr,Valid
Banja Luka,PM2.5 - Principal,2023-08-03 07:00 PM,2023,08,03,19,10.6,44,Good,12.0,UG/M3,1 Hr,Valid
Banja Luka,PM2.5 - Principal,2023-08-03 08:00 PM,2023,08,03,20,11.5,48,Good,13.5,UG/M3,1 Hr,Valid
Banja Luka,PM2.5 - Principal,2023-08-03 09:00 PM,2023,08,03,21,11.8,49,Good,12.6,UG/M3,1 Hr,Valid
Banja Luka,PM2.5 - Principal,2023-08-03 10:00 PM,2023,08,03,22,14.7,56,Moderate,17.7,UG/M3,1 Hr,Valid
Banja Luka,PM2.5 - Principal,2023-08-03 11:00 PM,2023,08,03,23,15.8,59,Moderate,17.2,UG/M3,1 Hr,Valid
Banja Luka,PM2.5 - Principal,2023-08-04 12:00 AM,2023,08,04,00,15.7,59,Moderate,15.6,UG/M3,1 Hr,Valid
Banja Luka,PM2.5 - Principal,2023-08-04 01:00 AM,2023,08,04,01,16.4,60,Moderate,17.2,UG/M3,1 Hr,Valid
Banja Luka,PM2.5 - Principal,2023-08-04 02:00 AM,2023,08,04,02,15.5,58,Moderate,14.2,UG/M3,1 Hr,Valid
Banja Luka,PM2.5 - Principal,2023-08-04 03:00 AM,2023,08,04,03,14.9,57,Moderate,14.2,UG/M3,1 Hr,Valid
Banja Luka,PM2.5 - Principal,2023-08-04 04:00 AM,2023,08,04,04,14.1,55,Moderate,13.0,UG/M3,1 Hr,Valid
Banja Luka,PM2.5 - Principal,2023-08-04 05:00 AM,2023,08,04,05,14.2,55,Moderate,14.3,UG/M3,1 Hr,Valid
Banja Luka,PM2.5 - Principal,2023-08-04 06:00 AM,2023,08,04,06,14.0,55,Moderate,13.2,UG/M3,1 Hr,Valid
Banja Luka,PM2.5 - Principal,2023-08-04 07:00 AM,2023,08,04,07,13.2,53,Moderate,11.7,UG/M3,1 Hr,Valid
Banja Luka,PM2.5 - Principal,2023-08-04 08:00 AM,2023,08,04,08,12.4,52,Moderate,11.1,UG/M3,1 Hr,Valid
Banja Luka,PM2.5 - Principal,2023-08-04 09:00 AM,2023,08,04,09,11.8,49,Good,11.0,UG/M3,1 Hr,Valid
Banja Luka,PM2.5 - Principal,2023-08-04 10:00 AM,2023,08,04,10,10.8,45,Good,9.7,UG/M3,1 Hr,Valid
Banja Luka,PM2.5 - Principal,2023-08-04 11:00 AM,2023,08,04,11,11.3,47,Good,11.9,UG/M3,1 Hr,Valid
Banja Luka,PM2.5 - Principal,2023-08-04 12:00 PM,2023,08,04,12,12.0,50,Good,13.0,UG/M3,1 Hr,Valid
Banja Luka,PM2.5 - Principal,2023-08-04 01:00 PM,2023,08,04,13,11.4,48,Good,10.2,UG/M3,1 Hr,Valid
Banja Luka,PM2.5 - Principal,2023-08-04 02:00 PM,2023,08,04,14,11.5,48,Good,11.9,UG/M3,1 Hr,Valid
Banja Luka,PM2.5 - Principal,2023-08-04 03:00 PM,2023,08,04,15,11.6,48,Good,11.9,UG/M3,1 Hr,Valid
Banja Luka,PM2.5 - Principal,2023-08-04 04:00 PM,2023,08,04,16,11.3,47,Good,10.7,UG/M3,1 Hr,Valid
Banja Luka,PM2.5 - Principal,2023-08-04 05:00 PM,2023,08,04,17,10.9,45,Good,9.6,UG/M3,1 Hr,Valid
Banja Luka,PM2.5 - Principal,2023-08-04 06:00 PM,2023,08,04,18,10.7,45,Good,10.2,UG/M3,1 Hr,Valid
Banja Luka,PM2.5 - Principal,2023-08-04 07:00 PM,2023,08,04,19,9.6,40,Good,8.2,UG/M3,1 Hr,Valid
Banja Luka,PM2.5 - Principal,2023-08-04 08:00 PM,2023,08,04,20,8.7,36,Good,7.5,UG/M3,1 Hr,Valid
Banja Luka,PM2.5 - Principal,2023-08-04 09:00 PM,2023,08,04,21,8.0,33,Good,7.3,UG/M3,1 Hr,Valid
Banja Luka,PM2.5 - Principal,2023-08-04 10:00 PM,2023,08,04,22,7.3,30,Good,6.7,UG/M3,1 Hr,Valid
Banja Luka,PM2.5 - Principal,2023-08-04 11:00 PM,2023,08,04,23,7.0,29,Good,6.8,UG/M3,1 Hr,Valid
Banja Luka,PM2.5 - Principal,2023-08-05 12:00 AM,2023,08,05,00,7.0,29,Good,6.9,UG/M3,1 Hr,Valid
Banja Luka,PM2.5 - Principal,2023-08-05 01:00 AM,2023,08,05,01,4.8,20,Good,2.6,UG/M3,1 Hr,Valid
Banja Luka,PM2.5 - Principal,2023-08-05 02:00 AM,2023,08,05,02,3.1,13,Good,1.4,UG/M3,1 Hr,Valid
Banja Luka,PM2.5 - Principal,2023-08-05 03:00 AM,2023,08,05,03,2.2,9,Good,1.4,UG/M3,1 Hr,Valid
Banja Luka,PM2.5 - Principal,2023-08-05 04:00 AM,2023,08,05,04,1.8,8,Good,1.3,UG/M3,1 Hr,Valid
Banja Luka,PM2.5 - Principal,2023-08-05 05:00 AM,2023,08,05,05,2.6,11,Good,3.5,UG/M3,1 Hr,Valid
Banja Luka,PM2.5 - Principal,2023-08-05 06:00 AM,2023,08,05,06,2.2,9,Good,1.8,UG/M3,1 Hr,Valid
Banja Luka,PM2.5 - Principal,2023-08-05 07:00 AM,2023,08,05,07,1.9,8,Good,1.7,UG/M3,1 Hr,Valid
Banja Luka,PM2.5 - Principal,2023-08-05 08:00 AM,2023,08,05,08,1.9,8,Good,1.8,UG/M3,1 Hr,Valid
Banja Luka,PM2.5 - Principal,2023-08-05 09:00 AM,2023,08,05,09,2.7,11,Good,3.5,UG/M3,1 Hr,Valid
Banja Luka,PM2.5 - Principal,2023-08-05 10:00 AM,2023,08,05,10,3.1,13,Good,3.6,UG/M3,1 Hr,Valid
Banja Luka,PM2.5 - Principal,2023-08-05 11:00 AM,2023,08,05,11,2.7,11,Good,2.3,UG/M3,1 Hr,Valid
Banja Luka,PM2.5 - Principal,2023-08-05 12:00 PM,2023,08,05,12,3.2,13,Good,3.6,UG/M3,1 Hr,Valid
Banja Luka,PM2.5 - Principal,2023-08-05 01:00 PM,2023,08,05,13,3.1,13,Good,3.0,UG/M3,1 Hr,Valid
Banja Luka,PM2.5 - Principal,2023-08-05 02:00 PM,2023,08,05,14,3.1,13,Good,3.1,UG/M3,1 Hr,Valid
Banja Luka,PM2.5 - Principal,2023-08-05 03:00 PM,2023,08,05,15,3.3,14,Good,3.5,UG/M3,1 Hr,Valid
Banja Luka,PM2.5 - Principal,2023-08-05 04:00 PM,2023,08,05,16,3.8,16,Good,4.3,UG/M3,1 Hr,Valid
Banja Luka,PM2.5 - Principal,2023-08-05 05:00 PM,2023,08,05,17,4.1,17,Good,4.5,UG/M3,1 Hr,Valid
Banja Luka,PM2.5 - Principal,2023-08-05 06:00 PM,2023,08,05,18,4.5,19,Good,4.9,UG/M3,1 Hr,Valid
Banja Luka,PM2.5 - Principal,2023-08-05 07:00 PM,2023,08,05,19,4.5,19,Good,4.5,UG/M3,1 Hr,Valid
Banja Luka,PM2.5 - Principal,2023-08-05 08:00 PM,2023,08,05,20,4.4,18,Good,4.2,UG/M3,1 Hr,Valid
Banja Luka,PM2.5 - Principal,2023-08-05 09:00 PM,2023,08,05,21,4.0,17,Good,3.7,UG/M3,1 Hr,Valid
Banja Luka,PM2.5 - Principal,2023-08-05 10:00 PM,2023,08,05,22,4.0,17,Good,4.0,UG/M3,1 Hr,Valid
Banja Luka,PM2.5 - Principal,2023-08-05 11:00 PM,2023,08,05,23,4.8,20,Good,5.7,UG/M3,1 Hr,Valid
Banja Luka,PM2.5 - Principal,2023-08-06 12:00 AM,2023,08,06,00,4.5,19,Good,4.3,UG/M3,1 Hr,Valid
Banja Luka,PM2.5 - Principal,2023-08-06 01:00 AM,2023,08,06,01,4.2,18,Good,3.7,UG/M3,1 Hr,Valid
Banja Luka,PM2.5 - Principal,2023-08-06 02:00 AM,2023,08,06,02,3.8,16,Good,3.2,UG/M3,1 Hr,Valid
Banja Luka,PM2.5 - Principal,2023-08-06 03:00 AM,2023,08,06,03,3.6,15,Good,3.4,UG/M3,1 Hr,Valid
Banja Luka,PM2.5 - Principal,2023-08-06 04:00 AM,2023,08,06,04,3.5,15,Good,3.3,UG/M3,1 Hr,Valid
Banja Luka,PM2.5 - Principal,2023-08-06 05:00 AM,2023,08,06,05,3.5,15,Good,3.6,UG/M3,1 Hr,Valid
Banja Luka,PM2.5 - Principal,2023-08-06 06:00 AM,2023,08,06,06,3.6,15,Good,3.7,UG/M3,1 Hr,Valid
Banja Luka,PM2.5 - Principal,2023-08-06 07:00 AM,2023,08,06,07,3.2,13,Good,2.7,UG/M3,1 Hr,Valid
Banja Luka,PM2.5 - Principal,2023-08-06 08:00 AM,2023,08,06,08,3.3,14,Good,3.4,UG/M3,1 Hr,Valid
Banja Luka,PM2.5 - Principal,2023-08-06 09:00 AM,2023,08,06,09,3.1,13,Good,3.0,UG/M3,1 Hr,Valid
Banja Luka,PM2.5 - Principal,2023-08-06 10:00 AM,2023,08,06,10,2.9,12,Good,2.7,UG/M3,1 Hr,Valid
Banja Luka,PM2.5 - Principal,2023-08-06 11:00 AM,2023,08,06,11,3.1,13,Good,3.3,UG/M3,1 Hr,Valid
Banja Luka,PM2.5 - Principal,2023-08-06 12:00 PM,2023,08,06,12,3.0,13,Good,2.6,UG/M3,1 Hr,Valid
Banja Luka,PM2.5 - Principal,2023-08-06 01:00 PM,2023,08,06,13,2.8,12,Good,2.5,UG/M3,1 Hr,Valid
Banja Luka,PM2.5 - Principal,2023-08-06 02:00 PM,2023,08,06,14,2.3,10,Good,1.9,UG/M3,1 Hr,Valid
Banja Luka,PM2.5 - Principal,2023-08-06 03:00 PM,2023,08,06,15,1.9,8,Good,1.5,UG/M3,1 Hr,Valid
Banja Luka,PM2.5 - Principal,2023-08-06 04:00 PM,2023,08,06,16,2.0,8,Good,2.1,UG/M3,1 Hr,Valid
Banja Luka,PM2.5 - Principal,2023-08-06 05:00 PM,2023,08,06,17,1.9,8,Good,1.9,UG/M3,1 Hr,Valid
Banja Luka,PM2.5 - Principal,2023-08-06 06:00 PM,2023,08,06,18,1.7,7,Good,1.4,UG/M3,1 Hr,Valid
Banja Luka,PM2.5 - Principal,2023-08-06 07:00 PM,2023,08,06,19,1.5,6,Good,1.4,UG/M3,1 Hr,Valid
Banja Luka,PM2.5 - Principal,2023-08-06 08:00 PM,2023,08,06,20,1.4,6,Good,1.3,UG/M3,1 Hr,Valid
Banja Luka,PM2.5 - Principal,2023-08-06 09:00 PM,2023,08,06,21,2.2,9,Good,2.9,UG/M3,1 Hr,Valid
Banja Luka,PM2.5 - Principal,2023-08-06 10:00 PM,2023,08,06,22,2.6,11,Good,3.1,UG/M3,1 Hr,Valid
Banja Luka,PM2.5 - Principal,2023-08-06 11:00 PM,2023,08,06,23,3.2,13,Good,3.8,UG/M3,1 Hr,Valid
Banja Luka,PM2.5 - Principal,2023-08-07 12:00 AM,2023,08,07,00,3.5,15,Good,3.7,UG/M3,1 Hr,Valid
Banja Luka,PM2.5 - Principal,2023-08-07 01:00 AM,2023,08,07,01,4.7,20,Good,6.0,UG/M3,1 Hr,Valid
Banja Luka,PM2.5 - Principal,2023-08-07 02:00 AM,2023,08,07,02,4.1,17,Good,3.5,UG/M3,1 Hr,Valid
Banja Luka,PM2.5 - Principal,2023-08-07 03:00 AM,2023,08,07,03,3.6,15,Good,3.1,UG/M3,1 Hr,Valid
Banja Luka,PM2.5 - Principal,2023-08-07 04:00 AM,2023,08,07,04,3.3,14,Good,3.0,UG/M3,1 Hr,Valid
Banja Luka,PM2.5 - Principal,2023-08-07 05:00 AM,2023,08,07,05,2.9,12,Good,2.6,UG/M3,1 Hr,Valid
Banja Luka,PM2.5 - Principal,2023-08-07 06:00 AM,2023,08,07,06,2.9,12,Good,2.8,UG/M3,1 Hr,Valid
Banja Luka,PM2.5 - Principal,2023-08-07 07:00 AM,2023,08,07,07,2.9,12,Good,2.9,UG/M3,1 Hr,Valid
Banja Luka,PM2.5 - Principal,2023-08-07 08:00 AM,2023,08,07,08,3.4,14,Good,3.8,UG/M3,1 Hr,Valid
Banja Luka,PM2.5 - Principal,2023-08-07 09:00 AM,2023,08,07,09,3.8,16,Good,4.2,UG/M3,1 Hr,Valid
Banja Luka,PM2.5 - Principal,2023-08-07 10:00 AM,2023,08,07,10,3.8,16,Good,3.8,UG/M3,1 Hr,Valid
Banja Luka,PM2.5 - Principal,2023-08-07 11:00 AM,2023,08,07,11,3.6,15,Good,3.3,UG/M3,1 Hr,Valid
Banja Luka,PM2.5 - Principal,2023-08-07 12:00 PM,2023,08,07,12,3.6,15,Good,3.7,UG/M3,1 Hr,Valid
Banja Luka,PM2.5 - Principal,2023-08-07 01:00 PM,2023,08,07,13,3.5,15,Good,3.2,UG/M3,1 Hr,Valid
Banja Luka,PM2.5 - Principal,2023-08-07 02:00 PM,2023,08,07,14,3.4,14,Good,3.2,UG/M3,1 Hr,Valid
Banja Luka,PM2.5 - Principal,2023-08-07 03:00 PM,2023,08,07,15,3.2,13,Good,2.8,UG/M3,1 Hr,Valid
Banja Luka,PM2.5 - Principal,2023-08-07 04:00 PM,2023,08,07,16,2.8,12,Good,2.3,UG/M3,1 Hr,Valid
Banja Luka,PM2.5 - Principal,2023-08-07 05:00 PM,2023,08,07,17,2.7,11,Good,2.6,UG/M3,1 Hr,Valid
Banja Luka,PM2.5 - Principal,2023-08-07 06:00 PM,2023,08,07,18,2.2,9,Good,1.8,UG/M3,1 Hr,Valid
Banja Luka,PM2.5 - Principal,2023-08-07 07:00 PM,2023,08,07,19,2.7,11,Good,3.1,UG/M3,1 Hr,Valid
Banja Luka,PM2.5 - Principal,2023-08-07 08:00 PM,2023,08,07,20,2.6,11,Good,2.5,UG/M3,1 Hr,Valid
Banja Luka,PM2.5 - Principal,2023-08-07 09:00 PM,2023,08,07,21,3.8,16,Good,5.1,UG/M3,1 Hr,Valid
Banja Luka,PM2.5 - Principal,2023-08-07 10:00 PM,2023,08,07,22,4.3,18,Good,4.9,UG/M3,1 Hr,Valid
Banja Luka,PM2.5 - Principal,2023-08-07 11:00 PM,2023,08,07,23,3.3,14,Good,2.3,UG/M3,1 Hr,Valid
Banja Luka,PM2.5 - Principal,2023-08-08 12:00 AM,2023,08,08,00,2.9,12,Good,2.5,UG/M3,1 Hr,Valid
Banja Luka,PM2.5 - Principal,2023-08-08 01:00 AM,2023,08,08,01,3.1,13,Good,3.2,UG/M3,1 Hr,Valid
Banja Luka,PM2.5 - Principal,2023-08-08 02:00 AM,2023,08,08,02,3.0,13,Good,2.9,UG/M3,1 Hr,Valid
Banja Luka,PM2.5 - Principal,2023-08-08 03:00 AM,2023,08,08,03,3.2,13,Good,3.3,UG/M3,1 Hr,Valid
Banja Luka,PM2.5 - Principal,2023-08-08 04:00 AM,2023,08,08,04,3.1,13,Good,3.1,UG/M3,1 Hr,Valid
Banja Luka,PM2.5 - Principal,2023-08-08 05:00 AM,2023,08,08,05,2.7,11,Good,2.3,UG/M3,1 Hr,Valid
Banja Luka,PM2.5 - Principal,2023-08-08 06:00 AM,2023,08,08,06,2.6,11,Good,2.4,UG/M3,1 Hr,Valid
Banja Luka,PM2.5 - Principal,2023-08-08 07:00 AM,2023,08,08,07,2.5,10,Good,2.3,UG/M3,1 Hr,Valid
Banja Luka,PM2.5 - Principal,2023-08-08 08:00 AM,2023,08,08,08,2.5,10,Good,2.5,UG/M3,1 Hr,Valid
Banja Luka,PM2.5 - Principal,2023-08-08 09:00 AM,2023,08,08,09,2.9,12,Good,3.3,UG/M3,1 Hr,Valid
Banja Luka,PM2.5 - Principal,2023-08-08 10:00 AM,2023,08,08,10,3.2,13,Good,3.8,UG/M3,1 Hr,Valid
Banja Luka,PM2.5 - Principal,2023-08-08 11:00 AM,2023,08,08,11,3.9,16,Good,4.6,UG/M3,1 Hr,Valid
Banja Luka,PM2.5 - Principal,2023-08-08 12:00 PM,2023,08,08,12,5.9,25,Good,7.9,UG/M3,1 Hr,Valid
Banja Luka,PM2.5 - Principal,2023-08-08 01:00 PM,2023,08,08,13,4.7,20,Good,3.5,UG/M3,1 Hr,Valid
Banja Luka,PM2.5 - Principal,2023-08-08 02:00 PM,2023,08,08,14,4.1,17,Good,3.5,UG/M3,1 Hr,Valid
Banja Luka,PM2.5 - Principal,2023-08-08 03:00 PM,2023,08,08,15,3.5,15,Good,2.9,UG/M3,1 Hr,Valid
Banja Luka,PM2.5 - Principal,2023-08-08 04:00 PM,2023,08,08,16,3.0,13,Good,2.5,UG/M3,1 Hr,Valid
Banja Luka,PM2.5 - Principal,2023-08-08 05:00 PM,2023,08,08,17,2.8,12,Good,2.7,UG/M3,1 Hr,Valid
Banja Luka,PM2.5 - Principal,2023-08-08 06:00 PM,2023,08,08,18,2.9,12,Good,3.0,UG/M3,1 Hr,Valid
Banja Luka,PM2.5 - Principal,2023-08-08 07:00 PM,2023,08,08,19,3.1,13,Good,3.2,UG/M3,1 Hr,Valid
Banja Luka,PM2.5 - Principal,2023-08-08 08:00 PM,2023,08,08,20,3.5,15,Good,3.8,UG/M3,1 Hr,Valid
Banja Luka,PM2.5 - Principal,2023-08-08 09:00 PM,2023,08,08,21,4.0,17,Good,4.5,UG/M3,1 Hr,Valid
Banja Luka,PM2.5 - Principal,2023-08-08 10:00 PM,2023,08,08,22,5.2,22,Good,6.5,UG/M3,1 Hr,Valid
Banja Luka,PM2.5 - Principal,2023-08-08 11:00 PM,2023,08,08,23,8.0,33,Good,10.7,UG/M3,1 Hr,Valid
Banja Luka,PM2.5 - Principal,2023-08-09 12:00 AM,2023,08,09,00,10.1,42,Good,12.2,UG/M3,1 Hr,Valid
Banja Luka,PM2.5 - Principal,2023-08-09 01:00 AM,2023,08,09,01,9.8,41,Good,9.6,UG/M3,1 Hr,Valid
Banja Luka,PM2.5 - Principal,2023-08-09 02:00 AM,2023,08,09,02,8.9,37,Good,8.0,UG/M3,1 Hr,Valid
Banja Luka,PM2.5 - Principal,2023-08-09 03:00 AM,2023,08,09,03,7.9,33,Good,6.9,UG/M3,1 Hr,Valid
Banja Luka,PM2.5 - Principal,2023-08-09 04:00 AM,2023,08,09,04,7.0,29,Good,6.0,UG/M3,1 Hr,Valid
Banja Luka,PM2.5 - Principal,2023-08-09 05:00 AM,2023,08,09,05,6.7,28,Good,6.4,UG/M3,1 Hr,Valid
Banja Luka,PM2.5 - Principal,2023-08-09 06:00 AM,2023,08,09,06,6.2,26,Good,5.8,UG/M3,1 Hr,Valid
Banja Luka,PM2.5 - Principal,2023-08-09 07:00 AM,2023,08,09,07,6.0,25,Good,5.8,UG/M3,1 Hr,Valid
Banja Luka,PM2.5 - Principal,2023-08-09 08:00 AM,2023,08,09,08,6.4,27,Good,6.7,UG/M3,1 Hr,Valid
Banja Luka,PM2.5 - Principal,2023-08-09 09:00 AM,2023,08,09,09,6.9,29,Good,7.4,UG/M3,1 Hr,Valid
Banja Luka,PM2.5 - Principal,2023-08-09 10:00 AM,2023,08,09,10,7.0,29,Good,7.1,UG/M3,1 Hr,Valid
Banja Luka,PM2.5 - Principal,2023-08-09 11:00 AM,2023,08,09,11,8.0,33,Good,8.9,UG/M3,1 Hr,Valid
Banja Luka,PM2.5 - Principal,2023-08-09 12:00 PM,2023,08,09,12,7.5,31,Good,7.3,UG/M3,1 Hr,Valid
Banja Luka,PM2.5 - Principal,2023-08-09 01:00 PM,2023,08,09,13,7.5,31,Good,7.6,UG/M3,1 Hr,Valid
Banja Luka,PM2.5 - Principal,2023-08-09 02:00 PM,2023,08,09,14,7.7,32,Good,7.9,UG/M3,1 Hr,Valid
Banja Luka,PM2.5 - Principal,2023-08-09 03:00 PM,2023,08,09,15,6.8,28,Good,5.4,UG/M3,1 Hr,Valid
Banja Luka,PM2.5 - Principal,2023-08-09 04:00 PM,2023,08,09,16,7.1,30,Good,7.5,UG/M3,1 Hr,Valid
Banja Luka,PM2.5 - Principal,2023-08-09 05:00 PM,2023,08,09,17,7.7,32,Good,8.5,UG/M3,1 Hr,Valid
Banja Luka,PM2.5 - Principal,2023-08-09 06:00 PM,2023,08,09,18,7.6,32,Good,7.6,UG/M3,1 Hr,Valid
Banja Luka,PM2.5 - Principal,2023-08-09 07:00 PM,2023,08,09,19,7.5,31,Good,7.4,UG/M3,1 Hr,Valid
Banja Luka,PM2.5 - Principal,2023-08-09 08:00 PM,2023,08,09,20,7.5,31,Good,7.5,UG/M3,1 Hr,Valid
Banja Luka,PM2.5 - Principal,2023-08-09 09:00 PM,2023,08,09,21,7.7,32,Good,8.0,UG/M3,1 Hr,Valid
Banja Luka,PM2.5 - Principal,2023-08-09 10:00 PM,2023,08,09,22,8.4,35,Good,9.3,UG/M3,1 Hr,Valid
Banja Luka,PM2.5 - Principal,2023-08-09 11:00 PM,2023,08,09,23,9.5,40,Good,10.6,UG/M3,1 Hr,Valid
Banja Luka,PM2.5 - Principal,2023-08-10 12:00 AM,2023,08,10,00,10.7,45,Good,11.9,UG/M3,1 Hr,Valid
Banja Luka,PM2.5 - Principal,2023-08-10 01:00 AM,2023,08,10,01,10.6,44,Good,10.4,UG/M3,1 Hr,Valid
Banja Luka,PM2.5 - Principal,2023-08-10 02:00 AM,2023,08,10,02,10.9,45,Good,11.3,UG/M3,1 Hr,Valid
Banja Luka,PM2.5 - Principal,2023-08-10 03:00 AM,2023,08,10,03,10.3,43,Good,9.8,UG/M3,1 Hr,Valid
Banja Luka,PM2.5 - Principal,2023-08-10 04:00 AM,2023,08,10,04,9.7,40,Good,8.5,UG/M3,1 Hr,Valid
Banja Luka,PM2.5 - Principal,2023-08-10 05:00 AM,2023,08,10,05,9.2,38,Good,8.4,UG/M3,1 Hr,Valid
Banja Luka,PM2.5 - Principal,2023-08-10 06:00 AM,2023,08,10,06,9.4,39,Good,9.6,UG/M3,1 Hr,Valid
Banja Luka,PM2.5 - Principal,2023-08-10 07:00 AM,2023,08,10,07,9.4,39,Good,9.6,UG/M3,1 Hr,Valid
Banja Luka,PM2.5 - Principal,2023-08-10 08:00 AM,2023,08,10,08,9.5,40,Good,9.5,UG/M3,1 Hr,Valid
Banja Luka,PM2.5 - Principal,2023-08-10 09:00 AM,2023,08,10,09,10.3,43,Good,12.0,UG/M3,1 Hr,Valid
Banja Luka,PM2.5 - Principal,2023-08-10 10:00 AM,2023,08,10,10,10.4,43,Good,10.7,UG/M3,1 Hr,Valid
Banja Luka,PM2.5 - Principal,2023-08-10 11:00 AM,2023,08,10,11,10.6,44,Good,11.2,UG/M3,1 Hr,Valid
Banja Luka,PM2.5 - Principal,2023-08-10 12:00 PM,2023,08,10,12,10.9,45,Good,11.5,UG/M3,1 Hr,Valid
Banja Luka,PM2.5 - Principal,2023-08-10 01:00 PM,2023,08,10,13,11.1,46,Good,11.7,UG/M3,1 Hr,Valid
Banja Luka,PM2.5 - Principal,2023-08-10 02:00 PM,2023,08,10,14,11.3,47,Good,11.7,UG/M3,1 Hr,Valid
Banja Luka,PM2.5 - Principal,2023-08-10 03:00 PM,2023,08,10,15,12.0,50,Good,12.9,UG/M3,1 Hr,Valid
Banja Luka,PM2.5 - Principal,2023-08-10 04:00 PM,2023,08,10,16,12.8,52,Moderate,13.9,UG/M3,1 Hr,Valid
Banja Luka,PM2.5 - Principal,2023-08-10 05:00 PM,2023,08,10,17,12.7,52,Moderate,13.2,UG/M3,1 Hr,Valid
Banja Luka,PM2.5 - Principal,2023-08-10 06:00 PM,2023,08,10,18,13.1,53,Moderate,13.8,UG/M3,1 Hr,Valid
Banja Luka,PM2.5 - Principal,2023-08-10 07:00 PM,2023,08,10,19,13.3,54,Moderate,13.8,UG/M3,1 Hr,Valid
Banja Luka,PM2.5 - Principal,2023-08-10 08:00 PM,2023,08,10,20,13.9,55,Moderate,15.3,UG/M3,1 Hr,Valid
Banja Luka,PM2.5 - Principal,2023-08-10 09:00 PM,2023,08,10,21,14.8,57,Moderate,16.1,UG/M3,1 Hr,Valid
Banja Luka,PM2.5 - Principal,2023-08-10 10:00 PM,2023,08,10,22,15.2,58,Moderate,16.3,UG/M3,1 Hr,Valid
Banja Luka,PM2.5 - Principal,2023-08-10 11:00 PM,2023,08,10,23,17.1,62,Moderate,19.4,UG/M3,1 Hr,Valid
Banja Luka,PM2.5 - Principal,2023-08-11 12:00 AM,2023,08,11,00,17.9,63,Moderate,19.3,UG/M3,1 Hr,Valid
Banja Luka,PM2.5 - Principal,2023-08-11 01:00 AM,2023,08,11,01,19.5,67,Moderate,21.2,UG/M3,1 Hr,Valid
Banja Luka,PM2.5 - Principal,2023-08-11 02:00 AM,2023,08,11,02,19.5,67,Moderate,20.0,UG/M3,1 Hr,Valid
Banja Luka,PM2.5 - Principal,2023-08-11 03:00 AM,2023,08,11,03,19.2,66,Moderate,18.6,UG/M3,1 Hr,Valid
Banja Luka,PM2.5 - Principal,2023-08-11 04:00 AM,2023,08,11,04,17.9,63,Moderate,15.8,UG/M3,1 Hr,Valid
Banja Luka,PM2.5 - Principal,2023-08-11 05:00 AM,2023,08,11,05,17.3,62,Moderate,16.1,UG/M3,1 Hr,Valid
Banja Luka,PM2.5 - Principal,2023-08-11 06:00 AM,2023,08,11,06,16.5,60,Moderate,15.0,UG/M3,1 Hr,Valid
Banja Luka,PM2.5 - Principal,2023-08-11 07:00 AM,2023,08,11,07,16.7,61,Moderate,16.4,UG/M3,1 Hr,Valid
Banja Luka,PM2.5 - Principal,2023-08-11 08:00 AM,2023,08,11,08,16.1,59,Moderate,14.9,UG/M3,1 Hr,Valid
Banja Luka,PM2.5 - Principal,2023-08-11 09:00 AM,2023,08,11,09,16.0,59,Moderate,15.7,UG/M3,1 Hr,Valid
Banja Luka,PM2.5 - Principal,2023-08-11 10:00 AM,2023,08,11,10,15.3,58,Moderate,14.1,UG/M3,1 Hr,Valid
Banja Luka,PM2.5 - Principal,2023-08-11 11:00 AM,2023,08,11,11,14.6,56,Moderate,13.6,UG/M3,1 Hr,Valid
Banja Luka,PM2.5 - Principal,2023-08-11 12:00 PM,2023,08,11,12,14.9,57,Moderate,15.6,UG/M3,1 Hr,Valid
Banja Luka,PM2.5 - Principal,2023-08-11 01:00 PM,2023,08,11,13,13.7,54,Moderate,11.8,UG/M3,1 Hr,Valid
Banja Luka,PM2.5 - Principal,2023-08-11 02:00 PM,2023,08,11,14,10.0,42,Good,6.6,UG/M3,1 Hr,Valid
Banja Luka,PM2.5 - Principal,2023-08-11 03:00 PM,2023,08,11,15,8.0,33,Good,6.0,UG/M3,1 Hr,Valid
Banja Luka,PM2.5 - Principal,2023-08-11 04:00 PM,2023,08,11,16,7.5,31,Good,7.1,UG/M3,1 Hr,Valid
Banja Luka,PM2.5 - Principal,2023-08-11 05:00 PM,2023,08,11,17,6.7,28,Good,5.8,UG/M3,1 Hr,Valid
Banja Luka,PM2.5 - Principal,2023-08-11 06:00 PM,2023,08,11,18,6.4,27,Good,6.2,UG/M3,1 Hr,Valid
Banja Luka,PM2.5 - Principal,2023-08-11 07:00 PM,2023,08,11,19,7.2,30,Good,8.0,UG/M3,1 Hr,Valid
Banja Luka,PM2.5 - Principal,2023-08-11 08:00 PM,2023,08,11,20,6.2,26,Good,5.2,UG/M3,1 Hr,Valid
Banja Luka,PM2.5 - Principal,2023-08-11 09:00 PM,2023,08,11,21,6.2,26,Good,6.1,UG/M3,1 Hr,Valid
Banja Luka,PM2.5 - Principal,2023-08-11 10:00 PM,2023,08,11,22,7.5,31,Good,8.8,UG/M3,1 Hr,Valid
Banja Luka,PM2.5 - Principal,2023-08-11 11:00 PM,2023,08,11,23,9.9,41,Good,12.4,UG/M3,1 Hr,Valid
Banja Luka,PM2.5 - Principal,2023-08-12 12:00 AM,2023,08,12,00,13.4,54,Moderate,16.9,UG/M3,1 Hr,Valid
Banja Luka,PM2.5 - Principal,2023-08-12 01:00 AM,2023,08,12,01,13.1,53,Moderate,12.8,UG/M3,1 Hr,Valid
Banja Luka,PM2.5 - Principal,2023-08-12 02:00 AM,2023,08,12,02,11.3,47,Good,9.6,UG/M3,1 Hr,Valid
Banja Luka,PM2.5 - Principal,2023-08-12 03:00 AM,2023,08,12,03,10.4,43,Good,9.5,UG/M3,1 Hr,Valid
Banja Luka,PM2.5 - Principal,2023-08-12 04:00 AM,2023,08,12,04,8.9,37,Good,7.4,UG/M3,1 Hr,Valid
Banja Luka,PM2.5 - Principal,2023-08-12 05:00 AM,2023,08,12,05,8.3,35,Good,7.6,UG/M3,1 Hr,Valid
Banja Luka,PM2.5 - Principal,2023-08-12 06:00 AM,2023,08,12,06,7.6,32,Good,6.9,UG/M3,1 Hr,Valid
Banja Luka,PM2.5 - Principal,2023-08-12 07:00 AM,2023,08,12,07,7.3,30,Good,7.0,UG/M3,1 Hr,Valid
Banja Luka,PM2.5 - Principal,2023-08-12 08:00 AM,2023,08,12,08,7.0,29,Good,6.8,UG/M3,1 Hr,Valid
Banja Luka,PM2.5 - Principal,2023-08-12 09:00 AM,2023,08,12,09,7.4,31,Good,7.7,UG/M3,1 Hr,Valid
Banja Luka,PM2.5 - Principal,2023-08-12 10:00 AM,2023,08,12,10,7.2,30,Good,7.1,UG/M3,1 Hr,Valid
Banja Luka,PM2.5 - Principal,2023-08-12 11:00 AM,2023,08,12,11,7.6,32,Good,8.0,UG/M3,1 Hr,Valid
Banja Luka,PM2.5 - Principal,2023-08-12 12:00 PM,2023,08,12,12,7.7,32,Good,7.9,UG/M3,1 Hr,Valid
Banja Luka,PM2.5 - Principal,2023-08-12 01:00 PM,2023,08,12,13,7.7,32,Good,8.0,UG/M3,1 Hr,Valid
Banja Luka,PM2.5 - Principal,2023-08-12 02:00 PM,2023,08,12,14,7.7,32,Good,7.8,UG/M3,1 Hr,Valid
Banja Luka,PM2.5 - Principal,2023-08-12 03:00 PM,2023,08,12,15,7.6,32,Good,7.4,UG/M3,1 Hr,Valid
Banja Luka,PM2.5 - Principal,2023-08-12 04:00 PM,2023,08,12,16,7.7,32,Good,8.1,UG/M3,1 Hr,Valid
Banja Luka,PM2.5 - Principal,2023-08-12 05:00 PM,2023,08,12,17,7.7,32,Good,8.0,UG/M3,1 Hr,Valid
Banja Luka,PM2.5 - Principal,2023-08-12 06:00 PM,2023,08,12,18,7.8,33,Good,7.8,UG/M3,1 Hr,Valid
Banja Luka,PM2.5 - Principal,2023-08-12 07:00 PM,2023,08,12,19,8.0,33,Good,8.7,UG/M3,1 Hr,Valid
Banja Luka,PM2.5 - Principal,2023-08-12 08:00 PM,2023,08,12,20,8.4,35,Good,9.4,UG/M3,1 Hr,Valid
Banja Luka,PM2.5 - Principal,2023-08-12 09:00 PM,2023,08,12,21,9.2,38,Good,10.5,UG/M3,1 Hr,Valid
Banja Luka,PM2.5 - Principal,2023-08-12 10:00 PM,2023,08,12,22,11.1,46,Good,13.1,UG/M3,1 Hr,Valid
Banja Luka,PM2.5 - Principal,2023-08-12 11:00 PM,2023,08,12,23,24.4,77,Moderate,37.4,UG/M3,1 Hr,Valid
Banja Luka,PM2.5 - Principal,2023-08-13 12:00 AM,2023,08,13,00,35.5,101,Unhealthy for Sensitive Groups,46.6,UG/M3,1 Hr,Valid
Banja Luka,PM2.5 - Principal,2023-08-13 01:00 AM,2023,08,13,01,34.0,97,Moderate,32.4,UG/M3,1 Hr,Valid
Banja Luka,PM2.5 - Principal,2023-08-13 02:00 AM,2023,08,13,02,28.0,84,Moderate,21.9,UG/M3,1 Hr,Valid
Banja Luka,PM2.5 - Principal,2023-08-13 03:00 AM,2023,08,13,03,21.9,72,Moderate,15.8,UG/M3,1 Hr,Valid
Banja Luka,PM2.5 - Principal,2023-08-13 04:00 AM,2023,08,13,04,17.6,63,Moderate,13.4,UG/M3,1 Hr,Valid
Banja Luka,PM2.5 - Principal,2023-08-13 05:00 AM,2023,08,13,05,15.8,59,Moderate,13.9,UG/M3,1 Hr,Valid
Banja Luka,PM2.5 - Principal,2023-08-13 06:00 AM,2023,08,13,06,14.3,56,Moderate,12.8,UG/M3,1 Hr,Valid
Banja Luka,PM2.5 - Principal,2023-08-13 07:00 AM,2023,08,13,07,14.1,55,Moderate,14.0,UG/M3,1 Hr,Valid
Banja Luka,PM2.5 - Principal,2023-08-13 08:00 AM,2023,08,13,08,14.7,56,Moderate,15.3,UG/M3,1 Hr,Valid
Banja Luka,PM2.5 - Principal,2023-08-13 09:00 AM,2023,08,13,09,15.0,57,Moderate,15.2,UG/M3,1 Hr,Valid
Banja Luka,PM2.5 - Principal,2023-08-13 10:00 AM,2023,08,13,10,14.8,57,Moderate,14.7,UG/M3,1 Hr,Valid
Banja Luka,PM2.5 - Principal,2023-08-13 11:00 AM,2023,08,13,11,15.2,58,Moderate,15.6,UG/M3,1 Hr,Valid
Banja Luka,PM2.5 - Principal,2023-08-13 12:00 PM,2023,08,13,12,15.5,58,Moderate,15.7,UG/M3,1 Hr,Valid
Banja Luka,PM2.5 - Principal,2023-08-13 01:00 PM,2023,08,13,13,15.8,59,Moderate,16.3,UG/M3,1 Hr,Valid
Banja Luka,PM2.5 - Principal,2023-08-13 02:00 PM,2023,08,13,14,15.2,58,Moderate,15.0,UG/M3,1 Hr,Valid
Banja Luka,PM2.5 - Principal,2023-08-13 03:00 PM,2023,08,13,15,14.7,56,Moderate,12.9,UG/M3,1 Hr,Valid
Banja Luka,PM2.5 - Principal,2023-08-13 04:00 PM,2023,08,13,16,14.6,56,Moderate,14.0,UG/M3,1 Hr,Valid
Banja Luka,PM2.5 - Principal,2023-08-13 05:00 PM,2023,08,13,17,14.6,56,Moderate,14.8,UG/M3,1 Hr,Valid
Banja Luka,PM2.5 - Principal,2023-08-13 06:00 PM,2023,08,13,18,14.9,57,Moderate,15.9,UG/M3,1 Hr,Valid
Banja Luka,PM2.5 - Principal,2023-08-13 07:00 PM,2023,08,13,19,14.3,56,Moderate,12.5,UG/M3,1 Hr,Valid
Banja Luka,PM2.5 - Principal,2023-08-13 08:00 PM,2023,08,13,20,13.8,55,Moderate,12.2,UG/M3,1 Hr,Valid
Banja Luka,PM2.5 - Principal,2023-08-13 09:00 PM,2023,08,13,21,13.6,54,Moderate,13.1,UG/M3,1 Hr,Valid
Banja Luka,PM2.5 - Principal,2023-08-13 10:00 PM,2023,08,13,22,13.5,54,Moderate,13.3,UG/M3,1 Hr,Valid
Banja Luka,PM2.5 - Principal,2023-08-13 11:00 PM,2023,08,13,23,15.7,59,Moderate,19.8,UG/M3,1 Hr,Valid
Banja Luka,PM2.5 - Principal,2023-08-14 12:00 AM,2023,08,14,00,16.8,61,Moderate,18.6,UG/M3,1 Hr,Valid
Banja Luka,PM2.5 - Principal,2023-08-14 01:00 AM,2023,08,14,01,16.9,61,Moderate,17.0,UG/M3,1 Hr,Valid
Banja Luka,PM2.5 - Principal,2023-08-14 02:00 AM,2023,08,14,02,15.6,58,Moderate,13.6,UG/M3,1 Hr,Valid
Banja Luka,PM2.5 - Principal,2023-08-14 03:00 AM,2023,08,14,03,14.7,56,Moderate,13.2,UG/M3,1 Hr,Valid
Banja Luka,PM2.5 - Principal,2023-08-14 04:00 AM,2023,08,14,04,14.0,55,Moderate,12.7,UG/M3,1 Hr,Valid
Banja Luka,PM2.5 - Principal,2023-08-14 05:00 AM,2023,08,14,05,13.3,54,Moderate,12.2,UG/M3,1 Hr,Valid
Banja Luka,PM2.5 - Principal,2023-08-14 06:00 AM,2023,08,14,06,13.2,53,Moderate,13.2,UG/M3,1 Hr,Valid
Banja Luka,PM2.5 - Principal,2023-08-14 07:00 AM,2023,08,14,07,12.9,53,Moderate,12.3,UG/M3,1 Hr,Valid
Banja Luka,PM2.5 - Principal,2023-08-14 08:00 AM,2023,08,14,08,13.1,53,Moderate,13.4,UG/M3,1 Hr,Valid
Banja Luka,PM2.5 - Principal,2023-08-14 09:00 AM,2023,08,14,09,13.4,54,Moderate,14.0,UG/M3,1 Hr,Valid
Banja Luka,PM2.5 - Principal,2023-08-14 10:00 AM,2023,08,14,10,14.3,56,Moderate,15.6,UG/M3,1 Hr,Valid
Banja Luka,PM2.5 - Principal,2023-08-14 11:00 AM,2023,08,14,11,14.7,56,Moderate,15.8,UG/M3,1 Hr,Valid
Banja Luka,PM2.5 - Principal,2023-08-14 12:00 PM,2023,08,14,12,15.3,58,Moderate,17.0,UG/M3,1 Hr,Valid
Banja Luka,PM2.5 - Principal,2023-08-14 01:00 PM,2023,08,14,13,16.6,60,Moderate,18.6,UG/M3,1 Hr,Valid
Banja Luka,PM2.5 - Principal,2023-08-14 02:00 PM,2023,08,14,14,17.2,62,Moderate,18.3,UG/M3,1 Hr,Valid
Banja Luka,PM2.5 - Principal,2023-08-14 03:00 PM,2023,08,14,15,18.0,63,Moderate,19.2,UG/M3,1 Hr,Valid
Banja Luka,PM2.5 - Principal,2023-08-14 04:00 PM,2023,08,14,16,18.9,65,Moderate,20.1,UG/M3,1 Hr,Valid
Banja Luka,PM2.5 - Principal,2023-08-14 05:00 PM,2023,08,14,17,18.7,65,Moderate,18.3,UG/M3,1 Hr,Valid
Banja Luka,PM2.5 - Principal,2023-08-14 06:00 PM,2023,08,14,18,18.1,64,Moderate,17.2,UG/M3,1 Hr,Valid
Banja Luka,PM2.5 - Principal,2023-08-14 07:00 PM,2023,08,14,19,17.7,63,Moderate,16.9,UG/M3,1 Hr,Valid
Banja Luka,PM2.5 - Principal,2023-08-14 08:00 PM,2023,08,14,20,17.9,63,Moderate,18.3,UG/M3,1 Hr,Valid
Banja Luka,PM2.5 - Principal,2023-08-14 09:00 PM,2023,08,14,21,17.8,63,Moderate,17.2,UG/M3,1 Hr,Valid
Banja Luka,PM2.5 - Principal,2023-08-14 10:00 PM,2023,08,14,22,18.7,65,Moderate,21.4,UG/M3,1 Hr,Valid
Banja Luka,PM2.5 - Principal,2023-08-14 11:00 PM,2023,08,14,23,21.9,72,Moderate,26.8,UG/M3,1 Hr,Valid
Banja Luka,PM2.5 - Principal,2023-08-15 12:00 AM,2023,08,15,00,23.3,75,Moderate,25.7,UG/M3,1 Hr,Valid
Banja Luka,PM2.5 - Principal,2023-08-15 01:00 AM,2023,08,15,01,23.4,75,Moderate,23.6,UG/M3,1 Hr,Valid
Banja Luka,PM2.5 - Principal,2023-08-15 02:00 AM,2023,08,15,02,23.0,74,Moderate,22.1,UG/M3,1 Hr,Valid
Banja Luka,PM2.5 - Principal,2023-08-15 03:00 AM,2023,08,15,03,22.1,72,Moderate,20.5,UG/M3,1 Hr,Valid
Banja Luka,PM2.5 - Principal,2023-08-15 04:00 AM,2023,08,15,04,22.4,73,Moderate,22.9,UG/M3,1 Hr,Valid
Banja Luka,PM2.5 - Principal,2023-08-15 05:00 AM,2023,08,15,05,21.6,71,Moderate,20.3,UG/M3,1 Hr,Valid
Banja Luka,PM2.5 - Principal,2023-08-15 06:00 AM,2023,08,15,06,20.6,69,Moderate,18.8,UG/M3,1 Hr,Valid
Banja Luka,PM2.5 - Principal,2023-08-15 07:00 AM,2023,08,15,07,20.0,68,Moderate,19.0,UG/M3,1 Hr,Valid
Banja Luka,PM2.5 - Principal,2023-08-15 08:00 AM,2023,08,15,08,20.0,68,Moderate,19.9,UG/M3,1 Hr,Valid
Banja Luka,PM2.5 - Principal,2023-08-15 09:00 AM,2023,08,15,09,19.8,67,Moderate,19.0,UG/M3,1 Hr,Valid
Banja Luka,PM2.5 - Principal,2023-08-15 10:00 AM,2023,08,15,10,19.8,67,Moderate,19.8,UG/M3,1 Hr,Valid
Banja Luka,PM2.5 - Principal,2023-08-15 11:00 AM,2023,08,15,11,20.2,68,Moderate,21.1,UG/M3,1 Hr,Valid
Banja Luka,PM2.5 - Principal,2023-08-15 12:00 PM,2023,08,15,12,20.6,69,Moderate,22.2,UG/M3,1 Hr,Valid
Banja Luka,PM2.5 - Principal,2023-08-15 01:00 PM,2023,08,15,13,21.0,70,Moderate,22.6,UG/M3,1 Hr,Valid
Banja Luka,PM2.5 - Principal,2023-08-15 02:00 PM,2023,08,15,14,21.0,70,Moderate,21.5,UG/M3,1 Hr,Valid
Banja Luka,PM2.5 - Principal,2023-08-15 03:00 PM,2023,08,15,15,20.9,70,Moderate,20.3,UG/M3,1 Hr,Valid
Banja Luka,PM2.5 - Principal,2023-08-15 04:00 PM,2023,08,15,16,20.1,68,Moderate,17.4,UG/M3,1 Hr,Valid
Banja Luka,PM2.5 - Principal,2023-08-15 05:00 PM,2023,08,15,17,20.5,69,Moderate,21.6,UG/M3,1 Hr,Valid
Banja Luka,PM2.5 - Principal,2023-08-15 06:00 PM,2023,08,15,18,20.8,69,Moderate,21.7,UG/M3,1 Hr,Valid
Banja Luka,PM2.5 - Principal,2023-08-15 07:00 PM,2023,08,15,19,19.4,66,Moderate,15.9,UG/M3,1 Hr,Valid
Banja Luka,PM2.5 - Principal,2023-08-15 08:00 PM,2023,08,15,20,17.7,63,Moderate,14.8,UG/M3,1 Hr,Valid
Banja Luka,PM2.5 - Principal,2023-08-15 09:00 PM,2023,08,15,21,17.3,62,Moderate,16.7,UG/M3,1 Hr,Valid
Banja Luka,PM2.5 - Principal,2023-08-15 10:00 PM,2023,08,15,22,16.4,60,Moderate,14.8,UG/M3,1 Hr,Valid
Banja Luka,PM2.5 - Principal,2023-08-15 11:00 PM,2023,08,15,23,16.9,61,Moderate,17.6,UG/M3,1 Hr,Valid
Banja Luka,PM2.5 - Principal,2023-08-16 12:00 AM,2023,08,16,00,17.7,63,Moderate,19.4,UG/M3,1 Hr,Valid
Banja Luka,PM2.5 - Principal,2023-08-16 01:00 AM,2023,08,16,01,18.3,64,Moderate,19.6,UG/M3,1 Hr,Valid
Banja Luka,PM2.5 - Principal,2023-08-16 02:00 AM,2023,08,16,02,18.3,64,Moderate,18.5,UG/M3,1 Hr,Valid
Banja Luka,PM2.5 - Principal,2023-08-16 03:00 AM,2023,08,16,03,19.3,66,Moderate,21.3,UG/M3,1 Hr,Valid
Banja Luka,PM2.5 - Principal,2023-08-16 04:00 AM,2023,08,16,04,18.6,65,Moderate,17.0,UG/M3,1 Hr,Valid
Banja Luka,PM2.5 - Principal,2023-08-16 05:00 AM,2023,08,16,05,18.2,64,Moderate,17.4,UG/M3,1 Hr,Valid
Banja Luka,PM2.5 - Principal,2023-08-16 06:00 AM,2023,08,16,06,17.5,62,Moderate,15.9,UG/M3,1 Hr,Valid
Banja Luka,PM2.5 - Principal,2023-08-16 07:00 AM,2023,08,16,07,17.2,62,Moderate,16.6,UG/M3,1 Hr,Valid
Banja Luka,PM2.5 - Principal,2023-08-16 08:00 AM,2023,08,16,08,16.9,61,Moderate,16.3,UG/M3,1 Hr,Valid
Banja Luka,PM2.5 - Principal,2023-08-16 09:00 AM,2023,08,16,09,16.7,61,Moderate,16.2,UG/M3,1 Hr,Valid
Banja Luka,PM2.5 - Principal,2023-08-16 10:00 AM,2023,08,16,10,17.0,61,Moderate,17.3,UG/M3,1 Hr,Valid
Banja Luka,PM2.5 - Principal,2023-08-16 11:00 AM,2023,08,16,11,17.3,62,Moderate,18.0,UG/M3,1 Hr,Valid
Banja Luka,PM2.5 - Principal,2023-08-16 12:00 PM,2023,08,16,12,18.5,64,Moderate,21.7,UG/M3,1 Hr,Valid
Banja Luka,PM2.5 - Principal,2023-08-16 01:00 PM,2023,08,16,13,18.8,65,Moderate,19.8,UG/M3,1 Hr,Valid
Banja Luka,PM2.5 - Principal,2023-08-16 02:00 PM,2023,08,16,14,20.1,68,Moderate,22.8,UG/M3,1 Hr,Valid
Banja Luka,PM2.5 - Principal,2023-08-16 03:00 PM,2023,08,16,15,21.0,70,Moderate,23.0,UG/M3,1 Hr,Valid
Banja Luka,PM2.5 - Principal,2023-08-16 04:00 PM,2023,08,16,16,21.2,70,Moderate,21.5,UG/M3,1 Hr,Valid
Banja Luka,PM2.5 - Principal,2023-08-16 05:00 PM,2023,08,16,17,20.9,70,Moderate,20.3,UG/M3,1 Hr,Valid
Banja Luka,PM2.5 - Principal,2023-08-16 06:00 PM,2023,08,16,18,19.0,66,Moderate,15.1,UG/M3,1 Hr,Valid
Banja Luka,PM2.5 - Principal,2023-08-16 07:00 PM,2023,08,16,19,18.4,64,Moderate,17.2,UG/M3,1 Hr,Valid
Banja Luka,PM2.5 - Principal,2023-08-16 08:00 PM,2023,08,16,20,16.6,60,Moderate,14.1,UG/M3,1 Hr,Valid
Banja Luka,PM2.5 - Principal,2023-08-16 09:00 PM,2023,08,16,21,16.2,60,Moderate,15.7,UG/M3,1 Hr,Valid
Banja Luka,PM2.5 - Principal,2023-08-16 10:00 PM,2023,08,16,22,17.8,63,Moderate,20.1,UG/M3,1 Hr,Valid
Banja Luka,PM2.5 - Principal,2023-08-16 11:00 PM,2023,08,16,23,18.2,64,Moderate,18.8,UG/M3,1 Hr,Valid
Banja Luka,PM2.5 - Principal,2023-08-17 12:00 AM,2023,08,17,00,19.6,67,Moderate,21.9,UG/M3,1 Hr,Valid
Banja Luka,PM2.5 - Principal,2023-08-17 01:00 AM,2023,08,17,01,22.8,74,Moderate,26.1,UG/M3,1 Hr,Valid
Banja Luka,PM2.5 - Principal,2023-08-17 02:00 AM,2023,08,17,02,23.4,75,Moderate,24.1,UG/M3,1 Hr,Valid
Banja Luka,PM2.5 - Principal,2023-08-17 03:00 AM,2023,08,17,03,22.0,72,Moderate,20.4,UG/M3,1 Hr,Valid
Banja Luka,PM2.5 - Principal,2023-08-17 04:00 AM,2023,08,17,04,21.0,70,Moderate,19.7,UG/M3,1 Hr,Valid
Banja Luka,PM2.5 - Principal,2023-08-17 05:00 AM,2023,08,17,05,19.4,66,Moderate,17.6,UG/M3,1 Hr,Valid
Banja Luka,PM2.5 - Principal,2023-08-17 06:00 AM,2023,08,17,06,18.5,64,Moderate,17.5,UG/M3,1 Hr,Valid
Banja Luka,PM2.5 - Principal,2023-08-17 07:00 AM,2023,08,17,07,18.4,64,Moderate,18.3,UG/M3,1 Hr,Valid
Banja Luka,PM2.5 - Principal,2023-08-17 08:00 AM,2023,08,17,08,18.6,65,Moderate,18.6,UG/M3,1 Hr,Valid
Banja Luka,PM2.5 - Principal,2023-08-17 09:00 AM,2023,08,17,09,18.9,65,Moderate,19.2,UG/M3,1 Hr,Valid
Banja Luka,PM2.5 - Principal,2023-08-17 10:00 AM,2023,08,17,10,18.8,65,Moderate,18.5,UG/M3,1 Hr,Valid
Banja Luka,PM2.5 - Principal,2023-08-17 11:00 AM,2023,08,17,11,18.9,65,Moderate,19.3,UG/M3,1 Hr,Valid
Banja Luka,PM2.5 - Principal,2023-08-17 12:00 PM,2023,08,17,12,20.2,68,Moderate,22.6,UG/M3,1 Hr,Valid
Banja Luka,PM2.5 - Principal,2023-08-17 01:00 PM,2023,08,17,13,22.6,73,Moderate,27.0,UG/M3,1 Hr,Valid
Banja Luka,PM2.5 - Principal,2023-08-17 02:00 PM,2023,08,17,14,24.6,77,Moderate,27.7,UG/M3,1 Hr,Valid
Banja Luka,PM2.5 - Principal,2023-08-17 03:00 PM,2023,08,17,15,24.1,76,Moderate,23.3,UG/M3,1 Hr,Valid
Banja Luka,PM2.5 - Principal,2023-08-17 04:00 PM,2023,08,17,16,23.1,74,Moderate,21.4,UG/M3,1 Hr,Valid
Banja Luka,PM2.5 - Principal,2023-08-17 05:00 PM,2023,08,17,17,23.0,74,Moderate,22.6,UG/M3,1 Hr,Valid
Banja Luka,PM2.5 - Principal,2023-08-17 06:00 PM,2023,08,17,18,22.8,74,Moderate,22.3,UG/M3,1 Hr,Valid
Banja Luka,PM2.5 - Principal,2023-08-17 07:00 PM,2023,08,17,19,19.5,67,Moderate,15.5,UG/M3,1 Hr,Valid
Banja Luka,PM2.5 - Principal,2023-08-17 08:00 PM,2023,08,17,20,17.8,63,Moderate,15.6,UG/M3,1 Hr,Valid
Banja Luka,PM2.5 - Principal,2023-08-17 09:00 PM,2023,08,17,21,17.9,63,Moderate,18.1,UG/M3,1 Hr,Valid
Banja Luka,PM2.5 - Principal,2023-08-17 10:00 PM,2023,08,17,22,17.6,63,Moderate,17.1,UG/M3,1 Hr,Valid
Banja Luka,PM2.5 - Principal,2023-08-17 11:00 PM,2023,08,17,23,18.2,64,Moderate,18.9,UG/M3,1 Hr,Valid
Banja Luka,PM2.5 - Principal,2023-08-18 12:00 AM,2023,08,18,00,19.0,66,Moderate,20.1,UG/M3,1 Hr,Valid
Banja Luka,PM2.5 - Principal,2023-08-18 01:00 AM,2023,08,18,01,19.0,66,Moderate,18.9,UG/M3,1 Hr,Valid
Banja Luka,PM2.5 - Principal,2023-08-18 02:00 AM,2023,08,18,02,18.7,65,Moderate,18.3,UG/M3,1 Hr,Valid
Banja Luka,PM2.5 - Principal,2023-08-18 03:00 AM,2023,08,18,03,18.7,65,Moderate,18.7,UG/M3,1 Hr,Valid
Banja Luka,PM2.5 - Principal,2023-08-18 04:00 AM,2023,08,18,04,18.6,65,Moderate,18.5,UG/M3,1 Hr,Valid
Banja Luka,PM2.5 - Principal,2023-08-18 05:00 AM,2023,08,18,05,19.3,66,Moderate,20.8,UG/M3,1 Hr,Valid
Banja Luka,PM2.5 - Principal,2023-08-18 06:00 AM,2023,08,18,06,19.9,67,Moderate,21.7,UG/M3,1 Hr,Valid
Banja Luka,PM2.5 - Principal,2023-08-18 07:00 AM,2023,08,18,07,20.6,69,Moderate,22.1,UG/M3,1 Hr,Valid
Banja Luka,PM2.5 - Principal,2023-08-18 08:00 AM,2023,08,18,08,23.0,74,Moderate,26.7,UG/M3,1 Hr,Valid
Banja Luka,PM2.5 - Principal,2023-08-18 09:00 AM,2023,08,18,09,25.6,79,Moderate,28.9,UG/M3,1 Hr,Valid
Banja Luka,PM2.5 - Principal,2023-08-18 10:00 AM,2023,08,18,10,26.9,82,Moderate,29.4,UG/M3,1 Hr,Valid
Banja Luka,PM2.5 - Principal,2023-08-18 11:00 AM,2023,08,18,11,29.3,87,Moderate,31.9,UG/M3,1 Hr,Valid
Banja Luka,PM2.5 - Principal,2023-08-18 12:00 PM,2023,08,18,12,32.3,93,Moderate,35.1,UG/M3,1 Hr,Valid
Banja Luka,PM2.5 - Principal,2023-08-18 01:00 PM,2023,08,18,13,29.6,88,Moderate,26.6,UG/M3,1 Hr,Valid
Banja Luka,PM2.5 - Principal,2023-08-18 02:00 PM,2023,08,18,14,28.6,86,Moderate,27.5,UG/M3,1 Hr,Valid
Banja Luka,PM2.5 - Principal,2023-08-18 03:00 PM,2023,08,18,15,27.2,83,Moderate,25.7,UG/M3,1 Hr,Valid
Banja Luka,PM2.5 - Principal,2023-08-18 04:00 PM,2023,08,18,16,27.0,82,Moderate,26.3,UG/M3,1 Hr,Valid
Banja Luka,PM2.5 - Principal,2023-08-18 05:00 PM,2023,08,18,17,27.9,84,Moderate,29.1,UG/M3,1 Hr,Valid
Banja Luka,PM2.5 - Principal,2023-08-18 06:00 PM,2023,08,18,18,26.8,82,Moderate,24.9,UG/M3,1 Hr,Valid
Banja Luka,PM2.5 - Principal,2023-08-18 07:00 PM,2023,08,18,19,25.5,79,Moderate,22.9,UG/M3,1 Hr,Valid
Banja Luka,PM2.5 - Principal,2023-08-18 08:00 PM,2023,08,18,20,25.1,78,Moderate,24.4,UG/M3,1 Hr,Valid
Banja Luka,PM2.5 - Principal,2023-08-18 09:00 PM,2023,08,18,21,27.3,83,Moderate,31.4,UG/M3,1 Hr,Valid
Banja Luka,PM2.5 - Principal,2023-08-18 10:00 PM,2023,08,18,22,29.0,87,Moderate,32.2,UG/M3,1 Hr,Valid
Banja Luka,PM2.5 - Principal,2023-08-18 11:00 PM,2023,08,18,23,31.4,92,Moderate,35.6,UG/M3,1 Hr,Valid
Banja Luka,PM2.5 - Principal,2023-08-19 12:00 AM,2023,08,19,00,34.2,97,Moderate,37.8,UG/M3,1 Hr,Valid
Banja Luka,PM2.5 - Principal,2023-08-19 01:00 AM,2023,08,19,01,34.0,97,Moderate,33.8,UG/M3,1 Hr,Valid
Banja Luka,PM2.5 - Principal,2023-08-19 02:00 AM,2023,08,19,02,33.2,95,Moderate,31.8,UG/M3,1 Hr,Valid
Banja Luka,PM2.5 - Principal,2023-08-19 03:00 AM,2023,08,19,03,31.8,92,Moderate,29.6,UG/M3,1 Hr,Valid
Banja Luka,PM2.5 - Principal,2023-08-19 04:00 AM,2023,08,19,04,30.9,91,Moderate,29.7,UG/M3,1 Hr,Valid
Banja Luka,PM2.5 - Principal,2023-08-19 05:00 AM,2023,08,19,05,29.8,88,Moderate,27.9,UG/M3,1 Hr,Valid
Banja Luka,PM2.5 - Principal,2023-08-19 06:00 AM,2023,08,19,06,27.9,84,Moderate,25.1,UG/M3,1 Hr,Valid
Banja Luka,PM2.5 - Principal,2023-08-19 07:00 AM,2023,08,19,07,27.0,82,Moderate,24.8,UG/M3,1 Hr,Valid
Banja Luka,PM2.5 - Principal,2023-08-19 08:00 AM,2023,08,19,08,25.6,79,Moderate,23.6,UG/M3,1 Hr,Valid
Banja Luka,PM2.5 - Principal,2023-08-19 09:00 AM,2023,08,19,09,25.4,79,Moderate,25.0,UG/M3,1 Hr,Valid
Banja Luka,PM2.5 - Principal,2023-08-19 10:00 AM,2023,08,19,10,25.6,79,Moderate,25.9,UG/M3,1 Hr,Valid
Banja Luka,PM2.5 - Principal,2023-08-19 11:00 AM,2023,08,19,11,26.0,80,Moderate,26.8,UG/M3,1 Hr,Valid
Banja Luka,PM2.5 - Principal,2023-08-19 12:00 PM,2023,08,19,12,26.9,82,Moderate,28.7,UG/M3,1 Hr,Valid
Banja Luka,PM2.5 - Principal,2023-08-19 01:00 PM,2023,08,19,13,27.1,83,Moderate,28.2,UG/M3,1 Hr,Valid
Banja Luka,PM2.5 - Principal,2023-08-19 02:00 PM,2023,08,19,14,27.1,83,Moderate,27.7,UG/M3,1 Hr,Valid
Banja Luka,PM2.5 - Principal,2023-08-19 03:00 PM,2023,08,19,15,26.3,81,Moderate,23.4,UG/M3,1 Hr,Valid
Banja Luka,PM2.5 - Principal,2023-08-19 04:00 PM,2023,08,19,16,26.3,81,Moderate,26.8,UG/M3,1 Hr,Valid
Banja Luka,PM2.5 - Principal,2023-08-19 05:00 PM,2023,08,19,17,25.9,80,Moderate,24.3,UG/M3,1 Hr,Valid
Banja Luka,PM2.5 - Principal,2023-08-19 06:00 PM,2023,08,19,18,25.5,79,Moderate,24.0,UG/M3,1 Hr,Valid
Banja Luka,PM2.5 - Principal,2023-08-19 07:00 PM,2023,08,19,19,25.1,78,Moderate,23.3,UG/M3,1 Hr,Valid
Banja Luka,PM2.5 - Principal,2023-08-19 08:00 PM,2023,08,19,20,24.1,76,Moderate,21.9,UG/M3,1 Hr,Valid
Banja Luka,PM2.5 - Principal,2023-08-19 09:00 PM,2023,08,19,21,24.0,76,Moderate,23.6,UG/M3,1 Hr,Valid
Banja Luka,PM2.5 - Principal,2023-08-19 10:00 PM,2023,08,19,22,23.7,75,Moderate,23.0,UG/M3,1 Hr,Valid
Banja Luka,PM2.5 - Principal,2023-08-19 11:00 PM,2023,08,19,23,23.7,75,Moderate,23.9,UG/M3,1 Hr,Valid
Banja Luka,PM2.5 - Principal,2023-08-20 12:00 AM,2023,08,20,00,23.7,75,Moderate,23.5,UG/M3,1 Hr,Valid
Banja Luka,PM2.5 - Principal,2023-08-20 01:00 AM,2023,08,20,01,23.6,75,Moderate,23.6,UG/M3,1 Hr,Valid
Banja Luka,PM2.5 - Principal,2023-08-20 02:00 AM,2023,08,20,02,23.3,75,Moderate,22.1,UG/M3,1 Hr,Valid
Banja Luka,PM2.5 - Principal,2023-08-20 03:00 AM,2023,08,20,03,22.7,73,Moderate,21.0,UG/M3,1 Hr,Valid
Banja Luka,PM2.5 - Principal,2023-08-20 04:00 AM,2023,08,20,04,22.0,72,Moderate,19.5,UG/M3,1 Hr,Valid
Banja Luka,PM2.5 - Principal,2023-08-20 05:00 AM,2023,08,20,05,19.4,66,Moderate,15.7,UG/M3,1 Hr,Valid
Banja Luka,PM2.5 - Principal,2023-08-20 06:00 AM,2023,08,20,06,17.5,62,Moderate,14.9,UG/M3,1 Hr,Valid
Banja Luka,PM2.5 - Principal,2023-08-20 07:00 AM,2023,08,20,07,16.2,60,Moderate,14.5,UG/M3,1 Hr,Valid
Banja Luka,PM2.5 - Principal,2023-08-20 08:00 AM,2023,08,20,08,15.5,58,Moderate,14.4,UG/M3,1 Hr,Valid
Banja Luka,PM2.5 - Principal,2023-08-20 09:00 AM,2023,08,20,09,15.5,58,Moderate,15.6,UG/M3,1 Hr,Valid
Banja Luka,PM2.5 - Principal,2023-08-20 10:00 AM,2023,08,20,10,15.7,59,Moderate,16.0,UG/M3,1 Hr,Valid
Banja Luka,PM2.5 - Principal,2023-08-20 11:00 AM,2023,08,20,11,15.3,58,Moderate,14.8,UG/M3,1 Hr,Valid
Banja Luka,PM2.5 - Principal,2023-08-20 12:00 PM,2023,08,20,12,15.2,58,Moderate,14.9,UG/M3,1 Hr,Valid
Banja Luka,PM2.5 - Principal,2023-08-20 01:00 PM,2023,08,20,13,15.0,57,Moderate,14.6,UG/M3,1 Hr,Valid
Banja Luka,PM2.5 - Principal,2023-08-20 02:00 PM,2023,08,20,14,15.3,58,Moderate,16.0,UG/M3,1 Hr,Valid
Banja Luka,PM2.5 - Principal,2023-08-20 03:00 PM,2023,08,20,15,16.0,59,Moderate,17.9,UG/M3,1 Hr,Valid
Banja Luka,PM2.5 - Principal,2023-08-20 04:00 PM,2023,08,20,16,16.1,59,Moderate,17.3,UG/M3,1 Hr,Valid
Banja Luka,PM2.5 - Principal,2023-08-20 05:00 PM,2023,08,20,17,16.5,60,Moderate,17.7,UG/M3,1 Hr,Valid
Banja Luka,PM2.5 - Principal,2023-08-20 06:00 PM,2023,08,20,18,17.2,62,Moderate,18.9,UG/M3,1 Hr,Valid
Banja Luka,PM2.5 - Principal,2023-08-20 07:00 PM,2023,08,20,19,17.7,63,Moderate,19.0,UG/M3,1 Hr,Valid
Banja Luka,PM2.5 - Principal,2023-08-20 08:00 PM,2023,08,20,20,18.1,64,Moderate,19.1,UG/M3,1 Hr,Valid
Banja Luka,PM2.5 - Principal,2023-08-20 09:00 PM,2023,08,20,21,18.4,64,Moderate,19.3,UG/M3,1 Hr,Valid
Banja Luka,PM2.5 - Principal,2023-08-20 10:00 PM,2023,08,20,22,19.7,67,Moderate,21.7,UG/M3,1 Hr,Valid
Banja Luka,PM2.5 - Principal,2023-08-20 11:00 PM,2023,08,20,23,21.2,70,Moderate,23.4,UG/M3,1 Hr,Valid
Banja Luka,PM2.5 - Principal,2023-08-21 12:00 AM,2023,08,21,00,22.6,73,Moderate,24.4,UG/M3,1 Hr,Valid
Banja Luka,PM2.5 - Principal,2023-08-21 01:00 AM,2023,08,21,01,22.0,72,Moderate,21.6,UG/M3,1 Hr,Valid
Banja Luka,PM2.5 - Principal,2023-08-21 02:00 AM,2023,08,21,02,21.1,70,Moderate,19.4,UG/M3,1 Hr,Valid
Banja Luka,PM2.5 - Principal,2023-08-21 03:00 AM,2023,08,21,03,20.5,69,Moderate,19.1,UG/M3,1 Hr,Valid
Banja Luka,PM2.5 - Principal,2023-08-21 04:00 AM,2023,08,21,04,19.8,67,Moderate,17.9,UG/M3,1 Hr,Valid
Banja Luka,PM2.5 - Principal,2023-08-21 05:00 AM,2023,08,21,05,19.3,66,Moderate,18.0,UG/M3,1 Hr,Valid
Banja Luka,PM2.5 - Principal,2023-08-21 06:00 AM,2023,08,21,06,18.8,65,Moderate,17.7,UG/M3,1 Hr,Valid
Banja Luka,PM2.5 - Principal,2023-08-21 07:00 AM,2023,08,21,07,18.2,64,Moderate,17.1,UG/M3,1 Hr,Valid
Banja Luka,PM2.5 - Principal,2023-08-21 08:00 AM,2023,08,21,08,17.9,63,Moderate,17.3,UG/M3,1 Hr,Valid
Banja Luka,PM2.5 - Principal,2023-08-21 09:00 AM,2023,08,21,09,18.0,63,Moderate,18.2,UG/M3,1 Hr,Valid
Banja Luka,PM2.5 - Principal,2023-08-21 10:00 AM,2023,08,21,10,18.2,64,Moderate,18.7,UG/M3,1 Hr,Valid
Banja Luka,PM2.5 - Principal,2023-08-21 11:00 AM,2023,08,21,11,18.5,64,Moderate,19.4,UG/M3,1 Hr,Valid
Banja Luka,PM2.5 - Principal,2023-08-21 12:00 PM,2023,08,21,12,19.0,66,Moderate,20.9,UG/M3,1 Hr,Valid
Banja Luka,PM2.5 - Principal,2023-08-21 01:00 PM,2023,08,21,13,20.0,68,Moderate,22.8,UG/M3,1 Hr,Valid
Banja Luka,PM2.5 - Principal,2023-08-21 02:00 PM,2023,08,21,14,20.5,69,Moderate,22.0,UG/M3,1 Hr,Valid
Banja Luka,PM2.5 - Principal,2023-08-21 03:00 PM,2023,08,21,15,20.6,69,Moderate,20.6,UG/M3,1 Hr,Valid
Banja Luka,PM2.5 - Principal,2023-08-21 04:00 PM,2023,08,21,16,20.5,69,Moderate,20.4,UG/M3,1 Hr,Valid
Banja Luka,PM2.5 - Principal,2023-08-21 05:00 PM,2023,08,21,17,20.4,68,Moderate,19.8,UG/M3,1 Hr,Valid
Banja Luka,PM2.5 - Principal,2023-08-21 06:00 PM,2023,08,21,18,20.2,68,Moderate,19.6,UG/M3,1 Hr,Valid
Banja Luka,PM2.5 - Principal,2023-08-21 07:00 PM,2023,08,21,19,19.9,67,Moderate,19.1,UG/M3,1 Hr,Valid
Banja Luka,PM2.5 - Principal,2023-08-21 08:00 PM,2023,08,21,20,19.6,67,Moderate,18.2,UG/M3,1 Hr,Valid
Banja Luka,PM2.5 - Principal,2023-08-21 09:00 PM,2023,08,21,21,19.6,67,Moderate,19.6,UG/M3,1 Hr,Valid
Banja Luka,PM2.5 - Principal,2023-08-21 10:00 PM,2023,08,21,22,20.6,69,Moderate,23.8,UG/M3,1 Hr,Valid
Banja Luka,PM2.5 - Principal,2023-08-21 11:00 PM,2023,08,21,23,25.0,78,Moderate,30.7,UG/M3,1 Hr,Valid
Banja Luka,PM2.5 - Principal,2023-08-22 12:00 AM,2023,08,22,00,25.1,78,Moderate,25.3,UG/M3,1 Hr,Valid
Banja Luka,PM2.5 - Principal,2023-08-22 01:00 AM,2023,08,22,01,23.8,76,Moderate,21.8,UG/M3,1 Hr,Valid
Banja Luka,PM2.5 - Principal,2023-08-22 02:00 AM,2023,08,22,02,22.4,73,Moderate,20.3,UG/M3,1 Hr,Valid
Banja Luka,PM2.5 - Principal,2023-08-22 03:00 AM,2023,08,22,03,21.3,70,Moderate,19.8,UG/M3,1 Hr,Valid
Banja Luka,PM2.5 - Principal,2023-08-22 04:00 AM,2023,08,22,04,20.1,68,Moderate,18.4,UG/M3,1 Hr,Valid
Banja Luka,PM2.5 - Principal,2023-08-22 05:00 AM,2023,08,22,05,19.3,66,Moderate,18.2,UG/M3,1 Hr,Valid
Banja Luka,PM2.5 - Principal,2023-08-22 06:00 AM,2023,08,22,06,18.4,64,Moderate,17.3,UG/M3,1 Hr,Valid
Banja Luka,PM2.5 - Principal,2023-08-22 07:00 AM,2023,08,22,07,17.9,63,Moderate,17.2,UG/M3,1 Hr,Valid
Banja Luka,PM2.5 - Principal,2023-08-22 08:00 AM,2023,08,22,08,17.5,62,Moderate,17.1,UG/M3,1 Hr,Valid
Banja Luka,PM2.5 - Principal,2023-08-22 09:00 AM,2023,08,22,09,17.8,63,Moderate,18.1,UG/M3,1 Hr,Valid
Banja Luka,PM2.5 - Principal,2023-08-22 10:00 AM,2023,08,22,10,18.2,64,Moderate,18.8,UG/M3,1 Hr,Valid
Banja Luka,PM2.5 - Principal,2023-08-22 11:00 AM,2023,08,22,11,18.6,65,Moderate,19.4,UG/M3,1 Hr,Valid
Banja Luka,PM2.5 - Principal,2023-08-22 12:00 PM,2023,08,22,12,18.8,65,Moderate,19.7,UG/M3,1 Hr,Valid
Banja Luka,PM2.5 - Principal,2023-08-22 01:00 PM,2023,08,22,13,18.9,65,Moderate,20.1,UG/M3,1 Hr,Valid
Banja Luka,PM2.5 - Principal,2023-08-22 02:00 PM,2023,08,22,14,19.5,67,Moderate,21.4,UG/M3,1 Hr,Valid
Banja Luka,PM2.5 - Principal,2023-08-22 03:00 PM,2023,08,22,15,19.1,66,Moderate,17.4,UG/M3,1 Hr,Valid
Banja Luka,PM2.5 - Principal,2023-08-22 04:00 PM,2023,08,22,16,18.3,64,Moderate,15.9,UG/M3,1 Hr,Valid
Banja Luka,PM2.5 - Principal,2023-08-22 05:00 PM,2023,08,22,17,17.5,62,Moderate,15.5,UG/M3,1 Hr,Valid
Banja Luka,PM2.5 - Principal,2023-08-22 06:00 PM,2023,08,22,18,17.1,62,Moderate,16.1,UG/M3,1 Hr,Valid
Banja Luka,PM2.5 - Principal,2023-08-22 07:00 PM,2023,08,22,19,16.2,60,Moderate,14.6,UG/M3,1 Hr,Valid
Banja Luka,PM2.5 - Principal,2023-08-22 08:00 PM,2023,08,22,20,16.0,59,Moderate,15.8,UG/M3,1 Hr,Valid
Banja Luka,PM2.5 - Principal,2023-08-22 09:00 PM,2023,08,22,21,16.3,60,Moderate,17.0,UG/M3,1 Hr,Valid
Banja Luka,PM2.5 - Principal,2023-08-22 10:00 PM,2023,08,22,22,17.4,62,Moderate,19.7,UG/M3,1 Hr,Valid
Banja Luka,PM2.5 - Principal,2023-08-22 11:00 PM,2023,08,22,23,18.8,65,Moderate,21.7,UG/M3,1 Hr,Valid
Banja Luka,PM2.5 - Principal,2023-08-23 12:00 AM,2023,08,23,00,19.3,66,Moderate,20.4,UG/M3,1 Hr,Valid
Banja Luka,PM2.5 - Principal,2023-08-23 01:00 AM,2023,08,23,01,19.5,67,Moderate,19.8,UG/M3,1 Hr,Valid
Banja Luka,PM2.5 - Principal,2023-08-23 02:00 AM,2023,08,23,02,19.3,66,Moderate,19.0,UG/M3,1 Hr,Valid
Banja Luka,PM2.5 - Principal,2023-08-23 03:00 AM,2023,08,23,03,18.8,65,Moderate,17.6,UG/M3,1 Hr,Valid
Banja Luka,PM2.5 - Principal,2023-08-23 04:00 AM,2023,08,23,04,18.3,64,Moderate,17.2,UG/M3,1 Hr,Valid
Banja Luka,PM2.5 - Principal,2023-08-23 05:00 AM,2023,08,23,05,17.8,63,Moderate,16.7,UG/M3,1 Hr,Valid
Banja Luka,PM2.5 - Principal,2023-08-23 06:00 AM,2023,08,23,06,18.0,63,Moderate,18.6,UG/M3,1 Hr,Valid
Banja Luka,PM2.5 - Principal,2023-08-23 07:00 AM,2023,08,23,07,17.6,63,Moderate,16.4,UG/M3,1 Hr,Valid
Banja Luka,PM2.5 - Principal,2023-08-23 08:00 AM,2023,08,23,08,17.4,62,Moderate,16.5,UG/M3,1 Hr,Valid
Banja Luka,PM2.5 - Principal,2023-08-23 09:00 AM,2023,08,23,09,17.6,63,Moderate,18.1,UG/M3,1 Hr,Valid
Banja Luka,PM2.5 - Principal,2023-08-23 10:00 AM,2023,08,23,10,17.9,63,Moderate,18.7,UG/M3,1 Hr,Valid
Banja Luka,PM2.5 - Principal,2023-08-23 11:00 AM,2023,08,23,11,18.4,64,Moderate,20.3,UG/M3,1 Hr,Valid
Banja Luka,PM2.5 - Principal,2023-08-23 12:00 PM,2023,08,23,12,19.1,66,Moderate,21.3,UG/M3,1 Hr,Valid
Banja Luka,PM2.5 - Principal,2023-08-23 01:00 PM,2023,08,23,13,20.1,68,Moderate,22.3,UG/M3,1 Hr,Valid
Banja Luka,PM2.5 - Principal,2023-08-23 02:00 PM,2023,08,23,14,21.2,70,Moderate,23.4,UG/M3,1 Hr,Valid
Banja Luka,PM2.5 - Principal,2023-08-23 03:00 PM,2023,08,23,15,20.7,69,Moderate,19.6,UG/M3,1 Hr,Valid
Banja Luka,PM2.5 - Principal,2023-08-23 04:00 PM,2023,08,23,16,20.2,68,Moderate,19.0,UG/M3,1 Hr,Valid
Banja Luka,PM2.5 - Principal,2023-08-23 05:00 PM,2023,08,23,17,19.3,66,Moderate,17.3,UG/M3,1 Hr,Valid
Banja Luka,PM2.5 - Principal,2023-08-23 06:00 PM,2023,08,23,18,18.1,64,Moderate,15.8,UG/M3,1 Hr,Valid
Banja Luka,PM2.5 - Principal,2023-08-23 07:00 PM,2023,08,23,19,16.6,60,Moderate,14.5,UG/M3,1 Hr,Valid
Banja Luka,PM2.5 - Principal,2023-08-23 08:00 PM,2023,08,23,20,16.1,59,Moderate,15.3,UG/M3,1 Hr,Valid
Banja Luka,PM2.5 - Principal,2023-08-23 09:00 PM,2023,08,23,21,16.1,59,Moderate,16.2,UG/M3,1 Hr,Valid
Banja Luka,PM2.5 - Principal,2023-08-23 10:00 PM,2023,08,23,22,17.1,62,Moderate,18.6,UG/M3,1 Hr,Valid
Banja Luka,PM2.5 - Principal,2023-08-23 11:00 PM,2023,08,23,23,22.8,74,Moderate,28.6,UG/M3,1 Hr,Valid
Banja Luka,PM2.5 - Principal,2023-08-24 12:00 AM,2023,08,24,00,25.6,79,Moderate,28.4,UG/M3,1 Hr,Valid
Banja Luka,PM2.5 - Principal,2023-08-24 01:00 AM,2023,08,24,01,23.2,74,Moderate,20.7,UG/M3,1 Hr,Valid
Banja Luka,PM2.5 - Principal,2023-08-24 02:00 AM,2023,08,24,02,20.7,69,Moderate,18.1,UG/M3,1 Hr,Valid
Banja Luka,PM2.5 - Principal,2023-08-24 03:00 AM,2023,08,24,03,18.7,65,Moderate,16.7,UG/M3,1 Hr,Valid
Banja Luka,PM2.5 - Principal,2023-08-24 04:00 AM,2023,08,24,04,17.5,62,Moderate,16.3,UG/M3,1 Hr,Valid
Banja Luka,PM2.5 - Principal,2023-08-24 05:00 AM,2023,08,24,05,16.9,61,Moderate,16.2,UG/M3,1 Hr,Valid
Banja Luka,PM2.5 - Principal,2023-08-24 06:00 AM,2023,08,24,06,16.6,60,Moderate,16.2,UG/M3,1 Hr,Valid
Banja Luka,PM2.5 - Principal,2023-08-24 07:00 AM,2023,08,24,07,16.4,60,Moderate,16.1,UG/M3,1 Hr,Valid
Banja Luka,PM2.5 - Principal,2023-08-24 08:00 AM,2023,08,24,08,16.5,60,Moderate,16.7,UG/M3,1 Hr,Valid
Banja Luka,PM2.5 - Principal,2023-08-24 09:00 AM,2023,08,24,09,16.9,61,Moderate,17.4,UG/M3,1 Hr,Valid
Banja Luka,PM2.5 - Principal,2023-08-24 10:00 AM,2023,08,24,10,17.5,62,Moderate,18.2,UG/M3,1 Hr,Valid
Banja Luka,PM2.5 - Principal,2023-08-24 11:00 AM,2023,08,24,11,18.2,64,Moderate,19.1,UG/M3,1 Hr,Valid
Banja Luka,PM2.5 - Principal,2023-08-24 12:00 PM,2023,08,24,12,18.3,64,Moderate,20.5,UG/M3,1 Hr,Valid
Banja Luka,PM2.5 - Principal,2023-08-24 01:00 PM,2023,08,24,13,19.4,66,Moderate,22.0,UG/M3,1 Hr,Valid
Banja Luka,PM2.5 - Principal,2023-08-24 02:00 PM,2023,08,24,14,20.5,69,Moderate,22.6,UG/M3,1 Hr,Valid
Banja Luka,PM2.5 - Principal,2023-08-24 03:00 PM,2023,08,24,15,21.0,70,Moderate,22.1,UG/M3,1 Hr,Valid
Banja Luka,PM2.5 - Principal,2023-08-24 04:00 PM,2023,08,24,16,20.6,69,Moderate,19.6,UG/M3,1 Hr,Valid
Banja Luka,PM2.5 - Principal,2023-08-24 05:00 PM,2023,08,24,17,20.0,68,Moderate,18.4,UG/M3,1 Hr,Valid
Banja Luka,PM2.5 - Principal,2023-08-24 06:00 PM,2023,08,24,18,17.8,63,Moderate,14.2,UG/M3,1 Hr,Valid
Banja Luka,PM2.5 - Principal,2023-08-24 07:00 PM,2023,08,24,19,17.0,61,Moderate,15.6,UG/M3,1 Hr,Valid
Banja Luka,PM2.5 - Principal,2023-08-24 08:00 PM,2023,08,24,20,16.3,60,Moderate,15.1,UG/M3,1 Hr,Valid
Banja Luka,PM2.5 - Principal,2023-08-24 09:00 PM,2023,08,24,21,15.8,59,Moderate,14.9,UG/M3,1 Hr,Valid
Banja Luka,PM2.5 - Principal,2023-08-24 10:00 PM,2023,08,24,22,16.2,60,Moderate,16.9,UG/M3,1 Hr,Valid
Banja Luka,PM2.5 - Principal,2023-08-24 11:00 PM,2023,08,24,23,23.6,75,Moderate,31.2,UG/M3,1 Hr,Valid
Banja Luka,PM2.5 - Principal,2023-08-25 12:00 AM,2023,08,25,00,22.1,72,Moderate,20.5,UG/M3,1 Hr,Valid
Banja Luka,PM2.5 - Principal,2023-08-25 01:00 AM,2023,08,25,01,19.7,67,Moderate,17.3,UG/M3,1 Hr,Valid
Banja Luka,PM2.5 - Principal,2023-08-25 02:00 AM,2023,08,25,02,18.9,65,Moderate,18.2,UG/M3,1 Hr,Valid
Banja Luka,PM2.5 - Principal,2023-08-25 03:00 AM,2023,08,25,03,16.8,61,Moderate,14.6,UG/M3,1 Hr,Valid
Banja Luka,PM2.5 - Principal,2023-08-25 04:00 AM,2023,08,25,04,15.7,59,Moderate,14.6,UG/M3,1 Hr,Valid
Banja Luka,PM2.5 - Principal,2023-08-25 05:00 AM,2023,08,25,05,14.0,55,Moderate,12.2,UG/M3,1 Hr,Valid
Banja Luka,PM2.5 - Principal,2023-08-25 06:00 AM,2023,08,25,06,13.3,54,Moderate,12.6,UG/M3,1 Hr,Valid
Banja Luka,PM2.5 - Principal,2023-08-25 07:00 AM,2023,08,25,07,13.0,53,Moderate,12.8,UG/M3,1 Hr,Valid
Banja Luka,PM2.5 - Principal,2023-08-25 08:00 AM,2023,08,25,08,13.2,53,Moderate,13.3,UG/M3,1 Hr,Valid
Banja Luka,PM2.5 - Principal,2023-08-25 09:00 AM,2023,08,25,09,13.3,54,Moderate,13.3,UG/M3,1 Hr,Valid
Banja Luka,PM2.5 - Principal,2023-08-25 10:00 AM,2023,08,25,10,13.3,54,Moderate,13.3,UG/M3,1 Hr,Valid
Banja Luka,PM2.5 - Principal,2023-08-25 11:00 AM,2023,08,25,11,14.6,56,Moderate,16.4,UG/M3,1 Hr,Valid
Banja Luka,PM2.5 - Principal,2023-08-25 12:00 PM,2023,08,25,12,15.0,57,Moderate,16.4,UG/M3,1 Hr,Valid
Banja Luka,PM2.5 - Principal,2023-08-25 01:00 PM,2023,08,25,13,15.8,59,Moderate,17.5,UG/M3,1 Hr,Valid
Banja Luka,PM2.5 - Principal,2023-08-25 02:00 PM,2023,08,25,14,16.2,60,Moderate,17.5,UG/M3,1 Hr,Valid
Banja Luka,PM2.5 - Principal,2023-08-25 03:00 PM,2023,08,25,15,16.9,61,Moderate,18.1,UG/M3,1 Hr,Valid
Banja Luka,PM2.5 - Principal,2023-08-25 04:00 PM,2023,08,25,16,17.3,62,Moderate,18.1,UG/M3,1 Hr,Valid
Banja Luka,PM2.5 - Principal,2023-08-25 05:00 PM,2023,08,25,17,17.5,62,Moderate,18.1,UG/M3,1 Hr,Valid
Banja Luka,PM2.5 - Principal,2023-08-25 06:00 PM,2023,08,25,18,17.5,62,Moderate,17.4,UG/M3,1 Hr,Valid
Banja Luka,PM2.5 - Principal,2023-08-25 07:00 PM,2023,08,25,19,16.7,61,Moderate,14.8,UG/M3,1 Hr,Valid
Banja Luka,PM2.5 - Principal,2023-08-25 08:00 PM,2023,08,25,20,16.2,60,Moderate,14.8,UG/M3,1 Hr,Valid
Banja Luka,PM2.5 - Principal,2023-08-25 09:00 PM,2023,08,25,21,15.9,59,Moderate,14.8,UG/M3,1 Hr,Valid
Banja Luka,PM2.5 - Principal,2023-08-25 10:00 PM,2023,08,25,22,16.6,60,Moderate,18.3,UG/M3,1 Hr,Valid
Banja Luka,PM2.5 - Principal,2023-08-25 11:00 PM,2023,08,25,23,19.6,67,Moderate,24.3,UG/M3,1 Hr,Valid
Banja Luka,PM2.5 - Principal,2023-08-26 12:00 AM,2023,08,26,00,23.4,75,Moderate,27.3,UG/M3,1 Hr,Valid
Banja Luka,PM2.5 - Principal,2023-08-26 01:00 AM,2023,08,26,01,24.7,77,Moderate,26.3,UG/M3,1 Hr,Valid
Banja Luka,PM2.5 - Principal,2023-08-26 02:00 AM,2023,08,26,02,22.6,73,Moderate,20.1,UG/M3,1 Hr,Valid
Banja Luka,PM2.5 - Principal,2023-08-26 03:00 AM,2023,08,26,03,21.4,71,Moderate,20.1,UG/M3,1 Hr,Valid
Banja Luka,PM2.5 - Principal,2023-08-26 04:00 AM,2023,08,26,04,21.5,71,Moderate,16.2,UG/M3,1 Hr,Invalid
Banja Luka,PM2.5 - Principal,2023-08-26 05:00 AM,2023,08,26,05,-999.0,-999,N/A,16.2,UG/M3,1 Hr,Invalid
Banja Luka,PM2.5 - Principal,2023-08-26 06:00 AM,2023,08,26,06,-999.0,-999,N/A,16.2,UG/M3,1 Hr,Invalid
Banja Luka,PM2.5 - Principal,2023-08-26 07:00 AM,2023,08,26,07,-999.0,-999,N/A,16.2,UG/M3,1 Hr,Invalid
Banja Luka,PM2.5 - Principal,2023-08-26 08:00 AM,2023,08,26,08,-999.0,-999,N/A,16.2,UG/M3,1 Hr,Invalid
Banja Luka,PM2.5 - Principal,2023-08-26 09:00 AM,2023,08,26,09,-999.0,-999,N/A,16.2,UG/M3,1 Hr,Invalid
Banja Luka,PM2.5 - Principal,2023-08-26 10:00 AM,2023,08,26,10,-999.0,-999,N/A,16.2,UG/M3,1 Hr,Invalid
Banja Luka,PM2.5 - Principal,2023-08-26 11:00 AM,2023,08,26,11,-999.0,-999,N/A,16.2,UG/M3,1 Hr,Invalid
Banja Luka,PM2.5 - Principal,2023-08-26 12:00 PM,2023,08,26,12,-999.0,-999,N/A,24.7,UG/M3,1 Hr,Invalid
Banja Luka,PM2.5 - Principal,2023-08-26 01:00 PM,2023,08,26,13,-999.0,-999,N/A,24.7,UG/M3,1 Hr,Invalid
Banja Luka,PM2.5 - Principal,2023-08-26 02:00 PM,2023,08,26,14,-999.0,-999,N/A,24.7,UG/M3,1 Hr,Invalid
Banja Luka,PM2.5 - Principal,2023-08-26 03:00 PM,2023,08,26,15,-999.0,-999,N/A,24.7,UG/M3,1 Hr,Invalid
Banja Luka,PM2.5 - Principal,2023-08-26 04:00 PM,2023,08,26,16,-999.0,-999,N/A,22.6,UG/M3,1 Hr,Valid
Banja Luka,PM2.5 - Principal,2023-08-26 05:00 PM,2023,08,26,17,21.8,71,Moderate,21.0,UG/M3,1 Hr,Valid
Banja Luka,PM2.5 - Principal,2023-08-26 06:00 PM,2023,08,26,18,22.1,72,Moderate,22.6,UG/M3,1 Hr,Valid
Banja Luka,PM2.5 - Principal,2023-08-26 07:00 PM,2023,08,26,19,22.1,72,Moderate,20.1,UG/M3,1 Hr,Invalid
Banja Luka,PM2.5 - Principal,2023-08-26 08:00 PM,2023,08,26,20,-999.0,-999,N/A,20.1,UG/M3,1 Hr,Invalid
Banja Luka,PM2.5 - Principal,2023-08-26 09:00 PM,2023,08,26,21,-999.0,-999,N/A,20.1,UG/M3,1 Hr,Invalid
Banja Luka,PM2.5 - Principal,2023-08-26 10:00 PM,2023,08,26,22,-999.0,-999,N/A,20.1,UG/M3,1 Hr,Invalid
Banja Luka,PM2.5 - Principal,2023-08-26 11:00 PM,2023,08,26,23,-999.0,-999,N/A,31.8,UG/M3,1 Hr,Valid
Banja Luka,PM2.5 - Principal,2023-08-27 12:00 AM,2023,08,27,00,26.0,80,Moderate,22.9,UG/M3,1 Hr,Valid
Banja Luka,PM2.5 - Principal,2023-08-27 01:00 AM,2023,08,27,01,23.7,75,Moderate,20.8,UG/M3,1 Hr,Valid
Banja Luka,PM2.5 - Principal,2023-08-27 02:00 AM,2023,08,27,02,22.5,73,Moderate,20.8,UG/M3,1 Hr,Valid
Banja Luka,PM2.5 - Principal,2023-08-27 03:00 AM,2023,08,27,03,20.8,69,Moderate,19.0,UG/M3,1 Hr,Valid
Banja Luka,PM2.5 - Principal,2023-08-27 04:00 AM,2023,08,27,04,20.0,68,Moderate,19.0,UG/M3,1 Hr,Valid
Banja Luka,PM2.5 - Principal,2023-08-27 05:00 AM,2023,08,27,05,20.1,68,Moderate,20.2,UG/M3,1 Hr,Valid
Banja Luka,PM2.5 - Principal,2023-08-27 06:00 AM,2023,08,27,06,20.7,69,Moderate,21.5,UG/M3,1 Hr,Valid
Banja Luka,PM2.5 - Principal,2023-08-27 07:00 AM,2023,08,27,07,21.0,70,Moderate,21.5,UG/M3,1 Hr,Valid
Banja Luka,PM2.5 - Principal,2023-08-27 08:00 AM,2023,08,27,08,19.1,66,Moderate,16.9,UG/M3,1 Hr,Valid
Banja Luka,PM2.5 - Principal,2023-08-27 09:00 AM,2023,08,27,09,18.1,64,Moderate,16.9,UG/M3,1 Hr,Valid
Banja Luka,PM2.5 - Principal,2023-08-27 10:00 AM,2023,08,27,10,17.3,62,Moderate,16.5,UG/M3,1 Hr,Valid
Banja Luka,PM2.5 - Principal,2023-08-27 11:00 AM,2023,08,27,11,17.7,63,Moderate,16.5,UG/M3,1 Hr,Valid
Banja Luka,PM2.5 - Principal,2023-08-27 12:00 PM,2023,08,27,12,17.5,62,Moderate,16.5,UG/M3,1 Hr,Valid
Banja Luka,PM2.5 - Principal,2023-08-27 01:00 PM,2023,08,27,13,17.8,63,Moderate,18.9,UG/M3,1 Hr,Valid
Banja Luka,PM2.5 - Principal,2023-08-27 02:00 PM,2023,08,27,14,18.5,64,Moderate,20.8,UG/M3,1 Hr,Valid
Banja Luka,PM2.5 - Principal,2023-08-27 03:00 PM,2023,08,27,15,19.0,66,Moderate,20.8,UG/M3,1 Hr,Valid
Banja Luka,PM2.5 - Principal,2023-08-27 04:00 PM,2023,08,27,16,19.5,67,Moderate,20.8,UG/M3,1 Hr,Valid
Banja Luka,PM2.5 - Principal,2023-08-27 05:00 PM,2023,08,27,17,19.7,67,Moderate,20.6,UG/M3,1 Hr,Valid
Banja Luka,PM2.5 - Principal,2023-08-27 06:00 PM,2023,08,27,18,22.0,72,Moderate,25.4,UG/M3,1 Hr,Valid
Banja Luka,PM2.5 - Principal,2023-08-27 07:00 PM,2023,08,27,19,23.0,74,Moderate,24.8,UG/M3,1 Hr,Valid
Banja Luka,PM2.5 - Principal,2023-08-27 08:00 PM,2023,08,27,20,23.0,74,Moderate,26.0,UG/M3,1 Hr,Invalid
Banja Luka,PM2.5 - Principal,2023-08-27 09:00 PM,2023,08,27,21,-999.0,-999,N/A,26.0,UG/M3,1 Hr,Invalid
Banja Luka,PM2.5 - Principal,2023-08-27 10:00 PM,2023,08,27,22,-999.0,-999,N/A,26.0,UG/M3,1 Hr,Invalid
Banja Luka,PM2.5 - Principal,2023-08-27 11:00 PM,2023,08,27,23,-999.0,-999,N/A,26.0,UG/M3,1 Hr,Invalid
Banja Luka,PM2.5 - Principal,2023-08-28 12:00 AM,2023,08,28,00,-999.0,-999,N/A,30.4,UG/M3,1 Hr,Invalid
Banja Luka,PM2.5 - Principal,2023-08-28 01:00 AM,2023,08,28,01,-999.0,-999,N/A,30.4,UG/M3,1 Hr,Invalid
Banja Luka,PM2.5 - Principal,2023-08-28 02:00 AM,2023,08,28,02,-999.0,-999,N/A,30.4,UG/M3,1 Hr,Invalid
Banja Luka,PM2.5 - Principal,2023-08-28 03:00 AM,2023,08,28,03,-999.0,-999,N/A,30.4,UG/M3,1 Hr,Invalid
Banja Luka,PM2.5 - Principal,2023-08-28 04:00 AM,2023,08,28,04,-999.0,-999,N/A,19.3,UG/M3,1 Hr,Valid
Banja Luka,PM2.5 - Principal,2023-08-28 05:00 AM,2023,08,28,05,16.0,59,Moderate,14.2,UG/M3,1 Hr,Valid
Banja Luka,PM2.5 - Principal,2023-08-28 06:00 AM,2023,08,28,06,15.1,57,Moderate,14.2,UG/M3,1 Hr,Valid
Banja Luka,PM2.5 - Principal,2023-08-28 07:00 AM,2023,08,28,07,16.0,59,Moderate,17.1,UG/M3,1 Hr,Valid
Banja Luka,PM2.5 - Principal,2023-08-28 08:00 AM,2023,08,28,08,16.4,60,Moderate,17.1,UG/M3,1 Hr,Valid
Banja Luka,PM2.5 - Principal,2023-08-28 09:00 AM,2023,08,28,09,17.0,61,Moderate,18.2,UG/M3,1 Hr,Valid
Banja Luka,PM2.5 - Principal,2023-08-28 10:00 AM,2023,08,28,10,18.1,64,Moderate,20.3,UG/M3,1 Hr,Valid
Banja Luka,PM2.5 - Principal,2023-08-28 11:00 AM,2023,08,28,11,19.4,66,Moderate,21.5,UG/M3,1 Hr,Valid
Banja Luka,PM2.5 - Principal,2023-08-28 12:00 PM,2023,08,28,12,20.9,70,Moderate,22.9,UG/M3,1 Hr,Valid
Banja Luka,PM2.5 - Principal,2023-08-28 01:00 PM,2023,08,28,13,21.7,71,Moderate,22.9,UG/M3,1 Hr,Valid
Banja Luka,PM2.5 - Principal,2023-08-28 02:00 PM,2023,08,28,14,21.7,71,Moderate,20.3,UG/M3,1 Hr,Invalid
Banja Luka,PM2.5 - Principal,2023-08-28 03:00 PM,2023,08,28,15,-999.0,-999,N/A,20.3,UG/M3,1 Hr,Invalid
Banja Luka,PM2.5 - Principal,2023-08-28 04:00 PM,2023,08,28,16,-999.0,-999,N/A,20.3,UG/M3,1 Hr,Invalid
Banja Luka,PM2.5 - Principal,2023-08-28 05:00 PM,2023,08,28,17,-999.0,-999,N/A,20.3,UG/M3,1 Hr,Invalid
Banja Luka,PM2.5 - Principal,2023-08-28 06:00 PM,2023,08,28,18,-999.0,-999,N/A,17.6,UG/M3,1 Hr,Valid
Banja Luka,PM2.5 - Principal,2023-08-28 07:00 PM,2023,08,28,19,20.3,68,Moderate,21.6,UG/M3,1 Hr,Suspect
Banja Luka,PM2.5 - Principal,2023-08-28 08:00 PM,2023,08,28,20,20.8,69,Moderate,21.6,UG/M3,1 Hr,Suspect
Banja Luka,PM2.5 - Principal,2023-08-28 09:00 PM,2023,08,28,21,21.1,70,Moderate,21.6,UG/M3,1 Hr,Suspect
Banja Luka,PM2.5 - Principal,2023-08-28 10:00 PM,2023,08,28,22,21.3,70,Moderate,21.6,UG/M3,1 Hr,Suspect
Banja Luka,PM2.5 - Principal,2023-08-28 11:00 PM,2023,08,28,23,20.9,70,Moderate,20.1,UG/M3,1 Hr,Valid
Banja Luka,PM2.5 - Principal,2023-08-29 12:00 AM,2023,08,29,00,20.7,69,Moderate,20.1,UG/M3,1 Hr,Valid
Banja Luka,PM2.5 - Principal,2023-08-29 01:00 AM,2023,08,29,01,18.4,64,Moderate,14.3,UG/M3,1 Hr,Valid
Banja Luka,PM2.5 - Principal,2023-08-29 02:00 AM,2023,08,29,02,16.1,59,Moderate,13.1,UG/M3,1 Hr,Valid
Banja Luka,PM2.5 - Principal,2023-08-29 03:00 AM,2023,08,29,03,14.1,55,Moderate,12.0,UG/M3,1 Hr,Valid
Banja Luka,PM2.5 - Principal,2023-08-29 04:00 AM,2023,08,29,04,11.1,46,Good,8.6,UG/M3,1 Hr,Valid
Banja Luka,PM2.5 - Principal,2023-08-29 05:00 AM,2023,08,29,05,11.1,46,Good,11.1,UG/M3,1 Hr,Valid
Banja Luka,PM2.5 - Principal,2023-08-29 06:00 AM,2023,08,29,06,11.1,46,Good,11.1,UG/M3,1 Hr,Valid
Banja Luka,PM2.5 - Principal,2023-08-29 07:00 AM,2023,08,29,07,9.2,38,Good,7.3,UG/M3,1 Hr,Valid
Banja Luka,PM2.5 - Principal,2023-08-29 08:00 AM,2023,08,29,08,8.3,35,Good,7.3,UG/M3,1 Hr,Valid
Banja Luka,PM2.5 - Principal,2023-08-29 09:00 AM,2023,08,29,09,7.6,32,Good,7.0,UG/M3,1 Hr,Valid
Banja Luka,PM2.5 - Principal,2023-08-29 10:00 AM,2023,08,29,10,7.4,31,Good,7.3,UG/M3,1 Hr,Valid
Banja Luka,PM2.5 - Principal,2023-08-29 11:00 AM,2023,08,29,11,6.9,29,Good,6.4,UG/M3,1 Hr,Valid
Banja Luka,PM2.5 - Principal,2023-08-29 12:00 PM,2023,08,29,12,6.6,28,Good,6.4,UG/M3,1 Hr,Valid
Banja Luka,PM2.5 - Principal,2023-08-29 01:00 PM,2023,08,29,13,6.5,27,Good,6.4,UG/M3,1 Hr,Valid
Banja Luka,PM2.5 - Principal,2023-08-29 02:00 PM,2023,08,29,14,5.8,24,Good,5.1,UG/M3,1 Hr,Valid
Banja Luka,PM2.5 - Principal,2023-08-29 03:00 PM,2023,08,29,15,4.9,20,Good,4.1,UG/M3,1 Hr,Valid
Banja Luka,PM2.5 - Principal,2023-08-29 04:00 PM,2023,08,29,16,4.6,19,Good,4.3,UG/M3,1 Hr,Valid
Banja Luka,PM2.5 - Principal,2023-08-29 05:00 PM,2023,08,29,17,4.5,19,Good,4.3,UG/M3,1 Hr,Valid
Banja Luka,PM2.5 - Principal,2023-08-29 06:00 PM,2023,08,29,18,4.4,18,Good,4.3,UG/M3,1 Hr,Valid
Banja Luka,PM2.5 - Principal,2023-08-29 07:00 PM,2023,08,29,19,4.4,18,Good,4.3,UG/M3,1 Hr,Valid
Banja Luka,PM2.5 - Principal,2023-08-29 08:00 PM,2023,08,29,20,5.4,23,Good,6.7,UG/M3,1 Hr,Valid
Banja Luka,PM2.5 - Principal,2023-08-29 09:00 PM,2023,08,29,21,6.0,25,Good,6.7,UG/M3,1 Hr,Valid
Banja Luka,PM2.5 - Principal,2023-08-29 10:00 PM,2023,08,29,22,6.2,26,Good,6.7,UG/M3,1 Hr,Valid
Banja Luka,PM2.5 - Principal,2023-08-29 11:00 PM,2023,08,29,23,6.5,27,Good,6.9,UG/M3,1 Hr,Valid
Banja Luka,PM2.5 - Principal,2023-08-30 12:00 AM,2023,08,30,00,6.2,26,Good,5.7,UG/M3,1 Hr,Valid
Banja Luka,PM2.5 - Principal,2023-08-30 01:00 AM,2023,08,30,01,6.0,25,Good,5.8,UG/M3,1 Hr,Valid
Banja Luka,PM2.5 - Principal,2023-08-30 02:00 AM,2023,08,30,02,5.6,23,Good,5.1,UG/M3,1 Hr,Valid
Banja Luka,PM2.5 - Principal,2023-08-30 03:00 AM,2023,08,30,03,5.4,23,Good,5.1,UG/M3,1 Hr,Valid
Banja Luka,PM2.5 - Principal,2023-08-30 04:00 AM,2023,08,30,04,5.8,24,Good,6.4,UG/M3,1 Hr,Valid
Banja Luka,PM2.5 - Principal,2023-08-30 05:00 AM,2023,08,30,05,6.0,25,Good,6.4,UG/M3,1 Hr,Valid
Banja Luka,PM2.5 - Principal,2023-08-30 06:00 AM,2023,08,30,06,6.2,26,Good,6.4,UG/M3,1 Hr,Valid
Banja Luka,PM2.5 - Principal,2023-08-30 07:00 AM,2023,08,30,07,6.2,26,Good,6.4,UG/M3,1 Hr,Valid
Banja Luka,PM2.5 - Principal,2023-08-30 08:00 AM,2023,08,30,08,6.2,26,Good,6.4,UG/M3,1 Hr,Valid
Banja Luka,PM2.5 - Principal,2023-08-30 09:00 AM,2023,08,30,09,6.3,26,Good,6.4,UG/M3,1 Hr,Valid
Banja Luka,PM2.5 - Principal,2023-08-30 10:00 AM,2023,08,30,10,6.3,26,Good,6.4,UG/M3,1 Hr,Valid
Banja Luka,PM2.5 - Principal,2023-08-30 11:00 AM,2023,08,30,11,6.3,26,Good,6.4,UG/M3,1 Hr,Valid
Banja Luka,PM2.5 - Principal,2023-08-30 12:00 PM,2023,08,30,12,6.3,26,Good,6.4,UG/M3,1 Hr,Valid
Banja Luka,PM2.5 - Principal,2023-08-30 01:00 PM,2023,08,30,13,7.3,30,Good,8.7,UG/M3,1 Hr,Valid
Banja Luka,PM2.5 - Principal,2023-08-30 02:00 PM,2023,08,30,14,7.9,33,Good,8.7,UG/M3,1 Hr,Valid
Banja Luka,PM2.5 - Principal,2023-08-30 03:00 PM,2023,08,30,15,7.8,33,Good,8.7,UG/M3,1 Hr,Valid
Banja Luka,PM2.5 - Principal,2023-08-30 04:00 PM,2023,08,30,16,8.0,33,Good,8.7,UG/M3,1 Hr,Valid
Banja Luka,PM2.5 - Principal,2023-08-30 05:00 PM,2023,08,30,17,8.2,34,Good,8.7,UG/M3,1 Hr,Valid
Banja Luka,PM2.5 - Principal,2023-08-30 06:00 PM,2023,08,30,18,8.4,35,Good,8.7,UG/M3,1 Hr,Valid
Banja Luka,PM2.5 - Principal,2023-08-30 07:00 PM,2023,08,30,19,8.5,35,Good,8.7,UG/M3,1 Hr,Valid
Banja Luka,PM2.5 - Principal,2023-08-30 08:00 PM,2023,08,30,20,8.5,35,Good,8.7,UG/M3,1 Hr,Valid
Banja Luka,PM2.5 - Principal,2023-08-30 09:00 PM,2023,08,30,21,8.6,36,Good,8.7,UG/M3,1 Hr,Valid
Banja Luka,PM2.5 - Principal,2023-08-30 10:00 PM,2023,08,30,22,8.6,36,Good,8.7,UG/M3,1 Hr,Valid
Banja Luka,PM2.5 - Principal,2023-08-30 11:00 PM,2023,08,30,23,8.7,36,Good,8.7,UG/M3,1 Hr,Valid
Banja Luka,PM2.5 - Principal,2023-08-31 12:00 AM,2023,08,31,00,8.7,36,Good,8.7,UG/M3,1 Hr,Valid
Banja Luka,PM2.5 - Principal,2023-08-31 01:00 AM,2023,08,31,01,7.1,30,Good,5.0,UG/M3,1 Hr,Valid
Banja Luka,PM2.5 - Principal,2023-08-31 02:00 AM,2023,08,31,02,6.2,26,Good,5.0,UG/M3,1 Hr,Valid
Banja Luka,PM2.5 - Principal,2023-08-31 03:00 AM,2023,08,31,03,5.7,24,Good,5.0,UG/M3,1 Hr,Valid
Banja Luka,PM2.5 - Principal,2023-08-31 04:00 AM,2023,08,31,04,5.4,23,Good,5.0,UG/M3,1 Hr,Valid
Banja Luka,PM2.5 - Principal,2023-08-31 05:00 AM,2023,08,31,05,4.6,19,Good,4.1,UG/M3,1 Hr,Valid
Banja Luka,PM2.5 - Principal,2023-08-31 06:00 AM,2023,08,31,06,4.3,18,Good,4.1,UG/M3,1 Hr,Valid
Banja Luka,PM2.5 - Principal,2023-08-31 07:00 AM,2023,08,31,07,4.2,18,Good,4.1,UG/M3,1 Hr,Valid
Banja Luka,PM2.5 - Principal,2023-08-31 08:00 AM,2023,08,31,08,4.1,17,Good,4.1,UG/M3,1 Hr,Valid
Banja Luka,PM2.5 - Principal,2023-08-31 09:00 AM,2023,08,31,09,4.1,17,Good,4.1,UG/M3,1 Hr,Valid
Banja Luka,PM2.5 - Principal,2023-08-31 10:00 AM,2023,08,31,10,4.1,17,Good,4.1,UG/M3,1 Hr,Valid
Banja Luka,PM2.5 - Principal,2023-08-31 11:00 AM,2023,08,31,11,6.2,26,Good,8.4,UG/M3,1 Hr,Valid
Banja Luka,PM2.5 - Principal,2023-08-31 12:00 PM,2023,08,31,12,7.3,30,Good,8.4,UG/M3,1 Hr,Valid
Banja Luka,PM2.5 - Principal,2023-08-31 01:00 PM,2023,08,31,13,7.8,33,Good,8.4,UG/M3,1 Hr,Valid
Banja Luka,PM2.5 - Principal,2023-08-31 02:00 PM,2023,08,31,14,8.1,34,Good,8.4,UG/M3,1 Hr,Valid
Banja Luka,PM2.5 - Principal,2023-08-31 03:00 PM,2023,08,31,15,8.2,34,Good,8.4,UG/M3,1 Hr,Valid
Banja Luka,PM2.5 - Principal,2023-08-31 04:00 PM,2023,08,31,16,8.3,35,Good,8.4,UG/M3,1 Hr,Valid
Banja Luka,PM2.5 - Principal,2023-08-31 05:00 PM,2023,08,31,17,8.3,35,Good,8.4,UG/M3,1 Hr,Valid
Banja Luka,PM2.5 - Principal,2023-08-31 06:00 PM,2023,08,31,18,8.3,35,Good,8.4,UG/M3,1 Hr,Valid
Banja Luka,PM2.5 - Principal,2023-08-31 07:00 PM,2023,08,31,19,8.4,35,Good,8.4,UG/M3,1 Hr,Valid
Banja Luka,PM2.5 - Principal,2023-08-31 08:00 PM,2023,08,31,20,8.4,35,Good,8.4,UG/M3,1 Hr,Valid
Banja Luka,PM2.5 - Principal,2023-08-31 09:00 PM,2023,08,31,21,8.4,35,Good,8.4,UG/M3,1 Hr,Valid
Banja Luka,PM2.5 - Principal,2023-08-31 10:00 PM,2023,08,31,22,8.4,35,Good,8.4,UG/M3,1 Hr,Valid
Banja Luka,PM2.5 - Principal,2023-08-31 11:00 PM,2023,08,31,23,8.4,35,Good,8.4,UG/M3,1 Hr,Valid
Banja Luka,PM2.5 - Principal,2023-09-01 12:00 AM,2023,09,01,00,8.4,35,Good,8.4,UG/M3,1 Hr,Valid
Banja Luka,PM2.5 - Principal,2023-09-01 01:00 AM,2023,09,01,01,8.4,35,Good,8.4,UG/M3,1 Hr,Valid
Banja Luka,PM2.5 - Principal,2023-09-01 02:00 AM,2023,09,01,02,8.3,35,Good,8.0,UG/M3,1 Hr,Valid
Banja Luka,PM2.5 - Principal,2023-09-01 03:00 AM,2023,09,01,03,8.3,35,Good,8.0,UG/M3,1 Hr,Valid
Banja Luka,PM2.5 - Principal,2023-09-01 04:00 AM,2023,09,01,04,8.2,34,Good,8.0,UG/M3,1 Hr,Valid
Banja Luka,PM2.5 - Principal,2023-09-01 05:00 AM,2023,09,01,05,8.2,34,Good,8.0,UG/M3,1 Hr,Valid
Banja Luka,PM2.5 - Principal,2023-09-01 06:00 AM,2023,09,01,06,8.2,34,Good,8.0,UG/M3,1 Hr,Valid
Banja Luka,PM2.5 - Principal,2023-09-01 07:00 AM,2023,09,01,07,8.1,34,Good,8.0,UG/M3,1 Hr,Valid
Banja Luka,PM2.5 - Principal,2023-09-01 08:00 AM,2023,09,01,08,8.1,34,Good,8.0,UG/M3,1 Hr,Valid
Banja Luka,PM2.5 - Principal,2023-09-01 09:00 AM,2023,09,01,09,8.1,34,Good,8.0,UG/M3,1 Hr,Valid
Banja Luka,PM2.5 - Principal,2023-09-01 10:00 AM,2023,09,01,10,8.0,33,Good,8.0,UG/M3,1 Hr,Valid
Banja Luka,PM2.5 - Principal,2023-09-01 11:00 AM,2023,09,01,11,8.0,33,Good,7.9,UG/M3,1 Hr,Valid
Banja Luka,PM2.5 - Principal,2023-09-01 12:00 PM,2023,09,01,12,8.0,33,Good,7.9,UG/M3,1 Hr,Valid
Banja Luka,PM2.5 - Principal,2023-09-01 01:00 PM,2023,09,01,13,5.6,23,Good,3.4,UG/M3,1 Hr,Valid
Banja Luka,PM2.5 - Principal,2023-09-01 02:00 PM,2023,09,01,14,4.5,19,Good,3.4,UG/M3,1 Hr,Valid
Banja Luka,PM2.5 - Principal,2023-09-01 03:00 PM,2023,09,01,15,4.1,17,Good,3.6,UG/M3,1 Hr,Valid
Banja Luka,PM2.5 - Principal,2023-09-01 04:00 PM,2023,09,01,16,3.9,16,Good,3.6,UG/M3,1 Hr,Valid
Banja Luka,PM2.5 - Principal,2023-09-01 05:00 PM,2023,09,01,17,3.8,16,Good,3.8,UG/M3,1 Hr,Valid
Banja Luka,PM2.5 - Principal,2023-09-01 06:00 PM,2023,09,01,18,3.8,16,Good,3.8,UG/M3,1 Hr,Valid
Banja Luka,PM2.5 - Principal,2023-09-01 07:00 PM,2023,09,01,19,3.8,16,Good,3.8,UG/M3,1 Hr,Valid
Banja Luka,PM2.5 - Principal,2023-09-01 08:00 PM,2023,09,01,20,3.8,16,Good,3.8,UG/M3,1 Hr,Valid
Banja Luka,PM2.5 - Principal,2023-09-01 09:00 PM,2023,09,01,21,3.8,16,Good,3.8,UG/M3,1 Hr,Valid
Banja Luka,PM2.5 - Principal,2023-09-01 10:00 PM,2023,09,01,22,3.8,16,Good,3.8,UG/M3,1 Hr,Valid
Banja Luka,PM2.5 - Principal,2023-09-01 11:00 PM,2023,09,01,23,3.8,16,Good,3.8,UG/M3,1 Hr,Valid
Banja Luka,PM2.5 - Principal,2023-09-02 12:00 AM,2023,09,02,00,3.8,16,Good,12.5,UG/M3,1 Hr,Invalid
Banja Luka,PM2.5 - Principal,2023-09-02 01:00 AM,2023,09,02,01,-999.0,-999,N/A,12.5,UG/M3,1 Hr,Invalid
Banja Luka,PM2.5 - Principal,2023-09-02 02:00 AM,2023,09,02,02,-999.0,-999,N/A,12.5,UG/M3,1 Hr,Invalid
Banja Luka,PM2.5 - Principal,2023-09-02 03:00 AM,2023,09,02,03,-999.0,-999,N/A,12.5,UG/M3,1 Hr,Invalid
Banja Luka,PM2.5 - Principal,2023-09-02 04:00 AM,2023,09,02,04,-999.0,-999,N/A,12.5,UG/M3,1 Hr,Invalid
Banja Luka,PM2.5 - Principal,2023-09-02 05:00 AM,2023,09,02,05,-999.0,-999,N/A,12.5,UG/M3,1 Hr,Invalid
Banja Luka,PM2.5 - Principal,2023-09-02 06:00 AM,2023,09,02,06,-999.0,-999,N/A,12.5,UG/M3,1 Hr,Invalid
Banja Luka,PM2.5 - Principal,2023-09-02 07:00 AM,2023,09,02,07,-999.0,-999,N/A,12.5,UG/M3,1 Hr,Invalid
Banja Luka,PM2.5 - Principal,2023-09-02 08:00 AM,2023,09,02,08,-999.0,-999,N/A,12.5,UG/M3,1 Hr,Invalid
Banja Luka,PM2.5 - Principal,2023-09-02 09:00 AM,2023,09,02,09,-999.0,-999,N/A,12.5,UG/M3,1 Hr,Invalid
Banja Luka,PM2.5 - Principal,2023-09-02 10:00 AM,2023,09,02,10,-999.0,-999,N/A,12.5,UG/M3,1 Hr,Invalid
Banja Luka,PM2.5 - Principal,2023-09-02 11:00 AM,2023,09,02,11,-999.0,-999,N/A,12.5,UG/M3,1 Hr,Invalid
Banja Luka,PM2.5 - Principal,2023-09-02 12:00 PM,2023,09,02,12,-999.0,-999,N/A,12.5,UG/M3,1 Hr,Invalid
Banja Luka,PM2.5 - Principal,2023-09-02 01:00 PM,2023,09,02,13,-999.0,-999,N/A,12.5,UG/M3,1 Hr,Invalid
Banja Luka,PM2.5 - Principal,2023-09-02 02:00 PM,2023,09,02,14,-999.0,-999,N/A,7.2,UG/M3,1 Hr,Valid
Banja Luka,PM2.5 - Principal,2023-09-02 03:00 PM,2023,09,02,15,7.2,30,Good,7.2,UG/M3,1 Hr,Valid
Banja Luka,PM2.5 - Principal,2023-09-02 04:00 PM,2023,09,02,16,7.4,31,Good,7.7,UG/M3,1 Hr,Valid
Banja Luka,PM2.5 - Principal,2023-09-02 05:00 PM,2023,09,02,17,7.5,31,Good,7.7,UG/M3,1 Hr,Valid
Banja Luka,PM2.5 - Principal,2023-09-02 06:00 PM,2023,09,02,18,7.5,31,Good,7.7,UG/M3,1 Hr,Valid
Banja Luka,PM2.5 - Principal,2023-09-02 07:00 PM,2023,09,02,19,7.6,32,Good,7.7,UG/M3,1 Hr,Valid
Banja Luka,PM2.5 - Principal,2023-09-02 08:00 PM,2023,09,02,20,7.6,32,Good,7.7,UG/M3,1 Hr,Valid
Banja Luka,PM2.5 - Principal,2023-09-02 09:00 PM,2023,09,02,21,7.6,32,Good,7.7,UG/M3,1 Hr,Valid
Banja Luka,PM2.5 - Principal,2023-09-02 10:00 PM,2023,09,02,22,10.3,43,Good,13.4,UG/M3,1 Hr,Valid
Banja Luka,PM2.5 - Principal,2023-09-02 11:00 PM,2023,09,02,23,11.7,49,Good,13.4,UG/M3,1 Hr,Valid
Banja Luka,PM2.5 - Principal,2023-09-03 12:00 AM,2023,09,03,00,12.5,52,Moderate,13.4,UG/M3,1 Hr,Valid
Banja Luka,PM2.5 - Principal,2023-09-03 01:00 AM,2023,09,03,01,12.5,52,Moderate,16.7,UG/M3,1 Hr,Invalid
Banja Luka,PM2.5 - Principal,2023-09-03 02:00 AM,2023,09,03,02,-999.0,-999,N/A,16.7,UG/M3,1 Hr,Invalid
Banja Luka,PM2.5 - Principal,2023-09-03 03:00 AM,2023,09,03,03,-999.0,-999,N/A,16.7,UG/M3,1 Hr,Invalid
Banja Luka,PM2.5 - Principal,2023-09-03 04:00 AM,2023,09,03,04,-999.0,-999,N/A,16.7,UG/M3,1 Hr,Invalid
Banja Luka,PM2.5 - Principal,2023-09-03 05:00 AM,2023,09,03,05,-999.0,-999,N/A,16.7,UG/M3,1 Hr,Invalid
Banja Luka,PM2.5 - Principal,2023-09-03 06:00 AM,2023,09,03,06,-999.0,-999,N/A,16.7,UG/M3,1 Hr,Invalid
Banja Luka,PM2.5 - Principal,2023-09-03 07:00 AM,2023,09,03,07,-999.0,-999,N/A,16.7,UG/M3,1 Hr,Invalid
Banja Luka,PM2.5 - Principal,2023-09-03 08:00 AM,2023,09,03,08,-999.0,-999,N/A,16.7,UG/M3,1 Hr,Invalid
Banja Luka,PM2.5 - Principal,2023-09-03 09:00 AM,2023,09,03,09,-999.0,-999,N/A,16.7,UG/M3,1 Hr,Invalid
Banja Luka,PM2.5 - Principal,2023-09-03 10:00 AM,2023,09,03,10,-999.0,-999,N/A,16.7,UG/M3,1 Hr,Invalid
Banja Luka,PM2.5 - Principal,2023-09-03 11:00 AM,2023,09,03,11,-999.0,-999,N/A,16.7,UG/M3,1 Hr,Invalid
Banja Luka,PM2.5 - Principal,2023-09-03 12:00 PM,2023,09,03,12,-999.0,-999,N/A,16.7,UG/M3,1 Hr,Invalid
Banja Luka,PM2.5 - Principal,2023-09-03 01:00 PM,2023,09,03,13,-999.0,-999,N/A,16.7,UG/M3,1 Hr,Invalid
Banja Luka,PM2.5 - Principal,2023-09-03 02:00 PM,2023,09,03,14,-999.0,-999,N/A,16.7,UG/M3,1 Hr,Invalid
Banja Luka,PM2.5 - Principal,2023-09-03 03:00 PM,2023,09,03,15,-999.0,-999,N/A,16.7,UG/M3,1 Hr,Invalid
Banja Luka,PM2.5 - Principal,2023-09-03 04:00 PM,2023,09,03,16,-999.0,-999,N/A,16.7,UG/M3,1 Hr,Invalid
Banja Luka,PM2.5 - Principal,2023-09-03 05:00 PM,2023,09,03,17,-999.0,-999,N/A,16.7,UG/M3,1 Hr,Invalid
Banja Luka,PM2.5 - Principal,2023-09-03 06:00 PM,2023,09,03,18,-999.0,-999,N/A,16.7,UG/M3,1 Hr,Invalid
Banja Luka,PM2.5 - Principal,2023-09-03 07:00 PM,2023,09,03,19,-999.0,-999,N/A,16.7,UG/M3,1 Hr,Invalid
Banja Luka,PM2.5 - Principal,2023-09-03 08:00 PM,2023,09,03,20,-999.0,-999,N/A,16.7,UG/M3,1 Hr,Invalid
Banja Luka,PM2.5 - Principal,2023-09-03 09:00 PM,2023,09,03,21,-999.0,-999,N/A,16.7,UG/M3,1 Hr,Invalid
Banja Luka,PM2.5 - Principal,2023-09-03 10:00 PM,2023,09,03,22,-999.0,-999,N/A,16.7,UG/M3,1 Hr,Invalid
Banja Luka,PM2.5 - Principal,2023-09-03 11:00 PM,2023,09,03,23,-999.0,-999,N/A,16.7,UG/M3,1 Hr,Invalid
Banja Luka,PM2.5 - Principal,2023-09-04 12:00 AM,2023,09,04,00,-999.0,-999,N/A,16.7,UG/M3,1 Hr,Invalid
Banja Luka,PM2.5 - Principal,2023-09-04 01:00 AM,2023,09,04,01,-999.0,-999,N/A,16.7,UG/M3,1 Hr,Invalid
Banja Luka,PM2.5 - Principal,2023-09-04 02:00 AM,2023,09,04,02,-999.0,-999,N/A,16.7,UG/M3,1 Hr,Invalid
Banja Luka,PM2.5 - Principal,2023-09-04 03:00 AM,2023,09,04,03,-999.0,-999,N/A,16.7,UG/M3,1 Hr,Invalid
Banja Luka,PM2.5 - Principal,2023-09-04 04:00 AM,2023,09,04,04,-999.0,-999,N/A,16.7,UG/M3,1 Hr,Invalid
Banja Luka,PM2.5 - Principal,2023-09-04 05:00 AM,2023,09,04,05,-999.0,-999,N/A,16.7,UG/M3,1 Hr,Invalid
Banja Luka,PM2.5 - Principal,2023-09-04 06:00 AM,2023,09,04,06,-999.0,-999,N/A,16.7,UG/M3,1 Hr,Invalid
Banja Luka,PM2.5 - Principal,2023-09-04 07:00 AM,2023,09,04,07,-999.0,-999,N/A,16.7,UG/M3,1 Hr,Invalid
Banja Luka,PM2.5 - Principal,2023-09-04 08:00 AM,2023,09,04,08,-999.0,-999,N/A,16.7,UG/M3,1 Hr,Invalid
Banja Luka,PM2.5 - Principal,2023-09-04 09:00 AM,2023,09,04,09,-999.0,-999,N/A,16.7,UG/M3,1 Hr,Invalid
Banja Luka,PM2.5 - Principal,2023-09-04 10:00 AM,2023,09,04,10,-999.0,-999,N/A,16.7,UG/M3,1 Hr,Invalid
Banja Luka,PM2.5 - Principal,2023-09-04 11:00 AM,2023,09,04,11,-999.0,-999,N/A,16.7,UG/M3,1 Hr,Invalid
Banja Luka,PM2.5 - Principal,2023-09-04 12:00 PM,2023,09,04,12,-999.0,-999,N/A,16.7,UG/M3,1 Hr,Invalid
Banja Luka,PM2.5 - Principal,2023-09-04 01:00 PM,2023,09,04,13,-999.0,-999,N/A,16.7,UG/M3,1 Hr,Invalid
Banja Luka,PM2.5 - Principal,2023-09-04 02:00 PM,2023,09,04,14,-999.0,-999,N/A,16.7,UG/M3,1 Hr,Invalid
Banja Luka,PM2.5 - Principal,2023-09-04 03:00 PM,2023,09,04,15,-999.0,-999,N/A,16.7,UG/M3,1 Hr,Invalid
Banja Luka,PM2.5 - Principal,2023-09-04 04:00 PM,2023,09,04,16,-999.0,-999,N/A,16.7,UG/M3,1 Hr,Invalid
Banja Luka,PM2.5 - Principal,2023-09-04 05:00 PM,2023,09,04,17,-999.0,-999,N/A,16.7,UG/M3,1 Hr,Invalid
Banja Luka,PM2.5 - Principal,2023-09-04 06:00 PM,2023,09,04,18,-999.0,-999,N/A,16.7,UG/M3,1 Hr,Invalid
Banja Luka,PM2.5 - Principal,2023-09-04 07:00 PM,2023,09,04,19,-999.0,-999,N/A,16.7,UG/M3,1 Hr,Invalid
Banja Luka,PM2.5 - Principal,2023-09-04 08:00 PM,2023,09,04,20,-999.0,-999,N/A,16.7,UG/M3,1 Hr,Invalid
Banja Luka,PM2.5 - Principal,2023-09-04 09:00 PM,2023,09,04,21,-999.0,-999,N/A,16.7,UG/M3,1 Hr,Invalid
Banja Luka,PM2.5 - Principal,2023-09-04 10:00 PM,2023,09,04,22,-999.0,-999,N/A,16.7,UG/M3,1 Hr,Invalid
Banja Luka,PM2.5 - Principal,2023-09-04 11:00 PM,2023,09,04,23,-999.0,-999,N/A,16.7,UG/M3,1 Hr,Invalid
Banja Luka,PM2.5 - Principal,2023-09-05 12:00 AM,2023,09,05,00,-999.0,-999,N/A,16.7,UG/M3,1 Hr,Invalid
Banja Luka,PM2.5 - Principal,2023-09-05 01:00 AM,2023,09,05,01,-999.0,-999,N/A,16.7,UG/M3,1 Hr,Invalid
Banja Luka,PM2.5 - Principal,2023-09-05 02:00 AM,2023,09,05,02,-999.0,-999,N/A,16.7,UG/M3,1 Hr,Invalid
Banja Luka,PM2.5 - Principal,2023-09-05 03:00 AM,2023,09,05,03,-999.0,-999,N/A,16.7,UG/M3,1 Hr,Invalid
Banja Luka,PM2.5 - Principal,2023-09-05 04:00 AM,2023,09,05,04,-999.0,-999,N/A,16.7,UG/M3,1 Hr,Invalid
Banja Luka,PM2.5 - Principal,2023-09-05 05:00 AM,2023,09,05,05,-999.0,-999,N/A,16.7,UG/M3,1 Hr,Invalid
Banja Luka,PM2.5 - Principal,2023-09-05 06:00 AM,2023,09,05,06,-999.0,-999,N/A,16.7,UG/M3,1 Hr,Invalid
Banja Luka,PM2.5 - Principal,2023-09-05 07:00 AM,2023,09,05,07,-999.0,-999,N/A,16.7,UG/M3,1 Hr,Invalid
Banja Luka,PM2.5 - Principal,2023-09-05 08:00 AM,2023,09,05,08,-999.0,-999,N/A,16.7,UG/M3,1 Hr,Invalid
Banja Luka,PM2.5 - Principal,2023-09-05 09:00 AM,2023,09,05,09,-999.0,-999,N/A,16.7,UG/M3,1 Hr,Invalid
Banja Luka,PM2.5 - Principal,2023-09-05 10:00 AM,2023,09,05,10,-999.0,-999,N/A,16.7,UG/M3,1 Hr,Invalid
Banja Luka,PM2.5 - Principal,2023-09-05 11:00 AM,2023,09,05,11,-999.0,-999,N/A,10.5,UG/M3,1 Hr,Valid
Banja Luka,PM2.5 - Principal,2023-09-05 12:00 PM,2023,09,05,12,10.2,43,Good,10.0,UG/M3,1 Hr,Valid
Banja Luka,PM2.5 - Principal,2023-09-05 01:00 PM,2023,09,05,13,10.2,43,Good,10.3,UG/M3,1 Hr,Valid
Banja Luka,PM2.5 - Principal,2023-09-05 02:00 PM,2023,09,05,14,10.0,42,Good,9.5,UG/M3,1 Hr,Valid
Banja Luka,PM2.5 - Principal,2023-09-05 03:00 PM,2023,09,05,15,9.8,41,Good,9.2,UG/M3,1 Hr,Valid
Banja Luka,PM2.5 - Principal,2023-09-05 04:00 PM,2023,09,05,16,9.5,40,Good,8.7,UG/M3,1 Hr,Valid
Banja Luka,PM2.5 - Principal,2023-09-05 05:00 PM,2023,09,05,17,9.1,38,Good,8.1,UG/M3,1 Hr,Valid
Banja Luka,PM2.5 - Principal,2023-09-05 06:00 PM,2023,09,05,18,8.7,36,Good,7.8,UG/M3,1 Hr,Valid
Banja Luka,PM2.5 - Principal,2023-09-05 07:00 PM,2023,09,05,19,8.7,36,Good,8.5,UG/M3,1 Hr,Valid
Banja Luka,PM2.5 - Principal,2023-09-05 08:00 PM,2023,09,05,20,8.6,36,Good,8.4,UG/M3,1 Hr,Valid
Banja Luka,PM2.5 - Principal,2023-09-05 09:00 PM,2023,09,05,21,9.0,38,Good,10.1,UG/M3,1 Hr,Valid
Banja Luka,PM2.5 - Principal,2023-09-05 10:00 PM,2023,09,05,22,11.3,47,Good,14.1,UG/M3,1 Hr,Valid
Banja Luka,PM2.5 - Principal,2023-09-05 11:00 PM,2023,09,05,23,12.5,52,Moderate,13.9,UG/M3,1 Hr,Valid
Banja Luka,PM2.5 - Principal,2023-09-06 12:00 AM,2023,09,06,00,13.3,54,Moderate,14.2,UG/M3,1 Hr,Valid
Banja Luka,PM2.5 - Principal,2023-09-06 01:00 AM,2023,09,06,01,13.3,54,Moderate,13.3,UG/M3,1 Hr,Valid
Banja Luka,PM2.5 - Principal,2023-09-06 02:00 AM,2023,09,06,02,12.6,52,Moderate,11.7,UG/M3,1 Hr,Valid
Banja Luka,PM2.5 - Principal,2023-09-06 03:00 AM,2023,09,06,03,12.2,51,Moderate,11.8,UG/M3,1 Hr,Valid
Banja Luka,PM2.5 - Principal,2023-09-06 04:00 AM,2023,09,06,04,11.3,47,Good,10.2,UG/M3,1 Hr,Valid
Banja Luka,PM2.5 - Principal,2023-09-06 05:00 AM,2023,09,06,05,10.5,44,Good,9.4,UG/M3,1 Hr,Valid
Banja Luka,PM2.5 - Principal,2023-09-06 06:00 AM,2023,09,06,06,10.8,45,Good,11.1,UG/M3,1 Hr,Valid
Banja Luka,PM2.5 - Principal,2023-09-06 07:00 AM,2023,09,06,07,11.1,46,Good,11.6,UG/M3,1 Hr,Valid
Banja Luka,PM2.5 - Principal,2023-09-06 08:00 AM,2023,09,06,08,11.2,47,Good,11.3,UG/M3,1 Hr,Valid
Banja Luka,PM2.5 - Principal,2023-09-06 09:00 AM,2023,09,06,09,11.8,49,Good,13.0,UG/M3,1 Hr,Valid
Banja Luka,PM2.5 - Principal,2023-09-06 10:00 AM,2023,09,06,10,11.6,48,Good,11.1,UG/M3,1 Hr,Valid
Banja Luka,PM2.5 - Principal,2023-09-06 11:00 AM,2023,09,06,11,11.4,48,Good,11.2,UG/M3,1 Hr,Valid
Banja Luka,PM2.5 - Principal,2023-09-06 12:00 PM,2023,09,06,12,11.3,47,Good,11.2,UG/M3,1 Hr,Valid
Banja Luka,PM2.5 - Principal,2023-09-06 01:00 PM,2023,09,06,13,11.3,47,Good,11.4,UG/M3,1 Hr,Valid
Banja Luka,PM2.5 - Principal,2023-09-06 02:00 PM,2023,09,06,14,11.2,47,Good,10.9,UG/M3,1 Hr,Valid
Banja Luka,PM2.5 - Principal,2023-09-06 03:00 PM,2023,09,06,15,11.1,46,Good,10.8,UG/M3,1 Hr,Valid
Banja Luka,PM2.5 - Principal,2023-09-06 04:00 PM,2023,09,06,16,10.8,45,Good,9.9,UG/M3,1 Hr,Valid
Banja Luka,PM2.5 - Principal,2023-09-06 05:00 PM,2023,09,06,17,10.4,43,Good,9.3,UG/M3,1 Hr,Valid
Banja Luka,PM2.5 - Principal,2023-09-06 06:00 PM,2023,09,06,18,10.7,45,Good,11.7,UG/M3,1 Hr,Valid
Banja Luka,PM2.5 - Principal,2023-09-06 07:00 PM,2023,09,06,19,11.1,46,Good,12.2,UG/M3,1 Hr,Valid
Banja Luka,PM2.5 - Principal,2023-09-06 08:00 PM,2023,09,06,20,11.5,48,Good,12.3,UG/M3,1 Hr,Valid
Banja Luka,PM2.5 - Principal,2023-09-06 09:00 PM,2023,09,06,21,11.8,49,Good,12.8,UG/M3,1 Hr,Valid
Banja Luka,PM2.5 - Principal,2023-09-06 10:00 PM,2023,09,06,22,14.0,55,Moderate,16.4,UG/M3,1 Hr,Valid
Banja Luka,PM2.5 - Principal,2023-09-06 11:00 PM,2023,09,06,23,15.4,58,Moderate,17.1,UG/M3,1 Hr,Valid
Banja Luka,PM2.5 - Principal,2023-09-07 12:00 AM,2023,09,07,00,16.0,59,Moderate,16.8,UG/M3,1 Hr,Valid
Banja Luka,PM2.5 - Principal,2023-09-07 01:00 AM,2023,09,07,01,15.9,59,Moderate,15.8,UG/M3,1 Hr,Valid
Banja Luka,PM2.5 - Principal,2023-09-07 02:00 AM,2023,09,07,02,15.6,58,Moderate,15.2,UG/M3,1 Hr,Valid
Banja Luka,PM2.5 - Principal,2023-09-07 03:00 AM,2023,09,07,03,15.2,58,Moderate,14.8,UG/M3,1 Hr,Valid
Banja Luka,PM2.5 - Principal,2023-09-07 04:00 AM,2023,09,07,04,15.0,57,Moderate,14.7,UG/M3,1 Hr,Valid
Banja Luka,PM2.5 - Principal,2023-09-07 05:00 AM,2023,09,07,05,14.7,56,Moderate,13.8,UG/M3,1 Hr,Valid
Banja Luka,PM2.5 - Principal,2023-09-07 06:00 AM,2023,09,07,06,14.8,57,Moderate,14.9,UG/M3,1 Hr,Valid
Banja Luka,PM2.5 - Principal,2023-09-07 07:00 AM,2023,09,07,07,15.4,58,Moderate,16.9,UG/M3,1 Hr,Valid
Banja Luka,PM2.5 - Principal,2023-09-07 08:00 AM,2023,09,07,08,15.0,57,Moderate,13.9,UG/M3,1 Hr,Valid
Banja Luka,PM2.5 - Principal,2023-09-07 09:00 AM,2023,09,07,09,15.7,59,Moderate,17.9,UG/M3,1 Hr,Valid
Banja Luka,PM2.5 - Principal,2023-09-07 10:00 AM,2023,09,07,10,15.6,58,Moderate,15.3,UG/M3,1 Hr,Valid
Banja Luka,PM2.5 - Principal,2023-09-07 11:00 AM,2023,09,07,11,15.6,58,Moderate,15.5,UG/M3,1 Hr,Valid
Banja Luka,PM2.5 - Principal,2023-09-07 12:00 PM,2023,09,07,12,15.8,59,Moderate,16.5,UG/M3,1 Hr,Valid
Banja Luka,PM2.5 - Principal,2023-09-07 01:00 PM,2023,09,07,13,15.8,59,Moderate,15.7,UG/M3,1 Hr,Valid
Banja Luka,PM2.5 - Principal,2023-09-07 02:00 PM,2023,09,07,14,15.5,58,Moderate,14.5,UG/M3,1 Hr,Valid
Banja Luka,PM2.5 - Principal,2023-09-07 03:00 PM,2023,09,07,15,15.0,57,Moderate,13.6,UG/M3,1 Hr,Valid
Banja Luka,PM2.5 - Principal,2023-09-07 04:00 PM,2023,09,07,16,14.7,56,Moderate,13.8,UG/M3,1 Hr,Valid
Banja Luka,PM2.5 - Principal,2023-09-07 05:00 PM,2023,09,07,17,14.5,56,Moderate,13.8,UG/M3,1 Hr,Valid
Banja Luka,PM2.5 - Principal,2023-09-07 06:00 PM,2023,09,07,18,14.1,55,Moderate,13.2,UG/M3,1 Hr,Valid
Banja Luka,PM2.5 - Principal,2023-09-07 07:00 PM,2023,09,07,19,13.1,53,Moderate,11.7,UG/M3,1 Hr,Valid
Banja Luka,PM2.5 - Principal,2023-09-07 08:00 PM,2023,09,07,20,13.1,53,Moderate,13.1,UG/M3,1 Hr,Valid
Banja Luka,PM2.5 - Principal,2023-09-07 09:00 PM,2023,09,07,21,13.7,54,Moderate,14.7,UG/M3,1 Hr,Valid
Banja Luka,PM2.5 - Principal,2023-09-07 10:00 PM,2023,09,07,22,15.5,58,Moderate,18.5,UG/M3,1 Hr,Valid
Banja Luka,PM2.5 - Principal,2023-09-07 11:00 PM,2023,09,07,23,19.0,66,Moderate,22.3,UG/M3,1 Hr,Valid
Banja Luka,PM2.5 - Principal,2023-09-08 12:00 AM,2023,09,08,00,19.6,67,Moderate,20.2,UG/M3,1 Hr,Valid
Banja Luka,PM2.5 - Principal,2023-09-08 01:00 AM,2023,09,08,01,18.6,65,Moderate,17.6,UG/M3,1 Hr,Valid
Banja Luka,PM2.5 - Principal,2023-09-08 02:00 AM,2023,09,08,02,18.3,64,Moderate,18.0,UG/M3,1 Hr,Valid
Banja Luka,PM2.5 - Principal,2023-09-08 03:00 AM,2023,09,08,03,17.9,63,Moderate,17.4,UG/M3,1 Hr,Valid
Banja Luka,PM2.5 - Principal,2023-09-08 04:00 AM,2023,09,08,04,17.5,62,Moderate,17.1,UG/M3,1 Hr,Valid
Banja Luka,PM2.5 - Principal,2023-09-08 05:00 AM,2023,09,08,05,17.0,61,Moderate,16.4,UG/M3,1 Hr,Valid
Banja Luka,PM2.5 - Principal,2023-09-08 06:00 AM,2023,09,08,06,16.4,60,Moderate,15.8,UG/M3,1 Hr,Valid
Banja Luka,PM2.5 - Principal,2023-09-08 07:00 AM,2023,09,08,07,18.7,65,Moderate,21.6,UG/M3,1 Hr,Valid
Banja Luka,PM2.5 - Principal,2023-09-08 08:00 AM,2023,09,08,08,17.9,63,Moderate,16.8,UG/M3,1 Hr,Valid
Banja Luka,PM2.5 - Principal,2023-09-08 09:00 AM,2023,09,08,09,18.3,64,Moderate,19.1,UG/M3,1 Hr,Valid
Banja Luka,PM2.5 - Principal,2023-09-08 10:00 AM,2023,09,08,10,18.9,65,Moderate,20.3,UG/M3,1 Hr,Valid
Banja Luka,PM2.5 - Principal,2023-09-08 11:00 AM,2023,09,08,11,18.2,64,Moderate,16.8,UG/M3,1 Hr,Valid
Banja Luka,PM2.5 - Principal,2023-09-08 12:00 PM,2023,09,08,12,18.8,65,Moderate,20.5,UG/M3,1 Hr,Valid
Banja Luka,PM2.5 - Principal,2023-09-08 01:00 PM,2023,09,08,13,19.4,66,Moderate,21.0,UG/M3,1 Hr,Valid
Banja Luka,PM2.5 - Principal,2023-09-08 02:00 PM,2023,09,08,14,18.4,64,Moderate,15.6,UG/M3,1 Hr,Valid
Banja Luka,PM2.5 - Principal,2023-09-08 03:00 PM,2023,09,08,15,16.4,60,Moderate,13.4,UG/M3,1 Hr,Valid
Banja Luka,PM2.5 - Principal,2023-09-08 04:00 PM,2023,09,08,16,15.0,57,Moderate,13.0,UG/M3,1 Hr,Valid
Banja Luka,PM2.5 - Principal,2023-09-08 05:00 PM,2023,09,08,17,14.3,56,Moderate,13.2,UG/M3,1 Hr,Valid
Banja Luka,PM2.5 - Principal,2023-09-08 06:00 PM,2023,09,08,18,13.9,55,Moderate,13.2,UG/M3,1 Hr,Valid
Banja Luka,PM2.5 - Principal,2023-09-08 07:00 PM,2023,09,08,19,14.0,55,Moderate,14.1,UG/M3,1 Hr,Valid
Banja Luka,PM2.5 - Principal,2023-09-08 08:00 PM,2023,09,08,20,22.6,73,Moderate,31.3,UG/M3,1 Hr,Valid
Banja Luka,PM2.5 - Principal,2023-09-08 09:00 PM,2023,09,08,21,20.6,69,Moderate,18.6,UG/M3,1 Hr,Valid
Banja Luka,PM2.5 - Principal,2023-09-08 10:00 PM,2023,09,08,22,19.3,66,Moderate,17.9,UG/M3,1 Hr,Valid
Banja Luka,PM2.5 - Principal,2023-09-08 11:00 PM,2023,09,08,23,18.1,64,Moderate,17.0,UG/M3,1 Hr,Valid
Banja Luka,PM2.5 - Principal,2023-09-09 12:00 AM,2023,09,09,00,17.4,62,Moderate,16.7,UG/M3,1 Hr,Valid
Banja Luka,PM2.5 - Principal,2023-09-09 01:00 AM,2023,09,09,01,18.2,64,Moderate,19.0,UG/M3,1 Hr,Valid
Banja Luka,PM2.5 - Principal,2023-09-09 02:00 AM,2023,09,09,02,17.6,63,Moderate,17.0,UG/M3,1 Hr,Valid
Banja Luka,PM2.5 - Principal,2023-09-09 03:00 AM,2023,09,09,03,17.2,62,Moderate,16.9,UG/M3,1 Hr,Valid
Banja Luka,PM2.5 - Principal,2023-09-09 04:00 AM,2023,09,09,04,16.3,60,Moderate,15.4,UG/M3,1 Hr,Valid
Banja Luka,PM2.5 - Principal,2023-09-09 05:00 AM,2023,09,09,05,15.7,59,Moderate,15.0,UG/M3,1 Hr,Valid
Banja Luka,PM2.5 - Principal,2023-09-09 06:00 AM,2023,09,09,06,15.4,58,Moderate,15.2,UG/M3,1 Hr,Valid
Banja Luka,PM2.5 - Principal,2023-09-09 07:00 AM,2023,09,09,07,15.5,58,Moderate,15.6,UG/M3,1 Hr,Valid
Banja Luka,PM2.5 - Principal,2023-09-09 08:00 AM,2023,09,09,08,16.2,60,Moderate,16.6,UG/M3,1 Hr,Valid
Banja Luka,PM2.5 - Principal,2023-09-09 09:00 AM,2023,09,09,09,15.9,59,Moderate,15.0,UG/M3,1 Hr,Valid
Banja Luka,PM2.5 - Principal,2023-09-09 10:00 AM,2023,09,09,10,15.2,58,Moderate,13.7,UG/M3,1 Hr,Valid
Banja Luka,PM2.5 - Principal,2023-09-09 11:00 AM,2023,09,09,11,14.6,56,Moderate,13.5,UG/M3,1 Hr,Valid
Banja Luka,PM2.5 - Principal,2023-09-09 12:00 PM,2023,09,09,12,14.9,57,Moderate,15.7,UG/M3,1 Hr,Valid
Banja Luka,PM2.5 - Principal,2023-09-09 01:00 PM,2023,09,09,13,15.9,59,Moderate,18.3,UG/M3,1 Hr,Valid
Banja Luka,PM2.5 - Principal,2023-09-09 02:00 PM,2023,09,09,14,16.1,59,Moderate,16.7,UG/M3,1 Hr,Valid
Banja Luka,PM2.5 - Principal,2023-09-09 03:00 PM,2023,09,09,15,15.9,59,Moderate,15.4,UG/M3,1 Hr,Valid
Banja Luka,PM2.5 - Principal,2023-09-09 04:00 PM,2023,09,09,16,15.5,58,Moderate,14.4,UG/M3,1 Hr,Valid
Banja Luka,PM2.5 - Principal,2023-09-09 05:00 PM,2023,09,09,17,15.1,57,Moderate,14.2,UG/M3,1 Hr,Valid
Banja Luka,PM2.5 - Principal,2023-09-09 06:00 PM,2023,09,09,18,14.8,57,Moderate,13.7,UG/M3,1 Hr,Valid
Banja Luka,PM2.5 - Principal,2023-09-09 07:00 PM,2023,09,09,19,13.9,55,Moderate,12.5,UG/M3,1 Hr,Valid
Banja Luka,PM2.5 - Principal,2023-09-09 08:00 PM,2023,09,09,20,13.1,53,Moderate,11.9,UG/M3,1 Hr,Valid
Banja Luka,PM2.5 - Principal,2023-09-09 09:00 PM,2023,09,09,21,12.3,51,Moderate,11.3,UG/M3,1 Hr,Valid
Banja Luka,PM2.5 - Principal,2023-09-09 10:00 PM,2023,09,09,22,14.1,55,Moderate,16.9,UG/M3,1 Hr,Valid
Banja Luka,PM2.5 - Principal,2023-09-09 11:00 PM,2023,09,09,23,16.2,60,Moderate,19.2,UG/M3,1 Hr,Valid
Banja Luka,PM2.5 - Principal,2023-09-10 12:00 AM,2023,09,10,00,17.8,63,Moderate,19.8,UG/M3,1 Hr,Valid
Banja Luka,PM2.5 - Principal,2023-09-10 01:00 AM,2023,09,10,01,17.7,63,Moderate,17.5,UG/M3,1 Hr,Valid
Banja Luka,PM2.5 - Principal,2023-09-10 02:00 AM,2023,09,10,02,17.8,63,Moderate,17.9,UG/M3,1 Hr,Valid
Banja Luka,PM2.5 - Principal,2023-09-10 03:00 AM,2023,09,10,03,17.9,63,Moderate,18.0,UG/M3,1 Hr,Valid
Banja Luka,PM2.5 - Principal,2023-09-10 04:00 AM,2023,09,10,04,17.0,61,Moderate,16.0,UG/M3,1 Hr,Valid
Banja Luka,PM2.5 - Principal,2023-09-10 05:00 AM,2023,09,10,05,15.9,59,Moderate,14.3,UG/M3,1 Hr,Valid
Banja Luka,PM2.5 - Principal,2023-09-10 06:00 AM,2023,09,10,06,16.7,61,Moderate,17.7,UG/M3,1 Hr,Valid
Banja Luka,PM2.5 - Principal,2023-09-10 07:00 AM,2023,09,10,07,25.5,79,Moderate,34.3,UG/M3,1 Hr,Valid
Banja Luka,PM2.5 - Principal,2023-09-10 08:00 AM,2023,09,10,08,22.8,74,Moderate,20.1,UG/M3,1 Hr,Valid
Banja Luka,PM2.5 - Principal,2023-09-10 09:00 AM,2023,09,10,09,22.6,73,Moderate,22.4,UG/M3,1 Hr,Valid
Banja Luka,PM2.5 - Principal,2023-09-10 10:00 AM,2023,09,10,10,20.1,68,Moderate,17.6,UG/M3,1 Hr,Valid
Banja Luka,PM2.5 - Principal,2023-09-10 11:00 AM,2023,09,10,11,19.5,67,Moderate,18.8,UG/M3,1 Hr,Valid
Banja Luka,PM2.5 - Principal,2023-09-10 12:00 PM,2023,09,10,12,19.3,66,Moderate,19.2,UG/M3,1 Hr,Valid
Banja Luka,PM2.5 - Principal,2023-09-10 01:00 PM,2023,09,10,13,19.9,67,Moderate,20.5,UG/M3,1 Hr,Valid
Banja Luka,PM2.5 - Principal,2023-09-10 02:00 PM,2023,09,10,14,20.0,68,Moderate,20.1,UG/M3,1 Hr,Valid
Banja Luka,PM2.5 - Principal,2023-09-10 03:00 PM,2023,09,10,15,19.8,67,Moderate,19.6,UG/M3,1 Hr,Valid
Banja Luka,PM2.5 - Principal,2023-09-10 04:00 PM,2023,09,10,16,19.1,66,Moderate,18.4,UG/M3,1 Hr,Valid
Banja Luka,PM2.5 - Principal,2023-09-10 05:00 PM,2023,09,10,17,19.8,67,Moderate,20.5,UG/M3,1 Hr,Valid
Banja Luka,PM2.5 - Principal,2023-09-10 06:00 PM,2023,09,10,18,17.4,62,Moderate,14.9,UG/M3,1 Hr,Valid
Banja Luka,PM2.5 - Principal,2023-09-10 07:00 PM,2023,09,10,19,17.3,62,Moderate,15.8,UG/M3,1 Hr,Valid
Banja Luka,PM2.5 - Principal,2023-09-10 08:00 PM,2023,09,10,20,17.5,62,Moderate,18.0,UG/M3,1 Hr,Valid
Banja Luka,PM2.5 - Principal,2023-09-10 09:00 PM,2023,09,10,21,18.3,64,Moderate,19.9,UG/M3,1 Hr,Valid
Banja Luka,PM2.5 - Principal,2023-09-10 10:00 PM,2023,09,10,22,19.8,67,Moderate,22.7,UG/M3,1 Hr,Valid
Banja Luka,PM2.5 - Principal,2023-09-10 11:00 PM,2023,09,10,23,24.8,78,Moderate,29.3,UG/M3,1 Hr,Valid
Banja Luka,PM2.5 - Principal,2023-09-11 12:00 AM,2023,09,11,00,25.8,80,Moderate,26.8,UG/M3,1 Hr,Valid
Banja Luka,PM2.5 - Principal,2023-09-11 01:00 AM,2023,09,11,01,25.2,79,Moderate,24.5,UG/M3,1 Hr,Valid
Banja Luka,PM2.5 - Principal,2023-09-11 02:00 AM,2023,09,11,02,23.8,76,Moderate,22.4,UG/M3,1 Hr,Valid
Banja Luka,PM2.5 - Principal,2023-09-11 03:00 AM,2023,09,11,03,20.5,69,Moderate,17.1,UG/M3,1 Hr,Valid
Banja Luka,PM2.5 - Principal,2023-09-11 04:00 AM,2023,09,11,04,18.8,65,Moderate,17.0,UG/M3,1 Hr,Valid
Banja Luka,PM2.5 - Principal,2023-09-11 05:00 AM,2023,09,11,05,18.0,63,Moderate,17.2,UG/M3,1 Hr,Valid
Banja Luka,PM2.5 - Principal,2023-09-11 06:00 AM,2023,09,11,06,18.3,64,Moderate,18.4,UG/M3,1 Hr,Valid
Banja Luka,PM2.5 - Principal,2023-09-11 07:00 AM,2023,09,11,07,19.0,66,Moderate,19.7,UG/M3,1 Hr,Valid
Banja Luka,PM2.5 - Principal,2023-09-11 08:00 AM,2023,09,11,08,20.2,68,Moderate,21.9,UG/M3,1 Hr,Valid
Banja Luka,PM2.5 - Principal,2023-09-11 09:00 AM,2023,09,11,09,22.0,72,Moderate,24.4,UG/M3,1 Hr,Valid
Banja Luka,PM2.5 - Principal,2023-09-11 10:00 AM,2023,09,11,10,22.2,72,Moderate,22.5,UG/M3,1 Hr,Valid
Banja Luka,PM2.5 - Principal,2023-09-11 11:00 AM,2023,09,11,11,22.8,74,Moderate,24.2,UG/M3,1 Hr,Valid
Banja Luka,PM2.5 - Principal,2023-09-11 12:00 PM,2023,09,11,12,23.1,74,Moderate,24.6,UG/M3,1 Hr,Valid
Banja Luka,PM2.5 - Principal,2023-09-11 01:00 PM,2023,09,11,13,23.4,75,Moderate,24.1,UG/M3,1 Hr,Valid
Banja Luka,PM2.5 - Principal,2023-09-11 02:00 PM,2023,09,11,14,23.3,75,Moderate,23.0,UG/M3,1 Hr,Valid
Banja Luka,PM2.5 - Principal,2023-09-11 03:00 PM,2023,09,11,15,22.7,73,Moderate,21.3,UG/M3,1 Hr,Valid
Banja Luka,PM2.5 - Principal,2023-09-11 04:00 PM,2023,09,11,16,21.9,72,Moderate,19.9,UG/M3,1 Hr,Valid
Banja Luka,PM2.5 - Principal,2023-09-11 05:00 PM,2023,09,11,17,20.4,68,Moderate,17.0,UG/M3,1 Hr,Valid
Banja Luka,PM2.5 - Principal,2023-09-11 06:00 PM,2023,09,11,18,19.3,66,Moderate,16.9,UG/M3,1 Hr,Valid
Banja Luka,PM2.5 - Principal,2023-09-11 07:00 PM,2023,09,11,19,17.5,62,Moderate,15.3,UG/M3,1 Hr,Valid
Banja Luka,PM2.5 - Principal,2023-09-11 08:00 PM,2023,09,11,20,16.4,60,Moderate,14.9,UG/M3,1 Hr,Valid
Banja Luka,PM2.5 - Principal,2023-09-11 09:00 PM,2023,09,11,21,17.1,62,Moderate,18.2,UG/M3,1 Hr,Valid
Banja Luka,PM2.5 - Principal,2023-09-11 10:00 PM,2023,09,11,22,19.7,67,Moderate,23.6,UG/M3,1 Hr,Valid
Banja Luka,PM2.5 - Principal,2023-09-11 11:00 PM,2023,09,11,23,20.1,68,Moderate,20.7,UG/M3,1 Hr,Valid
Banja Luka,PM2.5 - Principal,2023-09-12 12:00 AM,2023,09,12,00,20.1,68,Moderate,20.3,UG/M3,1 Hr,Valid
Banja Luka,PM2.5 - Principal,2023-09-12 01:00 AM,2023,09,12,01,20.0,68,Moderate,19.8,UG/M3,1 Hr,Valid
Banja Luka,PM2.5 - Principal,2023-09-12 02:00 AM,2023,09,12,02,20.3,68,Moderate,20.8,UG/M3,1 Hr,Valid
Banja Luka,PM2.5 - Principal,2023-09-12 03:00 AM,2023,09,12,03,18.8,65,Moderate,16.4,UG/M3,1 Hr,Valid
Banja Luka,PM2.5 - Principal,2023-09-12 04:00 AM,2023,09,12,04,18.0,63,Moderate,16.6,UG/M3,1 Hr,Valid
Banja Luka,PM2.5 - Principal,2023-09-12 05:00 AM,2023,09,12,05,17.3,62,Moderate,16.2,UG/M3,1 Hr,Valid
Banja Luka,PM2.5 - Principal,2023-09-12 06:00 AM,2023,09,12,06,17.0,61,Moderate,16.5,UG/M3,1 Hr,Valid
Banja Luka,PM2.5 - Principal,2023-09-12 07:00 AM,2023,09,12,07,17.1,62,Moderate,17.3,UG/M3,1 Hr,Valid
Banja Luka,PM2.5 - Principal,2023-09-12 08:00 AM,2023,09,12,08,17.8,63,Moderate,18.9,UG/M3,1 Hr,Valid
Banja Luka,PM2.5 - Principal,2023-09-12 09:00 AM,2023,09,12,09,19.1,66,Moderate,21.7,UG/M3,1 Hr,Valid
Banja Luka,PM2.5 - Principal,2023-09-12 10:00 AM,2023,09,12,10,20.6,69,Moderate,23.8,UG/M3,1 Hr,Valid
Banja Luka,PM2.5 - Principal,2023-09-12 11:00 AM,2023,09,12,11,21.0,70,Moderate,21.9,UG/M3,1 Hr,Valid
Banja Luka,PM2.5 - Principal,2023-09-12 12:00 PM,2023,09,12,12,20.9,70,Moderate,20.5,UG/M3,1 Hr,Valid
Banja Luka,PM2.5 - Principal,2023-09-12 01:00 PM,2023,09,12,13,20.7,69,Moderate,20.5,UG/M3,1 Hr,Valid
Banja Luka,PM2.5 - Principal,2023-09-12 02:00 PM,2023,09,12,14,22.0,72,Moderate,24.3,UG/M3,1 Hr,Valid
Banja Luka,PM2.5 - Principal,2023-09-12 03:00 PM,2023,09,12,15,20.7,69,Moderate,18.1,UG/M3,1 Hr,Valid
Banja Luka,PM2.5 - Principal,2023-09-12 04:00 PM,2023,09,12,16,19.5,67,Moderate,17.1,UG/M3,1 Hr,Valid
Banja Luka,PM2.5 - Principal,2023-09-12 05:00 PM,2023,09,12,17,17.0,61,Moderate,14.1,UG/M3,1 Hr,Valid
Banja Luka,PM2.5 - Principal,2023-09-12 06:00 PM,2023,09,12,18,16.5,60,Moderate,15.7,UG/M3,1 Hr,Valid
Banja Luka,PM2.5 - Principal,2023-09-12 07:00 PM,2023,09,12,19,16.1,59,Moderate,15.6,UG/M3,1 Hr,Valid
Banja Luka,PM2.5 - Principal,2023-09-12 08:00 PM,2023,09,12,20,17.4,62,Moderate,19.1,UG/M3,1 Hr,Valid
Banja Luka,PM2.5 - Principal,2023-09-12 09:00 PM,2023,09,12,21,19.7,67,Moderate,22.9,UG/M3,1 Hr,Valid
Banja Luka,PM2.5 - Principal,2023-09-12 10:00 PM,2023,09,12,22,25.6,79,Moderate,30.9,UG/M3,1 Hr,Valid
Banja Luka,PM2.5 - Principal,2023-09-12 11:00 PM,2023,09,12,23,28.2,85,Moderate,30.8,UG/M3,1 Hr,Valid
Banja Luka,PM2.5 - Principal,2023-09-13 12:00 AM,2023,09,13,00,27.0,82,Moderate,25.8,UG/M3,1 Hr,Valid
Banja Luka,PM2.5 - Principal,2023-09-13 01:00 AM,2023,09,13,01,25.9,80,Moderate,24.8,UG/M3,1 Hr,Valid
Banja Luka,PM2.5 - Principal,2023-09-13 02:00 AM,2023,09,13,02,23.6,75,Moderate,21.3,UG/M3,1 Hr,Valid
Banja Luka,PM2.5 - Principal,2023-09-13 03:00 AM,2023,09,13,03,21.1,70,Moderate,18.6,UG/M3,1 Hr,Valid
Banja Luka,PM2.5 - Principal,2023-09-13 04:00 AM,2023,09,13,04,19.4,66,Moderate,17.7,UG/M3,1 Hr,Valid
Banja Luka,PM2.5 - Principal,2023-09-13 05:00 AM,2023,09,13,05,18.5,64,Moderate,17.6,UG/M3,1 Hr,Valid
Banja Luka,PM2.5 - Principal,2023-09-13 06:00 AM,2023,09,13,06,18.2,64,Moderate,17.9,UG/M3,1 Hr,Valid
Banja Luka,PM2.5 - Principal,2023-09-13 07:00 AM,2023,09,13,07,18.5,64,Moderate,18.6,UG/M3,1 Hr,Valid
Banja Luka,PM2.5 - Principal,2023-09-13 08:00 AM,2023,09,13,08,18.8,65,Moderate,19.2,UG/M3,1 Hr,Valid
Banja Luka,PM2.5 - Principal,2023-09-13 09:00 AM,2023,09,13,09,19.9,67,Moderate,21.4,UG/M3,1 Hr,Valid
Banja Luka,PM2.5 - Principal,2023-09-13 10:00 AM,2023,09,13,10,22.5,73,Moderate,26.0,UG/M3,1 Hr,Valid
Banja Luka,PM2.5 - Principal,2023-09-13 11:00 AM,2023,09,13,11,21.0,70,Moderate,19.4,UG/M3,1 Hr,Valid
Banja Luka,PM2.5 - Principal,2023-09-13 12:00 PM,2023,09,13,12,20.7,69,Moderate,20.3,UG/M3,1 Hr,Valid
Banja Luka,PM2.5 - Principal,2023-09-13 01:00 PM,2023,09,13,13,19.2,66,Moderate,16.6,UG/M3,1 Hr,Valid
Banja Luka,PM2.5 - Principal,2023-09-13 02:00 PM,2023,09,13,14,16.6,60,Moderate,14.0,UG/M3,1 Hr,Valid
Banja Luka,PM2.5 - Principal,2023-09-13 03:00 PM,2023,09,13,15,15.5,58,Moderate,14.3,UG/M3,1 Hr,Valid
Banja Luka,PM2.5 - Principal,2023-09-13 04:00 PM,2023,09,13,16,14.2,55,Moderate,13.1,UG/M3,1 Hr,Valid
Banja Luka,PM2.5 - Principal,2023-09-13 05:00 PM,2023,09,13,17,13.8,55,Moderate,13.4,UG/M3,1 Hr,Valid
Banja Luka,PM2.5 - Principal,2023-09-13 06:00 PM,2023,09,13,18,13.6,54,Moderate,13.5,UG/M3,1 Hr,Valid
Banja Luka,PM2.5 - Principal,2023-09-13 07:00 PM,2023,09,13,19,14.2,55,Moderate,14.8,UG/M3,1 Hr,Valid
Banja Luka,PM2.5 - Principal,2023-09-13 08:00 PM,2023,09,13,20,18.2,64,Moderate,22.2,UG/M3,1 Hr,Valid
Banja Luka,PM2.5 - Principal,2023-09-13 09:00 PM,2023,09,13,21,19.9,67,Moderate,21.7,UG/M3,1 Hr,Valid
Banja Luka,PM2.5 - Principal,2023-09-13 10:00 PM,2023,09,13,22,23.7,75,Moderate,27.5,UG/M3,1 Hr,Valid
Banja Luka,PM2.5 - Principal,2023-09-13 11:00 PM,2023,09,13,23,25.2,79,Moderate,26.6,UG/M3,1 Hr,Valid
Banja Luka,PM2.5 - Principal,2023-09-14 12:00 AM,2023,09,14,00,23.8,76,Moderate,22.5,UG/M3,1 Hr,Valid
Banja Luka,PM2.5 - Principal,2023-09-14 01:00 AM,2023,09,14,01,22.2,72,Moderate,20.6,UG/M3,1 Hr,Valid
Banja Luka,PM2.5 - Principal,2023-09-14 02:00 AM,2023,09,14,02,20.3,68,Moderate,18.4,UG/M3,1 Hr,Valid
Banja Luka,PM2.5 - Principal,2023-09-14 03:00 AM,2023,09,14,03,18.5,64,Moderate,16.8,UG/M3,1 Hr,Valid
Banja Luka,PM2.5 - Principal,2023-09-14 04:00 AM,2023,09,14,04,17.2,62,Moderate,15.9,UG/M3,1 Hr,Valid
Banja Luka,PM2.5 - Principal,2023-09-14 05:00 AM,2023,09,14,05,16.2,60,Moderate,15.1,UG/M3,1 Hr,Valid
Banja Luka,PM2.5 - Principal,2023-09-14 06:00 AM,2023,09,14,06,16.5,60,Moderate,16.8,UG/M3,1 Hr,Valid
Banja Luka,PM2.5 - Principal,2023-09-14 07:00 AM,2023,09,14,07,15.3,58,Moderate,14.0,UG/M3,1 Hr,Valid
Banja Luka,PM2.5 - Principal,2023-09-14 08:00 AM,2023,09,14,08,14.2,55,Moderate,13.2,UG/M3,1 Hr,Valid
Banja Luka,PM2.5 - Principal,2023-09-14 09:00 AM,2023,09,14,09,14.3,56,Moderate,14.4,UG/M3,1 Hr,Valid
Banja Luka,PM2.5 - Principal,2023-09-14 10:00 AM,2023,09,14,10,16.7,61,Moderate,19.0,UG/M3,1 Hr,Valid
Banja Luka,PM2.5 - Principal,2023-09-14 11:00 AM,2023,09,14,11,16.8,61,Moderate,17.4,UG/M3,1 Hr,Valid
Banja Luka,PM2.5 - Principal,2023-09-14 12:00 PM,2023,09,14,12,17.5,62,Moderate,19.1,UG/M3,1 Hr,Valid
Banja Luka,PM2.5 - Principal,2023-09-14 01:00 PM,2023,09,14,13,17.7,63,Moderate,18.4,UG/M3,1 Hr,Valid
Banja Luka,PM2.5 - Principal,2023-09-14 02:00 PM,2023,09,14,14,17.2,62,Moderate,16.2,UG/M3,1 Hr,Valid
Banja Luka,PM2.5 - Principal,2023-09-14 03:00 PM,2023,09,14,15,17.4,62,Moderate,17.7,UG/M3,1 Hr,Valid
Banja Luka,PM2.5 - Principal,2023-09-14 04:00 PM,2023,09,14,16,15.3,58,Moderate,11.8,UG/M3,1 Hr,Valid
Banja Luka,PM2.5 - Principal,2023-09-14 05:00 PM,2023,09,14,17,12.0,50,Good,9.4,UG/M3,1 Hr,Valid
Banja Luka,PM2.5 - Principal,2023-09-14 06:00 PM,2023,09,14,18,9.7,40,Good,7.4,UG/M3,1 Hr,Valid
Banja Luka,PM2.5 - Principal,2023-09-14 07:00 PM,2023,09,14,19,9.2,38,Good,8.6,UG/M3,1 Hr,Valid
Banja Luka,PM2.5 - Principal,2023-09-14 08:00 PM,2023,09,14,20,7.6,32,Good,6.1,UG/M3,1 Hr,Valid
Banja Luka,PM2.5 - Principal,2023-09-14 09:00 PM,2023,09,14,21,8.0,33,Good,8.3,UG/M3,1 Hr,Valid
Banja Luka,PM2.5 - Principal,2023-09-14 10:00 PM,2023,09,14,22,7.8,33,Good,7.7,UG/M3,1 Hr,Valid
Banja Luka,PM2.5 - Principal,2023-09-14 11:00 PM,2023,09,14,23,7.6,32,Good,7.3,UG/M3,1 Hr,Valid
Banja Luka,PM2.5 - Principal,2023-09-15 12:00 AM,2023,09,15,00,7.9,33,Good,8.2,UG/M3,1 Hr,Valid
Banja Luka,PM2.5 - Principal,2023-09-15 01:00 AM,2023,09,15,01,7.6,32,Good,7.2,UG/M3,1 Hr,Valid
Banja Luka,PM2.5 - Principal,2023-09-15 02:00 AM,2023,09,15,02,6.7,28,Good,5.9,UG/M3,1 Hr,Valid
Banja Luka,PM2.5 - Principal,2023-09-15 03:00 AM,2023,09,15,03,6.4,27,Good,6.2,UG/M3,1 Hr,Valid
Banja Luka,PM2.5 - Principal,2023-09-15 04:00 AM,2023,09,15,04,6.5,27,Good,6.1,UG/M3,1 Hr,Valid
Banja Luka,PM2.5 - Principal,2023-09-15 05:00 AM,2023,09,15,05,6.6,28,Good,6.8,UG/M3,1 Hr,Valid
Banja Luka,PM2.5 - Principal,2023-09-15 06:00 AM,2023,09,15,06,6.7,28,Good,6.8,UG/M3,1 Hr,Valid
Banja Luka,PM2.5 - Principal,2023-09-15 07:00 AM,2023,09,15,07,7.1,30,Good,8.0,UG/M3,1 Hr,Valid
Banja Luka,PM2.5 - Principal,2023-09-15 08:00 AM,2023,09,15,08,7.2,30,Good,7.6,UG/M3,1 Hr,Valid
Banja Luka,PM2.5 - Principal,2023-09-15 09:00 AM,2023,09,15,09,8.1,34,Good,9.4,UG/M3,1 Hr,Valid
Banja Luka,PM2.5 - Principal,2023-09-15 10:00 AM,2023,09,15,10,10.0,42,Good,11.6,UG/M3,1 Hr,Valid
Banja Luka,PM2.5 - Principal,2023-09-15 11:00 AM,2023,09,15,11,10.7,45,Good,11.5,UG/M3,1 Hr,Valid
Banja Luka,PM2.5 - Principal,2023-09-15 12:00 PM,2023,09,15,12,9.9,41,Good,9.1,UG/M3,1 Hr,Valid
Banja Luka,PM2.5 - Principal,2023-09-15 01:00 PM,2023,09,15,13,9.7,40,Good,9.5,UG/M3,1 Hr,Valid
Banja Luka,PM2.5 - Principal,2023-09-15 02:00 PM,2023,09,15,14,10.0,42,Good,10.2,UG/M3,1 Hr,Valid
Banja Luka,PM2.5 - Principal,2023-09-15 03:00 PM,2023,09,15,15,9.6,40,Good,9.2,UG/M3,1 Hr,Valid
Banja Luka,PM2.5 - Principal,2023-09-15 04:00 PM,2023,09,15,16,9.9,41,Good,10.4,UG/M3,1 Hr,Valid
Banja Luka,PM2.5 - Principal,2023-09-15 05:00 PM,2023,09,15,17,9.5,40,Good,8.8,UG/M3,1 Hr,Valid
Banja Luka,PM2.5 - Principal,2023-09-15 06:00 PM,2023,09,15,18,9.2,38,Good,8.6,UG/M3,1 Hr,Valid
Banja Luka,PM2.5 - Principal,2023-09-15 07:00 PM,2023,09,15,19,8.6,36,Good,7.6,UG/M3,1 Hr,Valid
Banja Luka,PM2.5 - Principal,2023-09-15 08:00 PM,2023,09,15,20,8.4,35,Good,8.0,UG/M3,1 Hr,Valid
Banja Luka,PM2.5 - Principal,2023-09-15 09:00 PM,2023,09,15,21,8.7,36,Good,9.2,UG/M3,1 Hr,Valid
Banja Luka,PM2.5 - Principal,2023-09-15 10:00 PM,2023,09,15,22,9.6,40,Good,11.3,UG/M3,1 Hr,Valid
Banja Luka,PM2.5 - Principal,2023-09-15 11:00 PM,2023,09,15,23,9.0,38,Good,8.0,UG/M3,1 Hr,Valid
Banja Luka,PM2.5 - Principal,2023-09-16 12:00 AM,2023,09,16,00,8.9,37,Good,8.6,UG/M3,1 Hr,Valid
Banja Luka,PM2.5 - Principal,2023-09-16 01:00 AM,2023,09,16,01,8.7,36,Good,8.3,UG/M3,1 Hr,Valid
Banja Luka,PM2.5 - Principal,2023-09-16 02:00 AM,2023,09,16,02,8.4,35,Good,7.7,UG/M3,1 Hr,Valid
Banja Luka,PM2.5 - Principal,2023-09-16 03:00 AM,2023,09,16,03,8.2,34,Good,7.8,UG/M3,1 Hr,Valid
Banja Luka,PM2.5 - Principal,2023-09-16 04:00 AM,2023,09,16,04,8.3,35,Good,8.6,UG/M3,1 Hr,Valid
Banja Luka,PM2.5 - Principal,2023-09-16 05:00 AM,2023,09,16,05,8.2,34,Good,8.1,UG/M3,1 Hr,Valid
Banja Luka,PM2.5 - Principal,2023-09-16 06:00 AM,2023,09,16,06,8.5,35,Good,8.9,UG/M3,1 Hr,Valid
Banja Luka,PM2.5 - Principal,2023-09-16 07:00 AM,2023,09,16,07,8.4,35,Good,8.2,UG/M3,1 Hr,Valid
Banja Luka,PM2.5 - Principal,2023-09-16 08:00 AM,2023,09,16,08,8.7,36,Good,9.5,UG/M3,1 Hr,Valid
Banja Luka,PM2.5 - Principal,2023-09-16 09:00 AM,2023,09,16,09,10.0,42,Good,12.2,UG/M3,1 Hr,Valid
Banja Luka,PM2.5 - Principal,2023-09-16 10:00 AM,2023,09,16,10,10.1,42,Good,10.2,UG/M3,1 Hr,Valid
Banja Luka,PM2.5 - Principal,2023-09-16 11:00 AM,2023,09,16,11,10.6,44,Good,11.6,UG/M3,1 Hr,Valid
Banja Luka,PM2.5 - Principal,2023-09-16 12:00 PM,2023,09,16,12,12.0,50,Good,13.5,UG/M3,1 Hr,Valid
Banja Luka,PM2.5 - Principal,2023-09-16 01:00 PM,2023,09,16,13,12.3,51,Moderate,12.7,UG/M3,1 Hr,Valid
Banja Luka,PM2.5 - Principal,2023-09-16 02:00 PM,2023,09,16,14,12.3,51,Moderate,12.4,UG/M3,1 Hr,Valid
Banja Luka,PM2.5 - Principal,2023-09-16 03:00 PM,2023,09,16,15,13.0,53,Moderate,14.0,UG/M3,1 Hr,Valid
Banja Luka,PM2.5 - Principal,2023-09-16 04:00 PM,2023,09,16,16,13.8,55,Moderate,14.7,UG/M3,1 Hr,Valid
Banja Luka,PM2.5 - Principal,2023-09-16 05:00 PM,2023,09,16,17,14.9,57,Moderate,16.0,UG/M3,1 Hr,Valid
Banja Luka,PM2.5 - Principal,2023-09-16 06:00 PM,2023,09,16,18,17.5,62,Moderate,20.0,UG/M3,1 Hr,Valid
Banja Luka,PM2.5 - Principal,2023-09-16 07:00 PM,2023,09,16,19,20.6,69,Moderate,23.8,UG/M3,1 Hr,Valid
Banja Luka,PM2.5 - Principal,2023-09-16 08:00 PM,2023,09,16,20,23.8,76,Moderate,26.9,UG/M3,1 Hr,Valid
Banja Luka,PM2.5 - Principal,2023-09-16 09:00 PM,2023,09,16,21,25.2,79,Moderate,26.6,UG/M3,1 Hr,Valid
Banja Luka,PM2.5 - Principal,2023-09-16 10:00 PM,2023,09,16,22,25.6,79,Moderate,26.0,UG/M3,1 Hr,Valid
Banja Luka,PM2.5 - Principal,2023-09-16 11:00 PM,2023,09,16,23,26.4,81,Moderate,27.1,UG/M3,1 Hr,Valid
Banja Luka,PM2.5 - Principal,2023-09-17 12:00 AM,2023,09,17,00,26.7,82,Moderate,27.0,UG/M3,1 Hr,Valid
Banja Luka,PM2.5 - Principal,2023-09-17 01:00 AM,2023,09,17,01,27.3,83,Moderate,28.0,UG/M3,1 Hr,Valid
Banja Luka,PM2.5 - Principal,2023-09-17 02:00 AM,2023,09,17,02,25.9,80,Moderate,24.4,UG/M3,1 Hr,Valid
Banja Luka,PM2.5 - Principal,2023-09-17 03:00 AM,2023,09,17,03,24.1,76,Moderate,22.0,UG/M3,1 Hr,Valid
Banja Luka,PM2.5 - Principal,2023-09-17 04:00 AM,2023,09,17,04,23.8,76,Moderate,23.1,UG/M3,1 Hr,Valid
Banja Luka,PM2.5 - Principal,2023-09-17 05:00 AM,2023,09,17,05,23.6,75,Moderate,21.6,UG/M3,1 Hr,Valid
Banja Luka,PM2.5 - Principal,2023-09-17 06:00 AM,2023,09,17,06,21.7,71,Moderate,18.6,UG/M3,1 Hr,Valid
Banja Luka,PM2.5 - Principal,2023-09-17 07:00 AM,2023,09,17,07,20.7,69,Moderate,18.7,UG/M3,1 Hr,Valid
Banja Luka,PM2.5 - Principal,2023-09-17 08:00 AM,2023,09,17,08,20.7,69,Moderate,20.7,UG/M3,1 Hr,Valid
Banja Luka,PM2.5 - Principal,2023-09-17 09:00 AM,2023,09,17,09,21.4,71,Moderate,23.0,UG/M3,1 Hr,Valid
Banja Luka,PM2.5 - Principal,2023-09-17 10:00 AM,2023,09,17,10,20.5,69,Moderate,18.6,UG/M3,1 Hr,Valid
Banja Luka,PM2.5 - Principal,2023-09-17 11:00 AM,2023,09,17,11,18.3,64,Moderate,15.8,UG/M3,1 Hr,Valid
Banja Luka,PM2.5 - Principal,2023-09-17 12:00 PM,2023,09,17,12,15.5,58,Moderate,13.1,UG/M3,1 Hr,Valid
Banja Luka,PM2.5 - Principal,2023-09-17 01:00 PM,2023,09,17,13,14.1,55,Moderate,12.5,UG/M3,1 Hr,Valid
Banja Luka,PM2.5 - Principal,2023-09-17 02:00 PM,2023,09,17,14,11.7,49,Good,9.4,UG/M3,1 Hr,Valid
Banja Luka,PM2.5 - Principal,2023-09-17 03:00 PM,2023,09,17,15,9.7,40,Good,7.8,UG/M3,1 Hr,Valid
Banja Luka,PM2.5 - Principal,2023-09-17 04:00 PM,2023,09,17,16,8.7,36,Good,7.6,UG/M3,1 Hr,Valid
Banja Luka,PM2.5 - Principal,2023-09-17 05:00 PM,2023,09,17,17,8.7,36,Good,8.8,UG/M3,1 Hr,Valid
Banja Luka,PM2.5 - Principal,2023-09-17 06:00 PM,2023,09,17,18,8.9,37,Good,9.1,UG/M3,1 Hr,Valid
Banja Luka,PM2.5 - Principal,2023-09-17 07:00 PM,2023,09,17,19,8.9,37,Good,9.0,UG/M3,1 Hr,Valid
Banja Luka,PM2.5 - Principal,2023-09-17 08:00 PM,2023,09,17,20,9.0,38,Good,9.1,UG/M3,1 Hr,Valid
Banja Luka,PM2.5 - Principal,2023-09-17 09:00 PM,2023,09,17,21,10.7,45,Good,12.4,UG/M3,1 Hr,Valid
Banja Luka,PM2.5 - Principal,2023-09-17 10:00 PM,2023,09,17,22,11.3,47,Good,11.9,UG/M3,1 Hr,Valid
Banja Luka,PM2.5 - Principal,2023-09-17 11:00 PM,2023,09,17,23,11.5,48,Good,12.1,UG/M3,1 Hr,Valid
Banja Luka,PM2.5 - Principal,2023-09-18 12:00 AM,2023,09,18,00,11.3,47,Good,11.0,UG/M3,1 Hr,Valid
Banja Luka,PM2.5 - Principal,2023-09-18 01:00 AM,2023,09,18,01,11.6,48,Good,12.3,UG/M3,1 Hr,Valid
Banja Luka,PM2.5 - Principal,2023-09-18 02:00 AM,2023,09,18,02,11.2,47,Good,10.4,UG/M3,1 Hr,Valid
Banja Luka,PM2.5 - Principal,2023-09-18 03:00 AM,2023,09,18,03,10.5,44,Good,9.5,UG/M3,1 Hr,Valid
Banja Luka,PM2.5 - Principal,2023-09-18 04:00 AM,2023,09,18,04,10.2,43,Good,9.2,UG/M3,1 Hr,Valid
Banja Luka,PM2.5 - Principal,2023-09-18 05:00 AM,2023,09,18,05,9.9,41,Good,8.9,UG/M3,1 Hr,Valid
Banja Luka,PM2.5 - Principal,2023-09-18 06:00 AM,2023,09,18,06,9.6,40,Good,8.9,UG/M3,1 Hr,Valid
Banja Luka,PM2.5 - Principal,2023-09-18 07:00 AM,2023,09,18,07,9.4,39,Good,8.8,UG/M3,1 Hr,Valid
Banja Luka,PM2.5 - Principal,2023-09-18 08:00 AM,2023,09,18,08,9.9,41,Good,11.3,UG/M3,1 Hr,Valid
Banja Luka,PM2.5 - Principal,2023-09-18 09:00 AM,2023,09,18,09,10.2,43,Good,10.8,UG/M3,1 Hr,Valid
Banja Luka,PM2.5 - Principal,2023-09-18 10:00 AM,2023,09,18,10,10.4,43,Good,11.0,UG/M3,1 Hr,Valid
Banja Luka,PM2.5 - Principal,2023-09-18 11:00 AM,2023,09,18,11,10.2,43,Good,9.8,UG/M3,1 Hr,Valid
Banja Luka,PM2.5 - Principal,2023-09-18 12:00 PM,2023,09,18,12,10.4,43,Good,10.8,UG/M3,1 Hr,Valid
Banja Luka,PM2.5 - Principal,2023-09-18 01:00 PM,2023,09,18,13,10.5,44,Good,11.1,UG/M3,1 Hr,Valid
Banja Luka,PM2.5 - Principal,2023-09-18 02:00 PM,2023,09,18,14,11.1,46,Good,12.5,UG/M3,1 Hr,Valid
Banja Luka,PM2.5 - Principal,2023-09-18 03:00 PM,2023,09,18,15,11.8,49,Good,13.0,UG/M3,1 Hr,Valid
Banja Luka,PM2.5 - Principal,2023-09-18 04:00 PM,2023,09,18,16,11.9,50,Good,12.2,UG/M3,1 Hr,Valid
Banja Luka,PM2.5 - Principal,2023-09-18 05:00 PM,2023,09,18,17,12.1,51,Moderate,12.5,UG/M3,1 Hr,Valid
Banja Luka,PM2.5 - Principal,2023-09-18 06:00 PM,2023,09,18,18,12.7,52,Moderate,13.6,UG/M3,1 Hr,Valid
Banja Luka,PM2.5 - Principal,2023-09-18 07:00 PM,2023,09,18,19,13.4,54,Moderate,14.7,UG/M3,1 Hr,Valid
Banja Luka,PM2.5 - Principal,2023-09-18 08:00 PM,2023,09,18,20,14.1,55,Moderate,15.2,UG/M3,1 Hr,Valid
Banja Luka,PM2.5 - Principal,2023-09-18 09:00 PM,2023,09,18,21,17.0,61,Moderate,19.5,UG/M3,1 Hr,Valid
Banja Luka,PM2.5 - Principal,2023-09-18 10:00 PM,2023,09,18,22,18.4,64,Moderate,19.8,UG/M3,1 Hr,Valid
Banja Luka,PM2.5 - Principal,2023-09-18 11:00 PM,2023,09,18,23,16.8,61,Moderate,15.2,UG/M3,1 Hr,Valid
Banja Luka,PM2.5 - Principal,2023-09-19 12:00 AM,2023,09,19,00,15.9,59,Moderate,14.8,UG/M3,1 Hr,Valid
Banja Luka,PM2.5 - Principal,2023-09-19 01:00 AM,2023,09,19,01,15.4,58,Moderate,14.5,UG/M3,1 Hr,Valid
Banja Luka,PM2.5 - Principal,2023-09-19 02:00 AM,2023,09,19,02,16.8,61,Moderate,19.0,UG/M3,1 Hr,Valid
Banja Luka,PM2.5 - Principal,2023-09-19 03:00 AM,2023,09,19,03,17.2,62,Moderate,18.0,UG/M3,1 Hr,Valid
Banja Luka,PM2.5 - Principal,2023-09-19 04:00 AM,2023,09,19,04,17.5,62,Moderate,17.9,UG/M3,1 Hr,Valid
Banja Luka,PM2.5 - Principal,2023-09-19 05:00 AM,2023,09,19,05,17.6,63,Moderate,18.2,UG/M3,1 Hr,Valid
Banja Luka,PM2.5 - Principal,2023-09-19 06:00 AM,2023,09,19,06,17.8,63,Moderate,18.4,UG/M3,1 Hr,Valid
Banja Luka,PM2.5 - Principal,2023-09-19 07:00 AM,2023,09,19,07,18.1,64,Moderate,18.7,UG/M3,1 Hr,Valid
Banja Luka,PM2.5 - Principal,2023-09-19 08:00 AM,2023,09,19,08,18.4,64,Moderate,19.2,UG/M3,1 Hr,Valid
Banja Luka,PM2.5 - Principal,2023-09-19 09:00 AM,2023,09,19,09,19.1,66,Moderate,20.7,UG/M3,1 Hr,Valid
Banja Luka,PM2.5 - Principal,2023-09-19 10:00 AM,2023,09,19,10,22.3,72,Moderate,25.7,UG/M3,1 Hr,Valid
Banja Luka,PM2.5 - Principal,2023-09-19 11:00 AM,2023,09,19,11,22.6,73,Moderate,22.9,UG/M3,1 Hr,Valid
Banja Luka,PM2.5 - Principal,2023-09-19 12:00 PM,2023,09,19,12,22.3,72,Moderate,22.0,UG/M3,1 Hr,Valid
Banja Luka,PM2.5 - Principal,2023-09-19 01:00 PM,2023,09,19,13,21.2,70,Moderate,19.6,UG/M3,1 Hr,Valid
Banja Luka,PM2.5 - Principal,2023-09-19 02:00 PM,2023,09,19,14,20.3,68,Moderate,18.4,UG/M3,1 Hr,Valid
Banja Luka,PM2.5 - Principal,2023-09-19 03:00 PM,2023,09,19,15,20.3,68,Moderate,20.1,UG/M3,1 Hr,Valid
Banja Luka,PM2.5 - Principal,2023-09-19 04:00 PM,2023,09,19,16,19.5,67,Moderate,17.9,UG/M3,1 Hr,Valid
Banja Luka,PM2.5 - Principal,2023-09-19 05:00 PM,2023,09,19,17,17.0,61,Moderate,14.4,UG/M3,1 Hr,Valid
Banja Luka,PM2.5 - Principal,2023-09-19 06:00 PM,2023,09,19,18,13.9,55,Moderate,11.2,UG/M3,1 Hr,Valid
Banja Luka,PM2.5 - Principal,2023-09-19 07:00 PM,2023,09,19,19,12.1,51,Moderate,10.3,UG/M3,1 Hr,Valid
Banja Luka,PM2.5 - Principal,2023-09-19 08:00 PM,2023,09,19,20,10.8,45,Good,9.4,UG/M3,1 Hr,Valid
Banja Luka,PM2.5 - Principal,2023-09-19 09:00 PM,2023,09,19,21,10.8,45,Good,10.8,UG/M3,1 Hr,Valid
Banja Luka,PM2.5 - Principal,2023-09-19 10:00 PM,2023,09,19,22,10.7,45,Good,10.6,UG/M3,1 Hr,Valid
Banja Luka,PM2.5 - Principal,2023-09-19 11:00 PM,2023,09,19,23,11.6,48,Good,12.6,UG/M3,1 Hr,Valid
Banja Luka,PM2.5 - Principal,2023-09-20 12:00 AM,2023,09,20,00,11.6,48,Good,11.5,UG/M3,1 Hr,Valid
Banja Luka,PM2.5 - Principal,2023-09-20 01:00 AM,2023,09,20,01,11.6,48,Good,11.7,UG/M3,1 Hr,Valid
Banja Luka,PM2.5 - Principal,2023-09-20 02:00 AM,2023,09,20,02,10.4,43,Good,9.1,UG/M3,1 Hr,Valid
Banja Luka,PM2.5 - Principal,2023-09-20 03:00 AM,2023,09,20,03,10.5,44,Good,10.5,UG/M3,1 Hr,Valid
Banja Luka,PM2.5 - Principal,2023-09-20 04:00 AM,2023,09,20,04,9.9,41,Good,8.8,UG/M3,1 Hr,Valid
Banja Luka,PM2.5 - Principal,2023-09-20 05:00 AM,2023,09,20,05,9.8,41,Good,9.0,UG/M3,1 Hr,Valid
Banja Luka,PM2.5 - Principal,2023-09-20 06:00 AM,2023,09,20,06,9.7,40,Good,9.6,UG/M3,1 Hr,Valid
Banja Luka,PM2.5 - Principal,2023-09-20 07:00 AM,2023,09,20,07,9.5,40,Good,8.9,UG/M3,1 Hr,Valid
Banja Luka,PM2.5 - Principal,2023-09-20 08:00 AM,2023,09,20,08,9.0,38,Good,8.3,UG/M3,1 Hr,Valid
Banja Luka,PM2.5 - Principal,2023-09-20 09:00 AM,2023,09,20,09,9.0,38,Good,9.0,UG/M3,1 Hr,Valid
Banja Luka,PM2.5 - Principal,2023-09-20 10:00 AM,2023,09,20,10,9.0,38,Good,8.9,UG/M3,1 Hr,Valid
Banja Luka,PM2.5 - Principal,2023-09-20 11:00 AM,2023,09,20,11,10.2,43,Good,12.6,UG/M3,1 Hr,Valid
Banja Luka,PM2.5 - Principal,2023-09-20 12:00 PM,2023,09,20,12,11.9,50,Good,14.1,UG/M3,1 Hr,Valid
Banja Luka,PM2.5 - Principal,2023-09-20 01:00 PM,2023,09,20,13,12.8,52,Moderate,14.1,UG/M3,1 Hr,Valid
Banja Luka,PM2.5 - Principal,2023-09-20 02:00 PM,2023,09,20,14,14.4,56,Moderate,15.8,UG/M3,1 Hr,Valid
Banja Luka,PM2.5 - Principal,2023-09-20 03:00 PM,2023,09,20,15,15.3,58,Moderate,16.2,UG/M3,1 Hr,Valid
Banja Luka,PM2.5 - Principal,2023-09-20 04:00 PM,2023,09,20,16,15.0,57,Moderate,14.7,UG/M3,1 Hr,Valid
Banja Luka,PM2.5 - Principal,2023-09-20 05:00 PM,2023,09,20,17,15.6,58,Moderate,16.2,UG/M3,1 Hr,Valid
Banja Luka,PM2.5 - Principal,2023-09-20 06:00 PM,2023,09,20,18,17.4,62,Moderate,19.2,UG/M3,1 Hr,Valid
Banja Luka,PM2.5 - Principal,2023-09-20 07:00 PM,2023,09,20,19,18.6,65,Moderate,19.9,UG/M3,1 Hr,Valid
Banja Luka,PM2.5 - Principal,2023-09-20 08:00 PM,2023,09,20,20,19.6,67,Moderate,20.5,UG/M3,1 Hr,Valid
Banja Luka,PM2.5 - Principal,2023-09-20 09:00 PM,2023,09,20,21,20.9,70,Moderate,22.3,UG/M3,1 Hr,Valid
Banja Luka,PM2.5 - Principal,2023-09-20 10:00 PM,2023,09,20,22,21.8,71,Moderate,23.1,UG/M3,1 Hr,Valid
Banja Luka,PM2.5 - Principal,2023-09-20 11:00 PM,2023,09,20,23,22.4,73,Moderate,23.7,UG/M3,1 Hr,Valid
Banja Luka,PM2.5 - Principal,2023-09-21 12:00 AM,2023,09,21,00,21.3,70,Moderate,19.6,UG/M3,1 Hr,Valid
Banja Luka,PM2.5 - Principal,2023-09-21 01:00 AM,2023,09,21,01,19.9,67,Moderate,17.7,UG/M3,1 Hr,Valid
Banja Luka,PM2.5 - Principal,2023-09-21 02:00 AM,2023,09,21,02,17.7,63,Moderate,14.4,UG/M3,1 Hr,Valid
Banja Luka,PM2.5 - Principal,2023-09-21 03:00 AM,2023,09,21,03,13.6,54,Moderate,10.3,UG/M3,1 Hr,Valid
Banja Luka,PM2.5 - Principal,2023-09-21 04:00 AM,2023,09,21,04,11.9,50,Good,10.1,UG/M3,1 Hr,Valid
Banja Luka,PM2.5 - Principal,2023-09-21 05:00 AM,2023,09,21,05,11.0,46,Good,10.2,UG/M3,1 Hr,Valid
Banja Luka,PM2.5 - Principal,2023-09-21 06:00 AM,2023,09,21,06,10.6,44,Good,10.3,UG/M3,1 Hr,Valid
Banja Luka,PM2.5 - Principal,2023-09-21 07:00 AM,2023,09,21,07,10.4,43,Good,10.1,UG/M3,1 Hr,Valid
Banja Luka,PM2.5 - Principal,2023-09-21 08:00 AM,2023,09,21,08,11.8,49,Good,13.3,UG/M3,1 Hr,Valid
Banja Luka,PM2.5 - Principal,2023-09-21 09:00 AM,2023,09,21,09,12.5,52,Moderate,13.3,UG/M3,1 Hr,Valid
Banja Luka,PM2.5 - Principal,2023-09-21 10:00 AM,2023,09,21,10,12.0,50,Good,11.4,UG/M3,1 Hr,Valid
Banja Luka,PM2.5 - Principal,2023-09-21 11:00 AM,2023,09,21,11,12.8,52,Moderate,13.8,UG/M3,1 Hr,Valid
Banja Luka,PM2.5 - Principal,2023-09-21 12:00 PM,2023,09,21,12,12.7,52,Moderate,12.6,UG/M3,1 Hr,Valid
Banja Luka,PM2.5 - Principal,2023-09-21 01:00 PM,2023,09,21,13,12.2,51,Moderate,11.7,UG/M3,1 Hr,Valid
Banja Luka,PM2.5 - Principal,2023-09-21 02:00 PM,2023,09,21,14,12.8,52,Moderate,14.2,UG/M3,1 Hr,Valid
Banja Luka,PM2.5 - Principal,2023-09-21 03:00 PM,2023,09,21,15,12.3,51,Moderate,11.0,UG/M3,1 Hr,Valid
Banja Luka,PM2.5 - Principal,2023-09-21 04:00 PM,2023,09,21,16,11.9,50,Good,11.0,UG/M3,1 Hr,Valid
Banja Luka,PM2.5 - Principal,2023-09-21 05:00 PM,2023,09,21,17,12.1,51,Moderate,12.4,UG/M3,1 Hr,Valid
Banja Luka,PM2.5 - Principal,2023-09-21 06:00 PM,2023,09,21,18,8.4,35,Good,4.8,UG/M3,1 Hr,Valid
Banja Luka,PM2.5 - Principal,2023-09-21 07:00 PM,2023,09,21,19,6.7,28,Good,5.0,UG/M3,1 Hr,Valid
Banja Luka,PM2.5 - Principal,2023-09-21 08:00 PM,2023,09,21,20,6.2,26,Good,5.8,UG/M3,1 Hr,Valid
Banja Luka,PM2.5 - Principal,2023-09-21 09:00 PM,2023,09,21,21,6.7,28,Good,7.2,UG/M3,1 Hr,Valid
Banja Luka,PM2.5 - Principal,2023-09-21 10:00 PM,2023,09,21,22,6.6,28,Good,6.4,UG/M3,1 Hr,Valid
Banja Luka,PM2.5 - Principal,2023-09-21 11:00 PM,2023,09,21,23,6.3,26,Good,6.1,UG/M3,1 Hr,Valid
Banja Luka,PM2.5 - Principal,2023-09-22 12:00 AM,2023,09,22,00,6.6,28,Good,6.8,UG/M3,1 Hr,Valid
Banja Luka,PM2.5 - Principal,2023-09-22 01:00 AM,2023,09,22,01,8.5,35,Good,10.4,UG/M3,1 Hr,Valid
Banja Luka,PM2.5 - Principal,2023-09-22 02:00 AM,2023,09,22,02,8.7,36,Good,9.0,UG/M3,1 Hr,Valid
Banja Luka,PM2.5 - Principal,2023-09-22 03:00 AM,2023,09,22,03,8.6,36,Good,8.5,UG/M3,1 Hr,Valid
Banja Luka,PM2.5 - Principal,2023-09-22 04:00 AM,2023,09,22,04,8.5,35,Good,8.5,UG/M3,1 Hr,Valid
Banja Luka,PM2.5 - Principal,2023-09-22 05:00 AM,2023,09,22,05,8.7,36,Good,8.9,UG/M3,1 Hr,Valid
Banja Luka,PM2.5 - Principal,2023-09-22 06:00 AM,2023,09,22,06,8.8,37,Good,8.9,UG/M3,1 Hr,Valid
Banja Luka,PM2.5 - Principal,2023-09-22 07:00 AM,2023,09,22,07,9.0,38,Good,9.1,UG/M3,1 Hr,Valid
Banja Luka,PM2.5 - Principal,2023-09-22 08:00 AM,2023,09,22,08,9.8,41,Good,10.9,UG/M3,1 Hr,Valid
Banja Luka,PM2.5 - Principal,2023-09-22 09:00 AM,2023,09,22,09,11.2,47,Good,12.5,UG/M3,1 Hr,Valid
Banja Luka,PM2.5 - Principal,2023-09-22 10:00 AM,2023,09,22,10,13.3,54,Moderate,15.3,UG/M3,1 Hr,Valid
Banja Luka,PM2.5 - Principal,2023-09-22 11:00 AM,2023,09,22,11,14.5,56,Moderate,15.7,UG/M3,1 Hr,Valid
Banja Luka,PM2.5 - Principal,2023-09-22 12:00 PM,2023,09,22,12,16.2,60,Moderate,17.8,UG/M3,1 Hr,Valid
Banja Luka,PM2.5 - Principal,2023-09-22 01:00 PM,2023,09,22,13,16.4,60,Moderate,16.7,UG/M3,1 Hr,Valid
Banja Luka,PM2.5 - Principal,2023-09-22 02:00 PM,2023,09,22,14,15.3,58,Moderate,14.2,UG/M3,1 Hr,Valid
Banja Luka,PM2.5 - Principal,2023-09-22 03:00 PM,2023,09,22,15,15.5,58,Moderate,15.7,UG/M3,1 Hr,Valid
Banja Luka,PM2.5 - Principal,2023-09-22 04:00 PM,2023,09,22,16,16.8,61,Moderate,18.1,UG/M3,1 Hr,Valid
Banja Luka,PM2.5 - Principal,2023-09-22 05:00 PM,2023,09,22,17,17.4,62,Moderate,18.0,UG/M3,1 Hr,Valid
Banja Luka,PM2.5 - Principal,2023-09-22 06:00 PM,2023,09,22,18,18.4,64,Moderate,19.4,UG/M3,1 Hr,Valid
Banja Luka,PM2.5 - Principal,2023-09-22 07:00 PM,2023,09,22,19,19.0,66,Moderate,19.9,UG/M3,1 Hr,Valid
Banja Luka,PM2.5 - Principal,2023-09-22 08:00 PM,2023,09,22,20,21.1,70,Moderate,23.4,UG/M3,1 Hr,Valid
Banja Luka,PM2.5 - Principal,2023-09-22 09:00 PM,2023,09,22,21,22.3,72,Moderate,24.5,UG/M3,1 Hr,Valid
Banja Luka,PM2.5 - Principal,2023-09-22 10:00 PM,2023,09,22,22,22.7,73,Moderate,23.3,UG/M3,1 Hr,Valid
Banja Luka,PM2.5 - Principal,2023-09-22 11:00 PM,2023,09,22,23,21.1,70,Moderate,18.8,UG/M3,1 Hr,Valid
Banja Luka,PM2.5 - Principal,2023-09-23 12:00 AM,2023,09,23,00,15.8,59,Moderate,10.7,UG/M3,1 Hr,Valid
Banja Luka,PM2.5 - Principal,2023-09-23 01:00 AM,2023,09,23,01,15.2,58,Moderate,14.5,UG/M3,1 Hr,Valid
Banja Luka,PM2.5 - Principal,2023-09-23 02:00 AM,2023,09,23,02,17.4,62,Moderate,19.7,UG/M3,1 Hr,Valid
Banja Luka,PM2.5 - Principal,2023-09-23 03:00 AM,2023,09,23,03,17.9,63,Moderate,18.4,UG/M3,1 Hr,Valid
Banja Luka,PM2.5 - Principal,2023-09-23 04:00 AM,2023,09,23,04,13.6,54,Moderate,9.3,UG/M3,1 Hr,Valid
Banja Luka,PM2.5 - Principal,2023-09-23 05:00 AM,2023,09,23,05,10.5,44,Good,7.4,UG/M3,1 Hr,Valid
Banja Luka,PM2.5 - Principal,2023-09-23 06:00 AM,2023,09,23,06,8.3,35,Good,6.2,UG/M3,1 Hr,Valid
Banja Luka,PM2.5 - Principal,2023-09-23 07:00 AM,2023,09,23,07,6.6,28,Good,4.9,UG/M3,1 Hr,Valid
Banja Luka,PM2.5 - Principal,2023-09-23 08:00 AM,2023,09,23,08,5.7,24,Good,4.8,UG/M3,1 Hr,Valid
Banja Luka,PM2.5 - Principal,2023-09-23 09:00 AM,2023,09,23,09,5.0,21,Good,4.3,UG/M3,1 Hr,Valid
Banja Luka,PM2.5 - Principal,2023-09-23 10:00 AM,2023,09,23,10,4.9,20,Good,4.8,UG/M3,1 Hr,Valid
Banja Luka,PM2.5 - Principal,2023-09-23 11:00 AM,2023,09,23,11,5.0,21,Good,5.1,UG/M3,1 Hr,Valid
Banja Luka,PM2.5 - Principal,2023-09-23 12:00 PM,2023,09,23,12,4.6,19,Good,4.1,UG/M3,1 Hr,Valid
Banja Luka,PM2.5 - Principal,2023-09-23 01:00 PM,2023,09,23,13,4.8,20,Good,5.0,UG/M3,1 Hr,Valid
Banja Luka,PM2.5 - Principal,2023-09-23 02:00 PM,2023,09,23,14,5.1,21,Good,5.4,UG/M3,1 Hr,Valid
Banja Luka,PM2.5 - Principal,2023-09-23 03:00 PM,2023,09,23,15,6.4,27,Good,7.8,UG/M3,1 Hr,Valid
Banja Luka,PM2.5 - Principal,2023-09-23 04:00 PM,2023,09,23,16,7.0,29,Good,7.7,UG/M3,1 Hr,Valid
Banja Luka,PM2.5 - Principal,2023-09-23 05:00 PM,2023,09,23,17,8.0,33,Good,9.0,UG/M3,1 Hr,Valid
Banja Luka,PM2.5 - Principal,2023-09-23 06:00 PM,2023,09,23,18,8.5,35,Good,8.9,UG/M3,1 Hr,Valid
Banja Luka,PM2.5 - Principal,2023-09-23 07:00 PM,2023,09,23,19,8.8,37,Good,9.1,UG/M3,1 Hr,Valid
Banja Luka,PM2.5 - Principal,2023-09-23 08:00 PM,2023,09,23,20,9.5,40,Good,10.2,UG/M3,1 Hr,Valid
Banja Luka,PM2.5 - Principal,2023-09-23 09:00 PM,2023,09,23,21,9.7,40,Good,9.9,UG/M3,1 Hr,Valid
Banja Luka,PM2.5 - Principal,2023-09-23 10:00 PM,2023,09,23,22,8.9,37,Good,8.2,UG/M3,1 Hr,Valid
Banja Luka,PM2.5 - Principal,2023-09-23 11:00 PM,2023,09,23,23,9.0,38,Good,9.0,UG/M3,1 Hr,Valid
Banja Luka,PM2.5 - Principal,2023-09-24 12:00 AM,2023,09,24,00,8.7,36,Good,8.4,UG/M3,1 Hr,Valid
Banja Luka,PM2.5 - Principal,2023-09-24 01:00 AM,2023,09,24,01,9.0,38,Good,9.3,UG/M3,1 Hr,Valid
Banja Luka,PM2.5 - Principal,2023-09-24 02:00 AM,2023,09,24,02,8.9,37,Good,8.7,UG/M3,1 Hr,Valid
Banja Luka,PM2.5 - Principal,2023-09-24 03:00 AM,2023,09,24,03,9.0,38,Good,9.1,UG/M3,1 Hr,Valid
Banja Luka,PM2.5 - Principal,2023-09-24 04:00 AM,2023,09,24,04,7.0,29,Good,5.0,UG/M3,1 Hr,Valid
Banja Luka,PM2.5 - Principal,2023-09-24 05:00 AM,2023,09,24,05,4.2,18,Good,1.5,UG/M3,1 Hr,Valid
Banja Luka,PM2.5 - Principal,2023-09-24 06:00 AM,2023,09,24,06,2.7,11,Good,1.1,UG/M3,1 Hr,Valid
Banja Luka,PM2.5 - Principal,2023-09-24 07:00 AM,2023,09,24,07,2.1,9,Good,1.4,UG/M3,1 Hr,Valid
Banja Luka,PM2.5 - Principal,2023-09-24 08:00 AM,2023,09,24,08,1.6,7,Good,1.2,UG/M3,1 Hr,Valid
Banja Luka,PM2.5 - Principal,2023-09-24 09:00 AM,2023,09,24,09,1.6,7,Good,1.6,UG/M3,1 Hr,Valid
Banja Luka,PM2.5 - Principal,2023-09-24 10:00 AM,2023,09,24,10,1.8,8,Good,2.0,UG/M3,1 Hr,Valid
Banja Luka,PM2.5 - Principal,2023-09-24 11:00 AM,2023,09,24,11,1.9,8,Good,2.0,UG/M3,1 Hr,Valid
Banja Luka,PM2.5 - Principal,2023-09-24 12:00 PM,2023,09,24,12,2.3,10,Good,2.6,UG/M3,1 Hr,Valid
Banja Luka,PM2.5 - Principal,2023-09-24 01:00 PM,2023,09,24,13,2.3,10,Good,2.4,UG/M3,1 Hr,Valid
Banja Luka,PM2.5 - Principal,2023-09-24 02:00 PM,2023,09,24,14,2.4,10,Good,2.5,UG/M3,1 Hr,Valid
Banja Luka,PM2.5 - Principal,2023-09-24 03:00 PM,2023,09,24,15,2.7,11,Good,3.1,UG/M3,1 Hr,Valid
Banja Luka,PM2.5 - Principal,2023-09-24 04:00 PM,2023,09,24,16,3.1,13,Good,3.5,UG/M3,1 Hr,Valid
Banja Luka,PM2.5 - Principal,2023-09-24 05:00 PM,2023,09,24,17,3.2,13,Good,3.3,UG/M3,1 Hr,Valid
Banja Luka,PM2.5 - Principal,2023-09-24 06:00 PM,2023,09,24,18,3.2,13,Good,3.2,UG/M3,1 Hr,Valid
Banja Luka,PM2.5 - Principal,2023-09-24 07:00 PM,2023,09,24,19,3.2,13,Good,3.2,UG/M3,1 Hr,Valid
Banja Luka,PM2.5 - Principal,2023-09-24 08:00 PM,2023,09,24,20,3.1,13,Good,3.1,UG/M3,1 Hr,Valid
Banja Luka,PM2.5 - Principal,2023-09-24 09:00 PM,2023,09,24,21,3.3,14,Good,3.5,UG/M3,1 Hr,Valid
Banja Luka,PM2.5 - Principal,2023-09-24 10:00 PM,2023,09,24,22,3.4,14,Good,3.4,UG/M3,1 Hr,Valid
Banja Luka,PM2.5 - Principal,2023-09-24 11:00 PM,2023,09,24,23,3.6,15,Good,4.0,UG/M3,1 Hr,Valid
Banja Luka,PM2.5 - Principal,2023-09-25 12:00 AM,2023,09,25,00,3.7,15,Good,3.9,UG/M3,1 Hr,Valid
Banja Luka,PM2.5 - Principal,2023-09-25 01:00 AM,2023,09,25,01,3.9,16,Good,4.2,UG/M3,1 Hr,Valid
Banja Luka,PM2.5 - Principal,2023-09-25 02:00 AM,2023,09,25,02,3.8,16,Good,3.8,UG/M3,1 Hr,Valid
Banja Luka,PM2.5 - Principal,2023-09-25 03:00 AM,2023,09,25,03,3.8,16,Good,3.6,UG/M3,1 Hr,Valid
Banja Luka,PM2.5 - Principal,2023-09-25 04:00 AM,2023,09,25,04,3.6,15,Good,3.2,UG/M3,1 Hr,Valid
Banja Luka,PM2.5 - Principal,2023-09-25 05:00 AM,2023,09,25,05,3.0,13,Good,2.3,UG/M3,1 Hr,Valid
Banja Luka,PM2.5 - Principal,2023-09-25 06:00 AM,2023,09,25,06,2.5,10,Good,2.1,UG/M3,1 Hr,Valid
Banja Luka,PM2.5 - Principal,2023-09-25 07:00 AM,2023,09,25,07,2.1,9,Good,1.7,UG/M3,1 Hr,Valid
Banja Luka,PM2.5 - Principal,2023-09-25 08:00 AM,2023,09,25,08,1.8,8,Good,1.4,UG/M3,1 Hr,Valid
Banja Luka,PM2.5 - Principal,2023-09-25 09:00 AM,2023,09,25,09,1.9,8,Good,2.1,UG/M3,1 Hr,Valid
Banja Luka,PM2.5 - Principal,2023-09-25 10:00 AM,2023,09,25,10,2.6,11,Good,3.3,UG/M3,1 Hr,Valid
Banja Luka,PM2.5 - Principal,2023-09-25 11:00 AM,2023,09,25,11,3.1,13,Good,3.6,UG/M3,1 Hr,Valid
Banja Luka,PM2.5 - Principal,2023-09-25 12:00 PM,2023,09,25,12,3.5,15,Good,3.8,UG/M3,1 Hr,Valid
Banja Luka,PM2.5 - Principal,2023-09-25 01:00 PM,2023,09,25,13,6.5,27,Good,9.5,UG/M3,1 Hr,Valid
Banja Luka,PM2.5 - Principal,2023-09-25 02:00 PM,2023,09,25,14,5.0,21,Good,3.6,UG/M3,1 Hr,Valid
Banja Luka,PM2.5 - Principal,2023-09-25 03:00 PM,2023,09,25,15,4.6,19,Good,4.1,UG/M3,1 Hr,Valid
Banja Luka,PM2.5 - Principal,2023-09-25 04:00 PM,2023,09,25,16,4.6,19,Good,4.7,UG/M3,1 Hr,Valid
Banja Luka,PM2.5 - Principal,2023-09-25 05:00 PM,2023,09,25,17,4.8,20,Good,5.1,UG/M3,1 Hr,Valid
Banja Luka,PM2.5 - Principal,2023-09-25 06:00 PM,2023,09,25,18,5.4,23,Good,5.9,UG/M3,1 Hr,Valid
Banja Luka,PM2.5 - Principal,2023-09-25 07:00 PM,2023,09,25,19,6.4,27,Good,7.5,UG/M3,1 Hr,Valid
Banja Luka,PM2.5 - Principal,2023-09-25 08:00 PM,2023,09,25,20,7.1,30,Good,7.8,UG/M3,1 Hr,Valid
Banja Luka,PM2.5 - Principal,2023-09-25 09:00 PM,2023,09,25,21,8.1,34,Good,9.1,UG/M3,1 Hr,Valid
Banja Luka,PM2.5 - Principal,2023-09-25 10:00 PM,2023,09,25,22,9.9,41,Good,11.6,UG/M3,1 Hr,Valid
Banja Luka,PM2.5 - Principal,2023-09-25 11:00 PM,2023,09,25,23,12.1,51,Moderate,14.3,UG/M3,1 Hr,Valid
Banja Luka,PM2.5 - Principal,2023-09-26 12:00 AM,2023,09,26,00,13.3,54,Moderate,14.6,UG/M3,1 Hr,Valid
Banja Luka,PM2.5 - Principal,2023-09-26 01:00 AM,2023,09,26,01,13.7,54,Moderate,14.1,UG/M3,1 Hr,Valid
Banja Luka,PM2.5 - Principal,2023-09-26 02:00 AM,2023,09,26,02,12.9,53,Moderate,12.0,UG/M3,1 Hr,Valid
Banja Luka,PM2.5 - Principal,2023-09-26 03:00 AM,2023,09,26,03,11.3,47,Good,9.7,UG/M3,1 Hr,Valid
Banja Luka,PM2.5 - Principal,2023-09-26 04:00 AM,2023,09,26,04,10.3,43,Good,9.3,UG/M3,1 Hr,Valid
Banja Luka,PM2.5 - Principal,2023-09-26 05:00 AM,2023,09,26,05,9.6,40,Good,9.0,UG/M3,1 Hr,Valid
Banja Luka,PM2.5 - Principal,2023-09-26 06:00 AM,2023,09,26,06,10.0,42,Good,10.3,UG/M3,1 Hr,Valid
Banja Luka,PM2.5 - Principal,2023-09-26 07:00 AM,2023,09,26,07,10.5,44,Good,11.1,UG/M3,1 Hr,Valid
Banja Luka,PM2.5 - Principal,2023-09-26 08:00 AM,2023,09,26,08,11.4,48,Good,12.9,UG/M3,1 Hr,Valid
Banja Luka,PM2.5 - Principal,2023-09-26 09:00 AM,2023,09,26,09,11.5,48,Good,11.5,UG/M3,1 Hr,Valid
Banja Luka,PM2.5 - Principal,2023-09-26 10:00 AM,2023,09,26,10,12.0,50,Good,12.9,UG/M3,1 Hr,Valid
Banja Luka,PM2.5 - Principal,2023-09-26 11:00 AM,2023,09,26,11,12.1,51,Moderate,12.2,UG/M3,1 Hr,Valid
Banja Luka,PM2.5 - Principal,2023-09-26 12:00 PM,2023,09,26,12,11.9,50,Good,11.7,UG/M3,1 Hr,Valid
Banja Luka,PM2.5 - Principal,2023-09-26 01:00 PM,2023,09,26,13,12.1,51,Moderate,12.8,UG/M3,1 Hr,Valid
Banja Luka,PM2.5 - Principal,2023-09-26 02:00 PM,2023,09,26,14,14.2,55,Moderate,16.5,UG/M3,1 Hr,Valid
Banja Luka,PM2.5 - Principal,2023-09-26 03:00 PM,2023,09,26,15,17.7,63,Moderate,20.9,UG/M3,1 Hr,Valid
Banja Luka,PM2.5 - Principal,2023-09-26 04:00 PM,2023,09,26,16,20.5,69,Moderate,23.4,UG/M3,1 Hr,Valid
Banja Luka,PM2.5 - Principal,2023-09-26 05:00 PM,2023,09,26,17,21.9,72,Moderate,23.2,UG/M3,1 Hr,Valid
Banja Luka,PM2.5 - Principal,2023-09-26 06:00 PM,2023,09,26,18,22.6,73,Moderate,23.3,UG/M3,1 Hr,Valid
Banja Luka,PM2.5 - Principal,2023-09-26 07:00 PM,2023,09,26,19,21.5,71,Moderate,20.3,UG/M3,1 Hr,Valid
Banja Luka,PM2.5 - Principal,2023-09-26 08:00 PM,2023,09,26,20,20.3,68,Moderate,19.1,UG/M3,1 Hr,Valid
Banja Luka,PM2.5 - Principal,2023-09-26 09:00 PM,2023,09,26,21,21.2,70,Moderate,22.0,UG/M3,1 Hr,Valid
Banja Luka,PM2.5 - Principal,2023-09-26 10:00 PM,2023,09,26,22,22.6,73,Moderate,24.1,UG/M3,1 Hr,Valid
Banja Luka,PM2.5 - Principal,2023-09-26 11:00 PM,2023,09,26,23,23.5,75,Moderate,24.4,UG/M3,1 Hr,Valid
Banja Luka,PM2.5 - Principal,2023-09-27 12:00 AM,2023,09,27,00,24.4,77,Moderate,25.4,UG/M3,1 Hr,Valid
Banja Luka,PM2.5 - Principal,2023-09-27 01:00 AM,2023,09,27,01,24.4,77,Moderate,25.4,UG/M3,1 Hr,Valid
Banja Luka,PM2.5 - Principal,2023-09-27 02:00 AM,2023,09,27,02,23.5,75,Moderate,22.0,UG/M3,1 Hr,Valid
Banja Luka,PM2.5 - Principal,2023-09-27 03:00 AM,2023,09,27,03,22.9,74,Moderate,21.0,UG/M3,1 Hr,Valid
Banja Luka,PM2.5 - Principal,2023-09-27 04:00 AM,2023,09,27,04,22.1,72,Moderate,19.9,UG/M3,1 Hr,Valid
Banja Luka,PM2.5 - Principal,2023-09-27 05:00 AM,2023,09,27,05,20.6,69,Moderate,17.8,UG/M3,1 Hr,Valid
Banja Luka,PM2.5 - Principal,2023-09-27 06:00 AM,2023,09,27,06,19.8,67,Moderate,17.8,UG/M3,1 Hr,Valid
Banja Luka,PM2.5 - Principal,2023-09-27 07:00 AM,2023,09,27,07,18.8,65,Moderate,17.2,UG/M3,1 Hr,Valid
Banja Luka,PM2.5 - Principal,2023-09-27 08:00 AM,2023,09,27,08,18.3,64,Moderate,17.3,UG/M3,1 Hr,Valid
Banja Luka,PM2.5 - Principal,2023-09-27 09:00 AM,2023,09,27,09,18.1,64,Moderate,17.6,UG/M3,1 Hr,Valid
Banja Luka,PM2.5 - Principal,2023-09-27 10:00 AM,2023,09,27,10,19.7,67,Moderate,23.1,UG/M3,1 Hr,Valid
Banja Luka,PM2.5 - Principal,2023-09-27 11:00 AM,2023,09,27,11,19.8,67,Moderate,19.9,UG/M3,1 Hr,Valid
Banja Luka,PM2.5 - Principal,2023-09-27 12:00 PM,2023,09,27,12,20.2,68,Moderate,21.0,UG/M3,1 Hr,Valid
Banja Luka,PM2.5 - Principal,2023-09-27 01:00 PM,2023,09,27,13,20.0,68,Moderate,20.4,UG/M3,1 Hr,Valid
Banja Luka,PM2.5 - Principal,2023-09-27 02:00 PM,2023,09,27,14,19.9,67,Moderate,19.6,UG/M3,1 Hr,Valid
Banja Luka,PM2.5 - Principal,2023-09-27 03:00 PM,2023,09,27,15,19.1,66,Moderate,17.0,UG/M3,1 Hr,Valid
Banja Luka,PM2.5 - Principal,2023-09-27 04:00 PM,2023,09,27,16,16.7,61,Moderate,13.6,UG/M3,1 Hr,Valid
Banja Luka,PM2.5 - Principal,2023-09-27 05:00 PM,2023,09,27,17,15.6,58,Moderate,14.1,UG/M3,1 Hr,Valid
Banja Luka,PM2.5 - Principal,2023-09-27 06:00 PM,2023,09,27,18,15.1,57,Moderate,14.3,UG/M3,1 Hr,Valid
Banja Luka,PM2.5 - Principal,2023-09-27 07:00 PM,2023,09,27,19,15.5,58,Moderate,16.0,UG/M3,1 Hr,Valid
Banja Luka,PM2.5 - Principal,2023-09-27 08:00 PM,2023,09,27,20,15.8,59,Moderate,16.4,UG/M3,1 Hr,Valid
Banja Luka,PM2.5 - Principal,2023-09-27 09:00 PM,2023,09,27,21,17.3,62,Moderate,19.5,UG/M3,1 Hr,Valid
Banja Luka,PM2.5 - Principal,2023-09-27 10:00 PM,2023,09,27,22,20.9,70,Moderate,25.0,UG/M3,1 Hr,Valid
Banja Luka,PM2.5 - Principal,2023-09-27 11:00 PM,2023,09,27,23,22.6,73,Moderate,24.7,UG/M3,1 Hr,Valid
Banja Luka,PM2.5 - Principal,2023-09-28 12:00 AM,2023,09,28,00,21.9,72,Moderate,21.0,UG/M3,1 Hr,Valid
Banja Luka,PM2.5 - Principal,2023-09-28 01:00 AM,2023,09,28,01,21.8,71,Moderate,21.8,UG/M3,1 Hr,Valid
Banja Luka,PM2.5 - Principal,2023-09-28 02:00 AM,2023,09,28,02,21.8,71,Moderate,21.7,UG/M3,1 Hr,Valid
Banja Luka,PM2.5 - Principal,2023-09-28 03:00 AM,2023,09,28,03,20.2,68,Moderate,18.3,UG/M3,1 Hr,Valid
Banja Luka,PM2.5 - Principal,2023-09-28 04:00 AM,2023,09,28,04,18.8,65,Moderate,16.8,UG/M3,1 Hr,Valid
Banja Luka,PM2.5 - Principal,2023-09-28 05:00 AM,2023,09,28,05,17.7,63,Moderate,16.1,UG/M3,1 Hr,Valid
Banja Luka,PM2.5 - Principal,2023-09-28 06:00 AM,2023,09,28,06,17.2,62,Moderate,15.8,UG/M3,1 Hr,Valid
Banja Luka,PM2.5 - Principal,2023-09-28 07:00 AM,2023,09,28,07,16.5,60,Moderate,15.4,UG/M3,1 Hr,Valid
Banja Luka,PM2.5 - Principal,2023-09-28 08:00 AM,2023,09,28,08,16.4,60,Moderate,16.2,UG/M3,1 Hr,Valid
Banja Luka,PM2.5 - Principal,2023-09-28 09:00 AM,2023,09,28,09,17.7,63,Moderate,19.8,UG/M3,1 Hr,Valid
Banja Luka,PM2.5 - Principal,2023-09-28 10:00 AM,2023,09,28,10,18.3,64,Moderate,19.5,UG/M3,1 Hr,Valid
Banja Luka,PM2.5 - Principal,2023-09-28 11:00 AM,2023,09,28,11,17.8,63,Moderate,16.9,UG/M3,1 Hr,Valid
Banja Luka,PM2.5 - Principal,2023-09-28 12:00 PM,2023,09,28,12,17.3,62,Moderate,16.1,UG/M3,1 Hr,Valid
Banja Luka,PM2.5 - Principal,2023-09-28 01:00 PM,2023,09,28,13,17.4,62,Moderate,17.9,UG/M3,1 Hr,Valid
Banja Luka,PM2.5 - Principal,2023-09-28 02:00 PM,2023,09,28,14,17.5,62,Moderate,17.8,UG/M3,1 Hr,Valid
Banja Luka,PM2.5 - Principal,2023-09-28 03:00 PM,2023,09,28,15,17.5,62,Moderate,17.8,UG/M3,1 Hr,Valid
Banja Luka,PM2.5 - Principal,2023-09-28 04:00 PM,2023,09,28,16,17.3,62,Moderate,16.3,UG/M3,1 Hr,Valid
Banja Luka,PM2.5 - Principal,2023-09-28 05:00 PM,2023,09,28,17,16.5,60,Moderate,14.5,UG/M3,1 Hr,Valid
Banja Luka,PM2.5 - Principal,2023-09-28 06:00 PM,2023,09,28,18,16.2,60,Moderate,15.5,UG/M3,1 Hr,Valid
Banja Luka,PM2.5 - Principal,2023-09-28 07:00 PM,2023,09,28,19,16.2,60,Moderate,16.0,UG/M3,1 Hr,Valid
Banja Luka,PM2.5 - Principal,2023-09-28 08:00 PM,2023,09,28,20,13.2,53,Moderate,10.4,UG/M3,1 Hr,Valid
Banja Luka,PM2.5 - Principal,2023-09-28 09:00 PM,2023,09,28,21,15.6,58,Moderate,18.2,UG/M3,1 Hr,Valid
Banja Luka,PM2.5 - Principal,2023-09-28 10:00 PM,2023,09,28,22,16.7,61,Moderate,18.2,UG/M3,1 Hr,Valid
Banja Luka,PM2.5 - Principal,2023-09-28 11:00 PM,2023,09,28,23,17.0,61,Moderate,17.6,UG/M3,1 Hr,Valid
Banja Luka,PM2.5 - Principal,2023-09-29 12:00 AM,2023,09,29,00,17.1,62,Moderate,17.2,UG/M3,1 Hr,Valid
Banja Luka,PM2.5 - Principal,2023-09-29 01:00 AM,2023,09,29,01,17.0,61,Moderate,16.9,UG/M3,1 Hr,Valid
Banja Luka,PM2.5 - Principal,2023-09-29 02:00 AM,2023,09,29,02,17.6,63,Moderate,18.5,UG/M3,1 Hr,Valid
Banja Luka,PM2.5 - Principal,2023-09-29 03:00 AM,2023,09,29,03,15.7,59,Moderate,13.2,UG/M3,1 Hr,Valid
Banja Luka,PM2.5 - Principal,2023-09-29 04:00 AM,2023,09,29,04,13.8,55,Moderate,11.3,UG/M3,1 Hr,Valid
Banja Luka,PM2.5 - Principal,2023-09-29 05:00 AM,2023,09,29,05,12.7,52,Moderate,11.3,UG/M3,1 Hr,Valid
Banja Luka,PM2.5 - Principal,2023-09-29 06:00 AM,2023,09,29,06,12.1,51,Moderate,11.3,UG/M3,1 Hr,Valid
Banja Luka,PM2.5 - Principal,2023-09-29 07:00 AM,2023,09,29,07,11.4,48,Good,10.6,UG/M3,1 Hr,Valid
Banja Luka,PM2.5 - Principal,2023-09-29 08:00 AM,2023,09,29,08,11.5,48,Good,11.5,UG/M3,1 Hr,Valid
Banja Luka,PM2.5 - Principal,2023-09-29 09:00 AM,2023,09,29,09,11.6,48,Good,11.9,UG/M3,1 Hr,Valid
Banja Luka,PM2.5 - Principal,2023-09-29 10:00 AM,2023,09,29,10,11.9,50,Good,12.4,UG/M3,1 Hr,Valid
Banja Luka,PM2.5 - Principal,2023-09-29 11:00 AM,2023,09,29,11,11.3,47,Good,10.5,UG/M3,1 Hr,Valid
Banja Luka,PM2.5 - Principal,2023-09-29 12:00 PM,2023,09,29,12,11.0,46,Good,10.5,UG/M3,1 Hr,Valid
Banja Luka,PM2.5 - Principal,2023-09-29 01:00 PM,2023,09,29,13,12.0,50,Good,13.5,UG/M3,1 Hr,Valid
Banja Luka,PM2.5 - Principal,2023-09-29 02:00 PM,2023,09,29,14,12.5,52,Moderate,14.5,UG/M3,1 Hr,Valid
Banja Luka,PM2.5 - Principal,2023-09-29 03:00 PM,2023,09,29,15,13.1,53,Moderate,14.5,UG/M3,1 Hr,Valid
Banja Luka,PM2.5 - Principal,2023-09-29 04:00 PM,2023,09,29,16,14.2,55,Moderate,15.9,UG/M3,1 Hr,Valid
Banja Luka,PM2.5 - Principal,2023-09-29 05:00 PM,2023,09,29,17,15.2,58,Moderate,16.7,UG/M3,1 Hr,Valid
Banja Luka,PM2.5 - Principal,2023-09-29 06:00 PM,2023,09,29,18,14.8,57,Moderate,14.1,UG/M3,1 Hr,Valid
Banja Luka,PM2.5 - Principal,2023-09-29 07:00 PM,2023,09,29,19,14.8,57,Moderate,14.8,UG/M3,1 Hr,Valid
Banja Luka,PM2.5 - Principal,2023-09-29 08:00 PM,2023,09,29,20,15.9,59,Moderate,17.5,UG/M3,1 Hr,Valid
Banja Luka,PM2.5 - Principal,2023-09-29 09:00 PM,2023,09,29,21,17.4,62,Moderate,19.0,UG/M3,1 Hr,Valid
Banja Luka,PM2.5 - Principal,2023-09-29 10:00 PM,2023,09,29,22,18.1,64,Moderate,19.0,UG/M3,1 Hr,Valid
Banja Luka,PM2.5 - Principal,2023-09-29 11:00 PM,2023,09,29,23,22.3,72,Moderate,26.2,UG/M3,1 Hr,Valid
Banja Luka,PM2.5 - Principal,2023-09-30 12:00 AM,2023,09,30,00,24.9,78,Moderate,27.5,UG/M3,1 Hr,Valid
Banja Luka,PM2.5 - Principal,2023-09-30 01:00 AM,2023,09,30,01,24.4,77,Moderate,24.0,UG/M3,1 Hr,Valid
Banja Luka,PM2.5 - Principal,2023-09-30 02:00 AM,2023,09,30,02,22.8,74,Moderate,21.1,UG/M3,1 Hr,Valid
Banja Luka,PM2.5 - Principal,2023-09-30 03:00 AM,2023,09,30,03,22.0,72,Moderate,21.1,UG/M3,1 Hr,Valid
Banja Luka,PM2.5 - Principal,2023-09-30 04:00 AM,2023,09,30,04,20.2,68,Moderate,18.3,UG/M3,1 Hr,Valid
Banja Luka,PM2.5 - Principal,2023-09-30 05:00 AM,2023,09,30,05,19.3,66,Moderate,18.3,UG/M3,1 Hr,Valid
Banja Luka,PM2.5 - Principal,2023-09-30 06:00 AM,2023,09,30,06,20.0,68,Moderate,20.6,UG/M3,1 Hr,Valid
Banja Luka,PM2.5 - Principal,2023-09-30 07:00 AM,2023,09,30,07,20.3,68,Moderate,20.6,UG/M3,1 Hr,Valid
Banja Luka,PM2.5 - Principal,2023-09-30 08:00 AM,2023,09,30,08,20.0,68,Moderate,19.3,UG/M3,1 Hr,Valid
Banja Luka,PM2.5 - Principal,2023-09-30 09:00 AM,2023,09,30,09,19.8,67,Moderate,19.3,UG/M3,1 Hr,Valid
Banja Luka,PM2.5 - Principal,2023-09-30 10:00 AM,2023,09,30,10,19.6,67,Moderate,19.3,UG/M3,1 Hr,Valid
Banja Luka,PM2.5 - Principal,2023-09-30 11:00 AM,2023,09,30,11,19.6,67,Moderate,19.5,UG/M3,1 Hr,Valid
Banja Luka,PM2.5 - Principal,2023-09-30 12:00 PM,2023,09,30,12,18.1,64,Moderate,15.6,UG/M3,1 Hr,Valid
Banja Luka,PM2.5 - Principal,2023-09-30 01:00 PM,2023,09,30,13,18.3,64,Moderate,17.8,UG/M3,1 Hr,Valid
Banja Luka,PM2.5 - Principal,2023-09-30 02:00 PM,2023,09,30,14,18.2,64,Moderate,17.8,UG/M3,1 Hr,Valid
Banja Luka,PM2.5 - Principal,2023-09-30 03:00 PM,2023,09,30,15,18.5,64,Moderate,19.5,UG/M3,1 Hr,Valid
Banja Luka,PM2.5 - Principal,2023-09-30 04:00 PM,2023,09,30,16,19.0,66,Moderate,20.6,UG/M3,1 Hr,Valid
Banja Luka,PM2.5 - Principal,2023-09-30 05:00 PM,2023,09,30,17,18.5,64,Moderate,16.9,UG/M3,1 Hr,Valid
Banja Luka,PM2.5 - Principal,2023-09-30 06:00 PM,2023,09,30,18,19.0,66,Moderate,20.6,UG/M3,1 Hr,Valid
Banja Luka,PM2.5 - Principal,2023-09-30 07:00 PM,2023,09,30,19,19.4,66,Moderate,20.6,UG/M3,1 Hr,Valid
Banja Luka,PM2.5 - Principal,2023-09-30 08:00 PM,2023,09,30,20,19.8,67,Moderate,20.9,UG/M3,1 Hr,Valid
Banja Luka,PM2.5 - Principal,2023-09-30 09:00 PM,2023,09,30,21,20.1,68,Moderate,21.0,UG/M3,1 Hr,Valid
Banja Luka,PM2.5 - Principal,2023-09-30 10:00 PM,2023,09,30,22,25.8,80,Moderate,31.0,UG/M3,1 Hr,Valid
Banja Luka,PM2.5 - Principal,2023-09-30 11:00 PM,2023,09,30,23,27.5,83,Moderate,29.3,UG/M3,1 Hr,Valid
Banja Luka,PM2.5 - Principal,2023-10-01 12:00 AM,2023,10,01,00,27.2,83,Moderate,27.4,UG/M3,1 Hr,Valid
Banja Luka,PM2.5 - Principal,2023-10-01 01:00 AM,2023,10,01,01,27.6,84,Moderate,28.0,UG/M3,1 Hr,Valid
Banja Luka,PM2.5 - Principal,2023-10-01 02:00 AM,2023,10,01,02,27.7,84,Moderate,28.0,UG/M3,1 Hr,Valid
Banja Luka,PM2.5 - Principal,2023-10-01 03:00 AM,2023,10,01,03,27.8,84,Moderate,28.0,UG/M3,1 Hr,Valid
Banja Luka,PM2.5 - Principal,2023-10-01 04:00 AM,2023,10,01,04,24.1,76,Moderate,19.6,UG/M3,1 Hr,Valid
Banja Luka,PM2.5 - Principal,2023-10-01 05:00 AM,2023,10,01,05,22.9,74,Moderate,19.6,UG/M3,1 Hr,Valid
Banja Luka,PM2.5 - Principal,2023-10-01 06:00 AM,2023,10,01,06,20.0,68,Moderate,17.2,UG/M3,1 Hr,Valid
Banja Luka,PM2.5 - Principal,2023-10-01 07:00 AM,2023,10,01,07,19.0,66,Moderate,17.7,UG/M3,1 Hr,Valid
Banja Luka,PM2.5 - Principal,2023-10-01 08:00 AM,2023,10,01,08,18.5,64,Moderate,18.0,UG/M3,1 Hr,Valid
Banja Luka,PM2.5 - Principal,2023-10-01 09:00 AM,2023,10,01,09,18.2,64,Moderate,17.8,UG/M3,1 Hr,Valid
Banja Luka,PM2.5 - Principal,2023-10-01 10:00 AM,2023,10,01,10,18.1,64,Moderate,17.8,UG/M3,1 Hr,Valid
Banja Luka,PM2.5 - Principal,2023-10-01 11:00 AM,2023,10,01,11,18.1,64,Moderate,18.1,UG/M3,1 Hr,Valid
Banja Luka,PM2.5 - Principal,2023-10-01 12:00 PM,2023,10,01,12,16.5,60,Moderate,14.9,UG/M3,1 Hr,Valid
Banja Luka,PM2.5 - Principal,2023-10-01 01:00 PM,2023,10,01,13,15.3,58,Moderate,14.1,UG/M3,1 Hr,Valid
Banja Luka,PM2.5 - Principal,2023-10-01 02:00 PM,2023,10,01,14,14.7,56,Moderate,14.1,UG/M3,1 Hr,Valid
Banja Luka,PM2.5 - Principal,2023-10-01 03:00 PM,2023,10,01,15,11.7,49,Good,8.6,UG/M3,1 Hr,Valid
Banja Luka,PM2.5 - Principal,2023-10-01 04:00 PM,2023,10,01,16,10.9,45,Good,10.2,UG/M3,1 Hr,Valid
Banja Luka,PM2.5 - Principal,2023-10-01 05:00 PM,2023,10,01,17,9.4,39,Good,8.0,UG/M3,1 Hr,Valid
Banja Luka,PM2.5 - Principal,2023-10-01 06:00 PM,2023,10,01,18,9.4,39,Good,9.3,UG/M3,1 Hr,Valid
Banja Luka,PM2.5 - Principal,2023-10-01 07:00 PM,2023,10,01,19,9.4,39,Good,9.5,UG/M3,1 Hr,Valid
Banja Luka,PM2.5 - Principal,2023-10-01 08:00 PM,2023,10,01,20,9.8,41,Good,10.1,UG/M3,1 Hr,Valid
Banja Luka,PM2.5 - Principal,2023-10-01 09:00 PM,2023,10,01,21,12.3,51,Moderate,14.9,UG/M3,1 Hr,Valid
Banja Luka,PM2.5 - Principal,2023-10-01 10:00 PM,2023,10,01,22,15.9,59,Moderate,19.4,UG/M3,1 Hr,Valid
Banja Luka,PM2.5 - Principal,2023-10-01 11:00 PM,2023,10,01,23,17.5,62,Moderate,19.2,UG/M3,1 Hr,Valid
Banja Luka,PM2.5 - Principal,2023-10-02 12:00 AM,2023,10,02,00,16.3,60,Moderate,15.1,UG/M3,1 Hr,Valid
Banja Luka,PM2.5 - Principal,2023-10-02 01:00 AM,2023,10,02,01,14.9,57,Moderate,13.5,UG/M3,1 Hr,Valid
Banja Luka,PM2.5 - Principal,2023-10-02 02:00 AM,2023,10,02,02,13.7,54,Moderate,12.4,UG/M3,1 Hr,Valid
Banja Luka,PM2.5 - Principal,2023-10-02 03:00 AM,2023,10,02,03,12.8,52,Moderate,11.9,UG/M3,1 Hr,Valid
Banja Luka,PM2.5 - Principal,2023-10-02 04:00 AM,2023,10,02,04,11.8,49,Good,10.8,UG/M3,1 Hr,Valid
Banja Luka,PM2.5 - Principal,2023-10-02 05:00 AM,2023,10,02,05,11.3,47,Good,10.7,UG/M3,1 Hr,Valid
Banja Luka,PM2.5 - Principal,2023-10-02 06:00 AM,2023,10,02,06,11.0,46,Good,10.8,UG/M3,1 Hr,Valid
Banja Luka,PM2.5 - Principal,2023-10-02 07:00 AM,2023,10,02,07,10.4,43,Good,9.7,UG/M3,1 Hr,Valid
Banja Luka,PM2.5 - Principal,2023-10-02 08:00 AM,2023,10,02,08,10.2,43,Good,10.1,UG/M3,1 Hr,Valid
Banja Luka,PM2.5 - Principal,2023-10-02 09:00 AM,2023,10,02,09,10.2,43,Good,10.1,UG/M3,1 Hr,Valid
Banja Luka,PM2.5 - Principal,2023-10-02 10:00 AM,2023,10,02,10,11.0,46,Good,11.9,UG/M3,1 Hr,Valid
Banja Luka,PM2.5 - Principal,2023-10-02 11:00 AM,2023,10,02,11,11.4,48,Good,12.2,UG/M3,1 Hr,Valid
Banja Luka,PM2.5 - Principal,2023-10-02 12:00 PM,2023,10,02,12,11.7,49,Good,12.7,UG/M3,1 Hr,Valid
Banja Luka,PM2.5 - Principal,2023-10-02 01:00 PM,2023,10,02,13,11.7,49,Good,12.1,UG/M3,1 Hr,Valid
Banja Luka,PM2.5 - Principal,2023-10-02 02:00 PM,2023,10,02,14,11.8,49,Good,12.1,UG/M3,1 Hr,Valid
Banja Luka,PM2.5 - Principal,2023-10-02 03:00 PM,2023,10,02,15,13.3,54,Moderate,15.5,UG/M3,1 Hr,Valid
Banja Luka,PM2.5 - Principal,2023-10-02 04:00 PM,2023,10,02,16,14.2,55,Moderate,15.5,UG/M3,1 Hr,Valid
Banja Luka,PM2.5 - Principal,2023-10-02 05:00 PM,2023,10,02,17,12.5,52,Moderate,9.6,UG/M3,1 Hr,Valid
Banja Luka,PM2.5 - Principal,2023-10-02 06:00 PM,2023,10,02,18,10.2,43,Good,8.0,UG/M3,1 Hr,Valid
Banja Luka,PM2.5 - Principal,2023-10-02 07:00 PM,2023,10,02,19,11.2,47,Good,12.4,UG/M3,1 Hr,Valid
Banja Luka,PM2.5 - Principal,2023-10-02 08:00 PM,2023,10,02,20,11.8,49,Good,12.3,UG/M3,1 Hr,Valid
Banja Luka,PM2.5 - Principal,2023-10-02 09:00 PM,2023,10,02,21,12.0,50,Good,12.3,UG/M3,1 Hr,Valid
Banja Luka,PM2.5 - Principal,2023-10-02 10:00 PM,2023,10,02,22,12.2,51,Moderate,12.3,UG/M3,1 Hr,Valid
Banja Luka,PM2.5 - Principal,2023-10-02 11:00 PM,2023,10,02,23,12.3,51,Moderate,12.3,UG/M3,1 Hr,Valid
Banja Luka,PM2.5 - Principal,2023-10-03 12:00 AM,2023,10,03,00,18.0,63,Moderate,23.7,UG/M3,1 Hr,Valid
Banja Luka,PM2.5 - Principal,2023-10-03 01:00 AM,2023,10,03,01,14.8,57,Moderate,11.7,UG/M3,1 Hr,Valid
Banja Luka,PM2.5 - Principal,2023-10-03 02:00 AM,2023,10,03,02,12.5,52,Moderate,10.2,UG/M3,1 Hr,Valid
Banja Luka,PM2.5 - Principal,2023-10-03 03:00 AM,2023,10,03,03,11.2,47,Good,9.8,UG/M3,1 Hr,Valid
Banja Luka,PM2.5 - Principal,2023-10-03 04:00 AM,2023,10,03,04,11.5,48,Good,11.8,UG/M3,1 Hr,Valid
Banja Luka,PM2.5 - Principal,2023-10-03 05:00 AM,2023,10,03,05,10.5,44,Good,9.5,UG/M3,1 Hr,Valid
Banja Luka,PM2.5 - Principal,2023-10-03 06:00 AM,2023,10,03,06,10.3,43,Good,10.1,UG/M3,1 Hr,Valid
Banja Luka,PM2.5 - Principal,2023-10-03 07:00 AM,2023,10,03,07,9.8,41,Good,9.4,UG/M3,1 Hr,Valid
Banja Luka,PM2.5 - Principal,2023-10-03 08:00 AM,2023,10,03,08,9.6,40,Good,9.4,UG/M3,1 Hr,Valid
Banja Luka,PM2.5 - Principal,2023-10-03 09:00 AM,2023,10,03,09,10.4,43,Good,11.2,UG/M3,1 Hr,Valid
Banja Luka,PM2.5 - Principal,2023-10-03 10:00 AM,2023,10,03,10,11.6,48,Good,12.7,UG/M3,1 Hr,Valid
Banja Luka,PM2.5 - Principal,2023-10-03 11:00 AM,2023,10,03,11,12.0,50,Good,12.4,UG/M3,1 Hr,Valid
Banja Luka,PM2.5 - Principal,2023-10-03 12:00 PM,2023,10,03,12,10.9,45,Good,9.8,UG/M3,1 Hr,Valid
Banja Luka,PM2.5 - Principal,2023-10-03 01:00 PM,2023,10,03,13,9.4,39,Good,7.2,UG/M3,1 Hr,Valid
Banja Luka,PM2.5 - Principal,2023-10-03 02:00 PM,2023,10,03,14,7.3,30,Good,5.5,UG/M3,1 Hr,Valid
Banja Luka,PM2.5 - Principal,2023-10-03 03:00 PM,2023,10,03,15,7.1,30,Good,6.9,UG/M3,1 Hr,Valid
Banja Luka,PM2.5 - Principal,2023-10-03 04:00 PM,2023,10,03,16,8.1,34,Good,9.0,UG/M3,1 Hr,Valid
Banja Luka,PM2.5 - Principal,2023-10-03 05:00 PM,2023,10,03,17,9.5,40,Good,10.8,UG/M3,1 Hr,Valid
Banja Luka,PM2.5 - Principal,2023-10-03 06:00 PM,2023,10,03,18,9.5,40,Good,10.0,UG/M3,1 Hr,Invalid
Banja Luka,PM2.5 - Principal,2023-10-03 07:00 PM,2023,10,03,19,-999.0,-999,N/A,10.0,UG/M3,1 Hr,Invalid
Banja Luka,PM2.5 - Principal,2023-10-03 08:00 PM,2023,10,03,20,-999.0,-999,N/A,10.0,UG/M3,1 Hr,Invalid
Banja Luka,PM2.5 - Principal,2023-10-03 09:00 PM,2023,10,03,21,-999.0,-999,N/A,10.0,UG/M3,1 Hr,Invalid
Banja Luka,PM2.5 - Principal,2023-10-03 10:00 PM,2023,10,03,22,-999.0,-999,N/A,10.0,UG/M3,1 Hr,Invalid
Banja Luka,PM2.5 - Principal,2023-10-03 11:00 PM,2023,10,03,23,-999.0,-999,N/A,10.0,UG/M3,1 Hr,Invalid
Banja Luka,PM2.5 - Principal,2023-10-04 12:00 AM,2023,10,04,00,-999.0,-999,N/A,10.0,UG/M3,1 Hr,Invalid
Banja Luka,PM2.5 - Principal,2023-10-04 01:00 AM,2023,10,04,01,-999.0,-999,N/A,10.0,UG/M3,1 Hr,Invalid
Banja Luka,PM2.5 - Principal,2023-10-04 02:00 AM,2023,10,04,02,-999.0,-999,N/A,10.0,UG/M3,1 Hr,Invalid
Banja Luka,PM2.5 - Principal,2023-10-04 03:00 AM,2023,10,04,03,-999.0,-999,N/A,10.0,UG/M3,1 Hr,Invalid
Banja Luka,PM2.5 - Principal,2023-10-04 04:00 AM,2023,10,04,04,-999.0,-999,N/A,10.0,UG/M3,1 Hr,Invalid
Banja Luka,PM2.5 - Principal,2023-10-04 05:00 AM,2023,10,04,05,-999.0,-999,N/A,10.0,UG/M3,1 Hr,Invalid
Banja Luka,PM2.5 - Principal,2023-10-04 06:00 AM,2023,10,04,06,-999.0,-999,N/A,10.0,UG/M3,1 Hr,Invalid
Banja Luka,PM2.5 - Principal,2023-10-04 07:00 AM,2023,10,04,07,-999.0,-999,N/A,10.0,UG/M3,1 Hr,Invalid
Banja Luka,PM2.5 - Principal,2023-10-04 08:00 AM,2023,10,04,08,-999.0,-999,N/A,10.0,UG/M3,1 Hr,Invalid
Banja Luka,PM2.5 - Principal,2023-10-04 09:00 AM,2023,10,04,09,-999.0,-999,N/A,10.0,UG/M3,1 Hr,Invalid
Banja Luka,PM2.5 - Principal,2023-10-04 10:00 AM,2023,10,04,10,-999.0,-999,N/A,10.0,UG/M3,1 Hr,Invalid
Banja Luka,PM2.5 - Principal,2023-10-04 11:00 AM,2023,10,04,11,-999.0,-999,N/A,10.0,UG/M3,1 Hr,Invalid
Banja Luka,PM2.5 - Principal,2023-10-04 12:00 PM,2023,10,04,12,-999.0,-999,N/A,14.0,UG/M3,1 Hr,Valid
Banja Luka,PM2.5 - Principal,2023-10-04 01:00 PM,2023,10,04,13,14.4,56,Moderate,14.9,UG/M3,1 Hr,Valid
Banja Luka,PM2.5 - Principal,2023-10-04 02:00 PM,2023,10,04,14,10.8,45,Good,7.8,UG/M3,1 Hr,Valid
Banja Luka,PM2.5 - Principal,2023-10-04 03:00 PM,2023,10,04,15,8.5,35,Good,6.7,UG/M3,1 Hr,Valid
Banja Luka,PM2.5 - Principal,2023-10-04 04:00 PM,2023,10,04,16,7.8,33,Good,7.2,UG/M3,1 Hr,Valid
Banja Luka,PM2.5 - Principal,2023-10-04 05:00 PM,2023,10,04,17,7.9,33,Good,8.1,UG/M3,1 Hr,Valid
Banja Luka,PM2.5 - Principal,2023-10-04 06:00 PM,2023,10,04,18,8.3,35,Good,8.6,UG/M3,1 Hr,Valid
Banja Luka,PM2.5 - Principal,2023-10-04 07:00 PM,2023,10,04,19,12.6,52,Moderate,16.8,UG/M3,1 Hr,Valid
Banja Luka,PM2.5 - Principal,2023-10-04 08:00 PM,2023,10,04,20,10.7,45,Good,8.7,UG/M3,1 Hr,Valid
Banja Luka,PM2.5 - Principal,2023-10-04 09:00 PM,2023,10,04,21,10.3,43,Good,10.0,UG/M3,1 Hr,Valid
Banja Luka,PM2.5 - Principal,2023-10-04 10:00 PM,2023,10,04,22,13.9,55,Moderate,17.4,UG/M3,1 Hr,Valid
Banja Luka,PM2.5 - Principal,2023-10-04 11:00 PM,2023,10,04,23,14.0,55,Moderate,14.1,UG/M3,1 Hr,Valid
Banja Luka,PM2.5 - Principal,2023-10-05 12:00 AM,2023,10,05,00,13.8,55,Moderate,13.7,UG/M3,1 Hr,Valid
Banja Luka,PM2.5 - Principal,2023-10-05 01:00 AM,2023,10,05,01,14.5,56,Moderate,15.1,UG/M3,1 Hr,Valid
Banja Luka,PM2.5 - Principal,2023-10-05 02:00 AM,2023,10,05,02,12.7,52,Moderate,10.9,UG/M3,1 Hr,Valid
Banja Luka,PM2.5 - Principal,2023-10-05 03:00 AM,2023,10,05,03,12.6,52,Moderate,12.6,UG/M3,1 Hr,Valid
Banja Luka,PM2.5 - Principal,2023-10-05 04:00 AM,2023,10,05,04,11.1,46,Good,9.6,UG/M3,1 Hr,Valid
Banja Luka,PM2.5 - Principal,2023-10-05 05:00 AM,2023,10,05,05,10.5,44,Good,9.8,UG/M3,1 Hr,Valid
Banja Luka,PM2.5 - Principal,2023-10-05 06:00 AM,2023,10,05,06,9.8,41,Good,9.1,UG/M3,1 Hr,Valid
Banja Luka,PM2.5 - Principal,2023-10-05 07:00 AM,2023,10,05,07,9.5,40,Good,9.2,UG/M3,1 Hr,Valid
Banja Luka,PM2.5 - Principal,2023-10-05 08:00 AM,2023,10,05,08,8.9,37,Good,8.4,UG/M3,1 Hr,Valid
Banja Luka,PM2.5 - Principal,2023-10-05 09:00 AM,2023,10,05,09,10.7,45,Good,12.4,UG/M3,1 Hr,Valid
Banja Luka,PM2.5 - Principal,2023-10-05 10:00 AM,2023,10,05,10,12.5,52,Moderate,14.9,UG/M3,1 Hr,Valid
Banja Luka,PM2.5 - Principal,2023-10-05 11:00 AM,2023,10,05,11,12.0,50,Good,11.3,UG/M3,1 Hr,Valid
Banja Luka,PM2.5 - Principal,2023-10-05 12:00 PM,2023,10,05,12,13.4,54,Moderate,15.1,UG/M3,1 Hr,Valid
Banja Luka,PM2.5 - Principal,2023-10-05 01:00 PM,2023,10,05,13,12.5,52,Moderate,11.4,UG/M3,1 Hr,Valid
Banja Luka,PM2.5 - Principal,2023-10-05 02:00 PM,2023,10,05,14,12.1,51,Moderate,11.5,UG/M3,1 Hr,Valid
Banja Luka,PM2.5 - Principal,2023-10-05 03:00 PM,2023,10,05,15,11.8,49,Good,11.5,UG/M3,1 Hr,Valid
Banja Luka,PM2.5 - Principal,2023-10-05 04:00 PM,2023,10,05,16,11.5,48,Good,11.1,UG/M3,1 Hr,Valid
Banja Luka,PM2.5 - Principal,2023-10-05 05:00 PM,2023,10,05,17,10.8,45,Good,9.9,UG/M3,1 Hr,Valid
Banja Luka,PM2.5 - Principal,2023-10-05 06:00 PM,2023,10,05,18,10.2,43,Good,9.4,UG/M3,1 Hr,Valid
Banja Luka,PM2.5 - Principal,2023-10-05 07:00 PM,2023,10,05,19,9.8,41,Good,9.4,UG/M3,1 Hr,Valid
Banja Luka,PM2.5 - Principal,2023-10-05 08:00 PM,2023,10,05,20,9.9,41,Good,9.9,UG/M3,1 Hr,Valid
Banja Luka,PM2.5 - Principal,2023-10-05 09:00 PM,2023,10,05,21,15.7,59,Moderate,21.6,UG/M3,1 Hr,Valid
Banja Luka,PM2.5 - Principal,2023-10-05 10:00 PM,2023,10,05,22,20.0,68,Moderate,24.3,UG/M3,1 Hr,Valid
Banja Luka,PM2.5 - Principal,2023-10-05 11:00 PM,2023,10,05,23,23.1,74,Moderate,26.2,UG/M3,1 Hr,Valid
Banja Luka,PM2.5 - Principal,2023-10-06 12:00 AM,2023,10,06,00,22.9,74,Moderate,22.7,UG/M3,1 Hr,Valid
Banja Luka,PM2.5 - Principal,2023-10-06 01:00 AM,2023,10,06,01,19.9,67,Moderate,16.9,UG/M3,1 Hr,Valid
Banja Luka,PM2.5 - Principal,2023-10-06 02:00 AM,2023,10,06,02,19.4,66,Moderate,19.0,UG/M3,1 Hr,Valid
Banja Luka,PM2.5 - Principal,2023-10-06 03:00 AM,2023,10,06,03,17.1,62,Moderate,14.8,UG/M3,1 Hr,Valid
Banja Luka,PM2.5 - Principal,2023-10-06 04:00 AM,2023,10,06,04,14.3,56,Moderate,11.6,UG/M3,1 Hr,Valid
Banja Luka,PM2.5 - Principal,2023-10-06 05:00 AM,2023,10,06,05,12.9,53,Moderate,11.4,UG/M3,1 Hr,Valid
Banja Luka,PM2.5 - Principal,2023-10-06 06:00 AM,2023,10,06,06,11.9,50,Good,10.9,UG/M3,1 Hr,Valid
Banja Luka,PM2.5 - Principal,2023-10-06 07:00 AM,2023,10,06,07,13.8,55,Moderate,15.7,UG/M3,1 Hr,Valid
Banja Luka,PM2.5 - Principal,2023-10-06 08:00 AM,2023,10,06,08,14.7,56,Moderate,15.6,UG/M3,1 Hr,Valid
Banja Luka,PM2.5 - Principal,2023-10-06 09:00 AM,2023,10,06,09,14.5,56,Moderate,14.3,UG/M3,1 Hr,Valid
Banja Luka,PM2.5 - Principal,2023-10-06 10:00 AM,2023,10,06,10,13.9,55,Moderate,13.2,UG/M3,1 Hr,Valid
Banja Luka,PM2.5 - Principal,2023-10-06 11:00 AM,2023,10,06,11,16.0,59,Moderate,18.0,UG/M3,1 Hr,Valid
Banja Luka,PM2.5 - Principal,2023-10-06 12:00 PM,2023,10,06,12,16.9,61,Moderate,18.6,UG/M3,1 Hr,Valid
Banja Luka,PM2.5 - Principal,2023-10-06 01:00 PM,2023,10,06,13,15.3,58,Moderate,13.0,UG/M3,1 Hr,Valid
Banja Luka,PM2.5 - Principal,2023-10-06 02:00 PM,2023,10,06,14,13.0,53,Moderate,10.2,UG/M3,1 Hr,Valid
Banja Luka,PM2.5 - Principal,2023-10-06 03:00 PM,2023,10,06,15,11.5,48,Good,9.9,UG/M3,1 Hr,Valid
Banja Luka,PM2.5 - Principal,2023-10-06 04:00 PM,2023,10,06,16,9.5,40,Good,7.8,UG/M3,1 Hr,Valid
Banja Luka,PM2.5 - Principal,2023-10-06 05:00 PM,2023,10,06,17,8.8,37,Good,8.1,UG/M3,1 Hr,Valid
Banja Luka,PM2.5 - Principal,2023-10-06 06:00 PM,2023,10,06,18,8.5,35,Good,8.1,UG/M3,1 Hr,Valid
Banja Luka,PM2.5 - Principal,2023-10-06 07:00 PM,2023,10,06,19,8.6,36,Good,8.7,UG/M3,1 Hr,Valid
Banja Luka,PM2.5 - Principal,2023-10-06 08:00 PM,2023,10,06,20,9.9,41,Good,11.2,UG/M3,1 Hr,Valid
Banja Luka,PM2.5 - Principal,2023-10-06 09:00 PM,2023,10,06,21,17.0,61,Moderate,24.2,UG/M3,1 Hr,Valid
Banja Luka,PM2.5 - Principal,2023-10-06 10:00 PM,2023,10,06,22,24.0,76,Moderate,31.0,UG/M3,1 Hr,Valid
Banja Luka,PM2.5 - Principal,2023-10-06 11:00 PM,2023,10,06,23,27.2,83,Moderate,30.4,UG/M3,1 Hr,Valid
Banja Luka,PM2.5 - Principal,2023-10-07 12:00 AM,2023,10,07,00,26.7,82,Moderate,26.1,UG/M3,1 Hr,Valid
Banja Luka,PM2.5 - Principal,2023-10-07 01:00 AM,2023,10,07,01,22.8,74,Moderate,18.9,UG/M3,1 Hr,Valid
Banja Luka,PM2.5 - Principal,2023-10-07 02:00 AM,2023,10,07,02,16.8,61,Moderate,10.8,UG/M3,1 Hr,Valid
Banja Luka,PM2.5 - Principal,2023-10-07 03:00 AM,2023,10,07,03,13.8,55,Moderate,10.8,UG/M3,1 Hr,Valid
Banja Luka,PM2.5 - Principal,2023-10-07 04:00 AM,2023,10,07,04,12.2,51,Moderate,10.6,UG/M3,1 Hr,Valid
Banja Luka,PM2.5 - Principal,2023-10-07 05:00 AM,2023,10,07,05,10.9,45,Good,9.7,UG/M3,1 Hr,Valid
Banja Luka,PM2.5 - Principal,2023-10-07 06:00 AM,2023,10,07,06,10.2,43,Good,9.4,UG/M3,1 Hr,Valid
Banja Luka,PM2.5 - Principal,2023-10-07 07:00 AM,2023,10,07,07,11.1,46,Good,12.1,UG/M3,1 Hr,Valid
Banja Luka,PM2.5 - Principal,2023-10-07 08:00 AM,2023,10,07,08,19.8,67,Moderate,28.5,UG/M3,1 Hr,Valid
Banja Luka,PM2.5 - Principal,2023-10-07 09:00 AM,2023,10,07,09,14.8,57,Moderate,9.7,UG/M3,1 Hr,Valid
Banja Luka,PM2.5 - Principal,2023-10-07 10:00 AM,2023,10,07,10,13.2,53,Moderate,11.6,UG/M3,1 Hr,Valid
Banja Luka,PM2.5 - Principal,2023-10-07 11:00 AM,2023,10,07,11,12.6,52,Moderate,12.0,UG/M3,1 Hr,Valid
Banja Luka,PM2.5 - Principal,2023-10-07 12:00 PM,2023,10,07,12,11.7,49,Good,10.7,UG/M3,1 Hr,Valid
Banja Luka,PM2.5 - Principal,2023-10-07 01:00 PM,2023,10,07,13,10.3,43,Good,9.1,UG/M3,1 Hr,Valid
Banja Luka,PM2.5 - Principal,2023-10-07 02:00 PM,2023,10,07,14,9.0,38,Good,7.6,UG/M3,1 Hr,Valid
Banja Luka,PM2.5 - Principal,2023-10-07 03:00 PM,2023,10,07,15,8.4,35,Good,7.9,UG/M3,1 Hr,Valid
Banja Luka,PM2.5 - Principal,2023-10-07 04:00 PM,2023,10,07,16,8.5,35,Good,8.6,UG/M3,1 Hr,Valid
Banja Luka,PM2.5 - Principal,2023-10-07 05:00 PM,2023,10,07,17,9.0,38,Good,9.4,UG/M3,1 Hr,Valid
Banja Luka,PM2.5 - Principal,2023-10-07 06:00 PM,2023,10,07,18,10.0,42,Good,10.9,UG/M3,1 Hr,Valid
Banja Luka,PM2.5 - Principal,2023-10-07 07:00 PM,2023,10,07,19,10.5,44,Good,11.0,UG/M3,1 Hr,Valid
Banja Luka,PM2.5 - Principal,2023-10-07 08:00 PM,2023,10,07,20,14.0,55,Moderate,17.4,UG/M3,1 Hr,Valid
Banja Luka,PM2.5 - Principal,2023-10-07 09:00 PM,2023,10,07,21,21.1,70,Moderate,28.3,UG/M3,1 Hr,Valid
Banja Luka,PM2.5 - Principal,2023-10-07 10:00 PM,2023,10,07,22,29.3,87,Moderate,37.5,UG/M3,1 Hr,Valid
Banja Luka,PM2.5 - Principal,2023-10-07 11:00 PM,2023,10,07,23,24.7,77,Moderate,20.0,UG/M3,1 Hr,Valid
Banja Luka,PM2.5 - Principal,2023-10-08 12:00 AM,2023,10,08,00,17.5,62,Moderate,10.4,UG/M3,1 Hr,Valid
Banja Luka,PM2.5 - Principal,2023-10-08 01:00 AM,2023,10,08,01,13.6,54,Moderate,9.7,UG/M3,1 Hr,Valid
Banja Luka,PM2.5 - Principal,2023-10-08 02:00 AM,2023,10,08,02,12.4,52,Moderate,11.3,UG/M3,1 Hr,Valid
Banja Luka,PM2.5 - Principal,2023-10-08 03:00 AM,2023,10,08,03,11.9,50,Good,11.3,UG/M3,1 Hr,Valid
Banja Luka,PM2.5 - Principal,2023-10-08 04:00 AM,2023,10,08,04,13.7,54,Moderate,15.5,UG/M3,1 Hr,Valid
Banja Luka,PM2.5 - Principal,2023-10-08 05:00 AM,2023,10,08,05,12.1,51,Moderate,10.5,UG/M3,1 Hr,Valid
Banja Luka,PM2.5 - Principal,2023-10-08 06:00 AM,2023,10,08,06,10.8,45,Good,9.4,UG/M3,1 Hr,Valid
Banja Luka,PM2.5 - Principal,2023-10-08 07:00 AM,2023,10,08,07,9.4,39,Good,8.0,UG/M3,1 Hr,Valid
Banja Luka,PM2.5 - Principal,2023-10-08 08:00 AM,2023,10,08,08,9.2,38,Good,9.0,UG/M3,1 Hr,Valid
Banja Luka,PM2.5 - Principal,2023-10-08 09:00 AM,2023,10,08,09,8.5,35,Good,7.9,UG/M3,1 Hr,Valid
Banja Luka,PM2.5 - Principal,2023-10-08 10:00 AM,2023,10,08,10,8.4,35,Good,8.3,UG/M3,1 Hr,Valid
Banja Luka,PM2.5 - Principal,2023-10-08 11:00 AM,2023,10,08,11,8.0,33,Good,7.6,UG/M3,1 Hr,Valid
Banja Luka,PM2.5 - Principal,2023-10-08 12:00 PM,2023,10,08,12,8.3,35,Good,8.7,UG/M3,1 Hr,Valid
Banja Luka,PM2.5 - Principal,2023-10-08 01:00 PM,2023,10,08,13,8.3,35,Good,8.2,UG/M3,1 Hr,Valid
Banja Luka,PM2.5 - Principal,2023-10-08 02:00 PM,2023,10,08,14,8.1,34,Good,7.9,UG/M3,1 Hr,Valid
Banja Luka,PM2.5 - Principal,2023-10-08 03:00 PM,2023,10,08,15,8.3,35,Good,8.5,UG/M3,1 Hr,Valid
Banja Luka,PM2.5 - Principal,2023-10-08 04:00 PM,2023,10,08,16,9.4,39,Good,11.5,UG/M3,1 Hr,Valid
Banja Luka,PM2.5 - Principal,2023-10-08 05:00 PM,2023,10,08,17,10.5,44,Good,12.1,UG/M3,1 Hr,Valid
Banja Luka,PM2.5 - Principal,2023-10-08 06:00 PM,2023,10,08,18,13.3,54,Moderate,15.5,UG/M3,1 Hr,Valid
Banja Luka,PM2.5 - Principal,2023-10-08 07:00 PM,2023,10,08,19,17.4,62,Moderate,21.6,UG/M3,1 Hr,Valid
Banja Luka,PM2.5 - Principal,2023-10-08 08:00 PM,2023,10,08,20,17.8,63,Moderate,18.1,UG/M3,1 Hr,Valid
Banja Luka,PM2.5 - Principal,2023-10-08 09:00 PM,2023,10,08,21,23.7,75,Moderate,29.6,UG/M3,1 Hr,Valid
Banja Luka,PM2.5 - Principal,2023-10-08 10:00 PM,2023,10,08,22,29.0,87,Moderate,34.4,UG/M3,1 Hr,Valid
Banja Luka,PM2.5 - Principal,2023-10-08 11:00 PM,2023,10,08,23,20.5,69,Moderate,11.9,UG/M3,1 Hr,Valid
Banja Luka,PM2.5 - Principal,2023-10-09 12:00 AM,2023,10,09,00,14.6,56,Moderate,8.7,UG/M3,1 Hr,Valid
Banja Luka,PM2.5 - Principal,2023-10-09 01:00 AM,2023,10,09,01,10.2,43,Good,5.8,UG/M3,1 Hr,Valid
Banja Luka,PM2.5 - Principal,2023-10-09 02:00 AM,2023,10,09,02,7.8,33,Good,5.5,UG/M3,1 Hr,Valid
Banja Luka,PM2.5 - Principal,2023-10-09 03:00 AM,2023,10,09,03,7.1,30,Good,6.5,UG/M3,1 Hr,Valid
Banja Luka,PM2.5 - Principal,2023-10-09 04:00 AM,2023,10,09,04,6.7,28,Good,6.3,UG/M3,1 Hr,Valid
Banja Luka,PM2.5 - Principal,2023-10-09 05:00 AM,2023,10,09,05,5.5,23,Good,4.3,UG/M3,1 Hr,Valid
Banja Luka,PM2.5 - Principal,2023-10-09 06:00 AM,2023,10,09,06,4.8,20,Good,4.1,UG/M3,1 Hr,Valid
Banja Luka,PM2.5 - Principal,2023-10-09 07:00 AM,2023,10,09,07,4.4,18,Good,4.0,UG/M3,1 Hr,Valid
Banja Luka,PM2.5 - Principal,2023-10-09 08:00 AM,2023,10,09,08,4.6,19,Good,4.7,UG/M3,1 Hr,Valid
Banja Luka,PM2.5 - Principal,2023-10-09 09:00 AM,2023,10,09,09,5.9,25,Good,7.2,UG/M3,1 Hr,Valid
Banja Luka,PM2.5 - Principal,2023-10-09 10:00 AM,2023,10,09,10,7.3,30,Good,8.7,UG/M3,1 Hr,Valid
Banja Luka,PM2.5 - Principal,2023-10-09 11:00 AM,2023,10,09,11,7.5,31,Good,7.6,UG/M3,1 Hr,Valid
Banja Luka,PM2.5 - Principal,2023-10-09 12:00 PM,2023,10,09,12,7.3,30,Good,7.1,UG/M3,1 Hr,Valid
Banja Luka,PM2.5 - Principal,2023-10-09 01:00 PM,2023,10,09,13,49.5,135,Unhealthy for Sensitive Groups,91.6,UG/M3,1 Hr,Valid
Banja Luka,PM2.5 - Principal,2023-10-09 02:00 PM,2023,10,09,14,35.3,100,Moderate,21.2,UG/M3,1 Hr,Valid
Banja Luka,PM2.5 - Principal,2023-10-09 03:00 PM,2023,10,09,15,24.8,78,Moderate,14.3,UG/M3,1 Hr,Valid
Banja Luka,PM2.5 - Principal,2023-10-09 04:00 PM,2023,10,09,16,18.6,65,Moderate,12.4,UG/M3,1 Hr,Valid
Banja Luka,PM2.5 - Principal,2023-10-09 05:00 PM,2023,10,09,17,15.6,58,Moderate,12.6,UG/M3,1 Hr,Valid
Banja Luka,PM2.5 - Principal,2023-10-09 06:00 PM,2023,10,09,18,16.4,60,Moderate,17.3,UG/M3,1 Hr,Valid
Banja Luka,PM2.5 - Principal,2023-10-09 07:00 PM,2023,10,09,19,16.9,61,Moderate,17.4,UG/M3,1 Hr,Valid
Banja Luka,PM2.5 - Principal,2023-10-09 08:00 PM,2023,10,09,20,19.4,66,Moderate,22.0,UG/M3,1 Hr,Valid
Banja Luka,PM2.5 - Principal,2023-10-09 09:00 PM,2023,10,09,21,22.6,73,Moderate,25.9,UG/M3,1 Hr,Valid
Banja Luka,PM2.5 - Principal,2023-10-09 10:00 PM,2023,10,09,22,25.6,79,Moderate,28.5,UG/M3,1 Hr,Valid
Banja Luka,PM2.5 - Principal,2023-10-09 11:00 PM,2023,10,09,23,29.7,88,Moderate,33.8,UG/M3,1 Hr,Valid
Banja Luka,PM2.5 - Principal,2023-10-10 12:00 AM,2023,10,10,00,35.7,101,Unhealthy for Sensitive Groups,41.8,UG/M3,1 Hr,Valid
Banja Luka,PM2.5 - Principal,2023-10-10 01:00 AM,2023,10,10,01,35.4,100,Moderate,35.2,UG/M3,1 Hr,Valid
Banja Luka,PM2.5 - Principal,2023-10-10 02:00 AM,2023,10,10,02,31.7,92,Moderate,27.9,UG/M3,1 Hr,Valid
Banja Luka,PM2.5 - Principal,2023-10-10 03:00 AM,2023,10,10,03,31.9,93,Moderate,32.2,UG/M3,1 Hr,Valid
Banja Luka,PM2.5 - Principal,2023-10-10 04:00 AM,2023,10,10,04,30.8,90,Moderate,29.6,UG/M3,1 Hr,Valid
Banja Luka,PM2.5 - Principal,2023-10-10 05:00 AM,2023,10,10,05,24.8,78,Moderate,18.8,UG/M3,1 Hr,Valid
Banja Luka,PM2.5 - Principal,2023-10-10 06:00 AM,2023,10,10,06,21.5,71,Moderate,18.2,UG/M3,1 Hr,Valid
Banja Luka,PM2.5 - Principal,2023-10-10 07:00 AM,2023,10,10,07,19.3,66,Moderate,17.1,UG/M3,1 Hr,Valid
Banja Luka,PM2.5 - Principal,2023-10-10 08:00 AM,2023,10,10,08,19.9,67,Moderate,20.6,UG/M3,1 Hr,Valid
Banja Luka,PM2.5 - Principal,2023-10-10 09:00 AM,2023,10,10,09,20.6,69,Moderate,21.2,UG/M3,1 Hr,Valid
Banja Luka,PM2.5 - Principal,2023-10-10 10:00 AM,2023,10,10,10,22.5,73,Moderate,24.4,UG/M3,1 Hr,Valid
Banja Luka,PM2.5 - Principal,2023-10-10 11:00 AM,2023,10,10,11,21.5,71,Moderate,20.6,UG/M3,1 Hr,Valid
Banja Luka,PM2.5 - Principal,2023-10-10 12:00 PM,2023,10,10,12,19.2,66,Moderate,16.8,UG/M3,1 Hr,Valid
Banja Luka,PM2.5 - Principal,2023-10-10 01:00 PM,2023,10,10,13,19.7,67,Moderate,20.1,UG/M3,1 Hr,Valid
Banja Luka,PM2.5 - Principal,2023-10-10 02:00 PM,2023,10,10,14,18.2,64,Moderate,16.6,UG/M3,1 Hr,Valid
Banja Luka,PM2.5 - Principal,2023-10-10 03:00 PM,2023,10,10,15,17.3,62,Moderate,16.1,UG/M3,1 Hr,Valid
Banja Luka,PM2.5 - Principal,2023-10-10 04:00 PM,2023,10,10,16,15.8,59,Moderate,13.7,UG/M3,1 Hr,Valid
Banja Luka,PM2.5 - Principal,2023-10-10 05:00 PM,2023,10,10,17,15.6,58,Moderate,15.3,UG/M3,1 Hr,Valid
Banja Luka,PM2.5 - Principal,2023-10-10 06:00 PM,2023,10,10,18,15.3,58,Moderate,15.1,UG/M3,1 Hr,Valid
Banja Luka,PM2.5 - Principal,2023-10-10 07:00 PM,2023,10,10,19,17.4,62,Moderate,20.0,UG/M3,1 Hr,Valid
Banja Luka,PM2.5 - Principal,2023-10-10 08:00 PM,2023,10,10,20,15.8,59,Moderate,13.8,UG/M3,1 Hr,Valid
Banja Luka,PM2.5 - Principal,2023-10-10 09:00 PM,2023,10,10,21,16.8,61,Moderate,18.1,UG/M3,1 Hr,Valid
Banja Luka,PM2.5 - Principal,2023-10-10 10:00 PM,2023,10,10,22,18.0,63,Moderate,20.6,UG/M3,1 Hr,Valid
Banja Luka,PM2.5 - Principal,2023-10-10 11:00 PM,2023,10,10,23,27.1,83,Moderate,35.4,UG/M3,1 Hr,Valid
Banja Luka,PM2.5 - Principal,2023-10-11 12:00 AM,2023,10,11,00,28.3,85,Moderate,29.6,UG/M3,1 Hr,Valid
Banja Luka,PM2.5 - Principal,2023-10-11 01:00 AM,2023,10,11,01,27.1,83,Moderate,25.9,UG/M3,1 Hr,Valid
Banja Luka,PM2.5 - Principal,2023-10-11 02:00 AM,2023,10,11,02,26.2,81,Moderate,25.3,UG/M3,1 Hr,Valid
Banja Luka,PM2.5 - Principal,2023-10-11 03:00 AM,2023,10,11,03,24.5,77,Moderate,22.9,UG/M3,1 Hr,Valid
Banja Luka,PM2.5 - Principal,2023-10-11 04:00 AM,2023,10,11,04,22.6,73,Moderate,20.6,UG/M3,1 Hr,Valid
Banja Luka,PM2.5 - Principal,2023-10-11 05:00 AM,2023,10,11,05,21.4,71,Moderate,20.2,UG/M3,1 Hr,Valid
Banja Luka,PM2.5 - Principal,2023-10-11 06:00 AM,2023,10,11,06,20.5,69,Moderate,19.6,UG/M3,1 Hr,Valid
Banja Luka,PM2.5 - Principal,2023-10-11 07:00 AM,2023,10,11,07,20.3,68,Moderate,20.0,UG/M3,1 Hr,Valid
Banja Luka,PM2.5 - Principal,2023-10-11 08:00 AM,2023,10,11,08,19.5,67,Moderate,18.7,UG/M3,1 Hr,Valid
Banja Luka,PM2.5 - Principal,2023-10-11 09:00 AM,2023,10,11,09,21.1,70,Moderate,22.9,UG/M3,1 Hr,Valid
Banja Luka,PM2.5 - Principal,2023-10-11 10:00 AM,2023,10,11,10,23.3,75,Moderate,25.8,UG/M3,1 Hr,Valid
Banja Luka,PM2.5 - Principal,2023-10-11 11:00 AM,2023,10,11,11,20.2,68,Moderate,16.6,UG/M3,1 Hr,Valid
Banja Luka,PM2.5 - Principal,2023-10-11 12:00 PM,2023,10,11,12,19.2,66,Moderate,17.0,UG/M3,1 Hr,Valid
Banja Luka,PM2.5 - Principal,2023-10-11 01:00 PM,2023,10,11,13,18.3,64,Moderate,16.8,UG/M3,1 Hr,Valid
Banja Luka,PM2.5 - Principal,2023-10-11 02:00 PM,2023,10,11,14,18.2,64,Moderate,17.9,UG/M3,1 Hr,Valid
Banja Luka,PM2.5 - Principal,2023-10-11 03:00 PM,2023,10,11,15,17.9,63,Moderate,17.5,UG/M3,1 Hr,Valid
Banja Luka,PM2.5 - Principal,2023-10-11 04:00 PM,2023,10,11,16,17.9,63,Moderate,17.9,UG/M3,1 Hr,Valid
Banja Luka,PM2.5 - Principal,2023-10-11 05:00 PM,2023,10,11,17,15.3,58,Moderate,12.8,UG/M3,1 Hr,Valid
Banja Luka,PM2.5 - Principal,2023-10-11 06:00 PM,2023,10,11,18,13.6,54,Moderate,11.9,UG/M3,1 Hr,Valid
Banja Luka,PM2.5 - Principal,2023-10-11 07:00 PM,2023,10,11,19,14.2,55,Moderate,14.9,UG/M3,1 Hr,Valid
Banja Luka,PM2.5 - Principal,2023-10-11 08:00 PM,2023,10,11,20,15.2,58,Moderate,16.1,UG/M3,1 Hr,Valid
Banja Luka,PM2.5 - Principal,2023-10-11 09:00 PM,2023,10,11,21,22.4,73,Moderate,29.7,UG/M3,1 Hr,Valid
Banja Luka,PM2.5 - Principal,2023-10-11 10:00 PM,2023,10,11,22,27.9,84,Moderate,33.5,UG/M3,1 Hr,Valid
Banja Luka,PM2.5 - Principal,2023-10-11 11:00 PM,2023,10,11,23,32.0,93,Moderate,36.0,UG/M3,1 Hr,Valid
Banja Luka,PM2.5 - Principal,2023-10-12 12:00 AM,2023,10,12,00,32.8,95,Moderate,33.7,UG/M3,1 Hr,Valid
Banja Luka,PM2.5 - Principal,2023-10-12 01:00 AM,2023,10,12,01,33.4,96,Moderate,34.0,UG/M3,1 Hr,Valid
Banja Luka,PM2.5 - Principal,2023-10-12 02:00 AM,2023,10,12,02,30.4,89,Moderate,27.4,UG/M3,1 Hr,Valid
Banja Luka,PM2.5 - Principal,2023-10-12 03:00 AM,2023,10,12,03,23.4,75,Moderate,16.5,UG/M3,1 Hr,Valid
Banja Luka,PM2.5 - Principal,2023-10-12 04:00 AM,2023,10,12,04,24.7,77,Moderate,26.0,UG/M3,1 Hr,Valid
Banja Luka,PM2.5 - Principal,2023-10-12 05:00 AM,2023,10,12,05,23.8,76,Moderate,22.8,UG/M3,1 Hr,Valid
Banja Luka,PM2.5 - Principal,2023-10-12 06:00 AM,2023,10,12,06,19.6,67,Moderate,15.5,UG/M3,1 Hr,Valid
Banja Luka,PM2.5 - Principal,2023-10-12 07:00 AM,2023,10,12,07,18.4,64,Moderate,17.1,UG/M3,1 Hr,Valid
Banja Luka,PM2.5 - Principal,2023-10-12 08:00 AM,2023,10,12,08,18.5,64,Moderate,18.6,UG/M3,1 Hr,Valid
Banja Luka,PM2.5 - Principal,2023-10-12 09:00 AM,2023,10,12,09,20.0,68,Moderate,21.4,UG/M3,1 Hr,Valid
Banja Luka,PM2.5 - Principal,2023-10-12 10:00 AM,2023,10,12,10,22.0,72,Moderate,24.1,UG/M3,1 Hr,Valid
Banja Luka,PM2.5 - Principal,2023-10-12 11:00 AM,2023,10,12,11,24.4,77,Moderate,26.8,UG/M3,1 Hr,Valid
Banja Luka,PM2.5 - Principal,2023-10-12 12:00 PM,2023,10,12,12,21.3,70,Moderate,18.1,UG/M3,1 Hr,Valid
Banja Luka,PM2.5 - Principal,2023-10-12 01:00 PM,2023,10,12,13,20.5,69,Moderate,19.3,UG/M3,1 Hr,Valid
Banja Luka,PM2.5 - Principal,2023-10-12 02:00 PM,2023,10,12,14,16.6,60,Moderate,13.0,UG/M3,1 Hr,Valid
Banja Luka,PM2.5 - Principal,2023-10-12 03:00 PM,2023,10,12,15,15.1,57,Moderate,13.5,UG/M3,1 Hr,Valid
Banja Luka,PM2.5 - Principal,2023-10-12 04:00 PM,2023,10,12,16,14.2,55,Moderate,13.4,UG/M3,1 Hr,Valid
Banja Luka,PM2.5 - Principal,2023-10-12 05:00 PM,2023,10,12,17,13.1,53,Moderate,12.0,UG/M3,1 Hr,Valid
Banja Luka,PM2.5 - Principal,2023-10-12 06:00 PM,2023,10,12,18,13.1,53,Moderate,13.1,UG/M3,1 Hr,Valid
Banja Luka,PM2.5 - Principal,2023-10-12 07:00 PM,2023,10,12,19,15.1,57,Moderate,17.0,UG/M3,1 Hr,Valid
Banja Luka,PM2.5 - Principal,2023-10-12 08:00 PM,2023,10,12,20,16.9,61,Moderate,18.8,UG/M3,1 Hr,Valid
Banja Luka,PM2.5 - Principal,2023-10-12 09:00 PM,2023,10,12,21,19.1,66,Moderate,21.2,UG/M3,1 Hr,Valid
Banja Luka,PM2.5 - Principal,2023-10-12 10:00 PM,2023,10,12,22,24.3,77,Moderate,29.5,UG/M3,1 Hr,Valid
Banja Luka,PM2.5 - Principal,2023-10-12 11:00 PM,2023,10,12,23,28.2,85,Moderate,32.1,UG/M3,1 Hr,Valid
Banja Luka,PM2.5 - Principal,2023-10-13 12:00 AM,2023,10,13,00,25.0,78,Moderate,21.7,UG/M3,1 Hr,Valid
Banja Luka,PM2.5 - Principal,2023-10-13 01:00 AM,2023,10,13,01,20.6,69,Moderate,16.3,UG/M3,1 Hr,Valid
Banja Luka,PM2.5 - Principal,2023-10-13 02:00 AM,2023,10,13,02,17.0,61,Moderate,13.3,UG/M3,1 Hr,Valid
Banja Luka,PM2.5 - Principal,2023-10-13 03:00 AM,2023,10,13,03,14.7,56,Moderate,12.5,UG/M3,1 Hr,Valid
Banja Luka,PM2.5 - Principal,2023-10-13 04:00 AM,2023,10,13,04,13.3,54,Moderate,11.9,UG/M3,1 Hr,Valid
Banja Luka,PM2.5 - Principal,2023-10-13 05:00 AM,2023,10,13,05,13.6,54,Moderate,13.9,UG/M3,1 Hr,Valid
Banja Luka,PM2.5 - Principal,2023-10-13 06:00 AM,2023,10,13,06,12.8,52,Moderate,12.0,UG/M3,1 Hr,Valid
Banja Luka,PM2.5 - Principal,2023-10-13 07:00 AM,2023,10,13,07,12.3,51,Moderate,11.7,UG/M3,1 Hr,Valid
Banja Luka,PM2.5 - Principal,2023-10-13 08:00 AM,2023,10,13,08,12.3,51,Moderate,12.4,UG/M3,1 Hr,Valid
Banja Luka,PM2.5 - Principal,2023-10-13 09:00 AM,2023,10,13,09,12.9,53,Moderate,13.4,UG/M3,1 Hr,Valid
Banja Luka,PM2.5 - Principal,2023-10-13 10:00 AM,2023,10,13,10,14.1,55,Moderate,15.4,UG/M3,1 Hr,Valid
Banja Luka,PM2.5 - Principal,2023-10-13 11:00 AM,2023,10,13,11,15.2,58,Moderate,16.6,UG/M3,1 Hr,Valid
Banja Luka,PM2.5 - Principal,2023-10-13 12:00 PM,2023,10,13,12,14.4,56,Moderate,14.3,UG/M3,1 Hr,Valid
Banja Luka,PM2.5 - Principal,2023-10-13 01:00 PM,2023,10,13,13,14.3,56,Moderate,13.9,UG/M3,1 Hr,Valid
Banja Luka,PM2.5 - Principal,2023-10-13 02:00 PM,2023,10,13,14,13.8,55,Moderate,12.7,UG/M3,1 Hr,Valid
Banja Luka,PM2.5 - Principal,2023-10-13 03:00 PM,2023,10,13,15,13.7,54,Moderate,13.6,UG/M3,1 Hr,Valid
Banja Luka,PM2.5 - Principal,2023-10-13 04:00 PM,2023,10,13,16,14.5,56,Moderate,16.3,UG/M3,1 Hr,Valid
Banja Luka,PM2.5 - Principal,2023-10-13 05:00 PM,2023,10,13,17,14.5,56,Moderate,14.3,UG/M3,1 Hr,Valid
Banja Luka,PM2.5 - Principal,2023-10-13 06:00 PM,2023,10,13,18,14.6,56,Moderate,15.0,UG/M3,1 Hr,Valid
Banja Luka,PM2.5 - Principal,2023-10-13 07:00 PM,2023,10,13,19,14.7,56,Moderate,14.9,UG/M3,1 Hr,Valid
Banja Luka,PM2.5 - Principal,2023-10-13 08:00 PM,2023,10,13,20,19.6,67,Moderate,24.6,UG/M3,1 Hr,Valid
Banja Luka,PM2.5 - Principal,2023-10-13 09:00 PM,2023,10,13,21,24.7,77,Moderate,29.7,UG/M3,1 Hr,Valid
Banja Luka,PM2.5 - Principal,2023-10-13 10:00 PM,2023,10,13,22,27.9,84,Moderate,31.0,UG/M3,1 Hr,Valid
Banja Luka,PM2.5 - Principal,2023-10-13 11:00 PM,2023,10,13,23,32.4,94,Moderate,37.0,UG/M3,1 Hr,Valid
Banja Luka,PM2.5 - Principal,2023-10-14 12:00 AM,2023,10,14,00,26.8,82,Moderate,21.2,UG/M3,1 Hr,Valid
Banja Luka,PM2.5 - Principal,2023-10-14 01:00 AM,2023,10,14,01,23.3,75,Moderate,19.8,UG/M3,1 Hr,Valid
Banja Luka,PM2.5 - Principal,2023-10-14 02:00 AM,2023,10,14,02,28.7,86,Moderate,34.1,UG/M3,1 Hr,Valid
Banja Luka,PM2.5 - Principal,2023-10-14 03:00 AM,2023,10,14,03,23.3,75,Moderate,17.8,UG/M3,1 Hr,Valid
Banja Luka,PM2.5 - Principal,2023-10-14 04:00 AM,2023,10,14,04,19.6,67,Moderate,15.9,UG/M3,1 Hr,Valid
Banja Luka,PM2.5 - Principal,2023-10-14 05:00 AM,2023,10,14,05,20.2,68,Moderate,20.7,UG/M3,1 Hr,Valid
Banja Luka,PM2.5 - Principal,2023-10-14 06:00 AM,2023,10,14,06,18.5,64,Moderate,16.9,UG/M3,1 Hr,Valid
Banja Luka,PM2.5 - Principal,2023-10-14 07:00 AM,2023,10,14,07,18.8,65,Moderate,19.1,UG/M3,1 Hr,Valid
Banja Luka,PM2.5 - Principal,2023-10-14 08:00 AM,2023,10,14,08,18.3,64,Moderate,17.8,UG/M3,1 Hr,Valid
Banja Luka,PM2.5 - Principal,2023-10-14 09:00 AM,2023,10,14,09,18.9,65,Moderate,19.6,UG/M3,1 Hr,Valid
Banja Luka,PM2.5 - Principal,2023-10-14 10:00 AM,2023,10,14,10,19.6,67,Moderate,20.2,UG/M3,1 Hr,Valid
Banja Luka,PM2.5 - Principal,2023-10-14 11:00 AM,2023,10,14,11,24.3,77,Moderate,29.0,UG/M3,1 Hr,Valid
Banja Luka,PM2.5 - Principal,2023-10-14 12:00 PM,2023,10,14,12,17.9,63,Moderate,11.4,UG/M3,1 Hr,Valid
Banja Luka,PM2.5 - Principal,2023-10-14 01:00 PM,2023,10,14,13,14.3,56,Moderate,10.7,UG/M3,1 Hr,Valid
Banja Luka,PM2.5 - Principal,2023-10-14 02:00 PM,2023,10,14,14,12.7,52,Moderate,11.1,UG/M3,1 Hr,Valid
Banja Luka,PM2.5 - Principal,2023-10-14 03:00 PM,2023,10,14,15,12.0,50,Good,11.2,UG/M3,1 Hr,Valid
Banja Luka,PM2.5 - Principal,2023-10-14 04:00 PM,2023,10,14,16,12.0,50,Good,12.1,UG/M3,1 Hr,Valid
Banja Luka,PM2.5 - Principal,2023-10-14 05:00 PM,2023,10,14,17,12.6,52,Moderate,13.1,UG/M3,1 Hr,Valid
Banja Luka,PM2.5 - Principal,2023-10-14 06:00 PM,2023,10,14,18,13.6,54,Moderate,14.6,UG/M3,1 Hr,Valid
Banja Luka,PM2.5 - Principal,2023-10-14 07:00 PM,2023,10,14,19,14.0,55,Moderate,14.4,UG/M3,1 Hr,Valid
Banja Luka,PM2.5 - Principal,2023-10-14 08:00 PM,2023,10,14,20,17.5,62,Moderate,21.1,UG/M3,1 Hr,Valid
Banja Luka,PM2.5 - Principal,2023-10-14 09:00 PM,2023,10,14,21,22.8,74,Moderate,28.1,UG/M3,1 Hr,Valid
Banja Luka,PM2.5 - Principal,2023-10-14 10:00 PM,2023,10,14,22,23.5,75,Moderate,24.2,UG/M3,1 Hr,Valid
Banja Luka,PM2.5 - Principal,2023-10-14 11:00 PM,2023,10,14,23,22.5,73,Moderate,21.4,UG/M3,1 Hr,Valid
Banja Luka,PM2.5 - Principal,2023-10-15 12:00 AM,2023,10,15,00,21.3,70,Moderate,20.2,UG/M3,1 Hr,Valid
Banja Luka,PM2.5 - Principal,2023-10-15 01:00 AM,2023,10,15,01,21.2,70,Moderate,21.2,UG/M3,1 Hr,Valid
Banja Luka,PM2.5 - Principal,2023-10-15 02:00 AM,2023,10,15,02,22.1,72,Moderate,22.9,UG/M3,1 Hr,Valid
Banja Luka,PM2.5 - Principal,2023-10-15 03:00 AM,2023,10,15,03,23.5,75,Moderate,24.9,UG/M3,1 Hr,Valid
Banja Luka,PM2.5 - Principal,2023-10-15 04:00 AM,2023,10,15,04,22.5,73,Moderate,21.6,UG/M3,1 Hr,Valid
Banja Luka,PM2.5 - Principal,2023-10-15 05:00 AM,2023,10,15,05,20.5,69,Moderate,18.4,UG/M3,1 Hr,Valid
Banja Luka,PM2.5 - Principal,2023-10-15 06:00 AM,2023,10,15,06,17.0,61,Moderate,13.6,UG/M3,1 Hr,Valid
Banja Luka,PM2.5 - Principal,2023-10-15 07:00 AM,2023,10,15,07,15.5,58,Moderate,14.1,UG/M3,1 Hr,Valid
Banja Luka,PM2.5 - Principal,2023-10-15 08:00 AM,2023,10,15,08,14.7,56,Moderate,13.8,UG/M3,1 Hr,Valid
Banja Luka,PM2.5 - Principal,2023-10-15 09:00 AM,2023,10,15,09,13.5,54,Moderate,12.4,UG/M3,1 Hr,Valid
Banja Luka,PM2.5 - Principal,2023-10-15 10:00 AM,2023,10,15,10,11.3,47,Good,9.1,UG/M3,1 Hr,Valid
Banja Luka,PM2.5 - Principal,2023-10-15 11:00 AM,2023,10,15,11,8.7,36,Good,6.0,UG/M3,1 Hr,Valid
Banja Luka,PM2.5 - Principal,2023-10-15 12:00 PM,2023,10,15,12,8.1,34,Good,7.6,UG/M3,1 Hr,Valid
Banja Luka,PM2.5 - Principal,2023-10-15 01:00 PM,2023,10,15,13,6.6,28,Good,5.2,UG/M3,1 Hr,Valid
Banja Luka,PM2.5 - Principal,2023-10-15 02:00 PM,2023,10,15,14,5.6,23,Good,4.6,UG/M3,1 Hr,Valid
Banja Luka,PM2.5 - Principal,2023-10-15 03:00 PM,2023,10,15,15,6.1,25,Good,6.5,UG/M3,1 Hr,Valid
Banja Luka,PM2.5 - Principal,2023-10-15 04:00 PM,2023,10,15,16,6.1,25,Good,6.1,UG/M3,1 Hr,Valid
Banja Luka,PM2.5 - Principal,2023-10-15 05:00 PM,2023,10,15,17,6.7,28,Good,7.4,UG/M3,1 Hr,Valid
Banja Luka,PM2.5 - Principal,2023-10-15 06:00 PM,2023,10,15,18,6.6,28,Good,6.4,UG/M3,1 Hr,Valid
Banja Luka,PM2.5 - Principal,2023-10-15 07:00 PM,2023,10,15,19,6.2,26,Good,5.7,UG/M3,1 Hr,Valid
Banja Luka,PM2.5 - Principal,2023-10-15 08:00 PM,2023,10,15,20,6.2,26,Good,6.3,UG/M3,1 Hr,Valid
Banja Luka,PM2.5 - Principal,2023-10-15 09:00 PM,2023,10,15,21,7.3,30,Good,8.4,UG/M3,1 Hr,Valid
Banja Luka,PM2.5 - Principal,2023-10-15 10:00 PM,2023,10,15,22,9.2,38,Good,11.1,UG/M3,1 Hr,Valid
Banja Luka,PM2.5 - Principal,2023-10-15 11:00 PM,2023,10,15,23,9.1,38,Good,9.0,UG/M3,1 Hr,Valid
Banja Luka,PM2.5 - Principal,2023-10-16 12:00 AM,2023,10,16,00,8.1,34,Good,7.1,UG/M3,1 Hr,Valid
Banja Luka,PM2.5 - Principal,2023-10-16 01:00 AM,2023,10,16,01,8.4,35,Good,8.7,UG/M3,1 Hr,Valid
Banja Luka,PM2.5 - Principal,2023-10-16 02:00 AM,2023,10,16,02,8.2,34,Good,7.9,UG/M3,1 Hr,Valid
Banja Luka,PM2.5 - Principal,2023-10-16 03:00 AM,2023,10,16,03,10.9,45,Good,13.6,UG/M3,1 Hr,Valid
Banja Luka,PM2.5 - Principal,2023-10-16 04:00 AM,2023,10,16,04,10.0,42,Good,9.1,UG/M3,1 Hr,Valid
Banja Luka,PM2.5 - Principal,2023-10-16 05:00 AM,2023,10,16,05,8.5,35,Good,7.1,UG/M3,1 Hr,Valid
Banja Luka,PM2.5 - Principal,2023-10-16 06:00 AM,2023,10,16,06,11.0,46,Good,13.6,UG/M3,1 Hr,Valid
Banja Luka,PM2.5 - Principal,2023-10-16 07:00 AM,2023,10,16,07,9.2,38,Good,7.3,UG/M3,1 Hr,Valid
Banja Luka,PM2.5 - Principal,2023-10-16 08:00 AM,2023,10,16,08,7.4,31,Good,5.7,UG/M3,1 Hr,Valid
Banja Luka,PM2.5 - Principal,2023-10-16 09:00 AM,2023,10,16,09,7.9,33,Good,8.4,UG/M3,1 Hr,Valid
Banja Luka,PM2.5 - Principal,2023-10-16 10:00 AM,2023,10,16,10,13.4,54,Moderate,18.9,UG/M3,1 Hr,Valid
Banja Luka,PM2.5 - Principal,2023-10-16 11:00 AM,2023,10,16,11,14.1,55,Moderate,14.9,UG/M3,1 Hr,Valid
Banja Luka,PM2.5 - Principal,2023-10-16 12:00 PM,2023,10,16,12,16.4,60,Moderate,18.7,UG/M3,1 Hr,Valid
Banja Luka,PM2.5 - Principal,2023-10-16 01:00 PM,2023,10,16,13,13.6,54,Moderate,10.9,UG/M3,1 Hr,Valid
Banja Luka,PM2.5 - Principal,2023-10-16 02:00 PM,2023,10,16,14,10.1,42,Good,6.6,UG/M3,1 Hr,Valid
Banja Luka,PM2.5 - Principal,2023-10-16 03:00 PM,2023,10,16,15,7.1,30,Good,4.1,UG/M3,1 Hr,Valid
Banja Luka,PM2.5 - Principal,2023-10-16 04:00 PM,2023,10,16,16,5.5,23,Good,4.0,UG/M3,1 Hr,Valid
Banja Luka,PM2.5 - Principal,2023-10-16 05:00 PM,2023,10,16,17,5.3,22,Good,5.1,UG/M3,1 Hr,Valid
Banja Luka,PM2.5 - Principal,2023-10-16 06:00 PM,2023,10,16,18,5.3,22,Good,5.4,UG/M3,1 Hr,Valid
Banja Luka,PM2.5 - Principal,2023-10-16 07:00 PM,2023,10,16,19,5.7,24,Good,6.1,UG/M3,1 Hr,Valid
Banja Luka,PM2.5 - Principal,2023-10-16 08:00 PM,2023,10,16,20,7.4,31,Good,9.0,UG/M3,1 Hr,Valid
Banja Luka,PM2.5 - Principal,2023-10-16 09:00 PM,2023,10,16,21,8.4,35,Good,9.5,UG/M3,1 Hr,Valid
Banja Luka,PM2.5 - Principal,2023-10-16 10:00 PM,2023,10,16,22,43.8,121,Unhealthy for Sensitive Groups,79.1,UG/M3,1 Hr,Valid
Banja Luka,PM2.5 - Principal,2023-10-16 11:00 PM,2023,10,16,23,53.0,144,Unhealthy for Sensitive Groups,62.2,UG/M3,1 Hr,Valid
Banja Luka,PM2.5 - Principal,2023-10-17 12:00 AM,2023,10,17,00,57.4,152,Unhealthy,61.8,UG/M3,1 Hr,Valid
Banja Luka,PM2.5 - Principal,2023-10-17 01:00 AM,2023,10,17,01,59.8,153,Unhealthy,62.1,UG/M3,1 Hr,Valid
Banja Luka,PM2.5 - Principal,2023-10-17 02:00 AM,2023,10,17,02,52.3,142,Unhealthy for Sensitive Groups,44.7,UG/M3,1 Hr,Valid
Banja Luka,PM2.5 - Principal,2023-10-17 03:00 AM,2023,10,17,03,47.8,131,Unhealthy for Sensitive Groups,43.4,UG/M3,1 Hr,Valid
Banja Luka,PM2.5 - Principal,2023-10-17 04:00 AM,2023,10,17,04,39.5,111,Unhealthy for Sensitive Groups,31.2,UG/M3,1 Hr,Valid
Banja Luka,PM2.5 - Principal,2023-10-17 05:00 AM,2023,10,17,05,30.0,89,Moderate,20.5,UG/M3,1 Hr,Valid
Banja Luka,PM2.5 - Principal,2023-10-17 06:00 AM,2023,10,17,06,23.3,75,Moderate,16.6,UG/M3,1 Hr,Valid
Banja Luka,PM2.5 - Principal,2023-10-17 07:00 AM,2023,10,17,07,22.2,72,Moderate,21.1,UG/M3,1 Hr,Valid
Banja Luka,PM2.5 - Principal,2023-10-17 08:00 AM,2023,10,17,08,19.1,66,Moderate,15.9,UG/M3,1 Hr,Valid
Banja Luka,PM2.5 - Principal,2023-10-17 09:00 AM,2023,10,17,09,19.7,67,Moderate,20.3,UG/M3,1 Hr,Valid
Banja Luka,PM2.5 - Principal,2023-10-17 10:00 AM,2023,10,17,10,22.0,72,Moderate,24.4,UG/M3,1 Hr,Valid
Banja Luka,PM2.5 - Principal,2023-10-17 11:00 AM,2023,10,17,11,21.4,71,Moderate,20.7,UG/M3,1 Hr,Valid
Banja Luka,PM2.5 - Principal,2023-10-17 12:00 PM,2023,10,17,12,30.4,89,Moderate,39.5,UG/M3,1 Hr,Valid
Banja Luka,PM2.5 - Principal,2023-10-17 01:00 PM,2023,10,17,13,30.5,90,Moderate,30.6,UG/M3,1 Hr,Valid
Banja Luka,PM2.5 - Principal,2023-10-17 02:00 PM,2023,10,17,14,27.5,83,Moderate,24.6,UG/M3,1 Hr,Valid
Banja Luka,PM2.5 - Principal,2023-10-17 03:00 PM,2023,10,17,15,26.5,81,Moderate,25.4,UG/M3,1 Hr,Valid
Banja Luka,PM2.5 - Principal,2023-10-17 04:00 PM,2023,10,17,16,24.5,77,Moderate,22.4,UG/M3,1 Hr,Valid
Banja Luka,PM2.5 - Principal,2023-10-17 05:00 PM,2023,10,17,17,21.7,71,Moderate,18.9,UG/M3,1 Hr,Valid
Banja Luka,PM2.5 - Principal,2023-10-17 06:00 PM,2023,10,17,18,19.0,66,Moderate,16.3,UG/M3,1 Hr,Valid
Banja Luka,PM2.5 - Principal,2023-10-17 07:00 PM,2023,10,17,19,18.9,65,Moderate,18.7,UG/M3,1 Hr,Valid
Banja Luka,PM2.5 - Principal,2023-10-17 08:00 PM,2023,10,17,20,21.0,70,Moderate,23.1,UG/M3,1 Hr,Valid
Banja Luka,PM2.5 - Principal,2023-10-17 09:00 PM,2023,10,17,21,58.5,153,Unhealthy,96.0,UG/M3,1 Hr,Valid
Banja Luka,PM2.5 - Principal,2023-10-17 10:00 PM,2023,10,17,22,73.6,160,Unhealthy,88.7,UG/M3,1 Hr,Valid
Banja Luka,PM2.5 - Principal,2023-10-17 11:00 PM,2023,10,17,23,82.5,165,Unhealthy,91.3,UG/M3,1 Hr,Valid
Banja Luka,PM2.5 - Principal,2023-10-18 12:00 AM,2023,10,18,00,82.0,165,Unhealthy,81.5,UG/M3,1 Hr,Valid
Banja Luka,PM2.5 - Principal,2023-10-18 01:00 AM,2023,10,18,01,76.3,162,Unhealthy,70.6,UG/M3,1 Hr,Valid
Banja Luka,PM2.5 - Principal,2023-10-18 02:00 AM,2023,10,18,02,66.2,157,Unhealthy,56.1,UG/M3,1 Hr,Valid
Banja Luka,PM2.5 - Principal,2023-10-18 03:00 AM,2023,10,18,03,54.6,148,Unhealthy for Sensitive Groups,43.0,UG/M3,1 Hr,Valid
Banja Luka,PM2.5 - Principal,2023-10-18 04:00 AM,2023,10,18,04,46.1,127,Unhealthy for Sensitive Groups,37.5,UG/M3,1 Hr,Valid
Banja Luka,PM2.5 - Principal,2023-10-18 05:00 AM,2023,10,18,05,41.0,115,Unhealthy for Sensitive Groups,35.9,UG/M3,1 Hr,Valid
Banja Luka,PM2.5 - Principal,2023-10-18 06:00 AM,2023,10,18,06,34.1,97,Moderate,27.3,UG/M3,1 Hr,Valid
Banja Luka,PM2.5 - Principal,2023-10-18 07:00 AM,2023,10,18,07,29.8,88,Moderate,25.5,UG/M3,1 Hr,Valid
Banja Luka,PM2.5 - Principal,2023-10-18 08:00 AM,2023,10,18,08,30.2,89,Moderate,30.6,UG/M3,1 Hr,Valid
Banja Luka,PM2.5 - Principal,2023-10-18 09:00 AM,2023,10,18,09,37.8,107,Unhealthy for Sensitive Groups,45.4,UG/M3,1 Hr,Valid
Banja Luka,PM2.5 - Principal,2023-10-18 10:00 AM,2023,10,18,10,39.4,111,Unhealthy for Sensitive Groups,41.0,UG/M3,1 Hr,Valid
Banja Luka,PM2.5 - Principal,2023-10-18 11:00 AM,2023,10,18,11,34.2,97,Moderate,29.0,UG/M3,1 Hr,Valid
Banja Luka,PM2.5 - Principal,2023-10-18 12:00 PM,2023,10,18,12,37.5,106,Unhealthy for Sensitive Groups,40.8,UG/M3,1 Hr,Valid
Banja Luka,PM2.5 - Principal,2023-10-18 01:00 PM,2023,10,18,13,38.5,108,Unhealthy for Sensitive Groups,39.5,UG/M3,1 Hr,Valid
Banja Luka,PM2.5 - Principal,2023-10-18 02:00 PM,2023,10,18,14,32.3,93,Moderate,25.1,UG/M3,1 Hr,Valid
Banja Luka,PM2.5 - Principal,2023-10-18 03:00 PM,2023,10,18,15,28.7,86,Moderate,24.6,UG/M3,1 Hr,Valid
Banja Luka,PM2.5 - Principal,2023-10-18 04:00 PM,2023,10,18,16,27.5,83,Moderate,26.1,UG/M3,1 Hr,Valid
Banja Luka,PM2.5 - Principal,2023-10-18 05:00 PM,2023,10,18,17,27.8,84,Moderate,28.1,UG/M3,1 Hr,Valid
Banja Luka,PM2.5 - Principal,2023-10-18 06:00 PM,2023,10,18,18,28.8,86,Moderate,30.0,UG/M3,1 Hr,Valid
Banja Luka,PM2.5 - Principal,2023-10-18 07:00 PM,2023,10,18,19,32.5,94,Moderate,37.0,UG/M3,1 Hr,Valid
Banja Luka,PM2.5 - Principal,2023-10-18 08:00 PM,2023,10,18,20,58.9,153,Unhealthy,84.9,UG/M3,1 Hr,Valid
Banja Luka,PM2.5 - Principal,2023-10-18 09:00 PM,2023,10,18,21,78.3,163,Unhealthy,97.6,UG/M3,1 Hr,Valid
Banja Luka,PM2.5 - Principal,2023-10-18 10:00 PM,2023,10,18,22,87.4,167,Unhealthy,96.6,UG/M3,1 Hr,Valid
Banja Luka,PM2.5 - Principal,2023-10-18 11:00 PM,2023,10,18,23,91.6,170,Unhealthy,95.8,UG/M3,1 Hr,Valid
Banja Luka,PM2.5 - Principal,2023-10-19 12:00 AM,2023,10,19,00,88.4,168,Unhealthy,85.3,UG/M3,1 Hr,Valid
Banja Luka,PM2.5 - Principal,2023-10-19 01:00 AM,2023,10,19,01,88.2,168,Unhealthy,88.0,UG/M3,1 Hr,Valid
Banja Luka,PM2.5 - Principal,2023-10-19 02:00 AM,2023,10,19,02,88.3,168,Unhealthy,88.4,UG/M3,1 Hr,Valid
Banja Luka,PM2.5 - Principal,2023-10-19 03:00 AM,2023,10,19,03,87.3,167,Unhealthy,86.3,UG/M3,1 Hr,Valid
Banja Luka,PM2.5 - Principal,2023-10-19 04:00 AM,2023,10,19,04,89.7,169,Unhealthy,92.1,UG/M3,1 Hr,Valid
Banja Luka,PM2.5 - Principal,2023-10-19 05:00 AM,2023,10,19,05,86.0,167,Unhealthy,82.3,UG/M3,1 Hr,Valid
Banja Luka,PM2.5 - Principal,2023-10-19 06:00 AM,2023,10,19,06,78.2,163,Unhealthy,70.5,UG/M3,1 Hr,Valid
Banja Luka,PM2.5 - Principal,2023-10-19 07:00 AM,2023,10,19,07,78.6,163,Unhealthy,69.4,UG/M3,1 Hr,Valid
Banja Luka,PM2.5 - Principal,2023-10-19 08:00 AM,2023,10,19,08,77.3,162,Unhealthy,74.3,UG/M3,1 Hr,Valid
Banja Luka,PM2.5 - Principal,2023-10-19 09:00 AM,2023,10,19,09,69.8,158,Unhealthy,60.4,UG/M3,1 Hr,Valid
Banja Luka,PM2.5 - Principal,2023-10-19 10:00 AM,2023,10,19,10,63.3,155,Unhealthy,55.8,UG/M3,1 Hr,Valid
Banja Luka,PM2.5 - Principal,2023-10-19 11:00 AM,2023,10,19,11,64.0,155,Unhealthy,64.1,UG/M3,1 Hr,Valid
Banja Luka,PM2.5 - Principal,2023-10-19 12:00 PM,2023,10,19,12,62.7,155,Unhealthy,60.8,UG/M3,1 Hr,Valid
Banja Luka,PM2.5 - Principal,2023-10-19 01:00 PM,2023,10,19,13,34.8,99,Moderate,7.8,UG/M3,1 Hr,Valid
Banja Luka,PM2.5 - Principal,2023-10-19 02:00 PM,2023,10,19,14,20.9,70,Moderate,7.0,UG/M3,1 Hr,Valid
Banja Luka,PM2.5 - Principal,2023-10-19 03:00 PM,2023,10,19,15,14.5,56,Moderate,8.2,UG/M3,1 Hr,Valid
Banja Luka,PM2.5 - Principal,2023-10-19 04:00 PM,2023,10,19,16,12.2,51,Moderate,9.9,UG/M3,1 Hr,Valid
Banja Luka,PM2.5 - Principal,2023-10-19 05:00 PM,2023,10,19,17,11.4,48,Good,10.7,UG/M3,1 Hr,Valid
Banja Luka,PM2.5 - Principal,2023-10-19 06:00 PM,2023,10,19,18,11.7,49,Good,12.0,UG/M3,1 Hr,Valid
Banja Luka,PM2.5 - Principal,2023-10-19 07:00 PM,2023,10,19,19,11.7,49,Good,11.7,UG/M3,1 Hr,Valid
Banja Luka,PM2.5 - Principal,2023-10-19 08:00 PM,2023,10,19,20,12.2,51,Moderate,12.7,UG/M3,1 Hr,Valid
Banja Luka,PM2.5 - Principal,2023-10-19 09:00 PM,2023,10,19,21,12.7,52,Moderate,13.2,UG/M3,1 Hr,Valid
Banja Luka,PM2.5 - Principal,2023-10-19 10:00 PM,2023,10,19,22,13.4,54,Moderate,14.1,UG/M3,1 Hr,Valid
Banja Luka,PM2.5 - Principal,2023-10-19 11:00 PM,2023,10,19,23,14.8,57,Moderate,16.2,UG/M3,1 Hr,Valid
Banja Luka,PM2.5 - Principal,2023-10-20 12:00 AM,2023,10,20,00,19.2,66,Moderate,23.6,UG/M3,1 Hr,Valid
Banja Luka,PM2.5 - Principal,2023-10-20 01:00 AM,2023,10,20,01,21.7,71,Moderate,24.2,UG/M3,1 Hr,Valid
Banja Luka,PM2.5 - Principal,2023-10-20 02:00 AM,2023,10,20,02,18.2,64,Moderate,14.7,UG/M3,1 Hr,Valid
Banja Luka,PM2.5 - Principal,2023-10-20 03:00 AM,2023,10,20,03,16.3,60,Moderate,14.4,UG/M3,1 Hr,Valid
Banja Luka,PM2.5 - Principal,2023-10-20 04:00 AM,2023,10,20,04,15.7,59,Moderate,15.0,UG/M3,1 Hr,Valid
Banja Luka,PM2.5 - Principal,2023-10-20 05:00 AM,2023,10,20,05,15.5,58,Moderate,15.4,UG/M3,1 Hr,Valid
Banja Luka,PM2.5 - Principal,2023-10-20 06:00 AM,2023,10,20,06,14.9,57,Moderate,14.2,UG/M3,1 Hr,Valid
Banja Luka,PM2.5 - Principal,2023-10-20 07:00 AM,2023,10,20,07,14.9,57,Moderate,14.9,UG/M3,1 Hr,Valid
Banja Luka,PM2.5 - Principal,2023-10-20 08:00 AM,2023,10,20,08,14.8,57,Moderate,14.6,UG/M3,1 Hr,Valid
Banja Luka,PM2.5 - Principal,2023-10-20 09:00 AM,2023,10,20,09,15.2,58,Moderate,15.7,UG/M3,1 Hr,Valid
Banja Luka,PM2.5 - Principal,2023-10-20 10:00 AM,2023,10,20,10,15.4,58,Moderate,15.7,UG/M3,1 Hr,Valid
Banja Luka,PM2.5 - Principal,2023-10-20 11:00 AM,2023,10,20,11,15.6,58,Moderate,15.9,UG/M3,1 Hr,Valid
Banja Luka,PM2.5 - Principal,2023-10-20 12:00 PM,2023,10,20,12,16.1,59,Moderate,16.7,UG/M3,1 Hr,Valid
Banja Luka,PM2.5 - Principal,2023-10-20 01:00 PM,2023,10,20,13,15.7,59,Moderate,16.6,UG/M3,1 Hr,Valid
Banja Luka,PM2.5 - Principal,2023-10-20 02:00 PM,2023,10,20,14,17.2,62,Moderate,20.0,UG/M3,1 Hr,Valid
Banja Luka,PM2.5 - Principal,2023-10-20 03:00 PM,2023,10,20,15,20.8,69,Moderate,24.7,UG/M3,1 Hr,Valid
Banja Luka,PM2.5 - Principal,2023-10-20 04:00 PM,2023,10,20,16,20.6,69,Moderate,20.5,UG/M3,1 Hr,Valid
Banja Luka,PM2.5 - Principal,2023-10-20 05:00 PM,2023,10,20,17,20.0,68,Moderate,19.1,UG/M3,1 Hr,Valid
Banja Luka,PM2.5 - Principal,2023-10-20 06:00 PM,2023,10,20,18,19.4,66,Moderate,18.6,UG/M3,1 Hr,Valid
Banja Luka,PM2.5 - Principal,2023-10-20 07:00 PM,2023,10,20,19,18.9,65,Moderate,18.3,UG/M3,1 Hr,Valid
Banja Luka,PM2.5 - Principal,2023-10-20 08:00 PM,2023,10,20,20,18.9,65,Moderate,18.6,UG/M3,1 Hr,Valid
Banja Luka,PM2.5 - Principal,2023-10-20 09:00 PM,2023,10,20,21,19.3,66,Moderate,20.0,UG/M3,1 Hr,Valid
Banja Luka,PM2.5 - Principal,2023-10-20 10:00 PM,2023,10,20,22,18.9,65,Moderate,18.3,UG/M3,1 Hr,Valid
Banja Luka,PM2.5 - Principal,2023-10-20 11:00 PM,2023,10,20,23,18.7,65,Moderate,18.1,UG/M3,1 Hr,Valid
Banja Luka,PM2.5 - Principal,2023-10-21 12:00 AM,2023,10,21,00,18.8,65,Moderate,18.9,UG/M3,1 Hr,Valid
Banja Luka,PM2.5 - Principal,2023-10-21 01:00 AM,2023,10,21,01,18.6,65,Moderate,18.0,UG/M3,1 Hr,Valid
Banja Luka,PM2.5 - Principal,2023-10-21 02:00 AM,2023,10,21,02,18.5,64,Moderate,18.4,UG/M3,1 Hr,Valid
Banja Luka,PM2.5 - Principal,2023-10-21 03:00 AM,2023,10,21,03,18.6,65,Moderate,18.3,UG/M3,1 Hr,Valid
Banja Luka,PM2.5 - Principal,2023-10-21 04:00 AM,2023,10,21,04,18.5,64,Moderate,18.5,UG/M3,1 Hr,Valid
Banja Luka,PM2.5 - Principal,2023-10-21 05:00 AM,2023,10,21,05,18.9,65,Moderate,21.1,UG/M3,1 Hr,Valid
Banja Luka,PM2.5 - Principal,2023-10-21 06:00 AM,2023,10,21,06,20.3,68,Moderate,23.8,UG/M3,1 Hr,Valid
Banja Luka,PM2.5 - Principal,2023-10-21 07:00 AM,2023,10,21,07,20.8,69,Moderate,22.2,UG/M3,1 Hr,Valid
Banja Luka,PM2.5 - Principal,2023-10-21 08:00 AM,2023,10,21,08,21.0,70,Moderate,21.6,UG/M3,1 Hr,Valid
Banja Luka,PM2.5 - Principal,2023-10-21 09:00 AM,2023,10,21,09,15.8,59,Moderate,9.8,UG/M3,1 Hr,Valid
Banja Luka,PM2.5 - Principal,2023-10-21 10:00 AM,2023,10,21,10,12.9,53,Moderate,10.1,UG/M3,1 Hr,Valid
Banja Luka,PM2.5 - Principal,2023-10-21 11:00 AM,2023,10,21,11,13.4,54,Moderate,13.9,UG/M3,1 Hr,Valid
Banja Luka,PM2.5 - Principal,2023-10-21 12:00 PM,2023,10,21,12,13.2,53,Moderate,12.9,UG/M3,1 Hr,Valid
Banja Luka,PM2.5 - Principal,2023-10-21 01:00 PM,2023,10,21,13,13.9,55,Moderate,14.7,UG/M3,1 Hr,Valid
Banja Luka,PM2.5 - Principal,2023-10-21 02:00 PM,2023,10,21,14,14.2,55,Moderate,14.5,UG/M3,1 Hr,Valid
Banja Luka,PM2.5 - Principal,2023-10-21 03:00 PM,2023,10,21,15,15.1,57,Moderate,15.9,UG/M3,1 Hr,Valid
Banja Luka,PM2.5 - Principal,2023-10-21 04:00 PM,2023,10,21,16,15.3,58,Moderate,15.4,UG/M3,1 Hr,Valid
Banja Luka,PM2.5 - Principal,2023-10-21 05:00 PM,2023,10,21,17,14.5,56,Moderate,13.8,UG/M3,1 Hr,Valid
Banja Luka,PM2.5 - Principal,2023-10-21 06:00 PM,2023,10,21,18,15.5,58,Moderate,16.4,UG/M3,1 Hr,Valid
Banja Luka,PM2.5 - Principal,2023-10-21 07:00 PM,2023,10,21,19,11.1,46,Good,6.7,UG/M3,1 Hr,Valid
Banja Luka,PM2.5 - Principal,2023-10-21 08:00 PM,2023,10,21,20,9.1,38,Good,7.1,UG/M3,1 Hr,Valid
Banja Luka,PM2.5 - Principal,2023-10-21 09:00 PM,2023,10,21,21,10.0,42,Good,10.8,UG/M3,1 Hr,Valid
Banja Luka,PM2.5 - Principal,2023-10-21 10:00 PM,2023,10,21,22,13.6,54,Moderate,17.2,UG/M3,1 Hr,Valid
Banja Luka,PM2.5 - Principal,2023-10-21 11:00 PM,2023,10,21,23,12.5,52,Moderate,11.5,UG/M3,1 Hr,Valid
Banja Luka,PM2.5 - Principal,2023-10-22 12:00 AM,2023,10,22,00,10.5,44,Good,8.5,UG/M3,1 Hr,Valid
Banja Luka,PM2.5 - Principal,2023-10-22 01:00 AM,2023,10,22,01,9.3,39,Good,8.0,UG/M3,1 Hr,Valid
Banja Luka,PM2.5 - Principal,2023-10-22 02:00 AM,2023,10,22,02,9.5,40,Good,9.8,UG/M3,1 Hr,Valid
Banja Luka,PM2.5 - Principal,2023-10-22 03:00 AM,2023,10,22,03,7.0,29,Good,4.4,UG/M3,1 Hr,Valid
Banja Luka,PM2.5 - Principal,2023-10-22 04:00 AM,2023,10,22,04,6.4,27,Good,5.8,UG/M3,1 Hr,Valid
Banja Luka,PM2.5 - Principal,2023-10-22 05:00 AM,2023,10,22,05,5.9,25,Good,5.4,UG/M3,1 Hr,Valid
Banja Luka,PM2.5 - Principal,2023-10-22 06:00 AM,2023,10,22,06,5.6,23,Good,5.3,UG/M3,1 Hr,Valid
Banja Luka,PM2.5 - Principal,2023-10-22 07:00 AM,2023,10,22,07,4.8,20,Good,4.1,UG/M3,1 Hr,Valid
Banja Luka,PM2.5 - Principal,2023-10-22 08:00 AM,2023,10,22,08,5.9,25,Good,6.9,UG/M3,1 Hr,Valid
Banja Luka,PM2.5 - Principal,2023-10-22 09:00 AM,2023,10,22,09,6.6,28,Good,7.3,UG/M3,1 Hr,Valid
Banja Luka,PM2.5 - Principal,2023-10-22 10:00 AM,2023,10,22,10,7.7,32,Good,8.9,UG/M3,1 Hr,Valid
Banja Luka,PM2.5 - Principal,2023-10-22 11:00 AM,2023,10,22,11,10.5,44,Good,13.3,UG/M3,1 Hr,Valid
Banja Luka,PM2.5 - Principal,2023-10-22 12:00 PM,2023,10,22,12,13.8,55,Moderate,17.0,UG/M3,1 Hr,Valid
Banja Luka,PM2.5 - Principal,2023-10-22 01:00 PM,2023,10,22,13,12.1,51,Moderate,10.5,UG/M3,1 Hr,Valid
Banja Luka,PM2.5 - Principal,2023-10-22 02:00 PM,2023,10,22,14,7.9,33,Good,3.6,UG/M3,1 Hr,Valid
Banja Luka,PM2.5 - Principal,2023-10-22 03:00 PM,2023,10,22,15,6.3,26,Good,4.7,UG/M3,1 Hr,Valid
Banja Luka,PM2.5 - Principal,2023-10-22 04:00 PM,2023,10,22,16,6.1,25,Good,5.8,UG/M3,1 Hr,Valid
Banja Luka,PM2.5 - Principal,2023-10-22 05:00 PM,2023,10,22,17,6.2,26,Good,6.4,UG/M3,1 Hr,Valid
Banja Luka,PM2.5 - Principal,2023-10-22 06:00 PM,2023,10,22,18,6.0,25,Good,5.8,UG/M3,1 Hr,Valid
Banja Luka,PM2.5 - Principal,2023-10-22 07:00 PM,2023,10,22,19,7.9,33,Good,9.7,UG/M3,1 Hr,Valid
Banja Luka,PM2.5 - Principal,2023-10-22 08:00 PM,2023,10,22,20,10.1,42,Good,12.4,UG/M3,1 Hr,Valid
Banja Luka,PM2.5 - Principal,2023-10-22 09:00 PM,2023,10,22,21,17.3,62,Moderate,24.5,UG/M3,1 Hr,Valid
Banja Luka,PM2.5 - Principal,2023-10-22 10:00 PM,2023,10,22,22,17.7,63,Moderate,18.1,UG/M3,1 Hr,Valid
Banja Luka,PM2.5 - Principal,2023-10-22 11:00 PM,2023,10,22,23,15.7,59,Moderate,13.7,UG/M3,1 Hr,Valid
Banja Luka,PM2.5 - Principal,2023-10-23 12:00 AM,2023,10,23,00,12.2,51,Moderate,8.7,UG/M3,1 Hr,Valid
Banja Luka,PM2.5 - Principal,2023-10-23 01:00 AM,2023,10,23,01,9.3,39,Good,6.3,UG/M3,1 Hr,Valid
Banja Luka,PM2.5 - Principal,2023-10-23 02:00 AM,2023,10,23,02,10.9,45,Good,12.5,UG/M3,1 Hr,Valid
Banja Luka,PM2.5 - Principal,2023-10-23 03:00 AM,2023,10,23,03,10.1,42,Good,9.2,UG/M3,1 Hr,Valid
Banja Luka,PM2.5 - Principal,2023-10-23 04:00 AM,2023,10,23,04,10.2,43,Good,10.4,UG/M3,1 Hr,Valid
Banja Luka,PM2.5 - Principal,2023-10-23 05:00 AM,2023,10,23,05,10.8,45,Good,11.4,UG/M3,1 Hr,Valid
Banja Luka,PM2.5 - Principal,2023-10-23 06:00 AM,2023,10,23,06,12.3,51,Moderate,13.7,UG/M3,1 Hr,Valid
Banja Luka,PM2.5 - Principal,2023-10-23 07:00 AM,2023,10,23,07,10.4,43,Good,8.6,UG/M3,1 Hr,Valid
Banja Luka,PM2.5 - Principal,2023-10-23 08:00 AM,2023,10,23,08,11.8,49,Good,13.2,UG/M3,1 Hr,Valid
Banja Luka,PM2.5 - Principal,2023-10-23 09:00 AM,2023,10,23,09,12.4,52,Moderate,13.0,UG/M3,1 Hr,Valid
Banja Luka,PM2.5 - Principal,2023-10-23 10:00 AM,2023,10,23,10,15.8,59,Moderate,19.2,UG/M3,1 Hr,Valid
Banja Luka,PM2.5 - Principal,2023-10-23 11:00 AM,2023,10,23,11,17.7,63,Moderate,19.6,UG/M3,1 Hr,Valid
Banja Luka,PM2.5 - Principal,2023-10-23 12:00 PM,2023,10,23,12,14.6,56,Moderate,11.5,UG/M3,1 Hr,Valid
Banja Luka,PM2.5 - Principal,2023-10-23 01:00 PM,2023,10,23,13,12.0,50,Good,9.4,UG/M3,1 Hr,Valid
Banja Luka,PM2.5 - Principal,2023-10-23 02:00 PM,2023,10,23,14,9.9,41,Good,7.7,UG/M3,1 Hr,Valid
Banja Luka,PM2.5 - Principal,2023-10-23 03:00 PM,2023,10,23,15,8.8,37,Good,7.8,UG/M3,1 Hr,Valid
Banja Luka,PM2.5 - Principal,2023-10-23 04:00 PM,2023,10,23,16,8.1,34,Good,7.4,UG/M3,1 Hr,Valid
Banja Luka,PM2.5 - Principal,2023-10-23 05:00 PM,2023,10,23,17,8.3,35,Good,8.6,UG/M3,1 Hr,Valid
Banja Luka,PM2.5 - Principal,2023-10-23 06:00 PM,2023,10,23,18,7.7,32,Good,7.1,UG/M3,1 Hr,Valid
Banja Luka,PM2.5 - Principal,2023-10-23 07:00 PM,2023,10,23,19,8.1,34,Good,8.5,UG/M3,1 Hr,Valid
Banja Luka,PM2.5 - Principal,2023-10-23 08:00 PM,2023,10,23,20,10.8,45,Good,13.5,UG/M3,1 Hr,Valid
Banja Luka,PM2.5 - Principal,2023-10-23 09:00 PM,2023,10,23,21,21.2,70,Moderate,31.5,UG/M3,1 Hr,Valid
Banja Luka,PM2.5 - Principal,2023-10-23 10:00 PM,2023,10,23,22,25.3,79,Moderate,29.4,UG/M3,1 Hr,Valid
Banja Luka,PM2.5 - Principal,2023-10-23 11:00 PM,2023,10,23,23,23.9,76,Moderate,22.5,UG/M3,1 Hr,Valid
Banja Luka,PM2.5 - Principal,2023-10-24 12:00 AM,2023,10,24,00,28.6,86,Moderate,33.4,UG/M3,1 Hr,Valid
Banja Luka,PM2.5 - Principal,2023-10-24 01:00 AM,2023,10,24,01,28.6,86,Moderate,28.6,UG/M3,1 Hr,Valid
Banja Luka,PM2.5 - Principal,2023-10-24 02:00 AM,2023,10,24,02,28.0,84,Moderate,27.3,UG/M3,1 Hr,Valid
Banja Luka,PM2.5 - Principal,2023-10-24 03:00 AM,2023,10,24,03,23.6,75,Moderate,19.3,UG/M3,1 Hr,Valid
Banja Luka,PM2.5 - Principal,2023-10-24 04:00 AM,2023,10,24,04,20.3,68,Moderate,17.0,UG/M3,1 Hr,Valid
Banja Luka,PM2.5 - Principal,2023-10-24 05:00 AM,2023,10,24,05,19.0,66,Moderate,17.7,UG/M3,1 Hr,Valid
Banja Luka,PM2.5 - Principal,2023-10-24 06:00 AM,2023,10,24,06,18.6,65,Moderate,18.2,UG/M3,1 Hr,Valid
Banja Luka,PM2.5 - Principal,2023-10-24 07:00 AM,2023,10,24,07,14.7,56,Moderate,10.7,UG/M3,1 Hr,Valid
Banja Luka,PM2.5 - Principal,2023-10-24 08:00 AM,2023,10,24,08,13.9,55,Moderate,13.2,UG/M3,1 Hr,Valid
Banja Luka,PM2.5 - Principal,2023-10-24 09:00 AM,2023,10,24,09,15.3,58,Moderate,16.7,UG/M3,1 Hr,Valid
Banja Luka,PM2.5 - Principal,2023-10-24 10:00 AM,2023,10,24,10,15.5,58,Moderate,15.7,UG/M3,1 Hr,Valid
Banja Luka,PM2.5 - Principal,2023-10-24 11:00 AM,2023,10,24,11,18.0,63,Moderate,20.5,UG/M3,1 Hr,Valid
Banja Luka,PM2.5 - Principal,2023-10-24 12:00 PM,2023,10,24,12,22.6,73,Moderate,27.2,UG/M3,1 Hr,Valid
Banja Luka,PM2.5 - Principal,2023-10-24 01:00 PM,2023,10,24,13,23.1,74,Moderate,23.7,UG/M3,1 Hr,Valid
Banja Luka,PM2.5 - Principal,2023-10-24 02:00 PM,2023,10,24,14,26.4,81,Moderate,29.6,UG/M3,1 Hr,Valid
Banja Luka,PM2.5 - Principal,2023-10-24 03:00 PM,2023,10,24,15,26.9,82,Moderate,27.4,UG/M3,1 Hr,Valid
Banja Luka,PM2.5 - Principal,2023-10-24 04:00 PM,2023,10,24,16,26.5,81,Moderate,26.1,UG/M3,1 Hr,Valid
Banja Luka,PM2.5 - Principal,2023-10-24 05:00 PM,2023,10,24,17,24.8,78,Moderate,23.0,UG/M3,1 Hr,Valid
Banja Luka,PM2.5 - Principal,2023-10-24 06:00 PM,2023,10,24,18,23.6,75,Moderate,22.5,UG/M3,1 Hr,Valid
Banja Luka,PM2.5 - Principal,2023-10-24 07:00 PM,2023,10,24,19,24.9,78,Moderate,26.2,UG/M3,1 Hr,Valid
Banja Luka,PM2.5 - Principal,2023-10-24 08:00 PM,2023,10,24,20,22.2,72,Moderate,19.2,UG/M3,1 Hr,Valid
Banja Luka,PM2.5 - Principal,2023-10-24 09:00 PM,2023,10,24,21,21.2,70,Moderate,20.0,UG/M3,1 Hr,Valid
Banja Luka,PM2.5 - Principal,2023-10-24 10:00 PM,2023,10,24,22,22.9,74,Moderate,24.8,UG/M3,1 Hr,Valid
Banja Luka,PM2.5 - Principal,2023-10-24 11:00 PM,2023,10,24,23,24.7,77,Moderate,28.0,UG/M3,1 Hr,Valid
Banja Luka,PM2.5 - Principal,2023-10-25 12:00 AM,2023,10,25,00,18.8,65,Moderate,12.1,UG/M3,1 Hr,Valid
Banja Luka,PM2.5 - Principal,2023-10-25 01:00 AM,2023,10,25,01,14.5,56,Moderate,10.2,UG/M3,1 Hr,Valid
Banja Luka,PM2.5 - Principal,2023-10-25 02:00 AM,2023,10,25,02,10.7,45,Good,6.9,UG/M3,1 Hr,Valid
Banja Luka,PM2.5 - Principal,2023-10-25 03:00 AM,2023,10,25,03,7.0,29,Good,3.3,UG/M3,1 Hr,Valid
Banja Luka,PM2.5 - Principal,2023-10-25 04:00 AM,2023,10,25,04,4.9,20,Good,2.8,UG/M3,1 Hr,Valid
Banja Luka,PM2.5 - Principal,2023-10-25 05:00 AM,2023,10,25,05,4.0,17,Good,3.1,UG/M3,1 Hr,Valid
Banja Luka,PM2.5 - Principal,2023-10-25 06:00 AM,2023,10,25,06,3.2,13,Good,2.3,UG/M3,1 Hr,Valid
Banja Luka,PM2.5 - Principal,2023-10-25 07:00 AM,2023,10,25,07,3.0,13,Good,2.8,UG/M3,1 Hr,Valid
Banja Luka,PM2.5 - Principal,2023-10-25 08:00 AM,2023,10,25,08,3.0,13,Good,3.1,UG/M3,1 Hr,Valid
Banja Luka,PM2.5 - Principal,2023-10-25 09:00 AM,2023,10,25,09,3.2,13,Good,3.5,UG/M3,1 Hr,Valid
Banja Luka,PM2.5 - Principal,2023-10-25 10:00 AM,2023,10,25,10,4.2,18,Good,5.1,UG/M3,1 Hr,Valid
Banja Luka,PM2.5 - Principal,2023-10-25 11:00 AM,2023,10,25,11,7.1,30,Good,10.1,UG/M3,1 Hr,Valid
Banja Luka,PM2.5 - Principal,2023-10-25 12:00 PM,2023,10,25,12,5.6,23,Good,4.1,UG/M3,1 Hr,Valid
Banja Luka,PM2.5 - Principal,2023-10-25 01:00 PM,2023,10,25,13,5.1,21,Good,4.5,UG/M3,1 Hr,Valid
Banja Luka,PM2.5 - Principal,2023-10-25 02:00 PM,2023,10,25,14,4.9,20,Good,4.8,UG/M3,1 Hr,Valid
Banja Luka,PM2.5 - Principal,2023-10-25 03:00 PM,2023,10,25,15,4.9,20,Good,4.8,UG/M3,1 Hr,Valid
Banja Luka,PM2.5 - Principal,2023-10-25 04:00 PM,2023,10,25,16,4.7,20,Good,4.5,UG/M3,1 Hr,Valid
Banja Luka,PM2.5 - Principal,2023-10-25 05:00 PM,2023,10,25,17,4.6,19,Good,4.6,UG/M3,1 Hr,Valid
Banja Luka,PM2.5 - Principal,2023-10-25 06:00 PM,2023,10,25,18,4.6,19,Good,4.5,UG/M3,1 Hr,Valid
Banja Luka,PM2.5 - Principal,2023-10-25 07:00 PM,2023,10,25,19,5.9,25,Good,7.2,UG/M3,1 Hr,Valid
Banja Luka,PM2.5 - Principal,2023-10-25 08:00 PM,2023,10,25,20,7.3,30,Good,8.8,UG/M3,1 Hr,Valid
Banja Luka,PM2.5 - Principal,2023-10-25 09:00 PM,2023,10,25,21,6.2,26,Good,5.0,UG/M3,1 Hr,Valid
Banja Luka,PM2.5 - Principal,2023-10-25 10:00 PM,2023,10,25,22,6.4,27,Good,6.7,UG/M3,1 Hr,Valid
Banja Luka,PM2.5 - Principal,2023-10-25 11:00 PM,2023,10,25,23,5.7,24,Good,4.9,UG/M3,1 Hr,Valid
Banja Luka,PM2.5 - Principal,2023-10-26 12:00 AM,2023,10,26,00,5.6,23,Good,5.6,UG/M3,1 Hr,Valid
Banja Luka,PM2.5 - Principal,2023-10-26 01:00 AM,2023,10,26,01,4.9,20,Good,4.2,UG/M3,1 Hr,Valid
Banja Luka,PM2.5 - Principal,2023-10-26 02:00 AM,2023,10,26,02,5.3,22,Good,5.6,UG/M3,1 Hr,Valid
Banja Luka,PM2.5 - Principal,2023-10-26 03:00 AM,2023,10,26,03,4.5,19,Good,3.8,UG/M3,1 Hr,Valid
Banja Luka,PM2.5 - Principal,2023-10-26 04:00 AM,2023,10,26,04,4.1,17,Good,3.6,UG/M3,1 Hr,Valid
Banja Luka,PM2.5 - Principal,2023-10-26 05:00 AM,2023,10,26,05,3.9,16,Good,3.7,UG/M3,1 Hr,Valid
Banja Luka,PM2.5 - Principal,2023-10-26 06:00 AM,2023,10,26,06,3.7,15,Good,3.6,UG/M3,1 Hr,Valid
Banja Luka,PM2.5 - Principal,2023-10-26 07:00 AM,2023,10,26,07,3.6,15,Good,3.6,UG/M3,1 Hr,Valid
Banja Luka,PM2.5 - Principal,2023-10-26 08:00 AM,2023,10,26,08,3.4,14,Good,3.1,UG/M3,1 Hr,Valid
Banja Luka,PM2.5 - Principal,2023-10-26 09:00 AM,2023,10,26,09,3.4,14,Good,3.5,UG/M3,1 Hr,Valid
Banja Luka,PM2.5 - Principal,2023-10-26 10:00 AM,2023,10,26,10,3.7,15,Good,4.0,UG/M3,1 Hr,Valid
Banja Luka,PM2.5 - Principal,2023-10-26 11:00 AM,2023,10,26,11,4.1,17,Good,4.6,UG/M3,1 Hr,Valid
Banja Luka,PM2.5 - Principal,2023-10-26 12:00 PM,2023,10,26,12,3.9,16,Good,3.6,UG/M3,1 Hr,Valid
Banja Luka,PM2.5 - Principal,2023-10-26 01:00 PM,2023,10,26,13,4.0,17,Good,4.1,UG/M3,1 Hr,Valid
Banja Luka,PM2.5 - Principal,2023-10-26 02:00 PM,2023,10,26,14,4.0,17,Good,4.2,UG/M3,1 Hr,Valid
Banja Luka,PM2.5 - Principal,2023-10-26 03:00 PM,2023,10,26,15,3.9,16,Good,3.6,UG/M3,1 Hr,Valid
Banja Luka,PM2.5 - Principal,2023-10-26 04:00 PM,2023,10,26,16,3.7,15,Good,3.4,UG/M3,1 Hr,Valid
Banja Luka,PM2.5 - Principal,2023-10-26 05:00 PM,2023,10,26,17,3.7,15,Good,3.6,UG/M3,1 Hr,Valid
Banja Luka,PM2.5 - Principal,2023-10-26 06:00 PM,2023,10,26,18,3.4,14,Good,2.9,UG/M3,1 Hr,Valid
Banja Luka,PM2.5 - Principal,2023-10-26 07:00 PM,2023,10,26,19,3.3,14,Good,3.2,UG/M3,1 Hr,Valid
Banja Luka,PM2.5 - Principal,2023-10-26 08:00 PM,2023,10,26,20,3.5,15,Good,3.9,UG/M3,1 Hr,Valid
Banja Luka,PM2.5 - Principal,2023-10-26 09:00 PM,2023,10,26,21,3.7,15,Good,3.9,UG/M3,1 Hr,Valid
Banja Luka,PM2.5 - Principal,2023-10-26 10:00 PM,2023,10,26,22,4.1,17,Good,4.8,UG/M3,1 Hr,Valid
Banja Luka,PM2.5 - Principal,2023-10-26 11:00 PM,2023,10,26,23,4.1,17,Good,4.2,UG/M3,1 Hr,Valid
Banja Luka,PM2.5 - Principal,2023-10-27 12:00 AM,2023,10,27,00,5.5,23,Good,6.7,UG/M3,1 Hr,Valid
Banja Luka,PM2.5 - Principal,2023-10-27 01:00 AM,2023,10,27,01,4.4,18,Good,3.2,UG/M3,1 Hr,Valid
Banja Luka,PM2.5 - Principal,2023-10-27 02:00 AM,2023,10,27,02,3.6,15,Good,2.9,UG/M3,1 Hr,Valid
Banja Luka,PM2.5 - Principal,2023-10-27 03:00 AM,2023,10,27,03,3.3,14,Good,3.0,UG/M3,1 Hr,Valid
Banja Luka,PM2.5 - Principal,2023-10-27 04:00 AM,2023,10,27,04,3.0,13,Good,2.7,UG/M3,1 Hr,Valid
Banja Luka,PM2.5 - Principal,2023-10-27 05:00 AM,2023,10,27,05,3.1,13,Good,3.3,UG/M3,1 Hr,Valid
Banja Luka,PM2.5 - Principal,2023-10-27 06:00 AM,2023,10,27,06,3.1,13,Good,3.0,UG/M3,1 Hr,Valid
Banja Luka,PM2.5 - Principal,2023-10-27 07:00 AM,2023,10,27,07,3.1,13,Good,3.2,UG/M3,1 Hr,Valid
Banja Luka,PM2.5 - Principal,2023-10-27 08:00 AM,2023,10,27,08,3.2,13,Good,3.3,UG/M3,1 Hr,Valid
Banja Luka,PM2.5 - Principal,2023-10-27 09:00 AM,2023,10,27,09,3.4,14,Good,3.5,UG/M3,1 Hr,Valid
Banja Luka,PM2.5 - Principal,2023-10-27 10:00 AM,2023,10,27,10,3.6,15,Good,3.8,UG/M3,1 Hr,Valid
Banja Luka,PM2.5 - Principal,2023-10-27 11:00 AM,2023,10,27,11,3.7,15,Good,3.7,UG/M3,1 Hr,Valid
Banja Luka,PM2.5 - Principal,2023-10-27 12:00 PM,2023,10,27,12,3.6,15,Good,3.7,UG/M3,1 Hr,Valid
Banja Luka,PM2.5 - Principal,2023-10-27 01:00 PM,2023,10,27,13,3.6,15,Good,3.8,UG/M3,1 Hr,Valid
Banja Luka,PM2.5 - Principal,2023-10-27 02:00 PM,2023,10,27,14,3.7,15,Good,3.8,UG/M3,1 Hr,Valid
Banja Luka,PM2.5 - Principal,2023-10-27 03:00 PM,2023,10,27,15,3.8,16,Good,4.0,UG/M3,1 Hr,Valid
Banja Luka,PM2.5 - Principal,2023-10-27 04:00 PM,2023,10,27,16,3.8,16,Good,3.9,UG/M3,1 Hr,Valid
Banja Luka,PM2.5 - Principal,2023-10-27 05:00 PM,2023,10,27,17,3.8,16,Good,3.9,UG/M3,1 Hr,Valid
Banja Luka,PM2.5 - Principal,2023-10-27 06:00 PM,2023,10,27,18,3.9,16,Good,4.0,UG/M3,1 Hr,Valid
Banja Luka,PM2.5 - Principal,2023-10-27 07:00 PM,2023,10,27,19,4.3,18,Good,5.1,UG/M3,1 Hr,Valid
Banja Luka,PM2.5 - Principal,2023-10-27 08:00 PM,2023,10,27,20,5.3,22,Good,6.4,UG/M3,1 Hr,Valid
Banja Luka,PM2.5 - Principal,2023-10-27 09:00 PM,2023,10,27,21,4.7,20,Good,3.9,UG/M3,1 Hr,Valid
Banja Luka,PM2.5 - Principal,2023-10-27 10:00 PM,2023,10,27,22,6.0,25,Good,7.3,UG/M3,1 Hr,Valid
Banja Luka,PM2.5 - Principal,2023-10-27 11:00 PM,2023,10,27,23,11.7,49,Good,17.4,UG/M3,1 Hr,Valid
Banja Luka,PM2.5 - Principal,2023-10-28 12:00 AM,2023,10,28,00,13.5,54,Moderate,15.2,UG/M3,1 Hr,Valid
Banja Luka,PM2.5 - Principal,2023-10-28 01:00 AM,2023,10,28,01,14.3,56,Moderate,15.0,UG/M3,1 Hr,Valid
Banja Luka,PM2.5 - Principal,2023-10-28 02:00 AM,2023,10,28,02,14.1,55,Moderate,14.0,UG/M3,1 Hr,Valid
Banja Luka,PM2.5 - Principal,2023-10-28 03:00 AM,2023,10,28,03,13.0,53,Moderate,11.9,UG/M3,1 Hr,Valid
Banja Luka,PM2.5 - Principal,2023-10-28 04:00 AM,2023,10,28,04,12.2,51,Moderate,11.4,UG/M3,1 Hr,Valid
Banja Luka,PM2.5 - Principal,2023-10-28 05:00 AM,2023,10,28,05,10.5,44,Good,8.8,UG/M3,1 Hr,Valid
Banja Luka,PM2.5 - Principal,2023-10-28 06:00 AM,2023,10,28,06,9.1,38,Good,7.7,UG/M3,1 Hr,Valid
Banja Luka,PM2.5 - Principal,2023-10-28 07:00 AM,2023,10,28,07,7.9,33,Good,6.7,UG/M3,1 Hr,Valid
Banja Luka,PM2.5 - Principal,2023-10-28 08:00 AM,2023,10,28,08,7.3,30,Good,6.6,UG/M3,1 Hr,Valid
Banja Luka,PM2.5 - Principal,2023-10-28 09:00 AM,2023,10,28,09,7.9,33,Good,8.6,UG/M3,1 Hr,Valid
Banja Luka,PM2.5 - Principal,2023-10-28 10:00 AM,2023,10,28,10,10.4,43,Good,12.9,UG/M3,1 Hr,Valid
Banja Luka,PM2.5 - Principal,2023-10-28 11:00 AM,2023,10,28,11,11.6,48,Good,12.8,UG/M3,1 Hr,Valid
Banja Luka,PM2.5 - Principal,2023-10-28 12:00 PM,2023,10,28,12,14.4,56,Moderate,17.2,UG/M3,1 Hr,Valid
Banja Luka,PM2.5 - Principal,2023-10-28 01:00 PM,2023,10,28,13,17.1,62,Moderate,19.9,UG/M3,1 Hr,Valid
Banja Luka,PM2.5 - Principal,2023-10-28 02:00 PM,2023,10,28,14,11.8,49,Good,6.5,UG/M3,1 Hr,Valid
Banja Luka,PM2.5 - Principal,2023-10-28 03:00 PM,2023,10,28,15,10.0,42,Good,8.3,UG/M3,1 Hr,Valid
Banja Luka,PM2.5 - Principal,2023-10-28 04:00 PM,2023,10,28,16,7.8,33,Good,5.6,UG/M3,1 Hr,Valid
Banja Luka,PM2.5 - Principal,2023-10-28 05:00 PM,2023,10,28,17,6.4,27,Good,4.9,UG/M3,1 Hr,Valid
Banja Luka,PM2.5 - Principal,2023-10-28 06:00 PM,2023,10,28,18,5.9,25,Good,5.4,UG/M3,1 Hr,Valid
Banja Luka,PM2.5 - Principal,2023-10-28 07:00 PM,2023,10,28,19,5.8,24,Good,5.8,UG/M3,1 Hr,Valid
Banja Luka,PM2.5 - Principal,2023-10-28 08:00 PM,2023,10,28,20,5.3,22,Good,4.8,UG/M3,1 Hr,Valid
Banja Luka,PM2.5 - Principal,2023-10-28 09:00 PM,2023,10,28,21,5.7,24,Good,6.1,UG/M3,1 Hr,Valid
Banja Luka,PM2.5 - Principal,2023-10-28 10:00 PM,2023,10,28,22,5.5,23,Good,5.2,UG/M3,1 Hr,Valid
Banja Luka,PM2.5 - Principal,2023-10-28 11:00 PM,2023,10,28,23,5.2,22,Good,5.0,UG/M3,1 Hr,Valid
Banja Luka,PM2.5 - Principal,2023-10-29 12:00 AM,2023,10,29,00,5.5,23,Good,5.7,UG/M3,1 Hr,Valid
Banja Luka,PM2.5 - Principal,2023-10-29 01:00 AM,2023,10,29,01,5.7,24,Good,5.9,UG/M3,1 Hr,Valid
Banja Luka,PM2.5 - Principal,2023-10-29 02:00 AM,2023,10,29,02,5.0,21,Good,4.3,UG/M3,1 Hr,Valid
Banja Luka,PM2.5 - Principal,2023-10-29 03:00 AM,2023,10,29,03,4.9,20,Good,4.3,UG/M3,1 Hr,Valid
Banja Luka,PM2.5 - Principal,2023-10-29 03:00 AM,2023,10,29,03,4.9,20,Good,-999.0,UG/M3,1 Hr,Missing
Banja Luka,PM2.5 - Principal,2023-10-29 04:00 AM,2023,10,29,04,4.9,20,Good,5.0,UG/M3,1 Hr,Valid
Banja Luka,PM2.5 - Principal,2023-10-29 05:00 AM,2023,10,29,05,7.0,29,Good,8.6,UG/M3,1 Hr,Valid
Banja Luka,PM2.5 - Principal,2023-10-29 06:00 AM,2023,10,29,06,6.6,28,Good,6.3,UG/M3,1 Hr,Valid
Banja Luka,PM2.5 - Principal,2023-10-29 07:00 AM,2023,10,29,07,9.4,39,Good,11.9,UG/M3,1 Hr,Valid
Banja Luka,PM2.5 - Principal,2023-10-29 08:00 AM,2023,10,29,08,10.0,42,Good,10.7,UG/M3,1 Hr,Valid
Banja Luka,PM2.5 - Principal,2023-10-29 09:00 AM,2023,10,29,09,12.9,53,Moderate,15.6,UG/M3,1 Hr,Valid
Banja Luka,PM2.5 - Principal,2023-10-29 10:00 AM,2023,10,29,10,13.3,54,Moderate,13.7,UG/M3,1 Hr,Valid
Banja Luka,PM2.5 - Principal,2023-10-29 11:00 AM,2023,10,29,11,8.9,37,Good,4.5,UG/M3,1 Hr,Valid
Banja Luka,PM2.5 - Principal,2023-10-29 12:00 PM,2023,10,29,12,6.7,28,Good,4.5,UG/M3,1 Hr,Valid
Banja Luka,PM2.5 - Principal,2023-10-29 01:00 PM,2023,10,29,13,5.3,22,Good,4.0,UG/M3,1 Hr,Valid
Banja Luka,PM2.5 - Principal,2023-10-29 02:00 PM,2023,10,29,14,4.4,18,Good,3.4,UG/M3,1 Hr,Valid
Banja Luka,PM2.5 - Principal,2023-10-29 03:00 PM,2023,10,29,15,4.1,17,Good,3.9,UG/M3,1 Hr,Valid
Banja Luka,PM2.5 - Principal,2023-10-29 04:00 PM,2023,10,29,16,4.5,19,Good,4.8,UG/M3,1 Hr,Valid
Banja Luka,PM2.5 - Principal,2023-10-29 05:00 PM,2023,10,29,17,4.5,19,Good,4.5,UG/M3,1 Hr,Valid
Banja Luka,PM2.5 - Principal,2023-10-29 06:00 PM,2023,10,29,18,5.9,25,Good,7.2,UG/M3,1 Hr,Valid
Banja Luka,PM2.5 - Principal,2023-10-29 07:00 PM,2023,10,29,19,13.9,55,Moderate,21.9,UG/M3,1 Hr,Valid
Banja Luka,PM2.5 - Principal,2023-10-29 08:00 PM,2023,10,29,20,25.3,79,Moderate,36.7,UG/M3,1 Hr,Valid
Banja Luka,PM2.5 - Principal,2023-10-29 09:00 PM,2023,10,29,21,15.6,58,Moderate,5.9,UG/M3,1 Hr,Valid
Banja Luka,PM2.5 - Principal,2023-10-29 10:00 PM,2023,10,29,22,10.5,44,Good,5.4,UG/M3,1 Hr,Valid
Banja Luka,PM2.5 - Principal,2023-10-29 11:00 PM,2023,10,29,23,7.9,33,Good,5.4,UG/M3,1 Hr,Valid
Banja Luka,PM2.5 - Principal,2023-10-30 12:00 AM,2023,10,30,00,6.5,27,Good,5.1,UG/M3,1 Hr,Valid
Banja Luka,PM2.5 - Principal,2023-10-30 01:00 AM,2023,10,30,01,7.2,30,Good,7.8,UG/M3,1 Hr,Valid
Banja Luka,PM2.5 - Principal,2023-10-30 02:00 AM,2023,10,30,02,7.7,32,Good,8.1,UG/M3,1 Hr,Valid
Banja Luka,PM2.5 - Principal,2023-10-30 03:00 AM,2023,10,30,03,9.7,40,Good,11.8,UG/M3,1 Hr,Valid
Banja Luka,PM2.5 - Principal,2023-10-30 04:00 AM,2023,10,30,04,8.0,33,Good,6.2,UG/M3,1 Hr,Valid
Banja Luka,PM2.5 - Principal,2023-10-30 05:00 AM,2023,10,30,05,7.6,32,Good,7.2,UG/M3,1 Hr,Valid
Banja Luka,PM2.5 - Principal,2023-10-30 06:00 AM,2023,10,30,06,6.9,29,Good,6.2,UG/M3,1 Hr,Valid
Banja Luka,PM2.5 - Principal,2023-10-30 07:00 AM,2023,10,30,07,7.9,33,Good,9.0,UG/M3,1 Hr,Valid
Banja Luka,PM2.5 - Principal,2023-10-30 08:00 AM,2023,10,30,08,17.1,62,Moderate,26.3,UG/M3,1 Hr,Valid
Banja Luka,PM2.5 - Principal,2023-10-30 09:00 AM,2023,10,30,09,17.9,63,Moderate,18.6,UG/M3,1 Hr,Valid
Banja Luka,PM2.5 - Principal,2023-10-30 10:00 AM,2023,10,30,10,13.9,55,Moderate,9.9,UG/M3,1 Hr,Valid
Banja Luka,PM2.5 - Principal,2023-10-30 11:00 AM,2023,10,30,11,11.2,47,Good,8.6,UG/M3,1 Hr,Valid
Banja Luka,PM2.5 - Principal,2023-10-30 12:00 PM,2023,10,30,12,8.2,34,Good,5.1,UG/M3,1 Hr,Valid
Banja Luka,PM2.5 - Principal,2023-10-30 01:00 PM,2023,10,30,13,7.4,31,Good,6.6,UG/M3,1 Hr,Valid
Banja Luka,PM2.5 - Principal,2023-10-30 02:00 PM,2023,10,30,14,7.2,30,Good,6.9,UG/M3,1 Hr,Valid
Banja Luka,PM2.5 - Principal,2023-10-30 03:00 PM,2023,10,30,15,8.0,33,Good,8.7,UG/M3,1 Hr,Valid
Banja Luka,PM2.5 - Principal,2023-10-30 04:00 PM,2023,10,30,16,8.3,35,Good,8.6,UG/M3,1 Hr,Valid
Banja Luka,PM2.5 - Principal,2023-10-30 05:00 PM,2023,10,30,17,15.9,59,Moderate,23.4,UG/M3,1 Hr,Valid
Banja Luka,PM2.5 - Principal,2023-10-30 06:00 PM,2023,10,30,18,11.6,48,Good,7.3,UG/M3,1 Hr,Valid
Banja Luka,PM2.5 - Principal,2023-10-30 07:00 PM,2023,10,30,19,8.4,35,Good,5.1,UG/M3,1 Hr,Valid
Banja Luka,PM2.5 - Principal,2023-10-30 08:00 PM,2023,10,30,20,6.6,28,Good,4.8,UG/M3,1 Hr,Valid
Banja Luka,PM2.5 - Principal,2023-10-30 09:00 PM,2023,10,30,21,5.6,23,Good,4.7,UG/M3,1 Hr,Valid
Banja Luka,PM2.5 - Principal,2023-10-30 10:00 PM,2023,10,30,22,4.7,20,Good,3.7,UG/M3,1 Hr,Valid
Banja Luka,PM2.5 - Principal,2023-10-30 11:00 PM,2023,10,30,23,4.2,18,Good,3.7,UG/M3,1 Hr,Valid
Banja Luka,PM2.5 - Principal,2023-10-31 12:00 AM,2023,10,31,00,3.7,15,Good,3.2,UG/M3,1 Hr,Valid
Banja Luka,PM2.5 - Principal,2023-10-31 01:00 AM,2023,10,31,01,3.4,14,Good,3.2,UG/M3,1 Hr,Valid
Banja Luka,PM2.5 - Principal,2023-10-31 02:00 AM,2023,10,31,02,3.4,14,Good,3.4,UG/M3,1 Hr,Valid
Banja Luka,PM2.5 - Principal,2023-10-31 03:00 AM,2023,10,31,03,3.4,14,Good,3.3,UG/M3,1 Hr,Valid
Banja Luka,PM2.5 - Principal,2023-10-31 04:00 AM,2023,10,31,04,4.0,17,Good,4.7,UG/M3,1 Hr,Valid
Banja Luka,PM2.5 - Principal,2023-10-31 05:00 AM,2023,10,31,05,5.0,21,Good,6.0,UG/M3,1 Hr,Valid
Banja Luka,PM2.5 - Principal,2023-10-31 06:00 AM,2023,10,31,06,5.6,23,Good,6.2,UG/M3,1 Hr,Valid
Banja Luka,PM2.5 - Principal,2023-10-31 07:00 AM,2023,10,31,07,5.4,23,Good,5.2,UG/M3,1 Hr,Valid
Banja Luka,PM2.5 - Principal,2023-10-31 08:00 AM,2023,10,31,08,6.0,25,Good,6.6,UG/M3,1 Hr,Valid
Banja Luka,PM2.5 - Principal,2023-10-31 09:00 AM,2023,10,31,09,8.2,34,Good,10.5,UG/M3,1 Hr,Valid
Banja Luka,PM2.5 - Principal,2023-10-31 10:00 AM,2023,10,31,10,11.1,46,Good,14.0,UG/M3,1 Hr,Valid
Banja Luka,PM2.5 - Principal,2023-10-31 11:00 AM,2023,10,31,11,13.8,55,Moderate,16.4,UG/M3,1 Hr,Valid
Banja Luka,PM2.5 - Principal,2023-10-31 12:00 PM,2023,10,31,12,13.5,54,Moderate,13.2,UG/M3,1 Hr,Valid
Banja Luka,PM2.5 - Principal,2023-10-31 01:00 PM,2023,10,31,13,12.1,51,Moderate,10.8,UG/M3,1 Hr,Valid
Banja Luka,PM2.5 - Principal,2023-10-31 02:00 PM,2023,10,31,14,10.6,44,Good,9.1,UG/M3,1 Hr,Valid
Banja Luka,PM2.5 - Principal,2023-10-31 03:00 PM,2023,10,31,15,8.7,36,Good,6.8,UG/M3,1 Hr,Valid
Banja Luka,PM2.5 - Principal,2023-10-31 04:00 PM,2023,10,31,16,8.1,34,Good,7.6,UG/M3,1 Hr,Valid
Banja Luka,PM2.5 - Principal,2023-10-31 05:00 PM,2023,10,31,17,6.7,28,Good,5.3,UG/M3,1 Hr,Valid
Banja Luka,PM2.5 - Principal,2023-10-31 06:00 PM,2023,10,31,18,5.3,22,Good,3.9,UG/M3,1 Hr,Valid
Banja Luka,PM2.5 - Principal,2023-10-31 07:00 PM,2023,10,31,19,6.4,27,Good,7.5,UG/M3,1 Hr,Valid
Banja Luka,PM2.5 - Principal,2023-10-31 08:00 PM,2023,10,31,20,7.5,31,Good,8.5,UG/M3,1 Hr,Valid
Banja Luka,PM2.5 - Principal,2023-10-31 09:00 PM,2023,10,31,21,6.4,27,Good,5.3,UG/M3,1 Hr,Valid
Banja Luka,PM2.5 - Principal,2023-10-31 10:00 PM,2023,10,31,22,10.9,45,Good,15.4,UG/M3,1 Hr,Valid
Banja Luka,PM2.5 - Principal,2023-10-31 11:00 PM,2023,10,31,23,11.4,48,Good,11.9,UG/M3,1 Hr,Valid
Banja Luka,PM2.5 - Principal,2023-11-01 12:00 AM,2023,11,01,00,7.9,33,Good,4.4,UG/M3,1 Hr,Valid
Banja Luka,PM2.5 - Principal,2023-11-01 01:00 AM,2023,11,01,01,6.7,28,Good,5.5,UG/M3,1 Hr,Valid
Banja Luka,PM2.5 - Principal,2023-11-01 02:00 AM,2023,11,01,02,4.9,20,Good,3.0,UG/M3,1 Hr,Valid
Banja Luka,PM2.5 - Principal,2023-11-01 03:00 AM,2023,11,01,03,3.8,16,Good,2.7,UG/M3,1 Hr,Valid
Banja Luka,PM2.5 - Principal,2023-11-01 04:00 AM,2023,11,01,04,5.5,23,Good,7.2,UG/M3,1 Hr,Valid
Banja Luka,PM2.5 - Principal,2023-11-01 05:00 AM,2023,11,01,05,4.8,20,Good,4.0,UG/M3,1 Hr,Valid
Banja Luka,PM2.5 - Principal,2023-11-01 06:00 AM,2023,11,01,06,4.2,18,Good,3.7,UG/M3,1 Hr,Valid
Banja Luka,PM2.5 - Principal,2023-11-01 07:00 AM,2023,11,01,07,4.9,20,Good,5.5,UG/M3,1 Hr,Valid
Banja Luka,PM2.5 - Principal,2023-11-01 08:00 AM,2023,11,01,08,8.4,35,Good,11.9,UG/M3,1 Hr,Valid
Banja Luka,PM2.5 - Principal,2023-11-01 09:00 AM,2023,11,01,09,7.9,33,Good,7.4,UG/M3,1 Hr,Valid
Banja Luka,PM2.5 - Principal,2023-11-01 10:00 AM,2023,11,01,10,11.4,48,Good,15.0,UG/M3,1 Hr,Valid
Banja Luka,PM2.5 - Principal,2023-11-01 11:00 AM,2023,11,01,11,11.5,48,Good,11.7,UG/M3,1 Hr,Valid
Banja Luka,PM2.5 - Principal,2023-11-01 12:00 PM,2023,11,01,12,9.8,41,Good,8.1,UG/M3,1 Hr,Valid
Banja Luka,PM2.5 - Principal,2023-11-01 01:00 PM,2023,11,01,13,8.7,36,Good,7.6,UG/M3,1 Hr,Valid
Banja Luka,PM2.5 - Principal,2023-11-01 02:00 PM,2023,11,01,14,6.6,28,Good,4.5,UG/M3,1 Hr,Valid
Banja Luka,PM2.5 - Principal,2023-11-01 03:00 PM,2023,11,01,15,6.3,26,Good,6.0,UG/M3,1 Hr,Valid
Banja Luka,PM2.5 - Principal,2023-11-01 04:00 PM,2023,11,01,16,8.0,33,Good,9.8,UG/M3,1 Hr,Valid
Banja Luka,PM2.5 - Principal,2023-11-01 05:00 PM,2023,11,01,17,10.9,45,Good,13.7,UG/M3,1 Hr,Valid
Banja Luka,PM2.5 - Principal,2023-11-01 06:00 PM,2023,11,01,18,26.6,81,Moderate,42.4,UG/M3,1 Hr,Valid
Banja Luka,PM2.5 - Principal,2023-11-01 07:00 PM,2023,11,01,19,37.0,105,Unhealthy for Sensitive Groups,47.4,UG/M3,1 Hr,Valid
Banja Luka,PM2.5 - Principal,2023-11-01 08:00 PM,2023,11,01,20,40.9,114,Unhealthy for Sensitive Groups,44.7,UG/M3,1 Hr,Valid
Banja Luka,PM2.5 - Principal,2023-11-01 09:00 PM,2023,11,01,21,49.7,136,Unhealthy for Sensitive Groups,58.4,UG/M3,1 Hr,Valid
Banja Luka,PM2.5 - Principal,2023-11-01 10:00 PM,2023,11,01,22,39.5,111,Unhealthy for Sensitive Groups,29.4,UG/M3,1 Hr,Valid
Banja Luka,PM2.5 - Principal,2023-11-01 11:00 PM,2023,11,01,23,27.2,83,Moderate,14.8,UG/M3,1 Hr,Valid
Banja Luka,PM2.5 - Principal,2023-11-02 12:00 AM,2023,11,02,00,20.9,70,Moderate,14.7,UG/M3,1 Hr,Valid
Banja Luka,PM2.5 - Principal,2023-11-02 01:00 AM,2023,11,02,01,16.1,59,Moderate,11.2,UG/M3,1 Hr,Valid
Banja Luka,PM2.5 - Principal,2023-11-02 02:00 AM,2023,11,02,02,12.8,52,Moderate,9.5,UG/M3,1 Hr,Valid
Banja Luka,PM2.5 - Principal,2023-11-02 03:00 AM,2023,11,02,03,9.7,40,Good,6.5,UG/M3,1 Hr,Valid
Banja Luka,PM2.5 - Principal,2023-11-02 04:00 AM,2023,11,02,04,6.7,28,Good,3.8,UG/M3,1 Hr,Valid
Banja Luka,PM2.5 - Principal,2023-11-02 05:00 AM,2023,11,02,05,4.9,20,Good,3.1,UG/M3,1 Hr,Valid
Banja Luka,PM2.5 - Principal,2023-11-02 06:00 AM,2023,11,02,06,3.7,15,Good,2.5,UG/M3,1 Hr,Valid
Banja Luka,PM2.5 - Principal,2023-11-02 07:00 AM,2023,11,02,07,3.6,15,Good,3.6,UG/M3,1 Hr,Valid
Banja Luka,PM2.5 - Principal,2023-11-02 08:00 AM,2023,11,02,08,4.8,20,Good,6.1,UG/M3,1 Hr,Valid
Banja Luka,PM2.5 - Principal,2023-11-02 09:00 AM,2023,11,02,09,4.4,18,Good,3.9,UG/M3,1 Hr,Valid
Banja Luka,PM2.5 - Principal,2023-11-02 10:00 AM,2023,11,02,10,3.9,16,Good,3.3,UG/M3,1 Hr,Valid
Banja Luka,PM2.5 - Principal,2023-11-02 11:00 AM,2023,11,02,11,3.9,16,Good,3.8,UG/M3,1 Hr,Valid
Banja Luka,PM2.5 - Principal,2023-11-02 12:00 PM,2023,11,02,12,3.7,15,Good,3.5,UG/M3,1 Hr,Valid
Banja Luka,PM2.5 - Principal,2023-11-02 01:00 PM,2023,11,02,13,3.5,15,Good,3.2,UG/M3,1 Hr,Valid
Banja Luka,PM2.5 - Principal,2023-11-02 02:00 PM,2023,11,02,14,3.6,15,Good,3.7,UG/M3,1 Hr,Valid
Banja Luka,PM2.5 - Principal,2023-11-02 03:00 PM,2023,11,02,15,3.4,14,Good,3.2,UG/M3,1 Hr,Valid
Banja Luka,PM2.5 - Principal,2023-11-02 04:00 PM,2023,11,02,16,4.1,17,Good,4.8,UG/M3,1 Hr,Valid
Banja Luka,PM2.5 - Principal,2023-11-02 05:00 PM,2023,11,02,17,3.7,15,Good,3.3,UG/M3,1 Hr,Valid
Banja Luka,PM2.5 - Principal,2023-11-02 06:00 PM,2023,11,02,18,3.7,15,Good,3.8,UG/M3,1 Hr,Valid
Banja Luka,PM2.5 - Principal,2023-11-02 07:00 PM,2023,11,02,19,3.6,15,Good,3.3,UG/M3,1 Hr,Valid
Banja Luka,PM2.5 - Principal,2023-11-02 08:00 PM,2023,11,02,20,3.6,15,Good,3.7,UG/M3,1 Hr,Valid
Banja Luka,PM2.5 - Principal,2023-11-02 09:00 PM,2023,11,02,21,3.7,15,Good,4.0,UG/M3,1 Hr,Valid
Banja Luka,PM2.5 - Principal,2023-11-02 10:00 PM,2023,11,02,22,3.5,15,Good,3.2,UG/M3,1 Hr,Valid
Banja Luka,PM2.5 - Principal,2023-11-02 11:00 PM,2023,11,02,23,3.4,14,Good,3.2,UG/M3,1 Hr,Valid
Banja Luka,PM2.5 - Principal,2023-11-03 12:00 AM,2023,11,03,00,2.6,11,Good,1.9,UG/M3,1 Hr,Valid
Banja Luka,PM2.5 - Principal,2023-11-03 01:00 AM,2023,11,03,01,2.1,9,Good,1.6,UG/M3,1 Hr,Valid
Banja Luka,PM2.5 - Principal,2023-11-03 02:00 AM,2023,11,03,02,3.1,13,Good,4.1,UG/M3,1 Hr,Valid
Banja Luka,PM2.5 - Principal,2023-11-03 03:00 AM,2023,11,03,03,4.0,17,Good,4.8,UG/M3,1 Hr,Valid
Banja Luka,PM2.5 - Principal,2023-11-03 04:00 AM,2023,11,03,04,4.0,17,Good,4.0,UG/M3,1 Hr,Valid
Banja Luka,PM2.5 - Principal,2023-11-03 05:00 AM,2023,11,03,05,4.3,18,Good,4.7,UG/M3,1 Hr,Valid
Banja Luka,PM2.5 - Principal,2023-11-03 06:00 AM,2023,11,03,06,4.6,19,Good,4.9,UG/M3,1 Hr,Valid
Banja Luka,PM2.5 - Principal,2023-11-03 07:00 AM,2023,11,03,07,4.7,20,Good,4.7,UG/M3,1 Hr,Valid
Banja Luka,PM2.5 - Principal,2023-11-03 08:00 AM,2023,11,03,08,4.4,18,Good,4.2,UG/M3,1 Hr,Valid
Banja Luka,PM2.5 - Principal,2023-11-03 09:00 AM,2023,11,03,09,3.5,15,Good,2.5,UG/M3,1 Hr,Valid
Banja Luka,PM2.5 - Principal,2023-11-03 10:00 AM,2023,11,03,10,4.3,18,Good,5.1,UG/M3,1 Hr,Valid
Banja Luka,PM2.5 - Principal,2023-11-03 11:00 AM,2023,11,03,11,6.3,26,Good,8.3,UG/M3,1 Hr,Valid
Banja Luka,PM2.5 - Principal,2023-11-03 12:00 PM,2023,11,03,12,5.2,22,Good,4.1,UG/M3,1 Hr,Valid
Banja Luka,PM2.5 - Principal,2023-11-03 01:00 PM,2023,11,03,13,4.8,20,Good,4.4,UG/M3,1 Hr,Valid
Banja Luka,PM2.5 - Principal,2023-11-03 02:00 PM,2023,11,03,14,4.2,18,Good,3.6,UG/M3,1 Hr,Valid
Banja Luka,PM2.5 - Principal,2023-11-03 03:00 PM,2023,11,03,15,4.8,20,Good,5.4,UG/M3,1 Hr,Valid
Banja Luka,PM2.5 - Principal,2023-11-03 04:00 PM,2023,11,03,16,4.4,18,Good,4.0,UG/M3,1 Hr,Valid
Banja Luka,PM2.5 - Principal,2023-11-03 05:00 PM,2023,11,03,17,4.5,19,Good,4.7,UG/M3,1 Hr,Valid
Banja Luka,PM2.5 - Principal,2023-11-03 06:00 PM,2023,11,03,18,5.4,23,Good,6.3,UG/M3,1 Hr,Valid
Banja Luka,PM2.5 - Principal,2023-11-03 07:00 PM,2023,11,03,19,8.3,35,Good,11.1,UG/M3,1 Hr,Valid
Banja Luka,PM2.5 - Principal,2023-11-03 08:00 PM,2023,11,03,20,7.2,30,Good,6.0,UG/M3,1 Hr,Valid
Banja Luka,PM2.5 - Principal,2023-11-03 09:00 PM,2023,11,03,21,24.1,76,Moderate,41.0,UG/M3,1 Hr,Valid
Banja Luka,PM2.5 - Principal,2023-11-03 10:00 PM,2023,11,03,22,15.6,58,Moderate,7.1,UG/M3,1 Hr,Valid
Banja Luka,PM2.5 - Principal,2023-11-03 11:00 PM,2023,11,03,23,13.2,53,Moderate,10.8,UG/M3,1 Hr,Valid
Banja Luka,PM2.5 - Principal,2023-11-04 12:00 AM,2023,11,04,00,18.8,65,Moderate,24.5,UG/M3,1 Hr,Valid
Banja Luka,PM2.5 - Principal,2023-11-04 01:00 AM,2023,11,04,01,20.1,68,Moderate,21.4,UG/M3,1 Hr,Valid
Banja Luka,PM2.5 - Principal,2023-11-04 02:00 AM,2023,11,04,02,23.5,75,Moderate,26.8,UG/M3,1 Hr,Valid
Banja Luka,PM2.5 - Principal,2023-11-04 03:00 AM,2023,11,04,03,12.6,52,Moderate,1.8,UG/M3,1 Hr,Valid
Banja Luka,PM2.5 - Principal,2023-11-04 04:00 AM,2023,11,04,04,7.1,30,Good,1.6,UG/M3,1 Hr,Valid
Banja Luka,PM2.5 - Principal,2023-11-04 05:00 AM,2023,11,04,05,5.0,21,Good,3.0,UG/M3,1 Hr,Valid
Banja Luka,PM2.5 - Principal,2023-11-04 06:00 AM,2023,11,04,06,3.6,15,Good,2.1,UG/M3,1 Hr,Valid
Banja Luka,PM2.5 - Principal,2023-11-04 07:00 AM,2023,11,04,07,4.3,18,Good,5.0,UG/M3,1 Hr,Valid
Banja Luka,PM2.5 - Principal,2023-11-04 08:00 AM,2023,11,04,08,4.2,18,Good,4.0,UG/M3,1 Hr,Valid
Banja Luka,PM2.5 - Principal,2023-11-04 09:00 AM,2023,11,04,09,6.6,28,Good,9.0,UG/M3,1 Hr,Valid
Banja Luka,PM2.5 - Principal,2023-11-04 10:00 AM,2023,11,04,10,7.0,29,Good,7.4,UG/M3,1 Hr,Valid
Banja Luka,PM2.5 - Principal,2023-11-04 11:00 AM,2023,11,04,11,7.5,31,Good,7.9,UG/M3,1 Hr,Valid
Banja Luka,PM2.5 - Principal,2023-11-04 12:00 PM,2023,11,04,12,6.1,25,Good,4.6,UG/M3,1 Hr,Valid
Banja Luka,PM2.5 - Principal,2023-11-04 01:00 PM,2023,11,04,13,4.6,19,Good,3.2,UG/M3,1 Hr,Valid
Banja Luka,PM2.5 - Principal,2023-11-04 02:00 PM,2023,11,04,14,4.5,19,Good,4.4,UG/M3,1 Hr,Valid
Banja Luka,PM2.5 - Principal,2023-11-04 03:00 PM,2023,11,04,15,4.9,20,Good,5.3,UG/M3,1 Hr,Valid
Banja Luka,PM2.5 - Principal,2023-11-04 04:00 PM,2023,11,04,16,4.5,19,Good,4.2,UG/M3,1 Hr,Valid
Banja Luka,PM2.5 - Principal,2023-11-04 05:00 PM,2023,11,04,17,9.1,38,Good,13.7,UG/M3,1 Hr,Valid
Banja Luka,PM2.5 - Principal,2023-11-04 06:00 PM,2023,11,04,18,35.0,99,Moderate,60.8,UG/M3,1 Hr,Valid
Banja Luka,PM2.5 - Principal,2023-11-04 07:00 PM,2023,11,04,19,38.3,108,Unhealthy for Sensitive Groups,41.6,UG/M3,1 Hr,Valid
Banja Luka,PM2.5 - Principal,2023-11-04 08:00 PM,2023,11,04,20,27.7,84,Moderate,17.1,UG/M3,1 Hr,Valid
Banja Luka,PM2.5 - Principal,2023-11-04 09:00 PM,2023,11,04,21,18.5,64,Moderate,9.3,UG/M3,1 Hr,Valid
Banja Luka,PM2.5 - Principal,2023-11-04 10:00 PM,2023,11,04,22,11.6,48,Good,4.7,UG/M3,1 Hr,Valid
Banja Luka,PM2.5 - Principal,2023-11-04 11:00 PM,2023,11,04,23,7.6,32,Good,3.6,UG/M3,1 Hr,Valid
Banja Luka,PM2.5 - Principal,2023-11-05 12:00 AM,2023,11,05,00,5.6,23,Good,3.7,UG/M3,1 Hr,Valid
Banja Luka,PM2.5 - Principal,2023-11-05 01:00 AM,2023,11,05,01,4.4,18,Good,3.1,UG/M3,1 Hr,Valid
Banja Luka,PM2.5 - Principal,2023-11-05 02:00 AM,2023,11,05,02,3.6,15,Good,2.9,UG/M3,1 Hr,Valid
Banja Luka,PM2.5 - Principal,2023-11-05 03:00 AM,2023,11,05,03,3.6,15,Good,3.5,UG/M3,1 Hr,Valid
Banja Luka,PM2.5 - Principal,2023-11-05 04:00 AM,2023,11,05,04,3.6,15,Good,3.5,UG/M3,1 Hr,Valid
Banja Luka,PM2.5 - Principal,2023-11-05 05:00 AM,2023,11,05,05,3.1,13,Good,2.6,UG/M3,1 Hr,Valid
Banja Luka,PM2.5 - Principal,2023-11-05 06:00 AM,2023,11,05,06,3.1,13,Good,3.1,UG/M3,1 Hr,Valid
Banja Luka,PM2.5 - Principal,2023-11-05 07:00 AM,2023,11,05,07,2.1,9,Good,1.1,UG/M3,1 Hr,Valid
Banja Luka,PM2.5 - Principal,2023-11-05 08:00 AM,2023,11,05,08,1.6,7,Good,1.1,UG/M3,1 Hr,Valid
Banja Luka,PM2.5 - Principal,2023-11-05 09:00 AM,2023,11,05,09,1.1,5,Good,0.7,UG/M3,1 Hr,Valid
Banja Luka,PM2.5 - Principal,2023-11-05 10:00 AM,2023,11,05,10,1.1,5,Good,1.1,UG/M3,1 Hr,Valid
Banja Luka,PM2.5 - Principal,2023-11-05 11:00 AM,2023,11,05,11,2.1,9,Good,3.1,UG/M3,1 Hr,Valid
Banja Luka,PM2.5 - Principal,2023-11-05 12:00 PM,2023,11,05,12,2.3,10,Good,2.6,UG/M3,1 Hr,Valid
Banja Luka,PM2.5 - Principal,2023-11-05 01:00 PM,2023,11,05,13,2.8,12,Good,3.2,UG/M3,1 Hr,Valid
Banja Luka,PM2.5 - Principal,2023-11-05 02:00 PM,2023,11,05,14,3.4,14,Good,3.9,UG/M3,1 Hr,Valid
Banja Luka,PM2.5 - Principal,2023-11-05 03:00 PM,2023,11,05,15,3.8,16,Good,4.2,UG/M3,1 Hr,Valid
Banja Luka,PM2.5 - Principal,2023-11-05 04:00 PM,2023,11,05,16,4.3,18,Good,4.9,UG/M3,1 Hr,Valid
Banja Luka,PM2.5 - Principal,2023-11-05 05:00 PM,2023,11,05,17,4.6,19,Good,4.8,UG/M3,1 Hr,Valid
Banja Luka,PM2.5 - Principal,2023-11-05 06:00 PM,2023,11,05,18,4.9,20,Good,5.3,UG/M3,1 Hr,Valid
Banja Luka,PM2.5 - Principal,2023-11-05 07:00 PM,2023,11,05,19,5.4,23,Good,6.0,UG/M3,1 Hr,Valid
Banja Luka,PM2.5 - Principal,2023-11-05 08:00 PM,2023,11,05,20,6.5,27,Good,7.6,UG/M3,1 Hr,Valid
Banja Luka,PM2.5 - Principal,2023-11-05 09:00 PM,2023,11,05,21,5.7,24,Good,4.8,UG/M3,1 Hr,Valid
Banja Luka,PM2.5 - Principal,2023-11-05 10:00 PM,2023,11,05,22,5.1,21,Good,4.5,UG/M3,1 Hr,Valid
Banja Luka,PM2.5 - Principal,2023-11-05 11:00 PM,2023,11,05,23,5.0,21,Good,4.9,UG/M3,1 Hr,Valid
Banja Luka,PM2.5 - Principal,2023-11-06 12:00 AM,2023,11,06,00,4.8,20,Good,4.5,UG/M3,1 Hr,Valid
Banja Luka,PM2.5 - Principal,2023-11-06 01:00 AM,2023,11,06,01,4.9,20,Good,5.0,UG/M3,1 Hr,Valid
Banja Luka,PM2.5 - Principal,2023-11-06 02:00 AM,2023,11,06,02,5.1,21,Good,5.3,UG/M3,1 Hr,Valid
Banja Luka,PM2.5 - Principal,2023-11-06 03:00 AM,2023,11,06,03,5.1,21,Good,5.2,UG/M3,1 Hr,Valid
Banja Luka,PM2.5 - Principal,2023-11-06 04:00 AM,2023,11,06,04,5.4,23,Good,5.8,UG/M3,1 Hr,Valid
Banja Luka,PM2.5 - Principal,2023-11-06 05:00 AM,2023,11,06,05,5.3,22,Good,5.2,UG/M3,1 Hr,Valid
Banja Luka,PM2.5 - Principal,2023-11-06 06:00 AM,2023,11,06,06,6.1,25,Good,7.3,UG/M3,1 Hr,Valid
Banja Luka,PM2.5 - Principal,2023-11-06 07:00 AM,2023,11,06,07,8.4,35,Good,10.5,UG/M3,1 Hr,Valid
Banja Luka,PM2.5 - Principal,2023-11-06 08:00 AM,2023,11,06,08,11.2,47,Good,14.1,UG/M3,1 Hr,Valid
Banja Luka,PM2.5 - Principal,2023-11-06 09:00 AM,2023,11,06,09,20.8,69,Moderate,30.4,UG/M3,1 Hr,Valid
Banja Luka,PM2.5 - Principal,2023-11-06 10:00 AM,2023,11,06,10,24.9,78,Moderate,29.0,UG/M3,1 Hr,Valid
Banja Luka,PM2.5 - Principal,2023-11-06 11:00 AM,2023,11,06,11,15.1,57,Moderate,5.4,UG/M3,1 Hr,Valid
Banja Luka,PM2.5 - Principal,2023-11-06 12:00 PM,2023,11,06,12,9.9,41,Good,4.7,UG/M3,1 Hr,Valid
Banja Luka,PM2.5 - Principal,2023-11-06 01:00 PM,2023,11,06,13,7.2,30,Good,4.4,UG/M3,1 Hr,Valid
Banja Luka,PM2.5 - Principal,2023-11-06 02:00 PM,2023,11,06,14,6.1,25,Good,5.1,UG/M3,1 Hr,Valid
Banja Luka,PM2.5 - Principal,2023-11-06 03:00 PM,2023,11,06,15,5.4,23,Good,4.8,UG/M3,1 Hr,Valid
Banja Luka,PM2.5 - Principal,2023-11-06 04:00 PM,2023,11,06,16,4.7,20,Good,4.0,UG/M3,1 Hr,Valid
Banja Luka,PM2.5 - Principal,2023-11-06 05:00 PM,2023,11,06,17,4.7,20,Good,4.7,UG/M3,1 Hr,Valid
Banja Luka,PM2.5 - Principal,2023-11-06 06:00 PM,2023,11,06,18,5.6,23,Good,6.6,UG/M3,1 Hr,Valid
Banja Luka,PM2.5 - Principal,2023-11-06 07:00 PM,2023,11,06,19,7.3,30,Good,8.9,UG/M3,1 Hr,Valid
Banja Luka,PM2.5 - Principal,2023-11-06 08:00 PM,2023,11,06,20,9.6,40,Good,12.0,UG/M3,1 Hr,Valid
Banja Luka,PM2.5 - Principal,2023-11-06 09:00 PM,2023,11,06,21,8.6,36,Good,7.6,UG/M3,1 Hr,Valid
Banja Luka,PM2.5 - Principal,2023-11-06 10:00 PM,2023,11,06,22,7.7,32,Good,6.8,UG/M3,1 Hr,Valid
Banja Luka,PM2.5 - Principal,2023-11-06 11:00 PM,2023,11,06,23,7.2,30,Good,6.7,UG/M3,1 Hr,Valid
Banja Luka,PM2.5 - Principal,2023-11-07 12:00 AM,2023,11,07,00,7.3,30,Good,7.4,UG/M3,1 Hr,Valid
Banja Luka,PM2.5 - Principal,2023-11-07 01:00 AM,2023,11,07,01,15.9,59,Moderate,24.6,UG/M3,1 Hr,Valid
Banja Luka,PM2.5 - Principal,2023-11-07 02:00 AM,2023,11,07,02,22.4,73,Moderate,29.0,UG/M3,1 Hr,Valid
Banja Luka,PM2.5 - Principal,2023-11-07 03:00 AM,2023,11,07,03,28.1,85,Moderate,33.7,UG/M3,1 Hr,Valid
Banja Luka,PM2.5 - Principal,2023-11-07 04:00 AM,2023,11,07,04,26.8,82,Moderate,25.6,UG/M3,1 Hr,Valid
Banja Luka,PM2.5 - Principal,2023-11-07 05:00 AM,2023,11,07,05,25.3,79,Moderate,23.8,UG/M3,1 Hr,Valid
Banja Luka,PM2.5 - Principal,2023-11-07 06:00 AM,2023,11,07,06,22.9,74,Moderate,20.5,UG/M3,1 Hr,Valid
Banja Luka,PM2.5 - Principal,2023-11-07 07:00 AM,2023,11,07,07,18.0,63,Moderate,13.1,UG/M3,1 Hr,Valid
Banja Luka,PM2.5 - Principal,2023-11-07 08:00 AM,2023,11,07,08,17.2,62,Moderate,16.4,UG/M3,1 Hr,Valid
Banja Luka,PM2.5 - Principal,2023-11-07 09:00 AM,2023,11,07,09,21.4,71,Moderate,25.5,UG/M3,1 Hr,Valid
Banja Luka,PM2.5 - Principal,2023-11-07 10:00 AM,2023,11,07,10,28.1,85,Moderate,34.9,UG/M3,1 Hr,Valid
Banja Luka,PM2.5 - Principal,2023-11-07 11:00 AM,2023,11,07,11,28.4,85,Moderate,28.7,UG/M3,1 Hr,Valid
Banja Luka,PM2.5 - Principal,2023-11-07 12:00 PM,2023,11,07,12,30.2,89,Moderate,31.9,UG/M3,1 Hr,Valid
Banja Luka,PM2.5 - Principal,2023-11-07 01:00 PM,2023,11,07,13,36.0,102,Unhealthy for Sensitive Groups,41.9,UG/M3,1 Hr,Valid
Banja Luka,PM2.5 - Principal,2023-11-07 02:00 PM,2023,11,07,14,48.3,133,Unhealthy for Sensitive Groups,60.5,UG/M3,1 Hr,Valid
Banja Luka,PM2.5 - Principal,2023-11-07 03:00 PM,2023,11,07,15,57.6,152,Unhealthy,66.9,UG/M3,1 Hr,Valid
Banja Luka,PM2.5 - Principal,2023-11-07 04:00 PM,2023,11,07,16,61.6,154,Unhealthy,65.5,UG/M3,1 Hr,Valid
Banja Luka,PM2.5 - Principal,2023-11-07 05:00 PM,2023,11,07,17,53.3,145,Unhealthy for Sensitive Groups,45.0,UG/M3,1 Hr,Valid
Banja Luka,PM2.5 - Principal,2023-11-07 06:00 PM,2023,11,07,18,45.5,126,Unhealthy for Sensitive Groups,37.7,UG/M3,1 Hr,Valid
Banja Luka,PM2.5 - Principal,2023-11-07 07:00 PM,2023,11,07,19,45.7,126,Unhealthy for Sensitive Groups,46.0,UG/M3,1 Hr,Valid
Banja Luka,PM2.5 - Principal,2023-11-07 08:00 PM,2023,11,07,20,53.8,146,Unhealthy for Sensitive Groups,61.9,UG/M3,1 Hr,Valid
Banja Luka,PM2.5 - Principal,2023-11-07 09:00 PM,2023,11,07,21,42.1,117,Unhealthy for Sensitive Groups,30.4,UG/M3,1 Hr,Valid
Banja Luka,PM2.5 - Principal,2023-11-07 10:00 PM,2023,11,07,22,36.3,103,Unhealthy for Sensitive Groups,30.5,UG/M3,1 Hr,Valid
Banja Luka,PM2.5 - Principal,2023-11-07 11:00 PM,2023,11,07,23,28.5,85,Moderate,20.7,UG/M3,1 Hr,Valid
Banja Luka,PM2.5 - Principal,2023-11-08 12:00 AM,2023,11,08,00,22.3,72,Moderate,16.1,UG/M3,1 Hr,Valid
Banja Luka,PM2.5 - Principal,2023-11-08 01:00 AM,2023,11,08,01,15.6,58,Moderate,9.0,UG/M3,1 Hr,Valid
Banja Luka,PM2.5 - Principal,2023-11-08 02:00 AM,2023,11,08,02,12.3,51,Moderate,9.0,UG/M3,1 Hr,Valid
Banja Luka,PM2.5 - Principal,2023-11-08 03:00 AM,2023,11,08,03,13.8,55,Moderate,15.2,UG/M3,1 Hr,Valid
Banja Luka,PM2.5 - Principal,2023-11-08 04:00 AM,2023,11,08,04,12.5,52,Moderate,11.3,UG/M3,1 Hr,Valid
Banja Luka,PM2.5 - Principal,2023-11-08 05:00 AM,2023,11,08,05,11.3,47,Good,10.0,UG/M3,1 Hr,Valid
Banja Luka,PM2.5 - Principal,2023-11-08 06:00 AM,2023,11,08,06,9.9,41,Good,8.5,UG/M3,1 Hr,Valid
Banja Luka,PM2.5 - Principal,2023-11-08 07:00 AM,2023,11,08,07,9.2,38,Good,8.6,UG/M3,1 Hr,Valid
Banja Luka,PM2.5 - Principal,2023-11-08 08:00 AM,2023,11,08,08,10.3,43,Good,11.4,UG/M3,1 Hr,Valid
Banja Luka,PM2.5 - Principal,2023-11-08 09:00 AM,2023,11,08,09,15.5,58,Moderate,20.8,UG/M3,1 Hr,Valid
Banja Luka,PM2.5 - Principal,2023-11-08 10:00 AM,2023,11,08,10,20.9,70,Moderate,26.3,UG/M3,1 Hr,Valid
Banja Luka,PM2.5 - Principal,2023-11-08 11:00 AM,2023,11,08,11,23.6,75,Moderate,26.3,UG/M3,1 Hr,Valid
Banja Luka,PM2.5 - Principal,2023-11-08 12:00 PM,2023,11,08,12,20.3,68,Moderate,16.9,UG/M3,1 Hr,Valid
Banja Luka,PM2.5 - Principal,2023-11-08 01:00 PM,2023,11,08,13,15.2,58,Moderate,10.2,UG/M3,1 Hr,Valid
Banja Luka,PM2.5 - Principal,2023-11-08 02:00 PM,2023,11,08,14,11.0,46,Good,6.9,UG/M3,1 Hr,Valid
Banja Luka,PM2.5 - Principal,2023-11-08 03:00 PM,2023,11,08,15,7.8,33,Good,4.6,UG/M3,1 Hr,Valid
Banja Luka,PM2.5 - Principal,2023-11-08 04:00 PM,2023,11,08,16,7.0,29,Good,6.2,UG/M3,1 Hr,Valid
Banja Luka,PM2.5 - Principal,2023-11-08 05:00 PM,2023,11,08,17,7.0,29,Good,7.1,UG/M3,1 Hr,Valid
Banja Luka,PM2.5 - Principal,2023-11-08 06:00 PM,2023,11,08,18,10.0,42,Good,13.0,UG/M3,1 Hr,Valid
Banja Luka,PM2.5 - Principal,2023-11-08 07:00 PM,2023,11,08,19,47.9,132,Unhealthy for Sensitive Groups,85.7,UG/M3,1 Hr,Valid
Banja Luka,PM2.5 - Principal,2023-11-08 08:00 PM,2023,11,08,20,64.4,156,Unhealthy,80.9,UG/M3,1 Hr,Valid
Banja Luka,PM2.5 - Principal,2023-11-08 09:00 PM,2023,11,08,21,82.3,165,Unhealthy,100.3,UG/M3,1 Hr,Valid
Banja Luka,PM2.5 - Principal,2023-11-08 10:00 PM,2023,11,08,22,68.4,158,Unhealthy,54.4,UG/M3,1 Hr,Valid
Banja Luka,PM2.5 - Principal,2023-11-08 11:00 PM,2023,11,08,23,45.2,125,Unhealthy for Sensitive Groups,22.1,UG/M3,1 Hr,Valid
Banja Luka,PM2.5 - Principal,2023-11-09 12:00 AM,2023,11,09,00,56.6,152,Unhealthy,68.0,UG/M3,1 Hr,Valid
Banja Luka,PM2.5 - Principal,2023-11-09 01:00 AM,2023,11,09,01,51.0,139,Unhealthy for Sensitive Groups,45.5,UG/M3,1 Hr,Valid
Banja Luka,PM2.5 - Principal,2023-11-09 02:00 AM,2023,11,09,02,36.4,103,Unhealthy for Sensitive Groups,21.7,UG/M3,1 Hr,Valid
Banja Luka,PM2.5 - Principal,2023-11-09 03:00 AM,2023,11,09,03,46.7,129,Unhealthy for Sensitive Groups,56.9,UG/M3,1 Hr,Valid
Banja Luka,PM2.5 - Principal,2023-11-09 04:00 AM,2023,11,09,04,43.8,121,Unhealthy for Sensitive Groups,40.9,UG/M3,1 Hr,Valid
Banja Luka,PM2.5 - Principal,2023-11-09 05:00 AM,2023,11,09,05,38.2,108,Unhealthy for Sensitive Groups,32.6,UG/M3,1 Hr,Valid
Banja Luka,PM2.5 - Principal,2023-11-09 06:00 AM,2023,11,09,06,36.5,103,Unhealthy for Sensitive Groups,34.9,UG/M3,1 Hr,Valid
Banja Luka,PM2.5 - Principal,2023-11-09 07:00 AM,2023,11,09,07,31.2,91,Moderate,25.9,UG/M3,1 Hr,Valid
Banja Luka,PM2.5 - Principal,2023-11-09 08:00 AM,2023,11,09,08,32.1,93,Moderate,33.1,UG/M3,1 Hr,Valid
Banja Luka,PM2.5 - Principal,2023-11-09 09:00 AM,2023,11,09,09,37.5,106,Unhealthy for Sensitive Groups,43.0,UG/M3,1 Hr,Valid
Banja Luka,PM2.5 - Principal,2023-11-09 10:00 AM,2023,11,09,10,28.7,86,Moderate,20.0,UG/M3,1 Hr,Valid
Banja Luka,PM2.5 - Principal,2023-11-09 11:00 AM,2023,11,09,11,21.5,71,Moderate,14.3,UG/M3,1 Hr,Valid
Banja Luka,PM2.5 - Principal,2023-11-09 12:00 PM,2023,11,09,12,15.1,57,Moderate,8.7,UG/M3,1 Hr,Valid
Banja Luka,PM2.5 - Principal,2023-11-09 01:00 PM,2023,11,09,13,13.4,54,Moderate,11.7,UG/M3,1 Hr,Valid
Banja Luka,PM2.5 - Principal,2023-11-09 02:00 PM,2023,11,09,14,9.7,40,Good,5.9,UG/M3,1 Hr,Valid
Banja Luka,PM2.5 - Principal,2023-11-09 03:00 PM,2023,11,09,15,8.2,34,Good,6.7,UG/M3,1 Hr,Valid
Banja Luka,PM2.5 - Principal,2023-11-09 04:00 PM,2023,11,09,16,6.7,28,Good,5.2,UG/M3,1 Hr,Valid
Banja Luka,PM2.5 - Principal,2023-11-09 05:00 PM,2023,11,09,17,6.8,28,Good,6.9,UG/M3,1 Hr,Valid
Banja Luka,PM2.5 - Principal,2023-11-09 06:00 PM,2023,11,09,18,32.2,93,Moderate,57.7,UG/M3,1 Hr,Valid
Banja Luka,PM2.5 - Principal,2023-11-09 07:00 PM,2023,11,09,19,67.3,157,Unhealthy,102.3,UG/M3,1 Hr,Valid
Banja Luka,PM2.5 - Principal,2023-11-09 08:00 PM,2023,11,09,20,83.5,165,Unhealthy,99.6,UG/M3,1 Hr,Valid
Banja Luka,PM2.5 - Principal,2023-11-09 09:00 PM,2023,11,09,21,104.5,176,Unhealthy,125.5,UG/M3,1 Hr,Valid
Banja Luka,PM2.5 - Principal,2023-11-09 10:00 PM,2023,11,09,22,124.0,186,Unhealthy,143.4,UG/M3,1 Hr,Valid
Banja Luka,PM2.5 - Principal,2023-11-09 11:00 PM,2023,11,09,23,121.7,185,Unhealthy,119.3,UG/M3,1 Hr,Valid
Banja Luka,PM2.5 - Principal,2023-11-10 12:00 AM,2023,11,10,00,107.1,178,Unhealthy,92.5,UG/M3,1 Hr,Valid
Banja Luka,PM2.5 - Principal,2023-11-10 01:00 AM,2023,11,10,01,78.2,163,Unhealthy,49.3,UG/M3,1 Hr,Valid
Banja Luka,PM2.5 - Principal,2023-11-10 02:00 AM,2023,11,10,02,43.1,120,Unhealthy for Sensitive Groups,7.9,UG/M3,1 Hr,Valid
Banja Luka,PM2.5 - Principal,2023-11-10 03:00 AM,2023,11,10,03,24.7,77,Moderate,6.4,UG/M3,1 Hr,Valid
Banja Luka,PM2.5 - Principal,2023-11-10 04:00 AM,2023,11,10,04,15.5,58,Moderate,6.4,UG/M3,1 Hr,Valid
Banja Luka,PM2.5 - Principal,2023-11-10 05:00 AM,2023,11,10,05,16.9,61,Moderate,18.2,UG/M3,1 Hr,Valid
Banja Luka,PM2.5 - Principal,2023-11-10 06:00 AM,2023,11,10,06,13.2,53,Moderate,9.6,UG/M3,1 Hr,Valid
Banja Luka,PM2.5 - Principal,2023-11-10 07:00 AM,2023,11,10,07,15.5,58,Moderate,17.8,UG/M3,1 Hr,Valid
Banja Luka,PM2.5 - Principal,2023-11-10 08:00 AM,2023,11,10,08,21.4,71,Moderate,27.3,UG/M3,1 Hr,Valid
Banja Luka,PM2.5 - Principal,2023-11-10 09:00 AM,2023,11,10,09,24.3,77,Moderate,27.2,UG/M3,1 Hr,Valid
Banja Luka,PM2.5 - Principal,2023-11-10 10:00 AM,2023,11,10,10,30.5,90,Moderate,36.7,UG/M3,1 Hr,Valid
Banja Luka,PM2.5 - Principal,2023-11-10 11:00 AM,2023,11,10,11,42.6,118,Unhealthy for Sensitive Groups,54.7,UG/M3,1 Hr,Valid
Banja Luka,PM2.5 - Principal,2023-11-10 12:00 PM,2023,11,10,12,63.0,155,Unhealthy,83.4,UG/M3,1 Hr,Valid
Banja Luka,PM2.5 - Principal,2023-11-10 01:00 PM,2023,11,10,13,74.3,161,Unhealthy,85.7,UG/M3,1 Hr,Valid
Banja Luka,PM2.5 - Principal,2023-11-10 02:00 PM,2023,11,10,14,67.5,157,Unhealthy,60.6,UG/M3,1 Hr,Valid
Banja Luka,PM2.5 - Principal,2023-11-10 03:00 PM,2023,11,10,15,71.1,159,Unhealthy,74.7,UG/M3,1 Hr,Valid
Banja Luka,PM2.5 - Principal,2023-11-10 04:00 PM,2023,11,10,16,66.3,157,Unhealthy,61.5,UG/M3,1 Hr,Valid
Banja Luka,PM2.5 - Principal,2023-11-10 05:00 PM,2023,11,10,17,64.6,156,Unhealthy,63.0,UG/M3,1 Hr,Valid
Banja Luka,PM2.5 - Principal,2023-11-10 06:00 PM,2023,11,10,18,55.3,150,Unhealthy for Sensitive Groups,46.0,UG/M3,1 Hr,Valid
Banja Luka,PM2.5 - Principal,2023-11-10 07:00 PM,2023,11,10,19,53.8,146,Unhealthy for Sensitive Groups,52.3,UG/M3,1 Hr,Valid
Banja Luka,PM2.5 - Principal,2023-11-10 08:00 PM,2023,11,10,20,70.1,159,Unhealthy,86.4,UG/M3,1 Hr,Valid
Banja Luka,PM2.5 - Principal,2023-11-10 09:00 PM,2023,11,10,21,76.4,162,Unhealthy,82.6,UG/M3,1 Hr,Valid
Banja Luka,PM2.5 - Principal,2023-11-10 10:00 PM,2023,11,10,22,96.1,172,Unhealthy,115.7,UG/M3,1 Hr,Valid
Banja Luka,PM2.5 - Principal,2023-11-10 11:00 PM,2023,11,10,23,102.1,175,Unhealthy,108.1,UG/M3,1 Hr,Valid
Banja Luka,PM2.5 - Principal,2023-11-11 12:00 AM,2023,11,11,00,112.4,180,Unhealthy,122.6,UG/M3,1 Hr,Valid
Banja Luka,PM2.5 - Principal,2023-11-11 01:00 AM,2023,11,11,01,97.4,173,Unhealthy,82.4,UG/M3,1 Hr,Valid
Banja Luka,PM2.5 - Principal,2023-11-11 02:00 AM,2023,11,11,02,55.2,150,Unhealthy for Sensitive Groups,13.0,UG/M3,1 Hr,Valid
Banja Luka,PM2.5 - Principal,2023-11-11 03:00 AM,2023,11,11,03,42.0,117,Unhealthy for Sensitive Groups,28.7,UG/M3,1 Hr,Valid
Banja Luka,PM2.5 - Principal,2023-11-11 04:00 AM,2023,11,11,04,36.4,103,Unhealthy for Sensitive Groups,30.9,UG/M3,1 Hr,Valid
Banja Luka,PM2.5 - Principal,2023-11-11 05:00 AM,2023,11,11,05,20.1,68,Moderate,3.8,UG/M3,1 Hr,Valid
Banja Luka,PM2.5 - Principal,2023-11-11 06:00 AM,2023,11,11,06,17.6,63,Moderate,15.1,UG/M3,1 Hr,Valid
Banja Luka,PM2.5 - Principal,2023-11-11 07:00 AM,2023,11,11,07,10.2,43,Good,2.8,UG/M3,1 Hr,Valid
Banja Luka,PM2.5 - Principal,2023-11-11 08:00 AM,2023,11,11,08,7.7,32,Good,5.2,UG/M3,1 Hr,Valid
Banja Luka,PM2.5 - Principal,2023-11-11 09:00 AM,2023,11,11,09,15.9,59,Moderate,24.2,UG/M3,1 Hr,Valid
Banja Luka,PM2.5 - Principal,2023-11-11 10:00 AM,2023,11,11,10,13.3,54,Moderate,10.7,UG/M3,1 Hr,Valid
Banja Luka,PM2.5 - Principal,2023-11-11 11:00 AM,2023,11,11,11,11.5,48,Good,9.7,UG/M3,1 Hr,Valid
Banja Luka,PM2.5 - Principal,2023-11-11 12:00 PM,2023,11,11,12,9.5,40,Good,7.5,UG/M3,1 Hr,Valid
Banja Luka,PM2.5 - Principal,2023-11-11 01:00 PM,2023,11,11,13,8.0,33,Good,6.6,UG/M3,1 Hr,Valid
Banja Luka,PM2.5 - Principal,2023-11-11 02:00 PM,2023,11,11,14,7.6,32,Good,7.2,UG/M3,1 Hr,Valid
Banja Luka,PM2.5 - Principal,2023-11-11 03:00 PM,2023,11,11,15,7.1,30,Good,6.6,UG/M3,1 Hr,Valid
Banja Luka,PM2.5 - Principal,2023-11-11 04:00 PM,2023,11,11,16,7.4,31,Good,7.8,UG/M3,1 Hr,Valid
Banja Luka,PM2.5 - Principal,2023-11-11 05:00 PM,2023,11,11,17,8.4,35,Good,9.4,UG/M3,1 Hr,Valid
Banja Luka,PM2.5 - Principal,2023-11-11 06:00 PM,2023,11,11,18,12.7,52,Moderate,16.9,UG/M3,1 Hr,Valid
Banja Luka,PM2.5 - Principal,2023-11-11 07:00 PM,2023,11,11,19,13.4,54,Moderate,14.1,UG/M3,1 Hr,Valid
Banja Luka,PM2.5 - Principal,2023-11-11 08:00 PM,2023,11,11,20,26.8,82,Moderate,40.1,UG/M3,1 Hr,Valid
Banja Luka,PM2.5 - Principal,2023-11-11 09:00 PM,2023,11,11,21,42.5,118,Unhealthy for Sensitive Groups,58.2,UG/M3,1 Hr,Valid
Banja Luka,PM2.5 - Principal,2023-11-11 10:00 PM,2023,11,11,22,74.4,161,Unhealthy,106.3,UG/M3,1 Hr,Valid
Banja Luka,PM2.5 - Principal,2023-11-11 11:00 PM,2023,11,11,23,80.8,164,Unhealthy,87.1,UG/M3,1 Hr,Valid
Banja Luka,PM2.5 - Principal,2023-11-12 12:00 AM,2023,11,12,00,105.7,177,Unhealthy,130.6,UG/M3,1 Hr,Valid
Banja Luka,PM2.5 - Principal,2023-11-12 01:00 AM,2023,11,12,01,113.9,181,Unhealthy,122.1,UG/M3,1 Hr,Valid
Banja Luka,PM2.5 - Principal,2023-11-12 02:00 AM,2023,11,12,02,112.6,180,Unhealthy,111.3,UG/M3,1 Hr,Valid
Banja Luka,PM2.5 - Principal,2023-11-12 03:00 AM,2023,11,12,03,114.8,182,Unhealthy,116.9,UG/M3,1 Hr,Valid
Banja Luka,PM2.5 - Principal,2023-11-12 04:00 AM,2023,11,12,04,115.9,182,Unhealthy,116.9,UG/M3,1 Hr,Valid
Banja Luka,PM2.5 - Principal,2023-11-12 05:00 AM,2023,11,12,05,116.4,182,Unhealthy,116.9,UG/M3,1 Hr,Valid
Banja Luka,PM2.5 - Principal,2023-11-12 06:00 AM,2023,11,12,06,73.2,160,Unhealthy,29.9,UG/M3,1 Hr,Valid
Banja Luka,PM2.5 - Principal,2023-11-12 07:00 AM,2023,11,12,07,51.5,140,Unhealthy for Sensitive Groups,29.9,UG/M3,1 Hr,Valid
Banja Luka,PM2.5 - Principal,2023-11-12 08:00 AM,2023,11,12,08,40.7,114,Unhealthy for Sensitive Groups,29.9,UG/M3,1 Hr,Valid
Banja Luka,PM2.5 - Principal,2023-11-12 09:00 AM,2023,11,12,09,35.3,100,Moderate,29.9,UG/M3,1 Hr,Valid
Banja Luka,PM2.5 - Principal,2023-11-12 10:00 AM,2023,11,12,10,34.6,98,Moderate,33.9,UG/M3,1 Hr,Valid
Banja Luka,PM2.5 - Principal,2023-11-12 11:00 AM,2023,11,12,11,34.3,98,Moderate,33.9,UG/M3,1 Hr,Valid
Banja Luka,PM2.5 - Principal,2023-11-12 12:00 PM,2023,11,12,12,29.8,88,Moderate,25.4,UG/M3,1 Hr,Valid
Banja Luka,PM2.5 - Principal,2023-11-12 01:00 PM,2023,11,12,13,27.6,84,Moderate,25.4,UG/M3,1 Hr,Valid
Banja Luka,PM2.5 - Principal,2023-11-12 02:00 PM,2023,11,12,14,26.5,81,Moderate,25.4,UG/M3,1 Hr,Valid
Banja Luka,PM2.5 - Principal,2023-11-12 03:00 PM,2023,11,12,15,26.0,80,Moderate,25.4,UG/M3,1 Hr,Valid
Banja Luka,PM2.5 - Principal,2023-11-12 04:00 PM,2023,11,12,16,27.4,83,Moderate,28.8,UG/M3,1 Hr,Valid
Banja Luka,PM2.5 - Principal,2023-11-12 05:00 PM,2023,11,12,17,27.9,84,Moderate,28.8,UG/M3,1 Hr,Valid
Banja Luka,PM2.5 - Principal,2023-11-12 06:00 PM,2023,11,12,18,28.2,85,Moderate,28.8,UG/M3,1 Hr,Valid
Banja Luka,PM2.5 - Principal,2023-11-12 07:00 PM,2023,11,12,19,21.4,71,Moderate,14.4,UG/M3,1 Hr,Valid
Banja Luka,PM2.5 - Principal,2023-11-12 08:00 PM,2023,11,12,20,13.9,55,Moderate,6.3,UG/M3,1 Hr,Valid
Banja Luka,PM2.5 - Principal,2023-11-12 09:00 PM,2023,11,12,21,11.4,48,Good,9.0,UG/M3,1 Hr,Valid
Banja Luka,PM2.5 - Principal,2023-11-12 10:00 PM,2023,11,12,22,11.1,46,Good,10.8,UG/M3,1 Hr,Valid
Banja Luka,PM2.5 - Principal,2023-11-12 11:00 PM,2023,11,12,23,11.0,46,Good,10.8,UG/M3,1 Hr,Valid
Banja Luka,PM2.5 - Principal,2023-11-13 12:00 AM,2023,11,13,00,10.9,45,Good,10.8,UG/M3,1 Hr,Valid
Banja Luka,PM2.5 - Principal,2023-11-13 01:00 AM,2023,11,13,01,10.9,45,Good,10.8,UG/M3,1 Hr,Valid
Banja Luka,PM2.5 - Principal,2023-11-13 02:00 AM,2023,11,13,02,10.8,45,Good,10.8,UG/M3,1 Hr,Valid
Banja Luka,PM2.5 - Principal,2023-11-13 03:00 AM,2023,11,13,03,10.8,45,Good,10.8,UG/M3,1 Hr,Valid
Banja Luka,PM2.5 - Principal,2023-11-13 04:00 AM,2023,11,13,04,10.8,45,Good,10.8,UG/M3,1 Hr,Valid
Banja Luka,PM2.5 - Principal,2023-11-13 05:00 AM,2023,11,13,05,10.8,45,Good,10.8,UG/M3,1 Hr,Valid
Banja Luka,PM2.5 - Principal,2023-11-13 06:00 AM,2023,11,13,06,10.8,45,Good,10.8,UG/M3,1 Hr,Valid
Banja Luka,PM2.5 - Principal,2023-11-13 07:00 AM,2023,11,13,07,12.8,52,Moderate,14.7,UG/M3,1 Hr,Valid
Banja Luka,PM2.5 - Principal,2023-11-13 08:00 AM,2023,11,13,08,12.3,51,Moderate,32.4,UG/M3,1 Hr,Invalid
Banja Luka,PM2.5 - Principal,2023-11-13 09:00 AM,2023,11,13,09,-999.0,-999,N/A,32.4,UG/M3,1 Hr,Invalid
Banja Luka,PM2.5 - Principal,2023-11-13 10:00 AM,2023,11,13,10,-999.0,-999,N/A,32.4,UG/M3,1 Hr,Invalid
Banja Luka,PM2.5 - Principal,2023-11-13 11:00 AM,2023,11,13,11,-999.0,-999,N/A,32.4,UG/M3,1 Hr,Invalid
Banja Luka,PM2.5 - Principal,2023-11-13 12:00 PM,2023,11,13,12,-999.0,-999,N/A,32.4,UG/M3,1 Hr,Invalid
Banja Luka,PM2.5 - Principal,2023-11-13 01:00 PM,2023,11,13,13,-999.0,-999,N/A,14.4,UG/M3,1 Hr,Invalid
Banja Luka,PM2.5 - Principal,2023-11-13 02:00 PM,2023,11,13,14,-999.0,-999,N/A,14.4,UG/M3,1 Hr,Invalid
Banja Luka,PM2.5 - Principal,2023-11-13 03:00 PM,2023,11,13,15,-999.0,-999,N/A,14.4,UG/M3,1 Hr,Valid
Banja Luka,PM2.5 - Principal,2023-11-13 04:00 PM,2023,11,13,16,14.2,55,Moderate,14.4,UG/M3,1 Hr,Valid
Banja Luka,PM2.5 - Principal,2023-11-13 05:00 PM,2023,11,13,17,19.4,66,Moderate,23.2,UG/M3,1 Hr,Valid
Banja Luka,PM2.5 - Principal,2023-11-13 06:00 PM,2023,11,13,18,29.0,87,Moderate,37.4,UG/M3,1 Hr,Valid
Banja Luka,PM2.5 - Principal,2023-11-13 07:00 PM,2023,11,13,19,33.3,96,Moderate,37.4,UG/M3,1 Hr,Valid
Banja Luka,PM2.5 - Principal,2023-11-13 08:00 PM,2023,11,13,20,35.4,100,Moderate,37.4,UG/M3,1 Hr,Valid
Banja Luka,PM2.5 - Principal,2023-11-13 09:00 PM,2023,11,13,21,36.4,103,Unhealthy for Sensitive Groups,37.4,UG/M3,1 Hr,Valid
Banja Luka,PM2.5 - Principal,2023-11-13 10:00 PM,2023,11,13,22,135.0,192,Unhealthy,232.8,UG/M3,1 Hr,Valid
Banja Luka,PM2.5 - Principal,2023-11-13 11:00 PM,2023,11,13,23,126.4,188,Unhealthy,118.0,UG/M3,1 Hr,Valid
Banja Luka,PM2.5 - Principal,2023-11-14 12:00 AM,2023,11,14,00,134.5,192,Unhealthy,142.6,UG/M3,1 Hr,Valid
Banja Luka,PM2.5 - Principal,2023-11-14 01:00 AM,2023,11,14,01,134.3,192,Unhealthy,134.0,UG/M3,1 Hr,Valid
Banja Luka,PM2.5 - Principal,2023-11-14 02:00 AM,2023,11,14,02,147.0,198,Unhealthy,159.7,UG/M3,1 Hr,Valid
Banja Luka,PM2.5 - Principal,2023-11-14 03:00 AM,2023,11,14,03,139.6,194,Unhealthy,132.1,UG/M3,1 Hr,Valid
Banja Luka,PM2.5 - Principal,2023-11-14 04:00 AM,2023,11,14,04,135.9,193,Unhealthy,132.1,UG/M3,1 Hr,Valid
Banja Luka,PM2.5 - Principal,2023-11-14 05:00 AM,2023,11,14,05,69.9,158,Unhealthy,3.9,UG/M3,1 Hr,Valid
Banja Luka,PM2.5 - Principal,2023-11-14 06:00 AM,2023,11,14,06,37.2,105,Unhealthy for Sensitive Groups,4.5,UG/M3,1 Hr,Valid
Banja Luka,PM2.5 - Principal,2023-11-14 07:00 AM,2023,11,14,07,20.8,69,Moderate,4.5,UG/M3,1 Hr,Valid
Banja Luka,PM2.5 - Principal,2023-11-14 08:00 AM,2023,11,14,08,12.6,52,Moderate,4.5,UG/M3,1 Hr,Valid
Banja Luka,PM2.5 - Principal,2023-11-14 09:00 AM,2023,11,14,09,8.6,36,Good,4.5,UG/M3,1 Hr,Valid
Banja Luka,PM2.5 - Principal,2023-11-14 10:00 AM,2023,11,14,10,6.7,28,Good,4.9,UG/M3,1 Hr,Valid
Banja Luka,PM2.5 - Principal,2023-11-14 11:00 AM,2023,11,14,11,5.8,24,Good,4.9,UG/M3,1 Hr,Valid
Banja Luka,PM2.5 - Principal,2023-11-14 12:00 PM,2023,11,14,12,5.3,22,Good,4.9,UG/M3,1 Hr,Valid
Banja Luka,PM2.5 - Principal,2023-11-14 01:00 PM,2023,11,14,13,5.1,21,Good,4.9,UG/M3,1 Hr,Valid
Banja Luka,PM2.5 - Principal,2023-11-14 02:00 PM,2023,11,14,14,5.2,22,Good,5.4,UG/M3,1 Hr,Valid
Banja Luka,PM2.5 - Principal,2023-11-14 03:00 PM,2023,11,14,15,5.1,21,Good,5.0,UG/M3,1 Hr,Valid
Banja Luka,PM2.5 - Principal,2023-11-14 04:00 PM,2023,11,14,16,4.9,20,Good,4.7,UG/M3,1 Hr,Valid
Banja Luka,PM2.5 - Principal,2023-11-14 05:00 PM,2023,11,14,17,4.8,20,Good,4.7,UG/M3,1 Hr,Valid
Banja Luka,PM2.5 - Principal,2023-11-14 06:00 PM,2023,11,14,18,4.8,20,Good,4.7,UG/M3,1 Hr,Valid
Banja Luka,PM2.5 - Principal,2023-11-14 07:00 PM,2023,11,14,19,4.8,20,Good,4.7,UG/M3,1 Hr,Valid
Banja Luka,PM2.5 - Principal,2023-11-14 08:00 PM,2023,11,14,20,4.8,20,Good,4.7,UG/M3,1 Hr,Valid
Banja Luka,PM2.5 - Principal,2023-11-14 09:00 PM,2023,11,14,21,5.2,22,Good,6.4,UG/M3,1 Hr,Valid
Banja Luka,PM2.5 - Principal,2023-11-14 10:00 PM,2023,11,14,22,5.6,23,Good,6.4,UG/M3,1 Hr,Valid
Banja Luka,PM2.5 - Principal,2023-11-14 11:00 PM,2023,11,14,23,5.8,24,Good,6.4,UG/M3,1 Hr,Valid
Banja Luka,PM2.5 - Principal,2023-11-15 12:00 AM,2023,11,15,00,6.0,25,Good,6.4,UG/M3,1 Hr,Valid
Banja Luka,PM2.5 - Principal,2023-11-15 01:00 AM,2023,11,15,01,6.1,25,Good,6.4,UG/M3,1 Hr,Valid
Banja Luka,PM2.5 - Principal,2023-11-15 02:00 AM,2023,11,15,02,6.2,26,Good,6.4,UG/M3,1 Hr,Valid
Banja Luka,PM2.5 - Principal,2023-11-15 03:00 AM,2023,11,15,03,4.4,18,Good,2.4,UG/M3,1 Hr,Valid
Banja Luka,PM2.5 - Principal,2023-11-15 04:00 AM,2023,11,15,04,3.4,14,Good,2.4,UG/M3,1 Hr,Valid
Banja Luka,PM2.5 - Principal,2023-11-15 05:00 AM,2023,11,15,05,2.6,11,Good,1.7,UG/M3,1 Hr,Valid
Banja Luka,PM2.5 - Principal,2023-11-15 06:00 AM,2023,11,15,06,2.1,9,Good,1.7,UG/M3,1 Hr,Valid
Banja Luka,PM2.5 - Principal,2023-11-15 07:00 AM,2023,11,15,07,4.9,20,Good,7.7,UG/M3,1 Hr,Valid
Banja Luka,PM2.5 - Principal,2023-11-15 08:00 AM,2023,11,15,08,6.3,26,Good,7.7,UG/M3,1 Hr,Valid
Banja Luka,PM2.5 - Principal,2023-11-15 09:00 AM,2023,11,15,09,7.0,29,Good,7.7,UG/M3,1 Hr,Valid
Banja Luka,PM2.5 - Principal,2023-11-15 10:00 AM,2023,11,15,10,7.4,31,Good,7.7,UG/M3,1 Hr,Valid
Banja Luka,PM2.5 - Principal,2023-11-15 11:00 AM,2023,11,15,11,7.6,32,Good,7.7,UG/M3,1 Hr,Valid
Banja Luka,PM2.5 - Principal,2023-11-15 12:00 PM,2023,11,15,12,7.7,32,Good,7.7,UG/M3,1 Hr,Valid
Banja Luka,PM2.5 - Principal,2023-11-15 01:00 PM,2023,11,15,13,7.7,32,Good,7.7,UG/M3,1 Hr,Valid
Banja Luka,PM2.5 - Principal,2023-11-15 02:00 PM,2023,11,15,14,7.7,32,Good,7.7,UG/M3,1 Hr,Valid
Banja Luka,PM2.5 - Principal,2023-11-15 03:00 PM,2023,11,15,15,9.2,38,Good,10.8,UG/M3,1 Hr,Valid
Banja Luka,PM2.5 - Principal,2023-11-15 04:00 PM,2023,11,15,16,10.0,42,Good,10.8,UG/M3,1 Hr,Valid
Banja Luka,PM2.5 - Principal,2023-11-15 05:00 PM,2023,11,15,17,10.4,43,Good,10.8,UG/M3,1 Hr,Valid
Banja Luka,PM2.5 - Principal,2023-11-15 06:00 PM,2023,11,15,18,9.1,38,Good,7.8,UG/M3,1 Hr,Valid
Banja Luka,PM2.5 - Principal,2023-11-15 07:00 PM,2023,11,15,19,8.8,37,Good,7.8,UG/M3,1 Hr,Valid
Banja Luka,PM2.5 - Principal,2023-11-15 08:00 PM,2023,11,15,20,15.3,58,Moderate,22.2,UG/M3,1 Hr,Valid
Banja Luka,PM2.5 - Principal,2023-11-15 09:00 PM,2023,11,15,21,14.1,55,Moderate,12.9,UG/M3,1 Hr,Valid
Banja Luka,PM2.5 - Principal,2023-11-15 10:00 PM,2023,11,15,22,20.0,68,Moderate,25.9,UG/M3,1 Hr,Valid
Banja Luka,PM2.5 - Principal,2023-11-15 11:00 PM,2023,11,15,23,23.0,74,Moderate,25.9,UG/M3,1 Hr,Valid
Banja Luka,PM2.5 - Principal,2023-11-16 12:00 AM,2023,11,16,00,24.4,77,Moderate,25.9,UG/M3,1 Hr,Valid
Banja Luka,PM2.5 - Principal,2023-11-16 01:00 AM,2023,11,16,01,31.9,93,Moderate,39.4,UG/M3,1 Hr,Valid
Banja Luka,PM2.5 - Principal,2023-11-16 02:00 AM,2023,11,16,02,35.7,101,Unhealthy for Sensitive Groups,39.4,UG/M3,1 Hr,Valid
Banja Luka,PM2.5 - Principal,2023-11-16 03:00 AM,2023,11,16,03,20.6,69,Moderate,5.5,UG/M3,1 Hr,Valid
Banja Luka,PM2.5 - Principal,2023-11-16 04:00 AM,2023,11,16,04,13.1,53,Moderate,5.5,UG/M3,1 Hr,Valid
Banja Luka,PM2.5 - Principal,2023-11-16 05:00 AM,2023,11,16,05,9.3,39,Good,5.5,UG/M3,1 Hr,Valid
Banja Luka,PM2.5 - Principal,2023-11-16 06:00 AM,2023,11,16,06,7.4,31,Good,5.5,UG/M3,1 Hr,Valid
Banja Luka,PM2.5 - Principal,2023-11-16 07:00 AM,2023,11,16,07,6.5,27,Good,5.5,UG/M3,1 Hr,Valid
Banja Luka,PM2.5 - Principal,2023-11-16 08:00 AM,2023,11,16,08,6.0,25,Good,5.5,UG/M3,1 Hr,Valid
Banja Luka,PM2.5 - Principal,2023-11-16 09:00 AM,2023,11,16,09,5.8,24,Good,5.5,UG/M3,1 Hr,Valid
Banja Luka,PM2.5 - Principal,2023-11-16 10:00 AM,2023,11,16,10,5.7,24,Good,5.5,UG/M3,1 Hr,Valid
Banja Luka,PM2.5 - Principal,2023-11-16 11:00 AM,2023,11,16,11,7.8,33,Good,10.0,UG/M3,1 Hr,Valid
Banja Luka,PM2.5 - Principal,2023-11-16 12:00 PM,2023,11,16,12,8.9,37,Good,10.0,UG/M3,1 Hr,Valid
Banja Luka,PM2.5 - Principal,2023-11-16 01:00 PM,2023,11,16,13,9.4,39,Good,10.0,UG/M3,1 Hr,Valid
Banja Luka,PM2.5 - Principal,2023-11-16 02:00 PM,2023,11,16,14,11.5,48,Good,13.6,UG/M3,1 Hr,Valid
Banja Luka,PM2.5 - Principal,2023-11-16 03:00 PM,2023,11,16,15,11.5,48,Good,14.6,UG/M3,1 Hr,Invalid
Banja Luka,PM2.5 - Principal,2023-11-16 04:00 PM,2023,11,16,16,-999.0,-999,N/A,14.6,UG/M3,1 Hr,Invalid
Banja Luka,PM2.5 - Principal,2023-11-16 05:00 PM,2023,11,16,17,-999.0,-999,N/A,14.6,UG/M3,1 Hr,Invalid
Banja Luka,PM2.5 - Principal,2023-11-16 06:00 PM,2023,11,16,18,-999.0,-999,N/A,14.6,UG/M3,1 Hr,Invalid
Banja Luka,PM2.5 - Principal,2023-11-16 07:00 PM,2023,11,16,19,-999.0,-999,N/A,14.6,UG/M3,1 Hr,Invalid
Banja Luka,PM2.5 - Principal,2023-11-16 08:00 PM,2023,11,16,20,-999.0,-999,N/A,14.6,UG/M3,1 Hr,Invalid
Banja Luka,PM2.5 - Principal,2023-11-16 09:00 PM,2023,11,16,21,-999.0,-999,N/A,94.9,UG/M3,1 Hr,Invalid
Banja Luka,PM2.5 - Principal,2023-11-16 10:00 PM,2023,11,16,22,-999.0,-999,N/A,94.9,UG/M3,1 Hr,Invalid
Banja Luka,PM2.5 - Principal,2023-11-16 11:00 PM,2023,11,16,23,-999.0,-999,N/A,94.9,UG/M3,1 Hr,Invalid
Banja Luka,PM2.5 - Principal,2023-11-17 12:00 AM,2023,11,17,00,-999.0,-999,N/A,94.9,UG/M3,1 Hr,Invalid
Banja Luka,PM2.5 - Principal,2023-11-17 01:00 AM,2023,11,17,01,-999.0,-999,N/A,94.9,UG/M3,1 Hr,Invalid
Banja Luka,PM2.5 - Principal,2023-11-17 02:00 AM,2023,11,17,02,-999.0,-999,N/A,6.7,UG/M3,1 Hr,Valid
Banja Luka,PM2.5 - Principal,2023-11-17 03:00 AM,2023,11,17,03,6.7,28,Good,6.7,UG/M3,1 Hr,Valid
Banja Luka,PM2.5 - Principal,2023-11-17 04:00 AM,2023,11,17,04,6.7,28,Good,6.7,UG/M3,1 Hr,Valid
Banja Luka,PM2.5 - Principal,2023-11-17 05:00 AM,2023,11,17,05,6.7,28,Good,6.7,UG/M3,1 Hr,Valid
Banja Luka,PM2.5 - Principal,2023-11-17 06:00 AM,2023,11,17,06,17.9,63,Moderate,28.4,UG/M3,1 Hr,Valid
Banja Luka,PM2.5 - Principal,2023-11-17 07:00 AM,2023,11,17,07,20.0,68,Moderate,22.0,UG/M3,1 Hr,Valid
Banja Luka,PM2.5 - Principal,2023-11-17 08:00 AM,2023,11,17,08,17.9,63,Moderate,15.9,UG/M3,1 Hr,Valid
Banja Luka,PM2.5 - Principal,2023-11-17 09:00 AM,2023,11,17,09,17.9,63,Moderate,16.7,UG/M3,1 Hr,Invalid
Banja Luka,PM2.5 - Principal,2023-11-17 10:00 AM,2023,11,17,10,-999.0,-999,N/A,16.7,UG/M3,1 Hr,Invalid
Banja Luka,PM2.5 - Principal,2023-11-17 11:00 AM,2023,11,17,11,-999.0,-999,N/A,16.7,UG/M3,1 Hr,Invalid
Banja Luka,PM2.5 - Principal,2023-11-17 12:00 PM,2023,11,17,12,-999.0,-999,N/A,16.7,UG/M3,1 Hr,Invalid
Banja Luka,PM2.5 - Principal,2023-11-17 01:00 PM,2023,11,17,13,-999.0,-999,N/A,16.7,UG/M3,1 Hr,Invalid
Banja Luka,PM2.5 - Principal,2023-11-17 02:00 PM,2023,11,17,14,-999.0,-999,N/A,16.7,UG/M3,1 Hr,Invalid
Banja Luka,PM2.5 - Principal,2023-11-17 03:00 PM,2023,11,17,15,-999.0,-999,N/A,10.3,UG/M3,1 Hr,Invalid
Banja Luka,PM2.5 - Principal,2023-11-17 04:00 PM,2023,11,17,16,-999.0,-999,N/A,10.3,UG/M3,1 Hr,Invalid
Banja Luka,PM2.5 - Principal,2023-11-17 05:00 PM,2023,11,17,17,-999.0,-999,N/A,10.3,UG/M3,1 Hr,Invalid
Banja Luka,PM2.5 - Principal,2023-11-17 06:00 PM,2023,11,17,18,-999.0,-999,N/A,10.3,UG/M3,1 Hr,Invalid
Banja Luka,PM2.5 - Principal,2023-11-17 07:00 PM,2023,11,17,19,-999.0,-999,N/A,10.3,UG/M3,1 Hr,Invalid
Banja Luka,PM2.5 - Principal,2023-11-17 08:00 PM,2023,11,17,20,-999.0,-999,N/A,10.3,UG/M3,1 Hr,Invalid
Banja Luka,PM2.5 - Principal,2023-11-17 09:00 PM,2023,11,17,21,-999.0,-999,N/A,10.3,UG/M3,1 Hr,Invalid
Banja Luka,PM2.5 - Principal,2023-11-17 10:00 PM,2023,11,17,22,-999.0,-999,N/A,10.3,UG/M3,1 Hr,Invalid
Banja Luka,PM2.5 - Principal,2023-11-17 11:00 PM,2023,11,17,23,-999.0,-999,N/A,10.3,UG/M3,1 Hr,Invalid
Banja Luka,PM2.5 - Principal,2023-11-18 12:00 AM,2023,11,18,00,-999.0,-999,N/A,10.3,UG/M3,1 Hr,Invalid
Banja Luka,PM2.5 - Principal,2023-11-18 01:00 AM,2023,11,18,01,-999.0,-999,N/A,10.3,UG/M3,1 Hr,Invalid
Banja Luka,PM2.5 - Principal,2023-11-18 02:00 AM,2023,11,18,02,-999.0,-999,N/A,10.3,UG/M3,1 Hr,Invalid
Banja Luka,PM2.5 - Principal,2023-11-18 03:00 AM,2023,11,18,03,-999.0,-999,N/A,10.3,UG/M3,1 Hr,Invalid
Banja Luka,PM2.5 - Principal,2023-11-18 04:00 AM,2023,11,18,04,-999.0,-999,N/A,10.3,UG/M3,1 Hr,Invalid
Banja Luka,PM2.5 - Principal,2023-11-18 05:00 AM,2023,11,18,05,-999.0,-999,N/A,12.7,UG/M3,1 Hr,Valid
Banja Luka,PM2.5 - Principal,2023-11-18 06:00 AM,2023,11,18,06,12.7,52,Moderate,12.7,UG/M3,1 Hr,Valid
Banja Luka,PM2.5 - Principal,2023-11-18 07:00 AM,2023,11,18,07,12.7,52,Moderate,12.7,UG/M3,1 Hr,Valid
Banja Luka,PM2.5 - Principal,2023-11-18 08:00 AM,2023,11,18,08,12.5,52,Moderate,12.0,UG/M3,1 Hr,Valid
Banja Luka,PM2.5 - Principal,2023-11-18 09:00 AM,2023,11,18,09,20.9,70,Moderate,28.9,UG/M3,1 Hr,Valid
Banja Luka,PM2.5 - Principal,2023-11-18 10:00 AM,2023,11,18,10,24.9,78,Moderate,28.9,UG/M3,1 Hr,Valid
Banja Luka,PM2.5 - Principal,2023-11-18 11:00 AM,2023,11,18,11,22.7,73,Moderate,20.6,UG/M3,1 Hr,Valid
Banja Luka,PM2.5 - Principal,2023-11-18 12:00 PM,2023,11,18,12,15.6,58,Moderate,8.4,UG/M3,1 Hr,Valid
Banja Luka,PM2.5 - Principal,2023-11-18 01:00 PM,2023,11,18,13,12.0,50,Good,8.4,UG/M3,1 Hr,Valid
Banja Luka,PM2.5 - Principal,2023-11-18 02:00 PM,2023,11,18,14,10.2,43,Good,8.4,UG/M3,1 Hr,Valid
Banja Luka,PM2.5 - Principal,2023-11-18 03:00 PM,2023,11,18,15,9.3,39,Good,8.4,UG/M3,1 Hr,Valid
Banja Luka,PM2.5 - Principal,2023-11-18 04:00 PM,2023,11,18,16,8.9,37,Good,8.4,UG/M3,1 Hr,Valid
Banja Luka,PM2.5 - Principal,2023-11-18 05:00 PM,2023,11,18,17,8.7,36,Good,8.4,UG/M3,1 Hr,Valid
Banja Luka,PM2.5 - Principal,2023-11-18 06:00 PM,2023,11,18,18,8.5,35,Good,8.4,UG/M3,1 Hr,Valid
Banja Luka,PM2.5 - Principal,2023-11-18 07:00 PM,2023,11,18,19,8.5,35,Good,8.4,UG/M3,1 Hr,Valid
Banja Luka,PM2.5 - Principal,2023-11-18 08:00 PM,2023,11,18,20,8.5,35,Good,8.4,UG/M3,1 Hr,Valid
Banja Luka,PM2.5 - Principal,2023-11-18 09:00 PM,2023,11,18,21,8.4,35,Good,8.4,UG/M3,1 Hr,Valid
Banja Luka,PM2.5 - Principal,2023-11-18 10:00 PM,2023,11,18,22,8.4,35,Good,154.1,UG/M3,1 Hr,Invalid
Banja Luka,PM2.5 - Principal,2023-11-18 11:00 PM,2023,11,18,23,-999.0,-999,N/A,154.1,UG/M3,1 Hr,Invalid
Banja Luka,PM2.5 - Principal,2023-11-19 12:00 AM,2023,11,19,00,-999.0,-999,N/A,154.1,UG/M3,1 Hr,Invalid
Banja Luka,PM2.5 - Principal,2023-11-19 01:00 AM,2023,11,19,01,-999.0,-999,N/A,154.1,UG/M3,1 Hr,Invalid
Banja Luka,PM2.5 - Principal,2023-11-19 02:00 AM,2023,11,19,02,-999.0,-999,N/A,154.1,UG/M3,1 Hr,Invalid
Banja Luka,PM2.5 - Principal,2023-11-19 03:00 AM,2023,11,19,03,-999.0,-999,N/A,154.1,UG/M3,1 Hr,Invalid
Banja Luka,PM2.5 - Principal,2023-11-19 04:00 AM,2023,11,19,04,-999.0,-999,N/A,154.1,UG/M3,1 Hr,Invalid
Banja Luka,PM2.5 - Principal,2023-11-19 05:00 AM,2023,11,19,05,-999.0,-999,N/A,154.1,UG/M3,1 Hr,Invalid
Banja Luka,PM2.5 - Principal,2023-11-19 06:00 AM,2023,11,19,06,-999.0,-999,N/A,32.2,UG/M3,1 Hr,Invalid
Banja Luka,PM2.5 - Principal,2023-11-19 07:00 AM,2023,11,19,07,-999.0,-999,N/A,32.2,UG/M3,1 Hr,Invalid
Banja Luka,PM2.5 - Principal,2023-11-19 08:00 AM,2023,11,19,08,-999.0,-999,N/A,32.2,UG/M3,1 Hr,Invalid
Banja Luka,PM2.5 - Principal,2023-11-19 09:00 AM,2023,11,19,09,-999.0,-999,N/A,32.2,UG/M3,1 Hr,Invalid
Banja Luka,PM2.5 - Principal,2023-11-19 10:00 AM,2023,11,19,10,-999.0,-999,N/A,32.2,UG/M3,1 Hr,Invalid
Banja Luka,PM2.5 - Principal,2023-11-19 11:00 AM,2023,11,19,11,-999.0,-999,N/A,31.7,UG/M3,1 Hr,Invalid
Banja Luka,PM2.5 - Principal,2023-11-19 12:00 PM,2023,11,19,12,-999.0,-999,N/A,31.7,UG/M3,1 Hr,Invalid
Banja Luka,PM2.5 - Principal,2023-11-19 01:00 PM,2023,11,19,13,-999.0,-999,N/A,31.7,UG/M3,1 Hr,Invalid
Banja Luka,PM2.5 - Principal,2023-11-19 02:00 PM,2023,11,19,14,-999.0,-999,N/A,31.7,UG/M3,1 Hr,Invalid
Banja Luka,PM2.5 - Principal,2023-11-19 03:00 PM,2023,11,19,15,-999.0,-999,N/A,31.7,UG/M3,1 Hr,Invalid
Banja Luka,PM2.5 - Principal,2023-11-19 04:00 PM,2023,11,19,16,-999.0,-999,N/A,31.7,UG/M3,1 Hr,Invalid
Banja Luka,PM2.5 - Principal,2023-11-19 05:00 PM,2023,11,19,17,-999.0,-999,N/A,31.7,UG/M3,1 Hr,Invalid
Banja Luka,PM2.5 - Principal,2023-11-19 06:00 PM,2023,11,19,18,-999.0,-999,N/A,31.7,UG/M3,1 Hr,Invalid
Banja Luka,PM2.5 - Principal,2023-11-19 07:00 PM,2023,11,19,19,-999.0,-999,N/A,31.7,UG/M3,1 Hr,Invalid
Banja Luka,PM2.5 - Principal,2023-11-19 08:00 PM,2023,11,19,20,-999.0,-999,N/A,31.7,UG/M3,1 Hr,Invalid
Banja Luka,PM2.5 - Principal,2023-11-19 09:00 PM,2023,11,19,21,-999.0,-999,N/A,31.7,UG/M3,1 Hr,Invalid
Banja Luka,PM2.5 - Principal,2023-11-19 10:00 PM,2023,11,19,22,-999.0,-999,N/A,268.2,UG/M3,1 Hr,Invalid
Banja Luka,PM2.5 - Principal,2023-11-19 11:00 PM,2023,11,19,23,-999.0,-999,N/A,268.2,UG/M3,1 Hr,Invalid
Banja Luka,PM2.5 - Principal,2023-11-20 12:00 AM,2023,11,20,00,-999.0,-999,N/A,268.2,UG/M3,1 Hr,Invalid
Banja Luka,PM2.5 - Principal,2023-11-20 01:00 AM,2023,11,20,01,-999.0,-999,N/A,268.2,UG/M3,1 Hr,Invalid
Banja Luka,PM2.5 - Principal,2023-11-20 02:00 AM,2023,11,20,02,-999.0,-999,N/A,268.2,UG/M3,1 Hr,Invalid
Banja Luka,PM2.5 - Principal,2023-11-20 03:00 AM,2023,11,20,03,-999.0,-999,N/A,268.2,UG/M3,1 Hr,Invalid
Banja Luka,PM2.5 - Principal,2023-11-20 04:00 AM,2023,11,20,04,-999.0,-999,N/A,268.2,UG/M3,1 Hr,Invalid
Banja Luka,PM2.5 - Principal,2023-11-20 05:00 AM,2023,11,20,05,-999.0,-999,N/A,268.2,UG/M3,1 Hr,Invalid
Banja Luka,PM2.5 - Principal,2023-11-20 06:00 AM,2023,11,20,06,-999.0,-999,N/A,268.2,UG/M3,1 Hr,Invalid
Banja Luka,PM2.5 - Principal,2023-11-20 07:00 AM,2023,11,20,07,-999.0,-999,N/A,268.2,UG/M3,1 Hr,Invalid
Banja Luka,PM2.5 - Principal,2023-11-20 08:00 AM,2023,11,20,08,-999.0,-999,N/A,268.2,UG/M3,1 Hr,Invalid
Banja Luka,PM2.5 - Principal,2023-11-20 09:00 AM,2023,11,20,09,-999.0,-999,N/A,268.2,UG/M3,1 Hr,Invalid
Banja Luka,PM2.5 - Principal,2023-11-20 10:00 AM,2023,11,20,10,-999.0,-999,N/A,268.2,UG/M3,1 Hr,Invalid
Banja Luka,PM2.5 - Principal,2023-11-20 11:00 AM,2023,11,20,11,-999.0,-999,N/A,268.2,UG/M3,1 Hr,Invalid
Banja Luka,PM2.5 - Principal,2023-11-20 12:00 PM,2023,11,20,12,-999.0,-999,N/A,71.5,UG/M3,1 Hr,Valid
Banja Luka,PM2.5 - Principal,2023-11-20 01:00 PM,2023,11,20,13,64.4,156,Unhealthy,58.5,UG/M3,1 Hr,Valid
Banja Luka,PM2.5 - Principal,2023-11-20 02:00 PM,2023,11,20,14,46.6,128,Unhealthy for Sensitive Groups,34.4,UG/M3,1 Hr,Valid
Banja Luka,PM2.5 - Principal,2023-11-20 03:00 PM,2023,11,20,15,35.6,101,Unhealthy for Sensitive Groups,26.0,UG/M3,1 Hr,Valid
Banja Luka,PM2.5 - Principal,2023-11-20 04:00 PM,2023,11,20,16,23.3,75,Moderate,11.7,UG/M3,1 Hr,Valid
Banja Luka,PM2.5 - Principal,2023-11-20 05:00 PM,2023,11,20,17,20.3,68,Moderate,17.4,UG/M3,1 Hr,Valid
Banja Luka,PM2.5 - Principal,2023-11-20 06:00 PM,2023,11,20,18,17.7,63,Moderate,15.1,UG/M3,1 Hr,Valid
Banja Luka,PM2.5 - Principal,2023-11-20 07:00 PM,2023,11,20,19,31.1,91,Moderate,44.5,UG/M3,1 Hr,Valid
Banja Luka,PM2.5 - Principal,2023-11-20 08:00 PM,2023,11,20,20,64.4,156,Unhealthy,97.5,UG/M3,1 Hr,Valid
Banja Luka,PM2.5 - Principal,2023-11-20 09:00 PM,2023,11,20,21,53.0,144,Unhealthy for Sensitive Groups,41.7,UG/M3,1 Hr,Valid
Banja Luka,PM2.5 - Principal,2023-11-20 10:00 PM,2023,11,20,22,134.7,192,Unhealthy,216.3,UG/M3,1 Hr,Valid
Banja Luka,PM2.5 - Principal,2023-11-20 11:00 PM,2023,11,20,23,174.6,225,Very Unhealthy,214.4,UG/M3,1 Hr,Valid
Banja Luka,PM2.5 - Principal,2023-11-21 12:00 AM,2023,11,21,00,198.2,248,Very Unhealthy,221.8,UG/M3,1 Hr,Valid
Banja Luka,PM2.5 - Principal,2023-11-21 01:00 AM,2023,11,21,01,184.9,235,Very Unhealthy,171.5,UG/M3,1 Hr,Valid
Banja Luka,PM2.5 - Principal,2023-11-21 02:00 AM,2023,11,21,02,141.8,196,Unhealthy,98.7,UG/M3,1 Hr,Valid
Banja Luka,PM2.5 - Principal,2023-11-21 03:00 AM,2023,11,21,03,114.2,181,Unhealthy,86.7,UG/M3,1 Hr,Valid
Banja Luka,PM2.5 - Principal,2023-11-21 04:00 AM,2023,11,21,04,112.2,180,Unhealthy,110.1,UG/M3,1 Hr,Valid
Banja Luka,PM2.5 - Principal,2023-11-21 05:00 AM,2023,11,21,05,99.0,173,Unhealthy,85.8,UG/M3,1 Hr,Valid
Banja Luka,PM2.5 - Principal,2023-11-21 06:00 AM,2023,11,21,06,82.1,165,Unhealthy,65.2,UG/M3,1 Hr,Valid
Banja Luka,PM2.5 - Principal,2023-11-21 07:00 AM,2023,11,21,07,71.1,159,Unhealthy,60.1,UG/M3,1 Hr,Valid
Banja Luka,PM2.5 - Principal,2023-11-21 08:00 AM,2023,11,21,08,64.9,156,Unhealthy,58.7,UG/M3,1 Hr,Valid
Banja Luka,PM2.5 - Principal,2023-11-21 09:00 AM,2023,11,21,09,63.1,155,Unhealthy,61.4,UG/M3,1 Hr,Valid
Banja Luka,PM2.5 - Principal,2023-11-21 10:00 AM,2023,11,21,10,66.1,156,Unhealthy,69.1,UG/M3,1 Hr,Valid
Banja Luka,PM2.5 - Principal,2023-11-21 11:00 AM,2023,11,21,11,75.4,161,Unhealthy,84.7,UG/M3,1 Hr,Valid
Banja Luka,PM2.5 - Principal,2023-11-21 12:00 PM,2023,11,21,12,85.2,166,Unhealthy,94.9,UG/M3,1 Hr,Valid
Banja Luka,PM2.5 - Principal,2023-11-21 01:00 PM,2023,11,21,13,75.6,161,Unhealthy,65.9,UG/M3,1 Hr,Valid
Banja Luka,PM2.5 - Principal,2023-11-21 02:00 PM,2023,11,21,14,52.1,142,Unhealthy for Sensitive Groups,28.7,UG/M3,1 Hr,Valid
Banja Luka,PM2.5 - Principal,2023-11-21 03:00 PM,2023,11,21,15,32.1,93,Moderate,12.0,UG/M3,1 Hr,Valid
Banja Luka,PM2.5 - Principal,2023-11-21 04:00 PM,2023,11,21,16,30.1,89,Moderate,28.1,UG/M3,1 Hr,Valid
Banja Luka,PM2.5 - Principal,2023-11-21 05:00 PM,2023,11,21,17,49.8,136,Unhealthy for Sensitive Groups,69.6,UG/M3,1 Hr,Valid
Banja Luka,PM2.5 - Principal,2023-11-21 06:00 PM,2023,11,21,18,56.0,151,Unhealthy,62.2,UG/M3,1 Hr,Valid
Banja Luka,PM2.5 - Principal,2023-11-21 07:00 PM,2023,11,21,19,50.2,137,Unhealthy for Sensitive Groups,44.3,UG/M3,1 Hr,Valid
Banja Luka,PM2.5 - Principal,2023-11-21 08:00 PM,2023,11,21,20,50.9,139,Unhealthy for Sensitive Groups,51.7,UG/M3,1 Hr,Valid
Banja Luka,PM2.5 - Principal,2023-11-21 09:00 PM,2023,11,21,21,52.2,142,Unhealthy for Sensitive Groups,53.4,UG/M3,1 Hr,Valid
Banja Luka,PM2.5 - Principal,2023-11-21 10:00 PM,2023,11,21,22,43.5,121,Unhealthy for Sensitive Groups,34.8,UG/M3,1 Hr,Valid
Banja Luka,PM2.5 - Principal,2023-11-21 11:00 PM,2023,11,21,23,38.1,107,Unhealthy for Sensitive Groups,32.7,UG/M3,1 Hr,Valid
Banja Luka,PM2.5 - Principal,2023-11-22 12:00 AM,2023,11,22,00,34.1,97,Moderate,30.1,UG/M3,1 Hr,Valid
Banja Luka,PM2.5 - Principal,2023-11-22 01:00 AM,2023,11,22,01,25.0,78,Moderate,15.9,UG/M3,1 Hr,Valid
Banja Luka,PM2.5 - Principal,2023-11-22 02:00 AM,2023,11,22,02,19.5,67,Moderate,13.9,UG/M3,1 Hr,Valid
Banja Luka,PM2.5 - Principal,2023-11-22 03:00 AM,2023,11,22,03,15.4,58,Moderate,11.4,UG/M3,1 Hr,Valid
Banja Luka,PM2.5 - Principal,2023-11-22 04:00 AM,2023,11,22,04,12.0,50,Good,8.7,UG/M3,1 Hr,Valid
Banja Luka,PM2.5 - Principal,2023-11-22 05:00 AM,2023,11,22,05,9.6,40,Good,7.2,UG/M3,1 Hr,Valid
Banja Luka,PM2.5 - Principal,2023-11-22 06:00 AM,2023,11,22,06,8.7,36,Good,7.8,UG/M3,1 Hr,Valid
Banja Luka,PM2.5 - Principal,2023-11-22 07:00 AM,2023,11,22,07,11.9,50,Good,15.1,UG/M3,1 Hr,Valid
Banja Luka,PM2.5 - Principal,2023-11-22 08:00 AM,2023,11,22,08,18.6,65,Moderate,25.4,UG/M3,1 Hr,Valid
Banja Luka,PM2.5 - Principal,2023-11-22 09:00 AM,2023,11,22,09,20.8,69,Moderate,23.0,UG/M3,1 Hr,Valid
Banja Luka,PM2.5 - Principal,2023-11-22 10:00 AM,2023,11,22,10,24.0,76,Moderate,27.2,UG/M3,1 Hr,Valid
Banja Luka,PM2.5 - Principal,2023-11-22 11:00 AM,2023,11,22,11,25.1,78,Moderate,26.2,UG/M3,1 Hr,Valid
Banja Luka,PM2.5 - Principal,2023-11-22 12:00 PM,2023,11,22,12,41.1,115,Unhealthy for Sensitive Groups,57.0,UG/M3,1 Hr,Valid
Banja Luka,PM2.5 - Principal,2023-11-22 01:00 PM,2023,11,22,13,33.7,96,Moderate,26.4,UG/M3,1 Hr,Valid
Banja Luka,PM2.5 - Principal,2023-11-22 02:00 PM,2023,11,22,14,26.9,82,Moderate,20.0,UG/M3,1 Hr,Valid
Banja Luka,PM2.5 - Principal,2023-11-22 03:00 PM,2023,11,22,15,26.3,81,Moderate,25.7,UG/M3,1 Hr,Valid
Banja Luka,PM2.5 - Principal,2023-11-22 04:00 PM,2023,11,22,16,23.4,75,Moderate,20.5,UG/M3,1 Hr,Valid
Banja Luka,PM2.5 - Principal,2023-11-22 05:00 PM,2023,11,22,17,24.0,76,Moderate,24.6,UG/M3,1 Hr,Valid
Banja Luka,PM2.5 - Principal,2023-11-22 06:00 PM,2023,11,22,18,23.0,74,Moderate,22.0,UG/M3,1 Hr,Valid
Banja Luka,PM2.5 - Principal,2023-11-22 07:00 PM,2023,11,22,19,20.8,69,Moderate,18.7,UG/M3,1 Hr,Valid
Banja Luka,PM2.5 - Principal,2023-11-22 08:00 PM,2023,11,22,20,21.6,71,Moderate,22.4,UG/M3,1 Hr,Valid
Banja Luka,PM2.5 - Principal,2023-11-22 09:00 PM,2023,11,22,21,23.9,76,Moderate,26.3,UG/M3,1 Hr,Valid
Banja Luka,PM2.5 - Principal,2023-11-22 10:00 PM,2023,11,22,22,30.4,89,Moderate,36.8,UG/M3,1 Hr,Valid
Banja Luka,PM2.5 - Principal,2023-11-22 11:00 PM,2023,11,22,23,29.7,88,Moderate,29.1,UG/M3,1 Hr,Valid
Banja Luka,PM2.5 - Principal,2023-11-23 12:00 AM,2023,11,23,00,28.7,86,Moderate,27.6,UG/M3,1 Hr,Valid
Banja Luka,PM2.5 - Principal,2023-11-23 01:00 AM,2023,11,23,01,27.5,83,Moderate,26.3,UG/M3,1 Hr,Valid
Banja Luka,PM2.5 - Principal,2023-11-23 02:00 AM,2023,11,23,02,24.3,77,Moderate,21.0,UG/M3,1 Hr,Valid
Banja Luka,PM2.5 - Principal,2023-11-23 03:00 AM,2023,11,23,03,22.3,72,Moderate,20.2,UG/M3,1 Hr,Valid
Banja Luka,PM2.5 - Principal,2023-11-23 04:00 AM,2023,11,23,04,21.6,71,Moderate,20.9,UG/M3,1 Hr,Valid
Banja Luka,PM2.5 - Principal,2023-11-23 05:00 AM,2023,11,23,05,22.2,72,Moderate,22.7,UG/M3,1 Hr,Valid
Banja Luka,PM2.5 - Principal,2023-11-23 06:00 AM,2023,11,23,06,23.4,75,Moderate,24.7,UG/M3,1 Hr,Valid
Banja Luka,PM2.5 - Principal,2023-11-23 07:00 AM,2023,11,23,07,23.6,75,Moderate,24.0,UG/M3,1 Hr,Valid
Banja Luka,PM2.5 - Principal,2023-11-23 08:00 AM,2023,11,23,08,25.7,80,Moderate,28.2,UG/M3,1 Hr,Valid
Banja Luka,PM2.5 - Principal,2023-11-23 09:00 AM,2023,11,23,09,29.5,88,Moderate,34.3,UG/M3,1 Hr,Valid
Banja Luka,PM2.5 - Principal,2023-11-23 10:00 AM,2023,11,23,10,31.2,91,Moderate,34.3,UG/M3,1 Hr,Valid
Banja Luka,PM2.5 - Principal,2023-11-23 11:00 AM,2023,11,23,11,33.3,96,Moderate,35.6,UG/M3,1 Hr,Valid
Banja Luka,PM2.5 - Principal,2023-11-23 12:00 PM,2023,11,23,12,38.2,108,Unhealthy for Sensitive Groups,42.5,UG/M3,1 Hr,Valid
Banja Luka,PM2.5 - Principal,2023-11-23 01:00 PM,2023,11,23,13,40.3,113,Unhealthy for Sensitive Groups,42.4,UG/M3,1 Hr,Valid
Banja Luka,PM2.5 - Principal,2023-11-23 02:00 PM,2023,11,23,14,43.7,121,Unhealthy for Sensitive Groups,47.1,UG/M3,1 Hr,Valid
Banja Luka,PM2.5 - Principal,2023-11-23 03:00 PM,2023,11,23,15,42.4,118,Unhealthy for Sensitive Groups,41.1,UG/M3,1 Hr,Valid
Banja Luka,PM2.5 - Principal,2023-11-23 04:00 PM,2023,11,23,16,46.6,128,Unhealthy for Sensitive Groups,50.9,UG/M3,1 Hr,Valid
Banja Luka,PM2.5 - Principal,2023-11-23 05:00 PM,2023,11,23,17,50.2,137,Unhealthy for Sensitive Groups,53.7,UG/M3,1 Hr,Valid
Banja Luka,PM2.5 - Principal,2023-11-23 06:00 PM,2023,11,23,18,47.0,129,Unhealthy for Sensitive Groups,43.8,UG/M3,1 Hr,Valid
Banja Luka,PM2.5 - Principal,2023-11-23 07:00 PM,2023,11,23,19,63.3,155,Unhealthy,79.6,UG/M3,1 Hr,Valid
Banja Luka,PM2.5 - Principal,2023-11-23 08:00 PM,2023,11,23,20,69.2,158,Unhealthy,75.1,UG/M3,1 Hr,Valid
Banja Luka,PM2.5 - Principal,2023-11-23 09:00 PM,2023,11,23,21,71.8,159,Unhealthy,74.4,UG/M3,1 Hr,Valid
Banja Luka,PM2.5 - Principal,2023-11-23 10:00 PM,2023,11,23,22,74.8,161,Unhealthy,77.8,UG/M3,1 Hr,Valid
Banja Luka,PM2.5 - Principal,2023-11-23 11:00 PM,2023,11,23,23,86.3,167,Unhealthy,97.8,UG/M3,1 Hr,Valid
Banja Luka,PM2.5 - Principal,2023-11-24 12:00 AM,2023,11,24,00,104.3,176,Unhealthy,122.2,UG/M3,1 Hr,Valid
Banja Luka,PM2.5 - Principal,2023-11-24 01:00 AM,2023,11,24,01,88.6,168,Unhealthy,73.0,UG/M3,1 Hr,Valid
Banja Luka,PM2.5 - Principal,2023-11-24 02:00 AM,2023,11,24,02,80.5,164,Unhealthy,72.3,UG/M3,1 Hr,Valid
Banja Luka,PM2.5 - Principal,2023-11-24 03:00 AM,2023,11,24,03,59.9,153,Unhealthy,39.4,UG/M3,1 Hr,Valid
Banja Luka,PM2.5 - Principal,2023-11-24 04:00 AM,2023,11,24,04,50.0,137,Unhealthy for Sensitive Groups,40.1,UG/M3,1 Hr,Valid
Banja Luka,PM2.5 - Principal,2023-11-24 05:00 AM,2023,11,24,05,37.2,105,Unhealthy for Sensitive Groups,24.5,UG/M3,1 Hr,Valid
Banja Luka,PM2.5 - Principal,2023-11-24 06:00 AM,2023,11,24,06,33.7,96,Moderate,30.1,UG/M3,1 Hr,Valid
Banja Luka,PM2.5 - Principal,2023-11-24 07:00 AM,2023,11,24,07,31.6,92,Moderate,29.5,UG/M3,1 Hr,Valid
Banja Luka,PM2.5 - Principal,2023-11-24 08:00 AM,2023,11,24,08,30.3,89,Moderate,29.0,UG/M3,1 Hr,Valid
Banja Luka,PM2.5 - Principal,2023-11-24 09:00 AM,2023,11,24,09,45.6,126,Unhealthy for Sensitive Groups,61.0,UG/M3,1 Hr,Valid
Banja Luka,PM2.5 - Principal,2023-11-24 10:00 AM,2023,11,24,10,67.7,157,Unhealthy,89.8,UG/M3,1 Hr,Valid
Banja Luka,PM2.5 - Principal,2023-11-24 11:00 AM,2023,11,24,11,77.4,162,Unhealthy,87.1,UG/M3,1 Hr,Valid
Banja Luka,PM2.5 - Principal,2023-11-24 12:00 PM,2023,11,24,12,87.7,168,Unhealthy,98.0,UG/M3,1 Hr,Valid
Banja Luka,PM2.5 - Principal,2023-11-24 01:00 PM,2023,11,24,13,68.9,158,Unhealthy,50.0,UG/M3,1 Hr,Valid
Banja Luka,PM2.5 - Principal,2023-11-24 02:00 PM,2023,11,24,14,45.9,127,Unhealthy for Sensitive Groups,22.9,UG/M3,1 Hr,Valid
Banja Luka,PM2.5 - Principal,2023-11-24 03:00 PM,2023,11,24,15,31.3,91,Moderate,16.8,UG/M3,1 Hr,Valid
Banja Luka,PM2.5 - Principal,2023-11-24 04:00 PM,2023,11,24,16,24.3,77,Moderate,17.2,UG/M3,1 Hr,Valid
Banja Luka,PM2.5 - Principal,2023-11-24 05:00 PM,2023,11,24,17,20.0,68,Moderate,15.6,UG/M3,1 Hr,Valid
Banja Luka,PM2.5 - Principal,2023-11-24 06:00 PM,2023,11,24,18,23.7,75,Moderate,27.4,UG/M3,1 Hr,Valid
Banja Luka,PM2.5 - Principal,2023-11-24 07:00 PM,2023,11,24,19,18.1,64,Moderate,12.5,UG/M3,1 Hr,Valid
Banja Luka,PM2.5 - Principal,2023-11-24 08:00 PM,2023,11,24,20,15.5,58,Moderate,12.9,UG/M3,1 Hr,Valid
Banja Luka,PM2.5 - Principal,2023-11-24 09:00 PM,2023,11,24,21,10.4,43,Good,5.3,UG/M3,1 Hr,Valid
Banja Luka,PM2.5 - Principal,2023-11-24 10:00 PM,2023,11,24,22,8.3,35,Good,6.3,UG/M3,1 Hr,Valid
Banja Luka,PM2.5 - Principal,2023-11-24 11:00 PM,2023,11,24,23,7.2,30,Good,6.1,UG/M3,1 Hr,Valid
Banja Luka,PM2.5 - Principal,2023-11-25 12:00 AM,2023,11,25,00,8.7,36,Good,10.1,UG/M3,1 Hr,Valid
Banja Luka,PM2.5 - Principal,2023-11-25 01:00 AM,2023,11,25,01,9.1,38,Good,9.6,UG/M3,1 Hr,Valid
Banja Luka,PM2.5 - Principal,2023-11-25 02:00 AM,2023,11,25,02,8.3,35,Good,7.5,UG/M3,1 Hr,Valid
Banja Luka,PM2.5 - Principal,2023-11-25 03:00 AM,2023,11,25,03,6.7,28,Good,5.1,UG/M3,1 Hr,Valid
Banja Luka,PM2.5 - Principal,2023-11-25 04:00 AM,2023,11,25,04,6.0,25,Good,5.3,UG/M3,1 Hr,Valid
Banja Luka,PM2.5 - Principal,2023-11-25 05:00 AM,2023,11,25,05,6.5,27,Good,6.9,UG/M3,1 Hr,Valid
Banja Luka,PM2.5 - Principal,2023-11-25 06:00 AM,2023,11,25,06,5.2,22,Good,3.9,UG/M3,1 Hr,Valid
Banja Luka,PM2.5 - Principal,2023-11-25 07:00 AM,2023,11,25,07,6.4,27,Good,7.7,UG/M3,1 Hr,Valid
Banja Luka,PM2.5 - Principal,2023-11-25 08:00 AM,2023,11,25,08,5.7,24,Good,5.1,UG/M3,1 Hr,Valid
Banja Luka,PM2.5 - Principal,2023-11-25 09:00 AM,2023,11,25,09,4.5,19,Good,3.2,UG/M3,1 Hr,Valid
Banja Luka,PM2.5 - Principal,2023-11-25 10:00 AM,2023,11,25,10,11.7,49,Good,19.0,UG/M3,1 Hr,Valid
Banja Luka,PM2.5 - Principal,2023-11-25 11:00 AM,2023,11,25,11,35.2,100,Moderate,58.7,UG/M3,1 Hr,Valid
Banja Luka,PM2.5 - Principal,2023-11-25 12:00 PM,2023,11,25,12,31.2,91,Moderate,27.2,UG/M3,1 Hr,Valid
Banja Luka,PM2.5 - Principal,2023-11-25 01:00 PM,2023,11,25,13,24.1,76,Moderate,17.1,UG/M3,1 Hr,Valid
Banja Luka,PM2.5 - Principal,2023-11-25 02:00 PM,2023,11,25,14,16.0,59,Moderate,7.8,UG/M3,1 Hr,Valid
Banja Luka,PM2.5 - Principal,2023-11-25 03:00 PM,2023,11,25,15,16.8,61,Moderate,17.5,UG/M3,1 Hr,Valid
Banja Luka,PM2.5 - Principal,2023-11-25 04:00 PM,2023,11,25,16,15.8,59,Moderate,14.8,UG/M3,1 Hr,Valid
Banja Luka,PM2.5 - Principal,2023-11-25 05:00 PM,2023,11,25,17,14.6,56,Moderate,13.4,UG/M3,1 Hr,Valid
Banja Luka,PM2.5 - Principal,2023-11-25 06:00 PM,2023,11,25,18,16.0,59,Moderate,17.4,UG/M3,1 Hr,Valid
Banja Luka,PM2.5 - Principal,2023-11-25 07:00 PM,2023,11,25,19,17.4,62,Moderate,18.9,UG/M3,1 Hr,Valid
Banja Luka,PM2.5 - Principal,2023-11-25 08:00 PM,2023,11,25,20,14.5,56,Moderate,11.6,UG/M3,1 Hr,Valid
Banja Luka,PM2.5 - Principal,2023-11-25 09:00 PM,2023,11,25,21,14.0,55,Moderate,13.5,UG/M3,1 Hr,Valid
Banja Luka,PM2.5 - Principal,2023-11-25 10:00 PM,2023,11,25,22,15.4,58,Moderate,16.8,UG/M3,1 Hr,Valid
Banja Luka,PM2.5 - Principal,2023-11-25 11:00 PM,2023,11,25,23,51.4,140,Unhealthy for Sensitive Groups,87.3,UG/M3,1 Hr,Valid
Banja Luka,PM2.5 - Principal,2023-11-26 12:00 AM,2023,11,26,00,60.0,153,Unhealthy,68.6,UG/M3,1 Hr,Valid
Banja Luka,PM2.5 - Principal,2023-11-26 01:00 AM,2023,11,26,01,51.1,139,Unhealthy for Sensitive Groups,42.2,UG/M3,1 Hr,Valid
Banja Luka,PM2.5 - Principal,2023-11-26 02:00 AM,2023,11,26,02,37.3,105,Unhealthy for Sensitive Groups,23.5,UG/M3,1 Hr,Valid
Banja Luka,PM2.5 - Principal,2023-11-26 03:00 AM,2023,11,26,03,22.8,74,Moderate,8.3,UG/M3,1 Hr,Valid
Banja Luka,PM2.5 - Principal,2023-11-26 04:00 AM,2023,11,26,04,14.5,56,Moderate,6.2,UG/M3,1 Hr,Valid
Banja Luka,PM2.5 - Principal,2023-11-26 05:00 AM,2023,11,26,05,10.4,43,Good,6.4,UG/M3,1 Hr,Valid
Banja Luka,PM2.5 - Principal,2023-11-26 06:00 AM,2023,11,26,06,15.2,58,Moderate,20.1,UG/M3,1 Hr,Valid
Banja Luka,PM2.5 - Principal,2023-11-26 07:00 AM,2023,11,26,07,15.5,58,Moderate,15.8,UG/M3,1 Hr,Valid
Banja Luka,PM2.5 - Principal,2023-11-26 08:00 AM,2023,11,26,08,15.6,58,Moderate,15.7,UG/M3,1 Hr,Valid
Banja Luka,PM2.5 - Principal,2023-11-26 09:00 AM,2023,11,26,09,24.9,78,Moderate,34.2,UG/M3,1 Hr,Valid
Banja Luka,PM2.5 - Principal,2023-11-26 10:00 AM,2023,11,26,10,21.8,71,Moderate,18.7,UG/M3,1 Hr,Valid
Banja Luka,PM2.5 - Principal,2023-11-26 11:00 AM,2023,11,26,11,21.2,70,Moderate,20.6,UG/M3,1 Hr,Valid
Banja Luka,PM2.5 - Principal,2023-11-26 12:00 PM,2023,11,26,12,15.9,59,Moderate,10.7,UG/M3,1 Hr,Valid
Banja Luka,PM2.5 - Principal,2023-11-26 01:00 PM,2023,11,26,13,12.2,51,Moderate,8.4,UG/M3,1 Hr,Valid
Banja Luka,PM2.5 - Principal,2023-11-26 02:00 PM,2023,11,26,14,12.7,52,Moderate,13.3,UG/M3,1 Hr,Valid
Banja Luka,PM2.5 - Principal,2023-11-26 03:00 PM,2023,11,26,15,9.6,40,Good,6.5,UG/M3,1 Hr,Valid
Banja Luka,PM2.5 - Principal,2023-11-26 04:00 PM,2023,11,26,16,9.7,40,Good,9.9,UG/M3,1 Hr,Valid
Banja Luka,PM2.5 - Principal,2023-11-26 05:00 PM,2023,11,26,17,15.2,58,Moderate,20.6,UG/M3,1 Hr,Valid
Banja Luka,PM2.5 - Principal,2023-11-26 06:00 PM,2023,11,26,18,21.3,70,Moderate,27.3,UG/M3,1 Hr,Valid
Banja Luka,PM2.5 - Principal,2023-11-26 07:00 PM,2023,11,26,19,16.7,61,Moderate,12.1,UG/M3,1 Hr,Valid
Banja Luka,PM2.5 - Principal,2023-11-26 08:00 PM,2023,11,26,20,29.1,87,Moderate,41.5,UG/M3,1 Hr,Valid
Banja Luka,PM2.5 - Principal,2023-11-26 09:00 PM,2023,11,26,21,106.5,177,Unhealthy,183.8,UG/M3,1 Hr,Valid
Banja Luka,PM2.5 - Principal,2023-11-26 10:00 PM,2023,11,26,22,94.1,171,Unhealthy,81.8,UG/M3,1 Hr,Valid
Banja Luka,PM2.5 - Principal,2023-11-26 11:00 PM,2023,11,26,23,143.0,196,Unhealthy,191.9,UG/M3,1 Hr,Valid
Banja Luka,PM2.5 - Principal,2023-11-27 12:00 AM,2023,11,27,00,135.1,192,Unhealthy,127.0,UG/M3,1 Hr,Valid
Banja Luka,PM2.5 - Principal,2023-11-27 01:00 AM,2023,11,27,01,151.9,202,Very Unhealthy,168.7,UG/M3,1 Hr,Valid
Banja Luka,PM2.5 - Principal,2023-11-27 02:00 AM,2023,11,27,02,132.3,191,Unhealthy,112.7,UG/M3,1 Hr,Valid
Banja Luka,PM2.5 - Principal,2023-11-27 03:00 AM,2023,11,27,03,95.6,172,Unhealthy,59.0,UG/M3,1 Hr,Valid
Banja Luka,PM2.5 - Principal,2023-11-27 04:00 AM,2023,11,27,04,68.5,158,Unhealthy,41.4,UG/M3,1 Hr,Valid
Banja Luka,PM2.5 - Principal,2023-11-27 05:00 AM,2023,11,27,05,53.8,146,Unhealthy for Sensitive Groups,39.0,UG/M3,1 Hr,Valid
Banja Luka,PM2.5 - Principal,2023-11-27 06:00 AM,2023,11,27,06,43.2,120,Unhealthy for Sensitive Groups,32.5,UG/M3,1 Hr,Valid
Banja Luka,PM2.5 - Principal,2023-11-27 07:00 AM,2023,11,27,07,24.5,77,Moderate,5.9,UG/M3,1 Hr,Valid
Banja Luka,PM2.5 - Principal,2023-11-27 08:00 AM,2023,11,27,08,16.4,60,Moderate,8.4,UG/M3,1 Hr,Valid
Banja Luka,PM2.5 - Principal,2023-11-27 09:00 AM,2023,11,27,09,13.5,54,Moderate,10.6,UG/M3,1 Hr,Valid
Banja Luka,PM2.5 - Principal,2023-11-27 10:00 AM,2023,11,27,10,35.2,100,Moderate,56.9,UG/M3,1 Hr,Valid
Banja Luka,PM2.5 - Principal,2023-11-27 11:00 AM,2023,11,27,11,46.4,128,Unhealthy for Sensitive Groups,57.6,UG/M3,1 Hr,Valid
Banja Luka,PM2.5 - Principal,2023-11-27 12:00 PM,2023,11,27,12,25.5,79,Moderate,4.7,UG/M3,1 Hr,Valid
Banja Luka,PM2.5 - Principal,2023-11-27 01:00 PM,2023,11,27,13,16.0,59,Moderate,6.6,UG/M3,1 Hr,Valid
Banja Luka,PM2.5 - Principal,2023-11-27 02:00 PM,2023,11,27,14,11.5,48,Good,6.9,UG/M3,1 Hr,Valid
Banja Luka,PM2.5 - Principal,2023-11-27 03:00 PM,2023,11,27,15,9.1,38,Good,6.8,UG/M3,1 Hr,Valid
Banja Luka,PM2.5 - Principal,2023-11-27 04:00 PM,2023,11,27,16,7.8,33,Good,6.5,UG/M3,1 Hr,Valid
Banja Luka,PM2.5 - Principal,2023-11-27 05:00 PM,2023,11,27,17,7.9,33,Good,8.1,UG/M3,1 Hr,Valid
Banja Luka,PM2.5 - Principal,2023-11-27 06:00 PM,2023,11,27,18,8.0,33,Good,8.1,UG/M3,1 Hr,Valid
Banja Luka,PM2.5 - Principal,2023-11-27 07:00 PM,2023,11,27,19,7.2,30,Good,6.4,UG/M3,1 Hr,Valid
Banja Luka,PM2.5 - Principal,2023-11-27 08:00 PM,2023,11,27,20,6.8,28,Good,6.4,UG/M3,1 Hr,Valid
Banja Luka,PM2.5 - Principal,2023-11-27 09:00 PM,2023,11,27,21,6.5,27,Good,6.3,UG/M3,1 Hr,Valid
Banja Luka,PM2.5 - Principal,2023-11-27 10:00 PM,2023,11,27,22,6.2,26,Good,5.9,UG/M3,1 Hr,Valid
Banja Luka,PM2.5 - Principal,2023-11-27 11:00 PM,2023,11,27,23,5.8,24,Good,5.0,UG/M3,1 Hr,Valid
Banja Luka,PM2.5 - Principal,2023-11-28 12:00 AM,2023,11,28,00,5.2,22,Good,4.5,UG/M3,1 Hr,Valid
Banja Luka,PM2.5 - Principal,2023-11-28 01:00 AM,2023,11,28,01,10.0,42,Good,15.0,UG/M3,1 Hr,Valid
Banja Luka,PM2.5 - Principal,2023-11-28 02:00 AM,2023,11,28,02,6.7,28,Good,3.4,UG/M3,1 Hr,Valid
Banja Luka,PM2.5 - Principal,2023-11-28 03:00 AM,2023,11,28,03,4.8,20,Good,2.8,UG/M3,1 Hr,Valid
Banja Luka,PM2.5 - Principal,2023-11-28 04:00 AM,2023,11,28,04,4.0,17,Good,3.2,UG/M3,1 Hr,Valid
Banja Luka,PM2.5 - Principal,2023-11-28 05:00 AM,2023,11,28,05,3.5,15,Good,2.9,UG/M3,1 Hr,Valid
Banja Luka,PM2.5 - Principal,2023-11-28 06:00 AM,2023,11,28,06,2.8,12,Good,2.2,UG/M3,1 Hr,Valid
Banja Luka,PM2.5 - Principal,2023-11-28 07:00 AM,2023,11,28,07,3.0,13,Good,3.1,UG/M3,1 Hr,Valid
Banja Luka,PM2.5 - Principal,2023-11-28 08:00 AM,2023,11,28,08,7.5,31,Good,12.0,UG/M3,1 Hr,Valid
Banja Luka,PM2.5 - Principal,2023-11-28 09:00 AM,2023,11,28,09,34.2,97,Moderate,60.9,UG/M3,1 Hr,Valid
Banja Luka,PM2.5 - Principal,2023-11-28 10:00 AM,2023,11,28,10,30.9,91,Moderate,27.5,UG/M3,1 Hr,Valid
Banja Luka,PM2.5 - Principal,2023-11-28 11:00 AM,2023,11,28,11,29.8,88,Moderate,28.7,UG/M3,1 Hr,Valid
Banja Luka,PM2.5 - Principal,2023-11-28 12:00 PM,2023,11,28,12,34.5,98,Moderate,39.3,UG/M3,1 Hr,Valid
Banja Luka,PM2.5 - Principal,2023-11-28 01:00 PM,2023,11,28,13,34.6,98,Moderate,34.6,UG/M3,1 Hr,Valid
Banja Luka,PM2.5 - Principal,2023-11-28 02:00 PM,2023,11,28,14,23.8,76,Moderate,13.0,UG/M3,1 Hr,Valid
Banja Luka,PM2.5 - Principal,2023-11-28 03:00 PM,2023,11,28,15,17.3,62,Moderate,10.8,UG/M3,1 Hr,Valid
Banja Luka,PM2.5 - Principal,2023-11-28 04:00 PM,2023,11,28,16,17.2,62,Moderate,17.1,UG/M3,1 Hr,Valid
Banja Luka,PM2.5 - Principal,2023-11-28 05:00 PM,2023,11,28,17,16.3,60,Moderate,15.4,UG/M3,1 Hr,Valid
Banja Luka,PM2.5 - Principal,2023-11-28 06:00 PM,2023,11,28,18,18.5,64,Moderate,20.8,UG/M3,1 Hr,Valid
Banja Luka,PM2.5 - Principal,2023-11-28 07:00 PM,2023,11,28,19,27.2,83,Moderate,35.8,UG/M3,1 Hr,Valid
Banja Luka,PM2.5 - Principal,2023-11-28 08:00 PM,2023,11,28,20,81.2,164,Unhealthy,135.1,UG/M3,1 Hr,Valid
Banja Luka,PM2.5 - Principal,2023-11-28 09:00 PM,2023,11,28,21,95.5,172,Unhealthy,109.9,UG/M3,1 Hr,Valid
Banja Luka,PM2.5 - Principal,2023-11-28 10:00 PM,2023,11,28,22,102.4,175,Unhealthy,109.3,UG/M3,1 Hr,Valid
Banja Luka,PM2.5 - Principal,2023-11-28 11:00 PM,2023,11,28,23,129.2,189,Unhealthy,156.0,UG/M3,1 Hr,Valid
Banja Luka,PM2.5 - Principal,2023-11-29 12:00 AM,2023,11,29,00,110.6,179,Unhealthy,91.9,UG/M3,1 Hr,Valid
Banja Luka,PM2.5 - Principal,2023-11-29 01:00 AM,2023,11,29,01,106.5,177,Unhealthy,102.4,UG/M3,1 Hr,Valid
Banja Luka,PM2.5 - Principal,2023-11-29 02:00 AM,2023,11,29,02,55.3,150,Unhealthy for Sensitive Groups,4.2,UG/M3,1 Hr,Valid
Banja Luka,PM2.5 - Principal,2023-11-29 03:00 AM,2023,11,29,03,32.0,93,Moderate,8.6,UG/M3,1 Hr,Valid
Banja Luka,PM2.5 - Principal,2023-11-29 04:00 AM,2023,11,29,04,19.3,66,Moderate,6.7,UG/M3,1 Hr,Valid
Banja Luka,PM2.5 - Principal,2023-11-29 05:00 AM,2023,11,29,05,12.5,52,Moderate,5.6,UG/M3,1 Hr,Valid
Banja Luka,PM2.5 - Principal,2023-11-29 06:00 AM,2023,11,29,06,9.8,41,Good,7.1,UG/M3,1 Hr,Valid
Banja Luka,PM2.5 - Principal,2023-11-29 07:00 AM,2023,11,29,07,10.5,44,Good,11.3,UG/M3,1 Hr,Valid
Banja Luka,PM2.5 - Principal,2023-11-29 08:00 AM,2023,11,29,08,10.3,43,Good,10.2,UG/M3,1 Hr,Valid
Banja Luka,PM2.5 - Principal,2023-11-29 09:00 AM,2023,11,29,09,13.4,54,Moderate,16.5,UG/M3,1 Hr,Valid
Banja Luka,PM2.5 - Principal,2023-11-29 10:00 AM,2023,11,29,10,17.4,62,Moderate,21.3,UG/M3,1 Hr,Valid
Banja Luka,PM2.5 - Principal,2023-11-29 11:00 AM,2023,11,29,11,18.0,63,Moderate,18.7,UG/M3,1 Hr,Valid
Banja Luka,PM2.5 - Principal,2023-11-29 12:00 PM,2023,11,29,12,16.8,61,Moderate,15.7,UG/M3,1 Hr,Valid
Banja Luka,PM2.5 - Principal,2023-11-29 01:00 PM,2023,11,29,13,13.7,54,Moderate,10.6,UG/M3,1 Hr,Valid
Banja Luka,PM2.5 - Principal,2023-11-29 02:00 PM,2023,11,29,14,10.3,43,Good,6.9,UG/M3,1 Hr,Valid
Banja Luka,PM2.5 - Principal,2023-11-29 03:00 PM,2023,11,29,15,8.2,34,Good,6.1,UG/M3,1 Hr,Valid
Banja Luka,PM2.5 - Principal,2023-11-29 04:00 PM,2023,11,29,16,8.2,34,Good,8.1,UG/M3,1 Hr,Valid
Banja Luka,PM2.5 - Principal,2023-11-29 05:00 PM,2023,11,29,17,10.5,44,Good,12.8,UG/M3,1 Hr,Valid
Banja Luka,PM2.5 - Principal,2023-11-29 06:00 PM,2023,11,29,18,15.8,59,Moderate,21.1,UG/M3,1 Hr,Valid
Banja Luka,PM2.5 - Principal,2023-11-29 07:00 PM,2023,11,29,19,23.6,75,Moderate,31.3,UG/M3,1 Hr,Valid
Banja Luka,PM2.5 - Principal,2023-11-29 08:00 PM,2023,11,29,20,100.8,174,Unhealthy,178.0,UG/M3,1 Hr,Valid
Banja Luka,PM2.5 - Principal,2023-11-29 09:00 PM,2023,11,29,21,176.6,227,Very Unhealthy,252.4,UG/M3,1 Hr,Valid
Banja Luka,PM2.5 - Principal,2023-11-29 10:00 PM,2023,11,29,22,185.0,235,Very Unhealthy,193.2,UG/M3,1 Hr,Valid
Banja Luka,PM2.5 - Principal,2023-11-29 11:00 PM,2023,11,29,23,198.0,248,Very Unhealthy,210.9,UG/M3,1 Hr,Valid
Banja Luka,PM2.5 - Principal,2023-11-30 12:00 AM,2023,11,30,00,184.0,234,Very Unhealthy,170.0,UG/M3,1 Hr,Valid
Banja Luka,PM2.5 - Principal,2023-11-30 01:00 AM,2023,11,30,01,196.3,246,Very Unhealthy,208.5,UG/M3,1 Hr,Valid
Banja Luka,PM2.5 - Principal,2023-11-30 02:00 AM,2023,11,30,02,194.8,245,Very Unhealthy,193.4,UG/M3,1 Hr,Valid
Banja Luka,PM2.5 - Principal,2023-11-30 03:00 AM,2023,11,30,03,171.5,222,Very Unhealthy,148.1,UG/M3,1 Hr,Valid
Banja Luka,PM2.5 - Principal,2023-11-30 04:00 AM,2023,11,30,04,138.5,194,Unhealthy,105.5,UG/M3,1 Hr,Valid
Banja Luka,PM2.5 - Principal,2023-11-30 05:00 AM,2023,11,30,05,117.1,183,Unhealthy,95.8,UG/M3,1 Hr,Valid
Banja Luka,PM2.5 - Principal,2023-11-30 06:00 AM,2023,11,30,06,108.6,178,Unhealthy,100.0,UG/M3,1 Hr,Valid
Banja Luka,PM2.5 - Principal,2023-11-30 07:00 AM,2023,11,30,07,98.8,173,Unhealthy,89.0,UG/M3,1 Hr,Valid
Banja Luka,PM2.5 - Principal,2023-11-30 08:00 AM,2023,11,30,08,77.5,162,Unhealthy,56.2,UG/M3,1 Hr,Valid
Banja Luka,PM2.5 - Principal,2023-11-30 09:00 AM,2023,11,30,09,65.6,156,Unhealthy,53.8,UG/M3,1 Hr,Valid
Banja Luka,PM2.5 - Principal,2023-11-30 10:00 AM,2023,11,30,10,72.6,160,Unhealthy,79.6,UG/M3,1 Hr,Valid
Banja Luka,PM2.5 - Principal,2023-11-30 11:00 AM,2023,11,30,11,87.7,168,Unhealthy,102.8,UG/M3,1 Hr,Valid
Banja Luka,PM2.5 - Principal,2023-11-30 12:00 PM,2023,11,30,12,110.7,180,Unhealthy,133.8,UG/M3,1 Hr,Valid
Banja Luka,PM2.5 - Principal,2023-11-30 01:00 PM,2023,11,30,13,121.4,185,Unhealthy,132.0,UG/M3,1 Hr,Valid
Banja Luka,PM2.5 - Principal,2023-11-30 02:00 PM,2023,11,30,14,129.9,189,Unhealthy,138.4,UG/M3,1 Hr,Valid
Banja Luka,PM2.5 - Principal,2023-11-30 03:00 PM,2023,11,30,15,155.1,206,Very Unhealthy,180.3,UG/M3,1 Hr,Valid
Banja Luka,PM2.5 - Principal,2023-11-30 04:00 PM,2023,11,30,16,162.0,212,Very Unhealthy,168.8,UG/M3,1 Hr,Valid
Banja Luka,PM2.5 - Principal,2023-11-30 05:00 PM,2023,11,30,17,84.2,166,Unhealthy,6.5,UG/M3,1 Hr,Valid
Banja Luka,PM2.5 - Principal,2023-11-30 06:00 PM,2023,11,30,18,44.5,123,Unhealthy for Sensitive Groups,4.8,UG/M3,1 Hr,Valid
Banja Luka,PM2.5 - Principal,2023-11-30 07:00 PM,2023,11,30,19,24.4,77,Moderate,4.3,UG/M3,1 Hr,Valid
Banja Luka,PM2.5 - Principal,2023-11-30 08:00 PM,2023,11,30,20,13.9,55,Moderate,3.5,UG/M3,1 Hr,Valid
Banja Luka,PM2.5 - Principal,2023-11-30 09:00 PM,2023,11,30,21,8.7,36,Good,3.4,UG/M3,1 Hr,Valid
Banja Luka,PM2.5 - Principal,2023-11-30 10:00 PM,2023,11,30,22,6.4,27,Good,4.2,UG/M3,1 Hr,Valid
Banja Luka,PM2.5 - Principal,2023-11-30 11:00 PM,2023,11,30,23,5.9,25,Good,5.4,UG/M3,1 Hr,Valid
Banja Luka,PM2.5 - Principal,2023-12-01 12:00 AM,2023,12,01,00,5.5,23,Good,5.1,UG/M3,1 Hr,Valid
