Site,Parameter,Date (LT),Year,Month,Day,Hour,NowCast Conc.,AQI,AQI Category,Raw Conc.,Conc. Unit,Duration,QC Name
Banja Luka,PM2.5 - Principal,2022-01-01 01:00 AM,2022,01,01,01,314.9,365,Hazardous,326.3,UG/M3,1 Hr,Valid
Banja Luka,PM2.5 - Principal,2022-01-01 02:00 AM,2022,01,01,02,301.6,352,Hazardous,288.2,UG/M3,1 Hr,Valid
Banja Luka,PM2.5 - Principal,2022-01-01 03:00 AM,2022,01,01,03,235.4,285,Very Unhealthy,169.3,UG/M3,1 Hr,Valid
Banja Luka,PM2.5 - Principal,2022-01-01 04:00 AM,2022,01,01,04,172.4,223,Very Unhealthy,109.4,UG/M3,1 Hr,Valid
Banja Luka,PM2.5 - Principal,2022-01-01 05:00 AM,2022,01,01,05,125.4,187,Unhealthy,78.5,UG/M3,1 Hr,Valid
Banja Luka,PM2.5 - Principal,2022-01-01 06:00 AM,2022,01,01,06,98.5,173,Unhealthy,71.5,UG/M3,1 Hr,Valid
Banja Luka,PM2.5 - Principal,2022-01-01 07:00 AM,2022,01,01,07,72.7,160,Unhealthy,47.0,UG/M3,1 Hr,Valid
Banja Luka,PM2.5 - Principal,2022-01-01 08:00 AM,2022,01,01,08,56.5,152,Unhealthy,40.4,UG/M3,1 Hr,Valid
Banja Luka,PM2.5 - Principal,2022-01-01 09:00 AM,2022,01,01,09,67.0,157,Unhealthy,77.6,UG/M3,1 Hr,Valid
Banja Luka,PM2.5 - Principal,2022-01-01 10:00 AM,2022,01,01,10,45.9,127,Unhealthy for Sensitive Groups,24.9,UG/M3,1 Hr,Valid
Banja Luka,PM2.5 - Principal,2022-01-01 11:00 AM,2022,01,01,11,38.7,109,Unhealthy for Sensitive Groups,31.5,UG/M3,1 Hr,Valid
Banja Luka,PM2.5 - Principal,2022-01-01 12:00 PM,2022,01,01,12,58.4,152,Unhealthy,78.1,UG/M3,1 Hr,Valid
Banja Luka,PM2.5 - Principal,2022-01-01 01:00 PM,2022,01,01,13,68.1,158,Unhealthy,77.8,UG/M3,1 Hr,Valid
Banja Luka,PM2.5 - Principal,2022-01-01 02:00 PM,2022,01,01,14,50.5,138,Unhealthy for Sensitive Groups,32.9,UG/M3,1 Hr,Valid
Banja Luka,PM2.5 - Principal,2022-01-01 03:00 PM,2022,01,01,15,28.8,86,Moderate,7.3,UG/M3,1 Hr,Valid
Banja Luka,PM2.5 - Principal,2022-01-01 04:00 PM,2022,01,01,16,21.0,70,Moderate,13.2,UG/M3,1 Hr,Valid
Banja Luka,PM2.5 - Principal,2022-01-01 05:00 PM,2022,01,01,17,58.6,153,Unhealthy,96.2,UG/M3,1 Hr,Valid
Banja Luka,PM2.5 - Principal,2022-01-01 06:00 PM,2022,01,01,18,128.0,188,Unhealthy,197.5,UG/M3,1 Hr,Valid
Banja Luka,PM2.5 - Principal,2022-01-01 07:00 PM,2022,01,01,19,164.7,215,Very Unhealthy,201.4,UG/M3,1 Hr,Valid
Banja Luka,PM2.5 - Principal,2022-01-01 08:00 PM,2022,01,01,20,183.5,234,Very Unhealthy,202.2,UG/M3,1 Hr,Valid
Banja Luka,PM2.5 - Principal,2022-01-01 09:00 PM,2022,01,01,21,212.5,262,Very Unhealthy,241.5,UG/M3,1 Hr,Valid
Banja Luka,PM2.5 - Principal,2022-01-01 10:00 PM,2022,01,01,22,302.4,352,Hazardous,392.2,UG/M3,1 Hr,Valid
Banja Luka,PM2.5 - Principal,2022-01-01 11:00 PM,2022,01,01,23,329.8,380,Hazardous,357.0,UG/M3,1 Hr,Valid
Banja Luka,PM2.5 - Principal,2022-01-02 12:00 AM,2022,01,02,00,310.5,360,Hazardous,291.2,UG/M3,1 Hr,Valid
Banja Luka,PM2.5 - Principal,2022-01-02 01:00 AM,2022,01,02,01,302.9,353,Hazardous,295.3,UG/M3,1 Hr,Valid
Banja Luka,PM2.5 - Principal,2022-01-02 02:00 AM,2022,01,02,02,271.1,321,Hazardous,239.3,UG/M3,1 Hr,Valid
Banja Luka,PM2.5 - Principal,2022-01-02 03:00 AM,2022,01,02,03,221.2,271,Very Unhealthy,171.1,UG/M3,1 Hr,Valid
Banja Luka,PM2.5 - Principal,2022-01-02 04:00 AM,2022,01,02,04,167.7,218,Very Unhealthy,114.1,UG/M3,1 Hr,Valid
Banja Luka,PM2.5 - Principal,2022-01-02 05:00 AM,2022,01,02,05,126.8,188,Unhealthy,86.0,UG/M3,1 Hr,Valid
Banja Luka,PM2.5 - Principal,2022-01-02 06:00 AM,2022,01,02,06,94.0,171,Unhealthy,61.1,UG/M3,1 Hr,Valid
Banja Luka,PM2.5 - Principal,2022-01-02 07:00 AM,2022,01,02,07,74.1,161,Unhealthy,54.3,UG/M3,1 Hr,Valid
Banja Luka,PM2.5 - Principal,2022-01-02 08:00 AM,2022,01,02,08,68.7,158,Unhealthy,63.3,UG/M3,1 Hr,Valid
Banja Luka,PM2.5 - Principal,2022-01-02 09:00 AM,2022,01,02,09,73.5,160,Unhealthy,78.4,UG/M3,1 Hr,Valid
Banja Luka,PM2.5 - Principal,2022-01-02 10:00 AM,2022,01,02,10,61.6,154,Unhealthy,49.9,UG/M3,1 Hr,Valid
Banja Luka,PM2.5 - Principal,2022-01-02 11:00 AM,2022,01,02,11,71.2,159,Unhealthy,80.8,UG/M3,1 Hr,Valid
Banja Luka,PM2.5 - Principal,2022-01-02 12:00 PM,2022,01,02,12,60.9,154,Unhealthy,50.7,UG/M3,1 Hr,Valid
Banja Luka,PM2.5 - Principal,2022-01-02 01:00 PM,2022,01,02,13,50.9,139,Unhealthy for Sensitive Groups,40.8,UG/M3,1 Hr,Valid
Banja Luka,PM2.5 - Principal,2022-01-02 02:00 PM,2022,01,02,14,35.2,100,Moderate,19.6,UG/M3,1 Hr,Valid
Banja Luka,PM2.5 - Principal,2022-01-02 03:00 PM,2022,01,02,15,35.0,99,Moderate,34.8,UG/M3,1 Hr,Valid
Banja Luka,PM2.5 - Principal,2022-01-02 04:00 PM,2022,01,02,16,37.7,106,Unhealthy for Sensitive Groups,40.3,UG/M3,1 Hr,Valid
Banja Luka,PM2.5 - Principal,2022-01-02 05:00 PM,2022,01,02,17,113.8,181,Unhealthy,189.9,UG/M3,1 Hr,Valid
Banja Luka,PM2.5 - Principal,2022-01-02 06:00 PM,2022,01,02,18,154.8,205,Very Unhealthy,195.7,UG/M3,1 Hr,Valid
Banja Luka,PM2.5 - Principal,2022-01-02 07:00 PM,2022,01,02,19,193.7,244,Very Unhealthy,232.7,UG/M3,1 Hr,Valid
Banja Luka,PM2.5 - Principal,2022-01-02 08:00 PM,2022,01,02,20,205.6,256,Very Unhealthy,217.5,UG/M3,1 Hr,Valid
Banja Luka,PM2.5 - Principal,2022-01-02 09:00 PM,2022,01,02,21,213.2,263,Very Unhealthy,220.7,UG/M3,1 Hr,Valid
Banja Luka,PM2.5 - Principal,2022-01-02 10:00 PM,2022,01,02,22,230.4,280,Very Unhealthy,247.6,UG/M3,1 Hr,Valid
Banja Luka,PM2.5 - Principal,2022-01-02 11:00 PM,2022,01,02,23,214.4,264,Very Unhealthy,198.3,UG/M3,1 Hr,Valid
Banja Luka,PM2.5 - Principal,2022-01-03 12:00 AM,2022,01,03,00,208.2,258,Very Unhealthy,202.0,UG/M3,1 Hr,Valid
Banja Luka,PM2.5 - Principal,2022-01-03 01:00 AM,2022,01,03,01,195.1,245,Very Unhealthy,182.0,UG/M3,1 Hr,Valid
Banja Luka,PM2.5 - Principal,2022-01-03 02:00 AM,2022,01,03,02,154.5,205,Very Unhealthy,113.8,UG/M3,1 Hr,Valid
Banja Luka,PM2.5 - Principal,2022-01-03 03:00 AM,2022,01,03,03,117.3,183,Unhealthy,80.1,UG/M3,1 Hr,Valid
Banja Luka,PM2.5 - Principal,2022-01-03 04:00 AM,2022,01,03,04,100.0,174,Unhealthy,82.7,UG/M3,1 Hr,Valid
Banja Luka,PM2.5 - Principal,2022-01-03 05:00 AM,2022,01,03,05,71.8,159,Unhealthy,43.7,UG/M3,1 Hr,Valid
Banja Luka,PM2.5 - Principal,2022-01-03 06:00 AM,2022,01,03,06,67.9,157,Unhealthy,64.0,UG/M3,1 Hr,Valid
Banja Luka,PM2.5 - Principal,2022-01-03 07:00 AM,2022,01,03,07,69.0,158,Unhealthy,70.1,UG/M3,1 Hr,Valid
Banja Luka,PM2.5 - Principal,2022-01-03 08:00 AM,2022,01,03,08,77.1,162,Unhealthy,85.3,UG/M3,1 Hr,Valid
Banja Luka,PM2.5 - Principal,2022-01-03 09:00 AM,2022,01,03,09,113.7,181,Unhealthy,150.3,UG/M3,1 Hr,Valid
Banja Luka,PM2.5 - Principal,2022-01-03 10:00 AM,2022,01,03,10,109.9,179,Unhealthy,106.1,UG/M3,1 Hr,Valid
Banja Luka,PM2.5 - Principal,2022-01-03 11:00 AM,2022,01,03,11,112.1,180,Unhealthy,114.4,UG/M3,1 Hr,Valid
Banja Luka,PM2.5 - Principal,2022-01-03 12:00 PM,2022,01,03,12,90.4,169,Unhealthy,68.7,UG/M3,1 Hr,Valid
Banja Luka,PM2.5 - Principal,2022-01-03 01:00 PM,2022,01,03,13,75.2,161,Unhealthy,60.0,UG/M3,1 Hr,Valid
Banja Luka,PM2.5 - Principal,2022-01-03 02:00 PM,2022,01,03,14,50.7,138,Unhealthy for Sensitive Groups,26.3,UG/M3,1 Hr,Valid
Banja Luka,PM2.5 - Principal,2022-01-03 03:00 PM,2022,01,03,15,34.4,98,Moderate,18.0,UG/M3,1 Hr,Valid
Banja Luka,PM2.5 - Principal,2022-01-03 04:00 PM,2022,01,03,16,32.9,95,Moderate,31.5,UG/M3,1 Hr,Valid
Banja Luka,PM2.5 - Principal,2022-01-03 05:00 PM,2022,01,03,17,157.5,208,Very Unhealthy,281.9,UG/M3,1 Hr,Valid
Banja Luka,PM2.5 - Principal,2022-01-03 06:00 PM,2022,01,03,18,200.7,251,Very Unhealthy,243.9,UG/M3,1 Hr,Valid
Banja Luka,PM2.5 - Principal,2022-01-03 07:00 PM,2022,01,03,19,262.9,313,Hazardous,325.1,UG/M3,1 Hr,Valid
Banja Luka,PM2.5 - Principal,2022-01-03 08:00 PM,2022,01,03,20,296.9,347,Hazardous,330.8,UG/M3,1 Hr,Valid
Banja Luka,PM2.5 - Principal,2022-01-03 09:00 PM,2022,01,03,21,285.4,336,Hazardous,273.9,UG/M3,1 Hr,Valid
Banja Luka,PM2.5 - Principal,2022-01-03 10:00 PM,2022,01,03,22,316.5,366,Hazardous,347.6,UG/M3,1 Hr,Valid
Banja Luka,PM2.5 - Principal,2022-01-03 11:00 PM,2022,01,03,23,277.1,327,Hazardous,237.7,UG/M3,1 Hr,Valid
Banja Luka,PM2.5 - Principal,2022-01-04 12:00 AM,2022,01,04,00,325.9,376,Hazardous,374.6,UG/M3,1 Hr,Valid
Banja Luka,PM2.5 - Principal,2022-01-04 01:00 AM,2022,01,04,01,323.9,374,Hazardous,321.9,UG/M3,1 Hr,Valid
Banja Luka,PM2.5 - Principal,2022-01-04 02:00 AM,2022,01,04,02,266.6,317,Hazardous,209.2,UG/M3,1 Hr,Valid
Banja Luka,PM2.5 - Principal,2022-01-04 03:00 AM,2022,01,04,03,197.0,247,Very Unhealthy,127.5,UG/M3,1 Hr,Valid
Banja Luka,PM2.5 - Principal,2022-01-04 04:00 AM,2022,01,04,04,152.8,203,Very Unhealthy,108.6,UG/M3,1 Hr,Valid
Banja Luka,PM2.5 - Principal,2022-01-04 05:00 AM,2022,01,04,05,131.2,190,Unhealthy,109.6,UG/M3,1 Hr,Valid
Banja Luka,PM2.5 - Principal,2022-01-04 06:00 AM,2022,01,04,06,115.1,182,Unhealthy,99.0,UG/M3,1 Hr,Valid
Banja Luka,PM2.5 - Principal,2022-01-04 07:00 AM,2022,01,04,07,110.6,179,Unhealthy,106.2,UG/M3,1 Hr,Valid
Banja Luka,PM2.5 - Principal,2022-01-04 08:00 AM,2022,01,04,08,112.3,180,Unhealthy,114.1,UG/M3,1 Hr,Valid
Banja Luka,PM2.5 - Principal,2022-01-04 09:00 AM,2022,01,04,09,123.1,186,Unhealthy,133.9,UG/M3,1 Hr,Valid
Banja Luka,PM2.5 - Principal,2022-01-04 10:00 AM,2022,01,04,10,121.2,185,Unhealthy,119.3,UG/M3,1 Hr,Valid
Banja Luka,PM2.5 - Principal,2022-01-04 11:00 AM,2022,01,04,11,65.1,156,Unhealthy,9.1,UG/M3,1 Hr,Valid
Banja Luka,PM2.5 - Principal,2022-01-04 12:00 PM,2022,01,04,12,36.7,104,Unhealthy for Sensitive Groups,8.4,UG/M3,1 Hr,Valid
Banja Luka,PM2.5 - Principal,2022-01-04 01:00 PM,2022,01,04,13,21.3,70,Moderate,5.9,UG/M3,1 Hr,Valid
Banja Luka,PM2.5 - Principal,2022-01-04 02:00 PM,2022,01,04,14,13.3,54,Moderate,5.3,UG/M3,1 Hr,Valid
Banja Luka,PM2.5 - Principal,2022-01-04 03:00 PM,2022,01,04,15,9.5,40,Good,5.7,UG/M3,1 Hr,Valid
Banja Luka,PM2.5 - Principal,2022-01-04 04:00 PM,2022,01,04,16,8.2,34,Good,7.0,UG/M3,1 Hr,Valid
Banja Luka,PM2.5 - Principal,2022-01-04 05:00 PM,2022,01,04,17,9.7,40,Good,11.1,UG/M3,1 Hr,Valid
Banja Luka,PM2.5 - Principal,2022-01-04 06:00 PM,2022,01,04,18,12.3,51,Moderate,15.0,UG/M3,1 Hr,Valid
Banja Luka,PM2.5 - Principal,2022-01-04 07:00 PM,2022,01,04,19,11.4,48,Good,10.5,UG/M3,1 Hr,Valid
Banja Luka,PM2.5 - Principal,2022-01-04 08:00 PM,2022,01,04,20,11.6,48,Good,11.7,UG/M3,1 Hr,Valid
Banja Luka,PM2.5 - Principal,2022-01-04 09:00 PM,2022,01,04,21,10.7,45,Good,10.0,UG/M3,1 Hr,Valid
Banja Luka,PM2.5 - Principal,2022-01-04 10:00 PM,2022,01,04,22,12.1,51,Moderate,13.5,UG/M3,1 Hr,Valid
Banja Luka,PM2.5 - Principal,2022-01-04 11:00 PM,2022,01,04,23,12.2,51,Moderate,12.4,UG/M3,1 Hr,Valid
Banja Luka,PM2.5 - Principal,2022-01-05 12:00 AM,2022,01,05,00,21.1,70,Moderate,29.9,UG/M3,1 Hr,Valid
Banja Luka,PM2.5 - Principal,2022-01-05 01:00 AM,2022,01,05,01,29.3,87,Moderate,37.6,UG/M3,1 Hr,Valid
Banja Luka,PM2.5 - Principal,2022-01-05 02:00 AM,2022,01,05,02,36.2,103,Unhealthy for Sensitive Groups,43.0,UG/M3,1 Hr,Valid
Banja Luka,PM2.5 - Principal,2022-01-05 03:00 AM,2022,01,05,03,33.7,96,Moderate,31.3,UG/M3,1 Hr,Valid
Banja Luka,PM2.5 - Principal,2022-01-05 04:00 AM,2022,01,05,04,29.1,87,Moderate,24.5,UG/M3,1 Hr,Valid
Banja Luka,PM2.5 - Principal,2022-01-05 05:00 AM,2022,01,05,05,18.0,63,Moderate,6.9,UG/M3,1 Hr,Valid
Banja Luka,PM2.5 - Principal,2022-01-05 06:00 AM,2022,01,05,06,11.7,49,Good,5.4,UG/M3,1 Hr,Valid
Banja Luka,PM2.5 - Principal,2022-01-05 07:00 AM,2022,01,05,07,8.7,36,Good,5.8,UG/M3,1 Hr,Valid
Banja Luka,PM2.5 - Principal,2022-01-05 08:00 AM,2022,01,05,08,7.5,31,Good,6.2,UG/M3,1 Hr,Valid
Banja Luka,PM2.5 - Principal,2022-01-05 09:00 AM,2022,01,05,09,6.8,28,Good,6.2,UG/M3,1 Hr,Valid
Banja Luka,PM2.5 - Principal,2022-01-05 10:00 AM,2022,01,05,10,6.9,29,Good,6.9,UG/M3,1 Hr,Valid
Banja Luka,PM2.5 - Principal,2022-01-05 11:00 AM,2022,01,05,11,6.5,27,Good,6.1,UG/M3,1 Hr,Valid
Banja Luka,PM2.5 - Principal,2022-01-05 12:00 PM,2022,01,05,12,6.5,27,Good,6.5,UG/M3,1 Hr,Valid
Banja Luka,PM2.5 - Principal,2022-01-05 01:00 PM,2022,01,05,13,6.1,25,Good,5.7,UG/M3,1 Hr,Valid
Banja Luka,PM2.5 - Principal,2022-01-05 02:00 PM,2022,01,05,14,5.8,24,Good,5.6,UG/M3,1 Hr,Valid
Banja Luka,PM2.5 - Principal,2022-01-05 03:00 PM,2022,01,05,15,6.0,25,Good,6.2,UG/M3,1 Hr,Valid
Banja Luka,PM2.5 - Principal,2022-01-05 04:00 PM,2022,01,05,16,6.3,26,Good,7.0,UG/M3,1 Hr,Valid
Banja Luka,PM2.5 - Principal,2022-01-05 05:00 PM,2022,01,05,17,6.7,28,Good,7.6,UG/M3,1 Hr,Valid
Banja Luka,PM2.5 - Principal,2022-01-05 06:00 PM,2022,01,05,18,9.9,41,Good,12.7,UG/M3,1 Hr,Valid
Banja Luka,PM2.5 - Principal,2022-01-05 07:00 PM,2022,01,05,19,12.1,51,Moderate,14.3,UG/M3,1 Hr,Valid
Banja Luka,PM2.5 - Principal,2022-01-05 08:00 PM,2022,01,05,20,10.0,42,Good,7.9,UG/M3,1 Hr,Valid
Banja Luka,PM2.5 - Principal,2022-01-05 09:00 PM,2022,01,05,21,10.2,43,Good,10.4,UG/M3,1 Hr,Valid
Banja Luka,PM2.5 - Principal,2022-01-05 10:00 PM,2022,01,05,22,7.3,30,Good,4.4,UG/M3,1 Hr,Valid
Banja Luka,PM2.5 - Principal,2022-01-05 11:00 PM,2022,01,05,23,5.2,22,Good,3.2,UG/M3,1 Hr,Valid
Banja Luka,PM2.5 - Principal,2022-01-06 12:00 AM,2022,01,06,00,3.9,16,Good,2.5,UG/M3,1 Hr,Valid
Banja Luka,PM2.5 - Principal,2022-01-06 01:00 AM,2022,01,06,01,3.3,14,Good,2.6,UG/M3,1 Hr,Valid
Banja Luka,PM2.5 - Principal,2022-01-06 02:00 AM,2022,01,06,02,3.2,13,Good,3.1,UG/M3,1 Hr,Valid
Banja Luka,PM2.5 - Principal,2022-01-06 03:00 AM,2022,01,06,03,4.4,18,Good,5.7,UG/M3,1 Hr,Valid
Banja Luka,PM2.5 - Principal,2022-01-06 04:00 AM,2022,01,06,04,4.5,19,Good,4.5,UG/M3,1 Hr,Valid
Banja Luka,PM2.5 - Principal,2022-01-06 05:00 AM,2022,01,06,05,6.4,27,Good,8.4,UG/M3,1 Hr,Valid
Banja Luka,PM2.5 - Principal,2022-01-06 06:00 AM,2022,01,06,06,9.0,38,Good,11.6,UG/M3,1 Hr,Valid
Banja Luka,PM2.5 - Principal,2022-01-06 07:00 AM,2022,01,06,07,20.5,69,Moderate,32.1,UG/M3,1 Hr,Valid
Banja Luka,PM2.5 - Principal,2022-01-06 08:00 AM,2022,01,06,08,30.3,89,Moderate,40.1,UG/M3,1 Hr,Valid
Banja Luka,PM2.5 - Principal,2022-01-06 09:00 AM,2022,01,06,09,31.0,91,Moderate,31.6,UG/M3,1 Hr,Valid
Banja Luka,PM2.5 - Principal,2022-01-06 10:00 AM,2022,01,06,10,41.7,116,Unhealthy for Sensitive Groups,52.5,UG/M3,1 Hr,Valid
Banja Luka,PM2.5 - Principal,2022-01-06 11:00 AM,2022,01,06,11,51.4,140,Unhealthy for Sensitive Groups,61.0,UG/M3,1 Hr,Valid
Banja Luka,PM2.5 - Principal,2022-01-06 12:00 PM,2022,01,06,12,82.0,165,Unhealthy,112.6,UG/M3,1 Hr,Valid
Banja Luka,PM2.5 - Principal,2022-01-06 01:00 PM,2022,01,06,13,144.5,197,Unhealthy,207.0,UG/M3,1 Hr,Valid
Banja Luka,PM2.5 - Principal,2022-01-06 02:00 PM,2022,01,06,14,201.8,252,Very Unhealthy,259.0,UG/M3,1 Hr,Valid
Banja Luka,PM2.5 - Principal,2022-01-06 03:00 PM,2022,01,06,15,182.6,233,Very Unhealthy,163.3,UG/M3,1 Hr,Valid
Banja Luka,PM2.5 - Principal,2022-01-06 04:00 PM,2022,01,06,16,184.0,234,Very Unhealthy,185.3,UG/M3,1 Hr,Valid
Banja Luka,PM2.5 - Principal,2022-01-06 05:00 PM,2022,01,06,17,200.5,251,Very Unhealthy,217.1,UG/M3,1 Hr,Valid
Banja Luka,PM2.5 - Principal,2022-01-06 06:00 PM,2022,01,06,18,212.9,263,Very Unhealthy,225.2,UG/M3,1 Hr,Valid
Banja Luka,PM2.5 - Principal,2022-01-06 07:00 PM,2022,01,06,19,177.9,228,Very Unhealthy,142.9,UG/M3,1 Hr,Valid
Banja Luka,PM2.5 - Principal,2022-01-06 08:00 PM,2022,01,06,20,144.1,197,Unhealthy,110.3,UG/M3,1 Hr,Valid
Banja Luka,PM2.5 - Principal,2022-01-06 09:00 PM,2022,01,06,21,115.8,182,Unhealthy,87.5,UG/M3,1 Hr,Valid
Banja Luka,PM2.5 - Principal,2022-01-06 10:00 PM,2022,01,06,22,144.8,197,Unhealthy,173.8,UG/M3,1 Hr,Valid
Banja Luka,PM2.5 - Principal,2022-01-06 11:00 PM,2022,01,06,23,166.9,217,Very Unhealthy,189.0,UG/M3,1 Hr,Valid
Banja Luka,PM2.5 - Principal,2022-01-07 12:00 AM,2022,01,07,00,135.5,192,Unhealthy,104.0,UG/M3,1 Hr,Valid
Banja Luka,PM2.5 - Principal,2022-01-07 01:00 AM,2022,01,07,01,89.1,168,Unhealthy,42.8,UG/M3,1 Hr,Valid
Banja Luka,PM2.5 - Principal,2022-01-07 02:00 AM,2022,01,07,02,60.2,153,Unhealthy,31.3,UG/M3,1 Hr,Valid
Banja Luka,PM2.5 - Principal,2022-01-07 03:00 AM,2022,01,07,03,45.9,127,Unhealthy for Sensitive Groups,31.6,UG/M3,1 Hr,Valid
Banja Luka,PM2.5 - Principal,2022-01-07 04:00 AM,2022,01,07,04,43.8,121,Unhealthy for Sensitive Groups,41.8,UG/M3,1 Hr,Valid
Banja Luka,PM2.5 - Principal,2022-01-07 05:00 AM,2022,01,07,05,37.1,105,Unhealthy for Sensitive Groups,30.5,UG/M3,1 Hr,Valid
Banja Luka,PM2.5 - Principal,2022-01-07 06:00 AM,2022,01,07,06,36.7,104,Unhealthy for Sensitive Groups,36.3,UG/M3,1 Hr,Valid
Banja Luka,PM2.5 - Principal,2022-01-07 07:00 AM,2022,01,07,07,36.4,103,Unhealthy for Sensitive Groups,36.1,UG/M3,1 Hr,Valid
Banja Luka,PM2.5 - Principal,2022-01-07 08:00 AM,2022,01,07,08,40.4,113,Unhealthy for Sensitive Groups,44.4,UG/M3,1 Hr,Valid
Banja Luka,PM2.5 - Principal,2022-01-07 09:00 AM,2022,01,07,09,51.5,140,Unhealthy for Sensitive Groups,62.7,UG/M3,1 Hr,Valid
Banja Luka,PM2.5 - Principal,2022-01-07 10:00 AM,2022,01,07,10,69.7,158,Unhealthy,87.8,UG/M3,1 Hr,Valid
Banja Luka,PM2.5 - Principal,2022-01-07 11:00 AM,2022,01,07,11,83.3,165,Unhealthy,97.0,UG/M3,1 Hr,Valid
Banja Luka,PM2.5 - Principal,2022-01-07 12:00 PM,2022,01,07,12,74.1,161,Unhealthy,64.8,UG/M3,1 Hr,Valid
Banja Luka,PM2.5 - Principal,2022-01-07 01:00 PM,2022,01,07,13,51.5,140,Unhealthy for Sensitive Groups,29.0,UG/M3,1 Hr,Valid
Banja Luka,PM2.5 - Principal,2022-01-07 02:00 PM,2022,01,07,14,35.8,102,Unhealthy for Sensitive Groups,20.0,UG/M3,1 Hr,Valid
Banja Luka,PM2.5 - Principal,2022-01-07 03:00 PM,2022,01,07,15,23.8,76,Moderate,11.9,UG/M3,1 Hr,Valid
Banja Luka,PM2.5 - Principal,2022-01-07 04:00 PM,2022,01,07,16,18.4,64,Moderate,13.0,UG/M3,1 Hr,Valid
Banja Luka,PM2.5 - Principal,2022-01-07 05:00 PM,2022,01,07,17,16.5,60,Moderate,14.7,UG/M3,1 Hr,Valid
Banja Luka,PM2.5 - Principal,2022-01-07 06:00 PM,2022,01,07,18,27.6,84,Moderate,38.7,UG/M3,1 Hr,Valid
Banja Luka,PM2.5 - Principal,2022-01-07 07:00 PM,2022,01,07,19,53.1,144,Unhealthy for Sensitive Groups,78.5,UG/M3,1 Hr,Valid
Banja Luka,PM2.5 - Principal,2022-01-07 08:00 PM,2022,01,07,20,46.1,127,Unhealthy for Sensitive Groups,39.2,UG/M3,1 Hr,Valid
Banja Luka,PM2.5 - Principal,2022-01-07 09:00 PM,2022,01,07,21,49.8,136,Unhealthy for Sensitive Groups,53.5,UG/M3,1 Hr,Valid
Banja Luka,PM2.5 - Principal,2022-01-07 10:00 PM,2022,01,07,22,42.8,119,Unhealthy for Sensitive Groups,35.8,UG/M3,1 Hr,Valid
Banja Luka,PM2.5 - Principal,2022-01-07 11:00 PM,2022,01,07,23,36.3,103,Unhealthy for Sensitive Groups,29.9,UG/M3,1 Hr,Valid
Banja Luka,PM2.5 - Principal,2022-01-08 12:00 AM,2022,01,08,00,34.9,99,Moderate,33.5,UG/M3,1 Hr,Valid
Banja Luka,PM2.5 - Principal,2022-01-08 01:00 AM,2022,01,08,01,33.0,95,Moderate,31.1,UG/M3,1 Hr,Valid
Banja Luka,PM2.5 - Principal,2022-01-08 02:00 AM,2022,01,08,02,30.0,89,Moderate,27.0,UG/M3,1 Hr,Valid
Banja Luka,PM2.5 - Principal,2022-01-08 03:00 AM,2022,01,08,03,29.2,87,Moderate,28.4,UG/M3,1 Hr,Valid
Banja Luka,PM2.5 - Principal,2022-01-08 04:00 AM,2022,01,08,04,28.8,86,Moderate,28.5,UG/M3,1 Hr,Valid
Banja Luka,PM2.5 - Principal,2022-01-08 05:00 AM,2022,01,08,05,26.2,81,Moderate,23.5,UG/M3,1 Hr,Valid
Banja Luka,PM2.5 - Principal,2022-01-08 06:00 AM,2022,01,08,06,23.7,75,Moderate,21.2,UG/M3,1 Hr,Valid
Banja Luka,PM2.5 - Principal,2022-01-08 07:00 AM,2022,01,08,07,23.1,74,Moderate,22.6,UG/M3,1 Hr,Valid
Banja Luka,PM2.5 - Principal,2022-01-08 08:00 AM,2022,01,08,08,25.9,80,Moderate,28.7,UG/M3,1 Hr,Valid
Banja Luka,PM2.5 - Principal,2022-01-08 09:00 AM,2022,01,08,09,27.0,82,Moderate,28.7,UG/M3,1 Hr,Valid
Banja Luka,PM2.5 - Principal,2022-01-08 10:00 AM,2022,01,08,10,30.5,90,Moderate,35.8,UG/M3,1 Hr,Valid
Banja Luka,PM2.5 - Principal,2022-01-08 11:00 AM,2022,01,08,11,31.6,92,Moderate,33.1,UG/M3,1 Hr,Valid
Banja Luka,PM2.5 - Principal,2022-01-08 12:00 PM,2022,01,08,12,33.1,95,Moderate,35.4,UG/M3,1 Hr,Valid
Banja Luka,PM2.5 - Principal,2022-01-08 01:00 PM,2022,01,08,13,32.9,95,Moderate,32.6,UG/M3,1 Hr,Valid
Banja Luka,PM2.5 - Principal,2022-01-08 02:00 PM,2022,01,08,14,33.2,95,Moderate,33.6,UG/M3,1 Hr,Valid
Banja Luka,PM2.5 - Principal,2022-01-08 03:00 PM,2022,01,08,15,33.0,95,Moderate,32.8,UG/M3,1 Hr,Valid
Banja Luka,PM2.5 - Principal,2022-01-08 04:00 PM,2022,01,08,16,34.6,98,Moderate,36.7,UG/M3,1 Hr,Valid
Banja Luka,PM2.5 - Principal,2022-01-08 05:00 PM,2022,01,08,17,35.4,100,Moderate,36.5,UG/M3,1 Hr,Valid
Banja Luka,PM2.5 - Principal,2022-01-08 06:00 PM,2022,01,08,18,38.7,109,Unhealthy for Sensitive Groups,42.3,UG/M3,1 Hr,Valid
Banja Luka,PM2.5 - Principal,2022-01-08 07:00 PM,2022,01,08,19,37.3,105,Unhealthy for Sensitive Groups,37.1,UG/M3,1 Hr,Valid
Banja Luka,PM2.5 - Principal,2022-01-08 08:00 PM,2022,01,08,20,36.4,103,Unhealthy for Sensitive Groups,34.5,UG/M3,1 Hr,Valid
Banja Luka,PM2.5 - Principal,2022-01-08 09:00 PM,2022,01,08,21,36.0,102,Unhealthy for Sensitive Groups,34.8,UG/M3,1 Hr,Valid
Banja Luka,PM2.5 - Principal,2022-01-08 10:00 PM,2022,01,08,22,35.4,100,Moderate,33.5,UG/M3,1 Hr,Valid
Banja Luka,PM2.5 - Principal,2022-01-08 11:00 PM,2022,01,08,23,37.0,105,Unhealthy for Sensitive Groups,42.0,UG/M3,1 Hr,Valid
Banja Luka,PM2.5 - Principal,2022-01-09 12:00 AM,2022,01,09,00,40.1,112,Unhealthy for Sensitive Groups,46.5,UG/M3,1 Hr,Valid
Banja Luka,PM2.5 - Principal,2022-01-09 01:00 AM,2022,01,09,01,43.8,121,Unhealthy for Sensitive Groups,49.9,UG/M3,1 Hr,Valid
Banja Luka,PM2.5 - Principal,2022-01-09 02:00 AM,2022,01,09,02,48.7,134,Unhealthy for Sensitive Groups,54.6,UG/M3,1 Hr,Valid
Banja Luka,PM2.5 - Principal,2022-01-09 03:00 AM,2022,01,09,03,41.7,116,Unhealthy for Sensitive Groups,31.5,UG/M3,1 Hr,Valid
Banja Luka,PM2.5 - Principal,2022-01-09 04:00 AM,2022,01,09,04,48.3,133,Unhealthy for Sensitive Groups,56.7,UG/M3,1 Hr,Valid
Banja Luka,PM2.5 - Principal,2022-01-09 05:00 AM,2022,01,09,05,52.1,142,Unhealthy for Sensitive Groups,56.9,UG/M3,1 Hr,Valid
Banja Luka,PM2.5 - Principal,2022-01-09 06:00 AM,2022,01,09,06,48.3,133,Unhealthy for Sensitive Groups,43.5,UG/M3,1 Hr,Valid
Banja Luka,PM2.5 - Principal,2022-01-09 07:00 AM,2022,01,09,07,48.7,134,Unhealthy for Sensitive Groups,49.1,UG/M3,1 Hr,Valid
Banja Luka,PM2.5 - Principal,2022-01-09 08:00 AM,2022,01,09,08,57.8,152,Unhealthy,66.9,UG/M3,1 Hr,Valid
Banja Luka,PM2.5 - Principal,2022-01-09 09:00 AM,2022,01,09,09,59.1,153,Unhealthy,60.3,UG/M3,1 Hr,Valid
Banja Luka,PM2.5 - Principal,2022-01-09 10:00 AM,2022,01,09,10,71.7,159,Unhealthy,84.3,UG/M3,1 Hr,Valid
Banja Luka,PM2.5 - Principal,2022-01-09 11:00 AM,2022,01,09,11,101.7,175,Unhealthy,131.6,UG/M3,1 Hr,Valid
Banja Luka,PM2.5 - Principal,2022-01-09 12:00 PM,2022,01,09,12,104.9,177,Unhealthy,108.0,UG/M3,1 Hr,Valid
Banja Luka,PM2.5 - Principal,2022-01-09 01:00 PM,2022,01,09,13,105.8,177,Unhealthy,106.8,UG/M3,1 Hr,Valid
Banja Luka,PM2.5 - Principal,2022-01-09 02:00 PM,2022,01,09,14,95.7,172,Unhealthy,85.5,UG/M3,1 Hr,Valid
Banja Luka,PM2.5 - Principal,2022-01-09 03:00 PM,2022,01,09,15,82.8,165,Unhealthy,70.0,UG/M3,1 Hr,Valid
Banja Luka,PM2.5 - Principal,2022-01-09 04:00 PM,2022,01,09,16,87.4,167,Unhealthy,92.0,UG/M3,1 Hr,Valid
Banja Luka,PM2.5 - Principal,2022-01-09 05:00 PM,2022,01,09,17,89.0,168,Unhealthy,90.7,UG/M3,1 Hr,Valid
Banja Luka,PM2.5 - Principal,2022-01-09 06:00 PM,2022,01,09,18,91.8,170,Unhealthy,94.5,UG/M3,1 Hr,Valid
Banja Luka,PM2.5 - Principal,2022-01-09 07:00 PM,2022,01,09,19,91.2,169,Unhealthy,90.6,UG/M3,1 Hr,Valid
Banja Luka,PM2.5 - Principal,2022-01-09 08:00 PM,2022,01,09,20,87.9,168,Unhealthy,84.6,UG/M3,1 Hr,Valid
Banja Luka,PM2.5 - Principal,2022-01-09 09:00 PM,2022,01,09,21,90.2,169,Unhealthy,92.6,UG/M3,1 Hr,Valid
Banja Luka,PM2.5 - Principal,2022-01-09 10:00 PM,2022,01,09,22,83.4,165,Unhealthy,75.6,UG/M3,1 Hr,Valid
Banja Luka,PM2.5 - Principal,2022-01-09 11:00 PM,2022,01,09,23,84.3,166,Unhealthy,83.0,UG/M3,1 Hr,Valid
Banja Luka,PM2.5 - Principal,2022-01-10 12:00 AM,2022,01,10,00,82.8,165,Unhealthy,80.1,UG/M3,1 Hr,Valid
Banja Luka,PM2.5 - Principal,2022-01-10 01:00 AM,2022,01,10,01,81.2,164,Unhealthy,74.6,UG/M3,1 Hr,Valid
Banja Luka,PM2.5 - Principal,2022-01-10 02:00 AM,2022,01,10,02,79.5,163,Unhealthy,74.9,UG/M3,1 Hr,Valid
Banja Luka,PM2.5 - Principal,2022-01-10 03:00 AM,2022,01,10,03,53.3,145,Unhealthy for Sensitive Groups,30.2,UG/M3,1 Hr,Valid
Banja Luka,PM2.5 - Principal,2022-01-10 04:00 AM,2022,01,10,04,40.5,113,Unhealthy for Sensitive Groups,27.7,UG/M3,1 Hr,Valid
Banja Luka,PM2.5 - Principal,2022-01-10 05:00 AM,2022,01,10,05,36.7,104,Unhealthy for Sensitive Groups,32.9,UG/M3,1 Hr,Valid
Banja Luka,PM2.5 - Principal,2022-01-10 06:00 AM,2022,01,10,06,36.7,104,Unhealthy for Sensitive Groups,36.8,UG/M3,1 Hr,Valid
Banja Luka,PM2.5 - Principal,2022-01-10 07:00 AM,2022,01,10,07,34.9,99,Moderate,33.0,UG/M3,1 Hr,Valid
Banja Luka,PM2.5 - Principal,2022-01-10 08:00 AM,2022,01,10,08,32.8,95,Moderate,30.8,UG/M3,1 Hr,Valid
Banja Luka,PM2.5 - Principal,2022-01-10 09:00 AM,2022,01,10,09,30.0,89,Moderate,27.2,UG/M3,1 Hr,Valid
Banja Luka,PM2.5 - Principal,2022-01-10 10:00 AM,2022,01,10,10,25.9,80,Moderate,21.7,UG/M3,1 Hr,Valid
Banja Luka,PM2.5 - Principal,2022-01-10 11:00 AM,2022,01,10,11,23.9,76,Moderate,22.0,UG/M3,1 Hr,Valid
Banja Luka,PM2.5 - Principal,2022-01-10 12:00 PM,2022,01,10,12,23.3,75,Moderate,22.7,UG/M3,1 Hr,Valid
Banja Luka,PM2.5 - Principal,2022-01-10 01:00 PM,2022,01,10,13,39.3,110,Unhealthy for Sensitive Groups,55.3,UG/M3,1 Hr,Valid
Banja Luka,PM2.5 - Principal,2022-01-10 02:00 PM,2022,01,10,14,42.7,119,Unhealthy for Sensitive Groups,46.1,UG/M3,1 Hr,Valid
Banja Luka,PM2.5 - Principal,2022-01-10 03:00 PM,2022,01,10,15,49.2,135,Unhealthy for Sensitive Groups,55.7,UG/M3,1 Hr,Valid
Banja Luka,PM2.5 - Principal,2022-01-10 04:00 PM,2022,01,10,16,52.0,142,Unhealthy for Sensitive Groups,54.8,UG/M3,1 Hr,Valid
Banja Luka,PM2.5 - Principal,2022-01-10 05:00 PM,2022,01,10,17,58.9,153,Unhealthy,65.8,UG/M3,1 Hr,Valid
Banja Luka,PM2.5 - Principal,2022-01-10 06:00 PM,2022,01,10,18,73.4,160,Unhealthy,87.9,UG/M3,1 Hr,Valid
Banja Luka,PM2.5 - Principal,2022-01-10 07:00 PM,2022,01,10,19,76.2,162,Unhealthy,79.0,UG/M3,1 Hr,Valid
Banja Luka,PM2.5 - Principal,2022-01-10 08:00 PM,2022,01,10,20,80.9,164,Unhealthy,85.7,UG/M3,1 Hr,Valid
Banja Luka,PM2.5 - Principal,2022-01-10 09:00 PM,2022,01,10,21,75.6,161,Unhealthy,70.3,UG/M3,1 Hr,Valid
Banja Luka,PM2.5 - Principal,2022-01-10 10:00 PM,2022,01,10,22,74.4,161,Unhealthy,73.2,UG/M3,1 Hr,Valid
Banja Luka,PM2.5 - Principal,2022-01-10 11:00 PM,2022,01,10,23,66.5,157,Unhealthy,58.6,UG/M3,1 Hr,Valid
Banja Luka,PM2.5 - Principal,2022-01-11 12:00 AM,2022,01,11,00,57.8,152,Unhealthy,47.8,UG/M3,1 Hr,Valid
Banja Luka,PM2.5 - Principal,2022-01-11 01:00 AM,2022,01,11,01,52.3,142,Unhealthy for Sensitive Groups,46.3,UG/M3,1 Hr,Valid
Banja Luka,PM2.5 - Principal,2022-01-11 02:00 AM,2022,01,11,02,46.7,129,Unhealthy for Sensitive Groups,41.6,UG/M3,1 Hr,Valid
Banja Luka,PM2.5 - Principal,2022-01-11 03:00 AM,2022,01,11,03,46.8,129,Unhealthy for Sensitive Groups,47.0,UG/M3,1 Hr,Valid
Banja Luka,PM2.5 - Principal,2022-01-11 04:00 AM,2022,01,11,04,45.7,126,Unhealthy for Sensitive Groups,44.7,UG/M3,1 Hr,Valid
Banja Luka,PM2.5 - Principal,2022-01-11 05:00 AM,2022,01,11,05,45.2,125,Unhealthy for Sensitive Groups,44.7,UG/M3,1 Hr,Valid
Banja Luka,PM2.5 - Principal,2022-01-11 06:00 AM,2022,01,11,06,45.3,125,Unhealthy for Sensitive Groups,45.4,UG/M3,1 Hr,Valid
Banja Luka,PM2.5 - Principal,2022-01-11 07:00 AM,2022,01,11,07,47.2,130,Unhealthy for Sensitive Groups,49.0,UG/M3,1 Hr,Valid
Banja Luka,PM2.5 - Principal,2022-01-11 08:00 AM,2022,01,11,08,47.4,130,Unhealthy for Sensitive Groups,47.9,UG/M3,1 Hr,Valid
Banja Luka,PM2.5 - Principal,2022-01-11 09:00 AM,2022,01,11,09,47.4,130,Unhealthy for Sensitive Groups,-999.0,UG/M3,1 Hr,Missing
Banja Luka,PM2.5 - Principal,2022-01-12 02:00 PM,2022,01,12,14,-999.0,-999,N/A,27.1,UG/M3,1 Hr,Valid
Banja Luka,PM2.5 - Principal,2022-01-12 03:00 PM,2022,01,12,15,28.4,85,Moderate,29.6,UG/M3,1 Hr,Valid
Banja Luka,PM2.5 - Principal,2022-01-12 04:00 PM,2022,01,12,16,28.5,85,Moderate,28.7,UG/M3,1 Hr,Valid
Banja Luka,PM2.5 - Principal,2022-01-12 05:00 PM,2022,01,12,17,41.5,116,Unhealthy for Sensitive Groups,53.1,UG/M3,1 Hr,Valid
Banja Luka,PM2.5 - Principal,2022-01-12 06:00 PM,2022,01,12,18,38.8,109,Unhealthy for Sensitive Groups,36.1,UG/M3,1 Hr,Valid
Banja Luka,PM2.5 - Principal,2022-01-12 07:00 PM,2022,01,12,19,50.1,137,Unhealthy for Sensitive Groups,61.0,UG/M3,1 Hr,Valid
Banja Luka,PM2.5 - Principal,2022-01-12 08:00 PM,2022,01,12,20,63.8,155,Unhealthy,77.4,UG/M3,1 Hr,Valid
Banja Luka,PM2.5 - Principal,2022-01-12 09:00 PM,2022,01,12,21,102.6,175,Unhealthy,141.0,UG/M3,1 Hr,Valid
Banja Luka,PM2.5 - Principal,2022-01-12 10:00 PM,2022,01,12,22,69.9,158,Unhealthy,37.4,UG/M3,1 Hr,Valid
Banja Luka,PM2.5 - Principal,2022-01-12 11:00 PM,2022,01,12,23,51.1,139,Unhealthy for Sensitive Groups,32.4,UG/M3,1 Hr,Valid
Banja Luka,PM2.5 - Principal,2022-01-13 12:00 AM,2022,01,13,00,49.1,134,Unhealthy for Sensitive Groups,47.0,UG/M3,1 Hr,Valid
Banja Luka,PM2.5 - Principal,2022-01-13 01:00 AM,2022,01,13,01,43.4,120,Unhealthy for Sensitive Groups,37.7,UG/M3,1 Hr,Valid
Banja Luka,PM2.5 - Principal,2022-01-13 02:00 AM,2022,01,13,02,42.5,118,Unhealthy for Sensitive Groups,41.6,UG/M3,1 Hr,Valid
Banja Luka,PM2.5 - Principal,2022-01-13 03:00 AM,2022,01,13,03,44.5,123,Unhealthy for Sensitive Groups,46.5,UG/M3,1 Hr,Valid
Banja Luka,PM2.5 - Principal,2022-01-13 04:00 AM,2022,01,13,04,38.0,107,Unhealthy for Sensitive Groups,31.5,UG/M3,1 Hr,Valid
Banja Luka,PM2.5 - Principal,2022-01-13 05:00 AM,2022,01,13,05,41.8,117,Unhealthy for Sensitive Groups,45.7,UG/M3,1 Hr,Valid
Banja Luka,PM2.5 - Principal,2022-01-13 06:00 AM,2022,01,13,06,43.1,120,Unhealthy for Sensitive Groups,44.3,UG/M3,1 Hr,Valid
Banja Luka,PM2.5 - Principal,2022-01-13 07:00 AM,2022,01,13,07,53.5,145,Unhealthy for Sensitive Groups,63.9,UG/M3,1 Hr,Valid
Banja Luka,PM2.5 - Principal,2022-01-13 08:00 AM,2022,01,13,08,45.9,127,Unhealthy for Sensitive Groups,38.3,UG/M3,1 Hr,Valid
Banja Luka,PM2.5 - Principal,2022-01-13 09:00 AM,2022,01,13,09,40.3,113,Unhealthy for Sensitive Groups,34.7,UG/M3,1 Hr,Valid
Banja Luka,PM2.5 - Principal,2022-01-13 10:00 AM,2022,01,13,10,34.0,97,Moderate,27.8,UG/M3,1 Hr,Valid
Banja Luka,PM2.5 - Principal,2022-01-13 11:00 AM,2022,01,13,11,29.4,87,Moderate,24.7,UG/M3,1 Hr,Valid
Banja Luka,PM2.5 - Principal,2022-01-13 12:00 PM,2022,01,13,12,26.8,82,Moderate,24.2,UG/M3,1 Hr,Valid
Banja Luka,PM2.5 - Principal,2022-01-13 01:00 PM,2022,01,13,13,25.4,79,Moderate,24.1,UG/M3,1 Hr,Valid
Banja Luka,PM2.5 - Principal,2022-01-13 02:00 PM,2022,01,13,14,22.3,72,Moderate,19.1,UG/M3,1 Hr,Valid
Banja Luka,PM2.5 - Principal,2022-01-13 03:00 PM,2022,01,13,15,24.8,78,Moderate,27.3,UG/M3,1 Hr,Valid
Banja Luka,PM2.5 - Principal,2022-01-13 04:00 PM,2022,01,13,16,32.7,94,Moderate,40.7,UG/M3,1 Hr,Valid
Banja Luka,PM2.5 - Principal,2022-01-13 05:00 PM,2022,01,13,17,45.4,125,Unhealthy for Sensitive Groups,58.0,UG/M3,1 Hr,Valid
Banja Luka,PM2.5 - Principal,2022-01-13 06:00 PM,2022,01,13,18,84.1,166,Unhealthy,122.8,UG/M3,1 Hr,Valid
Banja Luka,PM2.5 - Principal,2022-01-13 07:00 PM,2022,01,13,19,77.9,163,Unhealthy,71.7,UG/M3,1 Hr,Valid
Banja Luka,PM2.5 - Principal,2022-01-13 08:00 PM,2022,01,13,20,82.3,165,Unhealthy,86.6,UG/M3,1 Hr,Valid
Banja Luka,PM2.5 - Principal,2022-01-13 09:00 PM,2022,01,13,21,63.1,155,Unhealthy,43.9,UG/M3,1 Hr,Valid
Banja Luka,PM2.5 - Principal,2022-01-13 10:00 PM,2022,01,13,22,85.9,167,Unhealthy,108.8,UG/M3,1 Hr,Valid
Banja Luka,PM2.5 - Principal,2022-01-13 11:00 PM,2022,01,13,23,75.7,161,Unhealthy,65.5,UG/M3,1 Hr,Valid
Banja Luka,PM2.5 - Principal,2022-01-14 12:00 AM,2022,01,14,00,83.2,165,Unhealthy,90.6,UG/M3,1 Hr,Valid
Banja Luka,PM2.5 - Principal,2022-01-14 01:00 AM,2022,01,14,01,82.1,165,Unhealthy,81.1,UG/M3,1 Hr,Valid
Banja Luka,PM2.5 - Principal,2022-01-14 02:00 AM,2022,01,14,02,65.8,156,Unhealthy,49.4,UG/M3,1 Hr,Valid
Banja Luka,PM2.5 - Principal,2022-01-14 03:00 AM,2022,01,14,03,63.7,155,Unhealthy,61.7,UG/M3,1 Hr,Valid
Banja Luka,PM2.5 - Principal,2022-01-14 04:00 AM,2022,01,14,04,72.2,160,Unhealthy,80.6,UG/M3,1 Hr,Valid
Banja Luka,PM2.5 - Principal,2022-01-14 05:00 AM,2022,01,14,05,76.0,162,Unhealthy,79.7,UG/M3,1 Hr,Valid
Banja Luka,PM2.5 - Principal,2022-01-14 06:00 AM,2022,01,14,06,64.7,156,Unhealthy,53.5,UG/M3,1 Hr,Valid
Banja Luka,PM2.5 - Principal,2022-01-14 07:00 AM,2022,01,14,07,60.8,154,Unhealthy,56.8,UG/M3,1 Hr,Valid
Banja Luka,PM2.5 - Principal,2022-01-14 08:00 AM,2022,01,14,08,73.5,160,Unhealthy,86.2,UG/M3,1 Hr,Valid
Banja Luka,PM2.5 - Principal,2022-01-14 09:00 AM,2022,01,14,09,111.3,180,Unhealthy,149.0,UG/M3,1 Hr,Valid
Banja Luka,PM2.5 - Principal,2022-01-14 10:00 AM,2022,01,14,10,89.3,168,Unhealthy,67.4,UG/M3,1 Hr,Valid
Banja Luka,PM2.5 - Principal,2022-01-14 11:00 AM,2022,01,14,11,71.1,159,Unhealthy,52.9,UG/M3,1 Hr,Valid
Banja Luka,PM2.5 - Principal,2022-01-14 12:00 PM,2022,01,14,12,59.3,153,Unhealthy,47.5,UG/M3,1 Hr,Valid
Banja Luka,PM2.5 - Principal,2022-01-14 01:00 PM,2022,01,14,13,53.1,144,Unhealthy for Sensitive Groups,46.9,UG/M3,1 Hr,Valid
Banja Luka,PM2.5 - Principal,2022-01-14 02:00 PM,2022,01,14,14,37.7,106,Unhealthy for Sensitive Groups,22.2,UG/M3,1 Hr,Valid
Banja Luka,PM2.5 - Principal,2022-01-14 03:00 PM,2022,01,14,15,28.5,85,Moderate,19.4,UG/M3,1 Hr,Valid
Banja Luka,PM2.5 - Principal,2022-01-14 04:00 PM,2022,01,14,16,27.5,83,Moderate,26.5,UG/M3,1 Hr,Valid
Banja Luka,PM2.5 - Principal,2022-01-14 05:00 PM,2022,01,14,17,41.4,116,Unhealthy for Sensitive Groups,55.4,UG/M3,1 Hr,Valid
Banja Luka,PM2.5 - Principal,2022-01-14 06:00 PM,2022,01,14,18,52.8,144,Unhealthy for Sensitive Groups,64.2,UG/M3,1 Hr,Valid
Banja Luka,PM2.5 - Principal,2022-01-14 07:00 PM,2022,01,14,19,57.8,152,Unhealthy,62.7,UG/M3,1 Hr,Valid
Banja Luka,PM2.5 - Principal,2022-01-14 08:00 PM,2022,01,14,20,42.8,119,Unhealthy for Sensitive Groups,27.8,UG/M3,1 Hr,Valid
Banja Luka,PM2.5 - Principal,2022-01-14 09:00 PM,2022,01,14,21,87.4,167,Unhealthy,132.1,UG/M3,1 Hr,Valid
Banja Luka,PM2.5 - Principal,2022-01-14 10:00 PM,2022,01,14,22,143.8,197,Unhealthy,200.1,UG/M3,1 Hr,Valid
Banja Luka,PM2.5 - Principal,2022-01-14 11:00 PM,2022,01,14,23,232.7,282,Very Unhealthy,321.5,UG/M3,1 Hr,Valid
Banja Luka,PM2.5 - Principal,2022-01-15 12:00 AM,2022,01,15,00,242.9,293,Very Unhealthy,253.1,UG/M3,1 Hr,Valid
Banja Luka,PM2.5 - Principal,2022-01-15 01:00 AM,2022,01,15,01,185.4,236,Very Unhealthy,127.8,UG/M3,1 Hr,Valid
Banja Luka,PM2.5 - Principal,2022-01-15 02:00 AM,2022,01,15,02,166.9,217,Very Unhealthy,148.3,UG/M3,1 Hr,Valid
Banja Luka,PM2.5 - Principal,2022-01-15 03:00 AM,2022,01,15,03,135.6,192,Unhealthy,104.3,UG/M3,1 Hr,Valid
Banja Luka,PM2.5 - Principal,2022-01-15 04:00 AM,2022,01,15,04,102.6,175,Unhealthy,69.7,UG/M3,1 Hr,Valid
Banja Luka,PM2.5 - Principal,2022-01-15 05:00 AM,2022,01,15,05,78.2,163,Unhealthy,53.8,UG/M3,1 Hr,Valid
Banja Luka,PM2.5 - Principal,2022-01-15 06:00 AM,2022,01,15,06,69.7,158,Unhealthy,61.2,UG/M3,1 Hr,Valid
Banja Luka,PM2.5 - Principal,2022-01-15 07:00 AM,2022,01,15,07,60.6,154,Unhealthy,51.5,UG/M3,1 Hr,Valid
Banja Luka,PM2.5 - Principal,2022-01-15 08:00 AM,2022,01,15,08,76.2,162,Unhealthy,91.9,UG/M3,1 Hr,Valid
Banja Luka,PM2.5 - Principal,2022-01-15 09:00 AM,2022,01,15,09,106.1,177,Unhealthy,136.0,UG/M3,1 Hr,Valid
Banja Luka,PM2.5 - Principal,2022-01-15 10:00 AM,2022,01,15,10,80.3,164,Unhealthy,54.5,UG/M3,1 Hr,Valid
Banja Luka,PM2.5 - Principal,2022-01-15 11:00 AM,2022,01,15,11,60.0,153,Unhealthy,39.8,UG/M3,1 Hr,Valid
Banja Luka,PM2.5 - Principal,2022-01-15 12:00 PM,2022,01,15,12,47.8,131,Unhealthy for Sensitive Groups,35.6,UG/M3,1 Hr,Valid
Banja Luka,PM2.5 - Principal,2022-01-15 01:00 PM,2022,01,15,13,33.9,97,Moderate,20.0,UG/M3,1 Hr,Valid
Banja Luka,PM2.5 - Principal,2022-01-15 02:00 PM,2022,01,15,14,29.7,88,Moderate,25.5,UG/M3,1 Hr,Valid
Banja Luka,PM2.5 - Principal,2022-01-15 03:00 PM,2022,01,15,15,28.1,85,Moderate,26.6,UG/M3,1 Hr,Valid
Banja Luka,PM2.5 - Principal,2022-01-15 04:00 PM,2022,01,15,16,30.6,90,Moderate,33.0,UG/M3,1 Hr,Valid
Banja Luka,PM2.5 - Principal,2022-01-15 05:00 PM,2022,01,15,17,149.7,200,Unhealthy,268.9,UG/M3,1 Hr,Valid
Banja Luka,PM2.5 - Principal,2022-01-15 06:00 PM,2022,01,15,18,183.0,233,Very Unhealthy,216.3,UG/M3,1 Hr,Valid
Banja Luka,PM2.5 - Principal,2022-01-15 07:00 PM,2022,01,15,19,235.2,285,Very Unhealthy,287.3,UG/M3,1 Hr,Valid
Banja Luka,PM2.5 - Principal,2022-01-15 08:00 PM,2022,01,15,20,214.6,265,Very Unhealthy,194.0,UG/M3,1 Hr,Valid
Banja Luka,PM2.5 - Principal,2022-01-15 09:00 PM,2022,01,15,21,216.0,266,Very Unhealthy,217.4,UG/M3,1 Hr,Valid
Banja Luka,PM2.5 - Principal,2022-01-15 10:00 PM,2022,01,15,22,192.6,243,Very Unhealthy,169.1,UG/M3,1 Hr,Valid
Banja Luka,PM2.5 - Principal,2022-01-15 11:00 PM,2022,01,15,23,195.6,246,Very Unhealthy,198.5,UG/M3,1 Hr,Valid
Banja Luka,PM2.5 - Principal,2022-01-16 12:00 AM,2022,01,16,00,170.0,220,Very Unhealthy,144.5,UG/M3,1 Hr,Valid
Banja Luka,PM2.5 - Principal,2022-01-16 01:00 AM,2022,01,16,01,153.2,204,Very Unhealthy,136.3,UG/M3,1 Hr,Valid
Banja Luka,PM2.5 - Principal,2022-01-16 02:00 AM,2022,01,16,02,110.7,180,Unhealthy,68.2,UG/M3,1 Hr,Valid
Banja Luka,PM2.5 - Principal,2022-01-16 03:00 AM,2022,01,16,03,70.9,159,Unhealthy,31.2,UG/M3,1 Hr,Valid
Banja Luka,PM2.5 - Principal,2022-01-16 04:00 AM,2022,01,16,04,76.9,162,Unhealthy,82.8,UG/M3,1 Hr,Valid
Banja Luka,PM2.5 - Principal,2022-01-16 05:00 AM,2022,01,16,05,64.5,156,Unhealthy,52.3,UG/M3,1 Hr,Valid
Banja Luka,PM2.5 - Principal,2022-01-16 06:00 AM,2022,01,16,06,61.1,154,Unhealthy,57.7,UG/M3,1 Hr,Valid
Banja Luka,PM2.5 - Principal,2022-01-16 07:00 AM,2022,01,16,07,58.0,152,Unhealthy,55.0,UG/M3,1 Hr,Valid
Banja Luka,PM2.5 - Principal,2022-01-16 08:00 AM,2022,01,16,08,71.5,159,Unhealthy,85.0,UG/M3,1 Hr,Valid
Banja Luka,PM2.5 - Principal,2022-01-16 09:00 AM,2022,01,16,09,51.0,139,Unhealthy for Sensitive Groups,30.6,UG/M3,1 Hr,Valid
Banja Luka,PM2.5 - Principal,2022-01-16 10:00 AM,2022,01,16,10,42.7,119,Unhealthy for Sensitive Groups,34.5,UG/M3,1 Hr,Valid
Banja Luka,PM2.5 - Principal,2022-01-16 11:00 AM,2022,01,16,11,49.1,134,Unhealthy for Sensitive Groups,55.4,UG/M3,1 Hr,Valid
Banja Luka,PM2.5 - Principal,2022-01-16 12:00 PM,2022,01,16,12,49.3,135,Unhealthy for Sensitive Groups,49.5,UG/M3,1 Hr,Valid
Banja Luka,PM2.5 - Principal,2022-01-16 01:00 PM,2022,01,16,13,51.7,141,Unhealthy for Sensitive Groups,54.1,UG/M3,1 Hr,Valid
Banja Luka,PM2.5 - Principal,2022-01-16 02:00 PM,2022,01,16,14,55.6,151,Unhealthy,59.6,UG/M3,1 Hr,Valid
Banja Luka,PM2.5 - Principal,2022-01-16 03:00 PM,2022,01,16,15,57.1,152,Unhealthy,58.6,UG/M3,1 Hr,Valid
Banja Luka,PM2.5 - Principal,2022-01-16 04:00 PM,2022,01,16,16,65.8,156,Unhealthy,74.5,UG/M3,1 Hr,Valid
Banja Luka,PM2.5 - Principal,2022-01-16 05:00 PM,2022,01,16,17,202.7,253,Very Unhealthy,339.5,UG/M3,1 Hr,Valid
Banja Luka,PM2.5 - Principal,2022-01-16 06:00 PM,2022,01,16,18,215.7,266,Very Unhealthy,228.6,UG/M3,1 Hr,Valid
Banja Luka,PM2.5 - Principal,2022-01-16 07:00 PM,2022,01,16,19,235.6,285,Very Unhealthy,255.5,UG/M3,1 Hr,Valid
Banja Luka,PM2.5 - Principal,2022-01-16 08:00 PM,2022,01,16,20,253.9,304,Hazardous,272.2,UG/M3,1 Hr,Valid
Banja Luka,PM2.5 - Principal,2022-01-16 09:00 PM,2022,01,16,21,294.6,345,Hazardous,335.1,UG/M3,1 Hr,Valid
Banja Luka,PM2.5 - Principal,2022-01-16 10:00 PM,2022,01,16,22,287.4,338,Hazardous,280.2,UG/M3,1 Hr,Valid
Banja Luka,PM2.5 - Principal,2022-01-16 11:00 PM,2022,01,16,23,266.0,316,Hazardous,244.6,UG/M3,1 Hr,Valid
Banja Luka,PM2.5 - Principal,2022-01-17 12:00 AM,2022,01,17,00,230.9,281,Very Unhealthy,195.8,UG/M3,1 Hr,Valid
Banja Luka,PM2.5 - Principal,2022-01-17 01:00 AM,2022,01,17,01,205.9,256,Very Unhealthy,180.9,UG/M3,1 Hr,Valid
Banja Luka,PM2.5 - Principal,2022-01-17 02:00 AM,2022,01,17,02,171.5,222,Very Unhealthy,137.1,UG/M3,1 Hr,Valid
Banja Luka,PM2.5 - Principal,2022-01-17 03:00 AM,2022,01,17,03,139.5,194,Unhealthy,107.5,UG/M3,1 Hr,Valid
Banja Luka,PM2.5 - Principal,2022-01-17 04:00 AM,2022,01,17,04,104.9,177,Unhealthy,70.2,UG/M3,1 Hr,Valid
Banja Luka,PM2.5 - Principal,2022-01-17 05:00 AM,2022,01,17,05,99.7,174,Unhealthy,94.7,UG/M3,1 Hr,Valid
Banja Luka,PM2.5 - Principal,2022-01-17 06:00 AM,2022,01,17,06,83.7,166,Unhealthy,67.6,UG/M3,1 Hr,Valid
Banja Luka,PM2.5 - Principal,2022-01-17 07:00 AM,2022,01,17,07,100.9,174,Unhealthy,118.1,UG/M3,1 Hr,Valid
Banja Luka,PM2.5 - Principal,2022-01-17 08:00 AM,2022,01,17,08,118.6,184,Unhealthy,136.4,UG/M3,1 Hr,Valid
Banja Luka,PM2.5 - Principal,2022-01-17 09:00 AM,2022,01,17,09,132.2,191,Unhealthy,145.9,UG/M3,1 Hr,Valid
Banja Luka,PM2.5 - Principal,2022-01-17 10:00 AM,2022,01,17,10,97.0,172,Unhealthy,61.9,UG/M3,1 Hr,Valid
Banja Luka,PM2.5 - Principal,2022-01-17 11:00 AM,2022,01,17,11,89.5,169,Unhealthy,82.0,UG/M3,1 Hr,Valid
Banja Luka,PM2.5 - Principal,2022-01-17 12:00 PM,2022,01,17,12,102.4,175,Unhealthy,115.3,UG/M3,1 Hr,Valid
Banja Luka,PM2.5 - Principal,2022-01-17 01:00 PM,2022,01,17,13,93.3,171,Unhealthy,84.2,UG/M3,1 Hr,Valid
Banja Luka,PM2.5 - Principal,2022-01-17 02:00 PM,2022,01,17,14,61.1,154,Unhealthy,28.9,UG/M3,1 Hr,Valid
Banja Luka,PM2.5 - Principal,2022-01-17 03:00 PM,2022,01,17,15,39.3,110,Unhealthy for Sensitive Groups,17.6,UG/M3,1 Hr,Valid
Banja Luka,PM2.5 - Principal,2022-01-17 04:00 PM,2022,01,17,16,45.7,126,Unhealthy for Sensitive Groups,52.0,UG/M3,1 Hr,Valid
Banja Luka,PM2.5 - Principal,2022-01-17 05:00 PM,2022,01,17,17,59.4,153,Unhealthy,73.1,UG/M3,1 Hr,Valid
Banja Luka,PM2.5 - Principal,2022-01-17 06:00 PM,2022,01,17,18,165.4,216,Very Unhealthy,271.4,UG/M3,1 Hr,Valid
Banja Luka,PM2.5 - Principal,2022-01-17 07:00 PM,2022,01,17,19,204.5,255,Very Unhealthy,243.5,UG/M3,1 Hr,Valid
Banja Luka,PM2.5 - Principal,2022-01-17 08:00 PM,2022,01,17,20,155.5,206,Very Unhealthy,106.5,UG/M3,1 Hr,Valid
Banja Luka,PM2.5 - Principal,2022-01-17 09:00 PM,2022,01,17,21,149.0,199,Unhealthy,142.4,UG/M3,1 Hr,Valid
Banja Luka,PM2.5 - Principal,2022-01-17 10:00 PM,2022,01,17,22,325.3,375,Hazardous,501.5,UG/M3,1 Hr,Valid
Banja Luka,PM2.5 - Principal,2022-01-17 11:00 PM,2022,01,17,23,367.9,412,Hazardous,410.5,UG/M3,1 Hr,Valid
Banja Luka,PM2.5 - Principal,2022-01-18 12:00 AM,2022,01,18,00,351.3,402,Hazardous,334.6,UG/M3,1 Hr,Valid
Banja Luka,PM2.5 - Principal,2022-01-18 01:00 AM,2022,01,18,01,267.3,318,Hazardous,183.3,UG/M3,1 Hr,Valid
Banja Luka,PM2.5 - Principal,2022-01-18 02:00 AM,2022,01,18,02,136.6,193,Unhealthy,5.9,UG/M3,1 Hr,Valid
Banja Luka,PM2.5 - Principal,2022-01-18 03:00 AM,2022,01,18,03,70.6,159,Unhealthy,4.5,UG/M3,1 Hr,Valid
Banja Luka,PM2.5 - Principal,2022-01-18 04:00 AM,2022,01,18,04,37.7,106,Unhealthy for Sensitive Groups,4.9,UG/M3,1 Hr,Valid
Banja Luka,PM2.5 - Principal,2022-01-18 05:00 AM,2022,01,18,05,27.6,84,Moderate,17.5,UG/M3,1 Hr,Valid
Banja Luka,PM2.5 - Principal,2022-01-18 06:00 AM,2022,01,18,06,28.5,85,Moderate,29.5,UG/M3,1 Hr,Valid
Banja Luka,PM2.5 - Principal,2022-01-18 07:00 AM,2022,01,18,07,37.8,107,Unhealthy for Sensitive Groups,47.2,UG/M3,1 Hr,Valid
Banja Luka,PM2.5 - Principal,2022-01-18 08:00 AM,2022,01,18,08,34.5,98,Moderate,31.1,UG/M3,1 Hr,Valid
Banja Luka,PM2.5 - Principal,2022-01-18 09:00 AM,2022,01,18,09,59.6,153,Unhealthy,84.8,UG/M3,1 Hr,Valid
Banja Luka,PM2.5 - Principal,2022-01-18 10:00 AM,2022,01,18,10,40.3,113,Unhealthy for Sensitive Groups,21.2,UG/M3,1 Hr,Valid
Banja Luka,PM2.5 - Principal,2022-01-18 11:00 AM,2022,01,18,11,24.9,78,Moderate,9.6,UG/M3,1 Hr,Valid
Banja Luka,PM2.5 - Principal,2022-01-18 12:00 PM,2022,01,18,12,20.8,69,Moderate,16.8,UG/M3,1 Hr,Valid
Banja Luka,PM2.5 - Principal,2022-01-18 01:00 PM,2022,01,18,13,21.2,70,Moderate,21.6,UG/M3,1 Hr,Valid
Banja Luka,PM2.5 - Principal,2022-01-18 02:00 PM,2022,01,18,14,15.6,58,Moderate,10.0,UG/M3,1 Hr,Valid
Banja Luka,PM2.5 - Principal,2022-01-18 03:00 PM,2022,01,18,15,12.3,51,Moderate,9.0,UG/M3,1 Hr,Valid
Banja Luka,PM2.5 - Principal,2022-01-18 04:00 PM,2022,01,18,16,22.6,73,Moderate,32.8,UG/M3,1 Hr,Valid
Banja Luka,PM2.5 - Principal,2022-01-18 05:00 PM,2022,01,18,17,68.2,158,Unhealthy,113.8,UG/M3,1 Hr,Valid
Banja Luka,PM2.5 - Principal,2022-01-18 06:00 PM,2022,01,18,18,139.3,194,Unhealthy,210.4,UG/M3,1 Hr,Valid
Banja Luka,PM2.5 - Principal,2022-01-18 07:00 PM,2022,01,18,19,156.0,206,Very Unhealthy,172.7,UG/M3,1 Hr,Valid
Banja Luka,PM2.5 - Principal,2022-01-18 08:00 PM,2022,01,18,20,194.0,244,Very Unhealthy,231.9,UG/M3,1 Hr,Valid
Banja Luka,PM2.5 - Principal,2022-01-18 09:00 PM,2022,01,18,21,199.9,250,Very Unhealthy,205.7,UG/M3,1 Hr,Valid
Banja Luka,PM2.5 - Principal,2022-01-18 10:00 PM,2022,01,18,22,208.1,258,Very Unhealthy,216.3,UG/M3,1 Hr,Valid
Banja Luka,PM2.5 - Principal,2022-01-18 11:00 PM,2022,01,18,23,173.9,224,Very Unhealthy,139.6,UG/M3,1 Hr,Valid
Banja Luka,PM2.5 - Principal,2022-01-19 12:00 AM,2022,01,19,00,121.5,185,Unhealthy,69.1,UG/M3,1 Hr,Valid
Banja Luka,PM2.5 - Principal,2022-01-19 01:00 AM,2022,01,19,01,125.0,187,Unhealthy,128.5,UG/M3,1 Hr,Valid
Banja Luka,PM2.5 - Principal,2022-01-19 02:00 AM,2022,01,19,02,96.4,172,Unhealthy,67.7,UG/M3,1 Hr,Valid
Banja Luka,PM2.5 - Principal,2022-01-19 03:00 AM,2022,01,19,03,70.2,159,Unhealthy,44.0,UG/M3,1 Hr,Valid
Banja Luka,PM2.5 - Principal,2022-01-19 04:00 AM,2022,01,19,04,55.9,151,Unhealthy,41.6,UG/M3,1 Hr,Valid
Banja Luka,PM2.5 - Principal,2022-01-19 05:00 AM,2022,01,19,05,43.8,121,Unhealthy for Sensitive Groups,31.7,UG/M3,1 Hr,Valid
Banja Luka,PM2.5 - Principal,2022-01-19 06:00 AM,2022,01,19,06,44.7,124,Unhealthy for Sensitive Groups,45.7,UG/M3,1 Hr,Valid
Banja Luka,PM2.5 - Principal,2022-01-19 07:00 AM,2022,01,19,07,52.0,142,Unhealthy for Sensitive Groups,59.3,UG/M3,1 Hr,Valid
Banja Luka,PM2.5 - Principal,2022-01-19 08:00 AM,2022,01,19,08,71.9,159,Unhealthy,91.8,UG/M3,1 Hr,Valid
Banja Luka,PM2.5 - Principal,2022-01-19 09:00 AM,2022,01,19,09,54.1,147,Unhealthy for Sensitive Groups,36.3,UG/M3,1 Hr,Valid
Banja Luka,PM2.5 - Principal,2022-01-19 10:00 AM,2022,01,19,10,43.5,121,Unhealthy for Sensitive Groups,32.9,UG/M3,1 Hr,Valid
Banja Luka,PM2.5 - Principal,2022-01-19 11:00 AM,2022,01,19,11,38.1,107,Unhealthy for Sensitive Groups,32.7,UG/M3,1 Hr,Valid
Banja Luka,PM2.5 - Principal,2022-01-19 12:00 PM,2022,01,19,12,28.8,86,Moderate,19.6,UG/M3,1 Hr,Valid
Banja Luka,PM2.5 - Principal,2022-01-19 01:00 PM,2022,01,19,13,22.1,72,Moderate,15.5,UG/M3,1 Hr,Valid
Banja Luka,PM2.5 - Principal,2022-01-19 02:00 PM,2022,01,19,14,28.6,86,Moderate,35.2,UG/M3,1 Hr,Valid
Banja Luka,PM2.5 - Principal,2022-01-19 03:00 PM,2022,01,19,15,32.8,95,Moderate,37.0,UG/M3,1 Hr,Valid
Banja Luka,PM2.5 - Principal,2022-01-19 04:00 PM,2022,01,19,16,29.4,87,Moderate,26.0,UG/M3,1 Hr,Valid
Banja Luka,PM2.5 - Principal,2022-01-19 05:00 PM,2022,01,19,17,139.4,194,Unhealthy,249.3,UG/M3,1 Hr,Valid
Banja Luka,PM2.5 - Principal,2022-01-19 06:00 PM,2022,01,19,18,168.3,219,Very Unhealthy,197.2,UG/M3,1 Hr,Valid
Banja Luka,PM2.5 - Principal,2022-01-19 07:00 PM,2022,01,19,19,171.5,222,Very Unhealthy,174.6,UG/M3,1 Hr,Valid
Banja Luka,PM2.5 - Principal,2022-01-19 08:00 PM,2022,01,19,20,202.4,252,Very Unhealthy,233.3,UG/M3,1 Hr,Valid
Banja Luka,PM2.5 - Principal,2022-01-19 09:00 PM,2022,01,19,21,190.4,241,Very Unhealthy,178.3,UG/M3,1 Hr,Valid
Banja Luka,PM2.5 - Principal,2022-01-19 10:00 PM,2022,01,19,22,220.6,270,Very Unhealthy,250.8,UG/M3,1 Hr,Valid
Banja Luka,PM2.5 - Principal,2022-01-19 11:00 PM,2022,01,19,23,260.5,311,Hazardous,300.3,UG/M3,1 Hr,Valid
Banja Luka,PM2.5 - Principal,2022-01-20 12:00 AM,2022,01,20,00,245.1,295,Very Unhealthy,229.7,UG/M3,1 Hr,Valid
Banja Luka,PM2.5 - Principal,2022-01-20 01:00 AM,2022,01,20,01,251.1,302,Hazardous,257.1,UG/M3,1 Hr,Valid
Banja Luka,PM2.5 - Principal,2022-01-20 02:00 AM,2022,01,20,02,220.0,270,Very Unhealthy,188.9,UG/M3,1 Hr,Valid
Banja Luka,PM2.5 - Principal,2022-01-20 03:00 AM,2022,01,20,03,134.4,192,Unhealthy,48.8,UG/M3,1 Hr,Valid
Banja Luka,PM2.5 - Principal,2022-01-20 04:00 AM,2022,01,20,04,70.6,159,Unhealthy,6.8,UG/M3,1 Hr,Valid
Banja Luka,PM2.5 - Principal,2022-01-20 05:00 AM,2022,01,20,05,40.9,114,Unhealthy for Sensitive Groups,11.3,UG/M3,1 Hr,Valid
Banja Luka,PM2.5 - Principal,2022-01-20 06:00 AM,2022,01,20,06,23.9,76,Moderate,7.0,UG/M3,1 Hr,Valid
Banja Luka,PM2.5 - Principal,2022-01-20 07:00 AM,2022,01,20,07,15.7,59,Moderate,7.6,UG/M3,1 Hr,Valid
Banja Luka,PM2.5 - Principal,2022-01-20 08:00 AM,2022,01,20,08,11.6,48,Good,7.5,UG/M3,1 Hr,Valid
Banja Luka,PM2.5 - Principal,2022-01-20 09:00 AM,2022,01,20,09,9.4,39,Good,7.3,UG/M3,1 Hr,Valid
Banja Luka,PM2.5 - Principal,2022-01-20 10:00 AM,2022,01,20,10,9.1,38,Good,8.7,UG/M3,1 Hr,Valid
Banja Luka,PM2.5 - Principal,2022-01-20 11:00 AM,2022,01,20,11,8.2,34,Good,7.3,UG/M3,1 Hr,Valid
Banja Luka,PM2.5 - Principal,2022-01-20 12:00 PM,2022,01,20,12,9.4,39,Good,10.7,UG/M3,1 Hr,Valid
Banja Luka,PM2.5 - Principal,2022-01-20 01:00 PM,2022,01,20,13,42.5,118,Unhealthy for Sensitive Groups,75.6,UG/M3,1 Hr,Valid
Banja Luka,PM2.5 - Principal,2022-01-20 02:00 PM,2022,01,20,14,44.2,122,Unhealthy for Sensitive Groups,45.9,UG/M3,1 Hr,Valid
Banja Luka,PM2.5 - Principal,2022-01-20 03:00 PM,2022,01,20,15,46.3,128,Unhealthy for Sensitive Groups,48.5,UG/M3,1 Hr,Valid
Banja Luka,PM2.5 - Principal,2022-01-20 04:00 PM,2022,01,20,16,68.2,158,Unhealthy,90.0,UG/M3,1 Hr,Valid
Banja Luka,PM2.5 - Principal,2022-01-20 05:00 PM,2022,01,20,17,89.2,168,Unhealthy,110.1,UG/M3,1 Hr,Valid
Banja Luka,PM2.5 - Principal,2022-01-20 06:00 PM,2022,01,20,18,55.7,151,Unhealthy,22.2,UG/M3,1 Hr,Valid
Banja Luka,PM2.5 - Principal,2022-01-20 07:00 PM,2022,01,20,19,67.0,157,Unhealthy,78.4,UG/M3,1 Hr,Valid
Banja Luka,PM2.5 - Principal,2022-01-20 08:00 PM,2022,01,20,20,38.0,107,Unhealthy for Sensitive Groups,9.0,UG/M3,1 Hr,Valid
Banja Luka,PM2.5 - Principal,2022-01-20 09:00 PM,2022,01,20,21,25.9,80,Moderate,13.7,UG/M3,1 Hr,Valid
Banja Luka,PM2.5 - Principal,2022-01-20 10:00 PM,2022,01,20,22,23.0,74,Moderate,20.1,UG/M3,1 Hr,Valid
Banja Luka,PM2.5 - Principal,2022-01-20 11:00 PM,2022,01,20,23,34.3,98,Moderate,45.7,UG/M3,1 Hr,Valid
Banja Luka,PM2.5 - Principal,2022-01-21 12:00 AM,2022,01,21,00,36.3,103,Unhealthy for Sensitive Groups,38.2,UG/M3,1 Hr,Valid
Banja Luka,PM2.5 - Principal,2022-01-21 01:00 AM,2022,01,21,01,22.9,74,Moderate,9.4,UG/M3,1 Hr,Valid
Banja Luka,PM2.5 - Principal,2022-01-21 02:00 AM,2022,01,21,02,17.5,62,Moderate,12.2,UG/M3,1 Hr,Valid
Banja Luka,PM2.5 - Principal,2022-01-21 03:00 AM,2022,01,21,03,12.6,52,Moderate,7.8,UG/M3,1 Hr,Valid
Banja Luka,PM2.5 - Principal,2022-01-21 04:00 AM,2022,01,21,04,10.7,45,Good,8.8,UG/M3,1 Hr,Valid
Banja Luka,PM2.5 - Principal,2022-01-21 05:00 AM,2022,01,21,05,11.3,47,Good,11.8,UG/M3,1 Hr,Valid
Banja Luka,PM2.5 - Principal,2022-01-21 06:00 AM,2022,01,21,06,10.7,45,Good,10.2,UG/M3,1 Hr,Valid
Banja Luka,PM2.5 - Principal,2022-01-21 07:00 AM,2022,01,21,07,21.3,70,Moderate,31.9,UG/M3,1 Hr,Valid
Banja Luka,PM2.5 - Principal,2022-01-21 08:00 AM,2022,01,21,08,40.9,114,Unhealthy for Sensitive Groups,60.4,UG/M3,1 Hr,Valid
Banja Luka,PM2.5 - Principal,2022-01-21 09:00 AM,2022,01,21,09,28.4,85,Moderate,16.0,UG/M3,1 Hr,Valid
Banja Luka,PM2.5 - Principal,2022-01-21 10:00 AM,2022,01,21,10,18.3,64,Moderate,8.2,UG/M3,1 Hr,Valid
Banja Luka,PM2.5 - Principal,2022-01-21 11:00 AM,2022,01,21,11,13.8,55,Moderate,9.2,UG/M3,1 Hr,Valid
Banja Luka,PM2.5 - Principal,2022-01-21 12:00 PM,2022,01,21,12,13.4,54,Moderate,13.0,UG/M3,1 Hr,Valid
Banja Luka,PM2.5 - Principal,2022-01-21 01:00 PM,2022,01,21,13,12.8,52,Moderate,12.1,UG/M3,1 Hr,Valid
Banja Luka,PM2.5 - Principal,2022-01-21 02:00 PM,2022,01,21,14,11.6,48,Good,10.4,UG/M3,1 Hr,Valid
Banja Luka,PM2.5 - Principal,2022-01-21 03:00 PM,2022,01,21,15,11.0,46,Good,10.4,UG/M3,1 Hr,Valid
Banja Luka,PM2.5 - Principal,2022-01-21 04:00 PM,2022,01,21,16,12.3,51,Moderate,13.7,UG/M3,1 Hr,Valid
Banja Luka,PM2.5 - Principal,2022-01-21 05:00 PM,2022,01,21,17,31.2,91,Moderate,50.0,UG/M3,1 Hr,Valid
Banja Luka,PM2.5 - Principal,2022-01-21 06:00 PM,2022,01,21,18,61.7,154,Unhealthy,92.1,UG/M3,1 Hr,Valid
Banja Luka,PM2.5 - Principal,2022-01-21 07:00 PM,2022,01,21,19,90.5,169,Unhealthy,119.3,UG/M3,1 Hr,Valid
Banja Luka,PM2.5 - Principal,2022-01-21 08:00 PM,2022,01,21,20,97.9,173,Unhealthy,105.3,UG/M3,1 Hr,Valid
Banja Luka,PM2.5 - Principal,2022-01-21 09:00 PM,2022,01,21,21,58.8,153,Unhealthy,19.7,UG/M3,1 Hr,Valid
Banja Luka,PM2.5 - Principal,2022-01-21 10:00 PM,2022,01,21,22,35.8,102,Unhealthy for Sensitive Groups,12.8,UG/M3,1 Hr,Valid
Banja Luka,PM2.5 - Principal,2022-01-21 11:00 PM,2022,01,21,23,23.8,76,Moderate,11.7,UG/M3,1 Hr,Valid
Banja Luka,PM2.5 - Principal,2022-01-22 12:00 AM,2022,01,22,00,19.5,67,Moderate,15.1,UG/M3,1 Hr,Valid
Banja Luka,PM2.5 - Principal,2022-01-22 01:00 AM,2022,01,22,01,14.9,57,Moderate,10.3,UG/M3,1 Hr,Valid
Banja Luka,PM2.5 - Principal,2022-01-22 02:00 AM,2022,01,22,02,14.9,57,Moderate,15.0,UG/M3,1 Hr,Valid
Banja Luka,PM2.5 - Principal,2022-01-22 03:00 AM,2022,01,22,03,15.7,59,Moderate,16.4,UG/M3,1 Hr,Valid
Banja Luka,PM2.5 - Principal,2022-01-22 04:00 AM,2022,01,22,04,14.1,55,Moderate,12.5,UG/M3,1 Hr,Valid
Banja Luka,PM2.5 - Principal,2022-01-22 05:00 AM,2022,01,22,05,11.5,48,Good,8.9,UG/M3,1 Hr,Valid
Banja Luka,PM2.5 - Principal,2022-01-22 06:00 AM,2022,01,22,06,10.0,42,Good,8.5,UG/M3,1 Hr,Valid
Banja Luka,PM2.5 - Principal,2022-01-22 07:00 AM,2022,01,22,07,11.6,48,Good,13.3,UG/M3,1 Hr,Valid
Banja Luka,PM2.5 - Principal,2022-01-22 08:00 AM,2022,01,22,08,11.8,49,Good,12.0,UG/M3,1 Hr,Valid
Banja Luka,PM2.5 - Principal,2022-01-22 09:00 AM,2022,01,22,09,20.8,69,Moderate,29.7,UG/M3,1 Hr,Valid
Banja Luka,PM2.5 - Principal,2022-01-22 10:00 AM,2022,01,22,10,16.8,61,Moderate,12.8,UG/M3,1 Hr,Valid
Banja Luka,PM2.5 - Principal,2022-01-22 11:00 AM,2022,01,22,11,26.2,81,Moderate,35.6,UG/M3,1 Hr,Valid
Banja Luka,PM2.5 - Principal,2022-01-22 12:00 PM,2022,01,22,12,46.2,127,Unhealthy for Sensitive Groups,66.2,UG/M3,1 Hr,Valid
Banja Luka,PM2.5 - Principal,2022-01-22 01:00 PM,2022,01,22,13,49.2,135,Unhealthy for Sensitive Groups,52.2,UG/M3,1 Hr,Valid
Banja Luka,PM2.5 - Principal,2022-01-22 02:00 PM,2022,01,22,14,34.5,98,Moderate,19.8,UG/M3,1 Hr,Valid
Banja Luka,PM2.5 - Principal,2022-01-22 03:00 PM,2022,01,22,15,28.5,85,Moderate,22.6,UG/M3,1 Hr,Valid
Banja Luka,PM2.5 - Principal,2022-01-22 04:00 PM,2022,01,22,16,23.3,75,Moderate,18.0,UG/M3,1 Hr,Valid
Banja Luka,PM2.5 - Principal,2022-01-22 05:00 PM,2022,01,22,17,21.4,71,Moderate,19.5,UG/M3,1 Hr,Valid
Banja Luka,PM2.5 - Principal,2022-01-22 06:00 PM,2022,01,22,18,21.5,71,Moderate,21.6,UG/M3,1 Hr,Valid
Banja Luka,PM2.5 - Principal,2022-01-22 07:00 PM,2022,01,22,19,21.0,70,Moderate,20.6,UG/M3,1 Hr,Valid
Banja Luka,PM2.5 - Principal,2022-01-22 08:00 PM,2022,01,22,20,29.8,88,Moderate,38.6,UG/M3,1 Hr,Valid
Banja Luka,PM2.5 - Principal,2022-01-22 09:00 PM,2022,01,22,21,32.9,95,Moderate,36.0,UG/M3,1 Hr,Valid
Banja Luka,PM2.5 - Principal,2022-01-22 10:00 PM,2022,01,22,22,44.3,123,Unhealthy for Sensitive Groups,55.6,UG/M3,1 Hr,Valid
Banja Luka,PM2.5 - Principal,2022-01-22 11:00 PM,2022,01,22,23,105.9,177,Unhealthy,167.5,UG/M3,1 Hr,Valid
Banja Luka,PM2.5 - Principal,2022-01-23 12:00 AM,2022,01,23,00,90.7,169,Unhealthy,75.6,UG/M3,1 Hr,Valid
Banja Luka,PM2.5 - Principal,2022-01-23 01:00 AM,2022,01,23,01,69.3,158,Unhealthy,47.9,UG/M3,1 Hr,Valid
Banja Luka,PM2.5 - Principal,2022-01-23 02:00 AM,2022,01,23,02,51.9,141,Unhealthy for Sensitive Groups,34.6,UG/M3,1 Hr,Valid
Banja Luka,PM2.5 - Principal,2022-01-23 03:00 AM,2022,01,23,03,49.3,135,Unhealthy for Sensitive Groups,46.7,UG/M3,1 Hr,Valid
Banja Luka,PM2.5 - Principal,2022-01-23 04:00 AM,2022,01,23,04,33.0,95,Moderate,16.8,UG/M3,1 Hr,Valid
Banja Luka,PM2.5 - Principal,2022-01-23 05:00 AM,2022,01,23,05,20.8,69,Moderate,8.6,UG/M3,1 Hr,Valid
Banja Luka,PM2.5 - Principal,2022-01-23 06:00 AM,2022,01,23,06,14.1,55,Moderate,7.5,UG/M3,1 Hr,Valid
Banja Luka,PM2.5 - Principal,2022-01-23 07:00 AM,2022,01,23,07,11.4,48,Good,8.6,UG/M3,1 Hr,Valid
Banja Luka,PM2.5 - Principal,2022-01-23 08:00 AM,2022,01,23,08,10.4,43,Good,9.5,UG/M3,1 Hr,Valid
Banja Luka,PM2.5 - Principal,2022-01-23 09:00 AM,2022,01,23,09,12.2,51,Moderate,13.9,UG/M3,1 Hr,Valid
Banja Luka,PM2.5 - Principal,2022-01-23 10:00 AM,2022,01,23,10,15.8,59,Moderate,19.3,UG/M3,1 Hr,Valid
Banja Luka,PM2.5 - Principal,2022-01-23 11:00 AM,2022,01,23,11,19.6,67,Moderate,23.5,UG/M3,1 Hr,Valid
Banja Luka,PM2.5 - Principal,2022-01-23 12:00 PM,2022,01,23,12,19.2,66,Moderate,18.7,UG/M3,1 Hr,Valid
Banja Luka,PM2.5 - Principal,2022-01-23 01:00 PM,2022,01,23,13,22.7,73,Moderate,26.3,UG/M3,1 Hr,Valid
Banja Luka,PM2.5 - Principal,2022-01-23 02:00 PM,2022,01,23,14,21.4,71,Moderate,20.0,UG/M3,1 Hr,Valid
Banja Luka,PM2.5 - Principal,2022-01-23 03:00 PM,2022,01,23,15,23.5,75,Moderate,25.7,UG/M3,1 Hr,Valid
Banja Luka,PM2.5 - Principal,2022-01-23 04:00 PM,2022,01,23,16,23.7,75,Moderate,24.0,UG/M3,1 Hr,Valid
Banja Luka,PM2.5 - Principal,2022-01-23 05:00 PM,2022,01,23,17,32.8,95,Moderate,41.8,UG/M3,1 Hr,Valid
Banja Luka,PM2.5 - Principal,2022-01-23 06:00 PM,2022,01,23,18,31.3,91,Moderate,29.8,UG/M3,1 Hr,Valid
Banja Luka,PM2.5 - Principal,2022-01-23 07:00 PM,2022,01,23,19,33.5,96,Moderate,35.8,UG/M3,1 Hr,Valid
Banja Luka,PM2.5 - Principal,2022-01-23 08:00 PM,2022,01,23,20,34.6,98,Moderate,35.5,UG/M3,1 Hr,Valid
Banja Luka,PM2.5 - Principal,2022-01-23 09:00 PM,2022,01,23,21,32.5,94,Moderate,30.4,UG/M3,1 Hr,Valid
Banja Luka,PM2.5 - Principal,2022-01-23 10:00 PM,2022,01,23,22,28.5,85,Moderate,24.6,UG/M3,1 Hr,Valid
Banja Luka,PM2.5 - Principal,2022-01-23 11:00 PM,2022,01,23,23,32.4,94,Moderate,36.3,UG/M3,1 Hr,Valid
Banja Luka,PM2.5 - Principal,2022-01-24 12:00 AM,2022,01,24,00,39.8,112,Unhealthy for Sensitive Groups,47.2,UG/M3,1 Hr,Valid
Banja Luka,PM2.5 - Principal,2022-01-24 01:00 AM,2022,01,24,01,58.1,152,Unhealthy,76.4,UG/M3,1 Hr,Valid
Banja Luka,PM2.5 - Principal,2022-01-24 02:00 AM,2022,01,24,02,67.7,157,Unhealthy,77.2,UG/M3,1 Hr,Valid
Banja Luka,PM2.5 - Principal,2022-01-24 03:00 AM,2022,01,24,03,64.3,156,Unhealthy,61.0,UG/M3,1 Hr,Valid
Banja Luka,PM2.5 - Principal,2022-01-24 04:00 AM,2022,01,24,04,68.7,158,Unhealthy,73.1,UG/M3,1 Hr,Valid
Banja Luka,PM2.5 - Principal,2022-01-24 05:00 AM,2022,01,24,05,64.0,155,Unhealthy,59.3,UG/M3,1 Hr,Valid
Banja Luka,PM2.5 - Principal,2022-01-24 06:00 AM,2022,01,24,06,68.6,158,Unhealthy,73.2,UG/M3,1 Hr,Valid
Banja Luka,PM2.5 - Principal,2022-01-24 07:00 AM,2022,01,24,07,53.4,145,Unhealthy for Sensitive Groups,38.2,UG/M3,1 Hr,Valid
Banja Luka,PM2.5 - Principal,2022-01-24 08:00 AM,2022,01,24,08,51.7,141,Unhealthy for Sensitive Groups,50.1,UG/M3,1 Hr,Valid
Banja Luka,PM2.5 - Principal,2022-01-24 09:00 AM,2022,01,24,09,50.4,138,Unhealthy for Sensitive Groups,49.1,UG/M3,1 Hr,Valid
Banja Luka,PM2.5 - Principal,2022-01-24 10:00 AM,2022,01,24,10,57.4,152,Unhealthy,64.4,UG/M3,1 Hr,Valid
Banja Luka,PM2.5 - Principal,2022-01-24 11:00 AM,2022,01,24,11,36.1,102,Unhealthy for Sensitive Groups,14.7,UG/M3,1 Hr,Valid
Banja Luka,PM2.5 - Principal,2022-01-24 12:00 PM,2022,01,24,12,23.3,75,Moderate,10.5,UG/M3,1 Hr,Valid
Banja Luka,PM2.5 - Principal,2022-01-24 01:00 PM,2022,01,24,13,16.4,60,Moderate,9.5,UG/M3,1 Hr,Valid
Banja Luka,PM2.5 - Principal,2022-01-24 02:00 PM,2022,01,24,14,20.1,68,Moderate,23.8,UG/M3,1 Hr,Valid
Banja Luka,PM2.5 - Principal,2022-01-24 03:00 PM,2022,01,24,15,23.3,75,Moderate,26.5,UG/M3,1 Hr,Valid
Banja Luka,PM2.5 - Principal,2022-01-24 04:00 PM,2022,01,24,16,22.8,74,Moderate,22.4,UG/M3,1 Hr,Valid
Banja Luka,PM2.5 - Principal,2022-01-24 05:00 PM,2022,01,24,17,21.2,70,Moderate,19.5,UG/M3,1 Hr,Valid
Banja Luka,PM2.5 - Principal,2022-01-24 06:00 PM,2022,01,24,18,70.3,159,Unhealthy,119.4,UG/M3,1 Hr,Valid
Banja Luka,PM2.5 - Principal,2022-01-24 07:00 PM,2022,01,24,19,130.7,190,Unhealthy,191.1,UG/M3,1 Hr,Valid
Banja Luka,PM2.5 - Principal,2022-01-24 08:00 PM,2022,01,24,20,140.0,195,Unhealthy,149.3,UG/M3,1 Hr,Valid
Banja Luka,PM2.5 - Principal,2022-01-24 09:00 PM,2022,01,24,21,159.2,210,Very Unhealthy,178.4,UG/M3,1 Hr,Valid
Banja Luka,PM2.5 - Principal,2022-01-24 10:00 PM,2022,01,24,22,163.2,214,Very Unhealthy,167.2,UG/M3,1 Hr,Valid
Banja Luka,PM2.5 - Principal,2022-01-24 11:00 PM,2022,01,24,23,100.7,174,Unhealthy,38.1,UG/M3,1 Hr,Valid
Banja Luka,PM2.5 - Principal,2022-01-25 12:00 AM,2022,01,25,00,67.3,157,Unhealthy,33.9,UG/M3,1 Hr,Valid
Banja Luka,PM2.5 - Principal,2022-01-25 01:00 AM,2022,01,25,01,44.1,122,Unhealthy for Sensitive Groups,20.9,UG/M3,1 Hr,Valid
Banja Luka,PM2.5 - Principal,2022-01-25 02:00 AM,2022,01,25,02,31.0,91,Moderate,17.9,UG/M3,1 Hr,Valid
Banja Luka,PM2.5 - Principal,2022-01-25 03:00 AM,2022,01,25,03,23.7,75,Moderate,16.5,UG/M3,1 Hr,Valid
Banja Luka,PM2.5 - Principal,2022-01-25 04:00 AM,2022,01,25,04,20.8,69,Moderate,17.8,UG/M3,1 Hr,Valid
Banja Luka,PM2.5 - Principal,2022-01-25 05:00 AM,2022,01,25,05,18.4,64,Moderate,16.1,UG/M3,1 Hr,Valid
Banja Luka,PM2.5 - Principal,2022-01-25 06:00 AM,2022,01,25,06,18.7,65,Moderate,19.1,UG/M3,1 Hr,Valid
Banja Luka,PM2.5 - Principal,2022-01-25 07:00 AM,2022,01,25,07,18.9,65,Moderate,19.1,UG/M3,1 Hr,Valid
Banja Luka,PM2.5 - Principal,2022-01-25 08:00 AM,2022,01,25,08,24.8,78,Moderate,30.8,UG/M3,1 Hr,Valid
Banja Luka,PM2.5 - Principal,2022-01-25 09:00 AM,2022,01,25,09,35.3,100,Moderate,45.7,UG/M3,1 Hr,Valid
Banja Luka,PM2.5 - Principal,2022-01-25 10:00 AM,2022,01,25,10,30.3,89,Moderate,25.4,UG/M3,1 Hr,Valid
Banja Luka,PM2.5 - Principal,2022-01-25 11:00 AM,2022,01,25,11,29.3,87,Moderate,28.2,UG/M3,1 Hr,Valid
Banja Luka,PM2.5 - Principal,2022-01-25 12:00 PM,2022,01,25,12,23.3,75,Moderate,17.3,UG/M3,1 Hr,Valid
Banja Luka,PM2.5 - Principal,2022-01-25 01:00 PM,2022,01,25,13,25.0,78,Moderate,26.6,UG/M3,1 Hr,Valid
Banja Luka,PM2.5 - Principal,2022-01-25 02:00 PM,2022,01,25,14,32.8,95,Moderate,40.7,UG/M3,1 Hr,Valid
Banja Luka,PM2.5 - Principal,2022-01-25 03:00 PM,2022,01,25,15,38.6,109,Unhealthy for Sensitive Groups,44.3,UG/M3,1 Hr,Valid
Banja Luka,PM2.5 - Principal,2022-01-25 04:00 PM,2022,01,25,16,36.0,102,Unhealthy for Sensitive Groups,33.3,UG/M3,1 Hr,Valid
Banja Luka,PM2.5 - Principal,2022-01-25 05:00 PM,2022,01,25,17,33.4,96,Moderate,30.8,UG/M3,1 Hr,Valid
Banja Luka,PM2.5 - Principal,2022-01-25 06:00 PM,2022,01,25,18,71.9,159,Unhealthy,110.4,UG/M3,1 Hr,Valid
Banja Luka,PM2.5 - Principal,2022-01-25 07:00 PM,2022,01,25,19,90.4,169,Unhealthy,109.0,UG/M3,1 Hr,Valid
Banja Luka,PM2.5 - Principal,2022-01-25 08:00 PM,2022,01,25,20,114.7,182,Unhealthy,139.0,UG/M3,1 Hr,Valid
Banja Luka,PM2.5 - Principal,2022-01-25 09:00 PM,2022,01,25,21,199.0,249,Very Unhealthy,283.2,UG/M3,1 Hr,Suspect
Banja Luka,PM2.5 - Principal,2022-01-25 10:00 PM,2022,01,25,22,189.7,240,Very Unhealthy,180.3,UG/M3,1 Hr,Valid
Banja Luka,PM2.5 - Principal,2022-01-25 11:00 PM,2022,01,25,23,202.7,253,Very Unhealthy,215.7,UG/M3,1 Hr,Valid
Banja Luka,PM2.5 - Principal,2022-01-26 12:00 AM,2022,01,26,00,205.1,255,Very Unhealthy,207.5,UG/M3,1 Hr,Valid
Banja Luka,PM2.5 - Principal,2022-01-26 01:00 AM,2022,01,26,01,177.7,228,Very Unhealthy,150.2,UG/M3,1 Hr,Valid
Banja Luka,PM2.5 - Principal,2022-01-26 02:00 AM,2022,01,26,02,149.3,199,Unhealthy,120.9,UG/M3,1 Hr,Valid
Banja Luka,PM2.5 - Principal,2022-01-26 03:00 AM,2022,01,26,03,132.5,191,Unhealthy,115.7,UG/M3,1 Hr,Valid
Banja Luka,PM2.5 - Principal,2022-01-26 04:00 AM,2022,01,26,04,120.8,185,Unhealthy,109.1,UG/M3,1 Hr,Valid
Banja Luka,PM2.5 - Principal,2022-01-26 05:00 AM,2022,01,26,05,94.5,171,Unhealthy,68.1,UG/M3,1 Hr,Valid
Banja Luka,PM2.5 - Principal,2022-01-26 06:00 AM,2022,01,26,06,55.2,150,Unhealthy for Sensitive Groups,15.9,UG/M3,1 Hr,Valid
Banja Luka,PM2.5 - Principal,2022-01-26 07:00 AM,2022,01,26,07,38.0,107,Unhealthy for Sensitive Groups,20.7,UG/M3,1 Hr,Valid
Banja Luka,PM2.5 - Principal,2022-01-26 08:00 AM,2022,01,26,08,33.5,96,Moderate,29.1,UG/M3,1 Hr,Valid
Banja Luka,PM2.5 - Principal,2022-01-26 09:00 AM,2022,01,26,09,66.8,157,Unhealthy,100.1,UG/M3,1 Hr,Valid
Banja Luka,PM2.5 - Principal,2022-01-26 10:00 AM,2022,01,26,10,52.0,142,Unhealthy for Sensitive Groups,37.2,UG/M3,1 Hr,Valid
Banja Luka,PM2.5 - Principal,2022-01-26 11:00 AM,2022,01,26,11,39.4,111,Unhealthy for Sensitive Groups,26.9,UG/M3,1 Hr,Valid
Banja Luka,PM2.5 - Principal,2022-01-26 12:00 PM,2022,01,26,12,57.3,152,Unhealthy,75.3,UG/M3,1 Hr,Valid
Banja Luka,PM2.5 - Principal,2022-01-26 01:00 PM,2022,01,26,13,69.4,158,Unhealthy,81.6,UG/M3,1 Hr,Valid
Banja Luka,PM2.5 - Principal,2022-01-26 02:00 PM,2022,01,26,14,65.5,156,Unhealthy,61.6,UG/M3,1 Hr,Valid
Banja Luka,PM2.5 - Principal,2022-01-26 03:00 PM,2022,01,26,15,42.1,117,Unhealthy for Sensitive Groups,18.7,UG/M3,1 Hr,Valid
Banja Luka,PM2.5 - Principal,2022-01-26 04:00 PM,2022,01,26,16,35.1,99,Moderate,28.1,UG/M3,1 Hr,Valid
Banja Luka,PM2.5 - Principal,2022-01-26 05:00 PM,2022,01,26,17,61.8,154,Unhealthy,88.5,UG/M3,1 Hr,Valid
Banja Luka,PM2.5 - Principal,2022-01-26 06:00 PM,2022,01,26,18,143.7,197,Unhealthy,225.5,UG/M3,1 Hr,Valid
Banja Luka,PM2.5 - Principal,2022-01-26 07:00 PM,2022,01,26,19,193.9,244,Very Unhealthy,244.1,UG/M3,1 Hr,Valid
Banja Luka,PM2.5 - Principal,2022-01-26 08:00 PM,2022,01,26,20,213.2,263,Very Unhealthy,232.5,UG/M3,1 Hr,Valid
Banja Luka,PM2.5 - Principal,2022-01-26 09:00 PM,2022,01,26,21,273.6,324,Hazardous,333.9,UG/M3,1 Hr,Valid
Banja Luka,PM2.5 - Principal,2022-01-26 10:00 PM,2022,01,26,22,313.1,363,Hazardous,352.6,UG/M3,1 Hr,Valid
Banja Luka,PM2.5 - Principal,2022-01-26 11:00 PM,2022,01,26,23,277.4,328,Hazardous,241.5,UG/M3,1 Hr,Valid
Banja Luka,PM2.5 - Principal,2022-01-27 12:00 AM,2022,01,27,00,224.2,274,Very Unhealthy,171.0,UG/M3,1 Hr,Valid
Banja Luka,PM2.5 - Principal,2022-01-27 01:00 AM,2022,01,27,01,168.0,218,Very Unhealthy,111.9,UG/M3,1 Hr,Valid
Banja Luka,PM2.5 - Principal,2022-01-27 02:00 AM,2022,01,27,02,158.3,209,Very Unhealthy,148.6,UG/M3,1 Hr,Valid
Banja Luka,PM2.5 - Principal,2022-01-27 03:00 AM,2022,01,27,03,116.1,182,Unhealthy,73.9,UG/M3,1 Hr,Valid
Banja Luka,PM2.5 - Principal,2022-01-27 04:00 AM,2022,01,27,04,87.8,168,Unhealthy,59.5,UG/M3,1 Hr,Valid
Banja Luka,PM2.5 - Principal,2022-01-27 05:00 AM,2022,01,27,05,71.4,159,Unhealthy,55.0,UG/M3,1 Hr,Valid
Banja Luka,PM2.5 - Principal,2022-01-27 06:00 AM,2022,01,27,06,68.1,158,Unhealthy,64.8,UG/M3,1 Hr,Valid
Banja Luka,PM2.5 - Principal,2022-01-27 07:00 AM,2022,01,27,07,53.4,145,Unhealthy for Sensitive Groups,38.9,UG/M3,1 Hr,Valid
Banja Luka,PM2.5 - Principal,2022-01-27 08:00 AM,2022,01,27,08,75.2,161,Unhealthy,97.0,UG/M3,1 Hr,Valid
Banja Luka,PM2.5 - Principal,2022-01-27 09:00 AM,2022,01,27,09,80.6,164,Unhealthy,86.0,UG/M3,1 Hr,Valid
Banja Luka,PM2.5 - Principal,2022-01-27 10:00 AM,2022,01,27,10,59.8,153,Unhealthy,39.2,UG/M3,1 Hr,Valid
Banja Luka,PM2.5 - Principal,2022-01-27 11:00 AM,2022,01,27,11,59.5,153,Unhealthy,59.2,UG/M3,1 Hr,Valid
Banja Luka,PM2.5 - Principal,2022-01-27 12:00 PM,2022,01,27,12,62.1,154,Unhealthy,64.8,UG/M3,1 Hr,Valid
Banja Luka,PM2.5 - Principal,2022-01-27 01:00 PM,2022,01,27,13,53.2,145,Unhealthy for Sensitive Groups,44.4,UG/M3,1 Hr,Valid
Banja Luka,PM2.5 - Principal,2022-01-27 02:00 PM,2022,01,27,14,46.0,127,Unhealthy for Sensitive Groups,38.8,UG/M3,1 Hr,Valid
Banja Luka,PM2.5 - Principal,2022-01-27 03:00 PM,2022,01,27,15,68.1,158,Unhealthy,90.2,UG/M3,1 Hr,Valid
Banja Luka,PM2.5 - Principal,2022-01-27 04:00 PM,2022,01,27,16,86.1,167,Unhealthy,104.0,UG/M3,1 Hr,Valid
Banja Luka,PM2.5 - Principal,2022-01-27 05:00 PM,2022,01,27,17,167.1,217,Very Unhealthy,248.0,UG/M3,1 Hr,Valid
Banja Luka,PM2.5 - Principal,2022-01-27 06:00 PM,2022,01,27,18,238.8,289,Very Unhealthy,310.5,UG/M3,1 Hr,Valid
Banja Luka,PM2.5 - Principal,2022-01-27 07:00 PM,2022,01,27,19,280.1,330,Hazardous,321.4,UG/M3,1 Hr,Valid
Banja Luka,PM2.5 - Principal,2022-01-27 08:00 PM,2022,01,27,20,343.6,393,Hazardous,407.0,UG/M3,1 Hr,Valid
Banja Luka,PM2.5 - Principal,2022-01-27 09:00 PM,2022,01,27,21,378.4,419,Hazardous,413.1,UG/M3,1 Hr,Valid
Banja Luka,PM2.5 - Principal,2022-01-27 10:00 PM,2022,01,27,22,471.0,481,Hazardous,563.5,UG/M3,1 Hr,Valid
Banja Luka,PM2.5 - Principal,2022-01-27 11:00 PM,2022,01,27,23,377.0,419,Hazardous,283.0,UG/M3,1 Hr,Valid
Banja Luka,PM2.5 - Principal,2022-01-28 12:00 AM,2022,01,28,00,278.8,329,Hazardous,180.5,UG/M3,1 Hr,Valid
Banja Luka,PM2.5 - Principal,2022-01-28 01:00 AM,2022,01,28,01,328.3,378,Hazardous,377.8,UG/M3,1 Hr,Valid
Banja Luka,PM2.5 - Principal,2022-01-28 02:00 AM,2022,01,28,02,259.3,310,Hazardous,190.3,UG/M3,1 Hr,Valid
Banja Luka,PM2.5 - Principal,2022-01-28 03:00 AM,2022,01,28,03,209.6,260,Very Unhealthy,159.9,UG/M3,1 Hr,Valid
Banja Luka,PM2.5 - Principal,2022-01-28 04:00 AM,2022,01,28,04,212.4,262,Very Unhealthy,215.1,UG/M3,1 Hr,Valid
Banja Luka,PM2.5 - Principal,2022-01-28 05:00 AM,2022,01,28,05,155.1,206,Very Unhealthy,97.9,UG/M3,1 Hr,Valid
Banja Luka,PM2.5 - Principal,2022-01-28 06:00 AM,2022,01,28,06,151.1,202,Very Unhealthy,147.1,UG/M3,1 Hr,Valid
Banja Luka,PM2.5 - Principal,2022-01-28 07:00 AM,2022,01,28,07,127.9,188,Unhealthy,104.8,UG/M3,1 Hr,Valid
Banja Luka,PM2.5 - Principal,2022-01-28 08:00 AM,2022,01,28,08,158.2,209,Very Unhealthy,188.5,UG/M3,1 Hr,Valid
Banja Luka,PM2.5 - Principal,2022-01-28 09:00 AM,2022,01,28,09,223.6,273,Very Unhealthy,289.0,UG/M3,1 Hr,Suspect
Banja Luka,PM2.5 - Principal,2022-01-28 10:00 AM,2022,01,28,10,208.9,259,Very Unhealthy,194.4,UG/M3,1 Hr,Valid
Banja Luka,PM2.5 - Principal,2022-01-28 11:00 AM,2022,01,28,11,172.1,222,Very Unhealthy,135.3,UG/M3,1 Hr,Valid
Banja Luka,PM2.5 - Principal,2022-01-28 12:00 PM,2022,01,28,12,99.8,174,Unhealthy,27.6,UG/M3,1 Hr,Valid
Banja Luka,PM2.5 - Principal,2022-01-28 01:00 PM,2022,01,28,13,88.6,168,Unhealthy,77.4,UG/M3,1 Hr,Valid
Banja Luka,PM2.5 - Principal,2022-01-28 02:00 PM,2022,01,28,14,90.6,169,Unhealthy,92.6,UG/M3,1 Hr,Valid
Banja Luka,PM2.5 - Principal,2022-01-28 03:00 PM,2022,01,28,15,99.7,174,Unhealthy,108.8,UG/M3,1 Hr,Valid
Banja Luka,PM2.5 - Principal,2022-01-28 04:00 PM,2022,01,28,16,87.6,168,Unhealthy,75.6,UG/M3,1 Hr,Valid
Banja Luka,PM2.5 - Principal,2022-01-28 05:00 PM,2022,01,28,17,137.6,193,Unhealthy,187.5,UG/M3,1 Hr,Valid
Banja Luka,PM2.5 - Principal,2022-01-28 06:00 PM,2022,01,28,18,181.1,231,Very Unhealthy,224.6,UG/M3,1 Hr,Valid
Banja Luka,PM2.5 - Principal,2022-01-28 07:00 PM,2022,01,28,19,241.7,291,Very Unhealthy,302.2,UG/M3,1 Hr,Valid
Banja Luka,PM2.5 - Principal,2022-01-28 08:00 PM,2022,01,28,20,329.3,379,Hazardous,416.9,UG/M3,1 Hr,Valid
Banja Luka,PM2.5 - Principal,2022-01-28 09:00 PM,2022,01,28,21,293.3,343,Hazardous,257.3,UG/M3,1 Hr,Valid
Banja Luka,PM2.5 - Principal,2022-01-28 10:00 PM,2022,01,28,22,327.7,378,Hazardous,362.1,UG/M3,1 Hr,Valid
Banja Luka,PM2.5 - Principal,2022-01-28 11:00 PM,2022,01,28,23,237.3,287,Very Unhealthy,146.9,UG/M3,1 Hr,Valid
Banja Luka,PM2.5 - Principal,2022-01-29 12:00 AM,2022,01,29,00,209.2,259,Very Unhealthy,181.0,UG/M3,1 Hr,Valid
Banja Luka,PM2.5 - Principal,2022-01-29 01:00 AM,2022,01,29,01,144.2,197,Unhealthy,79.2,UG/M3,1 Hr,Valid
Banja Luka,PM2.5 - Principal,2022-01-29 02:00 AM,2022,01,29,02,98.5,173,Unhealthy,52.9,UG/M3,1 Hr,Valid
Banja Luka,PM2.5 - Principal,2022-01-29 03:00 AM,2022,01,29,03,52.0,142,Unhealthy for Sensitive Groups,5.4,UG/M3,1 Hr,Valid
Banja Luka,PM2.5 - Principal,2022-01-29 04:00 AM,2022,01,29,04,31.1,91,Moderate,10.3,UG/M3,1 Hr,Valid
Banja Luka,PM2.5 - Principal,2022-01-29 05:00 AM,2022,01,29,05,28.8,86,Moderate,26.4,UG/M3,1 Hr,Valid
Banja Luka,PM2.5 - Principal,2022-01-29 06:00 AM,2022,01,29,06,29.9,88,Moderate,31.2,UG/M3,1 Hr,Valid
Banja Luka,PM2.5 - Principal,2022-01-29 07:00 AM,2022,01,29,07,29.5,88,Moderate,29.1,UG/M3,1 Hr,Valid
Banja Luka,PM2.5 - Principal,2022-01-29 08:00 AM,2022,01,29,08,52.4,143,Unhealthy for Sensitive Groups,75.3,UG/M3,1 Hr,Valid
Banja Luka,PM2.5 - Principal,2022-01-29 09:00 AM,2022,01,29,09,70.5,159,Unhealthy,88.6,UG/M3,1 Hr,Valid
Banja Luka,PM2.5 - Principal,2022-01-29 10:00 AM,2022,01,29,10,91.7,170,Unhealthy,113.0,UG/M3,1 Hr,Valid
Banja Luka,PM2.5 - Principal,2022-01-29 11:00 AM,2022,01,29,11,54.8,149,Unhealthy for Sensitive Groups,17.9,UG/M3,1 Hr,Valid
Banja Luka,PM2.5 - Principal,2022-01-29 12:00 PM,2022,01,29,12,35.6,101,Unhealthy for Sensitive Groups,16.5,UG/M3,1 Hr,Valid
Banja Luka,PM2.5 - Principal,2022-01-29 01:00 PM,2022,01,29,13,21.7,71,Moderate,7.8,UG/M3,1 Hr,Valid
Banja Luka,PM2.5 - Principal,2022-01-29 02:00 PM,2022,01,29,14,16.7,61,Moderate,11.6,UG/M3,1 Hr,Valid
Banja Luka,PM2.5 - Principal,2022-01-29 03:00 PM,2022,01,29,15,15.2,58,Moderate,13.7,UG/M3,1 Hr,Valid
Banja Luka,PM2.5 - Principal,2022-01-29 04:00 PM,2022,01,29,16,15.5,58,Moderate,15.8,UG/M3,1 Hr,Valid
Banja Luka,PM2.5 - Principal,2022-01-29 05:00 PM,2022,01,29,17,25.8,80,Moderate,36.0,UG/M3,1 Hr,Valid
Banja Luka,PM2.5 - Principal,2022-01-29 06:00 PM,2022,01,29,18,91.1,169,Unhealthy,156.4,UG/M3,1 Hr,Valid
Banja Luka,PM2.5 - Principal,2022-01-29 07:00 PM,2022,01,29,19,114.7,182,Unhealthy,138.3,UG/M3,1 Hr,Valid
Banja Luka,PM2.5 - Principal,2022-01-29 08:00 PM,2022,01,29,20,108.4,178,Unhealthy,102.0,UG/M3,1 Hr,Valid
Banja Luka,PM2.5 - Principal,2022-01-29 09:00 PM,2022,01,29,21,73.0,160,Unhealthy,37.7,UG/M3,1 Hr,Valid
Banja Luka,PM2.5 - Principal,2022-01-29 10:00 PM,2022,01,29,22,95.9,172,Unhealthy,118.7,UG/M3,1 Hr,Valid
Banja Luka,PM2.5 - Principal,2022-01-29 11:00 PM,2022,01,29,23,94.7,171,Unhealthy,93.5,UG/M3,1 Hr,Valid
Banja Luka,PM2.5 - Principal,2022-01-30 12:00 AM,2022,01,30,00,53.8,146,Unhealthy for Sensitive Groups,13.0,UG/M3,1 Hr,Valid
Banja Luka,PM2.5 - Principal,2022-01-30 01:00 AM,2022,01,30,01,31.1,91,Moderate,8.4,UG/M3,1 Hr,Valid
Banja Luka,PM2.5 - Principal,2022-01-30 02:00 AM,2022,01,30,02,35.8,102,Unhealthy for Sensitive Groups,40.6,UG/M3,1 Hr,Valid
Banja Luka,PM2.5 - Principal,2022-01-30 03:00 AM,2022,01,30,03,41.5,116,Unhealthy for Sensitive Groups,47.0,UG/M3,1 Hr,Valid
Banja Luka,PM2.5 - Principal,2022-01-30 04:00 AM,2022,01,30,04,44.3,123,Unhealthy for Sensitive Groups,47.1,UG/M3,1 Hr,Valid
Banja Luka,PM2.5 - Principal,2022-01-30 05:00 AM,2022,01,30,05,57.4,152,Unhealthy,70.5,UG/M3,1 Hr,Valid
Banja Luka,PM2.5 - Principal,2022-01-30 06:00 AM,2022,01,30,06,60.5,154,Unhealthy,63.6,UG/M3,1 Hr,Valid
Banja Luka,PM2.5 - Principal,2022-01-30 07:00 AM,2022,01,30,07,44.5,123,Unhealthy for Sensitive Groups,28.6,UG/M3,1 Hr,Valid
Banja Luka,PM2.5 - Principal,2022-01-30 08:00 AM,2022,01,30,08,47.9,132,Unhealthy for Sensitive Groups,51.3,UG/M3,1 Hr,Valid
Banja Luka,PM2.5 - Principal,2022-01-30 09:00 AM,2022,01,30,09,40.8,114,Unhealthy for Sensitive Groups,33.6,UG/M3,1 Hr,Valid
Banja Luka,PM2.5 - Principal,2022-01-30 10:00 AM,2022,01,30,10,46.5,128,Unhealthy for Sensitive Groups,52.3,UG/M3,1 Hr,Valid
Banja Luka,PM2.5 - Principal,2022-01-30 11:00 AM,2022,01,30,11,38.4,108,Unhealthy for Sensitive Groups,30.3,UG/M3,1 Hr,Valid
Banja Luka,PM2.5 - Principal,2022-01-30 12:00 PM,2022,01,30,12,27.9,84,Moderate,17.3,UG/M3,1 Hr,Valid
Banja Luka,PM2.5 - Principal,2022-01-30 01:00 PM,2022,01,30,13,19.7,67,Moderate,11.6,UG/M3,1 Hr,Valid
Banja Luka,PM2.5 - Principal,2022-01-30 02:00 PM,2022,01,30,14,14.0,55,Moderate,8.4,UG/M3,1 Hr,Valid
Banja Luka,PM2.5 - Principal,2022-01-30 03:00 PM,2022,01,30,15,10.8,45,Good,7.6,UG/M3,1 Hr,Valid
Banja Luka,PM2.5 - Principal,2022-01-30 04:00 PM,2022,01,30,16,13.1,53,Moderate,15.4,UG/M3,1 Hr,Valid
Banja Luka,PM2.5 - Principal,2022-01-30 05:00 PM,2022,01,30,17,61.7,154,Unhealthy,110.3,UG/M3,1 Hr,Valid
Banja Luka,PM2.5 - Principal,2022-01-30 06:00 PM,2022,01,30,18,120.7,185,Unhealthy,179.7,UG/M3,1 Hr,Valid
Banja Luka,PM2.5 - Principal,2022-01-30 07:00 PM,2022,01,30,19,177.4,228,Very Unhealthy,233.9,UG/M3,1 Hr,Valid
Banja Luka,PM2.5 - Principal,2022-01-30 08:00 PM,2022,01,30,20,184.0,234,Very Unhealthy,190.7,UG/M3,1 Hr,Valid
Banja Luka,PM2.5 - Principal,2022-01-30 09:00 PM,2022,01,30,21,247.2,297,Very Unhealthy,310.2,UG/M3,1 Hr,Valid
Banja Luka,PM2.5 - Principal,2022-01-30 10:00 PM,2022,01,30,22,255.1,306,Hazardous,263.0,UG/M3,1 Hr,Valid
Banja Luka,PM2.5 - Principal,2022-01-30 11:00 PM,2022,01,30,23,234.9,285,Very Unhealthy,214.6,UG/M3,1 Hr,Valid
Banja Luka,PM2.5 - Principal,2022-01-31 12:00 AM,2022,01,31,00,202.6,253,Very Unhealthy,170.2,UG/M3,1 Hr,Valid
Banja Luka,PM2.5 - Principal,2022-01-31 01:00 AM,2022,01,31,01,168.5,219,Very Unhealthy,134.4,UG/M3,1 Hr,Valid
Banja Luka,PM2.5 - Principal,2022-01-31 02:00 AM,2022,01,31,02,173.7,224,Very Unhealthy,178.8,UG/M3,1 Hr,Valid
Banja Luka,PM2.5 - Principal,2022-01-31 03:00 AM,2022,01,31,03,127.1,188,Unhealthy,80.6,UG/M3,1 Hr,Valid
Banja Luka,PM2.5 - Principal,2022-01-31 04:00 AM,2022,01,31,04,114.7,182,Unhealthy,102.3,UG/M3,1 Hr,Valid
Banja Luka,PM2.5 - Principal,2022-01-31 05:00 AM,2022,01,31,05,96.4,172,Unhealthy,78.0,UG/M3,1 Hr,Valid
Banja Luka,PM2.5 - Principal,2022-01-31 06:00 AM,2022,01,31,06,80.8,164,Unhealthy,65.2,UG/M3,1 Hr,Valid
Banja Luka,PM2.5 - Principal,2022-01-31 07:00 AM,2022,01,31,07,80.0,164,Unhealthy,79.4,UG/M3,1 Hr,Valid
Banja Luka,PM2.5 - Principal,2022-01-31 08:00 AM,2022,01,31,08,90.8,169,Unhealthy,101.6,UG/M3,1 Hr,Valid
Banja Luka,PM2.5 - Principal,2022-01-31 09:00 AM,2022,01,31,09,131.1,190,Unhealthy,171.3,UG/M3,1 Hr,Valid
Banja Luka,PM2.5 - Principal,2022-01-31 10:00 AM,2022,01,31,10,154.6,205,Very Unhealthy,178.2,UG/M3,1 Hr,Valid
Banja Luka,PM2.5 - Principal,2022-01-31 11:00 AM,2022,01,31,11,151.0,201,Very Unhealthy,147.3,UG/M3,1 Hr,Valid
Banja Luka,PM2.5 - Principal,2022-01-31 12:00 PM,2022,01,31,12,112.6,180,Unhealthy,74.3,UG/M3,1 Hr,Valid
Banja Luka,PM2.5 - Principal,2022-01-31 01:00 PM,2022,01,31,13,94.7,171,Unhealthy,76.7,UG/M3,1 Hr,Valid
Banja Luka,PM2.5 - Principal,2022-01-31 02:00 PM,2022,01,31,14,76.2,162,Unhealthy,57.7,UG/M3,1 Hr,Valid
Banja Luka,PM2.5 - Principal,2022-01-31 03:00 PM,2022,01,31,15,78.8,163,Unhealthy,81.4,UG/M3,1 Hr,Valid
Banja Luka,PM2.5 - Principal,2022-01-31 04:00 PM,2022,01,31,16,85.1,166,Unhealthy,91.5,UG/M3,1 Hr,Valid
Banja Luka,PM2.5 - Principal,2022-01-31 05:00 PM,2022,01,31,17,121.9,185,Unhealthy,158.7,UG/M3,1 Hr,Valid
Banja Luka,PM2.5 - Principal,2022-01-31 06:00 PM,2022,01,31,18,94.5,171,Unhealthy,67.0,UG/M3,1 Hr,Valid
Banja Luka,PM2.5 - Principal,2022-01-31 07:00 PM,2022,01,31,19,62.5,155,Unhealthy,30.5,UG/M3,1 Hr,Valid
Banja Luka,PM2.5 - Principal,2022-01-31 08:00 PM,2022,01,31,20,54.4,148,Unhealthy for Sensitive Groups,46.3,UG/M3,1 Hr,Valid
Banja Luka,PM2.5 - Principal,2022-01-31 09:00 PM,2022,01,31,21,43.1,120,Unhealthy for Sensitive Groups,31.8,UG/M3,1 Hr,Valid
Banja Luka,PM2.5 - Principal,2022-01-31 10:00 PM,2022,01,31,22,40.5,113,Unhealthy for Sensitive Groups,38.0,UG/M3,1 Hr,Valid
Banja Luka,PM2.5 - Principal,2022-01-31 11:00 PM,2022,01,31,23,44.9,124,Unhealthy for Sensitive Groups,49.3,UG/M3,1 Hr,Valid
Banja Luka,PM2.5 - Principal,2022-02-01 12:00 AM,2022,02,01,00,62.1,154,Unhealthy,79.3,UG/M3,1 Hr,Valid
Banja Luka,PM2.5 - Principal,2022-02-01 01:00 AM,2022,02,01,01,99.8,174,Unhealthy,137.5,UG/M3,1 Hr,Valid
Banja Luka,PM2.5 - Principal,2022-02-01 02:00 AM,2022,02,01,02,120.2,184,Unhealthy,140.5,UG/M3,1 Hr,Valid
Banja Luka,PM2.5 - Principal,2022-02-01 03:00 AM,2022,02,01,03,127.8,188,Unhealthy,135.4,UG/M3,1 Hr,Valid
Banja Luka,PM2.5 - Principal,2022-02-01 04:00 AM,2022,02,01,04,111.4,180,Unhealthy,94.9,UG/M3,1 Hr,Valid
Banja Luka,PM2.5 - Principal,2022-02-01 05:00 AM,2022,02,01,05,105.8,177,Unhealthy,100.4,UG/M3,1 Hr,Valid
Banja Luka,PM2.5 - Principal,2022-02-01 06:00 AM,2022,02,01,06,91.7,170,Unhealthy,77.5,UG/M3,1 Hr,Valid
Banja Luka,PM2.5 - Principal,2022-02-01 07:00 AM,2022,02,01,07,82.3,165,Unhealthy,72.9,UG/M3,1 Hr,Valid
Banja Luka,PM2.5 - Principal,2022-02-01 08:00 AM,2022,02,01,08,49.6,136,Unhealthy for Sensitive Groups,17.0,UG/M3,1 Hr,Valid
Banja Luka,PM2.5 - Principal,2022-02-01 09:00 AM,2022,02,01,09,36.9,104,Unhealthy for Sensitive Groups,24.1,UG/M3,1 Hr,Valid
Banja Luka,PM2.5 - Principal,2022-02-01 10:00 AM,2022,02,01,10,32.1,93,Moderate,27.3,UG/M3,1 Hr,Valid
Banja Luka,PM2.5 - Principal,2022-02-01 11:00 AM,2022,02,01,11,28.0,84,Moderate,23.9,UG/M3,1 Hr,Valid
Banja Luka,PM2.5 - Principal,2022-02-01 12:00 PM,2022,02,01,12,34.7,99,Moderate,41.4,UG/M3,1 Hr,Valid
Banja Luka,PM2.5 - Principal,2022-02-01 01:00 PM,2022,02,01,13,30.7,90,Moderate,26.6,UG/M3,1 Hr,Valid
Banja Luka,PM2.5 - Principal,2022-02-01 02:00 PM,2022,02,01,14,30.3,89,Moderate,30.0,UG/M3,1 Hr,Valid
Banja Luka,PM2.5 - Principal,2022-02-01 03:00 PM,2022,02,01,15,27.1,83,Moderate,23.9,UG/M3,1 Hr,Valid
Banja Luka,PM2.5 - Principal,2022-02-01 04:00 PM,2022,02,01,16,36.4,103,Unhealthy for Sensitive Groups,45.6,UG/M3,1 Hr,Valid
Banja Luka,PM2.5 - Principal,2022-02-01 05:00 PM,2022,02,01,17,38.1,107,Unhealthy for Sensitive Groups,39.8,UG/M3,1 Hr,Valid
Banja Luka,PM2.5 - Principal,2022-02-01 06:00 PM,2022,02,01,18,112.8,181,Unhealthy,187.4,UG/M3,1 Hr,Valid
Banja Luka,PM2.5 - Principal,2022-02-01 07:00 PM,2022,02,01,19,143.0,196,Unhealthy,173.3,UG/M3,1 Hr,Valid
Banja Luka,PM2.5 - Principal,2022-02-01 08:00 PM,2022,02,01,20,142.3,196,Unhealthy,141.6,UG/M3,1 Hr,Valid
Banja Luka,PM2.5 - Principal,2022-02-01 09:00 PM,2022,02,01,21,140.0,195,Unhealthy,137.7,UG/M3,1 Hr,Valid
Banja Luka,PM2.5 - Principal,2022-02-01 10:00 PM,2022,02,01,22,88.9,168,Unhealthy,37.7,UG/M3,1 Hr,Valid
Banja Luka,PM2.5 - Principal,2022-02-01 11:00 PM,2022,02,01,23,55.7,151,Unhealthy,22.6,UG/M3,1 Hr,Valid
Banja Luka,PM2.5 - Principal,2022-02-02 12:00 AM,2022,02,02,00,41.4,116,Unhealthy for Sensitive Groups,27.1,UG/M3,1 Hr,Valid
Banja Luka,PM2.5 - Principal,2022-02-02 01:00 AM,2022,02,02,01,29.4,87,Moderate,17.3,UG/M3,1 Hr,Valid
Banja Luka,PM2.5 - Principal,2022-02-02 02:00 AM,2022,02,02,02,40.8,114,Unhealthy for Sensitive Groups,52.2,UG/M3,1 Hr,Valid
Banja Luka,PM2.5 - Principal,2022-02-02 03:00 AM,2022,02,02,03,32.7,94,Moderate,24.6,UG/M3,1 Hr,Valid
Banja Luka,PM2.5 - Principal,2022-02-02 04:00 AM,2022,02,02,04,32.9,95,Moderate,33.0,UG/M3,1 Hr,Valid
Banja Luka,PM2.5 - Principal,2022-02-02 05:00 AM,2022,02,02,05,22.2,72,Moderate,11.5,UG/M3,1 Hr,Valid
Banja Luka,PM2.5 - Principal,2022-02-02 06:00 AM,2022,02,02,06,17.5,62,Moderate,12.9,UG/M3,1 Hr,Valid
Banja Luka,PM2.5 - Principal,2022-02-02 07:00 AM,2022,02,02,07,19.7,67,Moderate,21.9,UG/M3,1 Hr,Valid
Banja Luka,PM2.5 - Principal,2022-02-02 08:00 AM,2022,02,02,08,17.8,63,Moderate,15.9,UG/M3,1 Hr,Valid
Banja Luka,PM2.5 - Principal,2022-02-02 09:00 AM,2022,02,02,09,26.0,80,Moderate,34.3,UG/M3,1 Hr,Valid
Banja Luka,PM2.5 - Principal,2022-02-02 10:00 AM,2022,02,02,10,22.2,72,Moderate,18.3,UG/M3,1 Hr,Valid
Banja Luka,PM2.5 - Principal,2022-02-02 11:00 AM,2022,02,02,11,23.3,75,Moderate,24.4,UG/M3,1 Hr,Valid
Banja Luka,PM2.5 - Principal,2022-02-02 12:00 PM,2022,02,02,12,41.4,116,Unhealthy for Sensitive Groups,59.5,UG/M3,1 Hr,Valid
Banja Luka,PM2.5 - Principal,2022-02-02 01:00 PM,2022,02,02,13,28.5,85,Moderate,15.6,UG/M3,1 Hr,Valid
Banja Luka,PM2.5 - Principal,2022-02-02 02:00 PM,2022,02,02,14,22.8,74,Moderate,17.1,UG/M3,1 Hr,Valid
Banja Luka,PM2.5 - Principal,2022-02-02 03:00 PM,2022,02,02,15,18.9,65,Moderate,15.1,UG/M3,1 Hr,Valid
Banja Luka,PM2.5 - Principal,2022-02-02 04:00 PM,2022,02,02,16,17.8,63,Moderate,16.6,UG/M3,1 Hr,Valid
Banja Luka,PM2.5 - Principal,2022-02-02 05:00 PM,2022,02,02,17,21.0,70,Moderate,24.2,UG/M3,1 Hr,Valid
Banja Luka,PM2.5 - Principal,2022-02-02 06:00 PM,2022,02,02,18,46.9,129,Unhealthy for Sensitive Groups,72.8,UG/M3,1 Hr,Valid
Banja Luka,PM2.5 - Principal,2022-02-02 07:00 PM,2022,02,02,19,129.4,189,Unhealthy,211.9,UG/M3,1 Hr,Valid
Banja Luka,PM2.5 - Principal,2022-02-02 08:00 PM,2022,02,02,20,185.0,235,Very Unhealthy,240.5,UG/M3,1 Hr,Valid
Banja Luka,PM2.5 - Principal,2022-02-02 09:00 PM,2022,02,02,21,167.0,217,Very Unhealthy,149.0,UG/M3,1 Hr,Valid
Banja Luka,PM2.5 - Principal,2022-02-02 10:00 PM,2022,02,02,22,172.8,223,Very Unhealthy,178.5,UG/M3,1 Hr,Valid
Banja Luka,PM2.5 - Principal,2022-02-02 11:00 PM,2022,02,02,23,149.7,200,Unhealthy,126.7,UG/M3,1 Hr,Valid
Banja Luka,PM2.5 - Principal,2022-02-03 12:00 AM,2022,02,03,00,110.7,180,Unhealthy,71.7,UG/M3,1 Hr,Valid
Banja Luka,PM2.5 - Principal,2022-02-03 01:00 AM,2022,02,03,01,90.5,169,Unhealthy,70.4,UG/M3,1 Hr,Valid
Banja Luka,PM2.5 - Principal,2022-02-03 02:00 AM,2022,02,03,02,66.3,157,Unhealthy,42.1,UG/M3,1 Hr,Valid
Banja Luka,PM2.5 - Principal,2022-02-03 03:00 AM,2022,02,03,03,41.1,115,Unhealthy for Sensitive Groups,16.0,UG/M3,1 Hr,Valid
Banja Luka,PM2.5 - Principal,2022-02-03 04:00 AM,2022,02,03,04,30.7,90,Moderate,20.3,UG/M3,1 Hr,Valid
Banja Luka,PM2.5 - Principal,2022-02-03 05:00 AM,2022,02,03,05,23.4,75,Moderate,16.0,UG/M3,1 Hr,Valid
Banja Luka,PM2.5 - Principal,2022-02-03 06:00 AM,2022,02,03,06,28.2,85,Moderate,33.0,UG/M3,1 Hr,Valid
Banja Luka,PM2.5 - Principal,2022-02-03 07:00 AM,2022,02,03,07,44.0,122,Unhealthy for Sensitive Groups,59.9,UG/M3,1 Hr,Valid
Banja Luka,PM2.5 - Principal,2022-02-03 08:00 AM,2022,02,03,08,37.3,105,Unhealthy for Sensitive Groups,30.5,UG/M3,1 Hr,Valid
Banja Luka,PM2.5 - Principal,2022-02-03 09:00 AM,2022,02,03,09,117.6,183,Unhealthy,197.9,UG/M3,1 Hr,Valid
Banja Luka,PM2.5 - Principal,2022-02-03 10:00 AM,2022,02,03,10,68.1,158,Unhealthy,18.7,UG/M3,1 Hr,Valid
Banja Luka,PM2.5 - Principal,2022-02-03 11:00 AM,2022,02,03,11,38.6,109,Unhealthy for Sensitive Groups,9.1,UG/M3,1 Hr,Valid
Banja Luka,PM2.5 - Principal,2022-02-03 12:00 PM,2022,02,03,12,25.4,79,Moderate,12.3,UG/M3,1 Hr,Valid
Banja Luka,PM2.5 - Principal,2022-02-03 01:00 PM,2022,02,03,13,16.7,61,Moderate,7.9,UG/M3,1 Hr,Valid
Banja Luka,PM2.5 - Principal,2022-02-03 02:00 PM,2022,02,03,14,12.3,51,Moderate,8.0,UG/M3,1 Hr,Valid
Banja Luka,PM2.5 - Principal,2022-02-03 03:00 PM,2022,02,03,15,9.9,41,Good,7.4,UG/M3,1 Hr,Valid
Banja Luka,PM2.5 - Principal,2022-02-03 04:00 PM,2022,02,03,16,9.1,38,Good,8.4,UG/M3,1 Hr,Valid
Banja Luka,PM2.5 - Principal,2022-02-03 05:00 PM,2022,02,03,17,15.0,57,Moderate,20.9,UG/M3,1 Hr,Valid
Banja Luka,PM2.5 - Principal,2022-02-03 06:00 PM,2022,02,03,18,127.3,188,Unhealthy,239.5,UG/M3,1 Hr,Valid
Banja Luka,PM2.5 - Principal,2022-02-03 07:00 PM,2022,02,03,19,167.6,218,Very Unhealthy,207.9,UG/M3,1 Hr,Valid
Banja Luka,PM2.5 - Principal,2022-02-03 08:00 PM,2022,02,03,20,115.0,182,Unhealthy,62.4,UG/M3,1 Hr,Valid
Banja Luka,PM2.5 - Principal,2022-02-03 09:00 PM,2022,02,03,21,71.3,159,Unhealthy,27.6,UG/M3,1 Hr,Valid
Banja Luka,PM2.5 - Principal,2022-02-03 10:00 PM,2022,02,03,22,55.2,150,Unhealthy for Sensitive Groups,39.1,UG/M3,1 Hr,Valid
Banja Luka,PM2.5 - Principal,2022-02-03 11:00 PM,2022,02,03,23,34.1,97,Moderate,13.0,UG/M3,1 Hr,Valid
Banja Luka,PM2.5 - Principal,2022-02-04 12:00 AM,2022,02,04,00,74.5,161,Unhealthy,114.9,UG/M3,1 Hr,Valid
Banja Luka,PM2.5 - Principal,2022-02-04 01:00 AM,2022,02,04,01,149.7,200,Unhealthy,224.8,UG/M3,1 Hr,Valid
Banja Luka,PM2.5 - Principal,2022-02-04 02:00 AM,2022,02,04,02,170.8,221,Very Unhealthy,191.9,UG/M3,1 Hr,Valid
Banja Luka,PM2.5 - Principal,2022-02-04 03:00 AM,2022,02,04,03,193.3,243,Very Unhealthy,215.8,UG/M3,1 Hr,Valid
Banja Luka,PM2.5 - Principal,2022-02-04 04:00 AM,2022,02,04,04,170.8,221,Very Unhealthy,148.2,UG/M3,1 Hr,Valid
Banja Luka,PM2.5 - Principal,2022-02-04 05:00 AM,2022,02,04,05,154.4,205,Very Unhealthy,137.9,UG/M3,1 Hr,Valid
Banja Luka,PM2.5 - Principal,2022-02-04 06:00 AM,2022,02,04,06,120.9,185,Unhealthy,87.4,UG/M3,1 Hr,Valid
Banja Luka,PM2.5 - Principal,2022-02-04 07:00 AM,2022,02,04,07,101.3,175,Unhealthy,81.8,UG/M3,1 Hr,Valid
Banja Luka,PM2.5 - Principal,2022-02-04 08:00 AM,2022,02,04,08,92.1,170,Unhealthy,83.0,UG/M3,1 Hr,Valid
Banja Luka,PM2.5 - Principal,2022-02-04 09:00 AM,2022,02,04,09,91.1,169,Unhealthy,90.0,UG/M3,1 Hr,Valid
Banja Luka,PM2.5 - Principal,2022-02-04 10:00 AM,2022,02,04,10,93.3,171,Unhealthy,95.4,UG/M3,1 Hr,Valid
Banja Luka,PM2.5 - Principal,2022-02-04 11:00 AM,2022,02,04,11,93.6,171,Unhealthy,93.9,UG/M3,1 Hr,Valid
Banja Luka,PM2.5 - Principal,2022-02-04 12:00 PM,2022,02,04,12,73.5,160,Unhealthy,53.4,UG/M3,1 Hr,Valid
Banja Luka,PM2.5 - Principal,2022-02-04 01:00 PM,2022,02,04,13,50.6,138,Unhealthy for Sensitive Groups,27.7,UG/M3,1 Hr,Valid
Banja Luka,PM2.5 - Principal,2022-02-04 02:00 PM,2022,02,04,14,30.0,89,Moderate,9.5,UG/M3,1 Hr,Valid
Banja Luka,PM2.5 - Principal,2022-02-04 03:00 PM,2022,02,04,15,20.6,69,Moderate,11.3,UG/M3,1 Hr,Valid
Banja Luka,PM2.5 - Principal,2022-02-04 04:00 PM,2022,02,04,16,16.0,59,Moderate,11.4,UG/M3,1 Hr,Valid
Banja Luka,PM2.5 - Principal,2022-02-04 05:00 PM,2022,02,04,17,17.9,63,Moderate,19.7,UG/M3,1 Hr,Valid
Banja Luka,PM2.5 - Principal,2022-02-04 06:00 PM,2022,02,04,18,14.8,57,Moderate,11.7,UG/M3,1 Hr,Valid
Banja Luka,PM2.5 - Principal,2022-02-04 07:00 PM,2022,02,04,19,16.2,60,Moderate,17.6,UG/M3,1 Hr,Valid
Banja Luka,PM2.5 - Principal,2022-02-04 08:00 PM,2022,02,04,20,21.6,71,Moderate,27.1,UG/M3,1 Hr,Valid
Banja Luka,PM2.5 - Principal,2022-02-04 09:00 PM,2022,02,04,21,23.0,74,Moderate,24.3,UG/M3,1 Hr,Valid
Banja Luka,PM2.5 - Principal,2022-02-04 10:00 PM,2022,02,04,22,42.9,119,Unhealthy for Sensitive Groups,62.8,UG/M3,1 Hr,Valid
Banja Luka,PM2.5 - Principal,2022-02-04 11:00 PM,2022,02,04,23,64.8,156,Unhealthy,86.8,UG/M3,1 Hr,Valid
Banja Luka,PM2.5 - Principal,2022-02-05 12:00 AM,2022,02,05,00,77.8,163,Unhealthy,90.8,UG/M3,1 Hr,Valid
Banja Luka,PM2.5 - Principal,2022-02-05 01:00 AM,2022,02,05,01,70.9,159,Unhealthy,64.0,UG/M3,1 Hr,Valid
Banja Luka,PM2.5 - Principal,2022-02-05 02:00 AM,2022,02,05,02,61.7,154,Unhealthy,52.4,UG/M3,1 Hr,Valid
Banja Luka,PM2.5 - Principal,2022-02-05 03:00 AM,2022,02,05,03,50.4,138,Unhealthy for Sensitive Groups,39.1,UG/M3,1 Hr,Valid
Banja Luka,PM2.5 - Principal,2022-02-05 04:00 AM,2022,02,05,04,57.9,152,Unhealthy,65.4,UG/M3,1 Hr,Valid
Banja Luka,PM2.5 - Principal,2022-02-05 05:00 AM,2022,02,05,05,54.1,147,Unhealthy for Sensitive Groups,50.4,UG/M3,1 Hr,Valid
Banja Luka,PM2.5 - Principal,2022-02-05 06:00 AM,2022,02,05,06,39.2,110,Unhealthy for Sensitive Groups,24.3,UG/M3,1 Hr,Valid
Banja Luka,PM2.5 - Principal,2022-02-05 07:00 AM,2022,02,05,07,30.3,89,Moderate,21.4,UG/M3,1 Hr,Valid
Banja Luka,PM2.5 - Principal,2022-02-05 08:00 AM,2022,02,05,08,33.2,95,Moderate,36.0,UG/M3,1 Hr,Valid
Banja Luka,PM2.5 - Principal,2022-02-05 09:00 AM,2022,02,05,09,39.5,111,Unhealthy for Sensitive Groups,45.9,UG/M3,1 Hr,Valid
Banja Luka,PM2.5 - Principal,2022-02-05 10:00 AM,2022,02,05,10,36.0,102,Unhealthy for Sensitive Groups,32.6,UG/M3,1 Hr,Valid
Banja Luka,PM2.5 - Principal,2022-02-05 11:00 AM,2022,02,05,11,29.2,87,Moderate,22.4,UG/M3,1 Hr,Valid
Banja Luka,PM2.5 - Principal,2022-02-05 12:00 PM,2022,02,05,12,28.2,85,Moderate,27.1,UG/M3,1 Hr,Valid
Banja Luka,PM2.5 - Principal,2022-02-05 01:00 PM,2022,02,05,13,20.9,70,Moderate,13.7,UG/M3,1 Hr,Valid
Banja Luka,PM2.5 - Principal,2022-02-05 02:00 PM,2022,02,05,14,23.7,75,Moderate,26.6,UG/M3,1 Hr,Valid
Banja Luka,PM2.5 - Principal,2022-02-05 03:00 PM,2022,02,05,15,25.0,78,Moderate,26.3,UG/M3,1 Hr,Valid
Banja Luka,PM2.5 - Principal,2022-02-05 04:00 PM,2022,02,05,16,21.7,71,Moderate,18.4,UG/M3,1 Hr,Valid
Banja Luka,PM2.5 - Principal,2022-02-05 05:00 PM,2022,02,05,17,26.9,82,Moderate,32.2,UG/M3,1 Hr,Valid
Banja Luka,PM2.5 - Principal,2022-02-05 06:00 PM,2022,02,05,18,29.1,87,Moderate,31.2,UG/M3,1 Hr,Valid
Banja Luka,PM2.5 - Principal,2022-02-05 07:00 PM,2022,02,05,19,31.6,92,Moderate,34.2,UG/M3,1 Hr,Valid
Banja Luka,PM2.5 - Principal,2022-02-05 08:00 PM,2022,02,05,20,23.1,74,Moderate,14.5,UG/M3,1 Hr,Valid
Banja Luka,PM2.5 - Principal,2022-02-05 09:00 PM,2022,02,05,21,34.5,98,Moderate,46.0,UG/M3,1 Hr,Valid
Banja Luka,PM2.5 - Principal,2022-02-05 10:00 PM,2022,02,05,22,28.8,86,Moderate,23.0,UG/M3,1 Hr,Valid
Banja Luka,PM2.5 - Principal,2022-02-05 11:00 PM,2022,02,05,23,23.7,75,Moderate,18.6,UG/M3,1 Hr,Valid
Banja Luka,PM2.5 - Principal,2022-02-06 12:00 AM,2022,02,06,00,21.3,70,Moderate,19.0,UG/M3,1 Hr,Valid
Banja Luka,PM2.5 - Principal,2022-02-06 01:00 AM,2022,02,06,01,24.3,77,Moderate,27.2,UG/M3,1 Hr,Valid
Banja Luka,PM2.5 - Principal,2022-02-06 02:00 AM,2022,02,06,02,25.6,79,Moderate,27.0,UG/M3,1 Hr,Valid
Banja Luka,PM2.5 - Principal,2022-02-06 03:00 AM,2022,02,06,03,24.3,77,Moderate,22.9,UG/M3,1 Hr,Valid
Banja Luka,PM2.5 - Principal,2022-02-06 04:00 AM,2022,02,06,04,24.8,78,Moderate,25.4,UG/M3,1 Hr,Valid
Banja Luka,PM2.5 - Principal,2022-02-06 05:00 AM,2022,02,06,05,24.5,77,Moderate,24.2,UG/M3,1 Hr,Valid
Banja Luka,PM2.5 - Principal,2022-02-06 06:00 AM,2022,02,06,06,23.1,74,Moderate,21.6,UG/M3,1 Hr,Valid
Banja Luka,PM2.5 - Principal,2022-02-06 07:00 AM,2022,02,06,07,27.5,83,Moderate,32.0,UG/M3,1 Hr,Valid
Banja Luka,PM2.5 - Principal,2022-02-06 08:00 AM,2022,02,06,08,40.1,112,Unhealthy for Sensitive Groups,52.6,UG/M3,1 Hr,Valid
Banja Luka,PM2.5 - Principal,2022-02-06 09:00 AM,2022,02,06,09,38.4,108,Unhealthy for Sensitive Groups,36.7,UG/M3,1 Hr,Valid
Banja Luka,PM2.5 - Principal,2022-02-06 10:00 AM,2022,02,06,10,33.3,96,Moderate,28.2,UG/M3,1 Hr,Valid
Banja Luka,PM2.5 - Principal,2022-02-06 11:00 AM,2022,02,06,11,30.7,90,Moderate,28.2,UG/M3,1 Hr,Valid
Banja Luka,PM2.5 - Principal,2022-02-06 12:00 PM,2022,02,06,12,45.3,125,Unhealthy for Sensitive Groups,59.9,UG/M3,1 Hr,Valid
Banja Luka,PM2.5 - Principal,2022-02-06 01:00 PM,2022,02,06,13,46.8,129,Unhealthy for Sensitive Groups,48.3,UG/M3,1 Hr,Valid
Banja Luka,PM2.5 - Principal,2022-02-06 02:00 PM,2022,02,06,14,35.1,99,Moderate,23.4,UG/M3,1 Hr,Valid
Banja Luka,PM2.5 - Principal,2022-02-06 03:00 PM,2022,02,06,15,19.9,67,Moderate,4.7,UG/M3,1 Hr,Valid
Banja Luka,PM2.5 - Principal,2022-02-06 04:00 PM,2022,02,06,16,13.0,53,Moderate,6.2,UG/M3,1 Hr,Valid
Banja Luka,PM2.5 - Principal,2022-02-06 05:00 PM,2022,02,06,17,10.8,45,Good,8.5,UG/M3,1 Hr,Valid
Banja Luka,PM2.5 - Principal,2022-02-06 06:00 PM,2022,02,06,18,10.9,45,Good,10.9,UG/M3,1 Hr,Valid
Banja Luka,PM2.5 - Principal,2022-02-06 07:00 PM,2022,02,06,19,9.5,40,Good,8.2,UG/M3,1 Hr,Valid
Banja Luka,PM2.5 - Principal,2022-02-06 08:00 PM,2022,02,06,20,10.7,45,Good,12.0,UG/M3,1 Hr,Valid
Banja Luka,PM2.5 - Principal,2022-02-06 09:00 PM,2022,02,06,21,11.3,47,Good,11.9,UG/M3,1 Hr,Valid
Banja Luka,PM2.5 - Principal,2022-02-06 10:00 PM,2022,02,06,22,8.8,37,Good,6.3,UG/M3,1 Hr,Valid
Banja Luka,PM2.5 - Principal,2022-02-06 11:00 PM,2022,02,06,23,7.7,32,Good,6.5,UG/M3,1 Hr,Valid
Banja Luka,PM2.5 - Principal,2022-02-07 12:00 AM,2022,02,07,00,7.1,30,Good,6.5,UG/M3,1 Hr,Valid
Banja Luka,PM2.5 - Principal,2022-02-07 01:00 AM,2022,02,07,01,6.9,29,Good,6.8,UG/M3,1 Hr,Valid
Banja Luka,PM2.5 - Principal,2022-02-07 02:00 AM,2022,02,07,02,7.2,30,Good,7.5,UG/M3,1 Hr,Valid
Banja Luka,PM2.5 - Principal,2022-02-07 03:00 AM,2022,02,07,03,6.1,25,Good,5.0,UG/M3,1 Hr,Valid
Banja Luka,PM2.5 - Principal,2022-02-07 04:00 AM,2022,02,07,04,6.3,26,Good,6.5,UG/M3,1 Hr,Valid
Banja Luka,PM2.5 - Principal,2022-02-07 05:00 AM,2022,02,07,05,6.2,26,Good,6.2,UG/M3,1 Hr,Valid
Banja Luka,PM2.5 - Principal,2022-02-07 06:00 AM,2022,02,07,06,6.3,26,Good,6.4,UG/M3,1 Hr,Valid
Banja Luka,PM2.5 - Principal,2022-02-07 07:00 AM,2022,02,07,07,5.9,25,Good,5.6,UG/M3,1 Hr,Valid
Banja Luka,PM2.5 - Principal,2022-02-07 08:00 AM,2022,02,07,08,6.8,28,Good,7.6,UG/M3,1 Hr,Valid
Banja Luka,PM2.5 - Principal,2022-02-07 09:00 AM,2022,02,07,09,8.4,35,Good,10.1,UG/M3,1 Hr,Valid
Banja Luka,PM2.5 - Principal,2022-02-07 10:00 AM,2022,02,07,10,11.4,48,Good,14.3,UG/M3,1 Hr,Valid
Banja Luka,PM2.5 - Principal,2022-02-07 11:00 AM,2022,02,07,11,11.7,49,Good,12.0,UG/M3,1 Hr,Valid
Banja Luka,PM2.5 - Principal,2022-02-07 12:00 PM,2022,02,07,12,9.8,41,Good,7.9,UG/M3,1 Hr,Valid
Banja Luka,PM2.5 - Principal,2022-02-07 01:00 PM,2022,02,07,13,8.8,37,Good,7.8,UG/M3,1 Hr,Valid
Banja Luka,PM2.5 - Principal,2022-02-07 02:00 PM,2022,02,07,14,14.8,57,Moderate,20.8,UG/M3,1 Hr,Valid
Banja Luka,PM2.5 - Principal,2022-02-07 03:00 PM,2022,02,07,15,12.9,53,Moderate,11.0,UG/M3,1 Hr,Valid
Banja Luka,PM2.5 - Principal,2022-02-07 04:00 PM,2022,02,07,16,12.4,52,Moderate,11.8,UG/M3,1 Hr,Valid
Banja Luka,PM2.5 - Principal,2022-02-07 05:00 PM,2022,02,07,17,38.5,108,Unhealthy for Sensitive Groups,64.5,UG/M3,1 Hr,Valid
Banja Luka,PM2.5 - Principal,2022-02-07 06:00 PM,2022,02,07,18,90.3,169,Unhealthy,142.0,UG/M3,1 Hr,Valid
Banja Luka,PM2.5 - Principal,2022-02-07 07:00 PM,2022,02,07,19,57.0,152,Unhealthy,23.8,UG/M3,1 Hr,Valid
Banja Luka,PM2.5 - Principal,2022-02-07 08:00 PM,2022,02,07,20,58.0,152,Unhealthy,58.9,UG/M3,1 Hr,Valid
Banja Luka,PM2.5 - Principal,2022-02-07 09:00 PM,2022,02,07,21,77.4,162,Unhealthy,96.8,UG/M3,1 Hr,Valid
Banja Luka,PM2.5 - Principal,2022-02-07 10:00 PM,2022,02,07,22,114.5,181,Unhealthy,151.6,UG/M3,1 Hr,Valid
Banja Luka,PM2.5 - Principal,2022-02-07 11:00 PM,2022,02,07,23,68.3,158,Unhealthy,22.2,UG/M3,1 Hr,Valid
Banja Luka,PM2.5 - Principal,2022-02-08 12:00 AM,2022,02,08,00,44.0,122,Unhealthy for Sensitive Groups,19.6,UG/M3,1 Hr,Valid
Banja Luka,PM2.5 - Principal,2022-02-08 01:00 AM,2022,02,08,01,30.4,89,Moderate,16.9,UG/M3,1 Hr,Valid
Banja Luka,PM2.5 - Principal,2022-02-08 02:00 AM,2022,02,08,02,40.1,112,Unhealthy for Sensitive Groups,49.7,UG/M3,1 Hr,Valid
Banja Luka,PM2.5 - Principal,2022-02-08 03:00 AM,2022,02,08,03,22.1,72,Moderate,4.0,UG/M3,1 Hr,Valid
Banja Luka,PM2.5 - Principal,2022-02-08 04:00 AM,2022,02,08,04,13.6,54,Moderate,5.1,UG/M3,1 Hr,Valid
Banja Luka,PM2.5 - Principal,2022-02-08 05:00 AM,2022,02,08,05,8.8,37,Good,4.0,UG/M3,1 Hr,Valid
Banja Luka,PM2.5 - Principal,2022-02-08 06:00 AM,2022,02,08,06,6.6,28,Good,4.5,UG/M3,1 Hr,Valid
Banja Luka,PM2.5 - Principal,2022-02-08 07:00 AM,2022,02,08,07,7.2,30,Good,7.7,UG/M3,1 Hr,Valid
Banja Luka,PM2.5 - Principal,2022-02-08 08:00 AM,2022,02,08,08,18.2,64,Moderate,29.1,UG/M3,1 Hr,Valid
Banja Luka,PM2.5 - Principal,2022-02-08 09:00 AM,2022,02,08,09,15.1,57,Moderate,12.1,UG/M3,1 Hr,Valid
Banja Luka,PM2.5 - Principal,2022-02-08 10:00 AM,2022,02,08,10,14.4,56,Moderate,13.8,UG/M3,1 Hr,Valid
Banja Luka,PM2.5 - Principal,2022-02-08 11:00 AM,2022,02,08,11,12.9,53,Moderate,11.3,UG/M3,1 Hr,Valid
Banja Luka,PM2.5 - Principal,2022-02-08 12:00 PM,2022,02,08,12,10.1,42,Good,7.4,UG/M3,1 Hr,Valid
Banja Luka,PM2.5 - Principal,2022-02-08 01:00 PM,2022,02,08,13,7.9,33,Good,5.6,UG/M3,1 Hr,Valid
Banja Luka,PM2.5 - Principal,2022-02-08 02:00 PM,2022,02,08,14,7.1,30,Good,6.4,UG/M3,1 Hr,Valid
Banja Luka,PM2.5 - Principal,2022-02-08 03:00 PM,2022,02,08,15,6.6,28,Good,6.1,UG/M3,1 Hr,Valid
Banja Luka,PM2.5 - Principal,2022-02-08 04:00 PM,2022,02,08,16,9.4,39,Good,12.2,UG/M3,1 Hr,Valid
Banja Luka,PM2.5 - Principal,2022-02-08 05:00 PM,2022,02,08,17,16.2,60,Moderate,23.0,UG/M3,1 Hr,Valid
Banja Luka,PM2.5 - Principal,2022-02-08 06:00 PM,2022,02,08,18,59.5,153,Unhealthy,102.7,UG/M3,1 Hr,Valid
Banja Luka,PM2.5 - Principal,2022-02-08 07:00 PM,2022,02,08,19,45.3,125,Unhealthy for Sensitive Groups,31.1,UG/M3,1 Hr,Valid
Banja Luka,PM2.5 - Principal,2022-02-08 08:00 PM,2022,02,08,20,56.8,152,Unhealthy,68.2,UG/M3,1 Hr,Valid
Banja Luka,PM2.5 - Principal,2022-02-08 09:00 PM,2022,02,08,21,38.1,107,Unhealthy for Sensitive Groups,19.4,UG/M3,1 Hr,Valid
Banja Luka,PM2.5 - Principal,2022-02-08 10:00 PM,2022,02,08,22,27.0,82,Moderate,15.9,UG/M3,1 Hr,Valid
Banja Luka,PM2.5 - Principal,2022-02-08 11:00 PM,2022,02,08,23,19.4,66,Moderate,11.8,UG/M3,1 Hr,Valid
Banja Luka,PM2.5 - Principal,2022-02-09 12:00 AM,2022,02,09,00,14.6,56,Moderate,9.8,UG/M3,1 Hr,Valid
Banja Luka,PM2.5 - Principal,2022-02-09 01:00 AM,2022,02,09,01,10.9,45,Good,7.1,UG/M3,1 Hr,Valid
Banja Luka,PM2.5 - Principal,2022-02-09 02:00 AM,2022,02,09,02,8.9,37,Good,7.0,UG/M3,1 Hr,Valid
Banja Luka,PM2.5 - Principal,2022-02-09 03:00 AM,2022,02,09,03,11.6,48,Good,14.2,UG/M3,1 Hr,Valid
Banja Luka,PM2.5 - Principal,2022-02-09 04:00 AM,2022,02,09,04,11.7,49,Good,11.9,UG/M3,1 Hr,Valid
Banja Luka,PM2.5 - Principal,2022-02-09 05:00 AM,2022,02,09,05,9.4,39,Good,7.1,UG/M3,1 Hr,Valid
Banja Luka,PM2.5 - Principal,2022-02-09 06:00 AM,2022,02,09,06,8.6,36,Good,7.9,UG/M3,1 Hr,Valid
Banja Luka,PM2.5 - Principal,2022-02-09 07:00 AM,2022,02,09,07,14.7,56,Moderate,20.9,UG/M3,1 Hr,Valid
Banja Luka,PM2.5 - Principal,2022-02-09 08:00 AM,2022,02,09,08,23.0,74,Moderate,31.3,UG/M3,1 Hr,Valid
Banja Luka,PM2.5 - Principal,2022-02-09 09:00 AM,2022,02,09,09,30.1,89,Moderate,37.2,UG/M3,1 Hr,Valid
Banja Luka,PM2.5 - Principal,2022-02-09 10:00 AM,2022,02,09,10,25.9,80,Moderate,21.7,UG/M3,1 Hr,Valid
Banja Luka,PM2.5 - Principal,2022-02-09 11:00 AM,2022,02,09,11,19.0,66,Moderate,12.0,UG/M3,1 Hr,Valid
Banja Luka,PM2.5 - Principal,2022-02-09 12:00 PM,2022,02,09,12,13.4,54,Moderate,7.9,UG/M3,1 Hr,Valid
Banja Luka,PM2.5 - Principal,2022-02-09 01:00 PM,2022,02,09,13,10.8,45,Good,8.1,UG/M3,1 Hr,Valid
Banja Luka,PM2.5 - Principal,2022-02-09 02:00 PM,2022,02,09,14,8.2,34,Good,5.7,UG/M3,1 Hr,Valid
Banja Luka,PM2.5 - Principal,2022-02-09 03:00 PM,2022,02,09,15,7.2,30,Good,6.2,UG/M3,1 Hr,Valid
Banja Luka,PM2.5 - Principal,2022-02-09 04:00 PM,2022,02,09,16,9.9,41,Good,12.5,UG/M3,1 Hr,Valid
Banja Luka,PM2.5 - Principal,2022-02-09 05:00 PM,2022,02,09,17,16.6,60,Moderate,23.3,UG/M3,1 Hr,Valid
Banja Luka,PM2.5 - Principal,2022-02-09 06:00 PM,2022,02,09,18,88.7,168,Unhealthy,160.8,UG/M3,1 Hr,Valid
Banja Luka,PM2.5 - Principal,2022-02-09 07:00 PM,2022,02,09,19,113.3,181,Unhealthy,137.9,UG/M3,1 Hr,Valid
Banja Luka,PM2.5 - Principal,2022-02-09 08:00 PM,2022,02,09,20,134.2,192,Unhealthy,155.0,UG/M3,1 Hr,Valid
Banja Luka,PM2.5 - Principal,2022-02-09 09:00 PM,2022,02,09,21,148.8,199,Unhealthy,163.4,UG/M3,1 Hr,Valid
Banja Luka,PM2.5 - Principal,2022-02-09 10:00 PM,2022,02,09,22,168.0,218,Very Unhealthy,187.2,UG/M3,1 Hr,Valid
Banja Luka,PM2.5 - Principal,2022-02-09 11:00 PM,2022,02,09,23,188.4,239,Very Unhealthy,208.7,UG/M3,1 Hr,Valid
Banja Luka,PM2.5 - Principal,2022-02-10 12:00 AM,2022,02,10,00,206.7,257,Very Unhealthy,225.0,UG/M3,1 Hr,Valid
Banja Luka,PM2.5 - Principal,2022-02-10 01:00 AM,2022,02,10,01,212.9,263,Very Unhealthy,219.0,UG/M3,1 Hr,Valid
Banja Luka,PM2.5 - Principal,2022-02-10 02:00 AM,2022,02,10,02,174.6,225,Very Unhealthy,136.3,UG/M3,1 Hr,Valid
Banja Luka,PM2.5 - Principal,2022-02-10 03:00 AM,2022,02,10,03,140.1,195,Unhealthy,105.5,UG/M3,1 Hr,Valid
Banja Luka,PM2.5 - Principal,2022-02-10 04:00 AM,2022,02,10,04,99.2,174,Unhealthy,58.3,UG/M3,1 Hr,Valid
Banja Luka,PM2.5 - Principal,2022-02-10 05:00 AM,2022,02,10,05,69.1,158,Unhealthy,38.9,UG/M3,1 Hr,Valid
Banja Luka,PM2.5 - Principal,2022-02-10 06:00 AM,2022,02,10,06,61.5,154,Unhealthy,53.9,UG/M3,1 Hr,Valid
Banja Luka,PM2.5 - Principal,2022-02-10 07:00 AM,2022,02,10,07,53.8,146,Unhealthy for Sensitive Groups,46.2,UG/M3,1 Hr,Valid
Banja Luka,PM2.5 - Principal,2022-02-10 08:00 AM,2022,02,10,08,60.6,154,Unhealthy,67.4,UG/M3,1 Hr,Valid
Banja Luka,PM2.5 - Principal,2022-02-10 09:00 AM,2022,02,10,09,63.4,155,Unhealthy,66.3,UG/M3,1 Hr,Valid
Banja Luka,PM2.5 - Principal,2022-02-10 10:00 AM,2022,02,10,10,45.7,126,Unhealthy for Sensitive Groups,28.0,UG/M3,1 Hr,Valid
Banja Luka,PM2.5 - Principal,2022-02-10 11:00 AM,2022,02,10,11,43.1,120,Unhealthy for Sensitive Groups,40.6,UG/M3,1 Hr,Valid
Banja Luka,PM2.5 - Principal,2022-02-10 12:00 PM,2022,02,10,12,38.0,107,Unhealthy for Sensitive Groups,32.9,UG/M3,1 Hr,Valid
Banja Luka,PM2.5 - Principal,2022-02-10 01:00 PM,2022,02,10,13,27.1,83,Moderate,16.4,UG/M3,1 Hr,Valid
Banja Luka,PM2.5 - Principal,2022-02-10 02:00 PM,2022,02,10,14,24.3,77,Moderate,21.6,UG/M3,1 Hr,Valid
Banja Luka,PM2.5 - Principal,2022-02-10 03:00 PM,2022,02,10,15,22.0,72,Moderate,19.7,UG/M3,1 Hr,Valid
Banja Luka,PM2.5 - Principal,2022-02-10 04:00 PM,2022,02,10,16,20.7,69,Moderate,19.4,UG/M3,1 Hr,Valid
Banja Luka,PM2.5 - Principal,2022-02-10 05:00 PM,2022,02,10,17,24.0,76,Moderate,27.4,UG/M3,1 Hr,Valid
Banja Luka,PM2.5 - Principal,2022-02-10 06:00 PM,2022,02,10,18,81.1,164,Unhealthy,138.2,UG/M3,1 Hr,Valid
Banja Luka,PM2.5 - Principal,2022-02-10 07:00 PM,2022,02,10,19,127.7,188,Unhealthy,174.3,UG/M3,1 Hr,Valid
Banja Luka,PM2.5 - Principal,2022-02-10 08:00 PM,2022,02,10,20,117.3,183,Unhealthy,106.9,UG/M3,1 Hr,Valid
Banja Luka,PM2.5 - Principal,2022-02-10 09:00 PM,2022,02,10,21,187.0,237,Very Unhealthy,256.5,UG/M3,1 Hr,Valid
Banja Luka,PM2.5 - Principal,2022-02-10 10:00 PM,2022,02,10,22,229.0,279,Very Unhealthy,270.9,UG/M3,1 Hr,Valid
Banja Luka,PM2.5 - Principal,2022-02-10 11:00 PM,2022,02,10,23,220.4,270,Very Unhealthy,211.8,UG/M3,1 Hr,Valid
Banja Luka,PM2.5 - Principal,2022-02-11 12:00 AM,2022,02,11,00,160.6,211,Very Unhealthy,100.7,UG/M3,1 Hr,Valid
Banja Luka,PM2.5 - Principal,2022-02-11 01:00 AM,2022,02,11,01,109.7,179,Unhealthy,58.8,UG/M3,1 Hr,Valid
Banja Luka,PM2.5 - Principal,2022-02-11 02:00 AM,2022,02,11,02,71.7,159,Unhealthy,33.7,UG/M3,1 Hr,Valid
Banja Luka,PM2.5 - Principal,2022-02-11 03:00 AM,2022,02,11,03,50.6,138,Unhealthy for Sensitive Groups,29.6,UG/M3,1 Hr,Valid
Banja Luka,PM2.5 - Principal,2022-02-11 04:00 AM,2022,02,11,04,35.8,102,Unhealthy for Sensitive Groups,20.9,UG/M3,1 Hr,Valid
Banja Luka,PM2.5 - Principal,2022-02-11 05:00 AM,2022,02,11,05,27.8,84,Moderate,19.8,UG/M3,1 Hr,Valid
Banja Luka,PM2.5 - Principal,2022-02-11 06:00 AM,2022,02,11,06,25.2,79,Moderate,22.7,UG/M3,1 Hr,Valid
Banja Luka,PM2.5 - Principal,2022-02-11 07:00 AM,2022,02,11,07,25.0,78,Moderate,24.8,UG/M3,1 Hr,Valid
Banja Luka,PM2.5 - Principal,2022-02-11 08:00 AM,2022,02,11,08,39.7,111,Unhealthy for Sensitive Groups,54.4,UG/M3,1 Hr,Valid
Banja Luka,PM2.5 - Principal,2022-02-11 09:00 AM,2022,02,11,09,41.9,117,Unhealthy for Sensitive Groups,44.2,UG/M3,1 Hr,Valid
Banja Luka,PM2.5 - Principal,2022-02-11 10:00 AM,2022,02,11,10,37.3,105,Unhealthy for Sensitive Groups,32.7,UG/M3,1 Hr,Valid
Banja Luka,PM2.5 - Principal,2022-02-11 11:00 AM,2022,02,11,11,38.3,108,Unhealthy for Sensitive Groups,39.3,UG/M3,1 Hr,Valid
Banja Luka,PM2.5 - Principal,2022-02-11 12:00 PM,2022,02,11,12,29.9,88,Moderate,21.5,UG/M3,1 Hr,Valid
Banja Luka,PM2.5 - Principal,2022-02-11 01:00 PM,2022,02,11,13,18.9,65,Moderate,7.9,UG/M3,1 Hr,Valid
Banja Luka,PM2.5 - Principal,2022-02-11 02:00 PM,2022,02,11,14,14.2,55,Moderate,9.5,UG/M3,1 Hr,Valid
Banja Luka,PM2.5 - Principal,2022-02-11 03:00 PM,2022,02,11,15,11.1,46,Good,8.0,UG/M3,1 Hr,Valid
Banja Luka,PM2.5 - Principal,2022-02-11 04:00 PM,2022,02,11,16,10.9,45,Good,10.7,UG/M3,1 Hr,Valid
Banja Luka,PM2.5 - Principal,2022-02-11 05:00 PM,2022,02,11,17,12.8,52,Moderate,14.7,UG/M3,1 Hr,Valid
Banja Luka,PM2.5 - Principal,2022-02-11 06:00 PM,2022,02,11,18,17.6,63,Moderate,22.4,UG/M3,1 Hr,Valid
Banja Luka,PM2.5 - Principal,2022-02-11 07:00 PM,2022,02,11,19,22.5,73,Moderate,27.4,UG/M3,1 Hr,Valid
Banja Luka,PM2.5 - Principal,2022-02-11 08:00 PM,2022,02,11,20,28.7,86,Moderate,34.9,UG/M3,1 Hr,Valid
Banja Luka,PM2.5 - Principal,2022-02-11 09:00 PM,2022,02,11,21,23.0,74,Moderate,17.3,UG/M3,1 Hr,Valid
Banja Luka,PM2.5 - Principal,2022-02-11 10:00 PM,2022,02,11,22,17.4,62,Moderate,11.8,UG/M3,1 Hr,Valid
Banja Luka,PM2.5 - Principal,2022-02-11 11:00 PM,2022,02,11,23,13.2,53,Moderate,9.0,UG/M3,1 Hr,Valid
Banja Luka,PM2.5 - Principal,2022-02-12 12:00 AM,2022,02,12,00,13.6,54,Moderate,14.0,UG/M3,1 Hr,Valid
Banja Luka,PM2.5 - Principal,2022-02-12 01:00 AM,2022,02,12,01,11.6,48,Good,9.6,UG/M3,1 Hr,Valid
Banja Luka,PM2.5 - Principal,2022-02-12 02:00 AM,2022,02,12,02,10.4,43,Good,9.3,UG/M3,1 Hr,Valid
Banja Luka,PM2.5 - Principal,2022-02-12 03:00 AM,2022,02,12,03,10.5,44,Good,10.6,UG/M3,1 Hr,Valid
Banja Luka,PM2.5 - Principal,2022-02-12 04:00 AM,2022,02,12,04,9.6,40,Good,8.7,UG/M3,1 Hr,Valid
Banja Luka,PM2.5 - Principal,2022-02-12 05:00 AM,2022,02,12,05,9.2,38,Good,8.8,UG/M3,1 Hr,Valid
Banja Luka,PM2.5 - Principal,2022-02-12 06:00 AM,2022,02,12,06,10.3,43,Good,11.3,UG/M3,1 Hr,Valid
Banja Luka,PM2.5 - Principal,2022-02-12 07:00 AM,2022,02,12,07,15.0,57,Moderate,19.7,UG/M3,1 Hr,Valid
Banja Luka,PM2.5 - Principal,2022-02-12 08:00 AM,2022,02,12,08,20.2,68,Moderate,25.4,UG/M3,1 Hr,Valid
Banja Luka,PM2.5 - Principal,2022-02-12 09:00 AM,2022,02,12,09,23.9,76,Moderate,27.7,UG/M3,1 Hr,Valid
Banja Luka,PM2.5 - Principal,2022-02-12 10:00 AM,2022,02,12,10,19.9,67,Moderate,15.8,UG/M3,1 Hr,Valid
Banja Luka,PM2.5 - Principal,2022-02-12 11:00 AM,2022,02,12,11,15.4,58,Moderate,11.0,UG/M3,1 Hr,Valid
Banja Luka,PM2.5 - Principal,2022-02-12 12:00 PM,2022,02,12,12,10.8,45,Good,6.2,UG/M3,1 Hr,Valid
Banja Luka,PM2.5 - Principal,2022-02-12 01:00 PM,2022,02,12,13,9.1,38,Good,7.4,UG/M3,1 Hr,Valid
Banja Luka,PM2.5 - Principal,2022-02-12 02:00 PM,2022,02,12,14,8.4,35,Good,7.7,UG/M3,1 Hr,Valid
Banja Luka,PM2.5 - Principal,2022-02-12 03:00 PM,2022,02,12,15,7.8,33,Good,7.2,UG/M3,1 Hr,Valid
Banja Luka,PM2.5 - Principal,2022-02-12 04:00 PM,2022,02,12,16,7.2,30,Good,6.5,UG/M3,1 Hr,Valid
Banja Luka,PM2.5 - Principal,2022-02-12 05:00 PM,2022,02,12,17,7.7,32,Good,8.2,UG/M3,1 Hr,Valid
Banja Luka,PM2.5 - Principal,2022-02-12 06:00 PM,2022,02,12,18,11.2,47,Good,14.7,UG/M3,1 Hr,Valid
Banja Luka,PM2.5 - Principal,2022-02-12 07:00 PM,2022,02,12,19,83.3,165,Unhealthy,155.4,UG/M3,1 Hr,Valid
Banja Luka,PM2.5 - Principal,2022-02-12 08:00 PM,2022,02,12,20,128.0,188,Unhealthy,172.7,UG/M3,1 Hr,Valid
Banja Luka,PM2.5 - Principal,2022-02-12 09:00 PM,2022,02,12,21,139.1,194,Unhealthy,150.1,UG/M3,1 Hr,Valid
Banja Luka,PM2.5 - Principal,2022-02-12 10:00 PM,2022,02,12,22,152.3,203,Very Unhealthy,165.6,UG/M3,1 Hr,Valid
Banja Luka,PM2.5 - Principal,2022-02-12 11:00 PM,2022,02,12,23,177.3,228,Very Unhealthy,202.3,UG/M3,1 Hr,Valid
Banja Luka,PM2.5 - Principal,2022-02-13 12:00 AM,2022,02,13,00,162.6,213,Very Unhealthy,147.8,UG/M3,1 Hr,Valid
Banja Luka,PM2.5 - Principal,2022-02-13 01:00 AM,2022,02,13,01,142.0,196,Unhealthy,121.4,UG/M3,1 Hr,Valid
Banja Luka,PM2.5 - Principal,2022-02-13 02:00 AM,2022,02,13,02,121.4,185,Unhealthy,100.7,UG/M3,1 Hr,Valid
Banja Luka,PM2.5 - Principal,2022-02-13 03:00 AM,2022,02,13,03,105.6,177,Unhealthy,89.9,UG/M3,1 Hr,Valid
Banja Luka,PM2.5 - Principal,2022-02-13 04:00 AM,2022,02,13,04,93.3,171,Unhealthy,80.9,UG/M3,1 Hr,Valid
Banja Luka,PM2.5 - Principal,2022-02-13 05:00 AM,2022,02,13,05,76.7,162,Unhealthy,60.1,UG/M3,1 Hr,Valid
Banja Luka,PM2.5 - Principal,2022-02-13 06:00 AM,2022,02,13,06,63.0,155,Unhealthy,49.2,UG/M3,1 Hr,Valid
Banja Luka,PM2.5 - Principal,2022-02-13 07:00 AM,2022,02,13,07,55.9,151,Unhealthy,48.8,UG/M3,1 Hr,Valid
Banja Luka,PM2.5 - Principal,2022-02-13 08:00 AM,2022,02,13,08,56.8,152,Unhealthy,57.7,UG/M3,1 Hr,Valid
Banja Luka,PM2.5 - Principal,2022-02-13 09:00 AM,2022,02,13,09,69.8,158,Unhealthy,82.9,UG/M3,1 Hr,Valid
Banja Luka,PM2.5 - Principal,2022-02-13 10:00 AM,2022,02,13,10,83.3,165,Unhealthy,96.9,UG/M3,1 Hr,Valid
Banja Luka,PM2.5 - Principal,2022-02-13 11:00 AM,2022,02,13,11,66.4,157,Unhealthy,49.6,UG/M3,1 Hr,Valid
Banja Luka,PM2.5 - Principal,2022-02-13 12:00 PM,2022,02,13,12,56.1,151,Unhealthy,45.8,UG/M3,1 Hr,Valid
Banja Luka,PM2.5 - Principal,2022-02-13 01:00 PM,2022,02,13,13,53.6,146,Unhealthy for Sensitive Groups,51.2,UG/M3,1 Hr,Valid
Banja Luka,PM2.5 - Principal,2022-02-13 02:00 PM,2022,02,13,14,45.6,126,Unhealthy for Sensitive Groups,37.6,UG/M3,1 Hr,Valid
Banja Luka,PM2.5 - Principal,2022-02-13 03:00 PM,2022,02,13,15,39.9,112,Unhealthy for Sensitive Groups,34.2,UG/M3,1 Hr,Valid
Banja Luka,PM2.5 - Principal,2022-02-13 04:00 PM,2022,02,13,16,35.1,99,Moderate,30.2,UG/M3,1 Hr,Valid
Banja Luka,PM2.5 - Principal,2022-02-13 05:00 PM,2022,02,13,17,37.5,106,Unhealthy for Sensitive Groups,40.0,UG/M3,1 Hr,Valid
Banja Luka,PM2.5 - Principal,2022-02-13 06:00 PM,2022,02,13,18,55.7,151,Unhealthy,73.8,UG/M3,1 Hr,Valid
Banja Luka,PM2.5 - Principal,2022-02-13 07:00 PM,2022,02,13,19,126.0,187,Unhealthy,196.3,UG/M3,1 Hr,Valid
Banja Luka,PM2.5 - Principal,2022-02-13 08:00 PM,2022,02,13,20,146.6,198,Unhealthy,167.2,UG/M3,1 Hr,Valid
Banja Luka,PM2.5 - Principal,2022-02-13 09:00 PM,2022,02,13,21,156.5,207,Very Unhealthy,166.4,UG/M3,1 Hr,Valid
Banja Luka,PM2.5 - Principal,2022-02-13 10:00 PM,2022,02,13,22,178.0,228,Very Unhealthy,199.4,UG/M3,1 Hr,Valid
Banja Luka,PM2.5 - Principal,2022-02-13 11:00 PM,2022,02,13,23,172.7,223,Very Unhealthy,167.4,UG/M3,1 Hr,Valid
Banja Luka,PM2.5 - Principal,2022-02-14 12:00 AM,2022,02,14,00,149.6,200,Unhealthy,126.6,UG/M3,1 Hr,Valid
Banja Luka,PM2.5 - Principal,2022-02-14 01:00 AM,2022,02,14,01,146.6,198,Unhealthy,143.5,UG/M3,1 Hr,Valid
Banja Luka,PM2.5 - Principal,2022-02-14 02:00 AM,2022,02,14,02,124.0,186,Unhealthy,101.4,UG/M3,1 Hr,Valid
Banja Luka,PM2.5 - Principal,2022-02-14 03:00 AM,2022,02,14,03,102.1,175,Unhealthy,80.2,UG/M3,1 Hr,Valid
Banja Luka,PM2.5 - Principal,2022-02-14 04:00 AM,2022,02,14,04,85.6,167,Unhealthy,69.1,UG/M3,1 Hr,Valid
Banja Luka,PM2.5 - Principal,2022-02-14 05:00 AM,2022,02,14,05,77.3,162,Unhealthy,69.1,UG/M3,1 Hr,Valid
Banja Luka,PM2.5 - Principal,2022-02-14 06:00 AM,2022,02,14,06,76.0,162,Unhealthy,74.6,UG/M3,1 Hr,Valid
Banja Luka,PM2.5 - Principal,2022-02-14 07:00 AM,2022,02,14,07,81.1,164,Unhealthy,86.3,UG/M3,1 Hr,Valid
Banja Luka,PM2.5 - Principal,2022-02-14 08:00 AM,2022,02,14,08,78.0,163,Unhealthy,74.9,UG/M3,1 Hr,Valid
Banja Luka,PM2.5 - Principal,2022-02-14 09:00 AM,2022,02,14,09,116.0,182,Unhealthy,154.0,UG/M3,1 Hr,Valid
Banja Luka,PM2.5 - Principal,2022-02-14 10:00 AM,2022,02,14,10,169.9,220,Very Unhealthy,223.8,UG/M3,1 Hr,Valid
Banja Luka,PM2.5 - Principal,2022-02-14 11:00 AM,2022,02,14,11,194.3,244,Very Unhealthy,218.6,UG/M3,1 Hr,Valid
Banja Luka,PM2.5 - Principal,2022-02-14 12:00 PM,2022,02,14,12,185.8,236,Very Unhealthy,177.3,UG/M3,1 Hr,Valid
Banja Luka,PM2.5 - Principal,2022-02-14 01:00 PM,2022,02,14,13,132.4,191,Unhealthy,79.0,UG/M3,1 Hr,Valid
Banja Luka,PM2.5 - Principal,2022-02-14 02:00 PM,2022,02,14,14,95.3,172,Unhealthy,58.2,UG/M3,1 Hr,Valid
Banja Luka,PM2.5 - Principal,2022-02-14 03:00 PM,2022,02,14,15,82.9,165,Unhealthy,70.6,UG/M3,1 Hr,Valid
Banja Luka,PM2.5 - Principal,2022-02-14 04:00 PM,2022,02,14,16,98.2,173,Unhealthy,113.5,UG/M3,1 Hr,Valid
Banja Luka,PM2.5 - Principal,2022-02-14 05:00 PM,2022,02,14,17,102.9,175,Unhealthy,107.7,UG/M3,1 Hr,Valid
Banja Luka,PM2.5 - Principal,2022-02-14 06:00 PM,2022,02,14,18,122.2,185,Unhealthy,141.4,UG/M3,1 Hr,Valid
Banja Luka,PM2.5 - Principal,2022-02-14 07:00 PM,2022,02,14,19,122.2,185,Unhealthy,375.8,UG/M3,1 Hr,Invalid
Banja Luka,PM2.5 - Principal,2022-02-14 08:00 PM,2022,02,14,20,-999.0,-999,N/A,322.6,UG/M3,1 Hr,Invalid
Banja Luka,PM2.5 - Principal,2022-02-14 09:00 PM,2022,02,14,21,-999.0,-999,N/A,8.3,UG/M3,1 Hr,Valid
Banja Luka,PM2.5 - Principal,2022-02-14 10:00 PM,2022,02,14,22,17.0,61,Moderate,8.3,UG/M3,1 Hr,Valid
Banja Luka,PM2.5 - Principal,2022-02-14 11:00 PM,2022,02,14,23,11.7,49,Good,7.5,UG/M3,1 Hr,Valid
Banja Luka,PM2.5 - Principal,2022-02-15 12:00 AM,2022,02,15,00,9.5,40,Good,7.5,UG/M3,1 Hr,Valid
Banja Luka,PM2.5 - Principal,2022-02-15 01:00 AM,2022,02,15,01,8.6,36,Good,7.9,UG/M3,1 Hr,Valid
Banja Luka,PM2.5 - Principal,2022-02-15 02:00 AM,2022,02,15,02,8.3,35,Good,8.1,UG/M3,1 Hr,Valid
Banja Luka,PM2.5 - Principal,2022-02-15 03:00 AM,2022,02,15,03,9.9,41,Good,11.5,UG/M3,1 Hr,Valid
Banja Luka,PM2.5 - Principal,2022-02-15 04:00 AM,2022,02,15,04,8.1,34,Good,6.2,UG/M3,1 Hr,Valid
Banja Luka,PM2.5 - Principal,2022-02-15 05:00 AM,2022,02,15,05,15.7,59,Moderate,23.4,UG/M3,1 Hr,Valid
Banja Luka,PM2.5 - Principal,2022-02-15 06:00 AM,2022,02,15,06,21.5,71,Moderate,27.2,UG/M3,1 Hr,Valid
Banja Luka,PM2.5 - Principal,2022-02-15 07:00 AM,2022,02,15,07,22.1,72,Moderate,22.8,UG/M3,1 Hr,Valid
Banja Luka,PM2.5 - Principal,2022-02-15 08:00 AM,2022,02,15,08,69.5,158,Unhealthy,116.8,UG/M3,1 Hr,Valid
Banja Luka,PM2.5 - Principal,2022-02-15 09:00 AM,2022,02,15,09,51.9,141,Unhealthy for Sensitive Groups,34.3,UG/M3,1 Hr,Valid
Banja Luka,PM2.5 - Principal,2022-02-15 10:00 AM,2022,02,15,10,65.7,156,Unhealthy,79.4,UG/M3,1 Hr,Valid
Banja Luka,PM2.5 - Principal,2022-02-15 11:00 AM,2022,02,15,11,72.5,160,Unhealthy,79.4,UG/M3,1 Hr,Valid
Banja Luka,PM2.5 - Principal,2022-02-15 12:00 PM,2022,02,15,12,40.5,113,Unhealthy for Sensitive Groups,8.5,UG/M3,1 Hr,Valid
Banja Luka,PM2.5 - Principal,2022-02-15 01:00 PM,2022,02,15,13,24.2,76,Moderate,7.9,UG/M3,1 Hr,Valid
Banja Luka,PM2.5 - Principal,2022-02-15 02:00 PM,2022,02,15,14,15.7,59,Moderate,7.2,UG/M3,1 Hr,Valid
Banja Luka,PM2.5 - Principal,2022-02-15 03:00 PM,2022,02,15,15,11.4,48,Good,7.2,UG/M3,1 Hr,Valid
Banja Luka,PM2.5 - Principal,2022-02-15 04:00 PM,2022,02,15,16,10.1,42,Good,8.7,UG/M3,1 Hr,Valid
Banja Luka,PM2.5 - Principal,2022-02-15 05:00 PM,2022,02,15,17,9.4,39,Good,8.7,UG/M3,1 Hr,Valid
Banja Luka,PM2.5 - Principal,2022-02-15 06:00 PM,2022,02,15,18,12.8,52,Moderate,16.2,UG/M3,1 Hr,Valid
Banja Luka,PM2.5 - Principal,2022-02-15 07:00 PM,2022,02,15,19,14.5,56,Moderate,16.2,UG/M3,1 Hr,Valid
Banja Luka,PM2.5 - Principal,2022-02-15 08:00 PM,2022,02,15,20,35.8,102,Unhealthy for Sensitive Groups,57.1,UG/M3,1 Hr,Valid
Banja Luka,PM2.5 - Principal,2022-02-15 09:00 PM,2022,02,15,21,29.6,88,Moderate,23.4,UG/M3,1 Hr,Valid
Banja Luka,PM2.5 - Principal,2022-02-15 10:00 PM,2022,02,15,22,21.0,70,Moderate,12.3,UG/M3,1 Hr,Valid
Banja Luka,PM2.5 - Principal,2022-02-15 11:00 PM,2022,02,15,23,14.2,55,Moderate,7.4,UG/M3,1 Hr,Valid
Banja Luka,PM2.5 - Principal,2022-02-16 12:00 AM,2022,02,16,00,9.4,39,Good,4.6,UG/M3,1 Hr,Valid
Banja Luka,PM2.5 - Principal,2022-02-16 01:00 AM,2022,02,16,01,5.8,24,Good,2.2,UG/M3,1 Hr,Valid
Banja Luka,PM2.5 - Principal,2022-02-16 02:00 AM,2022,02,16,02,4.4,18,Good,3.0,UG/M3,1 Hr,Valid
Banja Luka,PM2.5 - Principal,2022-02-16 03:00 AM,2022,02,16,03,5.7,24,Good,7.1,UG/M3,1 Hr,Valid
Banja Luka,PM2.5 - Principal,2022-02-16 04:00 AM,2022,02,16,04,5.9,25,Good,6.1,UG/M3,1 Hr,Valid
Banja Luka,PM2.5 - Principal,2022-02-16 05:00 AM,2022,02,16,05,12.3,51,Moderate,18.8,UG/M3,1 Hr,Valid
Banja Luka,PM2.5 - Principal,2022-02-16 06:00 AM,2022,02,16,06,16.3,60,Moderate,20.3,UG/M3,1 Hr,Valid
Banja Luka,PM2.5 - Principal,2022-02-16 07:00 AM,2022,02,16,07,23.8,76,Moderate,31.4,UG/M3,1 Hr,Valid
Banja Luka,PM2.5 - Principal,2022-02-16 08:00 AM,2022,02,16,08,31.6,92,Moderate,39.3,UG/M3,1 Hr,Valid
Banja Luka,PM2.5 - Principal,2022-02-16 09:00 AM,2022,02,16,09,44.4,123,Unhealthy for Sensitive Groups,57.3,UG/M3,1 Hr,Valid
Banja Luka,PM2.5 - Principal,2022-02-16 10:00 AM,2022,02,16,10,29.6,88,Moderate,14.7,UG/M3,1 Hr,Valid
Banja Luka,PM2.5 - Principal,2022-02-16 11:00 AM,2022,02,16,11,19.9,67,Moderate,10.3,UG/M3,1 Hr,Valid
Banja Luka,PM2.5 - Principal,2022-02-16 12:00 PM,2022,02,16,12,14.2,55,Moderate,8.4,UG/M3,1 Hr,Valid
Banja Luka,PM2.5 - Principal,2022-02-16 01:00 PM,2022,02,16,13,10.0,42,Good,5.8,UG/M3,1 Hr,Valid
Banja Luka,PM2.5 - Principal,2022-02-16 02:00 PM,2022,02,16,14,7.9,33,Good,5.8,UG/M3,1 Hr,Valid
Banja Luka,PM2.5 - Principal,2022-02-16 03:00 PM,2022,02,16,15,8.9,37,Good,9.9,UG/M3,1 Hr,Valid
Banja Luka,PM2.5 - Principal,2022-02-16 04:00 PM,2022,02,16,16,10.2,43,Good,11.4,UG/M3,1 Hr,Valid
Banja Luka,PM2.5 - Principal,2022-02-16 05:00 PM,2022,02,16,17,10.8,45,Good,11.4,UG/M3,1 Hr,Valid
Banja Luka,PM2.5 - Principal,2022-02-16 06:00 PM,2022,02,16,18,33.1,95,Moderate,55.4,UG/M3,1 Hr,Valid
Banja Luka,PM2.5 - Principal,2022-02-16 07:00 PM,2022,02,16,19,40.7,114,Unhealthy for Sensitive Groups,48.3,UG/M3,1 Hr,Valid
Banja Luka,PM2.5 - Principal,2022-02-16 08:00 PM,2022,02,16,20,112.3,180,Unhealthy,183.8,UG/M3,1 Hr,Valid
Banja Luka,PM2.5 - Principal,2022-02-16 09:00 PM,2022,02,16,21,129.5,189,Unhealthy,146.8,UG/M3,1 Hr,Valid
Banja Luka,PM2.5 - Principal,2022-02-16 10:00 PM,2022,02,16,22,137.4,193,Unhealthy,145.3,UG/M3,1 Hr,Valid
Banja Luka,PM2.5 - Principal,2022-02-16 11:00 PM,2022,02,16,23,120.2,184,Unhealthy,103.0,UG/M3,1 Hr,Valid
Banja Luka,PM2.5 - Principal,2022-02-17 12:00 AM,2022,02,17,00,111.6,180,Unhealthy,103.0,UG/M3,1 Hr,Valid
Banja Luka,PM2.5 - Principal,2022-02-17 01:00 AM,2022,02,17,01,66.3,157,Unhealthy,21.0,UG/M3,1 Hr,Valid
Banja Luka,PM2.5 - Principal,2022-02-17 02:00 AM,2022,02,17,02,66.3,157,Unhealthy,-999.0,UG/M3,1 Hr,Missing
Banja Luka,PM2.5 - Principal,2022-02-24 11:00 AM,2022,02,24,11,-999.0,-999,N/A,19.0,UG/M3,1 Hr,Valid
Banja Luka,PM2.5 - Principal,2022-02-24 12:00 PM,2022,02,24,12,15.7,59,Moderate,13.4,UG/M3,1 Hr,Valid
Banja Luka,PM2.5 - Principal,2022-02-24 01:00 PM,2022,02,24,13,11.8,49,Good,9.3,UG/M3,1 Hr,Valid
Banja Luka,PM2.5 - Principal,2022-02-24 02:00 PM,2022,02,24,14,11.1,46,Good,10.6,UG/M3,1 Hr,Valid
Banja Luka,PM2.5 - Principal,2022-02-24 03:00 PM,2022,02,24,15,9.2,38,Good,7.4,UG/M3,1 Hr,Valid
Banja Luka,PM2.5 - Principal,2022-02-24 04:00 PM,2022,02,24,16,7.5,31,Good,5.9,UG/M3,1 Hr,Valid
Banja Luka,PM2.5 - Principal,2022-02-24 05:00 PM,2022,02,24,17,8.4,35,Good,9.2,UG/M3,1 Hr,Valid
Banja Luka,PM2.5 - Principal,2022-02-24 06:00 PM,2022,02,24,18,19.4,66,Moderate,30.2,UG/M3,1 Hr,Valid
Banja Luka,PM2.5 - Principal,2022-02-24 07:00 PM,2022,02,24,19,79.0,163,Unhealthy,138.3,UG/M3,1 Hr,Valid
Banja Luka,PM2.5 - Principal,2022-02-24 08:00 PM,2022,02,24,20,139.4,194,Unhealthy,199.7,UG/M3,1 Hr,Valid
Banja Luka,PM2.5 - Principal,2022-02-24 09:00 PM,2022,02,24,21,129.3,189,Unhealthy,119.1,UG/M3,1 Hr,Valid
Banja Luka,PM2.5 - Principal,2022-02-24 10:00 PM,2022,02,24,22,131.8,190,Unhealthy,134.3,UG/M3,1 Hr,Valid
Banja Luka,PM2.5 - Principal,2022-02-24 11:00 PM,2022,02,24,23,123.9,186,Unhealthy,116.0,UG/M3,1 Hr,Valid
Banja Luka,PM2.5 - Principal,2022-02-25 12:00 AM,2022,02,25,00,137.0,193,Unhealthy,150.0,UG/M3,1 Hr,Valid
Banja Luka,PM2.5 - Principal,2022-02-25 01:00 AM,2022,02,25,01,119.6,184,Unhealthy,102.2,UG/M3,1 Hr,Valid
Banja Luka,PM2.5 - Principal,2022-02-25 02:00 AM,2022,02,25,02,97.2,173,Unhealthy,74.7,UG/M3,1 Hr,Valid
Banja Luka,PM2.5 - Principal,2022-02-25 03:00 AM,2022,02,25,03,74.5,161,Unhealthy,51.9,UG/M3,1 Hr,Valid
Banja Luka,PM2.5 - Principal,2022-02-25 04:00 AM,2022,02,25,04,70.7,159,Unhealthy,66.9,UG/M3,1 Hr,Valid
Banja Luka,PM2.5 - Principal,2022-02-25 05:00 AM,2022,02,25,05,65.1,156,Unhealthy,59.5,UG/M3,1 Hr,Valid
Banja Luka,PM2.5 - Principal,2022-02-25 06:00 AM,2022,02,25,06,51.7,141,Unhealthy for Sensitive Groups,38.2,UG/M3,1 Hr,Valid
Banja Luka,PM2.5 - Principal,2022-02-25 07:00 AM,2022,02,25,07,51.5,140,Unhealthy for Sensitive Groups,51.4,UG/M3,1 Hr,Valid
Banja Luka,PM2.5 - Principal,2022-02-25 08:00 AM,2022,02,25,08,56.9,152,Unhealthy,62.4,UG/M3,1 Hr,Valid
Banja Luka,PM2.5 - Principal,2022-02-25 09:00 AM,2022,02,25,09,42.2,117,Unhealthy for Sensitive Groups,27.4,UG/M3,1 Hr,Valid
Banja Luka,PM2.5 - Principal,2022-02-25 10:00 AM,2022,02,25,10,36.7,104,Unhealthy for Sensitive Groups,31.2,UG/M3,1 Hr,Valid
Banja Luka,PM2.5 - Principal,2022-02-25 11:00 AM,2022,02,25,11,30.5,90,Moderate,24.3,UG/M3,1 Hr,Valid
Banja Luka,PM2.5 - Principal,2022-02-25 12:00 PM,2022,02,25,12,20.1,68,Moderate,9.8,UG/M3,1 Hr,Valid
Banja Luka,PM2.5 - Principal,2022-02-25 01:00 PM,2022,02,25,13,14.5,56,Moderate,9.0,UG/M3,1 Hr,Valid
Banja Luka,PM2.5 - Principal,2022-02-25 02:00 PM,2022,02,25,14,13.7,54,Moderate,13.0,UG/M3,1 Hr,Valid
Banja Luka,PM2.5 - Principal,2022-02-25 03:00 PM,2022,02,25,15,12.1,51,Moderate,10.6,UG/M3,1 Hr,Valid
Banja Luka,PM2.5 - Principal,2022-02-25 04:00 PM,2022,02,25,16,11.8,49,Good,11.4,UG/M3,1 Hr,Valid
Banja Luka,PM2.5 - Principal,2022-02-25 05:00 PM,2022,02,25,17,11.1,46,Good,10.5,UG/M3,1 Hr,Valid
Banja Luka,PM2.5 - Principal,2022-02-25 06:00 PM,2022,02,25,18,9.3,39,Good,7.4,UG/M3,1 Hr,Valid
Banja Luka,PM2.5 - Principal,2022-02-25 07:00 PM,2022,02,25,19,11.4,48,Good,13.5,UG/M3,1 Hr,Valid
Banja Luka,PM2.5 - Principal,2022-02-25 08:00 PM,2022,02,25,20,11.3,47,Good,11.2,UG/M3,1 Hr,Valid
Banja Luka,PM2.5 - Principal,2022-02-25 09:00 PM,2022,02,25,21,10.5,44,Good,9.8,UG/M3,1 Hr,Valid
Banja Luka,PM2.5 - Principal,2022-02-25 10:00 PM,2022,02,25,22,13.2,53,Moderate,16.0,UG/M3,1 Hr,Valid
Banja Luka,PM2.5 - Principal,2022-02-25 11:00 PM,2022,02,25,23,18.6,65,Moderate,24.0,UG/M3,1 Hr,Valid
Banja Luka,PM2.5 - Principal,2022-02-26 12:00 AM,2022,02,26,00,23.5,75,Moderate,28.4,UG/M3,1 Hr,Valid
Banja Luka,PM2.5 - Principal,2022-02-26 01:00 AM,2022,02,26,01,22.2,72,Moderate,20.8,UG/M3,1 Hr,Valid
Banja Luka,PM2.5 - Principal,2022-02-26 02:00 AM,2022,02,26,02,28.0,84,Moderate,33.9,UG/M3,1 Hr,Valid
Banja Luka,PM2.5 - Principal,2022-02-26 03:00 AM,2022,02,26,03,19.3,66,Moderate,10.5,UG/M3,1 Hr,Valid
Banja Luka,PM2.5 - Principal,2022-02-26 04:00 AM,2022,02,26,04,16.9,61,Moderate,14.4,UG/M3,1 Hr,Valid
Banja Luka,PM2.5 - Principal,2022-02-26 05:00 AM,2022,02,26,05,16.7,61,Moderate,16.5,UG/M3,1 Hr,Valid
Banja Luka,PM2.5 - Principal,2022-02-26 06:00 AM,2022,02,26,06,17.6,63,Moderate,18.4,UG/M3,1 Hr,Valid
Banja Luka,PM2.5 - Principal,2022-02-26 07:00 AM,2022,02,26,07,17.5,62,Moderate,17.4,UG/M3,1 Hr,Valid
Banja Luka,PM2.5 - Principal,2022-02-26 08:00 AM,2022,02,26,08,14.7,56,Moderate,12.0,UG/M3,1 Hr,Valid
Banja Luka,PM2.5 - Principal,2022-02-26 09:00 AM,2022,02,26,09,18.7,65,Moderate,22.6,UG/M3,1 Hr,Valid
Banja Luka,PM2.5 - Principal,2022-02-26 10:00 AM,2022,02,26,10,17.2,62,Moderate,15.7,UG/M3,1 Hr,Valid
Banja Luka,PM2.5 - Principal,2022-02-26 11:00 AM,2022,02,26,11,15.6,58,Moderate,13.9,UG/M3,1 Hr,Valid
Banja Luka,PM2.5 - Principal,2022-02-26 12:00 PM,2022,02,26,12,15.9,59,Moderate,16.2,UG/M3,1 Hr,Valid
Banja Luka,PM2.5 - Principal,2022-02-26 01:00 PM,2022,02,26,13,26.6,81,Moderate,37.3,UG/M3,1 Hr,Valid
Banja Luka,PM2.5 - Principal,2022-02-26 02:00 PM,2022,02,26,14,35.8,102,Unhealthy for Sensitive Groups,45.1,UG/M3,1 Hr,Valid
Banja Luka,PM2.5 - Principal,2022-02-26 03:00 PM,2022,02,26,15,31.3,91,Moderate,26.7,UG/M3,1 Hr,Valid
Banja Luka,PM2.5 - Principal,2022-02-26 04:00 PM,2022,02,26,16,41.1,115,Unhealthy for Sensitive Groups,51.0,UG/M3,1 Hr,Valid
Banja Luka,PM2.5 - Principal,2022-02-26 05:00 PM,2022,02,26,17,37.9,107,Unhealthy for Sensitive Groups,34.7,UG/M3,1 Hr,Valid
Banja Luka,PM2.5 - Principal,2022-02-26 06:00 PM,2022,02,26,18,39.7,111,Unhealthy for Sensitive Groups,41.5,UG/M3,1 Hr,Valid
Banja Luka,PM2.5 - Principal,2022-02-26 07:00 PM,2022,02,26,19,42.1,117,Unhealthy for Sensitive Groups,44.6,UG/M3,1 Hr,Valid
Banja Luka,PM2.5 - Principal,2022-02-26 08:00 PM,2022,02,26,20,40.9,114,Unhealthy for Sensitive Groups,39.6,UG/M3,1 Hr,Valid
Banja Luka,PM2.5 - Principal,2022-02-26 09:00 PM,2022,02,26,21,67.6,157,Unhealthy,94.3,UG/M3,1 Hr,Valid
Banja Luka,PM2.5 - Principal,2022-02-26 10:00 PM,2022,02,26,22,80.9,164,Unhealthy,94.2,UG/M3,1 Hr,Valid
Banja Luka,PM2.5 - Principal,2022-02-26 11:00 PM,2022,02,26,23,85.3,166,Unhealthy,89.7,UG/M3,1 Hr,Valid
Banja Luka,PM2.5 - Principal,2022-02-27 12:00 AM,2022,02,27,00,59.6,153,Unhealthy,33.8,UG/M3,1 Hr,Valid
Banja Luka,PM2.5 - Principal,2022-02-27 01:00 AM,2022,02,27,01,39.0,110,Unhealthy for Sensitive Groups,18.5,UG/M3,1 Hr,Valid
Banja Luka,PM2.5 - Principal,2022-02-27 02:00 AM,2022,02,27,02,27.4,83,Moderate,15.7,UG/M3,1 Hr,Valid
Banja Luka,PM2.5 - Principal,2022-02-27 03:00 AM,2022,02,27,03,21.6,71,Moderate,15.9,UG/M3,1 Hr,Valid
Banja Luka,PM2.5 - Principal,2022-02-27 04:00 AM,2022,02,27,04,16.6,60,Moderate,11.5,UG/M3,1 Hr,Valid
Banja Luka,PM2.5 - Principal,2022-02-27 05:00 AM,2022,02,27,05,14.6,56,Moderate,12.6,UG/M3,1 Hr,Valid
Banja Luka,PM2.5 - Principal,2022-02-27 06:00 AM,2022,02,27,06,14.3,56,Moderate,14.0,UG/M3,1 Hr,Valid
Banja Luka,PM2.5 - Principal,2022-02-27 07:00 AM,2022,02,27,07,14.6,56,Moderate,14.9,UG/M3,1 Hr,Valid
Banja Luka,PM2.5 - Principal,2022-02-27 08:00 AM,2022,02,27,08,16.2,60,Moderate,17.9,UG/M3,1 Hr,Valid
Banja Luka,PM2.5 - Principal,2022-02-27 09:00 AM,2022,02,27,09,21.2,70,Moderate,26.2,UG/M3,1 Hr,Valid
Banja Luka,PM2.5 - Principal,2022-02-27 10:00 AM,2022,02,27,10,28.6,86,Moderate,36.0,UG/M3,1 Hr,Valid
Banja Luka,PM2.5 - Principal,2022-02-27 11:00 AM,2022,02,27,11,35.7,101,Unhealthy for Sensitive Groups,42.7,UG/M3,1 Hr,Valid
Banja Luka,PM2.5 - Principal,2022-02-27 12:00 PM,2022,02,27,12,47.6,131,Unhealthy for Sensitive Groups,59.6,UG/M3,1 Hr,Valid
Banja Luka,PM2.5 - Principal,2022-02-27 01:00 PM,2022,02,27,13,52.4,143,Unhealthy for Sensitive Groups,57.2,UG/M3,1 Hr,Valid
Banja Luka,PM2.5 - Principal,2022-02-27 02:00 PM,2022,02,27,14,59.4,153,Unhealthy,66.4,UG/M3,1 Hr,Valid
Banja Luka,PM2.5 - Principal,2022-02-27 03:00 PM,2022,02,27,15,76.1,162,Unhealthy,92.8,UG/M3,1 Hr,Valid
Banja Luka,PM2.5 - Principal,2022-02-27 04:00 PM,2022,02,27,16,58.3,152,Unhealthy,40.5,UG/M3,1 Hr,Valid
Banja Luka,PM2.5 - Principal,2022-02-27 05:00 PM,2022,02,27,17,46.6,128,Unhealthy for Sensitive Groups,35.0,UG/M3,1 Hr,Valid
Banja Luka,PM2.5 - Principal,2022-02-27 06:00 PM,2022,02,27,18,37.3,105,Unhealthy for Sensitive Groups,28.0,UG/M3,1 Hr,Valid
Banja Luka,PM2.5 - Principal,2022-02-27 07:00 PM,2022,02,27,19,33.9,97,Moderate,30.5,UG/M3,1 Hr,Valid
Banja Luka,PM2.5 - Principal,2022-02-27 08:00 PM,2022,02,27,20,44.2,122,Unhealthy for Sensitive Groups,54.4,UG/M3,1 Hr,Valid
Banja Luka,PM2.5 - Principal,2022-02-27 09:00 PM,2022,02,27,21,46.5,128,Unhealthy for Sensitive Groups,48.8,UG/M3,1 Hr,Valid
Banja Luka,PM2.5 - Principal,2022-02-27 10:00 PM,2022,02,27,22,67.2,157,Unhealthy,87.9,UG/M3,1 Hr,Valid
Banja Luka,PM2.5 - Principal,2022-02-27 11:00 PM,2022,02,27,23,82.8,165,Unhealthy,98.4,UG/M3,1 Hr,Valid
Banja Luka,PM2.5 - Principal,2022-02-28 12:00 AM,2022,02,28,00,55.5,151,Unhealthy,28.2,UG/M3,1 Hr,Valid
Banja Luka,PM2.5 - Principal,2022-02-28 01:00 AM,2022,02,28,01,42.2,117,Unhealthy for Sensitive Groups,29.0,UG/M3,1 Hr,Valid
Banja Luka,PM2.5 - Principal,2022-02-28 02:00 AM,2022,02,28,02,30.6,90,Moderate,18.9,UG/M3,1 Hr,Valid
Banja Luka,PM2.5 - Principal,2022-02-28 03:00 AM,2022,02,28,03,24.6,77,Moderate,18.6,UG/M3,1 Hr,Valid
Banja Luka,PM2.5 - Principal,2022-02-28 04:00 AM,2022,02,28,04,24.7,77,Moderate,24.8,UG/M3,1 Hr,Valid
Banja Luka,PM2.5 - Principal,2022-02-28 05:00 AM,2022,02,28,05,26.9,82,Moderate,29.2,UG/M3,1 Hr,Valid
Banja Luka,PM2.5 - Principal,2022-02-28 06:00 AM,2022,02,28,06,24.8,78,Moderate,22.7,UG/M3,1 Hr,Valid
Banja Luka,PM2.5 - Principal,2022-02-28 07:00 AM,2022,02,28,07,25.5,79,Moderate,26.2,UG/M3,1 Hr,Valid
Banja Luka,PM2.5 - Principal,2022-02-28 08:00 AM,2022,02,28,08,26.3,81,Moderate,27.0,UG/M3,1 Hr,Valid
Banja Luka,PM2.5 - Principal,2022-02-28 09:00 AM,2022,02,28,09,26.6,81,Moderate,27.0,UG/M3,1 Hr,Valid
Banja Luka,PM2.5 - Principal,2022-02-28 10:00 AM,2022,02,28,10,28.7,86,Moderate,30.8,UG/M3,1 Hr,Valid
Banja Luka,PM2.5 - Principal,2022-02-28 11:00 AM,2022,02,28,11,26.5,81,Moderate,24.2,UG/M3,1 Hr,Valid
Banja Luka,PM2.5 - Principal,2022-02-28 12:00 PM,2022,02,28,12,28.0,84,Moderate,30.2,UG/M3,1 Hr,Valid
Banja Luka,PM2.5 - Principal,2022-02-28 01:00 PM,2022,02,28,13,33.2,95,Moderate,38.0,UG/M3,1 Hr,Valid
Banja Luka,PM2.5 - Principal,2022-02-28 02:00 PM,2022,02,28,14,26.8,82,Moderate,20.5,UG/M3,1 Hr,Valid
Banja Luka,PM2.5 - Principal,2022-02-28 03:00 PM,2022,02,28,15,25.7,80,Moderate,24.1,UG/M3,1 Hr,Valid
Banja Luka,PM2.5 - Principal,2022-02-28 04:00 PM,2022,02,28,16,33.7,96,Moderate,41.9,UG/M3,1 Hr,Valid
Banja Luka,PM2.5 - Principal,2022-02-28 05:00 PM,2022,02,28,17,34.5,98,Moderate,35.4,UG/M3,1 Hr,Valid
Banja Luka,PM2.5 - Principal,2022-02-28 06:00 PM,2022,02,28,18,38.2,108,Unhealthy for Sensitive Groups,41.8,UG/M3,1 Hr,Valid
Banja Luka,PM2.5 - Principal,2022-02-28 07:00 PM,2022,02,28,19,40.8,114,Unhealthy for Sensitive Groups,43.5,UG/M3,1 Hr,Valid
Banja Luka,PM2.5 - Principal,2022-02-28 08:00 PM,2022,02,28,20,58.1,152,Unhealthy,75.3,UG/M3,1 Hr,Valid
Banja Luka,PM2.5 - Principal,2022-02-28 09:00 PM,2022,02,28,21,69.6,158,Unhealthy,81.1,UG/M3,1 Hr,Valid
Banja Luka,PM2.5 - Principal,2022-02-28 10:00 PM,2022,02,28,22,62.0,154,Unhealthy,54.4,UG/M3,1 Hr,Valid
Banja Luka,PM2.5 - Principal,2022-02-28 11:00 PM,2022,02,28,23,62.0,154,Unhealthy,62.0,UG/M3,1 Hr,Valid
Banja Luka,PM2.5 - Principal,2022-03-01 12:00 AM,2022,03,01,00,45.5,126,Unhealthy for Sensitive Groups,29.0,UG/M3,1 Hr,Valid
Banja Luka,PM2.5 - Principal,2022-03-01 01:00 AM,2022,03,01,01,32.7,94,Moderate,19.9,UG/M3,1 Hr,Valid
Banja Luka,PM2.5 - Principal,2022-03-01 02:00 AM,2022,03,01,02,29.1,87,Moderate,25.4,UG/M3,1 Hr,Valid
Banja Luka,PM2.5 - Principal,2022-03-01 03:00 AM,2022,03,01,03,24.5,77,Moderate,19.8,UG/M3,1 Hr,Valid
Banja Luka,PM2.5 - Principal,2022-03-01 04:00 AM,2022,03,01,04,22.8,74,Moderate,21.2,UG/M3,1 Hr,Valid
Banja Luka,PM2.5 - Principal,2022-03-01 05:00 AM,2022,03,01,05,21.0,70,Moderate,19.1,UG/M3,1 Hr,Valid
Banja Luka,PM2.5 - Principal,2022-03-01 06:00 AM,2022,03,01,06,18.6,65,Moderate,16.3,UG/M3,1 Hr,Valid
Banja Luka,PM2.5 - Principal,2022-03-01 07:00 AM,2022,03,01,07,19.8,67,Moderate,20.9,UG/M3,1 Hr,Valid
Banja Luka,PM2.5 - Principal,2022-03-01 08:00 AM,2022,03,01,08,27.3,83,Moderate,34.7,UG/M3,1 Hr,Valid
Banja Luka,PM2.5 - Principal,2022-03-01 09:00 AM,2022,03,01,09,35.3,100,Moderate,43.3,UG/M3,1 Hr,Valid
Banja Luka,PM2.5 - Principal,2022-03-01 10:00 AM,2022,03,01,10,34.9,99,Moderate,34.5,UG/M3,1 Hr,Valid
Banja Luka,PM2.5 - Principal,2022-03-01 11:00 AM,2022,03,01,11,28.2,85,Moderate,21.5,UG/M3,1 Hr,Valid
Banja Luka,PM2.5 - Principal,2022-03-01 12:00 PM,2022,03,01,12,26.1,80,Moderate,23.9,UG/M3,1 Hr,Valid
Banja Luka,PM2.5 - Principal,2022-03-01 01:00 PM,2022,03,01,13,25.4,79,Moderate,24.8,UG/M3,1 Hr,Valid
Banja Luka,PM2.5 - Principal,2022-03-01 02:00 PM,2022,03,01,14,27.3,83,Moderate,29.1,UG/M3,1 Hr,Valid
Banja Luka,PM2.5 - Principal,2022-03-01 03:00 PM,2022,03,01,15,27.2,83,Moderate,27.1,UG/M3,1 Hr,Valid
Banja Luka,PM2.5 - Principal,2022-03-01 04:00 PM,2022,03,01,16,28.3,85,Moderate,29.4,UG/M3,1 Hr,Valid
Banja Luka,PM2.5 - Principal,2022-03-01 05:00 PM,2022,03,01,17,29.6,88,Moderate,31.0,UG/M3,1 Hr,Valid
Banja Luka,PM2.5 - Principal,2022-03-01 06:00 PM,2022,03,01,18,33.1,95,Moderate,36.5,UG/M3,1 Hr,Valid
Banja Luka,PM2.5 - Principal,2022-03-01 07:00 PM,2022,03,01,19,35.4,100,Moderate,37.6,UG/M3,1 Hr,Valid
Banja Luka,PM2.5 - Principal,2022-03-01 08:00 PM,2022,03,01,20,34.9,99,Moderate,34.5,UG/M3,1 Hr,Valid
Banja Luka,PM2.5 - Principal,2022-03-01 09:00 PM,2022,03,01,21,34.7,99,Moderate,34.8,UG/M3,1 Hr,Valid
Banja Luka,PM2.5 - Principal,2022-03-01 10:00 PM,2022,03,01,22,33.6,96,Moderate,32.3,UG/M3,1 Hr,Valid
Banja Luka,PM2.5 - Principal,2022-03-01 11:00 PM,2022,03,01,23,33.2,95,Moderate,32.5,UG/M3,1 Hr,Valid
Banja Luka,PM2.5 - Principal,2022-03-02 12:00 AM,2022,03,02,00,31.3,91,Moderate,27.6,UG/M3,1 Hr,Valid
Banja Luka,PM2.5 - Principal,2022-03-02 01:00 AM,2022,03,02,01,30.8,90,Moderate,28.6,UG/M3,1 Hr,Valid
Banja Luka,PM2.5 - Principal,2022-03-02 02:00 AM,2022,03,02,02,27.4,83,Moderate,23.2,UG/M3,1 Hr,Valid
Banja Luka,PM2.5 - Principal,2022-03-02 03:00 AM,2022,03,02,03,25.3,79,Moderate,22.4,UG/M3,1 Hr,Valid
Banja Luka,PM2.5 - Principal,2022-03-02 04:00 AM,2022,03,02,04,24.1,76,Moderate,22.4,UG/M3,1 Hr,Valid
Banja Luka,PM2.5 - Principal,2022-03-02 05:00 AM,2022,03,02,05,20.5,69,Moderate,17.7,UG/M3,1 Hr,Valid
Banja Luka,PM2.5 - Principal,2022-03-02 06:00 AM,2022,03,02,06,18.9,65,Moderate,17.3,UG/M3,1 Hr,Valid
Banja Luka,PM2.5 - Principal,2022-03-02 07:00 AM,2022,03,02,07,19.0,66,Moderate,19.2,UG/M3,1 Hr,Valid
Banja Luka,PM2.5 - Principal,2022-03-02 08:00 AM,2022,03,02,08,21.2,70,Moderate,23.3,UG/M3,1 Hr,Valid
Banja Luka,PM2.5 - Principal,2022-03-02 09:00 AM,2022,03,02,09,21.8,71,Moderate,22.7,UG/M3,1 Hr,Valid
Banja Luka,PM2.5 - Principal,2022-03-02 10:00 AM,2022,03,02,10,20.7,69,Moderate,19.4,UG/M3,1 Hr,Valid
Banja Luka,PM2.5 - Principal,2022-03-02 11:00 AM,2022,03,02,11,19.3,66,Moderate,17.0,UG/M3,1 Hr,Valid
Banja Luka,PM2.5 - Principal,2022-03-02 12:00 PM,2022,03,02,12,18.3,64,Moderate,16.9,UG/M3,1 Hr,Valid
Banja Luka,PM2.5 - Principal,2022-03-02 01:00 PM,2022,03,02,13,17.8,63,Moderate,15.9,UG/M3,1 Hr,Valid
Banja Luka,PM2.5 - Principal,2022-03-02 02:00 PM,2022,03,02,14,20.0,68,Moderate,24.5,UG/M3,1 Hr,Valid
Banja Luka,PM2.5 - Principal,2022-03-02 03:00 PM,2022,03,02,15,20.2,68,Moderate,20.5,UG/M3,1 Hr,Valid
Banja Luka,PM2.5 - Principal,2022-03-02 04:00 PM,2022,03,02,16,18.6,65,Moderate,15.7,UG/M3,1 Hr,Valid
Banja Luka,PM2.5 - Principal,2022-03-02 05:00 PM,2022,03,02,17,18.9,65,Moderate,19.5,UG/M3,1 Hr,Valid
Banja Luka,PM2.5 - Principal,2022-03-02 06:00 PM,2022,03,02,18,42.1,117,Unhealthy for Sensitive Groups,65.3,UG/M3,1 Hr,Valid
Banja Luka,PM2.5 - Principal,2022-03-02 07:00 PM,2022,03,02,19,109.3,179,Unhealthy,176.6,UG/M3,1 Hr,Valid
Banja Luka,PM2.5 - Principal,2022-03-02 08:00 PM,2022,03,02,20,127.6,188,Unhealthy,145.8,UG/M3,1 Hr,Valid
Banja Luka,PM2.5 - Principal,2022-03-02 09:00 PM,2022,03,02,21,152.8,203,Very Unhealthy,177.9,UG/M3,1 Hr,Valid
Banja Luka,PM2.5 - Principal,2022-03-02 10:00 PM,2022,03,02,22,130.1,190,Unhealthy,107.5,UG/M3,1 Hr,Valid
Banja Luka,PM2.5 - Principal,2022-03-02 11:00 PM,2022,03,02,23,78.6,163,Unhealthy,27.0,UG/M3,1 Hr,Valid
Banja Luka,PM2.5 - Principal,2022-03-03 12:00 AM,2022,03,03,00,51.4,140,Unhealthy for Sensitive Groups,24.2,UG/M3,1 Hr,Valid
Banja Luka,PM2.5 - Principal,2022-03-03 01:00 AM,2022,03,03,01,39.8,112,Unhealthy for Sensitive Groups,28.3,UG/M3,1 Hr,Valid
Banja Luka,PM2.5 - Principal,2022-03-03 02:00 AM,2022,03,03,02,30.1,89,Moderate,20.4,UG/M3,1 Hr,Valid
Banja Luka,PM2.5 - Principal,2022-03-03 03:00 AM,2022,03,03,03,33.6,96,Moderate,37.0,UG/M3,1 Hr,Valid
Banja Luka,PM2.5 - Principal,2022-03-03 04:00 AM,2022,03,03,04,28.3,85,Moderate,23.0,UG/M3,1 Hr,Valid
Banja Luka,PM2.5 - Principal,2022-03-03 05:00 AM,2022,03,03,05,23.1,74,Moderate,17.9,UG/M3,1 Hr,Valid
Banja Luka,PM2.5 - Principal,2022-03-03 06:00 AM,2022,03,03,06,24.8,78,Moderate,26.5,UG/M3,1 Hr,Valid
Banja Luka,PM2.5 - Principal,2022-03-03 07:00 AM,2022,03,03,07,22.9,74,Moderate,21.0,UG/M3,1 Hr,Valid
Banja Luka,PM2.5 - Principal,2022-03-03 08:00 AM,2022,03,03,08,29.1,87,Moderate,35.3,UG/M3,1 Hr,Valid
Banja Luka,PM2.5 - Principal,2022-03-03 09:00 AM,2022,03,03,09,26.8,82,Moderate,24.6,UG/M3,1 Hr,Valid
Banja Luka,PM2.5 - Principal,2022-03-03 10:00 AM,2022,03,03,10,23.8,76,Moderate,20.9,UG/M3,1 Hr,Valid
Banja Luka,PM2.5 - Principal,2022-03-03 11:00 AM,2022,03,03,11,21.1,70,Moderate,18.4,UG/M3,1 Hr,Valid
Banja Luka,PM2.5 - Principal,2022-03-03 12:00 PM,2022,03,03,12,26.2,81,Moderate,31.3,UG/M3,1 Hr,Valid
Banja Luka,PM2.5 - Principal,2022-03-03 01:00 PM,2022,03,03,13,22.6,73,Moderate,18.9,UG/M3,1 Hr,Valid
Banja Luka,PM2.5 - Principal,2022-03-03 02:00 PM,2022,03,03,14,18.8,65,Moderate,15.0,UG/M3,1 Hr,Valid
Banja Luka,PM2.5 - Principal,2022-03-03 03:00 PM,2022,03,03,15,16.5,60,Moderate,14.2,UG/M3,1 Hr,Valid
Banja Luka,PM2.5 - Principal,2022-03-03 04:00 PM,2022,03,03,16,15.4,58,Moderate,14.3,UG/M3,1 Hr,Valid
Banja Luka,PM2.5 - Principal,2022-03-03 05:00 PM,2022,03,03,17,15.4,58,Moderate,15.5,UG/M3,1 Hr,Valid
Banja Luka,PM2.5 - Principal,2022-03-03 06:00 PM,2022,03,03,18,44.7,124,Unhealthy for Sensitive Groups,74.0,UG/M3,1 Hr,Valid
Banja Luka,PM2.5 - Principal,2022-03-03 07:00 PM,2022,03,03,19,101.7,175,Unhealthy,158.6,UG/M3,1 Hr,Valid
Banja Luka,PM2.5 - Principal,2022-03-03 08:00 PM,2022,03,03,20,151.5,202,Very Unhealthy,201.2,UG/M3,1 Hr,Valid
Banja Luka,PM2.5 - Principal,2022-03-03 09:00 PM,2022,03,03,21,148.0,199,Unhealthy,144.5,UG/M3,1 Hr,Valid
Banja Luka,PM2.5 - Principal,2022-03-03 10:00 PM,2022,03,03,22,159.3,210,Very Unhealthy,170.6,UG/M3,1 Hr,Valid
Banja Luka,PM2.5 - Principal,2022-03-03 11:00 PM,2022,03,03,23,167.6,218,Very Unhealthy,175.8,UG/M3,1 Hr,Valid
Banja Luka,PM2.5 - Principal,2022-03-04 12:00 AM,2022,03,04,00,127.2,188,Unhealthy,86.8,UG/M3,1 Hr,Valid
Banja Luka,PM2.5 - Principal,2022-03-04 01:00 AM,2022,03,04,01,72.1,160,Unhealthy,17.0,UG/M3,1 Hr,Valid
Banja Luka,PM2.5 - Principal,2022-03-04 02:00 AM,2022,03,04,02,45.0,124,Unhealthy for Sensitive Groups,17.9,UG/M3,1 Hr,Valid
Banja Luka,PM2.5 - Principal,2022-03-04 03:00 AM,2022,03,04,03,30.9,91,Moderate,16.9,UG/M3,1 Hr,Valid
Banja Luka,PM2.5 - Principal,2022-03-04 04:00 AM,2022,03,04,04,22.1,72,Moderate,13.2,UG/M3,1 Hr,Valid
Banja Luka,PM2.5 - Principal,2022-03-04 05:00 AM,2022,03,04,05,18.2,64,Moderate,14.4,UG/M3,1 Hr,Valid
Banja Luka,PM2.5 - Principal,2022-03-04 06:00 AM,2022,03,04,06,16.6,60,Moderate,14.9,UG/M3,1 Hr,Valid
Banja Luka,PM2.5 - Principal,2022-03-04 07:00 AM,2022,03,04,07,16.6,60,Moderate,16.8,UG/M3,1 Hr,Valid
Banja Luka,PM2.5 - Principal,2022-03-04 08:00 AM,2022,03,04,08,20.0,68,Moderate,23.4,UG/M3,1 Hr,Valid
Banja Luka,PM2.5 - Principal,2022-03-04 09:00 AM,2022,03,04,09,21.0,70,Moderate,22.0,UG/M3,1 Hr,Valid
Banja Luka,PM2.5 - Principal,2022-03-04 10:00 AM,2022,03,04,10,22.8,74,Moderate,24.7,UG/M3,1 Hr,Valid
Banja Luka,PM2.5 - Principal,2022-03-04 11:00 AM,2022,03,04,11,24.7,77,Moderate,26.6,UG/M3,1 Hr,Valid
Banja Luka,PM2.5 - Principal,2022-03-04 12:00 PM,2022,03,04,12,26.9,82,Moderate,29.2,UG/M3,1 Hr,Valid
Banja Luka,PM2.5 - Principal,2022-03-04 01:00 PM,2022,03,04,13,30.5,90,Moderate,34.1,UG/M3,1 Hr,Valid
Banja Luka,PM2.5 - Principal,2022-03-04 02:00 PM,2022,03,04,14,30.4,89,Moderate,30.3,UG/M3,1 Hr,Valid
Banja Luka,PM2.5 - Principal,2022-03-04 03:00 PM,2022,03,04,15,27.5,83,Moderate,24.6,UG/M3,1 Hr,Valid
Banja Luka,PM2.5 - Principal,2022-03-04 04:00 PM,2022,03,04,16,25.3,79,Moderate,23.2,UG/M3,1 Hr,Valid
Banja Luka,PM2.5 - Principal,2022-03-04 05:00 PM,2022,03,04,17,31.1,91,Moderate,36.9,UG/M3,1 Hr,Valid
Banja Luka,PM2.5 - Principal,2022-03-04 06:00 PM,2022,03,04,18,49.7,136,Unhealthy for Sensitive Groups,68.3,UG/M3,1 Hr,Valid
Banja Luka,PM2.5 - Principal,2022-03-04 07:00 PM,2022,03,04,19,82.9,165,Unhealthy,116.1,UG/M3,1 Hr,Valid
Banja Luka,PM2.5 - Principal,2022-03-04 08:00 PM,2022,03,04,20,112.7,181,Unhealthy,142.4,UG/M3,1 Hr,Valid
Banja Luka,PM2.5 - Principal,2022-03-04 09:00 PM,2022,03,04,21,102.0,175,Unhealthy,91.3,UG/M3,1 Hr,Valid
Banja Luka,PM2.5 - Principal,2022-03-04 10:00 PM,2022,03,04,22,86.3,167,Unhealthy,70.6,UG/M3,1 Hr,Valid
Banja Luka,PM2.5 - Principal,2022-03-04 11:00 PM,2022,03,04,23,70.4,159,Unhealthy,54.5,UG/M3,1 Hr,Valid
Banja Luka,PM2.5 - Principal,2022-03-05 12:00 AM,2022,03,05,00,64.1,155,Unhealthy,57.8,UG/M3,1 Hr,Valid
Banja Luka,PM2.5 - Principal,2022-03-05 01:00 AM,2022,03,05,01,52.8,144,Unhealthy for Sensitive Groups,41.5,UG/M3,1 Hr,Valid
Banja Luka,PM2.5 - Principal,2022-03-05 02:00 AM,2022,03,05,02,50.8,139,Unhealthy for Sensitive Groups,48.8,UG/M3,1 Hr,Valid
Banja Luka,PM2.5 - Principal,2022-03-05 03:00 AM,2022,03,05,03,47.7,131,Unhealthy for Sensitive Groups,44.6,UG/M3,1 Hr,Valid
Banja Luka,PM2.5 - Principal,2022-03-05 04:00 AM,2022,03,05,04,44.6,123,Unhealthy for Sensitive Groups,41.5,UG/M3,1 Hr,Valid
Banja Luka,PM2.5 - Principal,2022-03-05 05:00 AM,2022,03,05,05,44.5,123,Unhealthy for Sensitive Groups,44.4,UG/M3,1 Hr,Valid
Banja Luka,PM2.5 - Principal,2022-03-05 06:00 AM,2022,03,05,06,44.2,122,Unhealthy for Sensitive Groups,44.0,UG/M3,1 Hr,Valid
Banja Luka,PM2.5 - Principal,2022-03-05 07:00 AM,2022,03,05,07,53.3,145,Unhealthy for Sensitive Groups,62.3,UG/M3,1 Hr,Valid
Banja Luka,PM2.5 - Principal,2022-03-05 08:00 AM,2022,03,05,08,49.1,134,Unhealthy for Sensitive Groups,45.0,UG/M3,1 Hr,Valid
Banja Luka,PM2.5 - Principal,2022-03-05 09:00 AM,2022,03,05,09,49.2,135,Unhealthy for Sensitive Groups,49.5,UG/M3,1 Hr,Valid
Banja Luka,PM2.5 - Principal,2022-03-05 10:00 AM,2022,03,05,10,45.5,126,Unhealthy for Sensitive Groups,39.4,UG/M3,1 Hr,Valid
Banja Luka,PM2.5 - Principal,2022-03-05 11:00 AM,2022,03,05,11,40.7,114,Unhealthy for Sensitive Groups,35.2,UG/M3,1 Hr,Valid
Banja Luka,PM2.5 - Principal,2022-03-05 12:00 PM,2022,03,05,12,34.2,97,Moderate,28.7,UG/M3,1 Hr,Valid
Banja Luka,PM2.5 - Principal,2022-03-05 01:00 PM,2022,03,05,13,29.4,87,Moderate,24.5,UG/M3,1 Hr,Valid
Banja Luka,PM2.5 - Principal,2022-03-05 02:00 PM,2022,03,05,14,26.8,82,Moderate,24.2,UG/M3,1 Hr,Valid
Banja Luka,PM2.5 - Principal,2022-03-05 03:00 PM,2022,03,05,15,25.6,79,Moderate,24.5,UG/M3,1 Hr,Valid
Banja Luka,PM2.5 - Principal,2022-03-05 04:00 PM,2022,03,05,16,23.6,75,Moderate,21.5,UG/M3,1 Hr,Valid
Banja Luka,PM2.5 - Principal,2022-03-05 05:00 PM,2022,03,05,17,20.4,68,Moderate,17.3,UG/M3,1 Hr,Valid
Banja Luka,PM2.5 - Principal,2022-03-05 06:00 PM,2022,03,05,18,18.9,65,Moderate,17.4,UG/M3,1 Hr,Valid
Banja Luka,PM2.5 - Principal,2022-03-05 07:00 PM,2022,03,05,19,21.1,70,Moderate,23.3,UG/M3,1 Hr,Valid
Banja Luka,PM2.5 - Principal,2022-03-05 08:00 PM,2022,03,05,20,29.4,87,Moderate,37.6,UG/M3,1 Hr,Valid
Banja Luka,PM2.5 - Principal,2022-03-05 09:00 PM,2022,03,05,21,73.5,160,Unhealthy,117.5,UG/M3,1 Hr,Valid
Banja Luka,PM2.5 - Principal,2022-03-05 10:00 PM,2022,03,05,22,87.2,167,Unhealthy,100.9,UG/M3,1 Hr,Valid
Banja Luka,PM2.5 - Principal,2022-03-05 11:00 PM,2022,03,05,23,102.8,175,Unhealthy,118.5,UG/M3,1 Hr,Valid
Banja Luka,PM2.5 - Principal,2022-03-06 12:00 AM,2022,03,06,00,92.1,170,Unhealthy,81.2,UG/M3,1 Hr,Valid
Banja Luka,PM2.5 - Principal,2022-03-06 01:00 AM,2022,03,06,01,76.1,162,Unhealthy,60.2,UG/M3,1 Hr,Valid
Banja Luka,PM2.5 - Principal,2022-03-06 02:00 AM,2022,03,06,02,46.7,129,Unhealthy for Sensitive Groups,17.2,UG/M3,1 Hr,Valid
Banja Luka,PM2.5 - Principal,2022-03-06 03:00 AM,2022,03,06,03,29.3,87,Moderate,11.9,UG/M3,1 Hr,Valid
Banja Luka,PM2.5 - Principal,2022-03-06 04:00 AM,2022,03,06,04,22.1,72,Moderate,15.0,UG/M3,1 Hr,Valid
Banja Luka,PM2.5 - Principal,2022-03-06 05:00 AM,2022,03,06,05,18.1,64,Moderate,14.0,UG/M3,1 Hr,Valid
Banja Luka,PM2.5 - Principal,2022-03-06 06:00 AM,2022,03,06,06,15.2,58,Moderate,12.2,UG/M3,1 Hr,Valid
Banja Luka,PM2.5 - Principal,2022-03-06 07:00 AM,2022,03,06,07,14.4,56,Moderate,13.7,UG/M3,1 Hr,Valid
Banja Luka,PM2.5 - Principal,2022-03-06 08:00 AM,2022,03,06,08,18.2,64,Moderate,22.0,UG/M3,1 Hr,Valid
Banja Luka,PM2.5 - Principal,2022-03-06 09:00 AM,2022,03,06,09,22.9,74,Moderate,27.6,UG/M3,1 Hr,Valid
Banja Luka,PM2.5 - Principal,2022-03-06 10:00 AM,2022,03,06,10,26.1,80,Moderate,29.2,UG/M3,1 Hr,Valid
Banja Luka,PM2.5 - Principal,2022-03-06 11:00 AM,2022,03,06,11,28.0,84,Moderate,29.9,UG/M3,1 Hr,Valid
Banja Luka,PM2.5 - Principal,2022-03-06 12:00 PM,2022,03,06,12,42.2,117,Unhealthy for Sensitive Groups,56.6,UG/M3,1 Hr,Valid
Banja Luka,PM2.5 - Principal,2022-03-06 01:00 PM,2022,03,06,13,42.7,119,Unhealthy for Sensitive Groups,43.1,UG/M3,1 Hr,Valid
Banja Luka,PM2.5 - Principal,2022-03-06 02:00 PM,2022,03,06,14,42.7,119,Unhealthy for Sensitive Groups,42.7,UG/M3,1 Hr,Valid
Banja Luka,PM2.5 - Principal,2022-03-06 03:00 PM,2022,03,06,15,47.1,130,Unhealthy for Sensitive Groups,51.5,UG/M3,1 Hr,Valid
Banja Luka,PM2.5 - Principal,2022-03-06 04:00 PM,2022,03,06,16,47.9,132,Unhealthy for Sensitive Groups,48.7,UG/M3,1 Hr,Valid
Banja Luka,PM2.5 - Principal,2022-03-06 05:00 PM,2022,03,06,17,56.6,152,Unhealthy,65.2,UG/M3,1 Hr,Valid
Banja Luka,PM2.5 - Principal,2022-03-06 06:00 PM,2022,03,06,18,57.8,152,Unhealthy,59.1,UG/M3,1 Hr,Valid
Banja Luka,PM2.5 - Principal,2022-03-06 07:00 PM,2022,03,06,19,61.5,154,Unhealthy,65.2,UG/M3,1 Hr,Valid
Banja Luka,PM2.5 - Principal,2022-03-06 08:00 PM,2022,03,06,20,67.1,157,Unhealthy,72.7,UG/M3,1 Hr,Valid
Banja Luka,PM2.5 - Principal,2022-03-06 09:00 PM,2022,03,06,21,61.9,154,Unhealthy,56.8,UG/M3,1 Hr,Valid
Banja Luka,PM2.5 - Principal,2022-03-06 10:00 PM,2022,03,06,22,55.3,150,Unhealthy for Sensitive Groups,48.7,UG/M3,1 Hr,Valid
Banja Luka,PM2.5 - Principal,2022-03-06 11:00 PM,2022,03,06,23,50.6,138,Unhealthy for Sensitive Groups,42.4,UG/M3,1 Hr,Valid
Banja Luka,PM2.5 - Principal,2022-03-07 12:00 AM,2022,03,07,00,42.1,117,Unhealthy for Sensitive Groups,35.4,UG/M3,1 Hr,Valid
Banja Luka,PM2.5 - Principal,2022-03-07 01:00 AM,2022,03,07,01,34.9,99,Moderate,27.6,UG/M3,1 Hr,Valid
Banja Luka,PM2.5 - Principal,2022-03-07 02:00 AM,2022,03,07,02,29.7,88,Moderate,24.6,UG/M3,1 Hr,Valid
Banja Luka,PM2.5 - Principal,2022-03-07 03:00 AM,2022,03,07,03,26.9,82,Moderate,24.1,UG/M3,1 Hr,Valid
Banja Luka,PM2.5 - Principal,2022-03-07 04:00 AM,2022,03,07,04,22.7,73,Moderate,18.6,UG/M3,1 Hr,Valid
Banja Luka,PM2.5 - Principal,2022-03-07 05:00 AM,2022,03,07,05,19.8,67,Moderate,16.9,UG/M3,1 Hr,Valid
Banja Luka,PM2.5 - Principal,2022-03-07 06:00 AM,2022,03,07,06,31.2,91,Moderate,42.5,UG/M3,1 Hr,Valid
Banja Luka,PM2.5 - Principal,2022-03-07 07:00 AM,2022,03,07,07,28.6,86,Moderate,26.0,UG/M3,1 Hr,Valid
Banja Luka,PM2.5 - Principal,2022-03-07 08:00 AM,2022,03,07,08,40.6,114,Unhealthy for Sensitive Groups,52.5,UG/M3,1 Hr,Valid
Banja Luka,PM2.5 - Principal,2022-03-07 09:00 AM,2022,03,07,09,42.1,117,Unhealthy for Sensitive Groups,43.6,UG/M3,1 Hr,Valid
Banja Luka,PM2.5 - Principal,2022-03-07 10:00 AM,2022,03,07,10,51.7,141,Unhealthy for Sensitive Groups,61.2,UG/M3,1 Hr,Valid
Banja Luka,PM2.5 - Principal,2022-03-07 11:00 AM,2022,03,07,11,48.6,133,Unhealthy for Sensitive Groups,45.4,UG/M3,1 Hr,Valid
Banja Luka,PM2.5 - Principal,2022-03-07 12:00 PM,2022,03,07,12,40.8,114,Unhealthy for Sensitive Groups,33.1,UG/M3,1 Hr,Valid
Banja Luka,PM2.5 - Principal,2022-03-07 01:00 PM,2022,03,07,13,43.5,121,Unhealthy for Sensitive Groups,46.1,UG/M3,1 Hr,Valid
Banja Luka,PM2.5 - Principal,2022-03-07 02:00 PM,2022,03,07,14,40.1,112,Unhealthy for Sensitive Groups,36.8,UG/M3,1 Hr,Valid
Banja Luka,PM2.5 - Principal,2022-03-07 03:00 PM,2022,03,07,15,36.6,104,Unhealthy for Sensitive Groups,33.1,UG/M3,1 Hr,Valid
Banja Luka,PM2.5 - Principal,2022-03-07 04:00 PM,2022,03,07,16,37.0,105,Unhealthy for Sensitive Groups,37.5,UG/M3,1 Hr,Valid
Banja Luka,PM2.5 - Principal,2022-03-07 05:00 PM,2022,03,07,17,38.9,109,Unhealthy for Sensitive Groups,40.7,UG/M3,1 Hr,Valid
Banja Luka,PM2.5 - Principal,2022-03-07 06:00 PM,2022,03,07,18,39.2,110,Unhealthy for Sensitive Groups,39.6,UG/M3,1 Hr,Valid
Banja Luka,PM2.5 - Principal,2022-03-07 07:00 PM,2022,03,07,19,39.6,111,Unhealthy for Sensitive Groups,40.1,UG/M3,1 Hr,Valid
Banja Luka,PM2.5 - Principal,2022-03-07 08:00 PM,2022,03,07,20,37.9,107,Unhealthy for Sensitive Groups,35.8,UG/M3,1 Hr,Valid
Banja Luka,PM2.5 - Principal,2022-03-07 09:00 PM,2022,03,07,21,32.3,93,Moderate,26.9,UG/M3,1 Hr,Valid
Banja Luka,PM2.5 - Principal,2022-03-07 10:00 PM,2022,03,07,22,34.2,97,Moderate,35.4,UG/M3,1 Hr,Valid
Banja Luka,PM2.5 - Principal,2022-03-07 11:00 PM,2022,03,07,23,52.5,143,Unhealthy for Sensitive Groups,71.2,UG/M3,1 Hr,Valid
Banja Luka,PM2.5 - Principal,2022-03-08 12:00 AM,2022,03,08,00,60.2,153,Unhealthy,68.0,UG/M3,1 Hr,Valid
Banja Luka,PM2.5 - Principal,2022-03-08 01:00 AM,2022,03,08,01,45.2,125,Unhealthy for Sensitive Groups,30.2,UG/M3,1 Hr,Valid
Banja Luka,PM2.5 - Principal,2022-03-08 02:00 AM,2022,03,08,02,35.7,101,Unhealthy for Sensitive Groups,26.2,UG/M3,1 Hr,Valid
Banja Luka,PM2.5 - Principal,2022-03-08 03:00 AM,2022,03,08,03,30.0,89,Moderate,24.3,UG/M3,1 Hr,Valid
Banja Luka,PM2.5 - Principal,2022-03-08 04:00 AM,2022,03,08,04,26.5,81,Moderate,23.1,UG/M3,1 Hr,Valid
Banja Luka,PM2.5 - Principal,2022-03-08 05:00 AM,2022,03,08,05,24.5,77,Moderate,22.5,UG/M3,1 Hr,Valid
Banja Luka,PM2.5 - Principal,2022-03-08 06:00 AM,2022,03,08,06,24.9,78,Moderate,25.3,UG/M3,1 Hr,Valid
Banja Luka,PM2.5 - Principal,2022-03-08 07:00 AM,2022,03,08,07,29.3,87,Moderate,33.8,UG/M3,1 Hr,Valid
Banja Luka,PM2.5 - Principal,2022-03-08 08:00 AM,2022,03,08,08,28.9,86,Moderate,28.5,UG/M3,1 Hr,Valid
Banja Luka,PM2.5 - Principal,2022-03-08 09:00 AM,2022,03,08,09,29.9,88,Moderate,31.0,UG/M3,1 Hr,Valid
Banja Luka,PM2.5 - Principal,2022-03-08 10:00 AM,2022,03,08,10,31.2,91,Moderate,32.6,UG/M3,1 Hr,Valid
Banja Luka,PM2.5 - Principal,2022-03-08 11:00 AM,2022,03,08,11,29.4,87,Moderate,27.5,UG/M3,1 Hr,Valid
Banja Luka,PM2.5 - Principal,2022-03-08 12:00 PM,2022,03,08,12,29.0,87,Moderate,28.4,UG/M3,1 Hr,Valid
Banja Luka,PM2.5 - Principal,2022-03-08 01:00 PM,2022,03,08,13,24.7,77,Moderate,19.2,UG/M3,1 Hr,Valid
Banja Luka,PM2.5 - Principal,2022-03-08 02:00 PM,2022,03,08,14,19.8,67,Moderate,15.6,UG/M3,1 Hr,Valid
Banja Luka,PM2.5 - Principal,2022-03-08 03:00 PM,2022,03,08,15,17.3,62,Moderate,14.7,UG/M3,1 Hr,Valid
Banja Luka,PM2.5 - Principal,2022-03-08 04:00 PM,2022,03,08,16,15.0,57,Moderate,12.7,UG/M3,1 Hr,Valid
Banja Luka,PM2.5 - Principal,2022-03-08 05:00 PM,2022,03,08,17,16.1,59,Moderate,17.3,UG/M3,1 Hr,Valid
Banja Luka,PM2.5 - Principal,2022-03-08 06:00 PM,2022,03,08,18,20.3,68,Moderate,24.5,UG/M3,1 Hr,Valid
Banja Luka,PM2.5 - Principal,2022-03-08 07:00 PM,2022,03,08,19,40.5,113,Unhealthy for Sensitive Groups,60.6,UG/M3,1 Hr,Valid
Banja Luka,PM2.5 - Principal,2022-03-08 08:00 PM,2022,03,08,20,83.5,165,Unhealthy,126.5,UG/M3,1 Hr,Valid
Banja Luka,PM2.5 - Principal,2022-03-08 09:00 PM,2022,03,08,21,92.0,170,Unhealthy,100.5,UG/M3,1 Hr,Valid
Banja Luka,PM2.5 - Principal,2022-03-08 10:00 PM,2022,03,08,22,79.3,163,Unhealthy,66.6,UG/M3,1 Hr,Valid
Banja Luka,PM2.5 - Principal,2022-03-08 11:00 PM,2022,03,08,23,88.9,168,Unhealthy,98.4,UG/M3,1 Hr,Valid
Banja Luka,PM2.5 - Principal,2022-03-09 12:00 AM,2022,03,09,00,82.9,165,Unhealthy,76.8,UG/M3,1 Hr,Valid
Banja Luka,PM2.5 - Principal,2022-03-09 01:00 AM,2022,03,09,01,75.2,161,Unhealthy,67.5,UG/M3,1 Hr,Valid
Banja Luka,PM2.5 - Principal,2022-03-09 02:00 AM,2022,03,09,02,64.6,156,Unhealthy,54.0,UG/M3,1 Hr,Valid
Banja Luka,PM2.5 - Principal,2022-03-09 03:00 AM,2022,03,09,03,47.5,131,Unhealthy for Sensitive Groups,30.4,UG/M3,1 Hr,Valid
Banja Luka,PM2.5 - Principal,2022-03-09 04:00 AM,2022,03,09,04,37.7,106,Unhealthy for Sensitive Groups,27.9,UG/M3,1 Hr,Valid
Banja Luka,PM2.5 - Principal,2022-03-09 05:00 AM,2022,03,09,05,33.1,95,Moderate,28.4,UG/M3,1 Hr,Valid
Banja Luka,PM2.5 - Principal,2022-03-09 06:00 AM,2022,03,09,06,34.4,98,Moderate,35.8,UG/M3,1 Hr,Valid
Banja Luka,PM2.5 - Principal,2022-03-09 07:00 AM,2022,03,09,07,43.3,120,Unhealthy for Sensitive Groups,52.2,UG/M3,1 Hr,Valid
Banja Luka,PM2.5 - Principal,2022-03-09 08:00 AM,2022,03,09,08,45.6,126,Unhealthy for Sensitive Groups,47.9,UG/M3,1 Hr,Valid
Banja Luka,PM2.5 - Principal,2022-03-09 09:00 AM,2022,03,09,09,35.6,101,Unhealthy for Sensitive Groups,25.6,UG/M3,1 Hr,Valid
Banja Luka,PM2.5 - Principal,2022-03-09 10:00 AM,2022,03,09,10,28.7,86,Moderate,21.8,UG/M3,1 Hr,Valid
Banja Luka,PM2.5 - Principal,2022-03-09 11:00 AM,2022,03,09,11,25.9,80,Moderate,23.2,UG/M3,1 Hr,Valid
Banja Luka,PM2.5 - Principal,2022-03-09 12:00 PM,2022,03,09,12,25.6,79,Moderate,25.3,UG/M3,1 Hr,Valid
Banja Luka,PM2.5 - Principal,2022-03-09 01:00 PM,2022,03,09,13,25.4,79,Moderate,25.1,UG/M3,1 Hr,Valid
Banja Luka,PM2.5 - Principal,2022-03-09 02:00 PM,2022,03,09,14,24.3,77,Moderate,23.2,UG/M3,1 Hr,Valid
Banja Luka,PM2.5 - Principal,2022-03-09 03:00 PM,2022,03,09,15,22.8,74,Moderate,21.3,UG/M3,1 Hr,Valid
Banja Luka,PM2.5 - Principal,2022-03-09 04:00 PM,2022,03,09,16,22.5,73,Moderate,22.1,UG/M3,1 Hr,Valid
Banja Luka,PM2.5 - Principal,2022-03-09 05:00 PM,2022,03,09,17,25.5,79,Moderate,28.6,UG/M3,1 Hr,Valid
Banja Luka,PM2.5 - Principal,2022-03-09 06:00 PM,2022,03,09,18,32.4,94,Moderate,39.2,UG/M3,1 Hr,Valid
Banja Luka,PM2.5 - Principal,2022-03-09 07:00 PM,2022,03,09,19,49.1,134,Unhealthy for Sensitive Groups,65.7,UG/M3,1 Hr,Valid
Banja Luka,PM2.5 - Principal,2022-03-09 08:00 PM,2022,03,09,20,112.0,180,Unhealthy,174.8,UG/M3,1 Hr,Valid
Banja Luka,PM2.5 - Principal,2022-03-09 09:00 PM,2022,03,09,21,129.8,189,Unhealthy,147.5,UG/M3,1 Hr,Valid
Banja Luka,PM2.5 - Principal,2022-03-09 10:00 PM,2022,03,09,22,135.3,192,Unhealthy,140.7,UG/M3,1 Hr,Valid
Banja Luka,PM2.5 - Principal,2022-03-09 11:00 PM,2022,03,09,23,102.0,175,Unhealthy,68.8,UG/M3,1 Hr,Valid
Banja Luka,PM2.5 - Principal,2022-03-10 12:00 AM,2022,03,10,00,67.1,157,Unhealthy,32.3,UG/M3,1 Hr,Valid
Banja Luka,PM2.5 - Principal,2022-03-10 01:00 AM,2022,03,10,01,56.0,151,Unhealthy,44.9,UG/M3,1 Hr,Valid
Banja Luka,PM2.5 - Principal,2022-03-10 02:00 AM,2022,03,10,02,44.3,123,Unhealthy for Sensitive Groups,32.5,UG/M3,1 Hr,Valid
Banja Luka,PM2.5 - Principal,2022-03-10 03:00 AM,2022,03,10,03,35.5,101,Unhealthy for Sensitive Groups,26.7,UG/M3,1 Hr,Valid
Banja Luka,PM2.5 - Principal,2022-03-10 04:00 AM,2022,03,10,04,29.5,88,Moderate,23.5,UG/M3,1 Hr,Valid
Banja Luka,PM2.5 - Principal,2022-03-10 05:00 AM,2022,03,10,05,24.7,77,Moderate,20.0,UG/M3,1 Hr,Valid
Banja Luka,PM2.5 - Principal,2022-03-10 06:00 AM,2022,03,10,06,23.7,75,Moderate,22.7,UG/M3,1 Hr,Valid
Banja Luka,PM2.5 - Principal,2022-03-10 07:00 AM,2022,03,10,07,27.0,82,Moderate,30.3,UG/M3,1 Hr,Valid
Banja Luka,PM2.5 - Principal,2022-03-10 08:00 AM,2022,03,10,08,27.7,84,Moderate,28.4,UG/M3,1 Hr,Valid
Banja Luka,PM2.5 - Principal,2022-03-10 09:00 AM,2022,03,10,09,27.1,83,Moderate,26.5,UG/M3,1 Hr,Valid
Banja Luka,PM2.5 - Principal,2022-03-10 10:00 AM,2022,03,10,10,26.9,82,Moderate,26.7,UG/M3,1 Hr,Valid
Banja Luka,PM2.5 - Principal,2022-03-10 11:00 AM,2022,03,10,11,25.5,79,Moderate,24.1,UG/M3,1 Hr,Valid
Banja Luka,PM2.5 - Principal,2022-03-10 12:00 PM,2022,03,10,12,19.8,67,Moderate,14.1,UG/M3,1 Hr,Valid
Banja Luka,PM2.5 - Principal,2022-03-10 01:00 PM,2022,03,10,13,16.8,61,Moderate,13.8,UG/M3,1 Hr,Valid
Banja Luka,PM2.5 - Principal,2022-03-10 02:00 PM,2022,03,10,14,15.6,58,Moderate,14.4,UG/M3,1 Hr,Valid
Banja Luka,PM2.5 - Principal,2022-03-10 03:00 PM,2022,03,10,15,16.7,61,Moderate,17.8,UG/M3,1 Hr,Valid
Banja Luka,PM2.5 - Principal,2022-03-10 04:00 PM,2022,03,10,16,16.8,61,Moderate,16.8,UG/M3,1 Hr,Valid
Banja Luka,PM2.5 - Principal,2022-03-10 05:00 PM,2022,03,10,17,14.6,56,Moderate,12.3,UG/M3,1 Hr,Valid
Banja Luka,PM2.5 - Principal,2022-03-10 06:00 PM,2022,03,10,18,18.3,64,Moderate,22.1,UG/M3,1 Hr,Valid
Banja Luka,PM2.5 - Principal,2022-03-10 07:00 PM,2022,03,10,19,56.6,152,Unhealthy,94.8,UG/M3,1 Hr,Valid
Banja Luka,PM2.5 - Principal,2022-03-10 08:00 PM,2022,03,10,20,117.6,183,Unhealthy,178.5,UG/M3,1 Hr,Valid
Banja Luka,PM2.5 - Principal,2022-03-10 09:00 PM,2022,03,10,21,161.3,212,Very Unhealthy,205.0,UG/M3,1 Hr,Valid
Banja Luka,PM2.5 - Principal,2022-03-10 10:00 PM,2022,03,10,22,149.9,200,Unhealthy,138.5,UG/M3,1 Hr,Valid
Banja Luka,PM2.5 - Principal,2022-03-10 11:00 PM,2022,03,10,23,148.7,199,Unhealthy,147.5,UG/M3,1 Hr,Valid
Banja Luka,PM2.5 - Principal,2022-03-11 12:00 AM,2022,03,11,00,143.9,197,Unhealthy,139.0,UG/M3,1 Hr,Valid
Banja Luka,PM2.5 - Principal,2022-03-11 01:00 AM,2022,03,11,01,152.1,203,Very Unhealthy,160.3,UG/M3,1 Hr,Valid
Banja Luka,PM2.5 - Principal,2022-03-11 02:00 AM,2022,03,11,02,136.1,193,Unhealthy,120.1,UG/M3,1 Hr,Valid
Banja Luka,PM2.5 - Principal,2022-03-11 03:00 AM,2022,03,11,03,98.4,173,Unhealthy,60.6,UG/M3,1 Hr,Valid
Banja Luka,PM2.5 - Principal,2022-03-11 04:00 AM,2022,03,11,04,71.2,159,Unhealthy,44.0,UG/M3,1 Hr,Valid
Banja Luka,PM2.5 - Principal,2022-03-11 05:00 AM,2022,03,11,05,59.6,153,Unhealthy,47.9,UG/M3,1 Hr,Valid
Banja Luka,PM2.5 - Principal,2022-03-11 06:00 AM,2022,03,11,06,49.0,134,Unhealthy for Sensitive Groups,38.5,UG/M3,1 Hr,Valid
Banja Luka,PM2.5 - Principal,2022-03-11 07:00 AM,2022,03,11,07,55.9,151,Unhealthy,62.7,UG/M3,1 Hr,Valid
Banja Luka,PM2.5 - Principal,2022-03-11 08:00 AM,2022,03,11,08,52.6,143,Unhealthy for Sensitive Groups,49.3,UG/M3,1 Hr,Valid
Banja Luka,PM2.5 - Principal,2022-03-11 09:00 AM,2022,03,11,09,37.4,106,Unhealthy for Sensitive Groups,22.2,UG/M3,1 Hr,Valid
Banja Luka,PM2.5 - Principal,2022-03-11 10:00 AM,2022,03,11,10,29.6,88,Moderate,21.8,UG/M3,1 Hr,Valid
Banja Luka,PM2.5 - Principal,2022-03-11 11:00 AM,2022,03,11,11,24.8,78,Moderate,20.0,UG/M3,1 Hr,Valid
Banja Luka,PM2.5 - Principal,2022-03-11 12:00 PM,2022,03,11,12,21.6,71,Moderate,18.4,UG/M3,1 Hr,Valid
Banja Luka,PM2.5 - Principal,2022-03-11 01:00 PM,2022,03,11,13,18.5,64,Moderate,15.5,UG/M3,1 Hr,Valid
Banja Luka,PM2.5 - Principal,2022-03-11 02:00 PM,2022,03,11,14,16.6,60,Moderate,14.8,UG/M3,1 Hr,Valid
Banja Luka,PM2.5 - Principal,2022-03-11 03:00 PM,2022,03,11,15,16.7,61,Moderate,16.7,UG/M3,1 Hr,Valid
Banja Luka,PM2.5 - Principal,2022-03-11 04:00 PM,2022,03,11,16,16.5,60,Moderate,16.4,UG/M3,1 Hr,Valid
Banja Luka,PM2.5 - Principal,2022-03-11 05:00 PM,2022,03,11,17,17.0,61,Moderate,17.5,UG/M3,1 Hr,Valid
Banja Luka,PM2.5 - Principal,2022-03-11 06:00 PM,2022,03,11,18,18.3,64,Moderate,19.6,UG/M3,1 Hr,Valid
Banja Luka,PM2.5 - Principal,2022-03-11 07:00 PM,2022,03,11,19,23.0,74,Moderate,27.8,UG/M3,1 Hr,Valid
Banja Luka,PM2.5 - Principal,2022-03-11 08:00 PM,2022,03,11,20,65.3,156,Unhealthy,107.5,UG/M3,1 Hr,Valid
Banja Luka,PM2.5 - Principal,2022-03-11 09:00 PM,2022,03,11,21,112.0,180,Unhealthy,158.7,UG/M3,1 Hr,Valid
Banja Luka,PM2.5 - Principal,2022-03-11 10:00 PM,2022,03,11,22,136.3,193,Unhealthy,160.5,UG/M3,1 Hr,Valid
Banja Luka,PM2.5 - Principal,2022-03-11 11:00 PM,2022,03,11,23,140.5,195,Unhealthy,144.7,UG/M3,1 Hr,Valid
Banja Luka,PM2.5 - Principal,2022-03-12 12:00 AM,2022,03,12,00,138.8,194,Unhealthy,137.2,UG/M3,1 Hr,Valid
Banja Luka,PM2.5 - Principal,2022-03-12 01:00 AM,2022,03,12,01,129.0,189,Unhealthy,119.1,UG/M3,1 Hr,Valid
Banja Luka,PM2.5 - Principal,2022-03-12 02:00 AM,2022,03,12,02,111.0,180,Unhealthy,93.1,UG/M3,1 Hr,Valid
Banja Luka,PM2.5 - Principal,2022-03-12 03:00 AM,2022,03,12,03,72.9,160,Unhealthy,34.7,UG/M3,1 Hr,Valid
Banja Luka,PM2.5 - Principal,2022-03-12 04:00 AM,2022,03,12,04,45.0,124,Unhealthy for Sensitive Groups,17.0,UG/M3,1 Hr,Valid
Banja Luka,PM2.5 - Principal,2022-03-12 05:00 AM,2022,03,12,05,36.3,103,Unhealthy for Sensitive Groups,27.6,UG/M3,1 Hr,Valid
Banja Luka,PM2.5 - Principal,2022-03-12 06:00 AM,2022,03,12,06,26.6,81,Moderate,16.9,UG/M3,1 Hr,Valid
Banja Luka,PM2.5 - Principal,2022-03-12 07:00 AM,2022,03,12,07,21.3,70,Moderate,16.1,UG/M3,1 Hr,Valid
Banja Luka,PM2.5 - Principal,2022-03-12 08:00 AM,2022,03,12,08,19.4,66,Moderate,17.5,UG/M3,1 Hr,Valid
Banja Luka,PM2.5 - Principal,2022-03-12 09:00 AM,2022,03,12,09,20.7,69,Moderate,22.0,UG/M3,1 Hr,Valid
Banja Luka,PM2.5 - Principal,2022-03-12 10:00 AM,2022,03,12,10,21.5,71,Moderate,22.4,UG/M3,1 Hr,Valid
Banja Luka,PM2.5 - Principal,2022-03-12 11:00 AM,2022,03,12,11,23.5,75,Moderate,25.5,UG/M3,1 Hr,Valid
Banja Luka,PM2.5 - Principal,2022-03-12 12:00 PM,2022,03,12,12,22.1,72,Moderate,20.7,UG/M3,1 Hr,Valid
Banja Luka,PM2.5 - Principal,2022-03-12 01:00 PM,2022,03,12,13,18.2,64,Moderate,14.3,UG/M3,1 Hr,Valid
Banja Luka,PM2.5 - Principal,2022-03-12 02:00 PM,2022,03,12,14,15.3,58,Moderate,12.4,UG/M3,1 Hr,Valid
Banja Luka,PM2.5 - Principal,2022-03-12 03:00 PM,2022,03,12,15,13.8,55,Moderate,12.3,UG/M3,1 Hr,Valid
Banja Luka,PM2.5 - Principal,2022-03-12 04:00 PM,2022,03,12,16,14.0,55,Moderate,14.3,UG/M3,1 Hr,Valid
Banja Luka,PM2.5 - Principal,2022-03-12 05:00 PM,2022,03,12,17,17.5,62,Moderate,21.0,UG/M3,1 Hr,Valid
Banja Luka,PM2.5 - Principal,2022-03-12 06:00 PM,2022,03,12,18,19.1,66,Moderate,20.8,UG/M3,1 Hr,Valid
Banja Luka,PM2.5 - Principal,2022-03-12 07:00 PM,2022,03,12,19,28.3,85,Moderate,37.6,UG/M3,1 Hr,Valid
Banja Luka,PM2.5 - Principal,2022-03-12 08:00 PM,2022,03,12,20,141.6,195,Unhealthy,254.8,UG/M3,1 Hr,Valid
Banja Luka,PM2.5 - Principal,2022-03-12 09:00 PM,2022,03,12,21,176.5,227,Very Unhealthy,211.3,UG/M3,1 Hr,Valid
Banja Luka,PM2.5 - Principal,2022-03-12 10:00 PM,2022,03,12,22,165.7,216,Very Unhealthy,154.9,UG/M3,1 Hr,Valid
Banja Luka,PM2.5 - Principal,2022-03-12 11:00 PM,2022,03,12,23,168.7,219,Very Unhealthy,171.6,UG/M3,1 Hr,Valid
Banja Luka,PM2.5 - Principal,2022-03-13 12:00 AM,2022,03,13,00,154.7,205,Very Unhealthy,140.6,UG/M3,1 Hr,Valid
Banja Luka,PM2.5 - Principal,2022-03-13 01:00 AM,2022,03,13,01,136.7,193,Unhealthy,118.6,UG/M3,1 Hr,Valid
Banja Luka,PM2.5 - Principal,2022-03-13 02:00 AM,2022,03,13,02,116.1,182,Unhealthy,95.5,UG/M3,1 Hr,Valid
Banja Luka,PM2.5 - Principal,2022-03-13 03:00 AM,2022,03,13,03,98.4,173,Unhealthy,80.8,UG/M3,1 Hr,Valid
Banja Luka,PM2.5 - Principal,2022-03-13 04:00 AM,2022,03,13,04,83.9,166,Unhealthy,69.4,UG/M3,1 Hr,Valid
Banja Luka,PM2.5 - Principal,2022-03-13 05:00 AM,2022,03,13,05,77.0,162,Unhealthy,70.0,UG/M3,1 Hr,Valid
Banja Luka,PM2.5 - Principal,2022-03-13 06:00 AM,2022,03,13,06,68.8,158,Unhealthy,60.7,UG/M3,1 Hr,Valid
Banja Luka,PM2.5 - Principal,2022-03-13 07:00 AM,2022,03,13,07,66.6,157,Unhealthy,64.3,UG/M3,1 Hr,Valid
Banja Luka,PM2.5 - Principal,2022-03-13 08:00 AM,2022,03,13,08,52.7,143,Unhealthy for Sensitive Groups,38.8,UG/M3,1 Hr,Valid
Banja Luka,PM2.5 - Principal,2022-03-13 09:00 AM,2022,03,13,09,48.1,132,Unhealthy for Sensitive Groups,43.6,UG/M3,1 Hr,Valid
Banja Luka,PM2.5 - Principal,2022-03-13 10:00 AM,2022,03,13,10,40.6,114,Unhealthy for Sensitive Groups,33.1,UG/M3,1 Hr,Valid
Banja Luka,PM2.5 - Principal,2022-03-13 11:00 AM,2022,03,13,11,33.6,96,Moderate,26.7,UG/M3,1 Hr,Valid
Banja Luka,PM2.5 - Principal,2022-03-13 12:00 PM,2022,03,13,12,26.9,82,Moderate,20.2,UG/M3,1 Hr,Valid
Banja Luka,PM2.5 - Principal,2022-03-13 01:00 PM,2022,03,13,13,21.7,71,Moderate,16.5,UG/M3,1 Hr,Valid
Banja Luka,PM2.5 - Principal,2022-03-13 02:00 PM,2022,03,13,14,16.3,60,Moderate,10.9,UG/M3,1 Hr,Valid
Banja Luka,PM2.5 - Principal,2022-03-13 03:00 PM,2022,03,13,15,15.8,59,Moderate,15.4,UG/M3,1 Hr,Valid
Banja Luka,PM2.5 - Principal,2022-03-13 04:00 PM,2022,03,13,16,15.9,59,Moderate,16.0,UG/M3,1 Hr,Valid
Banja Luka,PM2.5 - Principal,2022-03-13 05:00 PM,2022,03,13,17,17.3,62,Moderate,18.6,UG/M3,1 Hr,Valid
Banja Luka,PM2.5 - Principal,2022-03-13 06:00 PM,2022,03,13,18,18.2,64,Moderate,19.2,UG/M3,1 Hr,Valid
Banja Luka,PM2.5 - Principal,2022-03-13 07:00 PM,2022,03,13,19,69.0,158,Unhealthy,119.7,UG/M3,1 Hr,Valid
Banja Luka,PM2.5 - Principal,2022-03-13 08:00 PM,2022,03,13,20,118.3,183,Unhealthy,167.5,UG/M3,1 Hr,Valid
Banja Luka,PM2.5 - Principal,2022-03-13 09:00 PM,2022,03,13,21,138.9,194,Unhealthy,159.6,UG/M3,1 Hr,Valid
Banja Luka,PM2.5 - Principal,2022-03-13 10:00 PM,2022,03,13,22,152.9,203,Very Unhealthy,166.8,UG/M3,1 Hr,Valid
Banja Luka,PM2.5 - Principal,2022-03-13 11:00 PM,2022,03,13,23,169.0,219,Very Unhealthy,185.0,UG/M3,1 Hr,Valid
Banja Luka,PM2.5 - Principal,2022-03-14 12:00 AM,2022,03,14,00,175.4,226,Very Unhealthy,181.7,UG/M3,1 Hr,Valid
Banja Luka,PM2.5 - Principal,2022-03-14 01:00 AM,2022,03,14,01,166.9,217,Very Unhealthy,158.4,UG/M3,1 Hr,Valid
Banja Luka,PM2.5 - Principal,2022-03-14 02:00 AM,2022,03,14,02,136.9,193,Unhealthy,107.0,UG/M3,1 Hr,Valid
Banja Luka,PM2.5 - Principal,2022-03-14 03:00 AM,2022,03,14,03,108.1,178,Unhealthy,79.2,UG/M3,1 Hr,Valid
Banja Luka,PM2.5 - Principal,2022-03-14 04:00 AM,2022,03,14,04,92.0,170,Unhealthy,75.9,UG/M3,1 Hr,Valid
Banja Luka,PM2.5 - Principal,2022-03-14 05:00 AM,2022,03,14,05,77.1,162,Unhealthy,62.2,UG/M3,1 Hr,Valid
Banja Luka,PM2.5 - Principal,2022-03-14 06:00 AM,2022,03,14,06,70.8,159,Unhealthy,64.5,UG/M3,1 Hr,Valid
Banja Luka,PM2.5 - Principal,2022-03-14 07:00 AM,2022,03,14,07,71.8,159,Unhealthy,72.9,UG/M3,1 Hr,Valid
Banja Luka,PM2.5 - Principal,2022-03-14 08:00 AM,2022,03,14,08,62.9,155,Unhealthy,54.1,UG/M3,1 Hr,Valid
Banja Luka,PM2.5 - Principal,2022-03-14 09:00 AM,2022,03,14,09,50.9,139,Unhealthy for Sensitive Groups,38.8,UG/M3,1 Hr,Valid
Banja Luka,PM2.5 - Principal,2022-03-14 10:00 AM,2022,03,14,10,43.5,121,Unhealthy for Sensitive Groups,36.1,UG/M3,1 Hr,Valid
Banja Luka,PM2.5 - Principal,2022-03-14 11:00 AM,2022,03,14,11,35.7,101,Unhealthy for Sensitive Groups,28.0,UG/M3,1 Hr,Valid
Banja Luka,PM2.5 - Principal,2022-03-14 12:00 PM,2022,03,14,12,32.5,94,Moderate,29.4,UG/M3,1 Hr,Valid
Banja Luka,PM2.5 - Principal,2022-03-14 01:00 PM,2022,03,14,13,30.6,90,Moderate,28.8,UG/M3,1 Hr,Valid
Banja Luka,PM2.5 - Principal,2022-03-14 02:00 PM,2022,03,14,14,27.1,83,Moderate,23.5,UG/M3,1 Hr,Valid
Banja Luka,PM2.5 - Principal,2022-03-14 03:00 PM,2022,03,14,15,24.4,77,Moderate,21.8,UG/M3,1 Hr,Valid
Banja Luka,PM2.5 - Principal,2022-03-14 04:00 PM,2022,03,14,16,22.2,72,Moderate,20.0,UG/M3,1 Hr,Valid
Banja Luka,PM2.5 - Principal,2022-03-14 05:00 PM,2022,03,14,17,22.4,73,Moderate,22.6,UG/M3,1 Hr,Valid
Banja Luka,PM2.5 - Principal,2022-03-14 06:00 PM,2022,03,14,18,32.4,94,Moderate,42.4,UG/M3,1 Hr,Valid
Banja Luka,PM2.5 - Principal,2022-03-14 07:00 PM,2022,03,14,19,58.7,153,Unhealthy,85.1,UG/M3,1 Hr,Valid
Banja Luka,PM2.5 - Principal,2022-03-14 08:00 PM,2022,03,14,20,109.4,179,Unhealthy,160.0,UG/M3,1 Hr,Valid
Banja Luka,PM2.5 - Principal,2022-03-14 09:00 PM,2022,03,14,21,135.1,192,Unhealthy,160.8,UG/M3,1 Hr,Valid
Banja Luka,PM2.5 - Principal,2022-03-14 10:00 PM,2022,03,14,22,152.0,202,Very Unhealthy,168.9,UG/M3,1 Hr,Valid
Banja Luka,PM2.5 - Principal,2022-03-14 11:00 PM,2022,03,14,23,144.7,197,Unhealthy,137.4,UG/M3,1 Hr,Valid
Banja Luka,PM2.5 - Principal,2022-03-15 12:00 AM,2022,03,15,00,114.9,182,Unhealthy,85.2,UG/M3,1 Hr,Valid
Banja Luka,PM2.5 - Principal,2022-03-15 01:00 AM,2022,03,15,01,86.7,167,Unhealthy,58.5,UG/M3,1 Hr,Valid
Banja Luka,PM2.5 - Principal,2022-03-15 02:00 AM,2022,03,15,02,61.8,154,Unhealthy,36.8,UG/M3,1 Hr,Valid
Banja Luka,PM2.5 - Principal,2022-03-15 03:00 AM,2022,03,15,03,46.6,128,Unhealthy for Sensitive Groups,31.4,UG/M3,1 Hr,Valid
Banja Luka,PM2.5 - Principal,2022-03-15 04:00 AM,2022,03,15,04,37.3,105,Unhealthy for Sensitive Groups,28.0,UG/M3,1 Hr,Valid
Banja Luka,PM2.5 - Principal,2022-03-15 05:00 AM,2022,03,15,05,31.8,92,Moderate,26.4,UG/M3,1 Hr,Valid
Banja Luka,PM2.5 - Principal,2022-03-15 06:00 AM,2022,03,15,06,38.0,107,Unhealthy for Sensitive Groups,44.2,UG/M3,1 Hr,Valid
Banja Luka,PM2.5 - Principal,2022-03-15 07:00 AM,2022,03,15,07,38.2,108,Unhealthy for Sensitive Groups,38.3,UG/M3,1 Hr,Valid
Banja Luka,PM2.5 - Principal,2022-03-15 08:00 AM,2022,03,15,08,36.9,104,Unhealthy for Sensitive Groups,35.6,UG/M3,1 Hr,Valid
Banja Luka,PM2.5 - Principal,2022-03-15 09:00 AM,2022,03,15,09,37.7,106,Unhealthy for Sensitive Groups,38.5,UG/M3,1 Hr,Valid
Banja Luka,PM2.5 - Principal,2022-03-15 10:00 AM,2022,03,15,10,38.1,107,Unhealthy for Sensitive Groups,38.5,UG/M3,1 Hr,Valid
Banja Luka,PM2.5 - Principal,2022-03-15 11:00 AM,2022,03,15,11,38.3,108,Unhealthy for Sensitive Groups,38.5,UG/M3,1 Hr,Valid
Banja Luka,PM2.5 - Principal,2022-03-15 12:00 PM,2022,03,15,12,31.3,91,Moderate,24.3,UG/M3,1 Hr,Valid
Banja Luka,PM2.5 - Principal,2022-03-15 01:00 PM,2022,03,15,13,21.8,71,Moderate,12.3,UG/M3,1 Hr,Valid
Banja Luka,PM2.5 - Principal,2022-03-15 02:00 PM,2022,03,15,14,15.7,59,Moderate,9.7,UG/M3,1 Hr,Valid
Banja Luka,PM2.5 - Principal,2022-03-15 03:00 PM,2022,03,15,15,12.7,52,Moderate,9.7,UG/M3,1 Hr,Valid
Banja Luka,PM2.5 - Principal,2022-03-15 04:00 PM,2022,03,15,16,9.4,39,Good,6.0,UG/M3,1 Hr,Valid
Banja Luka,PM2.5 - Principal,2022-03-15 05:00 PM,2022,03,15,17,9.1,38,Good,8.9,UG/M3,1 Hr,Valid
Banja Luka,PM2.5 - Principal,2022-03-15 06:00 PM,2022,03,15,18,9.0,38,Good,8.9,UG/M3,1 Hr,Valid
Banja Luka,PM2.5 - Principal,2022-03-15 07:00 PM,2022,03,15,19,13.8,55,Moderate,18.5,UG/M3,1 Hr,Valid
Banja Luka,PM2.5 - Principal,2022-03-15 08:00 PM,2022,03,15,20,16.1,59,Moderate,18.5,UG/M3,1 Hr,Valid
Banja Luka,PM2.5 - Principal,2022-03-15 09:00 PM,2022,03,15,21,14.9,57,Moderate,13.8,UG/M3,1 Hr,Valid
Banja Luka,PM2.5 - Principal,2022-03-15 10:00 PM,2022,03,15,22,14.3,56,Moderate,13.8,UG/M3,1 Hr,Valid
Banja Luka,PM2.5 - Principal,2022-03-15 11:00 PM,2022,03,15,23,14.0,55,Moderate,13.8,UG/M3,1 Hr,Valid
Banja Luka,PM2.5 - Principal,2022-03-16 12:00 AM,2022,03,16,00,13.9,55,Moderate,13.8,UG/M3,1 Hr,Valid
Banja Luka,PM2.5 - Principal,2022-03-16 01:00 AM,2022,03,16,01,13.8,55,Moderate,13.8,UG/M3,1 Hr,Valid
Banja Luka,PM2.5 - Principal,2022-03-16 02:00 AM,2022,03,16,02,10.5,44,Good,7.2,UG/M3,1 Hr,Valid
Banja Luka,PM2.5 - Principal,2022-03-16 03:00 AM,2022,03,16,03,8.5,35,Good,6.5,UG/M3,1 Hr,Valid
Banja Luka,PM2.5 - Principal,2022-03-16 04:00 AM,2022,03,16,04,7.8,33,Good,7.2,UG/M3,1 Hr,Valid
Banja Luka,PM2.5 - Principal,2022-03-16 05:00 AM,2022,03,16,05,7.5,31,Good,7.2,UG/M3,1 Hr,Valid
Banja Luka,PM2.5 - Principal,2022-03-16 06:00 AM,2022,03,16,06,7.7,32,Good,7.9,UG/M3,1 Hr,Valid
Banja Luka,PM2.5 - Principal,2022-03-16 07:00 AM,2022,03,16,07,7.9,33,Good,8.1,UG/M3,1 Hr,Valid
Banja Luka,PM2.5 - Principal,2022-03-16 08:00 AM,2022,03,16,08,9.2,38,Good,10.5,UG/M3,1 Hr,Valid
Banja Luka,PM2.5 - Principal,2022-03-16 09:00 AM,2022,03,16,09,15.7,59,Moderate,22.2,UG/M3,1 Hr,Valid
Banja Luka,PM2.5 - Principal,2022-03-16 10:00 AM,2022,03,16,10,12.6,52,Moderate,9.5,UG/M3,1 Hr,Valid
Banja Luka,PM2.5 - Principal,2022-03-16 11:00 AM,2022,03,16,11,12.0,50,Good,11.5,UG/M3,1 Hr,Valid
Banja Luka,PM2.5 - Principal,2022-03-16 12:00 PM,2022,03,16,12,13.7,54,Moderate,15.3,UG/M3,1 Hr,Valid
Banja Luka,PM2.5 - Principal,2022-03-16 01:00 PM,2022,03,16,13,14.5,56,Moderate,15.3,UG/M3,1 Hr,Valid
Banja Luka,PM2.5 - Principal,2022-03-16 02:00 PM,2022,03,16,14,13.6,54,Moderate,12.7,UG/M3,1 Hr,Valid
Banja Luka,PM2.5 - Principal,2022-03-16 03:00 PM,2022,03,16,15,13.5,54,Moderate,13.5,UG/M3,1 Hr,Valid
Banja Luka,PM2.5 - Principal,2022-03-16 04:00 PM,2022,03,16,16,13.6,54,Moderate,13.7,UG/M3,1 Hr,Valid
Banja Luka,PM2.5 - Principal,2022-03-16 05:00 PM,2022,03,16,17,15.2,58,Moderate,16.7,UG/M3,1 Hr,Valid
Banja Luka,PM2.5 - Principal,2022-03-16 06:00 PM,2022,03,16,18,20.4,68,Moderate,25.7,UG/M3,1 Hr,Valid
Banja Luka,PM2.5 - Principal,2022-03-16 07:00 PM,2022,03,16,19,28.0,84,Moderate,35.6,UG/M3,1 Hr,Valid
Banja Luka,PM2.5 - Principal,2022-03-16 08:00 PM,2022,03,16,20,31.8,92,Moderate,35.6,UG/M3,1 Hr,Valid
Banja Luka,PM2.5 - Principal,2022-03-16 09:00 PM,2022,03,16,21,26.5,81,Moderate,21.1,UG/M3,1 Hr,Valid
Banja Luka,PM2.5 - Principal,2022-03-16 10:00 PM,2022,03,16,22,24.6,77,Moderate,22.8,UG/M3,1 Hr,Valid
Banja Luka,PM2.5 - Principal,2022-03-16 11:00 PM,2022,03,16,23,25.9,80,Moderate,27.1,UG/M3,1 Hr,Valid
Banja Luka,PM2.5 - Principal,2022-03-17 12:00 AM,2022,03,17,00,34.8,99,Moderate,43.8,UG/M3,1 Hr,Valid
Banja Luka,PM2.5 - Principal,2022-03-17 01:00 AM,2022,03,17,01,37.1,105,Unhealthy for Sensitive Groups,39.3,UG/M3,1 Hr,Valid
Banja Luka,PM2.5 - Principal,2022-03-17 02:00 AM,2022,03,17,02,39.9,112,Unhealthy for Sensitive Groups,42.6,UG/M3,1 Hr,Valid
Banja Luka,PM2.5 - Principal,2022-03-17 03:00 AM,2022,03,17,03,40.8,114,Unhealthy for Sensitive Groups,41.7,UG/M3,1 Hr,Valid
Banja Luka,PM2.5 - Principal,2022-03-17 04:00 AM,2022,03,17,04,42.3,118,Unhealthy for Sensitive Groups,43.7,UG/M3,1 Hr,Valid
Banja Luka,PM2.5 - Principal,2022-03-17 05:00 AM,2022,03,17,05,34.3,98,Moderate,26.3,UG/M3,1 Hr,Valid
Banja Luka,PM2.5 - Principal,2022-03-17 06:00 AM,2022,03,17,06,30.3,89,Moderate,26.3,UG/M3,1 Hr,Valid
Banja Luka,PM2.5 - Principal,2022-03-17 07:00 AM,2022,03,17,07,34.3,98,Moderate,38.4,UG/M3,1 Hr,Valid
Banja Luka,PM2.5 - Principal,2022-03-17 08:00 AM,2022,03,17,08,56.6,152,Unhealthy,78.9,UG/M3,1 Hr,Valid
Banja Luka,PM2.5 - Principal,2022-03-17 09:00 AM,2022,03,17,09,67.8,157,Unhealthy,78.9,UG/M3,1 Hr,Valid
Banja Luka,PM2.5 - Principal,2022-03-17 10:00 AM,2022,03,17,10,49.9,136,Unhealthy for Sensitive Groups,32.0,UG/M3,1 Hr,Valid
Banja Luka,PM2.5 - Principal,2022-03-17 11:00 AM,2022,03,17,11,41.0,115,Unhealthy for Sensitive Groups,32.1,UG/M3,1 Hr,Valid
Banja Luka,PM2.5 - Principal,2022-03-17 12:00 PM,2022,03,17,12,37.2,105,Unhealthy for Sensitive Groups,33.4,UG/M3,1 Hr,Valid
Banja Luka,PM2.5 - Principal,2022-03-17 01:00 PM,2022,03,17,13,32.4,94,Moderate,27.7,UG/M3,1 Hr,Valid
Banja Luka,PM2.5 - Principal,2022-03-17 02:00 PM,2022,03,17,14,30.1,89,Moderate,27.7,UG/M3,1 Hr,Valid
Banja Luka,PM2.5 - Principal,2022-03-17 03:00 PM,2022,03,17,15,28.9,86,Moderate,27.7,UG/M3,1 Hr,Valid
Banja Luka,PM2.5 - Principal,2022-03-17 04:00 PM,2022,03,17,16,22.9,74,Moderate,16.9,UG/M3,1 Hr,Valid
Banja Luka,PM2.5 - Principal,2022-03-17 05:00 PM,2022,03,17,17,21.3,70,Moderate,19.7,UG/M3,1 Hr,Valid
Banja Luka,PM2.5 - Principal,2022-03-17 06:00 PM,2022,03,17,18,20.5,69,Moderate,19.7,UG/M3,1 Hr,Valid
Banja Luka,PM2.5 - Principal,2022-03-17 07:00 PM,2022,03,17,19,20.1,68,Moderate,19.7,UG/M3,1 Hr,Valid
Banja Luka,PM2.5 - Principal,2022-03-17 08:00 PM,2022,03,17,20,26.6,81,Moderate,33.2,UG/M3,1 Hr,Valid
Banja Luka,PM2.5 - Principal,2022-03-17 09:00 PM,2022,03,17,21,30.7,90,Moderate,34.7,UG/M3,1 Hr,Valid
Banja Luka,PM2.5 - Principal,2022-03-17 10:00 PM,2022,03,17,22,32.7,94,Moderate,34.7,UG/M3,1 Hr,Valid
Banja Luka,PM2.5 - Principal,2022-03-17 11:00 PM,2022,03,17,23,40.8,114,Unhealthy for Sensitive Groups,49.0,UG/M3,1 Hr,Valid
Banja Luka,PM2.5 - Principal,2022-03-18 12:00 AM,2022,03,18,00,42.4,118,Unhealthy for Sensitive Groups,43.9,UG/M3,1 Hr,Valid
Banja Luka,PM2.5 - Principal,2022-03-18 01:00 AM,2022,03,18,01,40.4,113,Unhealthy for Sensitive Groups,38.5,UG/M3,1 Hr,Valid
Banja Luka,PM2.5 - Principal,2022-03-18 02:00 AM,2022,03,18,02,40.8,114,Unhealthy for Sensitive Groups,41.1,UG/M3,1 Hr,Valid
Banja Luka,PM2.5 - Principal,2022-03-18 03:00 AM,2022,03,18,03,41.0,115,Unhealthy for Sensitive Groups,41.2,UG/M3,1 Hr,Valid
Banja Luka,PM2.5 - Principal,2022-03-18 04:00 AM,2022,03,18,04,40.4,113,Unhealthy for Sensitive Groups,39.9,UG/M3,1 Hr,Valid
Banja Luka,PM2.5 - Principal,2022-03-18 05:00 AM,2022,03,18,05,40.1,112,Unhealthy for Sensitive Groups,39.8,UG/M3,1 Hr,Valid
Banja Luka,PM2.5 - Principal,2022-03-18 06:00 AM,2022,03,18,06,40.0,112,Unhealthy for Sensitive Groups,39.8,UG/M3,1 Hr,Valid
Banja Luka,PM2.5 - Principal,2022-03-18 07:00 AM,2022,03,18,07,62.7,155,Unhealthy,85.3,UG/M3,1 Hr,Valid
Banja Luka,PM2.5 - Principal,2022-03-18 08:00 AM,2022,03,18,08,53.7,146,Unhealthy for Sensitive Groups,44.8,UG/M3,1 Hr,Valid
Banja Luka,PM2.5 - Principal,2022-03-18 09:00 AM,2022,03,18,09,54.6,148,Unhealthy for Sensitive Groups,55.6,UG/M3,1 Hr,Valid
Banja Luka,PM2.5 - Principal,2022-03-18 10:00 AM,2022,03,18,10,50.9,139,Unhealthy for Sensitive Groups,47.2,UG/M3,1 Hr,Valid
Banja Luka,PM2.5 - Principal,2022-03-18 11:00 AM,2022,03,18,11,49.1,134,Unhealthy for Sensitive Groups,47.2,UG/M3,1 Hr,Valid
Banja Luka,PM2.5 - Principal,2022-03-18 12:00 PM,2022,03,18,12,41.8,117,Unhealthy for Sensitive Groups,34.6,UG/M3,1 Hr,Valid
Banja Luka,PM2.5 - Principal,2022-03-18 01:00 PM,2022,03,18,13,38.2,108,Unhealthy for Sensitive Groups,34.6,UG/M3,1 Hr,Valid
Banja Luka,PM2.5 - Principal,2022-03-18 02:00 PM,2022,03,18,14,29.3,87,Moderate,20.4,UG/M3,1 Hr,Valid
Banja Luka,PM2.5 - Principal,2022-03-18 03:00 PM,2022,03,18,15,24.4,77,Moderate,19.5,UG/M3,1 Hr,Valid
Banja Luka,PM2.5 - Principal,2022-03-18 04:00 PM,2022,03,18,16,22.0,72,Moderate,19.5,UG/M3,1 Hr,Valid
Banja Luka,PM2.5 - Principal,2022-03-18 05:00 PM,2022,03,18,17,19.7,67,Moderate,17.5,UG/M3,1 Hr,Valid
Banja Luka,PM2.5 - Principal,2022-03-18 06:00 PM,2022,03,18,18,19.0,66,Moderate,18.2,UG/M3,1 Hr,Valid
Banja Luka,PM2.5 - Principal,2022-03-18 07:00 PM,2022,03,18,19,18.6,65,Moderate,18.2,UG/M3,1 Hr,Valid
Banja Luka,PM2.5 - Principal,2022-03-18 08:00 PM,2022,03,18,20,19.1,66,Moderate,19.6,UG/M3,1 Hr,Valid
Banja Luka,PM2.5 - Principal,2022-03-18 09:00 PM,2022,03,18,21,58.0,152,Unhealthy,97.0,UG/M3,1 Hr,Valid
Banja Luka,PM2.5 - Principal,2022-03-18 10:00 PM,2022,03,18,22,89.7,169,Unhealthy,121.3,UG/M3,1 Hr,Valid
Banja Luka,PM2.5 - Principal,2022-03-18 11:00 PM,2022,03,18,23,105.5,177,Unhealthy,121.3,UG/M3,1 Hr,Valid
Banja Luka,PM2.5 - Principal,2022-03-19 12:00 AM,2022,03,19,00,97.9,173,Unhealthy,90.3,UG/M3,1 Hr,Valid
Banja Luka,PM2.5 - Principal,2022-03-19 01:00 AM,2022,03,19,01,85.6,167,Unhealthy,73.3,UG/M3,1 Hr,Valid
Banja Luka,PM2.5 - Principal,2022-03-19 02:00 AM,2022,03,19,02,67.8,157,Unhealthy,50.0,UG/M3,1 Hr,Valid
Banja Luka,PM2.5 - Principal,2022-03-19 03:00 AM,2022,03,19,03,62.1,154,Unhealthy,56.5,UG/M3,1 Hr,Valid
Banja Luka,PM2.5 - Principal,2022-03-19 04:00 AM,2022,03,19,04,59.3,153,Unhealthy,56.5,UG/M3,1 Hr,Valid
Banja Luka,PM2.5 - Principal,2022-03-19 05:00 AM,2022,03,19,05,51.6,141,Unhealthy for Sensitive Groups,44.0,UG/M3,1 Hr,Valid
Banja Luka,PM2.5 - Principal,2022-03-19 06:00 AM,2022,03,19,06,47.8,131,Unhealthy for Sensitive Groups,44.0,UG/M3,1 Hr,Valid
Banja Luka,PM2.5 - Principal,2022-03-19 07:00 AM,2022,03,19,07,45.9,127,Unhealthy for Sensitive Groups,44.0,UG/M3,1 Hr,Valid
Banja Luka,PM2.5 - Principal,2022-03-19 08:00 AM,2022,03,19,08,53.4,145,Unhealthy for Sensitive Groups,61.0,UG/M3,1 Hr,Valid
Banja Luka,PM2.5 - Principal,2022-03-19 09:00 AM,2022,03,19,09,43.3,120,Unhealthy for Sensitive Groups,33.2,UG/M3,1 Hr,Valid
Banja Luka,PM2.5 - Principal,2022-03-19 10:00 AM,2022,03,19,10,40.6,114,Unhealthy for Sensitive Groups,37.9,UG/M3,1 Hr,Valid
Banja Luka,PM2.5 - Principal,2022-03-19 11:00 AM,2022,03,19,11,42.7,119,Unhealthy for Sensitive Groups,44.7,UG/M3,1 Hr,Valid
Banja Luka,PM2.5 - Principal,2022-03-19 12:00 PM,2022,03,19,12,43.7,121,Unhealthy for Sensitive Groups,44.7,UG/M3,1 Hr,Valid
Banja Luka,PM2.5 - Principal,2022-03-19 01:00 PM,2022,03,19,13,29.8,88,Moderate,15.9,UG/M3,1 Hr,Valid
Banja Luka,PM2.5 - Principal,2022-03-19 02:00 PM,2022,03,19,14,24.8,78,Moderate,19.8,UG/M3,1 Hr,Valid
Banja Luka,PM2.5 - Principal,2022-03-19 03:00 PM,2022,03,19,15,21.6,71,Moderate,18.3,UG/M3,1 Hr,Valid
Banja Luka,PM2.5 - Principal,2022-03-19 04:00 PM,2022,03,19,16,22.6,73,Moderate,23.7,UG/M3,1 Hr,Valid
Banja Luka,PM2.5 - Principal,2022-03-19 05:00 PM,2022,03,19,17,21.4,71,Moderate,20.3,UG/M3,1 Hr,Valid
Banja Luka,PM2.5 - Principal,2022-03-19 06:00 PM,2022,03,19,18,21.4,71,Moderate,21.3,UG/M3,1 Hr,Valid
Banja Luka,PM2.5 - Principal,2022-03-19 07:00 PM,2022,03,19,19,22.6,73,Moderate,23.7,UG/M3,1 Hr,Valid
Banja Luka,PM2.5 - Principal,2022-03-19 08:00 PM,2022,03,19,20,23.0,74,Moderate,23.4,UG/M3,1 Hr,Valid
Banja Luka,PM2.5 - Principal,2022-03-19 09:00 PM,2022,03,19,21,29.3,87,Moderate,35.7,UG/M3,1 Hr,Valid
Banja Luka,PM2.5 - Principal,2022-03-19 10:00 PM,2022,03,19,22,95.2,171,Unhealthy,161.1,UG/M3,1 Hr,Valid
Banja Luka,PM2.5 - Principal,2022-03-19 11:00 PM,2022,03,19,23,116.2,182,Unhealthy,137.1,UG/M3,1 Hr,Valid
Banja Luka,PM2.5 - Principal,2022-03-20 12:00 AM,2022,03,20,00,99.4,174,Unhealthy,82.6,UG/M3,1 Hr,Valid
Banja Luka,PM2.5 - Principal,2022-03-20 01:00 AM,2022,03,20,01,94.3,171,Unhealthy,89.3,UG/M3,1 Hr,Valid
Banja Luka,PM2.5 - Principal,2022-03-20 02:00 AM,2022,03,20,02,91.5,170,Unhealthy,88.6,UG/M3,1 Hr,Valid
Banja Luka,PM2.5 - Principal,2022-03-20 03:00 AM,2022,03,20,03,80.8,164,Unhealthy,70.1,UG/M3,1 Hr,Valid
Banja Luka,PM2.5 - Principal,2022-03-20 04:00 AM,2022,03,20,04,69.8,158,Unhealthy,58.8,UG/M3,1 Hr,Valid
Banja Luka,PM2.5 - Principal,2022-03-20 05:00 AM,2022,03,20,05,66.0,156,Unhealthy,62.2,UG/M3,1 Hr,Valid
Banja Luka,PM2.5 - Principal,2022-03-20 06:00 AM,2022,03,20,06,68.2,158,Unhealthy,70.5,UG/M3,1 Hr,Valid
Banja Luka,PM2.5 - Principal,2022-03-20 07:00 AM,2022,03,20,07,71.9,159,Unhealthy,75.6,UG/M3,1 Hr,Valid
Banja Luka,PM2.5 - Principal,2022-03-20 08:00 AM,2022,03,20,08,71.9,159,Unhealthy,90.3,UG/M3,1 Hr,Invalid
Banja Luka,PM2.5 - Principal,2022-03-20 09:00 AM,2022,03,20,09,-999.0,-999,N/A,90.3,UG/M3,1 Hr,Invalid
Banja Luka,PM2.5 - Principal,2022-03-20 10:00 AM,2022,03,20,10,-999.0,-999,N/A,90.3,UG/M3,1 Hr,Invalid
Banja Luka,PM2.5 - Principal,2022-03-20 11:00 AM,2022,03,20,11,-999.0,-999,N/A,90.3,UG/M3,1 Hr,Invalid
Banja Luka,PM2.5 - Principal,2022-03-20 12:00 PM,2022,03,20,12,-999.0,-999,N/A,90.3,UG/M3,1 Hr,Invalid
Banja Luka,PM2.5 - Principal,2022-03-20 01:00 PM,2022,03,20,13,-999.0,-999,N/A,90.3,UG/M3,1 Hr,Invalid
Banja Luka,PM2.5 - Principal,2022-03-20 02:00 PM,2022,03,20,14,-999.0,-999,N/A,90.3,UG/M3,1 Hr,Invalid
Banja Luka,PM2.5 - Principal,2022-03-20 03:00 PM,2022,03,20,15,-999.0,-999,N/A,90.3,UG/M3,1 Hr,Invalid
Banja Luka,PM2.5 - Principal,2022-03-20 04:00 PM,2022,03,20,16,-999.0,-999,N/A,90.3,UG/M3,1 Hr,Invalid
Banja Luka,PM2.5 - Principal,2022-03-20 05:00 PM,2022,03,20,17,-999.0,-999,N/A,90.3,UG/M3,1 Hr,Invalid
Banja Luka,PM2.5 - Principal,2022-03-20 06:00 PM,2022,03,20,18,-999.0,-999,N/A,90.3,UG/M3,1 Hr,Invalid
Banja Luka,PM2.5 - Principal,2022-03-20 07:00 PM,2022,03,20,19,-999.0,-999,N/A,90.3,UG/M3,1 Hr,Invalid
Banja Luka,PM2.5 - Principal,2022-03-20 08:00 PM,2022,03,20,20,-999.0,-999,N/A,90.3,UG/M3,1 Hr,Invalid
Banja Luka,PM2.5 - Principal,2022-03-20 09:00 PM,2022,03,20,21,-999.0,-999,N/A,90.3,UG/M3,1 Hr,Invalid
Banja Luka,PM2.5 - Principal,2022-03-20 10:00 PM,2022,03,20,22,-999.0,-999,N/A,90.3,UG/M3,1 Hr,Invalid
Banja Luka,PM2.5 - Principal,2022-03-20 11:00 PM,2022,03,20,23,-999.0,-999,N/A,90.3,UG/M3,1 Hr,Invalid
Banja Luka,PM2.5 - Principal,2022-03-21 12:00 AM,2022,03,21,00,-999.0,-999,N/A,90.3,UG/M3,1 Hr,Invalid
Banja Luka,PM2.5 - Principal,2022-03-21 01:00 AM,2022,03,21,01,-999.0,-999,N/A,90.3,UG/M3,1 Hr,Invalid
Banja Luka,PM2.5 - Principal,2022-03-21 02:00 AM,2022,03,21,02,-999.0,-999,N/A,90.3,UG/M3,1 Hr,Invalid
Banja Luka,PM2.5 - Principal,2022-03-21 03:00 AM,2022,03,21,03,-999.0,-999,N/A,90.3,UG/M3,1 Hr,Invalid
Banja Luka,PM2.5 - Principal,2022-03-21 04:00 AM,2022,03,21,04,-999.0,-999,N/A,90.3,UG/M3,1 Hr,Invalid
Banja Luka,PM2.5 - Principal,2022-03-21 02:00 PM,2022,03,21,14,-999.0,-999,N/A,18.8,UG/M3,1 Hr,Valid
Banja Luka,PM2.5 - Principal,2022-03-21 03:00 PM,2022,03,21,15,18.1,64,Moderate,17.5,UG/M3,1 Hr,Valid
Banja Luka,PM2.5 - Principal,2022-03-21 04:00 PM,2022,03,21,16,18.6,65,Moderate,19.6,UG/M3,1 Hr,Valid
Banja Luka,PM2.5 - Principal,2022-03-21 05:00 PM,2022,03,21,17,18.4,64,Moderate,17.9,UG/M3,1 Hr,Valid
Banja Luka,PM2.5 - Principal,2022-03-21 06:00 PM,2022,03,21,18,19.1,66,Moderate,20.9,UG/M3,1 Hr,Valid
Banja Luka,PM2.5 - Principal,2022-03-21 07:00 PM,2022,03,21,19,26.6,81,Moderate,33.8,UG/M3,1 Hr,Valid
Banja Luka,PM2.5 - Principal,2022-03-21 08:00 PM,2022,03,21,20,82.2,165,Unhealthy,136.7,UG/M3,1 Hr,Valid
Banja Luka,PM2.5 - Principal,2022-03-21 09:00 PM,2022,03,21,21,107.8,178,Unhealthy,133.1,UG/M3,1 Hr,Valid
Banja Luka,PM2.5 - Principal,2022-03-21 10:00 PM,2022,03,21,22,123.3,186,Unhealthy,138.8,UG/M3,1 Hr,Valid
Banja Luka,PM2.5 - Principal,2022-03-21 11:00 PM,2022,03,21,23,123.3,186,Unhealthy,123.2,UG/M3,1 Hr,Valid
Banja Luka,PM2.5 - Principal,2022-03-22 12:00 AM,2022,03,22,00,109.4,179,Unhealthy,95.6,UG/M3,1 Hr,Valid
Banja Luka,PM2.5 - Principal,2022-03-22 01:00 AM,2022,03,22,01,91.5,170,Unhealthy,73.6,UG/M3,1 Hr,Valid
Banja Luka,PM2.5 - Principal,2022-03-22 02:00 AM,2022,03,22,02,74.6,161,Unhealthy,57.7,UG/M3,1 Hr,Valid
Banja Luka,PM2.5 - Principal,2022-03-22 03:00 AM,2022,03,22,03,63.7,155,Unhealthy,52.9,UG/M3,1 Hr,Valid
Banja Luka,PM2.5 - Principal,2022-03-22 04:00 AM,2022,03,22,04,53.3,145,Unhealthy for Sensitive Groups,42.8,UG/M3,1 Hr,Valid
Banja Luka,PM2.5 - Principal,2022-03-22 05:00 AM,2022,03,22,05,47.1,130,Unhealthy for Sensitive Groups,40.8,UG/M3,1 Hr,Valid
Banja Luka,PM2.5 - Principal,2022-03-22 06:00 AM,2022,03,22,06,44.8,124,Unhealthy for Sensitive Groups,42.6,UG/M3,1 Hr,Valid
Banja Luka,PM2.5 - Principal,2022-03-22 07:00 AM,2022,03,22,07,48.8,134,Unhealthy for Sensitive Groups,52.8,UG/M3,1 Hr,Valid
Banja Luka,PM2.5 - Principal,2022-03-22 08:00 AM,2022,03,22,08,41.2,115,Unhealthy for Sensitive Groups,33.6,UG/M3,1 Hr,Valid
Banja Luka,PM2.5 - Principal,2022-03-22 09:00 AM,2022,03,22,09,39.0,110,Unhealthy for Sensitive Groups,36.9,UG/M3,1 Hr,Valid
Banja Luka,PM2.5 - Principal,2022-03-22 10:00 AM,2022,03,22,10,42.8,119,Unhealthy for Sensitive Groups,46.7,UG/M3,1 Hr,Valid
Banja Luka,PM2.5 - Principal,2022-03-22 11:00 AM,2022,03,22,11,38.8,109,Unhealthy for Sensitive Groups,34.7,UG/M3,1 Hr,Valid
Banja Luka,PM2.5 - Principal,2022-03-22 12:00 PM,2022,03,22,12,32.5,94,Moderate,26.3,UG/M3,1 Hr,Valid
Banja Luka,PM2.5 - Principal,2022-03-22 01:00 PM,2022,03,22,13,27.5,83,Moderate,22.6,UG/M3,1 Hr,Valid
Banja Luka,PM2.5 - Principal,2022-03-22 02:00 PM,2022,03,22,14,25.2,79,Moderate,22.8,UG/M3,1 Hr,Valid
Banja Luka,PM2.5 - Principal,2022-03-22 03:00 PM,2022,03,22,15,23.6,75,Moderate,22.0,UG/M3,1 Hr,Valid
Banja Luka,PM2.5 - Principal,2022-03-22 04:00 PM,2022,03,22,16,23.4,75,Moderate,23.3,UG/M3,1 Hr,Valid
Banja Luka,PM2.5 - Principal,2022-03-22 05:00 PM,2022,03,22,17,23.5,75,Moderate,23.5,UG/M3,1 Hr,Valid
Banja Luka,PM2.5 - Principal,2022-03-22 06:00 PM,2022,03,22,18,33.5,96,Moderate,43.5,UG/M3,1 Hr,Valid
Banja Luka,PM2.5 - Principal,2022-03-22 07:00 PM,2022,03,22,19,85.9,167,Unhealthy,138.2,UG/M3,1 Hr,Valid
Banja Luka,PM2.5 - Principal,2022-03-22 08:00 PM,2022,03,22,20,111.8,180,Unhealthy,137.7,UG/M3,1 Hr,Valid
Banja Luka,PM2.5 - Principal,2022-03-22 09:00 PM,2022,03,22,21,124.6,187,Unhealthy,137.3,UG/M3,1 Hr,Valid
Banja Luka,PM2.5 - Principal,2022-03-22 10:00 PM,2022,03,22,22,128.0,188,Unhealthy,131.4,UG/M3,1 Hr,Valid
Banja Luka,PM2.5 - Principal,2022-03-22 11:00 PM,2022,03,22,23,120.0,184,Unhealthy,112.1,UG/M3,1 Hr,Valid
Banja Luka,PM2.5 - Principal,2022-03-23 12:00 AM,2022,03,23,00,98.5,173,Unhealthy,76.8,UG/M3,1 Hr,Valid
Banja Luka,PM2.5 - Principal,2022-03-23 01:00 AM,2022,03,23,01,78.2,163,Unhealthy,57.9,UG/M3,1 Hr,Valid
Banja Luka,PM2.5 - Principal,2022-03-23 02:00 AM,2022,03,23,02,68.2,158,Unhealthy,58.2,UG/M3,1 Hr,Valid
Banja Luka,PM2.5 - Principal,2022-03-23 03:00 AM,2022,03,23,03,58.1,152,Unhealthy,48.0,UG/M3,1 Hr,Valid
Banja Luka,PM2.5 - Principal,2022-03-23 04:00 AM,2022,03,23,04,51.7,141,Unhealthy for Sensitive Groups,45.2,UG/M3,1 Hr,Valid
Banja Luka,PM2.5 - Principal,2022-03-23 05:00 AM,2022,03,23,05,47.1,130,Unhealthy for Sensitive Groups,42.5,UG/M3,1 Hr,Valid
Banja Luka,PM2.5 - Principal,2022-03-23 06:00 AM,2022,03,23,06,45.9,127,Unhealthy for Sensitive Groups,44.7,UG/M3,1 Hr,Valid
Banja Luka,PM2.5 - Principal,2022-03-23 07:00 AM,2022,03,23,07,50.4,138,Unhealthy for Sensitive Groups,54.9,UG/M3,1 Hr,Valid
Banja Luka,PM2.5 - Principal,2022-03-23 08:00 AM,2022,03,23,08,57.1,152,Unhealthy,63.8,UG/M3,1 Hr,Valid
Banja Luka,PM2.5 - Principal,2022-03-23 09:00 AM,2022,03,23,09,58.3,152,Unhealthy,59.6,UG/M3,1 Hr,Valid
Banja Luka,PM2.5 - Principal,2022-03-23 10:00 AM,2022,03,23,10,45.7,126,Unhealthy for Sensitive Groups,33.1,UG/M3,1 Hr,Valid
Banja Luka,PM2.5 - Principal,2022-03-23 11:00 AM,2022,03,23,11,36.9,104,Unhealthy for Sensitive Groups,28.1,UG/M3,1 Hr,Valid
Banja Luka,PM2.5 - Principal,2022-03-23 12:00 PM,2022,03,23,12,32.4,94,Moderate,27.9,UG/M3,1 Hr,Valid
Banja Luka,PM2.5 - Principal,2022-03-23 01:00 PM,2022,03,23,13,28.8,86,Moderate,25.2,UG/M3,1 Hr,Valid
Banja Luka,PM2.5 - Principal,2022-03-23 02:00 PM,2022,03,23,14,25.3,79,Moderate,21.9,UG/M3,1 Hr,Valid
Banja Luka,PM2.5 - Principal,2022-03-23 03:00 PM,2022,03,23,15,23.4,75,Moderate,21.4,UG/M3,1 Hr,Valid
Banja Luka,PM2.5 - Principal,2022-03-23 04:00 PM,2022,03,23,16,22.0,72,Moderate,20.7,UG/M3,1 Hr,Valid
Banja Luka,PM2.5 - Principal,2022-03-23 05:00 PM,2022,03,23,17,23.0,74,Moderate,24.0,UG/M3,1 Hr,Valid
Banja Luka,PM2.5 - Principal,2022-03-23 06:00 PM,2022,03,23,18,28.8,86,Moderate,34.6,UG/M3,1 Hr,Valid
Banja Luka,PM2.5 - Principal,2022-03-23 07:00 PM,2022,03,23,19,88.9,168,Unhealthy,149.0,UG/M3,1 Hr,Valid
Banja Luka,PM2.5 - Principal,2022-03-23 08:00 PM,2022,03,23,20,109.2,179,Unhealthy,129.4,UG/M3,1 Hr,Valid
Banja Luka,PM2.5 - Principal,2022-03-23 09:00 PM,2022,03,23,21,139.5,194,Unhealthy,169.8,UG/M3,1 Hr,Valid
Banja Luka,PM2.5 - Principal,2022-03-23 10:00 PM,2022,03,23,22,132.8,191,Unhealthy,126.1,UG/M3,1 Hr,Valid
Banja Luka,PM2.5 - Principal,2022-03-23 11:00 PM,2022,03,23,23,123.5,186,Unhealthy,114.1,UG/M3,1 Hr,Valid
Banja Luka,PM2.5 - Principal,2022-03-24 12:00 AM,2022,03,24,00,109.0,179,Unhealthy,94.5,UG/M3,1 Hr,Valid
Banja Luka,PM2.5 - Principal,2022-03-24 01:00 AM,2022,03,24,01,73.8,160,Unhealthy,38.6,UG/M3,1 Hr,Valid
Banja Luka,PM2.5 - Principal,2022-03-24 02:00 AM,2022,03,24,02,54.5,148,Unhealthy for Sensitive Groups,35.1,UG/M3,1 Hr,Valid
Banja Luka,PM2.5 - Principal,2022-03-24 03:00 AM,2022,03,24,03,42.1,117,Unhealthy for Sensitive Groups,29.7,UG/M3,1 Hr,Valid
Banja Luka,PM2.5 - Principal,2022-03-24 04:00 AM,2022,03,24,04,35.9,102,Unhealthy for Sensitive Groups,29.7,UG/M3,1 Hr,Valid
Banja Luka,PM2.5 - Principal,2022-03-24 05:00 AM,2022,03,24,05,33.1,95,Moderate,30.4,UG/M3,1 Hr,Valid
Banja Luka,PM2.5 - Principal,2022-03-24 06:00 AM,2022,03,24,06,33.2,95,Moderate,33.3,UG/M3,1 Hr,Valid
Banja Luka,PM2.5 - Principal,2022-03-24 07:00 AM,2022,03,24,07,35.0,99,Moderate,36.8,UG/M3,1 Hr,Valid
Banja Luka,PM2.5 - Principal,2022-03-24 08:00 AM,2022,03,24,08,41.0,115,Unhealthy for Sensitive Groups,47.1,UG/M3,1 Hr,Valid
Banja Luka,PM2.5 - Principal,2022-03-24 09:00 AM,2022,03,24,09,38.6,109,Unhealthy for Sensitive Groups,36.1,UG/M3,1 Hr,Valid
Banja Luka,PM2.5 - Principal,2022-03-24 10:00 AM,2022,03,24,10,35.5,101,Unhealthy for Sensitive Groups,32.5,UG/M3,1 Hr,Valid
Banja Luka,PM2.5 - Principal,2022-03-24 11:00 AM,2022,03,24,11,31.1,91,Moderate,26.7,UG/M3,1 Hr,Valid
Banja Luka,PM2.5 - Principal,2022-03-24 12:00 PM,2022,03,24,12,27.6,84,Moderate,23.9,UG/M3,1 Hr,Valid
Banja Luka,PM2.5 - Principal,2022-03-24 01:00 PM,2022,03,24,13,29.8,88,Moderate,32.0,UG/M3,1 Hr,Valid
Banja Luka,PM2.5 - Principal,2022-03-24 02:00 PM,2022,03,24,14,25.2,79,Moderate,20.6,UG/M3,1 Hr,Valid
Banja Luka,PM2.5 - Principal,2022-03-24 03:00 PM,2022,03,24,15,22.0,72,Moderate,18.9,UG/M3,1 Hr,Valid
Banja Luka,PM2.5 - Principal,2022-03-24 04:00 PM,2022,03,24,16,21.1,70,Moderate,20.1,UG/M3,1 Hr,Valid
Banja Luka,PM2.5 - Principal,2022-03-24 05:00 PM,2022,03,24,17,19.2,66,Moderate,17.4,UG/M3,1 Hr,Valid
Banja Luka,PM2.5 - Principal,2022-03-24 06:00 PM,2022,03,24,18,18.5,64,Moderate,17.8,UG/M3,1 Hr,Valid
Banja Luka,PM2.5 - Principal,2022-03-24 07:00 PM,2022,03,24,19,72.6,160,Unhealthy,126.6,UG/M3,1 Hr,Valid
Banja Luka,PM2.5 - Principal,2022-03-24 08:00 PM,2022,03,24,20,123.3,186,Unhealthy,174.0,UG/M3,1 Hr,Valid
Banja Luka,PM2.5 - Principal,2022-03-24 09:00 PM,2022,03,24,21,149.9,200,Unhealthy,176.5,UG/M3,1 Hr,Valid
Banja Luka,PM2.5 - Principal,2022-03-24 10:00 PM,2022,03,24,22,188.3,238,Very Unhealthy,226.7,UG/M3,1 Hr,Valid
Banja Luka,PM2.5 - Principal,2022-03-24 11:00 PM,2022,03,24,23,120.7,185,Unhealthy,53.1,UG/M3,1 Hr,Valid
Banja Luka,PM2.5 - Principal,2022-03-25 12:00 AM,2022,03,25,00,75.1,161,Unhealthy,29.5,UG/M3,1 Hr,Valid
Banja Luka,PM2.5 - Principal,2022-03-25 01:00 AM,2022,03,25,01,51.3,140,Unhealthy for Sensitive Groups,27.5,UG/M3,1 Hr,Valid
Banja Luka,PM2.5 - Principal,2022-03-25 02:00 AM,2022,03,25,02,46.7,129,Unhealthy for Sensitive Groups,42.0,UG/M3,1 Hr,Valid
Banja Luka,PM2.5 - Principal,2022-03-25 03:00 AM,2022,03,25,03,54.8,149,Unhealthy for Sensitive Groups,62.9,UG/M3,1 Hr,Valid
Banja Luka,PM2.5 - Principal,2022-03-25 04:00 AM,2022,03,25,04,53.8,146,Unhealthy for Sensitive Groups,52.8,UG/M3,1 Hr,Valid
Banja Luka,PM2.5 - Principal,2022-03-25 05:00 AM,2022,03,25,05,55.0,149,Unhealthy for Sensitive Groups,56.2,UG/M3,1 Hr,Valid
Banja Luka,PM2.5 - Principal,2022-03-25 06:00 AM,2022,03,25,06,56.0,151,Unhealthy,56.9,UG/M3,1 Hr,Valid
Banja Luka,PM2.5 - Principal,2022-03-25 07:00 AM,2022,03,25,07,45.7,126,Unhealthy for Sensitive Groups,35.5,UG/M3,1 Hr,Valid
Banja Luka,PM2.5 - Principal,2022-03-25 08:00 AM,2022,03,25,08,38.6,109,Unhealthy for Sensitive Groups,31.4,UG/M3,1 Hr,Valid
Banja Luka,PM2.5 - Principal,2022-03-25 09:00 AM,2022,03,25,09,37.3,105,Unhealthy for Sensitive Groups,36.2,UG/M3,1 Hr,Valid
Banja Luka,PM2.5 - Principal,2022-03-25 10:00 AM,2022,03,25,10,33.9,97,Moderate,30.4,UG/M3,1 Hr,Valid
Banja Luka,PM2.5 - Principal,2022-03-25 11:00 AM,2022,03,25,11,32.4,94,Moderate,30.9,UG/M3,1 Hr,Valid
Banja Luka,PM2.5 - Principal,2022-03-25 12:00 PM,2022,03,25,12,29.5,88,Moderate,26.7,UG/M3,1 Hr,Valid
Banja Luka,PM2.5 - Principal,2022-03-25 01:00 PM,2022,03,25,13,24.2,76,Moderate,19.0,UG/M3,1 Hr,Valid
Banja Luka,PM2.5 - Principal,2022-03-25 02:00 PM,2022,03,25,14,19.9,67,Moderate,15.7,UG/M3,1 Hr,Valid
Banja Luka,PM2.5 - Principal,2022-03-25 03:00 PM,2022,03,25,15,17.2,62,Moderate,14.5,UG/M3,1 Hr,Valid
Banja Luka,PM2.5 - Principal,2022-03-25 04:00 PM,2022,03,25,16,14.7,56,Moderate,12.2,UG/M3,1 Hr,Valid
Banja Luka,PM2.5 - Principal,2022-03-25 05:00 PM,2022,03,25,17,14.4,56,Moderate,14.1,UG/M3,1 Hr,Valid
Banja Luka,PM2.5 - Principal,2022-03-25 06:00 PM,2022,03,25,18,19.1,66,Moderate,23.7,UG/M3,1 Hr,Valid
Banja Luka,PM2.5 - Principal,2022-03-25 07:00 PM,2022,03,25,19,72.5,160,Unhealthy,126.0,UG/M3,1 Hr,Valid
Banja Luka,PM2.5 - Principal,2022-03-25 08:00 PM,2022,03,25,20,105.4,177,Unhealthy,138.2,UG/M3,1 Hr,Valid
Banja Luka,PM2.5 - Principal,2022-03-25 09:00 PM,2022,03,25,21,110.4,179,Unhealthy,115.4,UG/M3,1 Hr,Valid
Banja Luka,PM2.5 - Principal,2022-03-25 10:00 PM,2022,03,25,22,109.2,179,Unhealthy,108.0,UG/M3,1 Hr,Valid
Banja Luka,PM2.5 - Principal,2022-03-25 11:00 PM,2022,03,25,23,104.9,177,Unhealthy,100.6,UG/M3,1 Hr,Valid
Banja Luka,PM2.5 - Principal,2022-03-26 12:00 AM,2022,03,26,00,104.0,176,Unhealthy,103.1,UG/M3,1 Hr,Valid
Banja Luka,PM2.5 - Principal,2022-03-26 01:00 AM,2022,03,26,01,86.6,167,Unhealthy,69.2,UG/M3,1 Hr,Valid
Banja Luka,PM2.5 - Principal,2022-03-26 02:00 AM,2022,03,26,02,71.7,159,Unhealthy,56.9,UG/M3,1 Hr,Valid
Banja Luka,PM2.5 - Principal,2022-03-26 03:00 AM,2022,03,26,03,62.7,155,Unhealthy,53.6,UG/M3,1 Hr,Valid
Banja Luka,PM2.5 - Principal,2022-03-26 04:00 AM,2022,03,26,04,64.9,156,Unhealthy,67.1,UG/M3,1 Hr,Valid
Banja Luka,PM2.5 - Principal,2022-03-26 05:00 AM,2022,03,26,05,49.7,136,Unhealthy for Sensitive Groups,34.4,UG/M3,1 Hr,Valid
Banja Luka,PM2.5 - Principal,2022-03-26 06:00 AM,2022,03,26,06,40.3,113,Unhealthy for Sensitive Groups,31.0,UG/M3,1 Hr,Valid
Banja Luka,PM2.5 - Principal,2022-03-26 07:00 AM,2022,03,26,07,32.6,94,Moderate,24.8,UG/M3,1 Hr,Valid
Banja Luka,PM2.5 - Principal,2022-03-26 08:00 AM,2022,03,26,08,28.2,85,Moderate,23.8,UG/M3,1 Hr,Valid
Banja Luka,PM2.5 - Principal,2022-03-26 09:00 AM,2022,03,26,09,27.4,83,Moderate,26.7,UG/M3,1 Hr,Valid
Banja Luka,PM2.5 - Principal,2022-03-26 10:00 AM,2022,03,26,10,23.8,76,Moderate,20.2,UG/M3,1 Hr,Valid
Banja Luka,PM2.5 - Principal,2022-03-26 11:00 AM,2022,03,26,11,19.7,67,Moderate,15.6,UG/M3,1 Hr,Valid
Banja Luka,PM2.5 - Principal,2022-03-26 12:00 PM,2022,03,26,12,16.7,61,Moderate,13.8,UG/M3,1 Hr,Valid
Banja Luka,PM2.5 - Principal,2022-03-26 01:00 PM,2022,03,26,13,14.2,55,Moderate,11.7,UG/M3,1 Hr,Valid
Banja Luka,PM2.5 - Principal,2022-03-26 02:00 PM,2022,03,26,14,13.7,54,Moderate,13.3,UG/M3,1 Hr,Valid
Banja Luka,PM2.5 - Principal,2022-03-26 03:00 PM,2022,03,26,15,13.9,55,Moderate,14.2,UG/M3,1 Hr,Valid
Banja Luka,PM2.5 - Principal,2022-03-26 04:00 PM,2022,03,26,16,14.7,56,Moderate,15.5,UG/M3,1 Hr,Valid
Banja Luka,PM2.5 - Principal,2022-03-26 05:00 PM,2022,03,26,17,15.5,58,Moderate,16.3,UG/M3,1 Hr,Valid
Banja Luka,PM2.5 - Principal,2022-03-26 06:00 PM,2022,03,26,18,17.5,62,Moderate,19.6,UG/M3,1 Hr,Valid
Banja Luka,PM2.5 - Principal,2022-03-26 07:00 PM,2022,03,26,19,58.3,152,Unhealthy,99.0,UG/M3,1 Hr,Valid
Banja Luka,PM2.5 - Principal,2022-03-26 08:00 PM,2022,03,26,20,71.5,159,Unhealthy,84.7,UG/M3,1 Hr,Valid
Banja Luka,PM2.5 - Principal,2022-03-26 09:00 PM,2022,03,26,21,109.8,179,Unhealthy,148.1,UG/M3,1 Hr,Valid
Banja Luka,PM2.5 - Principal,2022-03-26 10:00 PM,2022,03,26,22,109.6,179,Unhealthy,109.4,UG/M3,1 Hr,Valid
Banja Luka,PM2.5 - Principal,2022-03-26 11:00 PM,2022,03,26,23,79.1,163,Unhealthy,48.5,UG/M3,1 Hr,Valid
Banja Luka,PM2.5 - Principal,2022-03-27 12:00 AM,2022,03,27,00,56.3,151,Unhealthy,33.6,UG/M3,1 Hr,Valid
Banja Luka,PM2.5 - Principal,2022-03-27 01:00 AM,2022,03,27,01,43.6,121,Unhealthy for Sensitive Groups,30.9,UG/M3,1 Hr,Valid
Banja Luka,PM2.5 - Principal,2022-03-27 02:00 AM,2022,03,27,02,34.6,98,Moderate,25.5,UG/M3,1 Hr,Valid
Banja Luka,PM2.5 - Principal,2022-03-27 04:00 AM,2022,03,27,04,34.6,98,Moderate,-999.0,UG/M3,1 Hr,Missing
Banja Luka,PM2.5 - Principal,2022-03-27 05:00 AM,2022,03,27,05,28.2,85,Moderate,25.0,UG/M3,1 Hr,Valid
Banja Luka,PM2.5 - Principal,2022-03-27 06:00 AM,2022,03,27,06,25.3,79,Moderate,23.1,UG/M3,1 Hr,Valid
Banja Luka,PM2.5 - Principal,2022-03-27 07:00 AM,2022,03,27,07,24.4,77,Moderate,23.6,UG/M3,1 Hr,Valid
Banja Luka,PM2.5 - Principal,2022-03-27 08:00 AM,2022,03,27,08,29.5,88,Moderate,34.4,UG/M3,1 Hr,Valid
Banja Luka,PM2.5 - Principal,2022-03-27 09:00 AM,2022,03,27,09,34.1,97,Moderate,38.6,UG/M3,1 Hr,Valid
Banja Luka,PM2.5 - Principal,2022-03-27 10:00 AM,2022,03,27,10,28.7,86,Moderate,23.4,UG/M3,1 Hr,Valid
Banja Luka,PM2.5 - Principal,2022-03-27 11:00 AM,2022,03,27,11,30.2,89,Moderate,31.7,UG/M3,1 Hr,Valid
Banja Luka,PM2.5 - Principal,2022-03-27 12:00 PM,2022,03,27,12,28.8,86,Moderate,27.1,UG/M3,1 Hr,Valid
Banja Luka,PM2.5 - Principal,2022-03-27 01:00 PM,2022,03,27,13,27.7,84,Moderate,26.0,UG/M3,1 Hr,Valid
Banja Luka,PM2.5 - Principal,2022-03-27 02:00 PM,2022,03,27,14,25.7,80,Moderate,22.9,UG/M3,1 Hr,Valid
Banja Luka,PM2.5 - Principal,2022-03-27 03:00 PM,2022,03,27,15,24.9,78,Moderate,23.7,UG/M3,1 Hr,Valid
Banja Luka,PM2.5 - Principal,2022-03-27 04:00 PM,2022,03,27,16,26.3,81,Moderate,28.4,UG/M3,1 Hr,Valid
Banja Luka,PM2.5 - Principal,2022-03-27 05:00 PM,2022,03,27,17,27.5,83,Moderate,29.3,UG/M3,1 Hr,Valid
Banja Luka,PM2.5 - Principal,2022-03-27 06:00 PM,2022,03,27,18,27.1,83,Moderate,26.5,UG/M3,1 Hr,Valid
Banja Luka,PM2.5 - Principal,2022-03-27 07:00 PM,2022,03,27,19,22.4,73,Moderate,17.7,UG/M3,1 Hr,Valid
Banja Luka,PM2.5 - Principal,2022-03-27 08:00 PM,2022,03,27,20,23.1,74,Moderate,23.8,UG/M3,1 Hr,Valid
Banja Luka,PM2.5 - Principal,2022-03-27 09:00 PM,2022,03,27,21,56.4,151,Unhealthy,89.7,UG/M3,1 Hr,Valid
Banja Luka,PM2.5 - Principal,2022-03-27 10:00 PM,2022,03,27,22,88.5,168,Unhealthy,120.5,UG/M3,1 Hr,Valid
Banja Luka,PM2.5 - Principal,2022-03-27 11:00 PM,2022,03,27,23,93.7,171,Unhealthy,99.0,UG/M3,1 Hr,Valid
Banja Luka,PM2.5 - Principal,2022-03-28 12:00 AM,2022,03,28,00,97.7,173,Unhealthy,101.7,UG/M3,1 Hr,Valid
Banja Luka,PM2.5 - Principal,2022-03-28 01:00 AM,2022,03,28,01,88.6,168,Unhealthy,79.4,UG/M3,1 Hr,Valid
Banja Luka,PM2.5 - Principal,2022-03-28 02:00 AM,2022,03,28,02,74.9,161,Unhealthy,61.2,UG/M3,1 Hr,Valid
Banja Luka,PM2.5 - Principal,2022-03-28 03:00 AM,2022,03,28,03,68.3,158,Unhealthy,61.7,UG/M3,1 Hr,Valid
Banja Luka,PM2.5 - Principal,2022-03-28 04:00 AM,2022,03,28,04,62.1,154,Unhealthy,55.9,UG/M3,1 Hr,Valid
Banja Luka,PM2.5 - Principal,2022-03-28 05:00 AM,2022,03,28,05,54.2,147,Unhealthy for Sensitive Groups,46.4,UG/M3,1 Hr,Valid
Banja Luka,PM2.5 - Principal,2022-03-28 06:00 AM,2022,03,28,06,50.3,137,Unhealthy for Sensitive Groups,46.4,UG/M3,1 Hr,Valid
Banja Luka,PM2.5 - Principal,2022-03-28 07:00 AM,2022,03,28,07,44.8,124,Unhealthy for Sensitive Groups,39.2,UG/M3,1 Hr,Valid
Banja Luka,PM2.5 - Principal,2022-03-28 08:00 AM,2022,03,28,08,43.6,121,Unhealthy for Sensitive Groups,42.3,UG/M3,1 Hr,Valid
Banja Luka,PM2.5 - Principal,2022-03-28 09:00 AM,2022,03,28,09,42.3,118,Unhealthy for Sensitive Groups,41.0,UG/M3,1 Hr,Valid
Banja Luka,PM2.5 - Principal,2022-03-28 10:00 AM,2022,03,28,10,41.3,115,Unhealthy for Sensitive Groups,40.3,UG/M3,1 Hr,Valid
Banja Luka,PM2.5 - Principal,2022-03-28 11:00 AM,2022,03,28,11,45.2,125,Unhealthy for Sensitive Groups,49.1,UG/M3,1 Hr,Valid
Banja Luka,PM2.5 - Principal,2022-03-28 12:00 PM,2022,03,28,12,42.6,118,Unhealthy for Sensitive Groups,39.9,UG/M3,1 Hr,Valid
Banja Luka,PM2.5 - Principal,2022-03-28 01:00 PM,2022,03,28,13,37.8,107,Unhealthy for Sensitive Groups,32.4,UG/M3,1 Hr,Valid
Banja Luka,PM2.5 - Principal,2022-03-28 02:00 PM,2022,03,28,14,25.8,80,Moderate,14.1,UG/M3,1 Hr,Valid
Banja Luka,PM2.5 - Principal,2022-03-28 03:00 PM,2022,03,28,15,21.5,71,Moderate,17.2,UG/M3,1 Hr,Valid
Banja Luka,PM2.5 - Principal,2022-03-28 04:00 PM,2022,03,28,16,20.5,69,Moderate,19.5,UG/M3,1 Hr,Valid
Banja Luka,PM2.5 - Principal,2022-03-28 05:00 PM,2022,03,28,17,20.9,70,Moderate,21.4,UG/M3,1 Hr,Valid
Banja Luka,PM2.5 - Principal,2022-03-28 06:00 PM,2022,03,28,18,21.2,70,Moderate,21.5,UG/M3,1 Hr,Valid
Banja Luka,PM2.5 - Principal,2022-03-28 07:00 PM,2022,03,28,19,22.6,73,Moderate,24.0,UG/M3,1 Hr,Valid
Banja Luka,PM2.5 - Principal,2022-03-28 08:00 PM,2022,03,28,20,23.8,76,Moderate,24.9,UG/M3,1 Hr,Valid
Banja Luka,PM2.5 - Principal,2022-03-28 09:00 PM,2022,03,28,21,57.3,152,Unhealthy,90.8,UG/M3,1 Hr,Valid
Banja Luka,PM2.5 - Principal,2022-03-28 10:00 PM,2022,03,28,22,82.9,165,Unhealthy,108.5,UG/M3,1 Hr,Valid
Banja Luka,PM2.5 - Principal,2022-03-28 11:00 PM,2022,03,28,23,87.1,167,Unhealthy,91.4,UG/M3,1 Hr,Valid
Banja Luka,PM2.5 - Principal,2022-03-29 12:00 AM,2022,03,29,00,82.2,165,Unhealthy,77.2,UG/M3,1 Hr,Valid
Banja Luka,PM2.5 - Principal,2022-03-29 01:00 AM,2022,03,29,01,86.8,167,Unhealthy,91.3,UG/M3,1 Hr,Valid
Banja Luka,PM2.5 - Principal,2022-03-29 02:00 AM,2022,03,29,02,97.3,173,Unhealthy,107.8,UG/M3,1 Hr,Valid
Banja Luka,PM2.5 - Principal,2022-03-29 03:00 AM,2022,03,29,03,88.2,168,Unhealthy,79.2,UG/M3,1 Hr,Valid
Banja Luka,PM2.5 - Principal,2022-03-29 04:00 AM,2022,03,29,04,82.6,165,Unhealthy,76.9,UG/M3,1 Hr,Valid
Banja Luka,PM2.5 - Principal,2022-03-29 05:00 AM,2022,03,29,05,79.0,163,Unhealthy,75.4,UG/M3,1 Hr,Valid
Banja Luka,PM2.5 - Principal,2022-03-29 06:00 AM,2022,03,29,06,80.6,164,Unhealthy,82.2,UG/M3,1 Hr,Valid
Banja Luka,PM2.5 - Principal,2022-03-29 07:00 AM,2022,03,29,07,81.4,164,Unhealthy,82.2,UG/M3,1 Hr,Valid
Banja Luka,PM2.5 - Principal,2022-03-29 08:00 AM,2022,03,29,08,85.1,166,Unhealthy,91.0,UG/M3,1 Hr,Valid
Banja Luka,PM2.5 - Principal,2022-03-29 09:00 AM,2022,03,29,09,90.9,169,Unhealthy,104.0,UG/M3,1 Hr,Valid
Banja Luka,PM2.5 - Principal,2022-03-29 10:00 AM,2022,03,29,10,80.4,164,Unhealthy,62.6,UG/M3,1 Hr,Valid
Banja Luka,PM2.5 - Principal,2022-03-29 11:00 AM,2022,03,29,11,54.7,148,Unhealthy for Sensitive Groups,30.6,UG/M3,1 Hr,Valid
Banja Luka,PM2.5 - Principal,2022-03-29 12:00 PM,2022,03,29,12,41.4,116,Unhealthy for Sensitive Groups,28.0,UG/M3,1 Hr,Valid
Banja Luka,PM2.5 - Principal,2022-03-29 01:00 PM,2022,03,29,13,34.5,98,Moderate,27.6,UG/M3,1 Hr,Valid
Banja Luka,PM2.5 - Principal,2022-03-29 02:00 PM,2022,03,29,14,32.7,94,Moderate,31.0,UG/M3,1 Hr,Valid
Banja Luka,PM2.5 - Principal,2022-03-29 03:00 PM,2022,03,29,15,34.6,98,Moderate,36.4,UG/M3,1 Hr,Valid
Banja Luka,PM2.5 - Principal,2022-03-29 04:00 PM,2022,03,29,16,38.2,108,Unhealthy for Sensitive Groups,41.8,UG/M3,1 Hr,Valid
Banja Luka,PM2.5 - Principal,2022-03-29 05:00 PM,2022,03,29,17,33.4,96,Moderate,28.5,UG/M3,1 Hr,Valid
Banja Luka,PM2.5 - Principal,2022-03-29 06:00 PM,2022,03,29,18,29.4,87,Moderate,25.5,UG/M3,1 Hr,Valid
Banja Luka,PM2.5 - Principal,2022-03-29 07:00 PM,2022,03,29,19,30.8,90,Moderate,32.2,UG/M3,1 Hr,Valid
Banja Luka,PM2.5 - Principal,2022-03-29 08:00 PM,2022,03,29,20,31.4,92,Moderate,32.1,UG/M3,1 Hr,Valid
Banja Luka,PM2.5 - Principal,2022-03-29 09:00 PM,2022,03,29,21,27.0,82,Moderate,22.7,UG/M3,1 Hr,Valid
Banja Luka,PM2.5 - Principal,2022-03-29 10:00 PM,2022,03,29,22,23.4,75,Moderate,19.7,UG/M3,1 Hr,Valid
Banja Luka,PM2.5 - Principal,2022-03-29 11:00 PM,2022,03,29,23,20.9,70,Moderate,18.5,UG/M3,1 Hr,Valid
Banja Luka,PM2.5 - Principal,2022-03-30 12:00 AM,2022,03,30,00,19.7,67,Moderate,18.5,UG/M3,1 Hr,Valid
Banja Luka,PM2.5 - Principal,2022-03-30 01:00 AM,2022,03,30,01,18.9,65,Moderate,18.1,UG/M3,1 Hr,Valid
Banja Luka,PM2.5 - Principal,2022-03-30 02:00 AM,2022,03,30,02,17.8,63,Moderate,16.8,UG/M3,1 Hr,Valid
Banja Luka,PM2.5 - Principal,2022-03-30 03:00 AM,2022,03,30,03,16.4,60,Moderate,15.0,UG/M3,1 Hr,Valid
Banja Luka,PM2.5 - Principal,2022-03-30 04:00 AM,2022,03,30,04,15.2,58,Moderate,13.9,UG/M3,1 Hr,Valid
Banja Luka,PM2.5 - Principal,2022-03-30 05:00 AM,2022,03,30,05,14.2,55,Moderate,13.2,UG/M3,1 Hr,Valid
Banja Luka,PM2.5 - Principal,2022-03-30 06:00 AM,2022,03,30,06,15.3,58,Moderate,16.4,UG/M3,1 Hr,Valid
Banja Luka,PM2.5 - Principal,2022-03-30 07:00 AM,2022,03,30,07,14.6,56,Moderate,14.0,UG/M3,1 Hr,Valid
Banja Luka,PM2.5 - Principal,2022-03-30 08:00 AM,2022,03,30,08,15.0,57,Moderate,15.4,UG/M3,1 Hr,Valid
Banja Luka,PM2.5 - Principal,2022-03-30 09:00 AM,2022,03,30,09,15.9,59,Moderate,17.5,UG/M3,1 Hr,Valid
Banja Luka,PM2.5 - Principal,2022-03-30 10:00 AM,2022,03,30,10,16.2,60,Moderate,17.3,UG/M3,1 Hr,Valid
Banja Luka,PM2.5 - Principal,2022-03-30 11:00 AM,2022,03,30,11,16.4,60,Moderate,16.8,UG/M3,1 Hr,Valid
Banja Luka,PM2.5 - Principal,2022-03-30 12:00 PM,2022,03,30,12,16.5,60,Moderate,16.9,UG/M3,1 Hr,Valid
Banja Luka,PM2.5 - Principal,2022-03-30 01:00 PM,2022,03,30,13,16.6,60,Moderate,17.2,UG/M3,1 Hr,Valid
Banja Luka,PM2.5 - Principal,2022-03-30 02:00 PM,2022,03,30,14,16.4,60,Moderate,15.6,UG/M3,1 Hr,Valid
Banja Luka,PM2.5 - Principal,2022-03-30 03:00 PM,2022,03,30,15,16.6,60,Moderate,17.1,UG/M3,1 Hr,Valid
Banja Luka,PM2.5 - Principal,2022-03-30 04:00 PM,2022,03,30,16,17.3,62,Moderate,18.8,UG/M3,1 Hr,Valid
Banja Luka,PM2.5 - Principal,2022-03-30 05:00 PM,2022,03,30,17,21.4,71,Moderate,25.8,UG/M3,1 Hr,Valid
Banja Luka,PM2.5 - Principal,2022-03-30 06:00 PM,2022,03,30,18,19.2,66,Moderate,16.7,UG/M3,1 Hr,Valid
Banja Luka,PM2.5 - Principal,2022-03-30 07:00 PM,2022,03,30,19,19.1,66,Moderate,18.9,UG/M3,1 Hr,Valid
Banja Luka,PM2.5 - Principal,2022-03-30 08:00 PM,2022,03,30,20,15.9,59,Moderate,12.7,UG/M3,1 Hr,Valid
Banja Luka,PM2.5 - Principal,2022-03-30 09:00 PM,2022,03,30,21,11.9,50,Good,8.0,UG/M3,1 Hr,Valid
Banja Luka,PM2.5 - Principal,2022-03-30 10:00 PM,2022,03,30,22,10.6,44,Good,9.3,UG/M3,1 Hr,Valid
Banja Luka,PM2.5 - Principal,2022-03-30 11:00 PM,2022,03,30,23,8.8,37,Good,6.9,UG/M3,1 Hr,Valid
Banja Luka,PM2.5 - Principal,2022-03-31 12:00 AM,2022,03,31,00,17.1,62,Moderate,25.4,UG/M3,1 Hr,Valid
Banja Luka,PM2.5 - Principal,2022-03-31 01:00 AM,2022,03,31,01,26.5,81,Moderate,36.0,UG/M3,1 Hr,Valid
Banja Luka,PM2.5 - Principal,2022-03-31 02:00 AM,2022,03,31,02,26.5,81,Moderate,26.5,UG/M3,1 Hr,Valid
Banja Luka,PM2.5 - Principal,2022-03-31 03:00 AM,2022,03,31,03,25.3,79,Moderate,24.1,UG/M3,1 Hr,Valid
Banja Luka,PM2.5 - Principal,2022-03-31 04:00 AM,2022,03,31,04,23.9,76,Moderate,22.6,UG/M3,1 Hr,Valid
Banja Luka,PM2.5 - Principal,2022-03-31 05:00 AM,2022,03,31,05,22.7,73,Moderate,21.5,UG/M3,1 Hr,Valid
Banja Luka,PM2.5 - Principal,2022-03-31 06:00 AM,2022,03,31,06,22.5,73,Moderate,22.3,UG/M3,1 Hr,Valid
Banja Luka,PM2.5 - Principal,2022-03-31 07:00 AM,2022,03,31,07,30.6,90,Moderate,38.6,UG/M3,1 Hr,Valid
Banja Luka,PM2.5 - Principal,2022-03-31 08:00 AM,2022,03,31,08,30.3,89,Moderate,30.0,UG/M3,1 Hr,Valid
Banja Luka,PM2.5 - Principal,2022-03-31 09:00 AM,2022,03,31,09,31.2,91,Moderate,32.1,UG/M3,1 Hr,Valid
Banja Luka,PM2.5 - Principal,2022-03-31 10:00 AM,2022,03,31,10,36.0,102,Unhealthy for Sensitive Groups,40.7,UG/M3,1 Hr,Valid
Banja Luka,PM2.5 - Principal,2022-03-31 11:00 AM,2022,03,31,11,35.8,102,Unhealthy for Sensitive Groups,36.1,UG/M3,1 Hr,Valid
Banja Luka,PM2.5 - Principal,2022-03-31 12:00 PM,2022,03,31,12,33.9,97,Moderate,31.7,UG/M3,1 Hr,Valid
Banja Luka,PM2.5 - Principal,2022-03-31 01:00 PM,2022,03,31,13,33.5,96,Moderate,33.0,UG/M3,1 Hr,Valid
Banja Luka,PM2.5 - Principal,2022-03-31 02:00 PM,2022,03,31,14,32.8,95,Moderate,32.1,UG/M3,1 Hr,Valid
Banja Luka,PM2.5 - Principal,2022-03-31 03:00 PM,2022,03,31,15,34.6,98,Moderate,36.7,UG/M3,1 Hr,Valid
Banja Luka,PM2.5 - Principal,2022-03-31 04:00 PM,2022,03,31,16,32.8,95,Moderate,30.7,UG/M3,1 Hr,Valid
Banja Luka,PM2.5 - Principal,2022-03-31 05:00 PM,2022,03,31,17,30.6,90,Moderate,28.0,UG/M3,1 Hr,Valid
Banja Luka,PM2.5 - Principal,2022-03-31 06:00 PM,2022,03,31,18,27.2,83,Moderate,22.8,UG/M3,1 Hr,Valid
Banja Luka,PM2.5 - Principal,2022-03-31 07:00 PM,2022,03,31,19,28.3,85,Moderate,29.7,UG/M3,1 Hr,Valid
Banja Luka,PM2.5 - Principal,2022-03-31 08:00 PM,2022,03,31,20,26.8,82,Moderate,24.8,UG/M3,1 Hr,Valid
Banja Luka,PM2.5 - Principal,2022-03-31 09:00 PM,2022,03,31,21,24.2,76,Moderate,21.5,UG/M3,1 Hr,Valid
Banja Luka,PM2.5 - Principal,2022-03-31 10:00 PM,2022,03,31,22,31.5,92,Moderate,40.0,UG/M3,1 Hr,Valid
Banja Luka,PM2.5 - Principal,2022-03-31 11:00 PM,2022,03,31,23,35.6,101,Unhealthy for Sensitive Groups,40.2,UG/M3,1 Hr,Valid
Banja Luka,PM2.5 - Principal,2022-04-01 12:00 AM,2022,04,01,00,36.9,104,Unhealthy for Sensitive Groups,38.3,UG/M3,1 Hr,Valid
Banja Luka,PM2.5 - Principal,2022-04-01 01:00 AM,2022,04,01,01,33.9,97,Moderate,30.5,UG/M3,1 Hr,Valid
Banja Luka,PM2.5 - Principal,2022-04-01 02:00 AM,2022,04,01,02,40.8,114,Unhealthy for Sensitive Groups,47.7,UG/M3,1 Hr,Valid
Banja Luka,PM2.5 - Principal,2022-04-01 03:00 AM,2022,04,01,03,34.6,98,Moderate,28.4,UG/M3,1 Hr,Valid
Banja Luka,PM2.5 - Principal,2022-04-01 04:00 AM,2022,04,01,04,35.9,102,Unhealthy for Sensitive Groups,37.2,UG/M3,1 Hr,Valid
Banja Luka,PM2.5 - Principal,2022-04-01 05:00 AM,2022,04,01,05,35.4,100,Moderate,35.0,UG/M3,1 Hr,Valid
Banja Luka,PM2.5 - Principal,2022-04-01 06:00 AM,2022,04,01,06,26.8,82,Moderate,18.3,UG/M3,1 Hr,Valid
Banja Luka,PM2.5 - Principal,2022-04-01 07:00 AM,2022,04,01,07,17.0,61,Moderate,7.2,UG/M3,1 Hr,Valid
Banja Luka,PM2.5 - Principal,2022-04-01 08:00 AM,2022,04,01,08,11.0,46,Good,4.9,UG/M3,1 Hr,Valid
Banja Luka,PM2.5 - Principal,2022-04-01 09:00 AM,2022,04,01,09,9.6,40,Good,8.3,UG/M3,1 Hr,Valid
Banja Luka,PM2.5 - Principal,2022-04-01 10:00 AM,2022,04,01,10,8.5,35,Good,7.4,UG/M3,1 Hr,Valid
Banja Luka,PM2.5 - Principal,2022-04-01 11:00 AM,2022,04,01,11,8.1,34,Good,7.8,UG/M3,1 Hr,Valid
Banja Luka,PM2.5 - Principal,2022-04-01 12:00 PM,2022,04,01,12,8.8,37,Good,9.5,UG/M3,1 Hr,Valid
Banja Luka,PM2.5 - Principal,2022-04-01 01:00 PM,2022,04,01,13,7.5,31,Good,6.1,UG/M3,1 Hr,Valid
Banja Luka,PM2.5 - Principal,2022-04-01 02:00 PM,2022,04,01,14,6.8,28,Good,6.1,UG/M3,1 Hr,Valid
Banja Luka,PM2.5 - Principal,2022-04-01 03:00 PM,2022,04,01,15,7.7,32,Good,8.6,UG/M3,1 Hr,Valid
Banja Luka,PM2.5 - Principal,2022-04-01 04:00 PM,2022,04,01,16,7.1,30,Good,6.6,UG/M3,1 Hr,Valid
Banja Luka,PM2.5 - Principal,2022-04-01 05:00 PM,2022,04,01,17,6.5,27,Good,5.9,UG/M3,1 Hr,Valid
Banja Luka,PM2.5 - Principal,2022-04-01 06:00 PM,2022,04,01,18,5.9,25,Good,5.2,UG/M3,1 Hr,Valid
Banja Luka,PM2.5 - Principal,2022-04-01 07:00 PM,2022,04,01,19,5.8,24,Good,5.6,UG/M3,1 Hr,Valid
Banja Luka,PM2.5 - Principal,2022-04-01 08:00 PM,2022,04,01,20,13.6,54,Moderate,21.4,UG/M3,1 Hr,Valid
Banja Luka,PM2.5 - Principal,2022-04-01 09:00 PM,2022,04,01,21,35.5,101,Unhealthy for Sensitive Groups,57.4,UG/M3,1 Hr,Valid
Banja Luka,PM2.5 - Principal,2022-04-01 10:00 PM,2022,04,01,22,29.8,88,Moderate,24.0,UG/M3,1 Hr,Valid
Banja Luka,PM2.5 - Principal,2022-04-01 11:00 PM,2022,04,01,23,21.3,70,Moderate,12.9,UG/M3,1 Hr,Valid
Banja Luka,PM2.5 - Principal,2022-04-02 12:00 AM,2022,04,02,00,17.9,63,Moderate,14.4,UG/M3,1 Hr,Valid
Banja Luka,PM2.5 - Principal,2022-04-02 01:00 AM,2022,04,02,01,13.2,53,Moderate,8.5,UG/M3,1 Hr,Valid
Banja Luka,PM2.5 - Principal,2022-04-02 02:00 AM,2022,04,02,02,12.5,52,Moderate,11.8,UG/M3,1 Hr,Valid
Banja Luka,PM2.5 - Principal,2022-04-02 03:00 AM,2022,04,02,03,15.8,59,Moderate,19.2,UG/M3,1 Hr,Valid
Banja Luka,PM2.5 - Principal,2022-04-02 04:00 AM,2022,04,02,04,10.8,45,Good,5.7,UG/M3,1 Hr,Valid
Banja Luka,PM2.5 - Principal,2022-04-02 05:00 AM,2022,04,02,05,8.1,34,Good,5.4,UG/M3,1 Hr,Valid
Banja Luka,PM2.5 - Principal,2022-04-02 06:00 AM,2022,04,02,06,6.3,26,Good,4.5,UG/M3,1 Hr,Valid
Banja Luka,PM2.5 - Principal,2022-04-02 07:00 AM,2022,04,02,07,5.9,25,Good,5.5,UG/M3,1 Hr,Valid
Banja Luka,PM2.5 - Principal,2022-04-02 08:00 AM,2022,04,02,08,8.4,35,Good,11.0,UG/M3,1 Hr,Valid
Banja Luka,PM2.5 - Principal,2022-04-02 09:00 AM,2022,04,02,09,15.5,58,Moderate,22.6,UG/M3,1 Hr,Valid
Banja Luka,PM2.5 - Principal,2022-04-02 10:00 AM,2022,04,02,10,15.9,59,Moderate,16.2,UG/M3,1 Hr,Valid
Banja Luka,PM2.5 - Principal,2022-04-02 11:00 AM,2022,04,02,11,16.8,61,Moderate,17.8,UG/M3,1 Hr,Valid
Banja Luka,PM2.5 - Principal,2022-04-02 12:00 PM,2022,04,02,12,11.4,48,Good,5.9,UG/M3,1 Hr,Valid
Banja Luka,PM2.5 - Principal,2022-04-02 01:00 PM,2022,04,02,13,8.5,35,Good,5.6,UG/M3,1 Hr,Valid
Banja Luka,PM2.5 - Principal,2022-04-02 02:00 PM,2022,04,02,14,6.9,29,Good,5.4,UG/M3,1 Hr,Valid
Banja Luka,PM2.5 - Principal,2022-04-02 03:00 PM,2022,04,02,15,7.2,30,Good,7.5,UG/M3,1 Hr,Valid
Banja Luka,PM2.5 - Principal,2022-04-02 04:00 PM,2022,04,02,16,6.3,26,Good,5.4,UG/M3,1 Hr,Valid
Banja Luka,PM2.5 - Principal,2022-04-02 05:00 PM,2022,04,02,17,7.4,31,Good,8.4,UG/M3,1 Hr,Valid
Banja Luka,PM2.5 - Principal,2022-04-02 06:00 PM,2022,04,02,18,8.7,36,Good,10.1,UG/M3,1 Hr,Valid
Banja Luka,PM2.5 - Principal,2022-04-02 07:00 PM,2022,04,02,19,10.2,43,Good,11.8,UG/M3,1 Hr,Valid
Banja Luka,PM2.5 - Principal,2022-04-02 08:00 PM,2022,04,02,20,12.8,52,Moderate,15.3,UG/M3,1 Hr,Valid
Banja Luka,PM2.5 - Principal,2022-04-02 09:00 PM,2022,04,02,21,16.4,60,Moderate,20.0,UG/M3,1 Hr,Valid
Banja Luka,PM2.5 - Principal,2022-04-02 10:00 PM,2022,04,02,22,23.6,75,Moderate,30.8,UG/M3,1 Hr,Valid
Banja Luka,PM2.5 - Principal,2022-04-02 11:00 PM,2022,04,02,23,19.5,67,Moderate,15.4,UG/M3,1 Hr,Valid
Banja Luka,PM2.5 - Principal,2022-04-03 12:00 AM,2022,04,03,00,18.2,64,Moderate,16.8,UG/M3,1 Hr,Valid
Banja Luka,PM2.5 - Principal,2022-04-03 01:00 AM,2022,04,03,01,15.8,59,Moderate,13.5,UG/M3,1 Hr,Valid
Banja Luka,PM2.5 - Principal,2022-04-03 02:00 AM,2022,04,03,02,15.6,58,Moderate,15.4,UG/M3,1 Hr,Valid
Banja Luka,PM2.5 - Principal,2022-04-03 03:00 AM,2022,04,03,03,16.3,60,Moderate,16.9,UG/M3,1 Hr,Valid
Banja Luka,PM2.5 - Principal,2022-04-03 04:00 AM,2022,04,03,04,16.3,60,Moderate,16.4,UG/M3,1 Hr,Valid
Banja Luka,PM2.5 - Principal,2022-04-03 05:00 AM,2022,04,03,05,16.7,61,Moderate,17.0,UG/M3,1 Hr,Valid
Banja Luka,PM2.5 - Principal,2022-04-03 06:00 AM,2022,04,03,06,15.8,59,Moderate,15.0,UG/M3,1 Hr,Valid
Banja Luka,PM2.5 - Principal,2022-04-03 07:00 AM,2022,04,03,07,14.9,57,Moderate,14.0,UG/M3,1 Hr,Valid
Banja Luka,PM2.5 - Principal,2022-04-03 08:00 AM,2022,04,03,08,15.3,58,Moderate,15.7,UG/M3,1 Hr,Valid
Banja Luka,PM2.5 - Principal,2022-04-03 09:00 AM,2022,04,03,09,15.5,58,Moderate,15.8,UG/M3,1 Hr,Valid
Banja Luka,PM2.5 - Principal,2022-04-03 10:00 AM,2022,04,03,10,17.7,63,Moderate,21.4,UG/M3,1 Hr,Valid
Banja Luka,PM2.5 - Principal,2022-04-03 11:00 AM,2022,04,03,11,17.9,63,Moderate,18.3,UG/M3,1 Hr,Valid
Banja Luka,PM2.5 - Principal,2022-04-03 12:00 PM,2022,04,03,12,18.8,65,Moderate,20.2,UG/M3,1 Hr,Valid
Banja Luka,PM2.5 - Principal,2022-04-03 01:00 PM,2022,04,03,13,18.9,65,Moderate,19.4,UG/M3,1 Hr,Valid
Banja Luka,PM2.5 - Principal,2022-04-03 02:00 PM,2022,04,03,14,19.2,66,Moderate,19.8,UG/M3,1 Hr,Valid
Banja Luka,PM2.5 - Principal,2022-04-03 03:00 PM,2022,04,03,15,18.8,65,Moderate,17.8,UG/M3,1 Hr,Valid
Banja Luka,PM2.5 - Principal,2022-04-03 04:00 PM,2022,04,03,16,18.0,63,Moderate,16.4,UG/M3,1 Hr,Valid
Banja Luka,PM2.5 - Principal,2022-04-03 05:00 PM,2022,04,03,17,17.9,63,Moderate,17.9,UG/M3,1 Hr,Valid
Banja Luka,PM2.5 - Principal,2022-04-03 06:00 PM,2022,04,03,18,18.0,63,Moderate,18.2,UG/M3,1 Hr,Valid
Banja Luka,PM2.5 - Principal,2022-04-03 07:00 PM,2022,04,03,19,16.8,61,Moderate,14.2,UG/M3,1 Hr,Valid
Banja Luka,PM2.5 - Principal,2022-04-03 08:00 PM,2022,04,03,20,15.9,59,Moderate,14.1,UG/M3,1 Hr,Valid
Banja Luka,PM2.5 - Principal,2022-04-03 09:00 PM,2022,04,03,21,36.8,104,Unhealthy for Sensitive Groups,58.5,UG/M3,1 Hr,Valid
Banja Luka,PM2.5 - Principal,2022-04-03 10:00 PM,2022,04,03,22,32.3,93,Moderate,27.8,UG/M3,1 Hr,Valid
Banja Luka,PM2.5 - Principal,2022-04-03 11:00 PM,2022,04,03,23,107.4,178,Unhealthy,182.5,UG/M3,1 Hr,Valid
Banja Luka,PM2.5 - Principal,2022-04-04 12:00 AM,2022,04,04,00,108.4,178,Unhealthy,109.4,UG/M3,1 Hr,Valid
Banja Luka,PM2.5 - Principal,2022-04-04 01:00 AM,2022,04,04,01,98.2,173,Unhealthy,87.9,UG/M3,1 Hr,Valid
Banja Luka,PM2.5 - Principal,2022-04-04 02:00 AM,2022,04,04,02,81.5,164,Unhealthy,64.9,UG/M3,1 Hr,Valid
Banja Luka,PM2.5 - Principal,2022-04-04 03:00 AM,2022,04,04,03,82.5,165,Unhealthy,83.4,UG/M3,1 Hr,Valid
Banja Luka,PM2.5 - Principal,2022-04-04 04:00 AM,2022,04,04,04,67.1,157,Unhealthy,51.7,UG/M3,1 Hr,Valid
Banja Luka,PM2.5 - Principal,2022-04-04 05:00 AM,2022,04,04,05,56.6,152,Unhealthy,46.0,UG/M3,1 Hr,Valid
Banja Luka,PM2.5 - Principal,2022-04-04 06:00 AM,2022,04,04,06,43.4,120,Unhealthy for Sensitive Groups,30.2,UG/M3,1 Hr,Valid
Banja Luka,PM2.5 - Principal,2022-04-04 07:00 AM,2022,04,04,07,41.1,115,Unhealthy for Sensitive Groups,38.8,UG/M3,1 Hr,Valid
Banja Luka,PM2.5 - Principal,2022-04-04 08:00 AM,2022,04,04,08,43.6,121,Unhealthy for Sensitive Groups,46.0,UG/M3,1 Hr,Valid
Banja Luka,PM2.5 - Principal,2022-04-04 09:00 AM,2022,04,04,09,60.7,154,Unhealthy,77.9,UG/M3,1 Hr,Valid
Banja Luka,PM2.5 - Principal,2022-04-04 10:00 AM,2022,04,04,10,78.5,163,Unhealthy,96.2,UG/M3,1 Hr,Valid
Banja Luka,PM2.5 - Principal,2022-04-04 11:00 AM,2022,04,04,11,60.9,154,Unhealthy,43.4,UG/M3,1 Hr,Valid
Banja Luka,PM2.5 - Principal,2022-04-04 12:00 PM,2022,04,04,12,42.2,117,Unhealthy for Sensitive Groups,23.5,UG/M3,1 Hr,Valid
Banja Luka,PM2.5 - Principal,2022-04-04 01:00 PM,2022,04,04,13,29.1,87,Moderate,16.1,UG/M3,1 Hr,Valid
Banja Luka,PM2.5 - Principal,2022-04-04 02:00 PM,2022,04,04,14,20.8,69,Moderate,12.6,UG/M3,1 Hr,Valid
Banja Luka,PM2.5 - Principal,2022-04-04 03:00 PM,2022,04,04,15,16.8,61,Moderate,12.8,UG/M3,1 Hr,Valid
Banja Luka,PM2.5 - Principal,2022-04-04 04:00 PM,2022,04,04,16,15.4,58,Moderate,14.0,UG/M3,1 Hr,Valid
Banja Luka,PM2.5 - Principal,2022-04-04 05:00 PM,2022,04,04,17,13.9,55,Moderate,12.4,UG/M3,1 Hr,Valid
Banja Luka,PM2.5 - Principal,2022-04-04 06:00 PM,2022,04,04,18,12.5,52,Moderate,11.1,UG/M3,1 Hr,Valid
Banja Luka,PM2.5 - Principal,2022-04-04 07:00 PM,2022,04,04,19,11.5,48,Good,10.5,UG/M3,1 Hr,Valid
Banja Luka,PM2.5 - Principal,2022-04-04 08:00 PM,2022,04,04,20,13.3,54,Moderate,15.1,UG/M3,1 Hr,Valid
Banja Luka,PM2.5 - Principal,2022-04-04 09:00 PM,2022,04,04,21,31.7,92,Moderate,50.1,UG/M3,1 Hr,Valid
Banja Luka,PM2.5 - Principal,2022-04-04 10:00 PM,2022,04,04,22,80.6,164,Unhealthy,129.5,UG/M3,1 Hr,Valid
Banja Luka,PM2.5 - Principal,2022-04-04 11:00 PM,2022,04,04,23,83.6,166,Unhealthy,86.6,UG/M3,1 Hr,Valid
Banja Luka,PM2.5 - Principal,2022-04-05 12:00 AM,2022,04,05,00,73.3,160,Unhealthy,63.0,UG/M3,1 Hr,Valid
Banja Luka,PM2.5 - Principal,2022-04-05 01:00 AM,2022,04,05,01,57.8,152,Unhealthy,42.2,UG/M3,1 Hr,Valid
Banja Luka,PM2.5 - Principal,2022-04-05 02:00 AM,2022,04,05,02,59.8,153,Unhealthy,61.9,UG/M3,1 Hr,Valid
Banja Luka,PM2.5 - Principal,2022-04-05 03:00 AM,2022,04,05,03,41.7,116,Unhealthy for Sensitive Groups,23.6,UG/M3,1 Hr,Valid
Banja Luka,PM2.5 - Principal,2022-04-05 04:00 AM,2022,04,05,04,30.6,90,Moderate,19.4,UG/M3,1 Hr,Valid
Banja Luka,PM2.5 - Principal,2022-04-05 05:00 AM,2022,04,05,05,30.4,89,Moderate,30.3,UG/M3,1 Hr,Valid
Banja Luka,PM2.5 - Principal,2022-04-05 06:00 AM,2022,04,05,06,24.7,77,Moderate,18.9,UG/M3,1 Hr,Valid
Banja Luka,PM2.5 - Principal,2022-04-05 07:00 AM,2022,04,05,07,21.1,70,Moderate,17.6,UG/M3,1 Hr,Valid
Banja Luka,PM2.5 - Principal,2022-04-05 08:00 AM,2022,04,05,08,18.2,64,Moderate,15.2,UG/M3,1 Hr,Valid
Banja Luka,PM2.5 - Principal,2022-04-05 09:00 AM,2022,04,05,09,19.7,67,Moderate,21.3,UG/M3,1 Hr,Valid
Banja Luka,PM2.5 - Principal,2022-04-05 10:00 AM,2022,04,05,10,13.3,54,Moderate,6.9,UG/M3,1 Hr,Valid
Banja Luka,PM2.5 - Principal,2022-04-05 11:00 AM,2022,04,05,11,9.4,39,Good,5.5,UG/M3,1 Hr,Valid
Banja Luka,PM2.5 - Principal,2022-04-05 12:00 PM,2022,04,05,12,7.6,32,Good,5.9,UG/M3,1 Hr,Valid
Banja Luka,PM2.5 - Principal,2022-04-05 01:00 PM,2022,04,05,13,6.8,28,Good,5.9,UG/M3,1 Hr,Valid
Banja Luka,PM2.5 - Principal,2022-04-05 02:00 PM,2022,04,05,14,5.7,24,Good,4.6,UG/M3,1 Hr,Valid
Banja Luka,PM2.5 - Principal,2022-04-05 03:00 PM,2022,04,05,15,5.6,23,Good,5.6,UG/M3,1 Hr,Valid
Banja Luka,PM2.5 - Principal,2022-04-05 04:00 PM,2022,04,05,16,8.8,37,Good,12.0,UG/M3,1 Hr,Valid
Banja Luka,PM2.5 - Principal,2022-04-05 05:00 PM,2022,04,05,17,6.7,28,Good,4.5,UG/M3,1 Hr,Valid
Banja Luka,PM2.5 - Principal,2022-04-05 06:00 PM,2022,04,05,18,5.7,24,Good,4.8,UG/M3,1 Hr,Valid
Banja Luka,PM2.5 - Principal,2022-04-05 07:00 PM,2022,04,05,19,6.1,25,Good,6.4,UG/M3,1 Hr,Valid
Banja Luka,PM2.5 - Principal,2022-04-05 08:00 PM,2022,04,05,20,7.6,32,Good,9.2,UG/M3,1 Hr,Valid
Banja Luka,PM2.5 - Principal,2022-04-05 09:00 PM,2022,04,05,21,22.6,73,Moderate,37.6,UG/M3,1 Hr,Valid
Banja Luka,PM2.5 - Principal,2022-04-05 10:00 PM,2022,04,05,22,47.1,130,Unhealthy for Sensitive Groups,71.6,UG/M3,1 Hr,Valid
Banja Luka,PM2.5 - Principal,2022-04-05 11:00 PM,2022,04,05,23,61.7,154,Unhealthy,76.2,UG/M3,1 Hr,Valid
Banja Luka,PM2.5 - Principal,2022-04-06 12:00 AM,2022,04,06,00,54.8,149,Unhealthy for Sensitive Groups,48.0,UG/M3,1 Hr,Valid
Banja Luka,PM2.5 - Principal,2022-04-06 01:00 AM,2022,04,06,01,54.2,147,Unhealthy for Sensitive Groups,53.5,UG/M3,1 Hr,Valid
Banja Luka,PM2.5 - Principal,2022-04-06 02:00 AM,2022,04,06,02,49.6,136,Unhealthy for Sensitive Groups,44.9,UG/M3,1 Hr,Valid
Banja Luka,PM2.5 - Principal,2022-04-06 03:00 AM,2022,04,06,03,41.1,115,Unhealthy for Sensitive Groups,32.7,UG/M3,1 Hr,Valid
Banja Luka,PM2.5 - Principal,2022-04-06 04:00 AM,2022,04,06,04,27.8,84,Moderate,14.4,UG/M3,1 Hr,Valid
Banja Luka,PM2.5 - Principal,2022-04-06 05:00 AM,2022,04,06,05,20.4,68,Moderate,13.0,UG/M3,1 Hr,Valid
Banja Luka,PM2.5 - Principal,2022-04-06 06:00 AM,2022,04,06,06,16.3,60,Moderate,12.3,UG/M3,1 Hr,Valid
Banja Luka,PM2.5 - Principal,2022-04-06 07:00 AM,2022,04,06,07,14.8,57,Moderate,13.3,UG/M3,1 Hr,Valid
Banja Luka,PM2.5 - Principal,2022-04-06 08:00 AM,2022,04,06,08,25.7,80,Moderate,36.5,UG/M3,1 Hr,Valid
Banja Luka,PM2.5 - Principal,2022-04-06 09:00 AM,2022,04,06,09,24.4,77,Moderate,23.1,UG/M3,1 Hr,Valid
Banja Luka,PM2.5 - Principal,2022-04-06 10:00 AM,2022,04,06,10,25.0,78,Moderate,25.6,UG/M3,1 Hr,Valid
Banja Luka,PM2.5 - Principal,2022-04-06 11:00 AM,2022,04,06,11,24.0,76,Moderate,23.0,UG/M3,1 Hr,Valid
Banja Luka,PM2.5 - Principal,2022-04-06 12:00 PM,2022,04,06,12,20.3,68,Moderate,16.7,UG/M3,1 Hr,Valid
Banja Luka,PM2.5 - Principal,2022-04-06 01:00 PM,2022,04,06,13,17.2,62,Moderate,14.0,UG/M3,1 Hr,Valid
Banja Luka,PM2.5 - Principal,2022-04-06 02:00 PM,2022,04,06,14,14.6,56,Moderate,12.0,UG/M3,1 Hr,Valid
Banja Luka,PM2.5 - Principal,2022-04-06 03:00 PM,2022,04,06,15,11.9,50,Good,9.2,UG/M3,1 Hr,Valid
Banja Luka,PM2.5 - Principal,2022-04-06 04:00 PM,2022,04,06,16,10.1,42,Good,8.3,UG/M3,1 Hr,Valid
Banja Luka,PM2.5 - Principal,2022-04-06 05:00 PM,2022,04,06,17,8.8,37,Good,7.6,UG/M3,1 Hr,Valid
Banja Luka,PM2.5 - Principal,2022-04-06 06:00 PM,2022,04,06,18,8.9,37,Good,9.0,UG/M3,1 Hr,Valid
Banja Luka,PM2.5 - Principal,2022-04-06 07:00 PM,2022,04,06,19,8.3,35,Good,7.6,UG/M3,1 Hr,Valid
Banja Luka,PM2.5 - Principal,2022-04-06 08:00 PM,2022,04,06,20,11.2,47,Good,14.2,UG/M3,1 Hr,Valid
Banja Luka,PM2.5 - Principal,2022-04-06 09:00 PM,2022,04,06,21,8.8,37,Good,6.4,UG/M3,1 Hr,Valid
Banja Luka,PM2.5 - Principal,2022-04-06 10:00 PM,2022,04,06,22,8.7,36,Good,8.6,UG/M3,1 Hr,Valid
Banja Luka,PM2.5 - Principal,2022-04-06 11:00 PM,2022,04,06,23,7.1,30,Good,5.5,UG/M3,1 Hr,Valid
Banja Luka,PM2.5 - Principal,2022-04-07 12:00 AM,2022,04,07,00,8.4,35,Good,9.8,UG/M3,1 Hr,Valid
Banja Luka,PM2.5 - Principal,2022-04-07 01:00 AM,2022,04,07,01,15.3,58,Moderate,22.2,UG/M3,1 Hr,Valid
Banja Luka,PM2.5 - Principal,2022-04-07 02:00 AM,2022,04,07,02,11.4,48,Good,7.6,UG/M3,1 Hr,Valid
Banja Luka,PM2.5 - Principal,2022-04-07 03:00 AM,2022,04,07,03,9.0,38,Good,6.5,UG/M3,1 Hr,Valid
Banja Luka,PM2.5 - Principal,2022-04-07 04:00 AM,2022,04,07,04,7.5,31,Good,6.0,UG/M3,1 Hr,Valid
Banja Luka,PM2.5 - Principal,2022-04-07 05:00 AM,2022,04,07,05,6.8,28,Good,6.1,UG/M3,1 Hr,Valid
Banja Luka,PM2.5 - Principal,2022-04-07 06:00 AM,2022,04,07,06,6.5,27,Good,6.1,UG/M3,1 Hr,Valid
Banja Luka,PM2.5 - Principal,2022-04-07 07:00 AM,2022,04,07,07,6.2,26,Good,6.0,UG/M3,1 Hr,Valid
Banja Luka,PM2.5 - Principal,2022-04-07 08:00 AM,2022,04,07,08,7.1,30,Good,7.9,UG/M3,1 Hr,Valid
Banja Luka,PM2.5 - Principal,2022-04-07 09:00 AM,2022,04,07,09,8.6,36,Good,10.2,UG/M3,1 Hr,Valid
Banja Luka,PM2.5 - Principal,2022-04-07 10:00 AM,2022,04,07,10,8.7,36,Good,8.8,UG/M3,1 Hr,Valid
Banja Luka,PM2.5 - Principal,2022-04-07 11:00 AM,2022,04,07,11,8.2,34,Good,7.7,UG/M3,1 Hr,Valid
Banja Luka,PM2.5 - Principal,2022-04-07 12:00 PM,2022,04,07,12,7.7,32,Good,7.2,UG/M3,1 Hr,Valid
Banja Luka,PM2.5 - Principal,2022-04-07 01:00 PM,2022,04,07,13,7.5,31,Good,7.1,UG/M3,1 Hr,Valid
Banja Luka,PM2.5 - Principal,2022-04-07 02:00 PM,2022,04,07,14,7.2,30,Good,6.7,UG/M3,1 Hr,Valid
Banja Luka,PM2.5 - Principal,2022-04-07 03:00 PM,2022,04,07,15,6.9,29,Good,6.6,UG/M3,1 Hr,Valid
Banja Luka,PM2.5 - Principal,2022-04-07 04:00 PM,2022,04,07,16,7.3,30,Good,7.9,UG/M3,1 Hr,Valid
Banja Luka,PM2.5 - Principal,2022-04-07 05:00 PM,2022,04,07,17,6.7,28,Good,5.8,UG/M3,1 Hr,Valid
Banja Luka,PM2.5 - Principal,2022-04-07 06:00 PM,2022,04,07,18,6.9,29,Good,7.1,UG/M3,1 Hr,Valid
Banja Luka,PM2.5 - Principal,2022-04-07 07:00 PM,2022,04,07,19,6.8,28,Good,6.6,UG/M3,1 Hr,Valid
Banja Luka,PM2.5 - Principal,2022-04-07 08:00 PM,2022,04,07,20,7.9,33,Good,9.4,UG/M3,1 Hr,Valid
Banja Luka,PM2.5 - Principal,2022-04-07 09:00 PM,2022,04,07,21,28.2,85,Moderate,48.2,UG/M3,1 Hr,Valid
Banja Luka,PM2.5 - Principal,2022-04-07 10:00 PM,2022,04,07,22,20.0,68,Moderate,11.8,UG/M3,1 Hr,Valid
Banja Luka,PM2.5 - Principal,2022-04-07 11:00 PM,2022,04,07,23,15.4,58,Moderate,10.8,UG/M3,1 Hr,Valid
Banja Luka,PM2.5 - Principal,2022-04-08 12:00 AM,2022,04,08,00,11.6,48,Good,7.8,UG/M3,1 Hr,Valid
Banja Luka,PM2.5 - Principal,2022-04-08 01:00 AM,2022,04,08,01,8.6,36,Good,5.6,UG/M3,1 Hr,Valid
Banja Luka,PM2.5 - Principal,2022-04-08 02:00 AM,2022,04,08,02,7.2,30,Good,5.8,UG/M3,1 Hr,Valid
Banja Luka,PM2.5 - Principal,2022-04-08 03:00 AM,2022,04,08,03,7.0,29,Good,6.8,UG/M3,1 Hr,Valid
Banja Luka,PM2.5 - Principal,2022-04-08 04:00 AM,2022,04,08,04,6.7,28,Good,6.4,UG/M3,1 Hr,Valid
Banja Luka,PM2.5 - Principal,2022-04-08 05:00 AM,2022,04,08,05,6.3,26,Good,6.0,UG/M3,1 Hr,Valid
Banja Luka,PM2.5 - Principal,2022-04-08 06:00 AM,2022,04,08,06,5.9,25,Good,5.6,UG/M3,1 Hr,Valid
Banja Luka,PM2.5 - Principal,2022-04-08 07:00 AM,2022,04,08,07,5.5,23,Good,5.1,UG/M3,1 Hr,Valid
Banja Luka,PM2.5 - Principal,2022-04-08 08:00 AM,2022,04,08,08,6.1,25,Good,6.6,UG/M3,1 Hr,Valid
Banja Luka,PM2.5 - Principal,2022-04-08 09:00 AM,2022,04,08,09,6.1,25,Good,6.2,UG/M3,1 Hr,Valid
Banja Luka,PM2.5 - Principal,2022-04-08 10:00 AM,2022,04,08,10,6.2,26,Good,6.3,UG/M3,1 Hr,Valid
Banja Luka,PM2.5 - Principal,2022-04-08 11:00 AM,2022,04,08,11,6.0,25,Good,5.8,UG/M3,1 Hr,Valid
Banja Luka,PM2.5 - Principal,2022-04-08 12:00 PM,2022,04,08,12,5.7,24,Good,5.0,UG/M3,1 Hr,Valid
Banja Luka,PM2.5 - Principal,2022-04-08 01:00 PM,2022,04,08,13,5.5,23,Good,5.0,UG/M3,1 Hr,Valid
Banja Luka,PM2.5 - Principal,2022-04-08 02:00 PM,2022,04,08,14,5.3,22,Good,4.7,UG/M3,1 Hr,Valid
Banja Luka,PM2.5 - Principal,2022-04-08 03:00 PM,2022,04,08,15,5.0,21,Good,4.5,UG/M3,1 Hr,Valid
Banja Luka,PM2.5 - Principal,2022-04-08 04:00 PM,2022,04,08,16,5.0,21,Good,5.1,UG/M3,1 Hr,Valid
Banja Luka,PM2.5 - Principal,2022-04-08 05:00 PM,2022,04,08,17,5.0,21,Good,5.0,UG/M3,1 Hr,Valid
Banja Luka,PM2.5 - Principal,2022-04-08 06:00 PM,2022,04,08,18,5.2,22,Good,5.5,UG/M3,1 Hr,Valid
Banja Luka,PM2.5 - Principal,2022-04-08 07:00 PM,2022,04,08,19,5.1,21,Good,5.0,UG/M3,1 Hr,Valid
Banja Luka,PM2.5 - Principal,2022-04-08 08:00 PM,2022,04,08,20,5.3,22,Good,5.8,UG/M3,1 Hr,Valid
Banja Luka,PM2.5 - Principal,2022-04-08 09:00 PM,2022,04,08,21,5.3,22,Good,5.3,UG/M3,1 Hr,Valid
Banja Luka,PM2.5 - Principal,2022-04-08 10:00 PM,2022,04,08,22,5.2,22,Good,5.2,UG/M3,1 Hr,Valid
Banja Luka,PM2.5 - Principal,2022-04-08 11:00 PM,2022,04,08,23,4.7,20,Good,3.6,UG/M3,1 Hr,Valid
Banja Luka,PM2.5 - Principal,2022-04-09 12:00 AM,2022,04,09,00,4.8,20,Good,4.9,UG/M3,1 Hr,Valid
Banja Luka,PM2.5 - Principal,2022-04-09 01:00 AM,2022,04,09,01,5.1,21,Good,5.7,UG/M3,1 Hr,Valid
Banja Luka,PM2.5 - Principal,2022-04-09 02:00 AM,2022,04,09,02,5.2,22,Good,5.5,UG/M3,1 Hr,Valid
Banja Luka,PM2.5 - Principal,2022-04-09 03:00 AM,2022,04,09,03,5.2,22,Good,5.0,UG/M3,1 Hr,Valid
Banja Luka,PM2.5 - Principal,2022-04-09 04:00 AM,2022,04,09,04,5.2,22,Good,5.3,UG/M3,1 Hr,Valid
Banja Luka,PM2.5 - Principal,2022-04-09 05:00 AM,2022,04,09,05,5.6,23,Good,6.2,UG/M3,1 Hr,Valid
Banja Luka,PM2.5 - Principal,2022-04-09 06:00 AM,2022,04,09,06,6.9,29,Good,8.0,UG/M3,1 Hr,Valid
Banja Luka,PM2.5 - Principal,2022-04-09 07:00 AM,2022,04,09,07,6.9,29,Good,6.9,UG/M3,1 Hr,Valid
Banja Luka,PM2.5 - Principal,2022-04-09 08:00 AM,2022,04,09,08,7.7,32,Good,8.6,UG/M3,1 Hr,Valid
Banja Luka,PM2.5 - Principal,2022-04-09 09:00 AM,2022,04,09,09,10.1,42,Good,12.5,UG/M3,1 Hr,Valid
Banja Luka,PM2.5 - Principal,2022-04-09 10:00 AM,2022,04,09,10,9.0,38,Good,7.9,UG/M3,1 Hr,Valid
Banja Luka,PM2.5 - Principal,2022-04-09 11:00 AM,2022,04,09,11,8.6,36,Good,8.3,UG/M3,1 Hr,Valid
Banja Luka,PM2.5 - Principal,2022-04-09 12:00 PM,2022,04,09,12,7.6,32,Good,6.5,UG/M3,1 Hr,Valid
Banja Luka,PM2.5 - Principal,2022-04-09 01:00 PM,2022,04,09,13,7.9,33,Good,8.3,UG/M3,1 Hr,Valid
Banja Luka,PM2.5 - Principal,2022-04-09 02:00 PM,2022,04,09,14,7.9,33,Good,7.8,UG/M3,1 Hr,Valid
Banja Luka,PM2.5 - Principal,2022-04-09 03:00 PM,2022,04,09,15,7.5,31,Good,7.1,UG/M3,1 Hr,Valid
Banja Luka,PM2.5 - Principal,2022-04-09 04:00 PM,2022,04,09,16,6.2,26,Good,5.0,UG/M3,1 Hr,Valid
Banja Luka,PM2.5 - Principal,2022-04-09 05:00 PM,2022,04,09,17,6.3,26,Good,6.5,UG/M3,1 Hr,Valid
Banja Luka,PM2.5 - Principal,2022-04-09 06:00 PM,2022,04,09,18,6.1,25,Good,5.9,UG/M3,1 Hr,Valid
Banja Luka,PM2.5 - Principal,2022-04-09 07:00 PM,2022,04,09,19,7.5,31,Good,9.0,UG/M3,1 Hr,Valid
Banja Luka,PM2.5 - Principal,2022-04-09 08:00 PM,2022,04,09,20,8.2,34,Good,8.8,UG/M3,1 Hr,Valid
Banja Luka,PM2.5 - Principal,2022-04-09 09:00 PM,2022,04,09,21,8.8,37,Good,9.6,UG/M3,1 Hr,Valid
Banja Luka,PM2.5 - Principal,2022-04-09 10:00 PM,2022,04,09,22,11.6,48,Good,14.3,UG/M3,1 Hr,Valid
Banja Luka,PM2.5 - Principal,2022-04-09 11:00 PM,2022,04,09,23,9.9,41,Good,8.1,UG/M3,1 Hr,Valid
Banja Luka,PM2.5 - Principal,2022-04-10 12:00 AM,2022,04,10,00,8.8,37,Good,7.7,UG/M3,1 Hr,Valid
Banja Luka,PM2.5 - Principal,2022-04-10 01:00 AM,2022,04,10,01,6.9,29,Good,5.0,UG/M3,1 Hr,Valid
Banja Luka,PM2.5 - Principal,2022-04-10 02:00 AM,2022,04,10,02,6.3,26,Good,5.6,UG/M3,1 Hr,Valid
Banja Luka,PM2.5 - Principal,2022-04-10 03:00 AM,2022,04,10,03,5.0,21,Good,3.8,UG/M3,1 Hr,Valid
Banja Luka,PM2.5 - Principal,2022-04-10 04:00 AM,2022,04,10,04,6.4,27,Good,7.8,UG/M3,1 Hr,Valid
Banja Luka,PM2.5 - Principal,2022-04-10 05:00 AM,2022,04,10,05,5.2,22,Good,3.9,UG/M3,1 Hr,Valid
Banja Luka,PM2.5 - Principal,2022-04-10 06:00 AM,2022,04,10,06,4.4,18,Good,3.6,UG/M3,1 Hr,Valid
Banja Luka,PM2.5 - Principal,2022-04-10 07:00 AM,2022,04,10,07,3.7,15,Good,3.1,UG/M3,1 Hr,Valid
Banja Luka,PM2.5 - Principal,2022-04-10 08:00 AM,2022,04,10,08,4.6,19,Good,5.5,UG/M3,1 Hr,Valid
Banja Luka,PM2.5 - Principal,2022-04-10 09:00 AM,2022,04,10,09,5.6,23,Good,6.5,UG/M3,1 Hr,Valid
Banja Luka,PM2.5 - Principal,2022-04-10 10:00 AM,2022,04,10,10,8.4,35,Good,11.3,UG/M3,1 Hr,Valid
Banja Luka,PM2.5 - Principal,2022-04-10 11:00 AM,2022,04,10,11,10.7,45,Good,13.0,UG/M3,1 Hr,Valid
Banja Luka,PM2.5 - Principal,2022-04-10 12:00 PM,2022,04,10,12,8.9,37,Good,7.0,UG/M3,1 Hr,Valid
Banja Luka,PM2.5 - Principal,2022-04-10 01:00 PM,2022,04,10,13,9.0,38,Good,9.1,UG/M3,1 Hr,Valid
Banja Luka,PM2.5 - Principal,2022-04-10 02:00 PM,2022,04,10,14,8.7,36,Good,8.4,UG/M3,1 Hr,Valid
Banja Luka,PM2.5 - Principal,2022-04-10 03:00 PM,2022,04,10,15,8.5,35,Good,8.4,UG/M3,1 Hr,Valid
Banja Luka,PM2.5 - Principal,2022-04-10 04:00 PM,2022,04,10,16,8.3,35,Good,8.0,UG/M3,1 Hr,Valid
Banja Luka,PM2.5 - Principal,2022-04-10 05:00 PM,2022,04,10,17,7.3,30,Good,6.3,UG/M3,1 Hr,Valid
Banja Luka,PM2.5 - Principal,2022-04-10 06:00 PM,2022,04,10,18,9.0,38,Good,10.6,UG/M3,1 Hr,Valid
Banja Luka,PM2.5 - Principal,2022-04-10 07:00 PM,2022,04,10,19,9.2,38,Good,9.4,UG/M3,1 Hr,Valid
Banja Luka,PM2.5 - Principal,2022-04-10 08:00 PM,2022,04,10,20,9.2,38,Good,9.3,UG/M3,1 Hr,Valid
Banja Luka,PM2.5 - Principal,2022-04-10 09:00 PM,2022,04,10,21,24.1,76,Moderate,39.0,UG/M3,1 Hr,Valid
Banja Luka,PM2.5 - Principal,2022-04-10 10:00 PM,2022,04,10,22,59.5,153,Unhealthy,94.9,UG/M3,1 Hr,Valid
Banja Luka,PM2.5 - Principal,2022-04-10 11:00 PM,2022,04,10,23,74.5,161,Unhealthy,89.5,UG/M3,1 Hr,Valid
Banja Luka,PM2.5 - Principal,2022-04-11 12:00 AM,2022,04,11,00,85.7,167,Unhealthy,96.9,UG/M3,1 Hr,Valid
Banja Luka,PM2.5 - Principal,2022-04-11 01:00 AM,2022,04,11,01,76.3,162,Unhealthy,66.8,UG/M3,1 Hr,Valid
Banja Luka,PM2.5 - Principal,2022-04-11 02:00 AM,2022,04,11,02,54.0,147,Unhealthy for Sensitive Groups,31.7,UG/M3,1 Hr,Valid
Banja Luka,PM2.5 - Principal,2022-04-11 03:00 AM,2022,04,11,03,38.9,109,Unhealthy for Sensitive Groups,23.8,UG/M3,1 Hr,Valid
Banja Luka,PM2.5 - Principal,2022-04-11 04:00 AM,2022,04,11,04,28.3,85,Moderate,17.7,UG/M3,1 Hr,Valid
Banja Luka,PM2.5 - Principal,2022-04-11 05:00 AM,2022,04,11,05,26.5,81,Moderate,24.7,UG/M3,1 Hr,Valid
Banja Luka,PM2.5 - Principal,2022-04-11 06:00 AM,2022,04,11,06,24.4,77,Moderate,22.4,UG/M3,1 Hr,Valid
Banja Luka,PM2.5 - Principal,2022-04-11 07:00 AM,2022,04,11,07,22.3,72,Moderate,20.2,UG/M3,1 Hr,Valid
Banja Luka,PM2.5 - Principal,2022-04-11 08:00 AM,2022,04,11,08,17.8,63,Moderate,13.2,UG/M3,1 Hr,Valid
Banja Luka,PM2.5 - Principal,2022-04-11 09:00 AM,2022,04,11,09,17.8,63,Moderate,17.7,UG/M3,1 Hr,Valid
Banja Luka,PM2.5 - Principal,2022-04-11 10:00 AM,2022,04,11,10,17.7,63,Moderate,17.7,UG/M3,1 Hr,Valid
Banja Luka,PM2.5 - Principal,2022-04-11 11:00 AM,2022,04,11,11,13.5,54,Moderate,9.4,UG/M3,1 Hr,Valid
Banja Luka,PM2.5 - Principal,2022-04-11 12:00 PM,2022,04,11,12,11.0,46,Good,8.6,UG/M3,1 Hr,Valid
Banja Luka,PM2.5 - Principal,2022-04-11 01:00 PM,2022,04,11,13,8.6,36,Good,6.2,UG/M3,1 Hr,Valid
Banja Luka,PM2.5 - Principal,2022-04-11 02:00 PM,2022,04,11,14,7.3,30,Good,6.1,UG/M3,1 Hr,Valid
Banja Luka,PM2.5 - Principal,2022-04-11 03:00 PM,2022,04,11,15,6.8,28,Good,6.3,UG/M3,1 Hr,Valid
Banja Luka,PM2.5 - Principal,2022-04-11 04:00 PM,2022,04,11,16,5.8,24,Good,4.7,UG/M3,1 Hr,Valid
Banja Luka,PM2.5 - Principal,2022-04-11 05:00 PM,2022,04,11,17,5.7,24,Good,5.5,UG/M3,1 Hr,Valid
Banja Luka,PM2.5 - Principal,2022-04-11 06:00 PM,2022,04,11,18,5.1,21,Good,4.6,UG/M3,1 Hr,Valid
Banja Luka,PM2.5 - Principal,2022-04-11 07:00 PM,2022,04,11,19,4.8,20,Good,4.5,UG/M3,1 Hr,Valid
Banja Luka,PM2.5 - Principal,2022-04-11 08:00 PM,2022,04,11,20,4.9,20,Good,5.0,UG/M3,1 Hr,Valid
Banja Luka,PM2.5 - Principal,2022-04-11 09:00 PM,2022,04,11,21,8.7,36,Good,12.5,UG/M3,1 Hr,Valid
Banja Luka,PM2.5 - Principal,2022-04-11 10:00 PM,2022,04,11,22,54.5,148,Unhealthy for Sensitive Groups,100.2,UG/M3,1 Hr,Valid
Banja Luka,PM2.5 - Principal,2022-04-11 11:00 PM,2022,04,11,23,70.4,159,Unhealthy,86.2,UG/M3,1 Hr,Valid
Banja Luka,PM2.5 - Principal,2022-04-12 12:00 AM,2022,04,12,00,67.3,157,Unhealthy,64.1,UG/M3,1 Hr,Valid
Banja Luka,PM2.5 - Principal,2022-04-12 01:00 AM,2022,04,12,01,64.4,156,Unhealthy,61.6,UG/M3,1 Hr,Valid
Banja Luka,PM2.5 - Principal,2022-04-12 02:00 AM,2022,04,12,02,73.9,161,Unhealthy,83.3,UG/M3,1 Hr,Valid
Banja Luka,PM2.5 - Principal,2022-04-12 03:00 AM,2022,04,12,03,51.2,140,Unhealthy for Sensitive Groups,28.5,UG/M3,1 Hr,Valid
Banja Luka,PM2.5 - Principal,2022-04-12 04:00 AM,2022,04,12,04,34.7,99,Moderate,18.1,UG/M3,1 Hr,Valid
Banja Luka,PM2.5 - Principal,2022-04-12 05:00 AM,2022,04,12,05,37.8,107,Unhealthy for Sensitive Groups,40.9,UG/M3,1 Hr,Valid
Banja Luka,PM2.5 - Principal,2022-04-12 06:00 AM,2022,04,12,06,29.9,88,Moderate,22.0,UG/M3,1 Hr,Valid
Banja Luka,PM2.5 - Principal,2022-04-12 07:00 AM,2022,04,12,07,24.9,78,Moderate,19.9,UG/M3,1 Hr,Valid
Banja Luka,PM2.5 - Principal,2022-04-12 08:00 AM,2022,04,12,08,25.2,79,Moderate,25.4,UG/M3,1 Hr,Valid
Banja Luka,PM2.5 - Principal,2022-04-12 09:00 AM,2022,04,12,09,20.7,69,Moderate,16.3,UG/M3,1 Hr,Valid
Banja Luka,PM2.5 - Principal,2022-04-12 10:00 AM,2022,04,12,10,16.2,60,Moderate,11.7,UG/M3,1 Hr,Valid
Banja Luka,PM2.5 - Principal,2022-04-12 11:00 AM,2022,04,12,11,12.7,52,Moderate,9.2,UG/M3,1 Hr,Valid
Banja Luka,PM2.5 - Principal,2022-04-12 12:00 PM,2022,04,12,12,8.5,35,Good,4.2,UG/M3,1 Hr,Valid
Banja Luka,PM2.5 - Principal,2022-04-12 01:00 PM,2022,04,12,13,7.4,31,Good,6.4,UG/M3,1 Hr,Valid
Banja Luka,PM2.5 - Principal,2022-04-12 02:00 PM,2022,04,12,14,6.4,27,Good,5.3,UG/M3,1 Hr,Valid
Banja Luka,PM2.5 - Principal,2022-04-12 03:00 PM,2022,04,12,15,6.7,28,Good,7.1,UG/M3,1 Hr,Valid
Banja Luka,PM2.5 - Principal,2022-04-12 04:00 PM,2022,04,12,16,6.0,25,Good,5.3,UG/M3,1 Hr,Valid
Banja Luka,PM2.5 - Principal,2022-04-12 05:00 PM,2022,04,12,17,5.5,23,Good,5.0,UG/M3,1 Hr,Valid
Banja Luka,PM2.5 - Principal,2022-04-12 06:00 PM,2022,04,12,18,5.2,22,Good,4.8,UG/M3,1 Hr,Valid
Banja Luka,PM2.5 - Principal,2022-04-12 07:00 PM,2022,04,12,19,5.3,22,Good,5.5,UG/M3,1 Hr,Valid
Banja Luka,PM2.5 - Principal,2022-04-12 08:00 PM,2022,04,12,20,6.8,28,Good,8.3,UG/M3,1 Hr,Valid
Banja Luka,PM2.5 - Principal,2022-04-12 09:00 PM,2022,04,12,21,11.4,48,Good,16.0,UG/M3,1 Hr,Valid
Banja Luka,PM2.5 - Principal,2022-04-12 10:00 PM,2022,04,12,22,43.7,121,Unhealthy for Sensitive Groups,76.0,UG/M3,1 Hr,Valid
Banja Luka,PM2.5 - Principal,2022-04-12 11:00 PM,2022,04,12,23,49.4,135,Unhealthy for Sensitive Groups,55.2,UG/M3,1 Hr,Valid
Banja Luka,PM2.5 - Principal,2022-04-13 12:00 AM,2022,04,13,00,58.3,152,Unhealthy,67.1,UG/M3,1 Hr,Valid
Banja Luka,PM2.5 - Principal,2022-04-13 01:00 AM,2022,04,13,01,56.0,151,Unhealthy,53.8,UG/M3,1 Hr,Valid
Banja Luka,PM2.5 - Principal,2022-04-13 02:00 AM,2022,04,13,02,49.4,135,Unhealthy for Sensitive Groups,42.8,UG/M3,1 Hr,Valid
Banja Luka,PM2.5 - Principal,2022-04-13 03:00 AM,2022,04,13,03,39.7,111,Unhealthy for Sensitive Groups,29.9,UG/M3,1 Hr,Valid
Banja Luka,PM2.5 - Principal,2022-04-13 04:00 AM,2022,04,13,04,28.4,85,Moderate,17.1,UG/M3,1 Hr,Valid
Banja Luka,PM2.5 - Principal,2022-04-13 05:00 AM,2022,04,13,05,22.4,73,Moderate,16.5,UG/M3,1 Hr,Valid
Banja Luka,PM2.5 - Principal,2022-04-13 06:00 AM,2022,04,13,06,18.0,63,Moderate,13.7,UG/M3,1 Hr,Valid
Banja Luka,PM2.5 - Principal,2022-04-13 07:00 AM,2022,04,13,07,16.2,60,Moderate,14.4,UG/M3,1 Hr,Valid
Banja Luka,PM2.5 - Principal,2022-04-13 08:00 AM,2022,04,13,08,19.2,66,Moderate,22.1,UG/M3,1 Hr,Valid
Banja Luka,PM2.5 - Principal,2022-04-13 09:00 AM,2022,04,13,09,27.0,82,Moderate,34.7,UG/M3,1 Hr,Valid
Banja Luka,PM2.5 - Principal,2022-04-13 10:00 AM,2022,04,13,10,21.9,72,Moderate,16.8,UG/M3,1 Hr,Valid
Banja Luka,PM2.5 - Principal,2022-04-13 11:00 AM,2022,04,13,11,21.7,71,Moderate,21.5,UG/M3,1 Hr,Valid
Banja Luka,PM2.5 - Principal,2022-04-13 12:00 PM,2022,04,13,12,20.2,68,Moderate,18.7,UG/M3,1 Hr,Valid
Banja Luka,PM2.5 - Principal,2022-04-13 01:00 PM,2022,04,13,13,17.3,62,Moderate,14.4,UG/M3,1 Hr,Valid
Banja Luka,PM2.5 - Principal,2022-04-13 02:00 PM,2022,04,13,14,15.1,57,Moderate,12.9,UG/M3,1 Hr,Valid
Banja Luka,PM2.5 - Principal,2022-04-13 03:00 PM,2022,04,13,15,14.0,55,Moderate,12.9,UG/M3,1 Hr,Valid
Banja Luka,PM2.5 - Principal,2022-04-13 04:00 PM,2022,04,13,16,12.6,52,Moderate,11.2,UG/M3,1 Hr,Valid
Banja Luka,PM2.5 - Principal,2022-04-13 05:00 PM,2022,04,13,17,10.9,45,Good,9.3,UG/M3,1 Hr,Valid
Banja Luka,PM2.5 - Principal,2022-04-13 06:00 PM,2022,04,13,18,9.7,40,Good,8.5,UG/M3,1 Hr,Valid
Banja Luka,PM2.5 - Principal,2022-04-13 07:00 PM,2022,04,13,19,8.8,37,Good,7.9,UG/M3,1 Hr,Valid
Banja Luka,PM2.5 - Principal,2022-04-13 08:00 PM,2022,04,13,20,8.2,34,Good,7.6,UG/M3,1 Hr,Valid
Banja Luka,PM2.5 - Principal,2022-04-13 09:00 PM,2022,04,13,21,9.3,39,Good,10.4,UG/M3,1 Hr,Valid
Banja Luka,PM2.5 - Principal,2022-04-13 10:00 PM,2022,04,13,22,11.2,47,Good,13.0,UG/M3,1 Hr,Valid
Banja Luka,PM2.5 - Principal,2022-04-13 11:00 PM,2022,04,13,23,39.8,112,Unhealthy for Sensitive Groups,68.5,UG/M3,1 Hr,Valid
Banja Luka,PM2.5 - Principal,2022-04-14 12:00 AM,2022,04,14,00,47.4,130,Unhealthy for Sensitive Groups,55.0,UG/M3,1 Hr,Valid
Banja Luka,PM2.5 - Principal,2022-04-14 01:00 AM,2022,04,14,01,49.5,135,Unhealthy for Sensitive Groups,51.6,UG/M3,1 Hr,Valid
Banja Luka,PM2.5 - Principal,2022-04-14 02:00 AM,2022,04,14,02,39.9,112,Unhealthy for Sensitive Groups,30.3,UG/M3,1 Hr,Valid
Banja Luka,PM2.5 - Principal,2022-04-14 03:00 AM,2022,04,14,03,34.0,97,Moderate,28.1,UG/M3,1 Hr,Valid
Banja Luka,PM2.5 - Principal,2022-04-14 04:00 AM,2022,04,14,04,26.9,82,Moderate,19.8,UG/M3,1 Hr,Valid
Banja Luka,PM2.5 - Principal,2022-04-14 05:00 AM,2022,04,14,05,27.4,83,Moderate,27.9,UG/M3,1 Hr,Valid
Banja Luka,PM2.5 - Principal,2022-04-14 06:00 AM,2022,04,14,06,21.3,70,Moderate,15.2,UG/M3,1 Hr,Valid
Banja Luka,PM2.5 - Principal,2022-04-14 07:00 AM,2022,04,14,07,19.1,66,Moderate,16.9,UG/M3,1 Hr,Valid
Banja Luka,PM2.5 - Principal,2022-04-14 08:00 AM,2022,04,14,08,20.7,69,Moderate,22.3,UG/M3,1 Hr,Valid
Banja Luka,PM2.5 - Principal,2022-04-14 09:00 AM,2022,04,14,09,18.6,65,Moderate,16.6,UG/M3,1 Hr,Valid
Banja Luka,PM2.5 - Principal,2022-04-14 10:00 AM,2022,04,14,10,18.8,65,Moderate,19.0,UG/M3,1 Hr,Valid
Banja Luka,PM2.5 - Principal,2022-04-14 11:00 AM,2022,04,14,11,20.5,69,Moderate,22.2,UG/M3,1 Hr,Valid
Banja Luka,PM2.5 - Principal,2022-04-14 12:00 PM,2022,04,14,12,18.3,64,Moderate,16.1,UG/M3,1 Hr,Valid
Banja Luka,PM2.5 - Principal,2022-04-14 01:00 PM,2022,04,14,13,15.1,57,Moderate,11.8,UG/M3,1 Hr,Valid
Banja Luka,PM2.5 - Principal,2022-04-14 02:00 PM,2022,04,14,14,12.6,52,Moderate,10.1,UG/M3,1 Hr,Valid
Banja Luka,PM2.5 - Principal,2022-04-14 03:00 PM,2022,04,14,15,10.9,45,Good,9.3,UG/M3,1 Hr,Valid
Banja Luka,PM2.5 - Principal,2022-04-14 04:00 PM,2022,04,14,16,9.2,38,Good,7.4,UG/M3,1 Hr,Valid
Banja Luka,PM2.5 - Principal,2022-04-14 05:00 PM,2022,04,14,17,8.1,34,Good,7.0,UG/M3,1 Hr,Valid
Banja Luka,PM2.5 - Principal,2022-04-14 06:00 PM,2022,04,14,18,7.2,30,Good,6.3,UG/M3,1 Hr,Valid
Banja Luka,PM2.5 - Principal,2022-04-14 07:00 PM,2022,04,14,19,7.1,30,Good,7.1,UG/M3,1 Hr,Valid
Banja Luka,PM2.5 - Principal,2022-04-14 08:00 PM,2022,04,14,20,8.2,34,Good,9.3,UG/M3,1 Hr,Valid
Banja Luka,PM2.5 - Principal,2022-04-14 09:00 PM,2022,04,14,21,11.6,48,Good,14.9,UG/M3,1 Hr,Valid
Banja Luka,PM2.5 - Principal,2022-04-14 10:00 PM,2022,04,14,22,34.7,99,Moderate,57.9,UG/M3,1 Hr,Valid
Banja Luka,PM2.5 - Principal,2022-04-14 11:00 PM,2022,04,14,23,47.0,129,Unhealthy for Sensitive Groups,59.3,UG/M3,1 Hr,Valid
Banja Luka,PM2.5 - Principal,2022-04-15 12:00 AM,2022,04,15,00,46.1,127,Unhealthy for Sensitive Groups,45.2,UG/M3,1 Hr,Valid
Banja Luka,PM2.5 - Principal,2022-04-15 01:00 AM,2022,04,15,01,45.7,126,Unhealthy for Sensitive Groups,45.2,UG/M3,1 Hr,Valid
Banja Luka,PM2.5 - Principal,2022-04-15 02:00 AM,2022,04,15,02,38.5,108,Unhealthy for Sensitive Groups,31.3,UG/M3,1 Hr,Valid
Banja Luka,PM2.5 - Principal,2022-04-15 03:00 AM,2022,04,15,03,32.1,93,Moderate,25.7,UG/M3,1 Hr,Valid
Banja Luka,PM2.5 - Principal,2022-04-15 04:00 AM,2022,04,15,04,27.9,84,Moderate,23.8,UG/M3,1 Hr,Valid
Banja Luka,PM2.5 - Principal,2022-04-15 05:00 AM,2022,04,15,05,22.7,73,Moderate,17.5,UG/M3,1 Hr,Valid
Banja Luka,PM2.5 - Principal,2022-04-15 06:00 AM,2022,04,15,06,18.0,63,Moderate,13.4,UG/M3,1 Hr,Valid
Banja Luka,PM2.5 - Principal,2022-04-15 07:00 AM,2022,04,15,07,15.3,58,Moderate,12.6,UG/M3,1 Hr,Valid
Banja Luka,PM2.5 - Principal,2022-04-15 08:00 AM,2022,04,15,08,17.0,61,Moderate,18.7,UG/M3,1 Hr,Valid
Banja Luka,PM2.5 - Principal,2022-04-15 09:00 AM,2022,04,15,09,18.3,64,Moderate,19.6,UG/M3,1 Hr,Valid
Banja Luka,PM2.5 - Principal,2022-04-15 10:00 AM,2022,04,15,10,18.3,64,Moderate,18.2,UG/M3,1 Hr,Valid
Banja Luka,PM2.5 - Principal,2022-04-15 11:00 AM,2022,04,15,11,20.9,70,Moderate,23.5,UG/M3,1 Hr,Valid
Banja Luka,PM2.5 - Principal,2022-04-15 12:00 PM,2022,04,15,12,20.2,68,Moderate,19.5,UG/M3,1 Hr,Valid
Banja Luka,PM2.5 - Principal,2022-04-15 01:00 PM,2022,04,15,13,15.0,57,Moderate,9.8,UG/M3,1 Hr,Valid
Banja Luka,PM2.5 - Principal,2022-04-15 02:00 PM,2022,04,15,14,12.0,50,Good,9.1,UG/M3,1 Hr,Valid
Banja Luka,PM2.5 - Principal,2022-04-15 03:00 PM,2022,04,15,15,12.7,52,Moderate,13.3,UG/M3,1 Hr,Valid
Banja Luka,PM2.5 - Principal,2022-04-15 04:00 PM,2022,04,15,16,12.4,52,Moderate,12.2,UG/M3,1 Hr,Valid
Banja Luka,PM2.5 - Principal,2022-04-15 05:00 PM,2022,04,15,17,15.4,58,Moderate,18.4,UG/M3,1 Hr,Valid
Banja Luka,PM2.5 - Principal,2022-04-15 06:00 PM,2022,04,15,18,15.5,58,Moderate,15.7,UG/M3,1 Hr,Valid
Banja Luka,PM2.5 - Principal,2022-04-15 07:00 PM,2022,04,15,19,22.7,73,Moderate,29.8,UG/M3,1 Hr,Valid
Banja Luka,PM2.5 - Principal,2022-04-15 08:00 PM,2022,04,15,20,16.1,59,Moderate,9.5,UG/M3,1 Hr,Valid
Banja Luka,PM2.5 - Principal,2022-04-15 09:00 PM,2022,04,15,21,17.3,62,Moderate,18.5,UG/M3,1 Hr,Valid
Banja Luka,PM2.5 - Principal,2022-04-15 10:00 PM,2022,04,15,22,22.2,72,Moderate,27.0,UG/M3,1 Hr,Valid
Banja Luka,PM2.5 - Principal,2022-04-15 11:00 PM,2022,04,15,23,32.5,94,Moderate,42.9,UG/M3,1 Hr,Valid
Banja Luka,PM2.5 - Principal,2022-04-16 12:00 AM,2022,04,16,00,32.5,94,Moderate,32.4,UG/M3,1 Hr,Valid
Banja Luka,PM2.5 - Principal,2022-04-16 01:00 AM,2022,04,16,01,28.5,85,Moderate,24.5,UG/M3,1 Hr,Valid
Banja Luka,PM2.5 - Principal,2022-04-16 02:00 AM,2022,04,16,02,25.2,79,Moderate,22.0,UG/M3,1 Hr,Valid
Banja Luka,PM2.5 - Principal,2022-04-16 03:00 AM,2022,04,16,03,23.7,75,Moderate,22.2,UG/M3,1 Hr,Valid
Banja Luka,PM2.5 - Principal,2022-04-16 04:00 AM,2022,04,16,04,21.8,71,Moderate,19.9,UG/M3,1 Hr,Valid
Banja Luka,PM2.5 - Principal,2022-04-16 05:00 AM,2022,04,16,05,19.7,67,Moderate,17.6,UG/M3,1 Hr,Valid
Banja Luka,PM2.5 - Principal,2022-04-16 06:00 AM,2022,04,16,06,17.2,62,Moderate,14.8,UG/M3,1 Hr,Valid
Banja Luka,PM2.5 - Principal,2022-04-16 07:00 AM,2022,04,16,07,15.9,59,Moderate,14.5,UG/M3,1 Hr,Valid
Banja Luka,PM2.5 - Principal,2022-04-16 08:00 AM,2022,04,16,08,16.2,60,Moderate,16.5,UG/M3,1 Hr,Valid
Banja Luka,PM2.5 - Principal,2022-04-16 09:00 AM,2022,04,16,09,14.7,56,Moderate,13.3,UG/M3,1 Hr,Valid
Banja Luka,PM2.5 - Principal,2022-04-16 10:00 AM,2022,04,16,10,12.6,52,Moderate,10.4,UG/M3,1 Hr,Valid
Banja Luka,PM2.5 - Principal,2022-04-16 11:00 AM,2022,04,16,11,10.2,43,Good,7.9,UG/M3,1 Hr,Valid
Banja Luka,PM2.5 - Principal,2022-04-16 12:00 PM,2022,04,16,12,8.5,35,Good,6.7,UG/M3,1 Hr,Valid
Banja Luka,PM2.5 - Principal,2022-04-16 01:00 PM,2022,04,16,13,6.6,28,Good,4.7,UG/M3,1 Hr,Valid
Banja Luka,PM2.5 - Principal,2022-04-16 02:00 PM,2022,04,16,14,5.4,23,Good,4.3,UG/M3,1 Hr,Valid
Banja Luka,PM2.5 - Principal,2022-04-16 03:00 PM,2022,04,16,15,4.8,20,Good,4.3,UG/M3,1 Hr,Valid
Banja Luka,PM2.5 - Principal,2022-04-16 04:00 PM,2022,04,16,16,4.4,18,Good,4.0,UG/M3,1 Hr,Valid
Banja Luka,PM2.5 - Principal,2022-04-16 05:00 PM,2022,04,16,17,4.3,18,Good,4.1,UG/M3,1 Hr,Valid
Banja Luka,PM2.5 - Principal,2022-04-16 06:00 PM,2022,04,16,18,4.9,20,Good,5.5,UG/M3,1 Hr,Valid
Banja Luka,PM2.5 - Principal,2022-04-16 07:00 PM,2022,04,16,19,5.8,24,Good,6.7,UG/M3,1 Hr,Valid
Banja Luka,PM2.5 - Principal,2022-04-16 08:00 PM,2022,04,16,20,6.3,26,Good,6.9,UG/M3,1 Hr,Valid
Banja Luka,PM2.5 - Principal,2022-04-16 09:00 PM,2022,04,16,21,7.5,31,Good,8.6,UG/M3,1 Hr,Valid
Banja Luka,PM2.5 - Principal,2022-04-16 10:00 PM,2022,04,16,22,7.7,32,Good,7.9,UG/M3,1 Hr,Valid
Banja Luka,PM2.5 - Principal,2022-04-16 11:00 PM,2022,04,16,23,7.9,33,Good,8.0,UG/M3,1 Hr,Valid
Banja Luka,PM2.5 - Principal,2022-04-17 12:00 AM,2022,04,17,00,8.8,37,Good,9.7,UG/M3,1 Hr,Valid
Banja Luka,PM2.5 - Principal,2022-04-17 01:00 AM,2022,04,17,01,9.3,39,Good,9.7,UG/M3,1 Hr,Valid
Banja Luka,PM2.5 - Principal,2022-04-17 02:00 AM,2022,04,17,02,9.3,39,Good,9.3,UG/M3,1 Hr,Valid
Banja Luka,PM2.5 - Principal,2022-04-17 03:00 AM,2022,04,17,03,9.9,41,Good,10.5,UG/M3,1 Hr,Valid
Banja Luka,PM2.5 - Principal,2022-04-17 04:00 AM,2022,04,17,04,9.3,39,Good,8.7,UG/M3,1 Hr,Valid
Banja Luka,PM2.5 - Principal,2022-04-17 05:00 AM,2022,04,17,05,9.0,38,Good,8.8,UG/M3,1 Hr,Valid
Banja Luka,PM2.5 - Principal,2022-04-17 06:00 AM,2022,04,17,06,9.3,39,Good,9.6,UG/M3,1 Hr,Valid
Banja Luka,PM2.5 - Principal,2022-04-17 07:00 AM,2022,04,17,07,9.4,39,Good,9.7,UG/M3,1 Hr,Valid
Banja Luka,PM2.5 - Principal,2022-04-17 08:00 AM,2022,04,17,08,9.5,40,Good,10.0,UG/M3,1 Hr,Valid
Banja Luka,PM2.5 - Principal,2022-04-17 09:00 AM,2022,04,17,09,9.5,40,Good,9.2,UG/M3,1 Hr,Valid
Banja Luka,PM2.5 - Principal,2022-04-17 10:00 AM,2022,04,17,10,9.2,38,Good,8.2,UG/M3,1 Hr,Valid
Banja Luka,PM2.5 - Principal,2022-04-17 11:00 AM,2022,04,17,11,9.2,38,Good,9.3,UG/M3,1 Hr,Valid
Banja Luka,PM2.5 - Principal,2022-04-17 12:00 PM,2022,04,17,12,9.1,38,Good,8.6,UG/M3,1 Hr,Valid
Banja Luka,PM2.5 - Principal,2022-04-17 01:00 PM,2022,04,17,13,7.7,32,Good,6.1,UG/M3,1 Hr,Valid
Banja Luka,PM2.5 - Principal,2022-04-17 02:00 PM,2022,04,17,14,7.1,30,Good,6.4,UG/M3,1 Hr,Valid
Banja Luka,PM2.5 - Principal,2022-04-17 03:00 PM,2022,04,17,15,6.6,28,Good,5.7,UG/M3,1 Hr,Valid
Banja Luka,PM2.5 - Principal,2022-04-17 04:00 PM,2022,04,17,16,6.0,25,Good,5.5,UG/M3,1 Hr,Valid
Banja Luka,PM2.5 - Principal,2022-04-17 05:00 PM,2022,04,17,17,6.8,28,Good,7.7,UG/M3,1 Hr,Valid
Banja Luka,PM2.5 - Principal,2022-04-17 06:00 PM,2022,04,17,18,6.7,28,Good,6.5,UG/M3,1 Hr,Valid
Banja Luka,PM2.5 - Principal,2022-04-17 07:00 PM,2022,04,17,19,6.6,28,Good,6.5,UG/M3,1 Hr,Valid
Banja Luka,PM2.5 - Principal,2022-04-17 08:00 PM,2022,04,17,20,6.8,28,Good,7.2,UG/M3,1 Hr,Valid
Banja Luka,PM2.5 - Principal,2022-04-17 09:00 PM,2022,04,17,21,7.7,32,Good,8.9,UG/M3,1 Hr,Valid
Banja Luka,PM2.5 - Principal,2022-04-17 10:00 PM,2022,04,17,22,11.2,47,Good,14.5,UG/M3,1 Hr,Valid
Banja Luka,PM2.5 - Principal,2022-04-17 11:00 PM,2022,04,17,23,9.2,38,Good,7.3,UG/M3,1 Hr,Valid
Banja Luka,PM2.5 - Principal,2022-04-18 12:00 AM,2022,04,18,00,8.3,35,Good,7.3,UG/M3,1 Hr,Valid
Banja Luka,PM2.5 - Principal,2022-04-18 01:00 AM,2022,04,18,01,7.4,31,Good,6.6,UG/M3,1 Hr,Valid
Banja Luka,PM2.5 - Principal,2022-04-18 02:00 AM,2022,04,18,02,8.3,35,Good,9.1,UG/M3,1 Hr,Valid
Banja Luka,PM2.5 - Principal,2022-04-18 03:00 AM,2022,04,18,03,13.3,54,Moderate,18.2,UG/M3,1 Hr,Valid
Banja Luka,PM2.5 - Principal,2022-04-18 04:00 AM,2022,04,18,04,13.3,54,Moderate,13.3,UG/M3,1 Hr,Valid
Banja Luka,PM2.5 - Principal,2022-04-18 05:00 AM,2022,04,18,05,12.1,51,Moderate,11.0,UG/M3,1 Hr,Valid
Banja Luka,PM2.5 - Principal,2022-04-18 06:00 AM,2022,04,18,06,11.4,48,Good,10.7,UG/M3,1 Hr,Valid
Banja Luka,PM2.5 - Principal,2022-04-18 07:00 AM,2022,04,18,07,13.2,53,Moderate,14.9,UG/M3,1 Hr,Valid
Banja Luka,PM2.5 - Principal,2022-04-18 08:00 AM,2022,04,18,08,17.4,62,Moderate,21.6,UG/M3,1 Hr,Valid
Banja Luka,PM2.5 - Principal,2022-04-18 09:00 AM,2022,04,18,09,19.1,66,Moderate,20.8,UG/M3,1 Hr,Valid
Banja Luka,PM2.5 - Principal,2022-04-18 10:00 AM,2022,04,18,10,16.3,60,Moderate,13.5,UG/M3,1 Hr,Valid
Banja Luka,PM2.5 - Principal,2022-04-18 11:00 AM,2022,04,18,11,13.3,54,Moderate,10.2,UG/M3,1 Hr,Valid
Banja Luka,PM2.5 - Principal,2022-04-18 12:00 PM,2022,04,18,12,11.0,46,Good,8.8,UG/M3,1 Hr,Valid
Banja Luka,PM2.5 - Principal,2022-04-18 01:00 PM,2022,04,18,13,8.7,36,Good,6.3,UG/M3,1 Hr,Valid
Banja Luka,PM2.5 - Principal,2022-04-18 02:00 PM,2022,04,18,14,8.4,35,Good,8.1,UG/M3,1 Hr,Valid
Banja Luka,PM2.5 - Principal,2022-04-18 03:00 PM,2022,04,18,15,9.4,39,Good,10.5,UG/M3,1 Hr,Valid
Banja Luka,PM2.5 - Principal,2022-04-18 04:00 PM,2022,04,18,16,10.0,42,Good,10.5,UG/M3,1 Hr,Valid
Banja Luka,PM2.5 - Principal,2022-04-18 05:00 PM,2022,04,18,17,8.1,34,Good,6.3,UG/M3,1 Hr,Valid
Banja Luka,PM2.5 - Principal,2022-04-18 06:00 PM,2022,04,18,18,7.4,31,Good,6.6,UG/M3,1 Hr,Valid
Banja Luka,PM2.5 - Principal,2022-04-18 07:00 PM,2022,04,18,19,7.4,31,Good,7.4,UG/M3,1 Hr,Valid
Banja Luka,PM2.5 - Principal,2022-04-18 08:00 PM,2022,04,18,20,7.5,31,Good,7.6,UG/M3,1 Hr,Valid
Banja Luka,PM2.5 - Principal,2022-04-18 09:00 PM,2022,04,18,21,11.3,47,Good,15.1,UG/M3,1 Hr,Valid
Banja Luka,PM2.5 - Principal,2022-04-18 10:00 PM,2022,04,18,22,12.3,51,Moderate,13.4,UG/M3,1 Hr,Valid
Banja Luka,PM2.5 - Principal,2022-04-18 11:00 PM,2022,04,18,23,42.2,117,Unhealthy for Sensitive Groups,72.0,UG/M3,1 Hr,Valid
Banja Luka,PM2.5 - Principal,2022-04-19 12:00 AM,2022,04,19,00,47.4,130,Unhealthy for Sensitive Groups,52.5,UG/M3,1 Hr,Valid
Banja Luka,PM2.5 - Principal,2022-04-19 01:00 AM,2022,04,19,01,51.9,141,Unhealthy for Sensitive Groups,56.3,UG/M3,1 Hr,Valid
Banja Luka,PM2.5 - Principal,2022-04-19 02:00 AM,2022,04,19,02,43.3,120,Unhealthy for Sensitive Groups,34.7,UG/M3,1 Hr,Valid
Banja Luka,PM2.5 - Principal,2022-04-19 03:00 AM,2022,04,19,03,29.4,87,Moderate,15.5,UG/M3,1 Hr,Valid
Banja Luka,PM2.5 - Principal,2022-04-19 04:00 AM,2022,04,19,04,20.1,68,Moderate,10.9,UG/M3,1 Hr,Valid
Banja Luka,PM2.5 - Principal,2022-04-19 05:00 AM,2022,04,19,05,15.5,58,Moderate,10.9,UG/M3,1 Hr,Valid
Banja Luka,PM2.5 - Principal,2022-04-19 06:00 AM,2022,04,19,06,12.8,52,Moderate,10.0,UG/M3,1 Hr,Valid
Banja Luka,PM2.5 - Principal,2022-04-19 07:00 AM,2022,04,19,07,11.6,48,Good,10.5,UG/M3,1 Hr,Valid
Banja Luka,PM2.5 - Principal,2022-04-19 08:00 AM,2022,04,19,08,11.8,49,Good,12.1,UG/M3,1 Hr,Valid
Banja Luka,PM2.5 - Principal,2022-04-19 09:00 AM,2022,04,19,09,12.8,52,Moderate,13.8,UG/M3,1 Hr,Valid
Banja Luka,PM2.5 - Principal,2022-04-19 10:00 AM,2022,04,19,10,12.8,52,Moderate,12.7,UG/M3,1 Hr,Valid
Banja Luka,PM2.5 - Principal,2022-04-19 11:00 AM,2022,04,19,11,12.8,52,Moderate,12.9,UG/M3,1 Hr,Valid
Banja Luka,PM2.5 - Principal,2022-04-19 12:00 PM,2022,04,19,12,12.9,53,Moderate,13.0,UG/M3,1 Hr,Valid
Banja Luka,PM2.5 - Principal,2022-04-19 01:00 PM,2022,04,19,13,10.7,45,Good,8.6,UG/M3,1 Hr,Valid
Banja Luka,PM2.5 - Principal,2022-04-19 02:00 PM,2022,04,19,14,9.3,39,Good,7.8,UG/M3,1 Hr,Valid
Banja Luka,PM2.5 - Principal,2022-04-19 03:00 PM,2022,04,19,15,9.1,38,Good,8.6,UG/M3,1 Hr,Valid
Banja Luka,PM2.5 - Principal,2022-04-19 04:00 PM,2022,04,19,16,8.8,37,Good,8.3,UG/M3,1 Hr,Valid
Banja Luka,PM2.5 - Principal,2022-04-19 05:00 PM,2022,04,19,17,7.9,33,Good,7.1,UG/M3,1 Hr,Valid
Banja Luka,PM2.5 - Principal,2022-04-19 06:00 PM,2022,04,19,18,7.3,30,Good,6.7,UG/M3,1 Hr,Valid
Banja Luka,PM2.5 - Principal,2022-04-19 07:00 PM,2022,04,19,19,7.6,32,Good,8.0,UG/M3,1 Hr,Valid
Banja Luka,PM2.5 - Principal,2022-04-19 08:00 PM,2022,04,19,20,8.7,36,Good,9.8,UG/M3,1 Hr,Valid
Banja Luka,PM2.5 - Principal,2022-04-19 09:00 PM,2022,04,19,21,11.8,49,Good,14.9,UG/M3,1 Hr,Valid
Banja Luka,PM2.5 - Principal,2022-04-19 10:00 PM,2022,04,19,22,12.5,52,Moderate,13.2,UG/M3,1 Hr,Valid
Banja Luka,PM2.5 - Principal,2022-04-19 11:00 PM,2022,04,19,23,11.8,49,Good,11.1,UG/M3,1 Hr,Valid
Banja Luka,PM2.5 - Principal,2022-04-20 12:00 AM,2022,04,20,00,12.9,53,Moderate,14.0,UG/M3,1 Hr,Valid
Banja Luka,PM2.5 - Principal,2022-04-20 01:00 AM,2022,04,20,01,11.6,48,Good,10.3,UG/M3,1 Hr,Valid
Banja Luka,PM2.5 - Principal,2022-04-20 02:00 AM,2022,04,20,02,19.2,66,Moderate,26.7,UG/M3,1 Hr,Valid
Banja Luka,PM2.5 - Principal,2022-04-20 03:00 AM,2022,04,20,03,16.5,60,Moderate,13.9,UG/M3,1 Hr,Valid
Banja Luka,PM2.5 - Principal,2022-04-20 04:00 AM,2022,04,20,04,11.6,48,Good,6.8,UG/M3,1 Hr,Valid
Banja Luka,PM2.5 - Principal,2022-04-20 05:00 AM,2022,04,20,05,8.0,33,Good,4.3,UG/M3,1 Hr,Valid
Banja Luka,PM2.5 - Principal,2022-04-20 06:00 AM,2022,04,20,06,6.0,25,Good,3.9,UG/M3,1 Hr,Valid
Banja Luka,PM2.5 - Principal,2022-04-20 07:00 AM,2022,04,20,07,5.1,21,Good,4.3,UG/M3,1 Hr,Valid
Banja Luka,PM2.5 - Principal,2022-04-20 08:00 AM,2022,04,20,08,5.2,22,Good,5.2,UG/M3,1 Hr,Valid
Banja Luka,PM2.5 - Principal,2022-04-20 09:00 AM,2022,04,20,09,7.1,30,Good,9.1,UG/M3,1 Hr,Valid
Banja Luka,PM2.5 - Principal,2022-04-20 10:00 AM,2022,04,20,10,7.6,32,Good,8.0,UG/M3,1 Hr,Valid
Banja Luka,PM2.5 - Principal,2022-04-20 11:00 AM,2022,04,20,11,8.2,34,Good,8.8,UG/M3,1 Hr,Valid
Banja Luka,PM2.5 - Principal,2022-04-20 12:00 PM,2022,04,20,12,10.4,43,Good,12.6,UG/M3,1 Hr,Valid
Banja Luka,PM2.5 - Principal,2022-04-20 01:00 PM,2022,04,20,13,10.9,45,Good,11.5,UG/M3,1 Hr,Valid
Banja Luka,PM2.5 - Principal,2022-04-20 02:00 PM,2022,04,20,14,10.0,42,Good,9.1,UG/M3,1 Hr,Valid
Banja Luka,PM2.5 - Principal,2022-04-20 03:00 PM,2022,04,20,15,12.2,51,Moderate,14.4,UG/M3,1 Hr,Valid
Banja Luka,PM2.5 - Principal,2022-04-20 04:00 PM,2022,04,20,16,13.8,55,Moderate,15.4,UG/M3,1 Hr,Valid
Banja Luka,PM2.5 - Principal,2022-04-20 05:00 PM,2022,04,20,17,12.8,52,Moderate,11.9,UG/M3,1 Hr,Valid
Banja Luka,PM2.5 - Principal,2022-04-20 06:00 PM,2022,04,20,18,11.3,47,Good,9.8,UG/M3,1 Hr,Valid
Banja Luka,PM2.5 - Principal,2022-04-20 07:00 PM,2022,04,20,19,13.3,54,Moderate,15.4,UG/M3,1 Hr,Valid
Banja Luka,PM2.5 - Principal,2022-04-20 08:00 PM,2022,04,20,20,13.9,55,Moderate,14.6,UG/M3,1 Hr,Valid
Banja Luka,PM2.5 - Principal,2022-04-20 09:00 PM,2022,04,20,21,30.4,89,Moderate,46.7,UG/M3,1 Hr,Valid
Banja Luka,PM2.5 - Principal,2022-04-20 10:00 PM,2022,04,20,22,60.0,153,Unhealthy,89.5,UG/M3,1 Hr,Valid
Banja Luka,PM2.5 - Principal,2022-04-20 11:00 PM,2022,04,20,23,77.2,162,Unhealthy,94.5,UG/M3,1 Hr,Valid
Banja Luka,PM2.5 - Principal,2022-04-21 12:00 AM,2022,04,21,00,79.4,163,Unhealthy,81.5,UG/M3,1 Hr,Valid
Banja Luka,PM2.5 - Principal,2022-04-21 01:00 AM,2022,04,21,01,77.2,162,Unhealthy,75.1,UG/M3,1 Hr,Valid
Banja Luka,PM2.5 - Principal,2022-04-21 02:00 AM,2022,04,21,02,71.4,159,Unhealthy,65.5,UG/M3,1 Hr,Valid
Banja Luka,PM2.5 - Principal,2022-04-21 03:00 AM,2022,04,21,03,56.2,151,Unhealthy,41.0,UG/M3,1 Hr,Valid
Banja Luka,PM2.5 - Principal,2022-04-21 04:00 AM,2022,04,21,04,46.7,129,Unhealthy for Sensitive Groups,37.2,UG/M3,1 Hr,Valid
Banja Luka,PM2.5 - Principal,2022-04-21 05:00 AM,2022,04,21,05,31.0,91,Moderate,15.4,UG/M3,1 Hr,Valid
Banja Luka,PM2.5 - Principal,2022-04-21 06:00 AM,2022,04,21,06,23.5,75,Moderate,16.0,UG/M3,1 Hr,Valid
Banja Luka,PM2.5 - Principal,2022-04-21 07:00 AM,2022,04,21,07,23.7,75,Moderate,23.9,UG/M3,1 Hr,Valid
Banja Luka,PM2.5 - Principal,2022-04-21 08:00 AM,2022,04,21,08,23.0,74,Moderate,22.2,UG/M3,1 Hr,Valid
Banja Luka,PM2.5 - Principal,2022-04-21 09:00 AM,2022,04,21,09,24.6,77,Moderate,26.3,UG/M3,1 Hr,Valid
Banja Luka,PM2.5 - Principal,2022-04-21 10:00 AM,2022,04,21,10,23.4,75,Moderate,22.1,UG/M3,1 Hr,Valid
Banja Luka,PM2.5 - Principal,2022-04-21 11:00 AM,2022,04,21,11,25.9,80,Moderate,28.4,UG/M3,1 Hr,Valid
Banja Luka,PM2.5 - Principal,2022-04-21 12:00 PM,2022,04,21,12,31.9,93,Moderate,37.9,UG/M3,1 Hr,Valid
Banja Luka,PM2.5 - Principal,2022-04-21 01:00 PM,2022,04,21,13,36.6,104,Unhealthy for Sensitive Groups,41.4,UG/M3,1 Hr,Valid
Banja Luka,PM2.5 - Principal,2022-04-21 02:00 PM,2022,04,21,14,43.5,121,Unhealthy for Sensitive Groups,50.3,UG/M3,1 Hr,Valid
Banja Luka,PM2.5 - Principal,2022-04-21 03:00 PM,2022,04,21,15,37.0,105,Unhealthy for Sensitive Groups,30.5,UG/M3,1 Hr,Valid
Banja Luka,PM2.5 - Principal,2022-04-21 04:00 PM,2022,04,21,16,28.9,86,Moderate,20.9,UG/M3,1 Hr,Valid
Banja Luka,PM2.5 - Principal,2022-04-21 05:00 PM,2022,04,21,17,22.5,73,Moderate,16.1,UG/M3,1 Hr,Valid
Banja Luka,PM2.5 - Principal,2022-04-21 06:00 PM,2022,04,21,18,25.1,78,Moderate,27.7,UG/M3,1 Hr,Valid
Banja Luka,PM2.5 - Principal,2022-04-21 07:00 PM,2022,04,21,19,28.4,85,Moderate,31.6,UG/M3,1 Hr,Valid
Banja Luka,PM2.5 - Principal,2022-04-21 08:00 PM,2022,04,21,20,29.9,88,Moderate,31.4,UG/M3,1 Hr,Valid
Banja Luka,PM2.5 - Principal,2022-04-21 09:00 PM,2022,04,21,21,38.9,109,Unhealthy for Sensitive Groups,47.8,UG/M3,1 Hr,Valid
Banja Luka,PM2.5 - Principal,2022-04-21 10:00 PM,2022,04,21,22,56.5,152,Unhealthy,74.1,UG/M3,1 Hr,Valid
Banja Luka,PM2.5 - Principal,2022-04-21 11:00 PM,2022,04,21,23,74.4,161,Unhealthy,92.2,UG/M3,1 Hr,Valid
Banja Luka,PM2.5 - Principal,2022-04-22 12:00 AM,2022,04,22,00,80.5,164,Unhealthy,86.7,UG/M3,1 Hr,Valid
Banja Luka,PM2.5 - Principal,2022-04-22 01:00 AM,2022,04,22,01,74.9,161,Unhealthy,69.2,UG/M3,1 Hr,Valid
Banja Luka,PM2.5 - Principal,2022-04-22 02:00 AM,2022,04,22,02,68.5,158,Unhealthy,62.1,UG/M3,1 Hr,Valid
Banja Luka,PM2.5 - Principal,2022-04-22 03:00 AM,2022,04,22,03,57.0,152,Unhealthy,45.4,UG/M3,1 Hr,Valid
Banja Luka,PM2.5 - Principal,2022-04-22 04:00 AM,2022,04,22,04,47.1,130,Unhealthy for Sensitive Groups,37.2,UG/M3,1 Hr,Valid
Banja Luka,PM2.5 - Principal,2022-04-22 05:00 AM,2022,04,22,05,43.2,120,Unhealthy for Sensitive Groups,39.3,UG/M3,1 Hr,Valid
Banja Luka,PM2.5 - Principal,2022-04-22 06:00 AM,2022,04,22,06,36.1,102,Unhealthy for Sensitive Groups,29.0,UG/M3,1 Hr,Valid
Banja Luka,PM2.5 - Principal,2022-04-22 07:00 AM,2022,04,22,07,31.4,92,Moderate,26.7,UG/M3,1 Hr,Valid
Banja Luka,PM2.5 - Principal,2022-04-22 08:00 AM,2022,04,22,08,28.7,86,Moderate,26.1,UG/M3,1 Hr,Valid
Banja Luka,PM2.5 - Principal,2022-04-22 09:00 AM,2022,04,22,09,28.8,86,Moderate,28.9,UG/M3,1 Hr,Valid
Banja Luka,PM2.5 - Principal,2022-04-22 10:00 AM,2022,04,22,10,28.6,86,Moderate,28.5,UG/M3,1 Hr,Valid
Banja Luka,PM2.5 - Principal,2022-04-22 11:00 AM,2022,04,22,11,26.2,81,Moderate,23.8,UG/M3,1 Hr,Valid
Banja Luka,PM2.5 - Principal,2022-04-22 12:00 PM,2022,04,22,12,25.0,78,Moderate,23.8,UG/M3,1 Hr,Valid
Banja Luka,PM2.5 - Principal,2022-04-22 01:00 PM,2022,04,22,13,20.8,69,Moderate,16.7,UG/M3,1 Hr,Valid
Banja Luka,PM2.5 - Principal,2022-04-22 02:00 PM,2022,04,22,14,18.8,65,Moderate,16.8,UG/M3,1 Hr,Valid
Banja Luka,PM2.5 - Principal,2022-04-22 03:00 PM,2022,04,22,15,15.7,59,Moderate,12.6,UG/M3,1 Hr,Valid
Banja Luka,PM2.5 - Principal,2022-04-22 04:00 PM,2022,04,22,16,17.4,62,Moderate,19.1,UG/M3,1 Hr,Valid
Banja Luka,PM2.5 - Principal,2022-04-22 05:00 PM,2022,04,22,17,20.1,68,Moderate,22.8,UG/M3,1 Hr,Valid
Banja Luka,PM2.5 - Principal,2022-04-22 06:00 PM,2022,04,22,18,21.9,72,Moderate,23.7,UG/M3,1 Hr,Valid
Banja Luka,PM2.5 - Principal,2022-04-22 07:00 PM,2022,04,22,19,23.3,75,Moderate,24.7,UG/M3,1 Hr,Valid
Banja Luka,PM2.5 - Principal,2022-04-22 08:00 PM,2022,04,22,20,18.9,65,Moderate,14.6,UG/M3,1 Hr,Valid
Banja Luka,PM2.5 - Principal,2022-04-22 09:00 PM,2022,04,22,21,16.9,61,Moderate,14.9,UG/M3,1 Hr,Valid
Banja Luka,PM2.5 - Principal,2022-04-22 10:00 PM,2022,04,22,22,18.2,64,Moderate,19.4,UG/M3,1 Hr,Valid
Banja Luka,PM2.5 - Principal,2022-04-22 11:00 PM,2022,04,22,23,23.5,75,Moderate,28.9,UG/M3,1 Hr,Valid
Banja Luka,PM2.5 - Principal,2022-04-23 12:00 AM,2022,04,23,00,15.3,58,Moderate,7.2,UG/M3,1 Hr,Valid
Banja Luka,PM2.5 - Principal,2022-04-23 01:00 AM,2022,04,23,01,10.1,42,Good,4.8,UG/M3,1 Hr,Valid
Banja Luka,PM2.5 - Principal,2022-04-23 02:00 AM,2022,04,23,02,7.0,29,Good,3.9,UG/M3,1 Hr,Valid
Banja Luka,PM2.5 - Principal,2022-04-23 03:00 AM,2022,04,23,03,7.1,30,Good,7.2,UG/M3,1 Hr,Valid
Banja Luka,PM2.5 - Principal,2022-04-23 04:00 AM,2022,04,23,04,6.6,28,Good,6.1,UG/M3,1 Hr,Valid
Banja Luka,PM2.5 - Principal,2022-04-23 05:00 AM,2022,04,23,05,5.5,23,Good,4.3,UG/M3,1 Hr,Valid
Banja Luka,PM2.5 - Principal,2022-04-23 06:00 AM,2022,04,23,06,5.7,24,Good,5.9,UG/M3,1 Hr,Valid
Banja Luka,PM2.5 - Principal,2022-04-23 07:00 AM,2022,04,23,07,7.3,30,Good,8.9,UG/M3,1 Hr,Valid
Banja Luka,PM2.5 - Principal,2022-04-23 08:00 AM,2022,04,23,08,8.4,35,Good,9.5,UG/M3,1 Hr,Valid
Banja Luka,PM2.5 - Principal,2022-04-23 09:00 AM,2022,04,23,09,10.2,43,Good,12.1,UG/M3,1 Hr,Valid
Banja Luka,PM2.5 - Principal,2022-04-23 10:00 AM,2022,04,23,10,9.3,39,Good,8.3,UG/M3,1 Hr,Valid
Banja Luka,PM2.5 - Principal,2022-04-23 11:00 AM,2022,04,23,11,9.7,40,Good,10.1,UG/M3,1 Hr,Valid
Banja Luka,PM2.5 - Principal,2022-04-23 12:00 PM,2022,04,23,12,8.5,35,Good,7.3,UG/M3,1 Hr,Valid
Banja Luka,PM2.5 - Principal,2022-04-23 01:00 PM,2022,04,23,13,8.9,37,Good,9.4,UG/M3,1 Hr,Valid
Banja Luka,PM2.5 - Principal,2022-04-23 02:00 PM,2022,04,23,14,8.7,36,Good,8.6,UG/M3,1 Hr,Valid
Banja Luka,PM2.5 - Principal,2022-04-23 03:00 PM,2022,04,23,15,7.6,32,Good,6.5,UG/M3,1 Hr,Valid
Banja Luka,PM2.5 - Principal,2022-04-23 04:00 PM,2022,04,23,16,7.9,33,Good,8.2,UG/M3,1 Hr,Valid
Banja Luka,PM2.5 - Principal,2022-04-23 05:00 PM,2022,04,23,17,6.2,26,Good,4.5,UG/M3,1 Hr,Valid
Banja Luka,PM2.5 - Principal,2022-04-23 06:00 PM,2022,04,23,18,6.4,27,Good,6.6,UG/M3,1 Hr,Valid
Banja Luka,PM2.5 - Principal,2022-04-23 07:00 PM,2022,04,23,19,5.6,23,Good,4.7,UG/M3,1 Hr,Valid
Banja Luka,PM2.5 - Principal,2022-04-23 08:00 PM,2022,04,23,20,5.2,22,Good,4.9,UG/M3,1 Hr,Valid
Banja Luka,PM2.5 - Principal,2022-04-23 09:00 PM,2022,04,23,21,7.6,32,Good,10.1,UG/M3,1 Hr,Valid
Banja Luka,PM2.5 - Principal,2022-04-23 10:00 PM,2022,04,23,22,14.5,56,Moderate,21.3,UG/M3,1 Hr,Valid
Banja Luka,PM2.5 - Principal,2022-04-23 11:00 PM,2022,04,23,23,15.6,58,Moderate,16.8,UG/M3,1 Hr,Valid
Banja Luka,PM2.5 - Principal,2022-04-24 12:00 AM,2022,04,24,00,17.2,62,Moderate,18.7,UG/M3,1 Hr,Valid
Banja Luka,PM2.5 - Principal,2022-04-24 01:00 AM,2022,04,24,01,15.9,59,Moderate,14.6,UG/M3,1 Hr,Valid
Banja Luka,PM2.5 - Principal,2022-04-24 02:00 AM,2022,04,24,02,18.4,64,Moderate,20.9,UG/M3,1 Hr,Valid
Banja Luka,PM2.5 - Principal,2022-04-24 03:00 AM,2022,04,24,03,25.6,79,Moderate,32.9,UG/M3,1 Hr,Valid
Banja Luka,PM2.5 - Principal,2022-04-24 04:00 AM,2022,04,24,04,29.3,87,Moderate,33.0,UG/M3,1 Hr,Valid
Banja Luka,PM2.5 - Principal,2022-04-24 05:00 AM,2022,04,24,05,25.1,78,Moderate,20.9,UG/M3,1 Hr,Valid
Banja Luka,PM2.5 - Principal,2022-04-24 06:00 AM,2022,04,24,06,17.5,62,Moderate,9.9,UG/M3,1 Hr,Valid
Banja Luka,PM2.5 - Principal,2022-04-24 07:00 AM,2022,04,24,07,12.7,52,Moderate,7.9,UG/M3,1 Hr,Valid
Banja Luka,PM2.5 - Principal,2022-04-24 08:00 AM,2022,04,24,08,11.8,49,Good,10.9,UG/M3,1 Hr,Valid
Banja Luka,PM2.5 - Principal,2022-04-24 09:00 AM,2022,04,24,09,11.4,48,Good,11.0,UG/M3,1 Hr,Valid
Banja Luka,PM2.5 - Principal,2022-04-24 10:00 AM,2022,04,24,10,17.6,63,Moderate,23.9,UG/M3,1 Hr,Valid
Banja Luka,PM2.5 - Principal,2022-04-24 11:00 AM,2022,04,24,11,16.1,59,Moderate,14.5,UG/M3,1 Hr,Valid
Banja Luka,PM2.5 - Principal,2022-04-24 12:00 PM,2022,04,24,12,10.4,43,Good,4.7,UG/M3,1 Hr,Valid
Banja Luka,PM2.5 - Principal,2022-04-24 01:00 PM,2022,04,24,13,6.8,28,Good,3.3,UG/M3,1 Hr,Valid
Banja Luka,PM2.5 - Principal,2022-04-24 02:00 PM,2022,04,24,14,5.5,23,Good,4.1,UG/M3,1 Hr,Valid
Banja Luka,PM2.5 - Principal,2022-04-24 03:00 PM,2022,04,24,15,6.3,26,Good,7.1,UG/M3,1 Hr,Valid
Banja Luka,PM2.5 - Principal,2022-04-24 04:00 PM,2022,04,24,16,6.4,27,Good,6.6,UG/M3,1 Hr,Valid
Banja Luka,PM2.5 - Principal,2022-04-24 05:00 PM,2022,04,24,17,5.9,25,Good,5.3,UG/M3,1 Hr,Valid
Banja Luka,PM2.5 - Principal,2022-04-24 06:00 PM,2022,04,24,18,6.8,28,Good,7.7,UG/M3,1 Hr,Valid
Banja Luka,PM2.5 - Principal,2022-04-24 07:00 PM,2022,04,24,19,8.2,34,Good,9.6,UG/M3,1 Hr,Valid
Banja Luka,PM2.5 - Principal,2022-04-24 08:00 PM,2022,04,24,20,9.5,40,Good,10.8,UG/M3,1 Hr,Valid
Banja Luka,PM2.5 - Principal,2022-04-24 09:00 PM,2022,04,24,21,9.7,40,Good,9.9,UG/M3,1 Hr,Valid
Banja Luka,PM2.5 - Principal,2022-04-24 10:00 PM,2022,04,24,22,8.7,36,Good,7.8,UG/M3,1 Hr,Valid
Banja Luka,PM2.5 - Principal,2022-04-24 11:00 PM,2022,04,24,23,7.4,31,Good,6.1,UG/M3,1 Hr,Valid
Banja Luka,PM2.5 - Principal,2022-04-25 12:00 AM,2022,04,25,00,7.3,30,Good,7.3,UG/M3,1 Hr,Valid
Banja Luka,PM2.5 - Principal,2022-04-25 01:00 AM,2022,04,25,01,6.9,29,Good,6.5,UG/M3,1 Hr,Valid
Banja Luka,PM2.5 - Principal,2022-04-25 02:00 AM,2022,04,25,02,7.2,30,Good,7.4,UG/M3,1 Hr,Valid
Banja Luka,PM2.5 - Principal,2022-04-25 03:00 AM,2022,04,25,03,6.0,25,Good,4.9,UG/M3,1 Hr,Valid
Banja Luka,PM2.5 - Principal,2022-04-25 04:00 AM,2022,04,25,04,5.6,23,Good,5.2,UG/M3,1 Hr,Valid
Banja Luka,PM2.5 - Principal,2022-04-25 05:00 AM,2022,04,25,05,4.4,18,Good,3.2,UG/M3,1 Hr,Valid
Banja Luka,PM2.5 - Principal,2022-04-25 06:00 AM,2022,04,25,06,2.8,12,Good,1.3,UG/M3,1 Hr,Valid
Banja Luka,PM2.5 - Principal,2022-04-25 07:00 AM,2022,04,25,07,2.6,11,Good,2.3,UG/M3,1 Hr,Valid
Banja Luka,PM2.5 - Principal,2022-04-25 08:00 AM,2022,04,25,08,2.4,10,Good,2.2,UG/M3,1 Hr,Valid
Banja Luka,PM2.5 - Principal,2022-04-25 09:00 AM,2022,04,25,09,3.0,13,Good,3.6,UG/M3,1 Hr,Valid
Banja Luka,PM2.5 - Principal,2022-04-25 10:00 AM,2022,04,25,10,3.3,14,Good,3.6,UG/M3,1 Hr,Valid
Banja Luka,PM2.5 - Principal,2022-04-25 11:00 AM,2022,04,25,11,3.5,15,Good,3.6,UG/M3,1 Hr,Valid
Banja Luka,PM2.5 - Principal,2022-04-25 12:00 PM,2022,04,25,12,2.1,9,Good,0.7,UG/M3,1 Hr,Valid
Banja Luka,PM2.5 - Principal,2022-04-25 01:00 PM,2022,04,25,13,2.4,10,Good,2.7,UG/M3,1 Hr,Valid
Banja Luka,PM2.5 - Principal,2022-04-25 02:00 PM,2022,04,25,14,2.5,10,Good,2.7,UG/M3,1 Hr,Valid
Banja Luka,PM2.5 - Principal,2022-04-25 03:00 PM,2022,04,25,15,2.2,9,Good,1.9,UG/M3,1 Hr,Valid
Banja Luka,PM2.5 - Principal,2022-04-25 04:00 PM,2022,04,25,16,2.0,8,Good,1.9,UG/M3,1 Hr,Valid
Banja Luka,PM2.5 - Principal,2022-04-25 05:00 PM,2022,04,25,17,1.6,7,Good,1.1,UG/M3,1 Hr,Valid
Banja Luka,PM2.5 - Principal,2022-04-25 06:00 PM,2022,04,25,18,1.4,6,Good,1.1,UG/M3,1 Hr,Valid
Banja Luka,PM2.5 - Principal,2022-04-25 07:00 PM,2022,04,25,19,1.2,5,Good,1.1,UG/M3,1 Hr,Valid
Banja Luka,PM2.5 - Principal,2022-04-25 08:00 PM,2022,04,25,20,1.2,5,Good,1.1,UG/M3,1 Hr,Valid
Banja Luka,PM2.5 - Principal,2022-04-25 09:00 PM,2022,04,25,21,3.0,13,Good,4.8,UG/M3,1 Hr,Valid
Banja Luka,PM2.5 - Principal,2022-04-25 10:00 PM,2022,04,25,22,3.9,16,Good,4.8,UG/M3,1 Hr,Valid
Banja Luka,PM2.5 - Principal,2022-04-25 11:00 PM,2022,04,25,23,4.7,20,Good,5.4,UG/M3,1 Hr,Valid
Banja Luka,PM2.5 - Principal,2022-04-26 12:00 AM,2022,04,26,00,5.3,22,Good,5.9,UG/M3,1 Hr,Valid
Banja Luka,PM2.5 - Principal,2022-04-26 01:00 AM,2022,04,26,01,8.4,35,Good,11.5,UG/M3,1 Hr,Valid
Banja Luka,PM2.5 - Principal,2022-04-26 02:00 AM,2022,04,26,02,7.9,33,Good,7.4,UG/M3,1 Hr,Valid
Banja Luka,PM2.5 - Principal,2022-04-26 03:00 AM,2022,04,26,03,7.6,32,Good,7.4,UG/M3,1 Hr,Valid
Banja Luka,PM2.5 - Principal,2022-04-26 04:00 AM,2022,04,26,04,7.5,31,Good,7.4,UG/M3,1 Hr,Valid
Banja Luka,PM2.5 - Principal,2022-04-26 05:00 AM,2022,04,26,05,7.4,31,Good,7.4,UG/M3,1 Hr,Valid
Banja Luka,PM2.5 - Principal,2022-04-26 06:00 AM,2022,04,26,06,7.4,31,Good,7.4,UG/M3,1 Hr,Valid
Banja Luka,PM2.5 - Principal,2022-04-26 07:00 AM,2022,04,26,07,7.4,31,Good,7.4,UG/M3,1 Hr,Valid
Banja Luka,PM2.5 - Principal,2022-04-26 08:00 AM,2022,04,26,08,7.4,31,Good,7.4,UG/M3,1 Hr,Valid
Banja Luka,PM2.5 - Principal,2022-04-26 09:00 AM,2022,04,26,09,8.1,34,Good,8.8,UG/M3,1 Hr,Valid
Banja Luka,PM2.5 - Principal,2022-04-26 10:00 AM,2022,04,26,10,8.5,35,Good,8.8,UG/M3,1 Hr,Valid
Banja Luka,PM2.5 - Principal,2022-04-26 11:00 AM,2022,04,26,11,10.1,42,Good,11.8,UG/M3,1 Hr,Valid
Banja Luka,PM2.5 - Principal,2022-04-26 12:00 PM,2022,04,26,12,10.4,43,Good,11.8,UG/M3,1 Hr,Valid
Banja Luka,PM2.5 - Principal,2022-04-26 01:00 PM,2022,04,26,13,10.1,42,Good,9.5,UG/M3,1 Hr,Valid
Banja Luka,PM2.5 - Principal,2022-04-26 02:00 PM,2022,04,26,14,9.9,41,Good,9.5,UG/M3,1 Hr,Valid
Banja Luka,PM2.5 - Principal,2022-04-26 03:00 PM,2022,04,26,15,9.8,41,Good,9.5,UG/M3,1 Hr,Valid
Banja Luka,PM2.5 - Principal,2022-04-26 04:00 PM,2022,04,26,16,9.7,40,Good,9.5,UG/M3,1 Hr,Valid
Banja Luka,PM2.5 - Principal,2022-04-26 05:00 PM,2022,04,26,17,9.6,40,Good,9.5,UG/M3,1 Hr,Valid
Banja Luka,PM2.5 - Principal,2022-04-26 06:00 PM,2022,04,26,18,9.6,40,Good,9.5,UG/M3,1 Hr,Valid
Banja Luka,PM2.5 - Principal,2022-04-26 07:00 PM,2022,04,26,19,9.6,40,Good,9.5,UG/M3,1 Hr,Valid
Banja Luka,PM2.5 - Principal,2022-04-26 08:00 PM,2022,04,26,20,7.5,31,Good,5.5,UG/M3,1 Hr,Valid
Banja Luka,PM2.5 - Principal,2022-04-26 09:00 PM,2022,04,26,21,6.5,27,Good,5.5,UG/M3,1 Hr,Valid
Banja Luka,PM2.5 - Principal,2022-04-26 10:00 PM,2022,04,26,22,6.0,25,Good,5.5,UG/M3,1 Hr,Valid
Banja Luka,PM2.5 - Principal,2022-04-26 11:00 PM,2022,04,26,23,17.8,63,Moderate,29.7,UG/M3,1 Hr,Valid
Banja Luka,PM2.5 - Principal,2022-04-27 12:00 AM,2022,04,27,00,23.8,76,Moderate,29.7,UG/M3,1 Hr,Valid
Banja Luka,PM2.5 - Principal,2022-04-27 01:00 AM,2022,04,27,01,26.7,82,Moderate,29.7,UG/M3,1 Hr,Valid
Banja Luka,PM2.5 - Principal,2022-04-27 02:00 AM,2022,04,27,02,28.2,85,Moderate,29.7,UG/M3,1 Hr,Valid
Banja Luka,PM2.5 - Principal,2022-04-27 03:00 AM,2022,04,27,03,21.0,70,Moderate,13.7,UG/M3,1 Hr,Valid
Banja Luka,PM2.5 - Principal,2022-04-27 04:00 AM,2022,04,27,04,19.1,66,Moderate,17.2,UG/M3,1 Hr,Valid
Banja Luka,PM2.5 - Principal,2022-04-27 05:00 AM,2022,04,27,05,13.6,54,Moderate,8.1,UG/M3,1 Hr,Valid
Banja Luka,PM2.5 - Principal,2022-04-27 06:00 AM,2022,04,27,06,10.2,43,Good,6.9,UG/M3,1 Hr,Valid
Banja Luka,PM2.5 - Principal,2022-04-27 07:00 AM,2022,04,27,07,8.9,37,Good,7.5,UG/M3,1 Hr,Valid
Banja Luka,PM2.5 - Principal,2022-04-27 08:00 AM,2022,04,27,08,8.2,34,Good,7.5,UG/M3,1 Hr,Valid
Banja Luka,PM2.5 - Principal,2022-04-27 09:00 AM,2022,04,27,09,7.9,33,Good,7.5,UG/M3,1 Hr,Valid
Banja Luka,PM2.5 - Principal,2022-04-27 10:00 AM,2022,04,27,10,11.3,47,Good,14.8,UG/M3,1 Hr,Valid
Banja Luka,PM2.5 - Principal,2022-04-27 11:00 AM,2022,04,27,11,11.5,48,Good,11.6,UG/M3,1 Hr,Valid
Banja Luka,PM2.5 - Principal,2022-04-27 12:00 PM,2022,04,27,12,11.5,48,Good,11.6,UG/M3,1 Hr,Valid
Banja Luka,PM2.5 - Principal,2022-04-27 01:00 PM,2022,04,27,13,9.5,40,Good,7.6,UG/M3,1 Hr,Valid
Banja Luka,PM2.5 - Principal,2022-04-27 02:00 PM,2022,04,27,14,9.6,40,Good,9.6,UG/M3,1 Hr,Valid
Banja Luka,PM2.5 - Principal,2022-04-27 03:00 PM,2022,04,27,15,7.8,33,Good,6.0,UG/M3,1 Hr,Valid
Banja Luka,PM2.5 - Principal,2022-04-27 04:00 PM,2022,04,27,16,6.9,29,Good,6.0,UG/M3,1 Hr,Valid
Banja Luka,PM2.5 - Principal,2022-04-27 05:00 PM,2022,04,27,17,6.4,27,Good,6.0,UG/M3,1 Hr,Valid
Banja Luka,PM2.5 - Principal,2022-04-27 06:00 PM,2022,04,27,18,6.2,26,Good,6.0,UG/M3,1 Hr,Valid
Banja Luka,PM2.5 - Principal,2022-04-27 07:00 PM,2022,04,27,19,8.9,37,Good,11.5,UG/M3,1 Hr,Valid
Banja Luka,PM2.5 - Principal,2022-04-27 08:00 PM,2022,04,27,20,10.6,44,Good,12.3,UG/M3,1 Hr,Valid
Banja Luka,PM2.5 - Principal,2022-04-27 09:00 PM,2022,04,27,21,13.1,53,Moderate,15.6,UG/M3,1 Hr,Valid
Banja Luka,PM2.5 - Principal,2022-04-27 10:00 PM,2022,04,27,22,16.5,60,Moderate,19.8,UG/M3,1 Hr,Valid
Banja Luka,PM2.5 - Principal,2022-04-27 11:00 PM,2022,04,27,23,18.2,64,Moderate,19.8,UG/M3,1 Hr,Valid
Banja Luka,PM2.5 - Principal,2022-04-28 12:00 AM,2022,04,28,00,16.1,59,Moderate,13.9,UG/M3,1 Hr,Valid
Banja Luka,PM2.5 - Principal,2022-04-28 01:00 AM,2022,04,28,01,13.8,55,Moderate,11.5,UG/M3,1 Hr,Valid
Banja Luka,PM2.5 - Principal,2022-04-28 02:00 AM,2022,04,28,02,12.6,52,Moderate,11.5,UG/M3,1 Hr,Valid
Banja Luka,PM2.5 - Principal,2022-04-28 03:00 AM,2022,04,28,03,12.0,50,Good,11.5,UG/M3,1 Hr,Valid
Banja Luka,PM2.5 - Principal,2022-04-28 04:00 AM,2022,04,28,04,11.0,46,Good,10.0,UG/M3,1 Hr,Valid
Banja Luka,PM2.5 - Principal,2022-04-28 05:00 AM,2022,04,28,05,9.8,41,Good,8.5,UG/M3,1 Hr,Valid
Banja Luka,PM2.5 - Principal,2022-04-28 06:00 AM,2022,04,28,06,9.1,38,Good,8.5,UG/M3,1 Hr,Valid
Banja Luka,PM2.5 - Principal,2022-04-28 07:00 AM,2022,04,28,07,9.2,38,Good,9.3,UG/M3,1 Hr,Valid
Banja Luka,PM2.5 - Principal,2022-04-28 08:00 AM,2022,04,28,08,10.6,44,Good,12.0,UG/M3,1 Hr,Valid
Banja Luka,PM2.5 - Principal,2022-04-28 09:00 AM,2022,04,28,09,11.5,48,Good,12.4,UG/M3,1 Hr,Valid
Banja Luka,PM2.5 - Principal,2022-04-28 10:00 AM,2022,04,28,10,12.0,50,Good,12.4,UG/M3,1 Hr,Valid
Banja Luka,PM2.5 - Principal,2022-04-28 11:00 AM,2022,04,28,11,12.2,51,Moderate,13.0,UG/M3,1 Hr,Valid
Banja Luka,PM2.5 - Principal,2022-04-28 12:00 PM,2022,04,28,12,11.8,49,Good,11.3,UG/M3,1 Hr,Valid
Banja Luka,PM2.5 - Principal,2022-04-28 01:00 PM,2022,04,28,13,11.6,48,Good,11.3,UG/M3,1 Hr,Valid
Banja Luka,PM2.5 - Principal,2022-04-28 02:00 PM,2022,04,28,14,11.5,48,Good,11.3,UG/M3,1 Hr,Valid
Banja Luka,PM2.5 - Principal,2022-04-28 03:00 PM,2022,04,28,15,11.8,49,Good,12.3,UG/M3,1 Hr,Valid
Banja Luka,PM2.5 - Principal,2022-04-28 04:00 PM,2022,04,28,16,12.1,51,Moderate,12.7,UG/M3,1 Hr,Valid
Banja Luka,PM2.5 - Principal,2022-04-28 05:00 PM,2022,04,28,17,11.4,48,Good,10.0,UG/M3,1 Hr,Valid
Banja Luka,PM2.5 - Principal,2022-04-28 06:00 PM,2022,04,28,18,10.9,45,Good,9.3,UG/M3,1 Hr,Valid
Banja Luka,PM2.5 - Principal,2022-04-28 07:00 PM,2022,04,28,19,10.4,43,Good,9.3,UG/M3,1 Hr,Valid
Banja Luka,PM2.5 - Principal,2022-04-28 08:00 PM,2022,04,28,20,10.1,42,Good,9.3,UG/M3,1 Hr,Valid
Banja Luka,PM2.5 - Principal,2022-04-28 09:00 PM,2022,04,28,21,11.0,46,Good,13.4,UG/M3,1 Hr,Valid
Banja Luka,PM2.5 - Principal,2022-04-28 10:00 PM,2022,04,28,22,11.8,49,Good,13.4,UG/M3,1 Hr,Valid
Banja Luka,PM2.5 - Principal,2022-04-28 11:00 PM,2022,04,28,23,33.5,96,Moderate,54.7,UG/M3,1 Hr,Valid
Banja Luka,PM2.5 - Principal,2022-04-29 12:00 AM,2022,04,29,00,44.1,122,Unhealthy for Sensitive Groups,54.7,UG/M3,1 Hr,Valid
Banja Luka,PM2.5 - Principal,2022-04-29 01:00 AM,2022,04,29,01,43.2,120,Unhealthy for Sensitive Groups,42.3,UG/M3,1 Hr,Valid
Banja Luka,PM2.5 - Principal,2022-04-29 02:00 AM,2022,04,29,02,42.8,119,Unhealthy for Sensitive Groups,42.3,UG/M3,1 Hr,Valid
Banja Luka,PM2.5 - Principal,2022-04-29 03:00 AM,2022,04,29,03,29.6,88,Moderate,16.4,UG/M3,1 Hr,Valid
Banja Luka,PM2.5 - Principal,2022-04-29 04:00 AM,2022,04,29,04,23.0,74,Moderate,16.4,UG/M3,1 Hr,Valid
Banja Luka,PM2.5 - Principal,2022-04-29 05:00 AM,2022,04,29,05,19.7,67,Moderate,16.4,UG/M3,1 Hr,Valid
Banja Luka,PM2.5 - Principal,2022-04-29 06:00 AM,2022,04,29,06,16.1,59,Moderate,12.5,UG/M3,1 Hr,Valid
Banja Luka,PM2.5 - Principal,2022-04-29 07:00 AM,2022,04,29,07,14.4,56,Moderate,12.6,UG/M3,1 Hr,Valid
Banja Luka,PM2.5 - Principal,2022-04-29 08:00 AM,2022,04,29,08,14.6,56,Moderate,14.8,UG/M3,1 Hr,Valid
Banja Luka,PM2.5 - Principal,2022-04-29 09:00 AM,2022,04,29,09,14.7,56,Moderate,14.8,UG/M3,1 Hr,Valid
Banja Luka,PM2.5 - Principal,2022-04-29 10:00 AM,2022,04,29,10,14.8,57,Moderate,14.8,UG/M3,1 Hr,Valid
Banja Luka,PM2.5 - Principal,2022-04-29 11:00 AM,2022,04,29,11,17.9,63,Moderate,21.1,UG/M3,1 Hr,Valid
Banja Luka,PM2.5 - Principal,2022-04-29 12:00 PM,2022,04,29,12,17.1,62,Moderate,16.2,UG/M3,1 Hr,Valid
Banja Luka,PM2.5 - Principal,2022-04-29 01:00 PM,2022,04,29,13,16.6,60,Moderate,16.2,UG/M3,1 Hr,Valid
Banja Luka,PM2.5 - Principal,2022-04-29 02:00 PM,2022,04,29,14,16.4,60,Moderate,16.2,UG/M3,1 Hr,Valid
Banja Luka,PM2.5 - Principal,2022-04-29 03:00 PM,2022,04,29,15,16.3,60,Moderate,16.2,UG/M3,1 Hr,Valid
Banja Luka,PM2.5 - Principal,2022-04-29 04:00 PM,2022,04,29,16,12.2,51,Moderate,8.1,UG/M3,1 Hr,Valid
Banja Luka,PM2.5 - Principal,2022-04-29 05:00 PM,2022,04,29,17,10.1,42,Good,8.1,UG/M3,1 Hr,Valid
Banja Luka,PM2.5 - Principal,2022-04-29 06:00 PM,2022,04,29,18,9.8,41,Good,9.4,UG/M3,1 Hr,Valid
Banja Luka,PM2.5 - Principal,2022-04-29 07:00 PM,2022,04,29,19,9.6,40,Good,9.4,UG/M3,1 Hr,Valid
Banja Luka,PM2.5 - Principal,2022-04-29 08:00 PM,2022,04,29,20,9.5,40,Good,9.4,UG/M3,1 Hr,Valid
Banja Luka,PM2.5 - Principal,2022-04-29 09:00 PM,2022,04,29,21,10.4,43,Good,11.3,UG/M3,1 Hr,Valid
Banja Luka,PM2.5 - Principal,2022-04-29 10:00 PM,2022,04,29,22,10.8,45,Good,11.3,UG/M3,1 Hr,Valid
Banja Luka,PM2.5 - Principal,2022-04-29 11:00 PM,2022,04,29,23,11.0,46,Good,11.3,UG/M3,1 Hr,Valid
Banja Luka,PM2.5 - Principal,2022-04-30 12:00 AM,2022,04,30,00,24.1,76,Moderate,37.1,UG/M3,1 Hr,Valid
Banja Luka,PM2.5 - Principal,2022-04-30 01:00 AM,2022,04,30,01,35.4,100,Moderate,46.7,UG/M3,1 Hr,Valid
Banja Luka,PM2.5 - Principal,2022-04-30 02:00 AM,2022,04,30,02,31.5,92,Moderate,27.5,UG/M3,1 Hr,Valid
Banja Luka,PM2.5 - Principal,2022-04-30 03:00 AM,2022,04,30,03,27.4,83,Moderate,23.3,UG/M3,1 Hr,Valid
Banja Luka,PM2.5 - Principal,2022-04-30 04:00 AM,2022,04,30,04,22.6,73,Moderate,17.9,UG/M3,1 Hr,Valid
Banja Luka,PM2.5 - Principal,2022-04-30 05:00 AM,2022,04,30,05,20.3,68,Moderate,17.9,UG/M3,1 Hr,Valid
Banja Luka,PM2.5 - Principal,2022-04-30 06:00 AM,2022,04,30,06,19.1,66,Moderate,17.9,UG/M3,1 Hr,Valid
Banja Luka,PM2.5 - Principal,2022-04-30 07:00 AM,2022,04,30,07,16.8,61,Moderate,14.5,UG/M3,1 Hr,Valid
Banja Luka,PM2.5 - Principal,2022-04-30 08:00 AM,2022,04,30,08,15.0,57,Moderate,13.1,UG/M3,1 Hr,Valid
Banja Luka,PM2.5 - Principal,2022-04-30 09:00 AM,2022,04,30,09,14.0,55,Moderate,13.1,UG/M3,1 Hr,Valid
Banja Luka,PM2.5 - Principal,2022-04-30 10:00 AM,2022,04,30,10,13.9,55,Moderate,13.8,UG/M3,1 Hr,Valid
Banja Luka,PM2.5 - Principal,2022-04-30 11:00 AM,2022,04,30,11,13.9,55,Moderate,-999.0,UG/M3,1 Hr,Missing
Banja Luka,PM2.5 - Principal,2022-05-12 11:00 AM,2022,05,12,11,-999.0,-999,N/A,9.4,UG/M3,1 Hr,Valid
Banja Luka,PM2.5 - Principal,2022-05-12 12:00 PM,2022,05,12,12,8.7,36,Good,8.2,UG/M3,1 Hr,Valid
Banja Luka,PM2.5 - Principal,2022-05-12 01:00 PM,2022,05,12,13,8.7,36,Good,8.8,UG/M3,1 Hr,Valid
Banja Luka,PM2.5 - Principal,2022-05-12 02:00 PM,2022,05,12,14,9.3,39,Good,10.5,UG/M3,1 Hr,Valid
Banja Luka,PM2.5 - Principal,2022-05-12 03:00 PM,2022,05,12,15,9.8,41,Good,10.7,UG/M3,1 Hr,Valid
Banja Luka,PM2.5 - Principal,2022-05-12 04:00 PM,2022,05,12,16,10.0,42,Good,10.4,UG/M3,1 Hr,Valid
Banja Luka,PM2.5 - Principal,2022-05-12 05:00 PM,2022,05,12,17,10.1,42,Good,10.6,UG/M3,1 Hr,Valid
Banja Luka,PM2.5 - Principal,2022-05-12 06:00 PM,2022,05,12,18,10.4,43,Good,10.8,UG/M3,1 Hr,Valid
Banja Luka,PM2.5 - Principal,2022-05-12 07:00 PM,2022,05,12,19,10.5,44,Good,10.9,UG/M3,1 Hr,Valid
Banja Luka,PM2.5 - Principal,2022-05-12 08:00 PM,2022,05,12,20,10.6,44,Good,11.0,UG/M3,1 Hr,Valid
Banja Luka,PM2.5 - Principal,2022-05-12 09:00 PM,2022,05,12,21,12.0,50,Good,13.8,UG/M3,1 Hr,Valid
Banja Luka,PM2.5 - Principal,2022-05-12 10:00 PM,2022,05,12,22,13.2,53,Moderate,14.6,UG/M3,1 Hr,Valid
Banja Luka,PM2.5 - Principal,2022-05-12 11:00 PM,2022,05,12,23,13.2,53,Moderate,13.3,UG/M3,1 Hr,Valid
Banja Luka,PM2.5 - Principal,2022-05-13 12:00 AM,2022,05,13,00,14.5,56,Moderate,16.0,UG/M3,1 Hr,Valid
Banja Luka,PM2.5 - Principal,2022-05-13 01:00 AM,2022,05,13,01,14.0,55,Moderate,13.9,UG/M3,1 Hr,Valid
Banja Luka,PM2.5 - Principal,2022-05-13 02:00 AM,2022,05,13,02,13.2,53,Moderate,11.7,UG/M3,1 Hr,Valid
Banja Luka,PM2.5 - Principal,2022-05-13 03:00 AM,2022,05,13,03,12.7,52,Moderate,11.7,UG/M3,1 Hr,Valid
Banja Luka,PM2.5 - Principal,2022-05-13 04:00 AM,2022,05,13,04,12.3,51,Moderate,11.5,UG/M3,1 Hr,Valid
Banja Luka,PM2.5 - Principal,2022-05-13 05:00 AM,2022,05,13,05,12.2,51,Moderate,11.8,UG/M3,1 Hr,Valid
Banja Luka,PM2.5 - Principal,2022-05-13 06:00 AM,2022,05,13,06,12.0,50,Good,11.7,UG/M3,1 Hr,Valid
Banja Luka,PM2.5 - Principal,2022-05-13 07:00 AM,2022,05,13,07,12.3,51,Moderate,12.9,UG/M3,1 Hr,Valid
Banja Luka,PM2.5 - Principal,2022-05-13 08:00 AM,2022,05,13,08,12.5,52,Moderate,13.1,UG/M3,1 Hr,Valid
Banja Luka,PM2.5 - Principal,2022-05-13 09:00 AM,2022,05,13,09,13.0,53,Moderate,14.2,UG/M3,1 Hr,Valid
Banja Luka,PM2.5 - Principal,2022-05-13 10:00 AM,2022,05,13,10,13.0,53,Moderate,12.9,UG/M3,1 Hr,Valid
Banja Luka,PM2.5 - Principal,2022-05-13 11:00 AM,2022,05,13,11,12.8,52,Moderate,12.5,UG/M3,1 Hr,Valid
Banja Luka,PM2.5 - Principal,2022-05-13 12:00 PM,2022,05,13,12,11.8,49,Good,9.6,UG/M3,1 Hr,Valid
Banja Luka,PM2.5 - Principal,2022-05-13 01:00 PM,2022,05,13,13,11.5,48,Good,10.8,UG/M3,1 Hr,Valid
Banja Luka,PM2.5 - Principal,2022-05-13 02:00 PM,2022,05,13,14,11.3,47,Good,11.1,UG/M3,1 Hr,Valid
Banja Luka,PM2.5 - Principal,2022-05-13 03:00 PM,2022,05,13,15,11.0,46,Good,10.3,UG/M3,1 Hr,Valid
Banja Luka,PM2.5 - Principal,2022-05-13 04:00 PM,2022,05,13,16,10.2,43,Good,9.1,UG/M3,1 Hr,Valid
Banja Luka,PM2.5 - Principal,2022-05-13 05:00 PM,2022,05,13,17,10.1,42,Good,10.0,UG/M3,1 Hr,Valid
Banja Luka,PM2.5 - Principal,2022-05-13 06:00 PM,2022,05,13,18,10.1,42,Good,9.9,UG/M3,1 Hr,Valid
Banja Luka,PM2.5 - Principal,2022-05-13 07:00 PM,2022,05,13,19,10.9,45,Good,12.5,UG/M3,1 Hr,Valid
Banja Luka,PM2.5 - Principal,2022-05-13 08:00 PM,2022,05,13,20,11.4,48,Good,12.3,UG/M3,1 Hr,Valid
Banja Luka,PM2.5 - Principal,2022-05-13 09:00 PM,2022,05,13,21,11.9,50,Good,13.1,UG/M3,1 Hr,Valid
Banja Luka,PM2.5 - Principal,2022-05-13 10:00 PM,2022,05,13,22,15.9,59,Moderate,19.4,UG/M3,1 Hr,Valid
Banja Luka,PM2.5 - Principal,2022-05-13 11:00 PM,2022,05,13,23,17.0,61,Moderate,18.1,UG/M3,1 Hr,Valid
Banja Luka,PM2.5 - Principal,2022-05-14 12:00 AM,2022,05,14,00,17.3,62,Moderate,17.5,UG/M3,1 Hr,Valid
Banja Luka,PM2.5 - Principal,2022-05-14 01:00 AM,2022,05,14,01,17.5,62,Moderate,17.8,UG/M3,1 Hr,Valid
Banja Luka,PM2.5 - Principal,2022-05-14 02:00 AM,2022,05,14,02,16.2,60,Moderate,14.9,UG/M3,1 Hr,Valid
Banja Luka,PM2.5 - Principal,2022-05-14 03:00 AM,2022,05,14,03,15.7,59,Moderate,15.2,UG/M3,1 Hr,Valid
Banja Luka,PM2.5 - Principal,2022-05-14 04:00 AM,2022,05,14,04,15.4,58,Moderate,15.1,UG/M3,1 Hr,Valid
Banja Luka,PM2.5 - Principal,2022-05-14 05:00 AM,2022,05,14,05,15.3,58,Moderate,15.1,UG/M3,1 Hr,Valid
Banja Luka,PM2.5 - Principal,2022-05-14 06:00 AM,2022,05,14,06,14.7,56,Moderate,13.4,UG/M3,1 Hr,Valid
Banja Luka,PM2.5 - Principal,2022-05-14 07:00 AM,2022,05,14,07,11.1,46,Good,7.9,UG/M3,1 Hr,Valid
Banja Luka,PM2.5 - Principal,2022-05-14 08:00 AM,2022,05,14,08,9.7,40,Good,8.4,UG/M3,1 Hr,Valid
Banja Luka,PM2.5 - Principal,2022-05-14 09:00 AM,2022,05,14,09,9.1,38,Good,8.4,UG/M3,1 Hr,Valid
Banja Luka,PM2.5 - Principal,2022-05-14 10:00 AM,2022,05,14,10,9.6,40,Good,10.1,UG/M3,1 Hr,Valid
Banja Luka,PM2.5 - Principal,2022-05-14 11:00 AM,2022,05,14,11,8.1,34,Good,6.7,UG/M3,1 Hr,Valid
Banja Luka,PM2.5 - Principal,2022-05-14 12:00 PM,2022,05,14,12,8.0,33,Good,7.9,UG/M3,1 Hr,Valid
Banja Luka,PM2.5 - Principal,2022-05-14 01:00 PM,2022,05,14,13,7.7,32,Good,7.4,UG/M3,1 Hr,Valid
Banja Luka,PM2.5 - Principal,2022-05-14 02:00 PM,2022,05,14,14,7.7,32,Good,7.8,UG/M3,1 Hr,Valid
Banja Luka,PM2.5 - Principal,2022-05-14 03:00 PM,2022,05,14,15,7.5,31,Good,7.3,UG/M3,1 Hr,Valid
Banja Luka,PM2.5 - Principal,2022-05-14 04:00 PM,2022,05,14,16,7.3,30,Good,7.0,UG/M3,1 Hr,Valid
Banja Luka,PM2.5 - Principal,2022-05-14 05:00 PM,2022,05,14,17,7.2,30,Good,7.2,UG/M3,1 Hr,Valid
Banja Luka,PM2.5 - Principal,2022-05-14 06:00 PM,2022,05,14,18,7.5,31,Good,7.7,UG/M3,1 Hr,Valid
Banja Luka,PM2.5 - Principal,2022-05-14 07:00 PM,2022,05,14,19,7.4,31,Good,7.3,UG/M3,1 Hr,Valid
Banja Luka,PM2.5 - Principal,2022-05-14 08:00 PM,2022,05,14,20,7.5,31,Good,7.6,UG/M3,1 Hr,Valid
Banja Luka,PM2.5 - Principal,2022-05-14 09:00 PM,2022,05,14,21,8.4,35,Good,10.1,UG/M3,1 Hr,Valid
Banja Luka,PM2.5 - Principal,2022-05-14 10:00 PM,2022,05,14,22,11.8,49,Good,14.9,UG/M3,1 Hr,Valid
Banja Luka,PM2.5 - Principal,2022-05-14 11:00 PM,2022,05,14,23,11.9,50,Good,12.0,UG/M3,1 Hr,Valid
Banja Luka,PM2.5 - Principal,2022-05-15 12:00 AM,2022,05,15,00,13.9,55,Moderate,15.9,UG/M3,1 Hr,Valid
Banja Luka,PM2.5 - Principal,2022-05-15 01:00 AM,2022,05,15,01,12.9,53,Moderate,11.9,UG/M3,1 Hr,Valid
Banja Luka,PM2.5 - Principal,2022-05-15 02:00 AM,2022,05,15,02,13.2,53,Moderate,13.4,UG/M3,1 Hr,Valid
Banja Luka,PM2.5 - Principal,2022-05-15 03:00 AM,2022,05,15,03,10.9,45,Good,8.6,UG/M3,1 Hr,Valid
Banja Luka,PM2.5 - Principal,2022-05-15 04:00 AM,2022,05,15,04,9.9,41,Good,8.9,UG/M3,1 Hr,Valid
Banja Luka,PM2.5 - Principal,2022-05-15 05:00 AM,2022,05,15,05,9.3,39,Good,8.7,UG/M3,1 Hr,Valid
Banja Luka,PM2.5 - Principal,2022-05-15 06:00 AM,2022,05,15,06,9.4,39,Good,9.6,UG/M3,1 Hr,Valid
Banja Luka,PM2.5 - Principal,2022-05-15 07:00 AM,2022,05,15,07,8.9,37,Good,8.3,UG/M3,1 Hr,Valid
Banja Luka,PM2.5 - Principal,2022-05-15 08:00 AM,2022,05,15,08,8.9,37,Good,8.9,UG/M3,1 Hr,Valid
Banja Luka,PM2.5 - Principal,2022-05-15 09:00 AM,2022,05,15,09,8.9,37,Good,9.0,UG/M3,1 Hr,Valid
Banja Luka,PM2.5 - Principal,2022-05-15 10:00 AM,2022,05,15,10,9.0,38,Good,9.0,UG/M3,1 Hr,Valid
Banja Luka,PM2.5 - Principal,2022-05-15 11:00 AM,2022,05,15,11,9.0,38,Good,9.0,UG/M3,1 Hr,Valid
Banja Luka,PM2.5 - Principal,2022-05-15 12:00 PM,2022,05,15,12,8.9,37,Good,8.8,UG/M3,1 Hr,Valid
Banja Luka,PM2.5 - Principal,2022-05-15 01:00 PM,2022,05,15,13,8.9,37,Good,8.8,UG/M3,1 Hr,Valid
Banja Luka,PM2.5 - Principal,2022-05-15 02:00 PM,2022,05,15,14,8.8,37,Good,8.5,UG/M3,1 Hr,Valid
Banja Luka,PM2.5 - Principal,2022-05-15 03:00 PM,2022,05,15,15,8.7,36,Good,8.1,UG/M3,1 Hr,Valid
Banja Luka,PM2.5 - Principal,2022-05-15 04:00 PM,2022,05,15,16,8.5,35,Good,7.9,UG/M3,1 Hr,Valid
Banja Luka,PM2.5 - Principal,2022-05-15 05:00 PM,2022,05,15,17,8.4,35,Good,7.9,UG/M3,1 Hr,Valid
Banja Luka,PM2.5 - Principal,2022-05-15 06:00 PM,2022,05,15,18,8.4,35,Good,7.9,UG/M3,1 Hr,Valid
Banja Luka,PM2.5 - Principal,2022-05-15 07:00 PM,2022,05,15,19,8.3,35,Good,8.2,UG/M3,1 Hr,Valid
Banja Luka,PM2.5 - Principal,2022-05-15 08:00 PM,2022,05,15,20,8.3,35,Good,8.5,UG/M3,1 Hr,Valid
Banja Luka,PM2.5 - Principal,2022-05-15 09:00 PM,2022,05,15,21,8.7,36,Good,10.2,UG/M3,1 Hr,Valid
Banja Luka,PM2.5 - Principal,2022-05-15 10:00 PM,2022,05,15,22,9.8,41,Good,11.7,UG/M3,1 Hr,Valid
Banja Luka,PM2.5 - Principal,2022-05-15 11:00 PM,2022,05,15,23,10.9,45,Good,12.4,UG/M3,1 Hr,Valid
Banja Luka,PM2.5 - Principal,2022-05-16 12:00 AM,2022,05,16,00,11.5,48,Good,12.6,UG/M3,1 Hr,Valid
Banja Luka,PM2.5 - Principal,2022-05-16 01:00 AM,2022,05,16,01,11.7,49,Good,12.0,UG/M3,1 Hr,Valid
Banja Luka,PM2.5 - Principal,2022-05-16 02:00 AM,2022,05,16,02,11.3,47,Good,10.7,UG/M3,1 Hr,Valid
Banja Luka,PM2.5 - Principal,2022-05-16 03:00 AM,2022,05,16,03,10.6,44,Good,9.4,UG/M3,1 Hr,Valid
Banja Luka,PM2.5 - Principal,2022-05-16 04:00 AM,2022,05,16,04,10.1,42,Good,9.1,UG/M3,1 Hr,Valid
Banja Luka,PM2.5 - Principal,2022-05-16 05:00 AM,2022,05,16,05,9.7,40,Good,9.0,UG/M3,1 Hr,Valid
Banja Luka,PM2.5 - Principal,2022-05-16 06:00 AM,2022,05,16,06,9.6,40,Good,9.3,UG/M3,1 Hr,Valid
Banja Luka,PM2.5 - Principal,2022-05-16 07:00 AM,2022,05,16,07,9.7,40,Good,9.7,UG/M3,1 Hr,Valid
Banja Luka,PM2.5 - Principal,2022-05-16 08:00 AM,2022,05,16,08,9.8,41,Good,9.9,UG/M3,1 Hr,Valid
Banja Luka,PM2.5 - Principal,2022-05-16 09:00 AM,2022,05,16,09,10.4,43,Good,12.0,UG/M3,1 Hr,Valid
Banja Luka,PM2.5 - Principal,2022-05-16 10:00 AM,2022,05,16,10,10.2,43,Good,9.7,UG/M3,1 Hr,Valid
Banja Luka,PM2.5 - Principal,2022-05-16 11:00 AM,2022,05,16,11,10.2,43,Good,10.2,UG/M3,1 Hr,Valid
Banja Luka,PM2.5 - Principal,2022-05-16 12:00 PM,2022,05,16,12,9.8,41,Good,8.9,UG/M3,1 Hr,Valid
Banja Luka,PM2.5 - Principal,2022-05-16 01:00 PM,2022,05,16,13,10.0,42,Good,10.4,UG/M3,1 Hr,Valid
Banja Luka,PM2.5 - Principal,2022-05-16 02:00 PM,2022,05,16,14,10.1,42,Good,10.6,UG/M3,1 Hr,Valid
Banja Luka,PM2.5 - Principal,2022-05-16 03:00 PM,2022,05,16,15,9.9,41,Good,9.3,UG/M3,1 Hr,Valid
Banja Luka,PM2.5 - Principal,2022-05-16 04:00 PM,2022,05,16,16,9.8,41,Good,9.4,UG/M3,1 Hr,Valid
Banja Luka,PM2.5 - Principal,2022-05-16 05:00 PM,2022,05,16,17,9.8,41,Good,9.7,UG/M3,1 Hr,Valid
Banja Luka,PM2.5 - Principal,2022-05-16 06:00 PM,2022,05,16,18,9.5,40,Good,8.9,UG/M3,1 Hr,Valid
Banja Luka,PM2.5 - Principal,2022-05-16 07:00 PM,2022,05,16,19,9.4,39,Good,9.1,UG/M3,1 Hr,Valid
Banja Luka,PM2.5 - Principal,2022-05-16 08:00 PM,2022,05,16,20,9.4,39,Good,9.2,UG/M3,1 Hr,Valid
Banja Luka,PM2.5 - Principal,2022-05-16 09:00 PM,2022,05,16,21,11.1,46,Good,14.1,UG/M3,1 Hr,Valid
Banja Luka,PM2.5 - Principal,2022-05-16 10:00 PM,2022,05,16,22,12.9,53,Moderate,15.2,UG/M3,1 Hr,Valid
Banja Luka,PM2.5 - Principal,2022-05-16 11:00 PM,2022,05,16,23,13.3,54,Moderate,13.8,UG/M3,1 Hr,Valid
Banja Luka,PM2.5 - Principal,2022-05-17 12:00 AM,2022,05,17,00,11.7,49,Good,9.4,UG/M3,1 Hr,Valid
Banja Luka,PM2.5 - Principal,2022-05-17 01:00 AM,2022,05,17,01,10.7,45,Good,9.4,UG/M3,1 Hr,Valid
Banja Luka,PM2.5 - Principal,2022-05-17 02:00 AM,2022,05,17,02,10.3,43,Good,9.8,UG/M3,1 Hr,Valid
Banja Luka,PM2.5 - Principal,2022-05-17 03:00 AM,2022,05,17,03,10.2,43,Good,9.9,UG/M3,1 Hr,Valid
Banja Luka,PM2.5 - Principal,2022-05-17 04:00 AM,2022,05,17,04,9.9,41,Good,9.4,UG/M3,1 Hr,Valid
Banja Luka,PM2.5 - Principal,2022-05-17 05:00 AM,2022,05,17,05,9.2,38,Good,8.4,UG/M3,1 Hr,Valid
Banja Luka,PM2.5 - Principal,2022-05-17 06:00 AM,2022,05,17,06,10.0,42,Good,11.0,UG/M3,1 Hr,Valid
Banja Luka,PM2.5 - Principal,2022-05-17 07:00 AM,2022,05,17,07,11.0,46,Good,12.1,UG/M3,1 Hr,Valid
Banja Luka,PM2.5 - Principal,2022-05-17 08:00 AM,2022,05,17,08,12.2,51,Moderate,13.8,UG/M3,1 Hr,Valid
Banja Luka,PM2.5 - Principal,2022-05-17 09:00 AM,2022,05,17,09,11.1,46,Good,9.8,UG/M3,1 Hr,Valid
Banja Luka,PM2.5 - Principal,2022-05-17 10:00 AM,2022,05,17,10,10.7,45,Good,10.1,UG/M3,1 Hr,Valid
Banja Luka,PM2.5 - Principal,2022-05-17 11:00 AM,2022,05,17,11,10.4,43,Good,9.8,UG/M3,1 Hr,Valid
Banja Luka,PM2.5 - Principal,2022-05-17 12:00 PM,2022,05,17,12,10.2,43,Good,9.9,UG/M3,1 Hr,Valid
Banja Luka,PM2.5 - Principal,2022-05-17 01:00 PM,2022,05,17,13,10.0,42,Good,9.8,UG/M3,1 Hr,Valid
Banja Luka,PM2.5 - Principal,2022-05-17 02:00 PM,2022,05,17,14,10.4,43,Good,10.9,UG/M3,1 Hr,Valid
Banja Luka,PM2.5 - Principal,2022-05-17 03:00 PM,2022,05,17,15,10.5,44,Good,10.7,UG/M3,1 Hr,Valid
Banja Luka,PM2.5 - Principal,2022-05-17 04:00 PM,2022,05,17,16,10.3,43,Good,10.1,UG/M3,1 Hr,Valid
Banja Luka,PM2.5 - Principal,2022-05-17 05:00 PM,2022,05,17,17,10.2,43,Good,9.9,UG/M3,1 Hr,Valid
Banja Luka,PM2.5 - Principal,2022-05-17 06:00 PM,2022,05,17,18,10.1,42,Good,9.8,UG/M3,1 Hr,Valid
Banja Luka,PM2.5 - Principal,2022-05-17 07:00 PM,2022,05,17,19,9.4,39,Good,8.5,UG/M3,1 Hr,Valid
Banja Luka,PM2.5 - Principal,2022-05-17 08:00 PM,2022,05,17,20,9.6,40,Good,9.1,UG/M3,1 Hr,Valid
Banja Luka,PM2.5 - Principal,2022-05-17 09:00 PM,2022,05,17,21,9.5,40,Good,9.5,UG/M3,1 Hr,Valid
Banja Luka,PM2.5 - Principal,2022-05-17 10:00 PM,2022,05,17,22,7.1,30,Good,4.9,UG/M3,1 Hr,Valid
Banja Luka,PM2.5 - Principal,2022-05-17 11:00 PM,2022,05,17,23,5.9,25,Good,4.7,UG/M3,1 Hr,Valid
Banja Luka,PM2.5 - Principal,2022-05-18 12:00 AM,2022,05,18,00,5.3,22,Good,4.6,UG/M3,1 Hr,Valid
Banja Luka,PM2.5 - Principal,2022-05-18 01:00 AM,2022,05,18,01,4.7,20,Good,4.2,UG/M3,1 Hr,Valid
Banja Luka,PM2.5 - Principal,2022-05-18 02:00 AM,2022,05,18,02,4.5,19,Good,4.2,UG/M3,1 Hr,Valid
Banja Luka,PM2.5 - Principal,2022-05-18 03:00 AM,2022,05,18,03,4.5,19,Good,4.4,UG/M3,1 Hr,Valid
Banja Luka,PM2.5 - Principal,2022-05-18 04:00 AM,2022,05,18,04,4.5,19,Good,4.5,UG/M3,1 Hr,Valid
Banja Luka,PM2.5 - Principal,2022-05-18 05:00 AM,2022,05,18,05,6.1,25,Good,7.6,UG/M3,1 Hr,Valid
Banja Luka,PM2.5 - Principal,2022-05-18 06:00 AM,2022,05,18,06,5.5,23,Good,5.0,UG/M3,1 Hr,Valid
Banja Luka,PM2.5 - Principal,2022-05-18 07:00 AM,2022,05,18,07,5.9,25,Good,6.2,UG/M3,1 Hr,Valid
Banja Luka,PM2.5 - Principal,2022-05-18 08:00 AM,2022,05,18,08,6.7,28,Good,7.5,UG/M3,1 Hr,Valid
Banja Luka,PM2.5 - Principal,2022-05-18 09:00 AM,2022,05,18,09,7.7,32,Good,8.7,UG/M3,1 Hr,Valid
Banja Luka,PM2.5 - Principal,2022-05-18 10:00 AM,2022,05,18,10,9.5,40,Good,11.3,UG/M3,1 Hr,Valid
Banja Luka,PM2.5 - Principal,2022-05-18 11:00 AM,2022,05,18,11,9.9,41,Good,10.3,UG/M3,1 Hr,Valid
Banja Luka,PM2.5 - Principal,2022-05-18 12:00 PM,2022,05,18,12,10.4,43,Good,10.9,UG/M3,1 Hr,Valid
Banja Luka,PM2.5 - Principal,2022-05-18 01:00 PM,2022,05,18,13,9.9,41,Good,9.3,UG/M3,1 Hr,Valid
Banja Luka,PM2.5 - Principal,2022-05-18 02:00 PM,2022,05,18,14,9.2,38,Good,8.5,UG/M3,1 Hr,Valid
Banja Luka,PM2.5 - Principal,2022-05-18 03:00 PM,2022,05,18,15,8.6,36,Good,8.1,UG/M3,1 Hr,Valid
Banja Luka,PM2.5 - Principal,2022-05-18 04:00 PM,2022,05,18,16,8.0,33,Good,7.4,UG/M3,1 Hr,Valid
Banja Luka,PM2.5 - Principal,2022-05-18 05:00 PM,2022,05,18,17,7.2,30,Good,6.4,UG/M3,1 Hr,Valid
Banja Luka,PM2.5 - Principal,2022-05-18 06:00 PM,2022,05,18,18,6.7,28,Good,6.0,UG/M3,1 Hr,Valid
Banja Luka,PM2.5 - Principal,2022-05-18 07:00 PM,2022,05,18,19,6.4,27,Good,6.1,UG/M3,1 Hr,Valid
Banja Luka,PM2.5 - Principal,2022-05-18 08:00 PM,2022,05,18,20,6.2,26,Good,6.1,UG/M3,1 Hr,Valid
Banja Luka,PM2.5 - Principal,2022-05-18 09:00 PM,2022,05,18,21,6.3,26,Good,6.4,UG/M3,1 Hr,Valid
Banja Luka,PM2.5 - Principal,2022-05-18 10:00 PM,2022,05,18,22,6.5,27,Good,6.8,UG/M3,1 Hr,Valid
Banja Luka,PM2.5 - Principal,2022-05-18 11:00 PM,2022,05,18,23,8.0,33,Good,9.9,UG/M3,1 Hr,Valid
Banja Luka,PM2.5 - Principal,2022-05-19 12:00 AM,2022,05,19,00,8.5,35,Good,9.5,UG/M3,1 Hr,Valid
Banja Luka,PM2.5 - Principal,2022-05-19 01:00 AM,2022,05,19,01,8.6,36,Good,8.7,UG/M3,1 Hr,Valid
Banja Luka,PM2.5 - Principal,2022-05-19 02:00 AM,2022,05,19,02,8.5,35,Good,8.4,UG/M3,1 Hr,Valid
Banja Luka,PM2.5 - Principal,2022-05-19 03:00 AM,2022,05,19,03,8.3,35,Good,8.0,UG/M3,1 Hr,Valid
Banja Luka,PM2.5 - Principal,2022-05-19 04:00 AM,2022,05,19,04,8.3,35,Good,8.4,UG/M3,1 Hr,Valid
Banja Luka,PM2.5 - Principal,2022-05-19 05:00 AM,2022,05,19,05,8.0,33,Good,7.6,UG/M3,1 Hr,Valid
Banja Luka,PM2.5 - Principal,2022-05-19 06:00 AM,2022,05,19,06,7.5,31,Good,6.6,UG/M3,1 Hr,Valid
Banja Luka,PM2.5 - Principal,2022-05-19 07:00 AM,2022,05,19,07,6.8,28,Good,5.9,UG/M3,1 Hr,Valid
Banja Luka,PM2.5 - Principal,2022-05-19 08:00 AM,2022,05,19,08,6.7,28,Good,6.5,UG/M3,1 Hr,Valid
Banja Luka,PM2.5 - Principal,2022-05-19 09:00 AM,2022,05,19,09,7.0,29,Good,7.5,UG/M3,1 Hr,Valid
Banja Luka,PM2.5 - Principal,2022-05-19 10:00 AM,2022,05,19,10,9.2,38,Good,11.6,UG/M3,1 Hr,Valid
Banja Luka,PM2.5 - Principal,2022-05-19 11:00 AM,2022,05,19,11,7.9,33,Good,6.4,UG/M3,1 Hr,Valid
Banja Luka,PM2.5 - Principal,2022-05-19 12:00 PM,2022,05,19,12,6.3,26,Good,4.7,UG/M3,1 Hr,Valid
Banja Luka,PM2.5 - Principal,2022-05-19 01:00 PM,2022,05,19,13,5.6,23,Good,4.8,UG/M3,1 Hr,Valid
Banja Luka,PM2.5 - Principal,2022-05-19 02:00 PM,2022,05,19,14,4.9,20,Good,4.3,UG/M3,1 Hr,Valid
Banja Luka,PM2.5 - Principal,2022-05-19 03:00 PM,2022,05,19,15,4.4,18,Good,3.9,UG/M3,1 Hr,Valid
Banja Luka,PM2.5 - Principal,2022-05-19 04:00 PM,2022,05,19,16,4.1,17,Good,3.8,UG/M3,1 Hr,Valid
Banja Luka,PM2.5 - Principal,2022-05-19 05:00 PM,2022,05,19,17,4.2,18,Good,4.2,UG/M3,1 Hr,Valid
Banja Luka,PM2.5 - Principal,2022-05-19 06:00 PM,2022,05,19,18,4.2,18,Good,4.3,UG/M3,1 Hr,Valid
Banja Luka,PM2.5 - Principal,2022-05-19 07:00 PM,2022,05,19,19,4.4,18,Good,4.7,UG/M3,1 Hr,Valid
Banja Luka,PM2.5 - Principal,2022-05-19 08:00 PM,2022,05,19,20,4.8,20,Good,5.2,UG/M3,1 Hr,Valid
Banja Luka,PM2.5 - Principal,2022-05-19 09:00 PM,2022,05,19,21,5.9,25,Good,6.9,UG/M3,1 Hr,Valid
Banja Luka,PM2.5 - Principal,2022-05-19 10:00 PM,2022,05,19,22,8.1,34,Good,10.3,UG/M3,1 Hr,Valid
Banja Luka,PM2.5 - Principal,2022-05-19 11:00 PM,2022,05,19,23,10.5,44,Good,13.0,UG/M3,1 Hr,Valid
Banja Luka,PM2.5 - Principal,2022-05-20 12:00 AM,2022,05,20,00,11.9,50,Good,13.2,UG/M3,1 Hr,Valid
Banja Luka,PM2.5 - Principal,2022-05-20 01:00 AM,2022,05,20,01,11.0,46,Good,10.1,UG/M3,1 Hr,Valid
Banja Luka,PM2.5 - Principal,2022-05-20 02:00 AM,2022,05,20,02,9.0,38,Good,7.0,UG/M3,1 Hr,Valid
Banja Luka,PM2.5 - Principal,2022-05-20 03:00 AM,2022,05,20,03,7.6,32,Good,6.2,UG/M3,1 Hr,Valid
Banja Luka,PM2.5 - Principal,2022-05-20 04:00 AM,2022,05,20,04,6.9,29,Good,6.1,UG/M3,1 Hr,Valid
Banja Luka,PM2.5 - Principal,2022-05-20 05:00 AM,2022,05,20,05,6.4,27,Good,5.8,UG/M3,1 Hr,Valid
Banja Luka,PM2.5 - Principal,2022-05-20 06:00 AM,2022,05,20,06,6.3,26,Good,6.2,UG/M3,1 Hr,Valid
Banja Luka,PM2.5 - Principal,2022-05-20 07:00 AM,2022,05,20,07,6.4,27,Good,6.5,UG/M3,1 Hr,Valid
Banja Luka,PM2.5 - Principal,2022-05-20 08:00 AM,2022,05,20,08,9.5,40,Good,12.6,UG/M3,1 Hr,Valid
Banja Luka,PM2.5 - Principal,2022-05-20 09:00 AM,2022,05,20,09,9.9,41,Good,10.2,UG/M3,1 Hr,Valid
Banja Luka,PM2.5 - Principal,2022-05-20 10:00 AM,2022,05,20,10,9.6,40,Good,9.3,UG/M3,1 Hr,Valid
Banja Luka,PM2.5 - Principal,2022-05-20 11:00 AM,2022,05,20,11,8.2,34,Good,6.9,UG/M3,1 Hr,Valid
Banja Luka,PM2.5 - Principal,2022-05-20 12:00 PM,2022,05,20,12,7.2,30,Good,6.2,UG/M3,1 Hr,Valid
Banja Luka,PM2.5 - Principal,2022-05-20 01:00 PM,2022,05,20,13,6.3,26,Good,5.3,UG/M3,1 Hr,Valid
Banja Luka,PM2.5 - Principal,2022-05-20 02:00 PM,2022,05,20,14,5.7,24,Good,5.2,UG/M3,1 Hr,Valid
Banja Luka,PM2.5 - Principal,2022-05-20 03:00 PM,2022,05,20,15,5.5,23,Good,5.3,UG/M3,1 Hr,Valid
Banja Luka,PM2.5 - Principal,2022-05-20 04:00 PM,2022,05,20,16,5.6,23,Good,5.7,UG/M3,1 Hr,Valid
Banja Luka,PM2.5 - Principal,2022-05-20 05:00 PM,2022,05,20,17,5.9,25,Good,6.3,UG/M3,1 Hr,Valid
Banja Luka,PM2.5 - Principal,2022-05-20 06:00 PM,2022,05,20,18,6.3,26,Good,6.8,UG/M3,1 Hr,Valid
Banja Luka,PM2.5 - Principal,2022-05-20 07:00 PM,2022,05,20,19,7.3,30,Good,8.2,UG/M3,1 Hr,Valid
Banja Luka,PM2.5 - Principal,2022-05-20 08:00 PM,2022,05,20,20,7.6,32,Good,8.1,UG/M3,1 Hr,Valid
Banja Luka,PM2.5 - Principal,2022-05-20 09:00 PM,2022,05,20,21,9.3,39,Good,10.9,UG/M3,1 Hr,Valid
Banja Luka,PM2.5 - Principal,2022-05-20 10:00 PM,2022,05,20,22,10.9,45,Good,12.5,UG/M3,1 Hr,Valid
Banja Luka,PM2.5 - Principal,2022-05-20 11:00 PM,2022,05,20,23,11.1,46,Good,11.3,UG/M3,1 Hr,Valid
Banja Luka,PM2.5 - Principal,2022-05-21 12:00 AM,2022,05,21,00,10.1,42,Good,9.2,UG/M3,1 Hr,Valid
Banja Luka,PM2.5 - Principal,2022-05-21 01:00 AM,2022,05,21,01,9.6,40,Good,9.1,UG/M3,1 Hr,Valid
Banja Luka,PM2.5 - Principal,2022-05-21 02:00 AM,2022,05,21,02,9.5,40,Good,9.3,UG/M3,1 Hr,Valid
Banja Luka,PM2.5 - Principal,2022-05-21 03:00 AM,2022,05,21,03,9.1,38,Good,8.8,UG/M3,1 Hr,Valid
Banja Luka,PM2.5 - Principal,2022-05-21 04:00 AM,2022,05,21,04,9.1,38,Good,9.1,UG/M3,1 Hr,Valid
Banja Luka,PM2.5 - Principal,2022-05-21 05:00 AM,2022,05,21,05,8.8,37,Good,8.4,UG/M3,1 Hr,Valid
Banja Luka,PM2.5 - Principal,2022-05-21 06:00 AM,2022,05,21,06,8.8,37,Good,8.5,UG/M3,1 Hr,Valid
Banja Luka,PM2.5 - Principal,2022-05-21 07:00 AM,2022,05,21,07,9.5,40,Good,10.8,UG/M3,1 Hr,Valid
Banja Luka,PM2.5 - Principal,2022-05-21 08:00 AM,2022,05,21,08,8.9,37,Good,7.9,UG/M3,1 Hr,Valid
Banja Luka,PM2.5 - Principal,2022-05-21 09:00 AM,2022,05,21,09,9.1,38,Good,9.6,UG/M3,1 Hr,Valid
Banja Luka,PM2.5 - Principal,2022-05-21 10:00 AM,2022,05,21,10,8.9,37,Good,8.3,UG/M3,1 Hr,Valid
Banja Luka,PM2.5 - Principal,2022-05-21 11:00 AM,2022,05,21,11,9.1,38,Good,9.7,UG/M3,1 Hr,Valid
Banja Luka,PM2.5 - Principal,2022-05-21 12:00 PM,2022,05,21,12,9.8,41,Good,11.4,UG/M3,1 Hr,Valid
Banja Luka,PM2.5 - Principal,2022-05-21 01:00 PM,2022,05,21,13,9.9,41,Good,10.1,UG/M3,1 Hr,Valid
Banja Luka,PM2.5 - Principal,2022-05-21 02:00 PM,2022,05,21,14,9.7,40,Good,9.3,UG/M3,1 Hr,Valid
Banja Luka,PM2.5 - Principal,2022-05-21 03:00 PM,2022,05,21,15,9.5,40,Good,8.9,UG/M3,1 Hr,Valid
Banja Luka,PM2.5 - Principal,2022-05-21 04:00 PM,2022,05,21,16,8.8,37,Good,7.5,UG/M3,1 Hr,Valid
Banja Luka,PM2.5 - Principal,2022-05-21 05:00 PM,2022,05,21,17,8.3,35,Good,7.4,UG/M3,1 Hr,Valid
Banja Luka,PM2.5 - Principal,2022-05-21 06:00 PM,2022,05,21,18,7.9,33,Good,7.3,UG/M3,1 Hr,Valid
Banja Luka,PM2.5 - Principal,2022-05-21 07:00 PM,2022,05,21,19,7.7,32,Good,7.5,UG/M3,1 Hr,Valid
Banja Luka,PM2.5 - Principal,2022-05-21 08:00 PM,2022,05,21,20,7.6,32,Good,7.5,UG/M3,1 Hr,Valid
Banja Luka,PM2.5 - Principal,2022-05-21 09:00 PM,2022,05,21,21,8.9,37,Good,11.1,UG/M3,1 Hr,Valid
Banja Luka,PM2.5 - Principal,2022-05-21 10:00 PM,2022,05,21,22,9.8,41,Good,11.4,UG/M3,1 Hr,Valid
Banja Luka,PM2.5 - Principal,2022-05-21 11:00 PM,2022,05,21,23,10.8,45,Good,12.0,UG/M3,1 Hr,Valid
Banja Luka,PM2.5 - Principal,2022-05-22 12:00 AM,2022,05,22,00,12.5,52,Moderate,14.0,UG/M3,1 Hr,Valid
Banja Luka,PM2.5 - Principal,2022-05-22 01:00 AM,2022,05,22,01,13.7,54,Moderate,14.8,UG/M3,1 Hr,Valid
Banja Luka,PM2.5 - Principal,2022-05-22 02:00 AM,2022,05,22,02,13.2,53,Moderate,12.6,UG/M3,1 Hr,Valid
Banja Luka,PM2.5 - Principal,2022-05-22 03:00 AM,2022,05,22,03,11.6,48,Good,10.0,UG/M3,1 Hr,Valid
Banja Luka,PM2.5 - Principal,2022-05-22 04:00 AM,2022,05,22,04,10.9,45,Good,10.1,UG/M3,1 Hr,Valid
Banja Luka,PM2.5 - Principal,2022-05-22 05:00 AM,2022,05,22,05,10.1,42,Good,9.2,UG/M3,1 Hr,Valid
Banja Luka,PM2.5 - Principal,2022-05-22 06:00 AM,2022,05,22,06,8.6,36,Good,7.1,UG/M3,1 Hr,Valid
Banja Luka,PM2.5 - Principal,2022-05-22 07:00 AM,2022,05,22,07,7.6,32,Good,6.6,UG/M3,1 Hr,Valid
Banja Luka,PM2.5 - Principal,2022-05-22 08:00 AM,2022,05,22,08,7.3,30,Good,7.0,UG/M3,1 Hr,Valid
Banja Luka,PM2.5 - Principal,2022-05-22 09:00 AM,2022,05,22,09,6.6,28,Good,5.9,UG/M3,1 Hr,Valid
Banja Luka,PM2.5 - Principal,2022-05-22 10:00 AM,2022,05,22,10,6.1,25,Good,5.7,UG/M3,1 Hr,Valid
Banja Luka,PM2.5 - Principal,2022-05-22 11:00 AM,2022,05,22,11,6.3,26,Good,6.4,UG/M3,1 Hr,Valid
Banja Luka,PM2.5 - Principal,2022-05-22 12:00 PM,2022,05,22,12,6.5,27,Good,6.8,UG/M3,1 Hr,Valid
Banja Luka,PM2.5 - Principal,2022-05-22 01:00 PM,2022,05,22,13,6.9,29,Good,7.3,UG/M3,1 Hr,Valid
Banja Luka,PM2.5 - Principal,2022-05-22 02:00 PM,2022,05,22,14,7.6,32,Good,8.6,UG/M3,1 Hr,Valid
Banja Luka,PM2.5 - Principal,2022-05-22 03:00 PM,2022,05,22,15,7.9,33,Good,8.3,UG/M3,1 Hr,Valid
Banja Luka,PM2.5 - Principal,2022-05-22 04:00 PM,2022,05,22,16,8.4,35,Good,9.3,UG/M3,1 Hr,Valid
Banja Luka,PM2.5 - Principal,2022-05-22 05:00 PM,2022,05,22,17,8.8,37,Good,9.4,UG/M3,1 Hr,Valid
Banja Luka,PM2.5 - Principal,2022-05-22 06:00 PM,2022,05,22,18,9.0,38,Good,9.4,UG/M3,1 Hr,Valid
Banja Luka,PM2.5 - Principal,2022-05-22 07:00 PM,2022,05,22,19,9.2,38,Good,9.3,UG/M3,1 Hr,Valid
Banja Luka,PM2.5 - Principal,2022-05-22 08:00 PM,2022,05,22,20,9.3,39,Good,9.4,UG/M3,1 Hr,Valid
Banja Luka,PM2.5 - Principal,2022-05-22 09:00 PM,2022,05,22,21,9.0,38,Good,8.7,UG/M3,1 Hr,Valid
Banja Luka,PM2.5 - Principal,2022-05-22 10:00 PM,2022,05,22,22,9.3,39,Good,9.8,UG/M3,1 Hr,Valid
Banja Luka,PM2.5 - Principal,2022-05-22 11:00 PM,2022,05,22,23,9.0,38,Good,8.3,UG/M3,1 Hr,Valid
Banja Luka,PM2.5 - Principal,2022-05-23 12:00 AM,2022,05,23,00,9.9,41,Good,11.6,UG/M3,1 Hr,Valid
Banja Luka,PM2.5 - Principal,2022-05-23 01:00 AM,2022,05,23,01,9.9,41,Good,10.3,UG/M3,1 Hr,Valid
Banja Luka,PM2.5 - Principal,2022-05-23 02:00 AM,2022,05,23,02,9.8,41,Good,9.5,UG/M3,1 Hr,Valid
Banja Luka,PM2.5 - Principal,2022-05-23 03:00 AM,2022,05,23,03,9.8,41,Good,9.7,UG/M3,1 Hr,Valid
Banja Luka,PM2.5 - Principal,2022-05-23 04:00 AM,2022,05,23,04,9.4,39,Good,8.4,UG/M3,1 Hr,Valid
Banja Luka,PM2.5 - Principal,2022-05-23 05:00 AM,2022,05,23,05,8.5,35,Good,7.2,UG/M3,1 Hr,Valid
Banja Luka,PM2.5 - Principal,2022-05-23 06:00 AM,2022,05,23,06,7.9,33,Good,7.1,UG/M3,1 Hr,Valid
Banja Luka,PM2.5 - Principal,2022-05-23 07:00 AM,2022,05,23,07,8.1,34,Good,8.3,UG/M3,1 Hr,Valid
Banja Luka,PM2.5 - Principal,2022-05-23 08:00 AM,2022,05,23,08,8.0,33,Good,7.9,UG/M3,1 Hr,Valid
Banja Luka,PM2.5 - Principal,2022-05-23 09:00 AM,2022,05,23,09,8.3,35,Good,8.8,UG/M3,1 Hr,Valid
Banja Luka,PM2.5 - Principal,2022-05-23 10:00 AM,2022,05,23,10,9.2,38,Good,10.5,UG/M3,1 Hr,Valid
Banja Luka,PM2.5 - Principal,2022-05-23 11:00 AM,2022,05,23,11,8.9,37,Good,8.5,UG/M3,1 Hr,Valid
Banja Luka,PM2.5 - Principal,2022-05-23 12:00 PM,2022,05,23,12,9.1,38,Good,9.7,UG/M3,1 Hr,Valid
Banja Luka,PM2.5 - Principal,2022-05-23 01:00 PM,2022,05,23,13,9.8,41,Good,11.1,UG/M3,1 Hr,Valid
Banja Luka,PM2.5 - Principal,2022-05-23 02:00 PM,2022,05,23,14,9.9,41,Good,10.0,UG/M3,1 Hr,Valid
Banja Luka,PM2.5 - Principal,2022-05-23 03:00 PM,2022,05,23,15,10.2,43,Good,10.8,UG/M3,1 Hr,Valid
Banja Luka,PM2.5 - Principal,2022-05-23 04:00 PM,2022,05,23,16,10.5,44,Good,11.1,UG/M3,1 Hr,Valid
Banja Luka,PM2.5 - Principal,2022-05-23 05:00 PM,2022,05,23,17,10.9,45,Good,11.5,UG/M3,1 Hr,Valid
Banja Luka,PM2.5 - Principal,2022-05-23 06:00 PM,2022,05,23,18,11.2,47,Good,11.9,UG/M3,1 Hr,Valid
Banja Luka,PM2.5 - Principal,2022-05-23 07:00 PM,2022,05,23,19,10.8,45,Good,10.1,UG/M3,1 Hr,Valid
Banja Luka,PM2.5 - Principal,2022-05-23 08:00 PM,2022,05,23,20,10.6,44,Good,10.2,UG/M3,1 Hr,Valid
Banja Luka,PM2.5 - Principal,2022-05-23 09:00 PM,2022,05,23,21,10.5,44,Good,10.3,UG/M3,1 Hr,Valid
Banja Luka,PM2.5 - Principal,2022-05-23 10:00 PM,2022,05,23,22,10.8,45,Good,11.2,UG/M3,1 Hr,Valid
Banja Luka,PM2.5 - Principal,2022-05-23 11:00 PM,2022,05,23,23,11.8,49,Good,14.0,UG/M3,1 Hr,Valid
Banja Luka,PM2.5 - Principal,2022-05-24 12:00 AM,2022,05,24,00,12.5,52,Moderate,14.2,UG/M3,1 Hr,Valid
Banja Luka,PM2.5 - Principal,2022-05-24 01:00 AM,2022,05,24,01,12.5,52,Moderate,12.6,UG/M3,1 Hr,Valid
Banja Luka,PM2.5 - Principal,2022-05-24 02:00 AM,2022,05,24,02,12.5,52,Moderate,12.4,UG/M3,1 Hr,Valid
Banja Luka,PM2.5 - Principal,2022-05-24 03:00 AM,2022,05,24,03,12.2,51,Moderate,11.4,UG/M3,1 Hr,Valid
Banja Luka,PM2.5 - Principal,2022-05-24 04:00 AM,2022,05,24,04,12.3,51,Moderate,12.5,UG/M3,1 Hr,Valid
Banja Luka,PM2.5 - Principal,2022-05-24 05:00 AM,2022,05,24,05,12.1,51,Moderate,11.6,UG/M3,1 Hr,Valid
Banja Luka,PM2.5 - Principal,2022-05-24 06:00 AM,2022,05,24,06,12.1,51,Moderate,12.1,UG/M3,1 Hr,Valid
Banja Luka,PM2.5 - Principal,2022-05-24 07:00 AM,2022,05,24,07,12.1,51,Moderate,12.1,UG/M3,1 Hr,Valid
Banja Luka,PM2.5 - Principal,2022-05-24 08:00 AM,2022,05,24,08,12.7,52,Moderate,14.1,UG/M3,1 Hr,Valid
Banja Luka,PM2.5 - Principal,2022-05-24 09:00 AM,2022,05,24,09,13.6,54,Moderate,15.9,UG/M3,1 Hr,Valid
Banja Luka,PM2.5 - Principal,2022-05-24 10:00 AM,2022,05,24,10,14.7,56,Moderate,16.8,UG/M3,1 Hr,Valid
Banja Luka,PM2.5 - Principal,2022-05-24 11:00 AM,2022,05,24,11,15.1,57,Moderate,15.9,UG/M3,1 Hr,Valid
Banja Luka,PM2.5 - Principal,2022-05-24 12:00 PM,2022,05,24,12,14.6,56,Moderate,13.5,UG/M3,1 Hr,Valid
Banja Luka,PM2.5 - Principal,2022-05-24 01:00 PM,2022,05,24,13,14.2,55,Moderate,13.3,UG/M3,1 Hr,Valid
Banja Luka,PM2.5 - Principal,2022-05-24 02:00 PM,2022,05,24,14,14.2,55,Moderate,14.1,UG/M3,1 Hr,Valid
Banja Luka,PM2.5 - Principal,2022-05-24 03:00 PM,2022,05,24,15,13.4,54,Moderate,11.7,UG/M3,1 Hr,Valid
Banja Luka,PM2.5 - Principal,2022-05-24 04:00 PM,2022,05,24,16,13.1,53,Moderate,12.3,UG/M3,1 Hr,Valid
Banja Luka,PM2.5 - Principal,2022-05-24 05:00 PM,2022,05,24,17,13.0,53,Moderate,12.9,UG/M3,1 Hr,Valid
Banja Luka,PM2.5 - Principal,2022-05-24 06:00 PM,2022,05,24,18,13.5,54,Moderate,14.6,UG/M3,1 Hr,Valid
Banja Luka,PM2.5 - Principal,2022-05-24 07:00 PM,2022,05,24,19,14.1,55,Moderate,15.4,UG/M3,1 Hr,Valid
Banja Luka,PM2.5 - Principal,2022-05-24 08:00 PM,2022,05,24,20,14.8,57,Moderate,16.4,UG/M3,1 Hr,Valid
Banja Luka,PM2.5 - Principal,2022-05-24 09:00 PM,2022,05,24,21,14.9,57,Moderate,15.3,UG/M3,1 Hr,Valid
Banja Luka,PM2.5 - Principal,2022-05-24 10:00 PM,2022,05,24,22,15.5,58,Moderate,16.7,UG/M3,1 Hr,Valid
Banja Luka,PM2.5 - Principal,2022-05-24 11:00 PM,2022,05,24,23,15.8,59,Moderate,16.7,UG/M3,1 Hr,Valid
Banja Luka,PM2.5 - Principal,2022-05-25 12:00 AM,2022,05,25,00,16.9,61,Moderate,18.3,UG/M3,1 Hr,Valid
Banja Luka,PM2.5 - Principal,2022-05-25 01:00 AM,2022,05,25,01,16.7,61,Moderate,16.3,UG/M3,1 Hr,Valid
Banja Luka,PM2.5 - Principal,2022-05-25 02:00 AM,2022,05,25,02,16.2,60,Moderate,15.4,UG/M3,1 Hr,Valid
Banja Luka,PM2.5 - Principal,2022-05-25 03:00 AM,2022,05,25,03,15.2,58,Moderate,13.1,UG/M3,1 Hr,Valid
Banja Luka,PM2.5 - Principal,2022-05-25 04:00 AM,2022,05,25,04,13.6,54,Moderate,11.3,UG/M3,1 Hr,Valid
Banja Luka,PM2.5 - Principal,2022-05-25 05:00 AM,2022,05,25,05,12.2,51,Moderate,10.6,UG/M3,1 Hr,Valid
Banja Luka,PM2.5 - Principal,2022-05-25 06:00 AM,2022,05,25,06,12.4,52,Moderate,12.7,UG/M3,1 Hr,Valid
Banja Luka,PM2.5 - Principal,2022-05-25 07:00 AM,2022,05,25,07,11.6,48,Good,10.6,UG/M3,1 Hr,Valid
Banja Luka,PM2.5 - Principal,2022-05-25 08:00 AM,2022,05,25,08,12.3,51,Moderate,13.2,UG/M3,1 Hr,Valid
Banja Luka,PM2.5 - Principal,2022-05-25 09:00 AM,2022,05,25,09,11.9,50,Good,11.5,UG/M3,1 Hr,Valid
Banja Luka,PM2.5 - Principal,2022-05-25 10:00 AM,2022,05,25,10,12.4,52,Moderate,13.0,UG/M3,1 Hr,Valid
Banja Luka,PM2.5 - Principal,2022-05-25 11:00 AM,2022,05,25,11,13.4,54,Moderate,14.9,UG/M3,1 Hr,Valid
Banja Luka,PM2.5 - Principal,2022-05-25 12:00 PM,2022,05,25,12,13.1,53,Moderate,12.9,UG/M3,1 Hr,Valid
Banja Luka,PM2.5 - Principal,2022-05-25 01:00 PM,2022,05,25,13,13.1,53,Moderate,13.2,UG/M3,1 Hr,Valid
Banja Luka,PM2.5 - Principal,2022-05-25 02:00 PM,2022,05,25,14,13.4,54,Moderate,14.3,UG/M3,1 Hr,Valid
Banja Luka,PM2.5 - Principal,2022-05-25 03:00 PM,2022,05,25,15,13.7,54,Moderate,14.3,UG/M3,1 Hr,Valid
Banja Luka,PM2.5 - Principal,2022-05-25 04:00 PM,2022,05,25,16,13.9,55,Moderate,14.3,UG/M3,1 Hr,Valid
Banja Luka,PM2.5 - Principal,2022-05-25 05:00 PM,2022,05,25,17,14.0,55,Moderate,14.1,UG/M3,1 Hr,Valid
Banja Luka,PM2.5 - Principal,2022-05-25 06:00 PM,2022,05,25,18,14.0,55,Moderate,13.9,UG/M3,1 Hr,Valid
Banja Luka,PM2.5 - Principal,2022-05-25 07:00 PM,2022,05,25,19,13.8,55,Moderate,13.5,UG/M3,1 Hr,Valid
Banja Luka,PM2.5 - Principal,2022-05-25 08:00 PM,2022,05,25,20,13.9,55,Moderate,14.2,UG/M3,1 Hr,Valid
Banja Luka,PM2.5 - Principal,2022-05-25 09:00 PM,2022,05,25,21,14.4,56,Moderate,16.0,UG/M3,1 Hr,Valid
Banja Luka,PM2.5 - Principal,2022-05-25 10:00 PM,2022,05,25,22,14.2,55,Moderate,13.5,UG/M3,1 Hr,Valid
Banja Luka,PM2.5 - Principal,2022-05-25 11:00 PM,2022,05,25,23,14.0,55,Moderate,13.3,UG/M3,1 Hr,Valid
Banja Luka,PM2.5 - Principal,2022-05-26 12:00 AM,2022,05,26,00,12.9,53,Moderate,10.8,UG/M3,1 Hr,Valid
Banja Luka,PM2.5 - Principal,2022-05-26 01:00 AM,2022,05,26,01,9.9,41,Good,7.4,UG/M3,1 Hr,Valid
Banja Luka,PM2.5 - Principal,2022-05-26 02:00 AM,2022,05,26,02,8.3,35,Good,6.7,UG/M3,1 Hr,Valid
Banja Luka,PM2.5 - Principal,2022-05-26 03:00 AM,2022,05,26,03,6.7,28,Good,5.0,UG/M3,1 Hr,Valid
Banja Luka,PM2.5 - Principal,2022-05-26 04:00 AM,2022,05,26,04,5.5,23,Good,4.3,UG/M3,1 Hr,Valid
Banja Luka,PM2.5 - Principal,2022-05-26 05:00 AM,2022,05,26,05,5.0,21,Good,4.4,UG/M3,1 Hr,Valid
Banja Luka,PM2.5 - Principal,2022-05-26 06:00 AM,2022,05,26,06,4.8,20,Good,4.6,UG/M3,1 Hr,Valid
Banja Luka,PM2.5 - Principal,2022-05-26 07:00 AM,2022,05,26,07,5.2,22,Good,5.5,UG/M3,1 Hr,Valid
Banja Luka,PM2.5 - Principal,2022-05-26 08:00 AM,2022,05,26,08,5.1,21,Good,5.0,UG/M3,1 Hr,Valid
Banja Luka,PM2.5 - Principal,2022-05-26 09:00 AM,2022,05,26,09,5.4,23,Good,5.6,UG/M3,1 Hr,Valid
Banja Luka,PM2.5 - Principal,2022-05-26 10:00 AM,2022,05,26,10,5.4,23,Good,5.4,UG/M3,1 Hr,Valid
Banja Luka,PM2.5 - Principal,2022-05-26 11:00 AM,2022,05,26,11,6.0,25,Good,6.6,UG/M3,1 Hr,Valid
Banja Luka,PM2.5 - Principal,2022-05-26 12:00 PM,2022,05,26,12,5.9,25,Good,6.0,UG/M3,1 Hr,Valid
Banja Luka,PM2.5 - Principal,2022-05-26 01:00 PM,2022,05,26,13,5.8,24,Good,5.8,UG/M3,1 Hr,Valid
Banja Luka,PM2.5 - Principal,2022-05-26 02:00 PM,2022,05,26,14,5.9,25,Good,6.0,UG/M3,1 Hr,Valid
Banja Luka,PM2.5 - Principal,2022-05-26 03:00 PM,2022,05,26,15,5.8,24,Good,5.5,UG/M3,1 Hr,Valid
Banja Luka,PM2.5 - Principal,2022-05-26 04:00 PM,2022,05,26,16,5.8,24,Good,6.0,UG/M3,1 Hr,Valid
Banja Luka,PM2.5 - Principal,2022-05-26 05:00 PM,2022,05,26,17,5.8,24,Good,5.6,UG/M3,1 Hr,Valid
Banja Luka,PM2.5 - Principal,2022-05-26 06:00 PM,2022,05,26,18,5.9,25,Good,6.2,UG/M3,1 Hr,Valid
Banja Luka,PM2.5 - Principal,2022-05-26 07:00 PM,2022,05,26,19,6.4,27,Good,7.5,UG/M3,1 Hr,Valid
Banja Luka,PM2.5 - Principal,2022-05-26 08:00 PM,2022,05,26,20,6.6,28,Good,7.1,UG/M3,1 Hr,Valid
Banja Luka,PM2.5 - Principal,2022-05-26 09:00 PM,2022,05,26,21,6.2,26,Good,5.3,UG/M3,1 Hr,Valid
Banja Luka,PM2.5 - Principal,2022-05-26 10:00 PM,2022,05,26,22,6.2,26,Good,6.2,UG/M3,1 Hr,Valid
Banja Luka,PM2.5 - Principal,2022-05-26 11:00 PM,2022,05,26,23,9.9,41,Good,13.7,UG/M3,1 Hr,Valid
Banja Luka,PM2.5 - Principal,2022-05-27 12:00 AM,2022,05,27,00,9.8,41,Good,9.8,UG/M3,1 Hr,Valid
Banja Luka,PM2.5 - Principal,2022-05-27 01:00 AM,2022,05,27,01,9.3,39,Good,8.7,UG/M3,1 Hr,Valid
Banja Luka,PM2.5 - Principal,2022-05-27 02:00 AM,2022,05,27,02,9.2,38,Good,9.1,UG/M3,1 Hr,Valid
Banja Luka,PM2.5 - Principal,2022-05-27 03:00 AM,2022,05,27,03,8.8,37,Good,8.4,UG/M3,1 Hr,Valid
Banja Luka,PM2.5 - Principal,2022-05-27 04:00 AM,2022,05,27,04,8.3,35,Good,7.9,UG/M3,1 Hr,Valid
Banja Luka,PM2.5 - Principal,2022-05-27 05:00 AM,2022,05,27,05,8.1,34,Good,7.8,UG/M3,1 Hr,Valid
Banja Luka,PM2.5 - Principal,2022-05-27 06:00 AM,2022,05,27,06,8.2,34,Good,8.4,UG/M3,1 Hr,Valid
Banja Luka,PM2.5 - Principal,2022-05-27 07:00 AM,2022,05,27,07,8.3,35,Good,8.4,UG/M3,1 Hr,Valid
Banja Luka,PM2.5 - Principal,2022-05-27 08:00 AM,2022,05,27,08,9.2,38,Good,10.1,UG/M3,1 Hr,Valid
Banja Luka,PM2.5 - Principal,2022-05-27 09:00 AM,2022,05,27,09,10.5,44,Good,11.8,UG/M3,1 Hr,Valid
Banja Luka,PM2.5 - Principal,2022-05-27 10:00 AM,2022,05,27,10,11.1,46,Good,12.2,UG/M3,1 Hr,Valid
Banja Luka,PM2.5 - Principal,2022-05-27 11:00 AM,2022,05,27,11,11.6,48,Good,12.7,UG/M3,1 Hr,Valid
Banja Luka,PM2.5 - Principal,2022-05-27 12:00 PM,2022,05,27,12,12.6,52,Moderate,13.6,UG/M3,1 Hr,Valid
Banja Luka,PM2.5 - Principal,2022-05-27 01:00 PM,2022,05,27,13,12.8,52,Moderate,13.1,UG/M3,1 Hr,Valid
Banja Luka,PM2.5 - Principal,2022-05-27 02:00 PM,2022,05,27,14,13.3,54,Moderate,13.8,UG/M3,1 Hr,Valid
Banja Luka,PM2.5 - Principal,2022-05-27 03:00 PM,2022,05,27,15,13.8,55,Moderate,14.4,UG/M3,1 Hr,Valid
Banja Luka,PM2.5 - Principal,2022-05-27 04:00 PM,2022,05,27,16,14.1,55,Moderate,14.5,UG/M3,1 Hr,Valid
Banja Luka,PM2.5 - Principal,2022-05-27 05:00 PM,2022,05,27,17,14.4,56,Moderate,14.7,UG/M3,1 Hr,Valid
Banja Luka,PM2.5 - Principal,2022-05-27 06:00 PM,2022,05,27,18,14.2,55,Moderate,14.1,UG/M3,1 Hr,Valid
Banja Luka,PM2.5 - Principal,2022-05-27 07:00 PM,2022,05,27,19,14.3,56,Moderate,14.6,UG/M3,1 Hr,Valid
Banja Luka,PM2.5 - Principal,2022-05-27 08:00 PM,2022,05,27,20,14.2,55,Moderate,14.4,UG/M3,1 Hr,Valid
Banja Luka,PM2.5 - Principal,2022-05-27 09:00 PM,2022,05,27,21,14.5,56,Moderate,15.4,UG/M3,1 Hr,Valid
Banja Luka,PM2.5 - Principal,2022-05-27 10:00 PM,2022,05,27,22,16.1,59,Moderate,18.9,UG/M3,1 Hr,Valid
Banja Luka,PM2.5 - Principal,2022-05-27 11:00 PM,2022,05,27,23,18.2,64,Moderate,21.3,UG/M3,1 Hr,Valid
Banja Luka,PM2.5 - Principal,2022-05-28 12:00 AM,2022,05,28,00,19.3,66,Moderate,20.9,UG/M3,1 Hr,Valid
Banja Luka,PM2.5 - Principal,2022-05-28 01:00 AM,2022,05,28,01,19.4,66,Moderate,20.2,UG/M3,1 Hr,Valid
Banja Luka,PM2.5 - Principal,2022-05-28 02:00 AM,2022,05,28,02,19.2,66,Moderate,18.7,UG/M3,1 Hr,Valid
Banja Luka,PM2.5 - Principal,2022-05-28 03:00 AM,2022,05,28,03,19.2,66,Moderate,19.4,UG/M3,1 Hr,Valid
Banja Luka,PM2.5 - Principal,2022-05-28 04:00 AM,2022,05,28,04,19.2,66,Moderate,19.0,UG/M3,1 Hr,Valid
Banja Luka,PM2.5 - Principal,2022-05-28 05:00 AM,2022,05,28,05,17.1,62,Moderate,13.5,UG/M3,1 Hr,Valid
Banja Luka,PM2.5 - Principal,2022-05-28 06:00 AM,2022,05,28,06,12.7,52,Moderate,9.0,UG/M3,1 Hr,Valid
Banja Luka,PM2.5 - Principal,2022-05-28 07:00 AM,2022,05,28,07,9.1,38,Good,5.6,UG/M3,1 Hr,Valid
Banja Luka,PM2.5 - Principal,2022-05-28 08:00 AM,2022,05,28,08,6.4,27,Good,3.7,UG/M3,1 Hr,Valid
Banja Luka,PM2.5 - Principal,2022-05-28 09:00 AM,2022,05,28,09,5.4,23,Good,4.4,UG/M3,1 Hr,Valid
Banja Luka,PM2.5 - Principal,2022-05-28 10:00 AM,2022,05,28,10,5.4,23,Good,5.4,UG/M3,1 Hr,Valid
Banja Luka,PM2.5 - Principal,2022-05-28 11:00 AM,2022,05,28,11,5.7,24,Good,6.0,UG/M3,1 Hr,Valid
Banja Luka,PM2.5 - Principal,2022-05-28 12:00 PM,2022,05,28,12,5.5,23,Good,5.4,UG/M3,1 Hr,Valid
Banja Luka,PM2.5 - Principal,2022-05-28 01:00 PM,2022,05,28,13,5.2,22,Good,4.9,UG/M3,1 Hr,Valid
Banja Luka,PM2.5 - Principal,2022-05-28 02:00 PM,2022,05,28,14,5.2,22,Good,5.2,UG/M3,1 Hr,Valid
Banja Luka,PM2.5 - Principal,2022-05-28 03:00 PM,2022,05,28,15,5.2,22,Good,5.2,UG/M3,1 Hr,Valid
Banja Luka,PM2.5 - Principal,2022-05-28 04:00 PM,2022,05,28,16,6.4,27,Good,7.5,UG/M3,1 Hr,Valid
Banja Luka,PM2.5 - Principal,2022-05-28 05:00 PM,2022,05,28,17,6.5,27,Good,6.7,UG/M3,1 Hr,Valid
Banja Luka,PM2.5 - Principal,2022-05-28 06:00 PM,2022,05,28,18,6.7,28,Good,6.9,UG/M3,1 Hr,Valid
Banja Luka,PM2.5 - Principal,2022-05-28 07:00 PM,2022,05,28,19,6.6,28,Good,6.5,UG/M3,1 Hr,Valid
Banja Luka,PM2.5 - Principal,2022-05-28 08:00 PM,2022,05,28,20,6.5,27,Good,6.3,UG/M3,1 Hr,Valid
Banja Luka,PM2.5 - Principal,2022-05-28 09:00 PM,2022,05,28,21,6.5,27,Good,6.7,UG/M3,1 Hr,Valid
Banja Luka,PM2.5 - Principal,2022-05-28 10:00 PM,2022,05,28,22,6.7,28,Good,6.9,UG/M3,1 Hr,Valid
Banja Luka,PM2.5 - Principal,2022-05-28 11:00 PM,2022,05,28,23,6.5,27,Good,6.2,UG/M3,1 Hr,Valid
Banja Luka,PM2.5 - Principal,2022-05-29 12:00 AM,2022,05,29,00,6.6,28,Good,6.8,UG/M3,1 Hr,Valid
Banja Luka,PM2.5 - Principal,2022-05-29 01:00 AM,2022,05,29,01,7.0,29,Good,7.7,UG/M3,1 Hr,Valid
Banja Luka,PM2.5 - Principal,2022-05-29 02:00 AM,2022,05,29,02,8.0,33,Good,9.3,UG/M3,1 Hr,Valid
Banja Luka,PM2.5 - Principal,2022-05-29 03:00 AM,2022,05,29,03,7.4,31,Good,6.7,UG/M3,1 Hr,Valid
Banja Luka,PM2.5 - Principal,2022-05-29 04:00 AM,2022,05,29,04,6.9,29,Good,6.0,UG/M3,1 Hr,Valid
Banja Luka,PM2.5 - Principal,2022-05-29 05:00 AM,2022,05,29,05,6.5,27,Good,5.9,UG/M3,1 Hr,Valid
Banja Luka,PM2.5 - Principal,2022-05-29 06:00 AM,2022,05,29,06,7.0,29,Good,7.8,UG/M3,1 Hr,Valid
Banja Luka,PM2.5 - Principal,2022-05-29 07:00 AM,2022,05,29,07,6.9,29,Good,6.8,UG/M3,1 Hr,Valid
Banja Luka,PM2.5 - Principal,2022-05-29 08:00 AM,2022,05,29,08,6.6,28,Good,5.9,UG/M3,1 Hr,Valid
Banja Luka,PM2.5 - Principal,2022-05-29 09:00 AM,2022,05,29,09,6.7,28,Good,6.9,UG/M3,1 Hr,Valid
Banja Luka,PM2.5 - Principal,2022-05-29 10:00 AM,2022,05,29,10,6.5,27,Good,6.1,UG/M3,1 Hr,Valid
Banja Luka,PM2.5 - Principal,2022-05-29 11:00 AM,2022,05,29,11,7.1,30,Good,8.2,UG/M3,1 Hr,Valid
Banja Luka,PM2.5 - Principal,2022-05-29 12:00 PM,2022,05,29,12,7.1,30,Good,7.0,UG/M3,1 Hr,Valid
Banja Luka,PM2.5 - Principal,2022-05-29 01:00 PM,2022,05,29,13,7.0,29,Good,6.9,UG/M3,1 Hr,Valid
Banja Luka,PM2.5 - Principal,2022-05-29 02:00 PM,2022,05,29,14,8.4,35,Good,10.2,UG/M3,1 Hr,Valid
Banja Luka,PM2.5 - Principal,2022-05-29 03:00 PM,2022,05,29,15,8.5,35,Good,8.8,UG/M3,1 Hr,Valid
Banja Luka,PM2.5 - Principal,2022-05-29 04:00 PM,2022,05,29,16,9.0,38,Good,9.6,UG/M3,1 Hr,Valid
Banja Luka,PM2.5 - Principal,2022-05-29 05:00 PM,2022,05,29,17,8.3,35,Good,7.3,UG/M3,1 Hr,Valid
Banja Luka,PM2.5 - Principal,2022-05-29 06:00 PM,2022,05,29,18,8.0,33,Good,7.7,UG/M3,1 Hr,Valid
Banja Luka,PM2.5 - Principal,2022-05-29 07:00 PM,2022,05,29,19,8.7,36,Good,9.6,UG/M3,1 Hr,Valid
Banja Luka,PM2.5 - Principal,2022-05-29 08:00 PM,2022,05,29,20,8.4,35,Good,8.1,UG/M3,1 Hr,Valid
Banja Luka,PM2.5 - Principal,2022-05-29 09:00 PM,2022,05,29,21,8.4,35,Good,8.3,UG/M3,1 Hr,Valid
Banja Luka,PM2.5 - Principal,2022-05-29 10:00 PM,2022,05,29,22,8.4,35,Good,8.4,UG/M3,1 Hr,Valid
Banja Luka,PM2.5 - Principal,2022-05-29 11:00 PM,2022,05,29,23,7.3,30,Good,5.9,UG/M3,1 Hr,Valid
Banja Luka,PM2.5 - Principal,2022-05-30 12:00 AM,2022,05,30,00,7.0,29,Good,6.6,UG/M3,1 Hr,Valid
Banja Luka,PM2.5 - Principal,2022-05-30 01:00 AM,2022,05,30,01,6.5,27,Good,5.8,UG/M3,1 Hr,Valid
Banja Luka,PM2.5 - Principal,2022-05-30 02:00 AM,2022,05,30,02,5.9,25,Good,5.3,UG/M3,1 Hr,Valid
Banja Luka,PM2.5 - Principal,2022-05-30 03:00 AM,2022,05,30,03,5.4,23,Good,4.9,UG/M3,1 Hr,Valid
Banja Luka,PM2.5 - Principal,2022-05-30 04:00 AM,2022,05,30,04,5.7,24,Good,6.0,UG/M3,1 Hr,Valid
Banja Luka,PM2.5 - Principal,2022-05-30 05:00 AM,2022,05,30,05,5.8,24,Good,6.0,UG/M3,1 Hr,Valid
Banja Luka,PM2.5 - Principal,2022-05-30 06:00 AM,2022,05,30,06,5.9,25,Good,6.0,UG/M3,1 Hr,Valid
Banja Luka,PM2.5 - Principal,2022-05-30 07:00 AM,2022,05,30,07,5.9,25,Good,5.8,UG/M3,1 Hr,Valid
Banja Luka,PM2.5 - Principal,2022-05-30 08:00 AM,2022,05,30,08,5.6,23,Good,5.2,UG/M3,1 Hr,Valid
Banja Luka,PM2.5 - Principal,2022-05-30 09:00 AM,2022,05,30,09,5.5,23,Good,5.5,UG/M3,1 Hr,Valid
Banja Luka,PM2.5 - Principal,2022-05-30 10:00 AM,2022,05,30,10,5.7,24,Good,6.1,UG/M3,1 Hr,Valid
Banja Luka,PM2.5 - Principal,2022-05-30 11:00 AM,2022,05,30,11,6.4,27,Good,7.6,UG/M3,1 Hr,Valid
Banja Luka,PM2.5 - Principal,2022-05-30 12:00 PM,2022,05,30,12,7.8,33,Good,9.2,UG/M3,1 Hr,Valid
Banja Luka,PM2.5 - Principal,2022-05-30 01:00 PM,2022,05,30,13,9.0,38,Good,10.1,UG/M3,1 Hr,Valid
Banja Luka,PM2.5 - Principal,2022-05-30 02:00 PM,2022,05,30,14,9.3,39,Good,9.6,UG/M3,1 Hr,Valid
Banja Luka,PM2.5 - Principal,2022-05-30 03:00 PM,2022,05,30,15,9.0,38,Good,8.8,UG/M3,1 Hr,Valid
Banja Luka,PM2.5 - Principal,2022-05-30 04:00 PM,2022,05,30,16,9.2,38,Good,9.3,UG/M3,1 Hr,Valid
Banja Luka,PM2.5 - Principal,2022-05-30 05:00 PM,2022,05,30,17,9.4,39,Good,9.7,UG/M3,1 Hr,Valid
Banja Luka,PM2.5 - Principal,2022-05-30 06:00 PM,2022,05,30,18,8.9,37,Good,8.3,UG/M3,1 Hr,Valid
Banja Luka,PM2.5 - Principal,2022-05-30 07:00 PM,2022,05,30,19,8.7,36,Good,8.4,UG/M3,1 Hr,Valid
Banja Luka,PM2.5 - Principal,2022-05-30 08:00 PM,2022,05,30,20,8.4,35,Good,8.0,UG/M3,1 Hr,Valid
Banja Luka,PM2.5 - Principal,2022-05-30 09:00 PM,2022,05,30,21,8.3,35,Good,8.1,UG/M3,1 Hr,Valid
Banja Luka,PM2.5 - Principal,2022-05-30 10:00 PM,2022,05,30,22,8.6,36,Good,8.9,UG/M3,1 Hr,Valid
Banja Luka,PM2.5 - Principal,2022-05-30 11:00 PM,2022,05,30,23,8.6,36,Good,8.5,UG/M3,1 Hr,Valid
Banja Luka,PM2.5 - Principal,2022-05-31 12:00 AM,2022,05,31,00,9.7,40,Good,12.0,UG/M3,1 Hr,Valid
Banja Luka,PM2.5 - Principal,2022-05-31 01:00 AM,2022,05,31,01,9.3,39,Good,8.5,UG/M3,1 Hr,Valid
Banja Luka,PM2.5 - Principal,2022-05-31 02:00 AM,2022,05,31,02,9.8,41,Good,10.8,UG/M3,1 Hr,Valid
Banja Luka,PM2.5 - Principal,2022-05-31 03:00 AM,2022,05,31,03,10.3,43,Good,11.2,UG/M3,1 Hr,Valid
Banja Luka,PM2.5 - Principal,2022-05-31 04:00 AM,2022,05,31,04,10.3,43,Good,10.5,UG/M3,1 Hr,Valid
Banja Luka,PM2.5 - Principal,2022-05-31 05:00 AM,2022,05,31,05,10.3,43,Good,10.3,UG/M3,1 Hr,Valid
Banja Luka,PM2.5 - Principal,2022-05-31 06:00 AM,2022,05,31,06,10.9,45,Good,11.9,UG/M3,1 Hr,Valid
Banja Luka,PM2.5 - Principal,2022-05-31 07:00 AM,2022,05,31,07,10.6,44,Good,10.0,UG/M3,1 Hr,Valid
Banja Luka,PM2.5 - Principal,2022-05-31 08:00 AM,2022,05,31,08,9.9,41,Good,8.6,UG/M3,1 Hr,Valid
Banja Luka,PM2.5 - Principal,2022-05-31 09:00 AM,2022,05,31,09,7.5,31,Good,5.3,UG/M3,1 Hr,Valid
Banja Luka,PM2.5 - Principal,2022-05-31 10:00 AM,2022,05,31,10,6.4,27,Good,5.3,UG/M3,1 Hr,Valid
Banja Luka,PM2.5 - Principal,2022-05-31 11:00 AM,2022,05,31,11,6.3,26,Good,6.1,UG/M3,1 Hr,Valid
Banja Luka,PM2.5 - Principal,2022-05-31 12:00 PM,2022,05,31,12,6.1,25,Good,5.9,UG/M3,1 Hr,Valid
Banja Luka,PM2.5 - Principal,2022-05-31 01:00 PM,2022,05,31,13,6.2,26,Good,6.3,UG/M3,1 Hr,Valid
Banja Luka,PM2.5 - Principal,2022-05-31 02:00 PM,2022,05,31,14,6.4,27,Good,6.7,UG/M3,1 Hr,Valid
Banja Luka,PM2.5 - Principal,2022-05-31 03:00 PM,2022,05,31,15,6.8,28,Good,7.3,UG/M3,1 Hr,Valid
Banja Luka,PM2.5 - Principal,2022-05-31 04:00 PM,2022,05,31,16,8.0,33,Good,9.2,UG/M3,1 Hr,Valid
Banja Luka,PM2.5 - Principal,2022-05-31 05:00 PM,2022,05,31,17,8.9,37,Good,9.7,UG/M3,1 Hr,Valid
Banja Luka,PM2.5 - Principal,2022-05-31 06:00 PM,2022,05,31,18,9.7,40,Good,10.6,UG/M3,1 Hr,Valid
Banja Luka,PM2.5 - Principal,2022-05-31 07:00 PM,2022,05,31,19,8.0,33,Good,6.2,UG/M3,1 Hr,Valid
Banja Luka,PM2.5 - Principal,2022-05-31 08:00 PM,2022,05,31,20,6.9,29,Good,5.9,UG/M3,1 Hr,Valid
Banja Luka,PM2.5 - Principal,2022-05-31 09:00 PM,2022,05,31,21,7.1,30,Good,7.2,UG/M3,1 Hr,Valid
Banja Luka,PM2.5 - Principal,2022-05-31 10:00 PM,2022,05,31,22,6.8,28,Good,6.3,UG/M3,1 Hr,Valid
Banja Luka,PM2.5 - Principal,2022-05-31 11:00 PM,2022,05,31,23,7.5,31,Good,8.5,UG/M3,1 Hr,Valid
Banja Luka,PM2.5 - Principal,2022-06-01 12:00 AM,2022,06,01,00,8.6,36,Good,9.9,UG/M3,1 Hr,Valid
Banja Luka,PM2.5 - Principal,2022-06-01 01:00 AM,2022,06,01,01,8.7,36,Good,8.9,UG/M3,1 Hr,Valid
Banja Luka,PM2.5 - Principal,2022-06-01 02:00 AM,2022,06,01,02,8.7,36,Good,8.7,UG/M3,1 Hr,Valid
Banja Luka,PM2.5 - Principal,2022-06-01 03:00 AM,2022,06,01,03,8.9,37,Good,9.1,UG/M3,1 Hr,Valid
Banja Luka,PM2.5 - Principal,2022-06-01 04:00 AM,2022,06,01,04,9.0,38,Good,9.0,UG/M3,1 Hr,Valid
Banja Luka,PM2.5 - Principal,2022-06-01 05:00 AM,2022,06,01,05,8.4,35,Good,7.8,UG/M3,1 Hr,Valid
Banja Luka,PM2.5 - Principal,2022-06-01 06:00 AM,2022,06,01,06,8.5,35,Good,8.5,UG/M3,1 Hr,Valid
Banja Luka,PM2.5 - Principal,2022-06-01 07:00 AM,2022,06,01,07,9.5,40,Good,10.8,UG/M3,1 Hr,Valid
Banja Luka,PM2.5 - Principal,2022-06-01 08:00 AM,2022,06,01,08,9.4,39,Good,9.2,UG/M3,1 Hr,Valid
Banja Luka,PM2.5 - Principal,2022-06-01 09:00 AM,2022,06,01,09,9.0,38,Good,8.5,UG/M3,1 Hr,Valid
Banja Luka,PM2.5 - Principal,2022-06-01 10:00 AM,2022,06,01,10,9.2,38,Good,9.6,UG/M3,1 Hr,Valid
Banja Luka,PM2.5 - Principal,2022-06-01 11:00 AM,2022,06,01,11,9.2,38,Good,9.3,UG/M3,1 Hr,Valid
Banja Luka,PM2.5 - Principal,2022-06-01 12:00 PM,2022,06,01,12,9.3,39,Good,9.5,UG/M3,1 Hr,Valid
Banja Luka,PM2.5 - Principal,2022-06-01 01:00 PM,2022,06,01,13,9.6,40,Good,10.2,UG/M3,1 Hr,Valid
Banja Luka,PM2.5 - Principal,2022-06-01 02:00 PM,2022,06,01,14,10.2,43,Good,11.5,UG/M3,1 Hr,Valid
Banja Luka,PM2.5 - Principal,2022-06-01 03:00 PM,2022,06,01,15,10.6,44,Good,11.3,UG/M3,1 Hr,Valid
Banja Luka,PM2.5 - Principal,2022-06-01 04:00 PM,2022,06,01,16,11.4,48,Good,12.5,UG/M3,1 Hr,Valid
Banja Luka,PM2.5 - Principal,2022-06-01 05:00 PM,2022,06,01,17,11.4,48,Good,11.8,UG/M3,1 Hr,Valid
Banja Luka,PM2.5 - Principal,2022-06-01 06:00 PM,2022,06,01,18,11.6,48,Good,11.8,UG/M3,1 Hr,Valid
Banja Luka,PM2.5 - Principal,2022-06-01 07:00 PM,2022,06,01,19,11.7,49,Good,11.9,UG/M3,1 Hr,Valid
Banja Luka,PM2.5 - Principal,2022-06-01 08:00 PM,2022,06,01,20,11.8,49,Good,11.9,UG/M3,1 Hr,Valid
Banja Luka,PM2.5 - Principal,2022-06-01 09:00 PM,2022,06,01,21,11.7,49,Good,11.6,UG/M3,1 Hr,Valid
Banja Luka,PM2.5 - Principal,2022-06-01 10:00 PM,2022,06,01,22,12.4,52,Moderate,13.8,UG/M3,1 Hr,Valid
Banja Luka,PM2.5 - Principal,2022-06-01 11:00 PM,2022,06,01,23,13.5,54,Moderate,15.2,UG/M3,1 Hr,Valid
Banja Luka,PM2.5 - Principal,2022-06-02 12:00 AM,2022,06,02,00,13.8,55,Moderate,14.7,UG/M3,1 Hr,Valid
Banja Luka,PM2.5 - Principal,2022-06-02 01:00 AM,2022,06,02,01,13.6,54,Moderate,13.9,UG/M3,1 Hr,Valid
Banja Luka,PM2.5 - Principal,2022-06-02 02:00 AM,2022,06,02,02,13.7,54,Moderate,13.7,UG/M3,1 Hr,Valid
Banja Luka,PM2.5 - Principal,2022-06-02 03:00 AM,2022,06,02,03,13.1,53,Moderate,11.3,UG/M3,1 Hr,Valid
Banja Luka,PM2.5 - Principal,2022-06-02 04:00 AM,2022,06,02,04,12.7,52,Moderate,11.6,UG/M3,1 Hr,Valid
Banja Luka,PM2.5 - Principal,2022-06-02 05:00 AM,2022,06,02,05,12.1,51,Moderate,10.9,UG/M3,1 Hr,Valid
Banja Luka,PM2.5 - Principal,2022-06-02 06:00 AM,2022,06,02,06,12.1,51,Moderate,11.9,UG/M3,1 Hr,Valid
Banja Luka,PM2.5 - Principal,2022-06-02 07:00 AM,2022,06,02,07,11.4,48,Good,10.2,UG/M3,1 Hr,Valid
Banja Luka,PM2.5 - Principal,2022-06-02 08:00 AM,2022,06,02,08,11.6,48,Good,12.1,UG/M3,1 Hr,Valid
Banja Luka,PM2.5 - Principal,2022-06-02 09:00 AM,2022,06,02,09,11.7,49,Good,11.9,UG/M3,1 Hr,Valid
Banja Luka,PM2.5 - Principal,2022-06-02 10:00 AM,2022,06,02,10,11.4,48,Good,10.9,UG/M3,1 Hr,Valid
Banja Luka,PM2.5 - Principal,2022-06-02 11:00 AM,2022,06,02,11,10.7,45,Good,9.4,UG/M3,1 Hr,Valid
Banja Luka,PM2.5 - Principal,2022-06-02 12:00 PM,2022,06,02,12,9.9,41,Good,8.7,UG/M3,1 Hr,Valid
Banja Luka,PM2.5 - Principal,2022-06-02 01:00 PM,2022,06,02,13,9.4,39,Good,8.6,UG/M3,1 Hr,Valid
Banja Luka,PM2.5 - Principal,2022-06-02 02:00 PM,2022,06,02,14,9.4,39,Good,8.7,UG/M3,1 Hr,Valid
Banja Luka,PM2.5 - Principal,2022-06-02 03:00 PM,2022,06,02,15,9.5,40,Good,9.6,UG/M3,1 Hr,Valid
Banja Luka,PM2.5 - Principal,2022-06-02 04:00 PM,2022,06,02,16,9.9,41,Good,11.0,UG/M3,1 Hr,Valid
Banja Luka,PM2.5 - Principal,2022-06-02 05:00 PM,2022,06,02,17,10.6,44,Good,12.2,UG/M3,1 Hr,Valid
Banja Luka,PM2.5 - Principal,2022-06-02 06:00 PM,2022,06,02,18,11.4,48,Good,12.9,UG/M3,1 Hr,Valid
Banja Luka,PM2.5 - Principal,2022-06-02 07:00 PM,2022,06,02,19,11.8,49,Good,12.6,UG/M3,1 Hr,Valid
Banja Luka,PM2.5 - Principal,2022-06-02 08:00 PM,2022,06,02,20,11.9,50,Good,11.9,UG/M3,1 Hr,Valid
Banja Luka,PM2.5 - Principal,2022-06-02 09:00 PM,2022,06,02,21,11.8,49,Good,11.8,UG/M3,1 Hr,Valid
Banja Luka,PM2.5 - Principal,2022-06-02 10:00 PM,2022,06,02,22,11.9,50,Good,12.1,UG/M3,1 Hr,Valid
Banja Luka,PM2.5 - Principal,2022-06-02 11:00 PM,2022,06,02,23,12.9,53,Moderate,14.2,UG/M3,1 Hr,Valid
Banja Luka,PM2.5 - Principal,2022-06-03 12:00 AM,2022,06,03,00,13.8,55,Moderate,15.0,UG/M3,1 Hr,Valid
Banja Luka,PM2.5 - Principal,2022-06-03 01:00 AM,2022,06,03,01,13.9,55,Moderate,14.1,UG/M3,1 Hr,Valid
Banja Luka,PM2.5 - Principal,2022-06-03 02:00 AM,2022,06,03,02,14.0,55,Moderate,14.3,UG/M3,1 Hr,Valid
Banja Luka,PM2.5 - Principal,2022-06-03 03:00 AM,2022,06,03,03,9.2,38,Good,4.3,UG/M3,1 Hr,Valid
Banja Luka,PM2.5 - Principal,2022-06-03 04:00 AM,2022,06,03,04,7.1,30,Good,5.0,UG/M3,1 Hr,Valid
Banja Luka,PM2.5 - Principal,2022-06-03 05:00 AM,2022,06,03,05,5.7,24,Good,4.4,UG/M3,1 Hr,Valid
Banja Luka,PM2.5 - Principal,2022-06-03 06:00 AM,2022,06,03,06,5.3,22,Good,4.8,UG/M3,1 Hr,Valid
Banja Luka,PM2.5 - Principal,2022-06-03 07:00 AM,2022,06,03,07,5.2,22,Good,5.2,UG/M3,1 Hr,Valid
Banja Luka,PM2.5 - Principal,2022-06-03 08:00 AM,2022,06,03,08,5.1,21,Good,5.0,UG/M3,1 Hr,Valid
Banja Luka,PM2.5 - Principal,2022-06-03 09:00 AM,2022,06,03,09,4.9,20,Good,4.7,UG/M3,1 Hr,Valid
Banja Luka,PM2.5 - Principal,2022-06-03 10:00 AM,2022,06,03,10,5.0,21,Good,5.1,UG/M3,1 Hr,Valid
Banja Luka,PM2.5 - Principal,2022-06-03 11:00 AM,2022,06,03,11,5.8,24,Good,6.6,UG/M3,1 Hr,Valid
Banja Luka,PM2.5 - Principal,2022-06-03 12:00 PM,2022,06,03,12,6.9,29,Good,8.0,UG/M3,1 Hr,Valid
Banja Luka,PM2.5 - Principal,2022-06-03 01:00 PM,2022,06,03,13,8.2,34,Good,9.5,UG/M3,1 Hr,Valid
Banja Luka,PM2.5 - Principal,2022-06-03 02:00 PM,2022,06,03,14,8.5,35,Good,8.8,UG/M3,1 Hr,Valid
Banja Luka,PM2.5 - Principal,2022-06-03 03:00 PM,2022,06,03,15,8.4,35,Good,8.3,UG/M3,1 Hr,Valid
Banja Luka,PM2.5 - Principal,2022-06-03 04:00 PM,2022,06,03,16,9.1,38,Good,9.9,UG/M3,1 Hr,Valid
Banja Luka,PM2.5 - Principal,2022-06-03 05:00 PM,2022,06,03,17,9.9,41,Good,10.7,UG/M3,1 Hr,Valid
Banja Luka,PM2.5 - Principal,2022-06-03 06:00 PM,2022,06,03,18,11.0,46,Good,12.1,UG/M3,1 Hr,Valid
Banja Luka,PM2.5 - Principal,2022-06-03 07:00 PM,2022,06,03,19,11.9,50,Good,12.7,UG/M3,1 Hr,Valid
Banja Luka,PM2.5 - Principal,2022-06-03 08:00 PM,2022,06,03,20,13.0,53,Moderate,14.2,UG/M3,1 Hr,Valid
Banja Luka,PM2.5 - Principal,2022-06-03 09:00 PM,2022,06,03,21,13.3,54,Moderate,13.6,UG/M3,1 Hr,Valid
Banja Luka,PM2.5 - Principal,2022-06-03 10:00 PM,2022,06,03,22,12.9,53,Moderate,12.5,UG/M3,1 Hr,Valid
Banja Luka,PM2.5 - Principal,2022-06-03 11:00 PM,2022,06,03,23,13.7,54,Moderate,14.7,UG/M3,1 Hr,Valid
Banja Luka,PM2.5 - Principal,2022-06-04 12:00 AM,2022,06,04,00,12.9,53,Moderate,12.0,UG/M3,1 Hr,Valid
Banja Luka,PM2.5 - Principal,2022-06-04 01:00 AM,2022,06,04,01,12.6,52,Moderate,12.1,UG/M3,1 Hr,Valid
Banja Luka,PM2.5 - Principal,2022-06-04 02:00 AM,2022,06,04,02,12.1,51,Moderate,11.6,UG/M3,1 Hr,Valid
Banja Luka,PM2.5 - Principal,2022-06-04 03:00 AM,2022,06,04,03,12.1,51,Moderate,11.8,UG/M3,1 Hr,Valid
Banja Luka,PM2.5 - Principal,2022-06-04 04:00 AM,2022,06,04,04,12.1,51,Moderate,11.9,UG/M3,1 Hr,Valid
Banja Luka,PM2.5 - Principal,2022-06-04 05:00 AM,2022,06,04,05,12.2,51,Moderate,12.2,UG/M3,1 Hr,Valid
Banja Luka,PM2.5 - Principal,2022-06-04 06:00 AM,2022,06,04,06,12.2,51,Moderate,11.9,UG/M3,1 Hr,Valid
Banja Luka,PM2.5 - Principal,2022-06-04 07:00 AM,2022,06,04,07,12.4,52,Moderate,13.0,UG/M3,1 Hr,Valid
Banja Luka,PM2.5 - Principal,2022-06-04 08:00 AM,2022,06,04,08,12.5,52,Moderate,13.1,UG/M3,1 Hr,Valid
Banja Luka,PM2.5 - Principal,2022-06-04 09:00 AM,2022,06,04,09,12.9,53,Moderate,14.4,UG/M3,1 Hr,Valid
Banja Luka,PM2.5 - Principal,2022-06-04 10:00 AM,2022,06,04,10,13.4,54,Moderate,14.9,UG/M3,1 Hr,Valid
Banja Luka,PM2.5 - Principal,2022-06-04 11:00 AM,2022,06,04,11,13.1,53,Moderate,12.3,UG/M3,1 Hr,Valid
Banja Luka,PM2.5 - Principal,2022-06-04 12:00 PM,2022,06,04,12,12.1,51,Moderate,9.9,UG/M3,1 Hr,Valid
Banja Luka,PM2.5 - Principal,2022-06-04 01:00 PM,2022,06,04,13,10.9,45,Good,9.2,UG/M3,1 Hr,Valid
Banja Luka,PM2.5 - Principal,2022-06-04 02:00 PM,2022,06,04,14,10.5,44,Good,10.0,UG/M3,1 Hr,Valid
Banja Luka,PM2.5 - Principal,2022-06-04 03:00 PM,2022,06,04,15,10.2,43,Good,9.7,UG/M3,1 Hr,Valid
Banja Luka,PM2.5 - Principal,2022-06-04 04:00 PM,2022,06,04,16,9.8,41,Good,9.1,UG/M3,1 Hr,Valid
Banja Luka,PM2.5 - Principal,2022-06-04 05:00 PM,2022,06,04,17,9.4,39,Good,8.9,UG/M3,1 Hr,Valid
Banja Luka,PM2.5 - Principal,2022-06-04 06:00 PM,2022,06,04,18,9.3,39,Good,9.1,UG/M3,1 Hr,Valid
Banja Luka,PM2.5 - Principal,2022-06-04 07:00 PM,2022,06,04,19,9.6,40,Good,10.2,UG/M3,1 Hr,Valid
Banja Luka,PM2.5 - Principal,2022-06-04 08:00 PM,2022,06,04,20,9.7,40,Good,9.9,UG/M3,1 Hr,Valid
Banja Luka,PM2.5 - Principal,2022-06-04 09:00 PM,2022,06,04,21,9.9,41,Good,10.0,UG/M3,1 Hr,Valid
Banja Luka,PM2.5 - Principal,2022-06-04 10:00 PM,2022,06,04,22,10.2,43,Good,11.1,UG/M3,1 Hr,Valid
Banja Luka,PM2.5 - Principal,2022-06-04 11:00 PM,2022,06,04,23,11.0,46,Good,12.8,UG/M3,1 Hr,Valid
Banja Luka,PM2.5 - Principal,2022-06-05 12:00 AM,2022,06,05,00,11.7,49,Good,13.1,UG/M3,1 Hr,Valid
Banja Luka,PM2.5 - Principal,2022-06-05 01:00 AM,2022,06,05,01,12.2,51,Moderate,13.2,UG/M3,1 Hr,Valid
Banja Luka,PM2.5 - Principal,2022-06-05 02:00 AM,2022,06,05,02,11.8,49,Good,10.8,UG/M3,1 Hr,Valid
Banja Luka,PM2.5 - Principal,2022-06-05 03:00 AM,2022,06,05,03,11.6,48,Good,11.1,UG/M3,1 Hr,Valid
Banja Luka,PM2.5 - Principal,2022-06-05 04:00 AM,2022,06,05,04,10.9,45,Good,9.5,UG/M3,1 Hr,Valid
Banja Luka,PM2.5 - Principal,2022-06-05 05:00 AM,2022,06,05,05,10.3,43,Good,9.1,UG/M3,1 Hr,Valid
Banja Luka,PM2.5 - Principal,2022-06-05 06:00 AM,2022,06,05,06,9.6,40,Good,8.5,UG/M3,1 Hr,Valid
Banja Luka,PM2.5 - Principal,2022-06-05 07:00 AM,2022,06,05,07,9.8,41,Good,10.0,UG/M3,1 Hr,Valid
Banja Luka,PM2.5 - Principal,2022-06-05 08:00 AM,2022,06,05,08,9.8,41,Good,9.8,UG/M3,1 Hr,Valid
Banja Luka,PM2.5 - Principal,2022-06-05 09:00 AM,2022,06,05,09,9.8,41,Good,10.0,UG/M3,1 Hr,Valid
Banja Luka,PM2.5 - Principal,2022-06-05 10:00 AM,2022,06,05,10,10.2,43,Good,10.9,UG/M3,1 Hr,Valid
Banja Luka,PM2.5 - Principal,2022-06-05 11:00 AM,2022,06,05,11,11.0,46,Good,12.3,UG/M3,1 Hr,Valid
Banja Luka,PM2.5 - Principal,2022-06-05 12:00 PM,2022,06,05,12,11.0,46,Good,11.1,UG/M3,1 Hr,Valid
Banja Luka,PM2.5 - Principal,2022-06-05 01:00 PM,2022,06,05,13,11.0,46,Good,11.1,UG/M3,1 Hr,Valid
Banja Luka,PM2.5 - Principal,2022-06-05 02:00 PM,2022,06,05,14,11.2,47,Good,11.6,UG/M3,1 Hr,Valid
Banja Luka,PM2.5 - Principal,2022-06-05 03:00 PM,2022,06,05,15,11.5,48,Good,12.3,UG/M3,1 Hr,Valid
Banja Luka,PM2.5 - Principal,2022-06-05 04:00 PM,2022,06,05,16,12.3,51,Moderate,13.5,UG/M3,1 Hr,Valid
Banja Luka,PM2.5 - Principal,2022-06-05 05:00 PM,2022,06,05,17,13.0,53,Moderate,14.0,UG/M3,1 Hr,Valid
Banja Luka,PM2.5 - Principal,2022-06-05 06:00 PM,2022,06,05,18,13.2,53,Moderate,14.2,UG/M3,1 Hr,Valid
Banja Luka,PM2.5 - Principal,2022-06-05 07:00 PM,2022,06,05,19,13.4,54,Moderate,13.7,UG/M3,1 Hr,Valid
Banja Luka,PM2.5 - Principal,2022-06-05 08:00 PM,2022,06,05,20,13.5,54,Moderate,13.8,UG/M3,1 Hr,Valid
Banja Luka,PM2.5 - Principal,2022-06-05 09:00 PM,2022,06,05,21,13.6,54,Moderate,14.3,UG/M3,1 Hr,Valid
Banja Luka,PM2.5 - Principal,2022-06-05 10:00 PM,2022,06,05,22,14.1,55,Moderate,15.3,UG/M3,1 Hr,Valid
Banja Luka,PM2.5 - Principal,2022-06-05 11:00 PM,2022,06,05,23,14.4,56,Moderate,14.9,UG/M3,1 Hr,Valid
Banja Luka,PM2.5 - Principal,2022-06-06 12:00 AM,2022,06,06,00,14.5,56,Moderate,14.7,UG/M3,1 Hr,Valid
Banja Luka,PM2.5 - Principal,2022-06-06 01:00 AM,2022,06,06,01,14.1,55,Moderate,12.9,UG/M3,1 Hr,Valid
Banja Luka,PM2.5 - Principal,2022-06-06 02:00 AM,2022,06,06,02,14.1,55,Moderate,14.1,UG/M3,1 Hr,Valid
Banja Luka,PM2.5 - Principal,2022-06-06 03:00 AM,2022,06,06,03,13.7,54,Moderate,12.2,UG/M3,1 Hr,Valid
Banja Luka,PM2.5 - Principal,2022-06-06 04:00 AM,2022,06,06,04,13.2,53,Moderate,11.8,UG/M3,1 Hr,Valid
Banja Luka,PM2.5 - Principal,2022-06-06 05:00 AM,2022,06,06,05,12.5,52,Moderate,11.0,UG/M3,1 Hr,Valid
Banja Luka,PM2.5 - Principal,2022-06-06 06:00 AM,2022,06,06,06,12.1,51,Moderate,11.3,UG/M3,1 Hr,Valid
Banja Luka,PM2.5 - Principal,2022-06-06 07:00 AM,2022,06,06,07,11.8,49,Good,11.1,UG/M3,1 Hr,Valid
Banja Luka,PM2.5 - Principal,2022-06-06 08:00 AM,2022,06,06,08,11.8,49,Good,11.8,UG/M3,1 Hr,Valid
Banja Luka,PM2.5 - Principal,2022-06-06 09:00 AM,2022,06,06,09,11.9,50,Good,12.2,UG/M3,1 Hr,Valid
Banja Luka,PM2.5 - Principal,2022-06-06 10:00 AM,2022,06,06,10,11.1,46,Good,9.8,UG/M3,1 Hr,Valid
Banja Luka,PM2.5 - Principal,2022-06-06 11:00 AM,2022,06,06,11,10.4,43,Good,9.4,UG/M3,1 Hr,Valid
Banja Luka,PM2.5 - Principal,2022-06-06 12:00 PM,2022,06,06,12,9.6,40,Good,8.5,UG/M3,1 Hr,Valid
Banja Luka,PM2.5 - Principal,2022-06-06 01:00 PM,2022,06,06,13,9.2,38,Good,8.6,UG/M3,1 Hr,Valid
Banja Luka,PM2.5 - Principal,2022-06-06 02:00 PM,2022,06,06,14,9.2,38,Good,8.6,UG/M3,1 Hr,Valid
Banja Luka,PM2.5 - Principal,2022-06-06 03:00 PM,2022,06,06,15,9.4,39,Good,9.9,UG/M3,1 Hr,Valid
Banja Luka,PM2.5 - Principal,2022-06-06 04:00 PM,2022,06,06,16,9.8,41,Good,10.7,UG/M3,1 Hr,Valid
Banja Luka,PM2.5 - Principal,2022-06-06 05:00 PM,2022,06,06,17,10.5,44,Good,11.9,UG/M3,1 Hr,Valid
Banja Luka,PM2.5 - Principal,2022-06-06 06:00 PM,2022,06,06,18,10.6,44,Good,10.8,UG/M3,1 Hr,Valid
Banja Luka,PM2.5 - Principal,2022-06-06 07:00 PM,2022,06,06,19,10.7,45,Good,10.8,UG/M3,1 Hr,Valid
Banja Luka,PM2.5 - Principal,2022-06-06 08:00 PM,2022,06,06,20,10.9,45,Good,11.5,UG/M3,1 Hr,Valid
Banja Luka,PM2.5 - Principal,2022-06-06 09:00 PM,2022,06,06,21,10.8,45,Good,10.5,UG/M3,1 Hr,Valid
Banja Luka,PM2.5 - Principal,2022-06-06 10:00 PM,2022,06,06,22,11.0,46,Good,11.7,UG/M3,1 Hr,Valid
Banja Luka,PM2.5 - Principal,2022-06-06 11:00 PM,2022,06,06,23,14.0,55,Moderate,16.7,UG/M3,1 Hr,Valid
Banja Luka,PM2.5 - Principal,2022-06-07 12:00 AM,2022,06,07,00,13.4,54,Moderate,12.9,UG/M3,1 Hr,Valid
Banja Luka,PM2.5 - Principal,2022-06-07 01:00 AM,2022,06,07,01,13.2,53,Moderate,12.9,UG/M3,1 Hr,Valid
Banja Luka,PM2.5 - Principal,2022-06-07 02:00 AM,2022,06,07,02,13.1,53,Moderate,13.1,UG/M3,1 Hr,Valid
Banja Luka,PM2.5 - Principal,2022-06-07 03:00 AM,2022,06,07,03,12.7,52,Moderate,12.1,UG/M3,1 Hr,Valid
Banja Luka,PM2.5 - Principal,2022-06-07 04:00 AM,2022,06,07,04,12.1,51,Moderate,11.2,UG/M3,1 Hr,Valid
Banja Luka,PM2.5 - Principal,2022-06-07 05:00 AM,2022,06,07,05,11.2,47,Good,9.9,UG/M3,1 Hr,Valid
Banja Luka,PM2.5 - Principal,2022-06-07 06:00 AM,2022,06,07,06,10.2,43,Good,9.1,UG/M3,1 Hr,Valid
Banja Luka,PM2.5 - Principal,2022-06-07 07:00 AM,2022,06,07,07,9.8,41,Good,9.3,UG/M3,1 Hr,Valid
Banja Luka,PM2.5 - Principal,2022-06-07 08:00 AM,2022,06,07,08,9.8,41,Good,9.8,UG/M3,1 Hr,Valid
Banja Luka,PM2.5 - Principal,2022-06-07 09:00 AM,2022,06,07,09,9.8,41,Good,9.9,UG/M3,1 Hr,Valid
Banja Luka,PM2.5 - Principal,2022-06-07 10:00 AM,2022,06,07,10,10.3,43,Good,10.9,UG/M3,1 Hr,Valid
Banja Luka,PM2.5 - Principal,2022-06-07 11:00 AM,2022,06,07,11,10.9,45,Good,12.3,UG/M3,1 Hr,Valid
Banja Luka,PM2.5 - Principal,2022-06-07 12:00 PM,2022,06,07,12,11.0,46,Good,11.4,UG/M3,1 Hr,Valid
Banja Luka,PM2.5 - Principal,2022-06-07 01:00 PM,2022,06,07,13,11.3,47,Good,11.9,UG/M3,1 Hr,Valid
Banja Luka,PM2.5 - Principal,2022-06-07 02:00 PM,2022,06,07,14,12.4,52,Moderate,14.2,UG/M3,1 Hr,Valid
Banja Luka,PM2.5 - Principal,2022-06-07 03:00 PM,2022,06,07,15,14.3,56,Moderate,16.3,UG/M3,1 Hr,Valid
Banja Luka,PM2.5 - Principal,2022-06-07 04:00 PM,2022,06,07,16,17.6,63,Moderate,20.6,UG/M3,1 Hr,Valid
Banja Luka,PM2.5 - Principal,2022-06-07 05:00 PM,2022,06,07,17,19.0,66,Moderate,20.3,UG/M3,1 Hr,Valid
Banja Luka,PM2.5 - Principal,2022-06-07 06:00 PM,2022,06,07,18,19.5,67,Moderate,20.1,UG/M3,1 Hr,Valid
Banja Luka,PM2.5 - Principal,2022-06-07 07:00 PM,2022,06,07,19,19.3,66,Moderate,19.0,UG/M3,1 Hr,Valid
Banja Luka,PM2.5 - Principal,2022-06-07 08:00 PM,2022,06,07,20,18.7,65,Moderate,18.1,UG/M3,1 Hr,Valid
Banja Luka,PM2.5 - Principal,2022-06-07 09:00 PM,2022,06,07,21,18.9,65,Moderate,19.1,UG/M3,1 Hr,Valid
Banja Luka,PM2.5 - Principal,2022-06-07 10:00 PM,2022,06,07,22,19.4,66,Moderate,20.1,UG/M3,1 Hr,Valid
Banja Luka,PM2.5 - Principal,2022-06-07 11:00 PM,2022,06,07,23,21.6,71,Moderate,23.6,UG/M3,1 Hr,Valid
Banja Luka,PM2.5 - Principal,2022-06-08 12:00 AM,2022,06,08,00,26.2,81,Moderate,30.8,UG/M3,1 Hr,Valid
Banja Luka,PM2.5 - Principal,2022-06-08 01:00 AM,2022,06,08,01,23.2,74,Moderate,20.2,UG/M3,1 Hr,Valid
Banja Luka,PM2.5 - Principal,2022-06-08 02:00 AM,2022,06,08,02,21.0,70,Moderate,18.5,UG/M3,1 Hr,Valid
Banja Luka,PM2.5 - Principal,2022-06-08 03:00 AM,2022,06,08,03,20.0,68,Moderate,18.4,UG/M3,1 Hr,Valid
Banja Luka,PM2.5 - Principal,2022-06-08 04:00 AM,2022,06,08,04,23.0,74,Moderate,27.2,UG/M3,1 Hr,Valid
Banja Luka,PM2.5 - Principal,2022-06-08 05:00 AM,2022,06,08,05,21.7,71,Moderate,19.8,UG/M3,1 Hr,Valid
Banja Luka,PM2.5 - Principal,2022-06-08 06:00 AM,2022,06,08,06,11.8,49,Good,1.9,UG/M3,1 Hr,Valid
Banja Luka,PM2.5 - Principal,2022-06-08 07:00 AM,2022,06,08,07,6.9,29,Good,2.0,UG/M3,1 Hr,Valid
Banja Luka,PM2.5 - Principal,2022-06-08 08:00 AM,2022,06,08,08,4.3,18,Good,1.7,UG/M3,1 Hr,Valid
Banja Luka,PM2.5 - Principal,2022-06-08 09:00 AM,2022,06,08,09,3.9,16,Good,3.5,UG/M3,1 Hr,Valid
Banja Luka,PM2.5 - Principal,2022-06-08 10:00 AM,2022,06,08,10,4.3,18,Good,4.6,UG/M3,1 Hr,Valid
Banja Luka,PM2.5 - Principal,2022-06-08 11:00 AM,2022,06,08,11,3.8,16,Good,3.4,UG/M3,1 Hr,Valid
Banja Luka,PM2.5 - Principal,2022-06-08 12:00 PM,2022,06,08,12,3.0,13,Good,2.3,UG/M3,1 Hr,Valid
Banja Luka,PM2.5 - Principal,2022-06-08 01:00 PM,2022,06,08,13,3.1,13,Good,3.1,UG/M3,1 Hr,Valid
Banja Luka,PM2.5 - Principal,2022-06-08 02:00 PM,2022,06,08,14,3.0,13,Good,3.0,UG/M3,1 Hr,Valid
Banja Luka,PM2.5 - Principal,2022-06-08 03:00 PM,2022,06,08,15,3.1,13,Good,3.2,UG/M3,1 Hr,Valid
Banja Luka,PM2.5 - Principal,2022-06-08 04:00 PM,2022,06,08,16,3.2,13,Good,3.4,UG/M3,1 Hr,Valid
Banja Luka,PM2.5 - Principal,2022-06-08 05:00 PM,2022,06,08,17,3.7,15,Good,4.1,UG/M3,1 Hr,Valid
Banja Luka,PM2.5 - Principal,2022-06-08 06:00 PM,2022,06,08,18,4.1,17,Good,4.6,UG/M3,1 Hr,Valid
Banja Luka,PM2.5 - Principal,2022-06-08 07:00 PM,2022,06,08,19,4.2,18,Good,4.3,UG/M3,1 Hr,Valid
Banja Luka,PM2.5 - Principal,2022-06-08 08:00 PM,2022,06,08,20,4.0,17,Good,3.8,UG/M3,1 Hr,Valid
Banja Luka,PM2.5 - Principal,2022-06-08 09:00 PM,2022,06,08,21,4.3,18,Good,4.6,UG/M3,1 Hr,Valid
Banja Luka,PM2.5 - Principal,2022-06-08 10:00 PM,2022,06,08,22,4.6,19,Good,4.8,UG/M3,1 Hr,Valid
Banja Luka,PM2.5 - Principal,2022-06-08 11:00 PM,2022,06,08,23,5.2,22,Good,5.8,UG/M3,1 Hr,Valid
Banja Luka,PM2.5 - Principal,2022-06-09 12:00 AM,2022,06,09,00,4.7,20,Good,4.2,UG/M3,1 Hr,Valid
Banja Luka,PM2.5 - Principal,2022-06-09 01:00 AM,2022,06,09,01,4.8,20,Good,4.9,UG/M3,1 Hr,Valid
Banja Luka,PM2.5 - Principal,2022-06-09 02:00 AM,2022,06,09,02,4.7,20,Good,4.6,UG/M3,1 Hr,Valid
Banja Luka,PM2.5 - Principal,2022-06-09 03:00 AM,2022,06,09,03,5.0,21,Good,5.5,UG/M3,1 Hr,Valid
Banja Luka,PM2.5 - Principal,2022-06-09 04:00 AM,2022,06,09,04,4.8,20,Good,4.4,UG/M3,1 Hr,Valid
Banja Luka,PM2.5 - Principal,2022-06-09 05:00 AM,2022,06,09,05,4.8,20,Good,4.8,UG/M3,1 Hr,Valid
Banja Luka,PM2.5 - Principal,2022-06-09 06:00 AM,2022,06,09,06,4.7,20,Good,4.6,UG/M3,1 Hr,Valid
Banja Luka,PM2.5 - Principal,2022-06-09 07:00 AM,2022,06,09,07,4.9,20,Good,5.1,UG/M3,1 Hr,Valid
Banja Luka,PM2.5 - Principal,2022-06-09 08:00 AM,2022,06,09,08,5.0,21,Good,5.2,UG/M3,1 Hr,Valid
Banja Luka,PM2.5 - Principal,2022-06-09 09:00 AM,2022,06,09,09,5.2,22,Good,5.7,UG/M3,1 Hr,Valid
Banja Luka,PM2.5 - Principal,2022-06-09 10:00 AM,2022,06,09,10,5.8,24,Good,6.6,UG/M3,1 Hr,Valid
Banja Luka,PM2.5 - Principal,2022-06-09 11:00 AM,2022,06,09,11,6.4,27,Good,7.2,UG/M3,1 Hr,Valid
Banja Luka,PM2.5 - Principal,2022-06-09 12:00 PM,2022,06,09,12,6.2,26,Good,5.9,UG/M3,1 Hr,Valid
Banja Luka,PM2.5 - Principal,2022-06-09 01:00 PM,2022,06,09,13,5.9,25,Good,5.6,UG/M3,1 Hr,Valid
Banja Luka,PM2.5 - Principal,2022-06-09 02:00 PM,2022,06,09,14,5.7,24,Good,5.2,UG/M3,1 Hr,Valid
Banja Luka,PM2.5 - Principal,2022-06-09 03:00 PM,2022,06,09,15,5.8,24,Good,5.9,UG/M3,1 Hr,Valid
Banja Luka,PM2.5 - Principal,2022-06-09 04:00 PM,2022,06,09,16,5.3,22,Good,4.5,UG/M3,1 Hr,Valid
Banja Luka,PM2.5 - Principal,2022-06-09 05:00 PM,2022,06,09,17,4.4,18,Good,3.6,UG/M3,1 Hr,Valid
Banja Luka,PM2.5 - Principal,2022-06-09 06:00 PM,2022,06,09,18,4.4,18,Good,4.4,UG/M3,1 Hr,Valid
Banja Luka,PM2.5 - Principal,2022-06-09 07:00 PM,2022,06,09,19,4.2,18,Good,3.9,UG/M3,1 Hr,Valid
Banja Luka,PM2.5 - Principal,2022-06-09 08:00 PM,2022,06,09,20,4.3,18,Good,4.4,UG/M3,1 Hr,Valid
Banja Luka,PM2.5 - Principal,2022-06-09 09:00 PM,2022,06,09,21,4.6,19,Good,4.9,UG/M3,1 Hr,Valid
Banja Luka,PM2.5 - Principal,2022-06-09 10:00 PM,2022,06,09,22,4.3,18,Good,4.0,UG/M3,1 Hr,Valid
Banja Luka,PM2.5 - Principal,2022-06-09 11:00 PM,2022,06,09,23,4.5,19,Good,4.7,UG/M3,1 Hr,Valid
Banja Luka,PM2.5 - Principal,2022-06-10 12:00 AM,2022,06,10,00,4.5,19,Good,4.6,UG/M3,1 Hr,Valid
Banja Luka,PM2.5 - Principal,2022-06-10 01:00 AM,2022,06,10,01,4.3,18,Good,3.9,UG/M3,1 Hr,Valid
Banja Luka,PM2.5 - Principal,2022-06-10 02:00 AM,2022,06,10,02,4.2,18,Good,4.0,UG/M3,1 Hr,Valid
Banja Luka,PM2.5 - Principal,2022-06-10 03:00 AM,2022,06,10,03,4.3,18,Good,4.4,UG/M3,1 Hr,Valid
Banja Luka,PM2.5 - Principal,2022-06-10 04:00 AM,2022,06,10,04,4.4,18,Good,4.5,UG/M3,1 Hr,Valid
Banja Luka,PM2.5 - Principal,2022-06-10 05:00 AM,2022,06,10,05,4.0,17,Good,3.3,UG/M3,1 Hr,Valid
Banja Luka,PM2.5 - Principal,2022-06-10 06:00 AM,2022,06,10,06,4.0,17,Good,3.8,UG/M3,1 Hr,Valid
Banja Luka,PM2.5 - Principal,2022-06-10 07:00 AM,2022,06,10,07,4.0,17,Good,4.0,UG/M3,1 Hr,Valid
Banja Luka,PM2.5 - Principal,2022-06-10 08:00 AM,2022,06,10,08,4.2,18,Good,4.8,UG/M3,1 Hr,Valid
Banja Luka,PM2.5 - Principal,2022-06-10 09:00 AM,2022,06,10,09,5.1,21,Good,6.0,UG/M3,1 Hr,Valid
Banja Luka,PM2.5 - Principal,2022-06-10 10:00 AM,2022,06,10,10,6.2,26,Good,7.1,UG/M3,1 Hr,Valid
Banja Luka,PM2.5 - Principal,2022-06-10 11:00 AM,2022,06,10,11,6.2,26,Good,6.3,UG/M3,1 Hr,Valid
Banja Luka,PM2.5 - Principal,2022-06-10 12:00 PM,2022,06,10,12,7.3,30,Good,8.4,UG/M3,1 Hr,Valid
Banja Luka,PM2.5 - Principal,2022-06-10 01:00 PM,2022,06,10,13,7.1,30,Good,6.9,UG/M3,1 Hr,Valid
Banja Luka,PM2.5 - Principal,2022-06-10 02:00 PM,2022,06,10,14,7.3,30,Good,7.4,UG/M3,1 Hr,Valid
Banja Luka,PM2.5 - Principal,2022-06-10 03:00 PM,2022,06,10,15,6.9,29,Good,6.6,UG/M3,1 Hr,Valid
Banja Luka,PM2.5 - Principal,2022-06-10 04:00 PM,2022,06,10,16,7.2,30,Good,7.5,UG/M3,1 Hr,Valid
Banja Luka,PM2.5 - Principal,2022-06-10 05:00 PM,2022,06,10,17,7.9,33,Good,8.6,UG/M3,1 Hr,Valid
Banja Luka,PM2.5 - Principal,2022-06-10 06:00 PM,2022,06,10,18,7.9,33,Good,7.8,UG/M3,1 Hr,Valid
Banja Luka,PM2.5 - Principal,2022-06-10 07:00 PM,2022,06,10,19,7.9,33,Good,8.0,UG/M3,1 Hr,Valid
Banja Luka,PM2.5 - Principal,2022-06-10 08:00 PM,2022,06,10,20,7.8,33,Good,7.9,UG/M3,1 Hr,Valid
Banja Luka,PM2.5 - Principal,2022-06-10 09:00 PM,2022,06,10,21,8.0,33,Good,8.6,UG/M3,1 Hr,Valid
Banja Luka,PM2.5 - Principal,2022-06-10 10:00 PM,2022,06,10,22,7.9,33,Good,7.7,UG/M3,1 Hr,Valid
Banja Luka,PM2.5 - Principal,2022-06-10 11:00 PM,2022,06,10,23,8.0,33,Good,8.1,UG/M3,1 Hr,Valid
Banja Luka,PM2.5 - Principal,2022-06-11 12:00 AM,2022,06,11,00,8.0,33,Good,8.0,UG/M3,1 Hr,Valid
Banja Luka,PM2.5 - Principal,2022-06-11 01:00 AM,2022,06,11,01,7.9,33,Good,7.7,UG/M3,1 Hr,Valid
Banja Luka,PM2.5 - Principal,2022-06-11 02:00 AM,2022,06,11,02,8.0,33,Good,8.3,UG/M3,1 Hr,Valid
Banja Luka,PM2.5 - Principal,2022-06-11 03:00 AM,2022,06,11,03,8.1,34,Good,8.2,UG/M3,1 Hr,Valid
Banja Luka,PM2.5 - Principal,2022-06-11 04:00 AM,2022,06,11,04,8.0,33,Good,7.7,UG/M3,1 Hr,Valid
Banja Luka,PM2.5 - Principal,2022-06-11 05:00 AM,2022,06,11,05,8.0,33,Good,7.7,UG/M3,1 Hr,Valid
Banja Luka,PM2.5 - Principal,2022-06-11 06:00 AM,2022,06,11,06,7.9,33,Good,7.7,UG/M3,1 Hr,Valid
Banja Luka,PM2.5 - Principal,2022-06-11 07:00 AM,2022,06,11,07,7.8,33,Good,7.3,UG/M3,1 Hr,Valid
Banja Luka,PM2.5 - Principal,2022-06-11 08:00 AM,2022,06,11,08,7.6,32,Good,7.1,UG/M3,1 Hr,Valid
Banja Luka,PM2.5 - Principal,2022-06-11 09:00 AM,2022,06,11,09,7.7,32,Good,7.8,UG/M3,1 Hr,Valid
Banja Luka,PM2.5 - Principal,2022-06-11 10:00 AM,2022,06,11,10,7.7,32,Good,7.6,UG/M3,1 Hr,Valid
Banja Luka,PM2.5 - Principal,2022-06-11 11:00 AM,2022,06,11,11,7.8,33,Good,8.3,UG/M3,1 Hr,Valid
Banja Luka,PM2.5 - Principal,2022-06-11 12:00 PM,2022,06,11,12,7.8,33,Good,8.1,UG/M3,1 Hr,Valid
Banja Luka,PM2.5 - Principal,2022-06-11 01:00 PM,2022,06,11,13,8.1,34,Good,8.9,UG/M3,1 Hr,Valid
Banja Luka,PM2.5 - Principal,2022-06-11 02:00 PM,2022,06,11,14,8.2,34,Good,8.6,UG/M3,1 Hr,Valid
Banja Luka,PM2.5 - Principal,2022-06-11 03:00 PM,2022,06,11,15,8.7,36,Good,9.7,UG/M3,1 Hr,Valid
Banja Luka,PM2.5 - Principal,2022-06-11 04:00 PM,2022,06,11,16,9.1,38,Good,10.0,UG/M3,1 Hr,Valid
Banja Luka,PM2.5 - Principal,2022-06-11 05:00 PM,2022,06,11,17,9.5,40,Good,10.2,UG/M3,1 Hr,Valid
Banja Luka,PM2.5 - Principal,2022-06-11 06:00 PM,2022,06,11,18,9.4,39,Good,9.2,UG/M3,1 Hr,Valid
Banja Luka,PM2.5 - Principal,2022-06-11 07:00 PM,2022,06,11,19,9.0,38,Good,8.0,UG/M3,1 Hr,Valid
Banja Luka,PM2.5 - Principal,2022-06-11 08:00 PM,2022,06,11,20,8.6,36,Good,7.4,UG/M3,1 Hr,Valid
Banja Luka,PM2.5 - Principal,2022-06-11 09:00 PM,2022,06,11,21,8.3,35,Good,7.5,UG/M3,1 Hr,Valid
Banja Luka,PM2.5 - Principal,2022-06-11 10:00 PM,2022,06,11,22,8.3,35,Good,8.3,UG/M3,1 Hr,Valid
Banja Luka,PM2.5 - Principal,2022-06-11 11:00 PM,2022,06,11,23,8.8,37,Good,10.1,UG/M3,1 Hr,Valid
Banja Luka,PM2.5 - Principal,2022-06-12 12:00 AM,2022,06,12,00,8.7,36,Good,8.6,UG/M3,1 Hr,Valid
Banja Luka,PM2.5 - Principal,2022-06-12 01:00 AM,2022,06,12,01,8.7,36,Good,8.6,UG/M3,1 Hr,Valid
Banja Luka,PM2.5 - Principal,2022-06-12 02:00 AM,2022,06,12,02,8.8,37,Good,9.1,UG/M3,1 Hr,Valid
Banja Luka,PM2.5 - Principal,2022-06-12 03:00 AM,2022,06,12,03,8.6,36,Good,8.2,UG/M3,1 Hr,Valid
Banja Luka,PM2.5 - Principal,2022-06-12 04:00 AM,2022,06,12,04,8.8,37,Good,9.4,UG/M3,1 Hr,Valid
Banja Luka,PM2.5 - Principal,2022-06-12 05:00 AM,2022,06,12,05,8.8,37,Good,8.9,UG/M3,1 Hr,Valid
Banja Luka,PM2.5 - Principal,2022-06-12 06:00 AM,2022,06,12,06,8.4,35,Good,7.4,UG/M3,1 Hr,Valid
Banja Luka,PM2.5 - Principal,2022-06-12 07:00 AM,2022,06,12,07,8.2,34,Good,7.5,UG/M3,1 Hr,Valid
Banja Luka,PM2.5 - Principal,2022-06-12 08:00 AM,2022,06,12,08,8.1,34,Good,7.8,UG/M3,1 Hr,Valid
Banja Luka,PM2.5 - Principal,2022-06-12 09:00 AM,2022,06,12,09,8.1,34,Good,8.3,UG/M3,1 Hr,Valid
Banja Luka,PM2.5 - Principal,2022-06-12 10:00 AM,2022,06,12,10,8.3,35,Good,8.8,UG/M3,1 Hr,Valid
Banja Luka,PM2.5 - Principal,2022-06-12 11:00 AM,2022,06,12,11,8.5,35,Good,9.0,UG/M3,1 Hr,Valid
Banja Luka,PM2.5 - Principal,2022-06-12 12:00 PM,2022,06,12,12,8.6,36,Good,9.0,UG/M3,1 Hr,Valid
Banja Luka,PM2.5 - Principal,2022-06-12 01:00 PM,2022,06,12,13,8.9,37,Good,9.7,UG/M3,1 Hr,Valid
Banja Luka,PM2.5 - Principal,2022-06-12 02:00 PM,2022,06,12,14,9.2,38,Good,9.9,UG/M3,1 Hr,Valid
Banja Luka,PM2.5 - Principal,2022-06-12 03:00 PM,2022,06,12,15,9.0,38,Good,8.5,UG/M3,1 Hr,Valid
Banja Luka,PM2.5 - Principal,2022-06-12 04:00 PM,2022,06,12,16,8.7,36,Good,7.9,UG/M3,1 Hr,Valid
Banja Luka,PM2.5 - Principal,2022-06-12 05:00 PM,2022,06,12,17,7.9,33,Good,6.5,UG/M3,1 Hr,Valid
Banja Luka,PM2.5 - Principal,2022-06-12 06:00 PM,2022,06,12,18,7.6,32,Good,6.9,UG/M3,1 Hr,Valid
Banja Luka,PM2.5 - Principal,2022-06-12 07:00 PM,2022,06,12,19,7.3,30,Good,6.8,UG/M3,1 Hr,Valid
Banja Luka,PM2.5 - Principal,2022-06-12 08:00 PM,2022,06,12,20,7.4,31,Good,7.6,UG/M3,1 Hr,Valid
Banja Luka,PM2.5 - Principal,2022-06-12 09:00 PM,2022,06,12,21,7.8,33,Good,8.4,UG/M3,1 Hr,Valid
Banja Luka,PM2.5 - Principal,2022-06-12 10:00 PM,2022,06,12,22,8.8,37,Good,10.5,UG/M3,1 Hr,Valid
Banja Luka,PM2.5 - Principal,2022-06-12 11:00 PM,2022,06,12,23,9.0,38,Good,9.2,UG/M3,1 Hr,Valid
Banja Luka,PM2.5 - Principal,2022-06-13 12:00 AM,2022,06,13,00,9.2,38,Good,9.7,UG/M3,1 Hr,Valid
Banja Luka,PM2.5 - Principal,2022-06-13 01:00 AM,2022,06,13,01,9.1,38,Good,8.9,UG/M3,1 Hr,Valid
Banja Luka,PM2.5 - Principal,2022-06-13 02:00 AM,2022,06,13,02,8.8,37,Good,8.4,UG/M3,1 Hr,Valid
Banja Luka,PM2.5 - Principal,2022-06-13 03:00 AM,2022,06,13,03,8.5,35,Good,7.9,UG/M3,1 Hr,Valid
Banja Luka,PM2.5 - Principal,2022-06-13 04:00 AM,2022,06,13,04,8.4,35,Good,8.3,UG/M3,1 Hr,Valid
Banja Luka,PM2.5 - Principal,2022-06-13 05:00 AM,2022,06,13,05,8.4,35,Good,8.4,UG/M3,1 Hr,Valid
Banja Luka,PM2.5 - Principal,2022-06-13 06:00 AM,2022,06,13,06,8.5,35,Good,8.7,UG/M3,1 Hr,Valid
Banja Luka,PM2.5 - Principal,2022-06-13 07:00 AM,2022,06,13,07,8.6,36,Good,8.8,UG/M3,1 Hr,Valid
Banja Luka,PM2.5 - Principal,2022-06-13 08:00 AM,2022,06,13,08,8.8,37,Good,9.5,UG/M3,1 Hr,Valid
Banja Luka,PM2.5 - Principal,2022-06-13 09:00 AM,2022,06,13,09,8.8,37,Good,8.8,UG/M3,1 Hr,Valid
Banja Luka,PM2.5 - Principal,2022-06-13 10:00 AM,2022,06,13,10,9.3,39,Good,10.5,UG/M3,1 Hr,Valid
Banja Luka,PM2.5 - Principal,2022-06-13 11:00 AM,2022,06,13,11,9.3,39,Good,9.5,UG/M3,1 Hr,Valid
Banja Luka,PM2.5 - Principal,2022-06-13 12:00 PM,2022,06,13,12,9.3,39,Good,9.1,UG/M3,1 Hr,Valid
Banja Luka,PM2.5 - Principal,2022-06-13 01:00 PM,2022,06,13,13,9.1,38,Good,8.5,UG/M3,1 Hr,Valid
Banja Luka,PM2.5 - Principal,2022-06-13 02:00 PM,2022,06,13,14,8.9,37,Good,8.5,UG/M3,1 Hr,Valid
Banja Luka,PM2.5 - Principal,2022-06-13 03:00 PM,2022,06,13,15,8.5,35,Good,7.6,UG/M3,1 Hr,Valid
Banja Luka,PM2.5 - Principal,2022-06-13 04:00 PM,2022,06,13,16,8.5,35,Good,8.3,UG/M3,1 Hr,Valid
Banja Luka,PM2.5 - Principal,2022-06-13 05:00 PM,2022,06,13,17,8.5,35,Good,8.6,UG/M3,1 Hr,Valid
Banja Luka,PM2.5 - Principal,2022-06-13 06:00 PM,2022,06,13,18,8.4,35,Good,8.3,UG/M3,1 Hr,Valid
Banja Luka,PM2.5 - Principal,2022-06-13 07:00 PM,2022,06,13,19,8.3,35,Good,7.9,UG/M3,1 Hr,Valid
Banja Luka,PM2.5 - Principal,2022-06-13 08:00 PM,2022,06,13,20,8.3,35,Good,8.6,UG/M3,1 Hr,Valid
Banja Luka,PM2.5 - Principal,2022-06-13 09:00 PM,2022,06,13,21,8.5,35,Good,9.0,UG/M3,1 Hr,Valid
Banja Luka,PM2.5 - Principal,2022-06-13 10:00 PM,2022,06,13,22,9.3,39,Good,10.9,UG/M3,1 Hr,Valid
Banja Luka,PM2.5 - Principal,2022-06-13 11:00 PM,2022,06,13,23,10.6,44,Good,12.4,UG/M3,1 Hr,Valid
Banja Luka,PM2.5 - Principal,2022-06-14 12:00 AM,2022,06,14,00,11.0,46,Good,11.7,UG/M3,1 Hr,Valid
Banja Luka,PM2.5 - Principal,2022-06-14 01:00 AM,2022,06,14,01,11.9,50,Good,13.1,UG/M3,1 Hr,Valid
Banja Luka,PM2.5 - Principal,2022-06-14 02:00 AM,2022,06,14,02,10.7,45,Good,9.0,UG/M3,1 Hr,Valid
Banja Luka,PM2.5 - Principal,2022-06-14 03:00 AM,2022,06,14,03,8.9,37,Good,6.9,UG/M3,1 Hr,Valid
Banja Luka,PM2.5 - Principal,2022-06-14 04:00 AM,2022,06,14,04,7.7,32,Good,6.6,UG/M3,1 Hr,Valid
Banja Luka,PM2.5 - Principal,2022-06-14 05:00 AM,2022,06,14,05,7.2,30,Good,6.8,UG/M3,1 Hr,Valid
Banja Luka,PM2.5 - Principal,2022-06-14 06:00 AM,2022,06,14,06,6.7,28,Good,6.3,UG/M3,1 Hr,Valid
Banja Luka,PM2.5 - Principal,2022-06-14 07:00 AM,2022,06,14,07,6.7,28,Good,6.6,UG/M3,1 Hr,Valid
Banja Luka,PM2.5 - Principal,2022-06-14 08:00 AM,2022,06,14,08,6.7,28,Good,6.8,UG/M3,1 Hr,Valid
Banja Luka,PM2.5 - Principal,2022-06-14 09:00 AM,2022,06,14,09,6.8,28,Good,6.9,UG/M3,1 Hr,Valid
Banja Luka,PM2.5 - Principal,2022-06-14 10:00 AM,2022,06,14,10,7.5,31,Good,8.3,UG/M3,1 Hr,Valid
Banja Luka,PM2.5 - Principal,2022-06-14 11:00 AM,2022,06,14,11,7.6,32,Good,7.6,UG/M3,1 Hr,Valid
Banja Luka,PM2.5 - Principal,2022-06-14 12:00 PM,2022,06,14,12,6.8,28,Good,6.0,UG/M3,1 Hr,Valid
Banja Luka,PM2.5 - Principal,2022-06-14 01:00 PM,2022,06,14,13,6.3,26,Good,5.5,UG/M3,1 Hr,Valid
Banja Luka,PM2.5 - Principal,2022-06-14 02:00 PM,2022,06,14,14,6.4,27,Good,6.3,UG/M3,1 Hr,Valid
Banja Luka,PM2.5 - Principal,2022-06-14 03:00 PM,2022,06,14,15,6.6,28,Good,6.9,UG/M3,1 Hr,Valid
Banja Luka,PM2.5 - Principal,2022-06-14 04:00 PM,2022,06,14,16,6.5,27,Good,6.5,UG/M3,1 Hr,Valid
Banja Luka,PM2.5 - Principal,2022-06-14 05:00 PM,2022,06,14,17,6.6,28,Good,6.6,UG/M3,1 Hr,Valid
Banja Luka,PM2.5 - Principal,2022-06-14 06:00 PM,2022,06,14,18,6.6,28,Good,6.6,UG/M3,1 Hr,Valid
Banja Luka,PM2.5 - Principal,2022-06-14 07:00 PM,2022,06,14,19,6.6,28,Good,6.6,UG/M3,1 Hr,Valid
Banja Luka,PM2.5 - Principal,2022-06-14 08:00 PM,2022,06,14,20,6.5,27,Good,6.5,UG/M3,1 Hr,Valid
Banja Luka,PM2.5 - Principal,2022-06-14 09:00 PM,2022,06,14,21,6.6,28,Good,6.7,UG/M3,1 Hr,Valid
Banja Luka,PM2.5 - Principal,2022-06-14 10:00 PM,2022,06,14,22,6.8,28,Good,7.2,UG/M3,1 Hr,Valid
Banja Luka,PM2.5 - Principal,2022-06-14 11:00 PM,2022,06,14,23,8.3,35,Good,10.1,UG/M3,1 Hr,Valid
Banja Luka,PM2.5 - Principal,2022-06-15 12:00 AM,2022,06,15,00,9.1,38,Good,10.1,UG/M3,1 Hr,Valid
Banja Luka,PM2.5 - Principal,2022-06-15 01:00 AM,2022,06,15,01,9.2,38,Good,9.8,UG/M3,1 Hr,Valid
Banja Luka,PM2.5 - Principal,2022-06-15 02:00 AM,2022,06,15,02,9.2,38,Good,9.4,UG/M3,1 Hr,Valid
Banja Luka,PM2.5 - Principal,2022-06-15 03:00 AM,2022,06,15,03,9.2,38,Good,9.1,UG/M3,1 Hr,Valid
Banja Luka,PM2.5 - Principal,2022-06-15 04:00 AM,2022,06,15,04,8.6,36,Good,7.6,UG/M3,1 Hr,Valid
Banja Luka,PM2.5 - Principal,2022-06-15 05:00 AM,2022,06,15,05,8.0,33,Good,6.9,UG/M3,1 Hr,Valid
Banja Luka,PM2.5 - Principal,2022-06-15 06:00 AM,2022,06,15,06,7.6,32,Good,7.0,UG/M3,1 Hr,Valid
Banja Luka,PM2.5 - Principal,2022-06-15 07:00 AM,2022,06,15,07,7.5,31,Good,7.2,UG/M3,1 Hr,Valid
Banja Luka,PM2.5 - Principal,2022-06-15 08:00 AM,2022,06,15,08,7.6,32,Good,7.7,UG/M3,1 Hr,Valid
Banja Luka,PM2.5 - Principal,2022-06-15 09:00 AM,2022,06,15,09,7.8,33,Good,8.2,UG/M3,1 Hr,Valid
Banja Luka,PM2.5 - Principal,2022-06-15 10:00 AM,2022,06,15,10,7.8,33,Good,7.8,UG/M3,1 Hr,Valid
Banja Luka,PM2.5 - Principal,2022-06-15 11:00 AM,2022,06,15,11,8.0,33,Good,8.4,UG/M3,1 Hr,Valid
Banja Luka,PM2.5 - Principal,2022-06-15 12:00 PM,2022,06,15,12,7.8,33,Good,7.5,UG/M3,1 Hr,Valid
Banja Luka,PM2.5 - Principal,2022-06-15 01:00 PM,2022,06,15,13,7.3,30,Good,6.2,UG/M3,1 Hr,Valid
Banja Luka,PM2.5 - Principal,2022-06-15 02:00 PM,2022,06,15,14,7.0,29,Good,6.3,UG/M3,1 Hr,Valid
Banja Luka,PM2.5 - Principal,2022-06-15 03:00 PM,2022,06,15,15,7.0,29,Good,6.9,UG/M3,1 Hr,Valid
Banja Luka,PM2.5 - Principal,2022-06-15 04:00 PM,2022,06,15,16,7.0,29,Good,7.2,UG/M3,1 Hr,Valid
Banja Luka,PM2.5 - Principal,2022-06-15 05:00 PM,2022,06,15,17,7.1,30,Good,7.3,UG/M3,1 Hr,Valid
Banja Luka,PM2.5 - Principal,2022-06-15 06:00 PM,2022,06,15,18,7.2,30,Good,7.3,UG/M3,1 Hr,Valid
Banja Luka,PM2.5 - Principal,2022-06-15 07:00 PM,2022,06,15,19,7.3,30,Good,7.7,UG/M3,1 Hr,Valid
Banja Luka,PM2.5 - Principal,2022-06-15 08:00 PM,2022,06,15,20,7.4,31,Good,7.7,UG/M3,1 Hr,Valid
Banja Luka,PM2.5 - Principal,2022-06-15 09:00 PM,2022,06,15,21,7.8,33,Good,8.7,UG/M3,1 Hr,Valid
Banja Luka,PM2.5 - Principal,2022-06-15 10:00 PM,2022,06,15,22,8.5,35,Good,9.5,UG/M3,1 Hr,Valid
Banja Luka,PM2.5 - Principal,2022-06-15 11:00 PM,2022,06,15,23,9.4,39,Good,10.6,UG/M3,1 Hr,Valid
Banja Luka,PM2.5 - Principal,2022-06-16 12:00 AM,2022,06,16,00,10.9,45,Good,12.2,UG/M3,1 Hr,Valid
Banja Luka,PM2.5 - Principal,2022-06-16 01:00 AM,2022,06,16,01,11.7,49,Good,12.5,UG/M3,1 Hr,Valid
Banja Luka,PM2.5 - Principal,2022-06-16 02:00 AM,2022,06,16,02,11.9,50,Good,12.3,UG/M3,1 Hr,Valid
Banja Luka,PM2.5 - Principal,2022-06-16 03:00 AM,2022,06,16,03,11.0,46,Good,10.0,UG/M3,1 Hr,Valid
Banja Luka,PM2.5 - Principal,2022-06-16 04:00 AM,2022,06,16,04,10.4,43,Good,9.6,UG/M3,1 Hr,Valid
Banja Luka,PM2.5 - Principal,2022-06-16 05:00 AM,2022,06,16,05,10.2,43,Good,9.9,UG/M3,1 Hr,Valid
Banja Luka,PM2.5 - Principal,2022-06-16 06:00 AM,2022,06,16,06,9.8,41,Good,9.1,UG/M3,1 Hr,Valid
Banja Luka,PM2.5 - Principal,2022-06-16 07:00 AM,2022,06,16,07,9.8,41,Good,9.8,UG/M3,1 Hr,Valid
Banja Luka,PM2.5 - Principal,2022-06-16 08:00 AM,2022,06,16,08,10.2,43,Good,10.8,UG/M3,1 Hr,Valid
Banja Luka,PM2.5 - Principal,2022-06-16 09:00 AM,2022,06,16,09,10.4,43,Good,10.8,UG/M3,1 Hr,Valid
Banja Luka,PM2.5 - Principal,2022-06-16 10:00 AM,2022,06,16,10,10.5,44,Good,10.7,UG/M3,1 Hr,Valid
Banja Luka,PM2.5 - Principal,2022-06-16 11:00 AM,2022,06,16,11,10.8,45,Good,11.7,UG/M3,1 Hr,Valid
Banja Luka,PM2.5 - Principal,2022-06-16 12:00 PM,2022,06,16,12,12.1,51,Moderate,14.1,UG/M3,1 Hr,Valid
Banja Luka,PM2.5 - Principal,2022-06-16 01:00 PM,2022,06,16,13,12.2,51,Moderate,12.5,UG/M3,1 Hr,Valid
Banja Luka,PM2.5 - Principal,2022-06-16 02:00 PM,2022,06,16,14,11.9,50,Good,11.3,UG/M3,1 Hr,Valid
Banja Luka,PM2.5 - Principal,2022-06-16 03:00 PM,2022,06,16,15,11.3,47,Good,10.1,UG/M3,1 Hr,Valid
Banja Luka,PM2.5 - Principal,2022-06-16 04:00 PM,2022,06,16,16,10.2,43,Good,8.7,UG/M3,1 Hr,Valid
Banja Luka,PM2.5 - Principal,2022-06-16 05:00 PM,2022,06,16,17,9.6,40,Good,8.5,UG/M3,1 Hr,Valid
Banja Luka,PM2.5 - Principal,2022-06-16 06:00 PM,2022,06,16,18,9.2,38,Good,8.5,UG/M3,1 Hr,Valid
Banja Luka,PM2.5 - Principal,2022-06-16 07:00 PM,2022,06,16,19,9.0,38,Good,8.9,UG/M3,1 Hr,Valid
Banja Luka,PM2.5 - Principal,2022-06-16 08:00 PM,2022,06,16,20,9.4,39,Good,9.9,UG/M3,1 Hr,Valid
Banja Luka,PM2.5 - Principal,2022-06-16 09:00 PM,2022,06,16,21,10.8,45,Good,12.9,UG/M3,1 Hr,Valid
Banja Luka,PM2.5 - Principal,2022-06-16 10:00 PM,2022,06,16,22,12.0,50,Good,14.0,UG/M3,1 Hr,Valid
Banja Luka,PM2.5 - Principal,2022-06-16 11:00 PM,2022,06,16,23,13.3,54,Moderate,14.8,UG/M3,1 Hr,Valid
Banja Luka,PM2.5 - Principal,2022-06-17 12:00 AM,2022,06,17,00,13.1,53,Moderate,12.8,UG/M3,1 Hr,Valid
Banja Luka,PM2.5 - Principal,2022-06-17 01:00 AM,2022,06,17,01,13.1,53,Moderate,13.0,UG/M3,1 Hr,Valid
Banja Luka,PM2.5 - Principal,2022-06-17 02:00 AM,2022,06,17,02,12.0,50,Good,10.6,UG/M3,1 Hr,Valid
Banja Luka,PM2.5 - Principal,2022-06-17 03:00 AM,2022,06,17,03,11.5,48,Good,10.9,UG/M3,1 Hr,Valid
Banja Luka,PM2.5 - Principal,2022-06-17 04:00 AM,2022,06,17,04,11.1,46,Good,10.6,UG/M3,1 Hr,Valid
Banja Luka,PM2.5 - Principal,2022-06-17 05:00 AM,2022,06,17,05,11.1,46,Good,11.1,UG/M3,1 Hr,Valid
Banja Luka,PM2.5 - Principal,2022-06-17 06:00 AM,2022,06,17,06,10.9,45,Good,10.5,UG/M3,1 Hr,Valid
Banja Luka,PM2.5 - Principal,2022-06-17 07:00 AM,2022,06,17,07,11.1,46,Good,11.3,UG/M3,1 Hr,Valid
Banja Luka,PM2.5 - Principal,2022-06-17 08:00 AM,2022,06,17,08,10.9,45,Good,10.3,UG/M3,1 Hr,Valid
Banja Luka,PM2.5 - Principal,2022-06-17 09:00 AM,2022,06,17,09,10.9,45,Good,11.0,UG/M3,1 Hr,Valid
Banja Luka,PM2.5 - Principal,2022-06-17 10:00 AM,2022,06,17,10,10.3,43,Good,9.4,UG/M3,1 Hr,Valid
Banja Luka,PM2.5 - Principal,2022-06-17 11:00 AM,2022,06,17,11,9.9,41,Good,8.9,UG/M3,1 Hr,Valid
Banja Luka,PM2.5 - Principal,2022-06-17 12:00 PM,2022,06,17,12,9.7,40,Good,9.3,UG/M3,1 Hr,Valid
Banja Luka,PM2.5 - Principal,2022-06-17 01:00 PM,2022,06,17,13,9.9,41,Good,10.1,UG/M3,1 Hr,Valid
Banja Luka,PM2.5 - Principal,2022-06-17 02:00 PM,2022,06,17,14,10.0,42,Good,10.0,UG/M3,1 Hr,Valid
Banja Luka,PM2.5 - Principal,2022-06-17 03:00 PM,2022,06,17,15,9.8,41,Good,9.2,UG/M3,1 Hr,Valid
Banja Luka,PM2.5 - Principal,2022-06-17 04:00 PM,2022,06,17,16,10.0,42,Good,10.7,UG/M3,1 Hr,Valid
Banja Luka,PM2.5 - Principal,2022-06-17 05:00 PM,2022,06,17,17,10.2,43,Good,10.8,UG/M3,1 Hr,Valid
Banja Luka,PM2.5 - Principal,2022-06-17 06:00 PM,2022,06,17,18,10.2,43,Good,10.4,UG/M3,1 Hr,Valid
Banja Luka,PM2.5 - Principal,2022-06-17 07:00 PM,2022,06,17,19,10.4,43,Good,11.1,UG/M3,1 Hr,Valid
Banja Luka,PM2.5 - Principal,2022-06-17 08:00 PM,2022,06,17,20,10.9,45,Good,12.0,UG/M3,1 Hr,Valid
Banja Luka,PM2.5 - Principal,2022-06-17 09:00 PM,2022,06,17,21,11.0,46,Good,11.4,UG/M3,1 Hr,Valid
Banja Luka,PM2.5 - Principal,2022-06-17 10:00 PM,2022,06,17,22,11.1,46,Good,11.1,UG/M3,1 Hr,Valid
Banja Luka,PM2.5 - Principal,2022-06-17 11:00 PM,2022,06,17,23,13.0,53,Moderate,15.6,UG/M3,1 Hr,Valid
Banja Luka,PM2.5 - Principal,2022-06-18 12:00 AM,2022,06,18,00,16.4,60,Moderate,19.4,UG/M3,1 Hr,Valid
Banja Luka,PM2.5 - Principal,2022-06-18 01:00 AM,2022,06,18,01,15.7,59,Moderate,14.9,UG/M3,1 Hr,Valid
Banja Luka,PM2.5 - Principal,2022-06-18 02:00 AM,2022,06,18,02,14.4,56,Moderate,13.1,UG/M3,1 Hr,Valid
Banja Luka,PM2.5 - Principal,2022-06-18 03:00 AM,2022,06,18,03,13.2,53,Moderate,11.9,UG/M3,1 Hr,Valid
Banja Luka,PM2.5 - Principal,2022-06-18 04:00 AM,2022,06,18,04,12.8,52,Moderate,12.3,UG/M3,1 Hr,Valid
Banja Luka,PM2.5 - Principal,2022-06-18 05:00 AM,2022,06,18,05,12.2,51,Moderate,11.4,UG/M3,1 Hr,Valid
Banja Luka,PM2.5 - Principal,2022-06-18 06:00 AM,2022,06,18,06,11.5,48,Good,10.6,UG/M3,1 Hr,Valid
Banja Luka,PM2.5 - Principal,2022-06-18 07:00 AM,2022,06,18,07,10.8,45,Good,10.1,UG/M3,1 Hr,Valid
Banja Luka,PM2.5 - Principal,2022-06-18 08:00 AM,2022,06,18,08,10.9,45,Good,11.0,UG/M3,1 Hr,Valid
Banja Luka,PM2.5 - Principal,2022-06-18 09:00 AM,2022,06,18,09,10.8,45,Good,10.6,UG/M3,1 Hr,Valid
Banja Luka,PM2.5 - Principal,2022-06-18 10:00 AM,2022,06,18,10,10.6,44,Good,10.4,UG/M3,1 Hr,Valid
Banja Luka,PM2.5 - Principal,2022-06-18 11:00 AM,2022,06,18,11,8.6,36,Good,6.6,UG/M3,1 Hr,Valid
Banja Luka,PM2.5 - Principal,2022-06-18 12:00 PM,2022,06,18,12,7.4,31,Good,6.3,UG/M3,1 Hr,Valid
Banja Luka,PM2.5 - Principal,2022-06-18 01:00 PM,2022,06,18,13,7.3,30,Good,7.2,UG/M3,1 Hr,Valid
Banja Luka,PM2.5 - Principal,2022-06-18 02:00 PM,2022,06,18,14,7.8,33,Good,8.4,UG/M3,1 Hr,Valid
Banja Luka,PM2.5 - Principal,2022-06-18 03:00 PM,2022,06,18,15,8.5,35,Good,9.2,UG/M3,1 Hr,Valid
Banja Luka,PM2.5 - Principal,2022-06-18 04:00 PM,2022,06,18,16,8.8,37,Good,9.2,UG/M3,1 Hr,Valid
Banja Luka,PM2.5 - Principal,2022-06-18 05:00 PM,2022,06,18,17,8.6,36,Good,8.5,UG/M3,1 Hr,Valid
Banja Luka,PM2.5 - Principal,2022-06-18 06:00 PM,2022,06,18,18,8.5,35,Good,8.3,UG/M3,1 Hr,Valid
Banja Luka,PM2.5 - Principal,2022-06-18 07:00 PM,2022,06,18,19,8.5,35,Good,8.5,UG/M3,1 Hr,Valid
Banja Luka,PM2.5 - Principal,2022-06-18 08:00 PM,2022,06,18,20,8.3,35,Good,8.0,UG/M3,1 Hr,Valid
Banja Luka,PM2.5 - Principal,2022-06-18 09:00 PM,2022,06,18,21,8.3,35,Good,8.2,UG/M3,1 Hr,Valid
Banja Luka,PM2.5 - Principal,2022-06-18 10:00 PM,2022,06,18,22,11.6,48,Good,14.9,UG/M3,1 Hr,Valid
Banja Luka,PM2.5 - Principal,2022-06-18 11:00 PM,2022,06,18,23,12.5,52,Moderate,13.5,UG/M3,1 Hr,Valid
Banja Luka,PM2.5 - Principal,2022-06-19 12:00 AM,2022,06,19,00,13.4,54,Moderate,14.2,UG/M3,1 Hr,Valid
Banja Luka,PM2.5 - Principal,2022-06-19 01:00 AM,2022,06,19,01,12.6,52,Moderate,12.0,UG/M3,1 Hr,Valid
Banja Luka,PM2.5 - Principal,2022-06-19 02:00 AM,2022,06,19,02,12.3,51,Moderate,12.0,UG/M3,1 Hr,Valid
Banja Luka,PM2.5 - Principal,2022-06-19 03:00 AM,2022,06,19,03,11.4,48,Good,10.3,UG/M3,1 Hr,Valid
Banja Luka,PM2.5 - Principal,2022-06-19 04:00 AM,2022,06,19,04,10.4,43,Good,9.3,UG/M3,1 Hr,Valid
Banja Luka,PM2.5 - Principal,2022-06-19 05:00 AM,2022,06,19,05,10.0,42,Good,9.4,UG/M3,1 Hr,Valid
Banja Luka,PM2.5 - Principal,2022-06-19 06:00 AM,2022,06,19,06,9.6,40,Good,9.2,UG/M3,1 Hr,Valid
Banja Luka,PM2.5 - Principal,2022-06-19 07:00 AM,2022,06,19,07,9.4,39,Good,9.2,UG/M3,1 Hr,Valid
Banja Luka,PM2.5 - Principal,2022-06-19 08:00 AM,2022,06,19,08,9.4,39,Good,9.4,UG/M3,1 Hr,Valid
Banja Luka,PM2.5 - Principal,2022-06-19 09:00 AM,2022,06,19,09,9.6,40,Good,9.7,UG/M3,1 Hr,Valid
Banja Luka,PM2.5 - Principal,2022-06-19 10:00 AM,2022,06,19,10,9.8,41,Good,10.2,UG/M3,1 Hr,Valid
Banja Luka,PM2.5 - Principal,2022-06-19 11:00 AM,2022,06,19,11,10.0,42,Good,10.4,UG/M3,1 Hr,Valid
Banja Luka,PM2.5 - Principal,2022-06-19 12:00 PM,2022,06,19,12,10.1,42,Good,10.7,UG/M3,1 Hr,Valid
Banja Luka,PM2.5 - Principal,2022-06-19 01:00 PM,2022,06,19,13,10.1,42,Good,10.1,UG/M3,1 Hr,Valid
Banja Luka,PM2.5 - Principal,2022-06-19 02:00 PM,2022,06,19,14,9.9,41,Good,9.3,UG/M3,1 Hr,Valid
Banja Luka,PM2.5 - Principal,2022-06-19 03:00 PM,2022,06,19,15,9.7,40,Good,9.1,UG/M3,1 Hr,Valid
Banja Luka,PM2.5 - Principal,2022-06-19 04:00 PM,2022,06,19,16,9.7,40,Good,9.3,UG/M3,1 Hr,Valid
Banja Luka,PM2.5 - Principal,2022-06-19 05:00 PM,2022,06,19,17,9.7,40,Good,9.8,UG/M3,1 Hr,Valid
Banja Luka,PM2.5 - Principal,2022-06-19 06:00 PM,2022,06,19,18,9.7,40,Good,9.5,UG/M3,1 Hr,Valid
Banja Luka,PM2.5 - Principal,2022-06-19 07:00 PM,2022,06,19,19,9.7,40,Good,9.9,UG/M3,1 Hr,Valid
Banja Luka,PM2.5 - Principal,2022-06-19 08:00 PM,2022,06,19,20,9.8,41,Good,10.2,UG/M3,1 Hr,Valid
Banja Luka,PM2.5 - Principal,2022-06-19 09:00 PM,2022,06,19,21,10.0,42,Good,10.5,UG/M3,1 Hr,Valid
Banja Luka,PM2.5 - Principal,2022-06-19 10:00 PM,2022,06,19,22,10.0,42,Good,10.5,UG/M3,1 Hr,Valid
Banja Luka,PM2.5 - Principal,2022-06-19 11:00 PM,2022,06,19,23,13.4,54,Moderate,17.0,UG/M3,1 Hr,Valid
Banja Luka,PM2.5 - Principal,2022-06-20 12:00 AM,2022,06,20,00,13.9,55,Moderate,14.4,UG/M3,1 Hr,Valid
Banja Luka,PM2.5 - Principal,2022-06-20 01:00 AM,2022,06,20,01,14.2,55,Moderate,14.5,UG/M3,1 Hr,Valid
Banja Luka,PM2.5 - Principal,2022-06-20 02:00 AM,2022,06,20,02,13.8,55,Moderate,13.4,UG/M3,1 Hr,Valid
Banja Luka,PM2.5 - Principal,2022-06-20 03:00 AM,2022,06,20,03,12.4,52,Moderate,10.7,UG/M3,1 Hr,Valid
Banja Luka,PM2.5 - Principal,2022-06-20 04:00 AM,2022,06,20,04,11.6,48,Good,10.6,UG/M3,1 Hr,Valid
Banja Luka,PM2.5 - Principal,2022-06-20 05:00 AM,2022,06,20,05,11.3,47,Good,10.8,UG/M3,1 Hr,Valid
Banja Luka,PM2.5 - Principal,2022-06-20 06:00 AM,2022,06,20,06,11.2,47,Good,10.9,UG/M3,1 Hr,Valid
Banja Luka,PM2.5 - Principal,2022-06-20 07:00 AM,2022,06,20,07,11.5,48,Good,12.0,UG/M3,1 Hr,Valid
Banja Luka,PM2.5 - Principal,2022-06-20 08:00 AM,2022,06,20,08,12.0,50,Good,12.7,UG/M3,1 Hr,Valid
Banja Luka,PM2.5 - Principal,2022-06-20 09:00 AM,2022,06,20,09,12.4,52,Moderate,13.1,UG/M3,1 Hr,Valid
Banja Luka,PM2.5 - Principal,2022-06-20 10:00 AM,2022,06,20,10,13.1,53,Moderate,14.3,UG/M3,1 Hr,Valid
Banja Luka,PM2.5 - Principal,2022-06-20 11:00 AM,2022,06,20,11,13.1,53,Moderate,14.0,UG/M3,1 Hr,Valid
Banja Luka,PM2.5 - Principal,2022-06-20 12:00 PM,2022,06,20,12,12.7,52,Moderate,11.6,UG/M3,1 Hr,Valid
Banja Luka,PM2.5 - Principal,2022-06-20 01:00 PM,2022,06,20,13,12.0,50,Good,10.3,UG/M3,1 Hr,Valid
Banja Luka,PM2.5 - Principal,2022-06-20 02:00 PM,2022,06,20,14,11.3,47,Good,10.0,UG/M3,1 Hr,Valid
Banja Luka,PM2.5 - Principal,2022-06-20 03:00 PM,2022,06,20,15,10.1,42,Good,8.6,UG/M3,1 Hr,Valid
Banja Luka,PM2.5 - Principal,2022-06-20 04:00 PM,2022,06,20,16,9.3,39,Good,8.4,UG/M3,1 Hr,Valid
Banja Luka,PM2.5 - Principal,2022-06-20 05:00 PM,2022,06,20,17,9.0,38,Good,8.6,UG/M3,1 Hr,Valid
Banja Luka,PM2.5 - Principal,2022-06-20 06:00 PM,2022,06,20,18,8.9,37,Good,8.6,UG/M3,1 Hr,Valid
Banja Luka,PM2.5 - Principal,2022-06-20 07:00 PM,2022,06,20,19,8.7,36,Good,8.5,UG/M3,1 Hr,Valid
Banja Luka,PM2.5 - Principal,2022-06-20 08:00 PM,2022,06,20,20,8.8,37,Good,9.0,UG/M3,1 Hr,Valid
Banja Luka,PM2.5 - Principal,2022-06-20 09:00 PM,2022,06,20,21,9.2,38,Good,9.8,UG/M3,1 Hr,Valid
Banja Luka,PM2.5 - Principal,2022-06-20 10:00 PM,2022,06,20,22,10.2,43,Good,11.7,UG/M3,1 Hr,Valid
Banja Luka,PM2.5 - Principal,2022-06-20 11:00 PM,2022,06,20,23,11.2,47,Good,13.1,UG/M3,1 Hr,Valid
Banja Luka,PM2.5 - Principal,2022-06-21 12:00 AM,2022,06,21,00,12.4,52,Moderate,14.0,UG/M3,1 Hr,Valid
Banja Luka,PM2.5 - Principal,2022-06-21 01:00 AM,2022,06,21,01,13.0,53,Moderate,13.8,UG/M3,1 Hr,Valid
Banja Luka,PM2.5 - Principal,2022-06-21 02:00 AM,2022,06,21,02,13.3,54,Moderate,13.8,UG/M3,1 Hr,Valid
Banja Luka,PM2.5 - Principal,2022-06-21 03:00 AM,2022,06,21,03,13.4,54,Moderate,13.6,UG/M3,1 Hr,Valid
Banja Luka,PM2.5 - Principal,2022-06-21 04:00 AM,2022,06,21,04,13.7,54,Moderate,14.2,UG/M3,1 Hr,Valid
Banja Luka,PM2.5 - Principal,2022-06-21 05:00 AM,2022,06,21,05,13.2,53,Moderate,12.4,UG/M3,1 Hr,Valid
Banja Luka,PM2.5 - Principal,2022-06-21 06:00 AM,2022,06,21,06,12.8,52,Moderate,12.1,UG/M3,1 Hr,Valid
Banja Luka,PM2.5 - Principal,2022-06-21 07:00 AM,2022,06,21,07,12.7,52,Moderate,12.5,UG/M3,1 Hr,Valid
Banja Luka,PM2.5 - Principal,2022-06-21 08:00 AM,2022,06,21,08,12.9,53,Moderate,13.1,UG/M3,1 Hr,Valid
Banja Luka,PM2.5 - Principal,2022-06-21 09:00 AM,2022,06,21,09,13.8,55,Moderate,16.2,UG/M3,1 Hr,Valid
Banja Luka,PM2.5 - Principal,2022-06-21 10:00 AM,2022,06,21,10,14.0,55,Moderate,14.5,UG/M3,1 Hr,Valid
Banja Luka,PM2.5 - Principal,2022-06-21 11:00 AM,2022,06,21,11,14.1,55,Moderate,14.3,UG/M3,1 Hr,Valid
Banja Luka,PM2.5 - Principal,2022-06-21 12:00 PM,2022,06,21,12,13.9,55,Moderate,13.3,UG/M3,1 Hr,Valid
Banja Luka,PM2.5 - Principal,2022-06-21 01:00 PM,2022,06,21,13,13.7,54,Moderate,13.1,UG/M3,1 Hr,Valid
Banja Luka,PM2.5 - Principal,2022-06-21 02:00 PM,2022,06,21,14,13.5,54,Moderate,12.9,UG/M3,1 Hr,Valid
Banja Luka,PM2.5 - Principal,2022-06-21 03:00 PM,2022,06,21,15,13.3,54,Moderate,12.7,UG/M3,1 Hr,Valid
Banja Luka,PM2.5 - Principal,2022-06-21 04:00 PM,2022,06,21,16,13.2,53,Moderate,13.2,UG/M3,1 Hr,Valid
Banja Luka,PM2.5 - Principal,2022-06-21 05:00 PM,2022,06,21,17,13.0,53,Moderate,12.3,UG/M3,1 Hr,Valid
Banja Luka,PM2.5 - Principal,2022-06-21 06:00 PM,2022,06,21,18,13.1,53,Moderate,13.2,UG/M3,1 Hr,Valid
Banja Luka,PM2.5 - Principal,2022-06-21 07:00 PM,2022,06,21,19,13.2,53,Moderate,13.8,UG/M3,1 Hr,Valid
Banja Luka,PM2.5 - Principal,2022-06-21 08:00 PM,2022,06,21,20,13.5,54,Moderate,14.1,UG/M3,1 Hr,Valid
Banja Luka,PM2.5 - Principal,2022-06-21 09:00 PM,2022,06,21,21,13.5,54,Moderate,14.3,UG/M3,1 Hr,Valid
Banja Luka,PM2.5 - Principal,2022-06-21 10:00 PM,2022,06,21,22,13.6,54,Moderate,14.3,UG/M3,1 Hr,Valid
Banja Luka,PM2.5 - Principal,2022-06-21 11:00 PM,2022,06,21,23,13.8,55,Moderate,14.6,UG/M3,1 Hr,Valid
Banja Luka,PM2.5 - Principal,2022-06-22 12:00 AM,2022,06,22,00,14.0,55,Moderate,14.6,UG/M3,1 Hr,Valid
Banja Luka,PM2.5 - Principal,2022-06-22 01:00 AM,2022,06,22,01,14.1,55,Moderate,14.3,UG/M3,1 Hr,Valid
Banja Luka,PM2.5 - Principal,2022-06-22 02:00 AM,2022,06,22,02,13.9,55,Moderate,13.0,UG/M3,1 Hr,Valid
Banja Luka,PM2.5 - Principal,2022-06-22 03:00 AM,2022,06,22,03,13.9,55,Moderate,14.0,UG/M3,1 Hr,Valid
Banja Luka,PM2.5 - Principal,2022-06-22 04:00 AM,2022,06,22,04,13.6,54,Moderate,12.1,UG/M3,1 Hr,Valid
Banja Luka,PM2.5 - Principal,2022-06-22 05:00 AM,2022,06,22,05,12.9,53,Moderate,11.1,UG/M3,1 Hr,Valid
Banja Luka,PM2.5 - Principal,2022-06-22 06:00 AM,2022,06,22,06,12.1,51,Moderate,10.5,UG/M3,1 Hr,Valid
Banja Luka,PM2.5 - Principal,2022-06-22 07:00 AM,2022,06,22,07,11.1,46,Good,9.6,UG/M3,1 Hr,Valid
Banja Luka,PM2.5 - Principal,2022-06-22 08:00 AM,2022,06,22,08,10.9,45,Good,10.5,UG/M3,1 Hr,Valid
Banja Luka,PM2.5 - Principal,2022-06-22 09:00 AM,2022,06,22,09,10.6,44,Good,10.3,UG/M3,1 Hr,Valid
Banja Luka,PM2.5 - Principal,2022-06-22 10:00 AM,2022,06,22,10,10.9,45,Good,11.4,UG/M3,1 Hr,Valid
Banja Luka,PM2.5 - Principal,2022-06-22 11:00 AM,2022,06,22,11,10.8,45,Good,10.6,UG/M3,1 Hr,Valid
Banja Luka,PM2.5 - Principal,2022-06-22 12:00 PM,2022,06,22,12,10.9,45,Good,11.1,UG/M3,1 Hr,Valid
Banja Luka,PM2.5 - Principal,2022-06-22 01:00 PM,2022,06,22,13,11.2,47,Good,12.0,UG/M3,1 Hr,Valid
Banja Luka,PM2.5 - Principal,2022-06-22 02:00 PM,2022,06,22,14,11.4,48,Good,11.6,UG/M3,1 Hr,Valid
Banja Luka,PM2.5 - Principal,2022-06-22 03:00 PM,2022,06,22,15,11.4,48,Good,12.0,UG/M3,1 Hr,Valid
Banja Luka,PM2.5 - Principal,2022-06-22 04:00 PM,2022,06,22,16,11.8,49,Good,12.9,UG/M3,1 Hr,Valid
Banja Luka,PM2.5 - Principal,2022-06-22 05:00 PM,2022,06,22,17,11.9,50,Good,12.1,UG/M3,1 Hr,Valid
Banja Luka,PM2.5 - Principal,2022-06-22 06:00 PM,2022,06,22,18,12.0,50,Good,12.1,UG/M3,1 Hr,Valid
Banja Luka,PM2.5 - Principal,2022-06-22 07:00 PM,2022,06,22,19,12.3,51,Moderate,13.3,UG/M3,1 Hr,Valid
Banja Luka,PM2.5 - Principal,2022-06-22 08:00 PM,2022,06,22,20,12.6,52,Moderate,13.3,UG/M3,1 Hr,Valid
Banja Luka,PM2.5 - Principal,2022-06-22 09:00 PM,2022,06,22,21,12.9,53,Moderate,13.8,UG/M3,1 Hr,Valid
Banja Luka,PM2.5 - Principal,2022-06-22 10:00 PM,2022,06,22,22,15.7,59,Moderate,18.8,UG/M3,1 Hr,Valid
Banja Luka,PM2.5 - Principal,2022-06-22 11:00 PM,2022,06,22,23,16.7,61,Moderate,18.4,UG/M3,1 Hr,Valid
Banja Luka,PM2.5 - Principal,2022-06-23 12:00 AM,2022,06,23,00,17.6,63,Moderate,19.1,UG/M3,1 Hr,Valid
Banja Luka,PM2.5 - Principal,2022-06-23 01:00 AM,2022,06,23,01,17.3,62,Moderate,17.0,UG/M3,1 Hr,Valid
Banja Luka,PM2.5 - Principal,2022-06-23 02:00 AM,2022,06,23,02,17.2,62,Moderate,17.1,UG/M3,1 Hr,Valid
Banja Luka,PM2.5 - Principal,2022-06-23 03:00 AM,2022,06,23,03,16.4,60,Moderate,14.9,UG/M3,1 Hr,Valid
Banja Luka,PM2.5 - Principal,2022-06-23 04:00 AM,2022,06,23,04,16.0,59,Moderate,15.2,UG/M3,1 Hr,Valid
Banja Luka,PM2.5 - Principal,2022-06-23 05:00 AM,2022,06,23,05,15.7,59,Moderate,15.3,UG/M3,1 Hr,Valid
Banja Luka,PM2.5 - Principal,2022-06-23 06:00 AM,2022,06,23,06,16.0,59,Moderate,16.4,UG/M3,1 Hr,Valid
Banja Luka,PM2.5 - Principal,2022-06-23 07:00 AM,2022,06,23,07,15.8,59,Moderate,15.2,UG/M3,1 Hr,Valid
Banja Luka,PM2.5 - Principal,2022-06-23 08:00 AM,2022,06,23,08,15.7,59,Moderate,15.4,UG/M3,1 Hr,Valid
Banja Luka,PM2.5 - Principal,2022-06-23 09:00 AM,2022,06,23,09,15.5,58,Moderate,14.5,UG/M3,1 Hr,Valid
Banja Luka,PM2.5 - Principal,2022-06-23 10:00 AM,2022,06,23,10,15.2,58,Moderate,14.5,UG/M3,1 Hr,Valid
Banja Luka,PM2.5 - Principal,2022-06-23 11:00 AM,2022,06,23,11,11.2,47,Good,7.7,UG/M3,1 Hr,Valid
Banja Luka,PM2.5 - Principal,2022-06-23 12:00 PM,2022,06,23,12,10.2,43,Good,9.2,UG/M3,1 Hr,Valid
Banja Luka,PM2.5 - Principal,2022-06-23 01:00 PM,2022,06,23,13,8.3,35,Good,6.5,UG/M3,1 Hr,Valid
Banja Luka,PM2.5 - Principal,2022-06-23 02:00 PM,2022,06,23,14,6.6,28,Good,4.8,UG/M3,1 Hr,Valid
Banja Luka,PM2.5 - Principal,2022-06-23 03:00 PM,2022,06,23,15,5.8,24,Good,5.1,UG/M3,1 Hr,Valid
Banja Luka,PM2.5 - Principal,2022-06-23 04:00 PM,2022,06,23,16,5.5,23,Good,5.3,UG/M3,1 Hr,Valid
Banja Luka,PM2.5 - Principal,2022-06-23 05:00 PM,2022,06,23,17,6.1,25,Good,6.6,UG/M3,1 Hr,Valid
Banja Luka,PM2.5 - Principal,2022-06-23 06:00 PM,2022,06,23,18,6.9,29,Good,7.7,UG/M3,1 Hr,Valid
Banja Luka,PM2.5 - Principal,2022-06-23 07:00 PM,2022,06,23,19,7.2,30,Good,7.6,UG/M3,1 Hr,Valid
Banja Luka,PM2.5 - Principal,2022-06-23 08:00 PM,2022,06,23,20,7.7,32,Good,8.1,UG/M3,1 Hr,Valid
Banja Luka,PM2.5 - Principal,2022-06-23 09:00 PM,2022,06,23,21,7.7,32,Good,7.8,UG/M3,1 Hr,Valid
Banja Luka,PM2.5 - Principal,2022-06-23 10:00 PM,2022,06,23,22,8.0,33,Good,8.4,UG/M3,1 Hr,Valid
Banja Luka,PM2.5 - Principal,2022-06-23 11:00 PM,2022,06,23,23,8.6,36,Good,9.1,UG/M3,1 Hr,Valid
Banja Luka,PM2.5 - Principal,2022-06-24 12:00 AM,2022,06,24,00,9.7,40,Good,10.8,UG/M3,1 Hr,Valid
Banja Luka,PM2.5 - Principal,2022-06-24 01:00 AM,2022,06,24,01,10.0,42,Good,10.2,UG/M3,1 Hr,Valid
Banja Luka,PM2.5 - Principal,2022-06-24 02:00 AM,2022,06,24,02,12.2,51,Moderate,14.4,UG/M3,1 Hr,Valid
Banja Luka,PM2.5 - Principal,2022-06-24 03:00 AM,2022,06,24,03,11.5,48,Good,10.9,UG/M3,1 Hr,Valid
Banja Luka,PM2.5 - Principal,2022-06-24 04:00 AM,2022,06,24,04,11.2,47,Good,10.9,UG/M3,1 Hr,Valid
Banja Luka,PM2.5 - Principal,2022-06-24 05:00 AM,2022,06,24,05,10.6,44,Good,9.9,UG/M3,1 Hr,Valid
Banja Luka,PM2.5 - Principal,2022-06-24 06:00 AM,2022,06,24,06,10.4,43,Good,10.3,UG/M3,1 Hr,Valid
Banja Luka,PM2.5 - Principal,2022-06-24 07:00 AM,2022,06,24,07,10.1,42,Good,9.8,UG/M3,1 Hr,Valid
Banja Luka,PM2.5 - Principal,2022-06-24 08:00 AM,2022,06,24,08,10.4,43,Good,10.6,UG/M3,1 Hr,Valid
Banja Luka,PM2.5 - Principal,2022-06-24 09:00 AM,2022,06,24,09,10.4,43,Good,10.4,UG/M3,1 Hr,Valid
Banja Luka,PM2.5 - Principal,2022-06-24 10:00 AM,2022,06,24,10,11.0,46,Good,12.1,UG/M3,1 Hr,Valid
Banja Luka,PM2.5 - Principal,2022-06-24 11:00 AM,2022,06,24,11,11.7,49,Good,13.2,UG/M3,1 Hr,Valid
Banja Luka,PM2.5 - Principal,2022-06-24 12:00 PM,2022,06,24,12,11.8,49,Good,12.1,UG/M3,1 Hr,Valid
Banja Luka,PM2.5 - Principal,2022-06-24 01:00 PM,2022,06,24,13,13.0,53,Moderate,15.0,UG/M3,1 Hr,Valid
Banja Luka,PM2.5 - Principal,2022-06-24 02:00 PM,2022,06,24,14,13.6,54,Moderate,14.8,UG/M3,1 Hr,Valid
Banja Luka,PM2.5 - Principal,2022-06-24 03:00 PM,2022,06,24,15,14.7,56,Moderate,16.1,UG/M3,1 Hr,Valid
Banja Luka,PM2.5 - Principal,2022-06-24 04:00 PM,2022,06,24,16,15.5,58,Moderate,16.5,UG/M3,1 Hr,Valid
Banja Luka,PM2.5 - Principal,2022-06-24 05:00 PM,2022,06,24,17,16.1,59,Moderate,16.9,UG/M3,1 Hr,Valid
Banja Luka,PM2.5 - Principal,2022-06-24 06:00 PM,2022,06,24,18,16.1,59,Moderate,16.0,UG/M3,1 Hr,Valid
Banja Luka,PM2.5 - Principal,2022-06-24 07:00 PM,2022,06,24,19,16.1,59,Moderate,16.2,UG/M3,1 Hr,Valid
Banja Luka,PM2.5 - Principal,2022-06-24 08:00 PM,2022,06,24,20,16.0,59,Moderate,16.0,UG/M3,1 Hr,Valid
Banja Luka,PM2.5 - Principal,2022-06-24 09:00 PM,2022,06,24,21,15.4,58,Moderate,14.1,UG/M3,1 Hr,Valid
Banja Luka,PM2.5 - Principal,2022-06-24 10:00 PM,2022,06,24,22,15.5,58,Moderate,15.7,UG/M3,1 Hr,Valid
Banja Luka,PM2.5 - Principal,2022-06-24 11:00 PM,2022,06,24,23,16.7,61,Moderate,18.8,UG/M3,1 Hr,Valid
Banja Luka,PM2.5 - Principal,2022-06-25 12:00 AM,2022,06,25,00,16.5,60,Moderate,16.6,UG/M3,1 Hr,Valid
Banja Luka,PM2.5 - Principal,2022-06-25 01:00 AM,2022,06,25,01,16.5,60,Moderate,16.6,UG/M3,1 Hr,Valid
Banja Luka,PM2.5 - Principal,2022-06-25 02:00 AM,2022,06,25,02,16.1,59,Moderate,15.0,UG/M3,1 Hr,Valid
Banja Luka,PM2.5 - Principal,2022-06-25 03:00 AM,2022,06,25,03,15.8,59,Moderate,14.9,UG/M3,1 Hr,Valid
Banja Luka,PM2.5 - Principal,2022-06-25 04:00 AM,2022,06,25,04,15.3,58,Moderate,14.0,UG/M3,1 Hr,Valid
Banja Luka,PM2.5 - Principal,2022-06-25 05:00 AM,2022,06,25,05,14.7,56,Moderate,13.4,UG/M3,1 Hr,Valid
Banja Luka,PM2.5 - Principal,2022-06-25 06:00 AM,2022,06,25,06,14.2,55,Moderate,13.1,UG/M3,1 Hr,Valid
Banja Luka,PM2.5 - Principal,2022-06-25 07:00 AM,2022,06,25,07,14.1,55,Moderate,13.9,UG/M3,1 Hr,Valid
Banja Luka,PM2.5 - Principal,2022-06-25 08:00 AM,2022,06,25,08,14.1,55,Moderate,14.3,UG/M3,1 Hr,Valid
Banja Luka,PM2.5 - Principal,2022-06-25 09:00 AM,2022,06,25,09,14.3,56,Moderate,14.5,UG/M3,1 Hr,Valid
Banja Luka,PM2.5 - Principal,2022-06-25 10:00 AM,2022,06,25,10,14.9,57,Moderate,16.3,UG/M3,1 Hr,Valid
Banja Luka,PM2.5 - Principal,2022-06-25 11:00 AM,2022,06,25,11,15.3,58,Moderate,17.0,UG/M3,1 Hr,Valid
Banja Luka,PM2.5 - Principal,2022-06-25 12:00 PM,2022,06,25,12,15.3,58,Moderate,15.4,UG/M3,1 Hr,Valid
Banja Luka,PM2.5 - Principal,2022-06-25 01:00 PM,2022,06,25,13,15.3,58,Moderate,15.5,UG/M3,1 Hr,Valid
Banja Luka,PM2.5 - Principal,2022-06-25 02:00 PM,2022,06,25,14,15.2,58,Moderate,14.7,UG/M3,1 Hr,Valid
Banja Luka,PM2.5 - Principal,2022-06-25 03:00 PM,2022,06,25,15,15.3,58,Moderate,15.5,UG/M3,1 Hr,Valid
Banja Luka,PM2.5 - Principal,2022-06-25 04:00 PM,2022,06,25,16,14.9,57,Moderate,13.5,UG/M3,1 Hr,Valid
Banja Luka,PM2.5 - Principal,2022-06-25 05:00 PM,2022,06,25,17,14.0,55,Moderate,12.1,UG/M3,1 Hr,Valid
Banja Luka,PM2.5 - Principal,2022-06-25 06:00 PM,2022,06,25,18,13.5,54,Moderate,12.2,UG/M3,1 Hr,Valid
Banja Luka,PM2.5 - Principal,2022-06-25 07:00 PM,2022,06,25,19,13.1,53,Moderate,12.2,UG/M3,1 Hr,Valid
Banja Luka,PM2.5 - Principal,2022-06-25 08:00 PM,2022,06,25,20,12.9,53,Moderate,12.5,UG/M3,1 Hr,Valid
Banja Luka,PM2.5 - Principal,2022-06-25 09:00 PM,2022,06,25,21,12.8,52,Moderate,12.5,UG/M3,1 Hr,Valid
Banja Luka,PM2.5 - Principal,2022-06-25 10:00 PM,2022,06,25,22,12.6,52,Moderate,12.1,UG/M3,1 Hr,Valid
Banja Luka,PM2.5 - Principal,2022-06-25 11:00 PM,2022,06,25,23,12.6,52,Moderate,12.2,UG/M3,1 Hr,Valid
Banja Luka,PM2.5 - Principal,2022-06-26 12:00 AM,2022,06,26,00,10.3,43,Good,8.2,UG/M3,1 Hr,Valid
Banja Luka,PM2.5 - Principal,2022-06-26 01:00 AM,2022,06,26,01,8.6,36,Good,7.0,UG/M3,1 Hr,Valid
Banja Luka,PM2.5 - Principal,2022-06-26 02:00 AM,2022,06,26,02,7.6,32,Good,6.7,UG/M3,1 Hr,Valid
Banja Luka,PM2.5 - Principal,2022-06-26 03:00 AM,2022,06,26,03,7.0,29,Good,6.4,UG/M3,1 Hr,Valid
Banja Luka,PM2.5 - Principal,2022-06-26 04:00 AM,2022,06,26,04,6.9,29,Good,6.8,UG/M3,1 Hr,Valid
Banja Luka,PM2.5 - Principal,2022-06-26 05:00 AM,2022,06,26,05,6.9,29,Good,6.9,UG/M3,1 Hr,Valid
Banja Luka,PM2.5 - Principal,2022-06-26 06:00 AM,2022,06,26,06,6.9,29,Good,6.8,UG/M3,1 Hr,Valid
Banja Luka,PM2.5 - Principal,2022-06-26 07:00 AM,2022,06,26,07,6.8,28,Good,6.7,UG/M3,1 Hr,Valid
Banja Luka,PM2.5 - Principal,2022-06-26 08:00 AM,2022,06,26,08,7.3,30,Good,7.8,UG/M3,1 Hr,Valid
Banja Luka,PM2.5 - Principal,2022-06-26 09:00 AM,2022,06,26,09,7.7,32,Good,8.2,UG/M3,1 Hr,Valid
Banja Luka,PM2.5 - Principal,2022-06-26 10:00 AM,2022,06,26,10,8.6,36,Good,9.6,UG/M3,1 Hr,Valid
Banja Luka,PM2.5 - Principal,2022-06-26 11:00 AM,2022,06,26,11,8.9,37,Good,9.9,UG/M3,1 Hr,Valid
Banja Luka,PM2.5 - Principal,2022-06-26 12:00 PM,2022,06,26,12,9.3,39,Good,10.0,UG/M3,1 Hr,Valid
Banja Luka,PM2.5 - Principal,2022-06-26 01:00 PM,2022,06,26,13,8.9,37,Good,8.3,UG/M3,1 Hr,Valid
Banja Luka,PM2.5 - Principal,2022-06-26 02:00 PM,2022,06,26,14,8.4,35,Good,7.5,UG/M3,1 Hr,Valid
Banja Luka,PM2.5 - Principal,2022-06-26 03:00 PM,2022,06,26,15,7.8,33,Good,6.6,UG/M3,1 Hr,Valid
Banja Luka,PM2.5 - Principal,2022-06-26 04:00 PM,2022,06,26,16,7.2,30,Good,6.3,UG/M3,1 Hr,Valid
Banja Luka,PM2.5 - Principal,2022-06-26 05:00 PM,2022,06,26,17,6.1,25,Good,5.2,UG/M3,1 Hr,Valid
Banja Luka,PM2.5 - Principal,2022-06-26 06:00 PM,2022,06,26,18,6.1,25,Good,6.2,UG/M3,1 Hr,Valid
Banja Luka,PM2.5 - Principal,2022-06-26 07:00 PM,2022,06,26,19,6.1,25,Good,6.1,UG/M3,1 Hr,Valid
Banja Luka,PM2.5 - Principal,2022-06-26 08:00 PM,2022,06,26,20,6.6,28,Good,7.2,UG/M3,1 Hr,Valid
Banja Luka,PM2.5 - Principal,2022-06-26 09:00 PM,2022,06,26,21,7.8,33,Good,9.0,UG/M3,1 Hr,Valid
Banja Luka,PM2.5 - Principal,2022-06-26 10:00 PM,2022,06,26,22,8.9,37,Good,10.1,UG/M3,1 Hr,Valid
Banja Luka,PM2.5 - Principal,2022-06-26 11:00 PM,2022,06,26,23,10.1,42,Good,11.3,UG/M3,1 Hr,Valid
Banja Luka,PM2.5 - Principal,2022-06-27 12:00 AM,2022,06,27,00,10.3,43,Good,10.4,UG/M3,1 Hr,Valid
Banja Luka,PM2.5 - Principal,2022-06-27 01:00 AM,2022,06,27,01,10.2,43,Good,10.1,UG/M3,1 Hr,Valid
Banja Luka,PM2.5 - Principal,2022-06-27 02:00 AM,2022,06,27,02,9.1,38,Good,8.1,UG/M3,1 Hr,Valid
Banja Luka,PM2.5 - Principal,2022-06-27 03:00 AM,2022,06,27,03,8.2,34,Good,7.4,UG/M3,1 Hr,Valid
Banja Luka,PM2.5 - Principal,2022-06-27 04:00 AM,2022,06,27,04,7.8,33,Good,7.4,UG/M3,1 Hr,Valid
Banja Luka,PM2.5 - Principal,2022-06-27 05:00 AM,2022,06,27,05,7.8,33,Good,7.7,UG/M3,1 Hr,Valid
Banja Luka,PM2.5 - Principal,2022-06-27 06:00 AM,2022,06,27,06,7.7,32,Good,7.6,UG/M3,1 Hr,Valid
Banja Luka,PM2.5 - Principal,2022-06-27 07:00 AM,2022,06,27,07,7.6,32,Good,7.1,UG/M3,1 Hr,Valid
Banja Luka,PM2.5 - Principal,2022-06-27 08:00 AM,2022,06,27,08,7.8,33,Good,8.2,UG/M3,1 Hr,Valid
Banja Luka,PM2.5 - Principal,2022-06-27 09:00 AM,2022,06,27,09,8.2,34,Good,8.8,UG/M3,1 Hr,Valid
Banja Luka,PM2.5 - Principal,2022-06-27 10:00 AM,2022,06,27,10,8.6,36,Good,9.2,UG/M3,1 Hr,Valid
Banja Luka,PM2.5 - Principal,2022-06-27 11:00 AM,2022,06,27,11,9.0,38,Good,10.2,UG/M3,1 Hr,Valid
Banja Luka,PM2.5 - Principal,2022-06-27 12:00 PM,2022,06,27,12,9.3,39,Good,10.1,UG/M3,1 Hr,Valid
Banja Luka,PM2.5 - Principal,2022-06-27 01:00 PM,2022,06,27,13,10.0,42,Good,11.0,UG/M3,1 Hr,Valid
Banja Luka,PM2.5 - Principal,2022-06-27 02:00 PM,2022,06,27,14,10.0,42,Good,10.1,UG/M3,1 Hr,Valid
Banja Luka,PM2.5 - Principal,2022-06-27 03:00 PM,2022,06,27,15,10.3,43,Good,10.6,UG/M3,1 Hr,Valid
Banja Luka,PM2.5 - Principal,2022-06-27 04:00 PM,2022,06,27,16,10.1,42,Good,9.9,UG/M3,1 Hr,Valid
Banja Luka,PM2.5 - Principal,2022-06-27 05:00 PM,2022,06,27,17,10.1,42,Good,10.1,UG/M3,1 Hr,Valid
Banja Luka,PM2.5 - Principal,2022-06-27 06:00 PM,2022,06,27,18,10.1,42,Good,10.0,UG/M3,1 Hr,Valid
Banja Luka,PM2.5 - Principal,2022-06-27 07:00 PM,2022,06,27,19,10.0,42,Good,9.8,UG/M3,1 Hr,Valid
Banja Luka,PM2.5 - Principal,2022-06-27 08:00 PM,2022,06,27,20,10.5,44,Good,11.9,UG/M3,1 Hr,Valid
Banja Luka,PM2.5 - Principal,2022-06-27 09:00 PM,2022,06,27,21,11.0,46,Good,12.3,UG/M3,1 Hr,Valid
Banja Luka,PM2.5 - Principal,2022-06-27 10:00 PM,2022,06,27,22,11.8,49,Good,13.7,UG/M3,1 Hr,Valid
Banja Luka,PM2.5 - Principal,2022-06-27 11:00 PM,2022,06,27,23,14.1,55,Moderate,16.7,UG/M3,1 Hr,Valid
Banja Luka,PM2.5 - Principal,2022-06-28 12:00 AM,2022,06,28,00,14.7,56,Moderate,15.6,UG/M3,1 Hr,Valid
Banja Luka,PM2.5 - Principal,2022-06-28 01:00 AM,2022,06,28,01,14.9,57,Moderate,15.2,UG/M3,1 Hr,Valid
Banja Luka,PM2.5 - Principal,2022-06-28 02:00 AM,2022,06,28,02,14.6,56,Moderate,14.2,UG/M3,1 Hr,Valid
Banja Luka,PM2.5 - Principal,2022-06-28 03:00 AM,2022,06,28,03,14.4,56,Moderate,14.0,UG/M3,1 Hr,Valid
Banja Luka,PM2.5 - Principal,2022-06-28 04:00 AM,2022,06,28,04,13.6,54,Moderate,12.4,UG/M3,1 Hr,Valid
Banja Luka,PM2.5 - Principal,2022-06-28 05:00 AM,2022,06,28,05,12.6,52,Moderate,11.2,UG/M3,1 Hr,Valid
Banja Luka,PM2.5 - Principal,2022-06-28 06:00 AM,2022,06,28,06,12.8,52,Moderate,13.0,UG/M3,1 Hr,Valid
Banja Luka,PM2.5 - Principal,2022-06-28 07:00 AM,2022,06,28,07,13.1,53,Moderate,13.4,UG/M3,1 Hr,Valid
Banja Luka,PM2.5 - Principal,2022-06-28 08:00 AM,2022,06,28,08,13.3,54,Moderate,13.6,UG/M3,1 Hr,Valid
Banja Luka,PM2.5 - Principal,2022-06-28 09:00 AM,2022,06,28,09,13.5,54,Moderate,14.1,UG/M3,1 Hr,Valid
Banja Luka,PM2.5 - Principal,2022-06-28 10:00 AM,2022,06,28,10,14.3,56,Moderate,15.7,UG/M3,1 Hr,Valid
Banja Luka,PM2.5 - Principal,2022-06-28 11:00 AM,2022,06,28,11,15.8,59,Moderate,18.2,UG/M3,1 Hr,Valid
Banja Luka,PM2.5 - Principal,2022-06-28 12:00 PM,2022,06,28,12,17.4,62,Moderate,19.3,UG/M3,1 Hr,Valid
Banja Luka,PM2.5 - Principal,2022-06-28 01:00 PM,2022,06,28,13,18.6,65,Moderate,20.0,UG/M3,1 Hr,Valid
Banja Luka,PM2.5 - Principal,2022-06-28 02:00 PM,2022,06,28,14,26.2,81,Moderate,33.4,UG/M3,1 Hr,Valid
Banja Luka,PM2.5 - Principal,2022-06-28 03:00 PM,2022,06,28,15,24.0,76,Moderate,21.9,UG/M3,1 Hr,Valid
Banja Luka,PM2.5 - Principal,2022-06-28 04:00 PM,2022,06,28,16,22.1,72,Moderate,20.2,UG/M3,1 Hr,Valid
Banja Luka,PM2.5 - Principal,2022-06-28 05:00 PM,2022,06,28,17,20.5,69,Moderate,18.8,UG/M3,1 Hr,Valid
Banja Luka,PM2.5 - Principal,2022-06-28 06:00 PM,2022,06,28,18,20.0,68,Moderate,19.5,UG/M3,1 Hr,Valid
Banja Luka,PM2.5 - Principal,2022-06-28 07:00 PM,2022,06,28,19,19.5,67,Moderate,18.9,UG/M3,1 Hr,Valid
Banja Luka,PM2.5 - Principal,2022-06-28 08:00 PM,2022,06,28,20,17.2,62,Moderate,15.0,UG/M3,1 Hr,Valid
Banja Luka,PM2.5 - Principal,2022-06-28 09:00 PM,2022,06,28,21,15.2,58,Moderate,13.2,UG/M3,1 Hr,Valid
Banja Luka,PM2.5 - Principal,2022-06-28 10:00 PM,2022,06,28,22,14.9,57,Moderate,14.6,UG/M3,1 Hr,Valid
Banja Luka,PM2.5 - Principal,2022-06-28 11:00 PM,2022,06,28,23,14.7,56,Moderate,14.5,UG/M3,1 Hr,Valid
Banja Luka,PM2.5 - Principal,2022-06-29 12:00 AM,2022,06,29,00,15.6,58,Moderate,16.5,UG/M3,1 Hr,Valid
Banja Luka,PM2.5 - Principal,2022-06-29 01:00 AM,2022,06,29,01,15.8,59,Moderate,16.1,UG/M3,1 Hr,Valid
Banja Luka,PM2.5 - Principal,2022-06-29 02:00 AM,2022,06,29,02,16.1,59,Moderate,16.7,UG/M3,1 Hr,Valid
Banja Luka,PM2.5 - Principal,2022-06-29 03:00 AM,2022,06,29,03,15.7,59,Moderate,14.9,UG/M3,1 Hr,Valid
Banja Luka,PM2.5 - Principal,2022-06-29 04:00 AM,2022,06,29,04,15.0,57,Moderate,13.8,UG/M3,1 Hr,Valid
Banja Luka,PM2.5 - Principal,2022-06-29 05:00 AM,2022,06,29,05,14.9,57,Moderate,14.5,UG/M3,1 Hr,Valid
Banja Luka,PM2.5 - Principal,2022-06-29 06:00 AM,2022,06,29,06,14.5,56,Moderate,13.8,UG/M3,1 Hr,Valid
Banja Luka,PM2.5 - Principal,2022-06-29 07:00 AM,2022,06,29,07,14.8,57,Moderate,15.4,UG/M3,1 Hr,Valid
Banja Luka,PM2.5 - Principal,2022-06-29 08:00 AM,2022,06,29,08,15.0,57,Moderate,15.4,UG/M3,1 Hr,Valid
Banja Luka,PM2.5 - Principal,2022-06-29 09:00 AM,2022,06,29,09,15.5,58,Moderate,17.3,UG/M3,1 Hr,Valid
Banja Luka,PM2.5 - Principal,2022-06-29 10:00 AM,2022,06,29,10,15.5,58,Moderate,15.4,UG/M3,1 Hr,Valid
Banja Luka,PM2.5 - Principal,2022-06-29 11:00 AM,2022,06,29,11,16.3,60,Moderate,18.5,UG/M3,1 Hr,Valid
Banja Luka,PM2.5 - Principal,2022-06-29 12:00 PM,2022,06,29,12,17.3,62,Moderate,19.4,UG/M3,1 Hr,Valid
Banja Luka,PM2.5 - Principal,2022-06-29 01:00 PM,2022,06,29,13,17.9,63,Moderate,19.1,UG/M3,1 Hr,Valid
Banja Luka,PM2.5 - Principal,2022-06-29 02:00 PM,2022,06,29,14,17.7,63,Moderate,17.4,UG/M3,1 Hr,Valid
Banja Luka,PM2.5 - Principal,2022-06-29 03:00 PM,2022,06,29,15,17.6,63,Moderate,17.3,UG/M3,1 Hr,Valid
Banja Luka,PM2.5 - Principal,2022-06-29 04:00 PM,2022,06,29,16,17.3,62,Moderate,16.6,UG/M3,1 Hr,Valid
Banja Luka,PM2.5 - Principal,2022-06-29 05:00 PM,2022,06,29,17,17.2,62,Moderate,16.7,UG/M3,1 Hr,Valid
Banja Luka,PM2.5 - Principal,2022-06-29 06:00 PM,2022,06,29,18,16.7,61,Moderate,15.0,UG/M3,1 Hr,Valid
Banja Luka,PM2.5 - Principal,2022-06-29 07:00 PM,2022,06,29,19,14.9,57,Moderate,12.3,UG/M3,1 Hr,Valid
Banja Luka,PM2.5 - Principal,2022-06-29 08:00 PM,2022,06,29,20,14.2,55,Moderate,12.9,UG/M3,1 Hr,Valid
Banja Luka,PM2.5 - Principal,2022-06-29 09:00 PM,2022,06,29,21,15.0,57,Moderate,16.5,UG/M3,1 Hr,Valid
Banja Luka,PM2.5 - Principal,2022-06-29 10:00 PM,2022,06,29,22,15.6,58,Moderate,16.5,UG/M3,1 Hr,Valid
Banja Luka,PM2.5 - Principal,2022-06-29 11:00 PM,2022,06,29,23,15.8,59,Moderate,16.2,UG/M3,1 Hr,Valid
Banja Luka,PM2.5 - Principal,2022-06-30 12:00 AM,2022,06,30,00,16.0,59,Moderate,16.3,UG/M3,1 Hr,Valid
Banja Luka,PM2.5 - Principal,2022-06-30 01:00 AM,2022,06,30,01,16.9,61,Moderate,18.8,UG/M3,1 Hr,Valid
Banja Luka,PM2.5 - Principal,2022-06-30 02:00 AM,2022,06,30,02,17.1,62,Moderate,17.4,UG/M3,1 Hr,Valid
Banja Luka,PM2.5 - Principal,2022-06-30 03:00 AM,2022,06,30,03,16.8,61,Moderate,16.4,UG/M3,1 Hr,Valid
Banja Luka,PM2.5 - Principal,2022-06-30 04:00 AM,2022,06,30,04,16.4,60,Moderate,15.6,UG/M3,1 Hr,Valid
Banja Luka,PM2.5 - Principal,2022-06-30 05:00 AM,2022,06,30,05,15.7,59,Moderate,14.5,UG/M3,1 Hr,Valid
Banja Luka,PM2.5 - Principal,2022-06-30 06:00 AM,2022,06,30,06,15.2,58,Moderate,14.1,UG/M3,1 Hr,Valid
Banja Luka,PM2.5 - Principal,2022-06-30 07:00 AM,2022,06,30,07,15.3,58,Moderate,15.2,UG/M3,1 Hr,Valid
Banja Luka,PM2.5 - Principal,2022-06-30 08:00 AM,2022,06,30,08,15.2,58,Moderate,14.5,UG/M3,1 Hr,Valid
Banja Luka,PM2.5 - Principal,2022-06-30 09:00 AM,2022,06,30,09,15.6,58,Moderate,16.8,UG/M3,1 Hr,Valid
Banja Luka,PM2.5 - Principal,2022-06-30 10:00 AM,2022,06,30,10,15.0,57,Moderate,13.5,UG/M3,1 Hr,Valid
Banja Luka,PM2.5 - Principal,2022-06-30 11:00 AM,2022,06,30,11,13.7,54,Moderate,11.8,UG/M3,1 Hr,Valid
Banja Luka,PM2.5 - Principal,2022-06-30 12:00 PM,2022,06,30,12,13.1,53,Moderate,12.0,UG/M3,1 Hr,Valid
Banja Luka,PM2.5 - Principal,2022-06-30 01:00 PM,2022,06,30,13,12.9,53,Moderate,12.3,UG/M3,1 Hr,Valid
Banja Luka,PM2.5 - Principal,2022-06-30 02:00 PM,2022,06,30,14,12.7,52,Moderate,12.0,UG/M3,1 Hr,Valid
Banja Luka,PM2.5 - Principal,2022-06-30 03:00 PM,2022,06,30,15,12.6,52,Moderate,12.3,UG/M3,1 Hr,Valid
Banja Luka,PM2.5 - Principal,2022-06-30 04:00 PM,2022,06,30,16,12.5,52,Moderate,12.5,UG/M3,1 Hr,Valid
Banja Luka,PM2.5 - Principal,2022-06-30 05:00 PM,2022,06,30,17,12.5,52,Moderate,12.5,UG/M3,1 Hr,Valid
Banja Luka,PM2.5 - Principal,2022-06-30 06:00 PM,2022,06,30,18,12.4,52,Moderate,12.1,UG/M3,1 Hr,Valid
Banja Luka,PM2.5 - Principal,2022-06-30 07:00 PM,2022,06,30,19,12.0,50,Good,11.4,UG/M3,1 Hr,Valid
Banja Luka,PM2.5 - Principal,2022-06-30 08:00 PM,2022,06,30,20,12.0,50,Good,11.9,UG/M3,1 Hr,Valid
Banja Luka,PM2.5 - Principal,2022-06-30 09:00 PM,2022,06,30,21,12.4,52,Moderate,13.6,UG/M3,1 Hr,Valid
Banja Luka,PM2.5 - Principal,2022-06-30 10:00 PM,2022,06,30,22,12.5,52,Moderate,13.3,UG/M3,1 Hr,Valid
Banja Luka,PM2.5 - Principal,2022-06-30 11:00 PM,2022,06,30,23,13.5,54,Moderate,15.5,UG/M3,1 Hr,Valid
Banja Luka,PM2.5 - Principal,2022-07-01 12:00 AM,2022,07,01,00,14.2,55,Moderate,15.9,UG/M3,1 Hr,Valid
Banja Luka,PM2.5 - Principal,2022-07-01 01:00 AM,2022,07,01,01,14.5,56,Moderate,15.1,UG/M3,1 Hr,Valid
Banja Luka,PM2.5 - Principal,2022-07-01 02:00 AM,2022,07,01,02,14.3,56,Moderate,13.9,UG/M3,1 Hr,Valid
Banja Luka,PM2.5 - Principal,2022-07-01 03:00 AM,2022,07,01,03,14.0,55,Moderate,13.3,UG/M3,1 Hr,Valid
Banja Luka,PM2.5 - Principal,2022-07-01 04:00 AM,2022,07,01,04,13.6,54,Moderate,12.4,UG/M3,1 Hr,Valid
Banja Luka,PM2.5 - Principal,2022-07-01 05:00 AM,2022,07,01,05,13.1,53,Moderate,11.9,UG/M3,1 Hr,Valid
Banja Luka,PM2.5 - Principal,2022-07-01 06:00 AM,2022,07,01,06,12.9,53,Moderate,12.4,UG/M3,1 Hr,Valid
Banja Luka,PM2.5 - Principal,2022-07-01 07:00 AM,2022,07,01,07,12.8,52,Moderate,12.2,UG/M3,1 Hr,Valid
Banja Luka,PM2.5 - Principal,2022-07-01 08:00 AM,2022,07,01,08,12.8,52,Moderate,12.7,UG/M3,1 Hr,Valid
Banja Luka,PM2.5 - Principal,2022-07-01 09:00 AM,2022,07,01,09,13.2,53,Moderate,14.3,UG/M3,1 Hr,Valid
Banja Luka,PM2.5 - Principal,2022-07-01 10:00 AM,2022,07,01,10,13.7,54,Moderate,15.2,UG/M3,1 Hr,Valid
Banja Luka,PM2.5 - Principal,2022-07-01 11:00 AM,2022,07,01,11,13.8,55,Moderate,14.3,UG/M3,1 Hr,Valid
Banja Luka,PM2.5 - Principal,2022-07-01 12:00 PM,2022,07,01,12,12.1,51,Moderate,9.1,UG/M3,1 Hr,Valid
Banja Luka,PM2.5 - Principal,2022-07-01 01:00 PM,2022,07,01,13,9.8,41,Good,7.8,UG/M3,1 Hr,Valid
Banja Luka,PM2.5 - Principal,2022-07-01 02:00 PM,2022,07,01,14,8.0,33,Good,6.2,UG/M3,1 Hr,Valid
Banja Luka,PM2.5 - Principal,2022-07-01 03:00 PM,2022,07,01,15,7.7,32,Good,7.4,UG/M3,1 Hr,Valid
Banja Luka,PM2.5 - Principal,2022-07-01 04:00 PM,2022,07,01,16,7.6,32,Good,7.5,UG/M3,1 Hr,Valid
Banja Luka,PM2.5 - Principal,2022-07-01 05:00 PM,2022,07,01,17,7.9,33,Good,8.2,UG/M3,1 Hr,Valid
Banja Luka,PM2.5 - Principal,2022-07-01 06:00 PM,2022,07,01,18,8.0,33,Good,8.2,UG/M3,1 Hr,Valid
Banja Luka,PM2.5 - Principal,2022-07-01 07:00 PM,2022,07,01,19,8.0,33,Good,8.0,UG/M3,1 Hr,Valid
Banja Luka,PM2.5 - Principal,2022-07-01 08:00 PM,2022,07,01,20,7.6,32,Good,7.3,UG/M3,1 Hr,Valid
Banja Luka,PM2.5 - Principal,2022-07-01 09:00 PM,2022,07,01,21,8.3,35,Good,9.0,UG/M3,1 Hr,Valid
Banja Luka,PM2.5 - Principal,2022-07-01 10:00 PM,2022,07,01,22,12.4,52,Moderate,16.4,UG/M3,1 Hr,Valid
Banja Luka,PM2.5 - Principal,2022-07-01 11:00 PM,2022,07,01,23,11.5,48,Good,10.6,UG/M3,1 Hr,Valid
Banja Luka,PM2.5 - Principal,2022-07-02 12:00 AM,2022,07,02,00,10.9,45,Good,10.3,UG/M3,1 Hr,Valid
Banja Luka,PM2.5 - Principal,2022-07-02 01:00 AM,2022,07,02,01,11.7,49,Good,12.5,UG/M3,1 Hr,Valid
Banja Luka,PM2.5 - Principal,2022-07-02 02:00 AM,2022,07,02,02,12.2,51,Moderate,12.6,UG/M3,1 Hr,Valid
Banja Luka,PM2.5 - Principal,2022-07-02 03:00 AM,2022,07,02,03,11.4,48,Good,10.7,UG/M3,1 Hr,Valid
Banja Luka,PM2.5 - Principal,2022-07-02 04:00 AM,2022,07,02,04,11.3,47,Good,11.1,UG/M3,1 Hr,Valid
Banja Luka,PM2.5 - Principal,2022-07-02 05:00 AM,2022,07,02,05,10.8,45,Good,10.4,UG/M3,1 Hr,Valid
Banja Luka,PM2.5 - Principal,2022-07-02 06:00 AM,2022,07,02,06,9.7,40,Good,8.6,UG/M3,1 Hr,Valid
Banja Luka,PM2.5 - Principal,2022-07-02 07:00 AM,2022,07,02,07,9.2,38,Good,8.8,UG/M3,1 Hr,Valid
Banja Luka,PM2.5 - Principal,2022-07-02 08:00 AM,2022,07,02,08,8.2,34,Good,7.1,UG/M3,1 Hr,Valid
Banja Luka,PM2.5 - Principal,2022-07-02 09:00 AM,2022,07,02,09,6.3,26,Good,4.4,UG/M3,1 Hr,Valid
Banja Luka,PM2.5 - Principal,2022-07-02 10:00 AM,2022,07,02,10,5.4,23,Good,4.6,UG/M3,1 Hr,Valid
Banja Luka,PM2.5 - Principal,2022-07-02 11:00 AM,2022,07,02,11,5.1,21,Good,4.8,UG/M3,1 Hr,Valid
Banja Luka,PM2.5 - Principal,2022-07-02 12:00 PM,2022,07,02,12,5.3,22,Good,5.6,UG/M3,1 Hr,Valid
Banja Luka,PM2.5 - Principal,2022-07-02 01:00 PM,2022,07,02,13,5.8,24,Good,6.4,UG/M3,1 Hr,Valid
Banja Luka,PM2.5 - Principal,2022-07-02 02:00 PM,2022,07,02,14,6.1,25,Good,6.4,UG/M3,1 Hr,Valid
Banja Luka,PM2.5 - Principal,2022-07-02 03:00 PM,2022,07,02,15,5.9,25,Good,5.6,UG/M3,1 Hr,Valid
Banja Luka,PM2.5 - Principal,2022-07-02 04:00 PM,2022,07,02,16,5.8,24,Good,5.7,UG/M3,1 Hr,Valid
Banja Luka,PM2.5 - Principal,2022-07-02 05:00 PM,2022,07,02,17,5.8,24,Good,5.8,UG/M3,1 Hr,Valid
Banja Luka,PM2.5 - Principal,2022-07-02 06:00 PM,2022,07,02,18,5.8,24,Good,5.7,UG/M3,1 Hr,Valid
Banja Luka,PM2.5 - Principal,2022-07-02 07:00 PM,2022,07,02,19,5.9,25,Good,6.0,UG/M3,1 Hr,Valid
Banja Luka,PM2.5 - Principal,2022-07-02 08:00 PM,2022,07,02,20,5.9,25,Good,6.2,UG/M3,1 Hr,Valid
Banja Luka,PM2.5 - Principal,2022-07-02 09:00 PM,2022,07,02,21,6.1,25,Good,6.4,UG/M3,1 Hr,Valid
Banja Luka,PM2.5 - Principal,2022-07-02 10:00 PM,2022,07,02,22,6.1,25,Good,6.4,UG/M3,1 Hr,Valid
Banja Luka,PM2.5 - Principal,2022-07-02 11:00 PM,2022,07,02,23,7.9,33,Good,10.0,UG/M3,1 Hr,Valid
Banja Luka,PM2.5 - Principal,2022-07-03 12:00 AM,2022,07,03,00,8.2,34,Good,8.7,UG/M3,1 Hr,Valid
Banja Luka,PM2.5 - Principal,2022-07-03 01:00 AM,2022,07,03,01,8.0,33,Good,7.6,UG/M3,1 Hr,Valid
Banja Luka,PM2.5 - Principal,2022-07-03 02:00 AM,2022,07,03,02,7.3,30,Good,6.5,UG/M3,1 Hr,Valid
Banja Luka,PM2.5 - Principal,2022-07-03 03:00 AM,2022,07,03,03,6.9,29,Good,6.2,UG/M3,1 Hr,Valid
Banja Luka,PM2.5 - Principal,2022-07-03 04:00 AM,2022,07,03,04,6.4,27,Good,5.8,UG/M3,1 Hr,Valid
Banja Luka,PM2.5 - Principal,2022-07-03 05:00 AM,2022,07,03,05,6.3,26,Good,6.0,UG/M3,1 Hr,Valid
Banja Luka,PM2.5 - Principal,2022-07-03 06:00 AM,2022,07,03,06,6.0,25,Good,5.7,UG/M3,1 Hr,Valid
Banja Luka,PM2.5 - Principal,2022-07-03 07:00 AM,2022,07,03,07,5.8,24,Good,5.5,UG/M3,1 Hr,Valid
Banja Luka,PM2.5 - Principal,2022-07-03 08:00 AM,2022,07,03,08,5.8,24,Good,5.7,UG/M3,1 Hr,Valid
Banja Luka,PM2.5 - Principal,2022-07-03 09:00 AM,2022,07,03,09,6.0,25,Good,6.3,UG/M3,1 Hr,Valid
Banja Luka,PM2.5 - Principal,2022-07-03 10:00 AM,2022,07,03,10,6.8,28,Good,7.8,UG/M3,1 Hr,Valid
Banja Luka,PM2.5 - Principal,2022-07-03 11:00 AM,2022,07,03,11,6.8,28,Good,7.0,UG/M3,1 Hr,Valid
Banja Luka,PM2.5 - Principal,2022-07-03 12:00 PM,2022,07,03,12,7.1,30,Good,7.9,UG/M3,1 Hr,Valid
Banja Luka,PM2.5 - Principal,2022-07-03 01:00 PM,2022,07,03,13,7.8,33,Good,8.8,UG/M3,1 Hr,Valid
Banja Luka,PM2.5 - Principal,2022-07-03 02:00 PM,2022,07,03,14,8.3,35,Good,9.0,UG/M3,1 Hr,Valid
Banja Luka,PM2.5 - Principal,2022-07-03 03:00 PM,2022,07,03,15,9.4,39,Good,10.4,UG/M3,1 Hr,Valid
Banja Luka,PM2.5 - Principal,2022-07-03 04:00 PM,2022,07,03,16,10.4,43,Good,11.4,UG/M3,1 Hr,Valid
Banja Luka,PM2.5 - Principal,2022-07-03 05:00 PM,2022,07,03,17,10.3,43,Good,10.1,UG/M3,1 Hr,Valid
Banja Luka,PM2.5 - Principal,2022-07-03 06:00 PM,2022,07,03,18,10.2,43,Good,10.0,UG/M3,1 Hr,Valid
Banja Luka,PM2.5 - Principal,2022-07-03 07:00 PM,2022,07,03,19,10.3,43,Good,10.5,UG/M3,1 Hr,Valid
Banja Luka,PM2.5 - Principal,2022-07-03 08:00 PM,2022,07,03,20,11.0,46,Good,11.8,UG/M3,1 Hr,Valid
Banja Luka,PM2.5 - Principal,2022-07-03 09:00 PM,2022,07,03,21,10.3,43,Good,9.4,UG/M3,1 Hr,Valid
Banja Luka,PM2.5 - Principal,2022-07-03 10:00 PM,2022,07,03,22,10.0,42,Good,9.5,UG/M3,1 Hr,Valid
Banja Luka,PM2.5 - Principal,2022-07-03 11:00 PM,2022,07,03,23,10.3,43,Good,11.0,UG/M3,1 Hr,Valid
Banja Luka,PM2.5 - Principal,2022-07-04 12:00 AM,2022,07,04,00,10.3,43,Good,10.4,UG/M3,1 Hr,Valid
Banja Luka,PM2.5 - Principal,2022-07-04 01:00 AM,2022,07,04,01,10.2,43,Good,9.8,UG/M3,1 Hr,Valid
Banja Luka,PM2.5 - Principal,2022-07-04 02:00 AM,2022,07,04,02,10.2,43,Good,9.8,UG/M3,1 Hr,Valid
Banja Luka,PM2.5 - Principal,2022-07-04 03:00 AM,2022,07,04,03,9.8,41,Good,8.9,UG/M3,1 Hr,Valid
Banja Luka,PM2.5 - Principal,2022-07-04 04:00 AM,2022,07,04,04,9.7,40,Good,9.3,UG/M3,1 Hr,Valid
Banja Luka,PM2.5 - Principal,2022-07-04 05:00 AM,2022,07,04,05,9.5,40,Good,9.1,UG/M3,1 Hr,Valid
Banja Luka,PM2.5 - Principal,2022-07-04 06:00 AM,2022,07,04,06,9.3,39,Good,8.7,UG/M3,1 Hr,Valid
Banja Luka,PM2.5 - Principal,2022-07-04 07:00 AM,2022,07,04,07,9.4,39,Good,9.9,UG/M3,1 Hr,Valid
Banja Luka,PM2.5 - Principal,2022-07-04 08:00 AM,2022,07,04,08,9.7,40,Good,10.5,UG/M3,1 Hr,Valid
Banja Luka,PM2.5 - Principal,2022-07-04 09:00 AM,2022,07,04,09,10.2,43,Good,11.6,UG/M3,1 Hr,Valid
Banja Luka,PM2.5 - Principal,2022-07-04 10:00 AM,2022,07,04,10,11.8,49,Good,13.9,UG/M3,1 Hr,Valid
Banja Luka,PM2.5 - Principal,2022-07-04 11:00 AM,2022,07,04,11,12.3,51,Moderate,13.2,UG/M3,1 Hr,Valid
Banja Luka,PM2.5 - Principal,2022-07-04 12:00 PM,2022,07,04,12,12.3,51,Moderate,12.4,UG/M3,1 Hr,Valid
Banja Luka,PM2.5 - Principal,2022-07-04 01:00 PM,2022,07,04,13,12.3,51,Moderate,12.3,UG/M3,1 Hr,Valid
Banja Luka,PM2.5 - Principal,2022-07-04 02:00 PM,2022,07,04,14,12.4,52,Moderate,12.6,UG/M3,1 Hr,Valid
Banja Luka,PM2.5 - Principal,2022-07-04 03:00 PM,2022,07,04,15,13.4,54,Moderate,14.7,UG/M3,1 Hr,Valid
Banja Luka,PM2.5 - Principal,2022-07-04 04:00 PM,2022,07,04,16,14.0,55,Moderate,14.9,UG/M3,1 Hr,Valid
Banja Luka,PM2.5 - Principal,2022-07-04 05:00 PM,2022,07,04,17,13.2,53,Moderate,12.0,UG/M3,1 Hr,Valid
Banja Luka,PM2.5 - Principal,2022-07-04 06:00 PM,2022,07,04,18,11.8,49,Good,9.5,UG/M3,1 Hr,Valid
Banja Luka,PM2.5 - Principal,2022-07-04 07:00 PM,2022,07,04,19,9.6,40,Good,7.7,UG/M3,1 Hr,Valid
Banja Luka,PM2.5 - Principal,2022-07-04 08:00 PM,2022,07,04,20,9.3,39,Good,8.9,UG/M3,1 Hr,Valid
Banja Luka,PM2.5 - Principal,2022-07-04 09:00 PM,2022,07,04,21,9.8,41,Good,10.4,UG/M3,1 Hr,Valid
Banja Luka,PM2.5 - Principal,2022-07-04 10:00 PM,2022,07,04,22,11.0,46,Good,12.3,UG/M3,1 Hr,Valid
Banja Luka,PM2.5 - Principal,2022-07-04 11:00 PM,2022,07,04,23,13.4,54,Moderate,15.7,UG/M3,1 Hr,Valid
Banja Luka,PM2.5 - Principal,2022-07-05 12:00 AM,2022,07,05,00,14.6,56,Moderate,15.9,UG/M3,1 Hr,Valid
Banja Luka,PM2.5 - Principal,2022-07-05 01:00 AM,2022,07,05,01,21.5,71,Moderate,28.5,UG/M3,1 Hr,Valid
Banja Luka,PM2.5 - Principal,2022-07-05 02:00 AM,2022,07,05,02,21.2,70,Moderate,20.8,UG/M3,1 Hr,Valid
Banja Luka,PM2.5 - Principal,2022-07-05 03:00 AM,2022,07,05,03,20.6,69,Moderate,20.1,UG/M3,1 Hr,Valid
Banja Luka,PM2.5 - Principal,2022-07-05 04:00 AM,2022,07,05,04,18.8,65,Moderate,17.0,UG/M3,1 Hr,Valid
Banja Luka,PM2.5 - Principal,2022-07-05 05:00 AM,2022,07,05,05,17.8,63,Moderate,16.8,UG/M3,1 Hr,Valid
Banja Luka,PM2.5 - Principal,2022-07-05 06:00 AM,2022,07,05,06,19.1,66,Moderate,20.5,UG/M3,1 Hr,Valid
Banja Luka,PM2.5 - Principal,2022-07-05 07:00 AM,2022,07,05,07,19.5,67,Moderate,19.9,UG/M3,1 Hr,Valid
Banja Luka,PM2.5 - Principal,2022-07-05 08:00 AM,2022,07,05,08,16.9,61,Moderate,14.2,UG/M3,1 Hr,Valid
Banja Luka,PM2.5 - Principal,2022-07-05 09:00 AM,2022,07,05,09,15.4,58,Moderate,13.9,UG/M3,1 Hr,Valid
Banja Luka,PM2.5 - Principal,2022-07-05 10:00 AM,2022,07,05,10,14.2,55,Moderate,13.0,UG/M3,1 Hr,Valid
Banja Luka,PM2.5 - Principal,2022-07-05 11:00 AM,2022,07,05,11,12.1,51,Moderate,10.0,UG/M3,1 Hr,Valid
Banja Luka,PM2.5 - Principal,2022-07-05 12:00 PM,2022,07,05,12,11.2,47,Good,10.4,UG/M3,1 Hr,Valid
Banja Luka,PM2.5 - Principal,2022-07-05 01:00 PM,2022,07,05,13,11.2,47,Good,11.2,UG/M3,1 Hr,Valid
Banja Luka,PM2.5 - Principal,2022-07-05 02:00 PM,2022,07,05,14,11.5,48,Good,11.8,UG/M3,1 Hr,Valid
Banja Luka,PM2.5 - Principal,2022-07-05 03:00 PM,2022,07,05,15,12.1,51,Moderate,12.8,UG/M3,1 Hr,Valid
Banja Luka,PM2.5 - Principal,2022-07-05 04:00 PM,2022,07,05,16,12.0,50,Good,11.8,UG/M3,1 Hr,Valid
Banja Luka,PM2.5 - Principal,2022-07-05 05:00 PM,2022,07,05,17,11.1,46,Good,10.2,UG/M3,1 Hr,Valid
Banja Luka,PM2.5 - Principal,2022-07-05 06:00 PM,2022,07,05,18,10.1,42,Good,9.2,UG/M3,1 Hr,Valid
Banja Luka,PM2.5 - Principal,2022-07-05 07:00 PM,2022,07,05,19,9.5,40,Good,8.3,UG/M3,1 Hr,Valid
Banja Luka,PM2.5 - Principal,2022-07-05 08:00 PM,2022,07,05,20,9.0,38,Good,8.3,UG/M3,1 Hr,Valid
Banja Luka,PM2.5 - Principal,2022-07-05 09:00 PM,2022,07,05,21,8.6,36,Good,7.8,UG/M3,1 Hr,Valid
Banja Luka,PM2.5 - Principal,2022-07-05 10:00 PM,2022,07,05,22,7.9,33,Good,7.3,UG/M3,1 Hr,Valid
Banja Luka,PM2.5 - Principal,2022-07-05 11:00 PM,2022,07,05,23,7.5,31,Good,7.1,UG/M3,1 Hr,Valid
Banja Luka,PM2.5 - Principal,2022-07-06 12:00 AM,2022,07,06,00,6.9,29,Good,6.4,UG/M3,1 Hr,Valid
Banja Luka,PM2.5 - Principal,2022-07-06 01:00 AM,2022,07,06,01,6.6,28,Good,6.2,UG/M3,1 Hr,Valid
Banja Luka,PM2.5 - Principal,2022-07-06 02:00 AM,2022,07,06,02,6.5,27,Good,6.4,UG/M3,1 Hr,Valid
Banja Luka,PM2.5 - Principal,2022-07-06 03:00 AM,2022,07,06,03,6.5,27,Good,6.5,UG/M3,1 Hr,Valid
Banja Luka,PM2.5 - Principal,2022-07-06 04:00 AM,2022,07,06,04,6.4,27,Good,6.2,UG/M3,1 Hr,Valid
Banja Luka,PM2.5 - Principal,2022-07-06 05:00 AM,2022,07,06,05,6.3,26,Good,6.1,UG/M3,1 Hr,Valid
Banja Luka,PM2.5 - Principal,2022-07-06 06:00 AM,2022,07,06,06,6.2,26,Good,5.9,UG/M3,1 Hr,Valid
Banja Luka,PM2.5 - Principal,2022-07-06 07:00 AM,2022,07,06,07,6.1,25,Good,5.7,UG/M3,1 Hr,Valid
Banja Luka,PM2.5 - Principal,2022-07-06 08:00 AM,2022,07,06,08,5.9,25,Good,5.6,UG/M3,1 Hr,Valid
Banja Luka,PM2.5 - Principal,2022-07-06 09:00 AM,2022,07,06,09,6.0,25,Good,6.2,UG/M3,1 Hr,Valid
Banja Luka,PM2.5 - Principal,2022-07-06 10:00 AM,2022,07,06,10,6.2,26,Good,6.9,UG/M3,1 Hr,Valid
Banja Luka,PM2.5 - Principal,2022-07-06 11:00 AM,2022,07,06,11,6.6,28,Good,7.6,UG/M3,1 Hr,Valid
Banja Luka,PM2.5 - Principal,2022-07-06 12:00 PM,2022,07,06,12,7.1,30,Good,8.1,UG/M3,1 Hr,Valid
Banja Luka,PM2.5 - Principal,2022-07-06 01:00 PM,2022,07,06,13,7.4,31,Good,7.8,UG/M3,1 Hr,Valid
Banja Luka,PM2.5 - Principal,2022-07-06 02:00 PM,2022,07,06,14,7.5,31,Good,7.7,UG/M3,1 Hr,Valid
Banja Luka,PM2.5 - Principal,2022-07-06 03:00 PM,2022,07,06,15,7.6,32,Good,8.0,UG/M3,1 Hr,Valid
Banja Luka,PM2.5 - Principal,2022-07-06 04:00 PM,2022,07,06,16,7.6,32,Good,7.6,UG/M3,1 Hr,Valid
Banja Luka,PM2.5 - Principal,2022-07-06 05:00 PM,2022,07,06,17,7.5,31,Good,7.3,UG/M3,1 Hr,Valid
Banja Luka,PM2.5 - Principal,2022-07-06 06:00 PM,2022,07,06,18,7.5,31,Good,7.4,UG/M3,1 Hr,Valid
Banja Luka,PM2.5 - Principal,2022-07-06 07:00 PM,2022,07,06,19,7.4,31,Good,7.2,UG/M3,1 Hr,Valid
Banja Luka,PM2.5 - Principal,2022-07-06 08:00 PM,2022,07,06,20,7.4,31,Good,7.2,UG/M3,1 Hr,Valid
Banja Luka,PM2.5 - Principal,2022-07-06 09:00 PM,2022,07,06,21,7.5,31,Good,7.6,UG/M3,1 Hr,Valid
Banja Luka,PM2.5 - Principal,2022-07-06 10:00 PM,2022,07,06,22,7.7,32,Good,8.5,UG/M3,1 Hr,Valid
Banja Luka,PM2.5 - Principal,2022-07-06 11:00 PM,2022,07,06,23,9.9,41,Good,12.7,UG/M3,1 Hr,Valid
Banja Luka,PM2.5 - Principal,2022-07-07 12:00 AM,2022,07,07,00,11.0,46,Good,12.3,UG/M3,1 Hr,Valid
Banja Luka,PM2.5 - Principal,2022-07-07 01:00 AM,2022,07,07,01,10.5,44,Good,9.9,UG/M3,1 Hr,Valid
Banja Luka,PM2.5 - Principal,2022-07-07 02:00 AM,2022,07,07,02,10.2,43,Good,9.8,UG/M3,1 Hr,Valid
Banja Luka,PM2.5 - Principal,2022-07-07 03:00 AM,2022,07,07,03,9.7,40,Good,9.1,UG/M3,1 Hr,Valid
Banja Luka,PM2.5 - Principal,2022-07-07 04:00 AM,2022,07,07,04,9.3,39,Good,8.6,UG/M3,1 Hr,Valid
Banja Luka,PM2.5 - Principal,2022-07-07 05:00 AM,2022,07,07,05,8.9,37,Good,8.4,UG/M3,1 Hr,Valid
Banja Luka,PM2.5 - Principal,2022-07-07 06:00 AM,2022,07,07,06,8.6,36,Good,8.1,UG/M3,1 Hr,Valid
Banja Luka,PM2.5 - Principal,2022-07-07 07:00 AM,2022,07,07,07,8.8,37,Good,9.2,UG/M3,1 Hr,Valid
Banja Luka,PM2.5 - Principal,2022-07-07 08:00 AM,2022,07,07,08,8.9,37,Good,9.0,UG/M3,1 Hr,Valid
Banja Luka,PM2.5 - Principal,2022-07-07 09:00 AM,2022,07,07,09,9.2,38,Good,9.7,UG/M3,1 Hr,Valid
Banja Luka,PM2.5 - Principal,2022-07-07 10:00 AM,2022,07,07,10,9.5,40,Good,10.0,UG/M3,1 Hr,Valid
Banja Luka,PM2.5 - Principal,2022-07-07 11:00 AM,2022,07,07,11,9.8,41,Good,10.5,UG/M3,1 Hr,Valid
Banja Luka,PM2.5 - Principal,2022-07-07 12:00 PM,2022,07,07,12,10.1,42,Good,11.2,UG/M3,1 Hr,Valid
Banja Luka,PM2.5 - Principal,2022-07-07 01:00 PM,2022,07,07,13,10.1,42,Good,10.2,UG/M3,1 Hr,Valid
Banja Luka,PM2.5 - Principal,2022-07-07 02:00 PM,2022,07,07,14,9.7,40,Good,8.8,UG/M3,1 Hr,Valid
Banja Luka,PM2.5 - Principal,2022-07-07 03:00 PM,2022,07,07,15,8.7,36,Good,7.0,UG/M3,1 Hr,Valid
Banja Luka,PM2.5 - Principal,2022-07-07 04:00 PM,2022,07,07,16,8.9,37,Good,9.3,UG/M3,1 Hr,Valid
Banja Luka,PM2.5 - Principal,2022-07-07 05:00 PM,2022,07,07,17,9.3,39,Good,9.9,UG/M3,1 Hr,Valid
Banja Luka,PM2.5 - Principal,2022-07-07 06:00 PM,2022,07,07,18,9.2,38,Good,9.0,UG/M3,1 Hr,Valid
Banja Luka,PM2.5 - Principal,2022-07-07 07:00 PM,2022,07,07,19,8.5,35,Good,7.3,UG/M3,1 Hr,Valid
Banja Luka,PM2.5 - Principal,2022-07-07 08:00 PM,2022,07,07,20,8.4,35,Good,8.2,UG/M3,1 Hr,Valid
Banja Luka,PM2.5 - Principal,2022-07-07 09:00 PM,2022,07,07,21,8.4,35,Good,8.5,UG/M3,1 Hr,Valid
Banja Luka,PM2.5 - Principal,2022-07-07 10:00 PM,2022,07,07,22,8.5,35,Good,8.7,UG/M3,1 Hr,Valid
Banja Luka,PM2.5 - Principal,2022-07-07 11:00 PM,2022,07,07,23,8.5,35,Good,8.5,UG/M3,1 Hr,Valid
Banja Luka,PM2.5 - Principal,2022-07-08 12:00 AM,2022,07,08,00,7.9,33,Good,6.8,UG/M3,1 Hr,Valid
Banja Luka,PM2.5 - Principal,2022-07-08 01:00 AM,2022,07,08,01,6.6,28,Good,5.3,UG/M3,1 Hr,Valid
Banja Luka,PM2.5 - Principal,2022-07-08 02:00 AM,2022,07,08,02,5.3,22,Good,4.1,UG/M3,1 Hr,Valid
Banja Luka,PM2.5 - Principal,2022-07-08 03:00 AM,2022,07,08,03,4.3,18,Good,3.3,UG/M3,1 Hr,Valid
Banja Luka,PM2.5 - Principal,2022-07-08 04:00 AM,2022,07,08,04,3.8,16,Good,3.3,UG/M3,1 Hr,Valid
Banja Luka,PM2.5 - Principal,2022-07-08 05:00 AM,2022,07,08,05,3.1,13,Good,2.5,UG/M3,1 Hr,Valid
Banja Luka,PM2.5 - Principal,2022-07-08 06:00 AM,2022,07,08,06,3.2,13,Good,3.2,UG/M3,1 Hr,Valid
Banja Luka,PM2.5 - Principal,2022-07-08 07:00 AM,2022,07,08,07,3.3,14,Good,3.4,UG/M3,1 Hr,Valid
Banja Luka,PM2.5 - Principal,2022-07-08 08:00 AM,2022,07,08,08,3.5,15,Good,3.6,UG/M3,1 Hr,Valid
Banja Luka,PM2.5 - Principal,2022-07-08 09:00 AM,2022,07,08,09,3.6,15,Good,3.7,UG/M3,1 Hr,Valid
Banja Luka,PM2.5 - Principal,2022-07-08 10:00 AM,2022,07,08,10,3.8,16,Good,4.1,UG/M3,1 Hr,Valid
Banja Luka,PM2.5 - Principal,2022-07-08 11:00 AM,2022,07,08,11,4.3,18,Good,4.9,UG/M3,1 Hr,Valid
Banja Luka,PM2.5 - Principal,2022-07-08 12:00 PM,2022,07,08,12,4.3,18,Good,4.2,UG/M3,1 Hr,Valid
Banja Luka,PM2.5 - Principal,2022-07-08 01:00 PM,2022,07,08,13,4.1,17,Good,3.8,UG/M3,1 Hr,Valid
Banja Luka,PM2.5 - Principal,2022-07-08 02:00 PM,2022,07,08,14,4.3,18,Good,4.5,UG/M3,1 Hr,Valid
Banja Luka,PM2.5 - Principal,2022-07-08 03:00 PM,2022,07,08,15,4.6,19,Good,4.9,UG/M3,1 Hr,Valid
Banja Luka,PM2.5 - Principal,2022-07-08 04:00 PM,2022,07,08,16,5.0,21,Good,5.4,UG/M3,1 Hr,Valid
Banja Luka,PM2.5 - Principal,2022-07-08 05:00 PM,2022,07,08,17,5.3,22,Good,5.7,UG/M3,1 Hr,Valid
Banja Luka,PM2.5 - Principal,2022-07-08 06:00 PM,2022,07,08,18,5.2,22,Good,5.2,UG/M3,1 Hr,Valid
Banja Luka,PM2.5 - Principal,2022-07-08 07:00 PM,2022,07,08,19,5.5,23,Good,6.0,UG/M3,1 Hr,Valid
Banja Luka,PM2.5 - Principal,2022-07-08 08:00 PM,2022,07,08,20,6.1,25,Good,6.7,UG/M3,1 Hr,Valid
Banja Luka,PM2.5 - Principal,2022-07-08 09:00 PM,2022,07,08,21,6.8,28,Good,7.5,UG/M3,1 Hr,Valid
Banja Luka,PM2.5 - Principal,2022-07-08 10:00 PM,2022,07,08,22,7.4,31,Good,8.0,UG/M3,1 Hr,Valid
Banja Luka,PM2.5 - Principal,2022-07-08 11:00 PM,2022,07,08,23,7.5,31,Good,7.6,UG/M3,1 Hr,Valid
Banja Luka,PM2.5 - Principal,2022-07-09 12:00 AM,2022,07,09,00,6.8,28,Good,6.0,UG/M3,1 Hr,Valid
Banja Luka,PM2.5 - Principal,2022-07-09 01:00 AM,2022,07,09,01,6.4,27,Good,5.9,UG/M3,1 Hr,Valid
Banja Luka,PM2.5 - Principal,2022-07-09 02:00 AM,2022,07,09,02,6.1,25,Good,5.6,UG/M3,1 Hr,Valid
Banja Luka,PM2.5 - Principal,2022-07-09 03:00 AM,2022,07,09,03,5.9,25,Good,5.5,UG/M3,1 Hr,Valid
Banja Luka,PM2.5 - Principal,2022-07-09 04:00 AM,2022,07,09,04,5.7,24,Good,5.3,UG/M3,1 Hr,Valid
Banja Luka,PM2.5 - Principal,2022-07-09 05:00 AM,2022,07,09,05,5.6,23,Good,5.5,UG/M3,1 Hr,Valid
Banja Luka,PM2.5 - Principal,2022-07-09 06:00 AM,2022,07,09,06,5.5,23,Good,5.2,UG/M3,1 Hr,Valid
Banja Luka,PM2.5 - Principal,2022-07-09 07:00 AM,2022,07,09,07,5.3,22,Good,5.0,UG/M3,1 Hr,Valid
Banja Luka,PM2.5 - Principal,2022-07-09 08:00 AM,2022,07,09,08,5.2,22,Good,4.9,UG/M3,1 Hr,Valid
Banja Luka,PM2.5 - Principal,2022-07-09 09:00 AM,2022,07,09,09,5.5,23,Good,6.1,UG/M3,1 Hr,Valid
Banja Luka,PM2.5 - Principal,2022-07-09 10:00 AM,2022,07,09,10,5.6,23,Good,5.8,UG/M3,1 Hr,Valid
Banja Luka,PM2.5 - Principal,2022-07-09 11:00 AM,2022,07,09,11,5.7,24,Good,6.4,UG/M3,1 Hr,Valid
Banja Luka,PM2.5 - Principal,2022-07-09 12:00 PM,2022,07,09,12,6.2,26,Good,7.2,UG/M3,1 Hr,Valid
Banja Luka,PM2.5 - Principal,2022-07-09 01:00 PM,2022,07,09,13,6.6,28,Good,7.2,UG/M3,1 Hr,Valid
Banja Luka,PM2.5 - Principal,2022-07-09 02:00 PM,2022,07,09,14,6.7,28,Good,7.0,UG/M3,1 Hr,Valid
Banja Luka,PM2.5 - Principal,2022-07-09 03:00 PM,2022,07,09,15,6.5,27,Good,6.2,UG/M3,1 Hr,Valid
Banja Luka,PM2.5 - Principal,2022-07-09 04:00 PM,2022,07,09,16,6.3,26,Good,5.8,UG/M3,1 Hr,Valid
Banja Luka,PM2.5 - Principal,2022-07-09 05:00 PM,2022,07,09,17,6.0,25,Good,5.4,UG/M3,1 Hr,Valid
Banja Luka,PM2.5 - Principal,2022-07-09 06:00 PM,2022,07,09,18,5.9,25,Good,5.5,UG/M3,1 Hr,Valid
Banja Luka,PM2.5 - Principal,2022-07-09 07:00 PM,2022,07,09,19,5.7,24,Good,5.3,UG/M3,1 Hr,Valid
Banja Luka,PM2.5 - Principal,2022-07-09 08:00 PM,2022,07,09,20,5.4,23,Good,4.9,UG/M3,1 Hr,Valid
Banja Luka,PM2.5 - Principal,2022-07-09 09:00 PM,2022,07,09,21,5.3,22,Good,5.0,UG/M3,1 Hr,Valid
Banja Luka,PM2.5 - Principal,2022-07-09 10:00 PM,2022,07,09,22,5.9,25,Good,7.1,UG/M3,1 Hr,Valid
Banja Luka,PM2.5 - Principal,2022-07-09 11:00 PM,2022,07,09,23,7.3,30,Good,8.9,UG/M3,1 Hr,Valid
Banja Luka,PM2.5 - Principal,2022-07-10 12:00 AM,2022,07,10,00,7.3,30,Good,7.3,UG/M3,1 Hr,Valid
Banja Luka,PM2.5 - Principal,2022-07-10 01:00 AM,2022,07,10,01,7.0,29,Good,6.6,UG/M3,1 Hr,Valid
Banja Luka,PM2.5 - Principal,2022-07-10 02:00 AM,2022,07,10,02,6.5,27,Good,5.8,UG/M3,1 Hr,Valid
Banja Luka,PM2.5 - Principal,2022-07-10 03:00 AM,2022,07,10,03,6.0,25,Good,5.4,UG/M3,1 Hr,Valid
Banja Luka,PM2.5 - Principal,2022-07-10 04:00 AM,2022,07,10,04,5.7,24,Good,5.3,UG/M3,1 Hr,Valid
Banja Luka,PM2.5 - Principal,2022-07-10 05:00 AM,2022,07,10,05,5.4,23,Good,5.2,UG/M3,1 Hr,Valid
Banja Luka,PM2.5 - Principal,2022-07-10 06:00 AM,2022,07,10,06,5.2,22,Good,4.9,UG/M3,1 Hr,Valid
Banja Luka,PM2.5 - Principal,2022-07-10 07:00 AM,2022,07,10,07,5.0,21,Good,4.8,UG/M3,1 Hr,Valid
Banja Luka,PM2.5 - Principal,2022-07-10 08:00 AM,2022,07,10,08,5.0,21,Good,5.1,UG/M3,1 Hr,Valid
Banja Luka,PM2.5 - Principal,2022-07-10 09:00 AM,2022,07,10,09,5.4,23,Good,5.9,UG/M3,1 Hr,Valid
Banja Luka,PM2.5 - Principal,2022-07-10 10:00 AM,2022,07,10,10,4.9,20,Good,4.4,UG/M3,1 Hr,Valid
Banja Luka,PM2.5 - Principal,2022-07-10 11:00 AM,2022,07,10,11,4.9,20,Good,4.6,UG/M3,1 Hr,Valid
Banja Luka,PM2.5 - Principal,2022-07-10 12:00 PM,2022,07,10,12,4.1,17,Good,3.4,UG/M3,1 Hr,Valid
Banja Luka,PM2.5 - Principal,2022-07-10 01:00 PM,2022,07,10,13,3.9,16,Good,3.5,UG/M3,1 Hr,Valid
Banja Luka,PM2.5 - Principal,2022-07-10 02:00 PM,2022,07,10,14,3.8,16,Good,3.7,UG/M3,1 Hr,Valid
Banja Luka,PM2.5 - Principal,2022-07-10 03:00 PM,2022,07,10,15,4.0,17,Good,4.1,UG/M3,1 Hr,Valid
Banja Luka,PM2.5 - Principal,2022-07-10 04:00 PM,2022,07,10,16,4.7,20,Good,5.6,UG/M3,1 Hr,Valid
Banja Luka,PM2.5 - Principal,2022-07-10 05:00 PM,2022,07,10,17,4.5,19,Good,4.3,UG/M3,1 Hr,Valid
Banja Luka,PM2.5 - Principal,2022-07-10 06:00 PM,2022,07,10,18,4.6,19,Good,4.7,UG/M3,1 Hr,Valid
Banja Luka,PM2.5 - Principal,2022-07-10 07:00 PM,2022,07,10,19,4.5,19,Good,4.4,UG/M3,1 Hr,Valid
Banja Luka,PM2.5 - Principal,2022-07-10 08:00 PM,2022,07,10,20,4.4,18,Good,4.2,UG/M3,1 Hr,Valid
Banja Luka,PM2.5 - Principal,2022-07-10 09:00 PM,2022,07,10,21,4.5,19,Good,4.6,UG/M3,1 Hr,Valid
Banja Luka,PM2.5 - Principal,2022-07-10 10:00 PM,2022,07,10,22,5.0,21,Good,5.7,UG/M3,1 Hr,Valid
Banja Luka,PM2.5 - Principal,2022-07-10 11:00 PM,2022,07,10,23,6.1,25,Good,7.2,UG/M3,1 Hr,Valid
Banja Luka,PM2.5 - Principal,2022-07-11 12:00 AM,2022,07,11,00,6.7,28,Good,7.2,UG/M3,1 Hr,Valid
Banja Luka,PM2.5 - Principal,2022-07-11 01:00 AM,2022,07,11,01,6.8,28,Good,7.1,UG/M3,1 Hr,Valid
Banja Luka,PM2.5 - Principal,2022-07-11 02:00 AM,2022,07,11,02,6.4,27,Good,5.9,UG/M3,1 Hr,Valid
Banja Luka,PM2.5 - Principal,2022-07-11 03:00 AM,2022,07,11,03,5.5,23,Good,4.3,UG/M3,1 Hr,Valid
Banja Luka,PM2.5 - Principal,2022-07-11 04:00 AM,2022,07,11,04,5.0,21,Good,4.3,UG/M3,1 Hr,Valid
Banja Luka,PM2.5 - Principal,2022-07-11 05:00 AM,2022,07,11,05,4.6,19,Good,4.0,UG/M3,1 Hr,Valid
Banja Luka,PM2.5 - Principal,2022-07-11 06:00 AM,2022,07,11,06,4.8,20,Good,5.0,UG/M3,1 Hr,Valid
Banja Luka,PM2.5 - Principal,2022-07-11 07:00 AM,2022,07,11,07,5.0,21,Good,5.3,UG/M3,1 Hr,Valid
Banja Luka,PM2.5 - Principal,2022-07-11 08:00 AM,2022,07,11,08,5.1,21,Good,5.3,UG/M3,1 Hr,Valid
Banja Luka,PM2.5 - Principal,2022-07-11 09:00 AM,2022,07,11,09,5.1,21,Good,5.1,UG/M3,1 Hr,Valid
Banja Luka,PM2.5 - Principal,2022-07-11 10:00 AM,2022,07,11,10,5.2,22,Good,5.4,UG/M3,1 Hr,Valid
Banja Luka,PM2.5 - Principal,2022-07-11 11:00 AM,2022,07,11,11,5.3,22,Good,5.4,UG/M3,1 Hr,Valid
Banja Luka,PM2.5 - Principal,2022-07-11 12:00 PM,2022,07,11,12,5.0,21,Good,4.6,UG/M3,1 Hr,Valid
Banja Luka,PM2.5 - Principal,2022-07-11 01:00 PM,2022,07,11,13,5.0,21,Good,4.8,UG/M3,1 Hr,Valid
Banja Luka,PM2.5 - Principal,2022-07-11 02:00 PM,2022,07,11,14,5.0,21,Good,4.9,UG/M3,1 Hr,Valid
Banja Luka,PM2.5 - Principal,2022-07-11 03:00 PM,2022,07,11,15,4.7,20,Good,4.1,UG/M3,1 Hr,Valid
Banja Luka,PM2.5 - Principal,2022-07-11 04:00 PM,2022,07,11,16,4.6,19,Good,4.3,UG/M3,1 Hr,Valid
Banja Luka,PM2.5 - Principal,2022-07-11 05:00 PM,2022,07,11,17,4.5,19,Good,4.0,UG/M3,1 Hr,Valid
Banja Luka,PM2.5 - Principal,2022-07-11 06:00 PM,2022,07,11,18,4.4,18,Good,4.0,UG/M3,1 Hr,Valid
Banja Luka,PM2.5 - Principal,2022-07-11 07:00 PM,2022,07,11,19,4.3,18,Good,4.0,UG/M3,1 Hr,Valid
Banja Luka,PM2.5 - Principal,2022-07-11 08:00 PM,2022,07,11,20,4.0,17,Good,3.6,UG/M3,1 Hr,Valid
Banja Luka,PM2.5 - Principal,2022-07-11 09:00 PM,2022,07,11,21,4.1,17,Good,4.2,UG/M3,1 Hr,Valid
Banja Luka,PM2.5 - Principal,2022-07-11 10:00 PM,2022,07,11,22,11.7,49,Good,19.3,UG/M3,1 Hr,Valid
Banja Luka,PM2.5 - Principal,2022-07-11 11:00 PM,2022,07,11,23,31.1,91,Moderate,50.4,UG/M3,1 Hr,Valid
Banja Luka,PM2.5 - Principal,2022-07-12 12:00 AM,2022,07,12,00,47.3,130,Unhealthy for Sensitive Groups,63.6,UG/M3,1 Hr,Valid
Banja Luka,PM2.5 - Principal,2022-07-12 01:00 AM,2022,07,12,01,43.3,120,Unhealthy for Sensitive Groups,39.2,UG/M3,1 Hr,Valid
Banja Luka,PM2.5 - Principal,2022-07-12 02:00 AM,2022,07,12,02,29.9,88,Moderate,16.5,UG/M3,1 Hr,Valid
Banja Luka,PM2.5 - Principal,2022-07-12 03:00 AM,2022,07,12,03,21.5,71,Moderate,13.2,UG/M3,1 Hr,Valid
Banja Luka,PM2.5 - Principal,2022-07-12 04:00 AM,2022,07,12,04,16.0,59,Moderate,10.4,UG/M3,1 Hr,Valid
Banja Luka,PM2.5 - Principal,2022-07-12 05:00 AM,2022,07,12,05,13.3,54,Moderate,10.5,UG/M3,1 Hr,Valid
Banja Luka,PM2.5 - Principal,2022-07-12 06:00 AM,2022,07,12,06,11.4,48,Good,9.5,UG/M3,1 Hr,Valid
Banja Luka,PM2.5 - Principal,2022-07-12 07:00 AM,2022,07,12,07,10.5,44,Good,9.6,UG/M3,1 Hr,Valid
Banja Luka,PM2.5 - Principal,2022-07-12 08:00 AM,2022,07,12,08,10.6,44,Good,10.8,UG/M3,1 Hr,Valid
Banja Luka,PM2.5 - Principal,2022-07-12 09:00 AM,2022,07,12,09,9.5,40,Good,8.4,UG/M3,1 Hr,Valid
Banja Luka,PM2.5 - Principal,2022-07-12 10:00 AM,2022,07,12,10,8.5,35,Good,7.4,UG/M3,1 Hr,Valid
Banja Luka,PM2.5 - Principal,2022-07-12 11:00 AM,2022,07,12,11,7.6,32,Good,6.7,UG/M3,1 Hr,Valid
Banja Luka,PM2.5 - Principal,2022-07-12 12:00 PM,2022,07,12,12,6.0,25,Good,4.4,UG/M3,1 Hr,Valid
Banja Luka,PM2.5 - Principal,2022-07-12 01:00 PM,2022,07,12,13,5.4,23,Good,4.7,UG/M3,1 Hr,Valid
Banja Luka,PM2.5 - Principal,2022-07-12 02:00 PM,2022,07,12,14,5.0,21,Good,4.6,UG/M3,1 Hr,Valid
Banja Luka,PM2.5 - Principal,2022-07-12 03:00 PM,2022,07,12,15,4.8,20,Good,4.6,UG/M3,1 Hr,Valid
Banja Luka,PM2.5 - Principal,2022-07-12 04:00 PM,2022,07,12,16,4.5,19,Good,4.3,UG/M3,1 Hr,Valid
Banja Luka,PM2.5 - Principal,2022-07-12 05:00 PM,2022,07,12,17,4.3,18,Good,4.1,UG/M3,1 Hr,Valid
Banja Luka,PM2.5 - Principal,2022-07-12 06:00 PM,2022,07,12,18,4.6,19,Good,4.9,UG/M3,1 Hr,Valid
Banja Luka,PM2.5 - Principal,2022-07-12 07:00 PM,2022,07,12,19,4.6,19,Good,4.6,UG/M3,1 Hr,Valid
Banja Luka,PM2.5 - Principal,2022-07-12 08:00 PM,2022,07,12,20,4.2,18,Good,3.8,UG/M3,1 Hr,Valid
Banja Luka,PM2.5 - Principal,2022-07-12 09:00 PM,2022,07,12,21,4.2,18,Good,4.2,UG/M3,1 Hr,Valid
Banja Luka,PM2.5 - Principal,2022-07-12 10:00 PM,2022,07,12,22,4.6,19,Good,5.0,UG/M3,1 Hr,Valid
Banja Luka,PM2.5 - Principal,2022-07-12 11:00 PM,2022,07,12,23,5.0,21,Good,5.9,UG/M3,1 Hr,Valid
Banja Luka,PM2.5 - Principal,2022-07-13 12:00 AM,2022,07,13,00,6.1,25,Good,7.1,UG/M3,1 Hr,Valid
Banja Luka,PM2.5 - Principal,2022-07-13 01:00 AM,2022,07,13,01,6.6,28,Good,7.1,UG/M3,1 Hr,Valid
Banja Luka,PM2.5 - Principal,2022-07-13 02:00 AM,2022,07,13,02,5.6,23,Good,4.6,UG/M3,1 Hr,Valid
Banja Luka,PM2.5 - Principal,2022-07-13 03:00 AM,2022,07,13,03,5.1,21,Good,4.5,UG/M3,1 Hr,Valid
Banja Luka,PM2.5 - Principal,2022-07-13 04:00 AM,2022,07,13,04,5.1,21,Good,5.1,UG/M3,1 Hr,Valid
Banja Luka,PM2.5 - Principal,2022-07-13 05:00 AM,2022,07,13,05,5.1,21,Good,5.1,UG/M3,1 Hr,Valid
Banja Luka,PM2.5 - Principal,2022-07-13 06:00 AM,2022,07,13,06,4.8,20,Good,4.4,UG/M3,1 Hr,Valid
Banja Luka,PM2.5 - Principal,2022-07-13 07:00 AM,2022,07,13,07,4.5,19,Good,4.3,UG/M3,1 Hr,Valid
Banja Luka,PM2.5 - Principal,2022-07-13 08:00 AM,2022,07,13,08,4.8,20,Good,5.1,UG/M3,1 Hr,Valid
Banja Luka,PM2.5 - Principal,2022-07-13 09:00 AM,2022,07,13,09,4.9,20,Good,5.1,UG/M3,1 Hr,Valid
Banja Luka,PM2.5 - Principal,2022-07-13 10:00 AM,2022,07,13,10,5.1,21,Good,5.5,UG/M3,1 Hr,Valid
Banja Luka,PM2.5 - Principal,2022-07-13 11:00 AM,2022,07,13,11,11.8,49,Good,18.4,UG/M3,1 Hr,Valid
Banja Luka,PM2.5 - Principal,2022-07-13 12:00 PM,2022,07,13,12,15.1,57,Moderate,18.4,UG/M3,1 Hr,Valid
Banja Luka,PM2.5 - Principal,2022-07-13 01:00 PM,2022,07,13,13,10.1,42,Good,5.0,UG/M3,1 Hr,Valid
Banja Luka,PM2.5 - Principal,2022-07-13 02:00 PM,2022,07,13,14,7.6,32,Good,5.0,UG/M3,1 Hr,Valid
Banja Luka,PM2.5 - Principal,2022-07-13 03:00 PM,2022,07,13,15,6.3,26,Good,5.0,UG/M3,1 Hr,Valid
Banja Luka,PM2.5 - Principal,2022-07-13 04:00 PM,2022,07,13,16,5.1,21,Good,3.9,UG/M3,1 Hr,Valid
Banja Luka,PM2.5 - Principal,2022-07-13 05:00 PM,2022,07,13,17,4.5,19,Good,4.0,UG/M3,1 Hr,Valid
Banja Luka,PM2.5 - Principal,2022-07-13 06:00 PM,2022,07,13,18,4.7,20,Good,4.8,UG/M3,1 Hr,Valid
Banja Luka,PM2.5 - Principal,2022-07-13 07:00 PM,2022,07,13,19,4.9,20,Good,5.2,UG/M3,1 Hr,Valid
Banja Luka,PM2.5 - Principal,2022-07-13 08:00 PM,2022,07,13,20,4.9,20,Good,4.8,UG/M3,1 Hr,Valid
Banja Luka,PM2.5 - Principal,2022-07-13 09:00 PM,2022,07,13,21,4.8,20,Good,4.8,UG/M3,1 Hr,Valid
Banja Luka,PM2.5 - Principal,2022-07-13 10:00 PM,2022,07,13,22,5.8,24,Good,6.7,UG/M3,1 Hr,Valid
Banja Luka,PM2.5 - Principal,2022-07-13 11:00 PM,2022,07,13,23,7.3,30,Good,8.9,UG/M3,1 Hr,Valid
Banja Luka,PM2.5 - Principal,2022-07-14 12:00 AM,2022,07,14,00,7.9,33,Good,8.6,UG/M3,1 Hr,Valid
Banja Luka,PM2.5 - Principal,2022-07-14 01:00 AM,2022,07,14,01,6.7,28,Good,5.4,UG/M3,1 Hr,Valid
Banja Luka,PM2.5 - Principal,2022-07-14 02:00 AM,2022,07,14,02,5.4,23,Good,4.1,UG/M3,1 Hr,Valid
Banja Luka,PM2.5 - Principal,2022-07-14 03:00 AM,2022,07,14,03,4.7,20,Good,4.1,UG/M3,1 Hr,Valid
Banja Luka,PM2.5 - Principal,2022-07-14 04:00 AM,2022,07,14,04,4.7,20,Good,4.6,UG/M3,1 Hr,Valid
Banja Luka,PM2.5 - Principal,2022-07-14 05:00 AM,2022,07,14,05,4.9,20,Good,5.1,UG/M3,1 Hr,Valid
Banja Luka,PM2.5 - Principal,2022-07-14 06:00 AM,2022,07,14,06,5.0,21,Good,5.2,UG/M3,1 Hr,Valid
Banja Luka,PM2.5 - Principal,2022-07-14 07:00 AM,2022,07,14,07,5.4,23,Good,5.7,UG/M3,1 Hr,Valid
Banja Luka,PM2.5 - Principal,2022-07-14 08:00 AM,2022,07,14,08,5.3,22,Good,5.3,UG/M3,1 Hr,Valid
Banja Luka,PM2.5 - Principal,2022-07-14 09:00 AM,2022,07,14,09,5.8,24,Good,6.3,UG/M3,1 Hr,Valid
Banja Luka,PM2.5 - Principal,2022-07-14 10:00 AM,2022,07,14,10,6.4,27,Good,7.0,UG/M3,1 Hr,Valid
Banja Luka,PM2.5 - Principal,2022-07-14 11:00 AM,2022,07,14,11,6.3,26,Good,6.1,UG/M3,1 Hr,Valid
Banja Luka,PM2.5 - Principal,2022-07-14 12:00 PM,2022,07,14,12,6.4,27,Good,6.6,UG/M3,1 Hr,Valid
Banja Luka,PM2.5 - Principal,2022-07-14 01:00 PM,2022,07,14,13,6.4,27,Good,6.5,UG/M3,1 Hr,Valid
Banja Luka,PM2.5 - Principal,2022-07-14 02:00 PM,2022,07,14,14,6.3,26,Good,6.1,UG/M3,1 Hr,Valid
Banja Luka,PM2.5 - Principal,2022-07-14 03:00 PM,2022,07,14,15,5.8,24,Good,4.8,UG/M3,1 Hr,Valid
Banja Luka,PM2.5 - Principal,2022-07-14 04:00 PM,2022,07,14,16,5.0,21,Good,4.1,UG/M3,1 Hr,Valid
Banja Luka,PM2.5 - Principal,2022-07-14 05:00 PM,2022,07,14,17,4.6,19,Good,4.1,UG/M3,1 Hr,Valid
Banja Luka,PM2.5 - Principal,2022-07-14 06:00 PM,2022,07,14,18,4.3,18,Good,3.9,UG/M3,1 Hr,Valid
Banja Luka,PM2.5 - Principal,2022-07-14 07:00 PM,2022,07,14,19,4.3,18,Good,4.3,UG/M3,1 Hr,Valid
Banja Luka,PM2.5 - Principal,2022-07-14 08:00 PM,2022,07,14,20,4.7,20,Good,5.2,UG/M3,1 Hr,Valid
Banja Luka,PM2.5 - Principal,2022-07-14 09:00 PM,2022,07,14,21,4.8,20,Good,4.9,UG/M3,1 Hr,Valid
Banja Luka,PM2.5 - Principal,2022-07-14 10:00 PM,2022,07,14,22,6.4,27,Good,8.1,UG/M3,1 Hr,Valid
Banja Luka,PM2.5 - Principal,2022-07-14 11:00 PM,2022,07,14,23,9.6,40,Good,12.8,UG/M3,1 Hr,Valid
Banja Luka,PM2.5 - Principal,2022-07-15 12:00 AM,2022,07,15,00,8.7,36,Good,7.8,UG/M3,1 Hr,Valid
Banja Luka,PM2.5 - Principal,2022-07-15 01:00 AM,2022,07,15,01,8.9,37,Good,9.0,UG/M3,1 Hr,Valid
Banja Luka,PM2.5 - Principal,2022-07-15 02:00 AM,2022,07,15,02,7.6,32,Good,6.3,UG/M3,1 Hr,Valid
Banja Luka,PM2.5 - Principal,2022-07-15 03:00 AM,2022,07,15,03,6.8,28,Good,6.0,UG/M3,1 Hr,Valid
Banja Luka,PM2.5 - Principal,2022-07-15 04:00 AM,2022,07,15,04,6.2,26,Good,5.6,UG/M3,1 Hr,Valid
Banja Luka,PM2.5 - Principal,2022-07-15 05:00 AM,2022,07,15,05,5.7,24,Good,5.1,UG/M3,1 Hr,Valid
Banja Luka,PM2.5 - Principal,2022-07-15 06:00 AM,2022,07,15,06,5.2,22,Good,4.8,UG/M3,1 Hr,Valid
Banja Luka,PM2.5 - Principal,2022-07-15 07:00 AM,2022,07,15,07,5.2,22,Good,5.1,UG/M3,1 Hr,Valid
Banja Luka,PM2.5 - Principal,2022-07-15 08:00 AM,2022,07,15,08,5.3,22,Good,5.4,UG/M3,1 Hr,Valid
Banja Luka,PM2.5 - Principal,2022-07-15 09:00 AM,2022,07,15,09,5.9,25,Good,6.5,UG/M3,1 Hr,Valid
Banja Luka,PM2.5 - Principal,2022-07-15 10:00 AM,2022,07,15,10,6.3,26,Good,6.8,UG/M3,1 Hr,Valid
Banja Luka,PM2.5 - Principal,2022-07-15 11:00 AM,2022,07,15,11,6.5,27,Good,6.8,UG/M3,1 Hr,Valid
Banja Luka,PM2.5 - Principal,2022-07-15 12:00 PM,2022,07,15,12,7.0,29,Good,7.5,UG/M3,1 Hr,Valid
Banja Luka,PM2.5 - Principal,2022-07-15 01:00 PM,2022,07,15,13,6.3,26,Good,5.5,UG/M3,1 Hr,Valid
Banja Luka,PM2.5 - Principal,2022-07-15 02:00 PM,2022,07,15,14,6.2,26,Good,6.1,UG/M3,1 Hr,Valid
Banja Luka,PM2.5 - Principal,2022-07-15 03:00 PM,2022,07,15,15,7.0,29,Good,8.1,UG/M3,1 Hr,Valid
Banja Luka,PM2.5 - Principal,2022-07-15 04:00 PM,2022,07,15,16,6.7,28,Good,6.4,UG/M3,1 Hr,Valid
Banja Luka,PM2.5 - Principal,2022-07-15 05:00 PM,2022,07,15,17,6.6,28,Good,6.4,UG/M3,1 Hr,Valid
Banja Luka,PM2.5 - Principal,2022-07-15 06:00 PM,2022,07,15,18,7.3,30,Good,8.4,UG/M3,1 Hr,Valid
Banja Luka,PM2.5 - Principal,2022-07-15 07:00 PM,2022,07,15,19,7.7,32,Good,8.4,UG/M3,1 Hr,Valid
Banja Luka,PM2.5 - Principal,2022-07-15 08:00 PM,2022,07,15,20,7.6,32,Good,7.4,UG/M3,1 Hr,Valid
Banja Luka,PM2.5 - Principal,2022-07-15 09:00 PM,2022,07,15,21,7.5,31,Good,7.4,UG/M3,1 Hr,Valid
Banja Luka,PM2.5 - Principal,2022-07-15 10:00 PM,2022,07,15,22,8.0,33,Good,8.8,UG/M3,1 Hr,Valid
Banja Luka,PM2.5 - Principal,2022-07-15 11:00 PM,2022,07,15,23,8.3,35,Good,8.8,UG/M3,1 Hr,Valid
Banja Luka,PM2.5 - Principal,2022-07-16 12:00 AM,2022,07,16,00,8.5,35,Good,8.9,UG/M3,1 Hr,Valid
Banja Luka,PM2.5 - Principal,2022-07-16 01:00 AM,2022,07,16,01,9.0,38,Good,9.8,UG/M3,1 Hr,Valid
Banja Luka,PM2.5 - Principal,2022-07-16 02:00 AM,2022,07,16,02,9.4,39,Good,10.0,UG/M3,1 Hr,Valid
Banja Luka,PM2.5 - Principal,2022-07-16 03:00 AM,2022,07,16,03,9.6,40,Good,9.9,UG/M3,1 Hr,Valid
Banja Luka,PM2.5 - Principal,2022-07-16 04:00 AM,2022,07,16,04,9.7,40,Good,10.0,UG/M3,1 Hr,Valid
Banja Luka,PM2.5 - Principal,2022-07-16 05:00 AM,2022,07,16,05,9.5,40,Good,9.5,UG/M3,1 Hr,Valid
Banja Luka,PM2.5 - Principal,2022-07-16 06:00 AM,2022,07,16,06,9.5,40,Good,9.5,UG/M3,1 Hr,Valid
Banja Luka,PM2.5 - Principal,2022-07-16 07:00 AM,2022,07,16,07,9.9,41,Good,10.7,UG/M3,1 Hr,Valid
Banja Luka,PM2.5 - Principal,2022-07-16 08:00 AM,2022,07,16,08,10.0,42,Good,10.1,UG/M3,1 Hr,Valid
Banja Luka,PM2.5 - Principal,2022-07-16 09:00 AM,2022,07,16,09,9.9,41,Good,9.9,UG/M3,1 Hr,Valid
Banja Luka,PM2.5 - Principal,2022-07-16 10:00 AM,2022,07,16,10,10.0,42,Good,10.6,UG/M3,1 Hr,Valid
Banja Luka,PM2.5 - Principal,2022-07-16 11:00 AM,2022,07,16,11,9.3,39,Good,7.5,UG/M3,1 Hr,Valid
Banja Luka,PM2.5 - Principal,2022-07-16 12:00 PM,2022,07,16,12,8.8,37,Good,7.5,UG/M3,1 Hr,Valid
Banja Luka,PM2.5 - Principal,2022-07-16 01:00 PM,2022,07,16,13,8.4,35,Good,7.5,UG/M3,1 Hr,Valid
Banja Luka,PM2.5 - Principal,2022-07-16 02:00 PM,2022,07,16,14,9.1,38,Good,10.7,UG/M3,1 Hr,Valid
Banja Luka,PM2.5 - Principal,2022-07-16 03:00 PM,2022,07,16,15,9.7,40,Good,11.1,UG/M3,1 Hr,Valid
Banja Luka,PM2.5 - Principal,2022-07-16 04:00 PM,2022,07,16,16,9.7,40,Good,-999.0,UG/M3,1 Hr,Missing
Banja Luka,PM2.5 - Principal,2022-07-18 12:00 PM,2022,07,18,12,-999.0,-999,N/A,6.6,UG/M3,1 Hr,Valid
Banja Luka,PM2.5 - Principal,2022-07-18 01:00 PM,2022,07,18,13,5.5,23,Good,4.8,UG/M3,1 Hr,Valid
Banja Luka,PM2.5 - Principal,2022-07-18 02:00 PM,2022,07,18,14,4.7,20,Good,4.0,UG/M3,1 Hr,Valid
Banja Luka,PM2.5 - Principal,2022-07-18 03:00 PM,2022,07,18,15,4.4,18,Good,4.1,UG/M3,1 Hr,Valid
Banja Luka,PM2.5 - Principal,2022-07-18 04:00 PM,2022,07,18,16,4.3,18,Good,4.0,UG/M3,1 Hr,Valid
Banja Luka,PM2.5 - Principal,2022-07-18 05:00 PM,2022,07,18,17,4.0,17,Good,3.7,UG/M3,1 Hr,Valid
Banja Luka,PM2.5 - Principal,2022-07-18 06:00 PM,2022,07,18,18,3.9,16,Good,3.9,UG/M3,1 Hr,Valid
Banja Luka,PM2.5 - Principal,2022-07-18 07:00 PM,2022,07,18,19,4.0,17,Good,4.0,UG/M3,1 Hr,Valid
Banja Luka,PM2.5 - Principal,2022-07-18 08:00 PM,2022,07,18,20,4.0,17,Good,4.1,UG/M3,1 Hr,Valid
Banja Luka,PM2.5 - Principal,2022-07-18 09:00 PM,2022,07,18,21,4.2,18,Good,4.3,UG/M3,1 Hr,Valid
Banja Luka,PM2.5 - Principal,2022-07-18 10:00 PM,2022,07,18,22,4.9,20,Good,5.9,UG/M3,1 Hr,Valid
Banja Luka,PM2.5 - Principal,2022-07-18 11:00 PM,2022,07,18,23,6.4,27,Good,7.8,UG/M3,1 Hr,Valid
Banja Luka,PM2.5 - Principal,2022-07-19 12:00 AM,2022,07,19,00,6.6,28,Good,6.8,UG/M3,1 Hr,Valid
Banja Luka,PM2.5 - Principal,2022-07-19 01:00 AM,2022,07,19,01,6.6,28,Good,6.7,UG/M3,1 Hr,Valid
Banja Luka,PM2.5 - Principal,2022-07-19 02:00 AM,2022,07,19,02,6.2,26,Good,5.8,UG/M3,1 Hr,Valid
Banja Luka,PM2.5 - Principal,2022-07-19 03:00 AM,2022,07,19,03,5.8,24,Good,5.4,UG/M3,1 Hr,Valid
Banja Luka,PM2.5 - Principal,2022-07-19 04:00 AM,2022,07,19,04,5.5,23,Good,5.1,UG/M3,1 Hr,Valid
Banja Luka,PM2.5 - Principal,2022-07-19 05:00 AM,2022,07,19,05,5.1,21,Good,4.7,UG/M3,1 Hr,Valid
Banja Luka,PM2.5 - Principal,2022-07-19 06:00 AM,2022,07,19,06,5.1,21,Good,5.1,UG/M3,1 Hr,Valid
Banja Luka,PM2.5 - Principal,2022-07-19 07:00 AM,2022,07,19,07,5.5,23,Good,6.0,UG/M3,1 Hr,Valid
Banja Luka,PM2.5 - Principal,2022-07-19 08:00 AM,2022,07,19,08,5.8,24,Good,6.1,UG/M3,1 Hr,Valid
Banja Luka,PM2.5 - Principal,2022-07-19 09:00 AM,2022,07,19,09,7.2,30,Good,8.8,UG/M3,1 Hr,Valid
Banja Luka,PM2.5 - Principal,2022-07-19 10:00 AM,2022,07,19,10,8.0,33,Good,8.9,UG/M3,1 Hr,Valid
Banja Luka,PM2.5 - Principal,2022-07-19 11:00 AM,2022,07,19,11,7.6,32,Good,7.1,UG/M3,1 Hr,Valid
Banja Luka,PM2.5 - Principal,2022-07-19 12:00 PM,2022,07,19,12,7.0,29,Good,6.4,UG/M3,1 Hr,Valid
Banja Luka,PM2.5 - Principal,2022-07-19 01:00 PM,2022,07,19,13,6.5,27,Good,6.0,UG/M3,1 Hr,Valid
Banja Luka,PM2.5 - Principal,2022-07-19 02:00 PM,2022,07,19,14,6.2,26,Good,5.9,UG/M3,1 Hr,Valid
Banja Luka,PM2.5 - Principal,2022-07-19 03:00 PM,2022,07,19,15,6.1,25,Good,5.9,UG/M3,1 Hr,Valid
Banja Luka,PM2.5 - Principal,2022-07-19 04:00 PM,2022,07,19,16,5.8,24,Good,5.5,UG/M3,1 Hr,Valid
Banja Luka,PM2.5 - Principal,2022-07-19 05:00 PM,2022,07,19,17,5.6,23,Good,5.3,UG/M3,1 Hr,Valid
Banja Luka,PM2.5 - Principal,2022-07-19 06:00 PM,2022,07,19,18,5.5,23,Good,5.3,UG/M3,1 Hr,Valid
Banja Luka,PM2.5 - Principal,2022-07-19 07:00 PM,2022,07,19,19,5.1,21,Good,4.7,UG/M3,1 Hr,Valid
Banja Luka,PM2.5 - Principal,2022-07-19 08:00 PM,2022,07,19,20,5.2,22,Good,5.4,UG/M3,1 Hr,Valid
Banja Luka,PM2.5 - Principal,2022-07-19 09:00 PM,2022,07,19,21,5.3,22,Good,5.4,UG/M3,1 Hr,Valid
Banja Luka,PM2.5 - Principal,2022-07-19 10:00 PM,2022,07,19,22,5.5,23,Good,5.8,UG/M3,1 Hr,Valid
Banja Luka,PM2.5 - Principal,2022-07-19 11:00 PM,2022,07,19,23,7.6,32,Good,9.8,UG/M3,1 Hr,Valid
Banja Luka,PM2.5 - Principal,2022-07-20 12:00 AM,2022,07,20,00,7.7,32,Good,7.8,UG/M3,1 Hr,Valid
Banja Luka,PM2.5 - Principal,2022-07-20 01:00 AM,2022,07,20,01,7.6,32,Good,7.6,UG/M3,1 Hr,Valid
Banja Luka,PM2.5 - Principal,2022-07-20 02:00 AM,2022,07,20,02,7.4,31,Good,7.2,UG/M3,1 Hr,Valid
Banja Luka,PM2.5 - Principal,2022-07-20 03:00 AM,2022,07,20,03,8.6,36,Good,9.7,UG/M3,1 Hr,Valid
Banja Luka,PM2.5 - Principal,2022-07-20 04:00 AM,2022,07,20,04,7.9,33,Good,7.3,UG/M3,1 Hr,Valid
Banja Luka,PM2.5 - Principal,2022-07-20 05:00 AM,2022,07,20,05,7.5,31,Good,7.0,UG/M3,1 Hr,Valid
Banja Luka,PM2.5 - Principal,2022-07-20 06:00 AM,2022,07,20,06,7.3,30,Good,7.0,UG/M3,1 Hr,Valid
Banja Luka,PM2.5 - Principal,2022-07-20 07:00 AM,2022,07,20,07,7.1,30,Good,6.9,UG/M3,1 Hr,Valid
Banja Luka,PM2.5 - Principal,2022-07-20 08:00 AM,2022,07,20,08,7.6,32,Good,8.3,UG/M3,1 Hr,Valid
Banja Luka,PM2.5 - Principal,2022-07-20 09:00 AM,2022,07,20,09,8.2,34,Good,9.1,UG/M3,1 Hr,Valid
Banja Luka,PM2.5 - Principal,2022-07-20 10:00 AM,2022,07,20,10,8.7,36,Good,10.0,UG/M3,1 Hr,Valid
Banja Luka,PM2.5 - Principal,2022-07-20 11:00 AM,2022,07,20,11,9.1,38,Good,10.0,UG/M3,1 Hr,Valid
Banja Luka,PM2.5 - Principal,2022-07-20 12:00 PM,2022,07,20,12,10.1,42,Good,11.3,UG/M3,1 Hr,Valid
Banja Luka,PM2.5 - Principal,2022-07-20 01:00 PM,2022,07,20,13,10.3,43,Good,10.7,UG/M3,1 Hr,Valid
Banja Luka,PM2.5 - Principal,2022-07-20 02:00 PM,2022,07,20,14,10.2,43,Good,10.0,UG/M3,1 Hr,Valid
Banja Luka,PM2.5 - Principal,2022-07-20 03:00 PM,2022,07,20,15,9.9,41,Good,9.5,UG/M3,1 Hr,Valid
Banja Luka,PM2.5 - Principal,2022-07-20 04:00 PM,2022,07,20,16,9.7,40,Good,9.5,UG/M3,1 Hr,Valid
Banja Luka,PM2.5 - Principal,2022-07-20 05:00 PM,2022,07,20,17,9.7,40,Good,9.6,UG/M3,1 Hr,Valid
Banja Luka,PM2.5 - Principal,2022-07-20 06:00 PM,2022,07,20,18,9.8,41,Good,9.8,UG/M3,1 Hr,Valid
Banja Luka,PM2.5 - Principal,2022-07-20 07:00 PM,2022,07,20,19,9.8,41,Good,9.9,UG/M3,1 Hr,Valid
Banja Luka,PM2.5 - Principal,2022-07-20 08:00 PM,2022,07,20,20,9.8,41,Good,9.8,UG/M3,1 Hr,Valid
Banja Luka,PM2.5 - Principal,2022-07-20 09:00 PM,2022,07,20,21,9.7,40,Good,9.1,UG/M3,1 Hr,Valid
Banja Luka,PM2.5 - Principal,2022-07-20 10:00 PM,2022,07,20,22,10.1,42,Good,11.4,UG/M3,1 Hr,Valid
Banja Luka,PM2.5 - Principal,2022-07-20 11:00 PM,2022,07,20,23,11.2,47,Good,13.3,UG/M3,1 Hr,Valid
Banja Luka,PM2.5 - Principal,2022-07-21 12:00 AM,2022,07,21,00,11.5,48,Good,12.2,UG/M3,1 Hr,Valid
Banja Luka,PM2.5 - Principal,2022-07-21 01:00 AM,2022,07,21,01,11.9,50,Good,12.9,UG/M3,1 Hr,Valid
Banja Luka,PM2.5 - Principal,2022-07-21 02:00 AM,2022,07,21,02,11.8,49,Good,11.4,UG/M3,1 Hr,Valid
Banja Luka,PM2.5 - Principal,2022-07-21 03:00 AM,2022,07,21,03,11.8,49,Good,11.8,UG/M3,1 Hr,Valid
Banja Luka,PM2.5 - Principal,2022-07-21 04:00 AM,2022,07,21,04,11.4,48,Good,10.4,UG/M3,1 Hr,Valid
Banja Luka,PM2.5 - Principal,2022-07-21 05:00 AM,2022,07,21,05,11.1,46,Good,10.6,UG/M3,1 Hr,Valid
Banja Luka,PM2.5 - Principal,2022-07-21 06:00 AM,2022,07,21,06,11.0,46,Good,10.8,UG/M3,1 Hr,Valid
Banja Luka,PM2.5 - Principal,2022-07-21 07:00 AM,2022,07,21,07,11.2,47,Good,11.5,UG/M3,1 Hr,Valid
Banja Luka,PM2.5 - Principal,2022-07-21 08:00 AM,2022,07,21,08,14.4,56,Moderate,17.7,UG/M3,1 Hr,Valid
Banja Luka,PM2.5 - Principal,2022-07-21 09:00 AM,2022,07,21,09,13.7,54,Moderate,13.4,UG/M3,1 Hr,Valid
Banja Luka,PM2.5 - Principal,2022-07-21 10:00 AM,2022,07,21,10,13.9,55,Moderate,14.3,UG/M3,1 Hr,Valid
Banja Luka,PM2.5 - Principal,2022-07-21 11:00 AM,2022,07,21,11,14.3,56,Moderate,14.8,UG/M3,1 Hr,Valid
Banja Luka,PM2.5 - Principal,2022-07-21 12:00 PM,2022,07,21,12,14.7,56,Moderate,15.3,UG/M3,1 Hr,Valid
Banja Luka,PM2.5 - Principal,2022-07-21 01:00 PM,2022,07,21,13,15.5,58,Moderate,16.5,UG/M3,1 Hr,Valid
Banja Luka,PM2.5 - Principal,2022-07-21 02:00 PM,2022,07,21,14,15.8,59,Moderate,16.2,UG/M3,1 Hr,Valid
Banja Luka,PM2.5 - Principal,2022-07-21 03:00 PM,2022,07,21,15,16.2,60,Moderate,16.9,UG/M3,1 Hr,Valid
Banja Luka,PM2.5 - Principal,2022-07-21 04:00 PM,2022,07,21,16,16.4,60,Moderate,16.8,UG/M3,1 Hr,Valid
Banja Luka,PM2.5 - Principal,2022-07-21 05:00 PM,2022,07,21,17,16.1,59,Moderate,15.6,UG/M3,1 Hr,Valid
Banja Luka,PM2.5 - Principal,2022-07-21 06:00 PM,2022,07,21,18,14.6,56,Moderate,12.0,UG/M3,1 Hr,Valid
Banja Luka,PM2.5 - Principal,2022-07-21 07:00 PM,2022,07,21,19,12.5,52,Moderate,10.1,UG/M3,1 Hr,Valid
Banja Luka,PM2.5 - Principal,2022-07-21 08:00 PM,2022,07,21,20,11.5,48,Good,9.9,UG/M3,1 Hr,Valid
Banja Luka,PM2.5 - Principal,2022-07-21 09:00 PM,2022,07,21,21,10.9,45,Good,10.1,UG/M3,1 Hr,Valid
Banja Luka,PM2.5 - Principal,2022-07-21 10:00 PM,2022,07,21,22,11.0,46,Good,11.1,UG/M3,1 Hr,Valid
Banja Luka,PM2.5 - Principal,2022-07-21 11:00 PM,2022,07,21,23,10.9,45,Good,10.8,UG/M3,1 Hr,Valid
Banja Luka,PM2.5 - Principal,2022-07-22 12:00 AM,2022,07,22,00,10.8,45,Good,10.7,UG/M3,1 Hr,Valid
Banja Luka,PM2.5 - Principal,2022-07-22 01:00 AM,2022,07,22,01,11.0,46,Good,11.4,UG/M3,1 Hr,Valid
Banja Luka,PM2.5 - Principal,2022-07-22 02:00 AM,2022,07,22,02,11.3,47,Good,11.7,UG/M3,1 Hr,Valid
Banja Luka,PM2.5 - Principal,2022-07-22 03:00 AM,2022,07,22,03,11.7,49,Good,12.2,UG/M3,1 Hr,Valid
Banja Luka,PM2.5 - Principal,2022-07-22 04:00 AM,2022,07,22,04,11.7,49,Good,11.8,UG/M3,1 Hr,Valid
Banja Luka,PM2.5 - Principal,2022-07-22 05:00 AM,2022,07,22,05,11.4,48,Good,11.6,UG/M3,1 Hr,Valid
Banja Luka,PM2.5 - Principal,2022-07-22 06:00 AM,2022,07,22,06,11.6,48,Good,12.1,UG/M3,1 Hr,Valid
Banja Luka,PM2.5 - Principal,2022-07-22 07:00 AM,2022,07,22,07,12.1,51,Moderate,13.3,UG/M3,1 Hr,Valid
Banja Luka,PM2.5 - Principal,2022-07-22 08:00 AM,2022,07,22,08,12.8,52,Moderate,14.2,UG/M3,1 Hr,Valid
Banja Luka,PM2.5 - Principal,2022-07-22 09:00 AM,2022,07,22,09,14.1,55,Moderate,16.2,UG/M3,1 Hr,Valid
Banja Luka,PM2.5 - Principal,2022-07-22 10:00 AM,2022,07,22,10,15.7,59,Moderate,17.8,UG/M3,1 Hr,Valid
Banja Luka,PM2.5 - Principal,2022-07-22 11:00 AM,2022,07,22,11,16.8,61,Moderate,18.3,UG/M3,1 Hr,Valid
Banja Luka,PM2.5 - Principal,2022-07-22 12:00 PM,2022,07,22,12,16.1,59,Moderate,15.1,UG/M3,1 Hr,Valid
Banja Luka,PM2.5 - Principal,2022-07-22 01:00 PM,2022,07,22,13,15.5,58,Moderate,14.6,UG/M3,1 Hr,Valid
Banja Luka,PM2.5 - Principal,2022-07-22 02:00 PM,2022,07,22,14,14.5,56,Moderate,12.7,UG/M3,1 Hr,Valid
Banja Luka,PM2.5 - Principal,2022-07-22 03:00 PM,2022,07,22,15,13.6,54,Moderate,12.1,UG/M3,1 Hr,Valid
Banja Luka,PM2.5 - Principal,2022-07-22 04:00 PM,2022,07,22,16,13.1,53,Moderate,12.2,UG/M3,1 Hr,Valid
Banja Luka,PM2.5 - Principal,2022-07-22 05:00 PM,2022,07,22,17,13.2,53,Moderate,13.3,UG/M3,1 Hr,Valid
Banja Luka,PM2.5 - Principal,2022-07-22 06:00 PM,2022,07,22,18,13.2,53,Moderate,13.1,UG/M3,1 Hr,Valid
Banja Luka,PM2.5 - Principal,2022-07-22 07:00 PM,2022,07,22,19,13.2,53,Moderate,13.4,UG/M3,1 Hr,Valid
Banja Luka,PM2.5 - Principal,2022-07-22 08:00 PM,2022,07,22,20,13.1,53,Moderate,12.7,UG/M3,1 Hr,Valid
Banja Luka,PM2.5 - Principal,2022-07-22 09:00 PM,2022,07,22,21,12.8,52,Moderate,12.2,UG/M3,1 Hr,Valid
Banja Luka,PM2.5 - Principal,2022-07-22 10:00 PM,2022,07,22,22,14.4,56,Moderate,17.6,UG/M3,1 Hr,Valid
Banja Luka,PM2.5 - Principal,2022-07-22 11:00 PM,2022,07,22,23,14.7,56,Moderate,15.7,UG/M3,1 Hr,Valid
Banja Luka,PM2.5 - Principal,2022-07-23 12:00 AM,2022,07,23,00,15.1,57,Moderate,15.9,UG/M3,1 Hr,Valid
Banja Luka,PM2.5 - Principal,2022-07-23 01:00 AM,2022,07,23,01,14.9,57,Moderate,14.6,UG/M3,1 Hr,Valid
Banja Luka,PM2.5 - Principal,2022-07-23 02:00 AM,2022,07,23,02,15.0,57,Moderate,15.1,UG/M3,1 Hr,Valid
Banja Luka,PM2.5 - Principal,2022-07-23 03:00 AM,2022,07,23,03,14.9,57,Moderate,14.7,UG/M3,1 Hr,Valid
Banja Luka,PM2.5 - Principal,2022-07-23 04:00 AM,2022,07,23,04,14.6,56,Moderate,13.9,UG/M3,1 Hr,Valid
Banja Luka,PM2.5 - Principal,2022-07-23 05:00 AM,2022,07,23,05,14.2,55,Moderate,13.2,UG/M3,1 Hr,Valid
Banja Luka,PM2.5 - Principal,2022-07-23 06:00 AM,2022,07,23,06,14.0,55,Moderate,13.5,UG/M3,1 Hr,Valid
Banja Luka,PM2.5 - Principal,2022-07-23 07:00 AM,2022,07,23,07,14.1,55,Moderate,14.4,UG/M3,1 Hr,Valid
Banja Luka,PM2.5 - Principal,2022-07-23 08:00 AM,2022,07,23,08,14.9,57,Moderate,16.7,UG/M3,1 Hr,Valid
Banja Luka,PM2.5 - Principal,2022-07-23 09:00 AM,2022,07,23,09,16.2,60,Moderate,19.0,UG/M3,1 Hr,Valid
Banja Luka,PM2.5 - Principal,2022-07-23 10:00 AM,2022,07,23,10,17.3,62,Moderate,19.5,UG/M3,1 Hr,Valid
Banja Luka,PM2.5 - Principal,2022-07-23 11:00 AM,2022,07,23,11,18.2,64,Moderate,19.8,UG/M3,1 Hr,Valid
Banja Luka,PM2.5 - Principal,2022-07-23 12:00 PM,2022,07,23,12,19.0,66,Moderate,20.3,UG/M3,1 Hr,Valid
Banja Luka,PM2.5 - Principal,2022-07-23 01:00 PM,2022,07,23,13,19.8,67,Moderate,20.9,UG/M3,1 Hr,Valid
Banja Luka,PM2.5 - Principal,2022-07-23 02:00 PM,2022,07,23,14,20.6,69,Moderate,21.8,UG/M3,1 Hr,Valid
Banja Luka,PM2.5 - Principal,2022-07-23 03:00 PM,2022,07,23,15,20.3,68,Moderate,19.8,UG/M3,1 Hr,Valid
Banja Luka,PM2.5 - Principal,2022-07-23 04:00 PM,2022,07,23,16,19.6,67,Moderate,18.4,UG/M3,1 Hr,Valid
Banja Luka,PM2.5 - Principal,2022-07-23 05:00 PM,2022,07,23,17,19.3,66,Moderate,18.7,UG/M3,1 Hr,Valid
Banja Luka,PM2.5 - Principal,2022-07-23 06:00 PM,2022,07,23,18,19.1,66,Moderate,18.8,UG/M3,1 Hr,Valid
Banja Luka,PM2.5 - Principal,2022-07-23 07:00 PM,2022,07,23,19,18.0,63,Moderate,15.3,UG/M3,1 Hr,Valid
Banja Luka,PM2.5 - Principal,2022-07-23 08:00 PM,2022,07,23,20,16.7,61,Moderate,14.5,UG/M3,1 Hr,Valid
Banja Luka,PM2.5 - Principal,2022-07-23 09:00 PM,2022,07,23,21,17.2,62,Moderate,18.1,UG/M3,1 Hr,Valid
Banja Luka,PM2.5 - Principal,2022-07-23 10:00 PM,2022,07,23,22,18.1,64,Moderate,19.9,UG/M3,1 Hr,Valid
Banja Luka,PM2.5 - Principal,2022-07-23 11:00 PM,2022,07,23,23,18.8,65,Moderate,20.1,UG/M3,1 Hr,Valid
Banja Luka,PM2.5 - Principal,2022-07-24 12:00 AM,2022,07,24,00,19.7,67,Moderate,21.5,UG/M3,1 Hr,Valid
Banja Luka,PM2.5 - Principal,2022-07-24 01:00 AM,2022,07,24,01,20.7,69,Moderate,22.4,UG/M3,1 Hr,Valid
Banja Luka,PM2.5 - Principal,2022-07-24 02:00 AM,2022,07,24,02,21.4,71,Moderate,22.7,UG/M3,1 Hr,Valid
Banja Luka,PM2.5 - Principal,2022-07-24 03:00 AM,2022,07,24,03,21.0,70,Moderate,20.2,UG/M3,1 Hr,Valid
Banja Luka,PM2.5 - Principal,2022-07-24 04:00 AM,2022,07,24,04,20.5,69,Moderate,19.7,UG/M3,1 Hr,Valid
Banja Luka,PM2.5 - Principal,2022-07-24 05:00 AM,2022,07,24,05,20.3,68,Moderate,20.0,UG/M3,1 Hr,Valid
Banja Luka,PM2.5 - Principal,2022-07-24 06:00 AM,2022,07,24,06,20.0,68,Moderate,19.5,UG/M3,1 Hr,Valid
Banja Luka,PM2.5 - Principal,2022-07-24 07:00 AM,2022,07,24,07,18.7,65,Moderate,16.4,UG/M3,1 Hr,Valid
Banja Luka,PM2.5 - Principal,2022-07-24 08:00 AM,2022,07,24,08,18.9,65,Moderate,18.2,UG/M3,1 Hr,Valid
Banja Luka,PM2.5 - Principal,2022-07-24 09:00 AM,2022,07,24,09,19.0,66,Moderate,19.3,UG/M3,1 Hr,Valid
Banja Luka,PM2.5 - Principal,2022-07-24 10:00 AM,2022,07,24,10,17.3,62,Moderate,14.6,UG/M3,1 Hr,Valid
Banja Luka,PM2.5 - Principal,2022-07-24 11:00 AM,2022,07,24,11,15.1,57,Moderate,12.7,UG/M3,1 Hr,Valid
Banja Luka,PM2.5 - Principal,2022-07-24 12:00 PM,2022,07,24,12,13.2,53,Moderate,11.6,UG/M3,1 Hr,Valid
Banja Luka,PM2.5 - Principal,2022-07-24 01:00 PM,2022,07,24,13,10.9,45,Good,8.6,UG/M3,1 Hr,Valid
Banja Luka,PM2.5 - Principal,2022-07-24 02:00 PM,2022,07,24,14,9.1,38,Good,7.2,UG/M3,1 Hr,Valid
Banja Luka,PM2.5 - Principal,2022-07-24 03:00 PM,2022,07,24,15,8.7,36,Good,8.3,UG/M3,1 Hr,Valid
Banja Luka,PM2.5 - Principal,2022-07-24 04:00 PM,2022,07,24,16,9.2,38,Good,9.7,UG/M3,1 Hr,Valid
Banja Luka,PM2.5 - Principal,2022-07-24 05:00 PM,2022,07,24,17,8.4,35,Good,7.6,UG/M3,1 Hr,Valid
Banja Luka,PM2.5 - Principal,2022-07-24 06:00 PM,2022,07,24,18,8.7,36,Good,8.9,UG/M3,1 Hr,Valid
Banja Luka,PM2.5 - Principal,2022-07-24 07:00 PM,2022,07,24,19,8.9,37,Good,9.1,UG/M3,1 Hr,Valid
Banja Luka,PM2.5 - Principal,2022-07-24 08:00 PM,2022,07,24,20,9.0,38,Good,9.2,UG/M3,1 Hr,Valid
Banja Luka,PM2.5 - Principal,2022-07-24 09:00 PM,2022,07,24,21,9.1,38,Good,9.2,UG/M3,1 Hr,Valid
Banja Luka,PM2.5 - Principal,2022-07-24 10:00 PM,2022,07,24,22,9.3,39,Good,9.7,UG/M3,1 Hr,Valid
Banja Luka,PM2.5 - Principal,2022-07-24 11:00 PM,2022,07,24,23,10.2,43,Good,11.7,UG/M3,1 Hr,Valid
Banja Luka,PM2.5 - Principal,2022-07-25 12:00 AM,2022,07,25,00,10.2,43,Good,10.1,UG/M3,1 Hr,Valid
Banja Luka,PM2.5 - Principal,2022-07-25 01:00 AM,2022,07,25,01,10.4,43,Good,10.8,UG/M3,1 Hr,Valid
Banja Luka,PM2.5 - Principal,2022-07-25 02:00 AM,2022,07,25,02,9.9,41,Good,9.0,UG/M3,1 Hr,Valid
Banja Luka,PM2.5 - Principal,2022-07-25 03:00 AM,2022,07,25,03,9.5,40,Good,8.8,UG/M3,1 Hr,Valid
Banja Luka,PM2.5 - Principal,2022-07-25 04:00 AM,2022,07,25,04,9.4,39,Good,9.1,UG/M3,1 Hr,Valid
Banja Luka,PM2.5 - Principal,2022-07-25 05:00 AM,2022,07,25,05,9.3,39,Good,8.8,UG/M3,1 Hr,Valid
Banja Luka,PM2.5 - Principal,2022-07-25 06:00 AM,2022,07,25,06,9.1,38,Good,8.6,UG/M3,1 Hr,Valid
Banja Luka,PM2.5 - Principal,2022-07-25 07:00 AM,2022,07,25,07,9.1,38,Good,8.9,UG/M3,1 Hr,Valid
Banja Luka,PM2.5 - Principal,2022-07-25 08:00 AM,2022,07,25,08,9.1,38,Good,9.4,UG/M3,1 Hr,Valid
Banja Luka,PM2.5 - Principal,2022-07-25 09:00 AM,2022,07,25,09,9.5,40,Good,10.6,UG/M3,1 Hr,Valid
Banja Luka,PM2.5 - Principal,2022-07-25 10:00 AM,2022,07,25,10,10.1,42,Good,11.6,UG/M3,1 Hr,Valid
Banja Luka,PM2.5 - Principal,2022-07-25 11:00 AM,2022,07,25,11,11.0,46,Good,12.7,UG/M3,1 Hr,Valid
Banja Luka,PM2.5 - Principal,2022-07-25 12:00 PM,2022,07,25,12,11.5,48,Good,12.3,UG/M3,1 Hr,Valid
Banja Luka,PM2.5 - Principal,2022-07-25 01:00 PM,2022,07,25,13,11.1,46,Good,10.3,UG/M3,1 Hr,Valid
Banja Luka,PM2.5 - Principal,2022-07-25 02:00 PM,2022,07,25,14,10.8,45,Good,10.2,UG/M3,1 Hr,Valid
Banja Luka,PM2.5 - Principal,2022-07-25 03:00 PM,2022,07,25,15,10.6,44,Good,10.2,UG/M3,1 Hr,Valid
Banja Luka,PM2.5 - Principal,2022-07-25 04:00 PM,2022,07,25,16,10.6,44,Good,10.6,UG/M3,1 Hr,Valid
Banja Luka,PM2.5 - Principal,2022-07-25 05:00 PM,2022,07,25,17,10.6,44,Good,10.5,UG/M3,1 Hr,Valid
Banja Luka,PM2.5 - Principal,2022-07-25 06:00 PM,2022,07,25,18,10.5,44,Good,10.2,UG/M3,1 Hr,Valid
Banja Luka,PM2.5 - Principal,2022-07-25 07:00 PM,2022,07,25,19,10.5,44,Good,10.4,UG/M3,1 Hr,Valid
Banja Luka,PM2.5 - Principal,2022-07-25 08:00 PM,2022,07,25,20,10.5,44,Good,10.4,UG/M3,1 Hr,Valid
Banja Luka,PM2.5 - Principal,2022-07-25 09:00 PM,2022,07,25,21,10.5,44,Good,10.5,UG/M3,1 Hr,Valid
Banja Luka,PM2.5 - Principal,2022-07-25 10:00 PM,2022,07,25,22,10.8,45,Good,11.8,UG/M3,1 Hr,Valid
Banja Luka,PM2.5 - Principal,2022-07-25 11:00 PM,2022,07,25,23,11.4,48,Good,13.4,UG/M3,1 Hr,Valid
Banja Luka,PM2.5 - Principal,2022-07-26 12:00 AM,2022,07,26,00,11.9,50,Good,13.1,UG/M3,1 Hr,Valid
Banja Luka,PM2.5 - Principal,2022-07-26 01:00 AM,2022,07,26,01,13.2,53,Moderate,15.2,UG/M3,1 Hr,Valid
Banja Luka,PM2.5 - Principal,2022-07-26 02:00 AM,2022,07,26,02,13.2,53,Moderate,13.1,UG/M3,1 Hr,Valid
Banja Luka,PM2.5 - Principal,2022-07-26 03:00 AM,2022,07,26,03,12.8,52,Moderate,12.1,UG/M3,1 Hr,Valid
Banja Luka,PM2.5 - Principal,2022-07-26 04:00 AM,2022,07,26,04,12.3,51,Moderate,11.3,UG/M3,1 Hr,Valid
Banja Luka,PM2.5 - Principal,2022-07-26 05:00 AM,2022,07,26,05,11.7,49,Good,10.5,UG/M3,1 Hr,Valid
Banja Luka,PM2.5 - Principal,2022-07-26 06:00 AM,2022,07,26,06,11.6,48,Good,11.2,UG/M3,1 Hr,Valid
Banja Luka,PM2.5 - Principal,2022-07-26 07:00 AM,2022,07,26,07,11.8,49,Good,12.3,UG/M3,1 Hr,Valid
Banja Luka,PM2.5 - Principal,2022-07-26 08:00 AM,2022,07,26,08,12.0,50,Good,12.4,UG/M3,1 Hr,Valid
Banja Luka,PM2.5 - Principal,2022-07-26 09:00 AM,2022,07,26,09,12.2,51,Moderate,12.5,UG/M3,1 Hr,Valid
Banja Luka,PM2.5 - Principal,2022-07-26 10:00 AM,2022,07,26,10,13.2,53,Moderate,15.3,UG/M3,1 Hr,Valid
Banja Luka,PM2.5 - Principal,2022-07-26 11:00 AM,2022,07,26,11,15.5,58,Moderate,18.1,UG/M3,1 Hr,Valid
Banja Luka,PM2.5 - Principal,2022-07-26 12:00 PM,2022,07,26,12,16.6,60,Moderate,18.1,UG/M3,1 Hr,Valid
Banja Luka,PM2.5 - Principal,2022-07-26 01:00 PM,2022,07,26,13,16.0,59,Moderate,15.1,UG/M3,1 Hr,Valid
Banja Luka,PM2.5 - Principal,2022-07-26 02:00 PM,2022,07,26,14,15.0,57,Moderate,13.6,UG/M3,1 Hr,Valid
Banja Luka,PM2.5 - Principal,2022-07-26 03:00 PM,2022,07,26,15,13.8,55,Moderate,12.1,UG/M3,1 Hr,Valid
Banja Luka,PM2.5 - Principal,2022-07-26 04:00 PM,2022,07,26,16,13.6,54,Moderate,13.4,UG/M3,1 Hr,Valid
Banja Luka,PM2.5 - Principal,2022-07-26 05:00 PM,2022,07,26,17,10.4,43,Good,7.4,UG/M3,1 Hr,Valid
Banja Luka,PM2.5 - Principal,2022-07-26 06:00 PM,2022,07,26,18,7.8,33,Good,5.2,UG/M3,1 Hr,Valid
Banja Luka,PM2.5 - Principal,2022-07-26 07:00 PM,2022,07,26,19,6.4,27,Good,5.0,UG/M3,1 Hr,Valid
Banja Luka,PM2.5 - Principal,2022-07-26 08:00 PM,2022,07,26,20,6.4,27,Good,6.4,UG/M3,1 Hr,Valid
Banja Luka,PM2.5 - Principal,2022-07-26 09:00 PM,2022,07,26,21,6.5,27,Good,6.5,UG/M3,1 Hr,Valid
Banja Luka,PM2.5 - Principal,2022-07-26 10:00 PM,2022,07,26,22,6.9,29,Good,7.3,UG/M3,1 Hr,Valid
Banja Luka,PM2.5 - Principal,2022-07-26 11:00 PM,2022,07,26,23,6.6,28,Good,6.4,UG/M3,1 Hr,Valid
Banja Luka,PM2.5 - Principal,2022-07-27 12:00 AM,2022,07,27,00,6.8,28,Good,6.9,UG/M3,1 Hr,Valid
Banja Luka,PM2.5 - Principal,2022-07-27 01:00 AM,2022,07,27,01,7.0,29,Good,7.1,UG/M3,1 Hr,Valid
Banja Luka,PM2.5 - Principal,2022-07-27 02:00 AM,2022,07,27,02,6.5,27,Good,6.0,UG/M3,1 Hr,Valid
Banja Luka,PM2.5 - Principal,2022-07-27 03:00 AM,2022,07,27,03,6.1,25,Good,5.7,UG/M3,1 Hr,Valid
Banja Luka,PM2.5 - Principal,2022-07-27 04:00 AM,2022,07,27,04,6.1,25,Good,5.9,UG/M3,1 Hr,Valid
Banja Luka,PM2.5 - Principal,2022-07-27 05:00 AM,2022,07,27,05,6.0,25,Good,5.8,UG/M3,1 Hr,Valid
Banja Luka,PM2.5 - Principal,2022-07-27 06:00 AM,2022,07,27,06,5.9,25,Good,5.8,UG/M3,1 Hr,Valid
Banja Luka,PM2.5 - Principal,2022-07-27 07:00 AM,2022,07,27,07,6.0,25,Good,6.0,UG/M3,1 Hr,Valid
Banja Luka,PM2.5 - Principal,2022-07-27 08:00 AM,2022,07,27,08,5.9,25,Good,5.7,UG/M3,1 Hr,Valid
Banja Luka,PM2.5 - Principal,2022-07-27 09:00 AM,2022,07,27,09,6.0,25,Good,6.1,UG/M3,1 Hr,Valid
Banja Luka,PM2.5 - Principal,2022-07-27 10:00 AM,2022,07,27,10,6.2,26,Good,7.1,UG/M3,1 Hr,Valid
Banja Luka,PM2.5 - Principal,2022-07-27 11:00 AM,2022,07,27,11,7.3,30,Good,8.9,UG/M3,1 Hr,Valid
Banja Luka,PM2.5 - Principal,2022-07-27 12:00 PM,2022,07,27,12,8.5,35,Good,9.8,UG/M3,1 Hr,Valid
Banja Luka,PM2.5 - Principal,2022-07-27 01:00 PM,2022,07,27,13,10.2,43,Good,11.6,UG/M3,1 Hr,Valid
Banja Luka,PM2.5 - Principal,2022-07-27 02:00 PM,2022,07,27,14,10.9,45,Good,11.6,UG/M3,1 Hr,Valid
Banja Luka,PM2.5 - Principal,2022-07-27 03:00 PM,2022,07,27,15,11.4,48,Good,11.9,UG/M3,1 Hr,Valid
Banja Luka,PM2.5 - Principal,2022-07-27 04:00 PM,2022,07,27,16,12.6,52,Moderate,13.9,UG/M3,1 Hr,Valid
Banja Luka,PM2.5 - Principal,2022-07-27 05:00 PM,2022,07,27,17,13.6,54,Moderate,14.6,UG/M3,1 Hr,Valid
Banja Luka,PM2.5 - Principal,2022-07-27 06:00 PM,2022,07,27,18,13.3,54,Moderate,13.0,UG/M3,1 Hr,Valid
Banja Luka,PM2.5 - Principal,2022-07-27 07:00 PM,2022,07,27,19,12.5,52,Moderate,11.6,UG/M3,1 Hr,Valid
Banja Luka,PM2.5 - Principal,2022-07-27 08:00 PM,2022,07,27,20,12.5,52,Moderate,12.5,UG/M3,1 Hr,Valid
Banja Luka,PM2.5 - Principal,2022-07-27 09:00 PM,2022,07,27,21,11.4,48,Good,10.2,UG/M3,1 Hr,Valid
Banja Luka,PM2.5 - Principal,2022-07-27 10:00 PM,2022,07,27,22,10.9,45,Good,9.6,UG/M3,1 Hr,Valid
Banja Luka,PM2.5 - Principal,2022-07-27 11:00 PM,2022,07,27,23,10.8,45,Good,10.4,UG/M3,1 Hr,Valid
Banja Luka,PM2.5 - Principal,2022-07-28 12:00 AM,2022,07,28,00,10.5,44,Good,9.9,UG/M3,1 Hr,Valid
Banja Luka,PM2.5 - Principal,2022-07-28 01:00 AM,2022,07,28,01,10.3,43,Good,10.0,UG/M3,1 Hr,Valid
Banja Luka,PM2.5 - Principal,2022-07-28 02:00 AM,2022,07,28,02,10.3,43,Good,10.2,UG/M3,1 Hr,Valid
Banja Luka,PM2.5 - Principal,2022-07-28 03:00 AM,2022,07,28,03,10.2,43,Good,9.9,UG/M3,1 Hr,Valid
Banja Luka,PM2.5 - Principal,2022-07-28 04:00 AM,2022,07,28,04,11.0,46,Good,12.6,UG/M3,1 Hr,Valid
Banja Luka,PM2.5 - Principal,2022-07-28 05:00 AM,2022,07,28,05,10.9,45,Good,11.2,UG/M3,1 Hr,Valid
Banja Luka,PM2.5 - Principal,2022-07-28 06:00 AM,2022,07,28,06,10.6,44,Good,9.9,UG/M3,1 Hr,Valid
Banja Luka,PM2.5 - Principal,2022-07-28 07:00 AM,2022,07,28,07,9.7,40,Good,8.1,UG/M3,1 Hr,Valid
Banja Luka,PM2.5 - Principal,2022-07-28 08:00 AM,2022,07,28,08,9.8,41,Good,10.0,UG/M3,1 Hr,Valid
Banja Luka,PM2.5 - Principal,2022-07-28 09:00 AM,2022,07,28,09,10.4,43,Good,11.3,UG/M3,1 Hr,Valid
Banja Luka,PM2.5 - Principal,2022-07-28 10:00 AM,2022,07,28,10,11.1,46,Good,12.3,UG/M3,1 Hr,Valid
Banja Luka,PM2.5 - Principal,2022-07-28 11:00 AM,2022,07,28,11,10.9,45,Good,10.6,UG/M3,1 Hr,Valid
Banja Luka,PM2.5 - Principal,2022-07-28 12:00 PM,2022,07,28,12,11.1,46,Good,11.4,UG/M3,1 Hr,Valid
Banja Luka,PM2.5 - Principal,2022-07-28 01:00 PM,2022,07,28,13,11.4,48,Good,12.0,UG/M3,1 Hr,Valid
Banja Luka,PM2.5 - Principal,2022-07-28 02:00 PM,2022,07,28,14,11.4,48,Good,11.3,UG/M3,1 Hr,Valid
Banja Luka,PM2.5 - Principal,2022-07-28 03:00 PM,2022,07,28,15,10.9,45,Good,10.2,UG/M3,1 Hr,Valid
Banja Luka,PM2.5 - Principal,2022-07-28 04:00 PM,2022,07,28,16,10.6,44,Good,10.0,UG/M3,1 Hr,Valid
Banja Luka,PM2.5 - Principal,2022-07-28 05:00 PM,2022,07,28,17,10.2,43,Good,9.5,UG/M3,1 Hr,Valid
Banja Luka,PM2.5 - Principal,2022-07-28 06:00 PM,2022,07,28,18,9.6,40,Good,8.5,UG/M3,1 Hr,Valid
Banja Luka,PM2.5 - Principal,2022-07-28 07:00 PM,2022,07,28,19,9.3,39,Good,8.5,UG/M3,1 Hr,Valid
Banja Luka,PM2.5 - Principal,2022-07-28 08:00 PM,2022,07,28,20,9.5,40,Good,10.0,UG/M3,1 Hr,Valid
Banja Luka,PM2.5 - Principal,2022-07-28 09:00 PM,2022,07,28,21,9.6,40,Good,9.9,UG/M3,1 Hr,Valid
Banja Luka,PM2.5 - Principal,2022-07-28 10:00 PM,2022,07,28,22,9.6,40,Good,9.7,UG/M3,1 Hr,Valid
Banja Luka,PM2.5 - Principal,2022-07-28 11:00 PM,2022,07,28,23,11.0,46,Good,13.4,UG/M3,1 Hr,Valid
Banja Luka,PM2.5 - Principal,2022-07-29 12:00 AM,2022,07,29,00,11.2,47,Good,11.4,UG/M3,1 Hr,Valid
Banja Luka,PM2.5 - Principal,2022-07-29 01:00 AM,2022,07,29,01,11.5,48,Good,12.0,UG/M3,1 Hr,Valid
Banja Luka,PM2.5 - Principal,2022-07-29 02:00 AM,2022,07,29,02,11.2,47,Good,10.6,UG/M3,1 Hr,Valid
Banja Luka,PM2.5 - Principal,2022-07-29 03:00 AM,2022,07,29,03,10.9,45,Good,10.4,UG/M3,1 Hr,Valid
Banja Luka,PM2.5 - Principal,2022-07-29 04:00 AM,2022,07,29,04,10.5,44,Good,9.9,UG/M3,1 Hr,Valid
Banja Luka,PM2.5 - Principal,2022-07-29 05:00 AM,2022,07,29,05,10.4,43,Good,10.3,UG/M3,1 Hr,Valid
Banja Luka,PM2.5 - Principal,2022-07-29 06:00 AM,2022,07,29,06,10.4,43,Good,10.3,UG/M3,1 Hr,Valid
Banja Luka,PM2.5 - Principal,2022-07-29 07:00 AM,2022,07,29,07,10.5,44,Good,10.6,UG/M3,1 Hr,Valid
Banja Luka,PM2.5 - Principal,2022-07-29 08:00 AM,2022,07,29,08,11.1,46,Good,12.7,UG/M3,1 Hr,Valid
Banja Luka,PM2.5 - Principal,2022-07-29 09:00 AM,2022,07,29,09,11.7,49,Good,12.9,UG/M3,1 Hr,Valid
Banja Luka,PM2.5 - Principal,2022-07-29 10:00 AM,2022,07,29,10,12.1,51,Moderate,13.3,UG/M3,1 Hr,Valid
Banja Luka,PM2.5 - Principal,2022-07-29 11:00 AM,2022,07,29,11,13.1,53,Moderate,14.7,UG/M3,1 Hr,Valid
Banja Luka,PM2.5 - Principal,2022-07-29 12:00 PM,2022,07,29,12,14.3,56,Moderate,15.9,UG/M3,1 Hr,Valid
Banja Luka,PM2.5 - Principal,2022-07-29 01:00 PM,2022,07,29,13,14.7,56,Moderate,15.4,UG/M3,1 Hr,Valid
Banja Luka,PM2.5 - Principal,2022-07-29 02:00 PM,2022,07,29,14,14.0,55,Moderate,12.8,UG/M3,1 Hr,Valid
Banja Luka,PM2.5 - Principal,2022-07-29 03:00 PM,2022,07,29,15,13.8,55,Moderate,13.4,UG/M3,1 Hr,Valid
Banja Luka,PM2.5 - Principal,2022-07-29 04:00 PM,2022,07,29,16,13.6,54,Moderate,13.1,UG/M3,1 Hr,Valid
Banja Luka,PM2.5 - Principal,2022-07-29 05:00 PM,2022,07,29,17,13.5,54,Moderate,13.3,UG/M3,1 Hr,Valid
Banja Luka,PM2.5 - Principal,2022-07-29 06:00 PM,2022,07,29,18,13.0,53,Moderate,12.1,UG/M3,1 Hr,Valid
Banja Luka,PM2.5 - Principal,2022-07-29 07:00 PM,2022,07,29,19,12.8,52,Moderate,11.7,UG/M3,1 Hr,Valid
Banja Luka,PM2.5 - Principal,2022-07-29 08:00 PM,2022,07,29,20,12.3,51,Moderate,11.4,UG/M3,1 Hr,Valid
Banja Luka,PM2.5 - Principal,2022-07-29 09:00 PM,2022,07,29,21,12.2,51,Moderate,11.8,UG/M3,1 Hr,Valid
Banja Luka,PM2.5 - Principal,2022-07-29 10:00 PM,2022,07,29,22,12.6,52,Moderate,13.7,UG/M3,1 Hr,Valid
Banja Luka,PM2.5 - Principal,2022-07-29 11:00 PM,2022,07,29,23,13.3,54,Moderate,15.0,UG/M3,1 Hr,Valid
Banja Luka,PM2.5 - Principal,2022-07-30 12:00 AM,2022,07,30,00,13.3,54,Moderate,13.4,UG/M3,1 Hr,Valid
Banja Luka,PM2.5 - Principal,2022-07-30 01:00 AM,2022,07,30,01,13.2,53,Moderate,13.0,UG/M3,1 Hr,Valid
Banja Luka,PM2.5 - Principal,2022-07-30 02:00 AM,2022,07,30,02,13.7,54,Moderate,15.1,UG/M3,1 Hr,Valid
Banja Luka,PM2.5 - Principal,2022-07-30 03:00 AM,2022,07,30,03,13.8,55,Moderate,14.3,UG/M3,1 Hr,Valid
Banja Luka,PM2.5 - Principal,2022-07-30 04:00 AM,2022,07,30,04,14.5,56,Moderate,15.8,UG/M3,1 Hr,Valid
Banja Luka,PM2.5 - Principal,2022-07-30 05:00 AM,2022,07,30,05,15.3,58,Moderate,16.8,UG/M3,1 Hr,Valid
Banja Luka,PM2.5 - Principal,2022-07-30 06:00 AM,2022,07,30,06,15.4,58,Moderate,15.6,UG/M3,1 Hr,Valid
Banja Luka,PM2.5 - Principal,2022-07-30 07:00 AM,2022,07,30,07,16.6,60,Moderate,18.3,UG/M3,1 Hr,Valid
Banja Luka,PM2.5 - Principal,2022-07-30 08:00 AM,2022,07,30,08,15.5,58,Moderate,13.6,UG/M3,1 Hr,Valid
Banja Luka,PM2.5 - Principal,2022-07-30 09:00 AM,2022,07,30,09,13.1,53,Moderate,10.2,UG/M3,1 Hr,Valid
Banja Luka,PM2.5 - Principal,2022-07-30 10:00 AM,2022,07,30,10,11.8,49,Good,10.1,UG/M3,1 Hr,Valid
Banja Luka,PM2.5 - Principal,2022-07-30 11:00 AM,2022,07,30,11,10.7,45,Good,9.7,UG/M3,1 Hr,Valid
Banja Luka,PM2.5 - Principal,2022-07-30 12:00 PM,2022,07,30,12,10.5,44,Good,10.3,UG/M3,1 Hr,Valid
Banja Luka,PM2.5 - Principal,2022-07-30 01:00 PM,2022,07,30,13,10.5,44,Good,10.5,UG/M3,1 Hr,Valid
Banja Luka,PM2.5 - Principal,2022-07-30 02:00 PM,2022,07,30,14,10.7,45,Good,10.8,UG/M3,1 Hr,Valid
Banja Luka,PM2.5 - Principal,2022-07-30 03:00 PM,2022,07,30,15,10.7,45,Good,10.7,UG/M3,1 Hr,Valid
Banja Luka,PM2.5 - Principal,2022-07-30 04:00 PM,2022,07,30,16,11.1,46,Good,11.6,UG/M3,1 Hr,Valid
Banja Luka,PM2.5 - Principal,2022-07-30 05:00 PM,2022,07,30,17,10.5,44,Good,9.8,UG/M3,1 Hr,Valid
Banja Luka,PM2.5 - Principal,2022-07-30 06:00 PM,2022,07,30,18,10.2,43,Good,9.8,UG/M3,1 Hr,Valid
Banja Luka,PM2.5 - Principal,2022-07-30 07:00 PM,2022,07,30,19,7.8,33,Good,5.5,UG/M3,1 Hr,Valid
Banja Luka,PM2.5 - Principal,2022-07-30 08:00 PM,2022,07,30,20,6.3,26,Good,4.8,UG/M3,1 Hr,Valid
Banja Luka,PM2.5 - Principal,2022-07-30 09:00 PM,2022,07,30,21,5.0,21,Good,3.7,UG/M3,1 Hr,Valid
Banja Luka,PM2.5 - Principal,2022-07-30 10:00 PM,2022,07,30,22,4.3,18,Good,3.6,UG/M3,1 Hr,Valid
Banja Luka,PM2.5 - Principal,2022-07-30 11:00 PM,2022,07,30,23,3.7,15,Good,3.0,UG/M3,1 Hr,Valid
Banja Luka,PM2.5 - Principal,2022-07-31 12:00 AM,2022,07,31,00,3.3,14,Good,3.0,UG/M3,1 Hr,Valid
Banja Luka,PM2.5 - Principal,2022-07-31 01:00 AM,2022,07,31,01,3.4,14,Good,3.5,UG/M3,1 Hr,Valid
Banja Luka,PM2.5 - Principal,2022-07-31 02:00 AM,2022,07,31,02,3.3,14,Good,3.3,UG/M3,1 Hr,Valid
Banja Luka,PM2.5 - Principal,2022-07-31 03:00 AM,2022,07,31,03,3.4,14,Good,3.5,UG/M3,1 Hr,Valid
Banja Luka,PM2.5 - Principal,2022-07-31 04:00 AM,2022,07,31,04,3.6,15,Good,3.8,UG/M3,1 Hr,Valid
Banja Luka,PM2.5 - Principal,2022-07-31 05:00 AM,2022,07,31,05,4.0,17,Good,4.3,UG/M3,1 Hr,Valid
Banja Luka,PM2.5 - Principal,2022-07-31 06:00 AM,2022,07,31,06,4.0,17,Good,4.2,UG/M3,1 Hr,Valid
Banja Luka,PM2.5 - Principal,2022-07-31 07:00 AM,2022,07,31,07,6.0,25,Good,7.9,UG/M3,1 Hr,Valid
Banja Luka,PM2.5 - Principal,2022-07-31 08:00 AM,2022,07,31,08,5.6,23,Good,5.3,UG/M3,1 Hr,Valid
Banja Luka,PM2.5 - Principal,2022-07-31 09:00 AM,2022,07,31,09,5.1,21,Good,4.5,UG/M3,1 Hr,Valid
Banja Luka,PM2.5 - Principal,2022-07-31 10:00 AM,2022,07,31,10,5.0,21,Good,5.0,UG/M3,1 Hr,Valid
Banja Luka,PM2.5 - Principal,2022-07-31 11:00 AM,2022,07,31,11,5.4,23,Good,5.7,UG/M3,1 Hr,Valid
Banja Luka,PM2.5 - Principal,2022-07-31 12:00 PM,2022,07,31,12,5.6,23,Good,5.9,UG/M3,1 Hr,Valid
Banja Luka,PM2.5 - Principal,2022-07-31 01:00 PM,2022,07,31,13,6.0,25,Good,6.4,UG/M3,1 Hr,Valid
Banja Luka,PM2.5 - Principal,2022-07-31 02:00 PM,2022,07,31,14,6.4,27,Good,6.8,UG/M3,1 Hr,Valid
Banja Luka,PM2.5 - Principal,2022-07-31 03:00 PM,2022,07,31,15,6.5,27,Good,6.5,UG/M3,1 Hr,Valid
Banja Luka,PM2.5 - Principal,2022-07-31 04:00 PM,2022,07,31,16,6.5,27,Good,6.6,UG/M3,1 Hr,Valid
Banja Luka,PM2.5 - Principal,2022-07-31 05:00 PM,2022,07,31,17,6.4,27,Good,6.2,UG/M3,1 Hr,Valid
Banja Luka,PM2.5 - Principal,2022-07-31 06:00 PM,2022,07,31,18,6.5,27,Good,6.7,UG/M3,1 Hr,Valid
Banja Luka,PM2.5 - Principal,2022-07-31 07:00 PM,2022,07,31,19,6.6,28,Good,6.9,UG/M3,1 Hr,Valid
Banja Luka,PM2.5 - Principal,2022-07-31 08:00 PM,2022,07,31,20,6.7,28,Good,6.8,UG/M3,1 Hr,Valid
Banja Luka,PM2.5 - Principal,2022-07-31 09:00 PM,2022,07,31,21,6.9,29,Good,7.3,UG/M3,1 Hr,Valid
Banja Luka,PM2.5 - Principal,2022-07-31 10:00 PM,2022,07,31,22,7.6,32,Good,8.9,UG/M3,1 Hr,Valid
Banja Luka,PM2.5 - Principal,2022-07-31 11:00 PM,2022,07,31,23,8.4,35,Good,9.5,UG/M3,1 Hr,Valid
Banja Luka,PM2.5 - Principal,2022-08-01 12:00 AM,2022,08,01,00,8.4,35,Good,8.7,UG/M3,1 Hr,Valid
Banja Luka,PM2.5 - Principal,2022-08-01 01:00 AM,2022,08,01,01,8.4,35,Good,8.3,UG/M3,1 Hr,Valid
Banja Luka,PM2.5 - Principal,2022-08-01 02:00 AM,2022,08,01,02,8.3,35,Good,8.1,UG/M3,1 Hr,Valid
Banja Luka,PM2.5 - Principal,2022-08-01 03:00 AM,2022,08,01,03,8.3,35,Good,8.2,UG/M3,1 Hr,Valid
Banja Luka,PM2.5 - Principal,2022-08-01 04:00 AM,2022,08,01,04,8.2,34,Good,8.2,UG/M3,1 Hr,Valid
Banja Luka,PM2.5 - Principal,2022-08-01 05:00 AM,2022,08,01,05,8.4,35,Good,8.7,UG/M3,1 Hr,Valid
Banja Luka,PM2.5 - Principal,2022-08-01 06:00 AM,2022,08,01,06,8.6,36,Good,9.1,UG/M3,1 Hr,Valid
Banja Luka,PM2.5 - Principal,2022-08-01 07:00 AM,2022,08,01,07,8.9,37,Good,9.7,UG/M3,1 Hr,Valid
Banja Luka,PM2.5 - Principal,2022-08-01 08:00 AM,2022,08,01,08,9.8,41,Good,11.2,UG/M3,1 Hr,Valid
Banja Luka,PM2.5 - Principal,2022-08-01 09:00 AM,2022,08,01,09,9.8,41,Good,10.5,UG/M3,1 Hr,Valid
Banja Luka,PM2.5 - Principal,2022-08-01 10:00 AM,2022,08,01,10,11.4,48,Good,13.4,UG/M3,1 Hr,Valid
Banja Luka,PM2.5 - Principal,2022-08-01 11:00 AM,2022,08,01,11,10.8,45,Good,9.8,UG/M3,1 Hr,Valid
Banja Luka,PM2.5 - Principal,2022-08-01 12:00 PM,2022,08,01,12,9.9,41,Good,8.5,UG/M3,1 Hr,Valid
Banja Luka,PM2.5 - Principal,2022-08-01 01:00 PM,2022,08,01,13,9.2,38,Good,8.1,UG/M3,1 Hr,Valid
Banja Luka,PM2.5 - Principal,2022-08-01 02:00 PM,2022,08,01,14,8.8,37,Good,8.2,UG/M3,1 Hr,Valid
Banja Luka,PM2.5 - Principal,2022-08-01 03:00 PM,2022,08,01,15,8.8,37,Good,8.7,UG/M3,1 Hr,Valid
Banja Luka,PM2.5 - Principal,2022-08-01 04:00 PM,2022,08,01,16,8.6,36,Good,8.4,UG/M3,1 Hr,Valid
Banja Luka,PM2.5 - Principal,2022-08-01 05:00 PM,2022,08,01,17,8.2,34,Good,7.7,UG/M3,1 Hr,Valid
Banja Luka,PM2.5 - Principal,2022-08-01 06:00 PM,2022,08,01,18,7.7,32,Good,7.1,UG/M3,1 Hr,Valid
Banja Luka,PM2.5 - Principal,2022-08-01 07:00 PM,2022,08,01,19,7.5,31,Good,7.3,UG/M3,1 Hr,Valid
Banja Luka,PM2.5 - Principal,2022-08-01 08:00 PM,2022,08,01,20,7.6,32,Good,7.7,UG/M3,1 Hr,Valid
Banja Luka,PM2.5 - Principal,2022-08-01 09:00 PM,2022,08,01,21,7.9,33,Good,8.3,UG/M3,1 Hr,Valid
Banja Luka,PM2.5 - Principal,2022-08-01 10:00 PM,2022,08,01,22,9.1,38,Good,11.3,UG/M3,1 Hr,Valid
Banja Luka,PM2.5 - Principal,2022-08-01 11:00 PM,2022,08,01,23,10.8,45,Good,12.6,UG/M3,1 Hr,Valid
Banja Luka,PM2.5 - Principal,2022-08-02 12:00 AM,2022,08,02,00,10.6,44,Good,10.4,UG/M3,1 Hr,Valid
Banja Luka,PM2.5 - Principal,2022-08-02 01:00 AM,2022,08,02,01,10.1,42,Good,9.4,UG/M3,1 Hr,Valid
Banja Luka,PM2.5 - Principal,2022-08-02 02:00 AM,2022,08,02,02,9.9,41,Good,9.6,UG/M3,1 Hr,Valid
Banja Luka,PM2.5 - Principal,2022-08-02 03:00 AM,2022,08,02,03,9.8,41,Good,9.7,UG/M3,1 Hr,Valid
Banja Luka,PM2.5 - Principal,2022-08-02 04:00 AM,2022,08,02,04,10.1,42,Good,10.6,UG/M3,1 Hr,Valid
Banja Luka,PM2.5 - Principal,2022-08-02 05:00 AM,2022,08,02,05,10.4,43,Good,10.8,UG/M3,1 Hr,Valid
Banja Luka,PM2.5 - Principal,2022-08-02 06:00 AM,2022,08,02,06,10.3,43,Good,10.2,UG/M3,1 Hr,Valid
Banja Luka,PM2.5 - Principal,2022-08-02 07:00 AM,2022,08,02,07,10.6,44,Good,11.1,UG/M3,1 Hr,Valid
Banja Luka,PM2.5 - Principal,2022-08-02 08:00 AM,2022,08,02,08,10.5,44,Good,10.5,UG/M3,1 Hr,Valid
Banja Luka,PM2.5 - Principal,2022-08-02 09:00 AM,2022,08,02,09,10.6,44,Good,10.9,UG/M3,1 Hr,Valid
Banja Luka,PM2.5 - Principal,2022-08-02 10:00 AM,2022,08,02,10,10.9,45,Good,11.7,UG/M3,1 Hr,Valid
Banja Luka,PM2.5 - Principal,2022-08-02 11:00 AM,2022,08,02,11,10.4,43,Good,9.0,UG/M3,1 Hr,Valid
Banja Luka,PM2.5 - Principal,2022-08-02 12:00 PM,2022,08,02,12,10.0,42,Good,8.9,UG/M3,1 Hr,Valid
Banja Luka,PM2.5 - Principal,2022-08-02 01:00 PM,2022,08,02,13,9.9,41,Good,9.6,UG/M3,1 Hr,Valid
Banja Luka,PM2.5 - Principal,2022-08-02 02:00 PM,2022,08,02,14,9.2,38,Good,8.0,UG/M3,1 Hr,Valid
Banja Luka,PM2.5 - Principal,2022-08-02 03:00 PM,2022,08,02,15,9.0,38,Good,8.6,UG/M3,1 Hr,Valid
Banja Luka,PM2.5 - Principal,2022-08-02 04:00 PM,2022,08,02,16,8.9,37,Good,8.6,UG/M3,1 Hr,Valid
Banja Luka,PM2.5 - Principal,2022-08-02 05:00 PM,2022,08,02,17,8.9,37,Good,9.1,UG/M3,1 Hr,Valid
Banja Luka,PM2.5 - Principal,2022-08-02 06:00 PM,2022,08,02,18,9.0,38,Good,9.2,UG/M3,1 Hr,Valid
Banja Luka,PM2.5 - Principal,2022-08-02 07:00 PM,2022,08,02,19,8.9,37,Good,8.8,UG/M3,1 Hr,Valid
Banja Luka,PM2.5 - Principal,2022-08-02 08:00 PM,2022,08,02,20,8.3,35,Good,7.4,UG/M3,1 Hr,Valid
Banja Luka,PM2.5 - Principal,2022-08-02 09:00 PM,2022,08,02,21,9.1,38,Good,10.4,UG/M3,1 Hr,Valid
Banja Luka,PM2.5 - Principal,2022-08-02 10:00 PM,2022,08,02,22,9.3,39,Good,10.0,UG/M3,1 Hr,Valid
Banja Luka,PM2.5 - Principal,2022-08-02 11:00 PM,2022,08,02,23,9.2,38,Good,9.0,UG/M3,1 Hr,Valid
Banja Luka,PM2.5 - Principal,2022-08-03 12:00 AM,2022,08,03,00,8.7,36,Good,7.3,UG/M3,1 Hr,Valid
Banja Luka,PM2.5 - Principal,2022-08-03 01:00 AM,2022,08,03,01,8.1,34,Good,7.1,UG/M3,1 Hr,Valid
Banja Luka,PM2.5 - Principal,2022-08-03 02:00 AM,2022,08,03,02,7.6,32,Good,6.8,UG/M3,1 Hr,Valid
Banja Luka,PM2.5 - Principal,2022-08-03 03:00 AM,2022,08,03,03,7.0,29,Good,6.2,UG/M3,1 Hr,Valid
Banja Luka,PM2.5 - Principal,2022-08-03 04:00 AM,2022,08,03,04,6.7,28,Good,6.4,UG/M3,1 Hr,Valid
Banja Luka,PM2.5 - Principal,2022-08-03 05:00 AM,2022,08,03,05,6.6,28,Good,6.4,UG/M3,1 Hr,Valid
Banja Luka,PM2.5 - Principal,2022-08-03 06:00 AM,2022,08,03,06,6.6,28,Good,6.7,UG/M3,1 Hr,Valid
Banja Luka,PM2.5 - Principal,2022-08-03 07:00 AM,2022,08,03,07,6.8,28,Good,7.2,UG/M3,1 Hr,Valid
Banja Luka,PM2.5 - Principal,2022-08-03 08:00 AM,2022,08,03,08,7.3,30,Good,8.1,UG/M3,1 Hr,Valid
Banja Luka,PM2.5 - Principal,2022-08-03 09:00 AM,2022,08,03,09,7.9,33,Good,8.8,UG/M3,1 Hr,Valid
Banja Luka,PM2.5 - Principal,2022-08-03 10:00 AM,2022,08,03,10,8.4,35,Good,9.5,UG/M3,1 Hr,Valid
Banja Luka,PM2.5 - Principal,2022-08-03 11:00 AM,2022,08,03,11,8.6,36,Good,9.1,UG/M3,1 Hr,Valid
Banja Luka,PM2.5 - Principal,2022-08-03 12:00 PM,2022,08,03,12,8.4,35,Good,7.9,UG/M3,1 Hr,Valid
Banja Luka,PM2.5 - Principal,2022-08-03 01:00 PM,2022,08,03,13,7.7,32,Good,6.5,UG/M3,1 Hr,Valid
Banja Luka,PM2.5 - Principal,2022-08-03 02:00 PM,2022,08,03,14,7.4,31,Good,6.9,UG/M3,1 Hr,Valid
Banja Luka,PM2.5 - Principal,2022-08-03 03:00 PM,2022,08,03,15,7.4,31,Good,7.4,UG/M3,1 Hr,Valid
Banja Luka,PM2.5 - Principal,2022-08-03 04:00 PM,2022,08,03,16,7.4,31,Good,7.4,UG/M3,1 Hr,Valid
Banja Luka,PM2.5 - Principal,2022-08-03 05:00 PM,2022,08,03,17,7.4,31,Good,7.5,UG/M3,1 Hr,Valid
Banja Luka,PM2.5 - Principal,2022-08-03 06:00 PM,2022,08,03,18,7.4,31,Good,7.2,UG/M3,1 Hr,Valid
Banja Luka,PM2.5 - Principal,2022-08-03 07:00 PM,2022,08,03,19,7.3,30,Good,7.2,UG/M3,1 Hr,Valid
Banja Luka,PM2.5 - Principal,2022-08-03 08:00 PM,2022,08,03,20,7.3,30,Good,7.3,UG/M3,1 Hr,Valid
Banja Luka,PM2.5 - Principal,2022-08-03 09:00 PM,2022,08,03,21,7.5,31,Good,7.9,UG/M3,1 Hr,Valid
Banja Luka,PM2.5 - Principal,2022-08-03 10:00 PM,2022,08,03,22,7.6,32,Good,8.0,UG/M3,1 Hr,Valid
Banja Luka,PM2.5 - Principal,2022-08-03 11:00 PM,2022,08,03,23,8.6,36,Good,10.3,UG/M3,1 Hr,Valid
Banja Luka,PM2.5 - Principal,2022-08-04 12:00 AM,2022,08,04,00,9.6,40,Good,10.9,UG/M3,1 Hr,Valid
Banja Luka,PM2.5 - Principal,2022-08-04 01:00 AM,2022,08,04,01,9.6,40,Good,9.9,UG/M3,1 Hr,Valid
Banja Luka,PM2.5 - Principal,2022-08-04 02:00 AM,2022,08,04,02,9.0,38,Good,7.8,UG/M3,1 Hr,Valid
Banja Luka,PM2.5 - Principal,2022-08-04 03:00 AM,2022,08,04,03,8.7,36,Good,8.3,UG/M3,1 Hr,Valid
Banja Luka,PM2.5 - Principal,2022-08-04 04:00 AM,2022,08,04,04,8.7,36,Good,8.6,UG/M3,1 Hr,Valid
Banja Luka,PM2.5 - Principal,2022-08-04 05:00 AM,2022,08,04,05,8.6,36,Good,8.5,UG/M3,1 Hr,Valid
Banja Luka,PM2.5 - Principal,2022-08-04 06:00 AM,2022,08,04,06,8.5,35,Good,8.3,UG/M3,1 Hr,Valid
Banja Luka,PM2.5 - Principal,2022-08-04 07:00 AM,2022,08,04,07,8.5,35,Good,8.5,UG/M3,1 Hr,Valid
Banja Luka,PM2.5 - Principal,2022-08-04 08:00 AM,2022,08,04,08,8.8,37,Good,9.4,UG/M3,1 Hr,Valid
Banja Luka,PM2.5 - Principal,2022-08-04 09:00 AM,2022,08,04,09,9.2,38,Good,10.2,UG/M3,1 Hr,Valid
Banja Luka,PM2.5 - Principal,2022-08-04 10:00 AM,2022,08,04,10,9.5,40,Good,10.4,UG/M3,1 Hr,Valid
Banja Luka,PM2.5 - Principal,2022-08-04 11:00 AM,2022,08,04,11,11.1,46,Good,13.1,UG/M3,1 Hr,Valid
Banja Luka,PM2.5 - Principal,2022-08-04 12:00 PM,2022,08,04,12,11.2,47,Good,11.3,UG/M3,1 Hr,Valid
Banja Luka,PM2.5 - Principal,2022-08-04 01:00 PM,2022,08,04,13,11.3,47,Good,11.3,UG/M3,1 Hr,Valid
Banja Luka,PM2.5 - Principal,2022-08-04 02:00 PM,2022,08,04,14,10.7,45,Good,9.8,UG/M3,1 Hr,Valid
Banja Luka,PM2.5 - Principal,2022-08-04 03:00 PM,2022,08,04,15,9.9,41,Good,8.7,UG/M3,1 Hr,Valid
Banja Luka,PM2.5 - Principal,2022-08-04 04:00 PM,2022,08,04,16,9.7,40,Good,9.3,UG/M3,1 Hr,Valid
Banja Luka,PM2.5 - Principal,2022-08-04 05:00 PM,2022,08,04,17,9.4,39,Good,8.9,UG/M3,1 Hr,Valid
Banja Luka,PM2.5 - Principal,2022-08-04 06:00 PM,2022,08,04,18,9.4,39,Good,9.2,UG/M3,1 Hr,Valid
Banja Luka,PM2.5 - Principal,2022-08-04 07:00 PM,2022,08,04,19,9.2,38,Good,8.7,UG/M3,1 Hr,Valid
Banja Luka,PM2.5 - Principal,2022-08-04 08:00 PM,2022,08,04,20,8.6,36,Good,7.8,UG/M3,1 Hr,Valid
Banja Luka,PM2.5 - Principal,2022-08-04 09:00 PM,2022,08,04,21,8.1,34,Good,7.5,UG/M3,1 Hr,Valid
Banja Luka,PM2.5 - Principal,2022-08-04 10:00 PM,2022,08,04,22,7.9,33,Good,7.6,UG/M3,1 Hr,Valid
Banja Luka,PM2.5 - Principal,2022-08-04 11:00 PM,2022,08,04,23,9.0,38,Good,10.9,UG/M3,1 Hr,Valid
Banja Luka,PM2.5 - Principal,2022-08-05 12:00 AM,2022,08,05,00,9.3,39,Good,9.8,UG/M3,1 Hr,Valid
Banja Luka,PM2.5 - Principal,2022-08-05 01:00 AM,2022,08,05,01,9.0,38,Good,8.5,UG/M3,1 Hr,Valid
Banja Luka,PM2.5 - Principal,2022-08-05 02:00 AM,2022,08,05,02,9.1,38,Good,9.3,UG/M3,1 Hr,Valid
Banja Luka,PM2.5 - Principal,2022-08-05 03:00 AM,2022,08,05,03,9.4,39,Good,10.0,UG/M3,1 Hr,Valid
Banja Luka,PM2.5 - Principal,2022-08-05 04:00 AM,2022,08,05,04,9.4,39,Good,9.5,UG/M3,1 Hr,Valid
Banja Luka,PM2.5 - Principal,2022-08-05 05:00 AM,2022,08,05,05,9.7,40,Good,10.1,UG/M3,1 Hr,Valid
Banja Luka,PM2.5 - Principal,2022-08-05 06:00 AM,2022,08,05,06,10.1,42,Good,11.0,UG/M3,1 Hr,Valid
Banja Luka,PM2.5 - Principal,2022-08-05 07:00 AM,2022,08,05,07,10.9,45,Good,12.0,UG/M3,1 Hr,Valid
Banja Luka,PM2.5 - Principal,2022-08-05 08:00 AM,2022,08,05,08,11.8,49,Good,12.8,UG/M3,1 Hr,Valid
Banja Luka,PM2.5 - Principal,2022-08-05 09:00 AM,2022,08,05,09,12.9,53,Moderate,14.1,UG/M3,1 Hr,Valid
Banja Luka,PM2.5 - Principal,2022-08-05 10:00 AM,2022,08,05,10,14.0,55,Moderate,15.3,UG/M3,1 Hr,Valid
Banja Luka,PM2.5 - Principal,2022-08-05 11:00 AM,2022,08,05,11,15.8,59,Moderate,17.4,UG/M3,1 Hr,Valid
Banja Luka,PM2.5 - Principal,2022-08-05 12:00 PM,2022,08,05,12,15.8,59,Moderate,15.8,UG/M3,1 Hr,Valid
Banja Luka,PM2.5 - Principal,2022-08-05 01:00 PM,2022,08,05,13,15.8,59,Moderate,16.0,UG/M3,1 Hr,Valid
Banja Luka,PM2.5 - Principal,2022-08-05 02:00 PM,2022,08,05,14,16.1,59,Moderate,16.4,UG/M3,1 Hr,Valid
Banja Luka,PM2.5 - Principal,2022-08-05 03:00 PM,2022,08,05,15,16.2,60,Moderate,16.4,UG/M3,1 Hr,Valid
Banja Luka,PM2.5 - Principal,2022-08-05 04:00 PM,2022,08,05,16,16.4,60,Moderate,16.6,UG/M3,1 Hr,Valid
Banja Luka,PM2.5 - Principal,2022-08-05 05:00 PM,2022,08,05,17,16.0,59,Moderate,15.6,UG/M3,1 Hr,Valid
Banja Luka,PM2.5 - Principal,2022-08-05 06:00 PM,2022,08,05,18,15.8,59,Moderate,15.3,UG/M3,1 Hr,Valid
Banja Luka,PM2.5 - Principal,2022-08-05 07:00 PM,2022,08,05,19,15.5,58,Moderate,14.6,UG/M3,1 Hr,Valid
Banja Luka,PM2.5 - Principal,2022-08-05 08:00 PM,2022,08,05,20,14.9,57,Moderate,13.0,UG/M3,1 Hr,Valid
Banja Luka,PM2.5 - Principal,2022-08-05 09:00 PM,2022,08,05,21,14.2,55,Moderate,12.6,UG/M3,1 Hr,Valid
Banja Luka,PM2.5 - Principal,2022-08-05 10:00 PM,2022,08,05,22,14.2,55,Moderate,14.1,UG/M3,1 Hr,Valid
Banja Luka,PM2.5 - Principal,2022-08-05 11:00 PM,2022,08,05,23,14.9,57,Moderate,16.9,UG/M3,1 Hr,Valid
Banja Luka,PM2.5 - Principal,2022-08-06 12:00 AM,2022,08,06,00,15.1,57,Moderate,15.4,UG/M3,1 Hr,Valid
Banja Luka,PM2.5 - Principal,2022-08-06 01:00 AM,2022,08,06,01,15.1,57,Moderate,15.3,UG/M3,1 Hr,Valid
Banja Luka,PM2.5 - Principal,2022-08-06 02:00 AM,2022,08,06,02,15.1,57,Moderate,15.1,UG/M3,1 Hr,Valid
Banja Luka,PM2.5 - Principal,2022-08-06 03:00 AM,2022,08,06,03,15.0,57,Moderate,14.7,UG/M3,1 Hr,Valid
Banja Luka,PM2.5 - Principal,2022-08-06 04:00 AM,2022,08,06,04,14.9,57,Moderate,14.7,UG/M3,1 Hr,Valid
Banja Luka,PM2.5 - Principal,2022-08-06 05:00 AM,2022,08,06,05,15.3,58,Moderate,16.4,UG/M3,1 Hr,Valid
Banja Luka,PM2.5 - Principal,2022-08-06 06:00 AM,2022,08,06,06,15.0,57,Moderate,14.1,UG/M3,1 Hr,Valid
Banja Luka,PM2.5 - Principal,2022-08-06 07:00 AM,2022,08,06,07,15.1,57,Moderate,15.3,UG/M3,1 Hr,Valid
Banja Luka,PM2.5 - Principal,2022-08-06 08:00 AM,2022,08,06,08,15.2,58,Moderate,15.4,UG/M3,1 Hr,Valid
Banja Luka,PM2.5 - Principal,2022-08-06 09:00 AM,2022,08,06,09,15.6,58,Moderate,17.1,UG/M3,1 Hr,Valid
Banja Luka,PM2.5 - Principal,2022-08-06 10:00 AM,2022,08,06,10,16.3,60,Moderate,18.1,UG/M3,1 Hr,Valid
Banja Luka,PM2.5 - Principal,2022-08-06 11:00 AM,2022,08,06,11,18.8,65,Moderate,22.3,UG/M3,1 Hr,Valid
Banja Luka,PM2.5 - Principal,2022-08-06 12:00 PM,2022,08,06,12,18.4,64,Moderate,17.8,UG/M3,1 Hr,Valid
Banja Luka,PM2.5 - Principal,2022-08-06 01:00 PM,2022,08,06,13,17.1,62,Moderate,14.9,UG/M3,1 Hr,Valid
Banja Luka,PM2.5 - Principal,2022-08-06 02:00 PM,2022,08,06,14,15.0,57,Moderate,12.4,UG/M3,1 Hr,Valid
Banja Luka,PM2.5 - Principal,2022-08-06 03:00 PM,2022,08,06,15,14.1,55,Moderate,13.0,UG/M3,1 Hr,Valid
Banja Luka,PM2.5 - Principal,2022-08-06 04:00 PM,2022,08,06,16,13.5,54,Moderate,12.8,UG/M3,1 Hr,Valid
Banja Luka,PM2.5 - Principal,2022-08-06 05:00 PM,2022,08,06,17,13.8,55,Moderate,14.1,UG/M3,1 Hr,Valid
Banja Luka,PM2.5 - Principal,2022-08-06 06:00 PM,2022,08,06,18,13.3,54,Moderate,12.8,UG/M3,1 Hr,Valid
Banja Luka,PM2.5 - Principal,2022-08-06 07:00 PM,2022,08,06,19,13.5,54,Moderate,13.7,UG/M3,1 Hr,Valid
Banja Luka,PM2.5 - Principal,2022-08-06 08:00 PM,2022,08,06,20,12.7,52,Moderate,11.9,UG/M3,1 Hr,Valid
Banja Luka,PM2.5 - Principal,2022-08-06 09:00 PM,2022,08,06,21,11.1,46,Good,9.6,UG/M3,1 Hr,Valid
Banja Luka,PM2.5 - Principal,2022-08-06 10:00 PM,2022,08,06,22,9.3,39,Good,7.4,UG/M3,1 Hr,Valid
Banja Luka,PM2.5 - Principal,2022-08-06 11:00 PM,2022,08,06,23,7.8,33,Good,6.4,UG/M3,1 Hr,Valid
Banja Luka,PM2.5 - Principal,2022-08-07 12:00 AM,2022,08,07,00,7.1,30,Good,6.4,UG/M3,1 Hr,Valid
Banja Luka,PM2.5 - Principal,2022-08-07 01:00 AM,2022,08,07,01,6.3,26,Good,5.5,UG/M3,1 Hr,Valid
Banja Luka,PM2.5 - Principal,2022-08-07 02:00 AM,2022,08,07,02,5.7,24,Good,5.2,UG/M3,1 Hr,Valid
Banja Luka,PM2.5 - Principal,2022-08-07 03:00 AM,2022,08,07,03,5.3,22,Good,4.9,UG/M3,1 Hr,Valid
Banja Luka,PM2.5 - Principal,2022-08-07 04:00 AM,2022,08,07,04,5.2,22,Good,5.2,UG/M3,1 Hr,Valid
Banja Luka,PM2.5 - Principal,2022-08-07 05:00 AM,2022,08,07,05,5.2,22,Good,5.2,UG/M3,1 Hr,Valid
Banja Luka,PM2.5 - Principal,2022-08-07 06:00 AM,2022,08,07,06,5.1,21,Good,5.1,UG/M3,1 Hr,Valid
Banja Luka,PM2.5 - Principal,2022-08-07 07:00 AM,2022,08,07,07,4.9,20,Good,4.7,UG/M3,1 Hr,Valid
Banja Luka,PM2.5 - Principal,2022-08-07 08:00 AM,2022,08,07,08,4.9,20,Good,4.9,UG/M3,1 Hr,Valid
Banja Luka,PM2.5 - Principal,2022-08-07 09:00 AM,2022,08,07,09,5.0,21,Good,5.2,UG/M3,1 Hr,Valid
Banja Luka,PM2.5 - Principal,2022-08-07 10:00 AM,2022,08,07,10,5.1,21,Good,5.3,UG/M3,1 Hr,Valid
Banja Luka,PM2.5 - Principal,2022-08-07 11:00 AM,2022,08,07,11,5.3,22,Good,5.9,UG/M3,1 Hr,Valid
Banja Luka,PM2.5 - Principal,2022-08-07 12:00 PM,2022,08,07,12,5.6,23,Good,6.4,UG/M3,1 Hr,Valid
Banja Luka,PM2.5 - Principal,2022-08-07 01:00 PM,2022,08,07,13,6.0,25,Good,6.7,UG/M3,1 Hr,Valid
Banja Luka,PM2.5 - Principal,2022-08-07 02:00 PM,2022,08,07,14,6.6,28,Good,7.5,UG/M3,1 Hr,Valid
Banja Luka,PM2.5 - Principal,2022-08-07 03:00 PM,2022,08,07,15,7.4,31,Good,8.2,UG/M3,1 Hr,Valid
Banja Luka,PM2.5 - Principal,2022-08-07 04:00 PM,2022,08,07,16,8.6,36,Good,9.6,UG/M3,1 Hr,Valid
Banja Luka,PM2.5 - Principal,2022-08-07 05:00 PM,2022,08,07,17,9.5,40,Good,10.4,UG/M3,1 Hr,Valid
Banja Luka,PM2.5 - Principal,2022-08-07 06:00 PM,2022,08,07,18,9.8,41,Good,10.1,UG/M3,1 Hr,Valid
Banja Luka,PM2.5 - Principal,2022-08-07 07:00 PM,2022,08,07,19,10.0,42,Good,10.1,UG/M3,1 Hr,Valid
Banja Luka,PM2.5 - Principal,2022-08-07 08:00 PM,2022,08,07,20,10.2,43,Good,10.4,UG/M3,1 Hr,Valid
Banja Luka,PM2.5 - Principal,2022-08-07 09:00 PM,2022,08,07,21,10.0,42,Good,9.8,UG/M3,1 Hr,Valid
Banja Luka,PM2.5 - Principal,2022-08-07 10:00 PM,2022,08,07,22,10.0,42,Good,9.9,UG/M3,1 Hr,Valid
Banja Luka,PM2.5 - Principal,2022-08-07 11:00 PM,2022,08,07,23,10.5,44,Good,11.2,UG/M3,1 Hr,Valid
Banja Luka,PM2.5 - Principal,2022-08-08 12:00 AM,2022,08,08,00,10.6,44,Good,10.8,UG/M3,1 Hr,Valid
Banja Luka,PM2.5 - Principal,2022-08-08 01:00 AM,2022,08,08,01,10.5,44,Good,10.5,UG/M3,1 Hr,Valid
Banja Luka,PM2.5 - Principal,2022-08-08 02:00 AM,2022,08,08,02,10.5,44,Good,10.5,UG/M3,1 Hr,Valid
Banja Luka,PM2.5 - Principal,2022-08-08 03:00 AM,2022,08,08,03,11.0,46,Good,12.5,UG/M3,1 Hr,Valid
Banja Luka,PM2.5 - Principal,2022-08-08 04:00 AM,2022,08,08,04,11.1,46,Good,11.6,UG/M3,1 Hr,Valid
Banja Luka,PM2.5 - Principal,2022-08-08 05:00 AM,2022,08,08,05,10.9,45,Good,10.1,UG/M3,1 Hr,Valid
Banja Luka,PM2.5 - Principal,2022-08-08 06:00 AM,2022,08,08,06,10.7,45,Good,10.2,UG/M3,1 Hr,Valid
Banja Luka,PM2.5 - Principal,2022-08-08 07:00 AM,2022,08,08,07,10.7,45,Good,10.5,UG/M3,1 Hr,Valid
Banja Luka,PM2.5 - Principal,2022-08-08 08:00 AM,2022,08,08,08,11.3,47,Good,12.9,UG/M3,1 Hr,Valid
Banja Luka,PM2.5 - Principal,2022-08-08 09:00 AM,2022,08,08,09,12.1,51,Moderate,13.9,UG/M3,1 Hr,Valid
Banja Luka,PM2.5 - Principal,2022-08-08 10:00 AM,2022,08,08,10,11.9,50,Good,11.3,UG/M3,1 Hr,Valid
Banja Luka,PM2.5 - Principal,2022-08-08 11:00 AM,2022,08,08,11,14.8,57,Moderate,18.3,UG/M3,1 Hr,Valid
Banja Luka,PM2.5 - Principal,2022-08-08 12:00 PM,2022,08,08,12,13.4,54,Moderate,11.6,UG/M3,1 Hr,Valid
Banja Luka,PM2.5 - Principal,2022-08-08 01:00 PM,2022,08,08,13,11.2,47,Good,9.0,UG/M3,1 Hr,Valid
Banja Luka,PM2.5 - Principal,2022-08-08 02:00 PM,2022,08,08,14,9.3,39,Good,7.4,UG/M3,1 Hr,Valid
Banja Luka,PM2.5 - Principal,2022-08-08 03:00 PM,2022,08,08,15,8.7,36,Good,8.2,UG/M3,1 Hr,Valid
Banja Luka,PM2.5 - Principal,2022-08-08 04:00 PM,2022,08,08,16,8.4,35,Good,8.0,UG/M3,1 Hr,Valid
Banja Luka,PM2.5 - Principal,2022-08-08 05:00 PM,2022,08,08,17,8.2,34,Good,8.0,UG/M3,1 Hr,Valid
Banja Luka,PM2.5 - Principal,2022-08-08 06:00 PM,2022,08,08,18,8.1,34,Good,8.0,UG/M3,1 Hr,Valid
Banja Luka,PM2.5 - Principal,2022-08-08 07:00 PM,2022,08,08,19,8.2,34,Good,8.2,UG/M3,1 Hr,Valid
Banja Luka,PM2.5 - Principal,2022-08-08 08:00 PM,2022,08,08,20,8.3,35,Good,8.5,UG/M3,1 Hr,Valid
Banja Luka,PM2.5 - Principal,2022-08-08 09:00 PM,2022,08,08,21,9.1,38,Good,9.8,UG/M3,1 Hr,Valid
Banja Luka,PM2.5 - Principal,2022-08-08 10:00 PM,2022,08,08,22,9.3,39,Good,9.6,UG/M3,1 Hr,Valid
Banja Luka,PM2.5 - Principal,2022-08-08 11:00 PM,2022,08,08,23,9.2,38,Good,9.3,UG/M3,1 Hr,Valid
Banja Luka,PM2.5 - Principal,2022-08-09 12:00 AM,2022,08,09,00,9.4,39,Good,10.2,UG/M3,1 Hr,Valid
Banja Luka,PM2.5 - Principal,2022-08-09 01:00 AM,2022,08,09,01,9.5,40,Good,9.9,UG/M3,1 Hr,Valid
Banja Luka,PM2.5 - Principal,2022-08-09 02:00 AM,2022,08,09,02,9.3,39,Good,8.9,UG/M3,1 Hr,Valid
Banja Luka,PM2.5 - Principal,2022-08-09 03:00 AM,2022,08,09,03,9.0,38,Good,8.0,UG/M3,1 Hr,Valid
Banja Luka,PM2.5 - Principal,2022-08-09 04:00 AM,2022,08,09,04,8.7,36,Good,7.7,UG/M3,1 Hr,Valid
Banja Luka,PM2.5 - Principal,2022-08-09 05:00 AM,2022,08,09,05,7.4,31,Good,6.1,UG/M3,1 Hr,Valid
Banja Luka,PM2.5 - Principal,2022-08-09 06:00 AM,2022,08,09,06,6.8,28,Good,6.0,UG/M3,1 Hr,Valid
Banja Luka,PM2.5 - Principal,2022-08-09 07:00 AM,2022,08,09,07,6.7,28,Good,6.5,UG/M3,1 Hr,Valid
Banja Luka,PM2.5 - Principal,2022-08-09 08:00 AM,2022,08,09,08,6.4,27,Good,6.0,UG/M3,1 Hr,Valid
Banja Luka,PM2.5 - Principal,2022-08-09 09:00 AM,2022,08,09,09,6.3,26,Good,6.0,UG/M3,1 Hr,Valid
Banja Luka,PM2.5 - Principal,2022-08-09 10:00 AM,2022,08,09,10,6.2,26,Good,6.1,UG/M3,1 Hr,Valid
Banja Luka,PM2.5 - Principal,2022-08-09 11:00 AM,2022,08,09,11,6.2,26,Good,6.2,UG/M3,1 Hr,Valid
Banja Luka,PM2.5 - Principal,2022-08-09 12:00 PM,2022,08,09,12,5.9,25,Good,5.6,UG/M3,1 Hr,Valid
Banja Luka,PM2.5 - Principal,2022-08-09 01:00 PM,2022,08,09,13,5.8,24,Good,5.5,UG/M3,1 Hr,Valid
Banja Luka,PM2.5 - Principal,2022-08-09 02:00 PM,2022,08,09,14,6.1,25,Good,6.6,UG/M3,1 Hr,Valid
Banja Luka,PM2.5 - Principal,2022-08-09 03:00 PM,2022,08,09,15,6.5,27,Good,7.7,UG/M3,1 Hr,Valid
Banja Luka,PM2.5 - Principal,2022-08-09 04:00 PM,2022,08,09,16,7.1,30,Good,8.1,UG/M3,1 Hr,Valid
Banja Luka,PM2.5 - Principal,2022-08-09 05:00 PM,2022,08,09,17,8.3,35,Good,9.7,UG/M3,1 Hr,Valid
Banja Luka,PM2.5 - Principal,2022-08-09 06:00 PM,2022,08,09,18,8.1,34,Good,7.8,UG/M3,1 Hr,Valid
Banja Luka,PM2.5 - Principal,2022-08-09 07:00 PM,2022,08,09,19,7.7,32,Good,7.1,UG/M3,1 Hr,Valid
Banja Luka,PM2.5 - Principal,2022-08-09 08:00 PM,2022,08,09,20,7.4,31,Good,7.1,UG/M3,1 Hr,Valid
Banja Luka,PM2.5 - Principal,2022-08-09 09:00 PM,2022,08,09,21,7.3,30,Good,7.2,UG/M3,1 Hr,Valid
Banja Luka,PM2.5 - Principal,2022-08-09 10:00 PM,2022,08,09,22,7.1,30,Good,6.8,UG/M3,1 Hr,Valid
Banja Luka,PM2.5 - Principal,2022-08-09 11:00 PM,2022,08,09,23,7.2,30,Good,7.4,UG/M3,1 Hr,Valid
Banja Luka,PM2.5 - Principal,2022-08-10 12:00 AM,2022,08,10,00,7.1,30,Good,7.0,UG/M3,1 Hr,Valid
Banja Luka,PM2.5 - Principal,2022-08-10 01:00 AM,2022,08,10,01,7.1,30,Good,6.9,UG/M3,1 Hr,Valid
Banja Luka,PM2.5 - Principal,2022-08-10 02:00 AM,2022,08,10,02,6.8,28,Good,6.2,UG/M3,1 Hr,Valid
Banja Luka,PM2.5 - Principal,2022-08-10 03:00 AM,2022,08,10,03,6.3,26,Good,5.7,UG/M3,1 Hr,Valid
Banja Luka,PM2.5 - Principal,2022-08-10 04:00 AM,2022,08,10,04,6.1,25,Good,5.9,UG/M3,1 Hr,Valid
Banja Luka,PM2.5 - Principal,2022-08-10 05:00 AM,2022,08,10,05,6.2,26,Good,5.8,UG/M3,1 Hr,Valid
Banja Luka,PM2.5 - Principal,2022-08-10 06:00 AM,2022,08,10,06,6.2,26,Good,6.1,UG/M3,1 Hr,Valid
Banja Luka,PM2.5 - Principal,2022-08-10 07:00 AM,2022,08,10,07,6.1,25,Good,5.8,UG/M3,1 Hr,Valid
Banja Luka,PM2.5 - Principal,2022-08-10 08:00 AM,2022,08,10,08,5.8,24,Good,5.2,UG/M3,1 Hr,Valid
Banja Luka,PM2.5 - Principal,2022-08-10 09:00 AM,2022,08,10,09,5.9,25,Good,6.3,UG/M3,1 Hr,Valid
Banja Luka,PM2.5 - Principal,2022-08-10 10:00 AM,2022,08,10,10,7.2,30,Good,8.9,UG/M3,1 Hr,Valid
Banja Luka,PM2.5 - Principal,2022-08-10 11:00 AM,2022,08,10,11,7.7,32,Good,8.4,UG/M3,1 Hr,Valid
Banja Luka,PM2.5 - Principal,2022-08-10 12:00 PM,2022,08,10,12,7.8,33,Good,7.9,UG/M3,1 Hr,Valid
Banja Luka,PM2.5 - Principal,2022-08-10 01:00 PM,2022,08,10,13,7.6,32,Good,7.4,UG/M3,1 Hr,Valid
Banja Luka,PM2.5 - Principal,2022-08-10 02:00 PM,2022,08,10,14,7.5,31,Good,7.4,UG/M3,1 Hr,Valid
Banja Luka,PM2.5 - Principal,2022-08-10 03:00 PM,2022,08,10,15,7.4,31,Good,7.3,UG/M3,1 Hr,Valid
Banja Luka,PM2.5 - Principal,2022-08-10 04:00 PM,2022,08,10,16,7.4,31,Good,7.3,UG/M3,1 Hr,Valid
Banja Luka,PM2.5 - Principal,2022-08-10 05:00 PM,2022,08,10,17,7.7,32,Good,8.3,UG/M3,1 Hr,Valid
Banja Luka,PM2.5 - Principal,2022-08-10 06:00 PM,2022,08,10,18,8.1,34,Good,8.7,UG/M3,1 Hr,Valid
Banja Luka,PM2.5 - Principal,2022-08-10 07:00 PM,2022,08,10,19,8.2,34,Good,8.4,UG/M3,1 Hr,Valid
Banja Luka,PM2.5 - Principal,2022-08-10 08:00 PM,2022,08,10,20,8.2,34,Good,8.4,UG/M3,1 Hr,Valid
Banja Luka,PM2.5 - Principal,2022-08-10 09:00 PM,2022,08,10,21,8.6,36,Good,9.7,UG/M3,1 Hr,Valid
Banja Luka,PM2.5 - Principal,2022-08-10 10:00 PM,2022,08,10,22,8.3,35,Good,7.5,UG/M3,1 Hr,Valid
Banja Luka,PM2.5 - Principal,2022-08-10 11:00 PM,2022,08,10,23,8.2,34,Good,7.8,UG/M3,1 Hr,Valid
Banja Luka,PM2.5 - Principal,2022-08-11 12:00 AM,2022,08,11,00,7.9,33,Good,7.2,UG/M3,1 Hr,Valid
Banja Luka,PM2.5 - Principal,2022-08-11 01:00 AM,2022,08,11,01,7.8,33,Good,7.7,UG/M3,1 Hr,Valid
Banja Luka,PM2.5 - Principal,2022-08-11 02:00 AM,2022,08,11,02,7.9,33,Good,8.0,UG/M3,1 Hr,Valid
Banja Luka,PM2.5 - Principal,2022-08-11 03:00 AM,2022,08,11,03,8.0,33,Good,8.2,UG/M3,1 Hr,Valid
Banja Luka,PM2.5 - Principal,2022-08-11 04:00 AM,2022,08,11,04,8.0,33,Good,7.9,UG/M3,1 Hr,Valid
Banja Luka,PM2.5 - Principal,2022-08-11 05:00 AM,2022,08,11,05,8.0,33,Good,8.2,UG/M3,1 Hr,Valid
Banja Luka,PM2.5 - Principal,2022-08-11 06:00 AM,2022,08,11,06,8.3,35,Good,9.0,UG/M3,1 Hr,Valid
Banja Luka,PM2.5 - Principal,2022-08-11 07:00 AM,2022,08,11,07,8.1,34,Good,7.7,UG/M3,1 Hr,Valid
Banja Luka,PM2.5 - Principal,2022-08-11 08:00 AM,2022,08,11,08,8.0,33,Good,7.8,UG/M3,1 Hr,Valid
Banja Luka,PM2.5 - Principal,2022-08-11 09:00 AM,2022,08,11,09,7.9,33,Good,7.3,UG/M3,1 Hr,Valid
Banja Luka,PM2.5 - Principal,2022-08-11 10:00 AM,2022,08,11,10,7.9,33,Good,8.1,UG/M3,1 Hr,Valid
Banja Luka,PM2.5 - Principal,2022-08-11 11:00 AM,2022,08,11,11,8.1,34,Good,9.0,UG/M3,1 Hr,Valid
Banja Luka,PM2.5 - Principal,2022-08-11 12:00 PM,2022,08,11,12,8.5,35,Good,9.4,UG/M3,1 Hr,Valid
Banja Luka,PM2.5 - Principal,2022-08-11 01:00 PM,2022,08,11,13,8.7,36,Good,9.4,UG/M3,1 Hr,Valid
Banja Luka,PM2.5 - Principal,2022-08-11 02:00 PM,2022,08,11,14,8.5,35,Good,8.0,UG/M3,1 Hr,Valid
Banja Luka,PM2.5 - Principal,2022-08-11 03:00 PM,2022,08,11,15,8.1,34,Good,6.9,UG/M3,1 Hr,Valid
Banja Luka,PM2.5 - Principal,2022-08-11 04:00 PM,2022,08,11,16,7.0,29,Good,5.6,UG/M3,1 Hr,Valid
Banja Luka,PM2.5 - Principal,2022-08-11 05:00 PM,2022,08,11,17,6.0,25,Good,5.1,UG/M3,1 Hr,Valid
Banja Luka,PM2.5 - Principal,2022-08-11 06:00 PM,2022,08,11,18,5.6,23,Good,5.1,UG/M3,1 Hr,Valid
Banja Luka,PM2.5 - Principal,2022-08-11 07:00 PM,2022,08,11,19,5.5,23,Good,5.3,UG/M3,1 Hr,Valid
Banja Luka,PM2.5 - Principal,2022-08-11 08:00 PM,2022,08,11,20,5.3,22,Good,5.0,UG/M3,1 Hr,Valid
Banja Luka,PM2.5 - Principal,2022-08-11 09:00 PM,2022,08,11,21,5.3,22,Good,5.3,UG/M3,1 Hr,Valid
Banja Luka,PM2.5 - Principal,2022-08-11 10:00 PM,2022,08,11,22,11.4,48,Good,17.5,UG/M3,1 Hr,Valid
Banja Luka,PM2.5 - Principal,2022-08-11 11:00 PM,2022,08,11,23,10.3,43,Good,9.3,UG/M3,1 Hr,Valid
Banja Luka,PM2.5 - Principal,2022-08-12 12:00 AM,2022,08,12,00,9.3,39,Good,8.2,UG/M3,1 Hr,Valid
Banja Luka,PM2.5 - Principal,2022-08-12 01:00 AM,2022,08,12,01,8.9,37,Good,8.6,UG/M3,1 Hr,Valid
Banja Luka,PM2.5 - Principal,2022-08-12 02:00 AM,2022,08,12,02,7.4,31,Good,5.9,UG/M3,1 Hr,Valid
Banja Luka,PM2.5 - Principal,2022-08-12 03:00 AM,2022,08,12,03,6.6,28,Good,5.7,UG/M3,1 Hr,Valid
Banja Luka,PM2.5 - Principal,2022-08-12 04:00 AM,2022,08,12,04,6.2,26,Good,5.8,UG/M3,1 Hr,Valid
Banja Luka,PM2.5 - Principal,2022-08-12 05:00 AM,2022,08,12,05,5.9,25,Good,5.7,UG/M3,1 Hr,Valid
Banja Luka,PM2.5 - Principal,2022-08-12 06:00 AM,2022,08,12,06,5.8,24,Good,5.6,UG/M3,1 Hr,Valid
Banja Luka,PM2.5 - Principal,2022-08-12 07:00 AM,2022,08,12,07,5.6,23,Good,5.5,UG/M3,1 Hr,Valid
Banja Luka,PM2.5 - Principal,2022-08-12 08:00 AM,2022,08,12,08,7.3,30,Good,8.9,UG/M3,1 Hr,Valid
Banja Luka,PM2.5 - Principal,2022-08-12 09:00 AM,2022,08,12,09,8.0,33,Good,8.7,UG/M3,1 Hr,Valid
Banja Luka,PM2.5 - Principal,2022-08-12 10:00 AM,2022,08,12,10,7.7,32,Good,7.6,UG/M3,1 Hr,Valid
Banja Luka,PM2.5 - Principal,2022-08-12 11:00 AM,2022,08,12,11,7.3,30,Good,6.8,UG/M3,1 Hr,Valid
Banja Luka,PM2.5 - Principal,2022-08-12 12:00 PM,2022,08,12,12,7.3,30,Good,7.3,UG/M3,1 Hr,Valid
Banja Luka,PM2.5 - Principal,2022-08-12 01:00 PM,2022,08,12,13,7.2,30,Good,7.2,UG/M3,1 Hr,Valid
Banja Luka,PM2.5 - Principal,2022-08-12 02:00 PM,2022,08,12,14,6.3,26,Good,5.1,UG/M3,1 Hr,Valid
Banja Luka,PM2.5 - Principal,2022-08-12 03:00 PM,2022,08,12,15,5.5,23,Good,4.7,UG/M3,1 Hr,Valid
Banja Luka,PM2.5 - Principal,2022-08-12 04:00 PM,2022,08,12,16,5.0,21,Good,4.5,UG/M3,1 Hr,Valid
Banja Luka,PM2.5 - Principal,2022-08-12 05:00 PM,2022,08,12,17,5.5,23,Good,6.1,UG/M3,1 Hr,Valid
Banja Luka,PM2.5 - Principal,2022-08-12 06:00 PM,2022,08,12,18,5.8,24,Good,6.2,UG/M3,1 Hr,Valid
Banja Luka,PM2.5 - Principal,2022-08-12 07:00 PM,2022,08,12,19,6.1,25,Good,6.4,UG/M3,1 Hr,Valid
Banja Luka,PM2.5 - Principal,2022-08-12 08:00 PM,2022,08,12,20,6.4,27,Good,6.7,UG/M3,1 Hr,Valid
Banja Luka,PM2.5 - Principal,2022-08-12 09:00 PM,2022,08,12,21,7.5,31,Good,8.6,UG/M3,1 Hr,Valid
Banja Luka,PM2.5 - Principal,2022-08-12 10:00 PM,2022,08,12,22,13.2,53,Moderate,18.9,UG/M3,1 Hr,Valid
Banja Luka,PM2.5 - Principal,2022-08-12 11:00 PM,2022,08,12,23,10.9,45,Good,8.6,UG/M3,1 Hr,Valid
Banja Luka,PM2.5 - Principal,2022-08-13 12:00 AM,2022,08,13,00,9.7,40,Good,8.5,UG/M3,1 Hr,Valid
Banja Luka,PM2.5 - Principal,2022-08-13 01:00 AM,2022,08,13,01,8.8,37,Good,7.9,UG/M3,1 Hr,Valid
Banja Luka,PM2.5 - Principal,2022-08-13 02:00 AM,2022,08,13,02,8.5,35,Good,8.2,UG/M3,1 Hr,Valid
Banja Luka,PM2.5 - Principal,2022-08-13 03:00 AM,2022,08,13,03,8.2,34,Good,8.0,UG/M3,1 Hr,Valid
Banja Luka,PM2.5 - Principal,2022-08-13 04:00 AM,2022,08,13,04,8.1,34,Good,8.1,UG/M3,1 Hr,Valid
Banja Luka,PM2.5 - Principal,2022-08-13 05:00 AM,2022,08,13,05,8.3,35,Good,8.5,UG/M3,1 Hr,Valid
Banja Luka,PM2.5 - Principal,2022-08-13 06:00 AM,2022,08,13,06,8.7,36,Good,9.1,UG/M3,1 Hr,Valid
Banja Luka,PM2.5 - Principal,2022-08-13 07:00 AM,2022,08,13,07,8.6,36,Good,8.6,UG/M3,1 Hr,Valid
Banja Luka,PM2.5 - Principal,2022-08-13 08:00 AM,2022,08,13,08,8.7,36,Good,8.7,UG/M3,1 Hr,Valid
Banja Luka,PM2.5 - Principal,2022-08-13 09:00 AM,2022,08,13,09,8.8,37,Good,8.9,UG/M3,1 Hr,Valid
Banja Luka,PM2.5 - Principal,2022-08-13 10:00 AM,2022,08,13,10,8.6,36,Good,8.7,UG/M3,1 Hr,Valid
Banja Luka,PM2.5 - Principal,2022-08-13 11:00 AM,2022,08,13,11,8.5,35,Good,8.4,UG/M3,1 Hr,Valid
Banja Luka,PM2.5 - Principal,2022-08-13 12:00 PM,2022,08,13,12,8.4,35,Good,7.5,UG/M3,1 Hr,Valid
Banja Luka,PM2.5 - Principal,2022-08-13 01:00 PM,2022,08,13,13,8.3,35,Good,7.9,UG/M3,1 Hr,Valid
Banja Luka,PM2.5 - Principal,2022-08-13 02:00 PM,2022,08,13,14,8.3,35,Good,8.3,UG/M3,1 Hr,Valid
Banja Luka,PM2.5 - Principal,2022-08-13 03:00 PM,2022,08,13,15,8.3,35,Good,8.4,UG/M3,1 Hr,Valid
Banja Luka,PM2.5 - Principal,2022-08-13 04:00 PM,2022,08,13,16,8.5,35,Good,9.1,UG/M3,1 Hr,Valid
Banja Luka,PM2.5 - Principal,2022-08-13 05:00 PM,2022,08,13,17,9.1,38,Good,10.6,UG/M3,1 Hr,Valid
Banja Luka,PM2.5 - Principal,2022-08-13 06:00 PM,2022,08,13,18,9.8,41,Good,11.0,UG/M3,1 Hr,Valid
Banja Luka,PM2.5 - Principal,2022-08-13 07:00 PM,2022,08,13,19,9.9,41,Good,10.3,UG/M3,1 Hr,Valid
Banja Luka,PM2.5 - Principal,2022-08-13 08:00 PM,2022,08,13,20,10.1,42,Good,10.5,UG/M3,1 Hr,Valid
Banja Luka,PM2.5 - Principal,2022-08-13 09:00 PM,2022,08,13,21,10.3,43,Good,10.8,UG/M3,1 Hr,Valid
Banja Luka,PM2.5 - Principal,2022-08-13 10:00 PM,2022,08,13,22,9.7,40,Good,8.4,UG/M3,1 Hr,Valid
Banja Luka,PM2.5 - Principal,2022-08-13 11:00 PM,2022,08,13,23,8.7,36,Good,6.9,UG/M3,1 Hr,Valid
Banja Luka,PM2.5 - Principal,2022-08-14 12:00 AM,2022,08,14,00,7.9,33,Good,6.8,UG/M3,1 Hr,Valid
Banja Luka,PM2.5 - Principal,2022-08-14 01:00 AM,2022,08,14,01,7.1,30,Good,6.3,UG/M3,1 Hr,Valid
Banja Luka,PM2.5 - Principal,2022-08-14 02:00 AM,2022,08,14,02,6.2,26,Good,5.4,UG/M3,1 Hr,Valid
Banja Luka,PM2.5 - Principal,2022-08-14 03:00 AM,2022,08,14,03,5.7,24,Good,5.2,UG/M3,1 Hr,Valid
Banja Luka,PM2.5 - Principal,2022-08-14 04:00 AM,2022,08,14,04,5.6,23,Good,5.4,UG/M3,1 Hr,Valid
Banja Luka,PM2.5 - Principal,2022-08-14 05:00 AM,2022,08,14,05,5.5,23,Good,5.4,UG/M3,1 Hr,Valid
Banja Luka,PM2.5 - Principal,2022-08-14 06:00 AM,2022,08,14,06,5.4,23,Good,5.3,UG/M3,1 Hr,Valid
Banja Luka,PM2.5 - Principal,2022-08-14 07:00 AM,2022,08,14,07,5.5,23,Good,5.6,UG/M3,1 Hr,Valid
Banja Luka,PM2.5 - Principal,2022-08-14 08:00 AM,2022,08,14,08,5.8,24,Good,6.1,UG/M3,1 Hr,Valid
Banja Luka,PM2.5 - Principal,2022-08-14 09:00 AM,2022,08,14,09,5.9,25,Good,6.3,UG/M3,1 Hr,Valid
Banja Luka,PM2.5 - Principal,2022-08-14 10:00 AM,2022,08,14,10,6.0,25,Good,6.6,UG/M3,1 Hr,Valid
Banja Luka,PM2.5 - Principal,2022-08-14 11:00 AM,2022,08,14,11,6.1,25,Good,6.3,UG/M3,1 Hr,Valid
Banja Luka,PM2.5 - Principal,2022-08-14 12:00 PM,2022,08,14,12,6.3,26,Good,6.9,UG/M3,1 Hr,Valid
Banja Luka,PM2.5 - Principal,2022-08-14 01:00 PM,2022,08,14,13,7.0,29,Good,8.1,UG/M3,1 Hr,Valid
Banja Luka,PM2.5 - Principal,2022-08-14 02:00 PM,2022,08,14,14,8.0,33,Good,9.1,UG/M3,1 Hr,Valid
Banja Luka,PM2.5 - Principal,2022-08-14 03:00 PM,2022,08,14,15,8.6,36,Good,9.3,UG/M3,1 Hr,Valid
Banja Luka,PM2.5 - Principal,2022-08-14 04:00 PM,2022,08,14,16,9.2,38,Good,9.9,UG/M3,1 Hr,Valid
Banja Luka,PM2.5 - Principal,2022-08-14 05:00 PM,2022,08,14,17,9.5,40,Good,9.7,UG/M3,1 Hr,Valid
Banja Luka,PM2.5 - Principal,2022-08-14 06:00 PM,2022,08,14,18,9.7,40,Good,10.1,UG/M3,1 Hr,Valid
Banja Luka,PM2.5 - Principal,2022-08-14 07:00 PM,2022,08,14,19,9.7,40,Good,9.9,UG/M3,1 Hr,Valid
Banja Luka,PM2.5 - Principal,2022-08-14 08:00 PM,2022,08,14,20,9.7,40,Good,9.6,UG/M3,1 Hr,Valid
Banja Luka,PM2.5 - Principal,2022-08-14 09:00 PM,2022,08,14,21,10.2,43,Good,10.8,UG/M3,1 Hr,Valid
Banja Luka,PM2.5 - Principal,2022-08-14 10:00 PM,2022,08,14,22,11.1,46,Good,12.0,UG/M3,1 Hr,Valid
Banja Luka,PM2.5 - Principal,2022-08-14 11:00 PM,2022,08,14,23,11.8,49,Good,12.7,UG/M3,1 Hr,Valid
Banja Luka,PM2.5 - Principal,2022-08-15 12:00 AM,2022,08,15,00,11.0,46,Good,10.2,UG/M3,1 Hr,Valid
Banja Luka,PM2.5 - Principal,2022-08-15 01:00 AM,2022,08,15,01,10.5,44,Good,9.5,UG/M3,1 Hr,Valid
Banja Luka,PM2.5 - Principal,2022-08-15 02:00 AM,2022,08,15,02,10.2,43,Good,9.3,UG/M3,1 Hr,Valid
Banja Luka,PM2.5 - Principal,2022-08-15 03:00 AM,2022,08,15,03,10.1,42,Good,9.7,UG/M3,1 Hr,Valid
Banja Luka,PM2.5 - Principal,2022-08-15 04:00 AM,2022,08,15,04,9.9,41,Good,9.5,UG/M3,1 Hr,Valid
Banja Luka,PM2.5 - Principal,2022-08-15 05:00 AM,2022,08,15,05,9.7,40,Good,9.2,UG/M3,1 Hr,Valid
Banja Luka,PM2.5 - Principal,2022-08-15 06:00 AM,2022,08,15,06,9.7,40,Good,9.8,UG/M3,1 Hr,Valid
Banja Luka,PM2.5 - Principal,2022-08-15 07:00 AM,2022,08,15,07,9.8,41,Good,9.8,UG/M3,1 Hr,Valid
Banja Luka,PM2.5 - Principal,2022-08-15 08:00 AM,2022,08,15,08,9.8,41,Good,10.0,UG/M3,1 Hr,Valid
Banja Luka,PM2.5 - Principal,2022-08-15 09:00 AM,2022,08,15,09,10.0,42,Good,10.6,UG/M3,1 Hr,Valid
Banja Luka,PM2.5 - Principal,2022-08-15 10:00 AM,2022,08,15,10,10.3,43,Good,11.2,UG/M3,1 Hr,Valid
Banja Luka,PM2.5 - Principal,2022-08-15 11:00 AM,2022,08,15,11,10.2,43,Good,10.3,UG/M3,1 Hr,Valid
Banja Luka,PM2.5 - Principal,2022-08-15 12:00 PM,2022,08,15,12,10.2,43,Good,10.2,UG/M3,1 Hr,Valid
Banja Luka,PM2.5 - Principal,2022-08-15 01:00 PM,2022,08,15,13,10.1,42,Good,9.8,UG/M3,1 Hr,Valid
Banja Luka,PM2.5 - Principal,2022-08-15 02:00 PM,2022,08,15,14,9.8,41,Good,8.5,UG/M3,1 Hr,Valid
Banja Luka,PM2.5 - Principal,2022-08-15 03:00 PM,2022,08,15,15,9.5,40,Good,8.7,UG/M3,1 Hr,Valid
Banja Luka,PM2.5 - Principal,2022-08-15 04:00 PM,2022,08,15,16,9.1,38,Good,8.1,UG/M3,1 Hr,Valid
Banja Luka,PM2.5 - Principal,2022-08-15 05:00 PM,2022,08,15,17,8.6,36,Good,7.7,UG/M3,1 Hr,Valid
Banja Luka,PM2.5 - Principal,2022-08-15 06:00 PM,2022,08,15,18,8.3,35,Good,7.8,UG/M3,1 Hr,Valid
Banja Luka,PM2.5 - Principal,2022-08-15 07:00 PM,2022,08,15,19,8.0,33,Good,7.4,UG/M3,1 Hr,Valid
Banja Luka,PM2.5 - Principal,2022-08-15 08:00 PM,2022,08,15,20,7.9,33,Good,7.6,UG/M3,1 Hr,Valid
Banja Luka,PM2.5 - Principal,2022-08-15 09:00 PM,2022,08,15,21,8.4,35,Good,9.6,UG/M3,1 Hr,Valid
Banja Luka,PM2.5 - Principal,2022-08-15 10:00 PM,2022,08,15,22,8.9,37,Good,10.0,UG/M3,1 Hr,Valid
Banja Luka,PM2.5 - Principal,2022-08-15 11:00 PM,2022,08,15,23,8.7,36,Good,8.4,UG/M3,1 Hr,Valid
Banja Luka,PM2.5 - Principal,2022-08-16 12:00 AM,2022,08,16,00,8.6,36,Good,8.3,UG/M3,1 Hr,Valid
Banja Luka,PM2.5 - Principal,2022-08-16 01:00 AM,2022,08,16,01,8.8,37,Good,9.5,UG/M3,1 Hr,Valid
Banja Luka,PM2.5 - Principal,2022-08-16 02:00 AM,2022,08,16,02,9.0,38,Good,9.6,UG/M3,1 Hr,Valid
Banja Luka,PM2.5 - Principal,2022-08-16 03:00 AM,2022,08,16,03,9.4,39,Good,10.2,UG/M3,1 Hr,Valid
Banja Luka,PM2.5 - Principal,2022-08-16 04:00 AM,2022,08,16,04,9.7,40,Good,10.3,UG/M3,1 Hr,Valid
Banja Luka,PM2.5 - Principal,2022-08-16 05:00 AM,2022,08,16,05,9.3,39,Good,8.2,UG/M3,1 Hr,Valid
Banja Luka,PM2.5 - Principal,2022-08-16 06:00 AM,2022,08,16,06,9.0,38,Good,8.5,UG/M3,1 Hr,Valid
Banja Luka,PM2.5 - Principal,2022-08-16 07:00 AM,2022,08,16,07,8.9,37,Good,8.5,UG/M3,1 Hr,Valid
Banja Luka,PM2.5 - Principal,2022-08-16 08:00 AM,2022,08,16,08,9.0,38,Good,9.1,UG/M3,1 Hr,Valid
Banja Luka,PM2.5 - Principal,2022-08-16 09:00 AM,2022,08,16,09,9.3,39,Good,10.2,UG/M3,1 Hr,Valid
Banja Luka,PM2.5 - Principal,2022-08-16 10:00 AM,2022,08,16,10,9.4,39,Good,9.9,UG/M3,1 Hr,Valid
Banja Luka,PM2.5 - Principal,2022-08-16 11:00 AM,2022,08,16,11,9.4,39,Good,9.5,UG/M3,1 Hr,Valid
Banja Luka,PM2.5 - Principal,2022-08-16 12:00 PM,2022,08,16,12,9.6,40,Good,10.1,UG/M3,1 Hr,Valid
Banja Luka,PM2.5 - Principal,2022-08-16 01:00 PM,2022,08,16,13,10.0,42,Good,11.0,UG/M3,1 Hr,Valid
Banja Luka,PM2.5 - Principal,2022-08-16 02:00 PM,2022,08,16,14,9.9,41,Good,9.7,UG/M3,1 Hr,Valid
Banja Luka,PM2.5 - Principal,2022-08-16 03:00 PM,2022,08,16,15,9.6,40,Good,8.6,UG/M3,1 Hr,Valid
Banja Luka,PM2.5 - Principal,2022-08-16 04:00 PM,2022,08,16,16,9.4,39,Good,8.8,UG/M3,1 Hr,Valid
Banja Luka,PM2.5 - Principal,2022-08-16 05:00 PM,2022,08,16,17,9.4,39,Good,9.5,UG/M3,1 Hr,Valid
Banja Luka,PM2.5 - Principal,2022-08-16 06:00 PM,2022,08,16,18,9.4,39,Good,9.4,UG/M3,1 Hr,Valid
Banja Luka,PM2.5 - Principal,2022-08-16 07:00 PM,2022,08,16,19,8.3,35,Good,6.6,UG/M3,1 Hr,Valid
Banja Luka,PM2.5 - Principal,2022-08-16 08:00 PM,2022,08,16,20,7.4,31,Good,6.3,UG/M3,1 Hr,Valid
Banja Luka,PM2.5 - Principal,2022-08-16 09:00 PM,2022,08,16,21,6.9,29,Good,6.2,UG/M3,1 Hr,Valid
Banja Luka,PM2.5 - Principal,2022-08-16 10:00 PM,2022,08,16,22,6.3,26,Good,5.8,UG/M3,1 Hr,Valid
Banja Luka,PM2.5 - Principal,2022-08-16 11:00 PM,2022,08,16,23,6.3,26,Good,6.3,UG/M3,1 Hr,Valid
Banja Luka,PM2.5 - Principal,2022-08-17 12:00 AM,2022,08,17,00,6.3,26,Good,6.4,UG/M3,1 Hr,Valid
Banja Luka,PM2.5 - Principal,2022-08-17 01:00 AM,2022,08,17,01,6.6,28,Good,6.9,UG/M3,1 Hr,Valid
Banja Luka,PM2.5 - Principal,2022-08-17 02:00 AM,2022,08,17,02,6.7,28,Good,6.8,UG/M3,1 Hr,Valid
Banja Luka,PM2.5 - Principal,2022-08-17 03:00 AM,2022,08,17,03,6.9,29,Good,7.2,UG/M3,1 Hr,Valid
Banja Luka,PM2.5 - Principal,2022-08-17 04:00 AM,2022,08,17,04,7.2,30,Good,7.6,UG/M3,1 Hr,Valid
Banja Luka,PM2.5 - Principal,2022-08-17 05:00 AM,2022,08,17,05,7.4,31,Good,7.8,UG/M3,1 Hr,Valid
Banja Luka,PM2.5 - Principal,2022-08-17 06:00 AM,2022,08,17,06,7.4,31,Good,7.9,UG/M3,1 Hr,Valid
Banja Luka,PM2.5 - Principal,2022-08-17 07:00 AM,2022,08,17,07,7.6,32,Good,8.0,UG/M3,1 Hr,Valid
Banja Luka,PM2.5 - Principal,2022-08-17 08:00 AM,2022,08,17,08,7.9,33,Good,8.5,UG/M3,1 Hr,Valid
Banja Luka,PM2.5 - Principal,2022-08-17 09:00 AM,2022,08,17,09,8.6,36,Good,9.4,UG/M3,1 Hr,Valid
Banja Luka,PM2.5 - Principal,2022-08-17 10:00 AM,2022,08,17,10,9.3,39,Good,10.3,UG/M3,1 Hr,Valid
Banja Luka,PM2.5 - Principal,2022-08-17 11:00 AM,2022,08,17,11,9.8,41,Good,10.6,UG/M3,1 Hr,Valid
Banja Luka,PM2.5 - Principal,2022-08-17 12:00 PM,2022,08,17,12,10.3,43,Good,11.1,UG/M3,1 Hr,Valid
Banja Luka,PM2.5 - Principal,2022-08-17 01:00 PM,2022,08,17,13,10.4,43,Good,10.6,UG/M3,1 Hr,Valid
Banja Luka,PM2.5 - Principal,2022-08-17 02:00 PM,2022,08,17,14,10.4,43,Good,10.4,UG/M3,1 Hr,Valid
Banja Luka,PM2.5 - Principal,2022-08-17 03:00 PM,2022,08,17,15,10.3,43,Good,10.2,UG/M3,1 Hr,Valid
Banja Luka,PM2.5 - Principal,2022-08-17 04:00 PM,2022,08,17,16,9.4,39,Good,7.6,UG/M3,1 Hr,Valid
Banja Luka,PM2.5 - Principal,2022-08-17 05:00 PM,2022,08,17,17,8.9,37,Good,7.7,UG/M3,1 Hr,Valid
Banja Luka,PM2.5 - Principal,2022-08-17 06:00 PM,2022,08,17,18,8.1,34,Good,6.9,UG/M3,1 Hr,Valid
Banja Luka,PM2.5 - Principal,2022-08-17 07:00 PM,2022,08,17,19,7.9,33,Good,7.5,UG/M3,1 Hr,Valid
Banja Luka,PM2.5 - Principal,2022-08-17 08:00 PM,2022,08,17,20,8.0,33,Good,8.3,UG/M3,1 Hr,Valid
Banja Luka,PM2.5 - Principal,2022-08-17 09:00 PM,2022,08,17,21,8.9,37,Good,10.4,UG/M3,1 Hr,Valid
Banja Luka,PM2.5 - Principal,2022-08-17 10:00 PM,2022,08,17,22,10.2,43,Good,11.9,UG/M3,1 Hr,Valid
Banja Luka,PM2.5 - Principal,2022-08-17 11:00 PM,2022,08,17,23,11.3,47,Good,12.5,UG/M3,1 Hr,Valid
Banja Luka,PM2.5 - Principal,2022-08-18 12:00 AM,2022,08,18,00,10.5,44,Good,9.4,UG/M3,1 Hr,Valid
Banja Luka,PM2.5 - Principal,2022-08-18 01:00 AM,2022,08,18,01,9.8,41,Good,9.0,UG/M3,1 Hr,Valid
Banja Luka,PM2.5 - Principal,2022-08-18 02:00 AM,2022,08,18,02,9.5,40,Good,9.0,UG/M3,1 Hr,Valid
Banja Luka,PM2.5 - Principal,2022-08-18 03:00 AM,2022,08,18,03,9.2,38,Good,8.9,UG/M3,1 Hr,Valid
Banja Luka,PM2.5 - Principal,2022-08-18 04:00 AM,2022,08,18,04,9.1,38,Good,8.9,UG/M3,1 Hr,Valid
Banja Luka,PM2.5 - Principal,2022-08-18 05:00 AM,2022,08,18,05,8.9,37,Good,8.7,UG/M3,1 Hr,Valid
Banja Luka,PM2.5 - Principal,2022-08-18 06:00 AM,2022,08,18,06,9.0,38,Good,9.0,UG/M3,1 Hr,Valid
Banja Luka,PM2.5 - Principal,2022-08-18 07:00 AM,2022,08,18,07,9.0,38,Good,9.0,UG/M3,1 Hr,Valid
Banja Luka,PM2.5 - Principal,2022-08-18 08:00 AM,2022,08,18,08,9.5,40,Good,10.6,UG/M3,1 Hr,Valid
Banja Luka,PM2.5 - Principal,2022-08-18 09:00 AM,2022,08,18,09,10.3,43,Good,11.9,UG/M3,1 Hr,Valid
Banja Luka,PM2.5 - Principal,2022-08-18 10:00 AM,2022,08,18,10,10.9,45,Good,12.4,UG/M3,1 Hr,Valid
Banja Luka,PM2.5 - Principal,2022-08-18 11:00 AM,2022,08,18,11,11.6,48,Good,12.8,UG/M3,1 Hr,Valid
Banja Luka,PM2.5 - Principal,2022-08-18 12:00 PM,2022,08,18,12,11.5,48,Good,11.4,UG/M3,1 Hr,Valid
Banja Luka,PM2.5 - Principal,2022-08-18 01:00 PM,2022,08,18,13,11.4,48,Good,11.1,UG/M3,1 Hr,Valid
Banja Luka,PM2.5 - Principal,2022-08-18 02:00 PM,2022,08,18,14,11.0,46,Good,10.1,UG/M3,1 Hr,Valid
Banja Luka,PM2.5 - Principal,2022-08-18 03:00 PM,2022,08,18,15,10.3,43,Good,8.8,UG/M3,1 Hr,Valid
Banja Luka,PM2.5 - Principal,2022-08-18 04:00 PM,2022,08,18,16,10.1,42,Good,9.6,UG/M3,1 Hr,Valid
Banja Luka,PM2.5 - Principal,2022-08-18 05:00 PM,2022,08,18,17,10.1,42,Good,10.1,UG/M3,1 Hr,Valid
Banja Luka,PM2.5 - Principal,2022-08-18 06:00 PM,2022,08,18,18,10.3,43,Good,10.7,UG/M3,1 Hr,Valid
Banja Luka,PM2.5 - Principal,2022-08-18 07:00 PM,2022,08,18,19,10.6,44,Good,11.1,UG/M3,1 Hr,Valid
Banja Luka,PM2.5 - Principal,2022-08-18 08:00 PM,2022,08,18,20,11.4,48,Good,13.1,UG/M3,1 Hr,Valid
Banja Luka,PM2.5 - Principal,2022-08-18 09:00 PM,2022,08,18,21,12.8,52,Moderate,14.6,UG/M3,1 Hr,Valid
Banja Luka,PM2.5 - Principal,2022-08-18 10:00 PM,2022,08,18,22,14.1,55,Moderate,15.6,UG/M3,1 Hr,Valid
Banja Luka,PM2.5 - Principal,2022-08-18 11:00 PM,2022,08,18,23,14.9,57,Moderate,15.9,UG/M3,1 Hr,Valid
Banja Luka,PM2.5 - Principal,2022-08-19 12:00 AM,2022,08,19,00,15.1,57,Moderate,15.3,UG/M3,1 Hr,Valid
Banja Luka,PM2.5 - Principal,2022-08-19 01:00 AM,2022,08,19,01,14.0,55,Moderate,12.7,UG/M3,1 Hr,Valid
Banja Luka,PM2.5 - Principal,2022-08-19 02:00 AM,2022,08,19,02,13.4,54,Moderate,12.5,UG/M3,1 Hr,Valid
Banja Luka,PM2.5 - Principal,2022-08-19 03:00 AM,2022,08,19,03,12.9,53,Moderate,11.9,UG/M3,1 Hr,Valid
Banja Luka,PM2.5 - Principal,2022-08-19 04:00 AM,2022,08,19,04,12.4,52,Moderate,11.5,UG/M3,1 Hr,Valid
Banja Luka,PM2.5 - Principal,2022-08-19 05:00 AM,2022,08,19,05,12.3,51,Moderate,11.9,UG/M3,1 Hr,Valid
Banja Luka,PM2.5 - Principal,2022-08-19 06:00 AM,2022,08,19,06,12.4,52,Moderate,12.2,UG/M3,1 Hr,Valid
Banja Luka,PM2.5 - Principal,2022-08-19 07:00 AM,2022,08,19,07,12.7,52,Moderate,13.5,UG/M3,1 Hr,Valid
Banja Luka,PM2.5 - Principal,2022-08-19 08:00 AM,2022,08,19,08,12.8,52,Moderate,13.2,UG/M3,1 Hr,Valid
Banja Luka,PM2.5 - Principal,2022-08-19 09:00 AM,2022,08,19,09,13.4,54,Moderate,14.9,UG/M3,1 Hr,Valid
Banja Luka,PM2.5 - Principal,2022-08-19 10:00 AM,2022,08,19,10,13.7,54,Moderate,14.4,UG/M3,1 Hr,Valid
Banja Luka,PM2.5 - Principal,2022-08-19 11:00 AM,2022,08,19,11,13.7,54,Moderate,13.9,UG/M3,1 Hr,Valid
Banja Luka,PM2.5 - Principal,2022-08-19 12:00 PM,2022,08,19,12,13.8,55,Moderate,14.4,UG/M3,1 Hr,Valid
Banja Luka,PM2.5 - Principal,2022-08-19 01:00 PM,2022,08,19,13,13.8,55,Moderate,13.7,UG/M3,1 Hr,Valid
Banja Luka,PM2.5 - Principal,2022-08-19 02:00 PM,2022,08,19,14,14.2,55,Moderate,15.2,UG/M3,1 Hr,Valid
Banja Luka,PM2.5 - Principal,2022-08-19 03:00 PM,2022,08,19,15,14.3,56,Moderate,14.7,UG/M3,1 Hr,Valid
Banja Luka,PM2.5 - Principal,2022-08-19 04:00 PM,2022,08,19,16,14.4,56,Moderate,14.8,UG/M3,1 Hr,Valid
Banja Luka,PM2.5 - Principal,2022-08-19 05:00 PM,2022,08,19,17,14.7,56,Moderate,15.7,UG/M3,1 Hr,Valid
Banja Luka,PM2.5 - Principal,2022-08-19 06:00 PM,2022,08,19,18,14.8,57,Moderate,15.3,UG/M3,1 Hr,Valid
Banja Luka,PM2.5 - Principal,2022-08-19 07:00 PM,2022,08,19,19,15.0,57,Moderate,15.5,UG/M3,1 Hr,Valid
Banja Luka,PM2.5 - Principal,2022-08-19 08:00 PM,2022,08,19,20,12.9,53,Moderate,9.3,UG/M3,1 Hr,Valid
Banja Luka,PM2.5 - Principal,2022-08-19 09:00 PM,2022,08,19,21,11.4,48,Good,9.3,UG/M3,1 Hr,Valid
Banja Luka,PM2.5 - Principal,2022-08-19 10:00 PM,2022,08,19,22,10.6,44,Good,9.4,UG/M3,1 Hr,Valid
Banja Luka,PM2.5 - Principal,2022-08-19 11:00 PM,2022,08,19,23,10.0,42,Good,9.2,UG/M3,1 Hr,Valid
Banja Luka,PM2.5 - Principal,2022-08-20 12:00 AM,2022,08,20,00,9.9,41,Good,9.8,UG/M3,1 Hr,Valid
Banja Luka,PM2.5 - Principal,2022-08-20 01:00 AM,2022,08,20,01,9.4,39,Good,8.8,UG/M3,1 Hr,Valid
Banja Luka,PM2.5 - Principal,2022-08-20 02:00 AM,2022,08,20,02,10.1,42,Good,11.0,UG/M3,1 Hr,Valid
Banja Luka,PM2.5 - Principal,2022-08-20 03:00 AM,2022,08,20,03,11.3,47,Good,12.9,UG/M3,1 Hr,Valid
Banja Luka,PM2.5 - Principal,2022-08-20 04:00 AM,2022,08,20,04,11.5,48,Good,11.8,UG/M3,1 Hr,Valid
Banja Luka,PM2.5 - Principal,2022-08-20 05:00 AM,2022,08,20,05,11.4,48,Good,11.3,UG/M3,1 Hr,Valid
Banja Luka,PM2.5 - Principal,2022-08-20 06:00 AM,2022,08,20,06,11.4,48,Good,11.4,UG/M3,1 Hr,Valid
Banja Luka,PM2.5 - Principal,2022-08-20 07:00 AM,2022,08,20,07,10.9,45,Good,10.2,UG/M3,1 Hr,Valid
Banja Luka,PM2.5 - Principal,2022-08-20 08:00 AM,2022,08,20,08,10.8,45,Good,10.4,UG/M3,1 Hr,Valid
Banja Luka,PM2.5 - Principal,2022-08-20 09:00 AM,2022,08,20,09,10.8,45,Good,10.8,UG/M3,1 Hr,Valid
Banja Luka,PM2.5 - Principal,2022-08-20 10:00 AM,2022,08,20,10,11.2,47,Good,11.9,UG/M3,1 Hr,Valid
Banja Luka,PM2.5 - Principal,2022-08-20 11:00 AM,2022,08,20,11,11.4,48,Good,12.0,UG/M3,1 Hr,Valid
Banja Luka,PM2.5 - Principal,2022-08-20 12:00 PM,2022,08,20,12,11.8,49,Good,12.7,UG/M3,1 Hr,Valid
Banja Luka,PM2.5 - Principal,2022-08-20 01:00 PM,2022,08,20,13,11.9,50,Good,12.5,UG/M3,1 Hr,Valid
Banja Luka,PM2.5 - Principal,2022-08-20 02:00 PM,2022,08,20,14,11.8,49,Good,11.5,UG/M3,1 Hr,Valid
Banja Luka,PM2.5 - Principal,2022-08-20 03:00 PM,2022,08,20,15,13.9,55,Moderate,16.9,UG/M3,1 Hr,Valid
Banja Luka,PM2.5 - Principal,2022-08-20 04:00 PM,2022,08,20,16,14.6,56,Moderate,15.8,UG/M3,1 Hr,Valid
Banja Luka,PM2.5 - Principal,2022-08-20 05:00 PM,2022,08,20,17,15.1,57,Moderate,15.8,UG/M3,1 Hr,Valid
Banja Luka,PM2.5 - Principal,2022-08-20 06:00 PM,2022,08,20,18,13.8,55,Moderate,11.9,UG/M3,1 Hr,Valid
Banja Luka,PM2.5 - Principal,2022-08-20 07:00 PM,2022,08,20,19,11.3,47,Good,8.7,UG/M3,1 Hr,Valid
Banja Luka,PM2.5 - Principal,2022-08-20 08:00 PM,2022,08,20,20,10.6,44,Good,9.8,UG/M3,1 Hr,Valid
Banja Luka,PM2.5 - Principal,2022-08-20 09:00 PM,2022,08,20,21,9.9,41,Good,9.2,UG/M3,1 Hr,Valid
Banja Luka,PM2.5 - Principal,2022-08-20 10:00 PM,2022,08,20,22,10.0,42,Good,10.2,UG/M3,1 Hr,Valid
Banja Luka,PM2.5 - Principal,2022-08-20 11:00 PM,2022,08,20,23,11.3,47,Good,12.7,UG/M3,1 Hr,Valid
Banja Luka,PM2.5 - Principal,2022-08-21 12:00 AM,2022,08,21,00,10.6,44,Good,9.8,UG/M3,1 Hr,Valid
Banja Luka,PM2.5 - Principal,2022-08-21 01:00 AM,2022,08,21,01,11.2,47,Good,11.8,UG/M3,1 Hr,Valid
Banja Luka,PM2.5 - Principal,2022-08-21 02:00 AM,2022,08,21,02,9.0,38,Good,6.9,UG/M3,1 Hr,Valid
Banja Luka,PM2.5 - Principal,2022-08-21 03:00 AM,2022,08,21,03,8.5,35,Good,8.0,UG/M3,1 Hr,Valid
Banja Luka,PM2.5 - Principal,2022-08-21 04:00 AM,2022,08,21,04,7.3,30,Good,6.1,UG/M3,1 Hr,Valid
Banja Luka,PM2.5 - Principal,2022-08-21 05:00 AM,2022,08,21,05,6.5,27,Good,5.6,UG/M3,1 Hr,Valid
Banja Luka,PM2.5 - Principal,2022-08-21 06:00 AM,2022,08,21,06,5.5,23,Good,4.6,UG/M3,1 Hr,Valid
Banja Luka,PM2.5 - Principal,2022-08-21 07:00 AM,2022,08,21,07,4.9,20,Good,4.3,UG/M3,1 Hr,Valid
Banja Luka,PM2.5 - Principal,2022-08-21 08:00 AM,2022,08,21,08,4.5,19,Good,4.1,UG/M3,1 Hr,Valid
Banja Luka,PM2.5 - Principal,2022-08-21 09:00 AM,2022,08,21,09,4.5,19,Good,4.4,UG/M3,1 Hr,Valid
Banja Luka,PM2.5 - Principal,2022-08-21 10:00 AM,2022,08,21,10,4.4,18,Good,4.3,UG/M3,1 Hr,Valid
Banja Luka,PM2.5 - Principal,2022-08-21 11:00 AM,2022,08,21,11,4.3,18,Good,4.2,UG/M3,1 Hr,Valid
Banja Luka,PM2.5 - Principal,2022-08-21 12:00 PM,2022,08,21,12,4.0,17,Good,3.7,UG/M3,1 Hr,Valid
Banja Luka,PM2.5 - Principal,2022-08-21 01:00 PM,2022,08,21,13,3.9,16,Good,3.7,UG/M3,1 Hr,Valid
Banja Luka,PM2.5 - Principal,2022-08-21 02:00 PM,2022,08,21,14,3.8,16,Good,3.8,UG/M3,1 Hr,Valid
Banja Luka,PM2.5 - Principal,2022-08-21 03:00 PM,2022,08,21,15,3.6,15,Good,3.3,UG/M3,1 Hr,Valid
Banja Luka,PM2.5 - Principal,2022-08-21 04:00 PM,2022,08,21,16,3.9,16,Good,4.2,UG/M3,1 Hr,Valid
Banja Luka,PM2.5 - Principal,2022-08-21 05:00 PM,2022,08,21,17,3.8,16,Good,3.7,UG/M3,1 Hr,Valid
Banja Luka,PM2.5 - Principal,2022-08-21 06:00 PM,2022,08,21,18,4.0,17,Good,4.3,UG/M3,1 Hr,Valid
Banja Luka,PM2.5 - Principal,2022-08-21 07:00 PM,2022,08,21,19,4.0,17,Good,4.3,UG/M3,1 Hr,Valid
Banja Luka,PM2.5 - Principal,2022-08-21 08:00 PM,2022,08,21,20,3.8,16,Good,3.1,UG/M3,1 Hr,Valid
Banja Luka,PM2.5 - Principal,2022-08-21 09:00 PM,2022,08,21,21,4.1,17,Good,4.7,UG/M3,1 Hr,Valid
Banja Luka,PM2.5 - Principal,2022-08-21 10:00 PM,2022,08,21,22,4.0,17,Good,4.0,UG/M3,1 Hr,Valid
Banja Luka,PM2.5 - Principal,2022-08-21 11:00 PM,2022,08,21,23,4.0,17,Good,4.1,UG/M3,1 Hr,Valid
Banja Luka,PM2.5 - Principal,2022-08-22 12:00 AM,2022,08,22,00,4.0,17,Good,3.8,UG/M3,1 Hr,Valid
Banja Luka,PM2.5 - Principal,2022-08-22 01:00 AM,2022,08,22,01,3.3,14,Good,2.5,UG/M3,1 Hr,Valid
Banja Luka,PM2.5 - Principal,2022-08-22 02:00 AM,2022,08,22,02,2.7,11,Good,2.2,UG/M3,1 Hr,Valid
Banja Luka,PM2.5 - Principal,2022-08-22 03:00 AM,2022,08,22,03,2.8,12,Good,2.8,UG/M3,1 Hr,Valid
Banja Luka,PM2.5 - Principal,2022-08-22 04:00 AM,2022,08,22,04,2.8,12,Good,2.8,UG/M3,1 Hr,Valid
Banja Luka,PM2.5 - Principal,2022-08-22 05:00 AM,2022,08,22,05,3.4,14,Good,4.0,UG/M3,1 Hr,Valid
Banja Luka,PM2.5 - Principal,2022-08-22 06:00 AM,2022,08,22,06,3.7,15,Good,4.0,UG/M3,1 Hr,Valid
Banja Luka,PM2.5 - Principal,2022-08-22 07:00 AM,2022,08,22,07,4.1,17,Good,4.4,UG/M3,1 Hr,Valid
Banja Luka,PM2.5 - Principal,2022-08-22 08:00 AM,2022,08,22,08,5.3,22,Good,6.6,UG/M3,1 Hr,Valid
Banja Luka,PM2.5 - Principal,2022-08-22 09:00 AM,2022,08,22,09,5.3,22,Good,5.4,UG/M3,1 Hr,Valid
Banja Luka,PM2.5 - Principal,2022-08-22 10:00 AM,2022,08,22,10,5.9,25,Good,6.5,UG/M3,1 Hr,Valid
Banja Luka,PM2.5 - Principal,2022-08-22 11:00 AM,2022,08,22,11,5.8,24,Good,5.7,UG/M3,1 Hr,Valid
Banja Luka,PM2.5 - Principal,2022-08-22 12:00 PM,2022,08,22,12,5.9,25,Good,6.0,UG/M3,1 Hr,Valid
Banja Luka,PM2.5 - Principal,2022-08-22 01:00 PM,2022,08,22,13,6.0,25,Good,6.0,UG/M3,1 Hr,Valid
Banja Luka,PM2.5 - Principal,2022-08-22 02:00 PM,2022,08,22,14,5.8,24,Good,5.7,UG/M3,1 Hr,Valid
Banja Luka,PM2.5 - Principal,2022-08-22 03:00 PM,2022,08,22,15,4.6,19,Good,3.5,UG/M3,1 Hr,Valid
Banja Luka,PM2.5 - Principal,2022-08-22 04:00 PM,2022,08,22,16,4.3,18,Good,3.9,UG/M3,1 Hr,Valid
Banja Luka,PM2.5 - Principal,2022-08-22 05:00 PM,2022,08,22,17,3.7,15,Good,3.2,UG/M3,1 Hr,Valid
Banja Luka,PM2.5 - Principal,2022-08-22 06:00 PM,2022,08,22,18,3.9,16,Good,4.1,UG/M3,1 Hr,Valid
Banja Luka,PM2.5 - Principal,2022-08-22 07:00 PM,2022,08,22,19,3.6,15,Good,3.2,UG/M3,1 Hr,Valid
Banja Luka,PM2.5 - Principal,2022-08-22 08:00 PM,2022,08,22,20,3.8,16,Good,4.1,UG/M3,1 Hr,Valid
Banja Luka,PM2.5 - Principal,2022-08-22 09:00 PM,2022,08,22,21,3.1,13,Good,2.3,UG/M3,1 Hr,Valid
Banja Luka,PM2.5 - Principal,2022-08-22 10:00 PM,2022,08,22,22,2.3,10,Good,1.5,UG/M3,1 Hr,Valid
Banja Luka,PM2.5 - Principal,2022-08-22 11:00 PM,2022,08,22,23,2.1,9,Good,1.9,UG/M3,1 Hr,Valid
Banja Luka,PM2.5 - Principal,2022-08-23 12:00 AM,2022,08,23,00,2.2,9,Good,2.4,UG/M3,1 Hr,Valid
Banja Luka,PM2.5 - Principal,2022-08-23 01:00 AM,2022,08,23,01,2.3,10,Good,2.4,UG/M3,1 Hr,Valid
Banja Luka,PM2.5 - Principal,2022-08-23 02:00 AM,2022,08,23,02,2.8,12,Good,3.3,UG/M3,1 Hr,Valid
Banja Luka,PM2.5 - Principal,2022-08-23 03:00 AM,2022,08,23,03,1.8,8,Good,0.9,UG/M3,1 Hr,Valid
Banja Luka,PM2.5 - Principal,2022-08-23 04:00 AM,2022,08,23,04,1.2,5,Good,0.5,UG/M3,1 Hr,Valid
Banja Luka,PM2.5 - Principal,2022-08-23 05:00 AM,2022,08,23,05,1.4,6,Good,1.6,UG/M3,1 Hr,Valid
Banja Luka,PM2.5 - Principal,2022-08-23 06:00 AM,2022,08,23,06,1.5,6,Good,1.5,UG/M3,1 Hr,Valid
Banja Luka,PM2.5 - Principal,2022-08-23 07:00 AM,2022,08,23,07,2.5,10,Good,3.5,UG/M3,1 Hr,Valid
Banja Luka,PM2.5 - Principal,2022-08-23 08:00 AM,2022,08,23,08,2.5,10,Good,2.5,UG/M3,1 Hr,Valid
Banja Luka,PM2.5 - Principal,2022-08-23 09:00 AM,2022,08,23,09,1.9,8,Good,1.4,UG/M3,1 Hr,Valid
Banja Luka,PM2.5 - Principal,2022-08-23 10:00 AM,2022,08,23,10,2.5,10,Good,3.1,UG/M3,1 Hr,Valid
Banja Luka,PM2.5 - Principal,2022-08-23 11:00 AM,2022,08,23,11,2.4,10,Good,2.2,UG/M3,1 Hr,Valid
Banja Luka,PM2.5 - Principal,2022-08-23 12:00 PM,2022,08,23,12,2.3,10,Good,2.2,UG/M3,1 Hr,Valid
Banja Luka,PM2.5 - Principal,2022-08-23 01:00 PM,2022,08,23,13,1.9,8,Good,1.5,UG/M3,1 Hr,Valid
Banja Luka,PM2.5 - Principal,2022-08-23 02:00 PM,2022,08,23,14,2.7,11,Good,3.4,UG/M3,1 Hr,Valid
Banja Luka,PM2.5 - Principal,2022-08-23 03:00 PM,2022,08,23,15,3.2,13,Good,3.7,UG/M3,1 Hr,Valid
Banja Luka,PM2.5 - Principal,2022-08-23 04:00 PM,2022,08,23,16,2.9,12,Good,2.7,UG/M3,1 Hr,Valid
Banja Luka,PM2.5 - Principal,2022-08-23 05:00 PM,2022,08,23,17,3.1,13,Good,3.3,UG/M3,1 Hr,Valid
Banja Luka,PM2.5 - Principal,2022-08-23 06:00 PM,2022,08,23,18,3.7,15,Good,4.4,UG/M3,1 Hr,Valid
Banja Luka,PM2.5 - Principal,2022-08-23 07:00 PM,2022,08,23,19,3.9,16,Good,4.0,UG/M3,1 Hr,Valid
Banja Luka,PM2.5 - Principal,2022-08-23 08:00 PM,2022,08,23,20,4.0,17,Good,4.0,UG/M3,1 Hr,Valid
Banja Luka,PM2.5 - Principal,2022-08-23 09:00 PM,2022,08,23,21,4.3,18,Good,4.7,UG/M3,1 Hr,Valid
Banja Luka,PM2.5 - Principal,2022-08-23 10:00 PM,2022,08,23,22,4.3,18,Good,4.3,UG/M3,1 Hr,Valid
Banja Luka,PM2.5 - Principal,2022-08-23 11:00 PM,2022,08,23,23,4.4,18,Good,4.4,UG/M3,1 Hr,Valid
Banja Luka,PM2.5 - Principal,2022-08-24 12:00 AM,2022,08,24,00,3.9,16,Good,3.4,UG/M3,1 Hr,Valid
Banja Luka,PM2.5 - Principal,2022-08-24 01:00 AM,2022,08,24,01,4.2,18,Good,4.6,UG/M3,1 Hr,Valid
Banja Luka,PM2.5 - Principal,2022-08-24 02:00 AM,2022,08,24,02,3.9,16,Good,3.5,UG/M3,1 Hr,Valid
Banja Luka,PM2.5 - Principal,2022-08-24 03:00 AM,2022,08,24,03,3.6,15,Good,3.2,UG/M3,1 Hr,Valid
Banja Luka,PM2.5 - Principal,2022-08-24 04:00 AM,2022,08,24,04,3.9,16,Good,4.4,UG/M3,1 Hr,Valid
Banja Luka,PM2.5 - Principal,2022-08-24 05:00 AM,2022,08,24,05,3.9,16,Good,3.9,UG/M3,1 Hr,Valid
Banja Luka,PM2.5 - Principal,2022-08-24 06:00 AM,2022,08,24,06,3.8,16,Good,3.5,UG/M3,1 Hr,Valid
Banja Luka,PM2.5 - Principal,2022-08-24 07:00 AM,2022,08,24,07,3.9,16,Good,4.0,UG/M3,1 Hr,Valid
Banja Luka,PM2.5 - Principal,2022-08-24 08:00 AM,2022,08,24,08,4.1,17,Good,4.5,UG/M3,1 Hr,Valid
Banja Luka,PM2.5 - Principal,2022-08-24 09:00 AM,2022,08,24,09,4.7,20,Good,5.5,UG/M3,1 Hr,Valid
Banja Luka,PM2.5 - Principal,2022-08-24 10:00 AM,2022,08,24,10,5.1,21,Good,5.6,UG/M3,1 Hr,Valid
Banja Luka,PM2.5 - Principal,2022-08-24 11:00 AM,2022,08,24,11,5.0,21,Good,5.0,UG/M3,1 Hr,Valid
Banja Luka,PM2.5 - Principal,2022-08-24 12:00 PM,2022,08,24,12,6.3,26,Good,7.5,UG/M3,1 Hr,Valid
Banja Luka,PM2.5 - Principal,2022-08-24 01:00 PM,2022,08,24,13,5.6,23,Good,5.0,UG/M3,1 Hr,Valid
Banja Luka,PM2.5 - Principal,2022-08-24 02:00 PM,2022,08,24,14,5.3,22,Good,5.0,UG/M3,1 Hr,Valid
Banja Luka,PM2.5 - Principal,2022-08-24 03:00 PM,2022,08,24,15,5.2,22,Good,5.0,UG/M3,1 Hr,Valid
Banja Luka,PM2.5 - Principal,2022-08-24 04:00 PM,2022,08,24,16,5.1,21,Good,5.0,UG/M3,1 Hr,Valid
Banja Luka,PM2.5 - Principal,2022-08-24 05:00 PM,2022,08,24,17,5.9,25,Good,6.6,UG/M3,1 Hr,Valid
Banja Luka,PM2.5 - Principal,2022-08-24 06:00 PM,2022,08,24,18,6.0,25,Good,6.2,UG/M3,1 Hr,Valid
Banja Luka,PM2.5 - Principal,2022-08-24 07:00 PM,2022,08,24,19,6.1,25,Good,6.2,UG/M3,1 Hr,Valid
Banja Luka,PM2.5 - Principal,2022-08-24 08:00 PM,2022,08,24,20,6.1,25,Good,6.2,UG/M3,1 Hr,Valid
Banja Luka,PM2.5 - Principal,2022-08-24 09:00 PM,2022,08,24,21,6.6,28,Good,7.6,UG/M3,1 Hr,Valid
Banja Luka,PM2.5 - Principal,2022-08-24 10:00 PM,2022,08,24,22,7.1,30,Good,7.9,UG/M3,1 Hr,Valid
Banja Luka,PM2.5 - Principal,2022-08-24 11:00 PM,2022,08,24,23,7.6,32,Good,8.2,UG/M3,1 Hr,Valid
Banja Luka,PM2.5 - Principal,2022-08-25 12:00 AM,2022,08,25,00,7.6,32,Good,7.6,UG/M3,1 Hr,Valid
Banja Luka,PM2.5 - Principal,2022-08-25 01:00 AM,2022,08,25,01,7.6,32,Good,7.6,UG/M3,1 Hr,Valid
Banja Luka,PM2.5 - Principal,2022-08-25 02:00 AM,2022,08,25,02,7.8,33,Good,8.1,UG/M3,1 Hr,Valid
Banja Luka,PM2.5 - Principal,2022-08-25 03:00 AM,2022,08,25,03,8.1,34,Good,8.6,UG/M3,1 Hr,Valid
Banja Luka,PM2.5 - Principal,2022-08-25 04:00 AM,2022,08,25,04,7.8,33,Good,7.7,UG/M3,1 Hr,Valid
Banja Luka,PM2.5 - Principal,2022-08-25 05:00 AM,2022,08,25,05,7.7,32,Good,7.3,UG/M3,1 Hr,Valid
Banja Luka,PM2.5 - Principal,2022-08-25 06:00 AM,2022,08,25,06,7.7,32,Good,7.8,UG/M3,1 Hr,Valid
Banja Luka,PM2.5 - Principal,2022-08-25 07:00 AM,2022,08,25,07,7.6,32,Good,7.2,UG/M3,1 Hr,Valid
Banja Luka,PM2.5 - Principal,2022-08-25 08:00 AM,2022,08,25,08,7.6,32,Good,7.4,UG/M3,1 Hr,Valid
Banja Luka,PM2.5 - Principal,2022-08-25 09:00 AM,2022,08,25,09,8.0,33,Good,9.1,UG/M3,1 Hr,Valid
Banja Luka,PM2.5 - Principal,2022-08-25 10:00 AM,2022,08,25,10,8.5,35,Good,9.7,UG/M3,1 Hr,Valid
Banja Luka,PM2.5 - Principal,2022-08-25 11:00 AM,2022,08,25,11,8.4,35,Good,8.2,UG/M3,1 Hr,Valid
Banja Luka,PM2.5 - Principal,2022-08-25 12:00 PM,2022,08,25,12,8.6,36,Good,9.1,UG/M3,1 Hr,Valid
Banja Luka,PM2.5 - Principal,2022-08-25 01:00 PM,2022,08,25,13,8.9,37,Good,9.7,UG/M3,1 Hr,Valid
Banja Luka,PM2.5 - Principal,2022-08-25 02:00 PM,2022,08,25,14,9.3,39,Good,10.2,UG/M3,1 Hr,Valid
Banja Luka,PM2.5 - Principal,2022-08-25 03:00 PM,2022,08,25,15,10.8,45,Good,12.5,UG/M3,1 Hr,Valid
Banja Luka,PM2.5 - Principal,2022-08-25 04:00 PM,2022,08,25,16,12.2,51,Moderate,13.6,UG/M3,1 Hr,Valid
Banja Luka,PM2.5 - Principal,2022-08-25 05:00 PM,2022,08,25,17,15.3,58,Moderate,18.2,UG/M3,1 Hr,Valid
Banja Luka,PM2.5 - Principal,2022-08-25 06:00 PM,2022,08,25,18,16.7,61,Moderate,18.2,UG/M3,1 Hr,Valid
Banja Luka,PM2.5 - Principal,2022-08-25 07:00 PM,2022,08,25,19,17.4,62,Moderate,18.2,UG/M3,1 Hr,Valid
Banja Luka,PM2.5 - Principal,2022-08-25 08:00 PM,2022,08,25,20,17.8,63,Moderate,18.2,UG/M3,1 Hr,Valid
Banja Luka,PM2.5 - Principal,2022-08-25 09:00 PM,2022,08,25,21,18.0,63,Moderate,18.2,UG/M3,1 Hr,Valid
Banja Luka,PM2.5 - Principal,2022-08-25 10:00 PM,2022,08,25,22,24.8,78,Moderate,31.6,UG/M3,1 Hr,Valid
Banja Luka,PM2.5 - Principal,2022-08-25 11:00 PM,2022,08,25,23,28.2,85,Moderate,31.6,UG/M3,1 Hr,Valid
Banja Luka,PM2.5 - Principal,2022-08-26 12:00 AM,2022,08,26,00,31.0,91,Moderate,33.9,UG/M3,1 Hr,Valid
Banja Luka,PM2.5 - Principal,2022-08-26 01:00 AM,2022,08,26,01,32.5,94,Moderate,34.0,UG/M3,1 Hr,Valid
Banja Luka,PM2.5 - Principal,2022-08-26 02:00 AM,2022,08,26,02,32.5,94,Moderate,-999.0,UG/M3,1 Hr,Missing
Banja Luka,PM2.5 - Principal,2022-08-29 11:00 AM,2022,08,29,11,-999.0,-999,N/A,9.5,UG/M3,1 Hr,Valid
Banja Luka,PM2.5 - Principal,2022-08-29 12:00 PM,2022,08,29,12,8.9,37,Good,8.4,UG/M3,1 Hr,Valid
Banja Luka,PM2.5 - Principal,2022-08-29 01:00 PM,2022,08,29,13,8.7,36,Good,8.5,UG/M3,1 Hr,Valid
Banja Luka,PM2.5 - Principal,2022-08-29 02:00 PM,2022,08,29,14,8.7,36,Good,8.7,UG/M3,1 Hr,Valid
Banja Luka,PM2.5 - Principal,2022-08-29 03:00 PM,2022,08,29,15,8.7,36,Good,8.5,UG/M3,1 Hr,Valid
Banja Luka,PM2.5 - Principal,2022-08-29 04:00 PM,2022,08,29,16,8.2,34,Good,7.2,UG/M3,1 Hr,Valid
Banja Luka,PM2.5 - Principal,2022-08-29 05:00 PM,2022,08,29,17,7.6,32,Good,6.5,UG/M3,1 Hr,Valid
Banja Luka,PM2.5 - Principal,2022-08-29 06:00 PM,2022,08,29,18,7.4,31,Good,6.9,UG/M3,1 Hr,Valid
Banja Luka,PM2.5 - Principal,2022-08-29 07:00 PM,2022,08,29,19,7.1,30,Good,6.5,UG/M3,1 Hr,Valid
Banja Luka,PM2.5 - Principal,2022-08-29 08:00 PM,2022,08,29,20,7.2,30,Good,7.4,UG/M3,1 Hr,Valid
Banja Luka,PM2.5 - Principal,2022-08-29 09:00 PM,2022,08,29,21,7.4,31,Good,7.9,UG/M3,1 Hr,Valid
Banja Luka,PM2.5 - Principal,2022-08-29 10:00 PM,2022,08,29,22,7.3,30,Good,7.1,UG/M3,1 Hr,Valid
Banja Luka,PM2.5 - Principal,2022-08-29 11:00 PM,2022,08,29,23,6.7,28,Good,5.6,UG/M3,1 Hr,Valid
Banja Luka,PM2.5 - Principal,2022-08-30 12:00 AM,2022,08,30,00,6.6,28,Good,6.4,UG/M3,1 Hr,Valid
Banja Luka,PM2.5 - Principal,2022-08-30 01:00 AM,2022,08,30,01,6.3,26,Good,5.8,UG/M3,1 Hr,Valid
Banja Luka,PM2.5 - Principal,2022-08-30 02:00 AM,2022,08,30,02,5.9,25,Good,5.3,UG/M3,1 Hr,Valid
Banja Luka,PM2.5 - Principal,2022-08-30 03:00 AM,2022,08,30,03,5.9,25,Good,5.5,UG/M3,1 Hr,Valid
Banja Luka,PM2.5 - Principal,2022-08-30 04:00 AM,2022,08,30,04,5.8,24,Good,5.7,UG/M3,1 Hr,Valid
Banja Luka,PM2.5 - Principal,2022-08-30 05:00 AM,2022,08,30,05,6.1,25,Good,6.7,UG/M3,1 Hr,Valid
Banja Luka,PM2.5 - Principal,2022-08-30 06:00 AM,2022,08,30,06,6.4,27,Good,6.9,UG/M3,1 Hr,Valid
Banja Luka,PM2.5 - Principal,2022-08-30 07:00 AM,2022,08,30,07,6.7,28,Good,7.3,UG/M3,1 Hr,Valid
Banja Luka,PM2.5 - Principal,2022-08-30 08:00 AM,2022,08,30,08,7.0,29,Good,7.8,UG/M3,1 Hr,Valid
Banja Luka,PM2.5 - Principal,2022-08-30 09:00 AM,2022,08,30,09,7.3,30,Good,7.8,UG/M3,1 Hr,Valid
Banja Luka,PM2.5 - Principal,2022-08-30 10:00 AM,2022,08,30,10,7.6,32,Good,8.1,UG/M3,1 Hr,Valid
Banja Luka,PM2.5 - Principal,2022-08-30 11:00 AM,2022,08,30,11,7.4,31,Good,7.1,UG/M3,1 Hr,Valid
Banja Luka,PM2.5 - Principal,2022-08-30 12:00 PM,2022,08,30,12,7.4,31,Good,7.2,UG/M3,1 Hr,Valid
Banja Luka,PM2.5 - Principal,2022-08-30 01:00 PM,2022,08,30,13,7.5,31,Good,7.7,UG/M3,1 Hr,Valid
Banja Luka,PM2.5 - Principal,2022-08-30 02:00 PM,2022,08,30,14,7.3,30,Good,7.0,UG/M3,1 Hr,Valid
Banja Luka,PM2.5 - Principal,2022-08-30 03:00 PM,2022,08,30,15,7.2,30,Good,6.8,UG/M3,1 Hr,Valid
Banja Luka,PM2.5 - Principal,2022-08-30 04:00 PM,2022,08,30,16,7.2,30,Good,6.8,UG/M3,1 Hr,Valid
Banja Luka,PM2.5 - Principal,2022-08-30 05:00 PM,2022,08,30,17,7.2,30,Good,7.1,UG/M3,1 Hr,Valid
Banja Luka,PM2.5 - Principal,2022-08-30 06:00 PM,2022,08,30,18,7.2,30,Good,7.5,UG/M3,1 Hr,Valid
Banja Luka,PM2.5 - Principal,2022-08-30 07:00 PM,2022,08,30,19,7.4,31,Good,7.9,UG/M3,1 Hr,Valid
Banja Luka,PM2.5 - Principal,2022-08-30 08:00 PM,2022,08,30,20,8.5,35,Good,10.4,UG/M3,1 Hr,Valid
Banja Luka,PM2.5 - Principal,2022-08-30 09:00 PM,2022,08,30,21,9.1,38,Good,10.2,UG/M3,1 Hr,Valid
Banja Luka,PM2.5 - Principal,2022-08-30 10:00 PM,2022,08,30,22,43.6,121,Unhealthy for Sensitive Groups,77.5,UG/M3,1 Hr,Valid
Banja Luka,PM2.5 - Principal,2022-08-30 11:00 PM,2022,08,30,23,29.0,87,Moderate,14.4,UG/M3,1 Hr,Valid
Banja Luka,PM2.5 - Principal,2022-08-31 12:00 AM,2022,08,31,00,19.3,66,Moderate,9.5,UG/M3,1 Hr,Valid
Banja Luka,PM2.5 - Principal,2022-08-31 01:00 AM,2022,08,31,01,13.7,54,Moderate,8.2,UG/M3,1 Hr,Valid
Banja Luka,PM2.5 - Principal,2022-08-31 02:00 AM,2022,08,31,02,10.5,44,Good,7.3,UG/M3,1 Hr,Valid
Banja Luka,PM2.5 - Principal,2022-08-31 03:00 AM,2022,08,31,03,8.8,37,Good,7.1,UG/M3,1 Hr,Valid
Banja Luka,PM2.5 - Principal,2022-08-31 04:00 AM,2022,08,31,04,8.0,33,Good,7.1,UG/M3,1 Hr,Valid
Banja Luka,PM2.5 - Principal,2022-08-31 05:00 AM,2022,08,31,05,7.7,32,Good,7.5,UG/M3,1 Hr,Valid
Banja Luka,PM2.5 - Principal,2022-08-31 06:00 AM,2022,08,31,06,7.6,32,Good,7.6,UG/M3,1 Hr,Valid
Banja Luka,PM2.5 - Principal,2022-08-31 07:00 AM,2022,08,31,07,7.7,32,Good,7.7,UG/M3,1 Hr,Valid
Banja Luka,PM2.5 - Principal,2022-08-31 08:00 AM,2022,08,31,08,7.8,33,Good,7.9,UG/M3,1 Hr,Valid
Banja Luka,PM2.5 - Principal,2022-08-31 09:00 AM,2022,08,31,09,8.0,33,Good,8.2,UG/M3,1 Hr,Valid
Banja Luka,PM2.5 - Principal,2022-08-31 10:00 AM,2022,08,31,10,8.1,34,Good,8.3,UG/M3,1 Hr,Valid
Banja Luka,PM2.5 - Principal,2022-08-31 11:00 AM,2022,08,31,11,8.3,35,Good,9.2,UG/M3,1 Hr,Valid
Banja Luka,PM2.5 - Principal,2022-08-31 12:00 PM,2022,08,31,12,8.9,37,Good,10.2,UG/M3,1 Hr,Valid
Banja Luka,PM2.5 - Principal,2022-08-31 01:00 PM,2022,08,31,13,9.5,40,Good,10.5,UG/M3,1 Hr,Valid
Banja Luka,PM2.5 - Principal,2022-08-31 02:00 PM,2022,08,31,14,9.8,41,Good,10.6,UG/M3,1 Hr,Valid
Banja Luka,PM2.5 - Principal,2022-08-31 03:00 PM,2022,08,31,15,9.9,41,Good,10.0,UG/M3,1 Hr,Valid
Banja Luka,PM2.5 - Principal,2022-08-31 04:00 PM,2022,08,31,16,10.1,42,Good,10.6,UG/M3,1 Hr,Valid
Banja Luka,PM2.5 - Principal,2022-08-31 05:00 PM,2022,08,31,17,9.9,41,Good,9.5,UG/M3,1 Hr,Valid
Banja Luka,PM2.5 - Principal,2022-08-31 06:00 PM,2022,08,31,18,9.8,41,Good,9.7,UG/M3,1 Hr,Valid
Banja Luka,PM2.5 - Principal,2022-08-31 07:00 PM,2022,08,31,19,7.9,33,Good,5.6,UG/M3,1 Hr,Valid
Banja Luka,PM2.5 - Principal,2022-08-31 08:00 PM,2022,08,31,20,7.0,29,Good,6.0,UG/M3,1 Hr,Valid
Banja Luka,PM2.5 - Principal,2022-08-31 09:00 PM,2022,08,31,21,11.6,48,Good,16.4,UG/M3,1 Hr,Valid
Banja Luka,PM2.5 - Principal,2022-08-31 10:00 PM,2022,08,31,22,9.6,40,Good,7.5,UG/M3,1 Hr,Valid
Banja Luka,PM2.5 - Principal,2022-08-31 11:00 PM,2022,08,31,23,8.3,35,Good,7.1,UG/M3,1 Hr,Valid
Banja Luka,PM2.5 - Principal,2022-09-01 12:00 AM,2022,09,01,00,7.4,31,Good,6.4,UG/M3,1 Hr,Valid
Banja Luka,PM2.5 - Principal,2022-09-01 01:00 AM,2022,09,01,01,6.7,28,Good,6.1,UG/M3,1 Hr,Valid
Banja Luka,PM2.5 - Principal,2022-09-01 02:00 AM,2022,09,01,02,6.9,29,Good,7.0,UG/M3,1 Hr,Valid
Banja Luka,PM2.5 - Principal,2022-09-01 03:00 AM,2022,09,01,03,6.4,27,Good,6.0,UG/M3,1 Hr,Valid
Banja Luka,PM2.5 - Principal,2022-09-01 04:00 AM,2022,09,01,04,5.9,25,Good,5.5,UG/M3,1 Hr,Valid
Banja Luka,PM2.5 - Principal,2022-09-01 05:00 AM,2022,09,01,05,6.6,28,Good,7.2,UG/M3,1 Hr,Valid
Banja Luka,PM2.5 - Principal,2022-09-01 06:00 AM,2022,09,01,06,7.2,30,Good,7.8,UG/M3,1 Hr,Valid
Banja Luka,PM2.5 - Principal,2022-09-01 07:00 AM,2022,09,01,07,7.7,32,Good,8.2,UG/M3,1 Hr,Valid
Banja Luka,PM2.5 - Principal,2022-09-01 08:00 AM,2022,09,01,08,7.7,32,Good,7.7,UG/M3,1 Hr,Valid
Banja Luka,PM2.5 - Principal,2022-09-01 09:00 AM,2022,09,01,09,7.6,32,Good,7.9,UG/M3,1 Hr,Valid
Banja Luka,PM2.5 - Principal,2022-09-01 10:00 AM,2022,09,01,10,6.4,27,Good,4.6,UG/M3,1 Hr,Valid
Banja Luka,PM2.5 - Principal,2022-09-01 11:00 AM,2022,09,01,11,5.0,21,Good,3.8,UG/M3,1 Hr,Valid
Banja Luka,PM2.5 - Principal,2022-09-01 12:00 PM,2022,09,01,12,4.5,19,Good,4.0,UG/M3,1 Hr,Valid
Banja Luka,PM2.5 - Principal,2022-09-01 01:00 PM,2022,09,01,13,3.8,16,Good,3.1,UG/M3,1 Hr,Valid
Banja Luka,PM2.5 - Principal,2022-09-01 02:00 PM,2022,09,01,14,3.0,13,Good,2.3,UG/M3,1 Hr,Valid
Banja Luka,PM2.5 - Principal,2022-09-01 03:00 PM,2022,09,01,15,3.6,15,Good,4.1,UG/M3,1 Hr,Valid
Banja Luka,PM2.5 - Principal,2022-09-01 04:00 PM,2022,09,01,16,3.9,16,Good,4.3,UG/M3,1 Hr,Valid
Banja Luka,PM2.5 - Principal,2022-09-01 05:00 PM,2022,09,01,17,4.5,19,Good,5.1,UG/M3,1 Hr,Valid
Banja Luka,PM2.5 - Principal,2022-09-01 06:00 PM,2022,09,01,18,5.0,21,Good,5.4,UG/M3,1 Hr,Valid
Banja Luka,PM2.5 - Principal,2022-09-01 07:00 PM,2022,09,01,19,5.3,22,Good,5.6,UG/M3,1 Hr,Valid
Banja Luka,PM2.5 - Principal,2022-09-01 08:00 PM,2022,09,01,20,5.7,24,Good,6.1,UG/M3,1 Hr,Valid
Banja Luka,PM2.5 - Principal,2022-09-01 09:00 PM,2022,09,01,21,6.2,26,Good,6.8,UG/M3,1 Hr,Valid
Banja Luka,PM2.5 - Principal,2022-09-01 10:00 PM,2022,09,01,22,5.8,24,Good,5.4,UG/M3,1 Hr,Valid
Banja Luka,PM2.5 - Principal,2022-09-01 11:00 PM,2022,09,01,23,5.5,23,Good,5.3,UG/M3,1 Hr,Valid
Banja Luka,PM2.5 - Principal,2022-09-02 12:00 AM,2022,09,02,00,5.6,23,Good,5.6,UG/M3,1 Hr,Valid
Banja Luka,PM2.5 - Principal,2022-09-02 01:00 AM,2022,09,02,01,5.7,24,Good,5.7,UG/M3,1 Hr,Valid
Banja Luka,PM2.5 - Principal,2022-09-02 02:00 AM,2022,09,02,02,5.2,22,Good,4.5,UG/M3,1 Hr,Valid
Banja Luka,PM2.5 - Principal,2022-09-02 03:00 AM,2022,09,02,03,5.0,21,Good,4.5,UG/M3,1 Hr,Valid
Banja Luka,PM2.5 - Principal,2022-09-02 04:00 AM,2022,09,02,04,4.7,20,Good,4.2,UG/M3,1 Hr,Valid
Banja Luka,PM2.5 - Principal,2022-09-02 05:00 AM,2022,09,02,05,4.6,19,Good,4.4,UG/M3,1 Hr,Valid
Banja Luka,PM2.5 - Principal,2022-09-02 06:00 AM,2022,09,02,06,4.6,19,Good,4.6,UG/M3,1 Hr,Valid
Banja Luka,PM2.5 - Principal,2022-09-02 07:00 AM,2022,09,02,07,4.7,20,Good,4.8,UG/M3,1 Hr,Valid
Banja Luka,PM2.5 - Principal,2022-09-02 08:00 AM,2022,09,02,08,4.9,20,Good,5.2,UG/M3,1 Hr,Valid
Banja Luka,PM2.5 - Principal,2022-09-02 09:00 AM,2022,09,02,09,5.0,21,Good,5.6,UG/M3,1 Hr,Valid
Banja Luka,PM2.5 - Principal,2022-09-02 10:00 AM,2022,09,02,10,5.3,22,Good,5.9,UG/M3,1 Hr,Valid
Banja Luka,PM2.5 - Principal,2022-09-02 11:00 AM,2022,09,02,11,5.6,23,Good,6.2,UG/M3,1 Hr,Valid
Banja Luka,PM2.5 - Principal,2022-09-02 12:00 PM,2022,09,02,12,5.9,25,Good,6.3,UG/M3,1 Hr,Valid
Banja Luka,PM2.5 - Principal,2022-09-02 01:00 PM,2022,09,02,13,6.3,26,Good,6.9,UG/M3,1 Hr,Valid
Banja Luka,PM2.5 - Principal,2022-09-02 02:00 PM,2022,09,02,14,6.4,27,Good,6.7,UG/M3,1 Hr,Valid
Banja Luka,PM2.5 - Principal,2022-09-02 03:00 PM,2022,09,02,15,6.3,26,Good,6.0,UG/M3,1 Hr,Valid
Banja Luka,PM2.5 - Principal,2022-09-02 04:00 PM,2022,09,02,16,6.1,25,Good,5.7,UG/M3,1 Hr,Valid
Banja Luka,PM2.5 - Principal,2022-09-02 05:00 PM,2022,09,02,17,5.9,25,Good,5.5,UG/M3,1 Hr,Valid
Banja Luka,PM2.5 - Principal,2022-09-02 06:00 PM,2022,09,02,18,5.8,24,Good,5.7,UG/M3,1 Hr,Valid
Banja Luka,PM2.5 - Principal,2022-09-02 07:00 PM,2022,09,02,19,5.8,24,Good,5.6,UG/M3,1 Hr,Valid
Banja Luka,PM2.5 - Principal,2022-09-02 08:00 PM,2022,09,02,20,5.8,24,Good,5.6,UG/M3,1 Hr,Valid
Banja Luka,PM2.5 - Principal,2022-09-02 09:00 PM,2022,09,02,21,6.7,28,Good,8.6,UG/M3,1 Hr,Valid
Banja Luka,PM2.5 - Principal,2022-09-02 10:00 PM,2022,09,02,22,8.3,35,Good,9.9,UG/M3,1 Hr,Valid
Banja Luka,PM2.5 - Principal,2022-09-02 11:00 PM,2022,09,02,23,8.1,34,Good,7.9,UG/M3,1 Hr,Valid
Banja Luka,PM2.5 - Principal,2022-09-03 12:00 AM,2022,09,03,00,7.8,33,Good,7.3,UG/M3,1 Hr,Valid
Banja Luka,PM2.5 - Principal,2022-09-03 01:00 AM,2022,09,03,01,7.4,31,Good,7.0,UG/M3,1 Hr,Valid
Banja Luka,PM2.5 - Principal,2022-09-03 02:00 AM,2022,09,03,02,7.3,30,Good,7.1,UG/M3,1 Hr,Valid
Banja Luka,PM2.5 - Principal,2022-09-03 03:00 AM,2022,09,03,03,6.7,28,Good,6.1,UG/M3,1 Hr,Valid
Banja Luka,PM2.5 - Principal,2022-09-03 04:00 AM,2022,09,03,04,6.5,27,Good,6.3,UG/M3,1 Hr,Valid
Banja Luka,PM2.5 - Principal,2022-09-03 05:00 AM,2022,09,03,05,6.4,27,Good,6.1,UG/M3,1 Hr,Valid
Banja Luka,PM2.5 - Principal,2022-09-03 06:00 AM,2022,09,03,06,6.4,27,Good,6.5,UG/M3,1 Hr,Valid
Banja Luka,PM2.5 - Principal,2022-09-03 07:00 AM,2022,09,03,07,6.6,28,Good,6.8,UG/M3,1 Hr,Valid
Banja Luka,PM2.5 - Principal,2022-09-03 08:00 AM,2022,09,03,08,6.8,28,Good,7.3,UG/M3,1 Hr,Valid
Banja Luka,PM2.5 - Principal,2022-09-03 09:00 AM,2022,09,03,09,6.9,29,Good,6.9,UG/M3,1 Hr,Valid
Banja Luka,PM2.5 - Principal,2022-09-03 10:00 AM,2022,09,03,10,7.0,29,Good,7.5,UG/M3,1 Hr,Valid
Banja Luka,PM2.5 - Principal,2022-09-03 11:00 AM,2022,09,03,11,7.0,29,Good,7.4,UG/M3,1 Hr,Valid
Banja Luka,PM2.5 - Principal,2022-09-03 12:00 PM,2022,09,03,12,7.3,30,Good,8.0,UG/M3,1 Hr,Valid
Banja Luka,PM2.5 - Principal,2022-09-03 01:00 PM,2022,09,03,13,8.3,35,Good,9.7,UG/M3,1 Hr,Valid
Banja Luka,PM2.5 - Principal,2022-09-03 02:00 PM,2022,09,03,14,8.9,37,Good,9.8,UG/M3,1 Hr,Valid
Banja Luka,PM2.5 - Principal,2022-09-03 03:00 PM,2022,09,03,15,8.7,36,Good,8.4,UG/M3,1 Hr,Valid
Banja Luka,PM2.5 - Principal,2022-09-03 04:00 PM,2022,09,03,16,8.6,36,Good,8.5,UG/M3,1 Hr,Valid
Banja Luka,PM2.5 - Principal,2022-09-03 05:00 PM,2022,09,03,17,8.7,36,Good,8.8,UG/M3,1 Hr,Valid
Banja Luka,PM2.5 - Principal,2022-09-03 06:00 PM,2022,09,03,18,8.5,35,Good,8.3,UG/M3,1 Hr,Valid
Banja Luka,PM2.5 - Principal,2022-09-03 07:00 PM,2022,09,03,19,8.5,35,Good,8.3,UG/M3,1 Hr,Valid
Banja Luka,PM2.5 - Principal,2022-09-03 08:00 PM,2022,09,03,20,9.1,38,Good,10.3,UG/M3,1 Hr,Valid
Banja Luka,PM2.5 - Principal,2022-09-03 09:00 PM,2022,09,03,21,9.9,41,Good,11.3,UG/M3,1 Hr,Valid
Banja Luka,PM2.5 - Principal,2022-09-03 10:00 PM,2022,09,03,22,12.6,52,Moderate,14.8,UG/M3,1 Hr,Valid
Banja Luka,PM2.5 - Principal,2022-09-03 11:00 PM,2022,09,03,23,13.7,54,Moderate,15.1,UG/M3,1 Hr,Valid
Banja Luka,PM2.5 - Principal,2022-09-04 12:00 AM,2022,09,04,00,14.8,57,Moderate,16.0,UG/M3,1 Hr,Valid
Banja Luka,PM2.5 - Principal,2022-09-04 01:00 AM,2022,09,04,01,15.9,59,Moderate,16.8,UG/M3,1 Hr,Valid
Banja Luka,PM2.5 - Principal,2022-09-04 02:00 AM,2022,09,04,02,16.0,59,Moderate,16.1,UG/M3,1 Hr,Valid
Banja Luka,PM2.5 - Principal,2022-09-04 03:00 AM,2022,09,04,03,15.8,59,Moderate,15.5,UG/M3,1 Hr,Valid
Banja Luka,PM2.5 - Principal,2022-09-04 04:00 AM,2022,09,04,04,15.7,59,Moderate,15.7,UG/M3,1 Hr,Valid
Banja Luka,PM2.5 - Principal,2022-09-04 05:00 AM,2022,09,04,05,15.3,58,Moderate,15.0,UG/M3,1 Hr,Valid
Banja Luka,PM2.5 - Principal,2022-09-04 06:00 AM,2022,09,04,06,13.6,54,Moderate,11.9,UG/M3,1 Hr,Valid
Banja Luka,PM2.5 - Principal,2022-09-04 07:00 AM,2022,09,04,07,14.5,56,Moderate,15.1,UG/M3,1 Hr,Valid
Banja Luka,PM2.5 - Principal,2022-09-04 08:00 AM,2022,09,04,08,15.2,58,Moderate,16.6,UG/M3,1 Hr,Valid
Banja Luka,PM2.5 - Principal,2022-09-04 09:00 AM,2022,09,04,09,15.9,59,Moderate,17.2,UG/M3,1 Hr,Valid
Banja Luka,PM2.5 - Principal,2022-09-04 10:00 AM,2022,09,04,10,15.6,58,Moderate,15.1,UG/M3,1 Hr,Valid
Banja Luka,PM2.5 - Principal,2022-09-04 11:00 AM,2022,09,04,11,13.5,54,Moderate,10.3,UG/M3,1 Hr,Valid
Banja Luka,PM2.5 - Principal,2022-09-04 12:00 PM,2022,09,04,12,13.0,53,Moderate,12.1,UG/M3,1 Hr,Valid
Banja Luka,PM2.5 - Principal,2022-09-04 01:00 PM,2022,09,04,13,9.5,40,Good,6.5,UG/M3,1 Hr,Valid
Banja Luka,PM2.5 - Principal,2022-09-04 02:00 PM,2022,09,04,14,7.5,31,Good,5.6,UG/M3,1 Hr,Valid
Banja Luka,PM2.5 - Principal,2022-09-04 03:00 PM,2022,09,04,15,6.7,28,Good,5.8,UG/M3,1 Hr,Valid
Banja Luka,PM2.5 - Principal,2022-09-04 04:00 PM,2022,09,04,16,6.6,28,Good,6.5,UG/M3,1 Hr,Valid
Banja Luka,PM2.5 - Principal,2022-09-04 05:00 PM,2022,09,04,17,6.5,27,Good,6.4,UG/M3,1 Hr,Valid
Banja Luka,PM2.5 - Principal,2022-09-04 06:00 PM,2022,09,04,18,6.4,27,Good,6.3,UG/M3,1 Hr,Valid
Banja Luka,PM2.5 - Principal,2022-09-04 07:00 PM,2022,09,04,19,6.2,26,Good,6.1,UG/M3,1 Hr,Valid
Banja Luka,PM2.5 - Principal,2022-09-04 08:00 PM,2022,09,04,20,7.0,29,Good,7.8,UG/M3,1 Hr,Valid
Banja Luka,PM2.5 - Principal,2022-09-04 09:00 PM,2022,09,04,21,8.7,36,Good,10.3,UG/M3,1 Hr,Valid
Banja Luka,PM2.5 - Principal,2022-09-04 10:00 PM,2022,09,04,22,10.2,43,Good,11.8,UG/M3,1 Hr,Valid
Banja Luka,PM2.5 - Principal,2022-09-04 11:00 PM,2022,09,04,23,10.7,45,Good,11.2,UG/M3,1 Hr,Valid
Banja Luka,PM2.5 - Principal,2022-09-05 12:00 AM,2022,09,05,00,11.1,46,Good,11.5,UG/M3,1 Hr,Valid
Banja Luka,PM2.5 - Principal,2022-09-05 01:00 AM,2022,09,05,01,12.1,51,Moderate,13.0,UG/M3,1 Hr,Valid
Banja Luka,PM2.5 - Principal,2022-09-05 02:00 AM,2022,09,05,02,13.3,54,Moderate,14.4,UG/M3,1 Hr,Valid
Banja Luka,PM2.5 - Principal,2022-09-05 03:00 AM,2022,09,05,03,13.6,54,Moderate,13.9,UG/M3,1 Hr,Valid
Banja Luka,PM2.5 - Principal,2022-09-05 04:00 AM,2022,09,05,04,13.5,54,Moderate,13.5,UG/M3,1 Hr,Valid
Banja Luka,PM2.5 - Principal,2022-09-05 05:00 AM,2022,09,05,05,13.5,54,Moderate,13.5,UG/M3,1 Hr,Valid
Banja Luka,PM2.5 - Principal,2022-09-05 06:00 AM,2022,09,05,06,13.4,54,Moderate,13.3,UG/M3,1 Hr,Valid
Banja Luka,PM2.5 - Principal,2022-09-05 07:00 AM,2022,09,05,07,12.1,51,Moderate,10.6,UG/M3,1 Hr,Valid
Banja Luka,PM2.5 - Principal,2022-09-05 08:00 AM,2022,09,05,08,11.5,48,Good,9.6,UG/M3,1 Hr,Valid
Banja Luka,PM2.5 - Principal,2022-09-05 09:00 AM,2022,09,05,09,11.4,48,Good,11.2,UG/M3,1 Hr,Valid
Banja Luka,PM2.5 - Principal,2022-09-05 10:00 AM,2022,09,05,10,11.4,48,Good,11.4,UG/M3,1 Hr,Valid
Banja Luka,PM2.5 - Principal,2022-09-05 11:00 AM,2022,09,05,11,13.2,53,Moderate,16.1,UG/M3,1 Hr,Valid
Banja Luka,PM2.5 - Principal,2022-09-05 12:00 PM,2022,09,05,12,16.7,61,Moderate,19.8,UG/M3,1 Hr,Valid
Banja Luka,PM2.5 - Principal,2022-09-05 01:00 PM,2022,09,05,13,17.3,62,Moderate,18.0,UG/M3,1 Hr,Valid
Banja Luka,PM2.5 - Principal,2022-09-05 02:00 PM,2022,09,05,14,17.3,62,Moderate,17.2,UG/M3,1 Hr,Valid
Banja Luka,PM2.5 - Principal,2022-09-05 03:00 PM,2022,09,05,15,15.9,59,Moderate,14.6,UG/M3,1 Hr,Valid
Banja Luka,PM2.5 - Principal,2022-09-05 04:00 PM,2022,09,05,16,14.9,57,Moderate,13.8,UG/M3,1 Hr,Valid
Banja Luka,PM2.5 - Principal,2022-09-05 05:00 PM,2022,09,05,17,13.5,54,Moderate,12.1,UG/M3,1 Hr,Valid
Banja Luka,PM2.5 - Principal,2022-09-05 06:00 PM,2022,09,05,18,11.4,48,Good,9.3,UG/M3,1 Hr,Valid
Banja Luka,PM2.5 - Principal,2022-09-05 07:00 PM,2022,09,05,19,10.1,42,Good,8.9,UG/M3,1 Hr,Valid
Banja Luka,PM2.5 - Principal,2022-09-05 08:00 PM,2022,09,05,20,9.6,40,Good,9.0,UG/M3,1 Hr,Valid
Banja Luka,PM2.5 - Principal,2022-09-05 09:00 PM,2022,09,05,21,10.0,42,Good,10.5,UG/M3,1 Hr,Valid
Banja Luka,PM2.5 - Principal,2022-09-05 10:00 PM,2022,09,05,22,11.8,49,Good,13.6,UG/M3,1 Hr,Valid
Banja Luka,PM2.5 - Principal,2022-09-05 11:00 PM,2022,09,05,23,12.0,50,Good,12.2,UG/M3,1 Hr,Valid
Banja Luka,PM2.5 - Principal,2022-09-06 12:00 AM,2022,09,06,00,12.0,50,Good,11.9,UG/M3,1 Hr,Valid
Banja Luka,PM2.5 - Principal,2022-09-06 01:00 AM,2022,09,06,01,11.8,49,Good,11.7,UG/M3,1 Hr,Valid
Banja Luka,PM2.5 - Principal,2022-09-06 02:00 AM,2022,09,06,02,11.3,47,Good,10.7,UG/M3,1 Hr,Valid
Banja Luka,PM2.5 - Principal,2022-09-06 03:00 AM,2022,09,06,03,11.2,47,Good,10.8,UG/M3,1 Hr,Valid
Banja Luka,PM2.5 - Principal,2022-09-06 04:00 AM,2022,09,06,04,11.5,48,Good,12.3,UG/M3,1 Hr,Valid
Banja Luka,PM2.5 - Principal,2022-09-06 05:00 AM,2022,09,06,05,11.7,49,Good,12.0,UG/M3,1 Hr,Valid
Banja Luka,PM2.5 - Principal,2022-09-06 06:00 AM,2022,09,06,06,11.9,50,Good,12.1,UG/M3,1 Hr,Valid
Banja Luka,PM2.5 - Principal,2022-09-06 07:00 AM,2022,09,06,07,11.8,49,Good,11.7,UG/M3,1 Hr,Valid
Banja Luka,PM2.5 - Principal,2022-09-06 08:00 AM,2022,09,06,08,12.0,50,Good,12.7,UG/M3,1 Hr,Valid
Banja Luka,PM2.5 - Principal,2022-09-06 09:00 AM,2022,09,06,09,12.5,52,Moderate,14.0,UG/M3,1 Hr,Valid
Banja Luka,PM2.5 - Principal,2022-09-06 10:00 AM,2022,09,06,10,12.7,52,Moderate,13.3,UG/M3,1 Hr,Valid
Banja Luka,PM2.5 - Principal,2022-09-06 11:00 AM,2022,09,06,11,12.9,53,Moderate,13.4,UG/M3,1 Hr,Valid
Banja Luka,PM2.5 - Principal,2022-09-06 12:00 PM,2022,09,06,12,13.4,54,Moderate,14.5,UG/M3,1 Hr,Valid
Banja Luka,PM2.5 - Principal,2022-09-06 01:00 PM,2022,09,06,13,14.0,55,Moderate,15.2,UG/M3,1 Hr,Valid
Banja Luka,PM2.5 - Principal,2022-09-06 02:00 PM,2022,09,06,14,13.9,55,Moderate,13.7,UG/M3,1 Hr,Valid
Banja Luka,PM2.5 - Principal,2022-09-06 03:00 PM,2022,09,06,15,13.8,55,Moderate,13.7,UG/M3,1 Hr,Valid
Banja Luka,PM2.5 - Principal,2022-09-06 04:00 PM,2022,09,06,16,13.4,54,Moderate,12.0,UG/M3,1 Hr,Valid
Banja Luka,PM2.5 - Principal,2022-09-06 05:00 PM,2022,09,06,17,12.6,52,Moderate,10.8,UG/M3,1 Hr,Valid
Banja Luka,PM2.5 - Principal,2022-09-06 06:00 PM,2022,09,06,18,11.4,48,Good,9.8,UG/M3,1 Hr,Valid
Banja Luka,PM2.5 - Principal,2022-09-06 07:00 PM,2022,09,06,19,10.2,43,Good,8.8,UG/M3,1 Hr,Valid
Banja Luka,PM2.5 - Principal,2022-09-06 08:00 PM,2022,09,06,20,11.4,48,Good,13.0,UG/M3,1 Hr,Valid
Banja Luka,PM2.5 - Principal,2022-09-06 09:00 PM,2022,09,06,21,12.9,53,Moderate,15.0,UG/M3,1 Hr,Valid
Banja Luka,PM2.5 - Principal,2022-09-06 10:00 PM,2022,09,06,22,13.8,55,Moderate,15.1,UG/M3,1 Hr,Valid
Banja Luka,PM2.5 - Principal,2022-09-06 11:00 PM,2022,09,06,23,13.9,55,Moderate,14.1,UG/M3,1 Hr,Valid
Banja Luka,PM2.5 - Principal,2022-09-07 12:00 AM,2022,09,07,00,12.3,51,Moderate,10.0,UG/M3,1 Hr,Valid
Banja Luka,PM2.5 - Principal,2022-09-07 01:00 AM,2022,09,07,01,11.5,48,Good,10.3,UG/M3,1 Hr,Valid
Banja Luka,PM2.5 - Principal,2022-09-07 02:00 AM,2022,09,07,02,10.8,45,Good,9.9,UG/M3,1 Hr,Valid
Banja Luka,PM2.5 - Principal,2022-09-07 03:00 AM,2022,09,07,03,10.3,43,Good,9.6,UG/M3,1 Hr,Valid
Banja Luka,PM2.5 - Principal,2022-09-07 04:00 AM,2022,09,07,04,10.0,42,Good,9.6,UG/M3,1 Hr,Valid
Banja Luka,PM2.5 - Principal,2022-09-07 05:00 AM,2022,09,07,05,10.9,45,Good,12.2,UG/M3,1 Hr,Valid
Banja Luka,PM2.5 - Principal,2022-09-07 06:00 AM,2022,09,07,06,10.5,44,Good,9.8,UG/M3,1 Hr,Valid
Banja Luka,PM2.5 - Principal,2022-09-07 07:00 AM,2022,09,07,07,10.2,43,Good,9.8,UG/M3,1 Hr,Valid
Banja Luka,PM2.5 - Principal,2022-09-07 08:00 AM,2022,09,07,08,10.8,45,Good,11.7,UG/M3,1 Hr,Valid
Banja Luka,PM2.5 - Principal,2022-09-07 09:00 AM,2022,09,07,09,11.8,49,Good,13.4,UG/M3,1 Hr,Valid
Banja Luka,PM2.5 - Principal,2022-09-07 10:00 AM,2022,09,07,10,11.5,48,Good,11.2,UG/M3,1 Hr,Valid
Banja Luka,PM2.5 - Principal,2022-09-07 11:00 AM,2022,09,07,11,11.4,48,Good,11.3,UG/M3,1 Hr,Valid
Banja Luka,PM2.5 - Principal,2022-09-07 12:00 PM,2022,09,07,12,11.1,46,Good,10.6,UG/M3,1 Hr,Valid
Banja Luka,PM2.5 - Principal,2022-09-07 01:00 PM,2022,09,07,13,10.6,44,Good,9.3,UG/M3,1 Hr,Valid
Banja Luka,PM2.5 - Principal,2022-09-07 02:00 PM,2022,09,07,14,9.6,40,Good,8.3,UG/M3,1 Hr,Valid
Banja Luka,PM2.5 - Principal,2022-09-07 03:00 PM,2022,09,07,15,8.4,35,Good,7.3,UG/M3,1 Hr,Valid
Banja Luka,PM2.5 - Principal,2022-09-07 04:00 PM,2022,09,07,16,7.7,32,Good,7.0,UG/M3,1 Hr,Valid
Banja Luka,PM2.5 - Principal,2022-09-07 05:00 PM,2022,09,07,17,7.7,32,Good,7.6,UG/M3,1 Hr,Valid
Banja Luka,PM2.5 - Principal,2022-09-07 06:00 PM,2022,09,07,18,7.6,32,Good,7.5,UG/M3,1 Hr,Valid
Banja Luka,PM2.5 - Principal,2022-09-07 07:00 PM,2022,09,07,19,7.6,32,Good,7.6,UG/M3,1 Hr,Valid
Banja Luka,PM2.5 - Principal,2022-09-07 08:00 PM,2022,09,07,20,8.0,33,Good,8.5,UG/M3,1 Hr,Valid
Banja Luka,PM2.5 - Principal,2022-09-07 09:00 PM,2022,09,07,21,9.5,40,Good,11.7,UG/M3,1 Hr,Valid
Banja Luka,PM2.5 - Principal,2022-09-07 10:00 PM,2022,09,07,22,9.4,39,Good,9.3,UG/M3,1 Hr,Valid
Banja Luka,PM2.5 - Principal,2022-09-07 11:00 PM,2022,09,07,23,9.4,39,Good,9.5,UG/M3,1 Hr,Valid
Banja Luka,PM2.5 - Principal,2022-09-08 12:00 AM,2022,09,08,00,7.1,30,Good,4.7,UG/M3,1 Hr,Valid
Banja Luka,PM2.5 - Principal,2022-09-08 01:00 AM,2022,09,08,01,5.6,23,Good,4.1,UG/M3,1 Hr,Valid
Banja Luka,PM2.5 - Principal,2022-09-08 02:00 AM,2022,09,08,02,4.9,20,Good,4.1,UG/M3,1 Hr,Valid
Banja Luka,PM2.5 - Principal,2022-09-08 03:00 AM,2022,09,08,03,4.3,18,Good,3.6,UG/M3,1 Hr,Valid
Banja Luka,PM2.5 - Principal,2022-09-08 04:00 AM,2022,09,08,04,4.0,17,Good,3.8,UG/M3,1 Hr,Valid
Banja Luka,PM2.5 - Principal,2022-09-08 05:00 AM,2022,09,08,05,4.2,18,Good,4.3,UG/M3,1 Hr,Valid
Banja Luka,PM2.5 - Principal,2022-09-08 06:00 AM,2022,09,08,06,4.4,18,Good,4.6,UG/M3,1 Hr,Valid
Banja Luka,PM2.5 - Principal,2022-09-08 07:00 AM,2022,09,08,07,5.2,22,Good,6.0,UG/M3,1 Hr,Valid
Banja Luka,PM2.5 - Principal,2022-09-08 08:00 AM,2022,09,08,08,6.0,25,Good,6.9,UG/M3,1 Hr,Valid
Banja Luka,PM2.5 - Principal,2022-09-08 09:00 AM,2022,09,08,09,7.2,30,Good,8.3,UG/M3,1 Hr,Valid
Banja Luka,PM2.5 - Principal,2022-09-08 10:00 AM,2022,09,08,10,8.5,35,Good,9.9,UG/M3,1 Hr,Valid
Banja Luka,PM2.5 - Principal,2022-09-08 11:00 AM,2022,09,08,11,9.4,39,Good,10.3,UG/M3,1 Hr,Valid
Banja Luka,PM2.5 - Principal,2022-09-08 12:00 PM,2022,09,08,12,10.1,42,Good,10.8,UG/M3,1 Hr,Valid
Banja Luka,PM2.5 - Principal,2022-09-08 01:00 PM,2022,09,08,13,9.9,41,Good,9.7,UG/M3,1 Hr,Valid
Banja Luka,PM2.5 - Principal,2022-09-08 02:00 PM,2022,09,08,14,9.4,39,Good,8.8,UG/M3,1 Hr,Valid
Banja Luka,PM2.5 - Principal,2022-09-08 03:00 PM,2022,09,08,15,9.1,38,Good,8.8,UG/M3,1 Hr,Valid
Banja Luka,PM2.5 - Principal,2022-09-08 04:00 PM,2022,09,08,16,9.2,38,Good,9.3,UG/M3,1 Hr,Valid
Banja Luka,PM2.5 - Principal,2022-09-08 05:00 PM,2022,09,08,17,9.4,39,Good,9.5,UG/M3,1 Hr,Valid
Banja Luka,PM2.5 - Principal,2022-09-08 06:00 PM,2022,09,08,18,9.9,41,Good,10.6,UG/M3,1 Hr,Valid
Banja Luka,PM2.5 - Principal,2022-09-08 07:00 PM,2022,09,08,19,10.7,45,Good,11.9,UG/M3,1 Hr,Valid
Banja Luka,PM2.5 - Principal,2022-09-08 08:00 PM,2022,09,08,20,11.8,49,Good,13.7,UG/M3,1 Hr,Valid
Banja Luka,PM2.5 - Principal,2022-09-08 09:00 PM,2022,09,08,21,11.5,48,Good,11.3,UG/M3,1 Hr,Valid
Banja Luka,PM2.5 - Principal,2022-09-08 10:00 PM,2022,09,08,22,13.6,54,Moderate,16.0,UG/M3,1 Hr,Valid
Banja Luka,PM2.5 - Principal,2022-09-08 11:00 PM,2022,09,08,23,13.9,55,Moderate,14.2,UG/M3,1 Hr,Valid
Banja Luka,PM2.5 - Principal,2022-09-09 12:00 AM,2022,09,09,00,12.7,52,Moderate,11.3,UG/M3,1 Hr,Valid
Banja Luka,PM2.5 - Principal,2022-09-09 01:00 AM,2022,09,09,01,11.5,48,Good,10.1,UG/M3,1 Hr,Valid
Banja Luka,PM2.5 - Principal,2022-09-09 02:00 AM,2022,09,09,02,11.5,48,Good,11.4,UG/M3,1 Hr,Valid
Banja Luka,PM2.5 - Principal,2022-09-09 03:00 AM,2022,09,09,03,10.5,44,Good,9.1,UG/M3,1 Hr,Valid
Banja Luka,PM2.5 - Principal,2022-09-09 04:00 AM,2022,09,09,04,9.9,41,Good,9.1,UG/M3,1 Hr,Valid
Banja Luka,PM2.5 - Principal,2022-09-09 05:00 AM,2022,09,09,05,7.6,32,Good,5.5,UG/M3,1 Hr,Valid
Banja Luka,PM2.5 - Principal,2022-09-09 06:00 AM,2022,09,09,06,6.2,26,Good,4.7,UG/M3,1 Hr,Valid
Banja Luka,PM2.5 - Principal,2022-09-09 07:00 AM,2022,09,09,07,5.7,24,Good,5.3,UG/M3,1 Hr,Valid
Banja Luka,PM2.5 - Principal,2022-09-09 08:00 AM,2022,09,09,08,5.8,24,Good,5.8,UG/M3,1 Hr,Valid
Banja Luka,PM2.5 - Principal,2022-09-09 09:00 AM,2022,09,09,09,6.1,25,Good,6.4,UG/M3,1 Hr,Valid
Banja Luka,PM2.5 - Principal,2022-09-09 10:00 AM,2022,09,09,10,7.6,32,Good,9.0,UG/M3,1 Hr,Valid
Banja Luka,PM2.5 - Principal,2022-09-09 11:00 AM,2022,09,09,11,7.5,31,Good,7.4,UG/M3,1 Hr,Valid
Banja Luka,PM2.5 - Principal,2022-09-09 12:00 PM,2022,09,09,12,7.9,33,Good,8.4,UG/M3,1 Hr,Valid
Banja Luka,PM2.5 - Principal,2022-09-09 01:00 PM,2022,09,09,13,8.4,35,Good,8.9,UG/M3,1 Hr,Valid
Banja Luka,PM2.5 - Principal,2022-09-09 02:00 PM,2022,09,09,14,7.8,33,Good,7.1,UG/M3,1 Hr,Valid
Banja Luka,PM2.5 - Principal,2022-09-09 03:00 PM,2022,09,09,15,8.3,35,Good,8.8,UG/M3,1 Hr,Valid
Banja Luka,PM2.5 - Principal,2022-09-09 04:00 PM,2022,09,09,16,7.9,33,Good,7.5,UG/M3,1 Hr,Valid
Banja Luka,PM2.5 - Principal,2022-09-09 05:00 PM,2022,09,09,17,7.6,32,Good,7.2,UG/M3,1 Hr,Valid
Banja Luka,PM2.5 - Principal,2022-09-09 06:00 PM,2022,09,09,18,7.9,33,Good,8.2,UG/M3,1 Hr,Valid
Banja Luka,PM2.5 - Principal,2022-09-09 07:00 PM,2022,09,09,19,5.7,24,Good,3.5,UG/M3,1 Hr,Valid
Banja Luka,PM2.5 - Principal,2022-09-09 08:00 PM,2022,09,09,20,4.8,20,Good,3.9,UG/M3,1 Hr,Valid
Banja Luka,PM2.5 - Principal,2022-09-09 09:00 PM,2022,09,09,21,4.6,19,Good,4.5,UG/M3,1 Hr,Valid
Banja Luka,PM2.5 - Principal,2022-09-09 10:00 PM,2022,09,09,22,4.8,20,Good,4.9,UG/M3,1 Hr,Valid
Banja Luka,PM2.5 - Principal,2022-09-09 11:00 PM,2022,09,09,23,4.6,19,Good,4.5,UG/M3,1 Hr,Valid
Banja Luka,PM2.5 - Principal,2022-09-10 12:00 AM,2022,09,10,00,4.5,19,Good,4.4,UG/M3,1 Hr,Valid
Banja Luka,PM2.5 - Principal,2022-09-10 01:00 AM,2022,09,10,01,4.1,17,Good,3.8,UG/M3,1 Hr,Valid
Banja Luka,PM2.5 - Principal,2022-09-10 02:00 AM,2022,09,10,02,4.0,17,Good,3.9,UG/M3,1 Hr,Valid
Banja Luka,PM2.5 - Principal,2022-09-10 03:00 AM,2022,09,10,03,4.2,18,Good,4.4,UG/M3,1 Hr,Valid
Banja Luka,PM2.5 - Principal,2022-09-10 04:00 AM,2022,09,10,04,4.2,18,Good,4.2,UG/M3,1 Hr,Valid
Banja Luka,PM2.5 - Principal,2022-09-10 05:00 AM,2022,09,10,05,3.9,16,Good,3.5,UG/M3,1 Hr,Valid
Banja Luka,PM2.5 - Principal,2022-09-10 06:00 AM,2022,09,10,06,3.7,15,Good,3.2,UG/M3,1 Hr,Valid
Banja Luka,PM2.5 - Principal,2022-09-10 07:00 AM,2022,09,10,07,3.6,15,Good,3.4,UG/M3,1 Hr,Valid
Banja Luka,PM2.5 - Principal,2022-09-10 08:00 AM,2022,09,10,08,3.8,16,Good,4.0,UG/M3,1 Hr,Valid
Banja Luka,PM2.5 - Principal,2022-09-10 09:00 AM,2022,09,10,09,3.8,16,Good,3.9,UG/M3,1 Hr,Valid
Banja Luka,PM2.5 - Principal,2022-09-10 10:00 AM,2022,09,10,10,3.8,16,Good,4.0,UG/M3,1 Hr,Valid
Banja Luka,PM2.5 - Principal,2022-09-10 11:00 AM,2022,09,10,11,3.8,16,Good,3.5,UG/M3,1 Hr,Valid
Banja Luka,PM2.5 - Principal,2022-09-10 12:00 PM,2022,09,10,12,3.8,16,Good,3.9,UG/M3,1 Hr,Valid
Banja Luka,PM2.5 - Principal,2022-09-10 01:00 PM,2022,09,10,13,4.0,17,Good,4.4,UG/M3,1 Hr,Valid
Banja Luka,PM2.5 - Principal,2022-09-10 02:00 PM,2022,09,10,14,4.0,17,Good,4.1,UG/M3,1 Hr,Valid
Banja Luka,PM2.5 - Principal,2022-09-10 03:00 PM,2022,09,10,15,4.0,17,Good,4.1,UG/M3,1 Hr,Valid
Banja Luka,PM2.5 - Principal,2022-09-10 04:00 PM,2022,09,10,16,4.1,17,Good,4.3,UG/M3,1 Hr,Valid
Banja Luka,PM2.5 - Principal,2022-09-10 05:00 PM,2022,09,10,17,4.1,17,Good,4.0,UG/M3,1 Hr,Valid
Banja Luka,PM2.5 - Principal,2022-09-10 06:00 PM,2022,09,10,18,4.1,17,Good,4.1,UG/M3,1 Hr,Valid
Banja Luka,PM2.5 - Principal,2022-09-10 07:00 PM,2022,09,10,19,4.1,17,Good,4.1,UG/M3,1 Hr,Valid
Banja Luka,PM2.5 - Principal,2022-09-10 08:00 PM,2022,09,10,20,4.2,18,Good,4.5,UG/M3,1 Hr,Valid
Banja Luka,PM2.5 - Principal,2022-09-10 09:00 PM,2022,09,10,21,5.0,21,Good,6.0,UG/M3,1 Hr,Valid
Banja Luka,PM2.5 - Principal,2022-09-10 10:00 PM,2022,09,10,22,4.8,20,Good,4.4,UG/M3,1 Hr,Valid
Banja Luka,PM2.5 - Principal,2022-09-10 11:00 PM,2022,09,10,23,4.8,20,Good,5.1,UG/M3,1 Hr,Valid
Banja Luka,PM2.5 - Principal,2022-09-11 12:00 AM,2022,09,11,00,5.0,21,Good,5.5,UG/M3,1 Hr,Valid
Banja Luka,PM2.5 - Principal,2022-09-11 01:00 AM,2022,09,11,01,4.9,20,Good,4.6,UG/M3,1 Hr,Valid
Banja Luka,PM2.5 - Principal,2022-09-11 02:00 AM,2022,09,11,02,4.5,19,Good,3.7,UG/M3,1 Hr,Valid
Banja Luka,PM2.5 - Principal,2022-09-11 03:00 AM,2022,09,11,03,4.3,18,Good,3.9,UG/M3,1 Hr,Valid
Banja Luka,PM2.5 - Principal,2022-09-11 04:00 AM,2022,09,11,04,4.4,18,Good,4.6,UG/M3,1 Hr,Valid
Banja Luka,PM2.5 - Principal,2022-09-11 05:00 AM,2022,09,11,05,4.2,18,Good,3.9,UG/M3,1 Hr,Valid
Banja Luka,PM2.5 - Principal,2022-09-11 06:00 AM,2022,09,11,06,4.2,18,Good,4.2,UG/M3,1 Hr,Valid
Banja Luka,PM2.5 - Principal,2022-09-11 07:00 AM,2022,09,11,07,4.2,18,Good,4.1,UG/M3,1 Hr,Valid
Banja Luka,PM2.5 - Principal,2022-09-11 08:00 AM,2022,09,11,08,4.4,18,Good,4.8,UG/M3,1 Hr,Valid
Banja Luka,PM2.5 - Principal,2022-09-11 09:00 AM,2022,09,11,09,4.7,20,Good,5.4,UG/M3,1 Hr,Valid
Banja Luka,PM2.5 - Principal,2022-09-11 10:00 AM,2022,09,11,10,4.8,20,Good,4.9,UG/M3,1 Hr,Valid
Banja Luka,PM2.5 - Principal,2022-09-11 11:00 AM,2022,09,11,11,4.7,20,Good,4.6,UG/M3,1 Hr,Valid
Banja Luka,PM2.5 - Principal,2022-09-11 12:00 PM,2022,09,11,12,4.8,20,Good,5.0,UG/M3,1 Hr,Valid
Banja Luka,PM2.5 - Principal,2022-09-11 01:00 PM,2022,09,11,13,5.2,22,Good,5.8,UG/M3,1 Hr,Valid
Banja Luka,PM2.5 - Principal,2022-09-11 02:00 PM,2022,09,11,14,5.4,23,Good,6.0,UG/M3,1 Hr,Valid
Banja Luka,PM2.5 - Principal,2022-09-11 03:00 PM,2022,09,11,15,5.5,23,Good,5.7,UG/M3,1 Hr,Valid
Banja Luka,PM2.5 - Principal,2022-09-11 04:00 PM,2022,09,11,16,5.7,24,Good,6.0,UG/M3,1 Hr,Valid
Banja Luka,PM2.5 - Principal,2022-09-11 05:00 PM,2022,09,11,17,5.3,22,Good,4.7,UG/M3,1 Hr,Valid
Banja Luka,PM2.5 - Principal,2022-09-11 06:00 PM,2022,09,11,18,5.0,21,Good,4.3,UG/M3,1 Hr,Valid
Banja Luka,PM2.5 - Principal,2022-09-11 07:00 PM,2022,09,11,19,4.8,20,Good,4.3,UG/M3,1 Hr,Valid
Banja Luka,PM2.5 - Principal,2022-09-11 08:00 PM,2022,09,11,20,4.5,19,Good,4.0,UG/M3,1 Hr,Valid
Banja Luka,PM2.5 - Principal,2022-09-11 09:00 PM,2022,09,11,21,5.2,22,Good,6.6,UG/M3,1 Hr,Valid
Banja Luka,PM2.5 - Principal,2022-09-11 10:00 PM,2022,09,11,22,6.1,25,Good,7.1,UG/M3,1 Hr,Valid
Banja Luka,PM2.5 - Principal,2022-09-11 11:00 PM,2022,09,11,23,6.2,26,Good,6.3,UG/M3,1 Hr,Valid
Banja Luka,PM2.5 - Principal,2022-09-12 12:00 AM,2022,09,12,00,5.8,24,Good,5.2,UG/M3,1 Hr,Valid
Banja Luka,PM2.5 - Principal,2022-09-12 01:00 AM,2022,09,12,01,5.1,21,Good,4.3,UG/M3,1 Hr,Valid
Banja Luka,PM2.5 - Principal,2022-09-12 02:00 AM,2022,09,12,02,4.6,19,Good,4.0,UG/M3,1 Hr,Valid
Banja Luka,PM2.5 - Principal,2022-09-12 03:00 AM,2022,09,12,03,4.0,17,Good,3.5,UG/M3,1 Hr,Valid
Banja Luka,PM2.5 - Principal,2022-09-12 04:00 AM,2022,09,12,04,3.8,16,Good,3.6,UG/M3,1 Hr,Valid
Banja Luka,PM2.5 - Principal,2022-09-12 05:00 AM,2022,09,12,05,3.9,16,Good,4.0,UG/M3,1 Hr,Valid
Banja Luka,PM2.5 - Principal,2022-09-12 06:00 AM,2022,09,12,06,3.8,16,Good,3.8,UG/M3,1 Hr,Valid
Banja Luka,PM2.5 - Principal,2022-09-12 07:00 AM,2022,09,12,07,3.8,16,Good,3.8,UG/M3,1 Hr,Valid
Banja Luka,PM2.5 - Principal,2022-09-12 08:00 AM,2022,09,12,08,3.9,16,Good,4.0,UG/M3,1 Hr,Valid
Banja Luka,PM2.5 - Principal,2022-09-12 09:00 AM,2022,09,12,09,4.3,18,Good,4.6,UG/M3,1 Hr,Valid
Banja Luka,PM2.5 - Principal,2022-09-12 10:00 AM,2022,09,12,10,4.3,18,Good,4.4,UG/M3,1 Hr,Valid
Banja Luka,PM2.5 - Principal,2022-09-12 11:00 AM,2022,09,12,11,4.4,18,Good,4.7,UG/M3,1 Hr,Valid
Banja Luka,PM2.5 - Principal,2022-09-12 12:00 PM,2022,09,12,12,4.7,20,Good,5.3,UG/M3,1 Hr,Valid
Banja Luka,PM2.5 - Principal,2022-09-12 01:00 PM,2022,09,12,13,5.0,21,Good,5.4,UG/M3,1 Hr,Valid
Banja Luka,PM2.5 - Principal,2022-09-12 02:00 PM,2022,09,12,14,5.2,22,Good,5.5,UG/M3,1 Hr,Valid
Banja Luka,PM2.5 - Principal,2022-09-12 03:00 PM,2022,09,12,15,5.2,22,Good,5.3,UG/M3,1 Hr,Valid
Banja Luka,PM2.5 - Principal,2022-09-12 04:00 PM,2022,09,12,16,5.0,21,Good,4.6,UG/M3,1 Hr,Valid
Banja Luka,PM2.5 - Principal,2022-09-12 05:00 PM,2022,09,12,17,4.8,20,Good,4.6,UG/M3,1 Hr,Valid
Banja Luka,PM2.5 - Principal,2022-09-12 06:00 PM,2022,09,12,18,4.7,20,Good,4.4,UG/M3,1 Hr,Valid
Banja Luka,PM2.5 - Principal,2022-09-12 07:00 PM,2022,09,12,19,4.6,19,Good,4.3,UG/M3,1 Hr,Valid
Banja Luka,PM2.5 - Principal,2022-09-12 08:00 PM,2022,09,12,20,4.7,20,Good,5.0,UG/M3,1 Hr,Valid
Banja Luka,PM2.5 - Principal,2022-09-12 09:00 PM,2022,09,12,21,7.8,33,Good,10.9,UG/M3,1 Hr,Valid
Banja Luka,PM2.5 - Principal,2022-09-12 10:00 PM,2022,09,12,22,8.9,37,Good,10.0,UG/M3,1 Hr,Valid
Banja Luka,PM2.5 - Principal,2022-09-12 11:00 PM,2022,09,12,23,10.3,43,Good,11.7,UG/M3,1 Hr,Valid
Banja Luka,PM2.5 - Principal,2022-09-13 12:00 AM,2022,09,13,00,8.1,34,Good,6.0,UG/M3,1 Hr,Valid
Banja Luka,PM2.5 - Principal,2022-09-13 01:00 AM,2022,09,13,01,7.0,29,Good,5.8,UG/M3,1 Hr,Valid
Banja Luka,PM2.5 - Principal,2022-09-13 02:00 AM,2022,09,13,02,6.4,27,Good,5.8,UG/M3,1 Hr,Valid
Banja Luka,PM2.5 - Principal,2022-09-13 03:00 AM,2022,09,13,03,5.9,25,Good,5.3,UG/M3,1 Hr,Valid
Banja Luka,PM2.5 - Principal,2022-09-13 04:00 AM,2022,09,13,04,5.5,23,Good,5.2,UG/M3,1 Hr,Valid
Banja Luka,PM2.5 - Principal,2022-09-13 05:00 AM,2022,09,13,05,5.5,23,Good,5.5,UG/M3,1 Hr,Valid
Banja Luka,PM2.5 - Principal,2022-09-13 06:00 AM,2022,09,13,06,5.5,23,Good,5.5,UG/M3,1 Hr,Valid
Banja Luka,PM2.5 - Principal,2022-09-13 07:00 AM,2022,09,13,07,5.6,23,Good,5.8,UG/M3,1 Hr,Valid
Banja Luka,PM2.5 - Principal,2022-09-13 08:00 AM,2022,09,13,08,5.9,25,Good,6.2,UG/M3,1 Hr,Valid
Banja Luka,PM2.5 - Principal,2022-09-13 09:00 AM,2022,09,13,09,5.9,25,Good,5.9,UG/M3,1 Hr,Valid
Banja Luka,PM2.5 - Principal,2022-09-13 10:00 AM,2022,09,13,10,6.0,25,Good,6.1,UG/M3,1 Hr,Valid
Banja Luka,PM2.5 - Principal,2022-09-13 11:00 AM,2022,09,13,11,6.1,25,Good,6.8,UG/M3,1 Hr,Valid
Banja Luka,PM2.5 - Principal,2022-09-13 12:00 PM,2022,09,13,12,6.1,25,Good,6.0,UG/M3,1 Hr,Valid
Banja Luka,PM2.5 - Principal,2022-09-13 01:00 PM,2022,09,13,13,5.9,25,Good,5.4,UG/M3,1 Hr,Valid
Banja Luka,PM2.5 - Principal,2022-09-13 02:00 PM,2022,09,13,14,4.9,20,Good,3.7,UG/M3,1 Hr,Valid
Banja Luka,PM2.5 - Principal,2022-09-13 03:00 PM,2022,09,13,15,4.0,17,Good,3.2,UG/M3,1 Hr,Valid
Banja Luka,PM2.5 - Principal,2022-09-13 04:00 PM,2022,09,13,16,3.6,15,Good,3.2,UG/M3,1 Hr,Valid
Banja Luka,PM2.5 - Principal,2022-09-13 05:00 PM,2022,09,13,17,3.5,15,Good,3.4,UG/M3,1 Hr,Valid
Banja Luka,PM2.5 - Principal,2022-09-13 06:00 PM,2022,09,13,18,3.6,15,Good,3.7,UG/M3,1 Hr,Valid
Banja Luka,PM2.5 - Principal,2022-09-13 07:00 PM,2022,09,13,19,3.6,15,Good,3.6,UG/M3,1 Hr,Valid
Banja Luka,PM2.5 - Principal,2022-09-13 08:00 PM,2022,09,13,20,4.2,18,Good,4.7,UG/M3,1 Hr,Valid
Banja Luka,PM2.5 - Principal,2022-09-13 09:00 PM,2022,09,13,21,8.6,36,Good,13.0,UG/M3,1 Hr,Valid
Banja Luka,PM2.5 - Principal,2022-09-13 10:00 PM,2022,09,13,22,8.8,37,Good,9.0,UG/M3,1 Hr,Valid
Banja Luka,PM2.5 - Principal,2022-09-13 11:00 PM,2022,09,13,23,7.1,30,Good,5.4,UG/M3,1 Hr,Valid
Banja Luka,PM2.5 - Principal,2022-09-14 12:00 AM,2022,09,14,00,5.8,24,Good,4.5,UG/M3,1 Hr,Valid
Banja Luka,PM2.5 - Principal,2022-09-14 01:00 AM,2022,09,14,01,4.9,20,Good,4.1,UG/M3,1 Hr,Valid
Banja Luka,PM2.5 - Principal,2022-09-14 02:00 AM,2022,09,14,02,4.9,20,Good,4.8,UG/M3,1 Hr,Valid
Banja Luka,PM2.5 - Principal,2022-09-14 03:00 AM,2022,09,14,03,4.7,20,Good,4.4,UG/M3,1 Hr,Valid
Banja Luka,PM2.5 - Principal,2022-09-14 04:00 AM,2022,09,14,04,4.6,19,Good,4.5,UG/M3,1 Hr,Valid
Banja Luka,PM2.5 - Principal,2022-09-14 05:00 AM,2022,09,14,05,5.0,21,Good,5.4,UG/M3,1 Hr,Valid
Banja Luka,PM2.5 - Principal,2022-09-14 06:00 AM,2022,09,14,06,7.4,31,Good,9.8,UG/M3,1 Hr,Valid
Banja Luka,PM2.5 - Principal,2022-09-14 07:00 AM,2022,09,14,07,8.6,36,Good,9.9,UG/M3,1 Hr,Valid
Banja Luka,PM2.5 - Principal,2022-09-14 08:00 AM,2022,09,14,08,8.8,37,Good,9.0,UG/M3,1 Hr,Valid
Banja Luka,PM2.5 - Principal,2022-09-14 09:00 AM,2022,09,14,09,8.9,37,Good,9.0,UG/M3,1 Hr,Valid
Banja Luka,PM2.5 - Principal,2022-09-14 10:00 AM,2022,09,14,10,9.2,38,Good,9.5,UG/M3,1 Hr,Valid
Banja Luka,PM2.5 - Principal,2022-09-14 11:00 AM,2022,09,14,11,8.0,33,Good,6.9,UG/M3,1 Hr,Valid
Banja Luka,PM2.5 - Principal,2022-09-14 12:00 PM,2022,09,14,12,6.7,28,Good,5.4,UG/M3,1 Hr,Valid
Banja Luka,PM2.5 - Principal,2022-09-14 01:00 PM,2022,09,14,13,5.8,24,Good,4.9,UG/M3,1 Hr,Valid
Banja Luka,PM2.5 - Principal,2022-09-14 02:00 PM,2022,09,14,14,6.2,26,Good,6.5,UG/M3,1 Hr,Valid
Banja Luka,PM2.5 - Principal,2022-09-14 03:00 PM,2022,09,14,15,6.2,26,Good,6.2,UG/M3,1 Hr,Valid
Banja Luka,PM2.5 - Principal,2022-09-14 04:00 PM,2022,09,14,16,6.1,25,Good,6.0,UG/M3,1 Hr,Valid
Banja Luka,PM2.5 - Principal,2022-09-14 05:00 PM,2022,09,14,17,5.9,25,Good,5.7,UG/M3,1 Hr,Valid
Banja Luka,PM2.5 - Principal,2022-09-14 06:00 PM,2022,09,14,18,5.7,24,Good,5.6,UG/M3,1 Hr,Valid
Banja Luka,PM2.5 - Principal,2022-09-14 07:00 PM,2022,09,14,19,5.5,23,Good,5.2,UG/M3,1 Hr,Valid
Banja Luka,PM2.5 - Principal,2022-09-14 08:00 PM,2022,09,14,20,5.3,22,Good,5.1,UG/M3,1 Hr,Valid
Banja Luka,PM2.5 - Principal,2022-09-14 09:00 PM,2022,09,14,21,5.4,23,Good,5.5,UG/M3,1 Hr,Valid
Banja Luka,PM2.5 - Principal,2022-09-14 10:00 PM,2022,09,14,22,5.4,23,Good,5.3,UG/M3,1 Hr,Valid
Banja Luka,PM2.5 - Principal,2022-09-14 11:00 PM,2022,09,14,23,5.4,23,Good,5.4,UG/M3,1 Hr,Valid
Banja Luka,PM2.5 - Principal,2022-09-15 12:00 AM,2022,09,15,00,5.5,23,Good,5.9,UG/M3,1 Hr,Valid
Banja Luka,PM2.5 - Principal,2022-09-15 01:00 AM,2022,09,15,01,5.5,23,Good,5.5,UG/M3,1 Hr,Valid
Banja Luka,PM2.5 - Principal,2022-09-15 02:00 AM,2022,09,15,02,5.5,23,Good,5.6,UG/M3,1 Hr,Valid
Banja Luka,PM2.5 - Principal,2022-09-15 03:00 AM,2022,09,15,03,5.5,23,Good,5.5,UG/M3,1 Hr,Valid
Banja Luka,PM2.5 - Principal,2022-09-15 04:00 AM,2022,09,15,04,5.5,23,Good,5.7,UG/M3,1 Hr,Valid
Banja Luka,PM2.5 - Principal,2022-09-15 05:00 AM,2022,09,15,05,5.5,23,Good,5.4,UG/M3,1 Hr,Valid
Banja Luka,PM2.5 - Principal,2022-09-15 06:00 AM,2022,09,15,06,5.5,23,Good,5.7,UG/M3,1 Hr,Valid
Banja Luka,PM2.5 - Principal,2022-09-15 07:00 AM,2022,09,15,07,5.5,23,Good,5.5,UG/M3,1 Hr,Valid
Banja Luka,PM2.5 - Principal,2022-09-15 08:00 AM,2022,09,15,08,5.7,24,Good,6.5,UG/M3,1 Hr,Valid
Banja Luka,PM2.5 - Principal,2022-09-15 09:00 AM,2022,09,15,09,7.3,30,Good,9.2,UG/M3,1 Hr,Valid
Banja Luka,PM2.5 - Principal,2022-09-15 10:00 AM,2022,09,15,10,10.1,42,Good,12.7,UG/M3,1 Hr,Valid
Banja Luka,PM2.5 - Principal,2022-09-15 11:00 AM,2022,09,15,11,8.5,35,Good,6.9,UG/M3,1 Hr,Valid
Banja Luka,PM2.5 - Principal,2022-09-15 12:00 PM,2022,09,15,12,7.8,33,Good,7.0,UG/M3,1 Hr,Valid
Banja Luka,PM2.5 - Principal,2022-09-15 01:00 PM,2022,09,15,13,8.3,35,Good,8.8,UG/M3,1 Hr,Valid
Banja Luka,PM2.5 - Principal,2022-09-15 02:00 PM,2022,09,15,14,9.8,41,Good,11.4,UG/M3,1 Hr,Valid
Banja Luka,PM2.5 - Principal,2022-09-15 03:00 PM,2022,09,15,15,11.7,49,Good,13.7,UG/M3,1 Hr,Valid
Banja Luka,PM2.5 - Principal,2022-09-15 04:00 PM,2022,09,15,16,12.9,53,Moderate,14.0,UG/M3,1 Hr,Valid
Banja Luka,PM2.5 - Principal,2022-09-15 05:00 PM,2022,09,15,17,15.7,59,Moderate,18.6,UG/M3,1 Hr,Valid
Banja Luka,PM2.5 - Principal,2022-09-15 06:00 PM,2022,09,15,18,18.1,64,Moderate,20.5,UG/M3,1 Hr,Valid
Banja Luka,PM2.5 - Principal,2022-09-15 07:00 PM,2022,09,15,19,18.4,64,Moderate,18.7,UG/M3,1 Hr,Valid
Banja Luka,PM2.5 - Principal,2022-09-15 08:00 PM,2022,09,15,20,16.4,60,Moderate,14.4,UG/M3,1 Hr,Valid
Banja Luka,PM2.5 - Principal,2022-09-15 09:00 PM,2022,09,15,21,14.8,57,Moderate,13.1,UG/M3,1 Hr,Valid
Banja Luka,PM2.5 - Principal,2022-09-15 10:00 PM,2022,09,15,22,13.9,55,Moderate,13.0,UG/M3,1 Hr,Valid
Banja Luka,PM2.5 - Principal,2022-09-15 11:00 PM,2022,09,15,23,12.8,52,Moderate,11.8,UG/M3,1 Hr,Valid
Banja Luka,PM2.5 - Principal,2022-09-16 12:00 AM,2022,09,16,00,10.8,45,Good,8.7,UG/M3,1 Hr,Valid
Banja Luka,PM2.5 - Principal,2022-09-16 01:00 AM,2022,09,16,01,7.3,30,Good,3.8,UG/M3,1 Hr,Valid
Banja Luka,PM2.5 - Principal,2022-09-16 02:00 AM,2022,09,16,02,4.5,19,Good,1.7,UG/M3,1 Hr,Valid
Banja Luka,PM2.5 - Principal,2022-09-16 03:00 AM,2022,09,16,03,3.4,14,Good,2.3,UG/M3,1 Hr,Valid
Banja Luka,PM2.5 - Principal,2022-09-16 04:00 AM,2022,09,16,04,3.1,13,Good,2.8,UG/M3,1 Hr,Valid
Banja Luka,PM2.5 - Principal,2022-09-16 05:00 AM,2022,09,16,05,2.9,12,Good,2.7,UG/M3,1 Hr,Valid
Banja Luka,PM2.5 - Principal,2022-09-16 06:00 AM,2022,09,16,06,3.2,13,Good,3.5,UG/M3,1 Hr,Valid
Banja Luka,PM2.5 - Principal,2022-09-16 07:00 AM,2022,09,16,07,3.5,15,Good,3.8,UG/M3,1 Hr,Valid
Banja Luka,PM2.5 - Principal,2022-09-16 08:00 AM,2022,09,16,08,4.1,17,Good,4.6,UG/M3,1 Hr,Valid
Banja Luka,PM2.5 - Principal,2022-09-16 09:00 AM,2022,09,16,09,4.1,17,Good,4.2,UG/M3,1 Hr,Valid
Banja Luka,PM2.5 - Principal,2022-09-16 10:00 AM,2022,09,16,10,4.3,18,Good,4.4,UG/M3,1 Hr,Valid
Banja Luka,PM2.5 - Principal,2022-09-16 11:00 AM,2022,09,16,11,4.9,20,Good,5.5,UG/M3,1 Hr,Valid
Banja Luka,PM2.5 - Principal,2022-09-16 12:00 PM,2022,09,16,12,5.6,23,Good,6.4,UG/M3,1 Hr,Valid
Banja Luka,PM2.5 - Principal,2022-09-16 01:00 PM,2022,09,16,13,7.3,30,Good,9.0,UG/M3,1 Hr,Valid
Banja Luka,PM2.5 - Principal,2022-09-16 02:00 PM,2022,09,16,14,8.8,37,Good,10.2,UG/M3,1 Hr,Valid
Banja Luka,PM2.5 - Principal,2022-09-16 03:00 PM,2022,09,16,15,8.6,36,Good,8.4,UG/M3,1 Hr,Valid
Banja Luka,PM2.5 - Principal,2022-09-16 04:00 PM,2022,09,16,16,8.1,34,Good,7.6,UG/M3,1 Hr,Valid
Banja Luka,PM2.5 - Principal,2022-09-16 05:00 PM,2022,09,16,17,6.1,25,Good,4.1,UG/M3,1 Hr,Valid
Banja Luka,PM2.5 - Principal,2022-09-16 06:00 PM,2022,09,16,18,5.6,23,Good,5.1,UG/M3,1 Hr,Valid
Banja Luka,PM2.5 - Principal,2022-09-16 07:00 PM,2022,09,16,19,4.9,20,Good,4.1,UG/M3,1 Hr,Valid
Banja Luka,PM2.5 - Principal,2022-09-16 08:00 PM,2022,09,16,20,4.4,18,Good,4.0,UG/M3,1 Hr,Valid
Banja Luka,PM2.5 - Principal,2022-09-16 09:00 PM,2022,09,16,21,4.7,20,Good,4.9,UG/M3,1 Hr,Valid
Banja Luka,PM2.5 - Principal,2022-09-16 10:00 PM,2022,09,16,22,4.8,20,Good,4.9,UG/M3,1 Hr,Valid
Banja Luka,PM2.5 - Principal,2022-09-16 11:00 PM,2022,09,16,23,5.1,21,Good,5.4,UG/M3,1 Hr,Valid
Banja Luka,PM2.5 - Principal,2022-09-17 12:00 AM,2022,09,17,00,4.9,20,Good,4.7,UG/M3,1 Hr,Valid
Banja Luka,PM2.5 - Principal,2022-09-17 01:00 AM,2022,09,17,01,4.9,20,Good,4.9,UG/M3,1 Hr,Valid
Banja Luka,PM2.5 - Principal,2022-09-17 02:00 AM,2022,09,17,02,4.6,19,Good,4.3,UG/M3,1 Hr,Valid
Banja Luka,PM2.5 - Principal,2022-09-17 03:00 AM,2022,09,17,03,4.0,17,Good,3.3,UG/M3,1 Hr,Valid
Banja Luka,PM2.5 - Principal,2022-09-17 04:00 AM,2022,09,17,04,3.2,13,Good,2.5,UG/M3,1 Hr,Valid
Banja Luka,PM2.5 - Principal,2022-09-17 05:00 AM,2022,09,17,05,2.8,12,Good,2.4,UG/M3,1 Hr,Valid
Banja Luka,PM2.5 - Principal,2022-09-17 06:00 AM,2022,09,17,06,2.0,8,Good,1.3,UG/M3,1 Hr,Valid
Banja Luka,PM2.5 - Principal,2022-09-17 07:00 AM,2022,09,17,07,1.9,8,Good,1.8,UG/M3,1 Hr,Valid
Banja Luka,PM2.5 - Principal,2022-09-17 08:00 AM,2022,09,17,08,2.5,10,Good,3.1,UG/M3,1 Hr,Valid
Banja Luka,PM2.5 - Principal,2022-09-17 09:00 AM,2022,09,17,09,3.3,14,Good,4.1,UG/M3,1 Hr,Valid
Banja Luka,PM2.5 - Principal,2022-09-17 10:00 AM,2022,09,17,10,3.5,15,Good,3.7,UG/M3,1 Hr,Valid
Banja Luka,PM2.5 - Principal,2022-09-17 11:00 AM,2022,09,17,11,4.1,17,Good,4.7,UG/M3,1 Hr,Valid
Banja Luka,PM2.5 - Principal,2022-09-17 12:00 PM,2022,09,17,12,4.2,18,Good,4.2,UG/M3,1 Hr,Valid
Banja Luka,PM2.5 - Principal,2022-09-17 01:00 PM,2022,09,17,13,4.5,19,Good,4.8,UG/M3,1 Hr,Valid
Banja Luka,PM2.5 - Principal,2022-09-17 02:00 PM,2022,09,17,14,4.6,19,Good,4.7,UG/M3,1 Hr,Valid
Banja Luka,PM2.5 - Principal,2022-09-17 03:00 PM,2022,09,17,15,4.3,18,Good,4.0,UG/M3,1 Hr,Valid
Banja Luka,PM2.5 - Principal,2022-09-17 04:00 PM,2022,09,17,16,4.3,18,Good,4.3,UG/M3,1 Hr,Valid
Banja Luka,PM2.5 - Principal,2022-09-17 05:00 PM,2022,09,17,17,4.6,19,Good,4.8,UG/M3,1 Hr,Valid
Banja Luka,PM2.5 - Principal,2022-09-17 06:00 PM,2022,09,17,18,5.5,23,Good,6.3,UG/M3,1 Hr,Valid
Banja Luka,PM2.5 - Principal,2022-09-17 07:00 PM,2022,09,17,19,4.9,20,Good,4.3,UG/M3,1 Hr,Valid
Banja Luka,PM2.5 - Principal,2022-09-17 08:00 PM,2022,09,17,20,5.5,23,Good,6.4,UG/M3,1 Hr,Valid
Banja Luka,PM2.5 - Principal,2022-09-17 09:00 PM,2022,09,17,21,5.8,24,Good,6.3,UG/M3,1 Hr,Valid
Banja Luka,PM2.5 - Principal,2022-09-17 10:00 PM,2022,09,17,22,5.2,22,Good,4.2,UG/M3,1 Hr,Valid
Banja Luka,PM2.5 - Principal,2022-09-17 11:00 PM,2022,09,17,23,4.7,20,Good,3.9,UG/M3,1 Hr,Valid
Banja Luka,PM2.5 - Principal,2022-09-18 12:00 AM,2022,09,18,00,3.8,16,Good,3.1,UG/M3,1 Hr,Valid
Banja Luka,PM2.5 - Principal,2022-09-18 01:00 AM,2022,09,18,01,3.3,14,Good,2.9,UG/M3,1 Hr,Valid
Banja Luka,PM2.5 - Principal,2022-09-18 02:00 AM,2022,09,18,02,3.3,14,Good,3.3,UG/M3,1 Hr,Valid
Banja Luka,PM2.5 - Principal,2022-09-18 03:00 AM,2022,09,18,03,3.3,14,Good,3.2,UG/M3,1 Hr,Valid
Banja Luka,PM2.5 - Principal,2022-09-18 04:00 AM,2022,09,18,04,2.8,12,Good,2.4,UG/M3,1 Hr,Valid
Banja Luka,PM2.5 - Principal,2022-09-18 05:00 AM,2022,09,18,05,4.2,18,Good,5.5,UG/M3,1 Hr,Valid
Banja Luka,PM2.5 - Principal,2022-09-18 06:00 AM,2022,09,18,06,4.3,18,Good,4.4,UG/M3,1 Hr,Valid
Banja Luka,PM2.5 - Principal,2022-09-18 07:00 AM,2022,09,18,07,4.0,17,Good,3.6,UG/M3,1 Hr,Valid
Banja Luka,PM2.5 - Principal,2022-09-18 08:00 AM,2022,09,18,08,5.2,22,Good,6.5,UG/M3,1 Hr,Valid
Banja Luka,PM2.5 - Principal,2022-09-18 09:00 AM,2022,09,18,09,5.8,24,Good,6.4,UG/M3,1 Hr,Valid
Banja Luka,PM2.5 - Principal,2022-09-18 10:00 AM,2022,09,18,10,5.4,23,Good,5.0,UG/M3,1 Hr,Valid
Banja Luka,PM2.5 - Principal,2022-09-18 11:00 AM,2022,09,18,11,4.5,19,Good,3.6,UG/M3,1 Hr,Valid
Banja Luka,PM2.5 - Principal,2022-09-18 12:00 PM,2022,09,18,12,3.9,16,Good,3.3,UG/M3,1 Hr,Valid
Banja Luka,PM2.5 - Principal,2022-09-18 01:00 PM,2022,09,18,13,3.3,14,Good,2.7,UG/M3,1 Hr,Valid
Banja Luka,PM2.5 - Principal,2022-09-18 02:00 PM,2022,09,18,14,2.7,11,Good,2.1,UG/M3,1 Hr,Valid
Banja Luka,PM2.5 - Principal,2022-09-18 03:00 PM,2022,09,18,15,2.0,8,Good,1.3,UG/M3,1 Hr,Valid
Banja Luka,PM2.5 - Principal,2022-09-18 04:00 PM,2022,09,18,16,1.8,8,Good,1.5,UG/M3,1 Hr,Valid
Banja Luka,PM2.5 - Principal,2022-09-18 05:00 PM,2022,09,18,17,1.6,7,Good,1.5,UG/M3,1 Hr,Valid
Banja Luka,PM2.5 - Principal,2022-09-18 06:00 PM,2022,09,18,18,1.5,6,Good,1.4,UG/M3,1 Hr,Valid
Banja Luka,PM2.5 - Principal,2022-09-18 07:00 PM,2022,09,18,19,1.6,7,Good,1.7,UG/M3,1 Hr,Valid
Banja Luka,PM2.5 - Principal,2022-09-18 08:00 PM,2022,09,18,20,4.5,19,Good,7.4,UG/M3,1 Hr,Valid
Banja Luka,PM2.5 - Principal,2022-09-18 09:00 PM,2022,09,18,21,8.3,35,Good,12.1,UG/M3,1 Hr,Valid
Banja Luka,PM2.5 - Principal,2022-09-18 10:00 PM,2022,09,18,22,8.2,34,Good,8.0,UG/M3,1 Hr,Valid
Banja Luka,PM2.5 - Principal,2022-09-18 11:00 PM,2022,09,18,23,6.1,25,Good,4.1,UG/M3,1 Hr,Valid
Banja Luka,PM2.5 - Principal,2022-09-19 12:00 AM,2022,09,19,00,4.9,20,Good,3.7,UG/M3,1 Hr,Valid
Banja Luka,PM2.5 - Principal,2022-09-19 01:00 AM,2022,09,19,01,4.0,17,Good,3.1,UG/M3,1 Hr,Valid
Banja Luka,PM2.5 - Principal,2022-09-19 02:00 AM,2022,09,19,02,3.6,15,Good,3.2,UG/M3,1 Hr,Valid
Banja Luka,PM2.5 - Principal,2022-09-19 03:00 AM,2022,09,19,03,4.9,20,Good,6.3,UG/M3,1 Hr,Valid
Banja Luka,PM2.5 - Principal,2022-09-19 04:00 AM,2022,09,19,04,5.9,25,Good,6.9,UG/M3,1 Hr,Valid
Banja Luka,PM2.5 - Principal,2022-09-19 05:00 AM,2022,09,19,05,5.9,25,Good,5.9,UG/M3,1 Hr,Valid
Banja Luka,PM2.5 - Principal,2022-09-19 06:00 AM,2022,09,19,06,6.1,25,Good,6.3,UG/M3,1 Hr,Valid
Banja Luka,PM2.5 - Principal,2022-09-19 07:00 AM,2022,09,19,07,7.2,30,Good,8.4,UG/M3,1 Hr,Valid
Banja Luka,PM2.5 - Principal,2022-09-19 08:00 AM,2022,09,19,08,6.6,28,Good,6.0,UG/M3,1 Hr,Valid
Banja Luka,PM2.5 - Principal,2022-09-19 09:00 AM,2022,09,19,09,7.7,32,Good,8.7,UG/M3,1 Hr,Valid
Banja Luka,PM2.5 - Principal,2022-09-19 10:00 AM,2022,09,19,10,6.7,28,Good,5.7,UG/M3,1 Hr,Valid
Banja Luka,PM2.5 - Principal,2022-09-19 11:00 AM,2022,09,19,11,6.8,28,Good,6.8,UG/M3,1 Hr,Valid
Banja Luka,PM2.5 - Principal,2022-09-19 12:00 PM,2022,09,19,12,7.5,31,Good,8.2,UG/M3,1 Hr,Valid
Banja Luka,PM2.5 - Principal,2022-09-19 01:00 PM,2022,09,19,13,7.5,31,Good,7.6,UG/M3,1 Hr,Valid
Banja Luka,PM2.5 - Principal,2022-09-19 02:00 PM,2022,09,19,14,7.7,32,Good,8.4,UG/M3,1 Hr,Valid
Banja Luka,PM2.5 - Principal,2022-09-19 03:00 PM,2022,09,19,15,7.7,32,Good,7.6,UG/M3,1 Hr,Valid
Banja Luka,PM2.5 - Principal,2022-09-19 04:00 PM,2022,09,19,16,6.7,28,Good,5.1,UG/M3,1 Hr,Valid
Banja Luka,PM2.5 - Principal,2022-09-19 05:00 PM,2022,09,19,17,5.3,22,Good,4.2,UG/M3,1 Hr,Valid
Banja Luka,PM2.5 - Principal,2022-09-19 06:00 PM,2022,09,19,18,4.0,17,Good,2.7,UG/M3,1 Hr,Valid
Banja Luka,PM2.5 - Principal,2022-09-19 07:00 PM,2022,09,19,19,3.4,14,Good,2.8,UG/M3,1 Hr,Valid
Banja Luka,PM2.5 - Principal,2022-09-19 08:00 PM,2022,09,19,20,3.9,16,Good,4.3,UG/M3,1 Hr,Valid
Banja Luka,PM2.5 - Principal,2022-09-19 09:00 PM,2022,09,19,21,4.3,18,Good,4.7,UG/M3,1 Hr,Valid
Banja Luka,PM2.5 - Principal,2022-09-19 10:00 PM,2022,09,19,22,5.7,24,Good,7.0,UG/M3,1 Hr,Valid
Banja Luka,PM2.5 - Principal,2022-09-19 11:00 PM,2022,09,19,23,5.3,22,Good,4.9,UG/M3,1 Hr,Valid
Banja Luka,PM2.5 - Principal,2022-09-20 12:00 AM,2022,09,20,00,6.1,25,Good,6.9,UG/M3,1 Hr,Valid
Banja Luka,PM2.5 - Principal,2022-09-20 01:00 AM,2022,09,20,01,14.9,57,Moderate,23.6,UG/M3,1 Hr,Valid
Banja Luka,PM2.5 - Principal,2022-09-20 02:00 AM,2022,09,20,02,15.3,58,Moderate,15.8,UG/M3,1 Hr,Valid
Banja Luka,PM2.5 - Principal,2022-09-20 03:00 AM,2022,09,20,03,9.9,41,Good,4.6,UG/M3,1 Hr,Valid
Banja Luka,PM2.5 - Principal,2022-09-20 04:00 AM,2022,09,20,04,6.9,29,Good,3.9,UG/M3,1 Hr,Valid
Banja Luka,PM2.5 - Principal,2022-09-20 05:00 AM,2022,09,20,05,5.5,23,Good,4.0,UG/M3,1 Hr,Valid
Banja Luka,PM2.5 - Principal,2022-09-20 06:00 AM,2022,09,20,06,4.7,20,Good,4.0,UG/M3,1 Hr,Valid
Banja Luka,PM2.5 - Principal,2022-09-20 07:00 AM,2022,09,20,07,5.2,22,Good,5.6,UG/M3,1 Hr,Valid
Banja Luka,PM2.5 - Principal,2022-09-20 08:00 AM,2022,09,20,08,5.1,21,Good,4.9,UG/M3,1 Hr,Valid
Banja Luka,PM2.5 - Principal,2022-09-20 09:00 AM,2022,09,20,09,5.8,24,Good,6.5,UG/M3,1 Hr,Valid
Banja Luka,PM2.5 - Principal,2022-09-20 10:00 AM,2022,09,20,10,7.0,29,Good,8.3,UG/M3,1 Hr,Valid
Banja Luka,PM2.5 - Principal,2022-09-20 11:00 AM,2022,09,20,11,7.3,30,Good,7.5,UG/M3,1 Hr,Valid
Banja Luka,PM2.5 - Principal,2022-09-20 12:00 PM,2022,09,20,12,6.1,25,Good,4.9,UG/M3,1 Hr,Valid
Banja Luka,PM2.5 - Principal,2022-09-20 01:00 PM,2022,09,20,13,4.9,20,Good,3.8,UG/M3,1 Hr,Valid
Banja Luka,PM2.5 - Principal,2022-09-20 02:00 PM,2022,09,20,14,4.3,18,Good,3.7,UG/M3,1 Hr,Valid
Banja Luka,PM2.5 - Principal,2022-09-20 03:00 PM,2022,09,20,15,3.5,15,Good,2.6,UG/M3,1 Hr,Valid
Banja Luka,PM2.5 - Principal,2022-09-20 04:00 PM,2022,09,20,16,3.0,13,Good,2.5,UG/M3,1 Hr,Valid
Banja Luka,PM2.5 - Principal,2022-09-20 05:00 PM,2022,09,20,17,2.5,10,Good,2.0,UG/M3,1 Hr,Valid
Banja Luka,PM2.5 - Principal,2022-09-20 06:00 PM,2022,09,20,18,3.7,15,Good,5.0,UG/M3,1 Hr,Valid
Banja Luka,PM2.5 - Principal,2022-09-20 07:00 PM,2022,09,20,19,4.7,20,Good,5.7,UG/M3,1 Hr,Valid
Banja Luka,PM2.5 - Principal,2022-09-20 08:00 PM,2022,09,20,20,6.0,25,Good,7.3,UG/M3,1 Hr,Valid
Banja Luka,PM2.5 - Principal,2022-09-20 09:00 PM,2022,09,20,21,10.3,43,Good,14.5,UG/M3,1 Hr,Valid
Banja Luka,PM2.5 - Principal,2022-09-20 10:00 PM,2022,09,20,22,8.5,35,Good,6.7,UG/M3,1 Hr,Valid
Banja Luka,PM2.5 - Principal,2022-09-20 11:00 PM,2022,09,20,23,17.1,62,Moderate,25.8,UG/M3,1 Hr,Valid
Banja Luka,PM2.5 - Principal,2022-09-21 12:00 AM,2022,09,21,00,11.6,48,Good,6.0,UG/M3,1 Hr,Valid
Banja Luka,PM2.5 - Principal,2022-09-21 01:00 AM,2022,09,21,01,9.0,38,Good,6.5,UG/M3,1 Hr,Valid
Banja Luka,PM2.5 - Principal,2022-09-21 02:00 AM,2022,09,21,02,10.8,45,Good,12.7,UG/M3,1 Hr,Valid
Banja Luka,PM2.5 - Principal,2022-09-21 03:00 AM,2022,09,21,03,9.1,38,Good,7.4,UG/M3,1 Hr,Valid
Banja Luka,PM2.5 - Principal,2022-09-21 04:00 AM,2022,09,21,04,8.1,34,Good,7.0,UG/M3,1 Hr,Valid
Banja Luka,PM2.5 - Principal,2022-09-21 05:00 AM,2022,09,21,05,7.1,30,Good,6.2,UG/M3,1 Hr,Valid
Banja Luka,PM2.5 - Principal,2022-09-21 06:00 AM,2022,09,21,06,6.4,27,Good,5.7,UG/M3,1 Hr,Valid
Banja Luka,PM2.5 - Principal,2022-09-21 07:00 AM,2022,09,21,07,5.8,24,Good,5.2,UG/M3,1 Hr,Valid
Banja Luka,PM2.5 - Principal,2022-09-21 08:00 AM,2022,09,21,08,5.5,23,Good,5.2,UG/M3,1 Hr,Valid
Banja Luka,PM2.5 - Principal,2022-09-21 09:00 AM,2022,09,21,09,7.2,30,Good,8.8,UG/M3,1 Hr,Valid
Banja Luka,PM2.5 - Principal,2022-09-21 10:00 AM,2022,09,21,10,7.8,33,Good,8.4,UG/M3,1 Hr,Valid
Banja Luka,PM2.5 - Principal,2022-09-21 11:00 AM,2022,09,21,11,6.2,26,Good,4.6,UG/M3,1 Hr,Valid
Banja Luka,PM2.5 - Principal,2022-09-21 12:00 PM,2022,09,21,12,5.4,23,Good,4.6,UG/M3,1 Hr,Valid
Banja Luka,PM2.5 - Principal,2022-09-21 01:00 PM,2022,09,21,13,5.0,21,Good,4.6,UG/M3,1 Hr,Valid
Banja Luka,PM2.5 - Principal,2022-09-21 02:00 PM,2022,09,21,14,4.5,19,Good,4.0,UG/M3,1 Hr,Valid
Banja Luka,PM2.5 - Principal,2022-09-21 03:00 PM,2022,09,21,15,4.5,19,Good,4.6,UG/M3,1 Hr,Valid
Banja Luka,PM2.5 - Principal,2022-09-21 04:00 PM,2022,09,21,16,4.5,19,Good,4.5,UG/M3,1 Hr,Valid
Banja Luka,PM2.5 - Principal,2022-09-21 05:00 PM,2022,09,21,17,5.5,23,Good,6.5,UG/M3,1 Hr,Valid
Banja Luka,PM2.5 - Principal,2022-09-21 06:00 PM,2022,09,21,18,5.1,21,Good,4.7,UG/M3,1 Hr,Valid
Banja Luka,PM2.5 - Principal,2022-09-21 07:00 PM,2022,09,21,19,5.0,21,Good,4.8,UG/M3,1 Hr,Valid
Banja Luka,PM2.5 - Principal,2022-09-21 08:00 PM,2022,09,21,20,5.4,23,Good,5.8,UG/M3,1 Hr,Valid
Banja Luka,PM2.5 - Principal,2022-09-21 09:00 PM,2022,09,21,21,14.1,55,Moderate,22.9,UG/M3,1 Hr,Valid
Banja Luka,PM2.5 - Principal,2022-09-21 10:00 PM,2022,09,21,22,20.3,68,Moderate,26.4,UG/M3,1 Hr,Valid
Banja Luka,PM2.5 - Principal,2022-09-21 11:00 PM,2022,09,21,23,14.3,56,Moderate,8.3,UG/M3,1 Hr,Valid
Banja Luka,PM2.5 - Principal,2022-09-22 12:00 AM,2022,09,22,00,11.5,48,Good,8.7,UG/M3,1 Hr,Valid
Banja Luka,PM2.5 - Principal,2022-09-22 01:00 AM,2022,09,22,01,12.4,52,Moderate,13.3,UG/M3,1 Hr,Valid
Banja Luka,PM2.5 - Principal,2022-09-22 02:00 AM,2022,09,22,02,9.9,41,Good,7.3,UG/M3,1 Hr,Valid
Banja Luka,PM2.5 - Principal,2022-09-22 03:00 AM,2022,09,22,03,9.6,40,Good,9.3,UG/M3,1 Hr,Valid
Banja Luka,PM2.5 - Principal,2022-09-22 04:00 AM,2022,09,22,04,9.3,39,Good,8.9,UG/M3,1 Hr,Valid
Banja Luka,PM2.5 - Principal,2022-09-22 05:00 AM,2022,09,22,05,8.3,35,Good,7.4,UG/M3,1 Hr,Valid
Banja Luka,PM2.5 - Principal,2022-09-22 06:00 AM,2022,09,22,06,7.2,30,Good,6.0,UG/M3,1 Hr,Valid
Banja Luka,PM2.5 - Principal,2022-09-22 07:00 AM,2022,09,22,07,6.8,28,Good,6.4,UG/M3,1 Hr,Valid
Banja Luka,PM2.5 - Principal,2022-09-22 08:00 AM,2022,09,22,08,7.2,30,Good,7.7,UG/M3,1 Hr,Valid
Banja Luka,PM2.5 - Principal,2022-09-22 09:00 AM,2022,09,22,09,9.0,38,Good,10.8,UG/M3,1 Hr,Valid
Banja Luka,PM2.5 - Principal,2022-09-22 10:00 AM,2022,09,22,10,7.8,33,Good,6.6,UG/M3,1 Hr,Valid
Banja Luka,PM2.5 - Principal,2022-09-22 11:00 AM,2022,09,22,11,6.7,28,Good,5.7,UG/M3,1 Hr,Valid
Banja Luka,PM2.5 - Principal,2022-09-22 12:00 PM,2022,09,22,12,6.2,26,Good,5.7,UG/M3,1 Hr,Valid
Banja Luka,PM2.5 - Principal,2022-09-22 01:00 PM,2022,09,22,13,5.6,23,Good,5.1,UG/M3,1 Hr,Valid
Banja Luka,PM2.5 - Principal,2022-09-22 02:00 PM,2022,09,22,14,5.1,21,Good,4.5,UG/M3,1 Hr,Valid
Banja Luka,PM2.5 - Principal,2022-09-22 03:00 PM,2022,09,22,15,4.9,20,Good,4.7,UG/M3,1 Hr,Valid
Banja Luka,PM2.5 - Principal,2022-09-22 04:00 PM,2022,09,22,16,5.1,21,Good,5.2,UG/M3,1 Hr,Valid
Banja Luka,PM2.5 - Principal,2022-09-22 05:00 PM,2022,09,22,17,4.7,20,Good,4.4,UG/M3,1 Hr,Valid
Banja Luka,PM2.5 - Principal,2022-09-22 06:00 PM,2022,09,22,18,4.4,18,Good,4.0,UG/M3,1 Hr,Valid
Banja Luka,PM2.5 - Principal,2022-09-22 07:00 PM,2022,09,22,19,4.3,18,Good,4.3,UG/M3,1 Hr,Valid
Banja Luka,PM2.5 - Principal,2022-09-22 08:00 PM,2022,09,22,20,11.0,46,Good,17.7,UG/M3,1 Hr,Valid
Banja Luka,PM2.5 - Principal,2022-09-22 09:00 PM,2022,09,22,21,18.8,65,Moderate,26.6,UG/M3,1 Hr,Valid
Banja Luka,PM2.5 - Principal,2022-09-22 10:00 PM,2022,09,22,22,19.7,67,Moderate,20.5,UG/M3,1 Hr,Valid
Banja Luka,PM2.5 - Principal,2022-09-22 11:00 PM,2022,09,22,23,26.2,81,Moderate,32.8,UG/M3,1 Hr,Valid
Banja Luka,PM2.5 - Principal,2022-09-23 12:00 AM,2022,09,23,00,20.8,69,Moderate,15.4,UG/M3,1 Hr,Valid
Banja Luka,PM2.5 - Principal,2022-09-23 01:00 AM,2022,09,23,01,17.2,62,Moderate,13.5,UG/M3,1 Hr,Valid
Banja Luka,PM2.5 - Principal,2022-09-23 02:00 AM,2022,09,23,02,12.3,51,Moderate,7.4,UG/M3,1 Hr,Valid
Banja Luka,PM2.5 - Principal,2022-09-23 03:00 AM,2022,09,23,03,9.6,40,Good,7.0,UG/M3,1 Hr,Valid
Banja Luka,PM2.5 - Principal,2022-09-23 04:00 AM,2022,09,23,04,7.9,33,Good,6.1,UG/M3,1 Hr,Valid
Banja Luka,PM2.5 - Principal,2022-09-23 05:00 AM,2022,09,23,05,6.6,28,Good,5.3,UG/M3,1 Hr,Valid
Banja Luka,PM2.5 - Principal,2022-09-23 06:00 AM,2022,09,23,06,6.1,25,Good,5.6,UG/M3,1 Hr,Valid
Banja Luka,PM2.5 - Principal,2022-09-23 07:00 AM,2022,09,23,07,6.0,25,Good,5.9,UG/M3,1 Hr,Valid
Banja Luka,PM2.5 - Principal,2022-09-23 08:00 AM,2022,09,23,08,6.5,27,Good,6.9,UG/M3,1 Hr,Valid
Banja Luka,PM2.5 - Principal,2022-09-23 09:00 AM,2022,09,23,09,7.8,33,Good,9.2,UG/M3,1 Hr,Valid
Banja Luka,PM2.5 - Principal,2022-09-23 10:00 AM,2022,09,23,10,8.2,34,Good,8.6,UG/M3,1 Hr,Valid
Banja Luka,PM2.5 - Principal,2022-09-23 11:00 AM,2022,09,23,11,7.6,32,Good,7.0,UG/M3,1 Hr,Valid
Banja Luka,PM2.5 - Principal,2022-09-23 12:00 PM,2022,09,23,12,8.4,35,Good,9.2,UG/M3,1 Hr,Valid
Banja Luka,PM2.5 - Principal,2022-09-23 01:00 PM,2022,09,23,13,7.3,30,Good,6.1,UG/M3,1 Hr,Valid
Banja Luka,PM2.5 - Principal,2022-09-23 02:00 PM,2022,09,23,14,6.6,28,Good,5.5,UG/M3,1 Hr,Valid
Banja Luka,PM2.5 - Principal,2022-09-23 03:00 PM,2022,09,23,15,5.8,24,Good,4.9,UG/M3,1 Hr,Valid
Banja Luka,PM2.5 - Principal,2022-09-23 04:00 PM,2022,09,23,16,5.4,23,Good,5.0,UG/M3,1 Hr,Valid
Banja Luka,PM2.5 - Principal,2022-09-23 05:00 PM,2022,09,23,17,4.6,19,Good,3.9,UG/M3,1 Hr,Valid
Banja Luka,PM2.5 - Principal,2022-09-23 06:00 PM,2022,09,23,18,4.5,19,Good,4.4,UG/M3,1 Hr,Valid
Banja Luka,PM2.5 - Principal,2022-09-23 07:00 PM,2022,09,23,19,4.8,20,Good,5.1,UG/M3,1 Hr,Valid
Banja Luka,PM2.5 - Principal,2022-09-23 08:00 PM,2022,09,23,20,10.7,45,Good,16.6,UG/M3,1 Hr,Valid
Banja Luka,PM2.5 - Principal,2022-09-23 09:00 PM,2022,09,23,21,26.6,81,Moderate,42.4,UG/M3,1 Hr,Valid
Banja Luka,PM2.5 - Principal,2022-09-23 10:00 PM,2022,09,23,22,33.1,95,Moderate,39.7,UG/M3,1 Hr,Valid
Banja Luka,PM2.5 - Principal,2022-09-23 11:00 PM,2022,09,23,23,31.1,91,Moderate,29.0,UG/M3,1 Hr,Valid
Banja Luka,PM2.5 - Principal,2022-09-24 12:00 AM,2022,09,24,00,20.6,69,Moderate,10.0,UG/M3,1 Hr,Valid
Banja Luka,PM2.5 - Principal,2022-09-24 01:00 AM,2022,09,24,01,14.9,57,Moderate,9.3,UG/M3,1 Hr,Valid
Banja Luka,PM2.5 - Principal,2022-09-24 02:00 AM,2022,09,24,02,11.6,48,Good,8.3,UG/M3,1 Hr,Valid
Banja Luka,PM2.5 - Principal,2022-09-24 03:00 AM,2022,09,24,03,10.7,45,Good,9.7,UG/M3,1 Hr,Valid
Banja Luka,PM2.5 - Principal,2022-09-24 04:00 AM,2022,09,24,04,9.2,38,Good,7.7,UG/M3,1 Hr,Valid
Banja Luka,PM2.5 - Principal,2022-09-24 05:00 AM,2022,09,24,05,8.3,35,Good,7.4,UG/M3,1 Hr,Valid
Banja Luka,PM2.5 - Principal,2022-09-24 06:00 AM,2022,09,24,06,10.6,44,Good,13.0,UG/M3,1 Hr,Valid
Banja Luka,PM2.5 - Principal,2022-09-24 07:00 AM,2022,09,24,07,11.3,47,Good,11.9,UG/M3,1 Hr,Valid
Banja Luka,PM2.5 - Principal,2022-09-24 08:00 AM,2022,09,24,08,12.9,53,Moderate,14.5,UG/M3,1 Hr,Valid
Banja Luka,PM2.5 - Principal,2022-09-24 09:00 AM,2022,09,24,09,14.3,56,Moderate,15.7,UG/M3,1 Hr,Valid
Banja Luka,PM2.5 - Principal,2022-09-24 10:00 AM,2022,09,24,10,14.6,56,Moderate,14.9,UG/M3,1 Hr,Valid
Banja Luka,PM2.5 - Principal,2022-09-24 11:00 AM,2022,09,24,11,13.9,55,Moderate,13.3,UG/M3,1 Hr,Valid
Banja Luka,PM2.5 - Principal,2022-09-24 12:00 PM,2022,09,24,12,11.0,46,Good,8.0,UG/M3,1 Hr,Valid
Banja Luka,PM2.5 - Principal,2022-09-24 01:00 PM,2022,09,24,13,9.3,39,Good,7.6,UG/M3,1 Hr,Valid
Banja Luka,PM2.5 - Principal,2022-09-24 02:00 PM,2022,09,24,14,7.5,31,Good,5.7,UG/M3,1 Hr,Valid
Banja Luka,PM2.5 - Principal,2022-09-24 03:00 PM,2022,09,24,15,6.3,26,Good,5.0,UG/M3,1 Hr,Valid
Banja Luka,PM2.5 - Principal,2022-09-24 04:00 PM,2022,09,24,16,6.7,28,Good,7.1,UG/M3,1 Hr,Valid
Banja Luka,PM2.5 - Principal,2022-09-24 05:00 PM,2022,09,24,17,7.5,31,Good,8.3,UG/M3,1 Hr,Valid
Banja Luka,PM2.5 - Principal,2022-09-24 06:00 PM,2022,09,24,18,7.7,32,Good,7.9,UG/M3,1 Hr,Valid
Banja Luka,PM2.5 - Principal,2022-09-24 07:00 PM,2022,09,24,19,11.9,50,Good,16.2,UG/M3,1 Hr,Valid
Banja Luka,PM2.5 - Principal,2022-09-24 08:00 PM,2022,09,24,20,17.2,62,Moderate,22.4,UG/M3,1 Hr,Valid
Banja Luka,PM2.5 - Principal,2022-09-24 09:00 PM,2022,09,24,21,33.6,96,Moderate,50.0,UG/M3,1 Hr,Valid
Banja Luka,PM2.5 - Principal,2022-09-24 10:00 PM,2022,09,24,22,40.4,113,Unhealthy for Sensitive Groups,47.1,UG/M3,1 Hr,Valid
Banja Luka,PM2.5 - Principal,2022-09-24 11:00 PM,2022,09,24,23,43.7,121,Unhealthy for Sensitive Groups,47.0,UG/M3,1 Hr,Valid
Banja Luka,PM2.5 - Principal,2022-09-25 12:00 AM,2022,09,25,00,39.0,110,Unhealthy for Sensitive Groups,34.2,UG/M3,1 Hr,Valid
Banja Luka,PM2.5 - Principal,2022-09-25 01:00 AM,2022,09,25,01,37.9,107,Unhealthy for Sensitive Groups,36.8,UG/M3,1 Hr,Valid
Banja Luka,PM2.5 - Principal,2022-09-25 02:00 AM,2022,09,25,02,33.9,97,Moderate,29.8,UG/M3,1 Hr,Valid
Banja Luka,PM2.5 - Principal,2022-09-25 03:00 AM,2022,09,25,03,29.0,87,Moderate,24.1,UG/M3,1 Hr,Valid
Banja Luka,PM2.5 - Principal,2022-09-25 04:00 AM,2022,09,25,04,25.8,80,Moderate,22.6,UG/M3,1 Hr,Valid
Banja Luka,PM2.5 - Principal,2022-09-25 05:00 AM,2022,09,25,05,21.5,71,Moderate,17.3,UG/M3,1 Hr,Valid
Banja Luka,PM2.5 - Principal,2022-09-25 06:00 AM,2022,09,25,06,18.5,64,Moderate,15.4,UG/M3,1 Hr,Valid
Banja Luka,PM2.5 - Principal,2022-09-25 07:00 AM,2022,09,25,07,13.9,55,Moderate,9.3,UG/M3,1 Hr,Valid
Banja Luka,PM2.5 - Principal,2022-09-25 08:00 AM,2022,09,25,08,10.2,43,Good,6.5,UG/M3,1 Hr,Valid
Banja Luka,PM2.5 - Principal,2022-09-25 09:00 AM,2022,09,25,09,9.7,40,Good,9.2,UG/M3,1 Hr,Valid
Banja Luka,PM2.5 - Principal,2022-09-25 10:00 AM,2022,09,25,10,10.8,45,Good,11.9,UG/M3,1 Hr,Valid
Banja Luka,PM2.5 - Principal,2022-09-25 11:00 AM,2022,09,25,11,11.6,48,Good,12.4,UG/M3,1 Hr,Valid
Banja Luka,PM2.5 - Principal,2022-09-25 12:00 PM,2022,09,25,12,13.3,54,Moderate,15.1,UG/M3,1 Hr,Valid
Banja Luka,PM2.5 - Principal,2022-09-25 01:00 PM,2022,09,25,13,14.7,56,Moderate,16.1,UG/M3,1 Hr,Valid
Banja Luka,PM2.5 - Principal,2022-09-25 02:00 PM,2022,09,25,14,16.1,59,Moderate,17.4,UG/M3,1 Hr,Valid
Banja Luka,PM2.5 - Principal,2022-09-25 03:00 PM,2022,09,25,15,13.8,55,Moderate,11.5,UG/M3,1 Hr,Valid
Banja Luka,PM2.5 - Principal,2022-09-25 04:00 PM,2022,09,25,16,10.8,45,Good,7.8,UG/M3,1 Hr,Valid
Banja Luka,PM2.5 - Principal,2022-09-25 05:00 PM,2022,09,25,17,8.3,35,Good,5.8,UG/M3,1 Hr,Valid
Banja Luka,PM2.5 - Principal,2022-09-25 06:00 PM,2022,09,25,18,8.2,34,Good,8.1,UG/M3,1 Hr,Valid
Banja Luka,PM2.5 - Principal,2022-09-25 07:00 PM,2022,09,25,19,13.3,54,Moderate,18.5,UG/M3,1 Hr,Valid
Banja Luka,PM2.5 - Principal,2022-09-25 08:00 PM,2022,09,25,20,26.9,82,Moderate,40.5,UG/M3,1 Hr,Valid
Banja Luka,PM2.5 - Principal,2022-09-25 09:00 PM,2022,09,25,21,33.6,96,Moderate,40.3,UG/M3,1 Hr,Valid
Banja Luka,PM2.5 - Principal,2022-09-25 10:00 PM,2022,09,25,22,39.7,111,Unhealthy for Sensitive Groups,45.8,UG/M3,1 Hr,Valid
Banja Luka,PM2.5 - Principal,2022-09-25 11:00 PM,2022,09,25,23,47.1,130,Unhealthy for Sensitive Groups,54.4,UG/M3,1 Hr,Valid
Banja Luka,PM2.5 - Principal,2022-09-26 12:00 AM,2022,09,26,00,44.1,122,Unhealthy for Sensitive Groups,41.1,UG/M3,1 Hr,Valid
Banja Luka,PM2.5 - Principal,2022-09-26 01:00 AM,2022,09,26,01,41.3,115,Unhealthy for Sensitive Groups,38.5,UG/M3,1 Hr,Valid
Banja Luka,PM2.5 - Principal,2022-09-26 02:00 AM,2022,09,26,02,40.0,112,Unhealthy for Sensitive Groups,38.7,UG/M3,1 Hr,Valid
Banja Luka,PM2.5 - Principal,2022-09-26 03:00 AM,2022,09,26,03,34.9,99,Moderate,29.9,UG/M3,1 Hr,Valid
Banja Luka,PM2.5 - Principal,2022-09-26 04:00 AM,2022,09,26,04,29.2,87,Moderate,23.5,UG/M3,1 Hr,Valid
Banja Luka,PM2.5 - Principal,2022-09-26 05:00 AM,2022,09,26,05,25.6,79,Moderate,22.0,UG/M3,1 Hr,Valid
Banja Luka,PM2.5 - Principal,2022-09-26 06:00 AM,2022,09,26,06,28.8,86,Moderate,32.0,UG/M3,1 Hr,Valid
Banja Luka,PM2.5 - Principal,2022-09-26 07:00 AM,2022,09,26,07,27.2,83,Moderate,25.5,UG/M3,1 Hr,Valid
Banja Luka,PM2.5 - Principal,2022-09-26 08:00 AM,2022,09,26,08,26.3,81,Moderate,25.4,UG/M3,1 Hr,Valid
Banja Luka,PM2.5 - Principal,2022-09-26 09:00 AM,2022,09,26,09,28.8,86,Moderate,31.3,UG/M3,1 Hr,Valid
Banja Luka,PM2.5 - Principal,2022-09-26 10:00 AM,2022,09,26,10,31.3,91,Moderate,33.8,UG/M3,1 Hr,Valid
Banja Luka,PM2.5 - Principal,2022-09-26 11:00 AM,2022,09,26,11,31.8,92,Moderate,32.6,UG/M3,1 Hr,Valid
Banja Luka,PM2.5 - Principal,2022-09-26 12:00 PM,2022,09,26,12,29.0,87,Moderate,25.6,UG/M3,1 Hr,Valid
Banja Luka,PM2.5 - Principal,2022-09-26 01:00 PM,2022,09,26,13,23.3,75,Moderate,17.8,UG/M3,1 Hr,Valid
Banja Luka,PM2.5 - Principal,2022-09-26 02:00 PM,2022,09,26,14,18.4,64,Moderate,13.5,UG/M3,1 Hr,Valid
Banja Luka,PM2.5 - Principal,2022-09-26 03:00 PM,2022,09,26,15,14.6,56,Moderate,10.8,UG/M3,1 Hr,Valid
Banja Luka,PM2.5 - Principal,2022-09-26 04:00 PM,2022,09,26,16,12.8,52,Moderate,11.1,UG/M3,1 Hr,Valid
Banja Luka,PM2.5 - Principal,2022-09-26 05:00 PM,2022,09,26,17,10.7,45,Good,8.5,UG/M3,1 Hr,Valid
Banja Luka,PM2.5 - Principal,2022-09-26 06:00 PM,2022,09,26,18,10.9,45,Good,11.2,UG/M3,1 Hr,Valid
Banja Luka,PM2.5 - Principal,2022-09-26 07:00 PM,2022,09,26,19,10.9,45,Good,11.0,UG/M3,1 Hr,Valid
Banja Luka,PM2.5 - Principal,2022-09-26 08:00 PM,2022,09,26,20,12.2,51,Moderate,13.5,UG/M3,1 Hr,Valid
Banja Luka,PM2.5 - Principal,2022-09-26 09:00 PM,2022,09,26,21,23.0,74,Moderate,33.7,UG/M3,1 Hr,Valid
Banja Luka,PM2.5 - Principal,2022-09-26 10:00 PM,2022,09,26,22,32.4,94,Moderate,41.8,UG/M3,1 Hr,Valid
Banja Luka,PM2.5 - Principal,2022-09-26 11:00 PM,2022,09,26,23,39.3,110,Unhealthy for Sensitive Groups,46.3,UG/M3,1 Hr,Valid
Banja Luka,PM2.5 - Principal,2022-09-27 12:00 AM,2022,09,27,00,34.5,98,Moderate,29.7,UG/M3,1 Hr,Valid
Banja Luka,PM2.5 - Principal,2022-09-27 01:00 AM,2022,09,27,01,26.3,81,Moderate,18.1,UG/M3,1 Hr,Valid
Banja Luka,PM2.5 - Principal,2022-09-27 02:00 AM,2022,09,27,02,21.9,72,Moderate,17.5,UG/M3,1 Hr,Valid
Banja Luka,PM2.5 - Principal,2022-09-27 03:00 AM,2022,09,27,03,18.2,64,Moderate,14.4,UG/M3,1 Hr,Valid
Banja Luka,PM2.5 - Principal,2022-09-27 04:00 AM,2022,09,27,04,16.9,61,Moderate,15.6,UG/M3,1 Hr,Valid
Banja Luka,PM2.5 - Principal,2022-09-27 05:00 AM,2022,09,27,05,14.2,55,Moderate,11.5,UG/M3,1 Hr,Valid
Banja Luka,PM2.5 - Principal,2022-09-27 06:00 AM,2022,09,27,06,13.2,53,Moderate,12.2,UG/M3,1 Hr,Valid
Banja Luka,PM2.5 - Principal,2022-09-27 07:00 AM,2022,09,27,07,12.2,51,Moderate,11.2,UG/M3,1 Hr,Valid
Banja Luka,PM2.5 - Principal,2022-09-27 08:00 AM,2022,09,27,08,12.4,52,Moderate,12.7,UG/M3,1 Hr,Valid
Banja Luka,PM2.5 - Principal,2022-09-27 09:00 AM,2022,09,27,09,11.7,49,Good,11.0,UG/M3,1 Hr,Valid
Banja Luka,PM2.5 - Principal,2022-09-27 10:00 AM,2022,09,27,10,13.8,55,Moderate,15.9,UG/M3,1 Hr,Valid
Banja Luka,PM2.5 - Principal,2022-09-27 11:00 AM,2022,09,27,11,9.5,40,Good,5.1,UG/M3,1 Hr,Valid
Banja Luka,PM2.5 - Principal,2022-09-27 12:00 PM,2022,09,27,12,10.2,43,Good,10.9,UG/M3,1 Hr,Valid
Banja Luka,PM2.5 - Principal,2022-09-27 01:00 PM,2022,09,27,13,8.5,35,Good,6.9,UG/M3,1 Hr,Valid
Banja Luka,PM2.5 - Principal,2022-09-27 02:00 PM,2022,09,27,14,6.3,26,Good,4.0,UG/M3,1 Hr,Valid
Banja Luka,PM2.5 - Principal,2022-09-27 03:00 PM,2022,09,27,15,4.7,20,Good,3.1,UG/M3,1 Hr,Valid
Banja Luka,PM2.5 - Principal,2022-09-27 04:00 PM,2022,09,27,16,4.0,17,Good,3.3,UG/M3,1 Hr,Valid
Banja Luka,PM2.5 - Principal,2022-09-27 05:00 PM,2022,09,27,17,4.1,17,Good,4.2,UG/M3,1 Hr,Valid
Banja Luka,PM2.5 - Principal,2022-09-27 06:00 PM,2022,09,27,18,4.1,17,Good,4.1,UG/M3,1 Hr,Valid
Banja Luka,PM2.5 - Principal,2022-09-27 07:00 PM,2022,09,27,19,4.3,18,Good,4.5,UG/M3,1 Hr,Valid
Banja Luka,PM2.5 - Principal,2022-09-27 08:00 PM,2022,09,27,20,5.4,23,Good,6.5,UG/M3,1 Hr,Valid
Banja Luka,PM2.5 - Principal,2022-09-27 09:00 PM,2022,09,27,21,6.0,25,Good,6.7,UG/M3,1 Hr,Valid
Banja Luka,PM2.5 - Principal,2022-09-27 10:00 PM,2022,09,27,22,6.1,25,Good,6.2,UG/M3,1 Hr,Valid
Banja Luka,PM2.5 - Principal,2022-09-27 11:00 PM,2022,09,27,23,6.0,25,Good,5.8,UG/M3,1 Hr,Valid
Banja Luka,PM2.5 - Principal,2022-09-28 12:00 AM,2022,09,28,00,7.5,31,Good,9.1,UG/M3,1 Hr,Valid
Banja Luka,PM2.5 - Principal,2022-09-28 01:00 AM,2022,09,28,01,8.7,36,Good,9.8,UG/M3,1 Hr,Valid
Banja Luka,PM2.5 - Principal,2022-09-28 02:00 AM,2022,09,28,02,5.9,25,Good,3.1,UG/M3,1 Hr,Valid
Banja Luka,PM2.5 - Principal,2022-09-28 03:00 AM,2022,09,28,03,4.6,19,Good,3.4,UG/M3,1 Hr,Valid
Banja Luka,PM2.5 - Principal,2022-09-28 04:00 AM,2022,09,28,04,3.1,13,Good,1.7,UG/M3,1 Hr,Valid
Banja Luka,PM2.5 - Principal,2022-09-28 05:00 AM,2022,09,28,05,2.3,10,Good,1.5,UG/M3,1 Hr,Valid
Banja Luka,PM2.5 - Principal,2022-09-28 06:00 AM,2022,09,28,06,1.8,8,Good,1.4,UG/M3,1 Hr,Valid
Banja Luka,PM2.5 - Principal,2022-09-28 07:00 AM,2022,09,28,07,2.0,8,Good,2.2,UG/M3,1 Hr,Valid
Banja Luka,PM2.5 - Principal,2022-09-28 08:00 AM,2022,09,28,08,2.5,10,Good,3.0,UG/M3,1 Hr,Valid
Banja Luka,PM2.5 - Principal,2022-09-28 09:00 AM,2022,09,28,09,4.1,17,Good,5.7,UG/M3,1 Hr,Valid
Banja Luka,PM2.5 - Principal,2022-09-28 10:00 AM,2022,09,28,10,5.2,22,Good,6.2,UG/M3,1 Hr,Valid
Banja Luka,PM2.5 - Principal,2022-09-28 11:00 AM,2022,09,28,11,5.8,24,Good,6.4,UG/M3,1 Hr,Valid
Banja Luka,PM2.5 - Principal,2022-09-28 12:00 PM,2022,09,28,12,6.5,27,Good,7.2,UG/M3,1 Hr,Valid
Banja Luka,PM2.5 - Principal,2022-09-28 01:00 PM,2022,09,28,13,6.1,25,Good,5.7,UG/M3,1 Hr,Valid
Banja Luka,PM2.5 - Principal,2022-09-28 02:00 PM,2022,09,28,14,5.6,23,Good,5.1,UG/M3,1 Hr,Valid
Banja Luka,PM2.5 - Principal,2022-09-28 03:00 PM,2022,09,28,15,5.1,21,Good,4.7,UG/M3,1 Hr,Valid
Banja Luka,PM2.5 - Principal,2022-09-28 04:00 PM,2022,09,28,16,6.3,26,Good,7.4,UG/M3,1 Hr,Valid
Banja Luka,PM2.5 - Principal,2022-09-28 05:00 PM,2022,09,28,17,6.0,25,Good,5.7,UG/M3,1 Hr,Valid
Banja Luka,PM2.5 - Principal,2022-09-28 06:00 PM,2022,09,28,18,5.6,23,Good,5.2,UG/M3,1 Hr,Valid
Banja Luka,PM2.5 - Principal,2022-09-28 07:00 PM,2022,09,28,19,6.9,29,Good,8.1,UG/M3,1 Hr,Valid
Banja Luka,PM2.5 - Principal,2022-09-28 08:00 PM,2022,09,28,20,9.7,40,Good,12.6,UG/M3,1 Hr,Valid
Banja Luka,PM2.5 - Principal,2022-09-28 09:00 PM,2022,09,28,21,19.8,67,Moderate,29.8,UG/M3,1 Hr,Valid
Banja Luka,PM2.5 - Principal,2022-09-28 10:00 PM,2022,09,28,22,21.9,72,Moderate,24.1,UG/M3,1 Hr,Valid
Banja Luka,PM2.5 - Principal,2022-09-28 11:00 PM,2022,09,28,23,24.3,77,Moderate,26.6,UG/M3,1 Hr,Valid
Banja Luka,PM2.5 - Principal,2022-09-29 12:00 AM,2022,09,29,00,24.6,77,Moderate,24.8,UG/M3,1 Hr,Valid
Banja Luka,PM2.5 - Principal,2022-09-29 01:00 AM,2022,09,29,01,22.2,72,Moderate,19.8,UG/M3,1 Hr,Valid
Banja Luka,PM2.5 - Principal,2022-09-29 02:00 AM,2022,09,29,02,21.5,71,Moderate,20.9,UG/M3,1 Hr,Valid
Banja Luka,PM2.5 - Principal,2022-09-29 03:00 AM,2022,09,29,03,20.4,68,Moderate,19.2,UG/M3,1 Hr,Valid
Banja Luka,PM2.5 - Principal,2022-09-29 04:00 AM,2022,09,29,04,19.9,67,Moderate,19.5,UG/M3,1 Hr,Valid
Banja Luka,PM2.5 - Principal,2022-09-29 05:00 AM,2022,09,29,05,17.1,62,Moderate,14.4,UG/M3,1 Hr,Valid
Banja Luka,PM2.5 - Principal,2022-09-29 06:00 AM,2022,09,29,06,13.9,55,Moderate,10.6,UG/M3,1 Hr,Valid
Banja Luka,PM2.5 - Principal,2022-09-29 07:00 AM,2022,09,29,07,11.4,48,Good,8.9,UG/M3,1 Hr,Valid
Banja Luka,PM2.5 - Principal,2022-09-29 08:00 AM,2022,09,29,08,10.0,42,Good,8.5,UG/M3,1 Hr,Valid
Banja Luka,PM2.5 - Principal,2022-09-29 09:00 AM,2022,09,29,09,11.1,46,Good,12.3,UG/M3,1 Hr,Valid
Banja Luka,PM2.5 - Principal,2022-09-29 10:00 AM,2022,09,29,10,13.1,53,Moderate,15.1,UG/M3,1 Hr,Valid
Banja Luka,PM2.5 - Principal,2022-09-29 11:00 AM,2022,09,29,11,12.7,52,Moderate,12.3,UG/M3,1 Hr,Valid
Banja Luka,PM2.5 - Principal,2022-09-29 12:00 PM,2022,09,29,12,10.7,45,Good,8.7,UG/M3,1 Hr,Valid
Banja Luka,PM2.5 - Principal,2022-09-29 01:00 PM,2022,09,29,13,10.0,42,Good,9.4,UG/M3,1 Hr,Valid
Banja Luka,PM2.5 - Principal,2022-09-29 02:00 PM,2022,09,29,14,9.2,38,Good,8.4,UG/M3,1 Hr,Valid
Banja Luka,PM2.5 - Principal,2022-09-29 03:00 PM,2022,09,29,15,7.4,31,Good,5.5,UG/M3,1 Hr,Valid
Banja Luka,PM2.5 - Principal,2022-09-29 04:00 PM,2022,09,29,16,5.6,23,Good,3.9,UG/M3,1 Hr,Valid
Banja Luka,PM2.5 - Principal,2022-09-29 05:00 PM,2022,09,29,17,5.1,21,Good,4.6,UG/M3,1 Hr,Valid
Banja Luka,PM2.5 - Principal,2022-09-29 06:00 PM,2022,09,29,18,4.7,20,Good,4.4,UG/M3,1 Hr,Valid
Banja Luka,PM2.5 - Principal,2022-09-29 07:00 PM,2022,09,29,19,4.0,17,Good,3.3,UG/M3,1 Hr,Valid
Banja Luka,PM2.5 - Principal,2022-09-29 08:00 PM,2022,09,29,20,5.4,23,Good,6.7,UG/M3,1 Hr,Valid
Banja Luka,PM2.5 - Principal,2022-09-29 09:00 PM,2022,09,29,21,13.0,53,Moderate,20.5,UG/M3,1 Hr,Valid
Banja Luka,PM2.5 - Principal,2022-09-29 10:00 PM,2022,09,29,22,15.3,58,Moderate,17.7,UG/M3,1 Hr,Valid
Banja Luka,PM2.5 - Principal,2022-09-29 11:00 PM,2022,09,29,23,21.3,70,Moderate,27.3,UG/M3,1 Hr,Valid
Banja Luka,PM2.5 - Principal,2022-09-30 12:00 AM,2022,09,30,00,24.7,77,Moderate,28.1,UG/M3,1 Hr,Valid
Banja Luka,PM2.5 - Principal,2022-09-30 01:00 AM,2022,09,30,01,22.4,73,Moderate,20.2,UG/M3,1 Hr,Valid
Banja Luka,PM2.5 - Principal,2022-09-30 02:00 AM,2022,09,30,02,15.2,58,Moderate,8.0,UG/M3,1 Hr,Valid
Banja Luka,PM2.5 - Principal,2022-09-30 03:00 AM,2022,09,30,03,11.9,50,Good,8.5,UG/M3,1 Hr,Valid
Banja Luka,PM2.5 - Principal,2022-09-30 04:00 AM,2022,09,30,04,9.4,39,Good,6.9,UG/M3,1 Hr,Valid
Banja Luka,PM2.5 - Principal,2022-09-30 05:00 AM,2022,09,30,05,6.0,25,Good,2.7,UG/M3,1 Hr,Valid
Banja Luka,PM2.5 - Principal,2022-09-30 06:00 AM,2022,09,30,06,4.9,20,Good,3.7,UG/M3,1 Hr,Valid
Banja Luka,PM2.5 - Principal,2022-09-30 07:00 AM,2022,09,30,07,4.5,19,Good,4.1,UG/M3,1 Hr,Valid
Banja Luka,PM2.5 - Principal,2022-09-30 08:00 AM,2022,09,30,08,4.7,20,Good,4.8,UG/M3,1 Hr,Valid
Banja Luka,PM2.5 - Principal,2022-09-30 09:00 AM,2022,09,30,09,6.7,28,Good,8.8,UG/M3,1 Hr,Valid
Banja Luka,PM2.5 - Principal,2022-09-30 10:00 AM,2022,09,30,10,7.1,30,Good,7.5,UG/M3,1 Hr,Valid
Banja Luka,PM2.5 - Principal,2022-09-30 11:00 AM,2022,09,30,11,9.6,40,Good,12.0,UG/M3,1 Hr,Valid
Banja Luka,PM2.5 - Principal,2022-09-30 12:00 PM,2022,09,30,12,8.5,35,Good,7.5,UG/M3,1 Hr,Valid
Banja Luka,PM2.5 - Principal,2022-09-30 01:00 PM,2022,09,30,13,6.8,28,Good,5.1,UG/M3,1 Hr,Valid
Banja Luka,PM2.5 - Principal,2022-09-30 02:00 PM,2022,09,30,14,5.7,24,Good,4.6,UG/M3,1 Hr,Valid
Banja Luka,PM2.5 - Principal,2022-09-30 03:00 PM,2022,09,30,15,5.7,24,Good,5.7,UG/M3,1 Hr,Valid
Banja Luka,PM2.5 - Principal,2022-09-30 04:00 PM,2022,09,30,16,5.9,25,Good,6.0,UG/M3,1 Hr,Valid
Banja Luka,PM2.5 - Principal,2022-09-30 05:00 PM,2022,09,30,17,6.5,27,Good,7.2,UG/M3,1 Hr,Valid
Banja Luka,PM2.5 - Principal,2022-09-30 06:00 PM,2022,09,30,18,5.6,23,Good,4.7,UG/M3,1 Hr,Valid
Banja Luka,PM2.5 - Principal,2022-09-30 07:00 PM,2022,09,30,19,5.4,23,Good,5.1,UG/M3,1 Hr,Valid
Banja Luka,PM2.5 - Principal,2022-09-30 08:00 PM,2022,09,30,20,9.5,40,Good,13.6,UG/M3,1 Hr,Valid
Banja Luka,PM2.5 - Principal,2022-09-30 09:00 PM,2022,09,30,21,13.5,54,Moderate,17.5,UG/M3,1 Hr,Valid
Banja Luka,PM2.5 - Principal,2022-09-30 10:00 PM,2022,09,30,22,17.3,62,Moderate,21.1,UG/M3,1 Hr,Valid
Banja Luka,PM2.5 - Principal,2022-09-30 11:00 PM,2022,09,30,23,21.2,70,Moderate,25.1,UG/M3,1 Hr,Valid
Banja Luka,PM2.5 - Principal,2022-10-01 12:00 AM,2022,10,01,00,20.6,69,Moderate,19.9,UG/M3,1 Hr,Valid
Banja Luka,PM2.5 - Principal,2022-10-01 01:00 AM,2022,10,01,01,20.7,69,Moderate,20.8,UG/M3,1 Hr,Valid
Banja Luka,PM2.5 - Principal,2022-10-01 02:00 AM,2022,10,01,02,19.3,66,Moderate,17.9,UG/M3,1 Hr,Valid
Banja Luka,PM2.5 - Principal,2022-10-01 03:00 AM,2022,10,01,03,17.1,62,Moderate,14.9,UG/M3,1 Hr,Valid
Banja Luka,PM2.5 - Principal,2022-10-01 04:00 AM,2022,10,01,04,16.2,60,Moderate,15.2,UG/M3,1 Hr,Valid
Banja Luka,PM2.5 - Principal,2022-10-01 05:00 AM,2022,10,01,05,15.8,59,Moderate,15.4,UG/M3,1 Hr,Valid
Banja Luka,PM2.5 - Principal,2022-10-01 06:00 AM,2022,10,01,06,13.5,54,Moderate,11.2,UG/M3,1 Hr,Valid
Banja Luka,PM2.5 - Principal,2022-10-01 07:00 AM,2022,10,01,07,12.6,52,Moderate,11.7,UG/M3,1 Hr,Valid
Banja Luka,PM2.5 - Principal,2022-10-01 08:00 AM,2022,10,01,08,12.3,51,Moderate,12.0,UG/M3,1 Hr,Valid
Banja Luka,PM2.5 - Principal,2022-10-01 09:00 AM,2022,10,01,09,12.4,52,Moderate,12.5,UG/M3,1 Hr,Valid
Banja Luka,PM2.5 - Principal,2022-10-01 10:00 AM,2022,10,01,10,15.2,58,Moderate,18.0,UG/M3,1 Hr,Valid
Banja Luka,PM2.5 - Principal,2022-10-01 11:00 AM,2022,10,01,11,15.6,58,Moderate,16.3,UG/M3,1 Hr,Valid
Banja Luka,PM2.5 - Principal,2022-10-01 12:00 PM,2022,10,01,12,17.5,62,Moderate,19.8,UG/M3,1 Hr,Valid
Banja Luka,PM2.5 - Principal,2022-10-01 01:00 PM,2022,10,01,13,15.1,57,Moderate,12.1,UG/M3,1 Hr,Valid
Banja Luka,PM2.5 - Principal,2022-10-01 02:00 PM,2022,10,01,14,10.8,45,Good,6.7,UG/M3,1 Hr,Valid
Banja Luka,PM2.5 - Principal,2022-10-01 03:00 PM,2022,10,01,15,10.0,42,Good,9.2,UG/M3,1 Hr,Valid
Banja Luka,PM2.5 - Principal,2022-10-01 04:00 PM,2022,10,01,16,10.0,42,Good,9.9,UG/M3,1 Hr,Valid
Banja Luka,PM2.5 - Principal,2022-10-01 05:00 PM,2022,10,01,17,8.8,37,Good,7.6,UG/M3,1 Hr,Valid
Banja Luka,PM2.5 - Principal,2022-10-01 06:00 PM,2022,10,01,18,7.4,31,Good,5.9,UG/M3,1 Hr,Valid
Banja Luka,PM2.5 - Principal,2022-10-01 07:00 PM,2022,10,01,19,6.1,25,Good,4.8,UG/M3,1 Hr,Valid
Banja Luka,PM2.5 - Principal,2022-10-01 08:00 PM,2022,10,01,20,5.5,23,Good,4.9,UG/M3,1 Hr,Valid
Banja Luka,PM2.5 - Principal,2022-10-01 09:00 PM,2022,10,01,21,5.4,23,Good,5.3,UG/M3,1 Hr,Valid
Banja Luka,PM2.5 - Principal,2022-10-01 10:00 PM,2022,10,01,22,9.4,39,Good,13.4,UG/M3,1 Hr,Valid
Banja Luka,PM2.5 - Principal,2022-10-01 11:00 PM,2022,10,01,23,9.3,39,Good,9.3,UG/M3,1 Hr,Valid
Banja Luka,PM2.5 - Principal,2022-10-02 12:00 AM,2022,10,02,00,7.1,30,Good,4.9,UG/M3,1 Hr,Valid
Banja Luka,PM2.5 - Principal,2022-10-02 01:00 AM,2022,10,02,01,5.5,23,Good,4.0,UG/M3,1 Hr,Valid
Banja Luka,PM2.5 - Principal,2022-10-02 02:00 AM,2022,10,02,02,5.9,25,Good,6.3,UG/M3,1 Hr,Valid
Banja Luka,PM2.5 - Principal,2022-10-02 03:00 AM,2022,10,02,03,6.8,28,Good,7.6,UG/M3,1 Hr,Valid
Banja Luka,PM2.5 - Principal,2022-10-02 04:00 AM,2022,10,02,04,8.9,37,Good,11.0,UG/M3,1 Hr,Valid
Banja Luka,PM2.5 - Principal,2022-10-02 05:00 AM,2022,10,02,05,9.0,38,Good,9.1,UG/M3,1 Hr,Valid
Banja Luka,PM2.5 - Principal,2022-10-02 06:00 AM,2022,10,02,06,7.6,32,Good,6.3,UG/M3,1 Hr,Valid
Banja Luka,PM2.5 - Principal,2022-10-02 07:00 AM,2022,10,02,07,6.4,27,Good,5.1,UG/M3,1 Hr,Valid
Banja Luka,PM2.5 - Principal,2022-10-02 08:00 AM,2022,10,02,08,5.8,24,Good,5.2,UG/M3,1 Hr,Valid
Banja Luka,PM2.5 - Principal,2022-10-02 09:00 AM,2022,10,02,09,5.5,23,Good,5.2,UG/M3,1 Hr,Valid
Banja Luka,PM2.5 - Principal,2022-10-02 10:00 AM,2022,10,02,10,5.6,23,Good,5.8,UG/M3,1 Hr,Valid
Banja Luka,PM2.5 - Principal,2022-10-02 11:00 AM,2022,10,02,11,6.2,26,Good,6.7,UG/M3,1 Hr,Valid
Banja Luka,PM2.5 - Principal,2022-10-02 12:00 PM,2022,10,02,12,5.7,24,Good,5.2,UG/M3,1 Hr,Valid
Banja Luka,PM2.5 - Principal,2022-10-02 01:00 PM,2022,10,02,13,5.0,21,Good,4.3,UG/M3,1 Hr,Valid
Banja Luka,PM2.5 - Principal,2022-10-02 02:00 PM,2022,10,02,14,4.7,20,Good,4.3,UG/M3,1 Hr,Valid
Banja Luka,PM2.5 - Principal,2022-10-02 03:00 PM,2022,10,02,15,5.0,21,Good,5.4,UG/M3,1 Hr,Valid
Banja Luka,PM2.5 - Principal,2022-10-02 04:00 PM,2022,10,02,16,4.1,17,Good,3.1,UG/M3,1 Hr,Valid
Banja Luka,PM2.5 - Principal,2022-10-02 05:00 PM,2022,10,02,17,4.2,18,Good,4.3,UG/M3,1 Hr,Valid
Banja Luka,PM2.5 - Principal,2022-10-02 06:00 PM,2022,10,02,18,4.1,17,Good,4.0,UG/M3,1 Hr,Valid
Banja Luka,PM2.5 - Principal,2022-10-02 07:00 PM,2022,10,02,19,4.0,17,Good,4.0,UG/M3,1 Hr,Valid
Banja Luka,PM2.5 - Principal,2022-10-02 08:00 PM,2022,10,02,20,7.8,33,Good,11.6,UG/M3,1 Hr,Valid
Banja Luka,PM2.5 - Principal,2022-10-02 09:00 PM,2022,10,02,21,13.5,54,Moderate,19.1,UG/M3,1 Hr,Valid
Banja Luka,PM2.5 - Principal,2022-10-02 10:00 PM,2022,10,02,22,13.9,55,Moderate,14.4,UG/M3,1 Hr,Valid
Banja Luka,PM2.5 - Principal,2022-10-02 11:00 PM,2022,10,02,23,15.1,57,Moderate,16.2,UG/M3,1 Hr,Valid
Banja Luka,PM2.5 - Principal,2022-10-03 12:00 AM,2022,10,03,00,17.4,62,Moderate,19.8,UG/M3,1 Hr,Valid
Banja Luka,PM2.5 - Principal,2022-10-03 01:00 AM,2022,10,03,01,16.3,60,Moderate,15.2,UG/M3,1 Hr,Valid
Banja Luka,PM2.5 - Principal,2022-10-03 02:00 AM,2022,10,03,02,12.6,52,Moderate,8.9,UG/M3,1 Hr,Valid
Banja Luka,PM2.5 - Principal,2022-10-03 03:00 AM,2022,10,03,03,8.9,37,Good,5.3,UG/M3,1 Hr,Valid
Banja Luka,PM2.5 - Principal,2022-10-03 04:00 AM,2022,10,03,04,7.6,32,Good,6.2,UG/M3,1 Hr,Valid
Banja Luka,PM2.5 - Principal,2022-10-03 05:00 AM,2022,10,03,05,7.4,31,Good,7.2,UG/M3,1 Hr,Valid
Banja Luka,PM2.5 - Principal,2022-10-03 06:00 AM,2022,10,03,06,7.1,30,Good,6.9,UG/M3,1 Hr,Valid
Banja Luka,PM2.5 - Principal,2022-10-03 07:00 AM,2022,10,03,07,7.3,30,Good,7.5,UG/M3,1 Hr,Valid
Banja Luka,PM2.5 - Principal,2022-10-03 08:00 AM,2022,10,03,08,7.1,30,Good,6.9,UG/M3,1 Hr,Valid
Banja Luka,PM2.5 - Principal,2022-10-03 09:00 AM,2022,10,03,09,7.1,30,Good,7.1,UG/M3,1 Hr,Valid
Banja Luka,PM2.5 - Principal,2022-10-03 10:00 AM,2022,10,03,10,7.9,33,Good,8.6,UG/M3,1 Hr,Valid
Banja Luka,PM2.5 - Principal,2022-10-03 11:00 AM,2022,10,03,11,7.0,29,Good,6.1,UG/M3,1 Hr,Valid
Banja Luka,PM2.5 - Principal,2022-10-03 12:00 PM,2022,10,03,12,5.6,23,Good,4.2,UG/M3,1 Hr,Valid
Banja Luka,PM2.5 - Principal,2022-10-03 01:00 PM,2022,10,03,13,4.6,19,Good,3.6,UG/M3,1 Hr,Valid
Banja Luka,PM2.5 - Principal,2022-10-03 02:00 PM,2022,10,03,14,4.3,18,Good,4.1,UG/M3,1 Hr,Valid
Banja Luka,PM2.5 - Principal,2022-10-03 03:00 PM,2022,10,03,15,4.2,18,Good,4.2,UG/M3,1 Hr,Valid
Banja Luka,PM2.5 - Principal,2022-10-03 04:00 PM,2022,10,03,16,4.0,17,Good,3.8,UG/M3,1 Hr,Valid
Banja Luka,PM2.5 - Principal,2022-10-03 05:00 PM,2022,10,03,17,3.8,16,Good,3.5,UG/M3,1 Hr,Valid
Banja Luka,PM2.5 - Principal,2022-10-03 06:00 PM,2022,10,03,18,3.6,15,Good,3.5,UG/M3,1 Hr,Valid
Banja Luka,PM2.5 - Principal,2022-10-03 07:00 PM,2022,10,03,19,4.3,18,Good,5.0,UG/M3,1 Hr,Valid
Banja Luka,PM2.5 - Principal,2022-10-03 08:00 PM,2022,10,03,20,12.5,52,Moderate,20.7,UG/M3,1 Hr,Valid
Banja Luka,PM2.5 - Principal,2022-10-03 09:00 PM,2022,10,03,21,21.3,70,Moderate,30.0,UG/M3,1 Hr,Valid
Banja Luka,PM2.5 - Principal,2022-10-03 10:00 PM,2022,10,03,22,25.0,78,Moderate,28.8,UG/M3,1 Hr,Valid
Banja Luka,PM2.5 - Principal,2022-10-03 11:00 PM,2022,10,03,23,30.0,89,Moderate,35.0,UG/M3,1 Hr,Valid
Banja Luka,PM2.5 - Principal,2022-10-04 12:00 AM,2022,10,04,00,26.4,81,Moderate,22.7,UG/M3,1 Hr,Valid
Banja Luka,PM2.5 - Principal,2022-10-04 01:00 AM,2022,10,04,01,26.2,81,Moderate,26.0,UG/M3,1 Hr,Valid
Banja Luka,PM2.5 - Principal,2022-10-04 02:00 AM,2022,10,04,02,21.9,72,Moderate,17.5,UG/M3,1 Hr,Valid
Banja Luka,PM2.5 - Principal,2022-10-04 03:00 AM,2022,10,04,03,17.0,61,Moderate,12.1,UG/M3,1 Hr,Valid
Banja Luka,PM2.5 - Principal,2022-10-04 04:00 AM,2022,10,04,04,12.9,53,Moderate,8.8,UG/M3,1 Hr,Valid
Banja Luka,PM2.5 - Principal,2022-10-04 05:00 AM,2022,10,04,05,9.9,41,Good,6.9,UG/M3,1 Hr,Valid
Banja Luka,PM2.5 - Principal,2022-10-04 06:00 AM,2022,10,04,06,7.9,33,Good,6.0,UG/M3,1 Hr,Valid
Banja Luka,PM2.5 - Principal,2022-10-04 07:00 AM,2022,10,04,07,6.7,28,Good,5.5,UG/M3,1 Hr,Valid
Banja Luka,PM2.5 - Principal,2022-10-04 08:00 AM,2022,10,04,08,6.6,28,Good,6.5,UG/M3,1 Hr,Valid
Banja Luka,PM2.5 - Principal,2022-10-04 09:00 AM,2022,10,04,09,7.2,30,Good,7.8,UG/M3,1 Hr,Valid
Banja Luka,PM2.5 - Principal,2022-10-04 10:00 AM,2022,10,04,10,7.4,31,Good,7.7,UG/M3,1 Hr,Valid
Banja Luka,PM2.5 - Principal,2022-10-04 11:00 AM,2022,10,04,11,9.4,39,Good,11.4,UG/M3,1 Hr,Valid
Banja Luka,PM2.5 - Principal,2022-10-04 12:00 PM,2022,10,04,12,10.7,45,Good,11.9,UG/M3,1 Hr,Valid
Banja Luka,PM2.5 - Principal,2022-10-04 01:00 PM,2022,10,04,13,9.6,40,Good,8.6,UG/M3,1 Hr,Valid
Banja Luka,PM2.5 - Principal,2022-10-04 02:00 PM,2022,10,04,14,7.1,30,Good,4.6,UG/M3,1 Hr,Valid
Banja Luka,PM2.5 - Principal,2022-10-04 03:00 PM,2022,10,04,15,5.8,24,Good,4.5,UG/M3,1 Hr,Valid
Banja Luka,PM2.5 - Principal,2022-10-04 04:00 PM,2022,10,04,16,5.1,21,Good,4.3,UG/M3,1 Hr,Valid
Banja Luka,PM2.5 - Principal,2022-10-04 05:00 PM,2022,10,04,17,4.7,20,Good,4.2,UG/M3,1 Hr,Valid
Banja Luka,PM2.5 - Principal,2022-10-04 06:00 PM,2022,10,04,18,4.7,20,Good,4.6,UG/M3,1 Hr,Valid
Banja Luka,PM2.5 - Principal,2022-10-04 07:00 PM,2022,10,04,19,5.2,22,Good,5.7,UG/M3,1 Hr,Valid
Banja Luka,PM2.5 - Principal,2022-10-04 08:00 PM,2022,10,04,20,15.1,57,Moderate,25.0,UG/M3,1 Hr,Valid
Banja Luka,PM2.5 - Principal,2022-10-04 09:00 PM,2022,10,04,21,26.0,80,Moderate,36.9,UG/M3,1 Hr,Valid
Banja Luka,PM2.5 - Principal,2022-10-04 10:00 PM,2022,10,04,22,30.4,89,Moderate,34.8,UG/M3,1 Hr,Valid
Banja Luka,PM2.5 - Principal,2022-10-04 11:00 PM,2022,10,04,23,35.6,101,Unhealthy for Sensitive Groups,40.8,UG/M3,1 Hr,Valid
Banja Luka,PM2.5 - Principal,2022-10-05 12:00 AM,2022,10,05,00,33.9,97,Moderate,32.2,UG/M3,1 Hr,Valid
Banja Luka,PM2.5 - Principal,2022-10-05 01:00 AM,2022,10,05,01,21.1,70,Moderate,8.3,UG/M3,1 Hr,Valid
Banja Luka,PM2.5 - Principal,2022-10-05 02:00 AM,2022,10,05,02,14.2,55,Moderate,7.3,UG/M3,1 Hr,Valid
Banja Luka,PM2.5 - Principal,2022-10-05 03:00 AM,2022,10,05,03,10.8,45,Good,7.4,UG/M3,1 Hr,Valid
Banja Luka,PM2.5 - Principal,2022-10-05 04:00 AM,2022,10,05,04,9.6,40,Good,8.4,UG/M3,1 Hr,Valid
Banja Luka,PM2.5 - Principal,2022-10-05 05:00 AM,2022,10,05,05,7.9,33,Good,6.2,UG/M3,1 Hr,Valid
Banja Luka,PM2.5 - Principal,2022-10-05 06:00 AM,2022,10,05,06,7.2,30,Good,6.5,UG/M3,1 Hr,Valid
Banja Luka,PM2.5 - Principal,2022-10-05 07:00 AM,2022,10,05,07,6.9,29,Good,6.5,UG/M3,1 Hr,Valid
Banja Luka,PM2.5 - Principal,2022-10-05 08:00 AM,2022,10,05,08,6.9,29,Good,7.0,UG/M3,1 Hr,Valid
Banja Luka,PM2.5 - Principal,2022-10-05 09:00 AM,2022,10,05,09,8.0,33,Good,9.1,UG/M3,1 Hr,Valid
Banja Luka,PM2.5 - Principal,2022-10-05 10:00 AM,2022,10,05,10,8.2,34,Good,8.5,UG/M3,1 Hr,Valid
Banja Luka,PM2.5 - Principal,2022-10-05 11:00 AM,2022,10,05,11,7.4,31,Good,6.5,UG/M3,1 Hr,Valid
Banja Luka,PM2.5 - Principal,2022-10-05 12:00 PM,2022,10,05,12,7.6,32,Good,7.8,UG/M3,1 Hr,Valid
Banja Luka,PM2.5 - Principal,2022-10-05 01:00 PM,2022,10,05,13,7.3,30,Good,6.7,UG/M3,1 Hr,Valid
Banja Luka,PM2.5 - Principal,2022-10-05 02:00 PM,2022,10,05,14,7.0,29,Good,6.3,UG/M3,1 Hr,Valid
Banja Luka,PM2.5 - Principal,2022-10-05 03:00 PM,2022,10,05,15,6.7,28,Good,6.0,UG/M3,1 Hr,Valid
Banja Luka,PM2.5 - Principal,2022-10-05 04:00 PM,2022,10,05,16,6.0,25,Good,5.3,UG/M3,1 Hr,Valid
Banja Luka,PM2.5 - Principal,2022-10-05 05:00 PM,2022,10,05,17,5.3,22,Good,4.7,UG/M3,1 Hr,Valid
Banja Luka,PM2.5 - Principal,2022-10-05 06:00 PM,2022,10,05,18,5.2,22,Good,5.1,UG/M3,1 Hr,Valid
Banja Luka,PM2.5 - Principal,2022-10-05 07:00 PM,2022,10,05,19,6.3,26,Good,7.4,UG/M3,1 Hr,Valid
Banja Luka,PM2.5 - Principal,2022-10-05 08:00 PM,2022,10,05,20,8.2,34,Good,10.2,UG/M3,1 Hr,Valid
Banja Luka,PM2.5 - Principal,2022-10-05 09:00 PM,2022,10,05,21,22.1,72,Moderate,35.9,UG/M3,1 Hr,Valid
Banja Luka,PM2.5 - Principal,2022-10-05 10:00 PM,2022,10,05,22,30.1,89,Moderate,38.2,UG/M3,1 Hr,Valid
Banja Luka,PM2.5 - Principal,2022-10-05 11:00 PM,2022,10,05,23,39.3,110,Unhealthy for Sensitive Groups,48.4,UG/M3,1 Hr,Valid
Banja Luka,PM2.5 - Principal,2022-10-06 12:00 AM,2022,10,06,00,41.1,115,Unhealthy for Sensitive Groups,42.9,UG/M3,1 Hr,Valid
Banja Luka,PM2.5 - Principal,2022-10-06 01:00 AM,2022,10,06,01,35.3,100,Moderate,29.5,UG/M3,1 Hr,Valid
Banja Luka,PM2.5 - Principal,2022-10-06 02:00 AM,2022,10,06,02,33.0,95,Moderate,30.7,UG/M3,1 Hr,Valid
Banja Luka,PM2.5 - Principal,2022-10-06 03:00 AM,2022,10,06,03,21.5,71,Moderate,10.1,UG/M3,1 Hr,Valid
Banja Luka,PM2.5 - Principal,2022-10-06 04:00 AM,2022,10,06,04,25.1,78,Moderate,28.7,UG/M3,1 Hr,Valid
Banja Luka,PM2.5 - Principal,2022-10-06 05:00 AM,2022,10,06,05,19.6,67,Moderate,14.1,UG/M3,1 Hr,Valid
Banja Luka,PM2.5 - Principal,2022-10-06 06:00 AM,2022,10,06,06,19.7,67,Moderate,19.7,UG/M3,1 Hr,Valid
Banja Luka,PM2.5 - Principal,2022-10-06 07:00 AM,2022,10,06,07,17.8,63,Moderate,16.0,UG/M3,1 Hr,Valid
Banja Luka,PM2.5 - Principal,2022-10-06 08:00 AM,2022,10,06,08,16.2,60,Moderate,14.6,UG/M3,1 Hr,Valid
Banja Luka,PM2.5 - Principal,2022-10-06 09:00 AM,2022,10,06,09,13.0,53,Moderate,9.7,UG/M3,1 Hr,Valid
Banja Luka,PM2.5 - Principal,2022-10-06 10:00 AM,2022,10,06,10,11.9,50,Good,10.8,UG/M3,1 Hr,Valid
Banja Luka,PM2.5 - Principal,2022-10-06 11:00 AM,2022,10,06,11,13.4,54,Moderate,14.9,UG/M3,1 Hr,Valid
Banja Luka,PM2.5 - Principal,2022-10-06 12:00 PM,2022,10,06,12,15.8,59,Moderate,18.2,UG/M3,1 Hr,Valid
Banja Luka,PM2.5 - Principal,2022-10-06 01:00 PM,2022,10,06,13,14.7,56,Moderate,13.6,UG/M3,1 Hr,Valid
Banja Luka,PM2.5 - Principal,2022-10-06 02:00 PM,2022,10,06,14,13.0,53,Moderate,11.3,UG/M3,1 Hr,Valid
Banja Luka,PM2.5 - Principal,2022-10-06 03:00 PM,2022,10,06,15,10.9,45,Good,8.7,UG/M3,1 Hr,Valid
Banja Luka,PM2.5 - Principal,2022-10-06 04:00 PM,2022,10,06,16,10.0,42,Good,9.2,UG/M3,1 Hr,Valid
Banja Luka,PM2.5 - Principal,2022-10-06 05:00 PM,2022,10,06,17,9.8,41,Good,9.5,UG/M3,1 Hr,Valid
Banja Luka,PM2.5 - Principal,2022-10-06 06:00 PM,2022,10,06,18,9.0,38,Good,8.2,UG/M3,1 Hr,Valid
Banja Luka,PM2.5 - Principal,2022-10-06 07:00 PM,2022,10,06,19,9.6,40,Good,10.2,UG/M3,1 Hr,Valid
Banja Luka,PM2.5 - Principal,2022-10-06 08:00 PM,2022,10,06,20,18.0,63,Moderate,26.4,UG/M3,1 Hr,Valid
Banja Luka,PM2.5 - Principal,2022-10-06 09:00 PM,2022,10,06,21,25.4,79,Moderate,32.9,UG/M3,1 Hr,Valid
Banja Luka,PM2.5 - Principal,2022-10-06 10:00 PM,2022,10,06,22,31.3,91,Moderate,37.1,UG/M3,1 Hr,Valid
Banja Luka,PM2.5 - Principal,2022-10-06 11:00 PM,2022,10,06,23,34.8,99,Moderate,38.4,UG/M3,1 Hr,Valid
Banja Luka,PM2.5 - Principal,2022-10-07 12:00 AM,2022,10,07,00,34.9,99,Moderate,35.0,UG/M3,1 Hr,Valid
Banja Luka,PM2.5 - Principal,2022-10-07 01:00 AM,2022,10,07,01,26.3,81,Moderate,17.6,UG/M3,1 Hr,Valid
Banja Luka,PM2.5 - Principal,2022-10-07 02:00 AM,2022,10,07,02,25.3,79,Moderate,24.4,UG/M3,1 Hr,Valid
Banja Luka,PM2.5 - Principal,2022-10-07 03:00 AM,2022,10,07,03,21.0,70,Moderate,16.7,UG/M3,1 Hr,Valid
Banja Luka,PM2.5 - Principal,2022-10-07 04:00 AM,2022,10,07,04,17.9,63,Moderate,14.8,UG/M3,1 Hr,Valid
Banja Luka,PM2.5 - Principal,2022-10-07 05:00 AM,2022,10,07,05,14.5,56,Moderate,11.0,UG/M3,1 Hr,Valid
Banja Luka,PM2.5 - Principal,2022-10-07 06:00 AM,2022,10,07,06,13.1,53,Moderate,11.7,UG/M3,1 Hr,Valid
Banja Luka,PM2.5 - Principal,2022-10-07 07:00 AM,2022,10,07,07,12.7,52,Moderate,12.3,UG/M3,1 Hr,Valid
Banja Luka,PM2.5 - Principal,2022-10-07 08:00 AM,2022,10,07,08,12.4,52,Moderate,12.2,UG/M3,1 Hr,Valid
Banja Luka,PM2.5 - Principal,2022-10-07 09:00 AM,2022,10,07,09,12.7,52,Moderate,12.9,UG/M3,1 Hr,Valid
Banja Luka,PM2.5 - Principal,2022-10-07 10:00 AM,2022,10,07,10,13.4,54,Moderate,14.1,UG/M3,1 Hr,Valid
Banja Luka,PM2.5 - Principal,2022-10-07 11:00 AM,2022,10,07,11,13.3,54,Moderate,13.2,UG/M3,1 Hr,Valid
Banja Luka,PM2.5 - Principal,2022-10-07 12:00 PM,2022,10,07,12,13.3,54,Moderate,13.2,UG/M3,1 Hr,Valid
Banja Luka,PM2.5 - Principal,2022-10-07 01:00 PM,2022,10,07,13,14.2,55,Moderate,15.1,UG/M3,1 Hr,Valid
Banja Luka,PM2.5 - Principal,2022-10-07 02:00 PM,2022,10,07,14,13.9,55,Moderate,14.0,UG/M3,1 Hr,Valid
Banja Luka,PM2.5 - Principal,2022-10-07 03:00 PM,2022,10,07,15,13.7,54,Moderate,13.7,UG/M3,1 Hr,Valid
Banja Luka,PM2.5 - Principal,2022-10-07 04:00 PM,2022,10,07,16,14.0,55,Moderate,14.9,UG/M3,1 Hr,Valid
Banja Luka,PM2.5 - Principal,2022-10-07 05:00 PM,2022,10,07,17,13.6,54,Moderate,12.4,UG/M3,1 Hr,Valid
Banja Luka,PM2.5 - Principal,2022-10-07 06:00 PM,2022,10,07,18,14.1,55,Moderate,15.6,UG/M3,1 Hr,Valid
Banja Luka,PM2.5 - Principal,2022-10-07 07:00 PM,2022,10,07,19,16.6,60,Moderate,20.1,UG/M3,1 Hr,Valid
Banja Luka,PM2.5 - Principal,2022-10-07 08:00 PM,2022,10,07,20,21.4,71,Moderate,25.4,UG/M3,1 Hr,Valid
Banja Luka,PM2.5 - Principal,2022-10-07 09:00 PM,2022,10,07,21,23.5,75,Moderate,25.6,UG/M3,1 Hr,Valid
Banja Luka,PM2.5 - Principal,2022-10-07 10:00 PM,2022,10,07,22,37.3,105,Unhealthy for Sensitive Groups,51.1,UG/M3,1 Hr,Valid
Banja Luka,PM2.5 - Principal,2022-10-07 11:00 PM,2022,10,07,23,42.5,118,Unhealthy for Sensitive Groups,47.7,UG/M3,1 Hr,Valid
Banja Luka,PM2.5 - Principal,2022-10-08 12:00 AM,2022,10,08,00,46.8,129,Unhealthy for Sensitive Groups,51.1,UG/M3,1 Hr,Valid
Banja Luka,PM2.5 - Principal,2022-10-08 01:00 AM,2022,10,08,01,47.2,130,Unhealthy for Sensitive Groups,47.7,UG/M3,1 Hr,Valid
Banja Luka,PM2.5 - Principal,2022-10-08 02:00 AM,2022,10,08,02,45.4,125,Unhealthy for Sensitive Groups,43.6,UG/M3,1 Hr,Valid
Banja Luka,PM2.5 - Principal,2022-10-08 03:00 AM,2022,10,08,03,43.2,120,Unhealthy for Sensitive Groups,41.0,UG/M3,1 Hr,Valid
Banja Luka,PM2.5 - Principal,2022-10-08 04:00 AM,2022,10,08,04,43.1,120,Unhealthy for Sensitive Groups,42.9,UG/M3,1 Hr,Valid
Banja Luka,PM2.5 - Principal,2022-10-08 05:00 AM,2022,10,08,05,38.7,109,Unhealthy for Sensitive Groups,34.4,UG/M3,1 Hr,Valid
Banja Luka,PM2.5 - Principal,2022-10-08 06:00 AM,2022,10,08,06,37.1,105,Unhealthy for Sensitive Groups,35.4,UG/M3,1 Hr,Valid
Banja Luka,PM2.5 - Principal,2022-10-08 07:00 AM,2022,10,08,07,32.7,94,Moderate,28.3,UG/M3,1 Hr,Valid
Banja Luka,PM2.5 - Principal,2022-10-08 08:00 AM,2022,10,08,08,29.8,88,Moderate,26.8,UG/M3,1 Hr,Valid
Banja Luka,PM2.5 - Principal,2022-10-08 09:00 AM,2022,10,08,09,31.7,92,Moderate,33.5,UG/M3,1 Hr,Valid
Banja Luka,PM2.5 - Principal,2022-10-08 10:00 AM,2022,10,08,10,30.4,89,Moderate,29.0,UG/M3,1 Hr,Valid
Banja Luka,PM2.5 - Principal,2022-10-08 11:00 AM,2022,10,08,11,27.3,83,Moderate,24.3,UG/M3,1 Hr,Valid
Banja Luka,PM2.5 - Principal,2022-10-08 12:00 PM,2022,10,08,12,27.1,83,Moderate,26.8,UG/M3,1 Hr,Valid
Banja Luka,PM2.5 - Principal,2022-10-08 01:00 PM,2022,10,08,13,25.6,79,Moderate,23.6,UG/M3,1 Hr,Valid
Banja Luka,PM2.5 - Principal,2022-10-08 02:00 PM,2022,10,08,14,23.0,74,Moderate,20.8,UG/M3,1 Hr,Valid
Banja Luka,PM2.5 - Principal,2022-10-08 03:00 PM,2022,10,08,15,23.9,76,Moderate,24.7,UG/M3,1 Hr,Valid
Banja Luka,PM2.5 - Principal,2022-10-08 04:00 PM,2022,10,08,16,24.8,78,Moderate,25.7,UG/M3,1 Hr,Valid
Banja Luka,PM2.5 - Principal,2022-10-08 05:00 PM,2022,10,08,17,24.0,76,Moderate,22.9,UG/M3,1 Hr,Valid
Banja Luka,PM2.5 - Principal,2022-10-08 06:00 PM,2022,10,08,18,25.7,80,Moderate,28.3,UG/M3,1 Hr,Valid
Banja Luka,PM2.5 - Principal,2022-10-08 07:00 PM,2022,10,08,19,30.3,89,Moderate,36.3,UG/M3,1 Hr,Valid
Banja Luka,PM2.5 - Principal,2022-10-08 08:00 PM,2022,10,08,20,41.0,115,Unhealthy for Sensitive Groups,50.8,UG/M3,1 Hr,Valid
Banja Luka,PM2.5 - Principal,2022-10-08 09:00 PM,2022,10,08,21,50.1,137,Unhealthy for Sensitive Groups,59.2,UG/M3,1 Hr,Valid
Banja Luka,PM2.5 - Principal,2022-10-08 10:00 PM,2022,10,08,22,59.5,153,Unhealthy,68.8,UG/M3,1 Hr,Valid
Banja Luka,PM2.5 - Principal,2022-10-08 11:00 PM,2022,10,08,23,63.1,155,Unhealthy,66.6,UG/M3,1 Hr,Valid
Banja Luka,PM2.5 - Principal,2022-10-09 12:00 AM,2022,10,09,00,61.3,154,Unhealthy,59.6,UG/M3,1 Hr,Valid
Banja Luka,PM2.5 - Principal,2022-10-09 01:00 AM,2022,10,09,01,52.9,144,Unhealthy for Sensitive Groups,44.5,UG/M3,1 Hr,Valid
Banja Luka,PM2.5 - Principal,2022-10-09 02:00 AM,2022,10,09,02,45.5,126,Unhealthy for Sensitive Groups,38.1,UG/M3,1 Hr,Valid
Banja Luka,PM2.5 - Principal,2022-10-09 03:00 AM,2022,10,09,03,39.6,111,Unhealthy for Sensitive Groups,33.7,UG/M3,1 Hr,Valid
Banja Luka,PM2.5 - Principal,2022-10-09 04:00 AM,2022,10,09,04,33.3,96,Moderate,27.1,UG/M3,1 Hr,Valid
Banja Luka,PM2.5 - Principal,2022-10-09 05:00 AM,2022,10,09,05,30.0,89,Moderate,26.6,UG/M3,1 Hr,Valid
Banja Luka,PM2.5 - Principal,2022-10-09 06:00 AM,2022,10,09,06,26.7,82,Moderate,23.5,UG/M3,1 Hr,Valid
Banja Luka,PM2.5 - Principal,2022-10-09 07:00 AM,2022,10,09,07,25.4,79,Moderate,24.1,UG/M3,1 Hr,Valid
Banja Luka,PM2.5 - Principal,2022-10-09 08:00 AM,2022,10,09,08,24.9,78,Moderate,24.5,UG/M3,1 Hr,Valid
Banja Luka,PM2.5 - Principal,2022-10-09 09:00 AM,2022,10,09,09,27.1,83,Moderate,29.3,UG/M3,1 Hr,Valid
Banja Luka,PM2.5 - Principal,2022-10-09 10:00 AM,2022,10,09,10,30.7,90,Moderate,34.4,UG/M3,1 Hr,Valid
Banja Luka,PM2.5 - Principal,2022-10-09 11:00 AM,2022,10,09,11,30.4,89,Moderate,30.1,UG/M3,1 Hr,Valid
Banja Luka,PM2.5 - Principal,2022-10-09 12:00 PM,2022,10,09,12,32.0,93,Moderate,33.8,UG/M3,1 Hr,Valid
Banja Luka,PM2.5 - Principal,2022-10-09 01:00 PM,2022,10,09,13,31.1,91,Moderate,30.5,UG/M3,1 Hr,Valid
Banja Luka,PM2.5 - Principal,2022-10-09 02:00 PM,2022,10,09,14,30.3,89,Moderate,29.3,UG/M3,1 Hr,Valid
Banja Luka,PM2.5 - Principal,2022-10-09 03:00 PM,2022,10,09,15,30.2,89,Moderate,30.2,UG/M3,1 Hr,Valid
Banja Luka,PM2.5 - Principal,2022-10-09 04:00 PM,2022,10,09,16,30.1,89,Moderate,29.8,UG/M3,1 Hr,Valid
Banja Luka,PM2.5 - Principal,2022-10-09 05:00 PM,2022,10,09,17,28.4,85,Moderate,24.7,UG/M3,1 Hr,Valid
Banja Luka,PM2.5 - Principal,2022-10-09 06:00 PM,2022,10,09,18,26.9,82,Moderate,23.5,UG/M3,1 Hr,Valid
Banja Luka,PM2.5 - Principal,2022-10-09 07:00 PM,2022,10,09,19,26.3,81,Moderate,25.0,UG/M3,1 Hr,Valid
Banja Luka,PM2.5 - Principal,2022-10-09 08:00 PM,2022,10,09,20,26.0,80,Moderate,25.6,UG/M3,1 Hr,Valid
Banja Luka,PM2.5 - Principal,2022-10-09 09:00 PM,2022,10,09,21,38.7,109,Unhealthy for Sensitive Groups,52.0,UG/M3,1 Hr,Valid
Banja Luka,PM2.5 - Principal,2022-10-09 10:00 PM,2022,10,09,22,50.6,138,Unhealthy for Sensitive Groups,62.5,UG/M3,1 Hr,Valid
Banja Luka,PM2.5 - Principal,2022-10-09 11:00 PM,2022,10,09,23,55.2,150,Unhealthy for Sensitive Groups,59.9,UG/M3,1 Hr,Valid
Banja Luka,PM2.5 - Principal,2022-10-10 12:00 AM,2022,10,10,00,60.4,154,Unhealthy,65.6,UG/M3,1 Hr,Valid
Banja Luka,PM2.5 - Principal,2022-10-10 01:00 AM,2022,10,10,01,59.9,153,Unhealthy,59.5,UG/M3,1 Hr,Valid
Banja Luka,PM2.5 - Principal,2022-10-10 02:00 AM,2022,10,10,02,54.2,147,Unhealthy for Sensitive Groups,48.4,UG/M3,1 Hr,Valid
Banja Luka,PM2.5 - Principal,2022-10-10 03:00 AM,2022,10,10,03,47.1,130,Unhealthy for Sensitive Groups,40.0,UG/M3,1 Hr,Valid
Banja Luka,PM2.5 - Principal,2022-10-10 04:00 AM,2022,10,10,04,45.1,125,Unhealthy for Sensitive Groups,43.2,UG/M3,1 Hr,Valid
Banja Luka,PM2.5 - Principal,2022-10-10 05:00 AM,2022,10,10,05,41.7,116,Unhealthy for Sensitive Groups,38.2,UG/M3,1 Hr,Valid
Banja Luka,PM2.5 - Principal,2022-10-10 06:00 AM,2022,10,10,06,41.4,116,Unhealthy for Sensitive Groups,41.0,UG/M3,1 Hr,Valid
Banja Luka,PM2.5 - Principal,2022-10-10 07:00 AM,2022,10,10,07,38.5,108,Unhealthy for Sensitive Groups,35.6,UG/M3,1 Hr,Valid
Banja Luka,PM2.5 - Principal,2022-10-10 08:00 AM,2022,10,10,08,37.2,105,Unhealthy for Sensitive Groups,35.3,UG/M3,1 Hr,Valid
Banja Luka,PM2.5 - Principal,2022-10-10 09:00 AM,2022,10,10,09,38.0,107,Unhealthy for Sensitive Groups,38.9,UG/M3,1 Hr,Valid
Banja Luka,PM2.5 - Principal,2022-10-10 10:00 AM,2022,10,10,10,41.3,115,Unhealthy for Sensitive Groups,45.2,UG/M3,1 Hr,Valid
Banja Luka,PM2.5 - Principal,2022-10-10 11:00 AM,2022,10,10,11,35.7,101,Unhealthy for Sensitive Groups,29.9,UG/M3,1 Hr,Valid
Banja Luka,PM2.5 - Principal,2022-10-10 12:00 PM,2022,10,10,12,32.7,94,Moderate,29.8,UG/M3,1 Hr,Valid
Banja Luka,PM2.5 - Principal,2022-10-10 01:00 PM,2022,10,10,13,33.6,96,Moderate,33.1,UG/M3,1 Hr,Valid
Banja Luka,PM2.5 - Principal,2022-10-10 02:00 PM,2022,10,10,14,34.2,97,Moderate,34.7,UG/M3,1 Hr,Valid
Banja Luka,PM2.5 - Principal,2022-10-10 03:00 PM,2022,10,10,15,34.5,98,Moderate,35.2,UG/M3,1 Hr,Valid
Banja Luka,PM2.5 - Principal,2022-10-10 04:00 PM,2022,10,10,16,35.1,99,Moderate,36.2,UG/M3,1 Hr,Valid
Banja Luka,PM2.5 - Principal,2022-10-10 05:00 PM,2022,10,10,17,36.2,103,Unhealthy for Sensitive Groups,38.3,UG/M3,1 Hr,Valid
Banja Luka,PM2.5 - Principal,2022-10-10 06:00 PM,2022,10,10,18,37.3,105,Unhealthy for Sensitive Groups,39.5,UG/M3,1 Hr,Valid
Banja Luka,PM2.5 - Principal,2022-10-10 07:00 PM,2022,10,10,19,38.8,109,Unhealthy for Sensitive Groups,41.5,UG/M3,1 Hr,Valid
Banja Luka,PM2.5 - Principal,2022-10-10 08:00 PM,2022,10,10,20,40.9,114,Unhealthy for Sensitive Groups,45.0,UG/M3,1 Hr,Valid
Banja Luka,PM2.5 - Principal,2022-10-10 09:00 PM,2022,10,10,21,42.3,118,Unhealthy for Sensitive Groups,45.0,UG/M3,1 Hr,Valid
Banja Luka,PM2.5 - Principal,2022-10-10 10:00 PM,2022,10,10,22,54.9,149,Unhealthy for Sensitive Groups,66.1,UG/M3,1 Hr,Valid
Banja Luka,PM2.5 - Principal,2022-10-10 11:00 PM,2022,10,10,23,60.5,154,Unhealthy,66.1,UG/M3,1 Hr,Valid
Banja Luka,PM2.5 - Principal,2022-10-11 12:00 AM,2022,10,11,00,70.9,159,Unhealthy,81.4,UG/M3,1 Hr,Valid
Banja Luka,PM2.5 - Principal,2022-10-11 01:00 AM,2022,10,11,01,68.9,158,Unhealthy,66.8,UG/M3,1 Hr,Valid
Banja Luka,PM2.5 - Principal,2022-10-11 02:00 AM,2022,10,11,02,69.1,158,Unhealthy,69.4,UG/M3,1 Hr,Valid
Banja Luka,PM2.5 - Principal,2022-10-11 03:00 AM,2022,10,11,03,65.9,156,Unhealthy,62.6,UG/M3,1 Hr,Valid
Banja Luka,PM2.5 - Principal,2022-10-11 04:00 AM,2022,10,11,04,64.5,156,Unhealthy,63.1,UG/M3,1 Hr,Valid
Banja Luka,PM2.5 - Principal,2022-10-11 05:00 AM,2022,10,11,05,64.1,155,Unhealthy,63.7,UG/M3,1 Hr,Valid
Banja Luka,PM2.5 - Principal,2022-10-11 06:00 AM,2022,10,11,06,61.8,154,Unhealthy,59.4,UG/M3,1 Hr,Valid
Banja Luka,PM2.5 - Principal,2022-10-11 07:00 AM,2022,10,11,07,64.0,155,Unhealthy,66.4,UG/M3,1 Hr,Valid
Banja Luka,PM2.5 - Principal,2022-10-11 08:00 AM,2022,10,11,08,58.7,153,Unhealthy,52.0,UG/M3,1 Hr,Valid
Banja Luka,PM2.5 - Principal,2022-10-11 09:00 AM,2022,10,11,09,61.0,154,Unhealthy,63.3,UG/M3,1 Hr,Valid
Banja Luka,PM2.5 - Principal,2022-10-11 10:00 AM,2022,10,11,10,48.8,134,Unhealthy for Sensitive Groups,37.0,UG/M3,1 Hr,Valid
Banja Luka,PM2.5 - Principal,2022-10-11 11:00 AM,2022,10,11,11,42.9,119,Unhealthy for Sensitive Groups,37.0,UG/M3,1 Hr,Valid
Banja Luka,PM2.5 - Principal,2022-10-11 12:00 PM,2022,10,11,12,41.3,115,Unhealthy for Sensitive Groups,38.6,UG/M3,1 Hr,Valid
Banja Luka,PM2.5 - Principal,2022-10-11 01:00 PM,2022,10,11,13,39.0,110,Unhealthy for Sensitive Groups,36.5,UG/M3,1 Hr,Valid
Banja Luka,PM2.5 - Principal,2022-10-11 02:00 PM,2022,10,11,14,36.0,102,Unhealthy for Sensitive Groups,33.4,UG/M3,1 Hr,Valid
Banja Luka,PM2.5 - Principal,2022-10-11 03:00 PM,2022,10,11,15,34.7,99,Moderate,33.3,UG/M3,1 Hr,Valid
Banja Luka,PM2.5 - Principal,2022-10-11 04:00 PM,2022,10,11,16,34.0,97,Moderate,33.3,UG/M3,1 Hr,Valid
Banja Luka,PM2.5 - Principal,2022-10-11 05:00 PM,2022,10,11,17,34.1,97,Moderate,34.3,UG/M3,1 Hr,Valid
Banja Luka,PM2.5 - Principal,2022-10-11 06:00 PM,2022,10,11,18,50.5,138,Unhealthy for Sensitive Groups,66.8,UG/M3,1 Hr,Valid
Banja Luka,PM2.5 - Principal,2022-10-11 07:00 PM,2022,10,11,19,43.7,121,Unhealthy for Sensitive Groups,36.9,UG/M3,1 Hr,Valid
Banja Luka,PM2.5 - Principal,2022-10-11 08:00 PM,2022,10,11,20,44.8,124,Unhealthy for Sensitive Groups,45.8,UG/M3,1 Hr,Valid
Banja Luka,PM2.5 - Principal,2022-10-11 09:00 PM,2022,10,11,21,43.7,121,Unhealthy for Sensitive Groups,42.7,UG/M3,1 Hr,Valid
Banja Luka,PM2.5 - Principal,2022-10-11 10:00 PM,2022,10,11,22,45.7,126,Unhealthy for Sensitive Groups,47.7,UG/M3,1 Hr,Valid
Banja Luka,PM2.5 - Principal,2022-10-11 11:00 PM,2022,10,11,23,44.7,124,Unhealthy for Sensitive Groups,43.6,UG/M3,1 Hr,Valid
Banja Luka,PM2.5 - Principal,2022-10-12 12:00 AM,2022,10,12,00,46.4,128,Unhealthy for Sensitive Groups,48.1,UG/M3,1 Hr,Valid
Banja Luka,PM2.5 - Principal,2022-10-12 01:00 AM,2022,10,12,01,40.6,114,Unhealthy for Sensitive Groups,34.8,UG/M3,1 Hr,Valid
Banja Luka,PM2.5 - Principal,2022-10-12 02:00 AM,2022,10,12,02,36.4,103,Unhealthy for Sensitive Groups,32.2,UG/M3,1 Hr,Valid
Banja Luka,PM2.5 - Principal,2022-10-12 03:00 AM,2022,10,12,03,33.2,95,Moderate,30.0,UG/M3,1 Hr,Valid
Banja Luka,PM2.5 - Principal,2022-10-12 04:00 AM,2022,10,12,04,33.7,96,Moderate,34.2,UG/M3,1 Hr,Valid
Banja Luka,PM2.5 - Principal,2022-10-12 05:00 AM,2022,10,12,05,31.5,92,Moderate,29.3,UG/M3,1 Hr,Valid
Banja Luka,PM2.5 - Principal,2022-10-12 06:00 AM,2022,10,12,06,32.6,94,Moderate,32.8,UG/M3,1 Hr,Valid
Banja Luka,PM2.5 - Principal,2022-10-12 07:00 AM,2022,10,12,07,31.2,91,Moderate,29.1,UG/M3,1 Hr,Valid
Banja Luka,PM2.5 - Principal,2022-10-12 08:00 AM,2022,10,12,08,29.9,88,Moderate,28.2,UG/M3,1 Hr,Valid
Banja Luka,PM2.5 - Principal,2022-10-12 09:00 AM,2022,10,12,09,32.0,93,Moderate,35.1,UG/M3,1 Hr,Valid
Banja Luka,PM2.5 - Principal,2022-10-12 10:00 AM,2022,10,12,10,33.3,96,Moderate,35.1,UG/M3,1 Hr,Valid
Banja Luka,PM2.5 - Principal,2022-10-12 11:00 AM,2022,10,12,11,35.7,101,Unhealthy for Sensitive Groups,39.3,UG/M3,1 Hr,Valid
Banja Luka,PM2.5 - Principal,2022-10-12 12:00 PM,2022,10,12,12,34.8,99,Moderate,35.5,UG/M3,1 Hr,Valid
Banja Luka,PM2.5 - Principal,2022-10-12 01:00 PM,2022,10,12,13,34.9,99,Moderate,35.2,UG/M3,1 Hr,Valid
Banja Luka,PM2.5 - Principal,2022-10-12 02:00 PM,2022,10,12,14,34.0,97,Moderate,31.6,UG/M3,1 Hr,Valid
Banja Luka,PM2.5 - Principal,2022-10-12 03:00 PM,2022,10,12,15,32.6,94,Moderate,29.0,UG/M3,1 Hr,Valid
Banja Luka,PM2.5 - Principal,2022-10-12 04:00 PM,2022,10,12,16,30.9,91,Moderate,27.4,UG/M3,1 Hr,Valid
Banja Luka,PM2.5 - Principal,2022-10-12 05:00 PM,2022,10,12,17,31.0,91,Moderate,31.0,UG/M3,1 Hr,Valid
Banja Luka,PM2.5 - Principal,2022-10-12 06:00 PM,2022,10,12,18,31.5,92,Moderate,32.8,UG/M3,1 Hr,Valid
Banja Luka,PM2.5 - Principal,2022-10-12 07:00 PM,2022,10,12,19,32.9,95,Moderate,36.0,UG/M3,1 Hr,Valid
Banja Luka,PM2.5 - Principal,2022-10-12 08:00 PM,2022,10,12,20,33.6,96,Moderate,35.2,UG/M3,1 Hr,Valid
Banja Luka,PM2.5 - Principal,2022-10-12 09:00 PM,2022,10,12,21,53.4,145,Unhealthy for Sensitive Groups,72.3,UG/M3,1 Hr,Valid
Banja Luka,PM2.5 - Principal,2022-10-12 10:00 PM,2022,10,12,22,65.7,156,Unhealthy,77.9,UG/M3,1 Hr,Valid
Banja Luka,PM2.5 - Principal,2022-10-12 11:00 PM,2022,10,12,23,66.0,156,Unhealthy,66.3,UG/M3,1 Hr,Valid
Banja Luka,PM2.5 - Principal,2022-10-13 12:00 AM,2022,10,13,00,63.2,155,Unhealthy,60.4,UG/M3,1 Hr,Valid
Banja Luka,PM2.5 - Principal,2022-10-13 01:00 AM,2022,10,13,01,59.2,153,Unhealthy,55.3,UG/M3,1 Hr,Valid
Banja Luka,PM2.5 - Principal,2022-10-13 02:00 AM,2022,10,13,02,57.7,152,Unhealthy,56.1,UG/M3,1 Hr,Valid
Banja Luka,PM2.5 - Principal,2022-10-13 03:00 AM,2022,10,13,03,52.6,143,Unhealthy for Sensitive Groups,47.5,UG/M3,1 Hr,Valid
Banja Luka,PM2.5 - Principal,2022-10-13 04:00 AM,2022,10,13,04,48.4,133,Unhealthy for Sensitive Groups,44.2,UG/M3,1 Hr,Valid
Banja Luka,PM2.5 - Principal,2022-10-13 05:00 AM,2022,10,13,05,41.6,116,Unhealthy for Sensitive Groups,34.9,UG/M3,1 Hr,Valid
Banja Luka,PM2.5 - Principal,2022-10-13 06:00 AM,2022,10,13,06,38.8,109,Unhealthy for Sensitive Groups,35.9,UG/M3,1 Hr,Valid
Banja Luka,PM2.5 - Principal,2022-10-13 07:00 AM,2022,10,13,07,33.4,96,Moderate,28.0,UG/M3,1 Hr,Valid
Banja Luka,PM2.5 - Principal,2022-10-13 08:00 AM,2022,10,13,08,31.3,91,Moderate,29.3,UG/M3,1 Hr,Valid
Banja Luka,PM2.5 - Principal,2022-10-13 09:00 AM,2022,10,13,09,31.2,91,Moderate,31.0,UG/M3,1 Hr,Valid
Banja Luka,PM2.5 - Principal,2022-10-13 10:00 AM,2022,10,13,10,31.7,92,Moderate,32.2,UG/M3,1 Hr,Valid
Banja Luka,PM2.5 - Principal,2022-10-13 11:00 AM,2022,10,13,11,31.6,92,Moderate,31.5,UG/M3,1 Hr,Valid
Banja Luka,PM2.5 - Principal,2022-10-13 12:00 PM,2022,10,13,12,32.0,93,Moderate,32.5,UG/M3,1 Hr,Valid
Banja Luka,PM2.5 - Principal,2022-10-13 01:00 PM,2022,10,13,13,32.2,93,Moderate,32.5,UG/M3,1 Hr,Valid
Banja Luka,PM2.5 - Principal,2022-10-13 02:00 PM,2022,10,13,14,34.8,99,Moderate,38.6,UG/M3,1 Hr,Valid
Banja Luka,PM2.5 - Principal,2022-10-13 03:00 PM,2022,10,13,15,37.0,105,Unhealthy for Sensitive Groups,41.2,UG/M3,1 Hr,Valid
Banja Luka,PM2.5 - Principal,2022-10-13 04:00 PM,2022,10,13,16,40.7,114,Unhealthy for Sensitive Groups,46.1,UG/M3,1 Hr,Valid
Banja Luka,PM2.5 - Principal,2022-10-13 05:00 PM,2022,10,13,17,43.2,120,Unhealthy for Sensitive Groups,46.7,UG/M3,1 Hr,Valid
Banja Luka,PM2.5 - Principal,2022-10-13 06:00 PM,2022,10,13,18,43.9,122,Unhealthy for Sensitive Groups,45.0,UG/M3,1 Hr,Valid
Banja Luka,PM2.5 - Principal,2022-10-13 07:00 PM,2022,10,13,19,45.2,125,Unhealthy for Sensitive Groups,47.5,UG/M3,1 Hr,Valid
Banja Luka,PM2.5 - Principal,2022-10-13 08:00 PM,2022,10,13,20,44.6,123,Unhealthy for Sensitive Groups,44.1,UG/M3,1 Hr,Valid
Banja Luka,PM2.5 - Principal,2022-10-13 09:00 PM,2022,10,13,21,45.5,126,Unhealthy for Sensitive Groups,47.4,UG/M3,1 Hr,Valid
Banja Luka,PM2.5 - Principal,2022-10-13 10:00 PM,2022,10,13,22,46.7,129,Unhealthy for Sensitive Groups,48.7,UG/M3,1 Hr,Valid
Banja Luka,PM2.5 - Principal,2022-10-13 11:00 PM,2022,10,13,23,64.2,155,Unhealthy,81.0,UG/M3,1 Hr,Valid
Banja Luka,PM2.5 - Principal,2022-10-14 12:00 AM,2022,10,14,00,72.0,160,Unhealthy,79.8,UG/M3,1 Hr,Valid
Banja Luka,PM2.5 - Principal,2022-10-14 01:00 AM,2022,10,14,01,71.1,159,Unhealthy,70.2,UG/M3,1 Hr,Valid
Banja Luka,PM2.5 - Principal,2022-10-14 02:00 AM,2022,10,14,02,66.8,157,Unhealthy,62.4,UG/M3,1 Hr,Valid
Banja Luka,PM2.5 - Principal,2022-10-14 03:00 AM,2022,10,14,03,58.3,152,Unhealthy,48.2,UG/M3,1 Hr,Valid
Banja Luka,PM2.5 - Principal,2022-10-14 04:00 AM,2022,10,14,04,55.3,150,Unhealthy for Sensitive Groups,51.6,UG/M3,1 Hr,Valid
Banja Luka,PM2.5 - Principal,2022-10-14 05:00 AM,2022,10,14,05,55.7,151,Unhealthy,56.1,UG/M3,1 Hr,Valid
Banja Luka,PM2.5 - Principal,2022-10-14 06:00 AM,2022,10,14,06,57.2,152,Unhealthy,59.1,UG/M3,1 Hr,Valid
Banja Luka,PM2.5 - Principal,2022-10-14 07:00 AM,2022,10,14,07,57.9,152,Unhealthy,58.6,UG/M3,1 Hr,Valid
Banja Luka,PM2.5 - Principal,2022-10-14 08:00 AM,2022,10,14,08,55.7,151,Unhealthy,52.6,UG/M3,1 Hr,Valid
Banja Luka,PM2.5 - Principal,2022-10-14 09:00 AM,2022,10,14,09,53.9,146,Unhealthy for Sensitive Groups,51.1,UG/M3,1 Hr,Valid
Banja Luka,PM2.5 - Principal,2022-10-14 10:00 AM,2022,10,14,10,52.7,143,Unhealthy for Sensitive Groups,51.1,UG/M3,1 Hr,Valid
Banja Luka,PM2.5 - Principal,2022-10-14 11:00 AM,2022,10,14,11,46.3,128,Unhealthy for Sensitive Groups,40.3,UG/M3,1 Hr,Valid
Banja Luka,PM2.5 - Principal,2022-10-14 12:00 PM,2022,10,14,12,44.1,122,Unhealthy for Sensitive Groups,39.9,UG/M3,1 Hr,Valid
Banja Luka,PM2.5 - Principal,2022-10-14 01:00 PM,2022,10,14,13,40.1,112,Unhealthy for Sensitive Groups,35.1,UG/M3,1 Hr,Valid
Banja Luka,PM2.5 - Principal,2022-10-14 02:00 PM,2022,10,14,14,40.0,112,Unhealthy for Sensitive Groups,38.9,UG/M3,1 Hr,Valid
Banja Luka,PM2.5 - Principal,2022-10-14 03:00 PM,2022,10,14,15,38.9,109,Unhealthy for Sensitive Groups,37.3,UG/M3,1 Hr,Valid
Banja Luka,PM2.5 - Principal,2022-10-14 04:00 PM,2022,10,14,16,36.9,104,Unhealthy for Sensitive Groups,34.4,UG/M3,1 Hr,Valid
Banja Luka,PM2.5 - Principal,2022-10-14 05:00 PM,2022,10,14,17,34.9,99,Moderate,32.7,UG/M3,1 Hr,Valid
Banja Luka,PM2.5 - Principal,2022-10-14 06:00 PM,2022,10,14,18,29.1,87,Moderate,23.8,UG/M3,1 Hr,Valid
Banja Luka,PM2.5 - Principal,2022-10-14 07:00 PM,2022,10,14,19,25.9,80,Moderate,22.6,UG/M3,1 Hr,Valid
Banja Luka,PM2.5 - Principal,2022-10-14 08:00 PM,2022,10,14,20,27.3,83,Moderate,28.8,UG/M3,1 Hr,Valid
Banja Luka,PM2.5 - Principal,2022-10-14 09:00 PM,2022,10,14,21,28.0,84,Moderate,28.8,UG/M3,1 Hr,Valid
Banja Luka,PM2.5 - Principal,2022-10-14 10:00 PM,2022,10,14,22,50.8,139,Unhealthy for Sensitive Groups,73.6,UG/M3,1 Hr,Valid
Banja Luka,PM2.5 - Principal,2022-10-14 11:00 PM,2022,10,14,23,56.7,152,Unhealthy,62.6,UG/M3,1 Hr,Valid
Banja Luka,PM2.5 - Principal,2022-10-15 12:00 AM,2022,10,15,00,53.9,146,Unhealthy for Sensitive Groups,51.1,UG/M3,1 Hr,Valid
Banja Luka,PM2.5 - Principal,2022-10-15 01:00 AM,2022,10,15,01,53.6,146,Unhealthy for Sensitive Groups,53.3,UG/M3,1 Hr,Valid
Banja Luka,PM2.5 - Principal,2022-10-15 02:00 AM,2022,10,15,02,53.5,145,Unhealthy for Sensitive Groups,53.3,UG/M3,1 Hr,Valid
Banja Luka,PM2.5 - Principal,2022-10-15 03:00 AM,2022,10,15,03,48.8,134,Unhealthy for Sensitive Groups,44.1,UG/M3,1 Hr,Valid
Banja Luka,PM2.5 - Principal,2022-10-15 04:00 AM,2022,10,15,04,45.5,126,Unhealthy for Sensitive Groups,42.2,UG/M3,1 Hr,Valid
Banja Luka,PM2.5 - Principal,2022-10-15 05:00 AM,2022,10,15,05,39.6,111,Unhealthy for Sensitive Groups,33.6,UG/M3,1 Hr,Valid
Banja Luka,PM2.5 - Principal,2022-10-15 06:00 AM,2022,10,15,06,36.6,104,Unhealthy for Sensitive Groups,33.6,UG/M3,1 Hr,Valid
Banja Luka,PM2.5 - Principal,2022-10-15 07:00 AM,2022,10,15,07,33.0,95,Moderate,29.5,UG/M3,1 Hr,Valid
Banja Luka,PM2.5 - Principal,2022-10-15 08:00 AM,2022,10,15,08,31.1,91,Moderate,29.1,UG/M3,1 Hr,Valid
Banja Luka,PM2.5 - Principal,2022-10-15 09:00 AM,2022,10,15,09,31.1,91,Moderate,31.1,UG/M3,1 Hr,Valid
Banja Luka,PM2.5 - Principal,2022-10-15 10:00 AM,2022,10,15,10,40.7,114,Unhealthy for Sensitive Groups,50.2,UG/M3,1 Hr,Valid
Banja Luka,PM2.5 - Principal,2022-10-15 11:00 AM,2022,10,15,11,42.1,117,Unhealthy for Sensitive Groups,44.7,UG/M3,1 Hr,Valid
Banja Luka,PM2.5 - Principal,2022-10-15 12:00 PM,2022,10,15,12,40.8,114,Unhealthy for Sensitive Groups,39.3,UG/M3,1 Hr,Valid
Banja Luka,PM2.5 - Principal,2022-10-15 01:00 PM,2022,10,15,13,37.8,107,Unhealthy for Sensitive Groups,34.2,UG/M3,1 Hr,Valid
Banja Luka,PM2.5 - Principal,2022-10-15 02:00 PM,2022,10,15,14,32.4,94,Moderate,26.4,UG/M3,1 Hr,Valid
Banja Luka,PM2.5 - Principal,2022-10-15 03:00 PM,2022,10,15,15,30.6,90,Moderate,28.7,UG/M3,1 Hr,Valid
Banja Luka,PM2.5 - Principal,2022-10-15 04:00 PM,2022,10,15,16,29.6,88,Moderate,28.4,UG/M3,1 Hr,Valid
Banja Luka,PM2.5 - Principal,2022-10-15 05:00 PM,2022,10,15,17,37.1,105,Unhealthy for Sensitive Groups,45.4,UG/M3,1 Hr,Valid
Banja Luka,PM2.5 - Principal,2022-10-15 06:00 PM,2022,10,15,18,38.9,109,Unhealthy for Sensitive Groups,41.0,UG/M3,1 Hr,Valid
Banja Luka,PM2.5 - Principal,2022-10-15 07:00 PM,2022,10,15,19,39.9,112,Unhealthy for Sensitive Groups,41.0,UG/M3,1 Hr,Valid
Banja Luka,PM2.5 - Principal,2022-10-15 08:00 PM,2022,10,15,20,42.4,118,Unhealthy for Sensitive Groups,45.2,UG/M3,1 Hr,Valid
Banja Luka,PM2.5 - Principal,2022-10-15 09:00 PM,2022,10,15,21,55.1,149,Unhealthy for Sensitive Groups,67.5,UG/M3,1 Hr,Valid
Banja Luka,PM2.5 - Principal,2022-10-15 10:00 PM,2022,10,15,22,63.7,155,Unhealthy,72.3,UG/M3,1 Hr,Valid
Banja Luka,PM2.5 - Principal,2022-10-15 11:00 PM,2022,10,15,23,63.8,155,Unhealthy,63.8,UG/M3,1 Hr,Valid
Banja Luka,PM2.5 - Principal,2022-10-16 12:00 AM,2022,10,16,00,64.6,156,Unhealthy,65.4,UG/M3,1 Hr,Valid
Banja Luka,PM2.5 - Principal,2022-10-16 01:00 AM,2022,10,16,01,63.5,155,Unhealthy,62.4,UG/M3,1 Hr,Valid
Banja Luka,PM2.5 - Principal,2022-10-16 02:00 AM,2022,10,16,02,52.2,142,Unhealthy for Sensitive Groups,40.9,UG/M3,1 Hr,Valid
Banja Luka,PM2.5 - Principal,2022-10-16 03:00 AM,2022,10,16,03,46.7,129,Unhealthy for Sensitive Groups,41.3,UG/M3,1 Hr,Valid
Banja Luka,PM2.5 - Principal,2022-10-16 04:00 AM,2022,10,16,04,44.1,122,Unhealthy for Sensitive Groups,39.6,UG/M3,1 Hr,Valid
Banja Luka,PM2.5 - Principal,2022-10-16 05:00 AM,2022,10,16,05,42.4,118,Unhealthy for Sensitive Groups,40.4,UG/M3,1 Hr,Valid
Banja Luka,PM2.5 - Principal,2022-10-16 06:00 AM,2022,10,16,06,33.7,96,Moderate,25.6,UG/M3,1 Hr,Valid
Banja Luka,PM2.5 - Principal,2022-10-16 07:00 AM,2022,10,16,07,35.8,102,Unhealthy for Sensitive Groups,37.8,UG/M3,1 Hr,Valid
Banja Luka,PM2.5 - Principal,2022-10-16 08:00 AM,2022,10,16,08,36.8,104,Unhealthy for Sensitive Groups,37.8,UG/M3,1 Hr,Valid
Banja Luka,PM2.5 - Principal,2022-10-16 09:00 AM,2022,10,16,09,34.1,97,Moderate,31.4,UG/M3,1 Hr,Valid
Banja Luka,PM2.5 - Principal,2022-10-16 10:00 AM,2022,10,16,10,29.9,88,Moderate,25.7,UG/M3,1 Hr,Valid
Banja Luka,PM2.5 - Principal,2022-10-16 11:00 AM,2022,10,16,11,27.1,83,Moderate,24.3,UG/M3,1 Hr,Valid
Banja Luka,PM2.5 - Principal,2022-10-16 12:00 PM,2022,10,16,12,28.1,85,Moderate,29.0,UG/M3,1 Hr,Valid
Banja Luka,PM2.5 - Principal,2022-10-16 01:00 PM,2022,10,16,13,26.7,82,Moderate,24.2,UG/M3,1 Hr,Valid
Banja Luka,PM2.5 - Principal,2022-10-16 02:00 PM,2022,10,16,14,25.0,78,Moderate,23.0,UG/M3,1 Hr,Valid
Banja Luka,PM2.5 - Principal,2022-10-16 03:00 PM,2022,10,16,15,25.0,78,Moderate,-999.0,UG/M3,1 Hr,Missing
Banja Luka,PM2.5 - Principal,2022-10-24 12:00 PM,2022,10,24,12,-999.0,-999,N/A,37.9,UG/M3,1 Hr,Valid
Banja Luka,PM2.5 - Principal,2022-10-24 01:00 PM,2022,10,24,13,35.2,100,Moderate,32.9,UG/M3,1 Hr,Valid
Banja Luka,PM2.5 - Principal,2022-10-24 02:00 PM,2022,10,24,14,32.8,95,Moderate,29.6,UG/M3,1 Hr,Valid
Banja Luka,PM2.5 - Principal,2022-10-24 03:00 PM,2022,10,24,15,26.4,81,Moderate,20.8,UG/M3,1 Hr,Valid
Banja Luka,PM2.5 - Principal,2022-10-24 04:00 PM,2022,10,24,16,20.7,69,Moderate,15.9,UG/M3,1 Hr,Valid
Banja Luka,PM2.5 - Principal,2022-10-24 05:00 PM,2022,10,24,17,18.4,64,Moderate,16.1,UG/M3,1 Hr,Valid
Banja Luka,PM2.5 - Principal,2022-10-24 06:00 PM,2022,10,24,18,18.4,64,Moderate,18.4,UG/M3,1 Hr,Valid
Banja Luka,PM2.5 - Principal,2022-10-24 07:00 PM,2022,10,24,19,25.7,80,Moderate,33.0,UG/M3,1 Hr,Valid
Banja Luka,PM2.5 - Principal,2022-10-24 08:00 PM,2022,10,24,20,38.8,109,Unhealthy for Sensitive Groups,51.7,UG/M3,1 Hr,Valid
Banja Luka,PM2.5 - Principal,2022-10-24 09:00 PM,2022,10,24,21,51.3,140,Unhealthy for Sensitive Groups,63.7,UG/M3,1 Hr,Valid
Banja Luka,PM2.5 - Principal,2022-10-24 10:00 PM,2022,10,24,22,59.7,153,Unhealthy,68.2,UG/M3,1 Hr,Valid
Banja Luka,PM2.5 - Principal,2022-10-24 11:00 PM,2022,10,24,23,61.4,154,Unhealthy,63.1,UG/M3,1 Hr,Valid
Banja Luka,PM2.5 - Principal,2022-10-25 12:00 AM,2022,10,25,00,55.7,151,Unhealthy,50.1,UG/M3,1 Hr,Valid
Banja Luka,PM2.5 - Principal,2022-10-25 01:00 AM,2022,10,25,01,56.9,152,Unhealthy,58.1,UG/M3,1 Hr,Valid
Banja Luka,PM2.5 - Principal,2022-10-25 02:00 AM,2022,10,25,02,48.1,132,Unhealthy for Sensitive Groups,39.2,UG/M3,1 Hr,Valid
Banja Luka,PM2.5 - Principal,2022-10-25 03:00 AM,2022,10,25,03,43.2,120,Unhealthy for Sensitive Groups,38.4,UG/M3,1 Hr,Valid
Banja Luka,PM2.5 - Principal,2022-10-25 04:00 AM,2022,10,25,04,37.8,107,Unhealthy for Sensitive Groups,32.4,UG/M3,1 Hr,Valid
Banja Luka,PM2.5 - Principal,2022-10-25 05:00 AM,2022,10,25,05,35.6,101,Unhealthy for Sensitive Groups,33.5,UG/M3,1 Hr,Valid
Banja Luka,PM2.5 - Principal,2022-10-25 06:00 AM,2022,10,25,06,28.7,86,Moderate,21.8,UG/M3,1 Hr,Valid
Banja Luka,PM2.5 - Principal,2022-10-25 07:00 AM,2022,10,25,07,26.8,82,Moderate,24.8,UG/M3,1 Hr,Valid
Banja Luka,PM2.5 - Principal,2022-10-25 08:00 AM,2022,10,25,08,27.8,84,Moderate,28.8,UG/M3,1 Hr,Valid
Banja Luka,PM2.5 - Principal,2022-10-25 09:00 AM,2022,10,25,09,34.2,97,Moderate,40.6,UG/M3,1 Hr,Valid
Banja Luka,PM2.5 - Principal,2022-10-25 10:00 AM,2022,10,25,10,27.9,84,Moderate,21.7,UG/M3,1 Hr,Valid
Banja Luka,PM2.5 - Principal,2022-10-25 11:00 AM,2022,10,25,11,24.1,76,Moderate,20.3,UG/M3,1 Hr,Valid
Banja Luka,PM2.5 - Principal,2022-10-25 12:00 PM,2022,10,25,12,22.7,73,Moderate,21.3,UG/M3,1 Hr,Valid
Banja Luka,PM2.5 - Principal,2022-10-25 01:00 PM,2022,10,25,13,25.7,80,Moderate,28.7,UG/M3,1 Hr,Valid
Banja Luka,PM2.5 - Principal,2022-10-25 02:00 PM,2022,10,25,14,22.7,73,Moderate,19.7,UG/M3,1 Hr,Valid
Banja Luka,PM2.5 - Principal,2022-10-25 03:00 PM,2022,10,25,15,19.9,67,Moderate,17.2,UG/M3,1 Hr,Valid
Banja Luka,PM2.5 - Principal,2022-10-25 04:00 PM,2022,10,25,16,18.0,63,Moderate,16.0,UG/M3,1 Hr,Valid
Banja Luka,PM2.5 - Principal,2022-10-25 05:00 PM,2022,10,25,17,16.0,59,Moderate,14.1,UG/M3,1 Hr,Valid
Banja Luka,PM2.5 - Principal,2022-10-25 06:00 PM,2022,10,25,18,15.1,57,Moderate,14.2,UG/M3,1 Hr,Valid
Banja Luka,PM2.5 - Principal,2022-10-25 07:00 PM,2022,10,25,19,14.4,56,Moderate,13.6,UG/M3,1 Hr,Valid
Banja Luka,PM2.5 - Principal,2022-10-25 08:00 PM,2022,10,25,20,13.2,53,Moderate,12.0,UG/M3,1 Hr,Valid
Banja Luka,PM2.5 - Principal,2022-10-25 09:00 PM,2022,10,25,21,19.9,67,Moderate,26.6,UG/M3,1 Hr,Valid
Banja Luka,PM2.5 - Principal,2022-10-25 10:00 PM,2022,10,25,22,34.0,97,Moderate,48.1,UG/M3,1 Hr,Valid
Banja Luka,PM2.5 - Principal,2022-10-25 11:00 PM,2022,10,25,23,41.6,116,Unhealthy for Sensitive Groups,49.3,UG/M3,1 Hr,Valid
Banja Luka,PM2.5 - Principal,2022-10-26 12:00 AM,2022,10,26,00,39.3,110,Unhealthy for Sensitive Groups,36.9,UG/M3,1 Hr,Valid
Banja Luka,PM2.5 - Principal,2022-10-26 01:00 AM,2022,10,26,01,36.3,103,Unhealthy for Sensitive Groups,33.4,UG/M3,1 Hr,Valid
Banja Luka,PM2.5 - Principal,2022-10-26 02:00 AM,2022,10,26,02,30.3,89,Moderate,24.3,UG/M3,1 Hr,Valid
Banja Luka,PM2.5 - Principal,2022-10-26 03:00 AM,2022,10,26,03,23.3,75,Moderate,16.3,UG/M3,1 Hr,Valid
Banja Luka,PM2.5 - Principal,2022-10-26 04:00 AM,2022,10,26,04,21.1,70,Moderate,18.9,UG/M3,1 Hr,Valid
Banja Luka,PM2.5 - Principal,2022-10-26 05:00 AM,2022,10,26,05,17.8,63,Moderate,14.5,UG/M3,1 Hr,Valid
Banja Luka,PM2.5 - Principal,2022-10-26 06:00 AM,2022,10,26,06,16.3,60,Moderate,14.7,UG/M3,1 Hr,Valid
Banja Luka,PM2.5 - Principal,2022-10-26 07:00 AM,2022,10,26,07,16.2,60,Moderate,16.1,UG/M3,1 Hr,Valid
Banja Luka,PM2.5 - Principal,2022-10-26 08:00 AM,2022,10,26,08,18.1,64,Moderate,20.0,UG/M3,1 Hr,Valid
Banja Luka,PM2.5 - Principal,2022-10-26 09:00 AM,2022,10,26,09,21.0,70,Moderate,23.9,UG/M3,1 Hr,Valid
Banja Luka,PM2.5 - Principal,2022-10-26 10:00 AM,2022,10,26,10,23.0,74,Moderate,25.0,UG/M3,1 Hr,Valid
Banja Luka,PM2.5 - Principal,2022-10-26 11:00 AM,2022,10,26,11,19.5,67,Moderate,16.0,UG/M3,1 Hr,Valid
Banja Luka,PM2.5 - Principal,2022-10-26 12:00 PM,2022,10,26,12,21.0,70,Moderate,22.4,UG/M3,1 Hr,Valid
Banja Luka,PM2.5 - Principal,2022-10-26 01:00 PM,2022,10,26,13,20.6,69,Moderate,20.4,UG/M3,1 Hr,Valid
Banja Luka,PM2.5 - Principal,2022-10-26 02:00 PM,2022,10,26,14,19.6,67,Moderate,18.3,UG/M3,1 Hr,Valid
Banja Luka,PM2.5 - Principal,2022-10-26 03:00 PM,2022,10,26,15,18.5,64,Moderate,17.0,UG/M3,1 Hr,Valid
Banja Luka,PM2.5 - Principal,2022-10-26 04:00 PM,2022,10,26,16,18.0,63,Moderate,17.2,UG/M3,1 Hr,Valid
Banja Luka,PM2.5 - Principal,2022-10-26 05:00 PM,2022,10,26,17,16.2,60,Moderate,14.0,UG/M3,1 Hr,Valid
Banja Luka,PM2.5 - Principal,2022-10-26 06:00 PM,2022,10,26,18,15.9,59,Moderate,15.6,UG/M3,1 Hr,Valid
Banja Luka,PM2.5 - Principal,2022-10-26 07:00 PM,2022,10,26,19,17.2,62,Moderate,18.7,UG/M3,1 Hr,Valid
Banja Luka,PM2.5 - Principal,2022-10-26 08:00 PM,2022,10,26,20,24.1,76,Moderate,30.9,UG/M3,1 Hr,Valid
Banja Luka,PM2.5 - Principal,2022-10-26 09:00 PM,2022,10,26,21,40.7,114,Unhealthy for Sensitive Groups,57.4,UG/M3,1 Hr,Valid
Banja Luka,PM2.5 - Principal,2022-10-26 10:00 PM,2022,10,26,22,45.0,124,Unhealthy for Sensitive Groups,49.4,UG/M3,1 Hr,Valid
Banja Luka,PM2.5 - Principal,2022-10-26 11:00 PM,2022,10,26,23,49.0,134,Unhealthy for Sensitive Groups,52.9,UG/M3,1 Hr,Valid
Banja Luka,PM2.5 - Principal,2022-10-27 12:00 AM,2022,10,27,00,48.3,133,Unhealthy for Sensitive Groups,47.6,UG/M3,1 Hr,Valid
Banja Luka,PM2.5 - Principal,2022-10-27 01:00 AM,2022,10,27,01,51.7,141,Unhealthy for Sensitive Groups,55.1,UG/M3,1 Hr,Valid
Banja Luka,PM2.5 - Principal,2022-10-27 02:00 AM,2022,10,27,02,49.3,135,Unhealthy for Sensitive Groups,46.9,UG/M3,1 Hr,Valid
Banja Luka,PM2.5 - Principal,2022-10-27 03:00 AM,2022,10,27,03,43.4,120,Unhealthy for Sensitive Groups,37.4,UG/M3,1 Hr,Valid
Banja Luka,PM2.5 - Principal,2022-10-27 04:00 AM,2022,10,27,04,39.5,111,Unhealthy for Sensitive Groups,35.7,UG/M3,1 Hr,Valid
Banja Luka,PM2.5 - Principal,2022-10-27 05:00 AM,2022,10,27,05,34.8,99,Moderate,30.1,UG/M3,1 Hr,Valid
Banja Luka,PM2.5 - Principal,2022-10-27 06:00 AM,2022,10,27,06,29.3,87,Moderate,23.7,UG/M3,1 Hr,Valid
Banja Luka,PM2.5 - Principal,2022-10-27 07:00 AM,2022,10,27,07,25.2,79,Moderate,21.2,UG/M3,1 Hr,Valid
Banja Luka,PM2.5 - Principal,2022-10-27 08:00 AM,2022,10,27,08,24.3,77,Moderate,23.3,UG/M3,1 Hr,Valid
Banja Luka,PM2.5 - Principal,2022-10-27 09:00 AM,2022,10,27,09,26.5,81,Moderate,28.7,UG/M3,1 Hr,Valid
Banja Luka,PM2.5 - Principal,2022-10-27 10:00 AM,2022,10,27,10,22.7,73,Moderate,18.9,UG/M3,1 Hr,Valid
Banja Luka,PM2.5 - Principal,2022-10-27 11:00 AM,2022,10,27,11,19.7,67,Moderate,16.7,UG/M3,1 Hr,Valid
Banja Luka,PM2.5 - Principal,2022-10-27 12:00 PM,2022,10,27,12,25.1,78,Moderate,30.6,UG/M3,1 Hr,Valid
Banja Luka,PM2.5 - Principal,2022-10-27 01:00 PM,2022,10,27,13,22.9,74,Moderate,20.8,UG/M3,1 Hr,Valid
Banja Luka,PM2.5 - Principal,2022-10-27 02:00 PM,2022,10,27,14,19.8,67,Moderate,16.7,UG/M3,1 Hr,Valid
Banja Luka,PM2.5 - Principal,2022-10-27 03:00 PM,2022,10,27,15,17.3,62,Moderate,14.8,UG/M3,1 Hr,Valid
Banja Luka,PM2.5 - Principal,2022-10-27 04:00 PM,2022,10,27,16,15.5,58,Moderate,13.6,UG/M3,1 Hr,Valid
Banja Luka,PM2.5 - Principal,2022-10-27 05:00 PM,2022,10,27,17,14.7,56,Moderate,13.8,UG/M3,1 Hr,Valid
Banja Luka,PM2.5 - Principal,2022-10-27 06:00 PM,2022,10,27,18,15.8,59,Moderate,17.0,UG/M3,1 Hr,Valid
Banja Luka,PM2.5 - Principal,2022-10-27 07:00 PM,2022,10,27,19,16.5,60,Moderate,17.1,UG/M3,1 Hr,Valid
Banja Luka,PM2.5 - Principal,2022-10-27 08:00 PM,2022,10,27,20,21.8,71,Moderate,27.1,UG/M3,1 Hr,Valid
Banja Luka,PM2.5 - Principal,2022-10-27 09:00 PM,2022,10,27,21,33.6,96,Moderate,45.3,UG/M3,1 Hr,Valid
Banja Luka,PM2.5 - Principal,2022-10-27 10:00 PM,2022,10,27,22,38.2,108,Unhealthy for Sensitive Groups,42.8,UG/M3,1 Hr,Valid
Banja Luka,PM2.5 - Principal,2022-10-27 11:00 PM,2022,10,27,23,36.9,104,Unhealthy for Sensitive Groups,35.7,UG/M3,1 Hr,Valid
Banja Luka,PM2.5 - Principal,2022-10-28 12:00 AM,2022,10,28,00,50.0,137,Unhealthy for Sensitive Groups,63.0,UG/M3,1 Hr,Valid
Banja Luka,PM2.5 - Principal,2022-10-28 01:00 AM,2022,10,28,01,52.2,142,Unhealthy for Sensitive Groups,54.3,UG/M3,1 Hr,Valid
Banja Luka,PM2.5 - Principal,2022-10-28 02:00 AM,2022,10,28,02,49.0,134,Unhealthy for Sensitive Groups,45.9,UG/M3,1 Hr,Valid
Banja Luka,PM2.5 - Principal,2022-10-28 03:00 AM,2022,10,28,03,43.5,121,Unhealthy for Sensitive Groups,37.9,UG/M3,1 Hr,Valid
Banja Luka,PM2.5 - Principal,2022-10-28 04:00 AM,2022,10,28,04,33.0,95,Moderate,22.4,UG/M3,1 Hr,Valid
Banja Luka,PM2.5 - Principal,2022-10-28 05:00 AM,2022,10,28,05,30.2,89,Moderate,27.5,UG/M3,1 Hr,Valid
Banja Luka,PM2.5 - Principal,2022-10-28 06:00 AM,2022,10,28,06,23.0,74,Moderate,15.8,UG/M3,1 Hr,Valid
Banja Luka,PM2.5 - Principal,2022-10-28 07:00 AM,2022,10,28,07,21.5,71,Moderate,20.0,UG/M3,1 Hr,Valid
Banja Luka,PM2.5 - Principal,2022-10-28 08:00 AM,2022,10,28,08,23.0,74,Moderate,24.4,UG/M3,1 Hr,Valid
Banja Luka,PM2.5 - Principal,2022-10-28 09:00 AM,2022,10,28,09,23.3,75,Moderate,23.7,UG/M3,1 Hr,Valid
Banja Luka,PM2.5 - Principal,2022-10-28 10:00 AM,2022,10,28,10,30.9,91,Moderate,38.4,UG/M3,1 Hr,Valid
Banja Luka,PM2.5 - Principal,2022-10-28 11:00 AM,2022,10,28,11,24.4,77,Moderate,17.9,UG/M3,1 Hr,Valid
Banja Luka,PM2.5 - Principal,2022-10-28 12:00 PM,2022,10,28,12,29.0,87,Moderate,33.6,UG/M3,1 Hr,Valid
Banja Luka,PM2.5 - Principal,2022-10-28 01:00 PM,2022,10,28,13,35.2,100,Moderate,41.4,UG/M3,1 Hr,Valid
Banja Luka,PM2.5 - Principal,2022-10-28 02:00 PM,2022,10,28,14,30.3,89,Moderate,25.4,UG/M3,1 Hr,Valid
Banja Luka,PM2.5 - Principal,2022-10-28 03:00 PM,2022,10,28,15,25.2,79,Moderate,20.1,UG/M3,1 Hr,Valid
Banja Luka,PM2.5 - Principal,2022-10-28 04:00 PM,2022,10,28,16,23.6,75,Moderate,22.0,UG/M3,1 Hr,Valid
Banja Luka,PM2.5 - Principal,2022-10-28 05:00 PM,2022,10,28,17,24.2,76,Moderate,24.9,UG/M3,1 Hr,Valid
Banja Luka,PM2.5 - Principal,2022-10-28 06:00 PM,2022,10,28,18,27.7,84,Moderate,31.2,UG/M3,1 Hr,Valid
Banja Luka,PM2.5 - Principal,2022-10-28 07:00 PM,2022,10,28,19,28.3,85,Moderate,29.0,UG/M3,1 Hr,Valid
Banja Luka,PM2.5 - Principal,2022-10-28 08:00 PM,2022,10,28,20,33.4,96,Moderate,38.4,UG/M3,1 Hr,Valid
Banja Luka,PM2.5 - Principal,2022-10-28 09:00 PM,2022,10,28,21,36.8,104,Unhealthy for Sensitive Groups,40.2,UG/M3,1 Hr,Valid
Banja Luka,PM2.5 - Principal,2022-10-28 10:00 PM,2022,10,28,22,42.3,118,Unhealthy for Sensitive Groups,47.7,UG/M3,1 Hr,Valid
Banja Luka,PM2.5 - Principal,2022-10-28 11:00 PM,2022,10,28,23,50.3,137,Unhealthy for Sensitive Groups,58.3,UG/M3,1 Hr,Valid
Banja Luka,PM2.5 - Principal,2022-10-29 12:00 AM,2022,10,29,00,52.1,142,Unhealthy for Sensitive Groups,54.0,UG/M3,1 Hr,Valid
Banja Luka,PM2.5 - Principal,2022-10-29 01:00 AM,2022,10,29,01,55.2,150,Unhealthy for Sensitive Groups,58.3,UG/M3,1 Hr,Valid
Banja Luka,PM2.5 - Principal,2022-10-29 02:00 AM,2022,10,29,02,49.9,136,Unhealthy for Sensitive Groups,44.6,UG/M3,1 Hr,Valid
Banja Luka,PM2.5 - Principal,2022-10-29 03:00 AM,2022,10,29,03,41.5,116,Unhealthy for Sensitive Groups,33.0,UG/M3,1 Hr,Valid
Banja Luka,PM2.5 - Principal,2022-10-29 04:00 AM,2022,10,29,04,36.4,103,Unhealthy for Sensitive Groups,31.2,UG/M3,1 Hr,Valid
Banja Luka,PM2.5 - Principal,2022-10-29 05:00 AM,2022,10,29,05,32.1,93,Moderate,27.8,UG/M3,1 Hr,Valid
Banja Luka,PM2.5 - Principal,2022-10-29 06:00 AM,2022,10,29,06,28.6,86,Moderate,25.1,UG/M3,1 Hr,Valid
Banja Luka,PM2.5 - Principal,2022-10-29 07:00 AM,2022,10,29,07,26.1,80,Moderate,23.5,UG/M3,1 Hr,Valid
Banja Luka,PM2.5 - Principal,2022-10-29 08:00 AM,2022,10,29,08,24.7,77,Moderate,23.3,UG/M3,1 Hr,Valid
Banja Luka,PM2.5 - Principal,2022-10-29 09:00 AM,2022,10,29,09,24.6,77,Moderate,24.6,UG/M3,1 Hr,Valid
Banja Luka,PM2.5 - Principal,2022-10-29 10:00 AM,2022,10,29,10,25.1,78,Moderate,25.6,UG/M3,1 Hr,Valid
Banja Luka,PM2.5 - Principal,2022-10-29 11:00 AM,2022,10,29,11,27.5,83,Moderate,30.0,UG/M3,1 Hr,Valid
Banja Luka,PM2.5 - Principal,2022-10-29 12:00 PM,2022,10,29,12,31.0,91,Moderate,34.5,UG/M3,1 Hr,Valid
Banja Luka,PM2.5 - Principal,2022-10-29 01:00 PM,2022,10,29,13,29.4,87,Moderate,27.8,UG/M3,1 Hr,Valid
Banja Luka,PM2.5 - Principal,2022-10-29 02:00 PM,2022,10,29,14,29.6,88,Moderate,31.2,UG/M3,1 Hr,Valid
Banja Luka,PM2.5 - Principal,2022-10-29 03:00 PM,2022,10,29,15,28.4,85,Moderate,25.8,UG/M3,1 Hr,Valid
Banja Luka,PM2.5 - Principal,2022-10-29 04:00 PM,2022,10,29,16,27.6,84,Moderate,26.0,UG/M3,1 Hr,Valid
Banja Luka,PM2.5 - Principal,2022-10-29 05:00 PM,2022,10,29,17,29.3,87,Moderate,32.9,UG/M3,1 Hr,Valid
Banja Luka,PM2.5 - Principal,2022-10-29 06:00 PM,2022,10,29,18,30.1,89,Moderate,31.7,UG/M3,1 Hr,Valid
Banja Luka,PM2.5 - Principal,2022-10-29 07:00 PM,2022,10,29,19,37.8,107,Unhealthy for Sensitive Groups,45.3,UG/M3,1 Hr,Valid
Banja Luka,PM2.5 - Principal,2022-10-29 08:00 PM,2022,10,29,20,54.9,149,Unhealthy for Sensitive Groups,71.7,UG/M3,1 Hr,Valid
Banja Luka,PM2.5 - Principal,2022-10-29 09:00 PM,2022,10,29,21,71.1,159,Unhealthy,87.3,UG/M3,1 Hr,Valid
Banja Luka,PM2.5 - Principal,2022-10-29 10:00 PM,2022,10,29,22,92.5,170,Unhealthy,113.9,UG/M3,1 Hr,Valid
Banja Luka,PM2.5 - Principal,2022-10-29 11:00 PM,2022,10,29,23,102.5,175,Unhealthy,112.4,UG/M3,1 Hr,Valid
Banja Luka,PM2.5 - Principal,2022-10-30 12:00 AM,2022,10,30,00,103.8,176,Unhealthy,105.2,UG/M3,1 Hr,Valid
Banja Luka,PM2.5 - Principal,2022-10-30 01:00 AM,2022,10,30,01,101.6,175,Unhealthy,99.4,UG/M3,1 Hr,Valid
Banja Luka,PM2.5 - Principal,2022-10-30 02:00 AM,2022,10,30,02,93.7,171,Unhealthy,85.7,UG/M3,1 Hr,Valid
Banja Luka,PM2.5 - Principal,2022-10-30 03:00 AM,2022,10,30,03,79.5,163,Unhealthy,65.3,UG/M3,1 Hr,Valid
Banja Luka,PM2.5 - Principal,2022-10-30 03:00 AM,2022,10,30,03,79.5,163,Unhealthy,-999.0,UG/M3,1 Hr,Missing
Banja Luka,PM2.5 - Principal,2022-10-30 04:00 AM,2022,10,30,04,53.8,146,Unhealthy for Sensitive Groups,40.9,UG/M3,1 Hr,Valid
Banja Luka,PM2.5 - Principal,2022-10-30 05:00 AM,2022,10,30,05,43.1,120,Unhealthy for Sensitive Groups,35.1,UG/M3,1 Hr,Valid
Banja Luka,PM2.5 - Principal,2022-10-30 06:00 AM,2022,10,30,06,42.7,119,Unhealthy for Sensitive Groups,42.4,UG/M3,1 Hr,Valid
Banja Luka,PM2.5 - Principal,2022-10-30 07:00 AM,2022,10,30,07,45.0,124,Unhealthy for Sensitive Groups,47.1,UG/M3,1 Hr,Valid
Banja Luka,PM2.5 - Principal,2022-10-30 08:00 AM,2022,10,30,08,41.7,116,Unhealthy for Sensitive Groups,38.6,UG/M3,1 Hr,Valid
Banja Luka,PM2.5 - Principal,2022-10-30 09:00 AM,2022,10,30,09,36.1,102,Unhealthy for Sensitive Groups,30.6,UG/M3,1 Hr,Valid
Banja Luka,PM2.5 - Principal,2022-10-30 10:00 AM,2022,10,30,10,29.9,88,Moderate,23.8,UG/M3,1 Hr,Valid
Banja Luka,PM2.5 - Principal,2022-10-30 11:00 AM,2022,10,30,11,30.1,89,Moderate,30.3,UG/M3,1 Hr,Valid
Banja Luka,PM2.5 - Principal,2022-10-30 12:00 PM,2022,10,30,12,25.6,79,Moderate,21.2,UG/M3,1 Hr,Valid
Banja Luka,PM2.5 - Principal,2022-10-30 01:00 PM,2022,10,30,13,22.8,74,Moderate,20.1,UG/M3,1 Hr,Valid
Banja Luka,PM2.5 - Principal,2022-10-30 02:00 PM,2022,10,30,14,24.4,77,Moderate,26.1,UG/M3,1 Hr,Valid
Banja Luka,PM2.5 - Principal,2022-10-30 03:00 PM,2022,10,30,15,23.8,76,Moderate,23.2,UG/M3,1 Hr,Valid
Banja Luka,PM2.5 - Principal,2022-10-30 04:00 PM,2022,10,30,16,24.6,77,Moderate,25.3,UG/M3,1 Hr,Valid
Banja Luka,PM2.5 - Principal,2022-10-30 05:00 PM,2022,10,30,17,27.5,83,Moderate,30.4,UG/M3,1 Hr,Valid
Banja Luka,PM2.5 - Principal,2022-10-30 06:00 PM,2022,10,30,18,75.4,161,Unhealthy,123.3,UG/M3,1 Hr,Valid
Banja Luka,PM2.5 - Principal,2022-10-30 07:00 PM,2022,10,30,19,78.2,163,Unhealthy,81.0,UG/M3,1 Hr,Valid
Banja Luka,PM2.5 - Principal,2022-10-30 08:00 PM,2022,10,30,20,91.4,170,Unhealthy,104.6,UG/M3,1 Hr,Valid
Banja Luka,PM2.5 - Principal,2022-10-30 09:00 PM,2022,10,30,21,93.8,171,Unhealthy,96.1,UG/M3,1 Hr,Valid
Banja Luka,PM2.5 - Principal,2022-10-30 10:00 PM,2022,10,30,22,103.9,176,Unhealthy,114.0,UG/M3,1 Hr,Valid
Banja Luka,PM2.5 - Principal,2022-10-30 11:00 PM,2022,10,30,23,91.5,170,Unhealthy,79.0,UG/M3,1 Hr,Valid
Banja Luka,PM2.5 - Principal,2022-10-31 12:00 AM,2022,10,31,00,87.2,167,Unhealthy,83.0,UG/M3,1 Hr,Valid
Banja Luka,PM2.5 - Principal,2022-10-31 01:00 AM,2022,10,31,01,67.8,157,Unhealthy,48.3,UG/M3,1 Hr,Valid
Banja Luka,PM2.5 - Principal,2022-10-31 02:00 AM,2022,10,31,02,52.3,142,Unhealthy for Sensitive Groups,36.7,UG/M3,1 Hr,Valid
Banja Luka,PM2.5 - Principal,2022-10-31 03:00 AM,2022,10,31,03,44.1,122,Unhealthy for Sensitive Groups,35.9,UG/M3,1 Hr,Valid
Banja Luka,PM2.5 - Principal,2022-10-31 04:00 AM,2022,10,31,04,35.4,100,Moderate,26.7,UG/M3,1 Hr,Valid
Banja Luka,PM2.5 - Principal,2022-10-31 05:00 AM,2022,10,31,05,29.9,88,Moderate,24.3,UG/M3,1 Hr,Valid
Banja Luka,PM2.5 - Principal,2022-10-31 06:00 AM,2022,10,31,06,25.9,80,Moderate,21.9,UG/M3,1 Hr,Valid
Banja Luka,PM2.5 - Principal,2022-10-31 07:00 AM,2022,10,31,07,29.7,88,Moderate,33.6,UG/M3,1 Hr,Valid
Banja Luka,PM2.5 - Principal,2022-10-31 08:00 AM,2022,10,31,08,35.4,100,Moderate,41.2,UG/M3,1 Hr,Valid
Banja Luka,PM2.5 - Principal,2022-10-31 09:00 AM,2022,10,31,09,41.0,115,Unhealthy for Sensitive Groups,46.5,UG/M3,1 Hr,Valid
Banja Luka,PM2.5 - Principal,2022-10-31 10:00 AM,2022,10,31,10,37.6,106,Unhealthy for Sensitive Groups,34.2,UG/M3,1 Hr,Valid
Banja Luka,PM2.5 - Principal,2022-10-31 11:00 AM,2022,10,31,11,35.1,99,Moderate,32.7,UG/M3,1 Hr,Valid
Banja Luka,PM2.5 - Principal,2022-10-31 12:00 PM,2022,10,31,12,30.2,89,Moderate,25.3,UG/M3,1 Hr,Valid
Banja Luka,PM2.5 - Principal,2022-10-31 01:00 PM,2022,10,31,13,26.9,82,Moderate,23.6,UG/M3,1 Hr,Valid
Banja Luka,PM2.5 - Principal,2022-10-31 02:00 PM,2022,10,31,14,25.4,79,Moderate,23.9,UG/M3,1 Hr,Valid
Banja Luka,PM2.5 - Principal,2022-10-31 03:00 PM,2022,10,31,15,24.9,78,Moderate,24.4,UG/M3,1 Hr,Valid
Banja Luka,PM2.5 - Principal,2022-10-31 04:00 PM,2022,10,31,16,26.2,81,Moderate,27.5,UG/M3,1 Hr,Valid
Banja Luka,PM2.5 - Principal,2022-10-31 05:00 PM,2022,10,31,17,31.9,93,Moderate,37.6,UG/M3,1 Hr,Valid
Banja Luka,PM2.5 - Principal,2022-10-31 06:00 PM,2022,10,31,18,50.5,138,Unhealthy for Sensitive Groups,69.1,UG/M3,1 Hr,Valid
Banja Luka,PM2.5 - Principal,2022-10-31 07:00 PM,2022,10,31,19,62.8,155,Unhealthy,75.0,UG/M3,1 Hr,Valid
Banja Luka,PM2.5 - Principal,2022-10-31 08:00 PM,2022,10,31,20,73.8,160,Unhealthy,84.9,UG/M3,1 Hr,Valid
Banja Luka,PM2.5 - Principal,2022-10-31 09:00 PM,2022,10,31,21,79.8,164,Unhealthy,85.7,UG/M3,1 Hr,Valid
Banja Luka,PM2.5 - Principal,2022-10-31 10:00 PM,2022,10,31,22,86.7,167,Unhealthy,93.6,UG/M3,1 Hr,Valid
Banja Luka,PM2.5 - Principal,2022-10-31 11:00 PM,2022,10,31,23,80.7,164,Unhealthy,74.6,UG/M3,1 Hr,Valid
Banja Luka,PM2.5 - Principal,2022-11-01 12:00 AM,2022,11,01,00,80.9,164,Unhealthy,81.1,UG/M3,1 Hr,Valid
Banja Luka,PM2.5 - Principal,2022-11-01 01:00 AM,2022,11,01,01,70.8,159,Unhealthy,60.8,UG/M3,1 Hr,Valid
Banja Luka,PM2.5 - Principal,2022-11-01 02:00 AM,2022,11,01,02,59.7,153,Unhealthy,48.5,UG/M3,1 Hr,Valid
Banja Luka,PM2.5 - Principal,2022-11-01 03:00 AM,2022,11,01,03,51.9,141,Unhealthy for Sensitive Groups,44.1,UG/M3,1 Hr,Valid
Banja Luka,PM2.5 - Principal,2022-11-01 04:00 AM,2022,11,01,04,47.6,131,Unhealthy for Sensitive Groups,43.2,UG/M3,1 Hr,Valid
Banja Luka,PM2.5 - Principal,2022-11-01 05:00 AM,2022,11,01,05,45.0,124,Unhealthy for Sensitive Groups,42.3,UG/M3,1 Hr,Valid
Banja Luka,PM2.5 - Principal,2022-11-01 06:00 AM,2022,11,01,06,44.9,124,Unhealthy for Sensitive Groups,44.8,UG/M3,1 Hr,Valid
Banja Luka,PM2.5 - Principal,2022-11-01 07:00 AM,2022,11,01,07,49.7,136,Unhealthy for Sensitive Groups,54.6,UG/M3,1 Hr,Valid
Banja Luka,PM2.5 - Principal,2022-11-01 08:00 AM,2022,11,01,08,48.9,134,Unhealthy for Sensitive Groups,48.2,UG/M3,1 Hr,Valid
Banja Luka,PM2.5 - Principal,2022-11-01 09:00 AM,2022,11,01,09,57.5,152,Unhealthy,66.2,UG/M3,1 Hr,Valid
Banja Luka,PM2.5 - Principal,2022-11-01 10:00 AM,2022,11,01,10,56.1,151,Unhealthy,54.9,UG/M3,1 Hr,Valid
Banja Luka,PM2.5 - Principal,2022-11-01 11:00 AM,2022,11,01,11,50.3,137,Unhealthy for Sensitive Groups,44.0,UG/M3,1 Hr,Valid
Banja Luka,PM2.5 - Principal,2022-11-01 12:00 PM,2022,11,01,12,49.0,134,Unhealthy for Sensitive Groups,45.6,UG/M3,1 Hr,Valid
Banja Luka,PM2.5 - Principal,2022-11-01 01:00 PM,2022,11,01,13,47.5,131,Unhealthy for Sensitive Groups,44.9,UG/M3,1 Hr,Valid
Banja Luka,PM2.5 - Principal,2022-11-01 02:00 PM,2022,11,01,14,32.5,94,Moderate,18.6,UG/M3,1 Hr,Valid
Banja Luka,PM2.5 - Principal,2022-11-01 03:00 PM,2022,11,01,15,21.1,70,Moderate,9.8,UG/M3,1 Hr,Valid
Banja Luka,PM2.5 - Principal,2022-11-01 04:00 PM,2022,11,01,16,15.5,58,Moderate,9.9,UG/M3,1 Hr,Valid
Banja Luka,PM2.5 - Principal,2022-11-01 05:00 PM,2022,11,01,17,14.7,56,Moderate,13.9,UG/M3,1 Hr,Valid
Banja Luka,PM2.5 - Principal,2022-11-01 06:00 PM,2022,11,01,18,38.7,109,Unhealthy for Sensitive Groups,62.7,UG/M3,1 Hr,Valid
Banja Luka,PM2.5 - Principal,2022-11-01 07:00 PM,2022,11,01,19,62.7,155,Unhealthy,86.6,UG/M3,1 Hr,Valid
Banja Luka,PM2.5 - Principal,2022-11-01 08:00 PM,2022,11,01,20,93.2,170,Unhealthy,123.7,UG/M3,1 Hr,Valid
Banja Luka,PM2.5 - Principal,2022-11-01 09:00 PM,2022,11,01,21,104.6,176,Unhealthy,116.1,UG/M3,1 Hr,Valid
Banja Luka,PM2.5 - Principal,2022-11-01 10:00 PM,2022,11,01,22,116.9,183,Unhealthy,129.1,UG/M3,1 Hr,Valid
Banja Luka,PM2.5 - Principal,2022-11-01 11:00 PM,2022,11,01,23,100.4,174,Unhealthy,83.9,UG/M3,1 Hr,Valid
Banja Luka,PM2.5 - Principal,2022-11-02 12:00 AM,2022,11,02,00,92.7,170,Unhealthy,85.0,UG/M3,1 Hr,Valid
Banja Luka,PM2.5 - Principal,2022-11-02 01:00 AM,2022,11,02,01,69.4,158,Unhealthy,46.0,UG/M3,1 Hr,Valid
Banja Luka,PM2.5 - Principal,2022-11-02 02:00 AM,2022,11,02,02,48.3,133,Unhealthy for Sensitive Groups,27.3,UG/M3,1 Hr,Valid
Banja Luka,PM2.5 - Principal,2022-11-02 03:00 AM,2022,11,02,03,36.7,104,Unhealthy for Sensitive Groups,25.1,UG/M3,1 Hr,Valid
Banja Luka,PM2.5 - Principal,2022-11-02 04:00 AM,2022,11,02,04,34.4,98,Moderate,32.2,UG/M3,1 Hr,Valid
Banja Luka,PM2.5 - Principal,2022-11-02 05:00 AM,2022,11,02,05,25.9,80,Moderate,17.3,UG/M3,1 Hr,Valid
Banja Luka,PM2.5 - Principal,2022-11-02 06:00 AM,2022,11,02,06,22.1,72,Moderate,18.4,UG/M3,1 Hr,Valid
Banja Luka,PM2.5 - Principal,2022-11-02 07:00 AM,2022,11,02,07,20.4,68,Moderate,18.7,UG/M3,1 Hr,Valid
Banja Luka,PM2.5 - Principal,2022-11-02 08:00 AM,2022,11,02,08,22.4,73,Moderate,24.4,UG/M3,1 Hr,Valid
Banja Luka,PM2.5 - Principal,2022-11-02 09:00 AM,2022,11,02,09,21.8,71,Moderate,21.2,UG/M3,1 Hr,Valid
Banja Luka,PM2.5 - Principal,2022-11-02 10:00 AM,2022,11,02,10,27.2,83,Moderate,32.6,UG/M3,1 Hr,Valid
Banja Luka,PM2.5 - Principal,2022-11-02 11:00 AM,2022,11,02,11,27.1,83,Moderate,27.0,UG/M3,1 Hr,Valid
Banja Luka,PM2.5 - Principal,2022-11-02 12:00 PM,2022,11,02,12,23.6,75,Moderate,20.1,UG/M3,1 Hr,Valid
Banja Luka,PM2.5 - Principal,2022-11-02 01:00 PM,2022,11,02,13,18.1,64,Moderate,12.5,UG/M3,1 Hr,Valid
Banja Luka,PM2.5 - Principal,2022-11-02 02:00 PM,2022,11,02,14,14.6,56,Moderate,11.1,UG/M3,1 Hr,Valid
Banja Luka,PM2.5 - Principal,2022-11-02 03:00 PM,2022,11,02,15,14.5,56,Moderate,14.4,UG/M3,1 Hr,Valid
Banja Luka,PM2.5 - Principal,2022-11-02 04:00 PM,2022,11,02,16,14.4,56,Moderate,14.2,UG/M3,1 Hr,Valid
Banja Luka,PM2.5 - Principal,2022-11-02 05:00 PM,2022,11,02,17,20.9,70,Moderate,27.4,UG/M3,1 Hr,Valid
Banja Luka,PM2.5 - Principal,2022-11-02 06:00 PM,2022,11,02,18,46.3,128,Unhealthy for Sensitive Groups,71.7,UG/M3,1 Hr,Valid
Banja Luka,PM2.5 - Principal,2022-11-02 07:00 PM,2022,11,02,19,75.9,162,Unhealthy,105.5,UG/M3,1 Hr,Valid
Banja Luka,PM2.5 - Principal,2022-11-02 08:00 PM,2022,11,02,20,86.9,167,Unhealthy,97.9,UG/M3,1 Hr,Valid
Banja Luka,PM2.5 - Principal,2022-11-02 09:00 PM,2022,11,02,21,117.9,183,Unhealthy,148.8,UG/M3,1 Hr,Valid
Banja Luka,PM2.5 - Principal,2022-11-02 10:00 PM,2022,11,02,22,107.9,178,Unhealthy,97.8,UG/M3,1 Hr,Valid
Banja Luka,PM2.5 - Principal,2022-11-02 11:00 PM,2022,11,02,23,91.7,170,Unhealthy,75.5,UG/M3,1 Hr,Valid
Banja Luka,PM2.5 - Principal,2022-11-03 12:00 AM,2022,11,03,00,87.5,168,Unhealthy,83.3,UG/M3,1 Hr,Valid
Banja Luka,PM2.5 - Principal,2022-11-03 01:00 AM,2022,11,03,01,73.7,160,Unhealthy,59.9,UG/M3,1 Hr,Valid
Banja Luka,PM2.5 - Principal,2022-11-03 02:00 AM,2022,11,03,02,60.7,154,Unhealthy,47.6,UG/M3,1 Hr,Valid
Banja Luka,PM2.5 - Principal,2022-11-03 03:00 AM,2022,11,03,03,49.9,136,Unhealthy for Sensitive Groups,39.2,UG/M3,1 Hr,Valid
Banja Luka,PM2.5 - Principal,2022-11-03 04:00 AM,2022,11,03,04,42.0,117,Unhealthy for Sensitive Groups,34.0,UG/M3,1 Hr,Valid
Banja Luka,PM2.5 - Principal,2022-11-03 05:00 AM,2022,11,03,05,37.3,105,Unhealthy for Sensitive Groups,32.6,UG/M3,1 Hr,Valid
Banja Luka,PM2.5 - Principal,2022-11-03 06:00 AM,2022,11,03,06,30.0,89,Moderate,22.7,UG/M3,1 Hr,Valid
Banja Luka,PM2.5 - Principal,2022-11-03 07:00 AM,2022,11,03,07,28.2,85,Moderate,26.5,UG/M3,1 Hr,Valid
Banja Luka,PM2.5 - Principal,2022-11-03 08:00 AM,2022,11,03,08,29.1,87,Moderate,30.0,UG/M3,1 Hr,Valid
Banja Luka,PM2.5 - Principal,2022-11-03 09:00 AM,2022,11,03,09,27.4,83,Moderate,25.8,UG/M3,1 Hr,Valid
Banja Luka,PM2.5 - Principal,2022-11-03 10:00 AM,2022,11,03,10,24.5,77,Moderate,21.7,UG/M3,1 Hr,Valid
Banja Luka,PM2.5 - Principal,2022-11-03 11:00 AM,2022,11,03,11,23.3,75,Moderate,22.1,UG/M3,1 Hr,Valid
Banja Luka,PM2.5 - Principal,2022-11-03 12:00 PM,2022,11,03,12,23.5,75,Moderate,23.7,UG/M3,1 Hr,Valid
Banja Luka,PM2.5 - Principal,2022-11-03 01:00 PM,2022,11,03,13,25.5,79,Moderate,27.5,UG/M3,1 Hr,Valid
Banja Luka,PM2.5 - Principal,2022-11-03 02:00 PM,2022,11,03,14,26.6,81,Moderate,28.2,UG/M3,1 Hr,Valid
Banja Luka,PM2.5 - Principal,2022-11-03 03:00 PM,2022,11,03,15,27.8,84,Moderate,30.5,UG/M3,1 Hr,Valid
Banja Luka,PM2.5 - Principal,2022-11-03 04:00 PM,2022,11,03,16,28.9,86,Moderate,31.4,UG/M3,1 Hr,Valid
Banja Luka,PM2.5 - Principal,2022-11-03 05:00 PM,2022,11,03,17,32.8,95,Moderate,37.3,UG/M3,1 Hr,Valid
Banja Luka,PM2.5 - Principal,2022-11-03 06:00 PM,2022,11,03,18,54.4,148,Unhealthy for Sensitive Groups,75.2,UG/M3,1 Hr,Valid
Banja Luka,PM2.5 - Principal,2022-11-03 07:00 PM,2022,11,03,19,67.6,157,Unhealthy,80.7,UG/M3,1 Hr,Valid
Banja Luka,PM2.5 - Principal,2022-11-03 08:00 PM,2022,11,03,20,91.5,170,Unhealthy,115.4,UG/M3,1 Hr,Valid
Banja Luka,PM2.5 - Principal,2022-11-03 09:00 PM,2022,11,03,21,92.6,170,Unhealthy,93.7,UG/M3,1 Hr,Valid
Banja Luka,PM2.5 - Principal,2022-11-03 10:00 PM,2022,11,03,22,96.2,172,Unhealthy,99.8,UG/M3,1 Hr,Valid
Banja Luka,PM2.5 - Principal,2022-11-03 11:00 PM,2022,11,03,23,76.3,162,Unhealthy,56.3,UG/M3,1 Hr,Valid
Banja Luka,PM2.5 - Principal,2022-11-04 12:00 AM,2022,11,04,00,56.1,151,Unhealthy,36.0,UG/M3,1 Hr,Valid
Banja Luka,PM2.5 - Principal,2022-11-04 01:00 AM,2022,11,04,01,60.1,153,Unhealthy,64.1,UG/M3,1 Hr,Valid
Banja Luka,PM2.5 - Principal,2022-11-04 02:00 AM,2022,11,04,02,60.7,154,Unhealthy,61.2,UG/M3,1 Hr,Valid
Banja Luka,PM2.5 - Principal,2022-11-04 03:00 AM,2022,11,04,03,56.6,152,Unhealthy,52.5,UG/M3,1 Hr,Valid
Banja Luka,PM2.5 - Principal,2022-11-04 04:00 AM,2022,11,04,04,54.7,148,Unhealthy for Sensitive Groups,52.8,UG/M3,1 Hr,Valid
Banja Luka,PM2.5 - Principal,2022-11-04 05:00 AM,2022,11,04,05,53.6,146,Unhealthy for Sensitive Groups,52.6,UG/M3,1 Hr,Valid
Banja Luka,PM2.5 - Principal,2022-11-04 06:00 AM,2022,11,04,06,53.9,146,Unhealthy for Sensitive Groups,54.2,UG/M3,1 Hr,Valid
Banja Luka,PM2.5 - Principal,2022-11-04 07:00 AM,2022,11,04,07,51.7,141,Unhealthy for Sensitive Groups,49.4,UG/M3,1 Hr,Valid
Banja Luka,PM2.5 - Principal,2022-11-04 08:00 AM,2022,11,04,08,48.3,133,Unhealthy for Sensitive Groups,44.8,UG/M3,1 Hr,Valid
Banja Luka,PM2.5 - Principal,2022-11-04 09:00 AM,2022,11,04,09,52.3,142,Unhealthy for Sensitive Groups,56.4,UG/M3,1 Hr,Valid
Banja Luka,PM2.5 - Principal,2022-11-04 10:00 AM,2022,11,04,10,53.1,144,Unhealthy for Sensitive Groups,54.3,UG/M3,1 Hr,Valid
Banja Luka,PM2.5 - Principal,2022-11-04 11:00 AM,2022,11,04,11,52.8,144,Unhealthy for Sensitive Groups,52.4,UG/M3,1 Hr,Valid
Banja Luka,PM2.5 - Principal,2022-11-04 12:00 PM,2022,11,04,12,54.3,147,Unhealthy for Sensitive Groups,57.9,UG/M3,1 Hr,Valid
Banja Luka,PM2.5 - Principal,2022-11-04 01:00 PM,2022,11,04,13,55.8,151,Unhealthy,60.3,UG/M3,1 Hr,Valid
Banja Luka,PM2.5 - Principal,2022-11-04 02:00 PM,2022,11,04,14,73.6,160,Unhealthy,89.4,UG/M3,1 Hr,Valid
Banja Luka,PM2.5 - Principal,2022-11-04 03:00 PM,2022,11,04,15,69.8,158,Unhealthy,66.0,UG/M3,1 Hr,Valid
Banja Luka,PM2.5 - Principal,2022-11-04 04:00 PM,2022,11,04,16,38.9,109,Unhealthy for Sensitive Groups,8.1,UG/M3,1 Hr,Valid
Banja Luka,PM2.5 - Principal,2022-11-04 05:00 PM,2022,11,04,17,42.6,118,Unhealthy for Sensitive Groups,46.4,UG/M3,1 Hr,Valid
Banja Luka,PM2.5 - Principal,2022-11-04 06:00 PM,2022,11,04,18,24.8,78,Moderate,7.0,UG/M3,1 Hr,Valid
Banja Luka,PM2.5 - Principal,2022-11-04 07:00 PM,2022,11,04,19,21.0,70,Moderate,17.2,UG/M3,1 Hr,Valid
Banja Luka,PM2.5 - Principal,2022-11-04 08:00 PM,2022,11,04,20,23.3,75,Moderate,25.6,UG/M3,1 Hr,Valid
Banja Luka,PM2.5 - Principal,2022-11-04 09:00 PM,2022,11,04,21,21.5,71,Moderate,19.6,UG/M3,1 Hr,Valid
Banja Luka,PM2.5 - Principal,2022-11-04 10:00 PM,2022,11,04,22,19.5,67,Moderate,17.5,UG/M3,1 Hr,Valid
Banja Luka,PM2.5 - Principal,2022-11-04 11:00 PM,2022,11,04,23,16.7,61,Moderate,13.9,UG/M3,1 Hr,Valid
Banja Luka,PM2.5 - Principal,2022-11-05 12:00 AM,2022,11,05,00,26.0,80,Moderate,35.4,UG/M3,1 Hr,Valid
Banja Luka,PM2.5 - Principal,2022-11-05 01:00 AM,2022,11,05,01,33.8,97,Moderate,41.5,UG/M3,1 Hr,Valid
Banja Luka,PM2.5 - Principal,2022-11-05 02:00 AM,2022,11,05,02,29.9,88,Moderate,26.1,UG/M3,1 Hr,Valid
Banja Luka,PM2.5 - Principal,2022-11-05 03:00 AM,2022,11,05,03,20.7,69,Moderate,11.6,UG/M3,1 Hr,Valid
Banja Luka,PM2.5 - Principal,2022-11-05 04:00 AM,2022,11,05,04,16.5,60,Moderate,12.3,UG/M3,1 Hr,Valid
Banja Luka,PM2.5 - Principal,2022-11-05 05:00 AM,2022,11,05,05,12.7,52,Moderate,9.0,UG/M3,1 Hr,Valid
Banja Luka,PM2.5 - Principal,2022-11-05 06:00 AM,2022,11,05,06,7.7,32,Good,2.7,UG/M3,1 Hr,Valid
Banja Luka,PM2.5 - Principal,2022-11-05 07:00 AM,2022,11,05,07,5.8,24,Good,3.8,UG/M3,1 Hr,Valid
Banja Luka,PM2.5 - Principal,2022-11-05 08:00 AM,2022,11,05,08,5.7,24,Good,5.7,UG/M3,1 Hr,Valid
Banja Luka,PM2.5 - Principal,2022-11-05 09:00 AM,2022,11,05,09,6.7,28,Good,7.8,UG/M3,1 Hr,Valid
Banja Luka,PM2.5 - Principal,2022-11-05 10:00 AM,2022,11,05,10,9.8,41,Good,12.8,UG/M3,1 Hr,Valid
Banja Luka,PM2.5 - Principal,2022-11-05 11:00 AM,2022,11,05,11,10.1,42,Good,10.5,UG/M3,1 Hr,Valid
Banja Luka,PM2.5 - Principal,2022-11-05 12:00 PM,2022,11,05,12,10.4,43,Good,10.8,UG/M3,1 Hr,Valid
Banja Luka,PM2.5 - Principal,2022-11-05 01:00 PM,2022,11,05,13,11.0,46,Good,11.5,UG/M3,1 Hr,Valid
Banja Luka,PM2.5 - Principal,2022-11-05 02:00 PM,2022,11,05,14,13.8,55,Moderate,16.6,UG/M3,1 Hr,Valid
Banja Luka,PM2.5 - Principal,2022-11-05 03:00 PM,2022,11,05,15,16.7,61,Moderate,19.6,UG/M3,1 Hr,Valid
Banja Luka,PM2.5 - Principal,2022-11-05 04:00 PM,2022,11,05,16,16.9,61,Moderate,17.0,UG/M3,1 Hr,Valid
Banja Luka,PM2.5 - Principal,2022-11-05 05:00 PM,2022,11,05,17,18.9,65,Moderate,21.0,UG/M3,1 Hr,Valid
Banja Luka,PM2.5 - Principal,2022-11-05 06:00 PM,2022,11,05,18,23.6,75,Moderate,28.3,UG/M3,1 Hr,Valid
Banja Luka,PM2.5 - Principal,2022-11-05 07:00 PM,2022,11,05,19,25.2,79,Moderate,26.8,UG/M3,1 Hr,Valid
Banja Luka,PM2.5 - Principal,2022-11-05 08:00 PM,2022,11,05,20,25.9,80,Moderate,26.6,UG/M3,1 Hr,Valid
Banja Luka,PM2.5 - Principal,2022-11-05 09:00 PM,2022,11,05,21,28.1,85,Moderate,30.4,UG/M3,1 Hr,Valid
Banja Luka,PM2.5 - Principal,2022-11-05 10:00 PM,2022,11,05,22,25.8,80,Moderate,23.4,UG/M3,1 Hr,Valid
Banja Luka,PM2.5 - Principal,2022-11-05 11:00 PM,2022,11,05,23,23.4,75,Moderate,20.9,UG/M3,1 Hr,Valid
Banja Luka,PM2.5 - Principal,2022-11-06 12:00 AM,2022,11,06,00,20.2,68,Moderate,16.9,UG/M3,1 Hr,Valid
Banja Luka,PM2.5 - Principal,2022-11-06 01:00 AM,2022,11,06,01,17.0,61,Moderate,13.8,UG/M3,1 Hr,Valid
Banja Luka,PM2.5 - Principal,2022-11-06 02:00 AM,2022,11,06,02,13.4,54,Moderate,9.8,UG/M3,1 Hr,Valid
Banja Luka,PM2.5 - Principal,2022-11-06 03:00 AM,2022,11,06,03,11.4,48,Good,9.5,UG/M3,1 Hr,Valid
Banja Luka,PM2.5 - Principal,2022-11-06 04:00 AM,2022,11,06,04,10.0,42,Good,8.7,UG/M3,1 Hr,Valid
Banja Luka,PM2.5 - Principal,2022-11-06 05:00 AM,2022,11,06,05,8.6,36,Good,7.1,UG/M3,1 Hr,Valid
Banja Luka,PM2.5 - Principal,2022-11-06 06:00 AM,2022,11,06,06,8.0,33,Good,7.4,UG/M3,1 Hr,Valid
Banja Luka,PM2.5 - Principal,2022-11-06 07:00 AM,2022,11,06,07,8.6,36,Good,9.3,UG/M3,1 Hr,Valid
Banja Luka,PM2.5 - Principal,2022-11-06 08:00 AM,2022,11,06,08,9.4,39,Good,10.2,UG/M3,1 Hr,Valid
Banja Luka,PM2.5 - Principal,2022-11-06 09:00 AM,2022,11,06,09,11.1,46,Good,12.7,UG/M3,1 Hr,Valid
Banja Luka,PM2.5 - Principal,2022-11-06 10:00 AM,2022,11,06,10,13.0,53,Moderate,15.0,UG/M3,1 Hr,Valid
Banja Luka,PM2.5 - Principal,2022-11-06 11:00 AM,2022,11,06,11,14.2,55,Moderate,15.3,UG/M3,1 Hr,Valid
Banja Luka,PM2.5 - Principal,2022-11-06 12:00 PM,2022,11,06,12,12.9,53,Moderate,11.7,UG/M3,1 Hr,Valid
Banja Luka,PM2.5 - Principal,2022-11-06 01:00 PM,2022,11,06,13,12.1,51,Moderate,11.3,UG/M3,1 Hr,Valid
Banja Luka,PM2.5 - Principal,2022-11-06 02:00 PM,2022,11,06,14,12.5,52,Moderate,12.8,UG/M3,1 Hr,Valid
Banja Luka,PM2.5 - Principal,2022-11-06 03:00 PM,2022,11,06,15,14.3,56,Moderate,16.1,UG/M3,1 Hr,Valid
Banja Luka,PM2.5 - Principal,2022-11-06 04:00 PM,2022,11,06,16,14.9,57,Moderate,15.5,UG/M3,1 Hr,Valid
Banja Luka,PM2.5 - Principal,2022-11-06 05:00 PM,2022,11,06,17,16.3,60,Moderate,17.7,UG/M3,1 Hr,Valid
Banja Luka,PM2.5 - Principal,2022-11-06 06:00 PM,2022,11,06,18,20.7,69,Moderate,25.1,UG/M3,1 Hr,Valid
Banja Luka,PM2.5 - Principal,2022-11-06 07:00 PM,2022,11,06,19,22.6,73,Moderate,24.5,UG/M3,1 Hr,Valid
Banja Luka,PM2.5 - Principal,2022-11-06 08:00 PM,2022,11,06,20,21.2,70,Moderate,19.8,UG/M3,1 Hr,Valid
Banja Luka,PM2.5 - Principal,2022-11-06 09:00 PM,2022,11,06,21,26.8,82,Moderate,32.3,UG/M3,1 Hr,Valid
Banja Luka,PM2.5 - Principal,2022-11-06 10:00 PM,2022,11,06,22,24.7,77,Moderate,22.7,UG/M3,1 Hr,Valid
Banja Luka,PM2.5 - Principal,2022-11-06 11:00 PM,2022,11,06,23,24.4,77,Moderate,24.0,UG/M3,1 Hr,Valid
Banja Luka,PM2.5 - Principal,2022-11-07 12:00 AM,2022,11,07,00,24.5,77,Moderate,24.6,UG/M3,1 Hr,Valid
Banja Luka,PM2.5 - Principal,2022-11-07 01:00 AM,2022,11,07,01,28.4,85,Moderate,32.2,UG/M3,1 Hr,Valid
Banja Luka,PM2.5 - Principal,2022-11-07 02:00 AM,2022,11,07,02,28.3,85,Moderate,28.2,UG/M3,1 Hr,Valid
Banja Luka,PM2.5 - Principal,2022-11-07 03:00 AM,2022,11,07,03,29.8,88,Moderate,31.4,UG/M3,1 Hr,Valid
Banja Luka,PM2.5 - Principal,2022-11-07 04:00 AM,2022,11,07,04,28.9,86,Moderate,28.2,UG/M3,1 Hr,Valid
Banja Luka,PM2.5 - Principal,2022-11-07 05:00 AM,2022,11,07,05,25.7,80,Moderate,20.8,UG/M3,1 Hr,Valid
Banja Luka,PM2.5 - Principal,2022-11-07 06:00 AM,2022,11,07,06,18.6,65,Moderate,12.4,UG/M3,1 Hr,Valid
Banja Luka,PM2.5 - Principal,2022-11-07 07:00 AM,2022,11,07,07,14.2,55,Moderate,9.8,UG/M3,1 Hr,Valid
Banja Luka,PM2.5 - Principal,2022-11-07 08:00 AM,2022,11,07,08,15.3,58,Moderate,16.4,UG/M3,1 Hr,Valid
Banja Luka,PM2.5 - Principal,2022-11-07 09:00 AM,2022,11,07,09,16.6,60,Moderate,18.0,UG/M3,1 Hr,Valid
Banja Luka,PM2.5 - Principal,2022-11-07 10:00 AM,2022,11,07,10,14.7,56,Moderate,12.7,UG/M3,1 Hr,Valid
Banja Luka,PM2.5 - Principal,2022-11-07 11:00 AM,2022,11,07,11,14.8,57,Moderate,14.9,UG/M3,1 Hr,Valid
Banja Luka,PM2.5 - Principal,2022-11-07 12:00 PM,2022,11,07,12,15.8,59,Moderate,16.7,UG/M3,1 Hr,Valid
Banja Luka,PM2.5 - Principal,2022-11-07 01:00 PM,2022,11,07,13,15.8,59,Moderate,15.8,UG/M3,1 Hr,Valid
Banja Luka,PM2.5 - Principal,2022-11-07 02:00 PM,2022,11,07,14,16.7,61,Moderate,17.5,UG/M3,1 Hr,Valid
Banja Luka,PM2.5 - Principal,2022-11-07 03:00 PM,2022,11,07,15,15.9,59,Moderate,15.1,UG/M3,1 Hr,Valid
Banja Luka,PM2.5 - Principal,2022-11-07 04:00 PM,2022,11,07,16,15.0,57,Moderate,14.1,UG/M3,1 Hr,Valid
Banja Luka,PM2.5 - Principal,2022-11-07 05:00 PM,2022,11,07,17,15.3,58,Moderate,15.5,UG/M3,1 Hr,Valid
Banja Luka,PM2.5 - Principal,2022-11-07 06:00 PM,2022,11,07,18,23.2,74,Moderate,31.1,UG/M3,1 Hr,Valid
Banja Luka,PM2.5 - Principal,2022-11-07 07:00 PM,2022,11,07,19,36.0,102,Unhealthy for Sensitive Groups,48.9,UG/M3,1 Hr,Valid
Banja Luka,PM2.5 - Principal,2022-11-07 08:00 PM,2022,11,07,20,29.3,87,Moderate,22.5,UG/M3,1 Hr,Valid
Banja Luka,PM2.5 - Principal,2022-11-07 09:00 PM,2022,11,07,21,41.5,116,Unhealthy for Sensitive Groups,53.7,UG/M3,1 Hr,Valid
Banja Luka,PM2.5 - Principal,2022-11-07 10:00 PM,2022,11,07,22,85.0,166,Unhealthy,128.4,UG/M3,1 Hr,Valid
Banja Luka,PM2.5 - Principal,2022-11-07 11:00 PM,2022,11,07,23,77.4,162,Unhealthy,69.8,UG/M3,1 Hr,Valid
Banja Luka,PM2.5 - Principal,2022-11-08 12:00 AM,2022,11,08,00,74.1,161,Unhealthy,70.8,UG/M3,1 Hr,Valid
Banja Luka,PM2.5 - Principal,2022-11-08 01:00 AM,2022,11,08,01,71.8,159,Unhealthy,69.4,UG/M3,1 Hr,Valid
Banja Luka,PM2.5 - Principal,2022-11-08 02:00 AM,2022,11,08,02,61.7,154,Unhealthy,51.6,UG/M3,1 Hr,Valid
Banja Luka,PM2.5 - Principal,2022-11-08 03:00 AM,2022,11,08,03,60.3,153,Unhealthy,58.8,UG/M3,1 Hr,Valid
Banja Luka,PM2.5 - Principal,2022-11-08 04:00 AM,2022,11,08,04,44.7,124,Unhealthy for Sensitive Groups,29.2,UG/M3,1 Hr,Valid
Banja Luka,PM2.5 - Principal,2022-11-08 05:00 AM,2022,11,08,05,35.6,101,Unhealthy for Sensitive Groups,26.5,UG/M3,1 Hr,Valid
Banja Luka,PM2.5 - Principal,2022-11-08 06:00 AM,2022,11,08,06,29.9,88,Moderate,24.2,UG/M3,1 Hr,Valid
Banja Luka,PM2.5 - Principal,2022-11-08 07:00 AM,2022,11,08,07,32.1,93,Moderate,34.3,UG/M3,1 Hr,Valid
Banja Luka,PM2.5 - Principal,2022-11-08 08:00 AM,2022,11,08,08,37.9,107,Unhealthy for Sensitive Groups,43.8,UG/M3,1 Hr,Valid
Banja Luka,PM2.5 - Principal,2022-11-08 09:00 AM,2022,11,08,09,44.0,122,Unhealthy for Sensitive Groups,50.1,UG/M3,1 Hr,Valid
Banja Luka,PM2.5 - Principal,2022-11-08 10:00 AM,2022,11,08,10,45.7,126,Unhealthy for Sensitive Groups,47.4,UG/M3,1 Hr,Valid
Banja Luka,PM2.5 - Principal,2022-11-08 11:00 AM,2022,11,08,11,40.4,113,Unhealthy for Sensitive Groups,35.2,UG/M3,1 Hr,Valid
Banja Luka,PM2.5 - Principal,2022-11-08 12:00 PM,2022,11,08,12,33.5,96,Moderate,26.5,UG/M3,1 Hr,Valid
Banja Luka,PM2.5 - Principal,2022-11-08 01:00 PM,2022,11,08,13,27.5,83,Moderate,21.5,UG/M3,1 Hr,Valid
Banja Luka,PM2.5 - Principal,2022-11-08 02:00 PM,2022,11,08,14,23.0,74,Moderate,18.5,UG/M3,1 Hr,Valid
Banja Luka,PM2.5 - Principal,2022-11-08 03:00 PM,2022,11,08,15,20.8,69,Moderate,18.7,UG/M3,1 Hr,Valid
Banja Luka,PM2.5 - Principal,2022-11-08 04:00 PM,2022,11,08,16,23.5,75,Moderate,26.1,UG/M3,1 Hr,Valid
Banja Luka,PM2.5 - Principal,2022-11-08 05:00 PM,2022,11,08,17,29.3,87,Moderate,35.2,UG/M3,1 Hr,Valid
Banja Luka,PM2.5 - Principal,2022-11-08 06:00 PM,2022,11,08,18,93.7,171,Unhealthy,158.0,UG/M3,1 Hr,Valid
Banja Luka,PM2.5 - Principal,2022-11-08 07:00 PM,2022,11,08,19,99.3,174,Unhealthy,104.8,UG/M3,1 Hr,Valid
Banja Luka,PM2.5 - Principal,2022-11-08 08:00 PM,2022,11,08,20,117.8,183,Unhealthy,136.3,UG/M3,1 Hr,Valid
Banja Luka,PM2.5 - Principal,2022-11-08 09:00 PM,2022,11,08,21,115.9,182,Unhealthy,113.9,UG/M3,1 Hr,Valid
Banja Luka,PM2.5 - Principal,2022-11-08 10:00 PM,2022,11,08,22,129.7,189,Unhealthy,143.5,UG/M3,1 Hr,Valid
Banja Luka,PM2.5 - Principal,2022-11-08 11:00 PM,2022,11,08,23,123.3,186,Unhealthy,116.9,UG/M3,1 Hr,Valid
Banja Luka,PM2.5 - Principal,2022-11-09 12:00 AM,2022,11,09,00,107.8,178,Unhealthy,92.3,UG/M3,1 Hr,Valid
Banja Luka,PM2.5 - Principal,2022-11-09 01:00 AM,2022,11,09,01,118.1,183,Unhealthy,128.4,UG/M3,1 Hr,Valid
Banja Luka,PM2.5 - Principal,2022-11-09 02:00 AM,2022,11,09,02,126.8,188,Unhealthy,135.5,UG/M3,1 Hr,Valid
Banja Luka,PM2.5 - Principal,2022-11-09 03:00 AM,2022,11,09,03,111.3,180,Unhealthy,95.7,UG/M3,1 Hr,Valid
Banja Luka,PM2.5 - Principal,2022-11-09 04:00 AM,2022,11,09,04,83.4,165,Unhealthy,55.5,UG/M3,1 Hr,Valid
Banja Luka,PM2.5 - Principal,2022-11-09 05:00 AM,2022,11,09,05,65.0,156,Unhealthy,46.7,UG/M3,1 Hr,Valid
Banja Luka,PM2.5 - Principal,2022-11-09 06:00 AM,2022,11,09,06,55.8,151,Unhealthy,46.6,UG/M3,1 Hr,Valid
Banja Luka,PM2.5 - Principal,2022-11-09 07:00 AM,2022,11,09,07,47.2,130,Unhealthy for Sensitive Groups,38.7,UG/M3,1 Hr,Valid
Banja Luka,PM2.5 - Principal,2022-11-09 08:00 AM,2022,11,09,08,46.8,129,Unhealthy for Sensitive Groups,46.5,UG/M3,1 Hr,Valid
Banja Luka,PM2.5 - Principal,2022-11-09 09:00 AM,2022,11,09,09,53.2,145,Unhealthy for Sensitive Groups,59.6,UG/M3,1 Hr,Valid
Banja Luka,PM2.5 - Principal,2022-11-09 10:00 AM,2022,11,09,10,44.9,124,Unhealthy for Sensitive Groups,36.7,UG/M3,1 Hr,Valid
Banja Luka,PM2.5 - Principal,2022-11-09 11:00 AM,2022,11,09,11,31.0,91,Moderate,17.1,UG/M3,1 Hr,Valid
Banja Luka,PM2.5 - Principal,2022-11-09 12:00 PM,2022,11,09,12,23.1,74,Moderate,15.3,UG/M3,1 Hr,Valid
Banja Luka,PM2.5 - Principal,2022-11-09 01:00 PM,2022,11,09,13,21.6,71,Moderate,20.0,UG/M3,1 Hr,Valid
Banja Luka,PM2.5 - Principal,2022-11-09 02:00 PM,2022,11,09,14,18.7,65,Moderate,16.0,UG/M3,1 Hr,Valid
Banja Luka,PM2.5 - Principal,2022-11-09 03:00 PM,2022,11,09,15,18.3,64,Moderate,17.8,UG/M3,1 Hr,Valid
Banja Luka,PM2.5 - Principal,2022-11-09 04:00 PM,2022,11,09,16,22.7,73,Moderate,27.1,UG/M3,1 Hr,Valid
Banja Luka,PM2.5 - Principal,2022-11-09 05:00 PM,2022,11,09,17,48.4,133,Unhealthy for Sensitive Groups,74.1,UG/M3,1 Hr,Valid
Banja Luka,PM2.5 - Principal,2022-11-09 06:00 PM,2022,11,09,18,82.0,165,Unhealthy,115.6,UG/M3,1 Hr,Valid
Banja Luka,PM2.5 - Principal,2022-11-09 07:00 PM,2022,11,09,19,115.8,182,Unhealthy,149.6,UG/M3,1 Hr,Valid
Banja Luka,PM2.5 - Principal,2022-11-09 08:00 PM,2022,11,09,20,162.5,213,Very Unhealthy,209.2,UG/M3,1 Hr,Valid
Banja Luka,PM2.5 - Principal,2022-11-09 09:00 PM,2022,11,09,21,161.0,211,Very Unhealthy,159.4,UG/M3,1 Hr,Valid
Banja Luka,PM2.5 - Principal,2022-11-09 10:00 PM,2022,11,09,22,105.1,177,Unhealthy,49.2,UG/M3,1 Hr,Valid
Banja Luka,PM2.5 - Principal,2022-11-09 11:00 PM,2022,11,09,23,101.1,175,Unhealthy,97.1,UG/M3,1 Hr,Valid
Banja Luka,PM2.5 - Principal,2022-11-10 12:00 AM,2022,11,10,00,79.4,163,Unhealthy,57.7,UG/M3,1 Hr,Valid
Banja Luka,PM2.5 - Principal,2022-11-10 01:00 AM,2022,11,10,01,56.7,152,Unhealthy,34.0,UG/M3,1 Hr,Valid
Banja Luka,PM2.5 - Principal,2022-11-10 02:00 AM,2022,11,10,02,60.9,154,Unhealthy,65.1,UG/M3,1 Hr,Valid
Banja Luka,PM2.5 - Principal,2022-11-10 03:00 AM,2022,11,10,03,59.1,153,Unhealthy,57.3,UG/M3,1 Hr,Valid
Banja Luka,PM2.5 - Principal,2022-11-10 04:00 AM,2022,11,10,04,55.3,150,Unhealthy for Sensitive Groups,51.5,UG/M3,1 Hr,Valid
Banja Luka,PM2.5 - Principal,2022-11-10 05:00 AM,2022,11,10,05,48.7,134,Unhealthy for Sensitive Groups,42.1,UG/M3,1 Hr,Valid
Banja Luka,PM2.5 - Principal,2022-11-10 06:00 AM,2022,11,10,06,37.9,107,Unhealthy for Sensitive Groups,27.2,UG/M3,1 Hr,Valid
Banja Luka,PM2.5 - Principal,2022-11-10 07:00 AM,2022,11,10,07,32.1,93,Moderate,26.3,UG/M3,1 Hr,Valid
Banja Luka,PM2.5 - Principal,2022-11-10 08:00 AM,2022,11,10,08,34.4,98,Moderate,36.8,UG/M3,1 Hr,Valid
Banja Luka,PM2.5 - Principal,2022-11-10 09:00 AM,2022,11,10,09,28.9,86,Moderate,23.5,UG/M3,1 Hr,Valid
Banja Luka,PM2.5 - Principal,2022-11-10 10:00 AM,2022,11,10,10,26.3,81,Moderate,23.6,UG/M3,1 Hr,Valid
Banja Luka,PM2.5 - Principal,2022-11-10 11:00 AM,2022,11,10,11,23.5,75,Moderate,20.8,UG/M3,1 Hr,Valid
Banja Luka,PM2.5 - Principal,2022-11-10 12:00 PM,2022,11,10,12,21.6,71,Moderate,19.7,UG/M3,1 Hr,Valid
Banja Luka,PM2.5 - Principal,2022-11-10 01:00 PM,2022,11,10,13,18.4,64,Moderate,15.3,UG/M3,1 Hr,Valid
Banja Luka,PM2.5 - Principal,2022-11-10 02:00 PM,2022,11,10,14,15.6,58,Moderate,12.8,UG/M3,1 Hr,Valid
Banja Luka,PM2.5 - Principal,2022-11-10 03:00 PM,2022,11,10,15,12.6,52,Moderate,9.5,UG/M3,1 Hr,Valid
Banja Luka,PM2.5 - Principal,2022-11-10 04:00 PM,2022,11,10,16,12.9,53,Moderate,13.3,UG/M3,1 Hr,Valid
Banja Luka,PM2.5 - Principal,2022-11-10 05:00 PM,2022,11,10,17,16.9,61,Moderate,21.0,UG/M3,1 Hr,Valid
Banja Luka,PM2.5 - Principal,2022-11-10 06:00 PM,2022,11,10,18,33.2,95,Moderate,49.4,UG/M3,1 Hr,Valid
Banja Luka,PM2.5 - Principal,2022-11-10 07:00 PM,2022,11,10,19,29.4,87,Moderate,25.7,UG/M3,1 Hr,Valid
Banja Luka,PM2.5 - Principal,2022-11-10 08:00 PM,2022,11,10,20,27.3,83,Moderate,25.1,UG/M3,1 Hr,Valid
Banja Luka,PM2.5 - Principal,2022-11-10 09:00 PM,2022,11,10,21,26.2,81,Moderate,25.2,UG/M3,1 Hr,Valid
Banja Luka,PM2.5 - Principal,2022-11-10 10:00 PM,2022,11,10,22,25.5,79,Moderate,24.7,UG/M3,1 Hr,Valid
Banja Luka,PM2.5 - Principal,2022-11-10 11:00 PM,2022,11,10,23,23.8,76,Moderate,22.1,UG/M3,1 Hr,Valid
Banja Luka,PM2.5 - Principal,2022-11-11 12:00 AM,2022,11,11,00,23.5,75,Moderate,23.1,UG/M3,1 Hr,Valid
Banja Luka,PM2.5 - Principal,2022-11-11 01:00 AM,2022,11,11,01,25.4,79,Moderate,27.2,UG/M3,1 Hr,Valid
Banja Luka,PM2.5 - Principal,2022-11-11 02:00 AM,2022,11,11,02,37.1,105,Unhealthy for Sensitive Groups,48.8,UG/M3,1 Hr,Valid
Banja Luka,PM2.5 - Principal,2022-11-11 03:00 AM,2022,11,11,03,37.3,105,Unhealthy for Sensitive Groups,37.5,UG/M3,1 Hr,Valid
Banja Luka,PM2.5 - Principal,2022-11-11 04:00 AM,2022,11,11,04,29.6,88,Moderate,21.9,UG/M3,1 Hr,Valid
Banja Luka,PM2.5 - Principal,2022-11-11 05:00 AM,2022,11,11,05,35.2,100,Moderate,40.8,UG/M3,1 Hr,Valid
Banja Luka,PM2.5 - Principal,2022-11-11 06:00 AM,2022,11,11,06,29.0,87,Moderate,22.9,UG/M3,1 Hr,Valid
Banja Luka,PM2.5 - Principal,2022-11-11 07:00 AM,2022,11,11,07,26.9,82,Moderate,24.8,UG/M3,1 Hr,Valid
Banja Luka,PM2.5 - Principal,2022-11-11 08:00 AM,2022,11,11,08,38.3,108,Unhealthy for Sensitive Groups,49.7,UG/M3,1 Hr,Valid
Banja Luka,PM2.5 - Principal,2022-11-11 09:00 AM,2022,11,11,09,44.2,122,Unhealthy for Sensitive Groups,50.0,UG/M3,1 Hr,Valid
Banja Luka,PM2.5 - Principal,2022-11-11 10:00 AM,2022,11,11,10,43.8,121,Unhealthy for Sensitive Groups,43.3,UG/M3,1 Hr,Valid
Banja Luka,PM2.5 - Principal,2022-11-11 11:00 AM,2022,11,11,11,36.8,104,Unhealthy for Sensitive Groups,29.8,UG/M3,1 Hr,Valid
Banja Luka,PM2.5 - Principal,2022-11-11 12:00 PM,2022,11,11,12,28.6,86,Moderate,20.3,UG/M3,1 Hr,Valid
Banja Luka,PM2.5 - Principal,2022-11-11 01:00 PM,2022,11,11,13,22.2,72,Moderate,15.9,UG/M3,1 Hr,Valid
Banja Luka,PM2.5 - Principal,2022-11-11 02:00 PM,2022,11,11,14,15.2,58,Moderate,8.2,UG/M3,1 Hr,Valid
Banja Luka,PM2.5 - Principal,2022-11-11 03:00 PM,2022,11,11,15,11.9,50,Good,8.5,UG/M3,1 Hr,Valid
Banja Luka,PM2.5 - Principal,2022-11-11 04:00 PM,2022,11,11,16,12.2,51,Moderate,12.4,UG/M3,1 Hr,Valid
Banja Luka,PM2.5 - Principal,2022-11-11 05:00 PM,2022,11,11,17,19.9,67,Moderate,27.7,UG/M3,1 Hr,Valid
Banja Luka,PM2.5 - Principal,2022-11-11 06:00 PM,2022,11,11,18,75.7,161,Unhealthy,131.4,UG/M3,1 Hr,Valid
Banja Luka,PM2.5 - Principal,2022-11-11 07:00 PM,2022,11,11,19,87.6,168,Unhealthy,99.4,UG/M3,1 Hr,Valid
Banja Luka,PM2.5 - Principal,2022-11-11 08:00 PM,2022,11,11,20,94.0,171,Unhealthy,100.3,UG/M3,1 Hr,Valid
Banja Luka,PM2.5 - Principal,2022-11-11 09:00 PM,2022,11,11,21,99.7,174,Unhealthy,105.4,UG/M3,1 Hr,Valid
Banja Luka,PM2.5 - Principal,2022-11-11 10:00 PM,2022,11,11,22,98.6,173,Unhealthy,97.6,UG/M3,1 Hr,Valid
Banja Luka,PM2.5 - Principal,2022-11-11 11:00 PM,2022,11,11,23,93.3,171,Unhealthy,88.0,UG/M3,1 Hr,Valid
Banja Luka,PM2.5 - Principal,2022-11-12 12:00 AM,2022,11,12,00,92.8,170,Unhealthy,92.2,UG/M3,1 Hr,Valid
Banja Luka,PM2.5 - Principal,2022-11-12 01:00 AM,2022,11,12,01,74.6,161,Unhealthy,56.3,UG/M3,1 Hr,Valid
Banja Luka,PM2.5 - Principal,2022-11-12 02:00 AM,2022,11,12,02,46.5,128,Unhealthy for Sensitive Groups,18.5,UG/M3,1 Hr,Valid
Banja Luka,PM2.5 - Principal,2022-11-12 03:00 AM,2022,11,12,03,40.5,113,Unhealthy for Sensitive Groups,34.5,UG/M3,1 Hr,Valid
Banja Luka,PM2.5 - Principal,2022-11-12 04:00 AM,2022,11,12,04,27.8,84,Moderate,15.0,UG/M3,1 Hr,Valid
Banja Luka,PM2.5 - Principal,2022-11-12 05:00 AM,2022,11,12,05,20.7,69,Moderate,13.6,UG/M3,1 Hr,Valid
Banja Luka,PM2.5 - Principal,2022-11-12 06:00 AM,2022,11,12,06,17.5,62,Moderate,14.3,UG/M3,1 Hr,Valid
Banja Luka,PM2.5 - Principal,2022-11-12 07:00 AM,2022,11,12,07,20.9,70,Moderate,24.4,UG/M3,1 Hr,Valid
Banja Luka,PM2.5 - Principal,2022-11-12 08:00 AM,2022,11,12,08,18.5,64,Moderate,16.1,UG/M3,1 Hr,Valid
Banja Luka,PM2.5 - Principal,2022-11-12 09:00 AM,2022,11,12,09,32.4,94,Moderate,46.3,UG/M3,1 Hr,Valid
Banja Luka,PM2.5 - Principal,2022-11-12 10:00 AM,2022,11,12,10,33.0,95,Moderate,33.6,UG/M3,1 Hr,Valid
Banja Luka,PM2.5 - Principal,2022-11-12 11:00 AM,2022,11,12,11,39.3,110,Unhealthy for Sensitive Groups,45.5,UG/M3,1 Hr,Valid
Banja Luka,PM2.5 - Principal,2022-11-12 12:00 PM,2022,11,12,12,33.0,95,Moderate,26.7,UG/M3,1 Hr,Valid
Banja Luka,PM2.5 - Principal,2022-11-12 01:00 PM,2022,11,12,13,39.6,111,Unhealthy for Sensitive Groups,46.3,UG/M3,1 Hr,Valid
Banja Luka,PM2.5 - Principal,2022-11-12 02:00 PM,2022,11,12,14,31.2,91,Moderate,22.8,UG/M3,1 Hr,Valid
Banja Luka,PM2.5 - Principal,2022-11-12 03:00 PM,2022,11,12,15,27.3,83,Moderate,23.4,UG/M3,1 Hr,Valid
Banja Luka,PM2.5 - Principal,2022-11-12 04:00 PM,2022,11,12,16,23.2,74,Moderate,19.1,UG/M3,1 Hr,Valid
Banja Luka,PM2.5 - Principal,2022-11-12 05:00 PM,2022,11,12,17,22.8,74,Moderate,22.4,UG/M3,1 Hr,Valid
Banja Luka,PM2.5 - Principal,2022-11-12 06:00 PM,2022,11,12,18,26.2,81,Moderate,29.6,UG/M3,1 Hr,Valid
Banja Luka,PM2.5 - Principal,2022-11-12 07:00 PM,2022,11,12,19,28.2,85,Moderate,30.2,UG/M3,1 Hr,Valid
Banja Luka,PM2.5 - Principal,2022-11-12 08:00 PM,2022,11,12,20,40.4,113,Unhealthy for Sensitive Groups,52.6,UG/M3,1 Hr,Valid
Banja Luka,PM2.5 - Principal,2022-11-12 09:00 PM,2022,11,12,21,44.4,123,Unhealthy for Sensitive Groups,48.4,UG/M3,1 Hr,Valid
Banja Luka,PM2.5 - Principal,2022-11-12 10:00 PM,2022,11,12,22,43.7,121,Unhealthy for Sensitive Groups,43.0,UG/M3,1 Hr,Valid
Banja Luka,PM2.5 - Principal,2022-11-12 11:00 PM,2022,11,12,23,38.3,108,Unhealthy for Sensitive Groups,32.8,UG/M3,1 Hr,Valid
Banja Luka,PM2.5 - Principal,2022-11-13 12:00 AM,2022,11,13,00,35.5,101,Unhealthy for Sensitive Groups,32.7,UG/M3,1 Hr,Valid
Banja Luka,PM2.5 - Principal,2022-11-13 01:00 AM,2022,11,13,01,35.8,102,Unhealthy for Sensitive Groups,36.1,UG/M3,1 Hr,Valid
Banja Luka,PM2.5 - Principal,2022-11-13 02:00 AM,2022,11,13,02,35.6,101,Unhealthy for Sensitive Groups,35.4,UG/M3,1 Hr,Valid
Banja Luka,PM2.5 - Principal,2022-11-13 03:00 AM,2022,11,13,03,34.8,99,Moderate,34.0,UG/M3,1 Hr,Valid
Banja Luka,PM2.5 - Principal,2022-11-13 04:00 AM,2022,11,13,04,32.7,94,Moderate,30.6,UG/M3,1 Hr,Valid
Banja Luka,PM2.5 - Principal,2022-11-13 05:00 AM,2022,11,13,05,30.5,90,Moderate,27.8,UG/M3,1 Hr,Valid
Banja Luka,PM2.5 - Principal,2022-11-13 06:00 AM,2022,11,13,06,30.6,90,Moderate,30.7,UG/M3,1 Hr,Valid
Banja Luka,PM2.5 - Principal,2022-11-13 07:00 AM,2022,11,13,07,30.1,89,Moderate,29.4,UG/M3,1 Hr,Valid
Banja Luka,PM2.5 - Principal,2022-11-13 08:00 AM,2022,11,13,08,31.4,92,Moderate,32.9,UG/M3,1 Hr,Valid
Banja Luka,PM2.5 - Principal,2022-11-13 09:00 AM,2022,11,13,09,32.4,94,Moderate,34.3,UG/M3,1 Hr,Valid
Banja Luka,PM2.5 - Principal,2022-11-13 10:00 AM,2022,11,13,10,33.7,96,Moderate,37.9,UG/M3,1 Hr,Valid
Banja Luka,PM2.5 - Principal,2022-11-13 11:00 AM,2022,11,13,11,38.5,108,Unhealthy for Sensitive Groups,44.9,UG/M3,1 Hr,Valid
Banja Luka,PM2.5 - Principal,2022-11-13 12:00 PM,2022,11,13,12,39.4,111,Unhealthy for Sensitive Groups,40.9,UG/M3,1 Hr,Valid
Banja Luka,PM2.5 - Principal,2022-11-13 01:00 PM,2022,11,13,13,42.7,119,Unhealthy for Sensitive Groups,47.0,UG/M3,1 Hr,Valid
Banja Luka,PM2.5 - Principal,2022-11-13 02:00 PM,2022,11,13,14,43.7,121,Unhealthy for Sensitive Groups,45.0,UG/M3,1 Hr,Valid
Banja Luka,PM2.5 - Principal,2022-11-13 03:00 PM,2022,11,13,15,46.5,128,Unhealthy for Sensitive Groups,49.7,UG/M3,1 Hr,Valid
Banja Luka,PM2.5 - Principal,2022-11-13 04:00 PM,2022,11,13,16,47.2,130,Unhealthy for Sensitive Groups,48.2,UG/M3,1 Hr,Valid
Banja Luka,PM2.5 - Principal,2022-11-13 05:00 PM,2022,11,13,17,54.4,148,Unhealthy for Sensitive Groups,61.3,UG/M3,1 Hr,Valid
Banja Luka,PM2.5 - Principal,2022-11-13 06:00 PM,2022,11,13,18,69.0,158,Unhealthy,83.5,UG/M3,1 Hr,Valid
Banja Luka,PM2.5 - Principal,2022-11-13 07:00 PM,2022,11,13,19,95.5,172,Unhealthy,121.9,UG/M3,1 Hr,Valid
Banja Luka,PM2.5 - Principal,2022-11-13 08:00 PM,2022,11,13,20,103.2,176,Unhealthy,110.8,UG/M3,1 Hr,Valid
Banja Luka,PM2.5 - Principal,2022-11-13 09:00 PM,2022,11,13,21,107.0,178,Unhealthy,110.8,UG/M3,1 Hr,Valid
Banja Luka,PM2.5 - Principal,2022-11-13 10:00 PM,2022,11,13,22,86.7,167,Unhealthy,66.5,UG/M3,1 Hr,Valid
Banja Luka,PM2.5 - Principal,2022-11-13 11:00 PM,2022,11,13,23,76.5,162,Unhealthy,66.2,UG/M3,1 Hr,Valid
Banja Luka,PM2.5 - Principal,2022-11-14 12:00 AM,2022,11,14,00,96.0,172,Unhealthy,115.5,UG/M3,1 Hr,Valid
Banja Luka,PM2.5 - Principal,2022-11-14 01:00 AM,2022,11,14,01,102.6,175,Unhealthy,109.1,UG/M3,1 Hr,Valid
Banja Luka,PM2.5 - Principal,2022-11-14 02:00 AM,2022,11,14,02,88.3,168,Unhealthy,74.1,UG/M3,1 Hr,Valid
Banja Luka,PM2.5 - Principal,2022-11-14 03:00 AM,2022,11,14,03,70.6,159,Unhealthy,52.8,UG/M3,1 Hr,Valid
Banja Luka,PM2.5 - Principal,2022-11-14 04:00 AM,2022,11,14,04,55.6,151,Unhealthy,40.5,UG/M3,1 Hr,Valid
Banja Luka,PM2.5 - Principal,2022-11-14 05:00 AM,2022,11,14,05,43.1,120,Unhealthy for Sensitive Groups,30.7,UG/M3,1 Hr,Valid
Banja Luka,PM2.5 - Principal,2022-11-14 06:00 AM,2022,11,14,06,35.7,101,Unhealthy for Sensitive Groups,28.2,UG/M3,1 Hr,Valid
Banja Luka,PM2.5 - Principal,2022-11-14 07:00 AM,2022,11,14,07,33.0,95,Moderate,30.3,UG/M3,1 Hr,Valid
Banja Luka,PM2.5 - Principal,2022-11-14 08:00 AM,2022,11,14,08,33.7,96,Moderate,34.4,UG/M3,1 Hr,Valid
Banja Luka,PM2.5 - Principal,2022-11-14 09:00 AM,2022,11,14,09,33.3,96,Moderate,32.9,UG/M3,1 Hr,Valid
Banja Luka,PM2.5 - Principal,2022-11-14 10:00 AM,2022,11,14,10,36.0,102,Unhealthy for Sensitive Groups,38.8,UG/M3,1 Hr,Valid
Banja Luka,PM2.5 - Principal,2022-11-14 11:00 AM,2022,11,14,11,39.5,111,Unhealthy for Sensitive Groups,42.9,UG/M3,1 Hr,Valid
Banja Luka,PM2.5 - Principal,2022-11-14 12:00 PM,2022,11,14,12,51.1,139,Unhealthy for Sensitive Groups,62.8,UG/M3,1 Hr,Valid
Banja Luka,PM2.5 - Principal,2022-11-14 01:00 PM,2022,11,14,13,53.9,146,Unhealthy for Sensitive Groups,56.6,UG/M3,1 Hr,Valid
Banja Luka,PM2.5 - Principal,2022-11-14 02:00 PM,2022,11,14,14,56.4,151,Unhealthy,58.8,UG/M3,1 Hr,Valid
Banja Luka,PM2.5 - Principal,2022-11-14 03:00 PM,2022,11,14,15,55.2,150,Unhealthy for Sensitive Groups,54.0,UG/M3,1 Hr,Valid
Banja Luka,PM2.5 - Principal,2022-11-14 04:00 PM,2022,11,14,16,62.9,155,Unhealthy,70.5,UG/M3,1 Hr,Valid
Banja Luka,PM2.5 - Principal,2022-11-14 05:00 PM,2022,11,14,17,68.8,158,Unhealthy,74.7,UG/M3,1 Hr,Valid
Banja Luka,PM2.5 - Principal,2022-11-14 06:00 PM,2022,11,14,18,66.2,157,Unhealthy,63.6,UG/M3,1 Hr,Valid
Banja Luka,PM2.5 - Principal,2022-11-14 07:00 PM,2022,11,14,19,66.5,157,Unhealthy,66.9,UG/M3,1 Hr,Valid
Banja Luka,PM2.5 - Principal,2022-11-14 08:00 PM,2022,11,14,20,60.3,153,Unhealthy,54.1,UG/M3,1 Hr,Valid
Banja Luka,PM2.5 - Principal,2022-11-14 09:00 PM,2022,11,14,21,53.5,145,Unhealthy for Sensitive Groups,45.8,UG/M3,1 Hr,Valid
Banja Luka,PM2.5 - Principal,2022-11-14 10:00 PM,2022,11,14,22,50.2,137,Unhealthy for Sensitive Groups,44.4,UG/M3,1 Hr,Valid
Banja Luka,PM2.5 - Principal,2022-11-14 11:00 PM,2022,11,14,23,41.1,115,Unhealthy for Sensitive Groups,33.5,UG/M3,1 Hr,Valid
Banja Luka,PM2.5 - Principal,2022-11-15 12:00 AM,2022,11,15,00,34.9,99,Moderate,28.8,UG/M3,1 Hr,Valid
Banja Luka,PM2.5 - Principal,2022-11-15 01:00 AM,2022,11,15,01,26.7,82,Moderate,18.6,UG/M3,1 Hr,Valid
Banja Luka,PM2.5 - Principal,2022-11-15 02:00 AM,2022,11,15,02,23.4,75,Moderate,20.0,UG/M3,1 Hr,Valid
Banja Luka,PM2.5 - Principal,2022-11-15 03:00 AM,2022,11,15,03,21.5,71,Moderate,19.5,UG/M3,1 Hr,Valid
Banja Luka,PM2.5 - Principal,2022-11-15 04:00 AM,2022,11,15,04,20.7,69,Moderate,20.0,UG/M3,1 Hr,Valid
Banja Luka,PM2.5 - Principal,2022-11-15 05:00 AM,2022,11,15,05,17.4,62,Moderate,14.2,UG/M3,1 Hr,Valid
Banja Luka,PM2.5 - Principal,2022-11-15 06:00 AM,2022,11,15,06,16.0,59,Moderate,14.6,UG/M3,1 Hr,Valid
Banja Luka,PM2.5 - Principal,2022-11-15 07:00 AM,2022,11,15,07,17.0,61,Moderate,18.1,UG/M3,1 Hr,Valid
Banja Luka,PM2.5 - Principal,2022-11-15 08:00 AM,2022,11,15,08,18.1,64,Moderate,19.2,UG/M3,1 Hr,Valid
Banja Luka,PM2.5 - Principal,2022-11-15 09:00 AM,2022,11,15,09,23.9,76,Moderate,29.7,UG/M3,1 Hr,Valid
Banja Luka,PM2.5 - Principal,2022-11-15 10:00 AM,2022,11,15,10,30.4,89,Moderate,37.0,UG/M3,1 Hr,Valid
Banja Luka,PM2.5 - Principal,2022-11-15 11:00 AM,2022,11,15,11,44.0,122,Unhealthy for Sensitive Groups,57.6,UG/M3,1 Hr,Valid
Banja Luka,PM2.5 - Principal,2022-11-15 12:00 PM,2022,11,15,12,44.7,124,Unhealthy for Sensitive Groups,45.4,UG/M3,1 Hr,Valid
Banja Luka,PM2.5 - Principal,2022-11-15 01:00 PM,2022,11,15,13,47.4,130,Unhealthy for Sensitive Groups,50.1,UG/M3,1 Hr,Valid
Banja Luka,PM2.5 - Principal,2022-11-15 02:00 PM,2022,11,15,14,48.1,132,Unhealthy for Sensitive Groups,48.8,UG/M3,1 Hr,Valid
Banja Luka,PM2.5 - Principal,2022-11-15 03:00 PM,2022,11,15,15,41.6,116,Unhealthy for Sensitive Groups,35.1,UG/M3,1 Hr,Valid
Banja Luka,PM2.5 - Principal,2022-11-15 04:00 PM,2022,11,15,16,59.9,153,Unhealthy,78.3,UG/M3,1 Hr,Valid
Banja Luka,PM2.5 - Principal,2022-11-15 05:00 PM,2022,11,15,17,97.7,173,Unhealthy,135.3,UG/M3,1 Hr,Valid
Banja Luka,PM2.5 - Principal,2022-11-15 06:00 PM,2022,11,15,18,144.1,197,Unhealthy,190.4,UG/M3,1 Hr,Valid
Banja Luka,PM2.5 - Principal,2022-11-15 07:00 PM,2022,11,15,19,149.6,200,Unhealthy,155.0,UG/M3,1 Hr,Valid
Banja Luka,PM2.5 - Principal,2022-11-15 08:00 PM,2022,11,15,20,159.1,210,Very Unhealthy,168.7,UG/M3,1 Hr,Valid
Banja Luka,PM2.5 - Principal,2022-11-15 09:00 PM,2022,11,15,21,177.6,228,Very Unhealthy,196.1,UG/M3,1 Hr,Valid
Banja Luka,PM2.5 - Principal,2022-11-15 10:00 PM,2022,11,15,22,213.0,263,Very Unhealthy,248.4,UG/M3,1 Hr,Valid
Banja Luka,PM2.5 - Principal,2022-11-15 11:00 PM,2022,11,15,23,185.9,236,Very Unhealthy,158.7,UG/M3,1 Hr,Valid
Banja Luka,PM2.5 - Principal,2022-11-16 12:00 AM,2022,11,16,00,187.3,237,Very Unhealthy,188.6,UG/M3,1 Hr,Valid
Banja Luka,PM2.5 - Principal,2022-11-16 01:00 AM,2022,11,16,01,175.2,225,Very Unhealthy,163.1,UG/M3,1 Hr,Valid
Banja Luka,PM2.5 - Principal,2022-11-16 02:00 AM,2022,11,16,02,184.3,234,Very Unhealthy,193.3,UG/M3,1 Hr,Valid
Banja Luka,PM2.5 - Principal,2022-11-16 03:00 AM,2022,11,16,03,161.3,212,Very Unhealthy,138.3,UG/M3,1 Hr,Valid
Banja Luka,PM2.5 - Principal,2022-11-16 04:00 AM,2022,11,16,04,137.8,193,Unhealthy,114.2,UG/M3,1 Hr,Valid
Banja Luka,PM2.5 - Principal,2022-11-16 05:00 AM,2022,11,16,05,102.0,175,Unhealthy,66.3,UG/M3,1 Hr,Valid
Banja Luka,PM2.5 - Principal,2022-11-16 06:00 AM,2022,11,16,06,79.7,163,Unhealthy,57.5,UG/M3,1 Hr,Valid
Banja Luka,PM2.5 - Principal,2022-11-16 07:00 AM,2022,11,16,07,65.6,156,Unhealthy,51.5,UG/M3,1 Hr,Valid
Banja Luka,PM2.5 - Principal,2022-11-16 08:00 AM,2022,11,16,08,56.5,152,Unhealthy,47.4,UG/M3,1 Hr,Valid
Banja Luka,PM2.5 - Principal,2022-11-16 09:00 AM,2022,11,16,09,58.7,153,Unhealthy,61.0,UG/M3,1 Hr,Valid
Banja Luka,PM2.5 - Principal,2022-11-16 10:00 AM,2022,11,16,10,62.3,155,Unhealthy,65.9,UG/M3,1 Hr,Valid
Banja Luka,PM2.5 - Principal,2022-11-16 11:00 AM,2022,11,16,11,59.5,153,Unhealthy,56.6,UG/M3,1 Hr,Valid
Banja Luka,PM2.5 - Principal,2022-11-16 12:00 PM,2022,11,16,12,58.9,153,Unhealthy,58.4,UG/M3,1 Hr,Valid
Banja Luka,PM2.5 - Principal,2022-11-16 01:00 PM,2022,11,16,13,42.4,118,Unhealthy for Sensitive Groups,25.8,UG/M3,1 Hr,Valid
Banja Luka,PM2.5 - Principal,2022-11-16 02:00 PM,2022,11,16,14,52.5,143,Unhealthy for Sensitive Groups,62.6,UG/M3,1 Hr,Valid
Banja Luka,PM2.5 - Principal,2022-11-16 03:00 PM,2022,11,16,15,60.1,153,Unhealthy,67.7,UG/M3,1 Hr,Valid
Banja Luka,PM2.5 - Principal,2022-11-16 04:00 PM,2022,11,16,16,83.7,166,Unhealthy,107.3,UG/M3,1 Hr,Valid
Banja Luka,PM2.5 - Principal,2022-11-16 05:00 PM,2022,11,16,17,91.1,169,Unhealthy,98.5,UG/M3,1 Hr,Valid
Banja Luka,PM2.5 - Principal,2022-11-16 06:00 PM,2022,11,16,18,67.1,157,Unhealthy,43.1,UG/M3,1 Hr,Valid
Banja Luka,PM2.5 - Principal,2022-11-16 07:00 PM,2022,11,16,19,63.4,155,Unhealthy,59.8,UG/M3,1 Hr,Valid
Banja Luka,PM2.5 - Principal,2022-11-16 08:00 PM,2022,11,16,20,54.6,148,Unhealthy for Sensitive Groups,45.8,UG/M3,1 Hr,Valid
Banja Luka,PM2.5 - Principal,2022-11-16 09:00 PM,2022,11,16,21,42.8,119,Unhealthy for Sensitive Groups,31.0,UG/M3,1 Hr,Valid
Banja Luka,PM2.5 - Principal,2022-11-16 10:00 PM,2022,11,16,22,33.8,97,Moderate,24.7,UG/M3,1 Hr,Valid
Banja Luka,PM2.5 - Principal,2022-11-16 11:00 PM,2022,11,16,23,23.7,75,Moderate,13.7,UG/M3,1 Hr,Valid
Banja Luka,PM2.5 - Principal,2022-11-17 12:00 AM,2022,11,17,00,16.9,61,Moderate,10.1,UG/M3,1 Hr,Valid
Banja Luka,PM2.5 - Principal,2022-11-17 01:00 AM,2022,11,17,01,19.5,67,Moderate,22.1,UG/M3,1 Hr,Valid
Banja Luka,PM2.5 - Principal,2022-11-17 02:00 AM,2022,11,17,02,14.9,57,Moderate,10.3,UG/M3,1 Hr,Valid
Banja Luka,PM2.5 - Principal,2022-11-17 03:00 AM,2022,11,17,03,10.7,45,Good,6.6,UG/M3,1 Hr,Valid
Banja Luka,PM2.5 - Principal,2022-11-17 04:00 AM,2022,11,17,04,9.2,38,Good,7.6,UG/M3,1 Hr,Valid
Banja Luka,PM2.5 - Principal,2022-11-17 05:00 AM,2022,11,17,05,9.8,41,Good,10.4,UG/M3,1 Hr,Valid
Banja Luka,PM2.5 - Principal,2022-11-17 06:00 AM,2022,11,17,06,9.9,41,Good,10.1,UG/M3,1 Hr,Valid
Banja Luka,PM2.5 - Principal,2022-11-17 07:00 AM,2022,11,17,07,11.4,48,Good,12.9,UG/M3,1 Hr,Valid
Banja Luka,PM2.5 - Principal,2022-11-17 08:00 AM,2022,11,17,08,16.8,61,Moderate,22.2,UG/M3,1 Hr,Valid
Banja Luka,PM2.5 - Principal,2022-11-17 09:00 AM,2022,11,17,09,18.8,65,Moderate,20.9,UG/M3,1 Hr,Valid
Banja Luka,PM2.5 - Principal,2022-11-17 10:00 AM,2022,11,17,10,19.7,67,Moderate,20.6,UG/M3,1 Hr,Valid
Banja Luka,PM2.5 - Principal,2022-11-17 11:00 AM,2022,11,17,11,17.1,62,Moderate,14.4,UG/M3,1 Hr,Valid
Banja Luka,PM2.5 - Principal,2022-11-17 12:00 PM,2022,11,17,12,15.3,58,Moderate,13.6,UG/M3,1 Hr,Valid
Banja Luka,PM2.5 - Principal,2022-11-17 01:00 PM,2022,11,17,13,15.8,59,Moderate,16.3,UG/M3,1 Hr,Valid
Banja Luka,PM2.5 - Principal,2022-11-17 02:00 PM,2022,11,17,14,18.5,64,Moderate,21.1,UG/M3,1 Hr,Valid
Banja Luka,PM2.5 - Principal,2022-11-17 03:00 PM,2022,11,17,15,20.0,68,Moderate,21.5,UG/M3,1 Hr,Valid
Banja Luka,PM2.5 - Principal,2022-11-17 04:00 PM,2022,11,17,16,25.6,79,Moderate,31.2,UG/M3,1 Hr,Valid
Banja Luka,PM2.5 - Principal,2022-11-17 05:00 PM,2022,11,17,17,31.5,92,Moderate,37.4,UG/M3,1 Hr,Valid
Banja Luka,PM2.5 - Principal,2022-11-17 06:00 PM,2022,11,17,18,36.9,104,Unhealthy for Sensitive Groups,42.2,UG/M3,1 Hr,Valid
Banja Luka,PM2.5 - Principal,2022-11-17 07:00 PM,2022,11,17,19,37.1,105,Unhealthy for Sensitive Groups,37.4,UG/M3,1 Hr,Valid
Banja Luka,PM2.5 - Principal,2022-11-17 08:00 PM,2022,11,17,20,37.3,105,Unhealthy for Sensitive Groups,37.4,UG/M3,1 Hr,Valid
Banja Luka,PM2.5 - Principal,2022-11-17 09:00 PM,2022,11,17,21,32.3,93,Moderate,27.3,UG/M3,1 Hr,Valid
Banja Luka,PM2.5 - Principal,2022-11-17 10:00 PM,2022,11,17,22,26.7,82,Moderate,21.1,UG/M3,1 Hr,Valid
Banja Luka,PM2.5 - Principal,2022-11-17 11:00 PM,2022,11,17,23,29.1,87,Moderate,31.6,UG/M3,1 Hr,Valid
Banja Luka,PM2.5 - Principal,2022-11-18 12:00 AM,2022,11,18,00,44.6,123,Unhealthy for Sensitive Groups,59.9,UG/M3,1 Hr,Valid
Banja Luka,PM2.5 - Principal,2022-11-18 01:00 AM,2022,11,18,01,49.8,136,Unhealthy for Sensitive Groups,55.0,UG/M3,1 Hr,Valid
Banja Luka,PM2.5 - Principal,2022-11-18 02:00 AM,2022,11,18,02,38.3,108,Unhealthy for Sensitive Groups,26.8,UG/M3,1 Hr,Valid
Banja Luka,PM2.5 - Principal,2022-11-18 03:00 AM,2022,11,18,03,39.8,112,Unhealthy for Sensitive Groups,41.4,UG/M3,1 Hr,Valid
Banja Luka,PM2.5 - Principal,2022-11-18 04:00 AM,2022,11,18,04,58.6,153,Unhealthy,77.3,UG/M3,1 Hr,Valid
Banja Luka,PM2.5 - Principal,2022-11-18 05:00 AM,2022,11,18,05,53.4,145,Unhealthy for Sensitive Groups,48.3,UG/M3,1 Hr,Valid
Banja Luka,PM2.5 - Principal,2022-11-18 06:00 AM,2022,11,18,06,50.0,137,Unhealthy for Sensitive Groups,46.6,UG/M3,1 Hr,Valid
Banja Luka,PM2.5 - Principal,2022-11-18 07:00 AM,2022,11,18,07,48.4,133,Unhealthy for Sensitive Groups,46.8,UG/M3,1 Hr,Valid
Banja Luka,PM2.5 - Principal,2022-11-18 08:00 AM,2022,11,18,08,44.1,122,Unhealthy for Sensitive Groups,39.8,UG/M3,1 Hr,Valid
Banja Luka,PM2.5 - Principal,2022-11-18 09:00 AM,2022,11,18,09,36.9,104,Unhealthy for Sensitive Groups,29.7,UG/M3,1 Hr,Valid
Banja Luka,PM2.5 - Principal,2022-11-18 10:00 AM,2022,11,18,10,27.5,83,Moderate,18.1,UG/M3,1 Hr,Valid
Banja Luka,PM2.5 - Principal,2022-11-18 11:00 AM,2022,11,18,11,24.4,77,Moderate,21.3,UG/M3,1 Hr,Valid
Banja Luka,PM2.5 - Principal,2022-11-18 12:00 PM,2022,11,18,12,29.1,87,Moderate,33.8,UG/M3,1 Hr,Valid
Banja Luka,PM2.5 - Principal,2022-11-18 01:00 PM,2022,11,18,13,20.0,68,Moderate,11.0,UG/M3,1 Hr,Valid
Banja Luka,PM2.5 - Principal,2022-11-18 02:00 PM,2022,11,18,14,19.8,67,Moderate,19.6,UG/M3,1 Hr,Valid
Banja Luka,PM2.5 - Principal,2022-11-18 03:00 PM,2022,11,18,15,20.5,69,Moderate,21.2,UG/M3,1 Hr,Valid
Banja Luka,PM2.5 - Principal,2022-11-18 04:00 PM,2022,11,18,16,18.2,64,Moderate,15.9,UG/M3,1 Hr,Valid
Banja Luka,PM2.5 - Principal,2022-11-18 05:00 PM,2022,11,18,17,22.4,73,Moderate,26.6,UG/M3,1 Hr,Valid
Banja Luka,PM2.5 - Principal,2022-11-18 06:00 PM,2022,11,18,18,50.5,138,Unhealthy for Sensitive Groups,78.6,UG/M3,1 Hr,Valid
Banja Luka,PM2.5 - Principal,2022-11-18 07:00 PM,2022,11,18,19,46.9,129,Unhealthy for Sensitive Groups,43.4,UG/M3,1 Hr,Valid
Banja Luka,PM2.5 - Principal,2022-11-18 08:00 PM,2022,11,18,20,49.8,136,Unhealthy for Sensitive Groups,52.7,UG/M3,1 Hr,Valid
Banja Luka,PM2.5 - Principal,2022-11-18 09:00 PM,2022,11,18,21,32.5,94,Moderate,15.2,UG/M3,1 Hr,Valid
Banja Luka,PM2.5 - Principal,2022-11-18 10:00 PM,2022,11,18,22,19.9,67,Moderate,7.4,UG/M3,1 Hr,Valid
Banja Luka,PM2.5 - Principal,2022-11-18 11:00 PM,2022,11,18,23,20.9,70,Moderate,21.8,UG/M3,1 Hr,Valid
Banja Luka,PM2.5 - Principal,2022-11-19 12:00 AM,2022,11,19,00,19.1,66,Moderate,17.4,UG/M3,1 Hr,Valid
Banja Luka,PM2.5 - Principal,2022-11-19 01:00 AM,2022,11,19,01,26.0,80,Moderate,32.8,UG/M3,1 Hr,Valid
Banja Luka,PM2.5 - Principal,2022-11-19 02:00 AM,2022,11,19,02,33.6,96,Moderate,41.3,UG/M3,1 Hr,Valid
Banja Luka,PM2.5 - Principal,2022-11-19 03:00 AM,2022,11,19,03,41.0,115,Unhealthy for Sensitive Groups,48.4,UG/M3,1 Hr,Valid
Banja Luka,PM2.5 - Principal,2022-11-19 04:00 AM,2022,11,19,04,38.5,108,Unhealthy for Sensitive Groups,36.0,UG/M3,1 Hr,Valid
Banja Luka,PM2.5 - Principal,2022-11-19 05:00 AM,2022,11,19,05,29.7,88,Moderate,20.8,UG/M3,1 Hr,Valid
Banja Luka,PM2.5 - Principal,2022-11-19 06:00 AM,2022,11,19,06,25.7,80,Moderate,21.7,UG/M3,1 Hr,Valid
Banja Luka,PM2.5 - Principal,2022-11-19 07:00 AM,2022,11,19,07,22.5,73,Moderate,19.4,UG/M3,1 Hr,Valid
Banja Luka,PM2.5 - Principal,2022-11-19 08:00 AM,2022,11,19,08,21.7,71,Moderate,20.9,UG/M3,1 Hr,Valid
Banja Luka,PM2.5 - Principal,2022-11-19 09:00 AM,2022,11,19,09,25.9,80,Moderate,30.1,UG/M3,1 Hr,Valid
Banja Luka,PM2.5 - Principal,2022-11-19 10:00 AM,2022,11,19,10,22.5,73,Moderate,19.2,UG/M3,1 Hr,Valid
Banja Luka,PM2.5 - Principal,2022-11-19 11:00 AM,2022,11,19,11,17.5,62,Moderate,12.4,UG/M3,1 Hr,Valid
Banja Luka,PM2.5 - Principal,2022-11-19 12:00 PM,2022,11,19,12,18.7,65,Moderate,19.9,UG/M3,1 Hr,Valid
Banja Luka,PM2.5 - Principal,2022-11-19 01:00 PM,2022,11,19,13,21.2,70,Moderate,23.6,UG/M3,1 Hr,Valid
Banja Luka,PM2.5 - Principal,2022-11-19 02:00 PM,2022,11,19,14,22.5,73,Moderate,23.8,UG/M3,1 Hr,Valid
Banja Luka,PM2.5 - Principal,2022-11-19 03:00 PM,2022,11,19,15,23.3,75,Moderate,24.0,UG/M3,1 Hr,Valid
Banja Luka,PM2.5 - Principal,2022-11-19 04:00 PM,2022,11,19,16,24.6,77,Moderate,26.0,UG/M3,1 Hr,Valid
Banja Luka,PM2.5 - Principal,2022-11-19 05:00 PM,2022,11,19,17,32.3,93,Moderate,39.9,UG/M3,1 Hr,Valid
Banja Luka,PM2.5 - Principal,2022-11-19 06:00 PM,2022,11,19,18,45.2,125,Unhealthy for Sensitive Groups,58.2,UG/M3,1 Hr,Valid
Banja Luka,PM2.5 - Principal,2022-11-19 07:00 PM,2022,11,19,19,39.5,111,Unhealthy for Sensitive Groups,33.7,UG/M3,1 Hr,Valid
Banja Luka,PM2.5 - Principal,2022-11-19 08:00 PM,2022,11,19,20,31.9,93,Moderate,24.4,UG/M3,1 Hr,Valid
Banja Luka,PM2.5 - Principal,2022-11-19 09:00 PM,2022,11,19,21,33.7,96,Moderate,35.4,UG/M3,1 Hr,Valid
Banja Luka,PM2.5 - Principal,2022-11-19 10:00 PM,2022,11,19,22,23.8,76,Moderate,13.9,UG/M3,1 Hr,Valid
Banja Luka,PM2.5 - Principal,2022-11-19 11:00 PM,2022,11,19,23,21.9,72,Moderate,19.9,UG/M3,1 Hr,Valid
Banja Luka,PM2.5 - Principal,2022-11-20 12:00 AM,2022,11,20,00,17.0,61,Moderate,12.1,UG/M3,1 Hr,Valid
Banja Luka,PM2.5 - Principal,2022-11-20 01:00 AM,2022,11,20,01,11.5,48,Good,5.9,UG/M3,1 Hr,Valid
Banja Luka,PM2.5 - Principal,2022-11-20 02:00 AM,2022,11,20,02,8.5,35,Good,5.6,UG/M3,1 Hr,Valid
Banja Luka,PM2.5 - Principal,2022-11-20 03:00 AM,2022,11,20,03,6.9,29,Good,5.3,UG/M3,1 Hr,Valid
Banja Luka,PM2.5 - Principal,2022-11-20 04:00 AM,2022,11,20,04,6.3,26,Good,5.8,UG/M3,1 Hr,Valid
Banja Luka,PM2.5 - Principal,2022-11-20 05:00 AM,2022,11,20,05,4.9,20,Good,3.5,UG/M3,1 Hr,Valid
Banja Luka,PM2.5 - Principal,2022-11-20 06:00 AM,2022,11,20,06,4.9,20,Good,4.9,UG/M3,1 Hr,Valid
Banja Luka,PM2.5 - Principal,2022-11-20 07:00 AM,2022,11,20,07,4.2,18,Good,3.5,UG/M3,1 Hr,Valid
Banja Luka,PM2.5 - Principal,2022-11-20 08:00 AM,2022,11,20,08,3.6,15,Good,3.1,UG/M3,1 Hr,Valid
Banja Luka,PM2.5 - Principal,2022-11-20 09:00 AM,2022,11,20,09,3.6,15,Good,3.6,UG/M3,1 Hr,Valid
Banja Luka,PM2.5 - Principal,2022-11-20 10:00 AM,2022,11,20,10,4.6,19,Good,5.6,UG/M3,1 Hr,Valid
Banja Luka,PM2.5 - Principal,2022-11-20 11:00 AM,2022,11,20,11,4.8,20,Good,5.1,UG/M3,1 Hr,Valid
Banja Luka,PM2.5 - Principal,2022-11-20 12:00 PM,2022,11,20,12,6.1,25,Good,7.4,UG/M3,1 Hr,Valid
Banja Luka,PM2.5 - Principal,2022-11-20 01:00 PM,2022,11,20,13,6.8,28,Good,7.4,UG/M3,1 Hr,Valid
Banja Luka,PM2.5 - Principal,2022-11-20 02:00 PM,2022,11,20,14,7.7,32,Good,8.7,UG/M3,1 Hr,Valid
Banja Luka,PM2.5 - Principal,2022-11-20 03:00 PM,2022,11,20,15,9.1,38,Good,10.5,UG/M3,1 Hr,Valid
Banja Luka,PM2.5 - Principal,2022-11-20 04:00 PM,2022,11,20,16,14.8,57,Moderate,20.4,UG/M3,1 Hr,Valid
Banja Luka,PM2.5 - Principal,2022-11-20 05:00 PM,2022,11,20,17,16.0,59,Moderate,17.2,UG/M3,1 Hr,Valid
Banja Luka,PM2.5 - Principal,2022-11-20 06:00 PM,2022,11,20,18,13.4,54,Moderate,10.9,UG/M3,1 Hr,Valid
Banja Luka,PM2.5 - Principal,2022-11-20 07:00 PM,2022,11,20,19,13.8,55,Moderate,14.2,UG/M3,1 Hr,Valid
Banja Luka,PM2.5 - Principal,2022-11-20 08:00 PM,2022,11,20,20,26.1,80,Moderate,38.3,UG/M3,1 Hr,Valid
Banja Luka,PM2.5 - Principal,2022-11-20 09:00 PM,2022,11,20,21,31.3,91,Moderate,36.6,UG/M3,1 Hr,Valid
Banja Luka,PM2.5 - Principal,2022-11-20 10:00 PM,2022,11,20,22,38.2,108,Unhealthy for Sensitive Groups,45.1,UG/M3,1 Hr,Valid
Banja Luka,PM2.5 - Principal,2022-11-20 11:00 PM,2022,11,20,23,28.9,86,Moderate,19.7,UG/M3,1 Hr,Valid
Banja Luka,PM2.5 - Principal,2022-11-21 12:00 AM,2022,11,21,00,24.4,77,Moderate,19.9,UG/M3,1 Hr,Valid
Banja Luka,PM2.5 - Principal,2022-11-21 01:00 AM,2022,11,21,01,21.3,70,Moderate,18.1,UG/M3,1 Hr,Valid
Banja Luka,PM2.5 - Principal,2022-11-21 02:00 AM,2022,11,21,02,21.3,70,Moderate,21.3,UG/M3,1 Hr,Valid
Banja Luka,PM2.5 - Principal,2022-11-21 03:00 AM,2022,11,21,03,20.9,70,Moderate,20.5,UG/M3,1 Hr,Valid
Banja Luka,PM2.5 - Principal,2022-11-21 04:00 AM,2022,11,21,04,18.9,65,Moderate,16.8,UG/M3,1 Hr,Valid
Banja Luka,PM2.5 - Principal,2022-11-21 05:00 AM,2022,11,21,05,16.8,61,Moderate,14.8,UG/M3,1 Hr,Valid
Banja Luka,PM2.5 - Principal,2022-11-21 06:00 AM,2022,11,21,06,15.8,59,Moderate,14.8,UG/M3,1 Hr,Valid
Banja Luka,PM2.5 - Principal,2022-11-21 07:00 AM,2022,11,21,07,14.3,56,Moderate,12.7,UG/M3,1 Hr,Valid
Banja Luka,PM2.5 - Principal,2022-11-21 08:00 AM,2022,11,21,08,13.6,54,Moderate,13.0,UG/M3,1 Hr,Valid
Banja Luka,PM2.5 - Principal,2022-11-21 09:00 AM,2022,11,21,09,14.3,56,Moderate,14.9,UG/M3,1 Hr,Valid
Banja Luka,PM2.5 - Principal,2022-11-21 10:00 AM,2022,11,21,10,16.1,59,Moderate,18.6,UG/M3,1 Hr,Valid
Banja Luka,PM2.5 - Principal,2022-11-21 11:00 AM,2022,11,21,11,21.7,71,Moderate,27.0,UG/M3,1 Hr,Valid
Banja Luka,PM2.5 - Principal,2022-11-21 12:00 PM,2022,11,21,12,27.5,83,Moderate,33.2,UG/M3,1 Hr,Valid
Banja Luka,PM2.5 - Principal,2022-11-21 01:00 PM,2022,11,21,13,32.5,94,Moderate,37.6,UG/M3,1 Hr,Valid
Banja Luka,PM2.5 - Principal,2022-11-21 02:00 PM,2022,11,21,14,32.7,94,Moderate,32.8,UG/M3,1 Hr,Valid
Banja Luka,PM2.5 - Principal,2022-11-21 03:00 PM,2022,11,21,15,29.7,88,Moderate,26.7,UG/M3,1 Hr,Valid
Banja Luka,PM2.5 - Principal,2022-11-21 04:00 PM,2022,11,21,16,27.7,84,Moderate,25.6,UG/M3,1 Hr,Valid
Banja Luka,PM2.5 - Principal,2022-11-21 05:00 PM,2022,11,21,17,32.2,93,Moderate,36.8,UG/M3,1 Hr,Valid
Banja Luka,PM2.5 - Principal,2022-11-21 06:00 PM,2022,11,21,18,94.6,171,Unhealthy,156.9,UG/M3,1 Hr,Valid
Banja Luka,PM2.5 - Principal,2022-11-21 07:00 PM,2022,11,21,19,148.5,199,Unhealthy,202.4,UG/M3,1 Hr,Valid
Banja Luka,PM2.5 - Principal,2022-11-21 08:00 PM,2022,11,21,20,164.2,215,Very Unhealthy,180.0,UG/M3,1 Hr,Valid
Banja Luka,PM2.5 - Principal,2022-11-21 09:00 PM,2022,11,21,21,193.4,244,Very Unhealthy,222.6,UG/M3,1 Hr,Valid
Banja Luka,PM2.5 - Principal,2022-11-21 10:00 PM,2022,11,21,22,199.5,250,Very Unhealthy,205.5,UG/M3,1 Hr,Valid
Banja Luka,PM2.5 - Principal,2022-11-21 11:00 PM,2022,11,21,23,176.1,226,Very Unhealthy,152.6,UG/M3,1 Hr,Valid
Banja Luka,PM2.5 - Principal,2022-11-22 12:00 AM,2022,11,22,00,152.8,203,Very Unhealthy,129.4,UG/M3,1 Hr,Valid
Banja Luka,PM2.5 - Principal,2022-11-22 01:00 AM,2022,11,22,01,129.6,189,Unhealthy,106.5,UG/M3,1 Hr,Valid
Banja Luka,PM2.5 - Principal,2022-11-22 02:00 AM,2022,11,22,02,98.1,173,Unhealthy,66.5,UG/M3,1 Hr,Valid
Banja Luka,PM2.5 - Principal,2022-11-22 03:00 AM,2022,11,22,03,71.4,159,Unhealthy,44.8,UG/M3,1 Hr,Valid
Banja Luka,PM2.5 - Principal,2022-11-22 04:00 AM,2022,11,22,04,59.0,153,Unhealthy,46.6,UG/M3,1 Hr,Valid
Banja Luka,PM2.5 - Principal,2022-11-22 05:00 AM,2022,11,22,05,53.4,145,Unhealthy for Sensitive Groups,47.8,UG/M3,1 Hr,Valid
Banja Luka,PM2.5 - Principal,2022-11-22 06:00 AM,2022,11,22,06,48.8,134,Unhealthy for Sensitive Groups,44.1,UG/M3,1 Hr,Valid
Banja Luka,PM2.5 - Principal,2022-11-22 07:00 AM,2022,11,22,07,47.2,130,Unhealthy for Sensitive Groups,45.6,UG/M3,1 Hr,Valid
Banja Luka,PM2.5 - Principal,2022-11-22 08:00 AM,2022,11,22,08,49.4,135,Unhealthy for Sensitive Groups,51.7,UG/M3,1 Hr,Valid
Banja Luka,PM2.5 - Principal,2022-11-22 09:00 AM,2022,11,22,09,52.7,143,Unhealthy for Sensitive Groups,56.0,UG/M3,1 Hr,Valid
Banja Luka,PM2.5 - Principal,2022-11-22 10:00 AM,2022,11,22,10,50.3,137,Unhealthy for Sensitive Groups,48.0,UG/M3,1 Hr,Valid
Banja Luka,PM2.5 - Principal,2022-11-22 11:00 AM,2022,11,22,11,57.8,152,Unhealthy,65.3,UG/M3,1 Hr,Valid
Banja Luka,PM2.5 - Principal,2022-11-22 12:00 PM,2022,11,22,12,51.9,141,Unhealthy for Sensitive Groups,46.0,UG/M3,1 Hr,Valid
Banja Luka,PM2.5 - Principal,2022-11-22 01:00 PM,2022,11,22,13,49.4,135,Unhealthy for Sensitive Groups,44.1,UG/M3,1 Hr,Valid
Banja Luka,PM2.5 - Principal,2022-11-22 02:00 PM,2022,11,22,14,46.0,127,Unhealthy for Sensitive Groups,41.0,UG/M3,1 Hr,Valid
Banja Luka,PM2.5 - Principal,2022-11-22 03:00 PM,2022,11,22,15,41.6,116,Unhealthy for Sensitive Groups,36.9,UG/M3,1 Hr,Valid
Banja Luka,PM2.5 - Principal,2022-11-22 04:00 PM,2022,11,22,16,43.0,119,Unhealthy for Sensitive Groups,44.8,UG/M3,1 Hr,Valid
Banja Luka,PM2.5 - Principal,2022-11-22 05:00 PM,2022,11,22,17,41.4,116,Unhealthy for Sensitive Groups,39.2,UG/M3,1 Hr,Valid
Banja Luka,PM2.5 - Principal,2022-11-22 06:00 PM,2022,11,22,18,44.8,124,Unhealthy for Sensitive Groups,49.2,UG/M3,1 Hr,Valid
Banja Luka,PM2.5 - Principal,2022-11-22 07:00 PM,2022,11,22,19,51.5,140,Unhealthy for Sensitive Groups,60.2,UG/M3,1 Hr,Valid
Banja Luka,PM2.5 - Principal,2022-11-22 08:00 PM,2022,11,22,20,51.9,141,Unhealthy for Sensitive Groups,52.4,UG/M3,1 Hr,Valid
Banja Luka,PM2.5 - Principal,2022-11-22 09:00 PM,2022,11,22,21,56.7,152,Unhealthy,63.0,UG/M3,1 Hr,Valid
Banja Luka,PM2.5 - Principal,2022-11-22 10:00 PM,2022,11,22,22,69.4,158,Unhealthy,81.0,UG/M3,1 Hr,Valid
Banja Luka,PM2.5 - Principal,2022-11-22 11:00 PM,2022,11,22,23,66.0,156,Unhealthy,62.5,UG/M3,1 Hr,Valid
Banja Luka,PM2.5 - Principal,2022-11-23 12:00 AM,2022,11,23,00,41.3,115,Unhealthy for Sensitive Groups,16.7,UG/M3,1 Hr,Valid
Banja Luka,PM2.5 - Principal,2022-11-23 01:00 AM,2022,11,23,01,25.4,79,Moderate,9.4,UG/M3,1 Hr,Valid
Banja Luka,PM2.5 - Principal,2022-11-23 02:00 AM,2022,11,23,02,16.3,60,Moderate,7.2,UG/M3,1 Hr,Valid
Banja Luka,PM2.5 - Principal,2022-11-23 03:00 AM,2022,11,23,03,16.1,59,Moderate,15.9,UG/M3,1 Hr,Valid
Banja Luka,PM2.5 - Principal,2022-11-23 04:00 AM,2022,11,23,04,9.3,39,Good,2.5,UG/M3,1 Hr,Valid
Banja Luka,PM2.5 - Principal,2022-11-23 05:00 AM,2022,11,23,05,20.4,68,Moderate,31.5,UG/M3,1 Hr,Valid
Banja Luka,PM2.5 - Principal,2022-11-23 06:00 AM,2022,11,23,06,10.7,45,Good,1.1,UG/M3,1 Hr,Valid
Banja Luka,PM2.5 - Principal,2022-11-23 07:00 AM,2022,11,23,07,8.3,35,Good,5.8,UG/M3,1 Hr,Valid
Banja Luka,PM2.5 - Principal,2022-11-23 08:00 AM,2022,11,23,08,9.1,38,Good,10.0,UG/M3,1 Hr,Valid
Banja Luka,PM2.5 - Principal,2022-11-23 09:00 AM,2022,11,23,09,7.5,31,Good,5.8,UG/M3,1 Hr,Valid
Banja Luka,PM2.5 - Principal,2022-11-23 10:00 AM,2022,11,23,10,6.4,27,Good,5.4,UG/M3,1 Hr,Valid
Banja Luka,PM2.5 - Principal,2022-11-23 11:00 AM,2022,11,23,11,6.0,25,Good,5.5,UG/M3,1 Hr,Valid
Banja Luka,PM2.5 - Principal,2022-11-23 12:00 PM,2022,11,23,12,6.2,26,Good,6.4,UG/M3,1 Hr,Valid
Banja Luka,PM2.5 - Principal,2022-11-23 01:00 PM,2022,11,23,13,7.0,29,Good,7.8,UG/M3,1 Hr,Valid
Banja Luka,PM2.5 - Principal,2022-11-23 02:00 PM,2022,11,23,14,7.6,32,Good,8.3,UG/M3,1 Hr,Valid
Banja Luka,PM2.5 - Principal,2022-11-23 03:00 PM,2022,11,23,15,12.3,51,Moderate,17.0,UG/M3,1 Hr,Valid
Banja Luka,PM2.5 - Principal,2022-11-23 04:00 PM,2022,11,23,16,14.6,56,Moderate,16.8,UG/M3,1 Hr,Valid
Banja Luka,PM2.5 - Principal,2022-11-23 05:00 PM,2022,11,23,17,16.2,60,Moderate,17.8,UG/M3,1 Hr,Valid
Banja Luka,PM2.5 - Principal,2022-11-23 06:00 PM,2022,11,23,18,19.4,66,Moderate,22.5,UG/M3,1 Hr,Valid
Banja Luka,PM2.5 - Principal,2022-11-23 07:00 PM,2022,11,23,19,24.0,76,Moderate,28.6,UG/M3,1 Hr,Valid
Banja Luka,PM2.5 - Principal,2022-11-23 08:00 PM,2022,11,23,20,23.3,75,Moderate,22.5,UG/M3,1 Hr,Valid
Banja Luka,PM2.5 - Principal,2022-11-23 09:00 PM,2022,11,23,21,19.0,66,Moderate,14.8,UG/M3,1 Hr,Valid
Banja Luka,PM2.5 - Principal,2022-11-23 10:00 PM,2022,11,23,22,20.9,70,Moderate,22.8,UG/M3,1 Hr,Valid
Banja Luka,PM2.5 - Principal,2022-11-23 11:00 PM,2022,11,23,23,27.2,83,Moderate,33.4,UG/M3,1 Hr,Valid
Banja Luka,PM2.5 - Principal,2022-11-24 12:00 AM,2022,11,24,00,24.6,77,Moderate,22.0,UG/M3,1 Hr,Valid
Banja Luka,PM2.5 - Principal,2022-11-24 01:00 AM,2022,11,24,01,26.7,82,Moderate,28.8,UG/M3,1 Hr,Valid
Banja Luka,PM2.5 - Principal,2022-11-24 02:00 AM,2022,11,24,02,28.1,85,Moderate,29.5,UG/M3,1 Hr,Valid
Banja Luka,PM2.5 - Principal,2022-11-24 03:00 AM,2022,11,24,03,18.6,65,Moderate,9.1,UG/M3,1 Hr,Valid
Banja Luka,PM2.5 - Principal,2022-11-24 04:00 AM,2022,11,24,04,14.5,56,Moderate,10.3,UG/M3,1 Hr,Valid
Banja Luka,PM2.5 - Principal,2022-11-24 05:00 AM,2022,11,24,05,21.6,71,Moderate,28.7,UG/M3,1 Hr,Valid
Banja Luka,PM2.5 - Principal,2022-11-24 06:00 AM,2022,11,24,06,20.7,69,Moderate,19.9,UG/M3,1 Hr,Valid
Banja Luka,PM2.5 - Principal,2022-11-24 07:00 AM,2022,11,24,07,33.5,96,Moderate,46.2,UG/M3,1 Hr,Valid
Banja Luka,PM2.5 - Principal,2022-11-24 08:00 AM,2022,11,24,08,43.4,120,Unhealthy for Sensitive Groups,53.3,UG/M3,1 Hr,Valid
Banja Luka,PM2.5 - Principal,2022-11-24 09:00 AM,2022,11,24,09,51.3,140,Unhealthy for Sensitive Groups,59.2,UG/M3,1 Hr,Valid
Banja Luka,PM2.5 - Principal,2022-11-24 10:00 AM,2022,11,24,10,41.1,115,Unhealthy for Sensitive Groups,31.0,UG/M3,1 Hr,Valid
Banja Luka,PM2.5 - Principal,2022-11-24 11:00 AM,2022,11,24,11,42.4,118,Unhealthy for Sensitive Groups,43.6,UG/M3,1 Hr,Valid
Banja Luka,PM2.5 - Principal,2022-11-24 12:00 PM,2022,11,24,12,39.4,111,Unhealthy for Sensitive Groups,36.5,UG/M3,1 Hr,Valid
Banja Luka,PM2.5 - Principal,2022-11-24 01:00 PM,2022,11,24,13,26.5,81,Moderate,13.6,UG/M3,1 Hr,Valid
Banja Luka,PM2.5 - Principal,2022-11-24 02:00 PM,2022,11,24,14,36.2,103,Unhealthy for Sensitive Groups,45.9,UG/M3,1 Hr,Valid
Banja Luka,PM2.5 - Principal,2022-11-24 03:00 PM,2022,11,24,15,41.4,116,Unhealthy for Sensitive Groups,46.7,UG/M3,1 Hr,Valid
Banja Luka,PM2.5 - Principal,2022-11-24 04:00 PM,2022,11,24,16,39.0,110,Unhealthy for Sensitive Groups,36.5,UG/M3,1 Hr,Valid
Banja Luka,PM2.5 - Principal,2022-11-24 05:00 PM,2022,11,24,17,50.3,137,Unhealthy for Sensitive Groups,61.6,UG/M3,1 Hr,Valid
Banja Luka,PM2.5 - Principal,2022-11-24 06:00 PM,2022,11,24,18,121.0,185,Unhealthy,191.7,UG/M3,1 Hr,Valid
Banja Luka,PM2.5 - Principal,2022-11-24 07:00 PM,2022,11,24,19,147.8,199,Unhealthy,174.6,UG/M3,1 Hr,Valid
Banja Luka,PM2.5 - Principal,2022-11-24 08:00 PM,2022,11,24,20,184.9,235,Very Unhealthy,222.1,UG/M3,1 Hr,Valid
Banja Luka,PM2.5 - Principal,2022-11-24 09:00 PM,2022,11,24,21,186.3,236,Very Unhealthy,187.6,UG/M3,1 Hr,Valid
Banja Luka,PM2.5 - Principal,2022-11-24 10:00 PM,2022,11,24,22,121.5,185,Unhealthy,56.7,UG/M3,1 Hr,Valid
Banja Luka,PM2.5 - Principal,2022-11-24 11:00 PM,2022,11,24,23,69.1,158,Unhealthy,16.6,UG/M3,1 Hr,Valid
Banja Luka,PM2.5 - Principal,2022-11-25 12:00 AM,2022,11,25,00,84.4,166,Unhealthy,99.7,UG/M3,1 Hr,Valid
Banja Luka,PM2.5 - Principal,2022-11-25 01:00 AM,2022,11,25,01,67.2,157,Unhealthy,49.9,UG/M3,1 Hr,Valid
Banja Luka,PM2.5 - Principal,2022-11-25 02:00 AM,2022,11,25,02,67.4,157,Unhealthy,67.6,UG/M3,1 Hr,Valid
Banja Luka,PM2.5 - Principal,2022-11-25 03:00 AM,2022,11,25,03,64.4,156,Unhealthy,61.4,UG/M3,1 Hr,Valid
Banja Luka,PM2.5 - Principal,2022-11-25 04:00 AM,2022,11,25,04,51.4,140,Unhealthy for Sensitive Groups,38.3,UG/M3,1 Hr,Valid
Banja Luka,PM2.5 - Principal,2022-11-25 05:00 AM,2022,11,25,05,42.4,118,Unhealthy for Sensitive Groups,33.4,UG/M3,1 Hr,Valid
Banja Luka,PM2.5 - Principal,2022-11-25 06:00 AM,2022,11,25,06,40.9,114,Unhealthy for Sensitive Groups,39.5,UG/M3,1 Hr,Valid
Banja Luka,PM2.5 - Principal,2022-11-25 07:00 AM,2022,11,25,07,44.4,123,Unhealthy for Sensitive Groups,47.9,UG/M3,1 Hr,Valid
Banja Luka,PM2.5 - Principal,2022-11-25 08:00 AM,2022,11,25,08,35.2,100,Moderate,26.1,UG/M3,1 Hr,Valid
Banja Luka,PM2.5 - Principal,2022-11-25 09:00 AM,2022,11,25,09,27.5,83,Moderate,19.8,UG/M3,1 Hr,Valid
Banja Luka,PM2.5 - Principal,2022-11-25 10:00 AM,2022,11,25,10,51.2,140,Unhealthy for Sensitive Groups,74.9,UG/M3,1 Hr,Valid
Banja Luka,PM2.5 - Principal,2022-11-25 11:00 AM,2022,11,25,11,45.2,125,Unhealthy for Sensitive Groups,39.3,UG/M3,1 Hr,Valid
Banja Luka,PM2.5 - Principal,2022-11-25 12:00 PM,2022,11,25,12,32.9,95,Moderate,20.7,UG/M3,1 Hr,Valid
Banja Luka,PM2.5 - Principal,2022-11-25 01:00 PM,2022,11,25,13,27.1,83,Moderate,21.2,UG/M3,1 Hr,Valid
Banja Luka,PM2.5 - Principal,2022-11-25 02:00 PM,2022,11,25,14,27.0,82,Moderate,-999.0,UG/M3,1 Hr,Missing
Banja Luka,PM2.5 - Principal,2022-11-28 10:00 AM,2022,11,28,10,-999.0,-999,N/A,34.7,UG/M3,1 Hr,Valid
Banja Luka,PM2.5 - Principal,2022-11-28 11:00 AM,2022,11,28,11,34.2,97,Moderate,33.8,UG/M3,1 Hr,Valid
Banja Luka,PM2.5 - Principal,2022-11-28 12:00 PM,2022,11,28,12,32.9,95,Moderate,30.8,UG/M3,1 Hr,Valid
Banja Luka,PM2.5 - Principal,2022-11-28 01:00 PM,2022,11,28,13,33.5,96,Moderate,35.0,UG/M3,1 Hr,Valid
Banja Luka,PM2.5 - Principal,2022-11-28 02:00 PM,2022,11,28,14,37.1,105,Unhealthy for Sensitive Groups,43.6,UG/M3,1 Hr,Valid
Banja Luka,PM2.5 - Principal,2022-11-28 03:00 PM,2022,11,28,15,34.8,99,Moderate,30.3,UG/M3,1 Hr,Valid
Banja Luka,PM2.5 - Principal,2022-11-28 04:00 PM,2022,11,28,16,34.8,99,Moderate,34.8,UG/M3,1 Hr,Valid
Banja Luka,PM2.5 - Principal,2022-11-28 05:00 PM,2022,11,28,17,37.6,106,Unhealthy for Sensitive Groups,43.5,UG/M3,1 Hr,Valid
Banja Luka,PM2.5 - Principal,2022-11-28 06:00 PM,2022,11,28,18,53.4,145,Unhealthy for Sensitive Groups,67.7,UG/M3,1 Hr,Valid
Banja Luka,PM2.5 - Principal,2022-11-28 07:00 PM,2022,11,28,19,44.7,124,Unhealthy for Sensitive Groups,35.9,UG/M3,1 Hr,Valid
Banja Luka,PM2.5 - Principal,2022-11-28 08:00 PM,2022,11,28,20,42.2,117,Unhealthy for Sensitive Groups,39.7,UG/M3,1 Hr,Valid
Banja Luka,PM2.5 - Principal,2022-11-28 09:00 PM,2022,11,28,21,46.3,128,Unhealthy for Sensitive Groups,50.5,UG/M3,1 Hr,Valid
Banja Luka,PM2.5 - Principal,2022-11-28 10:00 PM,2022,11,28,22,53.1,144,Unhealthy for Sensitive Groups,59.8,UG/M3,1 Hr,Valid
Banja Luka,PM2.5 - Principal,2022-11-28 11:00 PM,2022,11,28,23,53.1,144,Unhealthy for Sensitive Groups,53.0,UG/M3,1 Hr,Valid
Banja Luka,PM2.5 - Principal,2022-11-29 12:00 AM,2022,11,29,00,52.4,143,Unhealthy for Sensitive Groups,51.7,UG/M3,1 Hr,Valid
Banja Luka,PM2.5 - Principal,2022-11-29 01:00 AM,2022,11,29,01,46.0,127,Unhealthy for Sensitive Groups,39.7,UG/M3,1 Hr,Valid
Banja Luka,PM2.5 - Principal,2022-11-29 02:00 AM,2022,11,29,02,42.9,119,Unhealthy for Sensitive Groups,39.7,UG/M3,1 Hr,Valid
Banja Luka,PM2.5 - Principal,2022-11-29 03:00 AM,2022,11,29,03,41.6,116,Unhealthy for Sensitive Groups,40.1,UG/M3,1 Hr,Valid
Banja Luka,PM2.5 - Principal,2022-11-29 04:00 AM,2022,11,29,04,43.7,121,Unhealthy for Sensitive Groups,45.8,UG/M3,1 Hr,Valid
Banja Luka,PM2.5 - Principal,2022-11-29 05:00 AM,2022,11,29,05,40.9,114,Unhealthy for Sensitive Groups,37.8,UG/M3,1 Hr,Valid
Banja Luka,PM2.5 - Principal,2022-11-29 06:00 AM,2022,11,29,06,42.3,118,Unhealthy for Sensitive Groups,43.6,UG/M3,1 Hr,Valid
Banja Luka,PM2.5 - Principal,2022-11-29 07:00 AM,2022,11,29,07,44.1,122,Unhealthy for Sensitive Groups,47.0,UG/M3,1 Hr,Valid
Banja Luka,PM2.5 - Principal,2022-11-29 08:00 AM,2022,11,29,08,46.5,128,Unhealthy for Sensitive Groups,50.7,UG/M3,1 Hr,Valid
Banja Luka,PM2.5 - Principal,2022-11-29 09:00 AM,2022,11,29,09,62.0,154,Unhealthy,76.5,UG/M3,1 Hr,Valid
Banja Luka,PM2.5 - Principal,2022-11-29 10:00 AM,2022,11,29,10,58.8,153,Unhealthy,55.6,UG/M3,1 Hr,Valid
Banja Luka,PM2.5 - Principal,2022-11-29 11:00 AM,2022,11,29,11,57.2,152,Unhealthy,55.6,UG/M3,1 Hr,Valid
Banja Luka,PM2.5 - Principal,2022-11-29 12:00 PM,2022,11,29,12,50.1,137,Unhealthy for Sensitive Groups,43.0,UG/M3,1 Hr,Valid
Banja Luka,PM2.5 - Principal,2022-11-29 01:00 PM,2022,11,29,13,47.3,130,Unhealthy for Sensitive Groups,44.4,UG/M3,1 Hr,Valid
Banja Luka,PM2.5 - Principal,2022-11-29 02:00 PM,2022,11,29,14,49.7,136,Unhealthy for Sensitive Groups,52.2,UG/M3,1 Hr,Valid
Banja Luka,PM2.5 - Principal,2022-11-29 03:00 PM,2022,11,29,15,42.3,118,Unhealthy for Sensitive Groups,34.9,UG/M3,1 Hr,Valid
Banja Luka,PM2.5 - Principal,2022-11-29 04:00 PM,2022,11,29,16,43.5,121,Unhealthy for Sensitive Groups,44.7,UG/M3,1 Hr,Valid
Banja Luka,PM2.5 - Principal,2022-11-29 05:00 PM,2022,11,29,17,40.0,112,Unhealthy for Sensitive Groups,36.6,UG/M3,1 Hr,Valid
Banja Luka,PM2.5 - Principal,2022-11-29 06:00 PM,2022,11,29,18,38.1,107,Unhealthy for Sensitive Groups,36.1,UG/M3,1 Hr,Valid
Banja Luka,PM2.5 - Principal,2022-11-29 07:00 PM,2022,11,29,19,40.6,114,Unhealthy for Sensitive Groups,43.2,UG/M3,1 Hr,Valid
Banja Luka,PM2.5 - Principal,2022-11-29 08:00 PM,2022,11,29,20,47.9,132,Unhealthy for Sensitive Groups,55.1,UG/M3,1 Hr,Valid
Banja Luka,PM2.5 - Principal,2022-11-29 09:00 PM,2022,11,29,21,57.2,152,Unhealthy,67.5,UG/M3,1 Hr,Valid
Banja Luka,PM2.5 - Principal,2022-11-29 10:00 PM,2022,11,29,22,50.4,138,Unhealthy for Sensitive Groups,43.1,UG/M3,1 Hr,Valid
Banja Luka,PM2.5 - Principal,2022-11-29 11:00 PM,2022,11,29,23,52.4,143,Unhealthy for Sensitive Groups,54.6,UG/M3,1 Hr,Valid
Banja Luka,PM2.5 - Principal,2022-11-30 12:00 AM,2022,11,30,00,67.7,157,Unhealthy,82.8,UG/M3,1 Hr,Valid
Banja Luka,PM2.5 - Principal,2022-11-30 01:00 AM,2022,11,30,01,69.9,158,Unhealthy,72.1,UG/M3,1 Hr,Valid
Banja Luka,PM2.5 - Principal,2022-11-30 02:00 AM,2022,11,30,02,62.8,155,Unhealthy,55.6,UG/M3,1 Hr,Valid
Banja Luka,PM2.5 - Principal,2022-11-30 03:00 AM,2022,11,30,03,48.3,133,Unhealthy for Sensitive Groups,33.9,UG/M3,1 Hr,Valid
Banja Luka,PM2.5 - Principal,2022-11-30 04:00 AM,2022,11,30,04,38.9,109,Unhealthy for Sensitive Groups,29.5,UG/M3,1 Hr,Valid
Banja Luka,PM2.5 - Principal,2022-11-30 05:00 AM,2022,11,30,05,36.6,104,Unhealthy for Sensitive Groups,34.2,UG/M3,1 Hr,Valid
Banja Luka,PM2.5 - Principal,2022-11-30 06:00 AM,2022,11,30,06,37.8,107,Unhealthy for Sensitive Groups,39.0,UG/M3,1 Hr,Valid
Banja Luka,PM2.5 - Principal,2022-11-30 07:00 AM,2022,11,30,07,36.5,103,Unhealthy for Sensitive Groups,35.2,UG/M3,1 Hr,Valid
Banja Luka,PM2.5 - Principal,2022-11-30 08:00 AM,2022,11,30,08,33.7,96,Moderate,30.8,UG/M3,1 Hr,Valid
Banja Luka,PM2.5 - Principal,2022-11-30 09:00 AM,2022,11,30,09,30.2,89,Moderate,26.8,UG/M3,1 Hr,Valid
Banja Luka,PM2.5 - Principal,2022-11-30 10:00 AM,2022,11,30,10,31.8,92,Moderate,33.5,UG/M3,1 Hr,Valid
Banja Luka,PM2.5 - Principal,2022-11-30 11:00 AM,2022,11,30,11,30.4,89,Moderate,29.0,UG/M3,1 Hr,Valid
Banja Luka,PM2.5 - Principal,2022-11-30 12:00 PM,2022,11,30,12,33.4,96,Moderate,36.5,UG/M3,1 Hr,Valid
Banja Luka,PM2.5 - Principal,2022-11-30 01:00 PM,2022,11,30,13,32.9,95,Moderate,32.4,UG/M3,1 Hr,Valid
Banja Luka,PM2.5 - Principal,2022-11-30 02:00 PM,2022,11,30,14,32.0,93,Moderate,30.6,UG/M3,1 Hr,Valid
Banja Luka,PM2.5 - Principal,2022-11-30 03:00 PM,2022,11,30,15,43.3,120,Unhealthy for Sensitive Groups,54.7,UG/M3,1 Hr,Valid
Banja Luka,PM2.5 - Principal,2022-11-30 04:00 PM,2022,11,30,16,46.6,128,Unhealthy for Sensitive Groups,50.0,UG/M3,1 Hr,Valid
Banja Luka,PM2.5 - Principal,2022-11-30 05:00 PM,2022,11,30,17,47.9,132,Unhealthy for Sensitive Groups,49.2,UG/M3,1 Hr,Valid
Banja Luka,PM2.5 - Principal,2022-11-30 06:00 PM,2022,11,30,18,48.4,133,Unhealthy for Sensitive Groups,48.9,UG/M3,1 Hr,Valid
Banja Luka,PM2.5 - Principal,2022-11-30 07:00 PM,2022,11,30,19,50.3,137,Unhealthy for Sensitive Groups,52.2,UG/M3,1 Hr,Valid
Banja Luka,PM2.5 - Principal,2022-11-30 08:00 PM,2022,11,30,20,58.1,152,Unhealthy,66.0,UG/M3,1 Hr,Valid
Banja Luka,PM2.5 - Principal,2022-11-30 09:00 PM,2022,11,30,21,61.3,154,Unhealthy,64.4,UG/M3,1 Hr,Valid
Banja Luka,PM2.5 - Principal,2022-11-30 10:00 PM,2022,11,30,22,61.3,154,Unhealthy,61.3,UG/M3,1 Hr,Valid
Banja Luka,PM2.5 - Principal,2022-11-30 11:00 PM,2022,11,30,23,52.0,142,Unhealthy for Sensitive Groups,42.7,UG/M3,1 Hr,Valid
Banja Luka,PM2.5 - Principal,2022-12-01 12:00 AM,2022,12,01,00,43.5,121,Unhealthy for Sensitive Groups,35.0,UG/M3,1 Hr,Valid
Banja Luka,PM2.5 - Principal,2022-12-01 01:00 AM,2022,12,01,01,34.7,99,Moderate,25.9,UG/M3,1 Hr,Valid
Banja Luka,PM2.5 - Principal,2022-12-01 02:00 AM,2022,12,01,02,26.9,82,Moderate,19.2,UG/M3,1 Hr,Valid
Banja Luka,PM2.5 - Principal,2022-12-01 03:00 AM,2022,12,01,03,22.0,72,Moderate,17.1,UG/M3,1 Hr,Valid
Banja Luka,PM2.5 - Principal,2022-12-01 04:00 AM,2022,12,01,04,20.9,70,Moderate,19.8,UG/M3,1 Hr,Valid
Banja Luka,PM2.5 - Principal,2022-12-01 05:00 AM,2022,12,01,05,18.0,63,Moderate,15.2,UG/M3,1 Hr,Valid
Banja Luka,PM2.5 - Principal,2022-12-01 06:00 AM,2022,12,01,06,20.3,68,Moderate,22.5,UG/M3,1 Hr,Valid
Banja Luka,PM2.5 - Principal,2022-12-01 07:00 AM,2022,12,01,07,22.8,74,Moderate,25.3,UG/M3,1 Hr,Valid
Banja Luka,PM2.5 - Principal,2022-12-01 08:00 AM,2022,12,01,08,24.5,77,Moderate,26.2,UG/M3,1 Hr,Valid
Banja Luka,PM2.5 - Principal,2022-12-01 09:00 AM,2022,12,01,09,29.5,88,Moderate,34.6,UG/M3,1 Hr,Valid
Banja Luka,PM2.5 - Principal,2022-12-01 10:00 AM,2022,12,01,10,28.1,85,Moderate,26.6,UG/M3,1 Hr,Valid
Banja Luka,PM2.5 - Principal,2022-12-01 11:00 AM,2022,12,01,11,32.4,94,Moderate,36.7,UG/M3,1 Hr,Valid
Banja Luka,PM2.5 - Principal,2022-12-01 12:00 PM,2022,12,01,12,30.5,90,Moderate,28.5,UG/M3,1 Hr,Valid
Banja Luka,PM2.5 - Principal,2022-12-01 01:00 PM,2022,12,01,13,26.0,80,Moderate,21.6,UG/M3,1 Hr,Valid
Banja Luka,PM2.5 - Principal,2022-12-01 02:00 PM,2022,12,01,14,27.5,83,Moderate,29.0,UG/M3,1 Hr,Valid
Banja Luka,PM2.5 - Principal,2022-12-01 03:00 PM,2022,12,01,15,27.9,84,Moderate,28.2,UG/M3,1 Hr,Valid
Banja Luka,PM2.5 - Principal,2022-12-01 04:00 PM,2022,12,01,16,29.9,88,Moderate,31.9,UG/M3,1 Hr,Valid
Banja Luka,PM2.5 - Principal,2022-12-01 05:00 PM,2022,12,01,17,27.3,83,Moderate,24.1,UG/M3,1 Hr,Valid
Banja Luka,PM2.5 - Principal,2022-12-01 06:00 PM,2022,12,01,18,28.5,85,Moderate,30.1,UG/M3,1 Hr,Valid
Banja Luka,PM2.5 - Principal,2022-12-01 07:00 PM,2022,12,01,19,49.5,135,Unhealthy for Sensitive Groups,70.5,UG/M3,1 Hr,Valid
Banja Luka,PM2.5 - Principal,2022-12-01 08:00 PM,2022,12,01,20,83.2,165,Unhealthy,116.8,UG/M3,1 Hr,Valid
Banja Luka,PM2.5 - Principal,2022-12-01 09:00 PM,2022,12,01,21,97.1,172,Unhealthy,111.1,UG/M3,1 Hr,Valid
Banja Luka,PM2.5 - Principal,2022-12-01 10:00 PM,2022,12,01,22,85.3,166,Unhealthy,73.5,UG/M3,1 Hr,Valid
Banja Luka,PM2.5 - Principal,2022-12-01 11:00 PM,2022,12,01,23,61.3,154,Unhealthy,37.3,UG/M3,1 Hr,Valid
Banja Luka,PM2.5 - Principal,2022-12-02 12:00 AM,2022,12,02,00,42.6,118,Unhealthy for Sensitive Groups,23.9,UG/M3,1 Hr,Valid
Banja Luka,PM2.5 - Principal,2022-12-02 01:00 AM,2022,12,02,01,40.3,113,Unhealthy for Sensitive Groups,38.1,UG/M3,1 Hr,Valid
Banja Luka,PM2.5 - Principal,2022-12-02 02:00 AM,2022,12,02,02,31.4,92,Moderate,22.5,UG/M3,1 Hr,Valid
Banja Luka,PM2.5 - Principal,2022-12-02 03:00 AM,2022,12,02,03,26.8,82,Moderate,22.1,UG/M3,1 Hr,Valid
Banja Luka,PM2.5 - Principal,2022-12-02 04:00 AM,2022,12,02,04,25.1,78,Moderate,23.4,UG/M3,1 Hr,Valid
Banja Luka,PM2.5 - Principal,2022-12-02 05:00 AM,2022,12,02,05,23.7,75,Moderate,22.3,UG/M3,1 Hr,Valid
Banja Luka,PM2.5 - Principal,2022-12-02 06:00 AM,2022,12,02,06,21.4,71,Moderate,19.2,UG/M3,1 Hr,Valid
Banja Luka,PM2.5 - Principal,2022-12-02 07:00 AM,2022,12,02,07,25.1,78,Moderate,28.8,UG/M3,1 Hr,Valid
Banja Luka,PM2.5 - Principal,2022-12-02 08:00 AM,2022,12,02,08,24.6,77,Moderate,24.2,UG/M3,1 Hr,Valid
Banja Luka,PM2.5 - Principal,2022-12-02 09:00 AM,2022,12,02,09,23.0,74,Moderate,21.4,UG/M3,1 Hr,Valid
Banja Luka,PM2.5 - Principal,2022-12-02 10:00 AM,2022,12,02,10,24.3,77,Moderate,25.6,UG/M3,1 Hr,Valid
Banja Luka,PM2.5 - Principal,2022-12-02 11:00 AM,2022,12,02,11,31.2,91,Moderate,38.2,UG/M3,1 Hr,Valid
Banja Luka,PM2.5 - Principal,2022-12-02 12:00 PM,2022,12,02,12,35.9,102,Unhealthy for Sensitive Groups,40.6,UG/M3,1 Hr,Valid
Banja Luka,PM2.5 - Principal,2022-12-02 01:00 PM,2022,12,02,13,35.9,102,Unhealthy for Sensitive Groups,35.8,UG/M3,1 Hr,Valid
Banja Luka,PM2.5 - Principal,2022-12-02 02:00 PM,2022,12,02,14,31.9,93,Moderate,27.9,UG/M3,1 Hr,Valid
Banja Luka,PM2.5 - Principal,2022-12-02 03:00 PM,2022,12,02,15,37.5,106,Unhealthy for Sensitive Groups,43.2,UG/M3,1 Hr,Valid
Banja Luka,PM2.5 - Principal,2022-12-02 04:00 PM,2022,12,02,16,40.0,112,Unhealthy for Sensitive Groups,42.4,UG/M3,1 Hr,Valid
Banja Luka,PM2.5 - Principal,2022-12-02 05:00 PM,2022,12,02,17,35.1,99,Moderate,30.1,UG/M3,1 Hr,Valid
Banja Luka,PM2.5 - Principal,2022-12-02 06:00 PM,2022,12,02,18,32.5,94,Moderate,30.0,UG/M3,1 Hr,Valid
Banja Luka,PM2.5 - Principal,2022-12-02 07:00 PM,2022,12,02,19,28.5,85,Moderate,24.4,UG/M3,1 Hr,Valid
Banja Luka,PM2.5 - Principal,2022-12-02 08:00 PM,2022,12,02,20,27.3,83,Moderate,26.1,UG/M3,1 Hr,Valid
Banja Luka,PM2.5 - Principal,2022-12-02 09:00 PM,2022,12,02,21,43.9,122,Unhealthy for Sensitive Groups,60.4,UG/M3,1 Hr,Valid
Banja Luka,PM2.5 - Principal,2022-12-02 10:00 PM,2022,12,02,22,52.0,142,Unhealthy for Sensitive Groups,60.2,UG/M3,1 Hr,Valid
Banja Luka,PM2.5 - Principal,2022-12-02 11:00 PM,2022,12,02,23,44.8,124,Unhealthy for Sensitive Groups,37.6,UG/M3,1 Hr,Valid
Banja Luka,PM2.5 - Principal,2022-12-03 12:00 AM,2022,12,03,00,38.3,108,Unhealthy for Sensitive Groups,31.7,UG/M3,1 Hr,Valid
Banja Luka,PM2.5 - Principal,2022-12-03 01:00 AM,2022,12,03,01,39.2,110,Unhealthy for Sensitive Groups,40.1,UG/M3,1 Hr,Valid
Banja Luka,PM2.5 - Principal,2022-12-03 02:00 AM,2022,12,03,02,38.8,109,Unhealthy for Sensitive Groups,38.3,UG/M3,1 Hr,Valid
Banja Luka,PM2.5 - Principal,2022-12-03 03:00 AM,2022,12,03,03,36.7,104,Unhealthy for Sensitive Groups,34.7,UG/M3,1 Hr,Valid
Banja Luka,PM2.5 - Principal,2022-12-03 04:00 AM,2022,12,03,04,31.9,93,Moderate,27.1,UG/M3,1 Hr,Valid
Banja Luka,PM2.5 - Principal,2022-12-03 05:00 AM,2022,12,03,05,30.5,90,Moderate,29.1,UG/M3,1 Hr,Valid
Banja Luka,PM2.5 - Principal,2022-12-03 06:00 AM,2022,12,03,06,32.5,94,Moderate,34.4,UG/M3,1 Hr,Valid
Banja Luka,PM2.5 - Principal,2022-12-03 07:00 AM,2022,12,03,07,35.2,100,Moderate,37.9,UG/M3,1 Hr,Valid
Banja Luka,PM2.5 - Principal,2022-12-03 08:00 AM,2022,12,03,08,39.1,110,Unhealthy for Sensitive Groups,42.9,UG/M3,1 Hr,Valid
Banja Luka,PM2.5 - Principal,2022-12-03 09:00 AM,2022,12,03,09,42.9,119,Unhealthy for Sensitive Groups,46.8,UG/M3,1 Hr,Valid
Banja Luka,PM2.5 - Principal,2022-12-03 10:00 AM,2022,12,03,10,41.4,116,Unhealthy for Sensitive Groups,40.8,UG/M3,1 Hr,Valid
Banja Luka,PM2.5 - Principal,2022-12-03 11:00 AM,2022,12,03,11,40.5,113,Unhealthy for Sensitive Groups,39.4,UG/M3,1 Hr,Valid
Banja Luka,PM2.5 - Principal,2022-12-03 12:00 PM,2022,12,03,12,43.8,121,Unhealthy for Sensitive Groups,47.9,UG/M3,1 Hr,Valid
Banja Luka,PM2.5 - Principal,2022-12-03 01:00 PM,2022,12,03,13,48.6,133,Unhealthy for Sensitive Groups,53.2,UG/M3,1 Hr,Valid
Banja Luka,PM2.5 - Principal,2022-12-03 02:00 PM,2022,12,03,14,56.0,151,Unhealthy,63.3,UG/M3,1 Hr,Valid
Banja Luka,PM2.5 - Principal,2022-12-03 03:00 PM,2022,12,03,15,56.0,151,Unhealthy,56.0,UG/M3,1 Hr,Valid
Banja Luka,PM2.5 - Principal,2022-12-03 04:00 PM,2022,12,03,16,59.5,153,Unhealthy,62.9,UG/M3,1 Hr,Valid
Banja Luka,PM2.5 - Principal,2022-12-03 05:00 PM,2022,12,03,17,64.1,155,Unhealthy,68.8,UG/M3,1 Hr,Valid
Banja Luka,PM2.5 - Principal,2022-12-03 06:00 PM,2022,12,03,18,69.8,158,Unhealthy,75.6,UG/M3,1 Hr,Valid
Banja Luka,PM2.5 - Principal,2022-12-03 07:00 PM,2022,12,03,19,77.6,162,Unhealthy,85.4,UG/M3,1 Hr,Valid
Banja Luka,PM2.5 - Principal,2022-12-03 08:00 PM,2022,12,03,20,68.1,158,Unhealthy,58.6,UG/M3,1 Hr,Valid
Banja Luka,PM2.5 - Principal,2022-12-03 09:00 PM,2022,12,03,21,67.7,157,Unhealthy,67.3,UG/M3,1 Hr,Valid
Banja Luka,PM2.5 - Principal,2022-12-03 10:00 PM,2022,12,03,22,67.8,157,Unhealthy,67.8,UG/M3,1 Hr,Valid
Banja Luka,PM2.5 - Principal,2022-12-03 11:00 PM,2022,12,03,23,62.7,155,Unhealthy,56.1,UG/M3,1 Hr,Valid
Banja Luka,PM2.5 - Principal,2022-12-04 12:00 AM,2022,12,04,00,59.7,153,Unhealthy,53.5,UG/M3,1 Hr,Valid
Banja Luka,PM2.5 - Principal,2022-12-04 01:00 AM,2022,12,04,01,54.7,148,Unhealthy for Sensitive Groups,49.1,UG/M3,1 Hr,Valid
Banja Luka,PM2.5 - Principal,2022-12-04 02:00 AM,2022,12,04,02,45.8,126,Unhealthy for Sensitive Groups,38.1,UG/M3,1 Hr,Valid
Banja Luka,PM2.5 - Principal,2022-12-04 03:00 AM,2022,12,04,03,40.3,113,Unhealthy for Sensitive Groups,34.8,UG/M3,1 Hr,Valid
Banja Luka,PM2.5 - Principal,2022-12-04 04:00 AM,2022,12,04,04,35.5,101,Unhealthy for Sensitive Groups,30.7,UG/M3,1 Hr,Valid
Banja Luka,PM2.5 - Principal,2022-12-04 05:00 AM,2022,12,04,05,33.1,95,Moderate,30.7,UG/M3,1 Hr,Valid
Banja Luka,PM2.5 - Principal,2022-12-04 06:00 AM,2022,12,04,06,28.8,86,Moderate,24.5,UG/M3,1 Hr,Valid
Banja Luka,PM2.5 - Principal,2022-12-04 07:00 AM,2022,12,04,07,24.8,78,Moderate,20.8,UG/M3,1 Hr,Valid
Banja Luka,PM2.5 - Principal,2022-12-04 08:00 AM,2022,12,04,08,24.2,76,Moderate,23.7,UG/M3,1 Hr,Valid
Banja Luka,PM2.5 - Principal,2022-12-04 09:00 AM,2022,12,04,09,26.7,82,Moderate,29.2,UG/M3,1 Hr,Valid
Banja Luka,PM2.5 - Principal,2022-12-04 10:00 AM,2022,12,04,10,30.2,89,Moderate,33.7,UG/M3,1 Hr,Valid
Banja Luka,PM2.5 - Principal,2022-12-04 11:00 AM,2022,12,04,11,33.4,96,Moderate,36.7,UG/M3,1 Hr,Valid
Banja Luka,PM2.5 - Principal,2022-12-04 12:00 PM,2022,12,04,12,45.7,126,Unhealthy for Sensitive Groups,57.9,UG/M3,1 Hr,Valid
Banja Luka,PM2.5 - Principal,2022-12-04 01:00 PM,2022,12,04,13,53.7,146,Unhealthy for Sensitive Groups,61.7,UG/M3,1 Hr,Valid
Banja Luka,PM2.5 - Principal,2022-12-04 02:00 PM,2022,12,04,14,55.3,150,Unhealthy for Sensitive Groups,56.8,UG/M3,1 Hr,Valid
Banja Luka,PM2.5 - Principal,2022-12-04 03:00 PM,2022,12,04,15,61.7,154,Unhealthy,68.1,UG/M3,1 Hr,Valid
Banja Luka,PM2.5 - Principal,2022-12-04 04:00 PM,2022,12,04,16,66.2,157,Unhealthy,70.7,UG/M3,1 Hr,Valid
Banja Luka,PM2.5 - Principal,2022-12-04 05:00 PM,2022,12,04,17,66.7,157,Unhealthy,67.2,UG/M3,1 Hr,Valid
Banja Luka,PM2.5 - Principal,2022-12-04 06:00 PM,2022,12,04,18,66.1,156,Unhealthy,65.5,UG/M3,1 Hr,Valid
Banja Luka,PM2.5 - Principal,2022-12-04 07:00 PM,2022,12,04,19,67.3,157,Unhealthy,68.5,UG/M3,1 Hr,Valid
Banja Luka,PM2.5 - Principal,2022-12-04 08:00 PM,2022,12,04,20,52.0,142,Unhealthy for Sensitive Groups,36.8,UG/M3,1 Hr,Valid
Banja Luka,PM2.5 - Principal,2022-12-04 09:00 PM,2022,12,04,21,53.7,146,Unhealthy for Sensitive Groups,55.4,UG/M3,1 Hr,Valid
Banja Luka,PM2.5 - Principal,2022-12-04 10:00 PM,2022,12,04,22,53.0,144,Unhealthy for Sensitive Groups,52.0,UG/M3,1 Hr,Valid
Banja Luka,PM2.5 - Principal,2022-12-04 11:00 PM,2022,12,04,23,51.0,139,Unhealthy for Sensitive Groups,48.7,UG/M3,1 Hr,Valid
Banja Luka,PM2.5 - Principal,2022-12-05 12:00 AM,2022,12,05,00,50.1,137,Unhealthy for Sensitive Groups,49.1,UG/M3,1 Hr,Valid
Banja Luka,PM2.5 - Principal,2022-12-05 01:00 AM,2022,12,05,01,48.1,132,Unhealthy for Sensitive Groups,46.0,UG/M3,1 Hr,Valid
Banja Luka,PM2.5 - Principal,2022-12-05 02:00 AM,2022,12,05,02,47.8,131,Unhealthy for Sensitive Groups,47.5,UG/M3,1 Hr,Valid
Banja Luka,PM2.5 - Principal,2022-12-05 03:00 AM,2022,12,05,03,46.9,129,Unhealthy for Sensitive Groups,46.0,UG/M3,1 Hr,Valid
Banja Luka,PM2.5 - Principal,2022-12-05 04:00 AM,2022,12,05,04,47.0,129,Unhealthy for Sensitive Groups,47.1,UG/M3,1 Hr,Valid
Banja Luka,PM2.5 - Principal,2022-12-05 05:00 AM,2022,12,05,05,46.0,127,Unhealthy for Sensitive Groups,44.9,UG/M3,1 Hr,Valid
Banja Luka,PM2.5 - Principal,2022-12-05 06:00 AM,2022,12,05,06,40.0,112,Unhealthy for Sensitive Groups,34.0,UG/M3,1 Hr,Valid
Banja Luka,PM2.5 - Principal,2022-12-05 07:00 AM,2022,12,05,07,33.9,97,Moderate,27.7,UG/M3,1 Hr,Valid
Banja Luka,PM2.5 - Principal,2022-12-05 08:00 AM,2022,12,05,08,31.0,91,Moderate,28.1,UG/M3,1 Hr,Valid
Banja Luka,PM2.5 - Principal,2022-12-05 09:00 AM,2022,12,05,09,32.9,95,Moderate,34.5,UG/M3,1 Hr,Valid
Banja Luka,PM2.5 - Principal,2022-12-05 10:00 AM,2022,12,05,10,34.9,99,Moderate,37.1,UG/M3,1 Hr,Valid
Banja Luka,PM2.5 - Principal,2022-12-05 11:00 AM,2022,12,05,11,42.3,118,Unhealthy for Sensitive Groups,51.1,UG/M3,1 Hr,Valid
Banja Luka,PM2.5 - Principal,2022-12-05 12:00 PM,2022,12,05,12,54.0,147,Unhealthy for Sensitive Groups,64.9,UG/M3,1 Hr,Valid
Banja Luka,PM2.5 - Principal,2022-12-05 01:00 PM,2022,12,05,13,60.0,153,Unhealthy,65.9,UG/M3,1 Hr,Valid
Banja Luka,PM2.5 - Principal,2022-12-05 02:00 PM,2022,12,05,14,60.4,154,Unhealthy,60.8,UG/M3,1 Hr,Valid
Banja Luka,PM2.5 - Principal,2022-12-05 03:00 PM,2022,12,05,15,64.0,155,Unhealthy,67.6,UG/M3,1 Hr,Valid
Banja Luka,PM2.5 - Principal,2022-12-05 04:00 PM,2022,12,05,16,78.5,163,Unhealthy,93.1,UG/M3,1 Hr,Valid
Banja Luka,PM2.5 - Principal,2022-12-05 05:00 PM,2022,12,05,17,81.9,165,Unhealthy,85.2,UG/M3,1 Hr,Valid
Banja Luka,PM2.5 - Principal,2022-12-05 06:00 PM,2022,12,05,18,88.9,168,Unhealthy,95.8,UG/M3,1 Hr,Valid
Banja Luka,PM2.5 - Principal,2022-12-05 07:00 PM,2022,12,05,19,92.9,170,Unhealthy,96.9,UG/M3,1 Hr,Valid
Banja Luka,PM2.5 - Principal,2022-12-05 08:00 PM,2022,12,05,20,89.5,169,Unhealthy,86.1,UG/M3,1 Hr,Valid
Banja Luka,PM2.5 - Principal,2022-12-05 09:00 PM,2022,12,05,21,93.1,170,Unhealthy,96.7,UG/M3,1 Hr,Valid
Banja Luka,PM2.5 - Principal,2022-12-05 10:00 PM,2022,12,05,22,99.1,174,Unhealthy,105.1,UG/M3,1 Hr,Valid
Banja Luka,PM2.5 - Principal,2022-12-05 11:00 PM,2022,12,05,23,103.0,176,Unhealthy,109.1,UG/M3,1 Hr,Valid
Banja Luka,PM2.5 - Principal,2022-12-06 12:00 AM,2022,12,06,00,102.3,175,Unhealthy,101.4,UG/M3,1 Hr,Valid
Banja Luka,PM2.5 - Principal,2022-12-06 01:00 AM,2022,12,06,01,103.9,176,Unhealthy,105.9,UG/M3,1 Hr,Valid
Banja Luka,PM2.5 - Principal,2022-12-06 02:00 AM,2022,12,06,02,108.6,178,Unhealthy,115.4,UG/M3,1 Hr,Valid
Banja Luka,PM2.5 - Principal,2022-12-06 03:00 AM,2022,12,06,03,112.0,180,Unhealthy,123.6,UG/M3,1 Hr,Valid
Banja Luka,PM2.5 - Principal,2022-12-06 04:00 AM,2022,12,06,04,111.5,180,Unhealthy,110.3,UG/M3,1 Hr,Valid
Banja Luka,PM2.5 - Principal,2022-12-06 05:00 AM,2022,12,06,05,113.2,181,Unhealthy,116.9,UG/M3,1 Hr,Valid
Banja Luka,PM2.5 - Principal,2022-12-06 06:00 AM,2022,12,06,06,112.5,180,Unhealthy,110.8,UG/M3,1 Hr,Valid
Banja Luka,PM2.5 - Principal,2022-12-06 07:00 AM,2022,12,06,07,87.0,167,Unhealthy,61.0,UG/M3,1 Hr,Valid
Banja Luka,PM2.5 - Principal,2022-12-06 08:00 AM,2022,12,06,08,73.6,160,Unhealthy,60.3,UG/M3,1 Hr,Valid
Banja Luka,PM2.5 - Principal,2022-12-06 09:00 AM,2022,12,06,09,78.6,163,Unhealthy,83.6,UG/M3,1 Hr,Valid
Banja Luka,PM2.5 - Principal,2022-12-06 10:00 AM,2022,12,06,10,72.1,160,Unhealthy,65.5,UG/M3,1 Hr,Valid
Banja Luka,PM2.5 - Principal,2022-12-06 11:00 AM,2022,12,06,11,91.2,169,Unhealthy,110.3,UG/M3,1 Hr,Valid
Banja Luka,PM2.5 - Principal,2022-12-06 12:00 PM,2022,12,06,12,99.2,174,Unhealthy,107.3,UG/M3,1 Hr,Valid
Banja Luka,PM2.5 - Principal,2022-12-06 01:00 PM,2022,12,06,13,73.1,160,Unhealthy,47.0,UG/M3,1 Hr,Valid
Banja Luka,PM2.5 - Principal,2022-12-06 02:00 PM,2022,12,06,14,50.8,139,Unhealthy for Sensitive Groups,28.5,UG/M3,1 Hr,Valid
Banja Luka,PM2.5 - Principal,2022-12-06 03:00 PM,2022,12,06,15,37.7,106,Unhealthy for Sensitive Groups,24.6,UG/M3,1 Hr,Valid
Banja Luka,PM2.5 - Principal,2022-12-06 04:00 PM,2022,12,06,16,32.7,94,Moderate,27.6,UG/M3,1 Hr,Valid
Banja Luka,PM2.5 - Principal,2022-12-06 05:00 PM,2022,12,06,17,31.7,92,Moderate,30.8,UG/M3,1 Hr,Valid
Banja Luka,PM2.5 - Principal,2022-12-06 06:00 PM,2022,12,06,18,30.3,89,Moderate,29.0,UG/M3,1 Hr,Valid
Banja Luka,PM2.5 - Principal,2022-12-06 07:00 PM,2022,12,06,19,31.3,91,Moderate,32.3,UG/M3,1 Hr,Valid
Banja Luka,PM2.5 - Principal,2022-12-06 08:00 PM,2022,12,06,20,34.2,97,Moderate,37.1,UG/M3,1 Hr,Valid
Banja Luka,PM2.5 - Principal,2022-12-06 09:00 PM,2022,12,06,21,35.5,101,Unhealthy for Sensitive Groups,36.9,UG/M3,1 Hr,Valid
Banja Luka,PM2.5 - Principal,2022-12-06 10:00 PM,2022,12,06,22,36.0,102,Unhealthy for Sensitive Groups,36.4,UG/M3,1 Hr,Valid
Banja Luka,PM2.5 - Principal,2022-12-06 11:00 PM,2022,12,06,23,36.5,103,Unhealthy for Sensitive Groups,37.1,UG/M3,1 Hr,Valid
Banja Luka,PM2.5 - Principal,2022-12-07 12:00 AM,2022,12,07,00,37.8,107,Unhealthy for Sensitive Groups,39.4,UG/M3,1 Hr,Valid
Banja Luka,PM2.5 - Principal,2022-12-07 01:00 AM,2022,12,07,01,35.3,100,Moderate,32.0,UG/M3,1 Hr,Valid
Banja Luka,PM2.5 - Principal,2022-12-07 02:00 AM,2022,12,07,02,32.4,94,Moderate,27.6,UG/M3,1 Hr,Valid
Banja Luka,PM2.5 - Principal,2022-12-07 03:00 AM,2022,12,07,03,30.0,89,Moderate,25.5,UG/M3,1 Hr,Valid
Banja Luka,PM2.5 - Principal,2022-12-07 04:00 AM,2022,12,07,04,28.5,85,Moderate,25.7,UG/M3,1 Hr,Valid
Banja Luka,PM2.5 - Principal,2022-12-07 05:00 AM,2022,12,07,05,29.6,88,Moderate,31.6,UG/M3,1 Hr,Valid
Banja Luka,PM2.5 - Principal,2022-12-07 06:00 AM,2022,12,07,06,27.5,83,Moderate,24.4,UG/M3,1 Hr,Valid
Banja Luka,PM2.5 - Principal,2022-12-07 07:00 AM,2022,12,07,07,27.9,84,Moderate,28.4,UG/M3,1 Hr,Valid
Banja Luka,PM2.5 - Principal,2022-12-07 08:00 AM,2022,12,07,08,30.6,90,Moderate,35.1,UG/M3,1 Hr,Valid
Banja Luka,PM2.5 - Principal,2022-12-07 09:00 AM,2022,12,07,09,30.6,90,Moderate,30.5,UG/M3,1 Hr,Valid
Banja Luka,PM2.5 - Principal,2022-12-07 10:00 AM,2022,12,07,10,29.6,88,Moderate,28.1,UG/M3,1 Hr,Valid
Banja Luka,PM2.5 - Principal,2022-12-07 11:00 AM,2022,12,07,11,31.3,91,Moderate,34.0,UG/M3,1 Hr,Valid
Banja Luka,PM2.5 - Principal,2022-12-07 12:00 PM,2022,12,07,12,32.9,95,Moderate,36.5,UG/M3,1 Hr,Valid
Banja Luka,PM2.5 - Principal,2022-12-07 01:00 PM,2022,12,07,13,33.4,96,Moderate,34.6,UG/M3,1 Hr,Valid
Banja Luka,PM2.5 - Principal,2022-12-07 02:00 PM,2022,12,07,14,35.8,102,Unhealthy for Sensitive Groups,39.2,UG/M3,1 Hr,Valid
Banja Luka,PM2.5 - Principal,2022-12-07 03:00 PM,2022,12,07,15,35.0,99,Moderate,33.6,UG/M3,1 Hr,Valid
Banja Luka,PM2.5 - Principal,2022-12-07 04:00 PM,2022,12,07,16,35.8,102,Unhealthy for Sensitive Groups,37.1,UG/M3,1 Hr,Valid
Banja Luka,PM2.5 - Principal,2022-12-07 05:00 PM,2022,12,07,17,30.8,90,Moderate,23.4,UG/M3,1 Hr,Valid
Banja Luka,PM2.5 - Principal,2022-12-07 06:00 PM,2022,12,07,18,38.8,109,Unhealthy for Sensitive Groups,47.8,UG/M3,1 Hr,Valid
Banja Luka,PM2.5 - Principal,2022-12-07 07:00 PM,2022,12,07,19,43.8,121,Unhealthy for Sensitive Groups,48.9,UG/M3,1 Hr,Valid
Banja Luka,PM2.5 - Principal,2022-12-07 08:00 PM,2022,12,07,20,45.5,126,Unhealthy for Sensitive Groups,47.1,UG/M3,1 Hr,Valid
Banja Luka,PM2.5 - Principal,2022-12-07 09:00 PM,2022,12,07,21,36.9,104,Unhealthy for Sensitive Groups,28.3,UG/M3,1 Hr,Valid
Banja Luka,PM2.5 - Principal,2022-12-07 10:00 PM,2022,12,07,22,36.2,103,Unhealthy for Sensitive Groups,35.5,UG/M3,1 Hr,Valid
Banja Luka,PM2.5 - Principal,2022-12-07 11:00 PM,2022,12,07,23,31.5,92,Moderate,26.8,UG/M3,1 Hr,Valid
Banja Luka,PM2.5 - Principal,2022-12-08 12:00 AM,2022,12,08,00,28.2,85,Moderate,25.0,UG/M3,1 Hr,Valid
Banja Luka,PM2.5 - Principal,2022-12-08 01:00 AM,2022,12,08,01,26.3,81,Moderate,24.4,UG/M3,1 Hr,Valid
Banja Luka,PM2.5 - Principal,2022-12-08 02:00 AM,2022,12,08,02,29.9,88,Moderate,33.4,UG/M3,1 Hr,Valid
Banja Luka,PM2.5 - Principal,2022-12-08 03:00 AM,2022,12,08,03,32.1,93,Moderate,34.3,UG/M3,1 Hr,Valid
Banja Luka,PM2.5 - Principal,2022-12-08 04:00 AM,2022,12,08,04,31.7,92,Moderate,31.3,UG/M3,1 Hr,Valid
Banja Luka,PM2.5 - Principal,2022-12-08 05:00 AM,2022,12,08,05,33.5,96,Moderate,35.2,UG/M3,1 Hr,Valid
Banja Luka,PM2.5 - Principal,2022-12-08 06:00 AM,2022,12,08,06,30.6,90,Moderate,27.7,UG/M3,1 Hr,Valid
Banja Luka,PM2.5 - Principal,2022-12-08 07:00 AM,2022,12,08,07,28.1,85,Moderate,25.3,UG/M3,1 Hr,Valid
Banja Luka,PM2.5 - Principal,2022-12-08 08:00 AM,2022,12,08,08,31.4,92,Moderate,36.3,UG/M3,1 Hr,Valid
Banja Luka,PM2.5 - Principal,2022-12-08 09:00 AM,2022,12,08,09,36.6,104,Unhealthy for Sensitive Groups,42.9,UG/M3,1 Hr,Valid
Banja Luka,PM2.5 - Principal,2022-12-08 10:00 AM,2022,12,08,10,34.9,99,Moderate,32.7,UG/M3,1 Hr,Valid
Banja Luka,PM2.5 - Principal,2022-12-08 11:00 AM,2022,12,08,11,38.2,108,Unhealthy for Sensitive Groups,42.4,UG/M3,1 Hr,Valid
Banja Luka,PM2.5 - Principal,2022-12-08 12:00 PM,2022,12,08,12,39.2,110,Unhealthy for Sensitive Groups,40.5,UG/M3,1 Hr,Valid
Banja Luka,PM2.5 - Principal,2022-12-08 01:00 PM,2022,12,08,13,37.4,106,Unhealthy for Sensitive Groups,35.0,UG/M3,1 Hr,Valid
Banja Luka,PM2.5 - Principal,2022-12-08 02:00 PM,2022,12,08,14,36.6,104,Unhealthy for Sensitive Groups,35.5,UG/M3,1 Hr,Valid
Banja Luka,PM2.5 - Principal,2022-12-08 03:00 PM,2022,12,08,15,38.3,108,Unhealthy for Sensitive Groups,40.8,UG/M3,1 Hr,Valid
Banja Luka,PM2.5 - Principal,2022-12-08 04:00 PM,2022,12,08,16,39.1,110,Unhealthy for Sensitive Groups,40.1,UG/M3,1 Hr,Valid
Banja Luka,PM2.5 - Principal,2022-12-08 05:00 PM,2022,12,08,17,55.2,150,Unhealthy for Sensitive Groups,71.1,UG/M3,1 Hr,Valid
Banja Luka,PM2.5 - Principal,2022-12-08 06:00 PM,2022,12,08,18,63.2,155,Unhealthy,71.1,UG/M3,1 Hr,Valid
Banja Luka,PM2.5 - Principal,2022-12-08 07:00 PM,2022,12,08,19,67.1,157,Unhealthy,71.1,UG/M3,1 Hr,Valid
Banja Luka,PM2.5 - Principal,2022-12-08 08:00 PM,2022,12,08,20,67.0,157,Unhealthy,66.9,UG/M3,1 Hr,Valid
Banja Luka,PM2.5 - Principal,2022-12-08 09:00 PM,2022,12,08,21,87.8,168,Unhealthy,108.6,UG/M3,1 Hr,Valid
Banja Luka,PM2.5 - Principal,2022-12-08 10:00 PM,2022,12,08,22,75.6,161,Unhealthy,63.5,UG/M3,1 Hr,Valid
Banja Luka,PM2.5 - Principal,2022-12-08 11:00 PM,2022,12,08,23,80.8,164,Unhealthy,85.9,UG/M3,1 Hr,Valid
Banja Luka,PM2.5 - Principal,2022-12-09 12:00 AM,2022,12,09,00,89.3,168,Unhealthy,97.8,UG/M3,1 Hr,Valid
Banja Luka,PM2.5 - Principal,2022-12-09 01:00 AM,2022,12,09,01,81.1,164,Unhealthy,73.0,UG/M3,1 Hr,Valid
Banja Luka,PM2.5 - Principal,2022-12-09 02:00 AM,2022,12,09,02,77.1,162,Unhealthy,73.0,UG/M3,1 Hr,Valid
Banja Luka,PM2.5 - Principal,2022-12-09 03:00 AM,2022,12,09,03,61.6,154,Unhealthy,46.1,UG/M3,1 Hr,Valid
Banja Luka,PM2.5 - Principal,2022-12-09 04:00 AM,2022,12,09,04,55.8,151,Unhealthy,50.0,UG/M3,1 Hr,Valid
Banja Luka,PM2.5 - Principal,2022-12-09 05:00 AM,2022,12,09,05,45.8,126,Unhealthy for Sensitive Groups,35.8,UG/M3,1 Hr,Valid
Banja Luka,PM2.5 - Principal,2022-12-09 06:00 AM,2022,12,09,06,38.4,108,Unhealthy for Sensitive Groups,31.0,UG/M3,1 Hr,Valid
Banja Luka,PM2.5 - Principal,2022-12-09 07:00 AM,2022,12,09,07,38.6,109,Unhealthy for Sensitive Groups,38.8,UG/M3,1 Hr,Valid
Banja Luka,PM2.5 - Principal,2022-12-09 08:00 AM,2022,12,09,08,36.4,103,Unhealthy for Sensitive Groups,34.2,UG/M3,1 Hr,Valid
Banja Luka,PM2.5 - Principal,2022-12-09 09:00 AM,2022,12,09,09,35.3,100,Moderate,34.2,UG/M3,1 Hr,Valid
Banja Luka,PM2.5 - Principal,2022-12-09 10:00 AM,2022,12,09,10,49.9,136,Unhealthy for Sensitive Groups,64.5,UG/M3,1 Hr,Valid
Banja Luka,PM2.5 - Principal,2022-12-09 11:00 AM,2022,12,09,11,71.7,159,Unhealthy,93.4,UG/M3,1 Hr,Valid
Banja Luka,PM2.5 - Principal,2022-12-09 12:00 PM,2022,12,09,12,80.5,164,Unhealthy,89.4,UG/M3,1 Hr,Valid
Banja Luka,PM2.5 - Principal,2022-12-09 01:00 PM,2022,12,09,13,90.2,169,Unhealthy,99.9,UG/M3,1 Hr,Valid
Banja Luka,PM2.5 - Principal,2022-12-09 02:00 PM,2022,12,09,14,95.0,171,Unhealthy,99.9,UG/M3,1 Hr,Valid
Banja Luka,PM2.5 - Principal,2022-12-09 03:00 PM,2022,12,09,15,91.6,170,Unhealthy,88.2,UG/M3,1 Hr,Valid
Banja Luka,PM2.5 - Principal,2022-12-09 04:00 PM,2022,12,09,16,86.6,167,Unhealthy,81.6,UG/M3,1 Hr,Valid
Banja Luka,PM2.5 - Principal,2022-12-09 05:00 PM,2022,12,09,17,92.3,170,Unhealthy,97.9,UG/M3,1 Hr,Valid
Banja Luka,PM2.5 - Principal,2022-12-09 06:00 PM,2022,12,09,18,85.1,166,Unhealthy,78.0,UG/M3,1 Hr,Valid
Banja Luka,PM2.5 - Principal,2022-12-09 07:00 PM,2022,12,09,19,94.3,171,Unhealthy,103.5,UG/M3,1 Hr,Valid
Banja Luka,PM2.5 - Principal,2022-12-09 08:00 PM,2022,12,09,20,104.4,176,Unhealthy,114.5,UG/M3,1 Hr,Valid
Banja Luka,PM2.5 - Principal,2022-12-09 09:00 PM,2022,12,09,21,122.8,186,Unhealthy,141.2,UG/M3,1 Hr,Valid
Banja Luka,PM2.5 - Principal,2022-12-09 10:00 PM,2022,12,09,22,73.5,160,Unhealthy,24.2,UG/M3,1 Hr,Valid
Banja Luka,PM2.5 - Principal,2022-12-09 11:00 PM,2022,12,09,23,39.9,112,Unhealthy for Sensitive Groups,6.3,UG/M3,1 Hr,Valid
Banja Luka,PM2.5 - Principal,2022-12-10 12:00 AM,2022,12,10,00,22.7,73,Moderate,5.4,UG/M3,1 Hr,Valid
Banja Luka,PM2.5 - Principal,2022-12-10 01:00 AM,2022,12,10,01,13.4,54,Moderate,4.3,UG/M3,1 Hr,Valid
Banja Luka,PM2.5 - Principal,2022-12-10 02:00 AM,2022,12,10,02,12.4,52,Moderate,11.5,UG/M3,1 Hr,Valid
Banja Luka,PM2.5 - Principal,2022-12-10 03:00 AM,2022,12,10,03,8.1,34,Good,3.8,UG/M3,1 Hr,Valid
Banja Luka,PM2.5 - Principal,2022-12-10 04:00 AM,2022,12,10,04,6.9,29,Good,5.6,UG/M3,1 Hr,Valid
Banja Luka,PM2.5 - Principal,2022-12-10 05:00 AM,2022,12,10,05,9.6,40,Good,12.4,UG/M3,1 Hr,Valid
Banja Luka,PM2.5 - Principal,2022-12-10 06:00 AM,2022,12,10,06,10.4,43,Good,11.3,UG/M3,1 Hr,Valid
Banja Luka,PM2.5 - Principal,2022-12-10 07:00 AM,2022,12,10,07,11.4,48,Good,12.4,UG/M3,1 Hr,Valid
Banja Luka,PM2.5 - Principal,2022-12-10 08:00 AM,2022,12,10,08,11.7,49,Good,12.0,UG/M3,1 Hr,Valid
Banja Luka,PM2.5 - Principal,2022-12-10 09:00 AM,2022,12,10,09,16.8,61,Moderate,21.9,UG/M3,1 Hr,Valid
Banja Luka,PM2.5 - Principal,2022-12-10 10:00 AM,2022,12,10,10,13.6,54,Moderate,10.4,UG/M3,1 Hr,Valid
Banja Luka,PM2.5 - Principal,2022-12-10 11:00 AM,2022,12,10,11,31.8,92,Moderate,50.0,UG/M3,1 Hr,Valid
Banja Luka,PM2.5 - Principal,2022-12-10 12:00 PM,2022,12,10,12,39.3,110,Unhealthy for Sensitive Groups,46.7,UG/M3,1 Hr,Valid
Banja Luka,PM2.5 - Principal,2022-12-10 01:00 PM,2022,12,10,13,43.2,120,Unhealthy for Sensitive Groups,47.1,UG/M3,1 Hr,Valid
Banja Luka,PM2.5 - Principal,2022-12-10 02:00 PM,2022,12,10,14,26.8,82,Moderate,10.4,UG/M3,1 Hr,Valid
Banja Luka,PM2.5 - Principal,2022-12-10 03:00 PM,2022,12,10,15,16.5,60,Moderate,6.2,UG/M3,1 Hr,Valid
Banja Luka,PM2.5 - Principal,2022-12-10 04:00 PM,2022,12,10,16,12.3,51,Moderate,8.1,UG/M3,1 Hr,Valid
Banja Luka,PM2.5 - Principal,2022-12-10 05:00 PM,2022,12,10,17,15.9,59,Moderate,19.5,UG/M3,1 Hr,Valid
Banja Luka,PM2.5 - Principal,2022-12-10 06:00 PM,2022,12,10,18,17.7,63,Moderate,19.5,UG/M3,1 Hr,Valid
Banja Luka,PM2.5 - Principal,2022-12-10 07:00 PM,2022,12,10,19,14.0,55,Moderate,10.2,UG/M3,1 Hr,Valid
Banja Luka,PM2.5 - Principal,2022-12-10 08:00 PM,2022,12,10,20,11.8,49,Good,9.6,UG/M3,1 Hr,Valid
Banja Luka,PM2.5 - Principal,2022-12-10 09:00 PM,2022,12,10,21,10.6,44,Good,9.5,UG/M3,1 Hr,Valid
Banja Luka,PM2.5 - Principal,2022-12-10 10:00 PM,2022,12,10,22,8.9,37,Good,7.1,UG/M3,1 Hr,Valid
Banja Luka,PM2.5 - Principal,2022-12-10 11:00 PM,2022,12,10,23,7.3,30,Good,5.8,UG/M3,1 Hr,Valid
Banja Luka,PM2.5 - Principal,2022-12-11 12:00 AM,2022,12,11,00,7.2,30,Good,7.2,UG/M3,1 Hr,Valid
Banja Luka,PM2.5 - Principal,2022-12-11 01:00 AM,2022,12,11,01,5.8,24,Good,4.3,UG/M3,1 Hr,Valid
Banja Luka,PM2.5 - Principal,2022-12-11 02:00 AM,2022,12,11,02,4.6,19,Good,3.3,UG/M3,1 Hr,Valid
Banja Luka,PM2.5 - Principal,2022-12-11 03:00 AM,2022,12,11,03,4.1,17,Good,3.7,UG/M3,1 Hr,Valid
Banja Luka,PM2.5 - Principal,2022-12-11 04:00 AM,2022,12,11,04,3.9,16,Good,3.6,UG/M3,1 Hr,Valid
Banja Luka,PM2.5 - Principal,2022-12-11 05:00 AM,2022,12,11,05,3.2,13,Good,2.5,UG/M3,1 Hr,Valid
Banja Luka,PM2.5 - Principal,2022-12-11 06:00 AM,2022,12,11,06,2.8,12,Good,2.5,UG/M3,1 Hr,Valid
Banja Luka,PM2.5 - Principal,2022-12-11 07:00 AM,2022,12,11,07,4.4,18,Good,6.0,UG/M3,1 Hr,Valid
Banja Luka,PM2.5 - Principal,2022-12-11 08:00 AM,2022,12,11,08,5.3,22,Good,6.2,UG/M3,1 Hr,Valid
Banja Luka,PM2.5 - Principal,2022-12-11 09:00 AM,2022,12,11,09,9.0,38,Good,12.7,UG/M3,1 Hr,Valid
Banja Luka,PM2.5 - Principal,2022-12-11 10:00 AM,2022,12,11,10,17.2,62,Moderate,25.4,UG/M3,1 Hr,Valid
Banja Luka,PM2.5 - Principal,2022-12-11 11:00 AM,2022,12,11,11,19.6,67,Moderate,22.0,UG/M3,1 Hr,Valid
Banja Luka,PM2.5 - Principal,2022-12-11 12:00 PM,2022,12,11,12,17.2,62,Moderate,14.9,UG/M3,1 Hr,Valid
Banja Luka,PM2.5 - Principal,2022-12-11 01:00 PM,2022,12,11,13,15.0,57,Moderate,12.8,UG/M3,1 Hr,Valid
Banja Luka,PM2.5 - Principal,2022-12-11 02:00 PM,2022,12,11,14,12.9,53,Moderate,10.7,UG/M3,1 Hr,Valid
Banja Luka,PM2.5 - Principal,2022-12-11 03:00 PM,2022,12,11,15,11.0,46,Good,9.1,UG/M3,1 Hr,Valid
Banja Luka,PM2.5 - Principal,2022-12-11 04:00 PM,2022,12,11,16,10.0,42,Good,9.1,UG/M3,1 Hr,Valid
Banja Luka,PM2.5 - Principal,2022-12-11 05:00 PM,2022,12,11,17,17.7,63,Moderate,25.4,UG/M3,1 Hr,Valid
Banja Luka,PM2.5 - Principal,2022-12-11 06:00 PM,2022,12,11,18,23.4,75,Moderate,29.2,UG/M3,1 Hr,Valid
Banja Luka,PM2.5 - Principal,2022-12-11 07:00 PM,2022,12,11,19,30.0,89,Moderate,36.6,UG/M3,1 Hr,Valid
Banja Luka,PM2.5 - Principal,2022-12-11 08:00 PM,2022,12,11,20,39.7,111,Unhealthy for Sensitive Groups,49.3,UG/M3,1 Hr,Valid
Banja Luka,PM2.5 - Principal,2022-12-11 09:00 PM,2022,12,11,21,44.5,123,Unhealthy for Sensitive Groups,49.3,UG/M3,1 Hr,Valid
Banja Luka,PM2.5 - Principal,2022-12-11 10:00 PM,2022,12,11,22,33.4,96,Moderate,22.3,UG/M3,1 Hr,Valid
Banja Luka,PM2.5 - Principal,2022-12-11 11:00 PM,2022,12,11,23,26.1,80,Moderate,18.7,UG/M3,1 Hr,Valid
Banja Luka,PM2.5 - Principal,2022-12-12 12:00 AM,2022,12,12,00,22.9,74,Moderate,19.8,UG/M3,1 Hr,Valid
Banja Luka,PM2.5 - Principal,2022-12-12 01:00 AM,2022,12,12,01,19.6,67,Moderate,16.2,UG/M3,1 Hr,Valid
Banja Luka,PM2.5 - Principal,2022-12-12 02:00 AM,2022,12,12,02,16.9,61,Moderate,14.3,UG/M3,1 Hr,Valid
Banja Luka,PM2.5 - Principal,2022-12-12 03:00 AM,2022,12,12,03,14.8,57,Moderate,12.7,UG/M3,1 Hr,Valid
Banja Luka,PM2.5 - Principal,2022-12-12 04:00 AM,2022,12,12,04,13.0,53,Moderate,11.2,UG/M3,1 Hr,Valid
Banja Luka,PM2.5 - Principal,2022-12-12 05:00 AM,2022,12,12,05,14.8,57,Moderate,16.7,UG/M3,1 Hr,Valid
Banja Luka,PM2.5 - Principal,2022-12-12 06:00 AM,2022,12,12,06,13.5,54,Moderate,12.1,UG/M3,1 Hr,Valid
Banja Luka,PM2.5 - Principal,2022-12-12 07:00 AM,2022,12,12,07,12.3,51,Moderate,11.1,UG/M3,1 Hr,Valid
Banja Luka,PM2.5 - Principal,2022-12-12 08:00 AM,2022,12,12,08,18.0,63,Moderate,23.7,UG/M3,1 Hr,Valid
Banja Luka,PM2.5 - Principal,2022-12-12 09:00 AM,2022,12,12,09,26.5,81,Moderate,35.0,UG/M3,1 Hr,Valid
Banja Luka,PM2.5 - Principal,2022-12-12 10:00 AM,2022,12,12,10,30.2,89,Moderate,33.9,UG/M3,1 Hr,Valid
Banja Luka,PM2.5 - Principal,2022-12-12 11:00 AM,2022,12,12,11,35.1,99,Moderate,40.1,UG/M3,1 Hr,Valid
Banja Luka,PM2.5 - Principal,2022-12-12 12:00 PM,2022,12,12,12,36.0,102,Unhealthy for Sensitive Groups,36.8,UG/M3,1 Hr,Valid
Banja Luka,PM2.5 - Principal,2022-12-12 01:00 PM,2022,12,12,13,27.0,82,Moderate,18.0,UG/M3,1 Hr,Valid
Banja Luka,PM2.5 - Principal,2022-12-12 02:00 PM,2022,12,12,14,22.5,73,Moderate,18.0,UG/M3,1 Hr,Valid
Banja Luka,PM2.5 - Principal,2022-12-12 03:00 PM,2022,12,12,15,16.9,61,Moderate,11.4,UG/M3,1 Hr,Valid
Banja Luka,PM2.5 - Principal,2022-12-12 04:00 PM,2022,12,12,16,15.7,59,Moderate,14.5,UG/M3,1 Hr,Valid
Banja Luka,PM2.5 - Principal,2022-12-12 05:00 PM,2022,12,12,17,19.7,67,Moderate,23.7,UG/M3,1 Hr,Valid
Banja Luka,PM2.5 - Principal,2022-12-12 06:00 PM,2022,12,12,18,49.7,136,Unhealthy for Sensitive Groups,79.7,UG/M3,1 Hr,Valid
Banja Luka,PM2.5 - Principal,2022-12-12 07:00 PM,2022,12,12,19,119.5,184,Unhealthy,189.2,UG/M3,1 Hr,Valid
Banja Luka,PM2.5 - Principal,2022-12-12 08:00 PM,2022,12,12,20,88.1,168,Unhealthy,56.7,UG/M3,1 Hr,Valid
Banja Luka,PM2.5 - Principal,2022-12-12 09:00 PM,2022,12,12,21,63.0,155,Unhealthy,37.8,UG/M3,1 Hr,Valid
Banja Luka,PM2.5 - Principal,2022-12-12 10:00 PM,2022,12,12,22,49.1,134,Unhealthy for Sensitive Groups,35.2,UG/M3,1 Hr,Valid
Banja Luka,PM2.5 - Principal,2022-12-12 11:00 PM,2022,12,12,23,42.4,118,Unhealthy for Sensitive Groups,35.7,UG/M3,1 Hr,Valid
Banja Luka,PM2.5 - Principal,2022-12-13 12:00 AM,2022,12,13,00,34.1,97,Moderate,25.7,UG/M3,1 Hr,Valid
Banja Luka,PM2.5 - Principal,2022-12-13 01:00 AM,2022,12,13,01,28.4,85,Moderate,22.8,UG/M3,1 Hr,Valid
Banja Luka,PM2.5 - Principal,2022-12-13 02:00 AM,2022,12,13,02,23.2,74,Moderate,18.0,UG/M3,1 Hr,Valid
Banja Luka,PM2.5 - Principal,2022-12-13 03:00 AM,2022,12,13,03,22.2,72,Moderate,21.3,UG/M3,1 Hr,Valid
Banja Luka,PM2.5 - Principal,2022-12-13 04:00 AM,2022,12,13,04,20.3,68,Moderate,18.4,UG/M3,1 Hr,Valid
Banja Luka,PM2.5 - Principal,2022-12-13 05:00 AM,2022,12,13,05,17.6,63,Moderate,14.8,UG/M3,1 Hr,Valid
Banja Luka,PM2.5 - Principal,2022-12-13 06:00 AM,2022,12,13,06,15.7,59,Moderate,13.9,UG/M3,1 Hr,Valid
Banja Luka,PM2.5 - Principal,2022-12-13 07:00 AM,2022,12,13,07,15.3,58,Moderate,14.9,UG/M3,1 Hr,Valid
Banja Luka,PM2.5 - Principal,2022-12-13 08:00 AM,2022,12,13,08,41.6,116,Unhealthy for Sensitive Groups,67.9,UG/M3,1 Hr,Valid
Banja Luka,PM2.5 - Principal,2022-12-13 09:00 AM,2022,12,13,09,79.2,163,Unhealthy,116.8,UG/M3,1 Hr,Valid
Banja Luka,PM2.5 - Principal,2022-12-13 10:00 AM,2022,12,13,10,144.0,197,Unhealthy,208.7,UG/M3,1 Hr,Valid
Banja Luka,PM2.5 - Principal,2022-12-13 11:00 AM,2022,12,13,11,126.9,188,Unhealthy,109.8,UG/M3,1 Hr,Valid
Banja Luka,PM2.5 - Principal,2022-12-13 12:00 PM,2022,12,13,12,97.1,172,Unhealthy,67.4,UG/M3,1 Hr,Valid
Banja Luka,PM2.5 - Principal,2022-12-13 01:00 PM,2022,12,13,13,76.3,162,Unhealthy,55.4,UG/M3,1 Hr,Valid
Banja Luka,PM2.5 - Principal,2022-12-13 02:00 PM,2022,12,13,14,69.1,158,Unhealthy,61.9,UG/M3,1 Hr,Valid
Banja Luka,PM2.5 - Principal,2022-12-13 03:00 PM,2022,12,13,15,72.4,160,Unhealthy,75.8,UG/M3,1 Hr,Valid
Banja Luka,PM2.5 - Principal,2022-12-13 04:00 PM,2022,12,13,16,65.1,156,Unhealthy,57.8,UG/M3,1 Hr,Valid
Banja Luka,PM2.5 - Principal,2022-12-13 05:00 PM,2022,12,13,17,72.0,160,Unhealthy,78.8,UG/M3,1 Hr,Valid
Banja Luka,PM2.5 - Principal,2022-12-13 06:00 PM,2022,12,13,18,75.4,161,Unhealthy,78.8,UG/M3,1 Hr,Valid
Banja Luka,PM2.5 - Principal,2022-12-13 07:00 PM,2022,12,13,19,75.7,161,Unhealthy,76.0,UG/M3,1 Hr,Valid
Banja Luka,PM2.5 - Principal,2022-12-13 08:00 PM,2022,12,13,20,75.9,162,Unhealthy,76.0,UG/M3,1 Hr,Valid
Banja Luka,PM2.5 - Principal,2022-12-13 09:00 PM,2022,12,13,21,73.9,161,Unhealthy,72.0,UG/M3,1 Hr,Valid
Banja Luka,PM2.5 - Principal,2022-12-13 10:00 PM,2022,12,13,22,72.0,160,Unhealthy,70.1,UG/M3,1 Hr,Valid
Banja Luka,PM2.5 - Principal,2022-12-13 11:00 PM,2022,12,13,23,73.7,160,Unhealthy,76.6,UG/M3,1 Hr,Valid
Banja Luka,PM2.5 - Principal,2022-12-14 12:00 AM,2022,12,14,00,69.1,158,Unhealthy,58.3,UG/M3,1 Hr,Valid
Banja Luka,PM2.5 - Principal,2022-12-14 01:00 AM,2022,12,14,01,69.9,158,Unhealthy,71.0,UG/M3,1 Hr,Valid
Banja Luka,PM2.5 - Principal,2022-12-14 02:00 AM,2022,12,14,02,67.3,157,Unhealthy,60.2,UG/M3,1 Hr,Valid
Banja Luka,PM2.5 - Principal,2022-12-14 03:00 AM,2022,12,14,03,65.3,156,Unhealthy,60.1,UG/M3,1 Hr,Valid
Banja Luka,PM2.5 - Principal,2022-12-14 04:00 AM,2022,12,14,04,64.1,155,Unhealthy,60.1,UG/M3,1 Hr,Valid
Banja Luka,PM2.5 - Principal,2022-12-14 05:00 AM,2022,12,14,05,62.9,155,Unhealthy,60.1,UG/M3,1 Hr,Valid
Banja Luka,PM2.5 - Principal,2022-12-14 06:00 AM,2022,12,14,06,60.0,153,Unhealthy,54.4,UG/M3,1 Hr,Valid
Banja Luka,PM2.5 - Principal,2022-12-14 07:00 AM,2022,12,14,07,59.5,153,Unhealthy,58.4,UG/M3,1 Hr,Valid
Banja Luka,PM2.5 - Principal,2022-12-14 08:00 AM,2022,12,14,08,61.5,154,Unhealthy,66.7,UG/M3,1 Hr,Valid
Banja Luka,PM2.5 - Principal,2022-12-14 09:00 AM,2022,12,14,09,130.9,190,Unhealthy,199.5,UG/M3,1 Hr,Valid
Banja Luka,PM2.5 - Principal,2022-12-14 10:00 AM,2022,12,14,10,102.1,175,Unhealthy,73.4,UG/M3,1 Hr,Valid
Banja Luka,PM2.5 - Principal,2022-12-14 11:00 AM,2022,12,14,11,89.9,169,Unhealthy,77.7,UG/M3,1 Hr,Valid
Banja Luka,PM2.5 - Principal,2022-12-14 12:00 PM,2022,12,14,12,83.8,166,Unhealthy,77.7,UG/M3,1 Hr,Valid
Banja Luka,PM2.5 - Principal,2022-12-14 01:00 PM,2022,12,14,13,80.7,164,Unhealthy,77.7,UG/M3,1 Hr,Valid
Banja Luka,PM2.5 - Principal,2022-12-14 02:00 PM,2022,12,14,14,82.8,165,Unhealthy,84.8,UG/M3,1 Hr,Valid
Banja Luka,PM2.5 - Principal,2022-12-14 03:00 PM,2022,12,14,15,95.1,171,Unhealthy,107.4,UG/M3,1 Hr,Valid
Banja Luka,PM2.5 - Principal,2022-12-14 04:00 PM,2022,12,14,16,119.0,184,Unhealthy,142.9,UG/M3,1 Hr,Valid
Banja Luka,PM2.5 - Principal,2022-12-14 05:00 PM,2022,12,14,17,124.9,187,Unhealthy,130.7,UG/M3,1 Hr,Valid
Banja Luka,PM2.5 - Principal,2022-12-14 06:00 PM,2022,12,14,18,108.9,179,Unhealthy,92.9,UG/M3,1 Hr,Valid
Banja Luka,PM2.5 - Principal,2022-12-14 07:00 PM,2022,12,14,19,110.1,179,Unhealthy,111.4,UG/M3,1 Hr,Valid
Banja Luka,PM2.5 - Principal,2022-12-14 08:00 PM,2022,12,14,20,94.4,171,Unhealthy,78.6,UG/M3,1 Hr,Valid
Banja Luka,PM2.5 - Principal,2022-12-14 09:00 PM,2022,12,14,21,86.9,167,Unhealthy,78.6,UG/M3,1 Hr,Valid
Banja Luka,PM2.5 - Principal,2022-12-14 10:00 PM,2022,12,14,22,96.7,172,Unhealthy,107.1,UG/M3,1 Hr,Valid
Banja Luka,PM2.5 - Principal,2022-12-14 11:00 PM,2022,12,14,23,99.0,173,Unhealthy,101.7,UG/M3,1 Hr,Valid
Banja Luka,PM2.5 - Principal,2022-12-15 12:00 AM,2022,12,15,00,110.8,180,Unhealthy,124.8,UG/M3,1 Hr,Valid
Banja Luka,PM2.5 - Principal,2022-12-15 01:00 AM,2022,12,15,01,106.0,177,Unhealthy,100.3,UG/M3,1 Hr,Valid
Banja Luka,PM2.5 - Principal,2022-12-15 02:00 AM,2022,12,15,02,98.7,173,Unhealthy,89.7,UG/M3,1 Hr,Valid
Banja Luka,PM2.5 - Principal,2022-12-15 03:00 AM,2022,12,15,03,95.8,172,Unhealthy,92.3,UG/M3,1 Hr,Valid
Banja Luka,PM2.5 - Principal,2022-12-15 04:00 AM,2022,12,15,04,94.8,171,Unhealthy,92.3,UG/M3,1 Hr,Valid
Banja Luka,PM2.5 - Principal,2022-12-15 05:00 AM,2022,12,15,05,90.2,169,Unhealthy,82.0,UG/M3,1 Hr,Valid
Banja Luka,PM2.5 - Principal,2022-12-15 06:00 AM,2022,12,15,06,79.0,163,Unhealthy,67.7,UG/M3,1 Hr,Valid
Banja Luka,PM2.5 - Principal,2022-12-15 07:00 AM,2022,12,15,07,72.6,160,Unhealthy,65.9,UG/M3,1 Hr,Valid
Banja Luka,PM2.5 - Principal,2022-12-15 08:00 AM,2022,12,15,08,73.3,160,Unhealthy,74.1,UG/M3,1 Hr,Valid
Banja Luka,PM2.5 - Principal,2022-12-15 09:00 AM,2022,12,15,09,79.8,164,Unhealthy,87.0,UG/M3,1 Hr,Valid
Banja Luka,PM2.5 - Principal,2022-12-15 10:00 AM,2022,12,15,10,94.2,171,Unhealthy,110.3,UG/M3,1 Hr,Valid
Banja Luka,PM2.5 - Principal,2022-12-15 11:00 AM,2022,12,15,11,106.3,177,Unhealthy,119.9,UG/M3,1 Hr,Valid
Banja Luka,PM2.5 - Principal,2022-12-15 12:00 PM,2022,12,15,12,118.5,184,Unhealthy,130.0,UG/M3,1 Hr,Valid
Banja Luka,PM2.5 - Principal,2022-12-15 01:00 PM,2022,12,15,13,124.2,186,Unhealthy,130.0,UG/M3,1 Hr,Valid
Banja Luka,PM2.5 - Principal,2022-12-15 02:00 PM,2022,12,15,14,127.1,188,Unhealthy,130.0,UG/M3,1 Hr,Valid
Banja Luka,PM2.5 - Principal,2022-12-15 03:00 PM,2022,12,15,15,143.8,197,Unhealthy,160.3,UG/M3,1 Hr,Valid
Banja Luka,PM2.5 - Principal,2022-12-15 04:00 PM,2022,12,15,16,160.3,211,Very Unhealthy,176.9,UG/M3,1 Hr,Valid
Banja Luka,PM2.5 - Principal,2022-12-15 05:00 PM,2022,12,15,17,168.6,219,Very Unhealthy,176.9,UG/M3,1 Hr,Valid
Banja Luka,PM2.5 - Principal,2022-12-15 06:00 PM,2022,12,15,18,270.6,321,Hazardous,372.6,UG/M3,1 Hr,Valid
Banja Luka,PM2.5 - Principal,2022-12-15 07:00 PM,2022,12,15,19,334.9,385,Hazardous,399.0,UG/M3,1 Hr,Valid
Banja Luka,PM2.5 - Principal,2022-12-15 08:00 PM,2022,12,15,20,317.9,368,Hazardous,300.8,UG/M3,1 Hr,Valid
Banja Luka,PM2.5 - Principal,2022-12-15 09:00 PM,2022,12,15,21,236.7,286,Very Unhealthy,155.6,UG/M3,1 Hr,Valid
Banja Luka,PM2.5 - Principal,2022-12-15 10:00 PM,2022,12,15,22,196.9,247,Very Unhealthy,157.0,UG/M3,1 Hr,Valid
Banja Luka,PM2.5 - Principal,2022-12-15 11:00 PM,2022,12,15,23,140.7,195,Unhealthy,84.5,UG/M3,1 Hr,Valid
Banja Luka,PM2.5 - Principal,2022-12-16 12:00 AM,2022,12,16,00,112.6,180,Unhealthy,84.5,UG/M3,1 Hr,Valid
Banja Luka,PM2.5 - Principal,2022-12-16 01:00 AM,2022,12,16,01,98.5,173,Unhealthy,84.5,UG/M3,1 Hr,Valid
Banja Luka,PM2.5 - Principal,2022-12-16 02:00 AM,2022,12,16,02,84.0,166,Unhealthy,69.6,UG/M3,1 Hr,Valid
Banja Luka,PM2.5 - Principal,2022-12-16 03:00 AM,2022,12,16,03,76.8,162,Unhealthy,69.6,UG/M3,1 Hr,Valid
Banja Luka,PM2.5 - Principal,2022-12-16 04:00 AM,2022,12,16,04,73.2,160,Unhealthy,69.6,UG/M3,1 Hr,Valid
Banja Luka,PM2.5 - Principal,2022-12-16 05:00 AM,2022,12,16,05,71.0,159,Unhealthy,68.8,UG/M3,1 Hr,Valid
Banja Luka,PM2.5 - Principal,2022-12-16 06:00 AM,2022,12,16,06,71.6,159,Unhealthy,72.2,UG/M3,1 Hr,Valid
Banja Luka,PM2.5 - Principal,2022-12-16 07:00 AM,2022,12,16,07,74.2,161,Unhealthy,76.8,UG/M3,1 Hr,Valid
Banja Luka,PM2.5 - Principal,2022-12-16 08:00 AM,2022,12,16,08,83.7,166,Unhealthy,93.3,UG/M3,1 Hr,Valid
Banja Luka,PM2.5 - Principal,2022-12-16 09:00 AM,2022,12,16,09,107.6,178,Unhealthy,131.4,UG/M3,1 Hr,Valid
Banja Luka,PM2.5 - Principal,2022-12-16 10:00 AM,2022,12,16,10,118.2,183,Unhealthy,131.4,UG/M3,1 Hr,Valid
Banja Luka,PM2.5 - Principal,2022-12-16 11:00 AM,2022,12,16,11,145.9,198,Unhealthy,172.3,UG/M3,1 Hr,Valid
Banja Luka,PM2.5 - Principal,2022-12-16 12:00 PM,2022,12,16,12,180.9,231,Very Unhealthy,215.9,UG/M3,1 Hr,Valid
Banja Luka,PM2.5 - Principal,2022-12-16 01:00 PM,2022,12,16,13,96.1,172,Unhealthy,11.4,UG/M3,1 Hr,Valid
Banja Luka,PM2.5 - Principal,2022-12-16 02:00 PM,2022,12,16,14,54.4,148,Unhealthy for Sensitive Groups,12.6,UG/M3,1 Hr,Valid
Banja Luka,PM2.5 - Principal,2022-12-16 03:00 PM,2022,12,16,15,38.7,109,Unhealthy for Sensitive Groups,23.1,UG/M3,1 Hr,Valid
Banja Luka,PM2.5 - Principal,2022-12-16 04:00 PM,2022,12,16,16,22.0,72,Moderate,5.2,UG/M3,1 Hr,Valid
Banja Luka,PM2.5 - Principal,2022-12-16 05:00 PM,2022,12,16,17,15.7,59,Moderate,9.4,UG/M3,1 Hr,Valid
Banja Luka,PM2.5 - Principal,2022-12-16 06:00 PM,2022,12,16,18,39.1,110,Unhealthy for Sensitive Groups,62.5,UG/M3,1 Hr,Valid
Banja Luka,PM2.5 - Principal,2022-12-16 07:00 PM,2022,12,16,19,52.9,144,Unhealthy for Sensitive Groups,66.8,UG/M3,1 Hr,Valid
Banja Luka,PM2.5 - Principal,2022-12-16 08:00 PM,2022,12,16,20,60.4,154,Unhealthy,67.9,UG/M3,1 Hr,Valid
Banja Luka,PM2.5 - Principal,2022-12-16 09:00 PM,2022,12,16,21,77.3,162,Unhealthy,94.3,UG/M3,1 Hr,Valid
Banja Luka,PM2.5 - Principal,2022-12-16 10:00 PM,2022,12,16,22,84.4,166,Unhealthy,91.4,UG/M3,1 Hr,Valid
Banja Luka,PM2.5 - Principal,2022-12-16 11:00 PM,2022,12,16,23,95.3,172,Unhealthy,106.3,UG/M3,1 Hr,Valid
Banja Luka,PM2.5 - Principal,2022-12-17 12:00 AM,2022,12,17,00,114.9,182,Unhealthy,134.5,UG/M3,1 Hr,Valid
Banja Luka,PM2.5 - Principal,2022-12-17 01:00 AM,2022,12,17,01,129.6,189,Unhealthy,144.2,UG/M3,1 Hr,Valid
Banja Luka,PM2.5 - Principal,2022-12-17 02:00 AM,2022,12,17,02,78.6,163,Unhealthy,27.7,UG/M3,1 Hr,Valid
Banja Luka,PM2.5 - Principal,2022-12-17 03:00 AM,2022,12,17,03,44.0,122,Unhealthy for Sensitive Groups,9.5,UG/M3,1 Hr,Valid
Banja Luka,PM2.5 - Principal,2022-12-17 04:00 AM,2022,12,17,04,26.8,82,Moderate,9.5,UG/M3,1 Hr,Valid
Banja Luka,PM2.5 - Principal,2022-12-17 05:00 AM,2022,12,17,05,17.4,62,Moderate,8.1,UG/M3,1 Hr,Valid
Banja Luka,PM2.5 - Principal,2022-12-17 06:00 AM,2022,12,17,06,13.0,53,Moderate,8.5,UG/M3,1 Hr,Valid
Banja Luka,PM2.5 - Principal,2022-12-17 07:00 AM,2022,12,17,07,10.7,45,Good,8.5,UG/M3,1 Hr,Valid
Banja Luka,PM2.5 - Principal,2022-12-17 08:00 AM,2022,12,17,08,15.8,59,Moderate,21.0,UG/M3,1 Hr,Valid
Banja Luka,PM2.5 - Principal,2022-12-17 09:00 AM,2022,12,17,09,19.1,66,Moderate,22.4,UG/M3,1 Hr,Valid
Banja Luka,PM2.5 - Principal,2022-12-17 10:00 AM,2022,12,17,10,20.8,69,Moderate,22.4,UG/M3,1 Hr,Valid
Banja Luka,PM2.5 - Principal,2022-12-17 11:00 AM,2022,12,17,11,28.9,86,Moderate,37.0,UG/M3,1 Hr,Valid
Banja Luka,PM2.5 - Principal,2022-12-17 12:00 PM,2022,12,17,12,33.3,96,Moderate,37.8,UG/M3,1 Hr,Valid
Banja Luka,PM2.5 - Principal,2022-12-17 01:00 PM,2022,12,17,13,40.0,112,Unhealthy for Sensitive Groups,46.7,UG/M3,1 Hr,Valid
Banja Luka,PM2.5 - Principal,2022-12-17 02:00 PM,2022,12,17,14,38.8,109,Unhealthy for Sensitive Groups,37.5,UG/M3,1 Hr,Valid
Banja Luka,PM2.5 - Principal,2022-12-17 03:00 PM,2022,12,17,15,40.0,112,Unhealthy for Sensitive Groups,41.3,UG/M3,1 Hr,Valid
Banja Luka,PM2.5 - Principal,2022-12-17 04:00 PM,2022,12,17,16,41.7,116,Unhealthy for Sensitive Groups,43.3,UG/M3,1 Hr,Valid
Banja Luka,PM2.5 - Principal,2022-12-17 05:00 PM,2022,12,17,17,46.4,128,Unhealthy for Sensitive Groups,51.1,UG/M3,1 Hr,Valid
Banja Luka,PM2.5 - Principal,2022-12-17 06:00 PM,2022,12,17,18,41.5,116,Unhealthy for Sensitive Groups,36.7,UG/M3,1 Hr,Valid
Banja Luka,PM2.5 - Principal,2022-12-17 07:00 PM,2022,12,17,19,46.2,127,Unhealthy for Sensitive Groups,50.8,UG/M3,1 Hr,Valid
Banja Luka,PM2.5 - Principal,2022-12-17 08:00 PM,2022,12,17,20,46.4,128,Unhealthy for Sensitive Groups,46.6,UG/M3,1 Hr,Valid
Banja Luka,PM2.5 - Principal,2022-12-17 09:00 PM,2022,12,17,21,43.1,120,Unhealthy for Sensitive Groups,39.9,UG/M3,1 Hr,Valid
Banja Luka,PM2.5 - Principal,2022-12-17 10:00 PM,2022,12,17,22,46.4,128,Unhealthy for Sensitive Groups,52.7,UG/M3,1 Hr,Valid
Banja Luka,PM2.5 - Principal,2022-12-17 11:00 PM,2022,12,17,23,54.2,147,Unhealthy for Sensitive Groups,63.6,UG/M3,1 Hr,Valid
Banja Luka,PM2.5 - Principal,2022-12-18 12:00 AM,2022,12,18,00,48.3,133,Unhealthy for Sensitive Groups,40.1,UG/M3,1 Hr,Valid
Banja Luka,PM2.5 - Principal,2022-12-18 01:00 AM,2022,12,18,01,43.6,121,Unhealthy for Sensitive Groups,37.2,UG/M3,1 Hr,Valid
Banja Luka,PM2.5 - Principal,2022-12-18 02:00 AM,2022,12,18,02,41.4,116,Unhealthy for Sensitive Groups,38.4,UG/M3,1 Hr,Valid
Banja Luka,PM2.5 - Principal,2022-12-18 03:00 AM,2022,12,18,03,35.3,100,Moderate,30.0,UG/M3,1 Hr,Valid
Banja Luka,PM2.5 - Principal,2022-12-18 04:00 AM,2022,12,18,04,36.4,103,Unhealthy for Sensitive Groups,37.6,UG/M3,1 Hr,Valid
Banja Luka,PM2.5 - Principal,2022-12-18 05:00 AM,2022,12,18,05,38.6,109,Unhealthy for Sensitive Groups,40.8,UG/M3,1 Hr,Valid
Banja Luka,PM2.5 - Principal,2022-12-18 06:00 AM,2022,12,18,06,44.0,122,Unhealthy for Sensitive Groups,49.4,UG/M3,1 Hr,Valid
Banja Luka,PM2.5 - Principal,2022-12-18 07:00 AM,2022,12,18,07,47.0,129,Unhealthy for Sensitive Groups,50.0,UG/M3,1 Hr,Valid
Banja Luka,PM2.5 - Principal,2022-12-18 08:00 AM,2022,12,18,08,48.8,134,Unhealthy for Sensitive Groups,50.7,UG/M3,1 Hr,Valid
Banja Luka,PM2.5 - Principal,2022-12-18 09:00 AM,2022,12,18,09,52.4,143,Unhealthy for Sensitive Groups,56.0,UG/M3,1 Hr,Valid
Banja Luka,PM2.5 - Principal,2022-12-18 10:00 AM,2022,12,18,10,42.7,119,Unhealthy for Sensitive Groups,32.9,UG/M3,1 Hr,Valid
Banja Luka,PM2.5 - Principal,2022-12-18 11:00 AM,2022,12,18,11,60.0,153,Unhealthy,77.3,UG/M3,1 Hr,Valid
Banja Luka,PM2.5 - Principal,2022-12-18 12:00 PM,2022,12,18,12,52.1,142,Unhealthy for Sensitive Groups,44.2,UG/M3,1 Hr,Valid
Banja Luka,PM2.5 - Principal,2022-12-18 01:00 PM,2022,12,18,13,52.1,142,Unhealthy for Sensitive Groups,-999.0,UG/M3,1 Hr,Missing
Banja Luka,PM2.5 - Principal,2022-12-20 11:00 AM,2022,12,20,11,-999.0,-999,N/A,44.9,UG/M3,1 Hr,Valid
Banja Luka,PM2.5 - Principal,2022-12-20 12:00 PM,2022,12,20,12,45.5,126,Unhealthy for Sensitive Groups,46.0,UG/M3,1 Hr,Valid
Banja Luka,PM2.5 - Principal,2022-12-20 01:00 PM,2022,12,20,13,47.5,131,Unhealthy for Sensitive Groups,50.9,UG/M3,1 Hr,Valid
Banja Luka,PM2.5 - Principal,2022-12-20 02:00 PM,2022,12,20,14,55.4,150,Unhealthy for Sensitive Groups,66.0,UG/M3,1 Hr,Valid
Banja Luka,PM2.5 - Principal,2022-12-20 03:00 PM,2022,12,20,15,59.0,153,Unhealthy,65.0,UG/M3,1 Hr,Valid
Banja Luka,PM2.5 - Principal,2022-12-20 04:00 PM,2022,12,20,16,63.0,155,Unhealthy,68.9,UG/M3,1 Hr,Valid
Banja Luka,PM2.5 - Principal,2022-12-20 05:00 PM,2022,12,20,17,68.8,158,Unhealthy,75.6,UG/M3,1 Hr,Valid
Banja Luka,PM2.5 - Principal,2022-12-20 06:00 PM,2022,12,20,18,70.9,159,Unhealthy,73.8,UG/M3,1 Hr,Valid
Banja Luka,PM2.5 - Principal,2022-12-20 07:00 PM,2022,12,20,19,76.7,162,Unhealthy,82.7,UG/M3,1 Hr,Valid
Banja Luka,PM2.5 - Principal,2022-12-20 08:00 PM,2022,12,20,20,85.7,167,Unhealthy,94.0,UG/M3,1 Hr,Valid
Banja Luka,PM2.5 - Principal,2022-12-20 09:00 PM,2022,12,20,21,95.4,172,Unhealthy,105.2,UG/M3,1 Hr,Valid
Banja Luka,PM2.5 - Principal,2022-12-20 10:00 PM,2022,12,20,22,101.0,174,Unhealthy,106.5,UG/M3,1 Hr,Valid
Banja Luka,PM2.5 - Principal,2022-12-20 11:00 PM,2022,12,20,23,104.0,176,Unhealthy,107.0,UG/M3,1 Hr,Valid
Banja Luka,PM2.5 - Principal,2022-12-21 12:00 AM,2022,12,21,00,106.9,178,Unhealthy,109.9,UG/M3,1 Hr,Valid
Banja Luka,PM2.5 - Principal,2022-12-21 01:00 AM,2022,12,21,01,97.9,173,Unhealthy,87.4,UG/M3,1 Hr,Valid
Banja Luka,PM2.5 - Principal,2022-12-21 02:00 AM,2022,12,21,02,87.6,168,Unhealthy,72.6,UG/M3,1 Hr,Valid
Banja Luka,PM2.5 - Principal,2022-12-21 03:00 AM,2022,12,21,03,82.1,165,Unhealthy,71.3,UG/M3,1 Hr,Valid
Banja Luka,PM2.5 - Principal,2022-12-21 04:00 AM,2022,12,21,04,80.8,164,Unhealthy,77.0,UG/M3,1 Hr,Valid
Banja Luka,PM2.5 - Principal,2022-12-21 05:00 AM,2022,12,21,05,76.3,162,Unhealthy,69.4,UG/M3,1 Hr,Valid
Banja Luka,PM2.5 - Principal,2022-12-21 06:00 AM,2022,12,21,06,72.1,160,Unhealthy,66.6,UG/M3,1 Hr,Valid
Banja Luka,PM2.5 - Principal,2022-12-21 07:00 AM,2022,12,21,07,76.6,162,Unhealthy,83.7,UG/M3,1 Hr,Valid
Banja Luka,PM2.5 - Principal,2022-12-21 08:00 AM,2022,12,21,08,85.7,167,Unhealthy,99.7,UG/M3,1 Hr,Valid
Banja Luka,PM2.5 - Principal,2022-12-21 09:00 AM,2022,12,21,09,93.6,171,Unhealthy,105.7,UG/M3,1 Hr,Valid
Banja Luka,PM2.5 - Principal,2022-12-21 10:00 AM,2022,12,21,10,111.7,180,Unhealthy,128.3,UG/M3,1 Hr,Valid
Banja Luka,PM2.5 - Principal,2022-12-21 11:00 AM,2022,12,21,11,141.8,196,Unhealthy,170.9,UG/M3,1 Hr,Valid
Banja Luka,PM2.5 - Principal,2022-12-21 12:00 PM,2022,12,21,12,128.0,188,Unhealthy,114.2,UG/M3,1 Hr,Valid
Banja Luka,PM2.5 - Principal,2022-12-21 01:00 PM,2022,12,21,13,104.1,176,Unhealthy,80.2,UG/M3,1 Hr,Valid
Banja Luka,PM2.5 - Principal,2022-12-21 02:00 PM,2022,12,21,14,100.3,174,Unhealthy,96.4,UG/M3,1 Hr,Valid
Banja Luka,PM2.5 - Principal,2022-12-21 03:00 PM,2022,12,21,15,102.3,175,Unhealthy,104.4,UG/M3,1 Hr,Valid
Banja Luka,PM2.5 - Principal,2022-12-21 04:00 PM,2022,12,21,16,115.5,182,Unhealthy,128.6,UG/M3,1 Hr,Valid
Banja Luka,PM2.5 - Principal,2022-12-21 05:00 PM,2022,12,21,17,135.6,192,Unhealthy,155.7,UG/M3,1 Hr,Valid
Banja Luka,PM2.5 - Principal,2022-12-21 06:00 PM,2022,12,21,18,175.7,226,Very Unhealthy,215.8,UG/M3,1 Hr,Valid
Banja Luka,PM2.5 - Principal,2022-12-21 07:00 PM,2022,12,21,19,255.2,306,Hazardous,334.7,UG/M3,1 Hr,Valid
Banja Luka,PM2.5 - Principal,2022-12-21 08:00 PM,2022,12,21,20,257.2,308,Hazardous,259.1,UG/M3,1 Hr,Valid
Banja Luka,PM2.5 - Principal,2022-12-21 09:00 PM,2022,12,21,21,242.3,292,Very Unhealthy,227.5,UG/M3,1 Hr,Valid
Banja Luka,PM2.5 - Principal,2022-12-21 10:00 PM,2022,12,21,22,270.5,321,Hazardous,298.7,UG/M3,1 Hr,Valid
Banja Luka,PM2.5 - Principal,2022-12-21 11:00 PM,2022,12,21,23,270.3,321,Hazardous,270.1,UG/M3,1 Hr,Valid
Banja Luka,PM2.5 - Principal,2022-12-22 12:00 AM,2022,12,22,00,245.4,295,Very Unhealthy,220.4,UG/M3,1 Hr,Valid
Banja Luka,PM2.5 - Principal,2022-12-22 01:00 AM,2022,12,22,01,203.3,253,Very Unhealthy,161.3,UG/M3,1 Hr,Valid
Banja Luka,PM2.5 - Principal,2022-12-22 02:00 AM,2022,12,22,02,159.3,210,Very Unhealthy,115.2,UG/M3,1 Hr,Valid
Banja Luka,PM2.5 - Principal,2022-12-22 03:00 AM,2022,12,22,03,144.4,197,Unhealthy,129.6,UG/M3,1 Hr,Valid
Banja Luka,PM2.5 - Principal,2022-12-22 04:00 AM,2022,12,22,04,142.5,196,Unhealthy,140.6,UG/M3,1 Hr,Valid
Banja Luka,PM2.5 - Principal,2022-12-22 05:00 AM,2022,12,22,05,147.9,199,Unhealthy,153.2,UG/M3,1 Hr,Valid
Banja Luka,PM2.5 - Principal,2022-12-22 06:00 AM,2022,12,22,06,155.2,206,Very Unhealthy,162.5,UG/M3,1 Hr,Valid
Banja Luka,PM2.5 - Principal,2022-12-22 07:00 AM,2022,12,22,07,139.0,194,Unhealthy,123.0,UG/M3,1 Hr,Valid
Banja Luka,PM2.5 - Principal,2022-12-22 08:00 AM,2022,12,22,08,141.8,196,Unhealthy,144.7,UG/M3,1 Hr,Valid
Banja Luka,PM2.5 - Principal,2022-12-22 09:00 AM,2022,12,22,09,174.0,224,Very Unhealthy,206.1,UG/M3,1 Hr,Valid
Banja Luka,PM2.5 - Principal,2022-12-22 10:00 AM,2022,12,22,10,153.0,203,Very Unhealthy,132.0,UG/M3,1 Hr,Valid
Banja Luka,PM2.5 - Principal,2022-12-22 11:00 AM,2022,12,22,11,160.4,211,Very Unhealthy,168.3,UG/M3,1 Hr,Valid
Banja Luka,PM2.5 - Principal,2022-12-22 12:00 PM,2022,12,22,12,175.6,226,Very Unhealthy,195.4,UG/M3,1 Hr,Valid
Banja Luka,PM2.5 - Principal,2022-12-22 01:00 PM,2022,12,22,13,175.9,226,Very Unhealthy,176.3,UG/M3,1 Hr,Valid
Banja Luka,PM2.5 - Principal,2022-12-22 02:00 PM,2022,12,22,14,190.8,241,Very Unhealthy,212.1,UG/M3,1 Hr,Valid
Banja Luka,PM2.5 - Principal,2022-12-22 03:00 PM,2022,12,22,15,215.6,266,Very Unhealthy,238.7,UG/M3,1 Hr,Valid
Banja Luka,PM2.5 - Principal,2022-12-22 04:00 PM,2022,12,22,16,236.8,287,Very Unhealthy,256.9,UG/M3,1 Hr,Valid
Banja Luka,PM2.5 - Principal,2022-12-22 05:00 PM,2022,12,22,17,215.0,265,Very Unhealthy,193.1,UG/M3,1 Hr,Valid
Banja Luka,PM2.5 - Principal,2022-12-22 06:00 PM,2022,12,22,18,239.5,289,Very Unhealthy,264.1,UG/M3,1 Hr,Valid
Banja Luka,PM2.5 - Principal,2022-12-22 07:00 PM,2022,12,22,19,305.8,356,Hazardous,372.1,UG/M3,1 Hr,Valid
Banja Luka,PM2.5 - Principal,2022-12-22 08:00 PM,2022,12,22,20,343.8,393,Hazardous,381.8,UG/M3,1 Hr,Valid
Banja Luka,PM2.5 - Principal,2022-12-22 09:00 PM,2022,12,22,21,345.8,395,Hazardous,347.8,UG/M3,1 Hr,Valid
Banja Luka,PM2.5 - Principal,2022-12-22 10:00 PM,2022,12,22,22,363.7,410,Hazardous,381.5,UG/M3,1 Hr,Valid
Banja Luka,PM2.5 - Principal,2022-12-22 11:00 PM,2022,12,22,23,384.2,423,Hazardous,404.6,UG/M3,1 Hr,Valid
Banja Luka,PM2.5 - Principal,2022-12-23 12:00 AM,2022,12,23,00,315.0,365,Hazardous,245.9,UG/M3,1 Hr,Valid
Banja Luka,PM2.5 - Principal,2022-12-23 01:00 AM,2022,12,23,01,270.2,321,Hazardous,225.3,UG/M3,1 Hr,Valid
Banja Luka,PM2.5 - Principal,2022-12-23 02:00 AM,2022,12,23,02,184.6,235,Very Unhealthy,99.1,UG/M3,1 Hr,Valid
Banja Luka,PM2.5 - Principal,2022-12-23 03:00 AM,2022,12,23,03,130.4,190,Unhealthy,76.2,UG/M3,1 Hr,Valid
Banja Luka,PM2.5 - Principal,2022-12-23 04:00 AM,2022,12,23,04,100.0,174,Unhealthy,69.6,UG/M3,1 Hr,Valid
Banja Luka,PM2.5 - Principal,2022-12-23 05:00 AM,2022,12,23,05,123.5,186,Unhealthy,146.9,UG/M3,1 Hr,Valid
Banja Luka,PM2.5 - Principal,2022-12-23 06:00 AM,2022,12,23,06,85.3,166,Unhealthy,47.3,UG/M3,1 Hr,Valid
Banja Luka,PM2.5 - Principal,2022-12-23 07:00 AM,2022,12,23,07,67.4,157,Unhealthy,49.5,UG/M3,1 Hr,Valid
Banja Luka,PM2.5 - Principal,2022-12-23 08:00 AM,2022,12,23,08,94.2,171,Unhealthy,121.1,UG/M3,1 Hr,Valid
Banja Luka,PM2.5 - Principal,2022-12-23 09:00 AM,2022,12,23,09,104.0,176,Unhealthy,113.8,UG/M3,1 Hr,Valid
Banja Luka,PM2.5 - Principal,2022-12-23 10:00 AM,2022,12,23,10,110.6,179,Unhealthy,117.4,UG/M3,1 Hr,Valid
Banja Luka,PM2.5 - Principal,2022-12-23 11:00 AM,2022,12,23,11,116.8,183,Unhealthy,123.1,UG/M3,1 Hr,Valid
Banja Luka,PM2.5 - Principal,2022-12-23 12:00 PM,2022,12,23,12,99.4,174,Unhealthy,82.0,UG/M3,1 Hr,Valid
Banja Luka,PM2.5 - Principal,2022-12-23 01:00 PM,2022,12,23,13,53.1,144,Unhealthy for Sensitive Groups,6.9,UG/M3,1 Hr,Valid
Banja Luka,PM2.5 - Principal,2022-12-23 02:00 PM,2022,12,23,14,29.7,88,Moderate,6.2,UG/M3,1 Hr,Valid
Banja Luka,PM2.5 - Principal,2022-12-23 03:00 PM,2022,12,23,15,18.9,65,Moderate,8.2,UG/M3,1 Hr,Valid
Banja Luka,PM2.5 - Principal,2022-12-23 04:00 PM,2022,12,23,16,13.2,53,Moderate,7.4,UG/M3,1 Hr,Valid
Banja Luka,PM2.5 - Principal,2022-12-23 05:00 PM,2022,12,23,17,79.0,163,Unhealthy,144.9,UG/M3,1 Hr,Valid
Banja Luka,PM2.5 - Principal,2022-12-23 06:00 PM,2022,12,23,18,135.1,192,Unhealthy,191.0,UG/M3,1 Hr,Valid
Banja Luka,PM2.5 - Principal,2022-12-23 07:00 PM,2022,12,23,19,181.7,232,Very Unhealthy,228.2,UG/M3,1 Hr,Valid
Banja Luka,PM2.5 - Principal,2022-12-23 08:00 PM,2022,12,23,20,242.7,292,Very Unhealthy,303.7,UG/M3,1 Hr,Valid
Banja Luka,PM2.5 - Principal,2022-12-23 09:00 PM,2022,12,23,21,260.3,311,Hazardous,277.9,UG/M3,1 Hr,Valid
Banja Luka,PM2.5 - Principal,2022-12-23 10:00 PM,2022,12,23,22,270.6,321,Hazardous,280.9,UG/M3,1 Hr,Valid
Banja Luka,PM2.5 - Principal,2022-12-23 11:00 PM,2022,12,23,23,269.4,320,Hazardous,268.1,UG/M3,1 Hr,Valid
Banja Luka,PM2.5 - Principal,2022-12-24 12:00 AM,2022,12,24,00,267.4,318,Hazardous,265.3,UG/M3,1 Hr,Valid
Banja Luka,PM2.5 - Principal,2022-12-24 01:00 AM,2022,12,24,01,299.3,349,Hazardous,331.1,UG/M3,1 Hr,Valid
Banja Luka,PM2.5 - Principal,2022-12-24 02:00 AM,2022,12,24,02,274.5,325,Hazardous,249.6,UG/M3,1 Hr,Valid
Banja Luka,PM2.5 - Principal,2022-12-24 03:00 AM,2022,12,24,03,248.1,298,Very Unhealthy,221.7,UG/M3,1 Hr,Valid
Banja Luka,PM2.5 - Principal,2022-12-24 04:00 AM,2022,12,24,04,204.9,255,Very Unhealthy,161.7,UG/M3,1 Hr,Valid
Banja Luka,PM2.5 - Principal,2022-12-24 05:00 AM,2022,12,24,05,180.6,231,Very Unhealthy,156.2,UG/M3,1 Hr,Valid
Banja Luka,PM2.5 - Principal,2022-12-24 06:00 AM,2022,12,24,06,150.8,201,Very Unhealthy,121.0,UG/M3,1 Hr,Valid
Banja Luka,PM2.5 - Principal,2022-12-24 07:00 AM,2022,12,24,07,128.0,188,Unhealthy,105.3,UG/M3,1 Hr,Valid
Banja Luka,PM2.5 - Principal,2022-12-24 08:00 AM,2022,12,24,08,123.7,186,Unhealthy,119.3,UG/M3,1 Hr,Valid
Banja Luka,PM2.5 - Principal,2022-12-24 09:00 AM,2022,12,24,09,120.3,184,Unhealthy,117.0,UG/M3,1 Hr,Valid
Banja Luka,PM2.5 - Principal,2022-12-24 10:00 AM,2022,12,24,10,120.7,185,Unhealthy,121.2,UG/M3,1 Hr,Valid
Banja Luka,PM2.5 - Principal,2022-12-24 11:00 AM,2022,12,24,11,173.1,223,Very Unhealthy,225.4,UG/M3,1 Hr,Valid
Banja Luka,PM2.5 - Principal,2022-12-24 12:00 PM,2022,12,24,12,155.1,206,Very Unhealthy,137.2,UG/M3,1 Hr,Valid
Banja Luka,PM2.5 - Principal,2022-12-24 01:00 PM,2022,12,24,13,162.2,213,Very Unhealthy,169.3,UG/M3,1 Hr,Valid
Banja Luka,PM2.5 - Principal,2022-12-24 02:00 PM,2022,12,24,14,203.9,254,Very Unhealthy,245.6,UG/M3,1 Hr,Valid
Banja Luka,PM2.5 - Principal,2022-12-24 03:00 PM,2022,12,24,15,281.4,332,Hazardous,358.9,UG/M3,1 Hr,Valid
Banja Luka,PM2.5 - Principal,2022-12-24 04:00 PM,2022,12,24,16,276.6,327,Hazardous,271.7,UG/M3,1 Hr,Valid
Banja Luka,PM2.5 - Principal,2022-12-24 05:00 PM,2022,12,24,17,175.4,226,Very Unhealthy,74.2,UG/M3,1 Hr,Valid
Banja Luka,PM2.5 - Principal,2022-12-24 06:00 PM,2022,12,24,18,242.2,292,Very Unhealthy,308.9,UG/M3,1 Hr,Valid
Banja Luka,PM2.5 - Principal,2022-12-24 07:00 PM,2022,12,24,19,177.3,228,Very Unhealthy,112.3,UG/M3,1 Hr,Valid
Banja Luka,PM2.5 - Principal,2022-12-24 08:00 PM,2022,12,24,20,176.0,226,Very Unhealthy,174.7,UG/M3,1 Hr,Valid
Banja Luka,PM2.5 - Principal,2022-12-24 09:00 PM,2022,12,24,21,174.3,225,Very Unhealthy,172.5,UG/M3,1 Hr,Valid
Banja Luka,PM2.5 - Principal,2022-12-24 10:00 PM,2022,12,24,22,177.2,227,Very Unhealthy,180.2,UG/M3,1 Hr,Valid
Banja Luka,PM2.5 - Principal,2022-12-24 11:00 PM,2022,12,24,23,198.1,248,Very Unhealthy,218.9,UG/M3,1 Hr,Valid
Banja Luka,PM2.5 - Principal,2022-12-25 12:00 AM,2022,12,25,00,183.5,234,Very Unhealthy,169.0,UG/M3,1 Hr,Valid
Banja Luka,PM2.5 - Principal,2022-12-25 01:00 AM,2022,12,25,01,142.7,196,Unhealthy,101.8,UG/M3,1 Hr,Valid
Banja Luka,PM2.5 - Principal,2022-12-25 02:00 AM,2022,12,25,02,123.7,186,Unhealthy,104.7,UG/M3,1 Hr,Valid
Banja Luka,PM2.5 - Principal,2022-12-25 03:00 AM,2022,12,25,03,109.8,179,Unhealthy,96.0,UG/M3,1 Hr,Valid
Banja Luka,PM2.5 - Principal,2022-12-25 04:00 AM,2022,12,25,04,80.2,164,Unhealthy,50.7,UG/M3,1 Hr,Valid
Banja Luka,PM2.5 - Principal,2022-12-25 05:00 AM,2022,12,25,05,63.4,155,Unhealthy,46.6,UG/M3,1 Hr,Valid
Banja Luka,PM2.5 - Principal,2022-12-25 06:00 AM,2022,12,25,06,48.4,133,Unhealthy for Sensitive Groups,33.4,UG/M3,1 Hr,Valid
Banja Luka,PM2.5 - Principal,2022-12-25 07:00 AM,2022,12,25,07,41.9,117,Unhealthy for Sensitive Groups,35.5,UG/M3,1 Hr,Valid
Banja Luka,PM2.5 - Principal,2022-12-25 08:00 AM,2022,12,25,08,37.3,105,Unhealthy for Sensitive Groups,32.8,UG/M3,1 Hr,Valid
Banja Luka,PM2.5 - Principal,2022-12-25 09:00 AM,2022,12,25,09,35.8,102,Unhealthy for Sensitive Groups,34.2,UG/M3,1 Hr,Valid
Banja Luka,PM2.5 - Principal,2022-12-25 10:00 AM,2022,12,25,10,38.8,109,Unhealthy for Sensitive Groups,41.9,UG/M3,1 Hr,Valid
Banja Luka,PM2.5 - Principal,2022-12-25 11:00 AM,2022,12,25,11,59.5,153,Unhealthy,80.3,UG/M3,1 Hr,Valid
Banja Luka,PM2.5 - Principal,2022-12-25 12:00 PM,2022,12,25,12,67.6,157,Unhealthy,75.7,UG/M3,1 Hr,Valid
Banja Luka,PM2.5 - Principal,2022-12-25 01:00 PM,2022,12,25,13,78.7,163,Unhealthy,89.9,UG/M3,1 Hr,Valid
Banja Luka,PM2.5 - Principal,2022-12-25 02:00 PM,2022,12,25,14,95.4,172,Unhealthy,112.0,UG/M3,1 Hr,Valid
Banja Luka,PM2.5 - Principal,2022-12-25 03:00 PM,2022,12,25,15,101.8,175,Unhealthy,108.3,UG/M3,1 Hr,Valid
Banja Luka,PM2.5 - Principal,2022-12-25 04:00 PM,2022,12,25,16,142.6,196,Unhealthy,183.4,UG/M3,1 Hr,Valid
Banja Luka,PM2.5 - Principal,2022-12-25 05:00 PM,2022,12,25,17,219.1,269,Very Unhealthy,295.4,UG/M3,1 Hr,Valid
Banja Luka,PM2.5 - Principal,2022-12-25 06:00 PM,2022,12,25,18,215.4,265,Very Unhealthy,211.6,UG/M3,1 Hr,Valid
Banja Luka,PM2.5 - Principal,2022-12-25 07:00 PM,2022,12,25,19,280.4,331,Hazardous,345.3,UG/M3,1 Hr,Valid
Banja Luka,PM2.5 - Principal,2022-12-25 08:00 PM,2022,12,25,20,395.9,431,Hazardous,511.3,UG/M3,1 Hr,Valid
Banja Luka,PM2.5 - Principal,2022-12-25 09:00 PM,2022,12,25,21,467.4,478,Hazardous,538.8,UG/M3,1 Hr,Valid
Banja Luka,PM2.5 - Principal,2022-12-25 10:00 PM,2022,12,25,22,495.3,497,Hazardous,523.2,UG/M3,1 Hr,Valid
Banja Luka,PM2.5 - Principal,2022-12-25 11:00 PM,2022,12,25,23,481.0,487,Hazardous,466.5,UG/M3,1 Hr,Valid
Banja Luka,PM2.5 - Principal,2022-12-26 12:00 AM,2022,12,26,00,365.5,411,Hazardous,250.0,UG/M3,1 Hr,Valid
Banja Luka,PM2.5 - Principal,2022-12-26 01:00 AM,2022,12,26,01,269.9,320,Hazardous,174.4,UG/M3,1 Hr,Valid
Banja Luka,PM2.5 - Principal,2022-12-26 02:00 AM,2022,12,26,02,199.0,249,Very Unhealthy,128.0,UG/M3,1 Hr,Valid
Banja Luka,PM2.5 - Principal,2022-12-26 03:00 AM,2022,12,26,03,186.1,236,Very Unhealthy,173.3,UG/M3,1 Hr,Valid
Banja Luka,PM2.5 - Principal,2022-12-26 04:00 AM,2022,12,26,04,162.8,213,Very Unhealthy,139.6,UG/M3,1 Hr,Valid
Banja Luka,PM2.5 - Principal,2022-12-26 05:00 AM,2022,12,26,05,149.5,200,Unhealthy,136.2,UG/M3,1 Hr,Valid
Banja Luka,PM2.5 - Principal,2022-12-26 06:00 AM,2022,12,26,06,130.5,190,Unhealthy,111.6,UG/M3,1 Hr,Valid
Banja Luka,PM2.5 - Principal,2022-12-26 07:00 AM,2022,12,26,07,116.0,182,Unhealthy,101.6,UG/M3,1 Hr,Valid
Banja Luka,PM2.5 - Principal,2022-12-26 08:00 AM,2022,12,26,08,113.4,181,Unhealthy,110.9,UG/M3,1 Hr,Valid
Banja Luka,PM2.5 - Principal,2022-12-26 09:00 AM,2022,12,26,09,153.0,203,Very Unhealthy,192.7,UG/M3,1 Hr,Valid
Banja Luka,PM2.5 - Principal,2022-12-26 10:00 AM,2022,12,26,10,147.7,199,Unhealthy,142.5,UG/M3,1 Hr,Valid
Banja Luka,PM2.5 - Principal,2022-12-26 11:00 AM,2022,12,26,11,129.1,189,Unhealthy,110.5,UG/M3,1 Hr,Valid
Banja Luka,PM2.5 - Principal,2022-12-26 12:00 PM,2022,12,26,12,104.4,176,Unhealthy,79.7,UG/M3,1 Hr,Valid
Banja Luka,PM2.5 - Principal,2022-12-26 01:00 PM,2022,12,26,13,115.4,182,Unhealthy,126.4,UG/M3,1 Hr,Valid
Banja Luka,PM2.5 - Principal,2022-12-26 02:00 PM,2022,12,26,14,61.4,154,Unhealthy,7.4,UG/M3,1 Hr,Valid
Banja Luka,PM2.5 - Principal,2022-12-26 03:00 PM,2022,12,26,15,35.0,99,Moderate,8.6,UG/M3,1 Hr,Valid
Banja Luka,PM2.5 - Principal,2022-12-26 04:00 PM,2022,12,26,16,23.9,76,Moderate,12.9,UG/M3,1 Hr,Valid
Banja Luka,PM2.5 - Principal,2022-12-26 05:00 PM,2022,12,26,17,21.7,71,Moderate,19.5,UG/M3,1 Hr,Valid
Banja Luka,PM2.5 - Principal,2022-12-26 06:00 PM,2022,12,26,18,27.3,83,Moderate,33.0,UG/M3,1 Hr,Valid
Banja Luka,PM2.5 - Principal,2022-12-26 07:00 PM,2022,12,26,19,38.5,108,Unhealthy for Sensitive Groups,49.7,UG/M3,1 Hr,Valid
Banja Luka,PM2.5 - Principal,2022-12-26 08:00 PM,2022,12,26,20,134.4,192,Unhealthy,230.3,UG/M3,1 Hr,Valid
Banja Luka,PM2.5 - Principal,2022-12-26 09:00 PM,2022,12,26,21,179.7,230,Very Unhealthy,225.0,UG/M3,1 Hr,Valid
Banja Luka,PM2.5 - Principal,2022-12-26 10:00 PM,2022,12,26,22,96.7,172,Unhealthy,13.8,UG/M3,1 Hr,Valid
Banja Luka,PM2.5 - Principal,2022-12-26 11:00 PM,2022,12,26,23,53.0,144,Unhealthy for Sensitive Groups,9.3,UG/M3,1 Hr,Valid
Banja Luka,PM2.5 - Principal,2022-12-27 12:00 AM,2022,12,27,00,30.2,89,Moderate,7.5,UG/M3,1 Hr,Valid
Banja Luka,PM2.5 - Principal,2022-12-27 01:00 AM,2022,12,27,01,18.5,64,Moderate,6.9,UG/M3,1 Hr,Valid
Banja Luka,PM2.5 - Principal,2022-12-27 02:00 AM,2022,12,27,02,20.7,69,Moderate,22.9,UG/M3,1 Hr,Valid
Banja Luka,PM2.5 - Principal,2022-12-27 03:00 AM,2022,12,27,03,22.9,74,Moderate,25.0,UG/M3,1 Hr,Valid
Banja Luka,PM2.5 - Principal,2022-12-27 04:00 AM,2022,12,27,04,32.7,94,Moderate,42.5,UG/M3,1 Hr,Valid
Banja Luka,PM2.5 - Principal,2022-12-27 05:00 AM,2022,12,27,05,19.5,67,Moderate,6.3,UG/M3,1 Hr,Valid
Banja Luka,PM2.5 - Principal,2022-12-27 06:00 AM,2022,12,27,06,13.5,54,Moderate,7.5,UG/M3,1 Hr,Valid
Banja Luka,PM2.5 - Principal,2022-12-27 07:00 AM,2022,12,27,07,17.6,63,Moderate,21.7,UG/M3,1 Hr,Valid
Banja Luka,PM2.5 - Principal,2022-12-27 08:00 AM,2022,12,27,08,27.9,84,Moderate,38.3,UG/M3,1 Hr,Valid
Banja Luka,PM2.5 - Principal,2022-12-27 09:00 AM,2022,12,27,09,43.2,120,Unhealthy for Sensitive Groups,58.5,UG/M3,1 Hr,Valid
Banja Luka,PM2.5 - Principal,2022-12-27 10:00 AM,2022,12,27,10,54.0,147,Unhealthy for Sensitive Groups,64.8,UG/M3,1 Hr,Valid
Banja Luka,PM2.5 - Principal,2022-12-27 11:00 AM,2022,12,27,11,92.1,170,Unhealthy,130.2,UG/M3,1 Hr,Valid
Banja Luka,PM2.5 - Principal,2022-12-27 12:00 PM,2022,12,27,12,111.6,180,Unhealthy,131.0,UG/M3,1 Hr,Valid
Banja Luka,PM2.5 - Principal,2022-12-27 01:00 PM,2022,12,27,13,84.1,166,Unhealthy,56.6,UG/M3,1 Hr,Valid
Banja Luka,PM2.5 - Principal,2022-12-27 02:00 PM,2022,12,27,14,49.2,135,Unhealthy for Sensitive Groups,14.3,UG/M3,1 Hr,Valid
Banja Luka,PM2.5 - Principal,2022-12-27 03:00 PM,2022,12,27,15,34.2,97,Moderate,19.1,UG/M3,1 Hr,Valid
Banja Luka,PM2.5 - Principal,2022-12-27 04:00 PM,2022,12,27,16,25.8,80,Moderate,17.5,UG/M3,1 Hr,Valid
Banja Luka,PM2.5 - Principal,2022-12-27 05:00 PM,2022,12,27,17,16.9,61,Moderate,7.9,UG/M3,1 Hr,Valid
Banja Luka,PM2.5 - Principal,2022-12-27 06:00 PM,2022,12,27,18,13.2,53,Moderate,9.4,UG/M3,1 Hr,Valid
Banja Luka,PM2.5 - Principal,2022-12-27 07:00 PM,2022,12,27,19,9.7,40,Good,6.2,UG/M3,1 Hr,Valid
Banja Luka,PM2.5 - Principal,2022-12-27 08:00 PM,2022,12,27,20,12.0,50,Good,14.2,UG/M3,1 Hr,Valid
Banja Luka,PM2.5 - Principal,2022-12-27 09:00 PM,2022,12,27,21,12.5,52,Moderate,13.1,UG/M3,1 Hr,Valid
Banja Luka,PM2.5 - Principal,2022-12-27 10:00 PM,2022,12,27,22,8.6,36,Good,4.7,UG/M3,1 Hr,Valid
Banja Luka,PM2.5 - Principal,2022-12-27 11:00 PM,2022,12,27,23,7.4,31,Good,6.2,UG/M3,1 Hr,Valid
Banja Luka,PM2.5 - Principal,2022-12-28 12:00 AM,2022,12,28,00,13.2,53,Moderate,19.0,UG/M3,1 Hr,Valid
Banja Luka,PM2.5 - Principal,2022-12-28 01:00 AM,2022,12,28,01,16.6,60,Moderate,20.1,UG/M3,1 Hr,Valid
Banja Luka,PM2.5 - Principal,2022-12-28 02:00 AM,2022,12,28,02,23.3,75,Moderate,30.0,UG/M3,1 Hr,Valid
Banja Luka,PM2.5 - Principal,2022-12-28 03:00 AM,2022,12,28,03,28.3,85,Moderate,33.3,UG/M3,1 Hr,Valid
Banja Luka,PM2.5 - Principal,2022-12-28 04:00 AM,2022,12,28,04,25.6,79,Moderate,23.0,UG/M3,1 Hr,Valid
Banja Luka,PM2.5 - Principal,2022-12-28 05:00 AM,2022,12,28,05,26.6,81,Moderate,27.5,UG/M3,1 Hr,Valid
Banja Luka,PM2.5 - Principal,2022-12-28 06:00 AM,2022,12,28,06,25.3,79,Moderate,24.1,UG/M3,1 Hr,Valid
Banja Luka,PM2.5 - Principal,2022-12-28 07:00 AM,2022,12,28,07,28.1,85,Moderate,30.8,UG/M3,1 Hr,Valid
Banja Luka,PM2.5 - Principal,2022-12-28 08:00 AM,2022,12,28,08,37.9,107,Unhealthy for Sensitive Groups,47.7,UG/M3,1 Hr,Valid
Banja Luka,PM2.5 - Principal,2022-12-28 09:00 AM,2022,12,28,09,70.2,159,Unhealthy,102.4,UG/M3,1 Hr,Valid
Banja Luka,PM2.5 - Principal,2022-12-28 10:00 AM,2022,12,28,10,48.7,134,Unhealthy for Sensitive Groups,27.3,UG/M3,1 Hr,Valid
Banja Luka,PM2.5 - Principal,2022-12-28 11:00 AM,2022,12,28,11,38.9,109,Unhealthy for Sensitive Groups,29.1,UG/M3,1 Hr,Valid
Banja Luka,PM2.5 - Principal,2022-12-28 12:00 PM,2022,12,28,12,43.0,119,Unhealthy for Sensitive Groups,47.2,UG/M3,1 Hr,Valid
Banja Luka,PM2.5 - Principal,2022-12-28 01:00 PM,2022,12,28,13,58.1,152,Unhealthy,73.2,UG/M3,1 Hr,Valid
Banja Luka,PM2.5 - Principal,2022-12-28 02:00 PM,2022,12,28,14,50.8,139,Unhealthy for Sensitive Groups,43.6,UG/M3,1 Hr,Valid
Banja Luka,PM2.5 - Principal,2022-12-28 03:00 PM,2022,12,28,15,44.9,124,Unhealthy for Sensitive Groups,38.9,UG/M3,1 Hr,Valid
Banja Luka,PM2.5 - Principal,2022-12-28 04:00 PM,2022,12,28,16,39.2,110,Unhealthy for Sensitive Groups,33.6,UG/M3,1 Hr,Valid
Banja Luka,PM2.5 - Principal,2022-12-28 05:00 PM,2022,12,28,17,87.2,167,Unhealthy,135.2,UG/M3,1 Hr,Valid
Banja Luka,PM2.5 - Principal,2022-12-28 06:00 PM,2022,12,28,18,137.8,193,Unhealthy,188.3,UG/M3,1 Hr,Valid
Banja Luka,PM2.5 - Principal,2022-12-28 07:00 PM,2022,12,28,19,169.2,220,Very Unhealthy,200.7,UG/M3,1 Hr,Valid
Banja Luka,PM2.5 - Principal,2022-12-28 08:00 PM,2022,12,28,20,200.1,250,Very Unhealthy,231.0,UG/M3,1 Hr,Valid
Banja Luka,PM2.5 - Principal,2022-12-28 09:00 PM,2022,12,28,21,219.3,269,Very Unhealthy,238.5,UG/M3,1 Hr,Valid
Banja Luka,PM2.5 - Principal,2022-12-28 10:00 PM,2022,12,28,22,237.1,287,Very Unhealthy,254.7,UG/M3,1 Hr,Valid
Banja Luka,PM2.5 - Principal,2022-12-28 11:00 PM,2022,12,28,23,269.0,319,Hazardous,300.9,UG/M3,1 Hr,Valid
Banja Luka,PM2.5 - Principal,2022-12-29 12:00 AM,2022,12,29,00,211.6,262,Very Unhealthy,154.1,UG/M3,1 Hr,Valid
Banja Luka,PM2.5 - Principal,2022-12-29 01:00 AM,2022,12,29,01,178.8,229,Very Unhealthy,146.1,UG/M3,1 Hr,Valid
Banja Luka,PM2.5 - Principal,2022-12-29 02:00 AM,2022,12,29,02,187.9,238,Very Unhealthy,196.8,UG/M3,1 Hr,Valid
Banja Luka,PM2.5 - Principal,2022-12-29 03:00 AM,2022,12,29,03,188.2,238,Very Unhealthy,188.6,UG/M3,1 Hr,Valid
Banja Luka,PM2.5 - Principal,2022-12-29 04:00 AM,2022,12,29,04,163.2,214,Very Unhealthy,138.1,UG/M3,1 Hr,Valid
Banja Luka,PM2.5 - Principal,2022-12-29 05:00 AM,2022,12,29,05,129.0,189,Unhealthy,94.8,UG/M3,1 Hr,Valid
Banja Luka,PM2.5 - Principal,2022-12-29 06:00 AM,2022,12,29,06,97.9,173,Unhealthy,66.9,UG/M3,1 Hr,Valid
Banja Luka,PM2.5 - Principal,2022-12-29 07:00 AM,2022,12,29,07,79.3,163,Unhealthy,60.7,UG/M3,1 Hr,Valid
Banja Luka,PM2.5 - Principal,2022-12-29 08:00 AM,2022,12,29,08,75.3,161,Unhealthy,71.4,UG/M3,1 Hr,Valid
Banja Luka,PM2.5 - Principal,2022-12-29 09:00 AM,2022,12,29,09,86.5,167,Unhealthy,97.6,UG/M3,1 Hr,Valid
Banja Luka,PM2.5 - Principal,2022-12-29 10:00 AM,2022,12,29,10,108.9,179,Unhealthy,131.4,UG/M3,1 Hr,Valid
Banja Luka,PM2.5 - Principal,2022-12-29 11:00 AM,2022,12,29,11,108.7,178,Unhealthy,108.6,UG/M3,1 Hr,Valid
Banja Luka,PM2.5 - Principal,2022-12-29 12:00 PM,2022,12,29,12,57.6,152,Unhealthy,6.5,UG/M3,1 Hr,Valid
Banja Luka,PM2.5 - Principal,2022-12-29 01:00 PM,2022,12,29,13,31.0,91,Moderate,4.6,UG/M3,1 Hr,Valid
Banja Luka,PM2.5 - Principal,2022-12-29 02:00 PM,2022,12,29,14,18.1,64,Moderate,5.3,UG/M3,1 Hr,Valid
Banja Luka,PM2.5 - Principal,2022-12-29 03:00 PM,2022,12,29,15,11.9,50,Good,5.8,UG/M3,1 Hr,Valid
Banja Luka,PM2.5 - Principal,2022-12-29 04:00 PM,2022,12,29,16,9.1,38,Good,6.2,UG/M3,1 Hr,Valid
Banja Luka,PM2.5 - Principal,2022-12-29 05:00 PM,2022,12,29,17,8.2,34,Good,7.3,UG/M3,1 Hr,Valid
Banja Luka,PM2.5 - Principal,2022-12-29 06:00 PM,2022,12,29,18,8.4,35,Good,8.7,UG/M3,1 Hr,Valid
Banja Luka,PM2.5 - Principal,2022-12-29 07:00 PM,2022,12,29,19,8.1,34,Good,7.8,UG/M3,1 Hr,Valid
Banja Luka,PM2.5 - Principal,2022-12-29 08:00 PM,2022,12,29,20,6.8,28,Good,5.5,UG/M3,1 Hr,Valid
Banja Luka,PM2.5 - Principal,2022-12-29 09:00 PM,2022,12,29,21,5.8,24,Good,4.8,UG/M3,1 Hr,Valid
Banja Luka,PM2.5 - Principal,2022-12-29 10:00 PM,2022,12,29,22,5.9,25,Good,6.0,UG/M3,1 Hr,Valid
Banja Luka,PM2.5 - Principal,2022-12-29 11:00 PM,2022,12,29,23,5.1,21,Good,4.4,UG/M3,1 Hr,Valid
Banja Luka,PM2.5 - Principal,2022-12-30 12:00 AM,2022,12,30,00,4.9,20,Good,4.6,UG/M3,1 Hr,Valid
Banja Luka,PM2.5 - Principal,2022-12-30 01:00 AM,2022,12,30,01,4.9,20,Good,4.9,UG/M3,1 Hr,Valid
Banja Luka,PM2.5 - Principal,2022-12-30 02:00 AM,2022,12,30,02,4.7,20,Good,4.5,UG/M3,1 Hr,Valid
Banja Luka,PM2.5 - Principal,2022-12-30 03:00 AM,2022,12,30,03,4.8,20,Good,4.8,UG/M3,1 Hr,Valid
Banja Luka,PM2.5 - Principal,2022-12-30 04:00 AM,2022,12,30,04,4.8,20,Good,4.9,UG/M3,1 Hr,Valid
Banja Luka,PM2.5 - Principal,2022-12-30 05:00 AM,2022,12,30,05,4.7,20,Good,4.6,UG/M3,1 Hr,Valid
Banja Luka,PM2.5 - Principal,2022-12-30 06:00 AM,2022,12,30,06,4.6,19,Good,4.4,UG/M3,1 Hr,Valid
Banja Luka,PM2.5 - Principal,2022-12-30 07:00 AM,2022,12,30,07,4.7,20,Good,4.7,UG/M3,1 Hr,Valid
Banja Luka,PM2.5 - Principal,2022-12-30 08:00 AM,2022,12,30,08,4.8,20,Good,5.2,UG/M3,1 Hr,Valid
Banja Luka,PM2.5 - Principal,2022-12-30 09:00 AM,2022,12,30,09,5.3,22,Good,6.4,UG/M3,1 Hr,Valid
Banja Luka,PM2.5 - Principal,2022-12-30 10:00 AM,2022,12,30,10,6.1,25,Good,7.2,UG/M3,1 Hr,Valid
Banja Luka,PM2.5 - Principal,2022-12-30 11:00 AM,2022,12,30,11,7.7,32,Good,8.9,UG/M3,1 Hr,Valid
Banja Luka,PM2.5 - Principal,2022-12-30 12:00 PM,2022,12,30,12,7.5,31,Good,7.4,UG/M3,1 Hr,Valid
Banja Luka,PM2.5 - Principal,2022-12-30 01:00 PM,2022,12,30,13,7.8,33,Good,8.0,UG/M3,1 Hr,Valid
Banja Luka,PM2.5 - Principal,2022-12-30 02:00 PM,2022,12,30,14,8.3,35,Good,8.8,UG/M3,1 Hr,Valid
Banja Luka,PM2.5 - Principal,2022-12-30 03:00 PM,2022,12,30,15,8.3,35,Good,8.3,UG/M3,1 Hr,Valid
Banja Luka,PM2.5 - Principal,2022-12-30 04:00 PM,2022,12,30,16,12.5,52,Moderate,16.6,UG/M3,1 Hr,Valid
Banja Luka,PM2.5 - Principal,2022-12-30 05:00 PM,2022,12,30,17,17.5,62,Moderate,22.6,UG/M3,1 Hr,Valid
Banja Luka,PM2.5 - Principal,2022-12-30 06:00 PM,2022,12,30,18,30.4,89,Moderate,43.3,UG/M3,1 Hr,Valid
Banja Luka,PM2.5 - Principal,2022-12-30 07:00 PM,2022,12,30,19,31.5,92,Moderate,32.6,UG/M3,1 Hr,Valid
Banja Luka,PM2.5 - Principal,2022-12-30 08:00 PM,2022,12,30,20,23.7,75,Moderate,15.9,UG/M3,1 Hr,Valid
Banja Luka,PM2.5 - Principal,2022-12-30 09:00 PM,2022,12,30,21,17.8,63,Moderate,11.9,UG/M3,1 Hr,Valid
Banja Luka,PM2.5 - Principal,2022-12-30 10:00 PM,2022,12,30,22,14.4,56,Moderate,11.1,UG/M3,1 Hr,Valid
Banja Luka,PM2.5 - Principal,2022-12-30 11:00 PM,2022,12,30,23,11.8,49,Good,9.1,UG/M3,1 Hr,Valid
Banja Luka,PM2.5 - Principal,2022-12-31 12:00 AM,2022,12,31,00,9.7,40,Good,7.7,UG/M3,1 Hr,Valid
Banja Luka,PM2.5 - Principal,2022-12-31 01:00 AM,2022,12,31,01,8.3,35,Good,6.8,UG/M3,1 Hr,Valid
Banja Luka,PM2.5 - Principal,2022-12-31 02:00 AM,2022,12,31,02,7.6,32,Good,6.9,UG/M3,1 Hr,Valid
Banja Luka,PM2.5 - Principal,2022-12-31 03:00 AM,2022,12,31,03,7.3,30,Good,7.1,UG/M3,1 Hr,Valid
Banja Luka,PM2.5 - Principal,2022-12-31 04:00 AM,2022,12,31,04,7.2,30,Good,7.0,UG/M3,1 Hr,Valid
Banja Luka,PM2.5 - Principal,2022-12-31 05:00 AM,2022,12,31,05,7.1,30,Good,7.1,UG/M3,1 Hr,Valid
Banja Luka,PM2.5 - Principal,2022-12-31 06:00 AM,2022,12,31,06,7.1,30,Good,7.0,UG/M3,1 Hr,Valid
Banja Luka,PM2.5 - Principal,2022-12-31 07:00 AM,2022,12,31,07,7.3,30,Good,7.6,UG/M3,1 Hr,Valid
Banja Luka,PM2.5 - Principal,2022-12-31 08:00 AM,2022,12,31,08,7.5,31,Good,7.8,UG/M3,1 Hr,Valid
Banja Luka,PM2.5 - Principal,2022-12-31 09:00 AM,2022,12,31,09,16.6,60,Moderate,25.7,UG/M3,1 Hr,Valid
Banja Luka,PM2.5 - Principal,2022-12-31 10:00 AM,2022,12,31,10,29.9,88,Moderate,43.1,UG/M3,1 Hr,Valid
Banja Luka,PM2.5 - Principal,2022-12-31 11:00 AM,2022,12,31,11,32.2,93,Moderate,34.4,UG/M3,1 Hr,Valid
Banja Luka,PM2.5 - Principal,2022-12-31 12:00 PM,2022,12,31,12,23.9,76,Moderate,15.7,UG/M3,1 Hr,Valid
Banja Luka,PM2.5 - Principal,2022-12-31 01:00 PM,2022,12,31,13,14.7,56,Moderate,5.4,UG/M3,1 Hr,Valid
Banja Luka,PM2.5 - Principal,2022-12-31 02:00 PM,2022,12,31,14,10.0,42,Good,5.4,UG/M3,1 Hr,Valid
Banja Luka,PM2.5 - Principal,2022-12-31 03:00 PM,2022,12,31,15,10.3,43,Good,10.6,UG/M3,1 Hr,Valid
Banja Luka,PM2.5 - Principal,2022-12-31 04:00 PM,2022,12,31,16,13.4,54,Moderate,16.5,UG/M3,1 Hr,Valid
Banja Luka,PM2.5 - Principal,2022-12-31 05:00 PM,2022,12,31,17,63.6,155,Unhealthy,113.8,UG/M3,1 Hr,Valid
Banja Luka,PM2.5 - Principal,2022-12-31 06:00 PM,2022,12,31,18,102.0,175,Unhealthy,140.3,UG/M3,1 Hr,Valid
Banja Luka,PM2.5 - Principal,2022-12-31 07:00 PM,2022,12,31,19,111.3,180,Unhealthy,120.7,UG/M3,1 Hr,Valid
Banja Luka,PM2.5 - Principal,2022-12-31 08:00 PM,2022,12,31,20,80.4,164,Unhealthy,49.5,UG/M3,1 Hr,Valid
Banja Luka,PM2.5 - Principal,2022-12-31 09:00 PM,2022,12,31,21,45.3,125,Unhealthy for Sensitive Groups,10.1,UG/M3,1 Hr,Valid
Banja Luka,PM2.5 - Principal,2022-12-31 10:00 PM,2022,12,31,22,82.4,165,Unhealthy,119.5,UG/M3,1 Hr,Valid
Banja Luka,PM2.5 - Principal,2022-12-31 11:00 PM,2022,12,31,23,108.2,178,Unhealthy,134.1,UG/M3,1 Hr,Valid
Banja Luka,PM2.5 - Principal,2023-01-01 12:00 AM,2023,01,01,00,119.2,184,Unhealthy,130.1,UG/M3,1 Hr,Valid
